平安银行|000001|-0.18|106439405|1145238912.00|-0.83|0.09|-1.48|10.80|10.73|10.83|10.66|106.44|10.82|146398771|1576590080.00|1|0.0000|0.0000|0.0000|0|10.82
万  科Ａ|000002|3.82|185307977|1284483328.00|-1.47|5.44|-2.65|7.06|6.70|7.17|6.62|185.31|6.80|142555014|962248256.00|1|0.0000|0.0000|0.0000|0|6.80
*ST国华|000004|2.54|7335400|61248520.00|-0.81|3.12|-9.93|8.88|8.59|8.93|7.80|7.34|8.66|6976800|60315632.00|1|0.0000|0.0000|0.0000|0|8.66
深振业Ａ|000006|3.68|68596713|386042336.00|-1.93|4.90|-9.81|5.92|5.60|5.99|5.15|68.60|5.71|75999008|438643488.00|1|0.0000|0.0000|0.0000|0|5.71
全新好|000007|2.42|6150000|32136134.00|-0.37|3.17|-9.31|5.50|5.35|5.54|4.87|6.15|5.37|6571465|35143988.00|1|0.0000|0.0000|0.0000|0|5.37
神州高铁|000008|5.09|267651338|751779008.00|-2.55|7.27|-2.55|2.89|2.68|2.95|2.68|267.65|2.75|228185615|617426240.00|1|0.0000|0.0000|0.0000|0|2.75
中国宝安|000009|1.33|26249318|196464608.00|-1.07|2.40|-3.46|7.61|7.43|7.69|7.25|26.25|7.51|31703903|235845248.00|1|0.0000|0.0000|0.0000|0|7.51
美丽生态|000010|2.92|31559100|72818560.00|-2.08|5.00|-10.00|2.47|2.35|2.52|2.16|31.56|2.40|32105518|77170024.00|1|0.0000|0.0000|0.0000|0|2.40
深物业A|000011|4.13|7001869|53078884.00|-0.93|4.53|-4.66|7.82|7.44|7.85|7.16|7.00|7.51|6483423|48728600.00|1|0.0000|0.0000|0.0000|0|7.51
南  玻Ａ|000012|0.63|16524291|77945512.00|-0.84|0.84|-2.73|4.79|4.72|4.80|4.63|16.52|4.76|29652996|140640256.00|1|0.0000|0.0000|0.0000|0|4.76
沙河股份|000014|2.47|7834479|71745032.00|-2.69|2.90|-7.84|9.54|9.06|9.58|8.58|7.83|9.31|9480704|88258128.00|1|0.0000|0.0000|0.0000|0|9.31
深康佳Ａ|000016|9.90|78435460|330447904.00|9.90|9.90|7.29|4.22|4.22|4.22|4.12|78.44|3.84|64865281|250477664.00|1|0.0000|0.0000|0.0000|0|3.84
深中华A|000017|0.91|22342201|118688400.00|-0.55|1.28|-9.49|5.53|5.45|5.55|4.96|22.34|5.48|19268864|105813744.00|1|0.0000|0.0000|0.0000|0|5.48
深粮控股|000019|-3.52|44700045|316900512.00|-2.71|0.14|-7.05|7.12|7.18|7.39|6.86|44.70|7.38|54613256|389683104.00|1|0.0000|0.0000|0.0000|0|7.38
深华发Ａ|000020|2.09|4854300|47421316.00|-2.49|2.79|-8.26|10.26|9.80|10.33|9.22|4.85|10.05|5540400|56007588.00|1|0.0000|0.0000|0.0000|0|10.05
深科技|000021|3.76|51499984|828019520.00|-2.38|4.70|-6.39|16.55|15.57|16.70|14.93|51.50|15.95|47231906|753513792.00|1|0.0000|0.0000|0.0000|0|15.95
特  力Ａ|000025|0.33|15347563|225906592.00|-2.50|1.31|-8.88|15.26|14.83|15.41|13.86|15.35|15.21|24615400|378171808.00|1|0.0000|0.0000|0.0000|0|15.21
飞亚达|000026|2.52|8541034|80655976.00|-0.95|3.36|-5.57|9.76|9.43|9.84|8.99|8.54|9.52|10325480|98937480.00|1|0.0000|0.0000|0.0000|0|9.52
深圳能源|000027|-0.49|24468694|148956448.00|-0.81|-0.32|-2.91|6.15|6.13|6.16|6.00|24.47|6.18|28137334|172147200.00|1|0.0000|0.0000|0.0000|0|6.18
国药一致|000028|-1.18|7015780|169599552.00|-1.50|-0.81|-2.84|24.33|24.25|24.42|23.92|7.02|24.62|8017577|195991600.00|1|0.0000|0.0000|0.0000|0|24.62
深深房Ａ|000029|4.97|6482844|87557672.00|-1.96|5.43|-3.47|13.93|13.01|13.99|12.81|6.48|13.27|6419135|84376024.00|1|0.0000|0.0000|0.0000|0|13.27
富奥股份|000030|0.82|24702123|118346504.00|-1.23|2.06|-6.38|4.90|4.80|4.96|4.55|24.70|4.86|32141426|157027168.00|1|0.0000|0.0000|0.0000|0|4.86
大悦城|000031|4.55|27563300|67480768.00|-1.65|5.37|-4.13|2.53|2.38|2.55|2.32|27.56|2.42|20714895|49829368.00|1|0.0000|0.0000|0.0000|0|2.42
深桑达Ａ|000032|6.14|43973992|874637824.00|-1.03|7.22|-6.45|20.57|19.18|20.78|18.13|43.97|19.38|48474398|940533760.00|1|0.0000|0.0000|0.0000|0|19.38
神州数码|000034|2.42|43574381|1475358592.00|-1.74|3.51|-6.76|34.72|33.31|35.09|31.61|43.57|33.90|52655807|1784492288.00|1|0.0000|0.0000|0.0000|0|33.90
中国天楹|000035|1.16|35121194|149483856.00|-0.93|1.86|-4.41|4.36|4.27|4.39|4.12|35.12|4.31|35401300|151911216.00|1|0.0000|0.0000|0.0000|0|4.31
华联控股|000036|5.23|36429502|119299224.00|-1.23|6.15|-6.77|3.42|3.21|3.45|3.03|36.43|3.25|38958088|127480664.00|1|0.0000|0.0000|0.0000|0|3.25
深南电A|000037|0.40|10577920|76790616.00|-1.87|1.07|-7.88|7.52|7.35|7.57|6.90|10.58|7.49|10224600|76792160.00|1|0.0000|0.0000|0.0000|0|7.49
中集集团|000039|1.49|72894011|534689152.00|-1.36|2.30|-4.61|7.49|7.28|7.55|7.04|72.89|7.38|95122153|698742912.00|1|0.0000|0.0000|0.0000|0|7.38
中洲控股|000042|1.99|13629600|82500016.00|0.17|2.32|-2.65|6.16|6.05|6.18|5.88|13.63|6.04|10151900|61071700.00|1|0.0000|0.0000|0.0000|0|6.04
深纺织Ａ|000045|0.22|15484501|138941264.00|-2.71|1.08|-8.99|9.25|8.98|9.33|8.40|15.48|9.23|23918020|222749392.00|1|0.0000|0.0000|0.0000|0|9.23
京基智农|000048|-1.52|16898451|282145312.00|-1.99|1.64|-7.66|16.85|16.77|17.39|15.80|16.90|17.11|22035037|368545984.00|1|0.0000|0.0000|0.0000|0|17.11
德赛电池|000049|0.00|8726368|167296368.00|-1.57|0.30|-7.65|19.75|19.44|19.81|18.24|8.73|19.75|9946491|197138928.00|1|0.0000|0.0000|0.0000|0|19.75
深天马Ａ|000050|1.13|29043580|203228448.00|-1.98|1.84|-5.37|7.16|6.94|7.21|6.70|29.04|7.08|33277076|234958784.00|1|0.0000|0.0000|0.0000|0|7.08
方大集团|000055|2.17|11771507|42768192.00|-1.36|2.72|-6.79|3.76|3.63|3.78|3.43|11.77|3.68|13832000|50919204.00|1|0.0000|0.0000|0.0000|0|3.68
皇庭国际|000056|1.63|103514975|306081792.00|-3.59|5.88|-10.13|3.11|2.95|3.24|2.75|103.51|3.06|83905400|252222560.00|1|0.0000|0.0000|0.0000|0|3.06
深 赛 格|000058|1.76|20344089|148527968.00|-2.30|2.84|-6.62|7.53|7.23|7.61|6.91|20.34|7.40|22174802|160304032.00|1|0.0000|0.0000|0.0000|0|7.40
华锦股份|000059|1.12|27563400|121225104.00|-1.56|2.68|-6.25|4.53|4.41|4.60|4.20|27.56|4.48|39772317|175277904.00|1|0.0000|0.0000|0.0000|0|4.48
中金岭南|000060|0.69|71203968|305575040.00|-1.15|1.15|-4.37|4.38|4.30|4.40|4.16|71.20|4.35|81556896|354227360.00|1|0.0000|0.0000|0.0000|0|4.35
农 产 品|000061|2.81|73276759|541172544.00|7.88|7.88|0.70|7.31|7.67|7.67|7.16|73.28|7.11|40622557|281404864.00|1|0.0000|0.0000|0.0000|0|7.11
深圳华强|000062|3.57|41422408|800037120.00|-1.56|8.04|-10.00|20.61|19.59|21.50|17.91|41.42|19.90|43367398|866379072.00|1|0.0000|0.0000|0.0000|0|19.90
中兴通讯|000063|1.98|147524382|4461632512.00|-2.80|2.77|-5.57|30.96|29.51|31.20|28.67|147.52|30.36|156880402|4798264320.00|1|0.0000|0.0000|0.0000|0|30.36
北方国际|000065|5.78|42628107|412530240.00|-2.00|7.77|-5.15|10.07|9.33|10.26|9.03|42.63|9.52|38589201|364883936.00|1|0.0000|0.0000|0.0000|0|9.52
中国长城|000066|10.01|332186696|5328848384.00|2.74|10.01|0.27|16.49|15.40|16.49|15.03|332.19|14.99|202996199|2839410688.00|1|0.0000|0.0000|0.0000|0|14.99
华控赛格|000068|2.58|22690400|69128088.00|-0.97|3.55|-7.74|3.18|3.07|3.21|2.86|22.69|3.10|22620231|71004896.00|1|0.0000|0.0000|0.0000|0|3.10
华侨城Ａ|000069|6.99|96431622|227197248.00|-1.31|7.86|-3.93|2.45|2.26|2.47|2.20|96.43|2.29|48348884|110051256.00|1|0.0000|0.0000|0.0000|0|2.29
特发信息|000070|-1.13|27427835|140914640.00|-1.89|-0.19|-4.91|5.24|5.20|5.29|5.04|27.43|5.30|11050010|58618052.00|1|0.0000|0.0000|0.0000|0|5.30
海王生物|000078|1.80|30951600|67180144.00|-0.45|1.80|-6.31|2.26|2.21|2.26|2.08|30.95|2.22|27125381|60169560.00|1|0.0000|0.0000|0.0000|0|2.22
盐 田 港|000088|4.59|26995554|124533256.00|-1.09|4.59|-2.84|4.79|4.53|4.79|4.45|27.00|4.58|22698150|102334424.00|1|0.0000|0.0000|0.0000|0|4.58
深圳机场|000089|1.88|16668304|106583696.00|-1.10|2.66|-2.50|6.51|6.32|6.56|6.23|16.67|6.39|19658933|125184976.00|1|0.0000|0.0000|0.0000|0|6.39
天健集团|000090|1.95|28764221|103121056.00|-0.84|2.51|-3.90|3.66|3.56|3.68|3.45|28.76|3.59|33759173|120754512.00|1|0.0000|0.0000|0.0000|0|3.59
广聚能源|000096|0.82|10782111|182963536.00|0.00|3.76|-6.10|17.18|17.04|17.68|16.00|10.78|17.04|17489672|288490848.00|1|0.0000|0.0000|0.0000|0|17.04
中信海直|000099|4.16|34691102|704778688.00|-0.99|4.80|-6.39|21.03|19.99|21.16|18.90|34.69|20.19|32971896|660910656.00|1|0.0000|0.0000|0.0000|0|20.19
TCL科技|000100|-0.26|431204507|1642994048.00|-1.04|0.78|-4.66|3.85|3.82|3.89|3.68|431.20|3.86|422449591|1632562048.00|1|0.0000|0.0000|0.0000|0|3.86
中成股份|000151|5.56|9443604|119102120.00|0.56|7.33|-5.15|13.11|12.49|13.33|11.78|9.44|12.42|9778578|120191560.00|1|0.0000|0.0000|0.0000|0|12.42
丰原药业|000153|0.54|17146587|92742928.00|-2.15|1.08|-7.35|5.61|5.46|5.64|5.17|17.15|5.58|20698293|116150752.00|1|0.0000|0.0000|0.0000|0|5.58
川能动力|000155|-0.98|33541182|332135616.00|-1.37|-0.39|-6.94|10.13|10.09|10.19|9.52|33.54|10.23|36064563|365764416.00|1|0.0000|0.0000|0.0000|0|10.23
华数传媒|000156|3.04|32761312|235894912.00|-1.80|3.73|-5.66|7.46|7.11|7.51|6.83|32.76|7.24|37009100|267284896.00|1|0.0000|0.0000|0.0000|0|7.24
中联重科|000157|3.31|79533787|558048512.00|-0.72|4.32|-2.74|7.17|6.89|7.24|6.75|79.53|6.94|74704912|513555840.00|1|0.0000|0.0000|0.0000|0|6.94
常山北明|000158|5.32|120621539|2247702784.00|-2.12|6.41|-9.77|19.40|18.03|19.60|16.62|120.62|18.42|95384348|1751538944.00|1|0.0000|0.0000|0.0000|0|18.42
国际实业|000159|5.47|16818700|76253424.00|-1.97|5.91|-7.88|4.82|4.48|4.84|4.21|16.82|4.57|18799835|87185592.00|1|0.0000|0.0000|0.0000|0|4.57
申万宏源|000166|1.09|117806940|541302464.00|-0.44|1.75|-1.31|4.63|4.56|4.66|4.52|117.81|4.58|135356807|614991488.00|1|0.0000|0.0000|0.0000|0|4.58
东方盛虹|000301|2.30|19608402|155659568.00|-1.15|3.19|-2.43|8.01|7.74|8.08|7.64|19.61|7.83|23938781|184410912.00|1|0.0000|0.0000|0.0000|0|7.83
美的集团|000333|-0.80|57883954|4027838464.00|-1.48|0.38|-2.58|69.67|69.19|70.50|68.42|57.88|70.23|74473332|5151771648.00|1|0.0000|0.0000|0.0000|0|70.23
潍柴动力|000338|1.29|73816411|1083905408.00|-0.95|1.90|-2.72|14.89|14.56|14.98|14.30|73.82|14.70|87875978|1278301312.00|1|0.0000|0.0000|0.0000|0|14.70
许继电气|000400|0.85|25368389|627124160.00|-0.40|1.53|-3.06|25.01|24.70|25.18|24.04|25.37|24.80|38315911|926396608.00|1|0.0000|0.0000|0.0000|0|24.80
金隅冀东|000401|1.87|19900303|95032400.00|-0.63|2.08|-2.92|4.89|4.77|4.90|4.66|19.90|4.80|21619597|102529464.00|1|0.0000|0.0000|0.0000|0|4.80
金 融 街|000402|5.45|51163127|133878312.00|-1.17|7.78|-5.84|2.71|2.54|2.77|2.42|51.16|2.57|36172997|92309384.00|1|0.0000|0.0000|0.0000|0|2.57
派林生物|000403|-1.84|51690768|1298841600.00|-2.15|0.70|-4.58|25.08|25.00|25.73|24.38|51.69|25.55|72902050|1778283520.00|1|0.0000|0.0000|0.0000|0|25.55
长虹华意|000404|0.00|34056322|204344688.00|-2.28|1.14|-6.51|6.14|6.00|6.21|5.74|34.06|6.14|42256534|263474592.00|1|0.0000|0.0000|0.0000|0|6.14
胜利股份|000407|0.68|18485098|53517012.00|-1.01|1.35|-6.76|2.98|2.93|3.00|2.76|18.49|2.96|19960592|59293004.00|1|0.0000|0.0000|0.0000|0|2.96
藏格矿业|000408|2.51|19847575|637705216.00|-1.61|3.04|-3.76|33.02|31.69|33.19|31.00|19.85|32.21|21637470|692966528.00|1|0.0000|0.0000|0.0000|0|32.21
云鼎科技|000409|4.67|51299427|506891200.00|-2.54|6.09|-8.53|10.31|9.60|10.45|9.01|51.30|9.85|46899322|460791872.00|1|0.0000|0.0000|0.0000|0|9.85
沈阳机床|000410|0.61|28698763|182563696.00|-1.53|1.22|-8.10|6.58|6.44|6.62|6.01|28.70|6.54|24566563|160337200.00|1|0.0000|0.0000|0.0000|0|6.54
英特集团|000411|2.65|6938667|67827888.00|-0.92|3.37|-4.80|10.06|9.71|10.13|9.33|6.94|9.80|5303314|51711020.00|1|0.0000|0.0000|0.0000|0|9.80
渤海租赁|000415|0.00|126167209|343680256.00|-1.43|0.71|-7.86|2.80|2.76|2.82|2.58|126.17|2.80|124811244|349680224.00|1|0.0000|0.0000|0.0000|0|2.80
合百集团|000417|1.47|35476801|190336992.00|-1.65|3.49|-6.79|5.53|5.36|5.64|5.08|35.48|5.45|33822737|180015008.00|1|0.0000|0.0000|0.0000|0|5.45
通程控股|000419|2.05|22296781|117256104.00|-2.05|2.99|-7.65|5.47|5.25|5.52|4.95|22.30|5.36|21478790|113622144.00|1|0.0000|0.0000|0.0000|0|5.36
吉林化纤|000420|0.90|64957013|212129232.00|-1.50|1.50|-7.78|3.37|3.29|3.39|3.08|64.96|3.34|65189659|217268304.00|1|0.0000|0.0000|0.0000|0|3.34
南京公用|000421|1.86|16367041|86747024.00|-1.30|2.60|-7.05|5.49|5.32|5.53|5.01|16.37|5.39|12717267|68586200.00|1|0.0000|0.0000|0.0000|0|5.39
湖北宜化|000422|-1.68|75624651|863908480.00|-1.93|-0.08|-8.65|11.71|11.68|11.90|10.88|75.62|11.91|84928696|997104192.00|1|0.0000|0.0000|0.0000|0|11.91
东阿阿胶|000423|1.54|7961998|487290912.00|-0.18|2.14|-1.87|62.03|60.98|62.40|59.95|7.96|61.09|8845796|539115584.00|1|0.0000|0.0000|0.0000|0|61.09
徐工机械|000425|4.57|141465924|1176350336.00|-0.49|5.31|-1.48|8.47|8.06|8.53|7.98|141.47|8.10|155564790|1244584448.00|1|0.0000|0.0000|0.0000|0|8.10
兴业银锡|000426|-0.27|50478866|537083968.00|-4.60|0.00|-9.38|11.06|10.58|11.09|10.05|50.48|11.09|81414408|904943232.00|1|0.0000|0.0000|0.0000|0|11.09
华天酒店|000428|2.98|38165142|112915848.00|-0.66|3.31|-9.60|3.11|3.00|3.12|2.73|38.17|3.02|25858091|78594200.00|1|0.0000|0.0000|0.0000|0|3.02
粤高速Ａ|000429|0.66|9202827|125005240.00|0.00|0.66|-2.56|13.78|13.69|13.78|13.34|9.20|13.69|15148407|205954704.00|1|0.0000|0.0000|0.0000|0|13.69
*ST张股|000430|-2.19|54251707|418167872.00|-2.68|0.12|-9.98|8.04|8.00|8.23|7.40|54.25|8.22|50980590|416708416.00|1|0.0000|0.0000|0.0000|0|8.22
ST晨鸣|000488|0.00|43169473|73028968.00|-2.30|0.57|-5.17|1.74|1.70|1.75|1.65|43.17|1.74|43249728|75520264.00|1|0.0000|0.0000|0.0000|0|1.74
山东路桥|000498|0.90|16612700|91027032.00|-1.45|1.45|-3.25|5.58|5.45|5.61|5.35|16.61|5.53|20587148|113349856.00|1|0.0000|0.0000|0.0000|0|5.53
武商集团|000501|1.59|99902882|1020930880.00|-0.30|10.01|-5.35|10.25|10.06|11.10|9.55|99.90|10.09|72652811|705502272.00|1|0.0000|0.0000|0.0000|0|10.09
国新健康|000503|-1.33|39042487|394078176.00|-1.14|0.00|-9.63|10.35|10.37|10.49|9.48|39.04|10.49|43319755|450906560.00|1|0.0000|0.0000|0.0000|0|10.49
*ST生物|000504|3.08|9961942|80268456.00|-1.48|4.19|-9.48|8.37|8.00|8.46|7.35|9.96|8.12|12747434|105020416.00|1|0.0000|0.0000|0.0000|0|8.12
京粮控股|000505|-2.46|54017818|365782272.00|-3.33|3.33|-5.93|6.74|6.68|7.14|6.50|54.02|6.91|57999672|386042976.00|1|0.0000|0.0000|0.0000|0|6.91
招金黄金|000506|-0.58|33532752|166827024.00|-5.06|1.17|-5.06|5.11|4.88|5.20|4.88|33.53|5.14|8821400|45341996.00|1|0.0000|0.0000|0.0000|0|5.14
珠海港|000507|9.92|62689795|322292416.00|-1.01|9.92|-3.04|5.43|4.89|5.43|4.79|62.69|4.94|31537333|152855808.00|1|0.0000|0.0000|0.0000|0|4.94
华塑控股|000509|1.08|17369800|47013812.00|-3.60|1.80|-7.91|2.81|2.68|2.83|2.56|17.37|2.78|24074633|66161224.00|1|0.0000|0.0000|0.0000|0|2.78
新金路|000510|0.28|29348500|101104624.00|-1.40|1.12|-8.96|3.58|3.52|3.61|3.25|29.35|3.57|24160947|87153576.00|1|0.0000|0.0000|0.0000|0|3.57
丽珠集团|000513|-0.03|6965452|235440528.00|-1.26|0.29|-2.72|34.12|33.70|34.23|33.20|6.97|34.13|8639559|294667616.00|1|0.0000|0.0000|0.0000|0|34.13
渝 开 发|000514|4.83|21622251|76624056.00|-1.14|5.68|-6.25|3.69|3.48|3.72|3.30|21.62|3.52|16557105|57535112.00|1|0.0000|0.0000|0.0000|0|3.52
国际医学|000516|2.77|38321355|194309344.00|-0.99|2.97|-4.95|5.19|5.00|5.20|4.80|38.32|5.05|37684071|189518208.00|1|0.0000|0.0000|0.0000|0|5.05
荣安地产|000517|2.81|39833467|70041848.00|-1.69|3.93|-6.18|1.83|1.75|1.85|1.67|39.83|1.78|35330663|62367792.00|1|0.0000|0.0000|0.0000|0|1.78
*ST四环|000518|-1.41|59764661|119562352.00|-1.41|-0.47|-9.86|2.10|2.10|2.12|1.92|59.76|2.13|75980672|162200048.00|1|0.0000|0.0000|0.0000|0|2.13
中兵红箭|000519|10.01|63953574|1068589952.00|-0.13|10.01|-0.45|17.15|15.57|17.15|15.52|63.95|15.59|33783952|527116224.00|1|0.0000|0.0000|0.0000|0|15.59
凤凰航运|000520|5.50|40503473|154072928.00|-1.31|6.81|-9.95|4.03|3.77|4.08|3.44|40.50|3.82|31634639|121346064.00|1|0.0000|0.0000|0.0000|0|3.82
长虹美菱|000521|2.03|31066966|209662928.00|-2.03|2.18|-7.27|7.02|6.74|7.03|6.38|31.07|6.88|34587355|239560048.00|1|0.0000|0.0000|0.0000|0|6.88
红棉股份|000523|2.17|48039619|152150704.00|-1.86|3.11|-6.52|3.29|3.16|3.32|3.01|48.04|3.22|45058625|143105744.00|1|0.0000|0.0000|0.0000|0|3.22
岭南控股|000524|1.06|78418908|996341248.00|-4.69|6.66|-9.98|13.36|12.60|14.10|11.90|78.42|13.22|81725574|1046225856.00|1|0.0000|0.0000|0.0000|0|13.22
红太阳|000525|1.01|32063399|186689424.00|-2.87|2.20|-5.07|5.98|5.75|6.05|5.62|32.06|5.92|31317663|185993424.00|1|0.0000|0.0000|0.0000|0|5.92
学大教育|000526|0.53|2973300|150720352.00|-1.72|1.40|-4.43|51.55|50.40|52.00|49.01|2.97|51.28|3065400|154437984.00|1|0.0000|0.0000|0.0000|0|51.28
柳    工|000528|1.49|57302892|569574784.00|-2.09|3.29|-6.37|10.19|9.83|10.37|9.40|57.30|10.04|50439228|504175328.00|1|0.0000|0.0000|0.0000|0|10.04
广弘控股|000529|2.46|29332688|179560496.00|-0.49|3.28|-4.43|6.24|6.06|6.29|5.82|29.33|6.09|21829968|130091840.00|1|0.0000|0.0000|0.0000|0|6.09
冰山冷热|000530|1.28|50211098|225684288.00|-2.99|1.92|-10.02|4.75|4.55|4.78|4.22|50.21|4.69|55085966|259605744.00|1|0.0000|0.0000|0.0000|0|4.69
穗恒运Ａ|000531|-0.70|14012220|77144856.00|-2.11|0.00|-6.68|5.65|5.57|5.69|5.31|14.01|5.69|12580220|71201504.00|1|0.0000|0.0000|0.0000|0|5.69
华金资本|000532|1.53|16915608|216608160.00|-2.22|2.29|-8.10|13.28|12.79|13.38|12.02|16.92|13.08|18884309|246250464.00|1|0.0000|0.0000|0.0000|0|13.08
顺钠股份|000533|3.14|58727889|293198080.00|-2.55|6.47|-10.00|5.26|4.97|5.43|4.59|58.73|5.10|58528600|302306496.00|1|0.0000|0.0000|0.0000|0|5.10
万泽股份|000534|4.74|14863500|208544848.00|-1.11|7.49|-3.56|14.13|13.34|14.50|13.01|14.86|13.49|11427562|153234656.00|1|0.0000|0.0000|0.0000|0|13.49
华映科技|000536|3.50|118668661|471374112.00|-1.00|4.75|-10.00|4.14|3.96|4.19|3.60|118.67|4.00|107196775|427751232.00|1|0.0000|0.0000|0.0000|0|4.00
中绿电|000537|0.49|19021116|154880000.00|-1.34|1.34|-2.92|8.25|8.10|8.32|7.97|19.02|8.21|19881712|162407664.00|1|0.0000|0.0000|0.0000|0|8.21
云南白药|000538|0.91|15772117|899271872.00|-0.63|1.23|-1.69|57.38|56.50|57.56|55.90|15.77|56.86|19921126|1115567360.00|1|0.0000|0.0000|0.0000|0|56.86
粤电力Ａ|000539|0.00|43967421|190641936.00|-1.36|0.23|-4.09|4.40|4.34|4.41|4.22|43.97|4.40|50258037|219854784.00|1|0.0000|0.0000|0.0000|0|4.40
佛山照明|000541|1.83|89992930|529658624.00|-1.99|2.99|-9.63|6.13|5.90|6.20|5.44|89.99|6.02|89196533|529298144.00|1|0.0000|0.0000|0.0000|0|6.02
皖能电力|000543|-1.50|54972105|394722560.00|-1.09|-0.82|-4.08|7.24|7.27|7.29|7.05|54.97|7.35|60236688|439366624.00|1|0.0000|0.0000|0.0000|0|7.35
中原环保|000544|0.38|8621390|67166776.00|-0.89|1.01|-3.68|7.92|7.82|7.97|7.60|8.62|7.89|9501477|74864776.00|1|0.0000|0.0000|0.0000|0|7.89
金浦钛业|000545|1.04|29190753|54589420.00|-1.56|2.08|-9.90|1.94|1.89|1.96|1.73|29.19|1.92|26847044|51891204.00|1|0.0000|0.0000|0.0000|0|1.92
金圆股份|000546|2.52|18444886|71959816.00|-1.26|2.77|-7.56|4.07|3.92|4.08|3.67|18.44|3.97|18303486|72546168.00|1|0.0000|0.0000|0.0000|0|3.97
航天发展|000547|4.72|38007398|256336336.00|-0.30|5.78|-2.28|6.88|6.55|6.95|6.42|38.01|6.57|21623401|141746736.00|1|0.0000|0.0000|0.0000|0|6.57
湖南投资|000548|3.72|16425423|74281640.00|-1.31|4.38|-8.10|4.74|4.51|4.77|4.20|16.43|4.57|15949754|73231704.00|1|0.0000|0.0000|0.0000|0|4.57
江铃汽车|000550|0.54|10286066|186064160.00|-0.32|0.86|-6.47|18.65|18.49|18.71|17.35|10.29|18.55|15252406|287250336.00|1|0.0000|0.0000|0.0000|0|18.55
创元科技|000551|0.96|15315992|155750272.00|-1.54|2.11|-8.74|10.51|10.25|10.63|9.50|15.32|10.41|21430525|223058832.00|1|0.0000|0.0000|0.0000|0|10.41
甘肃能化|000552|0.00|57240715|134737360.00|-0.84|0.42|-3.35|2.39|2.37|2.40|2.31|57.24|2.39|66694237|158351616.00|1|0.0000|0.0000|0.0000|0|2.39
安道麦A|000553|2.01|14778739|81177152.00|0.91|3.10|-3.10|5.59|5.53|5.65|5.31|14.78|5.48|10488270|56577688.00|1|0.0000|0.0000|0.0000|0|5.48
泰山石油|000554|1.68|19660700|103495272.00|-1.31|2.24|-6.54|5.44|5.28|5.47|5.00|19.66|5.35|24306220|129918408.00|1|0.0000|0.0000|0.0000|0|5.35
神州信息|000555|2.18|37668037|375587968.00|-1.79|3.08|-7.44|10.30|9.90|10.39|9.33|37.67|10.08|41645767|416448896.00|1|0.0000|0.0000|0.0000|0|10.08
西部创业|000557|6.82|29433401|155145760.00|-1.17|8.77|-3.90|5.48|5.07|5.58|4.93|29.43|5.13|25057788|125824192.00|1|0.0000|0.0000|0.0000|0|5.13
天府文旅|000558|-0.75|164989898|629571712.00|-2.76|0.00|-9.77|3.96|3.88|3.99|3.60|164.99|3.99|176959952|690917696.00|1|0.0000|0.0000|0.0000|0|3.99
万向钱潮|000559|-2.71|119783244|706750912.00|-3.83|-1.12|-10.05|6.10|6.03|6.20|5.64|119.78|6.27|121231889|779269632.00|1|0.0000|0.0000|0.0000|0|6.27
我爱我家|000560|6.08|270936675|816014592.00|-3.04|7.43|-6.76|3.14|2.87|3.18|2.76|270.94|2.96|212590735|623319680.00|1|0.0000|0.0000|0.0000|0|2.96
烽火电子|000561|5.00|20493849|145346672.00|-2.14|6.00|-6.00|7.35|6.85|7.42|6.58|20.49|7.00|14742825|101517880.00|1|0.0000|0.0000|0.0000|0|7.00
陕国投Ａ|000563|1.86|91512915|294411040.00|-0.93|2.17|-3.73|3.28|3.19|3.29|3.10|91.51|3.22|79379282|253435936.00|1|0.0000|0.0000|0.0000|0|3.22
供销大集|000564|4.21|1052638945|3087534080.00|1.75|5.96|-2.46|2.97|2.90|3.02|2.78|1052.64|2.85|583389572|1613372032.00|1|0.0000|0.0000|0.0000|0|2.85
渝三峡Ａ|000565|2.18|7683492|34553304.00|-0.87|3.05|-7.84|4.69|4.55|4.73|4.23|7.68|4.59|10655102|49470176.00|1|0.0000|0.0000|0.0000|0|4.59
海南海药|000566|0.48|23730700|95464408.00|-1.69|2.66|-9.18|4.16|4.07|4.25|3.76|23.73|4.14|23441490|93988608.00|1|0.0000|0.0000|0.0000|0|4.14
海德股份|000567|3.45|19159065|100071880.00|-1.34|4.21|-4.98|5.40|5.15|5.44|4.96|19.16|5.22|20522719|106611736.00|1|0.0000|0.0000|0.0000|0|5.22
泸州老窖|000568|2.07|12679511|1650133248.00|-1.12|2.71|-1.42|131.67|127.55|132.50|127.17|12.68|129.00|14687467|1872162304.00|1|0.0000|0.0000|0.0000|0|129.00
苏常柴Ａ|000570|0.20|22718353|110695584.00|-0.60|1.00|-8.17|5.03|4.99|5.07|4.61|22.72|5.02|23579818|118578968.00|1|0.0000|0.0000|0.0000|0|5.02
新大洲A|000571|4.43|31171910|112267216.00|-0.55|7.48|-9.14|3.77|3.59|3.88|3.28|31.17|3.61|31226516|114810768.00|1|0.0000|0.0000|0.0000|0|3.61
海马汽车|000572|4.18|58932419|195131520.00|-3.28|6.57|-9.25|3.49|3.24|3.57|3.04|58.93|3.35|60251024|203308368.00|1|0.0000|0.0000|0.0000|0|3.35
粤宏远Ａ|000573|2.06|54541155|208569520.00|0.26|3.60|-10.03|3.97|3.90|4.03|3.50|54.54|3.89|45018482|177319680.00|1|0.0000|0.0000|0.0000|0|3.89
甘化科工|000576|7.88|17204081|110689504.00|-0.96|9.32|-6.27|6.71|6.16|6.80|5.83|17.20|6.22|13762501|86429504.00|1|0.0000|0.0000|0.0000|0|6.22
威孚高科|000581|0.50|32714701|583867712.00|-1.71|1.38|-5.91|18.18|17.78|18.34|17.02|32.71|18.09|39587978|714368128.00|1|0.0000|0.0000|0.0000|0|18.09
北部湾港|000582|9.95|76265881|661640704.00|-0.95|9.95|-4.98|9.28|8.36|9.28|8.02|76.27|8.44|44539395|371632448.00|1|0.0000|0.0000|0.0000|0|8.44
汇源通信|000586|2.76|7906819|61076628.00|-2.64|3.27|-9.42|8.18|7.75|8.22|7.21|7.91|7.96|10738800|85618440.00|1|0.0000|0.0000|0.0000|0|7.96
贵州轮胎|000589|0.46|29753796|127339064.00|-1.15|0.69|-4.61|4.36|4.29|4.37|4.14|29.75|4.34|39275361|170332640.00|1|0.0000|0.0000|0.0000|0|4.34
古汉医药|000590|1.27|5120641|39393480.00|0.00|2.41|-8.48|8.00|7.90|8.09|7.23|5.12|7.90|4784301|37854456.00|1|0.0000|0.0000|0.0000|0|7.90
太阳能|000591|0.23|40317526|170133088.00|-0.47|0.70|-2.82|4.27|4.24|4.29|4.14|40.32|4.26|51763921|219844848.00|1|0.0000|0.0000|0.0000|0|4.26
平潭发展|000592|4.48|208000028|605868672.00|-1.72|5.52|-6.21|3.03|2.85|3.06|2.72|208.00|2.90|172292878|491691744.00|1|0.0000|0.0000|0.0000|0|2.90
德龙汇能|000593|3.99|11251100|53295508.00|-1.05|5.46|-6.51|4.95|4.71|5.02|4.45|11.25|4.76|13251300|63709044.00|1|0.0000|0.0000|0.0000|0|4.76
*ST宝实|000595|5.65|36977204|184184848.00|-1.61|9.88|-9.48|5.24|4.88|5.45|4.49|36.98|4.96|23854000|117026736.00|1|0.0000|0.0000|0.0000|0|4.96
古井贡酒|000596|3.61|3795771|664114368.00|-1.12|4.30|-1.86|178.29|170.15|179.48|168.88|3.80|172.08|3327427|560523712.00|1|0.0000|0.0000|0.0000|0|172.08
东北制药|000597|-0.39|50842034|249816320.00|-2.14|0.19|-9.94|5.11|5.02|5.14|4.62|50.84|5.13|57723643|293321056.00|1|0.0000|0.0000|0.0000|0|5.13
兴蓉环境|000598|-1.16|39092901|263969568.00|-1.16|-0.29|-3.20|6.79|6.79|6.85|6.65|39.09|6.87|37578351|257826240.00|1|0.0000|0.0000|0.0000|0|6.87
青岛双星|000599|-3.60|93367199|436996320.00|-5.20|-1.00|-10.00|4.82|4.74|4.95|4.50|93.37|5.00|104735021|493049760.00|1|0.0000|0.0000|0.0000|0|5.00
建投能源|000600|-2.56|69557253|390158400.00|-1.54|-0.34|-7.85|5.71|5.77|5.84|5.40|69.56|5.86|75285268|439840672.00|1|0.0000|0.0000|0.0000|0|5.86
韶能股份|000601|-3.67|123143751|629175936.00|-2.94|-1.83|-9.91|5.25|5.29|5.35|4.91|123.14|5.45|131415957|719414720.00|1|0.0000|0.0000|0.0000|0|5.45
盛达资源|000603|0.40|19444100|238641408.00|-3.20|1.44|-7.76|12.55|12.10|12.68|11.53|19.44|12.50|31998201|404392512.00|1|0.0000|0.0000|0.0000|0|12.50
渤海股份|000605|2.31|8585025|54378936.00|-1.23|2.78|-7.41|6.63|6.40|6.66|6.00|8.59|6.48|9527828|61645852.00|1|0.0000|0.0000|0.0000|0|6.48
华媒控股|000607|2.01|14876753|50829672.00|-1.15|2.87|-8.60|3.56|3.45|3.59|3.19|14.88|3.49|16858500|58830460.00|1|0.0000|0.0000|0.0000|0|3.49
*ST阳光|000608|2.80|42211504|58453536.00|-2.80|3.50|-9.79|1.47|1.39|1.48|1.29|42.21|1.43|33417878|48472536.00|1|0.0000|0.0000|0.0000|0|1.43
ST中迪|000609|-1.86|9505156|19681248.00|-2.33|-0.93|-5.12|2.11|2.10|2.13|2.04|9.51|2.15|3473501|7484127.00|1|0.0000|0.0000|0.0000|0|2.15
西安旅游|000610|2.26|26022806|329365536.00|-2.26|4.83|-8.03|13.12|12.54|13.45|11.80|26.02|12.83|18997153|242241744.00|1|0.0000|0.0000|0.0000|0|12.83
焦作万方|000612|0.63|45364875|278773280.00|-1.90|1.27|-8.39|6.36|6.20|6.40|5.79|45.36|6.32|53206611|338132032.00|1|0.0000|0.0000|0.0000|0|6.32
*ST美谷|000615|-4.19|26985741|92224960.00|-2.23|-2.23|-5.03|3.43|3.50|3.50|3.40|26.99|3.58|22192500|79784992.00|1|0.0000|0.0000|0.0000|0|3.58
中油资本|000617|9.95|293820301|1920469632.00|-0.82|9.95|-1.79|6.74|6.08|6.74|6.02|293.82|6.13|179742048|1075909760.00|1|0.0000|0.0000|0.0000|0|6.13
海螺新材|000619|3.36|12287963|61212208.00|-2.57|3.75|-7.91|5.23|4.93|5.25|4.66|12.29|5.06|13597700|69631224.00|1|0.0000|0.0000|0.0000|0|5.06
盈新发展|000620|1.27|81386386|126527264.00|-1.91|3.18|-6.37|1.59|1.54|1.62|1.47|81.39|1.57|88033744|134757920.00|1|0.0000|0.0000|0.0000|0|1.57
吉林敖东|000623|0.46|18067442|275296768.00|-1.37|1.17|-3.38|15.44|15.16|15.55|14.85|18.07|15.37|17589542|269461920.00|1|0.0000|0.0000|0.0000|0|15.37
长安汽车|000625|1.53|115032753|1344958848.00|-1.02|1.79|-3.58|11.92|11.62|11.95|11.32|115.03|11.74|104472183|1222387072.00|1|0.0000|0.0000|0.0000|0|11.74
远大控股|000626|4.86|9026384|42154084.00|-2.75|7.40|-8.03|4.96|4.60|5.08|4.35|9.03|4.73|7837224|36702016.00|1|0.0000|0.0000|0.0000|0|4.73
高新发展|000628|2.73|11097914|434370656.00|-2.48|3.60|-7.07|40.57|38.51|40.91|36.70|11.10|39.49|11739859|461743040.00|1|0.0000|0.0000|0.0000|0|39.49
钒钛股份|000629|2.34|96376838|245734640.00|-1.17|2.73|-4.69|2.62|2.53|2.63|2.44|96.38|2.56|108697981|277004288.00|1|0.0000|0.0000|0.0000|0|2.56
铜陵有色|000630|0.34|358841076|1037681600.00|-1.69|0.68|-4.75|2.96|2.90|2.97|2.81|358.84|2.95|397372621|1167407744.00|1|0.0000|0.0000|0.0000|0|2.95
顺发恒能|000631|4.69|20607094|53467436.00|-0.39|6.25|-5.08|2.68|2.55|2.72|2.43|20.61|2.56|15920397|40840692.00|1|0.0000|0.0000|0.0000|0|2.56
三木集团|000632|3.85|17923032|50481220.00|-3.50|4.55|-7.69|2.97|2.76|2.99|2.64|17.92|2.86|17988724|52026452.00|1|0.0000|0.0000|0.0000|0|2.86
合金投资|000633|5.50|33179539|145434960.00|0.69|6.88|-8.03|4.60|4.39|4.66|4.01|33.18|4.36|33249530|144178080.00|1|0.0000|0.0000|0.0000|0|4.36
英 力 特|000635|2.36|5208552|36992868.00|-1.25|3.06|-6.25|7.37|7.11|7.42|6.75|5.21|7.20|7019902|50636628.00|1|0.0000|0.0000|0.0000|0|7.20
风华高科|000636|1.21|19766106|243012112.00|-2.43|1.86|-5.17|12.52|12.07|12.60|11.73|19.77|12.37|23118277|287493472.00|1|0.0000|0.0000|0.0000|0|12.37
茂化实华|000637|1.61|9983459|30291882.00|-1.94|2.26|-7.42|3.15|3.04|3.17|2.87|9.98|3.10|10494000|32315646.00|1|0.0000|0.0000|0.0000|0|3.10
*ST万方|000638|1.68|25178302|115840888.00|-3.36|2.31|-9.66|4.84|4.60|4.87|4.30|25.18|4.76|23165200|106479784.00|1|0.0000|0.0000|0.0000|0|4.76
西王食品|000639|-2.54|73555095|196581376.00|-0.72|0.72|-8.33|2.69|2.74|2.78|2.53|73.56|2.76|69344991|185442032.00|1|0.0000|0.0000|0.0000|0|2.76
仁和药业|000650|0.57|23337399|122158432.00|-0.76|0.95|-3.40|5.32|5.25|5.34|5.11|23.34|5.29|26778742|141178336.00|1|0.0000|0.0000|0.0000|0|5.29
格力电器|000651|0.56|55132482|2462959872.00|-1.01|1.30|-1.77|44.87|44.17|45.20|43.83|55.13|44.62|75597337|3327610368.00|1|0.0000|0.0000|0.0000|0|44.62
泰达股份|000652|1.43|24816860|85885992.00|-0.86|2.01|-4.58|3.54|3.46|3.56|3.33|24.82|3.49|20205420|70463264.00|1|0.0000|0.0000|0.0000|0|3.49
金岭矿业|000655|5.54|19431405|119371824.00|3.19|5.87|-1.85|6.29|6.15|6.31|5.85|19.43|5.96|15343141|91364896.00|1|0.0000|0.0000|0.0000|0|5.96
*ST金科|000656|-0.82|149789163|178900000.00|-4.10|3.28|-4.92|1.21|1.17|1.26|1.16|149.79|1.22|67804300|82840344.00|1|0.0000|0.0000|0.0000|0|1.22
中钨高新|000657|0.89|24587027|218389424.00|-0.89|1.34|-4.79|9.06|8.90|9.10|8.55|24.59|8.98|33027963|293066752.00|1|0.0000|0.0000|0.0000|0|8.98
珠海中富|000659|3.26|28745082|78227424.00|-2.17|3.99|-7.97|2.85|2.70|2.87|2.54|28.75|2.76|32640400|90892792.00|1|0.0000|0.0000|0.0000|0|2.76
长春高新|000661|0.48|7390506|708469632.00|-1.76|0.93|-3.41|97.16|95.00|97.60|93.40|7.39|96.70|8025860|772236736.00|1|0.0000|0.0000|0.0000|0|96.70
永安林业|000663|6.88|10949996|57388252.00|-1.91|8.60|-6.12|5.59|5.13|5.68|4.91|10.95|5.23|8246100|42662368.00|1|0.0000|0.0000|0.0000|0|5.23
湖北广电|000665|2.30|73057096|313755168.00|-1.61|3.45|-9.20|4.45|4.28|4.50|3.95|73.06|4.35|67060508|289441152.00|1|0.0000|0.0000|0.0000|0|4.35
*ST荣控|000668|0.44|5573386|24221068.00|-2.44|1.56|-9.11|4.52|4.39|4.57|4.09|5.57|4.50|5242310|23936578.00|1|0.0000|0.0000|0.0000|0|4.50
ST金鸿|000669|-1.19|8867200|14518325.00|-1.79|0.60|-4.76|1.66|1.65|1.69|1.60|8.87|1.68|9502841|16076219.00|1|0.0000|0.0000|0.0000|0|1.68
盈方微|000670|3.35|39370086|210183728.00|-2.04|3.90|-10.04|5.56|5.27|5.59|4.84|39.37|5.38|32465706|176110016.00|1|0.0000|0.0000|0.0000|0|5.38
上峰水泥|000672|1.61|22263871|178045552.00|-0.99|2.97|-5.69|8.21|8.00|8.32|7.62|22.26|8.08|21921664|173345792.00|1|0.0000|0.0000|0.0000|0|8.08
智度股份|000676|1.55|39401794|271022208.00|-2.40|2.26|-9.46|7.19|6.91|7.24|6.41|39.40|7.08|37825713|268081472.00|1|0.0000|0.0000|0.0000|0|7.08
恒天海龙|000677|6.65|162220230|710851776.00|0.95|9.98|-3.80|4.49|4.25|4.63|4.05|162.22|4.21|65895723|262454208.00|1|0.0000|0.0000|0.0000|0|4.21
襄阳轴承|000678|9.66|91439123|995717632.00|-3.35|10.04|-7.27|11.47|10.11|11.51|9.70|91.44|10.46|60903838|625131328.00|1|0.0000|0.0000|0.0000|0|10.46
大连友谊|000679|0.31|36518517|226898656.00|-1.98|4.89|-9.92|6.57|6.42|6.87|5.90|36.52|6.55|37678714|243507776.00|1|0.0000|0.0000|0.0000|0|6.55
山推股份|000680|2.17|27928057|218165248.00|-1.79|3.32|-5.88|7.99|7.68|8.08|7.36|27.93|7.82|32014486|245512544.00|1|0.0000|0.0000|0.0000|0|7.82
视觉中国|000681|3.43|47915494|844539840.00|-2.98|4.61|-9.40|18.38|17.24|18.59|16.10|47.92|17.77|43649711|773380288.00|1|0.0000|0.0000|0.0000|0|17.77
东方电子|000682|1.21|23851050|216471168.00|-1.87|3.09|-4.19|9.18|8.90|9.35|8.69|23.85|9.07|25579230|229063616.00|1|0.0000|0.0000|0.0000|0|9.07
博源化工|000683|-1.74|52846309|266499904.00|-1.16|-1.16|-3.68|5.07|5.10|5.10|4.97|52.85|5.16|66637350|343837248.00|1|0.0000|0.0000|0.0000|0|5.16
中山公用|000685|0.12|15158506|126109032.00|-1.31|0.60|-2.62|8.41|8.29|8.45|8.18|15.16|8.40|22998518|193510544.00|1|0.0000|0.0000|0.0000|0|8.40
东北证券|000686|2.23|29942419|215761696.00|-0.84|3.35|-2.93|7.33|7.11|7.41|6.96|29.94|7.17|31471100|225760592.00|1|0.0000|0.0000|0.0000|0|7.17
国城矿业|000688|-0.10|9309547|92225848.00|-3.12|0.49|-7.80|10.24|9.93|10.30|9.45|9.31|10.25|10079692|103956112.00|1|0.0000|0.0000|0.0000|0|10.25
宝新能源|000690|-0.25|47104701|182614208.00|-0.76|0.25|-3.31|3.92|3.90|3.94|3.80|47.10|3.93|54662001|214456464.00|1|0.0000|0.0000|0.0000|0|3.93
*ST亚太|000691|1.63|19230232|45816120.00|-2.86|3.67|-9.80|2.49|2.38|2.54|2.21|19.23|2.45|26985123|66711880.00|1|0.0000|0.0000|0.0000|0|2.45
惠天热电|000692|0.67|13440236|38694264.00|-2.36|1.68|-7.07|2.99|2.90|3.02|2.76|13.44|2.97|12651584|37573056.00|1|0.0000|0.0000|0.0000|0|2.97
滨海能源|000695|2.75|4773800|41160808.00|-0.80|3.55|-7.90|8.97|8.66|9.04|8.04|4.77|8.73|5060300|44283480.00|1|0.0000|0.0000|0.0000|0|8.73
ST炼石|000697|10.01|8999015|68309576.00|4.86|10.01|3.72|7.69|7.33|7.69|7.25|9.00|6.99|14151100|99493624.00|1|0.0000|0.0000|0.0000|0|6.99
ST沈化|000698|2.03|15781686|45957776.00|-1.01|2.36|-7.77|3.02|2.93|3.03|2.73|15.78|2.96|23255019|69049576.00|1|0.0000|0.0000|0.0000|0|2.96
模塑科技|000700|0.96|38678059|234724128.00|-2.24|1.92|-9.13|6.30|6.10|6.36|5.67|38.68|6.24|57511709|363197120.00|1|0.0000|0.0000|0.0000|0|6.24
厦门信达|000701|5.39|25009078|102906192.00|-1.47|7.11|-9.07|4.30|4.02|4.37|3.71|25.01|4.08|21830200|89984696.00|1|0.0000|0.0000|0.0000|0|4.08
正虹科技|000702|2.72|20398400|136180240.00|0.76|4.83|-3.78|6.80|6.67|6.94|6.37|20.40|6.62|16707200|107019504.00|1|0.0000|0.0000|0.0000|0|6.62
恒逸石化|000703|-2.00|13860464|81445816.00|-1.33|-1.33|-2.83|5.88|5.92|5.92|5.83|13.86|6.00|28370837|166511552.00|1|0.0000|0.0000|0.0000|0|6.00
浙江震元|000705|0.67|10030200|72869760.00|-1.89|1.08|-5.80|7.46|7.27|7.49|6.98|10.03|7.41|9138629|67411888.00|1|0.0000|0.0000|0.0000|0|7.41
双环科技|000707|0.78|9535501|59830548.00|-1.41|1.41|-5.96|6.43|6.29|6.47|6.00|9.54|6.38|9452174|60031812.00|1|0.0000|0.0000|0.0000|0|6.38
中信特钢|000708|-4.96|47627091|541141888.00|-1.01|-1.01|-5.97|11.30|11.77|11.77|11.18|47.63|11.89|21498335|254157584.00|1|0.0000|0.0000|0.0000|0|11.89
河钢股份|000709|0.49|127382858|256081344.00|-0.49|0.98|-4.41|2.05|2.03|2.06|1.95|127.38|2.04|105599400|216411488.00|1|0.0000|0.0000|0.0000|0|2.04
贝瑞基因|000710|3.71|33626499|372628864.00|-4.51|5.04|-9.99|11.73|10.80|11.88|10.18|33.63|11.31|32944100|374473216.00|1|0.0000|0.0000|0.0000|0|11.31
ST京蓝|000711|1.81|38069340|63025352.00|-1.20|1.81|-2.41|1.69|1.64|1.69|1.62|38.07|1.66|48141400|79789888.00|1|0.0000|0.0000|0.0000|0|1.66
锦龙股份|000712|1.18|23547758|256212816.00|-2.00|2.09|-6.72|11.15|10.80|11.25|10.28|23.55|11.02|24406900|271727168.00|1|0.0000|0.0000|0.0000|0|11.02
国投丰乐|000713|-0.23|187477449|1728400512.00|4.73|10.02|-4.39|8.86|9.30|9.77|8.49|187.48|8.88|143522454|1203170944.00|1|0.0000|0.0000|0.0000|0|8.88
中兴商业|000715|-1.31|83532982|688848064.00|-3.58|7.17|-8.24|8.26|8.07|8.97|7.68|83.53|8.37|62249317|494758304.00|1|0.0000|0.0000|0.0000|0|8.37
黑芝麻|000716|0.16|70804709|446223648.00|1.10|4.08|-6.74|6.39|6.45|6.64|5.95|70.80|6.38|74020486|458120736.00|1|0.0000|0.0000|0.0000|0|6.38
中南股份|000717|1.29|49821000|113005528.00|-1.29|2.15|-7.73|2.36|2.30|2.38|2.15|49.82|2.33|49530010|115114528.00|1|0.0000|0.0000|0.0000|0|2.33
苏宁环球|000718|2.50|39865759|79070032.00|-1.00|3.50|-6.00|2.05|1.98|2.07|1.88|39.87|2.00|39768258|79260544.00|1|0.0000|0.0000|0.0000|0|2.00
中原传媒|000719|0.17|14857585|166837312.00|-0.70|0.44|-4.80|11.47|11.37|11.50|10.90|14.86|11.45|21367280|246714864.00|1|0.0000|0.0000|0.0000|0|11.45
新能泰山|000720|2.83|18673201|45306680.00|-0.81|3.64|-7.29|2.54|2.45|2.56|2.29|18.67|2.47|21739203|53843020.00|1|0.0000|0.0000|0.0000|0|2.47
西安饮食|000721|2.90|33641233|287624032.00|-1.28|5.10|-7.77|8.87|8.51|9.06|7.95|33.64|8.62|30380302|258825696.00|1|0.0000|0.0000|0.0000|0|8.62
湖南发展|000722|-5.17|85234944|1117660672.00|-4.10|5.24|-9.98|13.40|13.55|14.87|12.72|85.23|14.13|90457551|1288017792.00|1|0.0000|0.0000|0.0000|0|14.13
美锦能源|000723|1.22|70068279|284454016.00|-0.97|1.95|-5.84|4.16|4.07|4.19|3.87|70.07|4.11|66058109|271184704.00|1|0.0000|0.0000|0.0000|0|4.11
京东方Ａ|000725|-0.27|701812209|2599428864.00|-1.07|0.53|-2.67|3.73|3.70|3.76|3.64|701.81|3.74|714626460|2666295552.00|1|0.0000|0.0000|0.0000|0|3.74
鲁  泰Ａ|000726|0.55|10781169|57855132.00|-0.92|0.92|-4.23|5.47|5.39|5.49|5.21|10.78|5.44|12489373|68060824.00|1|0.0000|0.0000|0.0000|0|5.44
冠捷科技|000727|1.74|121500769|275430080.00|-1.30|2.61|-7.83|2.34|2.27|2.36|2.12|121.50|2.30|134854877|312225664.00|1|0.0000|0.0000|0.0000|0|2.30
国元证券|000728|1.54|55272048|396437664.00|-0.70|2.38|-2.66|7.26|7.10|7.32|6.96|55.27|7.15|51164899|364033920.00|1|0.0000|0.0000|0.0000|0|7.15
燕京啤酒|000729|1.71|40948803|528802880.00|-1.24|2.79|-3.26|13.12|12.74|13.26|12.48|40.95|12.90|47491386|605267648.00|1|0.0000|0.0000|0.0000|0|12.90
四川美丰|000731|0.87|14252328|96700392.00|-1.02|1.31|-3.93|6.93|6.80|6.96|6.60|14.25|6.87|15077400|102429040.00|1|0.0000|0.0000|0.0000|0|6.87
振华科技|000733|8.28|26954802|1558926720.00|-2.35|9.10|-2.46|59.50|53.66|59.95|53.60|26.95|54.95|20696030|1146783488.00|1|0.0000|0.0000|0.0000|0|54.95
罗 牛 山|000735|5.08|156201722|1040087360.00|0.92|9.71|-2.31|6.82|6.55|7.12|6.34|156.20|6.49|110364406|689602816.00|1|0.0000|0.0000|0.0000|0|6.49
*ST中地|000736|5.84|44859311|206981376.00|-2.60|7.14|-9.09|4.89|4.50|4.95|4.20|44.86|4.62|37596866|174013072.00|1|0.0000|0.0000|0.0000|0|4.62
北方铜业|000737|0.12|110229330|877318336.00|-4.38|1.09|-9.00|8.23|7.86|8.31|7.48|110.23|8.22|138007302|1138672512.00|1|0.0000|0.0000|0.0000|0|8.22
航发控制|000738|6.11|24034470|438559200.00|-0.63|7.60|-1.20|18.58|17.40|18.84|17.30|24.03|17.51|17239456|297505024.00|1|0.0000|0.0000|0.0000|0|17.51
普洛药业|000739|0.00|12095569|163400064.00|-1.66|0.51|-6.43|13.85|13.62|13.92|12.96|12.10|13.85|13690300|188668912.00|1|0.0000|0.0000|0.0000|0|13.85
国海证券|000750|1.90|112595674|414515680.00|-1.09|2.99|-4.08|3.75|3.64|3.79|3.53|112.60|3.68|104417965|382437568.00|1|0.0000|0.0000|0.0000|0|3.68
锌业股份|000751|1.53|23457697|59958900.00|-1.15|1.53|-6.13|2.65|2.58|2.65|2.45|23.46|2.61|28623645|74491568.00|1|0.0000|0.0000|0.0000|0|2.61
ST西发|000752|-0.27|2384200|17470126.00|-0.80|1.07|-4.55|7.45|7.41|7.55|7.13|2.38|7.47|3537810|26075634.00|1|0.0000|0.0000|0.0000|0|7.47
漳州发展|000753|2.14|126308565|627216000.00|-2.33|6.23|-9.92|5.25|5.02|5.46|4.63|126.31|5.14|103252359|524777952.00|1|0.0000|0.0000|0.0000|0|5.14
山西高速|000755|2.63|16133760|73148680.00|-1.53|3.06|-5.47|4.69|4.50|4.71|4.32|16.13|4.57|17824760|81072016.00|1|0.0000|0.0000|0.0000|0|4.57
新华制药|000756|-1.09|16052998|211152672.00|-2.12|-0.29|-8.69|13.55|13.41|13.66|12.51|16.05|13.70|15589390|212675168.00|1|0.0000|0.0000|0.0000|0|13.70
浩物股份|000757|4.70|24876645|78648048.00|-0.63|5.33|-8.46|3.34|3.17|3.36|2.92|24.88|3.19|25133000|81242768.00|1|0.0000|0.0000|0.0000|0|3.19
中色股份|000758|0.66|38709567|173398928.00|-1.54|1.10|-4.84|4.58|4.48|4.60|4.33|38.71|4.55|49216813|221267920.00|1|0.0000|0.0000|0.0000|0|4.55
中百集团|000759|10.01|138756065|1093236224.00|0.40|10.01|-1.71|8.35|7.62|8.35|7.46|138.76|7.59|81683258|603643584.00|1|0.0000|0.0000|0.0000|0|7.59
本钢板材|000761|2.40|23632931|77335024.00|-0.90|3.00|-6.91|3.41|3.30|3.43|3.10|23.63|3.33|22726346|75335240.00|1|0.0000|0.0000|0.0000|0|3.33
西藏矿业|000762|1.00|14543509|257431760.00|-1.00|1.55|-6.43|18.23|17.87|18.33|16.89|14.54|18.05|14402610|259338256.00|1|0.0000|0.0000|0.0000|0|18.05
通化金马|000766|1.31|31529065|525306432.00|-1.36|2.02|-7.06|17.07|16.62|17.19|15.66|31.53|16.85|27273339|457284800.00|1|0.0000|0.0000|0.0000|0|16.85
晋控电力|000767|0.81|40245842|97985312.00|-1.21|1.61|-5.24|2.50|2.45|2.52|2.35|40.25|2.48|43994700|109413504.00|1|0.0000|0.0000|0.0000|0|2.48
中航西飞|000768|3.96|40843793|944399424.00|-1.11|4.81|-1.38|23.35|22.21|23.54|22.15|40.84|22.46|28209064|625021632.00|1|0.0000|0.0000|0.0000|0|22.46
广发证券|000776|0.00|57861885|867567552.00|-1.72|0.80|-2.39|15.08|14.82|15.20|14.72|57.86|15.08|79746088|1182193920.00|1|0.0000|0.0000|0.0000|0|15.08
中核科技|000777|3.45|13851693|215517232.00|0.00|5.07|-5.66|15.90|15.37|16.15|14.50|13.85|15.37|15017259|231394112.00|1|0.0000|0.0000|0.0000|0|15.37
新兴铸管|000778|0.93|42340098|136258032.00|-0.93|1.23|-3.70|3.27|3.21|3.28|3.12|42.34|3.24|40162304|129843080.00|1|0.0000|0.0000|0.0000|0|3.24
甘咨询|000779|2.62|25159050|207870816.00|-2.03|3.10|-8.34|8.61|8.22|8.65|7.69|25.16|8.39|23020849|189902928.00|1|0.0000|0.0000|0.0000|0|8.39
恒申新材|000782|1.96|16516887|75007520.00|-1.09|3.04|-6.09|4.69|4.55|4.74|4.32|16.52|4.60|13934946|63657812.00|1|0.0000|0.0000|0.0000|0|4.60
长江证券|000783|1.54|54237419|319597088.00|-0.34|2.56|-2.22|5.95|5.84|6.01|5.73|54.24|5.86|55086207|322274048.00|1|0.0000|0.0000|0.0000|0|5.86
居然智家|000785|0.51|139956583|539704384.00|-2.28|4.81|-9.62|3.97|3.86|4.14|3.57|139.96|3.95|149973762|575332032.00|1|0.0000|0.0000|0.0000|0|3.95
北新建材|000786|4.78|23935224|705003776.00|-0.90|5.96|-2.29|30.24|28.60|30.58|28.20|23.94|28.86|19374671|559034240.00|1|0.0000|0.0000|0.0000|0|28.86
北大医药|000788|-0.37|20050863|103926328.00|-1.31|0.37|-8.40|5.34|5.29|5.38|4.91|20.05|5.36|21735000|116005808.00|1|0.0000|0.0000|0.0000|0|5.36
万年青|000789|2.24|10702259|52139436.00|-0.41|2.44|-4.88|5.03|4.90|5.04|4.68|10.70|4.92|10670280|52262556.00|1|0.0000|0.0000|0.0000|0|4.92
华神科技|000790|1.18|23259732|76641712.00|-2.65|2.06|-7.96|3.43|3.30|3.46|3.12|23.26|3.39|24145949|82000936.00|1|0.0000|0.0000|0.0000|0|3.39
甘肃能源|000791|0.60|60799587|399368288.00|-1.34|1.19|-5.51|6.76|6.63|6.80|6.35|60.80|6.72|68837774|457264192.00|1|0.0000|0.0000|0.0000|0|6.72
盐湖股份|000792|3.85|84582574|1348930688.00|0.19|5.00|-0.06|16.19|15.62|16.37|15.58|84.58|15.59|65205957|1002326400.00|1|0.0000|0.0000|0.0000|0|15.59
ST华闻|000793|-1.83|57157802|121043544.00|-3.20|-0.46|-5.02|2.15|2.12|2.18|2.08|57.16|2.19|29474900|64870368.00|1|0.0000|0.0000|0.0000|0|2.19
英洛华|000795|-0.35|106996673|1214085760.00|-2.97|3.06|-4.89|11.41|11.11|11.80|10.89|107.00|11.45|120856137|1322558976.00|1|0.0000|0.0000|0.0000|0|11.45
凯撒旅业|000796|9.92|135425237|511105856.00|-3.03|9.92|-9.09|3.99|3.52|3.99|3.30|135.43|3.63|72293850|258264576.00|1|0.0000|0.0000|0.0000|0|3.63
中国武夷|000797|2.28|47428556|124518896.00|-1.14|2.66|-4.56|2.69|2.60|2.70|2.51|47.43|2.63|36432522|94997592.00|1|0.0000|0.0000|0.0000|0|2.63
中水渔业|000798|2.74|20560600|144187328.00|0.14|3.90|-4.18|7.12|6.94|7.20|6.64|20.56|6.93|16517809|111303168.00|1|0.0000|0.0000|0.0000|0|6.93
酒鬼酒|000799|2.07|9239634|408606976.00|-1.16|2.95|-2.41|44.97|43.55|45.36|43.00|9.24|44.06|8271741|363553728.00|1|0.0000|0.0000|0.0000|0|44.06
一汽解放|000800|0.27|13977178|102501200.00|-0.95|0.68|-2.84|7.41|7.32|7.44|7.18|13.98|7.39|21570759|157813456.00|1|0.0000|0.0000|0.0000|0|7.39
四川九洲|000801|3.42|46698878|638733568.00|-2.47|4.29|-8.36|14.23|13.42|14.35|12.61|46.70|13.76|44700910|608473920.00|1|0.0000|0.0000|0.0000|0|13.76
北京文化|000802|2.68|20856804|84361696.00|-2.43|2.92|-8.52|4.22|4.01|4.23|3.76|20.86|4.11|17684113|71578352.00|1|0.0000|0.0000|0.0000|0|4.11
山高环能|000803|4.55|15290900|70774600.00|-0.87|6.49|-6.49|4.83|4.58|4.92|4.32|15.29|4.62|20500748|94804704.00|1|0.0000|0.0000|0.0000|0|4.62
云铝股份|000807|-2.65|81853451|1129886720.00|-3.48|-1.46|-6.20|13.98|13.86|14.15|13.47|81.85|14.36|112371173|1587552384.00|1|0.0000|0.0000|0.0000|0|14.36
和展能源|000809|1.69|12756710|36585080.00|-3.39|2.37|-5.08|3.00|2.85|3.02|2.80|12.76|2.95|10698794|31669624.00|1|0.0000|0.0000|0.0000|0|2.95
创维数字|000810|0.54|29358900|312772032.00|-2.91|1.73|-9.17|11.07|10.69|11.20|10.00|29.36|11.01|30012047|330901472.00|1|0.0000|0.0000|0.0000|0|11.01
冰轮环境|000811|0.85|17991650|185671696.00|-3.13|1.80|-7.41|10.62|10.20|10.72|9.75|17.99|10.53|25644267|269236640.00|1|0.0000|0.0000|0.0000|0|10.53
陕西金叶|000812|1.72|24500826|97998904.00|-1.72|2.21|-7.13|4.14|4.00|4.16|3.78|24.50|4.07|23365850|94359600.00|1|0.0000|0.0000|0.0000|0|4.07
德展健康|000813|2.98|53725791|160098096.00|-0.33|3.31|-7.62|3.11|3.01|3.12|2.79|53.73|3.02|47523058|143937904.00|1|0.0000|0.0000|0.0000|0|3.02
美利云|000815|10.00|53355645|598170048.00|3.96|10.00|0.85|11.66|11.02|11.66|10.69|53.36|10.60|57830764|610345536.00|1|0.0000|0.0000|0.0000|0|10.60
智慧农业|000816|9.94|238123581|818014656.00|3.73|9.94|1.86|3.54|3.34|3.54|3.28|238.12|3.22|72593926|231509264.00|1|0.0000|0.0000|0.0000|0|3.22
航锦科技|000818|2.62|55925872|1219448448.00|0.00|4.37|-5.85|22.29|21.72|22.67|20.45|55.93|21.72|64483075|1393552768.00|1|0.0000|0.0000|0.0000|0|21.72
岳阳兴长|000819|1.19|7434495|98128528.00|-2.02|2.09|-7.09|13.55|13.12|13.67|12.44|7.43|13.39|11334392|152962144.00|1|0.0000|0.0000|0.0000|0|13.39
*ST节能|000820|2.78|11961246|25224314.00|-2.78|3.70|-8.80|2.22|2.10|2.24|1.97|11.96|2.16|12309178|26578326.00|1|0.0000|0.0000|0.0000|0|2.16
京山轻机|000821|2.09|17695200|183389568.00|-1.14|2.56|-7.31|10.75|10.41|10.80|9.76|17.70|10.53|21363068|226179920.00|1|0.0000|0.0000|0.0000|0|10.53
山东海化|000822|5.08|130212127|841276288.00|0.00|5.24|-2.22|6.62|6.30|6.63|6.16|130.21|6.30|38683100|239934752.00|1|0.0000|0.0000|0.0000|0|6.30
超声电子|000823|0.94|24333344|202428160.00|-2.94|2.00|-8.24|8.58|8.25|8.67|7.80|24.33|8.50|33544393|289117344.00|1|0.0000|0.0000|0.0000|0|8.50
太钢不锈|000825|0.00|40213505|128788272.00|-0.93|0.62|-3.70|3.24|3.21|3.26|3.12|40.21|3.24|42413081|136432320.00|1|0.0000|0.0000|0.0000|0|3.24
启迪环境|000826|2.48|35840260|56270124.00|-1.24|3.11|-8.70|1.65|1.59|1.66|1.47|35.84|1.61|33407271|53986408.00|1|0.0000|0.0000|0.0000|0|1.61
东莞控股|000828|5.72|18741642|183715216.00|-1.77|6.13|-3.53|10.17|9.45|10.21|9.28|18.74|9.62|18676068|181246656.00|1|0.0000|0.0000|0.0000|0|9.62
天音控股|000829|1.66|34063607|301070912.00|-2.76|2.21|-9.17|9.20|8.80|9.25|8.22|34.06|9.05|39844331|364765312.00|1|0.0000|0.0000|0.0000|0|9.05
鲁西化工|000830|0.18|25449171|279956960.00|-0.99|0.27|-3.41|11.16|11.03|11.17|10.76|25.45|11.14|27835288|308110688.00|1|0.0000|0.0000|0.0000|0|11.14
中国稀土|000831|1.07|99122755|3474108672.00|-0.17|3.75|-2.37|35.03|34.60|35.96|33.84|99.12|34.66|99124976|3337925632.00|1|0.0000|0.0000|0.0000|0|34.66
粤桂股份|000833|9.98|47948150|511340352.00|4.94|9.98|0.79|11.13|10.62|11.13|10.20|47.95|10.12|34632282|345196128.00|1|0.0000|0.0000|0.0000|0|10.12
秦川机床|000837|0.09|115767455|1245584640.00|-5.79|3.03|-9.98|11.23|10.57|11.56|10.10|115.77|11.22|91098461|1033601408.00|1|0.0000|0.0000|0.0000|0|11.22
财信发展|000838|4.25|21740436|46330020.00|-0.94|5.66|-6.13|2.21|2.10|2.24|1.99|21.74|2.12|17380441|36831116.00|1|0.0000|0.0000|0.0000|0|2.12
国安股份|000839|2.02|58916463|144318208.00|-1.21|2.82|-6.85|2.53|2.45|2.55|2.31|58.92|2.48|55332888|136395328.00|1|0.0000|0.0000|0.0000|0|2.48
承德露露|000848|1.99|18850771|162259056.00|-0.93|2.57|-2.10|8.73|8.48|8.78|8.38|18.85|8.56|17631196|149327072.00|1|0.0000|0.0000|0.0000|0|8.56
华茂股份|000850|4.46|22249250|80076576.00|-1.67|4.74|-5.57|3.75|3.53|3.76|3.39|22.25|3.59|27362100|99753576.00|1|0.0000|0.0000|0.0000|0|3.59
石化机械|000852|1.67|51260130|303789568.00|-2.67|2.83|-7.83|6.10|5.84|6.17|5.53|51.26|6.00|59761295|355989600.00|1|0.0000|0.0000|0.0000|0|6.00
冀东装备|000856|4.26|19177801|168496400.00|-2.47|5.38|-9.64|9.30|8.70|9.40|8.06|19.18|8.92|18422491|164631936.00|1|0.0000|0.0000|0.0000|0|8.92
五 粮 液|000858|1.14|29699887|3910869760.00|-0.96|1.59|-1.08|132.25|129.50|132.84|129.35|29.70|130.76|33185668|4295611904.00|1|0.0000|0.0000|0.0000|0|130.76
国风新材|000859|5.28|204817792|1262222080.00|-0.68|10.05|-6.81|6.18|5.83|6.46|5.47|204.82|5.87|102290515|558884928.00|1|0.0000|0.0000|0.0000|0|5.87
顺鑫农业|000860|1.83|32225711|552540864.00|0.30|3.43|-2.25|17.22|16.96|17.49|16.53|32.23|16.91|30424676|499405280.00|1|0.0000|0.0000|0.0000|0|16.91
银星能源|000862|4.53|117581988|663990912.00|1.81|8.33|-2.17|5.77|5.62|5.98|5.40|117.58|5.52|40734396|222010896.00|1|0.0000|0.0000|0.0000|0|5.52
三湘印象|000863|3.35|28057740|92114416.00|-1.22|4.27|-5.79|3.39|3.24|3.42|3.09|28.06|3.28|25273517|82725048.00|1|0.0000|0.0000|0.0000|0|3.28
安凯客车|000868|1.33|38671620|197145840.00|-3.04|2.28|-9.89|5.33|5.10|5.38|4.74|38.67|5.26|45769220|241085536.00|1|0.0000|0.0000|0.0000|0|5.26
张  裕Ａ|000869|0.65|2387800|51466600.00|-0.46|1.24|-3.13|21.84|21.60|21.97|21.02|2.39|21.70|3774209|80701336.00|1|0.0000|0.0000|0.0000|0|21.70
吉电股份|000875|2.18|69239542|347262656.00|-0.79|2.77|-3.56|5.16|5.01|5.19|4.87|69.24|5.05|68964926|347954688.00|1|0.0000|0.0000|0.0000|0|5.05
新 希 望|000876|-3.53|255383201|2827219712.00|0.18|7.61|-3.80|10.65|11.06|11.88|10.62|255.38|11.04|240780835|2533815040.00|1|0.0000|0.0000|0.0000|0|11.04
天山股份|000877|2.74|17626331|96581176.00|-1.28|3.29|-2.74|5.62|5.40|5.65|5.32|17.63|5.47|20064054|108855176.00|1|0.0000|0.0000|0.0000|0|5.47
云南铜业|000878|0.82|58817170|635580864.00|-2.28|1.28|-4.55|11.07|10.73|11.12|10.48|58.82|10.98|79710865|873771840.00|1|0.0000|0.0000|0.0000|0|10.98
潍柴重机|000880|-2.61|47382883|1653121792.00|-5.82|2.22|-9.99|35.50|34.33|37.26|32.81|47.38|36.45|43264662|1578960768.00|1|0.0000|0.0000|0.0000|0|36.45
中广核技|000881|2.22|15191366|94952328.00|-2.38|2.69|-5.23|6.45|6.16|6.48|5.98|15.19|6.31|14575166|92247248.00|1|0.0000|0.0000|0.0000|0|6.31
华联股份|000882|1.35|288617532|632059712.00|-1.35|4.50|-8.56|2.25|2.19|2.32|2.03|288.62|2.22|208210655|443390432.00|1|0.0000|0.0000|0.0000|0|2.22
湖北能源|000883|-1.06|46445434|216251264.00|-0.63|-0.42|-2.75|4.68|4.70|4.71|4.60|46.45|4.73|53643082|251981376.00|1|0.0000|0.0000|0.0000|0|4.73
城发环境|000885|1.06|7326546|89008752.00|-1.15|1.88|-3.19|12.35|12.08|12.45|11.83|7.33|12.22|7819366|95385400.00|1|0.0000|0.0000|0.0000|0|12.22
海南高速|000886|10.00|56224058|323851040.00|-2.86|10.00|-6.25|6.16|5.44|6.16|5.25|56.22|5.60|36317440|199963632.00|1|0.0000|0.0000|0.0000|0|5.60
中鼎股份|000887|4.30|98055032|1460936064.00|-1.08|5.04|-6.66|15.51|14.71|15.62|13.88|98.06|14.87|101758945|1536312960.00|1|0.0000|0.0000|0.0000|0|14.87
峨眉山Ａ|000888|3.97|49230040|675944384.00|-2.45|4.25|-7.14|14.42|13.53|14.46|12.88|49.23|13.87|42204595|589061696.00|1|0.0000|0.0000|0.0000|0|13.87
中嘉博创|000889|0.00|25455560|55925608.00|-2.21|0.44|-4.87|2.26|2.21|2.27|2.15|25.46|2.26|16323800|36898680.00|1|0.0000|0.0000|0.0000|0|2.26
法尔胜|000890|2.51|16533463|44910848.00|-0.72|3.23|-8.96|2.86|2.77|2.88|2.54|16.53|2.79|18306363|51130776.00|1|0.0000|0.0000|0.0000|0|2.79
欢瑞世纪|000892|3.53|35680610|110819880.00|0.00|5.13|-8.65|3.23|3.12|3.28|2.85|35.68|3.12|34208889|106889528.00|1|0.0000|0.0000|0.0000|0|3.12
亚钾国际|000893|1.02|13071015|302941056.00|-0.30|1.45|-3.75|23.69|23.38|23.79|22.57|13.07|23.45|15657447|366057120.00|1|0.0000|0.0000|0.0000|0|23.45
双汇发展|000895|1.54|23246558|638247616.00|-0.04|1.98|-1.03|27.67|27.24|27.79|26.97|23.25|27.25|21863220|588258240.00|1|0.0000|0.0000|0.0000|0|27.25
津滨发展|000897|1.42|48836600|101758224.00|-0.95|2.37|-6.16|2.14|2.09|2.16|1.98|48.84|2.11|45545461|95613800.00|1|0.0000|0.0000|0.0000|0|2.11
鞍钢股份|000898|0.91|56086595|121643256.00|-0.91|1.82|-4.55|2.22|2.18|2.24|2.10|56.09|2.20|62711981|137917392.00|1|0.0000|0.0000|0.0000|0|2.20
赣能股份|000899|-0.76|52577039|471356608.00|-2.60|0.65|-7.14|9.17|9.00|9.30|8.58|52.58|9.24|60117706|547963520.00|1|0.0000|0.0000|0.0000|0|9.24
现代投资|000900|1.32|20922971|78788912.00|-1.05|1.32|-3.42|3.85|3.76|3.85|3.67|20.92|3.80|20380570|76931776.00|1|0.0000|0.0000|0.0000|0|3.80
航天科技|000901|5.21|27511035|267751824.00|-1.25|6.04|-4.90|10.10|9.48|10.18|9.13|27.51|9.60|26659505|256429792.00|1|0.0000|0.0000|0.0000|0|9.60
新洋丰|000902|5.91|33973173|446051520.00|-1.10|7.49|-2.29|13.44|12.55|13.64|12.40|33.97|12.69|22375071|281691488.00|1|0.0000|0.0000|0.0000|0|12.69
ST云动|000903|6.01|108806514|308659104.00|-2.83|7.42|-9.89|3.00|2.75|3.04|2.55|108.81|2.83|97032456|272056928.00|1|0.0000|0.0000|0.0000|0|2.83
厦门港务|000905|10.03|51490738|368091808.00|-1.15|10.03|-7.45|7.68|6.90|7.68|6.46|51.49|6.98|32570756|227398736.00|1|0.0000|0.0000|0.0000|0|6.98
浙商中拓|000906|3.58|13420105|75913208.00|0.72|4.47|-2.15|5.79|5.63|5.84|5.47|13.42|5.59|11337127|62925720.00|1|0.0000|0.0000|0.0000|0|5.59
*ST景峰|000908|4.94|2539360|10259014.00|4.94|4.94|4.94|4.04|4.04|4.04|4.04|2.54|3.85|26745300|103459984.00|1|0.0000|0.0000|0.0000|0|3.85
ST数源|000909|-3.57|12764701|61438312.00|-3.57|-1.98|-4.96|4.86|4.86|4.94|4.79|12.76|5.04|1324400|6674976.00|1|0.0000|0.0000|0.0000|0|5.04
大亚圣象|000910|2.90|7198919|51777388.00|-1.79|3.86|-5.52|7.46|7.12|7.53|6.85|7.20|7.25|7193400|51775824.00|1|0.0000|0.0000|0.0000|0|7.25
广农糖业|000911|1.41|9229202|65214160.00|-1.27|2.54|-4.23|7.20|7.01|7.28|6.80|9.23|7.10|10600301|74040208.00|1|0.0000|0.0000|0.0000|0|7.10
泸天化|000912|-0.23|19948315|83237568.00|-2.10|0.70|-6.31|4.27|4.19|4.31|4.01|19.95|4.28|24697511|104079576.00|1|0.0000|0.0000|0.0000|0|4.28
钱江摩托|000913|-0.06|8392928|127005064.00|-2.33|1.10|-6.74|15.42|15.07|15.60|14.39|8.39|15.43|10634087|160757552.00|1|0.0000|0.0000|0.0000|0|15.43
华特达因|000915|1.84|14133159|418397568.00|-2.18|2.78|-5.43|30.37|29.17|30.65|28.20|14.13|29.82|17094052|501437440.00|1|0.0000|0.0000|0.0000|0|29.82
电广传媒|000917|1.32|58303129|388650272.00|-2.21|2.94|-8.68|6.89|6.65|7.00|6.21|58.30|6.80|62652298|428488576.00|1|0.0000|0.0000|0.0000|0|6.80
金陵药业|000919|1.29|13555447|82943472.00|-0.97|1.45|-4.99|6.29|6.15|6.30|5.90|13.56|6.21|11311271|70063368.00|1|0.0000|0.0000|0.0000|0|6.21
沃顿科技|000920|9.95|20904210|195624592.00|-1.47|9.95|-1.92|9.72|8.71|9.72|8.67|20.90|8.84|15749755|136733872.00|1|0.0000|0.0000|0.0000|0|8.84
海信家电|000921|-0.20|10678509|268747680.00|-1.78|1.58|-3.91|25.30|24.90|25.75|24.36|10.68|25.35|11479348|291828480.00|1|0.0000|0.0000|0.0000|0|25.35
佳电股份|000922|2.56|14146982|137625760.00|-0.92|3.49|-5.44|10.00|9.66|10.09|9.22|14.15|9.75|19100516|187771008.00|1|0.0000|0.0000|0.0000|0|9.75
河钢资源|000923|0.77|23206313|296901472.00|-1.38|1.30|-4.99|13.13|12.85|13.20|12.38|23.21|13.03|33058907|436865152.00|1|0.0000|0.0000|0.0000|0|13.03
众合科技|000925|2.41|23403454|162386304.00|-0.85|3.12|-7.39|7.21|6.98|7.26|6.52|23.40|7.04|27465067|193955696.00|1|0.0000|0.0000|0.0000|0|7.04
福星股份|000926|1.94|49162841|99351520.00|-1.94|2.91|-7.28|2.10|2.02|2.12|1.91|49.16|2.06|47300948|97808384.00|1|0.0000|0.0000|0.0000|0|2.06
中国铁物|000927|5.42|99927801|243346768.00|-0.83|5.42|-2.08|2.53|2.38|2.53|2.35|99.93|2.40|104275200|247355008.00|1|0.0000|0.0000|0.0000|0|2.40
中钢国际|000928|4.94|38409649|229433920.00|-1.53|6.81|-4.26|6.16|5.78|6.27|5.62|38.41|5.87|29357472|170277040.00|1|0.0000|0.0000|0.0000|0|5.87
*ST兰黄|000929|0.98|6128100|36537960.00|-1.64|1.96|-7.53|6.17|6.01|6.23|5.65|6.13|6.11|4639807|28046760.00|1|0.0000|0.0000|0.0000|0|6.11
中粮科技|000930|1.55|86924980|511237216.00|0.86|6.22|-3.28|5.88|5.84|6.15|5.60|86.92|5.79|74478948|421344000.00|1|0.0000|0.0000|0.0000|0|5.79
中 关 村|000931|2.38|17700357|73410184.00|-1.19|2.85|-6.89|4.31|4.16|4.33|3.92|17.70|4.21|22911369|97691592.00|1|0.0000|0.0000|0.0000|0|4.21
华菱钢铁|000932|-4.86|173229858|773859392.00|-1.27|-0.85|-7.19|4.50|4.67|4.69|4.39|173.23|4.73|90557037|426633984.00|1|0.0000|0.0000|0.0000|0|4.73
神火股份|000933|0.00|42808761|684982016.00|-1.36|0.62|-3.22|16.17|15.95|16.27|15.65|42.81|16.17|48290449|783295616.00|1|0.0000|0.0000|0.0000|0|16.17
四川双马|000935|1.51|5942980|85837184.00|-1.85|1.78|-5.27|14.82|14.33|14.86|13.83|5.94|14.60|6083374|88488712.00|1|0.0000|0.0000|0.0000|0|14.60
华西股份|000936|1.15|29373900|174328432.00|-2.47|1.81|-7.57|6.15|5.93|6.19|5.62|29.37|6.08|37675529|229031840.00|1|0.0000|0.0000|0.0000|0|6.08
冀中能源|000937|-1.38|19969308|113840784.00|-0.69|-0.52|-2.94|5.71|5.75|5.76|5.62|19.97|5.79|22580426|129849552.00|1|0.0000|0.0000|0.0000|0|5.79
紫光股份|000938|3.38|85940825|2075880448.00|-2.80|4.05|-5.26|24.78|23.30|24.94|22.71|85.94|23.97|93537300|2241862912.00|1|0.0000|0.0000|0.0000|0|23.97
南天信息|000948|2.32|17795496|274476192.00|-3.02|3.34|-8.04|15.91|15.08|16.07|14.30|17.80|15.55|15833655|241997904.00|1|0.0000|0.0000|0.0000|0|15.55
新乡化纤|000949|1.57|56720600|212907904.00|-2.09|2.35|-7.31|3.89|3.75|3.92|3.55|56.72|3.83|56493386|215952496.00|1|0.0000|0.0000|0.0000|0|3.83
重药控股|000950|0.63|27571500|129118848.00|-1.47|1.47|-4.42|4.78|4.68|4.82|4.54|27.57|4.75|32095700|152371152.00|1|0.0000|0.0000|0.0000|0|4.75
中国重汽|000951|1.70|16067182|311774816.00|-1.49|2.83|-3.81|19.75|19.13|19.97|18.68|16.07|19.42|23438413|446434112.00|1|0.0000|0.0000|0.0000|0|19.42
广济药业|000952|-2.53|11530620|56218272.00|-2.53|-0.97|-9.92|5.01|5.01|5.09|4.63|11.53|5.14|11973620|60783848.00|1|0.0000|0.0000|0.0000|0|5.14
河化股份|000953|0.20|50598129|234373200.00|-3.67|1.84|-10.00|4.91|4.72|4.99|4.41|50.60|4.90|62108376|304646880.00|1|0.0000|0.0000|0.0000|0|4.90
欣龙控股|000955|5.82|29195600|107758640.00|-2.22|9.97|-8.03|3.82|3.53|3.97|3.32|29.20|3.61|15800402|56466404.00|1|0.0000|0.0000|0.0000|0|3.61
中通客车|000957|0.85|18640714|173169088.00|-1.69|1.59|-6.03|9.54|9.30|9.61|8.89|18.64|9.46|26732846|255311760.00|1|0.0000|0.0000|0.0000|0|9.46
电投产融|000958|4.69|339725718|2653198848.00|0.40|9.50|0.00|7.82|7.50|8.18|7.47|339.73|7.47|305829932|2239048192.00|1|0.0000|0.0000|0.0000|0|7.47
首钢股份|000959|-0.99|46786678|138737696.00|-0.66|-0.66|-4.28|3.01|3.02|3.02|2.91|46.79|3.04|43680608|132486016.00|1|0.0000|0.0000|0.0000|0|3.04
锡业股份|000960|-0.37|58418636|765034944.00|-3.13|0.22|-5.96|13.38|13.01|13.46|12.63|58.42|13.43|57683326|776051072.00|1|0.0000|0.0000|0.0000|0|13.43
东方钽业|000962|3.86|21915779|288828576.00|-2.42|4.84|-9.01|13.72|12.89|13.85|12.02|21.92|13.21|25724005|339927328.00|1|0.0000|0.0000|0.0000|0|13.21
华东医药|000963|-0.58|18001068|644913600.00|-1.04|0.52|-3.43|36.19|36.02|36.59|35.15|18.00|36.40|20647549|757774784.00|1|0.0000|0.0000|0.0000|0|36.40
天保基建|000965|10.00|57436949|183135424.00|10.00|10.00|6.90|3.19|3.19|3.19|3.10|57.44|2.90|62830366|183574992.00|1|0.0000|0.0000|0.0000|0|2.90
长源电力|000966|-0.42|58445301|269830496.00|-0.85|0.00|-4.65|4.71|4.69|4.73|4.51|58.45|4.73|64648257|303479872.00|1|0.0000|0.0000|0.0000|0|4.73
盈峰环境|000967|0.92|65178593|344431520.00|-3.14|2.40|-7.93|5.47|5.25|5.55|4.99|65.18|5.42|81802808|431895232.00|1|0.0000|0.0000|0.0000|0|5.42
蓝焰控股|000968|0.17|13098812|76020352.00|-2.20|0.84|-5.07|5.93|5.79|5.97|5.62|13.10|5.92|16281847|96308912.00|1|0.0000|0.0000|0.0000|0|5.92
安泰科技|000969|1.17|50162128|543781248.00|-3.61|1.89|-8.93|11.22|10.69|11.30|10.10|50.16|11.09|75046251|839341120.00|1|0.0000|0.0000|0.0000|0|11.09
中科三环|000970|-1.60|45401360|492049312.00|-2.40|-0.44|-8.18|11.07|10.98|11.20|10.33|45.40|11.25|56305907|619936704.00|1|0.0000|0.0000|0.0000|0|11.25
*ST中基|000972|2.88|14746675|40718084.00|-1.44|4.32|-4.68|2.86|2.74|2.90|2.65|14.75|2.78|13295822|36479660.00|1|0.0000|0.0000|0.0000|0|2.78
佛塑科技|000973|3.88|40337800|223475216.00|-2.12|4.76|-9.70|5.89|5.55|5.94|5.12|40.34|5.67|40778205|232114560.00|1|0.0000|0.0000|0.0000|0|5.67
山金国际|000975|3.53|49410564|904285248.00|-0.94|4.19|-2.32|18.76|17.95|18.88|17.70|49.41|18.12|50997154|916257920.00|1|0.0000|0.0000|0.0000|0|18.12
浪潮信息|000977|2.40|83564012|3721622016.00|-2.87|3.20|-6.86|45.70|43.35|46.06|41.57|83.56|44.63|91509715|4088403968.00|1|0.0000|0.0000|0.0000|0|44.63
桂林旅游|000978|5.30|22248900|134627600.00|-1.49|5.63|-6.95|6.36|5.95|6.38|5.62|22.25|6.04|16135100|97051048.00|1|0.0000|0.0000|0.0000|0|6.04
众泰汽车|000980|2.13|188735637|345197056.00|-2.13|3.72|-9.57|1.92|1.84|1.95|1.70|188.74|1.88|191645531|359736960.00|1|0.0000|0.0000|0.0000|0|1.88
山子高科|000981|5.33|453579720|758686848.00|-1.78|9.47|-10.06|1.78|1.66|1.85|1.52|453.58|1.69|360598310|609492736.00|1|0.0000|0.0000|0.0000|0|1.69
山西焦煤|000983|-0.15|39203760|258480368.00|-0.75|0.15|-2.26|6.64|6.60|6.66|6.50|39.20|6.65|49414572|327976608.00|1|0.0000|0.0000|0.0000|0|6.65
大庆华科|000985|2.14|2206549|32552836.00|-2.00|2.81|-6.75|15.29|14.67|15.39|13.96|2.21|14.97|2952646|44321332.00|1|0.0000|0.0000|0.0000|0|14.97
越秀资本|000987|2.50|38070912|229926352.00|-1.17|3.84|-3.01|6.14|5.92|6.22|5.81|38.07|5.99|43420662|257159984.00|1|0.0000|0.0000|0.0000|0|5.99
华工科技|000988|3.55|39857731|1364626048.00|-1.89|4.20|-4.43|35.03|33.19|35.25|32.33|39.86|33.83|52000455|1753721088.00|1|0.0000|0.0000|0.0000|0|33.83
九芝堂|000989|1.32|14121424|106112464.00|-1.32|1.58|-5.00|7.70|7.50|7.72|7.22|14.12|7.60|17503557|133054568.00|1|0.0000|0.0000|0.0000|0|7.60
诚志股份|000990|0.14|14975556|104154992.00|-1.13|0.71|-4.67|7.08|6.99|7.12|6.74|14.98|7.07|18370774|129015608.00|1|0.0000|0.0000|0.0000|0|7.07
闽东电力|000993|0.00|32457877|288369568.00|-1.96|1.20|-7.73|9.19|9.01|9.30|8.48|32.46|9.19|30894646|279023072.00|1|0.0000|0.0000|0.0000|0|9.19
皇台酒业|000995|4.76|12521900|156058768.00|-1.45|5.65|-5.56|12.99|12.22|13.10|11.71|12.52|12.40|8012900|99494776.00|1|0.0000|0.0000|0.0000|0|12.40
新 大 陆|000997|9.99|45682882|1227662848.00|0.64|9.99|0.64|27.52|25.18|27.52|25.18|45.68|25.02|32778236|821041280.00|1|0.0000|0.0000|0.0000|0|25.02
隆平高科|000998|-0.92|192058218|2325741312.00|1.01|9.16|-6.89|11.79|12.02|12.99|11.08|192.06|11.90|183482249|2101714176.00|1|0.0000|0.0000|0.0000|0|11.90
华润三九|000999|2.20|14021422|610090496.00|-0.97|2.83|-1.99|44.13|42.76|44.40|42.32|14.02|43.18|17372015|746554048.00|1|0.0000|0.0000|0.0000|0|43.18
东瑞股份|001201|2.90|11999965|180064640.00|-0.94|4.05|-2.83|15.25|14.68|15.42|14.40|12.00|14.82|10146377|145928496.00|1|0.0000|0.0000|0.0000|0|14.82
炬申股份|001202|4.95|6587448|94769640.00|-2.23|5.58|-6.49|15.05|14.02|15.14|13.41|6.59|14.34|4907600|69839280.00|1|0.0000|0.0000|0.0000|0|14.34
大中矿业|001203|0.38|8072300|62759292.00|-1.26|0.63|-4.55|7.94|7.81|7.96|7.55|8.07|7.91|10513220|82592360.00|1|0.0000|0.0000|0.0000|0|7.91
盛航股份|001205|3.75|4312279|65465524.00|-2.14|5.63|-7.44|16.03|15.12|16.32|14.30|4.31|15.45|5769529|90105352.00|1|0.0000|0.0000|0.0000|0|15.45
依依股份|001206|-2.48|9598556|137673936.00|-2.02|-1.57|-9.99|14.93|15.00|15.07|13.78|9.60|15.31|4033332|62614104.00|1|0.0000|0.0000|0.0000|0|15.31
联科科技|001207|0.81|6092052|108922264.00|-4.12|1.84|-8.94|18.61|17.70|18.80|16.81|6.09|18.46|7212510|134479184.00|1|0.0000|0.0000|0.0000|0|18.46
华菱线缆|001208|1.72|15493300|141431376.00|-2.15|2.90|-7.85|9.46|9.10|9.57|8.57|15.49|9.30|17893095|168435808.00|1|0.0000|0.0000|0.0000|0|9.30
洪兴股份|001209|3.29|3564280|49121172.00|0.07|4.65|-7.87|14.44|13.99|14.63|12.88|3.56|13.98|3661385|51906972.00|1|0.0000|0.0000|0.0000|0|13.98
金房能源|001210|1.42|3430029|42525672.00|-0.71|2.13|-8.67|12.87|12.60|12.96|11.59|3.43|12.69|3642772|46561176.00|1|0.0000|0.0000|0.0000|0|12.69
双枪科技|001211|4.68|1997700|37453072.00|-1.00|4.74|-8.63|19.89|18.81|19.90|17.36|2.00|19.00|2744300|51274508.00|1|0.0000|0.0000|0.0000|0|19.00
中旗新材|001212|10.01|26430296|1321896320.00|5.96|10.01|-0.34|51.87|49.96|51.87|46.99|26.43|47.15|32505804|1532433536.00|1|0.0000|0.0000|0.0000|0|47.15
中铁特货|001213|3.55|36550996|145756048.00|-0.25|3.55|-1.27|4.08|3.93|4.08|3.89|36.55|3.94|30777461|120852336.00|1|0.0000|0.0000|0.0000|0|3.94
千味央厨|001215|3.66|3048300|81379944.00|-0.90|4.45|-4.22|27.49|26.28|27.70|25.40|3.05|26.52|2959400|77163200.00|1|0.0000|0.0000|0.0000|0|26.52
华瓷股份|001216|0.00|4452200|49730128.00|-1.05|1.05|-7.34|11.44|11.32|11.56|10.60|4.45|11.44|5530400|64106896.00|1|0.0000|0.0000|0.0000|0|11.44
华尔泰|001217|-0.10|18786500|185603984.00|-3.41|2.15|-9.56|10.24|9.90|10.47|9.27|18.79|10.25|22529502|230217280.00|1|0.0000|0.0000|0.0000|0|10.25
丽臣实业|001218|0.81|2473700|35814292.00|-0.27|2.15|-8.01|14.97|14.81|15.17|13.66|2.47|14.85|2697980|40316800.00|1|0.0000|0.0000|0.0000|0|14.85
青岛食品|001219|1.44|10521273|137738448.00|-0.15|2.05|-4.47|13.38|13.17|13.46|12.60|10.52|13.19|10291519|134253824.00|1|0.0000|0.0000|0.0000|0|13.19
源飞宠物|001222|-0.56|4931220|59271020.00|-3.04|0.00|-9.21|12.41|12.10|12.48|11.33|4.93|12.48|6644080|83902504.00|1|0.0000|0.0000|0.0000|0|12.48
欧克科技|001223|1.64|996900|42009416.00|-3.31|3.31|-9.32|43.93|41.79|44.65|39.19|1.00|43.22|793800|34986948.00|1|0.0000|0.0000|0.0000|0|43.22
和泰机电|001225|2.21|503500|14383841.00|0.45|2.38|-6.80|29.60|29.09|29.65|26.99|0.50|28.96|493600|14450065.00|1|0.0000|0.0000|0.0000|0|28.96
拓山重工|001226|-2.11|5090800|109281968.00|-10.01|0.43|-10.01|22.78|20.94|23.37|20.94|5.09|23.27|1990500|47651636.00|1|0.0000|0.0000|0.0000|0|23.27
兰州银行|001227|0.90|64249149|142169760.00|-0.45|1.35|-1.80|2.24|2.21|2.25|2.18|64.25|2.22|75465200|167729232.00|1|0.0000|0.0000|0.0000|0|2.22
永泰运|001228|2.39|1760100|32655670.00|-2.23|2.49|-7.00|19.30|18.43|19.32|17.53|1.76|18.85|2256998|42961696.00|1|0.0000|0.0000|0.0000|0|18.85
魅视科技|001229|2.06|1890400|51303000.00|-0.76|2.93|-7.84|28.25|27.47|28.49|25.51|1.89|27.68|2210900|61113336.00|1|0.0000|0.0000|0.0000|0|27.68
劲旅环境|001230|1.96|2780560|44498632.00|-0.98|3.18|-6.91|16.67|16.19|16.87|15.22|2.78|16.35|3552989|58200604.00|1|0.0000|0.0000|0.0000|0|16.35
农心科技|001231|-2.14|3776200|58789392.00|-1.71|-1.28|-10.01|16.03|16.10|16.17|14.74|3.78|16.38|3840273|61668784.00|1|0.0000|0.0000|0.0000|0|16.38
泰慕士|001234|0.51|1652800|25364378.00|-0.95|1.77|-7.10|15.86|15.63|16.06|14.66|1.65|15.78|2455570|38828176.00|1|0.0000|0.0000|0.0000|0|15.78
弘业期货|001236|1.59|27265311|216464128.00|-3.79|2.57|-9.90|8.31|7.87|8.39|7.37|27.27|8.18|34970225|289989408.00|1|0.0000|0.0000|0.0000|0|8.18
浙江正特|001238|-1.00|663400|17355176.00|-1.45|0.96|-7.68|26.70|26.58|27.23|24.90|0.66|26.97|877000|23838128.00|1|0.0000|0.0000|0.0000|0|26.97
永达股份|001239|1.51|7306725|95595320.00|-1.44|2.57|-7.02|13.44|13.05|13.58|12.31|7.31|13.24|7278115|95736576.00|1|0.0000|0.0000|0.0000|0|13.24
博菲电气|001255|3.31|1392100|31988924.00|-0.21|3.65|-8.12|24.05|23.23|24.13|21.39|1.39|23.28|1728800|40602620.00|1|0.0000|0.0000|0.0000|0|23.28
炜冈科技|001256|10.00|8720531|210453792.00|-5.00|10.00|-8.17|25.30|21.85|25.30|21.12|8.72|23.00|3037200|71251552.00|1|0.0000|0.0000|0.0000|0|23.00
立新能源|001258|-9.57|76784904|571392192.00|-4.91|-3.19|-9.94|7.37|7.75|7.89|7.34|76.78|8.15|93582341|750714624.00|1|0.0000|0.0000|0.0000|0|8.15
利仁科技|001259|2.24|1466400|28346214.00|-0.97|2.91|-6.33|20.04|19.41|20.17|18.36|1.47|19.60|1627010|32001988.00|1|0.0000|0.0000|0.0000|0|19.60
坤泰股份|001260|-1.01|2892000|43993552.00|-2.01|0.00|-10.00|15.74|15.58|15.90|14.31|2.89|15.90|2402300|38048820.00|1|0.0000|0.0000|0.0000|0|15.90
宏英智能|001266|0.75|3515800|68527024.00|-2.09|1.89|-8.96|20.25|19.68|20.48|18.30|3.52|20.10|4400119|87573272.00|1|0.0000|0.0000|0.0000|0|20.10
汇绿生态|001267|-0.13|15212200|114436880.00|-1.54|0.90|-8.97|7.79|7.68|7.87|7.10|15.21|7.80|19112226|150078256.00|1|0.0000|0.0000|0.0000|0|7.80
联合精密|001268|1.61|4844123|81461864.00|-1.78|2.07|-10.02|17.65|17.06|17.73|15.63|4.84|17.37|4782639|84642480.00|1|0.0000|0.0000|0.0000|0|17.37
欧晶科技|001269|-2.65|6067582|113891432.00|-3.05|-0.15|-10.00|19.48|19.40|19.98|18.01|6.07|20.01|6204779|125823936.00|1|0.0000|0.0000|0.0000|0|20.01
*ST铖昌|001270|10.00|4436910|132573552.00|10.00|10.00|7.83|29.91|29.91|29.91|29.32|4.44|27.19|4083230|108613568.00|1|0.0000|0.0000|0.0000|0|27.19
速达股份|001277|0.12|1525600|48362640.00|-1.60|2.06|-6.83|32.56|32.00|33.19|30.30|1.53|32.52|2026544|66164200.00|1|0.0000|0.0000|0.0000|0|32.52
一彬科技|001278|1.14|3472700|47825816.00|-3.43|2.15|-6.29|14.14|13.50|14.28|13.10|3.47|13.98|4372650|61108616.00|1|0.0000|0.0000|0.0000|0|13.98
强邦新材|001279|0.06|2458996|80466008.00|-1.65|0.98|-8.39|33.86|33.28|34.17|31.00|2.46|33.84|2792708|95351800.00|1|0.0000|0.0000|0.0000|0|33.84
三联锻造|001282|0.28|7540940|155208544.00|-2.74|2.60|-10.02|21.62|20.97|22.12|19.40|7.54|21.56|5810260|126278392.00|1|0.0000|0.0000|0.0000|0|21.56
豪鹏科技|001283|-2.63|6780458|275941280.00|-6.30|-2.24|-9.99|42.20|40.61|42.37|39.01|6.78|43.34|1598500|70701088.00|1|0.0000|0.0000|0.0000|0|43.34
陕西能源|001286|-0.78|22866606|203161648.00|-1.11|-0.55|-3.32|8.96|8.93|8.98|8.73|22.87|9.03|26636326|239084656.00|1|0.0000|0.0000|0.0000|0|9.03
中电港|001287|3.42|11321979|182485040.00|-1.12|3.67|-6.03|16.64|15.91|16.68|15.12|11.32|16.09|10812596|173905776.00|1|0.0000|0.0000|0.0000|0|16.09
运机集团|001288|1.88|4421701|106161520.00|-2.08|2.61|-9.55|24.97|24.00|25.15|22.17|4.42|24.51|6172493|152761552.00|1|0.0000|0.0000|0.0000|0|24.51
龙源电力|001289|-4.86|18911378|323174048.00|-2.32|-1.38|-9.89|17.22|17.68|17.85|16.31|18.91|18.10|25157133|447458848.00|1|0.0000|0.0000|0.0000|0|18.10
长江材料|001296|1.40|3320054|49051808.00|-1.33|2.80|-8.00|15.21|14.80|15.42|13.80|3.32|15.00|3353782|50902500.00|1|0.0000|0.0000|0.0000|0|15.00
好上好|001298|1.41|7848550|160629936.00|-0.99|2.59|-9.99|21.52|21.01|21.77|19.10|7.85|21.22|7714008|165281872.00|1|0.0000|0.0000|0.0000|0|21.22
美能能源|001299|1.31|6824427|92242400.00|-2.48|2.26|-6.34|13.90|13.38|14.03|12.85|6.82|13.72|6808700|93255416.00|1|0.0000|0.0000|0.0000|0|13.72
三柏硕|001300|1.37|4456950|44132996.00|-2.45|2.55|-8.82|10.34|9.95|10.46|9.30|4.46|10.20|6542097|67377576.00|1|0.0000|0.0000|0.0000|0|10.20
尚太科技|001301|5.47|6026743|320706688.00|1.68|6.78|-1.64|54.15|52.20|54.82|50.50|6.03|51.34|6332174|317004064.00|1|0.0000|0.0000|0.0000|0|51.34
夏厦精密|001306|2.65|2907100|194444240.00|-2.94|3.47|-9.46|69.80|66.00|70.36|61.57|2.91|68.00|3044531|209131008.00|1|0.0000|0.0000|0.0000|0|68.00
康冠科技|001308|1.51|5996908|109607488.00|-1.51|2.26|-7.10|18.87|18.31|19.01|17.27|6.00|18.59|8206413|154898768.00|1|0.0000|0.0000|0.0000|0|18.59
德明利|001309|7.56|8533300|906035584.00|-2.08|8.63|-6.70|111.46|101.47|112.57|96.69|8.53|103.63|9797479|1026681536.00|1|0.0000|0.0000|0.0000|0|103.63
多利科技|001311|2.56|3404159|79115744.00|-0.98|3.03|-6.58|24.02|23.19|24.13|21.88|3.40|23.42|4322372|102280200.00|1|0.0000|0.0000|0.0000|0|23.42
粤海饲料|001313|-0.36|22260526|180642976.00|-4.33|1.68|-7.45|8.29|7.96|8.46|7.70|22.26|8.32|29300146|228092576.00|1|0.0000|0.0000|0.0000|0|8.32
亿道信息|001314|1.43|5977926|223283504.00|-2.73|2.81|-9.90|38.95|37.35|39.48|34.60|5.98|38.40|5894504|229628528.00|1|0.0000|0.0000|0.0000|0|38.40
润贝航科|001316|10.00|3303390|95333976.00|-1.15|10.00|-5.47|30.59|27.49|30.59|26.29|3.30|27.81|2850825|78532504.00|1|0.0000|0.0000|0.0000|0|27.81
三羊马|001317|6.81|6112961|204640880.00|-2.29|8.74|-7.79|34.96|31.98|35.59|30.18|6.11|32.73|5017767|158588384.00|1|0.0000|0.0000|0.0000|0|32.73
阳光乳业|001318|1.84|37489302|498432192.00|-0.44|4.79|-8.03|13.82|13.51|14.22|12.48|37.49|13.57|35170468|466245088.00|1|0.0000|0.0000|0.0000|0|13.57
铭科精技|001319|2.00|6185236|125847576.00|-4.18|2.71|-9.98|21.47|20.17|21.62|18.95|6.19|21.05|6380536|137248208.00|1|0.0000|0.0000|0.0000|0|21.05
箭牌家居|001322|1.64|5565500|40370692.00|-0.14|2.60|-5.05|7.44|7.31|7.51|6.95|5.57|7.32|6251928|45338056.00|1|0.0000|0.0000|0.0000|0|7.32
慕思股份|001323|-0.53|1604400|51046784.00|-1.00|1.25|-3.06|31.83|31.68|32.40|31.02|1.60|32.00|2174794|68493080.00|1|0.0000|0.0000|0.0000|0|32.00
长青科技|001324|0.63|2690500|41872956.00|-4.06|2.00|-8.69|16.10|15.35|16.32|14.61|2.69|16.00|3402963|54220444.00|1|0.0000|0.0000|0.0000|0|16.00
联域股份|001326|-0.25|1112852|29660120.00|-0.44|1.24|-7.54|27.39|27.34|27.80|25.39|1.11|27.46|1617923|45249116.00|1|0.0000|0.0000|0.0000|0|27.46
登康口腔|001328|2.97|2372945|97836176.00|0.42|4.57|-4.49|41.94|40.90|42.59|38.90|2.37|40.73|3047641|121036864.00|1|0.0000|0.0000|0.0000|0|40.73
博纳影业|001330|2.48|30143726|119542824.00|-1.73|2.97|-8.91|4.14|3.97|4.16|3.68|30.14|4.04|22979858|92206920.00|1|0.0000|0.0000|0.0000|0|4.04
胜通能源|001331|2.50|2924864|36454716.00|-0.48|3.06|-3.38|12.73|12.36|12.80|12.00|2.92|12.42|3172506|38692828.00|1|0.0000|0.0000|0.0000|0|12.42
锡装股份|001332|6.27|7391885|274812288.00|6.93|10.01|-4.25|37.27|37.50|38.58|33.58|7.39|35.07|4767265|169002656.00|1|0.0000|0.0000|0.0000|0|35.07
光华股份|001333|0.78|8858497|166640256.00|-3.06|2.54|-9.03|19.42|18.68|19.76|17.53|8.86|19.27|11329166|218840272.00|1|0.0000|0.0000|0.0000|0|19.27
楚环科技|001336|2.76|4774773|78170512.00|-0.78|4.50|-9.23|17.14|16.55|17.43|15.14|4.77|16.68|4793327|81402184.00|1|0.0000|0.0000|0.0000|0|16.68
四川黄金|001337|1.11|18203259|380866816.00|-2.69|1.90|-8.25|21.82|21.00|21.99|19.80|18.20|21.58|18537406|396615072.00|1|0.0000|0.0000|0.0000|0|21.58
永顺泰|001338|2.45|16319412|178597184.00|-1.36|2.99|-4.71|11.30|10.88|11.36|10.51|16.32|11.03|15194800|164738800.00|1|0.0000|0.0000|0.0000|0|11.03
智微智能|001339|2.92|12397315|490198624.00|-4.72|3.79|-9.68|41.25|38.19|41.60|36.20|12.40|40.08|9465000|387435680.00|1|0.0000|0.0000|0.0000|0|40.08
富岭股份|001356|-7.43|64069997|1001027776.00|-8.02|0.77|-10.02|15.70|15.60|17.09|15.26|64.07|16.96|53421248|930798528.00|1|0.0000|0.0000|0.0000|0|16.96
兴欣新材|001358|0.96|1582980|30519262.00|-0.96|1.52|-6.75|19.89|19.51|20.00|18.37|1.58|19.70|2203262|43497560.00|1|0.0000|0.0000|0.0000|0|19.70
平安电工|001359|-0.18|5230495|137364016.00|-3.84|1.29|-9.80|27.00|26.01|27.40|24.40|5.23|27.05|8163357|221731936.00|1|0.0000|0.0000|0.0000|0|27.05
南矿集团|001360|-5.63|7706989|95327496.00|-6.15|-4.74|-10.01|12.73|12.66|12.85|12.14|7.71|13.49|9222426|124882648.00|1|0.0000|0.0000|0.0000|0|13.49
播恩集团|001366|3.95|8853999|93866152.00|-1.22|5.46|-5.84|11.04|10.49|11.20|10.00|8.85|10.62|7696200|80353368.00|1|0.0000|0.0000|0.0000|0|10.62
海森药业|001367|0.99|1800436|44181960.00|-1.11|1.62|-8.07|25.52|24.99|25.68|23.23|1.80|25.27|2525020|64169000.00|1|0.0000|0.0000|0.0000|0|25.27
通达创智|001368|-0.22|3700300|63970392.00|-2.15|0.61|-10.01|18.14|17.79|18.29|16.36|3.70|18.18|3924300|72205600.00|1|0.0000|0.0000|0.0000|0|18.18
翔腾新材|001373|0.12|1376700|33814292.00|-2.57|1.11|-8.79|25.28|24.60|25.53|23.03|1.38|25.25|1717500|43122264.00|1|0.0000|0.0000|0.0000|0|25.25
百通能源|001376|0.16|10118086|119990680.00|-1.95|0.49|-9.82|12.34|12.08|12.38|11.11|10.12|12.32|8190306|100942568.00|1|0.0000|0.0000|0.0000|0|12.32
德冠新材|001378|0.91|1561405|30545804.00|-1.11|1.82|-4.64|20.00|19.60|20.18|18.90|1.56|19.82|1897210|37610632.00|1|0.0000|0.0000|0.0000|0|19.82
腾达科技|001379|2.95|4965488|83610112.00|-2.66|4.25|-8.68|17.44|16.49|17.66|15.47|4.97|16.94|6189777|107253016.00|1|0.0000|0.0000|0.0000|0|16.94
华纬科技|001380|4.31|5114308|127732024.00|-1.11|4.98|-9.02|26.37|25.00|26.54|23.00|5.11|25.28|5284004|136033360.00|1|0.0000|0.0000|0.0000|0|25.28
新亚电缆|001382|-5.23|21990863|449055296.00|-7.64|-1.59|-10.01|20.83|20.30|21.63|19.78|21.99|21.98|25781324|578243584.00|1|0.0000|0.0000|0.0000|0|21.98
雪祺电气|001387|-0.44|5450664|60506724.00|-1.57|0.35|-8.47|11.40|11.27|11.49|10.48|5.45|11.45|7780383|89385864.00|1|0.0000|0.0000|0.0000|0|11.45
广合科技|001389|0.90|4589701|186129120.00|-3.45|2.60|-8.16|41.57|39.78|42.27|37.84|4.59|41.20|5414978|227992064.00|1|0.0000|0.0000|0.0000|0|41.20
国货航|001391|4.71|302920091|2180839424.00|0.71|7.70|-1.71|7.34|7.06|7.55|6.89|302.92|7.01|178213215|1208200448.00|1|0.0000|0.0000|0.0000|0|7.01
亚联机械|001395|-0.61|3945587|141702032.00|-2.00|1.31|-9.95|37.27|36.75|37.99|33.77|3.95|37.50|5812048|219968352.00|1|0.0000|0.0000|0.0000|0|37.50
宗申动力|001696|3.43|52950942|933226816.00|-2.36|4.38|-8.70|18.42|17.39|18.59|16.26|52.95|17.81|51781090|925161984.00|1|0.0000|0.0000|0.0000|0|17.81
招商港口|001872|3.86|13950560|265196784.00|-0.90|4.18|-2.64|19.65|18.75|19.71|18.42|13.95|18.92|11076398|206469584.00|1|0.0000|0.0000|0.0000|0|18.92
豫能控股|001896|-0.27|26319780|96486664.00|-1.60|0.80|-6.65|3.75|3.70|3.79|3.51|26.32|3.76|24974400|93892208.00|1|0.0000|0.0000|0.0000|0|3.76
招商积余|001914|1.81|14652600|170316080.00|-0.78|3.19|-3.36|11.80|11.50|11.96|11.20|14.65|11.59|17568500|203289280.00|1|0.0000|0.0000|0.0000|0|11.59
招商公路|001965|-1.05|20151393|266131200.00|-0.22|0.15|-2.17|13.24|13.35|13.40|13.09|20.15|13.38|25648765|336486144.00|1|0.0000|0.0000|0.0000|0|13.38
招商蛇口|001979|3.48|109216015|1053973760.00|-0.95|3.79|-2.11|9.82|9.40|9.85|9.29|109.22|9.49|93938374|880781504.00|1|0.0000|0.0000|0.0000|0|9.49
新 和 成|002001|-0.65|26241316|522033024.00|-1.04|0.35|-2.59|19.97|19.89|20.17|19.58|26.24|20.10|33931589|679053952.00|1|0.0000|0.0000|0.0000|0|20.10
伟星股份|002003|-1.92|18588939|196497280.00|-1.37|-1.10|-4.67|10.71|10.77|10.80|10.41|18.59|10.92|17823847|194790672.00|1|0.0000|0.0000|0.0000|0|10.92
华邦健康|002004|-0.26|33318664|127511064.00|-1.79|0.26|-4.10|3.89|3.83|3.91|3.74|33.32|3.90|43027499|167207968.00|1|0.0000|0.0000|0.0000|0|3.90
ST德豪|002005|-1.21|14812202|23554104.00|-3.64|0.00|-4.85|1.63|1.59|1.65|1.57|14.81|1.65|5975400|9866419.00|1|0.0000|0.0000|0.0000|0|1.65
精工科技|002006|0.57|30893143|463952896.00|-6.77|2.28|-10.00|15.89|14.73|16.16|14.22|30.89|15.80|37761139|619852608.00|1|0.0000|0.0000|0.0000|0|15.80
华兰生物|002007|1.85|44105706|748152576.00|0.00|3.04|-1.73|17.08|16.77|17.28|16.48|44.11|16.77|45999735|758466176.00|1|0.0000|0.0000|0.0000|0|16.77
大族激光|002008|0.52|55469958|1262208000.00|-3.39|1.65|-6.64|23.16|22.26|23.42|21.51|55.47|23.04|76388508|1764281216.00|1|0.0000|0.0000|0.0000|0|23.04
天奇股份|002009|3.01|24291260|286750048.00|-3.17|3.92|-9.68|12.34|11.60|12.45|10.82|24.29|11.98|30333800|364703968.00|1|0.0000|0.0000|0.0000|0|11.98
传化智联|002010|1.82|38791574|189699664.00|-1.62|2.43|-4.66|5.03|4.86|5.06|4.71|38.79|4.94|42943289|209267488.00|1|0.0000|0.0000|0.0000|0|4.94
盾安环境|002011|-0.75|15663387|164392192.00|-1.88|-0.09|-3.57|10.57|10.45|10.64|10.27|15.66|10.65|21275378|225331200.00|1|0.0000|0.0000|0.0000|0|10.65
凯恩股份|002012|1.45|14738320|59749104.00|-0.48|2.41|-6.02|4.21|4.13|4.25|3.90|14.74|4.15|16617376|68387264.00|1|0.0000|0.0000|0.0000|0|4.15
永新股份|002014|-0.09|8645340|94704216.00|-0.45|0.45|-4.13|11.14|11.10|11.20|10.69|8.65|11.15|10245402|114698816.00|1|0.0000|0.0000|0.0000|0|11.15
协鑫能科|002015|0.74|27119972|180045168.00|-1.91|1.47|-6.76|6.85|6.67|6.90|6.34|27.12|6.80|31933374|217707536.00|1|0.0000|0.0000|0.0000|0|6.80
世荣兆业|002016|2.27|22024380|115360784.00|-1.89|3.22|-5.87|5.40|5.18|5.45|4.97|22.02|5.28|17858101|94112896.00|1|0.0000|0.0000|0.0000|0|5.28
东信和平|002017|4.60|16854176|147146304.00|-1.73|4.72|-5.29|9.09|8.54|9.10|8.23|16.85|8.69|25227806|220066928.00|1|0.0000|0.0000|0.0000|0|8.69
亿帆医药|002019|1.15|16758936|172980240.00|-1.43|1.91|-4.77|10.60|10.33|10.68|9.98|16.76|10.48|19989729|208693504.00|1|0.0000|0.0000|0.0000|0|10.48
京新药业|002020|-0.15|20776071|270134176.00|-1.43|0.91|-4.45|13.23|13.06|13.37|12.66|20.78|13.25|24672840|326777792.00|1|0.0000|0.0000|0.0000|0|13.25
中捷资源|002021|2.58|50462667|95832504.00|-2.06|4.12|-9.28|1.99|1.90|2.02|1.76|50.46|1.94|50096328|96186104.00|1|0.0000|0.0000|0.0000|0|1.94
科华生物|002022|1.34|9783911|50280220.00|-1.72|2.10|-6.87|5.31|5.15|5.35|4.88|9.78|5.24|10221400|53686040.00|1|0.0000|0.0000|0.0000|0|5.24
海特高新|002023|5.52|22042505|196703856.00|-1.61|6.09|-4.60|9.18|8.56|9.23|8.30|22.04|8.70|23838003|208364640.00|1|0.0000|0.0000|0.0000|0|8.70
ST易购|002024|1.14|49173091|84977096.00|-0.57|1.70|-5.11|1.78|1.75|1.79|1.67|49.17|1.76|46320523|81812904.00|1|0.0000|0.0000|0.0000|0|1.76
航天电器|002025|2.76|7114276|394641792.00|-1.05|5.79|-2.14|55.76|53.69|57.40|53.10|7.11|54.26|7461490|398425568.00|1|0.0000|0.0000|0.0000|0|54.26
山东威达|002026|0.65|21389600|193227536.00|-2.04|2.04|-9.68|9.36|9.11|9.49|8.40|21.39|9.30|30680425|290398208.00|1|0.0000|0.0000|0.0000|0|9.30
分众传媒|002027|-0.61|183203931|1194445056.00|-1.07|0.30|-2.13|6.53|6.50|6.59|6.43|183.20|6.57|195843632|1275608448.00|1|0.0000|0.0000|0.0000|0|6.57
思源电气|002028|2.65|9730300|687547008.00|-1.17|3.55|-1.17|71.15|68.50|71.77|68.50|9.73|69.31|10592608|739129152.00|1|0.0000|0.0000|0.0000|0|69.31
七 匹 狼|002029|0.69|9533660|54732568.00|-1.21|1.21|-4.66|5.83|5.72|5.86|5.52|9.53|5.79|10593201|61111728.00|1|0.0000|0.0000|0.0000|0|5.79
达安基因|002030|1.29|23212718|124360288.00|-1.48|2.22|-5.55|5.48|5.33|5.53|5.11|23.21|5.41|23613421|126866336.00|1|0.0000|0.0000|0.0000|0|5.41
巨轮智能|002031|6.21|300772862|2326296832.00|-2.98|9.70|-9.83|8.21|7.50|8.48|6.97|300.77|7.73|241177827|1842815744.00|1|0.0000|0.0000|0.0000|0|7.73
苏 泊 尔|002032|-1.71|2163500|121108592.00|-0.93|-0.30|-2.18|55.80|56.24|56.60|55.53|2.16|56.77|2745031|155101120.00|1|0.0000|0.0000|0.0000|0|56.77
丽江股份|002033|5.59|39003717|360610688.00|-0.99|6.25|-5.26|9.63|9.03|9.69|8.64|39.00|9.12|26817873|242986448.00|1|0.0000|0.0000|0.0000|0|9.12
旺能环境|002034|0.37|7277729|116989240.00|-1.53|0.92|-5.43|16.44|16.13|16.53|15.49|7.28|16.38|8240102|134106968.00|1|0.0000|0.0000|0.0000|0|16.38
华帝股份|002035|3.12|17227761|110937016.00|-1.40|3.90|-3.12|6.61|6.32|6.66|6.21|17.23|6.41|25632841|163402224.00|1|0.0000|0.0000|0.0000|0|6.41
联创电子|002036|0.11|67744398|603682496.00|-2.52|1.20|-8.54|9.14|8.90|9.24|8.35|67.74|9.13|78662496|722394880.00|1|0.0000|0.0000|0.0000|0|9.13
保利联合|002037|3.21|14822600|106096600.00|-0.98|4.46|-6.83|7.40|7.10|7.49|6.68|14.82|7.17|10100000|72255848.00|1|0.0000|0.0000|0.0000|0|7.17
双鹭药业|002038|-0.16|16936400|104465368.00|-0.79|0.64|-4.93|6.28|6.24|6.33|5.98|16.94|6.29|15941225|99869656.00|1|0.0000|0.0000|0.0000|0|6.29
黔源电力|002039|0.13|12494511|188900576.00|-1.25|1.05|-2.11|15.22|15.01|15.36|14.88|12.49|15.20|14561491|220114656.00|1|0.0000|0.0000|0.0000|0|15.20
南 京 港|002040|10.00|34525731|233520240.00|-0.16|10.00|-0.16|6.93|6.29|6.93|6.29|34.53|6.30|8712244|54389532.00|1|0.0000|0.0000|0.0000|0|6.30
登海种业|002041|-4.17|103894848|1301631872.00|2.65|8.83|-6.74|11.94|12.79|13.56|11.62|103.89|12.46|95618297|1129141120.00|1|0.0000|0.0000|0.0000|0|12.46
华孚时尚|002042|10.00|74392150|378231168.00|-2.20|10.00|-9.00|5.50|4.89|5.50|4.55|74.39|5.00|80291400|405729920.00|1|0.0000|0.0000|0.0000|0|5.00
兔 宝 宝|002043|3.10|16036917|167764640.00|-0.87|4.55|-3.68|10.65|10.24|10.80|9.95|16.04|10.33|19738700|200264752.00|1|0.0000|0.0000|0.0000|0|10.33
美年健康|002044|1.57|89109559|446086208.00|-1.77|2.55|-9.23|5.17|5.00|5.22|4.62|89.11|5.09|111359548|562619008.00|1|0.0000|0.0000|0.0000|0|5.09
国光电器|002045|2.35|61433530|749622272.00|-3.14|4.47|-9.97|13.04|12.34|13.31|11.47|61.43|12.74|39846100|517719232.00|1|0.0000|0.0000|0.0000|0|12.74
国机精工|002046|5.14|30384200|395050944.00|-1.95|6.38|-7.70|13.51|12.60|13.67|11.86|30.38|12.85|36269600|467703424.00|1|0.0000|0.0000|0.0000|0|12.85
*ST宝鹰|002047|2.86|21055920|43592148.00|-1.43|3.81|-7.62|2.16|2.07|2.18|1.94|21.06|2.10|18783838|39668036.00|1|0.0000|0.0000|0.0000|0|2.10
宁波华翔|002048|0.32|35497314|439626112.00|-1.90|1.19|-6.90|12.64|12.36|12.75|11.73|35.50|12.60|42478967|538554560.00|1|0.0000|0.0000|0.0000|0|12.60
紫光国微|002049|10.00|58875644|3966993664.00|-1.24|10.00|-2.25|69.06|62.00|69.06|61.37|58.88|62.78|25311517|1593084160.00|1|0.0000|0.0000|0.0000|0|62.78
三花智控|002050|1.27|160444591|3645813248.00|-3.50|3.59|-7.00|23.15|22.06|23.68|21.26|160.44|22.86|188600436|4360752640.00|1|0.0000|0.0000|0.0000|0|22.86
中工国际|002051|3.96|24307574|186116704.00|-1.32|6.07|-3.56|7.88|7.48|8.04|7.31|24.31|7.58|18969603|142221808.00|1|0.0000|0.0000|0.0000|0|7.58
同洲电子|002052|2.84|11432700|68215464.00|-0.17|3.68|-4.68|6.15|5.97|6.20|5.70|11.43|5.98|16570627|100154056.00|1|0.0000|0.0000|0.0000|0|5.98
云南能投|002053|0.84|7170375|75934768.00|-0.19|1.40|-4.11|10.80|10.69|10.86|10.27|7.17|10.71|8194973|87073384.00|1|0.0000|0.0000|0.0000|0|10.71
德美化工|002054|0.56|18217387|94757680.00|-0.74|1.85|-8.52|5.43|5.36|5.50|4.94|18.22|5.40|20013400|109734240.00|1|0.0000|0.0000|0.0000|0|5.40
得润电子|002055|1.69|29408160|134409280.00|-0.84|2.32|-9.92|4.82|4.70|4.85|4.27|29.41|4.74|31216890|148306272.00|1|0.0000|0.0000|0.0000|0|4.74
横店东磁|002056|-1.04|42394401|518304224.00|-1.91|0.08|-6.77|12.42|12.31|12.56|11.70|42.39|12.55|53905250|677554048.00|1|0.0000|0.0000|0.0000|0|12.55
中钢天源|002057|1.13|35602421|247013648.00|-2.68|2.11|-7.75|7.18|6.91|7.25|6.55|35.60|7.10|42060549|294587840.00|1|0.0000|0.0000|0.0000|0|7.10
*ST威尔|002058|-3.11|10574749|95951408.00|-5.80|-1.45|-10.04|9.36|9.10|9.52|8.69|10.57|9.66|10920210|106178312.00|1|0.0000|0.0000|0.0000|0|9.66
云南旅游|002059|4.12|29946288|159603456.00|-0.94|4.87|-5.99|5.56|5.29|5.60|5.02|29.95|5.34|20344849|107444728.00|1|0.0000|0.0000|0.0000|0|5.34
广东建工|002060|-0.29|22293369|74843696.00|-1.46|0.29|-4.09|3.41|3.37|3.43|3.28|22.29|3.42|35066481|118983152.00|1|0.0000|0.0000|0.0000|0|3.42
浙江交科|002061|5.12|49262349|186050480.00|0.54|5.39|-2.43|3.90|3.73|3.91|3.62|49.26|3.71|54980920|202997904.00|1|0.0000|0.0000|0.0000|0|3.71
宏润建设|002062|0.44|24541170|109048040.00|-1.09|1.53|-8.52|4.60|4.53|4.65|4.19|24.54|4.58|44542520|206681296.00|1|0.0000|0.0000|0.0000|0|4.58
远光软件|002063|3.68|75334411|414177728.00|-1.47|4.60|-4.23|5.64|5.36|5.69|5.21|75.33|5.44|72398213|393976608.00|1|0.0000|0.0000|0.0000|0|5.44
华峰化学|002064|0.60|29732668|198446432.00|-0.75|1.34|-2.99|6.74|6.65|6.79|6.50|29.73|6.70|42150450|282028352.00|1|0.0000|0.0000|0.0000|0|6.70
东华软件|002065|3.57|165232188|1435723648.00|-3.00|4.84|-7.95|8.99|8.42|9.10|7.99|165.23|8.68|173437032|1499742976.00|1|0.0000|0.0000|0.0000|0|8.68
瑞泰科技|002066|5.51|7110886|68020056.00|-2.33|7.53|-9.86|9.95|9.21|10.14|8.50|7.11|9.43|6756886|63905440.00|1|0.0000|0.0000|0.0000|0|9.43
景兴纸业|002067|1.79|58998297|194630080.00|-1.49|2.39|-7.76|3.41|3.30|3.43|3.09|59.00|3.35|49610272|166771696.00|1|0.0000|0.0000|0.0000|0|3.35
黑猫股份|002068|-0.10|41713907|379208672.00|-4.98|4.77|-9.96|9.63|9.16|10.10|8.68|41.71|9.64|33342400|329443936.00|1|0.0000|0.0000|0.0000|0|9.64
獐子岛|002069|2.90|20886898|71508136.00|-1.74|4.35|-6.38|3.55|3.39|3.60|3.23|20.89|3.45|16902500|57028192.00|1|0.0000|0.0000|0.0000|0|3.45
凯瑞德|002072|4.62|8526201|31017648.00|-1.09|5.71|-8.97|3.85|3.64|3.89|3.35|8.53|3.68|10330300|37836728.00|1|0.0000|0.0000|0.0000|0|3.68
软控股份|002073|1.26|50117196|348708576.00|-2.95|1.83|-8.57|7.21|6.91|7.25|6.51|50.12|7.12|72876006|523832768.00|1|0.0000|0.0000|0.0000|0|7.12
国轩高科|002074|0.42|23803120|452436000.00|-2.08|0.73|-4.11|19.28|18.80|19.34|18.41|23.80|19.20|25906672|497198208.00|1|0.0000|0.0000|0.0000|0|19.20
沙钢股份|002075|0.40|66885616|321274592.00|-0.60|2.01|-9.44|5.00|4.95|5.08|4.51|66.89|4.98|97257819|488772320.00|1|0.0000|0.0000|0.0000|0|4.98
*ST星光|002076|3.24|87066028|235768752.00|-2.16|5.76|-10.07|2.87|2.72|2.94|2.50|87.07|2.78|75735700|209057296.00|1|0.0000|0.0000|0.0000|0|2.78
大港股份|002077|1.82|17289158|218322992.00|-2.13|3.95|-7.75|12.88|12.38|13.15|11.67|17.29|12.65|14743524|187323008.00|1|0.0000|0.0000|0.0000|0|12.65
太阳纸业|002078|-2.51|24603569|336178944.00|-1.15|-0.57|-3.22|13.62|13.81|13.89|13.52|24.60|13.97|20133710|279531648.00|1|0.0000|0.0000|0.0000|0|13.97
苏州固锝|002079|2.46|18619948|158582304.00|-0.94|3.28|-6.45|8.74|8.45|8.81|7.98|18.62|8.53|23311823|201211808.00|1|0.0000|0.0000|0.0000|0|8.53
中材科技|002080|3.61|30350950|402275488.00|-0.46|4.84|-2.84|13.49|12.96|13.65|12.65|30.35|13.02|28839707|374964064.00|1|0.0000|0.0000|0.0000|0|13.02
金 螳 螂|002081|1.89|25116376|79661408.00|-0.94|2.52|-3.14|3.24|3.15|3.26|3.08|25.12|3.18|33317034|105222296.00|1|0.0000|0.0000|0.0000|0|3.18
万邦德|002082|2.49|10486000|53867144.00|-2.49|3.06|-7.84|5.36|5.10|5.39|4.82|10.49|5.23|13544469|71634840.00|1|0.0000|0.0000|0.0000|0|5.23
孚日股份|002083|-0.24|26775412|109042456.00|-2.38|0.24|-7.14|4.19|4.10|4.21|3.90|26.78|4.20|38704707|164099104.00|1|0.0000|0.0000|0.0000|0|4.20
海鸥住工|002084|10.05|19349967|89009848.00|10.05|10.05|10.05|4.60|4.60|4.60|4.60|19.35|4.18|13495633|56411744.00|1|0.0000|0.0000|0.0000|0|4.18
万丰奥威|002085|3.57|96178233|1360110848.00|-2.66|5.04|-8.47|14.79|13.90|15.00|13.07|96.18|14.28|100088456|1447692544.00|1|0.0000|0.0000|0.0000|0|14.28
东方海洋|002086|2.66|200536100|532808544.00|1.90|3.80|-3.42|2.70|2.68|2.73|2.54|200.54|2.63|103032023|261398240.00|1|0.0000|0.0000|0.0000|0|2.63
鲁阳节能|002088|-0.83|4779412|56628072.00|-1.24|0.33|-4.07|11.95|11.90|12.09|11.56|4.78|12.05|5368509|64661916.00|1|0.0000|0.0000|0.0000|0|12.05
金智科技|002090|2.38|23438080|184070832.00|-2.00|3.13|-8.64|8.18|7.83|8.24|7.30|23.44|7.99|36106999|293696992.00|1|0.0000|0.0000|0.0000|0|7.99
江苏国泰|002091|-0.75|28465102|184664160.00|-0.75|-0.45|-5.70|6.62|6.62|6.64|6.29|28.47|6.67|38600207|258696496.00|1|0.0000|0.0000|0.0000|0|6.67
中泰化学|002092|-0.24|28087117|114936592.00|-2.40|0.48|-4.09|4.15|4.06|4.18|3.99|28.09|4.16|43773868|182169760.00|1|0.0000|0.0000|0.0000|0|4.16
国脉科技|002093|1.13|87168783|836440896.00|-3.09|3.40|-9.06|9.82|9.41|10.04|8.83|87.17|9.71|91651042|873963840.00|1|0.0000|0.0000|0.0000|0|9.71
青岛金王|002094|10.03|198750594|1283978112.00|1.62|10.03|-3.40|6.80|6.28|6.80|5.97|198.75|6.18|145737109|857849216.00|1|0.0000|0.0000|0.0000|0|6.18
生 意 宝|002095|5.85|9464741|135451792.00|-0.99|6.69|-7.04|15.03|14.06|15.15|13.20|9.46|14.20|9824372|141809360.00|1|0.0000|0.0000|0.0000|0|14.20
易普力|002096|5.16|13827219|158935728.00|-0.80|6.14|-3.83|11.82|11.15|11.93|10.81|13.83|11.24|10824762|120380456.00|1|0.0000|0.0000|0.0000|0|11.24
山河智能|002097|2.07|35207957|217498400.00|-2.39|2.87|-7.80|6.41|6.13|6.46|5.79|35.21|6.28|51591273|325324768.00|1|0.0000|0.0000|0.0000|0|6.28
浔兴股份|002098|-1.99|7506400|50683248.00|-0.99|-0.14|-9.23|6.90|6.97|7.03|6.39|7.51|7.04|4381700|30916000.00|1|0.0000|0.0000|0.0000|0|7.04
海翔药业|002099|1.28|17868080|80705344.00|-2.36|1.93|-8.78|4.73|4.56|4.76|4.26|17.87|4.67|21929660|102032192.00|1|0.0000|0.0000|0.0000|0|4.67
天康生物|002100|0.59|164644373|1123078912.00|0.44|3.69|-2.65|6.82|6.81|7.03|6.60|164.64|6.78|152300307|998481536.00|1|0.0000|0.0000|0.0000|0|6.78
广东鸿图|002101|-0.19|21375482|223720624.00|-2.60|0.56|-8.81|10.76|10.50|10.84|9.83|21.38|10.78|27448585|302093760.00|1|0.0000|0.0000|0.0000|0|10.78
能特科技|002102|9.96|21767363|57683512.00|9.96|9.96|9.96|2.65|2.65|2.65|2.65|21.77|2.41|77274000|185946624.00|1|0.0000|0.0000|0.0000|0|2.41
广博股份|002103|4.59|28479714|213942480.00|-2.36|6.03|-9.96|7.98|7.45|8.09|6.87|28.48|7.63|25829008|200116464.00|1|0.0000|0.0000|0.0000|0|7.63
恒宝股份|002104|3.03|75150835|529499392.00|-2.75|4.55|-10.06|7.48|7.06|7.59|6.53|75.15|7.26|59049680|424449088.00|1|0.0000|0.0000|0.0000|0|7.26
信隆健康|002105|2.76|38669398|264226640.00|-1.60|4.36|-9.45|7.07|6.77|7.18|6.23|38.67|6.88|35314151|242586672.00|1|0.0000|0.0000|0.0000|0|6.88
莱宝高科|002106|1.14|33748270|290129024.00|-1.72|2.06|-7.78|8.84|8.59|8.92|8.06|33.75|8.74|45379557|399043424.00|1|0.0000|0.0000|0.0000|0|8.74
沃华医药|002107|3.54|23299256|90385992.00|-0.76|4.81|-8.86|4.09|3.92|4.14|3.60|23.30|3.95|30497990|123535096.00|1|0.0000|0.0000|0.0000|0|3.95
沧州明珠|002108|0.63|28325983|88111080.00|-0.95|1.58|-5.38|3.18|3.13|3.21|2.99|28.33|3.16|34123775|107355776.00|1|0.0000|0.0000|0.0000|0|3.16
兴化股份|002109|2.82|15781088|44370196.00|-0.70|3.52|-7.04|2.92|2.82|2.94|2.64|15.78|2.84|18896139|53697192.00|1|0.0000|0.0000|0.0000|0|2.84
三钢闽光|002110|-0.58|43547672|147551184.00|-1.45|3.18|-6.07|3.44|3.41|3.57|3.25|43.55|3.46|26124700|90169480.00|1|0.0000|0.0000|0.0000|0|3.46
威海广泰|002111|4.25|15846464|150607392.00|-1.17|4.68|-4.99|9.81|9.30|9.85|8.94|15.85|9.41|15037020|142856112.00|1|0.0000|0.0000|0.0000|0|9.41
三变科技|002112|1.60|20144030|231405296.00|-2.70|2.70|-9.94|12.06|11.55|12.19|10.69|20.14|11.87|21815200|255560768.00|1|0.0000|0.0000|0.0000|0|11.87
罗平锌电|002114|2.12|18051801|100230136.00|-1.94|3.17|-9.17|5.79|5.56|5.85|5.15|18.05|5.67|16280400|92997792.00|1|0.0000|0.0000|0.0000|0|5.67
三维通信|002115|2.68|124754938|817548416.00|-2.98|4.02|-9.97|6.90|6.52|6.99|6.05|124.75|6.72|134572254|911448320.00|1|0.0000|0.0000|0.0000|0|6.72
中国海诚|002116|3.95|13519237|127328536.00|-1.71|5.23|-4.16|9.74|9.21|9.86|8.98|13.52|9.37|11295500|104916712.00|1|0.0000|0.0000|0.0000|0|9.37
东港股份|002117|1.40|33903222|357284928.00|-2.23|3.35|-9.59|10.89|10.50|11.10|9.71|33.90|10.74|37883422|413026240.00|1|0.0000|0.0000|0.0000|0|10.74
康强电子|002119|1.78|18768773|260292112.00|-2.99|2.85|-9.69|14.29|13.62|14.44|12.68|18.77|14.04|18429858|259974032.00|1|0.0000|0.0000|0.0000|0|14.04
韵达股份|002120|0.91|37962599|249402032.00|-1.21|1.06|-3.17|6.68|6.54|6.69|6.41|37.96|6.62|39893930|262375120.00|1|0.0000|0.0000|0.0000|0|6.62
科陆电子|002121|2.74|30890544|111771456.00|0.00|3.56|-7.67|3.75|3.65|3.78|3.37|30.89|3.65|42410951|155784384.00|1|0.0000|0.0000|0.0000|0|3.65
ST汇洲|002122|5.68|153957367|571803648.00|-2.43|10.00|-10.00|3.91|3.61|4.07|3.33|153.96|3.70|96957765|357300832.00|1|0.0000|0.0000|0.0000|0|3.70
梦网科技|002123|2.64|61483279|736234240.00|-3.22|3.80|-9.16|12.44|11.73|12.58|11.01|61.48|12.12|73945210|889238720.00|1|0.0000|0.0000|0.0000|0|12.12
天邦食品|002124|-0.33|83075714|246828832.00|-1.00|1.67|-3.01|2.98|2.96|3.04|2.90|83.08|2.99|107971662|317143232.00|1|0.0000|0.0000|0.0000|0|2.99
湘潭电化|002125|0.98|15225415|137175712.00|-1.52|1.85|-7.29|9.28|9.05|9.36|8.52|15.23|9.19|20890655|192574864.00|1|0.0000|0.0000|0.0000|0|9.19
银轮股份|002126|1.63|57382876|1249995264.00|-2.44|3.17|-7.29|22.46|21.56|22.80|20.49|57.38|22.10|62028111|1376841472.00|1|0.0000|0.0000|0.0000|0|22.10
南极电商|002127|5.06|62650703|225134176.00|-1.12|7.87|-7.87|3.74|3.52|3.84|3.28|62.65|3.56|60843531|213141552.00|1|0.0000|0.0000|0.0000|0|3.56
电投能源|002128|-1.29|14661192|256947280.00|-0.39|-0.39|-3.69|17.65|17.81|17.81|17.22|14.66|17.88|19642365|351061632.00|1|0.0000|0.0000|0.0000|0|17.88
TCL中环|002129|-0.13|79092830|599576960.00|-2.07|0.52|-5.94|7.73|7.58|7.78|7.28|79.09|7.74|95429841|741641664.00|1|0.0000|0.0000|0.0000|0|7.74
沃尔核材|002130|2.78|102838110|1647266432.00|-2.35|3.83|-8.53|16.63|15.80|16.80|14.80|102.84|16.18|103505467|1697206144.00|1|0.0000|0.0000|0.0000|0|16.18
利欧股份|002131|2.97|487534658|1457743360.00|-0.99|4.29|-9.90|3.12|3.00|3.16|2.73|487.53|3.03|421906255|1268965120.00|1|0.0000|0.0000|0.0000|0|3.03
恒星科技|002132|1.05|96301762|264443584.00|-2.11|1.40|-9.47|2.88|2.79|2.89|2.58|96.30|2.85|128587628|370367840.00|1|0.0000|0.0000|0.0000|0|2.85
广宇集团|002133|10.08|28695849|71136360.00|-1.68|10.08|-7.56|2.62|2.34|2.62|2.20|28.70|2.38|18473421|43237320.00|1|0.0000|0.0000|0.0000|0|2.38
天津普林|002134|0.13|18441151|267000256.00|-1.32|1.78|-10.00|15.22|15.00|15.47|13.68|18.44|15.20|9885800|152911552.00|1|0.0000|0.0000|0.0000|0|15.20
东南网架|002135|2.54|17127000|67018232.00|-0.76|3.31|-5.09|4.03|3.90|4.06|3.73|17.13|3.93|18258000|71838144.00|1|0.0000|0.0000|0.0000|0|3.93
安 纳 达|002136|0.47|6864250|56931376.00|-2.22|1.05|-8.40|8.61|8.38|8.66|7.85|6.86|8.57|10085000|86694224.00|1|0.0000|0.0000|0.0000|0|8.57
实益达|002137|4.47|33411000|206097328.00|-2.24|5.75|-9.90|6.54|6.12|6.62|5.64|33.41|6.26|30109100|191467168.00|1|0.0000|0.0000|0.0000|0|6.26
顺络电子|002138|2.71|17429756|423784640.00|-2.00|4.20|-3.50|24.67|23.54|25.03|23.18|17.43|24.02|19087411|460024672.00|1|0.0000|0.0000|0.0000|0|24.02
拓邦股份|002139|1.72|78920851|905282944.00|-3.18|2.40|-8.33|11.85|11.28|11.93|10.68|78.92|11.65|91690279|1089565056.00|1|0.0000|0.0000|0.0000|0|11.65
东华科技|002140|2.51|15524366|145424688.00|-3.03|3.97|-7.95|9.80|9.27|9.94|8.80|15.52|9.56|18062060|173469232.00|1|0.0000|0.0000|0.0000|0|9.56
贤丰控股|002141|4.35|17384780|28818088.00|0.62|4.97|-1.24|1.68|1.62|1.69|1.59|17.38|1.61|9642850|15494734.00|1|0.0000|0.0000|0.0000|0|1.61
宁波银行|002142|-0.89|37886937|884973440.00|-1.10|0.00|-1.70|23.36|23.31|23.57|23.17|37.89|23.57|55466528|1297736064.00|1|0.0000|0.0000|0.0000|0|23.57
宏达高科|002144|1.47|4567202|42697624.00|-0.52|3.56|-8.06|9.69|9.50|9.89|8.78|4.57|9.55|7099401|68578936.00|1|0.0000|0.0000|0.0000|0|9.55
钛能化学|002145|0.50|58979853|232528592.00|-1.50|1.00|-5.74|4.03|3.95|4.05|3.78|58.98|4.01|64684980|258915584.00|1|0.0000|0.0000|0.0000|0|4.01
荣盛发展|002146|2.96|163315493|218199600.00|-2.22|4.44|-8.15|1.39|1.32|1.41|1.24|163.32|1.35|133772607|178664976.00|1|0.0000|0.0000|0.0000|0|1.35
北纬科技|002148|3.29|23974488|136402320.00|-1.73|4.51|-9.01|5.96|5.67|6.03|5.25|23.97|5.77|28783532|166453968.00|1|0.0000|0.0000|0.0000|0|5.77
西部材料|002149|7.00|23939152|475104416.00|-0.53|9.49|-3.34|20.18|18.76|20.65|18.23|23.94|18.86|19983300|372055520.00|1|0.0000|0.0000|0.0000|0|18.86
通润装备|002150|-1.81|11778111|123379760.00|-3.53|-0.72|-9.96|10.84|10.65|10.96|9.94|11.78|11.04|14595909|162856496.00|1|0.0000|0.0000|0.0000|0|11.04
北斗星通|002151|5.52|12076102|290349856.00|0.04|6.82|-1.47|24.45|23.18|24.75|22.83|12.08|23.17|9493489|220407376.00|1|0.0000|0.0000|0.0000|0|23.17
广电运通|002152|3.87|60812400|685307136.00|-1.35|4.86|-4.32|11.53|10.95|11.64|10.62|60.81|11.10|66861385|746392704.00|1|0.0000|0.0000|0.0000|0|11.10
石基信息|002153|3.04|28075394|186164976.00|-1.82|3.95|-5.32|6.78|6.46|6.84|6.23|28.08|6.58|38068652|252800272.00|1|0.0000|0.0000|0.0000|0|6.58
报 喜 鸟|002154|0.79|36577507|137744464.00|-0.79|2.36|-5.76|3.85|3.79|3.91|3.60|36.58|3.82|33938700|129919576.00|1|0.0000|0.0000|0.0000|0|3.82
湖南黄金|002155|5.91|76132017|1526902912.00|-2.98|7.22|-6.26|20.98|19.22|21.24|18.57|76.13|19.81|62129417|1227931904.00|1|0.0000|0.0000|0.0000|0|19.81
通富微电|002156|3.07|58387985|1341368832.00|-2.55|4.35|-5.62|23.48|22.20|23.77|21.50|58.39|22.78|57774216|1326839424.00|1|0.0000|0.0000|0.0000|0|22.78
正邦科技|002157|0.00|255476043|743594432.00|0.00|5.17|-2.41|2.90|2.90|3.05|2.83|255.48|2.90|265605597|750673216.00|1|0.0000|0.0000|0.0000|0|2.90
汉钟精机|002158|1.31|11126696|184537200.00|-1.25|1.97|-4.90|16.97|16.54|17.08|15.93|11.13|16.75|16349394|275671296.00|1|0.0000|0.0000|0.0000|0|16.75
三特索道|002159|3.54|9330800|131942024.00|-1.94|4.65|-8.88|14.92|14.13|15.08|13.13|9.33|14.41|6358200|91349112.00|1|0.0000|0.0000|0.0000|0|14.41
常铝股份|002160|1.51|34883533|112447240.00|-2.11|2.42|-8.76|3.36|3.24|3.39|3.02|34.88|3.31|41278301|137913600.00|1|0.0000|0.0000|0.0000|0|3.31
远 望 谷|002161|2.75|19636502|98312152.00|-2.35|3.14|-9.61|5.24|4.98|5.26|4.61|19.64|5.10|20646564|104523536.00|1|0.0000|0.0000|0.0000|0|5.10
悦心健康|002162|1.41|40403010|139185088.00|-0.85|2.26|-9.60|3.59|3.51|3.62|3.20|40.40|3.54|34358714|122135616.00|1|0.0000|0.0000|0.0000|0|3.54
海南发展|002163|9.97|38556382|263339152.00|0.15|9.97|-7.74|7.39|6.73|7.39|6.20|38.56|6.72|34498100|228212800.00|1|0.0000|0.0000|0.0000|0|6.72
宁波东力|002164|3.87|48113100|307350848.00|-2.94|4.95|-9.13|6.71|6.27|6.78|5.87|48.11|6.46|55948301|360668864.00|1|0.0000|0.0000|0.0000|0|6.46
红 宝 丽|002165|-0.42|310944811|2109424384.00|-4.63|4.77|-9.96|7.10|6.80|7.47|6.42|310.94|7.13|271863601|1913780992.00|1|0.0000|0.0000|0.0000|0|7.13
莱茵生物|002166|-1.07|29711021|213571280.00|-2.53|-0.27|-9.87|7.42|7.31|7.48|6.76|29.71|7.50|29446748|216506800.00|1|0.0000|0.0000|0.0000|0|7.50
东方锆业|002167|3.50|60690800|464043584.00|-2.98|4.40|-9.07|7.99|7.49|8.06|7.02|60.69|7.72|66131852|508572704.00|1|0.0000|0.0000|0.0000|0|7.72
*ST惠程|002168|0.00|12258720|25010642.00|-0.96|1.44|-4.78|2.09|2.07|2.12|1.99|12.26|2.09|14649680|30872486.00|1|0.0000|0.0000|0.0000|0|2.09
智光电气|002169|1.78|17105661|84136888.00|-1.78|2.77|-9.31|5.14|4.96|5.19|4.58|17.11|5.05|17956534|91424632.00|1|0.0000|0.0000|0.0000|0|5.05
芭田股份|002170|1.03|36052142|340222752.00|-0.10|2.78|-8.86|9.81|9.70|9.98|8.85|36.05|9.71|37825838|364152064.00|1|0.0000|0.0000|0.0000|0|9.71
楚江新材|002171|6.54|40730774|337076288.00|-1.85|8.40|-8.15|8.63|7.95|8.78|7.44|40.73|8.10|34211783|275773920.00|1|0.0000|0.0000|0.0000|0|8.10
澳洋健康|002172|2.32|22401647|66309676.00|-0.99|2.98|-7.62|3.09|2.99|3.11|2.79|22.40|3.02|25325625|76442968.00|1|0.0000|0.0000|0.0000|0|3.02
创新医疗|002173|1.07|47277499|381270144.00|-2.74|2.74|-10.01|8.48|8.16|8.62|7.55|47.28|8.39|40831000|342871264.00|1|0.0000|0.0000|0.0000|0|8.39
游族网络|002174|0.74|22441200|180471728.00|-2.08|1.35|-6.25|8.22|7.99|8.27|7.65|22.44|8.16|31878897|261549888.00|1|0.0000|0.0000|0.0000|0|8.16
东方智造|002175|5.72|127718260|512633632.00|-2.99|9.45|-9.95|4.25|3.90|4.40|3.62|127.72|4.02|102276168|409483808.00|1|0.0000|0.0000|0.0000|0|4.02
江特电机|002176|0.00|36686343|241684304.00|-1.34|0.89|-6.82|6.74|6.65|6.80|6.28|36.69|6.74|42191129|283122720.00|1|0.0000|0.0000|0.0000|0|6.74
御银股份|002177|3.96|41194800|156528768.00|-3.17|8.97|-8.71|3.94|3.67|4.13|3.46|41.19|3.79|32514596|123749008.00|1|0.0000|0.0000|0.0000|0|3.79
延华智能|002178|3.77|33332191|174125040.00|-1.88|4.90|-9.60|5.51|5.21|5.57|4.80|33.33|5.31|29255919|154526272.00|1|0.0000|0.0000|0.0000|0|5.31
中航光电|002179|3.97|34311402|1468729984.00|-0.70|5.81|-1.19|42.94|41.01|43.70|40.81|34.31|41.30|30103733|1223754368.00|1|0.0000|0.0000|0.0000|0|41.30
纳思达|002180|1.66|20781891|468507072.00|-0.99|3.58|-3.36|22.69|22.10|23.12|21.57|20.78|22.32|18309691|406189344.00|1|0.0000|0.0000|0.0000|0|22.32
粤 传 媒|002181|2.07|32303700|151925344.00|-3.31|3.10|-9.71|4.94|4.68|4.99|4.37|32.30|4.84|35156363|169489472.00|1|0.0000|0.0000|0.0000|0|4.84
宝武镁业|002182|0.00|26831195|292201696.00|-2.32|1.25|-8.74|11.21|10.95|11.35|10.23|26.83|11.21|31263850|356210976.00|1|0.0000|0.0000|0.0000|0|11.21
怡 亚 通|002183|5.34|86322721|359483616.00|-1.70|5.83|-6.80|4.34|4.05|4.36|3.84|86.32|4.12|77316800|314452192.00|1|0.0000|0.0000|0.0000|0|4.12
海得控制|002184|2.51|19916538|202962720.00|-3.09|4.06|-9.57|10.61|10.03|10.77|9.36|19.92|10.35|22431082|231267632.00|1|0.0000|0.0000|0.0000|0|10.35
华天科技|002185|2.43|77035456|699483392.00|-1.87|3.86|-6.50|9.29|8.90|9.42|8.48|77.04|9.07|72827141|663211712.00|1|0.0000|0.0000|0.0000|0|9.07
全 聚 德|002186|3.35|14811993|150748144.00|-1.48|4.13|-6.69|10.50|10.01|10.58|9.48|14.81|10.16|10061387|101363184.00|1|0.0000|0.0000|0.0000|0|10.16
广百股份|002187|4.30|70244937|476735072.00|-0.45|9.05|-5.64|7.03|6.71|7.35|6.36|70.24|6.74|57453517|378765824.00|1|0.0000|0.0000|0.0000|0|6.74
中天服务|002188|3.27|16260174|64226800.00|-2.27|4.28|-7.81|4.10|3.88|4.14|3.66|16.26|3.97|18333800|72456280.00|1|0.0000|0.0000|0.0000|0|3.97
中光学|002189|6.10|9543585|161116352.00|-1.10|10.01|-7.20|17.39|16.21|18.03|15.21|9.54|16.39|6017495|98650360.00|1|0.0000|0.0000|0.0000|0|16.39
成飞集成|002190|4.82|9929858|151382864.00|-1.61|5.56|-4.28|15.66|14.70|15.77|14.30|9.93|14.94|7537150|112033104.00|1|0.0000|0.0000|0.0000|0|14.94
劲嘉股份|002191|0.85|16757402|58366440.00|-1.14|1.42|-4.83|3.55|3.48|3.57|3.35|16.76|3.52|19161236|67268576.00|1|0.0000|0.0000|0.0000|0|3.52
融捷股份|002192|-0.30|7501448|193887600.00|-2.80|0.45|-7.44|26.68|26.01|26.88|24.77|7.50|26.76|7201367|192285488.00|1|0.0000|0.0000|0.0000|0|26.76
如意集团|002193|2.75|14305498|65543896.00|-2.75|3.60|-9.96|4.85|4.59|4.89|4.25|14.31|4.72|13405698|63092676.00|1|0.0000|0.0000|0.0000|0|4.72
武汉凡谷|002194|3.35|31532096|299188032.00|-3.24|4.50|-8.79|9.88|9.25|9.99|8.72|31.53|9.56|38827205|377872832.00|1|0.0000|0.0000|0.0000|0|9.56
岩山科技|002195|3.47|472057655|2153237504.00|-2.39|4.99|-9.98|4.77|4.50|4.84|4.15|472.06|4.61|464977863|2156076032.00|1|0.0000|0.0000|0.0000|0|4.61
方正电机|002196|3.86|63925556|445090304.00|-2.86|5.00|-8.57|7.27|6.80|7.35|6.40|63.93|7.00|65127320|464126848.00|1|0.0000|0.0000|0.0000|0|7.00
证通电子|002197|-3.22|45083725|201046368.00|-4.94|-0.86|-4.94|4.51|4.43|4.62|4.43|45.08|4.66|2653800|12366708.00|1|0.0000|0.0000|0.0000|0|4.66
嘉应制药|002198|0.33|12127098|72034856.00|-2.78|1.14|-7.52|6.14|5.95|6.19|5.66|12.13|6.12|15960400|98251096.00|1|0.0000|0.0000|0.0000|0|6.12
*ST东晶|002199|1.69|16516129|75944424.00|-5.06|2.11|-5.06|4.82|4.50|4.84|4.50|16.52|4.74|6163592|29220508.00|1|0.0000|0.0000|0.0000|0|4.74
*ST交投|002200|1.56|1430900|7339443.00|0.00|2.34|-3.90|5.21|5.13|5.25|4.93|1.43|5.13|1606300|8266109.00|1|0.0000|0.0000|0.0000|0|5.13
九鼎新材|002201|-3.61|56038808|333009600.00|-4.24|-1.26|-10.05|6.14|6.10|6.29|5.73|56.04|6.37|65705415|400496256.00|1|0.0000|0.0000|0.0000|0|6.37
金风科技|002202|0.76|50778025|398922816.00|-1.39|1.26|-3.54|7.98|7.81|8.02|7.64|50.78|7.92|64531305|509478880.00|1|0.0000|0.0000|0.0000|0|7.92
海亮股份|002203|-1.14|8895545|76723392.00|-0.80|-0.23|-3.08|8.68|8.71|8.76|8.51|8.90|8.78|17200468|149736048.00|1|0.0000|0.0000|0.0000|0|8.78
大连重工|002204|6.45|245665497|1359611392.00|-2.95|7.92|-7.37|5.78|5.27|5.86|5.03|245.67|5.43|188085302|1012721600.00|1|0.0000|0.0000|0.0000|0|5.43
国统股份|002205|2.51|9182786|75458208.00|-2.16|3.71|-8.02|8.56|8.17|8.66|7.68|9.18|8.35|9665187|80275992.00|1|0.0000|0.0000|0.0000|0|8.35
海 利 得|002206|1.48|53375050|212983168.00|-1.48|2.46|-7.39|4.12|4.00|4.16|3.76|53.38|4.06|74590068|307257952.00|1|0.0000|0.0000|0.0000|0|4.06
准油股份|002207|2.69|12834372|60879392.00|0.00|3.51|-8.68|4.97|4.84|5.01|4.42|12.83|4.84|14983600|72520440.00|1|0.0000|0.0000|0.0000|0|4.84
合肥城建|002208|4.90|19735438|114557944.00|-0.70|5.78|-4.90|5.99|5.67|6.04|5.43|19.74|5.71|17665040|100563584.00|1|0.0000|0.0000|0.0000|0|5.71
达 意 隆|002209|4.75|14891798|133841552.00|-3.20|4.86|-9.82|9.49|8.77|9.50|8.17|14.89|9.06|12864200|117998800.00|1|0.0000|0.0000|0.0000|0|9.06
飞马国际|002210|2.71|129907123|280812736.00|-2.71|3.62|-9.50|2.27|2.15|2.29|2.00|129.91|2.21|132239400|294017984.00|1|0.0000|0.0000|0.0000|0|2.21
ST宏达|002211|4.22|20351200|61572048.00|0.32|4.22|-9.74|3.21|3.09|3.21|2.78|20.35|3.08|24102500|74275504.00|1|0.0000|0.0000|0.0000|0|3.08
天融信|002212|2.40|47296234|329960000.00|-2.40|3.25|-8.06|7.24|6.90|7.30|6.50|47.30|7.07|58657739|412053280.00|1|0.0000|0.0000|0.0000|0|7.07
大为股份|002213|6.42|21828900|260790720.00|-4.17|7.00|-10.00|12.77|11.50|12.84|10.80|21.83|12.00|17755400|217193376.00|1|0.0000|0.0000|0.0000|0|12.00
*ST大立|002214|2.58|9572123|80768512.00|-0.23|3.87|-6.80|8.75|8.51|8.86|7.95|9.57|8.53|11280613|97989344.00|1|0.0000|0.0000|0.0000|0|8.53
诺 普 信|002215|0.34|31930200|277192704.00|-1.58|1.02|-4.98|8.87|8.70|8.93|8.40|31.93|8.84|45781331|395019808.00|1|0.0000|0.0000|0.0000|0|8.84
三全食品|002216|3.40|25102977|294701984.00|0.96|4.62|-1.39|11.87|11.59|12.01|11.32|25.10|11.48|11694190|131067888.00|1|0.0000|0.0000|0.0000|0|11.48
合力泰|002217|-0.51|79677694|151420640.00|-5.08|0.00|-5.08|1.96|1.87|1.97|1.87|79.68|1.97|15925600|31373432.00|1|0.0000|0.0000|0.0000|0|1.97
拓日新能|002218|1.36|28283044|81099296.00|-1.02|1.69|-7.80|2.99|2.92|3.00|2.72|28.28|2.95|27812934|82254960.00|1|0.0000|0.0000|0.0000|0|2.95
新里程|002219|0.89|60664498|133893360.00|-0.89|2.22|-6.67|2.27|2.23|2.30|2.10|60.66|2.25|55973040|125227736.00|1|0.0000|0.0000|0.0000|0|2.25
东华能源|002221|-5.15|62258002|472245920.00|1.23|1.35|-9.94|7.73|8.25|8.26|7.34|62.26|8.15|25264990|208356720.00|1|0.0000|0.0000|0.0000|0|8.15
福晶科技|002222|1.42|18032793|540408256.00|-2.17|3.03|-8.49|30.81|29.72|31.30|27.80|18.03|30.38|16516061|504300640.00|1|0.0000|0.0000|0.0000|0|30.38
鱼跃医疗|002223|0.44|9772807|333359360.00|-1.17|1.11|-2.04|34.39|33.84|34.62|33.54|9.77|34.24|9228986|314670784.00|1|0.0000|0.0000|0.0000|0|34.24
三 力 士|002224|0.74|15241643|60551796.00|-1.96|1.47|-7.84|4.11|4.00|4.14|3.76|15.24|4.08|19451690|79336384.00|1|0.0000|0.0000|0.0000|0|4.08
濮耐股份|002225|4.07|28660472|132958160.00|1.71|6.00|-8.35|4.86|4.75|4.95|4.28|28.66|4.67|31489100|146425200.00|1|0.0000|0.0000|0.0000|0|4.67
江南化工|002226|4.27|41205180|215843504.00|-0.97|5.24|-2.91|5.37|5.10|5.42|5.00|41.21|5.15|46099340|235964544.00|1|0.0000|0.0000|0.0000|0|5.15
奥 特 迅|002227|3.77|13592162|134936288.00|-2.78|4.96|-9.62|10.46|9.80|10.58|9.11|13.59|10.08|16071500|163512496.00|1|0.0000|0.0000|0.0000|0|10.08
合兴包装|002228|1.42|22742087|63068096.00|-1.07|2.14|-4.98|2.85|2.78|2.87|2.67|22.74|2.81|23484620|65953584.00|1|0.0000|0.0000|0.0000|0|2.81
鸿博股份|002229|1.92|27608249|266363888.00|-2.22|3.43|-9.88|10.11|9.70|10.26|8.94|27.61|9.92|30287685|297973984.00|1|0.0000|0.0000|0.0000|0|9.92
科大讯飞|002230|1.52|50609420|2163598080.00|-2.01|2.01|-3.72|43.44|41.93|43.65|41.20|50.61|42.79|57554111|2453207552.00|1|0.0000|0.0000|0.0000|0|42.79
*ST奥维|002231|3.96|17035238|76430752.00|-1.76|4.18|-9.01|4.73|4.47|4.74|4.14|17.04|4.55|15755800|70559496.00|1|0.0000|0.0000|0.0000|0|4.55
启明信息|002232|3.78|11575800|175984352.00|-2.87|5.02|-8.48|15.91|14.89|16.10|14.03|11.58|15.33|14752311|228002400.00|1|0.0000|0.0000|0.0000|0|15.33
塔牌集团|002233|0.13|14900194|117419024.00|-0.88|0.75|-3.25|8.00|7.92|8.05|7.73|14.90|7.99|20915256|165652736.00|1|0.0000|0.0000|0.0000|0|7.99
民和股份|002234|-2.05|40455461|407226272.00|-0.98|3.90|-6.34|10.04|10.15|10.65|9.60|40.46|10.25|40076984|390575072.00|1|0.0000|0.0000|0.0000|0|10.25
安妮股份|002235|3.60|27674560|123144160.00|-0.90|4.49|-7.42|4.61|4.41|4.65|4.12|27.67|4.45|29642321|132210216.00|1|0.0000|0.0000|0.0000|0|4.45
大华股份|002236|1.82|71650446|1068728960.00|-0.34|2.36|-3.17|15.11|14.79|15.19|14.37|71.65|14.84|72921247|1080471040.00|1|0.0000|0.0000|0.0000|0|14.84
恒邦股份|002237|0.41|26104487|250830672.00|-2.55|1.12|-5.71|9.85|9.56|9.92|9.25|26.10|9.81|29966369|291500480.00|1|0.0000|0.0000|0.0000|0|9.81
天威视讯|002238|3.54|15896096|116311776.00|-1.90|4.22|-6.94|7.61|7.21|7.66|6.84|15.90|7.35|13983279|101849792.00|1|0.0000|0.0000|0.0000|0|7.35
奥特佳|002239|1.15|92656519|235804096.00|-1.15|2.31|-9.23|2.63|2.57|2.66|2.36|92.66|2.60|95051391|248165440.00|1|0.0000|0.0000|0.0000|0|2.60
盛新锂能|002240|0.89|11563367|127961488.00|-1.33|1.33|-5.60|11.35|11.10|11.40|10.62|11.56|11.25|14475579|161755904.00|1|0.0000|0.0000|0.0000|0|11.25
歌尔股份|002241|-0.37|282500927|5082247168.00|-8.18|0.37|-9.71|18.88|17.40|19.02|17.11|282.50|18.95|79545471|1508230272.00|1|0.0000|0.0000|0.0000|0|18.95
九阳股份|002242|1.22|7610099|68268856.00|-1.99|1.55|-3.76|9.15|8.86|9.18|8.70|7.61|9.04|10621498|94452224.00|1|0.0000|0.0000|0.0000|0|9.04
力合科创|002243|1.47|18069521|132894768.00|-1.74|2.41|-6.57|7.57|7.33|7.64|6.97|18.07|7.46|25316507|189764752.00|1|0.0000|0.0000|0.0000|0|7.46
滨江集团|002244|2.68|48385152|472160928.00|-2.68|3.71|-3.81|9.97|9.45|10.07|9.34|48.39|9.71|47240594|449691968.00|1|0.0000|0.0000|0.0000|0|9.71
蔚蓝锂芯|002245|1.12|74255823|839843904.00|-3.69|2.49|-9.54|11.77|11.21|11.93|10.53|74.26|11.64|88336461|1036049792.00|1|0.0000|0.0000|0.0000|0|11.64
北化股份|002246|5.37|19205778|179048016.00|-1.75|6.36|-5.70|9.61|8.96|9.70|8.60|19.21|9.12|15572800|142336240.00|1|0.0000|0.0000|0.0000|0|9.12
聚力文化|002247|2.82|27969100|57949976.00|-2.35|3.29|-9.39|2.19|2.08|2.20|1.93|27.97|2.13|24979100|53033400.00|1|0.0000|0.0000|0.0000|0|2.13
华东数控|002248|3.03|26342281|179204832.00|-1.15|4.76|-9.81|7.14|6.85|7.26|6.25|26.34|6.93|31301709|219408144.00|1|0.0000|0.0000|0.0000|0|6.93
大洋电机|002249|1.00|164900992|968714176.00|-3.34|2.17|-9.02|6.05|5.79|6.12|5.45|164.90|5.99|213303783|1279710208.00|1|0.0000|0.0000|0.0000|0|5.99
联化科技|002250|0.17|39686150|227091664.00|-2.88|0.51|-8.46|5.92|5.74|5.94|5.41|39.69|5.91|43040306|255975280.00|1|0.0000|0.0000|0.0000|0|5.91
步步高|002251|3.39|41797936|159942048.00|0.00|4.96|-4.96|3.96|3.83|4.02|3.64|41.80|3.83|41569504|156815616.00|1|0.0000|0.0000|0.0000|0|3.83
上海莱士|002252|-1.01|76406367|523077536.00|-1.29|-0.43|-3.30|6.89|6.87|6.93|6.73|76.41|6.96|108128425|747684736.00|1|0.0000|0.0000|0.0000|0|6.96
*ST智胜|002253|4.63|13355348|120746024.00|-4.20|5.17|-10.01|9.72|8.90|9.77|8.36|13.36|9.29|12245910|113510640.00|1|0.0000|0.0000|0.0000|0|9.29
泰和新材|002254|-2.35|87827438|962056000.00|-2.79|-0.70|-8.46|11.20|11.15|11.39|10.50|87.83|11.47|125032080|1347247488.00|1|0.0000|0.0000|0.0000|0|11.47
海陆重工|002255|-0.53|141103340|1021777728.00|-6.46|2.37|-10.01|7.55|7.10|7.77|6.83|141.10|7.59|173456550|1340188032.00|1|0.0000|0.0000|0.0000|0|7.59
兆新股份|002256|1.98|42063419|82631376.00|-0.99|2.97|-9.41|2.06|2.00|2.08|1.83|42.06|2.02|38558720|77772144.00|1|0.0000|0.0000|0.0000|0|2.02
利尔化学|002258|-3.60|81169701|784924992.00|-3.70|-2.24|-10.02|9.91|9.90|10.05|9.25|81.17|10.28|114714371|1134666112.00|1|0.0000|0.0000|0.0000|0|10.28
升达林业|002259|0.47|8663001|18331114.00|-1.86|1.86|-5.12|2.16|2.11|2.19|2.04|8.66|2.15|9904500|21375296.00|1|0.0000|0.0000|0.0000|0|2.15
拓维信息|002261|3.68|149798171|3638950912.00|-2.81|5.29|-7.85|25.09|23.52|25.48|22.30|149.80|24.20|148698990|3542545408.00|1|0.0000|0.0000|0.0000|0|24.20
恩华药业|002262|1.96|12899652|278202208.00|-1.02|3.03|-2.65|21.89|21.25|22.12|20.90|12.90|21.47|14649198|311121376.00|1|0.0000|0.0000|0.0000|0|21.47
大东南|002263|2.30|34008433|73278760.00|-0.46|3.23|-6.91|2.22|2.16|2.24|2.02|34.01|2.17|39407424|86191248.00|1|0.0000|0.0000|0.0000|0|2.17
新 华 都|002264|3.69|16370901|88164376.00|-1.29|4.06|-6.83|5.62|5.35|5.64|5.05|16.37|5.42|16894985|90911880.00|1|0.0000|0.0000|0.0000|0|5.42
建设工业|002265|10.01|30188601|556814784.00|-0.89|10.01|-8.27|19.68|17.73|19.68|16.41|30.19|17.89|26515900|467915200.00|1|0.0000|0.0000|0.0000|0|17.89
浙富控股|002266|-0.33|55643207|163632272.00|-1.00|0.33|-3.67|2.99|2.97|3.01|2.89|55.64|3.00|55144580|165505712.00|1|0.0000|0.0000|0.0000|0|3.00
陕天然气|002267|-0.61|12484312|99617400.00|-0.25|-0.12|-3.80|8.10|8.13|8.14|7.84|12.48|8.15|16070504|130235328.00|1|0.0000|0.0000|0.0000|0|8.15
电科网安|002268|2.96|17780063|261837728.00|-1.03|4.13|-4.26|14.97|14.39|15.14|13.92|17.78|14.54|16859944|243761856.00|1|0.0000|0.0000|0.0000|0|14.54
美邦服饰|002269|0.61|143415166|226506832.00|-3.05|1.83|-9.76|1.65|1.59|1.67|1.48|143.42|1.64|133070116|214310368.00|1|0.0000|0.0000|0.0000|0|1.64
华明装备|002270|2.29|11079326|156667792.00|-0.79|3.14|-3.86|14.32|13.89|14.44|13.46|11.08|14.00|13969770|194482640.00|1|0.0000|0.0000|0.0000|0|14.00
东方雨虹|002271|3.57|35098353|409479488.00|-1.04|4.35|-2.87|11.91|11.38|12.00|11.17|35.10|11.50|30713966|349565120.00|1|0.0000|0.0000|0.0000|0|11.50
川润股份|002272|3.17|35736850|264721664.00|-1.85|4.23|-10.05|7.80|7.42|7.88|6.80|35.74|7.56|33622722|255819152.00|1|0.0000|0.0000|0.0000|0|7.56
水晶光电|002273|0.78|91971723|1509506176.00|-4.00|2.03|-8.48|16.87|16.07|17.08|15.32|91.97|16.74|78228503|1319233920.00|1|0.0000|0.0000|0.0000|0|16.74
华昌化工|002274|-0.14|19881003|138693472.00|-0.98|0.98|-4.92|7.10|7.04|7.18|6.76|19.88|7.11|23771923|169053952.00|1|0.0000|0.0000|0.0000|0|7.11
桂林三金|002275|0.59|3659122|48748848.00|-0.67|0.89|-3.70|13.59|13.42|13.63|13.01|3.66|13.51|4694217|63201704.00|1|0.0000|0.0000|0.0000|0|13.51
万马股份|002276|9.98|115123892|1458420608.00|0.00|9.98|-0.91|13.33|12.12|13.33|12.01|115.12|12.12|132821011|1595888384.00|1|0.0000|0.0000|0.0000|0|12.12
友阿股份|002277|2.24|94812733|454353248.00|-0.41|5.10|-10.00|5.01|4.88|5.15|4.41|94.81|4.90|87296607|421759648.00|1|0.0000|0.0000|0.0000|0|4.90
神开股份|002278|2.90|73484909|500404512.00|-3.33|4.35|-10.00|7.10|6.67|7.20|6.21|73.48|6.90|68511397|470453888.00|1|0.0000|0.0000|0.0000|0|6.90
久其软件|002279|2.84|37451699|207855184.00|-3.20|3.73|-9.24|5.79|5.45|5.84|5.11|37.45|5.63|37867146|210749296.00|1|0.0000|0.0000|0.0000|0|5.63
光迅科技|002281|2.19|32051842|1252272640.00|-4.33|4.30|-8.78|40.60|38.01|41.44|36.24|32.05|39.73|32639407|1308429952.00|1|0.0000|0.0000|0.0000|0|39.73
博深股份|002282|0.44|10195300|67653264.00|-2.35|1.32|-7.92|6.85|6.66|6.91|6.28|10.20|6.82|12999171|88645144.00|1|0.0000|0.0000|0.0000|0|6.82
天润工业|002283|1.86|39679715|210902864.00|-2.04|3.15|-7.98|5.49|5.28|5.56|4.96|39.68|5.39|56016231|305827872.00|1|0.0000|0.0000|0.0000|0|5.39
亚太股份|002284|8.05|62722611|530639712.00|4.71|9.91|-0.87|8.72|8.45|8.87|8.00|62.72|8.07|35997735|295498944.00|1|0.0000|0.0000|0.0000|0|8.07
世联行|002285|6.16|97950308|213916864.00|-2.84|9.95|-7.58|2.24|2.05|2.32|1.95|97.95|2.11|51322840|108523416.00|1|0.0000|0.0000|0.0000|0|2.11
保龄宝|002286|3.76|16806518|115831560.00|-1.30|4.20|-6.66|7.17|6.82|7.20|6.45|16.81|6.91|18131200|124831712.00|1|0.0000|0.0000|0.0000|0|6.91
奇正藏药|002287|2.52|2304295|48341888.00|-1.00|2.81|-3.48|21.53|20.79|21.59|20.27|2.30|21.00|2584714|53924448.00|1|0.0000|0.0000|0.0000|0|21.00
*ST宇顺|002289|-5.01|2173000|10300020.00|-5.01|-5.01|-5.01|4.74|4.74|4.74|4.74|2.17|4.99|760100|3792899.00|1|0.0000|0.0000|0.0000|0|4.99
禾盛新材|002290|2.87|9055000|185169264.00|-1.91|4.98|-9.81|21.50|20.50|21.94|18.85|9.05|20.90|12560483|265297792.00|1|0.0000|0.0000|0.0000|0|20.90
遥望科技|002291|3.22|49870500|257267008.00|-4.73|3.98|-9.85|5.45|5.03|5.49|4.76|49.87|5.28|66713587|353874752.00|1|0.0000|0.0000|0.0000|0|5.28
奥飞娱乐|002292|1.26|71380726|548897664.00|-2.91|2.65|-9.61|8.01|7.68|8.12|7.15|71.38|7.91|91470841|720697984.00|1|0.0000|0.0000|0.0000|0|7.91
罗莱生活|002293|0.50|5740370|45199540.00|-0.63|1.63|-4.27|8.01|7.92|8.10|7.63|5.74|7.97|8205425|65063180.00|1|0.0000|0.0000|0.0000|0|7.97
信立泰|002294|-2.79|10339456|313607936.00|-1.14|-1.14|-5.55|30.67|31.19|31.19|29.80|10.34|31.55|9222445|289374240.00|1|0.0000|0.0000|0.0000|0|31.55
精艺股份|002295|3.65|6216000|38378512.00|0.00|4.76|-7.78|6.53|6.30|6.60|5.81|6.22|6.30|8186500|52037984.00|1|0.0000|0.0000|0.0000|0|6.30
辉煌科技|002296|1.64|23708312|225576176.00|-2.66|1.95|-9.84|9.92|9.50|9.95|8.80|23.71|9.76|26778543|261933984.00|1|0.0000|0.0000|0.0000|0|9.76
博云新材|002297|6.62|25124875|149562608.00|-0.87|6.97|-2.79|6.12|5.69|6.14|5.58|25.12|5.74|21801399|125725728.00|1|0.0000|0.0000|0.0000|0|5.74
中电鑫龙|002298|1.79|42211601|184809024.00|-2.68|2.68|-9.17|4.55|4.35|4.59|4.06|42.21|4.47|53867177|241856896.00|1|0.0000|0.0000|0.0000|0|4.47
圣农发展|002299|-2.31|58176890|994792896.00|-1.85|3.81|-5.89|16.92|17.00|17.98|16.30|58.18|17.32|64405596|1066625920.00|1|0.0000|0.0000|0.0000|0|17.32
太阳电缆|002300|3.59|55202424|289980544.00|-1.70|3.97|-7.37|5.48|5.20|5.50|4.90|55.20|5.29|51406577|274115040.00|1|0.0000|0.0000|0.0000|0|5.29
齐心集团|002301|2.76|15086856|91461656.00|-1.95|3.58|-7.15|6.32|6.03|6.37|5.71|15.09|6.15|19204052|117943296.00|1|0.0000|0.0000|0.0000|0|6.15
西部建设|002302|6.08|33792164|198283920.00|-2.08|9.20|-5.21|6.11|5.64|6.29|5.46|33.79|5.76|25491532|143691968.00|1|0.0000|0.0000|0.0000|0|5.76
美盈森|002303|1.30|30801700|92958088.00|-0.97|1.95|-6.82|3.12|3.05|3.14|2.87|30.80|3.08|43054286|132425584.00|1|0.0000|0.0000|0.0000|0|3.08
洋河股份|002304|1.53|8450335|633738112.00|-0.91|1.93|-0.98|75.60|73.78|75.90|73.73|8.45|74.46|9826576|726907200.00|1|0.0000|0.0000|0.0000|0|74.46
*ST南置|002305|3.20|78797715|97610976.00|-1.60|4.00|-7.20|1.29|1.23|1.30|1.16|78.80|1.25|52869074|66091416.00|1|0.0000|0.0000|0.0000|0|1.25
*ST云网|002306|-3.27|119435670|273601696.00|-6.12|-1.63|-9.80|2.37|2.30|2.41|2.21|119.44|2.45|124507200|297819680.00|1|0.0000|0.0000|0.0000|0|2.45
北新路桥|002307|10.03|57569593|214865664.00|-0.84|10.03|-5.01|3.95|3.56|3.95|3.41|57.57|3.59|34709542|122767688.00|1|0.0000|0.0000|0.0000|0|3.59
中利集团|002309|-3.29|18741552|43661192.00|0.00|0.00|-4.94|2.35|2.43|2.43|2.31|18.74|2.43|10812800|26368534.00|1|0.0000|0.0000|0.0000|0|2.43
东方园林|002310|1.07|60081559|110119528.00|-3.21|2.67|-4.81|1.89|1.81|1.92|1.78|60.08|1.87|45292800|85228088.00|1|0.0000|0.0000|0.0000|0|1.87
海大集团|002311|3.68|34130343|1793654400.00|3.42|7.92|1.85|52.13|52.00|54.26|51.21|34.13|50.28|27801824|1373418752.00|1|0.0000|0.0000|0.0000|0|50.28
川发龙蟒|002312|0.47|77852245|807376832.00|-1.50|1.41|-9.94|10.71|10.50|10.81|9.60|77.85|10.66|76906651|804700608.00|1|0.0000|0.0000|0.0000|0|10.66
日海智能|002313|3.18|17115777|131256024.00|-3.18|4.71|-9.94|8.10|7.60|8.22|7.07|17.12|7.85|18428510|145212400.00|1|0.0000|0.0000|0.0000|0|7.85
南山控股|002314|4.37|32256701|66729428.00|-0.97|4.85|-4.85|2.15|2.04|2.16|1.96|32.26|2.06|29219522|60092976.00|1|0.0000|0.0000|0.0000|0|2.06
焦点科技|002315|1.00|18412984|589959040.00|-2.48|1.89|-9.99|34.18|33.00|34.48|30.46|18.41|33.84|10542400|362746656.00|1|0.0000|0.0000|0.0000|0|33.84
亚联发展|002316|-0.92|13492100|42453360.00|-1.85|0.31|-4.92|3.22|3.19|3.26|3.09|13.49|3.25|8338200|27219924.00|1|0.0000|0.0000|0.0000|0|3.25
众生药业|002317|-1.04|24720083|252964560.00|-2.07|-0.47|-7.25|10.51|10.40|10.57|9.85|24.72|10.62|24847543|261709776.00|1|0.0000|0.0000|0.0000|0|10.62
久立特材|002318|-0.89|7472319|173700480.00|0.13|0.13|-3.27|23.36|23.60|23.60|22.80|7.47|23.57|10624496|246398240.00|1|0.0000|0.0000|0.0000|0|23.57
乐通股份|002319|4.81|5506400|48020868.00|-2.75|6.41|-9.84|9.16|8.50|9.30|7.88|5.51|8.74|4681300|40939544.00|1|0.0000|0.0000|0.0000|0|8.74
海峡股份|002320|7.28|52605572|311902272.00|-1.39|9.53|-6.41|6.19|5.69|6.32|5.40|52.61|5.77|32471859|184045856.00|1|0.0000|0.0000|0.0000|0|5.77
华英农业|002321|-2.17|212826614|597948288.00|2.89|7.58|-4.69|2.71|2.85|2.98|2.64|212.83|2.77|145302425|381511008.00|1|0.0000|0.0000|0.0000|0|2.77
理工能科|002322|3.32|7601832|89844064.00|-1.53|4.17|-5.19|12.15|11.58|12.25|11.15|7.60|11.76|9684290|114723704.00|1|0.0000|0.0000|0.0000|0|11.76
雅博股份|002323|3.68|89457544|118947416.00|-1.47|4.41|-9.56|1.41|1.34|1.42|1.23|89.46|1.36|76261044|103230496.00|1|0.0000|0.0000|0.0000|0|1.36
普利特|002324|3.11|17958608|152321472.00|-0.48|3.95|-3.35|8.61|8.31|8.68|8.07|17.96|8.35|20575394|172051456.00|1|0.0000|0.0000|0.0000|0|8.35
永太科技|002326|2.13|24059137|211334032.00|-2.69|2.58|-6.95|9.11|8.68|9.15|8.30|24.06|8.92|31194942|277856128.00|1|0.0000|0.0000|0.0000|0|8.92
富安娜|002327|1.61|6097712|49064484.00|-0.74|2.47|-3.58|8.22|8.03|8.29|7.80|6.10|8.09|8019600|65004656.00|1|0.0000|0.0000|0.0000|0|8.09
新朋股份|002328|1.42|19974069|96325368.00|-1.63|2.24|-8.13|4.99|4.84|5.03|4.52|19.97|4.92|29377420|147014720.00|1|0.0000|0.0000|0.0000|0|4.92
皇氏集团|002329|2.43|70483931|197234624.00|-2.08|6.25|-10.07|2.95|2.82|3.06|2.59|70.48|2.88|73765571|210045280.00|1|0.0000|0.0000|0.0000|0|2.88
得利斯|002330|10.10|36507199|159313056.00|-1.44|10.10|-3.37|4.58|4.10|4.58|4.02|36.51|4.16|22575098|92551056.00|1|0.0000|0.0000|0.0000|0|4.16
皖通科技|002331|3.50|13383937|87218056.00|-1.82|4.56|-7.75|6.81|6.46|6.88|6.07|13.38|6.58|16117400|106341592.00|1|0.0000|0.0000|0.0000|0|6.58
仙琚制药|002332|-0.33|29055100|259753616.00|-1.64|0.11|-6.01|9.12|9.00|9.16|8.60|29.06|9.15|29506521|269546592.00|1|0.0000|0.0000|0.0000|0|9.15
罗普斯金|002333|0.81|8832467|42479060.00|-0.81|1.22|-6.31|4.95|4.87|4.97|4.60|8.83|4.91|10551050|51971100.00|1|0.0000|0.0000|0.0000|0|4.91
英威腾|002334|2.68|37051600|259890208.00|-2.11|3.52|-7.75|7.29|6.95|7.35|6.55|37.05|7.10|48264283|344113632.00|1|0.0000|0.0000|0.0000|0|7.10
科华数据|002335|4.21|43871365|1547467648.00|-2.81|5.60|-9.12|36.67|34.20|37.16|31.98|43.87|35.19|39197883|1393136896.00|1|0.0000|0.0000|0.0000|0|35.19
赛象科技|002337|0.21|37819890|169452192.00|-3.86|1.50|-9.66|4.67|4.48|4.73|4.21|37.82|4.66|40563445|190300272.00|1|0.0000|0.0000|0.0000|0|4.66
奥普光电|002338|5.79|21379354|811675584.00|-2.57|8.63|-8.17|39.12|36.03|40.17|33.96|21.38|36.98|17203774|641927872.00|1|0.0000|0.0000|0.0000|0|36.98
积成电子|002339|3.99|24614100|147215264.00|-1.99|5.48|-8.31|6.26|5.90|6.35|5.52|24.61|6.02|27328075|166353520.00|1|0.0000|0.0000|0.0000|0|6.02
格林美|002340|0.68|95799903|556798976.00|-1.53|1.02|-4.75|5.93|5.80|5.95|5.61|95.80|5.89|103458865|608614784.00|1|0.0000|0.0000|0.0000|0|5.89
巨力索具|002342|1.87|178581685|744029568.00|-3.98|5.15|-10.07|4.35|4.10|4.49|3.84|178.58|4.27|172355500|720132672.00|1|0.0000|0.0000|0.0000|0|4.27
慈文传媒|002343|4.17|23606120|133885504.00|-1.74|5.21|-9.55|6.00|5.66|6.06|5.21|23.61|5.76|25475520|146700528.00|1|0.0000|0.0000|0.0000|0|5.76
海宁皮城|002344|2.13|32252702|118855160.00|-2.67|2.67|-6.93|3.83|3.65|3.85|3.49|32.25|3.75|32993036|123187232.00|1|0.0000|0.0000|0.0000|0|3.75
潮宏基|002345|5.84|27532256|211993760.00|-2.59|7.39|-8.43|8.16|7.51|8.28|7.06|27.53|7.71|30657305|233691440.00|1|0.0000|0.0000|0.0000|0|7.71
柘中股份|002346|5.21|6966900|76968800.00|-0.91|5.76|-4.75|11.51|10.84|11.57|10.42|6.97|10.94|7411903|80297136.00|1|0.0000|0.0000|0.0000|0|10.94
泰尔股份|002347|9.96|66119148|344108288.00|-3.26|9.96|-9.96|5.74|5.05|5.74|4.70|66.12|5.22|27745200|147785984.00|1|0.0000|0.0000|0.0000|0|5.22
高乐股份|002348|2.09|27361300|76649160.00|-0.70|3.83|-9.06|2.93|2.85|2.98|2.61|27.36|2.87|27139700|77538896.00|1|0.0000|0.0000|0.0000|0|2.87
精华制药|002349|0.59|16644568|110317976.00|-1.33|1.03|-6.48|6.83|6.70|6.86|6.35|16.64|6.79|16602346|112536608.00|1|0.0000|0.0000|0.0000|0|6.79
北京科锐|002350|1.61|14073453|77151048.00|-1.79|2.68|-8.21|5.69|5.50|5.75|5.14|14.07|5.60|18867655|105036168.00|1|0.0000|0.0000|0.0000|0|5.60
漫步者|002351|0.50|22715275|266364528.00|-2.32|1.49|-8.62|12.12|11.78|12.24|11.02|22.72|12.06|23677923|286831712.00|1|0.0000|0.0000|0.0000|0|12.06
顺丰控股|002352|-0.83|26111023|1066300480.00|-0.87|0.24|-1.80|40.86|40.84|41.30|40.46|26.11|41.20|31453948|1283528704.00|1|0.0000|0.0000|0.0000|0|41.20
杰瑞股份|002353|1.52|16648056|475189216.00|-0.64|3.42|-2.79|28.76|28.15|29.30|27.54|16.65|28.33|24016966|696652032.00|1|0.0000|0.0000|0.0000|0|28.33
天娱数科|002354|3.10|128824865|655666048.00|-2.71|4.26|-9.69|5.32|5.02|5.38|4.66|128.82|5.16|131180734|672622976.00|1|0.0000|0.0000|0.0000|0|5.16
兴民智通|002355|2.85|24923518|128030008.00|-1.14|3.99|-10.08|5.41|5.20|5.47|4.73|24.92|5.26|30422948|161775760.00|1|0.0000|0.0000|0.0000|0|5.26
赫美集团|002356|2.28|25483410|65433780.00|-1.52|5.32|-9.89|2.69|2.59|2.77|2.37|25.48|2.63|16071000|42250144.00|1|0.0000|0.0000|0.0000|0|2.63
富临运业|002357|3.89|11820600|78478600.00|-1.50|5.24|-7.78|6.94|6.58|7.03|6.16|11.82|6.68|10046900|67258464.00|1|0.0000|0.0000|0.0000|0|6.68
森源电气|002358|3.66|44200400|203965696.00|-2.80|4.95|-8.82|4.82|4.52|4.88|4.24|44.20|4.65|50880923|238369456.00|1|0.0000|0.0000|0.0000|0|4.65
同德化工|002360|1.62|10564700|44671904.00|-0.46|2.78|-7.19|4.38|4.29|4.43|4.00|10.56|4.31|13215962|57449664.00|1|0.0000|0.0000|0.0000|0|4.31
神剑股份|002361|2.95|84005100|449255264.00|-3.68|4.97|-9.76|5.59|5.23|5.70|4.90|84.01|5.43|87136069|478900480.00|1|0.0000|0.0000|0.0000|0|5.43
汉王科技|002362|3.26|12018001|214563616.00|-4.75|3.48|-8.94|18.71|17.26|18.75|16.50|12.02|18.12|15084515|273610304.00|1|0.0000|0.0000|0.0000|0|18.12
隆基机械|002363|1.35|24895740|142212592.00|-3.55|1.86|-9.98|5.99|5.70|6.02|5.32|24.90|5.91|31055300|186646928.00|1|0.0000|0.0000|0.0000|0|5.91
中恒电气|002364|1.52|55940320|672484992.00|-4.56|5.04|-10.00|12.69|11.93|13.13|11.25|55.94|12.50|40120900|509944192.00|1|0.0000|0.0000|0.0000|0|12.50
永安药业|002365|-3.43|56237384|553509504.00|0.00|4.71|-9.03|9.84|10.19|10.67|9.27|56.24|10.19|59362488|549988928.00|1|0.0000|0.0000|0.0000|0|10.19
融发核电|002366|-0.88|110972232|485931584.00|-3.73|1.10|-10.09|4.52|4.39|4.61|4.10|110.97|4.56|142294453|639776320.00|1|0.0000|0.0000|0.0000|0|4.56
康力电梯|002367|3.04|20384090|127328064.00|-1.92|3.99|-4.95|6.45|6.14|6.51|5.95|20.38|6.26|24944268|157484112.00|1|0.0000|0.0000|0.0000|0|6.26
太极股份|002368|8.50|34024710|824769856.00|-2.04|10.02|-3.34|25.01|22.58|25.36|22.28|34.02|23.05|18571514|420464032.00|1|0.0000|0.0000|0.0000|0|23.05
卓翼科技|002369|3.38|83119700|627788992.00|-2.73|4.94|-10.00|7.96|7.49|8.08|6.93|83.12|7.70|61582900|485830784.00|1|0.0000|0.0000|0.0000|0|7.70
亚太药业|002370|1.03|63570097|178126320.00|-2.06|1.72|-9.97|2.94|2.85|2.96|2.62|63.57|2.91|95691920|284026112.00|1|0.0000|0.0000|0.0000|0|2.91
北方华创|002371|6.73|12106336|5489100800.00|-1.06|8.33|-1.61|460.00|426.42|466.90|424.08|12.11|431.01|9401152|4047186432.00|1|0.0000|0.0000|0.0000|0|431.01
伟星新材|002372|8.26|21573119|258267584.00|-1.04|8.26|-1.74|12.45|11.38|12.45|11.30|21.57|11.50|13728825|157768208.00|1|0.0000|0.0000|0.0000|0|11.50
千方科技|002373|1.75|29596668|233919168.00|-1.13|2.26|-5.89|8.12|7.89|8.16|7.51|29.60|7.98|39365580|315547232.00|1|0.0000|0.0000|0.0000|0|7.98
中锐股份|002374|10.14|36864134|81702232.00|-2.76|10.14|-9.22|2.39|2.11|2.39|1.97|36.86|2.17|22672334|49224080.00|1|0.0000|0.0000|0.0000|0|2.17
亚厦股份|002375|2.05|20165515|68307360.00|-1.75|3.22|-5.26|3.49|3.36|3.53|3.24|20.17|3.42|20399919|69262648.00|1|0.0000|0.0000|0.0000|0|3.42
新北洋|002376|0.88|32926330|182402240.00|-2.12|1.76|-7.76|5.72|5.55|5.77|5.23|32.93|5.67|46236597|263083520.00|1|0.0000|0.0000|0.0000|0|5.67
国创高新|002377|1.30|25786902|58142884.00|-0.43|2.60|-8.23|2.34|2.30|2.37|2.12|25.79|2.31|25566800|59108304.00|1|0.0000|0.0000|0.0000|0|2.31
章源钨业|002378|0.00|22318911|134587040.00|-2.89|0.80|-8.04|6.22|6.04|6.27|5.72|22.32|6.22|27268722|167291040.00|1|0.0000|0.0000|0.0000|0|6.22
宏创控股|002379|7.03|46971100|420531872.00|-3.19|8.35|-9.67|9.74|8.81|9.86|8.22|46.97|9.10|36476795|334885280.00|1|0.0000|0.0000|0.0000|0|9.10
科远智慧|002380|10.01|14441800|301879840.00|-1.88|10.01|-5.40|22.19|19.79|22.19|19.08|14.44|20.17|15117600|314072512.00|1|0.0000|0.0000|0.0000|0|20.17
双箭股份|002381|0.82|7182912|43061616.00|-1.15|1.48|-4.28|6.12|6.00|6.16|5.81|7.18|6.07|7074500|43010732.00|1|0.0000|0.0000|0.0000|0|6.07
蓝帆医疗|002382|0.67|11947185|52712696.00|-1.34|1.34|-5.12|4.52|4.43|4.55|4.26|11.95|4.49|14728951|66296572.00|1|0.0000|0.0000|0.0000|0|4.49
合众思壮|002383|4.68|23824603|158728512.00|-1.06|4.68|-7.24|6.94|6.56|6.94|6.15|23.82|6.63|22373299|149027152.00|1|0.0000|0.0000|0.0000|0|6.63
东山精密|002384|-3.58|218124418|4815428608.00|-9.99|-2.04|-9.99|23.16|21.62|23.53|21.62|218.12|24.02|41893500|1006312640.00|1|0.0000|0.0000|0.0000|0|24.02
大北农|002385|-1.89|633863283|3082836224.00|1.89|9.01|-5.45|4.68|4.86|5.20|4.51|633.86|4.77|536458624|2423987456.00|1|0.0000|0.0000|0.0000|0|4.77
天原股份|002386|2.74|19764022|79252504.00|-1.25|4.24|-4.99|4.12|3.96|4.18|3.81|19.76|4.01|17189463|69090544.00|1|0.0000|0.0000|0.0000|0|4.01
维信诺|002387|3.05|31802992|247775792.00|-2.16|4.19|-8.63|8.12|7.71|8.21|7.20|31.80|7.88|35050903|277056672.00|1|0.0000|0.0000|0.0000|0|7.88
ST新亚|002388|-0.66|16866908|49740428.00|-3.62|0.00|-4.93|3.02|2.93|3.04|2.89|16.87|3.04|11859200|36209012.00|1|0.0000|0.0000|0.0000|0|3.04
航天彩虹|002389|6.72|33256658|620500992.00|-0.78|7.45|-1.96|19.06|17.72|19.19|17.51|33.26|17.86|24045209|427233792.00|1|0.0000|0.0000|0.0000|0|17.86
信邦制药|002390|0.00|28558771|94313472.00|-2.06|0.88|-7.65|3.40|3.33|3.43|3.14|28.56|3.40|28931137|98007032.00|1|0.0000|0.0000|0.0000|0|3.40
长青股份|002391|-0.84|9027834|41693296.00|-1.47|0.00|-6.32|4.71|4.68|4.75|4.45|9.03|4.75|9019884|42310536.00|1|0.0000|0.0000|0.0000|0|4.75
北京利尔|002392|1.35|16069793|69391040.00|-0.68|2.48|-7.90|4.49|4.40|4.54|4.08|16.07|4.43|23336343|103651608.00|1|0.0000|0.0000|0.0000|0|4.43
力生制药|002393|0.45|3099860|47524784.00|-0.96|0.70|-4.73|15.71|15.49|15.75|14.90|3.10|15.64|2700662|42175444.00|1|0.0000|0.0000|0.0000|0|15.64
联发股份|002394|0.00|8252300|54069096.00|-1.93|1.19|-6.70|6.72|6.59|6.80|6.27|8.25|6.72|8296676|55817324.00|1|0.0000|0.0000|0.0000|0|6.72
双象股份|002395|0.27|9504298|136917008.00|-1.74|1.07|-8.90|14.98|14.68|15.10|13.61|9.50|14.94|12982001|198577904.00|1|0.0000|0.0000|0.0000|0|14.94
星网锐捷|002396|1.87|14873263|252925616.00|-2.16|3.21|-6.08|17.43|16.74|17.66|16.07|14.87|17.11|20089138|346380448.00|1|0.0000|0.0000|0.0000|0|17.11
梦洁股份|002397|1.17|26841413|88246216.00|-2.05|3.81|-9.68|3.45|3.34|3.54|3.08|26.84|3.41|36748610|125314144.00|1|0.0000|0.0000|0.0000|0|3.41
垒知集团|002398|2.85|24693700|101678720.00|-2.14|2.85|-9.03|4.33|4.12|4.33|3.83|24.69|4.21|27117985|114802824.00|1|0.0000|0.0000|0.0000|0|4.21
海普瑞|002399|-0.77|7373461|74349432.00|-2.32|-0.29|-6.00|10.26|10.10|10.31|9.72|7.37|10.34|10197872|104608296.00|1|0.0000|0.0000|0.0000|0|10.34
省广集团|002400|2.12|115957031|747199616.00|-2.88|3.03|-9.85|6.74|6.41|6.80|5.95|115.96|6.60|133716890|889860992.00|1|0.0000|0.0000|0.0000|0|6.60
中远海科|002401|5.26|18666461|263069616.00|-1.59|5.76|-4.90|14.61|13.66|14.68|13.20|18.67|13.88|18210542|249992768.00|1|0.0000|0.0000|0.0000|0|13.88
和而泰|002402|6.16|83080131|1350237824.00|2.73|7.69|-4.19|16.71|16.17|16.95|15.08|83.08|15.74|85754528|1375186944.00|1|0.0000|0.0000|0.0000|0|15.74
爱仕达|002403|5.44|19744811|234699120.00|-0.92|9.97|-9.97|12.59|11.83|13.13|10.75|19.74|11.94|14818950|179500752.00|1|0.0000|0.0000|0.0000|0|11.94
嘉欣丝绸|002404|6.20|19763653|103809392.00|-1.36|8.53|-5.23|5.48|5.09|5.60|4.89|19.76|5.16|15763700|82617136.00|1|0.0000|0.0000|0.0000|0|5.16
四维图新|002405|2.06|55340140|430707168.00|-1.93|3.08|-4.88|7.94|7.63|8.02|7.40|55.34|7.78|73319084|570613376.00|1|0.0000|0.0000|0.0000|0|7.78
远东传动|002406|5.32|87516570|548405440.00|0.81|6.94|-7.58|6.53|6.25|6.63|5.73|87.52|6.20|85032515|529818304.00|1|0.0000|0.0000|0.0000|0|6.20
多氟多|002407|0.28|19017666|200745424.00|-0.65|1.02|-6.39|10.82|10.72|10.90|10.10|19.02|10.79|18166671|195748192.00|1|0.0000|0.0000|0.0000|0|10.79
齐翔腾达|002408|0.46|18733796|80479768.00|-1.37|0.92|-4.58|4.39|4.31|4.41|4.17|18.73|4.37|26349519|114601792.00|1|0.0000|0.0000|0.0000|0|4.37
雅克科技|002409|2.64|13273933|689668608.00|-2.00|3.84|-5.53|52.91|50.52|53.53|48.70|13.27|51.55|14480453|748326656.00|1|0.0000|0.0000|0.0000|0|51.55
广联达|002410|4.69|54895338|771923328.00|-1.01|5.34|-4.55|14.51|13.72|14.60|13.23|54.90|13.86|44014652|608486016.00|1|0.0000|0.0000|0.0000|0|13.86
汉森制药|002412|0.00|13616426|74324120.00|-1.60|0.53|-7.62|5.64|5.55|5.67|5.21|13.62|5.64|13916983|78587040.00|1|0.0000|0.0000|0.0000|0|5.64
雷科防务|002413|6.27|55725089|229341312.00|-2.01|7.27|-4.01|4.24|3.91|4.28|3.83|55.73|3.99|32735513|130381104.00|1|0.0000|0.0000|0.0000|0|3.99
高德红外|002414|6.29|59855104|433077024.00|-1.00|7.14|-3.57|7.44|6.93|7.50|6.75|59.86|7.00|47058523|328593856.00|1|0.0000|0.0000|0.0000|0|7.00
海康威视|002415|0.28|65288510|1829621888.00|-0.36|0.75|-1.64|28.17|27.99|28.30|27.63|65.29|28.09|57401842|1607649792.00|1|0.0000|0.0000|0.0000|0|28.09
爱施德|002416|4.32|39887399|440792256.00|-1.01|4.88|-4.05|11.34|10.76|11.40|10.43|39.89|10.87|35637141|392031552.00|1|0.0000|0.0000|0.0000|0|10.87
康盛股份|002418|1.87|73226200|188568704.00|-2.25|3.75|-10.11|2.72|2.61|2.77|2.40|73.23|2.67|64068415|170169328.00|1|0.0000|0.0000|0.0000|0|2.67
天虹股份|002419|6.20|46290929|228122656.00|-0.83|6.82|-4.75|5.14|4.80|5.17|4.61|46.29|4.84|27304454|129408024.00|1|0.0000|0.0000|0.0000|0|4.84
毅昌科技|002420|0.58|23433700|117252224.00|-2.72|1.94|-9.51|5.18|5.01|5.25|4.66|23.43|5.15|33449500|173368480.00|1|0.0000|0.0000|0.0000|0|5.15
达实智能|002421|2.81|71891376|227941760.00|-2.19|3.44|-7.19|3.29|3.13|3.31|2.97|71.89|3.20|72424835|230917520.00|1|0.0000|0.0000|0.0000|0|3.20
科伦药业|002422|-2.89|43260166|1393284864.00|-3.76|-0.41|-10.00|33.30|33.00|34.15|30.86|43.26|34.29|30450545|1037093888.00|1|0.0000|0.0000|0.0000|0|34.29
中粮资本|002423|4.37|83304313|1021136512.00|-2.60|5.88|-3.86|12.43|11.60|12.61|11.45|83.30|11.91|71383292|817489664.00|1|0.0000|0.0000|0.0000|0|11.91
ST百灵|002424|0.26|32927350|124017440.00|-1.82|1.30|-4.94|3.86|3.78|3.90|3.66|32.93|3.85|44848493|173103584.00|1|0.0000|0.0000|0.0000|0|3.85
凯撒文化|002425|0.00|26130392|49862004.00|-2.03|0.51|-5.08|1.97|1.93|1.98|1.87|26.13|1.97|30153600|59320580.00|1|0.0000|0.0000|0.0000|0|1.97
胜利精密|002426|2.79|260388844|632403584.00|-3.59|3.59|-9.96|2.58|2.42|2.60|2.26|260.39|2.51|244293744|614755136.00|1|0.0000|0.0000|0.0000|0|2.51
尤夫股份|002427|-0.39|114949729|558853632.00|-9.65|3.35|-10.04|5.06|4.59|5.25|4.57|114.95|5.08|132959129|683449024.00|1|0.0000|0.0000|0.0000|0|5.08
云南锗业|002428|0.42|34719167|650212864.00|-1.42|2.10|-7.41|19.11|18.76|19.43|17.62|34.72|19.03|43785479|810880768.00|1|0.0000|0.0000|0.0000|0|19.03
兆驰股份|002429|-0.23|80693397|343191712.00|-2.08|0.69|-5.56|4.31|4.23|4.35|4.08|80.69|4.32|115695082|503515360.00|1|0.0000|0.0000|0.0000|0|4.32
杭氧股份|002430|1.13|8595516|158592880.00|-0.70|1.62|-3.51|18.73|18.39|18.82|17.87|8.60|18.52|9669648|178340688.00|1|0.0000|0.0000|0.0000|0|18.52
棕榈股份|002431|0.53|22124888|41537064.00|-1.05|2.11|-5.26|1.91|1.88|1.94|1.80|22.12|1.90|20618486|38711292.00|1|0.0000|0.0000|0.0000|0|1.90
九安医疗|002432|-2.18|16418722|577719744.00|-1.77|-1.66|-7.18|35.95|36.10|36.14|34.11|16.42|36.75|10807398|401396320.00|1|0.0000|0.0000|0.0000|0|36.75
万里扬|002434|2.54|42895203|265688144.00|-1.91|3.82|-8.74|6.45|6.17|6.53|5.74|42.90|6.29|51748400|332870080.00|1|0.0000|0.0000|0.0000|0|6.29
兴森科技|002436|3.95|72882777|739644160.00|-2.76|5.03|-8.59|10.53|9.85|10.64|9.26|72.88|10.13|82785400|841271680.00|1|0.0000|0.0000|0.0000|0|10.13
誉衡药业|002437|-0.85|122032527|273685056.00|-2.12|-0.42|-10.17|2.34|2.31|2.35|2.12|122.03|2.36|131480549|309382592.00|1|0.0000|0.0000|0.0000|0|2.36
江苏神通|002438|1.29|12062285|119946016.00|-1.89|1.99|-5.88|10.17|9.85|10.24|9.45|12.06|10.04|18673935|188766288.00|1|0.0000|0.0000|0.0000|0|10.04
启明星辰|002439|3.49|28554634|422046016.00|-1.78|4.72|-4.45|15.12|14.35|15.30|13.96|28.55|14.61|26428808|384522816.00|1|0.0000|0.0000|0.0000|0|14.61
闰土股份|002440|0.00|9274366|55803588.00|-0.98|0.81|-5.54|6.14|6.08|6.19|5.80|9.27|6.14|12899949|79401296.00|1|0.0000|0.0000|0.0000|0|6.14
众业达|002441|1.75|15794004|113953032.00|-1.89|2.43|-8.23|7.54|7.27|7.59|6.80|15.79|7.41|15833303|117381360.00|1|0.0000|0.0000|0.0000|0|7.41
龙星科技|002442|-4.04|28925216|155691936.00|-5.79|-1.23|-10.00|5.47|5.37|5.63|5.13|28.93|5.70|36969983|195635424.00|1|0.0000|0.0000|0.0000|0|5.70
金洲管道|002443|1.81|9194692|50423096.00|-0.90|2.71|-5.06|5.63|5.48|5.68|5.25|9.19|5.53|12265091|68439360.00|1|0.0000|0.0000|0.0000|0|5.53
巨星科技|002444|-2.66|67625186|1399698944.00|-9.75|0.09|-10.02|21.57|20.00|22.18|19.94|67.63|22.16|31838787|706327424.00|1|0.0000|0.0000|0.0000|0|22.16
中南文化|002445|1.88|53799435|111315984.00|-1.41|2.35|-8.45|2.17|2.10|2.18|1.95|53.80|2.13|49940338|105632464.00|1|0.0000|0.0000|0.0000|0|2.13
盛路通信|002446|2.70|35455254|197499040.00|-2.34|3.42|-6.31|5.70|5.42|5.74|5.20|35.46|5.55|34099502|188354112.00|1|0.0000|0.0000|0.0000|0|5.55
中原内配|002448|2.02|38857278|244288752.00|-1.87|3.12|-8.72|6.55|6.30|6.62|5.86|38.86|6.42|42705265|279118976.00|1|0.0000|0.0000|0.0000|0|6.42
国星光电|002449|2.20|30443928|230131616.00|-2.46|3.37|-9.47|7.88|7.52|7.97|6.98|30.44|7.71|38597940|299481184.00|1|0.0000|0.0000|0.0000|0|7.71
摩恩电气|002451|3.36|15172978|83974400.00|-2.65|3.89|-9.89|5.85|5.51|5.88|5.10|15.17|5.66|21133835|120608304.00|1|0.0000|0.0000|0.0000|0|5.66
长高电新|002452|0.73|18494700|123944712.00|-1.47|1.47|-6.30|6.87|6.72|6.92|6.39|18.49|6.82|22737365|154818992.00|1|0.0000|0.0000|0.0000|0|6.82
华软科技|002453|0.85|26015055|117995824.00|0.42|0.85|-9.75|4.76|4.74|4.76|4.26|26.02|4.72|30574508|144271152.00|1|0.0000|0.0000|0.0000|0|4.72
松芝股份|002454|1.75|16427409|91751816.00|-1.23|2.63|-6.84|5.80|5.63|5.85|5.31|16.43|5.70|22292345|128817200.00|1|0.0000|0.0000|0.0000|0|5.70
百川股份|002455|0.74|28322534|184707504.00|-2.79|2.06|-10.00|6.85|6.61|6.94|6.12|28.32|6.80|32964962|226306320.00|1|0.0000|0.0000|0.0000|0|6.80
欧菲光|002456|-1.37|78290133|952365568.00|-0.97|-0.40|-2.98|12.23|12.28|12.35|12.03|78.29|12.40|59235400|739257664.00|0|0.0000|0.0000|0.0000|0|12.40
青龙管业|002457|5.10|29209911|338044032.00|-1.06|6.42|-3.52|11.95|11.25|12.10|10.97|29.21|11.37|25598100|285895776.00|1|0.0000|0.0000|0.0000|0|11.37
益生股份|002458|-0.48|76150104|788628672.00|1.06|5.22|-4.16|10.29|10.45|10.88|9.91|76.15|10.34|68183841|678552960.00|1|0.0000|0.0000|0.0000|0|10.34
晶澳科技|002459|-0.90|57698405|563055552.00|-2.60|-0.10|-5.51|9.90|9.73|9.98|9.44|57.70|9.99|58655436|578337600.00|1|0.0000|0.0000|0.0000|0|9.99
赣锋锂业|002460|1.39|25347838|738166272.00|-2.54|1.80|-5.08|29.91|28.75|30.03|28.00|25.35|29.50|28689650|848563328.00|1|0.0000|0.0000|0.0000|0|29.50
珠江啤酒|002461|1.10|12703227|127048592.00|-0.70|1.79|-2.29|10.15|9.97|10.22|9.81|12.70|10.04|14205520|141645088.00|1|0.0000|0.0000|0.0000|0|10.04
嘉事堂|002462|0.68|4230450|49271668.00|-0.76|1.02|-4.82|11.90|11.73|11.94|11.25|4.23|11.82|5109850|60392196.00|1|0.0000|0.0000|0.0000|0|11.82
沪电股份|002463|1.88|110508788|2751559680.00|-5.37|3.37|-5.45|25.41|23.60|25.78|23.58|110.51|24.94|76842298|1951845504.00|1|0.0000|0.0000|0.0000|0|24.94
海格通信|002465|5.27|47979520|486974688.00|-1.32|6.09|-2.13|10.38|9.73|10.46|9.65|47.98|9.86|46965437|463746912.00|1|0.0000|0.0000|0.0000|0|9.86
天齐锂业|002466|0.00|26880605|713360640.00|-2.66|0.66|-5.54|27.07|26.35|27.25|25.57|26.88|27.07|21686997|585675904.00|1|0.0000|0.0000|0.0000|0|27.07
二六三|002467|4.66|83228944|392128256.00|-2.54|5.72|-9.11|4.94|4.60|4.99|4.29|83.23|4.72|80011833|378231520.00|1|0.0000|0.0000|0.0000|0|4.72
申通快递|002468|-0.09|24032374|254605568.00|-2.02|0.55|-5.60|10.88|10.67|10.95|10.28|24.03|10.89|25915155|280145088.00|1|0.0000|0.0000|0.0000|0|10.89
三维化学|002469|-1.14|42995640|319854144.00|-3.16|0.00|-10.00|7.81|7.65|7.90|7.11|43.00|7.90|36566128|287465792.00|1|0.0000|0.0000|0.0000|0|7.90
金正大|002470|1.20|92042323|150764400.00|-0.60|1.81|-6.02|1.68|1.65|1.69|1.56|92.04|1.66|93556010|153129968.00|1|0.0000|0.0000|0.0000|0|1.66
中超控股|002471|0.65|223250814|659497920.00|-1.30|4.23|-10.10|3.09|3.03|3.20|2.76|223.25|3.07|238487477|734316544.00|1|0.0000|0.0000|0.0000|0|3.07
双环传动|002472|4.03|31980679|902064064.00|-2.88|4.57|-6.11|28.94|27.02|29.09|26.12|31.98|27.82|39355949|1104072448.00|1|0.0000|0.0000|0.0000|0|27.82
榕基软件|002474|4.31|33017929|182626832.00|-1.62|5.57|-8.44|5.81|5.48|5.88|5.10|33.02|5.57|35450759|197948800.00|1|0.0000|0.0000|0.0000|0|5.57
立讯精密|002475|-1.10|263513235|7469385728.00|-4.00|1.59|-6.52|28.68|27.84|29.46|27.11|263.51|29.00|282376468|8156305920.00|1|0.0000|0.0000|0.0000|0|29.00
宝莫股份|002476|4.15|20609600|79539648.00|-0.26|4.66|-6.74|4.02|3.85|4.04|3.60|20.61|3.86|25814200|100993240.00|1|0.0000|0.0000|0.0000|0|3.86
常宝股份|002478|0.38|29421500|150468736.00|-1.71|1.33|-6.10|5.27|5.16|5.32|4.93|29.42|5.25|28505968|150208976.00|1|0.0000|0.0000|0.0000|0|5.25
富春环保|002479|0.22|22474300|98252992.00|-1.12|1.12|-6.03|4.49|4.43|4.53|4.21|22.47|4.48|23451300|105374112.00|1|0.0000|0.0000|0.0000|0|4.48
新筑股份|002480|2.48|16181200|77093392.00|-0.41|4.13|-5.58|4.96|4.82|5.04|4.57|16.18|4.84|18878800|92706368.00|1|0.0000|0.0000|0.0000|0|4.84
双塔食品|002481|1.78|47421556|236766992.00|-0.99|2.37|-5.72|5.16|5.02|5.19|4.78|47.42|5.07|47795469|236907536.00|1|0.0000|0.0000|0.0000|0|5.07
广田集团|002482|2.41|50074613|82234184.00|-1.81|3.61|-6.63|1.70|1.63|1.72|1.55|50.07|1.66|37199071|61428724.00|1|0.0000|0.0000|0.0000|0|1.66
润邦股份|002483|4.46|38457118|217115888.00|0.18|5.18|-5.54|5.85|5.61|5.89|5.29|38.46|5.60|50935438|288725952.00|1|0.0000|0.0000|0.0000|0|5.60
江海股份|002484|2.20|32426809|526046048.00|-3.36|3.24|-7.46|16.71|15.80|16.88|15.13|32.43|16.35|46036178|753977856.00|1|0.0000|0.0000|0.0000|0|16.35
ST雪发|002485|0.40|3997300|9610095.00|-1.62|1.21|-4.86|2.48|2.43|2.50|2.35|4.00|2.47|3353370|8302521.50|1|0.0000|0.0000|0.0000|0|2.47
嘉麟杰|002486|1.14|29648301|50022776.00|-2.29|2.29|-9.71|1.77|1.71|1.79|1.58|29.65|1.75|28393778|49989808.00|1|0.0000|0.0000|0.0000|0|1.75
大金重工|002487|1.47|8504802|184228560.00|-1.33|2.48|-4.45|22.11|21.50|22.33|20.82|8.50|21.79|11933696|258446192.00|1|0.0000|0.0000|0.0000|0|21.79
金固股份|002488|0.88|12339950|136358016.00|-2.65|2.12|-6.99|11.40|11.00|11.54|10.51|12.34|11.30|20680050|230478960.00|1|0.0000|0.0000|0.0000|0|11.30
浙江永强|002489|0.68|59958080|172655520.00|-2.03|1.36|-7.46|2.97|2.89|2.99|2.73|59.96|2.95|104022521|307372608.00|1|0.0000|0.0000|0.0000|0|2.95
山东墨龙|002490|1.51|14478805|47157868.00|-1.51|2.11|-5.12|3.37|3.27|3.39|3.15|14.48|3.32|19168805|64061856.00|1|0.0000|0.0000|0.0000|0|3.32
通鼎互联|002491|2.86|21932156|83101584.00|-2.34|3.65|-7.55|3.95|3.75|3.98|3.55|21.93|3.84|32308549|125198848.00|1|0.0000|0.0000|0.0000|0|3.84
恒基达鑫|002492|4.95|13006800|60570956.00|-1.08|5.38|-6.45|4.88|4.60|4.90|4.35|13.01|4.65|12333700|57690880.00|1|0.0000|0.0000|0.0000|0|4.65
荣盛石化|002493|-0.13|34296177|272167808.00|-0.75|0.63|-1.76|7.96|7.91|8.02|7.83|34.30|7.97|47695373|376517024.00|1|0.0000|0.0000|0.0000|0|7.97
华斯股份|002494|2.46|16205000|58050456.00|-3.01|3.55|-8.74|3.75|3.55|3.79|3.34|16.20|3.66|16643400|61101652.00|1|0.0000|0.0000|0.0000|0|3.66
佳隆股份|002495|0.88|57369964|126329944.00|-1.33|1.77|-7.96|2.28|2.23|2.30|2.08|57.37|2.26|54942265|121717520.00|1|0.0000|0.0000|0.0000|0|2.26
*ST辉丰|002496|2.34|46043560|57995508.00|-1.56|3.13|-9.38|1.31|1.26|1.32|1.16|46.04|1.28|38607580|48646484.00|1|0.0000|0.0000|0.0000|0|1.28
雅化集团|002497|-0.85|21802281|226100944.00|-1.42|-0.19|-5.57|10.50|10.44|10.57|10.00|21.80|10.59|26669743|280906720.00|1|0.0000|0.0000|0.0000|0|10.59
汉缆股份|002498|0.62|46378563|146664544.00|-1.55|1.24|-6.21|3.24|3.17|3.26|3.02|46.38|3.22|56690400|181629312.00|1|0.0000|0.0000|0.0000|0|3.22
山西证券|002500|2.01|39805361|218480368.00|-0.91|2.74|-3.29|5.58|5.42|5.62|5.29|39.81|5.47|37409491|204256672.00|1|0.0000|0.0000|0.0000|0|5.47
利源股份|002501|3.28|153543000|275492704.00|1.09|3.83|-9.84|1.89|1.85|1.90|1.65|153.54|1.83|155162100|280701472.00|1|0.0000|0.0000|0.0000|0|1.83
协鑫集成|002506|0.93|102333871|213744352.00|-1.40|1.87|-7.48|2.16|2.11|2.18|1.98|102.33|2.14|103812983|221262288.00|1|0.0000|0.0000|0.0000|0|2.14
涪陵榨菜|002507|2.12|24736406|327958496.00|-0.99|2.73|-2.05|13.46|13.05|13.54|12.91|24.74|13.18|26050833|338963936.00|1|0.0000|0.0000|0.0000|0|13.18
老板电器|002508|2.59|10541310|234295968.00|-1.09|3.45|-3.09|22.61|21.80|22.80|21.36|10.54|22.04|10173552|220100032.00|1|0.0000|0.0000|0.0000|0|22.04
天汽模|002510|3.79|47292866|223698624.00|-1.68|6.32|-9.05|4.93|4.67|5.05|4.32|47.29|4.75|34404527|165045776.00|1|0.0000|0.0000|0.0000|0|4.75
中顺洁柔|002511|1.87|15999542|102123960.00|-1.72|2.34|-2.97|6.52|6.29|6.55|6.21|16.00|6.40|21439273|135377472.00|1|0.0000|0.0000|0.0000|0|6.40
达华智能|002512|3.20|56637014|225446144.00|-0.99|3.94|-10.10|4.19|4.02|4.22|3.65|56.64|4.06|56008979|226200512.00|1|0.0000|0.0000|0.0000|0|4.06
蓝丰生化|002513|1.57|9876600|36320496.00|-2.10|1.84|-9.45|3.87|3.73|3.88|3.45|9.88|3.81|9238913|34865648.00|1|0.0000|0.0000|0.0000|0|3.81
宝馨科技|002514|4.86|35428402|184431616.00|-1.68|5.23|-9.91|5.61|5.26|5.63|4.82|35.43|5.35|26174677|139048704.00|1|0.0000|0.0000|0.0000|0|5.35
金字火腿|002515|2.35|41839241|210926928.00|-1.76|3.52|-7.05|5.23|5.02|5.29|4.75|41.84|5.11|44293069|222499072.00|1|0.0000|0.0000|0.0000|0|5.11
旷达科技|002516|2.12|24431378|102700584.00|-1.65|3.06|-7.06|4.34|4.18|4.38|3.95|24.43|4.25|36383252|156477232.00|1|0.0000|0.0000|0.0000|0|4.25
恺英网络|002517|4.92|42603440|656390144.00|-0.93|5.72|-3.72|15.78|14.90|15.90|14.48|42.60|15.04|38037049|569374848.00|1|0.0000|0.0000|0.0000|0|15.04
科士达|002518|3.58|16424950|347634784.00|-3.35|4.39|-8.07|21.96|20.49|22.13|19.49|16.42|21.20|18872188|400322720.00|1|0.0000|0.0000|0.0000|0|21.20
银河电子|002519|7.40|70774224|305361440.00|-2.15|9.07|-8.59|4.50|4.10|4.57|3.83|70.77|4.19|47371344|199524992.00|1|0.0000|0.0000|0.0000|0|4.19
日发精机|002520|4.56|79327114|408992896.00|-2.66|8.75|-10.08|5.50|5.12|5.72|4.73|79.33|5.26|72795643|384419648.00|1|0.0000|0.0000|0.0000|0|5.26
齐峰新材|002521|0.47|5512100|46054744.00|-1.64|1.41|-6.32|8.58|8.40|8.66|8.00|5.51|8.54|8367820|71240632.00|1|0.0000|0.0000|0.0000|0|8.54
浙江众成|002522|2.28|40832500|157557632.00|-3.30|3.30|-8.88|4.03|3.81|4.07|3.59|40.83|3.94|57763300|228853040.00|1|0.0000|0.0000|0.0000|0|3.94
天桥起重|002523|3.58|65650471|198884320.00|-0.65|5.21|-10.10|3.18|3.05|3.23|2.76|65.65|3.07|57154905|176281200.00|1|0.0000|0.0000|0.0000|0|3.07
光正眼科|002524|1.98|13753700|47476592.00|-1.70|2.83|-8.50|3.60|3.47|3.63|3.23|13.75|3.53|15261600|53958512.00|1|0.0000|0.0000|0.0000|0|3.53
山东矿机|002526|2.70|112303899|366458080.00|-3.30|3.60|-9.61|3.42|3.22|3.45|3.01|112.30|3.33|109994827|366327680.00|1|0.0000|0.0000|0.0000|0|3.33
新时达|002527|1.79|31590441|362812896.00|-1.87|2.73|-9.20|11.95|11.52|12.06|10.66|31.59|11.74|41653034|490001152.00|1|0.0000|0.0000|0.0000|0|11.74
ST英飞拓|002528|-3.72|24148626|49682228.00|-5.12|-0.47|-5.12|2.07|2.04|2.14|2.04|24.15|2.15|13283607|28599272.00|1|0.0000|0.0000|0.0000|0|2.15
*ST海源|002529|3.19|20803003|114798400.00|-1.24|4.78|-9.73|5.83|5.58|5.92|5.10|20.80|5.65|21649101|121292696.00|1|0.0000|0.0000|0.0000|0|5.65
金财互联|002530|3.59|48604267|401055232.00|-2.16|4.91|-9.70|8.65|8.17|8.76|7.54|48.60|8.35|46686640|389437312.00|1|0.0000|0.0000|0.0000|0|8.35
天顺风能|002531|-0.60|29919162|193348816.00|-1.36|0.45|-8.13|6.60|6.55|6.67|6.10|29.92|6.64|23989116|159000224.00|1|0.0000|0.0000|0.0000|0|6.64
天山铝业|002532|-3.24|172029700|1164888960.00|-2.82|-1.83|-6.48|6.87|6.90|6.97|6.64|172.03|7.10|151926255|1074166272.00|1|0.0000|0.0000|0.0000|0|7.10
金杯电工|002533|1.58|24834873|217293952.00|-3.15|3.04|-6.87|9.02|8.60|9.15|8.27|24.83|8.88|37497700|335142560.00|1|0.0000|0.0000|0.0000|0|8.88
西子洁能|002534|1.69|12387198|130091320.00|-1.41|3.00|-7.23|10.83|10.50|10.97|9.88|12.39|10.65|16488735|177579952.00|1|0.0000|0.0000|0.0000|0|10.65
林州重机|002535|-2.45|85041655|324585824.00|-6.62|-0.25|-10.05|3.98|3.81|4.07|3.67|85.04|4.08|86142624|359700224.00|1|0.0000|0.0000|0.0000|0|4.08
飞龙股份|002536|2.46|32295550|371347456.00|-2.38|3.40|-10.02|12.07|11.50|12.18|10.60|32.30|11.78|25383000|304188032.00|1|0.0000|0.0000|0.0000|0|11.78
海联金汇|002537|5.21|36652473|192882848.00|-1.93|6.18|-5.98|5.45|5.08|5.50|4.87|36.65|5.18|27976000|144092400.00|1|0.0000|0.0000|0.0000|0|5.18
司尔特|002538|-0.18|26602418|147722128.00|-1.41|1.06|-4.94|5.66|5.59|5.73|5.39|26.60|5.67|26854502|150290336.00|1|0.0000|0.0000|0.0000|0|5.67
云图控股|002539|0.80|20606407|152655840.00|0.13|1.47|-3.07|7.55|7.50|7.60|7.26|20.61|7.49|25384920|188681200.00|1|0.0000|0.0000|0.0000|0|7.49
亚太科技|002540|1.38|13572000|77769248.00|-1.38|2.07|-6.03|5.88|5.72|5.92|5.45|13.57|5.80|20287950|117409752.00|1|0.0000|0.0000|0.0000|0|5.80
鸿路钢构|002541|3.40|17945141|362271360.00|-1.75|6.90|-5.90|20.68|19.65|21.38|18.82|17.95|20.00|16740742|326954496.00|1|0.0000|0.0000|0.0000|0|20.00
中化岩土|002542|4.84|68286499|196923424.00|-0.69|6.23|-10.03|3.03|2.87|3.07|2.60|68.29|2.89|63326652|182152304.00|1|0.0000|0.0000|0.0000|0|2.89
万和电气|002543|0.11|8141226|74515904.00|-2.78|0.85|-6.84|9.37|9.10|9.44|8.72|8.14|9.36|13787960|127037200.00|1|0.0000|0.0000|0.0000|0|9.36
普天科技|002544|3.15|11433956|226462256.00|-0.81|3.76|-3.92|20.28|19.50|20.40|18.89|11.43|19.66|14384659|281079136.00|1|0.0000|0.0000|0.0000|0|19.66
东方铁塔|002545|-0.14|20072940|137323856.00|-0.29|0.43|-4.30|6.96|6.95|7.00|6.67|20.07|6.97|22188256|155226800.00|1|0.0000|0.0000|0.0000|0|6.97
新联电子|002546|3.45|28617975|115073920.00|-0.99|3.69|-6.90|4.20|4.02|4.21|3.78|28.62|4.06|38748029|159333232.00|1|0.0000|0.0000|0.0000|0|4.06
春兴精工|002547|4.96|63459787|226780624.00|-0.83|6.89|-9.92|3.81|3.60|3.88|3.27|63.46|3.63|57398968|209944704.00|1|0.0000|0.0000|0.0000|0|3.63
金新农|002548|-0.95|123221687|516324448.00|-0.24|2.85|-3.80|4.17|4.20|4.33|4.05|123.22|4.21|117968021|480046080.00|1|0.0000|0.0000|0.0000|0|4.21
凯美特气|002549|-9.98|196863108|2193550848.00|-7.60|-3.19|-9.98|11.01|11.30|11.84|11.01|196.86|12.23|219043030|2499732736.00|1|0.0000|0.0000|0.0000|0|12.23
千红制药|002550|-1.23|34456606|190239872.00|-0.88|-0.35|-5.28|5.61|5.63|5.66|5.38|34.46|5.68|34057706|194300448.00|1|0.0000|0.0000|0.0000|0|5.68
尚荣医疗|002551|0.00|38408109|105260272.00|-2.45|1.40|-10.14|2.86|2.79|2.90|2.57|38.41|2.86|57424725|164435824.00|1|0.0000|0.0000|0.0000|0|2.86
宝鼎科技|002552|0.82|10164500|120642728.00|-2.55|1.81|-8.72|12.26|11.85|12.38|11.10|10.16|12.16|9924200|120663648.00|1|0.0000|0.0000|0.0000|0|12.16
南方精工|002553|4.27|68020390|1076827776.00|-2.70|7.22|-9.98|16.61|15.50|17.08|14.34|68.02|15.93|68165307|1083895808.00|1|0.0000|0.0000|0.0000|0|15.93
惠博普|002554|1.79|32301565|70747568.00|-1.79|2.23|-8.48|2.28|2.20|2.29|2.05|32.30|2.24|42168721|94784928.00|1|0.0000|0.0000|0.0000|0|2.24
三七互娱|002555|1.61|40015515|545698176.00|-1.39|2.12|-4.24|13.91|13.50|13.98|13.11|40.02|13.69|36989000|506353728.00|1|0.0000|0.0000|0.0000|0|13.69
辉隆股份|002556|4.44|85880760|478765120.00|1.66|6.10|-0.74|5.65|5.50|5.74|5.37|85.88|5.41|29362800|154559552.00|1|0.0000|0.0000|0.0000|0|5.41
洽洽食品|002557|2.18|9366983|241138880.00|-1.17|2.69|-2.46|26.21|25.35|26.34|25.02|9.37|25.65|11485249|290176544.00|1|0.0000|0.0000|0.0000|0|25.65
巨人网络|002558|3.82|39408765|488773472.00|-1.46|4.47|-5.45|12.77|12.12|12.85|11.63|39.41|12.30|35397733|438789504.00|1|0.0000|0.0000|0.0000|0|12.30
亚威股份|002559|3.98|50456839|416085888.00|-2.29|5.18|-8.31|8.63|8.11|8.73|7.61|50.46|8.30|49514950|417198848.00|1|0.0000|0.0000|0.0000|0|8.30
通达股份|002560|2.00|19548882|105454760.00|-0.73|2.18|-8.00|5.61|5.46|5.62|5.06|19.55|5.50|25187100|138839328.00|1|0.0000|0.0000|0.0000|0|5.50
徐家汇|002561|3.86|18947727|147260832.00|-2.06|4.63|-6.05|8.07|7.61|8.13|7.30|18.95|7.77|15682126|120244816.00|1|0.0000|0.0000|0.0000|0|7.77
兄弟科技|002562|0.28|33978600|118823416.00|-0.55|1.66|-9.94|3.63|3.60|3.68|3.26|33.98|3.62|36841496|131332568.00|1|0.0000|0.0000|0.0000|0|3.62
森马服饰|002563|1.69|26589984|189049392.00|-0.14|2.82|-4.23|7.22|7.09|7.30|6.80|26.59|7.10|30414799|216864592.00|1|0.0000|0.0000|0.0000|0|7.10
天沃科技|002564|0.00|17787800|64175008.00|-1.62|1.89|-4.86|3.70|3.64|3.77|3.52|17.79|3.70|12418100|46004880.00|1|0.0000|0.0000|0.0000|0|3.70
顺灏股份|002565|1.03|46924908|133152552.00|-1.03|2.05|-8.22|2.95|2.89|2.98|2.68|46.92|2.92|55621457|163430464.00|1|0.0000|0.0000|0.0000|0|2.92
益盛药业|002566|0.91|5626800|35962316.00|-2.12|1.37|-7.13|6.65|6.45|6.68|6.12|5.63|6.59|5764716|37963368.00|1|0.0000|0.0000|0.0000|0|6.59
唐人神|002567|1.71|238116559|1266542720.00|0.38|3.23|-2.85|5.36|5.29|5.44|5.12|238.12|5.27|206150771|1055425408.00|1|0.0000|0.0000|0.0000|0|5.27
百润股份|002568|2.10|9170081|235900480.00|-2.76|3.42|-3.58|26.26|25.01|26.60|24.80|9.17|25.72|15059259|380549152.00|1|0.0000|0.0000|0.0000|0|25.72
*ST步森|002569|-2.27|2468520|15617569.00|-4.85|-0.30|-5.00|6.45|6.28|6.58|6.27|2.47|6.60|2555500|16882904.00|1|0.0000|0.0000|0.0000|0|6.60
贝因美|002570|9.98|373552938|2027924480.00|1.73|9.98|-1.92|5.73|5.30|5.73|5.11|373.55|5.21|128732559|658761408.00|1|0.0000|0.0000|0.0000|0|5.21
德力股份|002571|6.15|41768900|280952224.00|-0.31|10.00|-5.38|6.90|6.48|7.15|6.15|41.77|6.50|23061801|143109504.00|1|0.0000|0.0000|0.0000|0|6.50
索菲亚|002572|4.57|17280899|278837600.00|-1.08|5.45|-2.66|16.49|15.60|16.63|15.35|17.28|15.77|14820830|231968080.00|1|0.0000|0.0000|0.0000|0|15.77
清新环境|002573|1.72|11865900|40715956.00|-0.86|2.29|-6.59|3.55|3.46|3.57|3.26|11.87|3.49|13423464|46745636.00|1|0.0000|0.0000|0.0000|0|3.49
明牌珠宝|002574|-1.46|56230989|291839040.00|-3.84|2.38|-10.05|5.39|5.26|5.60|4.92|56.23|5.47|67387941|366518112.00|1|0.0000|0.0000|0.0000|0|5.47
群兴玩具|002575|5.09|45875112|386335072.00|-1.18|9.72|-9.83|8.87|8.34|9.26|7.61|45.88|8.44|36868000|309446112.00|1|0.0000|0.0000|0.0000|0|8.44
通达动力|002576|1.94|9370329|112710608.00|-1.78|3.32|-9.72|12.58|12.12|12.75|11.14|9.37|12.34|12258179|152831424.00|1|0.0000|0.0000|0.0000|0|12.34
雷柏科技|002577|4.63|12574836|217493696.00|-2.86|4.74|-9.54|18.31|17.00|18.33|15.83|12.57|17.50|10610821|189491808.00|1|0.0000|0.0000|0.0000|0|17.50
闽发铝业|002578|0.75|51393289|131497408.00|-2.63|1.13|-9.40|2.68|2.59|2.69|2.41|51.39|2.66|68205800|184606016.00|1|0.0000|0.0000|0.0000|0|2.66
中京电子|002579|3.22|26025306|167097056.00|-0.92|3.68|-9.51|6.73|6.46|6.76|5.90|26.03|6.52|34750299|229484800.00|1|0.0000|0.0000|0.0000|0|6.52
圣阳股份|002580|4.86|47575025|510963456.00|-1.40|5.89|-8.41|11.22|10.55|11.33|9.80|47.58|10.70|54109636|583955776.00|1|0.0000|0.0000|0.0000|0|10.70
ST未名|002581|-0.72|10257982|82333448.00|-0.48|0.36|-8.43|8.24|8.26|8.33|7.60|10.26|8.30|9779249|80890472.00|1|0.0000|0.0000|0.0000|0|8.30
好想你|002582|0.91|78184776|755108608.00|-2.22|5.85|-9.98|10.01|9.70|10.50|8.93|78.18|9.92|76732261|739252416.00|1|0.0000|0.0000|0.0000|0|9.92
海能达|002583|3.70|87264795|840283840.00|-2.26|4.73|-9.47|10.08|9.50|10.18|8.80|87.26|9.72|89467839|865284736.00|1|0.0000|0.0000|0.0000|0|9.72
西陇科学|002584|1.33|109527879|867749760.00|-2.78|2.78|-10.05|8.37|8.03|8.49|7.43|109.53|8.26|86491850|703845120.00|1|0.0000|0.0000|0.0000|0|8.26
双星新材|002585|3.39|25009243|110567496.00|-1.58|4.06|-5.87|4.58|4.36|4.61|4.17|25.01|4.43|27472004|122028952.00|1|0.0000|0.0000|0.0000|0|4.43
ST围海|002586|1.15|11093791|28491536.00|0.77|2.30|-4.98|2.64|2.63|2.67|2.48|11.09|2.61|10120100|26845174.00|1|0.0000|0.0000|0.0000|0|2.61
奥拓电子|002587|0.81|19709505|94399264.00|-2.83|1.62|-9.51|4.98|4.80|5.02|4.47|19.71|4.94|23481001|116561424.00|1|0.0000|0.0000|0.0000|0|4.94
史丹利|002588|2.23|82778927|635992256.00|0.00|3.41|-2.75|7.80|7.63|7.89|7.42|82.78|7.63|41627278|310530112.00|1|0.0000|0.0000|0.0000|0|7.63
瑞康医药|002589|0.00|48101773|128583208.00|-1.09|1.09|-9.06|2.76|2.73|2.79|2.51|48.10|2.76|57540140|159316080.00|1|0.0000|0.0000|0.0000|0|2.76
万安科技|002590|0.09|16367177|169517664.00|-4.46|0.93|-9.94|10.78|10.29|10.87|9.70|16.37|10.77|22808112|246478144.00|1|0.0000|0.0000|0.0000|0|10.77
恒大高新|002591|2.74|12452378|53434388.00|-2.97|3.65|-9.36|4.50|4.25|4.54|3.97|12.45|4.38|15879700|70351376.00|1|0.0000|0.0000|0.0000|0|4.38
ST八菱|002592|-0.22|5469345|24125764.00|-3.09|0.22|-5.08|4.52|4.39|4.54|4.30|5.47|4.53|6888300|31217766.00|1|0.0000|0.0000|0.0000|0|4.53
日上集团|002593|6.06|55673250|222584960.00|-2.02|10.10|-8.33|4.20|3.88|4.36|3.63|55.67|3.96|48603950|192596192.00|1|0.0000|0.0000|0.0000|0|3.96
比亚迪|002594|-0.89|21193856|6822376448.00|-2.35|0.15|-4.23|324.60|319.80|328.00|313.66|21.19|327.51|27464351|8924529664.00|1|0.0000|0.0000|0.0000|0|327.51
豪迈科技|002595|-1.31|4874337|250617424.00|-1.20|1.48|-3.26|51.19|51.25|52.64|50.18|4.87|51.87|6176806|322514624.00|1|0.0000|0.0000|0.0000|0|51.87
海南瑞泽|002596|2.87|54414474|168786352.00|-0.64|5.41|-9.55|3.23|3.12|3.31|2.84|54.41|3.14|44950877|138806144.00|1|0.0000|0.0000|0.0000|0|3.14
金禾实业|002597|0.70|11482464|262311168.00|-1.18|1.93|-2.28|23.00|22.57|23.28|22.32|11.48|22.84|18370300|405593696.00|1|0.0000|0.0000|0.0000|0|22.84
山东章鼓|002598|0.00|15999867|134738704.00|-1.72|1.26|-9.85|8.73|8.58|8.84|7.87|16.00|8.73|20682614|183827440.00|1|0.0000|0.0000|0.0000|0|8.73
盛通股份|002599|4.44|42314660|318700352.00|-2.09|5.22|-10.05|8.00|7.50|8.06|6.89|42.31|7.66|40002243|310148384.00|1|0.0000|0.0000|0.0000|0|7.66
领益智造|002600|-1.46|414196315|2674204928.00|-5.56|0.44|-9.94|6.74|6.46|6.87|6.16|414.20|6.84|199258305|1368582912.00|1|0.0000|0.0000|0.0000|0|6.84
龙佰集团|002601|-0.55|27149498|438370592.00|-1.53|0.37|-2.57|16.23|16.07|16.38|15.90|27.15|16.32|24549676|401840032.00|1|0.0000|0.0000|0.0000|0|16.32
世纪华通|002602|-3.10|208945843|1227096960.00|-4.41|-1.47|-5.07|5.93|5.85|6.03|5.81|208.95|6.12|99411360|609115840.00|1|0.0000|0.0000|0.0000|0|6.12
以岭药业|002603|0.84|19636844|252544032.00|-0.54|1.22|-5.12|13.19|13.01|13.24|12.41|19.64|13.08|20000360|259308928.00|1|0.0000|0.0000|0.0000|0|13.08
姚记科技|002605|-0.69|9361072|236107312.00|-2.89|1.23|-7.71|25.77|25.20|26.27|23.95|9.36|25.95|12719419|318646848.00|1|0.0000|0.0000|0.0000|0|25.95
大连电瓷|002606|2.03|14316402|111179168.00|-2.29|2.54|-6.61|8.03|7.69|8.07|7.35|14.32|7.87|22275270|177237168.00|1|0.0000|0.0000|0.0000|0|7.87
中公教育|002607|1.37|251859270|716007552.00|-2.06|2.06|-8.93|2.95|2.85|2.97|2.65|251.86|2.91|234810873|674071616.00|1|0.0000|0.0000|0.0000|0|2.91
江苏国信|002608|-0.14|24821862|175733584.00|-1.26|0.14|-2.93|7.15|7.07|7.17|6.95|24.82|7.16|29634098|209842304.00|1|0.0000|0.0000|0.0000|0|7.16
捷顺科技|002609|-0.38|12855200|98734160.00|-1.89|0.00|-8.30|7.92|7.80|7.95|7.29|12.86|7.95|21297805|169399744.00|1|0.0000|0.0000|0.0000|0|7.95
东方精工|002611|6.44|105174674|996579584.00|-3.74|7.28|-9.98|10.24|9.26|10.32|8.66|105.17|9.62|94727594|914395392.00|1|0.0000|0.0000|0.0000|0|9.62
朗姿股份|002612|2.61|12960861|187194784.00|-1.85|3.36|-6.45|14.95|14.30|15.06|13.63|12.96|14.57|13917403|201142800.00|1|0.0000|0.0000|0.0000|0|14.57
北玻股份|002613|3.07|22717302|79696736.00|-1.68|3.63|-8.38|3.69|3.52|3.71|3.28|22.72|3.58|31711660|114800240.00|1|0.0000|0.0000|0.0000|0|3.58
奥佳华|002614|-1.19|23268302|130631832.00|-2.56|0.51|-9.39|5.79|5.71|5.89|5.31|23.27|5.86|33813589|200066208.00|1|0.0000|0.0000|0.0000|0|5.86
哈尔斯|002615|0.78|14859750|92560864.00|-2.18|1.40|-7.96|6.46|6.27|6.50|5.90|14.86|6.41|20274260|132611208.00|1|0.0000|0.0000|0.0000|0|6.41
长青集团|002616|-0.19|14064000|70402256.00|-1.74|0.58|-8.30|5.17|5.09|5.21|4.75|14.06|5.18|16227670|83946120.00|1|0.0000|0.0000|0.0000|0|5.18
露笑科技|002617|2.43|79813436|514580800.00|-2.28|3.19|-8.95|6.75|6.44|6.80|6.00|79.81|6.59|80722373|535570656.00|1|0.0000|0.0000|0.0000|0|6.59
ST瑞和|002620|9.94|31785500|107922848.00|5.13|9.94|3.53|3.43|3.28|3.43|3.23|31.79|3.12|17876400|56652656.00|1|0.0000|0.0000|0.0000|0|3.12
皓宸医疗|002622|2.08|28286986|66260708.00|-0.83|3.33|-9.58|2.45|2.38|2.48|2.17|28.29|2.40|25773000|62036176.00|1|0.0000|0.0000|0.0000|0|2.40
亚玛顿|002623|0.54|2772800|35145024.00|-0.54|0.93|-7.25|13.04|12.90|13.09|12.03|2.77|12.97|3678860|47697092.00|1|0.0000|0.0000|0.0000|0|12.97
完美世界|002624|7.26|45100873|494475104.00|-2.73|8.77|-3.86|11.38|10.32|11.54|10.20|45.10|10.61|33218604|349848320.00|1|0.0000|0.0000|0.0000|0|10.61
光启技术|002625|2.60|44359554|1537075712.00|-0.82|4.61|-4.32|35.17|34.00|35.86|32.80|44.36|34.28|38487779|1317250304.00|1|0.0000|0.0000|0.0000|0|34.28
金达威|002626|0.59|10998326|144066048.00|-2.23|0.59|-6.02|13.54|13.16|13.54|12.65|11.00|13.46|11968629|160385376.00|1|0.0000|0.0000|0.0000|0|13.46
三峡旅游|002627|6.35|38888583|199486480.00|-0.79|6.55|-4.76|5.36|5.00|5.37|4.80|38.89|5.04|26568194|133652136.00|1|0.0000|0.0000|0.0000|0|5.04
成都路桥|002628|2.72|26400407|94583696.00|-1.09|3.26|-9.78|3.78|3.64|3.80|3.32|26.40|3.68|19022110|69389120.00|1|0.0000|0.0000|0.0000|0|3.68
仁智股份|002629|-0.73|34943867|181064608.00|-1.65|0.55|-10.07|5.42|5.37|5.49|4.91|34.94|5.46|26157367|141733056.00|1|0.0000|0.0000|0.0000|0|5.46
ST华西|002630|9.95|179390049|715217344.00|-4.19|9.95|-8.38|4.20|3.66|4.20|3.50|179.39|3.82|166405012|635705088.00|1|0.0000|0.0000|0.0000|0|3.82
德尔未来|002631|-3.11|100825263|483611456.00|-5.24|-0.78|-9.90|4.99|4.88|5.11|4.64|100.83|5.15|117751999|593055488.00|1|0.0000|0.0000|0.0000|0|5.15
道明光学|002632|2.67|16203300|119292184.00|-1.87|3.88|-9.09|7.68|7.34|7.77|6.80|16.20|7.48|21943162|165886256.00|1|0.0000|0.0000|0.0000|0|7.48
申科股份|002633|2.87|8091300|74276576.00|-2.55|4.99|-9.88|9.68|9.17|9.88|8.48|8.09|9.41|8654944|82103792.00|1|0.0000|0.0000|0.0000|0|9.41
棒杰股份|002634|3.77|15223305|43805360.00|-2.74|5.14|-8.90|3.03|2.84|3.07|2.66|15.22|2.92|22292760|65340860.00|1|0.0000|0.0000|0.0000|0|2.92
安洁科技|002635|-0.40|18768303|226211200.00|-2.02|0.48|-8.31|12.34|12.14|12.45|11.36|18.77|12.39|25828937|325725536.00|1|0.0000|0.0000|0.0000|0|12.39
金安国纪|002636|2.42|14690803|102128144.00|-1.42|4.27|-8.26|7.19|6.92|7.32|6.44|14.69|7.02|21546859|153600912.00|1|0.0000|0.0000|0.0000|0|7.02
赞宇科技|002637|-0.61|9989113|79316984.00|-1.96|0.12|-6.62|8.11|8.00|8.17|7.62|9.99|8.16|10074557|82374744.00|1|0.0000|0.0000|0.0000|0|8.16
勤上股份|002638|2.20|29241250|52321160.00|0.55|3.30|-8.24|1.86|1.83|1.88|1.67|29.24|1.82|36996050|68046584.00|1|0.0000|0.0000|0.0000|0|1.82
雪人集团|002639|-2.08|120559320|829300864.00|-3.60|3.88|-9.97|7.07|6.96|7.50|6.50|120.56|7.22|120915911|884844480.00|1|0.0000|0.0000|0.0000|0|7.22
跨境通|002640|5.45|175848600|483846016.00|0.73|8.36|-9.82|2.90|2.77|2.98|2.48|175.85|2.75|152820598|421159200.00|1|0.0000|0.0000|0.0000|0|2.75
公元股份|002641|2.48|18291197|72826960.00|-0.99|2.98|-6.45|4.13|3.99|4.15|3.77|18.29|4.03|16484574|66291448.00|1|0.0000|0.0000|0.0000|0|4.03
荣联科技|002642|1.94|42198237|276046144.00|-2.98|3.13|-9.39|6.84|6.51|6.92|6.08|42.20|6.71|47331065|315923584.00|1|0.0000|0.0000|0.0000|0|6.71
万润股份|002643|1.60|17374016|171295072.00|-0.80|2.41|-6.22|10.13|9.89|10.21|9.35|17.37|9.97|16911911|168289408.00|1|0.0000|0.0000|0.0000|0|9.97
佛慈制药|002644|0.14|5252850|37061772.00|-0.97|0.69|-7.31|7.26|7.18|7.30|6.72|5.25|7.25|5970100|43188888.00|1|0.0000|0.0000|0.0000|0|7.25
华宏科技|002645|-1.79|31738375|255011168.00|-2.99|2.51|-9.56|8.22|8.12|8.58|7.57|31.74|8.37|42256304|345261056.00|1|0.0000|0.0000|0.0000|0|8.37
天佑德酒|002646|2.66|8439248|73007848.00|-1.62|3.36|-3.94|8.87|8.50|8.93|8.30|8.44|8.64|8115891|69449016.00|1|0.0000|0.0000|0.0000|0|8.64
*ST仁东|002647|-3.24|16974160|85834208.00|-2.86|-0.95|-4.95|5.08|5.10|5.20|4.99|16.97|5.25|11337400|59616704.00|1|0.0000|0.0000|0.0000|0|5.25
卫星化学|002648|-6.92|196490861|3188035328.00|-4.31|-3.63|-9.86|16.42|16.88|17.00|15.90|196.49|17.64|70892594|1253646208.00|1|0.0000|0.0000|0.0000|0|17.64
博彦科技|002649|1.72|26642906|288633280.00|-2.45|2.90|-9.34|11.22|10.76|11.35|10.00|26.64|11.03|32671400|364495936.00|1|0.0000|0.0000|0.0000|0|11.03
ST加加|002650|1.57|12553450|54234496.00|-4.92|1.57|-4.92|4.54|4.25|4.54|4.25|12.55|4.47|11619450|52852948.00|1|0.0000|0.0000|0.0000|0|4.47
利君股份|002651|6.91|24845200|143344368.00|-1.42|8.16|-6.56|6.03|5.56|6.10|5.27|24.85|5.64|24998300|141440896.00|1|0.0000|0.0000|0.0000|0|5.64
扬子新材|002652|3.00|20247080|45764636.00|-2.58|3.43|-9.87|2.40|2.27|2.41|2.10|20.25|2.33|26554542|61842680.00|1|0.0000|0.0000|0.0000|0|2.33
海思科|002653|-1.93|7393932|288352288.00|-3.09|3.02|-6.95|39.68|39.21|41.68|37.65|7.39|40.46|5287682|212243840.00|1|0.0000|0.0000|0.0000|0|40.46
万润科技|002654|2.04|46183790|488703584.00|-3.15|3.43|-9.92|11.01|10.45|11.16|9.72|46.18|10.79|52064162|567485824.00|1|0.0000|0.0000|0.0000|0|10.79
共达电声|002655|2.56|50851755|548430592.00|-2.56|3.75|-9.05|11.22|10.66|11.35|9.95|50.85|10.94|61904952|680064512.00|1|0.0000|0.0000|0.0000|0|10.94
*ST摩登|002656|-2.99|16484200|31676706.00|-1.49|-1.00|-4.98|1.95|1.98|1.99|1.91|16.48|2.01|14442214|29189100.00|1|0.0000|0.0000|0.0000|0|2.01
中科金财|002657|2.84|30833900|501305152.00|-2.90|3.99|-9.98|17.01|16.06|17.20|14.89|30.83|16.54|33437836|553320256.00|1|0.0000|0.0000|0.0000|0|16.54
雪迪龙|002658|5.10|17831300|109630352.00|-0.66|6.09|-7.40|6.39|6.04|6.45|5.63|17.83|6.08|14831461|89339168.00|1|0.0000|0.0000|0.0000|0|6.08
凯文教育|002659|4.51|18629500|74204096.00|-1.75|5.01|-7.27|4.17|3.92|4.19|3.70|18.63|3.99|16458802|65401236.00|1|0.0000|0.0000|0.0000|0|3.99
茂硕电源|002660|4.39|19424400|152705760.00|-3.39|5.90|-10.04|8.32|7.70|8.44|7.17|19.42|7.97|17456700|140787024.00|1|0.0000|0.0000|0.0000|0|7.97
克明食品|002661|1.28|10304300|95675776.00|-1.71|2.03|-4.59|9.49|9.21|9.56|8.94|10.30|9.37|12586369|114173720.00|1|0.0000|0.0000|0.0000|0|9.37
峰璟股份|002662|1.91|31021539|95525744.00|-1.91|2.23|-7.96|3.20|3.08|3.21|2.89|31.02|3.14|52990700|166445664.00|1|0.0000|0.0000|0.0000|0|3.14
普邦股份|002663|3.97|35531667|53243988.00|-0.66|5.30|-8.61|1.57|1.50|1.59|1.38|35.53|1.51|32147455|48183644.00|1|0.0000|0.0000|0.0000|0|1.51
信质集团|002664|2.76|18688642|254443216.00|-2.03|3.85|-8.50|14.15|13.49|14.30|12.60|18.69|13.77|17966600|249791712.00|1|0.0000|0.0000|0.0000|0|13.77
德联集团|002666|1.98|23455365|93059744.00|-3.21|2.72|-8.64|4.13|3.92|4.16|3.70|23.46|4.05|31022006|127359712.00|1|0.0000|0.0000|0.0000|0|4.05
威领股份|002667|0.87|21751500|239348672.00|-0.96|3.04|-10.00|11.60|11.39|11.85|10.35|21.75|11.50|22745140|259739104.00|1|0.0000|0.0000|0.0000|0|11.50
TCL智家|002668|-1.38|21082090|191378288.00|-3.19|-0.32|-8.19|9.27|9.10|9.37|8.63|21.08|9.40|33691591|307722592.00|1|0.0000|0.0000|0.0000|0|9.40
康达新材|002669|2.28|7117941|58833472.00|-1.56|3.00|-6.96|8.52|8.20|8.58|7.75|7.12|8.33|7766500|64839216.00|1|0.0000|0.0000|0.0000|0|8.33
国盛证券|002670|1.72|38582001|445792032.00|-1.38|2.84|-6.29|11.81|11.45|11.94|10.88|38.58|11.61|36339409|423444704.00|1|0.0000|0.0000|0.0000|0|11.61
龙泉股份|002671|2.05|12595800|48452820.00|-2.56|2.56|-6.67|3.98|3.80|4.00|3.64|12.60|3.90|15182194|59013820.00|1|0.0000|0.0000|0.0000|0|3.90
东江环保|002672|3.87|11236900|40886696.00|-1.38|4.42|-4.97|3.76|3.57|3.78|3.44|11.24|3.62|8722835|31401758.00|1|0.0000|0.0000|0.0000|0|3.62
西部证券|002673|1.82|61456676|441132640.00|-0.98|2.80|-2.80|7.28|7.08|7.35|6.95|61.46|7.15|55327696|394662336.00|1|0.0000|0.0000|0.0000|0|7.15
兴业科技|002674|0.81|4325400|36446088.00|-1.61|1.04|-7.15|8.74|8.53|8.76|8.05|4.33|8.67|4315062|37223988.00|1|0.0000|0.0000|0.0000|0|8.67
东诚药业|002675|0.71|8272427|103130608.00|-0.63|1.35|-4.52|12.71|12.54|12.79|12.05|8.27|12.62|13355130|167944752.00|1|0.0000|0.0000|0.0000|0|12.62
顺威股份|002676|0.72|25251044|134093496.00|-2.35|2.17|-9.95|5.57|5.40|5.65|4.98|25.25|5.53|30455386|170603696.00|1|0.0000|0.0000|0.0000|0|5.53
浙江美大|002677|0.29|6462260|44428512.00|-1.28|0.86|-5.56|7.03|6.92|7.07|6.62|6.46|7.01|7298260|50454400.00|1|0.0000|0.0000|0.0000|0|7.01
珠江钢琴|002678|3.09|8681341|33531930.00|-1.55|3.61|-5.67|4.00|3.82|4.02|3.66|8.68|3.88|8876360|34563300.00|1|0.0000|0.0000|0.0000|0|3.88
福建金森|002679|2.91|8789970|71417336.00|-2.18|3.28|-7.04|8.48|8.06|8.51|7.66|8.79|8.24|7899770|63150872.00|1|0.0000|0.0000|0.0000|0|8.24
奋达科技|002681|5.28|136189077|829939200.00|0.00|6.60|-8.75|6.38|6.06|6.46|5.53|136.19|6.06|141047059|852613056.00|1|0.0000|0.0000|0.0000|0|6.06
龙洲股份|002682|3.64|55725306|210918160.00|-1.56|5.19|-9.87|3.99|3.79|4.05|3.47|55.73|3.85|47800860|184758720.00|1|0.0000|0.0000|0.0000|0|3.85
广东宏大|002683|4.59|12389907|349184896.00|-1.57|5.87|-3.39|28.71|27.02|29.06|26.52|12.39|27.45|11285788|309213472.00|1|0.0000|0.0000|0.0000|0|27.45
华东重机|002685|9.94|53144303|272411264.00|-2.39|9.94|-8.55|5.53|4.91|5.53|4.60|53.14|5.03|46299280|234928416.00|1|0.0000|0.0000|0.0000|0|5.03
亿利达|002686|3.95|26111000|130137648.00|-1.19|4.15|-8.89|5.26|5.00|5.27|4.61|26.11|5.06|26713373|136079152.00|1|0.0000|0.0000|0.0000|0|5.06
乔治白|002687|1.26|13213735|51517568.00|-1.01|2.27|-6.30|4.02|3.93|4.06|3.72|13.21|3.97|13081115|52175908.00|1|0.0000|0.0000|0.0000|0|3.97
金河生物|002688|10.03|7445250|58817476.00|10.03|10.03|10.03|7.90|7.90|7.90|7.90|7.45|7.18|23919508|171742064.00|1|0.0000|0.0000|0.0000|0|7.18
ST远智|002689|3.17|30937063|96300720.00|-0.95|4.44|-8.57|3.25|3.12|3.29|2.88|30.94|3.15|34906351|109926432.00|1|0.0000|0.0000|0.0000|0|3.15
美亚光电|002690|1.75|14890945|239840320.00|-1.75|3.44|-3.69|16.28|15.72|16.55|15.41|14.89|16.00|18217700|285152448.00|1|0.0000|0.0000|0.0000|0|16.00
冀凯股份|002691|3.97|14344650|98943152.00|-0.43|4.68|-9.65|7.33|7.02|7.38|6.37|14.34|7.05|15236294|106787200.00|1|0.0000|0.0000|0.0000|0|7.05
远程股份|002692|2.54|36587520|154118352.00|-1.85|4.16|-9.93|4.44|4.25|4.51|3.90|36.59|4.33|45665540|198760384.00|1|0.0000|0.0000|0.0000|0|4.33
*ST双成|002693|2.85|29208317|199380480.00|-1.57|4.42|-9.84|7.21|6.90|7.32|6.32|29.21|7.01|29105194|204880112.00|1|0.0000|0.0000|0.0000|0|7.01
顾地科技|002694|2.60|10154468|38739852.00|-1.56|3.12|-8.57|3.95|3.79|3.97|3.52|10.15|3.85|9202420|35529480.00|1|0.0000|0.0000|0.0000|0|3.85
煌上煌|002695|1.39|17506660|159503376.00|-2.77|2.24|-8.54|9.50|9.11|9.58|8.57|17.51|9.37|18068400|168204320.00|1|0.0000|0.0000|0.0000|0|9.37
百洋股份|002696|3.67|13886770|67778360.00|-1.43|4.28|-6.92|5.09|4.84|5.12|4.57|13.89|4.91|13395600|64755424.00|1|0.0000|0.0000|0.0000|0|4.91
红旗连锁|002697|5.58|124240001|677708224.00|0.93|6.88|-3.90|5.68|5.43|5.75|5.17|124.24|5.38|63683699|334051936.00|1|0.0000|0.0000|0.0000|0|5.38
博实股份|002698|1.67|26207208|389663168.00|-2.86|3.06|-7.26|15.26|14.58|15.47|13.92|26.21|15.01|29328404|441953056.00|1|0.0000|0.0000|0.0000|0|15.01
万憬能源|002700|0.48|6349181|51667436.00|-0.96|1.92|-7.56|8.37|8.25|8.49|7.70|6.35|8.33|6368100|52690252.00|1|0.0000|0.0000|0.0000|0|8.33
奥瑞金|002701|-0.20|36493698|179726224.00|-0.80|0.20|-4.19|5.00|4.97|5.02|4.80|36.49|5.01|61368592|303026848.00|1|0.0000|0.0000|0.0000|0|5.01
海欣食品|002702|1.59|36229871|133223720.00|-1.86|2.65|-6.90|3.83|3.70|3.87|3.51|36.23|3.77|31836483|117043360.00|1|0.0000|0.0000|0.0000|0|3.77
浙江世宝|002703|2.01|22721444|220141664.00|-3.32|2.52|-9.26|10.14|9.61|10.19|9.02|22.72|9.94|28104850|280240384.00|1|0.0000|0.0000|0.0000|0|9.94
新宝股份|002705|-1.01|11516281|144178752.00|-2.34|-0.31|-6.01|12.69|12.52|12.78|12.05|11.52|12.82|16077878|205029216.00|1|0.0000|0.0000|0.0000|0|12.82
良信股份|002706|2.22|37796873|270626624.00|-1.11|3.19|-6.81|7.36|7.12|7.43|6.71|37.80|7.20|44883928|328305664.00|1|0.0000|0.0000|0.0000|0|7.20
众信旅游|002707|10.01|105461766|815028928.00|-1.22|10.01|-7.58|8.13|7.30|8.13|6.83|105.46|7.39|49084900|359676096.00|1|0.0000|0.0000|0.0000|0|7.39
光洋股份|002708|0.20|49233845|476720160.00|-3.96|2.38|-10.00|10.12|9.70|10.34|9.09|49.23|10.10|41877950|425972416.00|1|0.0000|0.0000|0.0000|0|10.10
天赐材料|002709|2.54|31365344|504392448.00|-2.04|3.59|-4.95|16.58|15.84|16.75|15.37|31.37|16.17|33951378|553122752.00|1|0.0000|0.0000|0.0000|0|16.17
思美传媒|002712|4.55|22320450|102055064.00|-2.16|5.41|-9.09|4.83|4.52|4.87|4.20|22.32|4.62|20975445|97134256.00|1|0.0000|0.0000|0.0000|0|4.62
*ST东易|002713|6.62|21326900|86043104.00|-1.96|6.62|-9.80|4.35|4.00|4.35|3.68|21.33|4.08|20985143|84661512.00|1|0.0000|0.0000|0.0000|0|4.08
牧原股份|002714|2.06|140982325|5960158720.00|1.45|5.20|-1.86|42.20|41.95|43.50|40.58|140.98|41.35|134812554|5416628736.00|1|0.0000|0.0000|0.0000|0|41.35
登云股份|002715|1.10|5907350|73419432.00|-1.88|3.29|-9.64|12.90|12.52|13.18|11.53|5.91|12.76|6788750|88761624.00|1|0.0000|0.0000|0.0000|0|12.76
湖南白银|002716|2.45|91134278|291270528.00|-2.45|2.76|-7.98|3.34|3.18|3.35|3.00|91.13|3.26|124699861|406668416.00|1|0.0000|0.0000|0.0000|0|3.26
ST岭南|002717|1.88|195124019|502174272.00|-3.01|3.38|-10.15|2.71|2.58|2.75|2.39|195.12|2.66|155266330|408185440.00|1|0.0000|0.0000|0.0000|0|2.66
友邦吊顶|002718|1.44|3557450|40741452.00|-1.86|2.54|-9.55|12.00|11.61|12.13|10.70|3.56|11.83|2912800|34959352.00|1|0.0000|0.0000|0.0000|0|11.83
麦趣尔|002719|4.35|12332019|81632664.00|-1.35|6.00|-8.25|6.96|6.58|7.07|6.12|12.33|6.67|11895010|77809288.00|1|0.0000|0.0000|0.0000|0|6.67
金一文化|002721|1.26|34762615|80889632.00|-0.84|1.68|-5.04|2.41|2.36|2.42|2.26|34.76|2.38|38002000|91273344.00|1|0.0000|0.0000|0.0000|0|2.38
物产金轮|002722|4.56|8676900|108576880.00|-1.44|5.20|-7.92|13.07|12.32|13.15|11.51|8.68|12.50|8136922|102501792.00|1|0.0000|0.0000|0.0000|0|12.50
小崧股份|002723|-3.68|23902771|144709088.00|-8.73|-2.30|-9.95|6.29|5.96|6.38|5.88|23.90|6.53|12833000|85508976.00|1|0.0000|0.0000|0.0000|0|6.53
海洋王|002724|1.60|43127357|237594576.00|-3.91|3.55|-9.95|5.72|5.41|5.83|5.07|43.13|5.63|44301571|245679152.00|1|0.0000|0.0000|0.0000|0|5.63
跃岭股份|002725|2.82|14546300|135508800.00|-4.80|3.86|-9.80|9.86|9.13|9.96|8.65|14.55|9.59|13591100|132790088.00|1|0.0000|0.0000|0.0000|0|9.59
龙大美食|002726|2.54|28275066|165711920.00|-0.85|3.39|-4.07|6.05|5.85|6.10|5.66|28.28|5.90|32176217|185166432.00|1|0.0000|0.0000|0.0000|0|5.90
一心堂|002727|2.26|7535526|93513376.00|-0.40|2.90|-2.90|12.68|12.35|12.76|12.04|7.54|12.40|9625140|117926352.00|1|0.0000|0.0000|0.0000|0|12.40
特一药业|002728|0.27|12096605|86316576.00|-1.64|0.68|-6.41|7.35|7.21|7.38|6.86|12.10|7.33|11562293|84095208.00|1|0.0000|0.0000|0.0000|0|7.33
好利科技|002729|2.11|9866760|104468304.00|-2.85|2.48|-9.65|11.11|10.57|11.15|9.83|9.87|10.88|11957440|132807072.00|1|0.0000|0.0000|0.0000|0|10.88
电光科技|002730|4.21|21019400|267069344.00|-1.95|5.14|-9.97|13.38|12.59|13.50|11.56|21.02|12.84|19565140|252928176.00|1|0.0000|0.0000|0.0000|0|12.84
萃华珠宝|002731|1.91|12201254|99207328.00|-3.34|2.27|-7.76|8.54|8.10|8.57|7.73|12.20|8.38|16286070|137832288.00|1|0.0000|0.0000|0.0000|0|8.38
燕塘乳业|002732|2.35|6880773|110175392.00|-1.18|3.03|-5.07|16.54|15.97|16.65|15.34|6.88|16.16|6727863|106655072.00|1|0.0000|0.0000|0.0000|0|16.16
雄韬股份|002733|2.40|19586200|255726288.00|-1.28|3.68|-9.31|13.64|13.15|13.81|12.08|19.59|13.32|27049600|367272320.00|1|0.0000|0.0000|0.0000|0|13.32
利民股份|002734|3.58|91835687|1040742144.00|1.43|6.18|-5.28|11.57|11.33|11.86|10.58|91.84|11.17|8838919|98730728.00|1|0.0000|0.0000|0.0000|0|11.17
王子新材|002735|-1.68|46515132|365897376.00|-4.08|0.36|-9.95|8.20|8.00|8.37|7.51|46.52|8.34|40229996|338780000.00|1|0.0000|0.0000|0.0000|0|8.34
国信证券|002736|3.17|37978071|368099296.00|1.16|4.22|0.00|9.77|9.58|9.87|9.47|37.98|9.47|35360057|332766816.00|1|0.0000|0.0000|0.0000|0|9.47
葵花药业|002737|0.47|5586559|93480736.00|-0.42|1.01|-2.97|16.93|16.78|17.02|16.35|5.59|16.85|8207334|137657888.00|1|0.0000|0.0000|0.0000|0|16.85
中矿资源|002738|0.99|12790562|360538176.00|-2.44|1.91|-4.36|28.52|27.55|28.78|27.01|12.79|28.24|16067680|449031072.00|1|0.0000|0.0000|0.0000|0|28.24
万达电影|002739|1.50|41942708|440686816.00|-2.15|2.25|-5.99|10.84|10.45|10.92|10.04|41.94|10.68|37322335|395527904.00|1|0.0000|0.0000|0.0000|0|10.68
光华科技|002741|1.61|16867701|226626672.00|-3.51|2.99|-8.91|13.91|13.21|14.10|12.47|16.87|13.69|17953660|245731504.00|1|0.0000|0.0000|0.0000|0|13.69
*ST三圣|002742|1.36|8146650|29539272.00|-3.53|1.90|-4.62|3.73|3.55|3.75|3.51|8.15|3.68|11847300|43200848.00|1|0.0000|0.0000|0.0000|0|3.68
富煌钢构|002743|6.48|14899760|74465288.00|-1.21|8.30|-7.69|5.26|4.88|5.35|4.56|14.90|4.94|13548500|67465488.00|1|0.0000|0.0000|0.0000|0|4.94
木林森|002745|0.40|33193696|243452320.00|-2.28|1.47|-6.83|7.50|7.30|7.58|6.96|33.19|7.47|54711962|412259808.00|1|0.0000|0.0000|0.0000|0|7.47
仙坛股份|002746|0.31|62955272|397372128.00|0.16|2.04|-4.24|6.39|6.38|6.50|6.10|62.96|6.37|73337583|455493632.00|1|0.0000|0.0000|0.0000|0|6.37
埃斯顿|002747|3.87|46746394|803966976.00|-3.00|4.91|-8.78|17.99|16.80|18.17|15.80|46.75|17.32|55499562|968410624.00|1|0.0000|0.0000|0.0000|0|17.32
世龙实业|002748|2.73|4052665|27535418.00|-0.86|3.17|-5.04|7.14|6.89|7.17|6.60|4.05|6.95|5075800|35287508.00|1|0.0000|0.0000|0.0000|0|6.95
国光股份|002749|-2.24|14839764|229738048.00|-3.18|-1.49|-7.16|15.70|15.55|15.82|14.91|14.84|16.06|21080714|333116896.00|1|0.0000|0.0000|0.0000|0|16.06
昇兴股份|002752|-0.19|16635529|84207288.00|-1.35|0.96|-7.12|5.19|5.13|5.25|4.83|16.64|5.20|27351180|142372432.00|1|0.0000|0.0000|0.0000|0|5.20
永东股份|002753|-0.50|6266536|36495984.00|-1.66|0.50|-7.32|5.98|5.91|6.04|5.57|6.27|6.01|7086582|42371112.00|1|0.0000|0.0000|0.0000|0|6.01
奥赛康|002755|2.29|12594450|203398400.00|-3.93|3.74|-10.02|16.94|15.91|17.18|14.90|12.59|16.56|16417740|267383376.00|1|0.0000|0.0000|0.0000|0|16.56
永兴材料|002756|0.37|7369823|217876512.00|-1.57|0.67|-3.88|29.97|29.39|30.06|28.70|7.37|29.86|7811263|231379760.00|1|0.0000|0.0000|0.0000|0|29.86
南兴股份|002757|2.76|22436898|362425664.00|-1.17|4.17|-8.59|16.75|16.11|16.98|14.90|22.44|16.30|21723100|360433024.00|1|0.0000|0.0000|0.0000|0|16.30
浙农股份|002758|5.68|36282116|336596064.00|3.30|9.09|1.48|9.30|9.09|9.60|8.93|36.28|8.80|11823310|101752448.00|1|0.0000|0.0000|0.0000|0|8.80
天际股份|002759|1.94|12563800|82039144.00|-1.49|3.14|-8.97|6.82|6.59|6.90|6.09|12.56|6.69|13360050|88847312.00|1|0.0000|0.0000|0.0000|0|6.69
凤形股份|002760|3.29|5943883|90608216.00|-0.13|4.20|-8.27|15.99|15.46|16.13|14.20|5.94|15.48|6368300|98621712.00|1|0.0000|0.0000|0.0000|0|15.48
浙江建投|002761|2.80|24031895|189310896.00|-0.89|3.18|-4.07|8.09|7.80|8.12|7.55|24.03|7.87|22987642|179250592.00|1|0.0000|0.0000|0.0000|0|7.87
*ST金比|002762|0.96|15309400|77151320.00|-2.50|1.73|-9.25|5.24|5.06|5.28|4.71|15.31|5.19|13124300|67820208.00|1|0.0000|0.0000|0.0000|0|5.19
汇洁股份|002763|1.32|5290280|32037250.00|-0.49|2.47|-4.11|6.16|6.05|6.23|5.83|5.29|6.08|4381745|26761098.00|1|0.0000|0.0000|0.0000|0|6.08
蓝黛科技|002765|1.72|76903128|905315648.00|-6.40|3.78|-10.02|12.39|11.40|12.64|10.96|76.90|12.18|62046600|766216512.00|1|0.0000|0.0000|0.0000|0|12.18
索菱股份|002766|0.83|27473960|128574152.00|-3.11|1.86|-9.94|4.87|4.68|4.92|4.35|27.47|4.83|33996500|164298448.00|1|0.0000|0.0000|0.0000|0|4.83
先锋电子|002767|10.03|16001818|210479360.00|-2.22|10.03|-9.19|14.37|12.77|14.37|11.86|16.00|13.06|16190650|212740304.00|1|0.0000|0.0000|0.0000|0|13.06
国恩股份|002768|1.05|5587318|134035688.00|-1.84|2.47|-2.97|24.17|23.48|24.51|23.21|5.59|23.92|7518800|178712160.00|1|0.0000|0.0000|0.0000|0|23.92
普路通|002769|4.44|10738100|64030944.00|-2.47|4.93|-9.70|6.35|5.93|6.38|5.49|10.74|6.08|10577850|64340032.00|1|0.0000|0.0000|0.0000|0|6.08
真视通|002771|1.60|8852600|124547712.00|-2.51|2.86|-9.47|14.59|14.00|14.77|13.00|8.85|14.36|9291150|133663296.00|1|0.0000|0.0000|0.0000|0|14.36
众兴菌业|002772|0.00|55971214|447590368.00|0.76|5.54|-4.16|7.94|8.00|8.38|7.61|55.97|7.94|40536003|312805952.00|1|0.0000|0.0000|0.0000|0|7.94
康弘药业|002773|-2.51|16591555|399287296.00|-1.67|-0.72|-8.51|24.51|24.72|24.96|23.00|16.59|25.14|16163426|404393536.00|1|0.0000|0.0000|0.0000|0|25.14
快意电梯|002774|4.28|6900402|46114964.00|-0.59|5.61|-7.53|7.06|6.73|7.15|6.26|6.90|6.77|7762473|53450720.00|1|0.0000|0.0000|0.0000|0|6.77
文科股份|002775|3.68|7538912|22206384.00|-1.00|3.68|-8.03|3.10|2.96|3.10|2.75|7.54|2.99|7900988|23570620.00|1|0.0000|0.0000|0.0000|0|2.99
久远银海|002777|2.26|14137411|222616800.00|-1.57|2.77|-7.17|16.26|15.65|16.34|14.76|14.14|15.90|15518517|243072592.00|1|0.0000|0.0000|0.0000|0|15.90
中晟高科|002778|4.92|3566600|54145544.00|-1.05|5.58|-8.54|15.98|15.07|16.08|13.93|3.57|15.23|3257120|50329912.00|1|0.0000|0.0000|0.0000|0|15.23
中坚科技|002779|-5.97|15989581|1152071168.00|-8.89|-5.03|-10.00|74.00|71.70|74.74|70.83|15.99|78.70|1754800|139350560.00|1|0.0000|0.0000|0.0000|0|78.70
三夫户外|002780|4.80|8277079|79316272.00|-0.84|6.26|-8.77|10.04|9.50|10.18|8.74|8.28|9.58|7878005|75783544.00|1|0.0000|0.0000|0.0000|0|9.58
可立克|002782|2.35|18442112|193944864.00|-1.88|3.28|-7.97|10.91|10.46|11.01|9.81|18.44|10.66|23166814|252044176.00|1|0.0000|0.0000|0.0000|0|10.66
凯龙股份|002783|1.07|15050872|111013888.00|-2.14|1.47|-5.75|7.56|7.32|7.59|7.05|15.05|7.48|13675489|101154632.00|1|0.0000|0.0000|0.0000|0|7.48
万里石|002785|-0.04|6074400|145026528.00|-1.25|0.77|-8.43|24.78|24.48|24.98|22.70|6.07|24.79|6610840|162665536.00|1|0.0000|0.0000|0.0000|0|24.79
银宝山新|002786|2.82|17064854|129720720.00|-3.20|3.46|-9.35|8.03|7.56|8.08|7.08|17.06|7.81|16492200|128320832.00|1|0.0000|0.0000|0.0000|0|7.81
华源控股|002787|1.36|13585300|96792832.00|-3.53|2.85|-9.23|7.47|7.11|7.58|6.69|13.59|7.37|18060739|134186712.00|1|0.0000|0.0000|0.0000|0|7.37
鹭燕医药|002788|-0.13|7450189|55632872.00|-1.44|0.26|-5.37|7.63|7.53|7.66|7.23|7.45|7.64|8681138|66726104.00|1|0.0000|0.0000|0.0000|0|7.64
*ST建艺|002789|0.46|12153162|76611368.00|-1.67|3.34|-10.03|6.61|6.47|6.80|5.92|12.15|6.58|14750632|95754752.00|1|0.0000|0.0000|0.0000|0|6.58
瑞尔特|002790|3.34|10372224|68103584.00|-1.06|3.95|-5.16|6.81|6.52|6.85|6.25|10.37|6.59|13561693|91030088.00|1|0.0000|0.0000|0.0000|0|6.59
坚朗五金|002791|5.01|23793893|601063680.00|0.60|7.86|-4.45|26.20|25.10|26.91|23.84|23.79|24.95|19836633|484659744.00|1|0.0000|0.0000|0.0000|0|24.95
通宇通讯|002792|3.76|17131306|206510864.00|-3.44|4.75|-9.17|12.68|11.80|12.80|11.10|17.13|12.22|23738697|291455552.00|1|0.0000|0.0000|0.0000|0|12.22
罗欣药业|002793|0.56|21760793|75336112.00|-1.12|1.12|-8.12|3.59|3.53|3.61|3.28|21.76|3.57|25614193|91609520.00|1|0.0000|0.0000|0.0000|0|3.57
永和智控|002795|-3.46|44260512|167353360.00|-9.88|-0.99|-9.88|3.91|3.65|4.01|3.65|44.26|4.05|22186872|92199768.00|1|0.0000|0.0000|0.0000|0|4.05
世嘉科技|002796|2.69|14166000|132820160.00|-1.86|3.21|-9.94|9.92|9.48|9.97|8.70|14.17|9.66|15930198|156621872.00|1|0.0000|0.0000|0.0000|0|9.66
第一创业|002797|1.64|114094765|765792448.00|-1.49|2.68|-4.46|6.83|6.62|6.90|6.42|114.09|6.72|106926382|717863808.00|1|0.0000|0.0000|0.0000|0|6.72
帝欧水华|002798|4.35|12046498|41158764.00|-0.87|4.93|-8.12|3.60|3.42|3.62|3.17|12.05|3.45|13535763|46493844.00|1|0.0000|0.0000|0.0000|0|3.45
环球印务|002799|3.15|6774496|44995696.00|-2.55|3.75|-6.15|6.88|6.50|6.92|6.26|6.77|6.67|4761691|31818096.00|1|0.0000|0.0000|0.0000|0|6.67
天顺股份|002800|10.01|14814887|195261344.00|10.01|10.01|7.17|13.19|13.19|13.19|12.85|14.81|11.99|18025602|204833248.00|1|0.0000|0.0000|0.0000|0|11.99
微光股份|002801|-1.96|12997805|351597760.00|-6.57|-0.03|-9.99|28.07|26.75|28.62|25.77|13.00|28.63|4909057|141680640.00|1|0.0000|0.0000|0.0000|0|28.63
洪汇新材|002802|0.61|4428539|56263488.00|-1.07|0.61|-7.53|13.22|13.00|13.22|12.15|4.43|13.14|3838876|50239856.00|1|0.0000|0.0000|0.0000|0|13.14
吉宏股份|002803|4.07|10582519|112714456.00|-2.96|4.44|-8.23|11.26|10.50|11.30|9.93|10.58|10.82|11020131|119966896.00|1|0.0000|0.0000|0.0000|0|10.82
丰元股份|002805|0.38|6928786|70443360.00|-1.72|1.34|-9.18|10.50|10.28|10.60|9.50|6.93|10.46|6645910|69282656.00|1|0.0000|0.0000|0.0000|0|10.46
华锋股份|002806|-5.36|20790218|229005504.00|-2.64|5.80|-8.44|10.76|11.07|12.03|10.41|20.79|11.37|12590221|132259464.00|1|0.0000|0.0000|0.0000|0|11.37
江阴银行|002807|-0.94|53964082|226191152.00|0.00|0.00|-2.82|4.21|4.25|4.25|4.13|53.96|4.25|65645562|279033056.00|1|0.0000|0.0000|0.0000|0|4.25
*ST恒久|002808|-1.68|5219432|14923924.00|-1.68|-0.67|-5.05|2.92|2.92|2.95|2.82|5.22|2.97|5580128|16649445.00|1|0.0000|0.0000|0.0000|0|2.97
红墙股份|002809|3.03|6233060|44348060.00|-0.41|4.13|-8.82|7.48|7.23|7.56|6.62|6.23|7.26|6269870|45735592.00|1|0.0000|0.0000|0.0000|0|7.26
山东赫达|002810|1.20|6437895|67627496.00|-1.94|1.39|-7.41|10.93|10.59|10.95|10.00|6.44|10.80|7092413|77337488.00|1|0.0000|0.0000|0.0000|0|10.80
郑中设计|002811|1.21|7790793|62261248.00|-2.54|1.94|-9.08|8.36|8.05|8.42|7.51|7.79|8.26|9150730|75334456.00|1|0.0000|0.0000|0.0000|0|8.26
恩捷股份|002812|0.07|11410905|314693248.00|-1.43|0.53|-4.81|28.07|27.65|28.20|26.70|11.41|28.05|10957603|306007712.00|1|0.0000|0.0000|0.0000|0|28.05
路畅科技|002813|1.37|2523200|46495228.00|-2.11|1.95|-8.47|19.26|18.60|19.37|17.39|2.52|19.00|3058300|58707776.00|1|0.0000|0.0000|0.0000|0|19.00
崇达技术|002815|-0.22|25305700|223134640.00|-3.53|1.10|-8.82|9.05|8.75|9.17|8.27|25.31|9.07|33200514|300441952.00|1|0.0000|0.0000|0.0000|0|9.07
*ST和科|002816|5.64|5481100|53890228.00|-1.71|6.45|-9.97|10.49|9.76|10.57|8.94|5.48|9.93|4872400|47439800.00|1|0.0000|0.0000|0.0000|0|9.93
黄山胶囊|002817|1.53|7489851|43026040.00|-1.02|2.54|-8.47|5.99|5.84|6.05|5.40|7.49|5.90|8492953|50647940.00|1|0.0000|0.0000|0.0000|0|5.90
富森美|002818|1.98|4407046|55496596.00|-0.24|2.61|-3.16|12.89|12.61|12.97|12.24|4.41|12.64|5632885|71077400.00|1|0.0000|0.0000|0.0000|0|12.64
东方中科|002819|2.58|7684008|199558912.00|-0.51|3.55|-4.26|26.27|25.48|26.52|24.52|7.68|25.61|5047540|119743256.00|1|0.0000|0.0000|0.0000|0|25.61
桂发祥|002820|1.08|14334980|141758912.00|-1.28|2.27|-8.28|10.26|10.02|10.38|9.31|14.33|10.15|13219860|131269680.00|1|0.0000|0.0000|0.0000|0|10.15
凯莱英|002821|-1.95|9108643|567698816.00|-2.93|0.58|-6.51|62.82|62.19|64.44|59.90|9.11|64.07|10439023|677455232.00|1|0.0000|0.0000|0.0000|0|64.07
*ST中装|002822|1.63|10387007|30881248.00|-2.29|4.58|-4.90|3.11|2.99|3.20|2.91|10.39|3.06|5394500|16545606.00|1|0.0000|0.0000|0.0000|0|3.06
凯中精密|002823|0.42|14565101|167402400.00|-1.77|1.18|-9.71|11.89|11.63|11.98|10.69|14.57|11.84|17584827|210500192.00|1|0.0000|0.0000|0.0000|0|11.84
和胜股份|002824|2.65|10368178|136865536.00|-1.55|3.02|-9.50|13.94|13.37|13.99|12.29|10.37|13.58|13133536|179476544.00|1|0.0000|0.0000|0.0000|0|13.58
纳尔股份|002825|10.00|18826192|141395248.00|-2.92|10.00|-8.33|7.92|6.99|7.92|6.60|18.83|7.20|10119153|73623192.00|1|0.0000|0.0000|0.0000|0|7.20
易明医药|002826|4.09|9533378|84628384.00|-1.33|6.31|-9.51|9.41|8.92|9.61|8.18|9.53|9.04|11329400|105318136.00|1|0.0000|0.0000|0.0000|0|9.04
高争民爆|002827|7.99|11777989|285778656.00|-0.30|9.52|-7.45|25.53|23.57|25.89|21.88|11.78|23.64|7349492|172550048.00|1|0.0000|0.0000|0.0000|0|23.64
贝肯能源|002828|10.01|16578778|126521640.00|-2.03|10.01|-8.39|8.13|7.24|8.13|6.77|16.58|7.39|10989200|81544008.00|1|0.0000|0.0000|0.0000|0|7.39
星网宇达|002829|4.32|10644888|167112368.00|-1.61|5.16|-7.10|16.17|15.25|16.30|14.40|10.64|15.50|10221564|159316480.00|1|0.0000|0.0000|0.0000|0|15.50
名雕股份|002830|3.65|2572200|28475580.00|-0.98|4.63|-9.35|11.64|11.12|11.75|10.18|2.57|11.23|2686200|30146760.00|1|0.0000|0.0000|0.0000|0|11.23
裕同科技|002831|1.34|9838464|200474960.00|-1.04|2.92|-2.03|20.47|19.99|20.79|19.79|9.84|20.20|18321225|370570560.00|1|0.0000|0.0000|0.0000|0|20.20
比音勒芬|002832|-0.82|10159713|170247504.00|-1.98|-0.29|-4.49|17.01|16.81|17.10|16.38|10.16|17.15|9956847|170291584.00|1|0.0000|0.0000|0.0000|0|17.15
弘亚数控|002833|1.36|7262437|110601624.00|-1.23|2.34|-6.17|15.60|15.20|15.75|14.44|7.26|15.39|9852293|153411856.00|1|0.0000|0.0000|0.0000|0|15.39
同为股份|002835|-0.07|9213252|134744352.00|-4.92|0.92|-9.97|15.23|14.49|15.38|13.72|9.21|15.24|8037756|124516856.00|1|0.0000|0.0000|0.0000|0|15.24
新宏泽|002836|1.66|5345480|38014516.00|-1.94|2.90|-7.88|7.35|7.09|7.44|6.66|5.35|7.23|6566424|46989636.00|1|0.0000|0.0000|0.0000|0|7.23
英维克|002837|4.69|39890438|1219856640.00|-2.48|6.11|-7.06|31.72|29.55|32.15|28.16|39.89|30.30|35032531|1080473728.00|1|0.0000|0.0000|0.0000|0|30.30
道恩股份|002838|7.58|25133892|356029824.00|-1.49|9.74|-3.27|14.47|13.25|14.76|13.01|25.13|13.45|20873650|278254496.00|1|0.0000|0.0000|0.0000|0|13.45
张家港行|002839|0.25|44469558|178950720.00|-0.74|0.49|-2.22|4.07|4.03|4.08|3.97|44.47|4.06|56266605|228251920.00|1|0.0000|0.0000|0.0000|0|4.06
华统股份|002840|5.96|49366013|565054784.00|2.44|6.50|-0.81|11.74|11.35|11.80|10.99|49.37|11.08|34374240|368517984.00|1|0.0000|0.0000|0.0000|0|11.08
视源股份|002841|0.06|6202199|199133056.00|-1.14|1.58|-4.08|32.35|31.96|32.84|31.01|6.20|32.33|7765574|252677376.00|1|0.0000|0.0000|0.0000|0|32.33
翔鹭钨业|002842|0.16|10839320|64988668.00|-2.27|1.94|-7.29|6.18|6.03|6.29|5.72|10.84|6.17|14553304|90015504.00|1|0.0000|0.0000|0.0000|0|6.17
泰嘉股份|002843|0.72|16578128|287644864.00|-4.76|1.94|-10.02|18.19|17.20|18.41|16.25|16.58|18.06|13156450|243544496.00|1|0.0000|0.0000|0.0000|0|18.06
同兴达|002845|3.30|10500396|148320256.00|-1.87|4.45|-4.52|14.39|13.67|14.55|13.30|10.50|13.93|8931782|123580584.00|1|0.0000|0.0000|0.0000|0|13.93
英联股份|002846|-2.65|25729316|208441632.00|-2.07|-2.07|-10.02|8.45|8.50|8.50|7.81|25.73|8.68|10110800|87700064.00|1|0.0000|0.0000|0.0000|0|8.68
盐津铺子|002847|-0.55|6268849|470960768.00|-2.00|3.87|-5.83|76.60|75.48|80.00|72.53|6.27|77.02|7445320|543803264.00|1|0.0000|0.0000|0.0000|0|77.02
*ST高斯|002848|1.67|8578000|40278224.00|-3.54|3.13|-8.33|4.88|4.63|4.95|4.40|8.58|4.80|8930900|43290960.00|1|0.0000|0.0000|0.0000|0|4.80
威星智能|002849|2.96|5971637|74804944.00|-3.04|3.97|-8.96|13.22|12.45|13.35|11.69|5.97|12.84|8764368|113015288.00|1|0.0000|0.0000|0.0000|0|12.84
科达利|002850|4.48|5542314|571155136.00|-2.38|6.46|-2.50|104.35|97.50|106.33|97.38|5.54|99.88|10131670|1004583232.00|1|0.0000|0.0000|0.0000|0|99.88
麦格米特|002851|0.61|51016491|2247001600.00|-7.05|5.29|-10.01|46.25|42.73|48.40|41.37|51.02|45.97|31457871|1471773184.00|1|0.0000|0.0000|0.0000|0|45.97
道道全|002852|3.02|19230326|171841728.00|-1.46|3.25|-4.48|9.20|8.80|9.22|8.53|19.23|8.93|17603769|153681696.00|1|0.0000|0.0000|0.0000|0|8.93
皮阿诺|002853|2.07|4017750|47972144.00|-2.40|4.14|-8.77|12.34|11.80|12.59|11.03|4.02|12.09|4998750|59888868.00|1|0.0000|0.0000|0.0000|0|12.09
捷荣技术|002855|2.62|4946300|71732552.00|-0.94|3.10|-9.29|15.25|14.72|15.32|13.48|4.95|14.86|5348900|80076944.00|1|0.0000|0.0000|0.0000|0|14.86
美芝股份|002856|7.07|6891480|51466048.00|-0.82|8.42|-9.78|7.88|7.30|7.98|6.64|6.89|7.36|6053200|44504944.00|1|0.0000|0.0000|0.0000|0|7.36
三晖电气|002857|1.63|6237100|77567872.00|-2.40|4.57|-9.45|13.12|12.60|13.50|11.69|6.24|12.91|5003620|65383768.00|1|0.0000|0.0000|0.0000|0|12.91
力盛体育|002858|3.18|8317100|81734600.00|-1.59|3.98|-8.55|10.38|9.90|10.46|9.20|8.32|10.06|7418601|75081144.00|1|0.0000|0.0000|0.0000|0|10.06
洁美科技|002859|0.47|7255884|121624024.00|-2.29|1.76|-6.35|17.08|16.61|17.30|15.92|7.26|17.00|10847253|184392864.00|1|0.0000|0.0000|0.0000|0|17.00
星帅尔|002860|-0.12|15533529|127980328.00|-3.02|0.46|-8.83|8.60|8.35|8.65|7.85|15.53|8.61|23150646|204275904.00|1|0.0000|0.0000|0.0000|0|8.61
瀛通通讯|002861|4.37|20113512|215937696.00|-2.37|5.92|-10.02|11.46|10.72|11.63|9.88|20.11|10.98|16579696|182402288.00|1|0.0000|0.0000|0.0000|0|10.98
实丰文化|002862|-1.44|10375196|210399968.00|-10.02|1.96|-10.02|21.15|19.31|21.88|19.31|10.38|21.46|4057400|87680464.00|1|0.0000|0.0000|0.0000|0|21.46
今飞凯达|002863|-0.93|40786495|166612592.00|-3.94|0.46|-9.95|4.28|4.15|4.34|3.89|40.79|4.32|47014121|204825776.00|1|0.0000|0.0000|0.0000|0|4.32
盘龙药业|002864|0.12|4201989|105271872.00|-0.23|0.58|-6.38|25.72|25.63|25.84|24.05|4.20|25.69|3723536|95285712.00|1|0.0000|0.0000|0.0000|0|25.69
钧达股份|002865|-0.52|11690466|431808160.00|-2.74|0.37|-8.64|38.11|37.26|38.45|35.00|11.69|38.31|12249981|466503360.00|1|0.0000|0.0000|0.0000|0|38.31
传艺科技|002866|1.23|9230550|116570912.00|-3.46|1.92|-9.22|13.17|12.56|13.26|11.81|9.23|13.01|10955522|144103280.00|1|0.0000|0.0000|0.0000|0|13.01
周大生|002867|1.64|7746346|98583040.00|-0.86|3.13|-3.44|12.99|12.67|13.18|12.34|7.75|12.78|10851268|138584592.00|1|0.0000|0.0000|0.0000|0|12.78
*ST绿康|002868|-3.14|4754050|63812340.00|-2.59|-2.17|-9.71|13.86|13.94|14.00|12.92|4.75|14.31|6157700|86704016.00|1|0.0000|0.0000|0.0000|0|14.31
金溢科技|002869|2.97|6725739|144697280.00|-5.16|5.38|-9.58|22.57|20.79|23.10|19.82|6.73|21.92|7338542|163296224.00|1|0.0000|0.0000|0.0000|0|21.92
香山股份|002870|-0.60|4250122|117457224.00|-1.45|0.64|-7.19|28.08|27.84|28.43|26.22|4.25|28.25|5313100|151385792.00|1|0.0000|0.0000|0.0000|0|28.25
伟隆股份|002871|2.29|5298630|43063660.00|-0.96|3.25|-8.54|8.50|8.23|8.58|7.60|5.30|8.31|6875970|57143804.00|1|0.0000|0.0000|0.0000|0|8.31
ST天圣|002872|1.34|2300100|8400962.00|0.00|1.60|-5.08|3.79|3.74|3.80|3.55|2.30|3.74|3225150|12118924.00|1|0.0000|0.0000|0.0000|0|3.74
新天药业|002873|1.00|9413128|73396872.00|-1.87|1.49|-7.84|8.12|7.89|8.16|7.41|9.41|8.04|11172982|90867184.00|1|0.0000|0.0000|0.0000|0|8.04
安奈儿|002875|-2.84|8143145|86463352.00|-0.44|-0.44|-10.03|10.95|11.22|11.22|10.14|8.14|11.27|6090400|69095112.00|1|0.0000|0.0000|0.0000|0|11.27
三利谱|002876|0.41|6310543|134001304.00|-4.15|1.37|-8.99|22.01|21.01|22.22|19.95|6.31|21.92|10344218|227994512.00|1|0.0000|0.0000|0.0000|0|21.92
智能自控|002877|2.53|10679332|74536352.00|-1.69|2.81|-9.13|7.30|7.00|7.32|6.47|10.68|7.12|14750659|105250072.00|1|0.0000|0.0000|0.0000|0|7.12
元隆雅图|002878|3.27|10898600|130968536.00|-1.06|4.33|-9.88|12.65|12.12|12.78|11.04|10.90|12.25|9806270|120781776.00|1|0.0000|0.0000|0.0000|0|12.25
长缆科技|002879|1.54|5940801|83439872.00|-2.04|3.16|-6.46|14.46|13.95|14.69|13.32|5.94|14.24|7072640|100491120.00|1|0.0000|0.0000|0.0000|0|14.24
卫光生物|002880|-3.52|13294484|418889760.00|-4.97|-1.58|-9.97|31.84|31.36|32.48|29.71|13.29|33.00|19595048|627868416.00|1|0.0000|0.0000|0.0000|0|33.00
美格智能|002881|4.60|17010388|640816256.00|-1.83|5.86|-8.06|38.91|36.52|39.38|34.20|17.01|37.20|18058687|680365056.00|1|0.0000|0.0000|0.0000|0|37.20
金龙羽|002882|-0.33|8878484|129433800.00|-4.45|0.73|-8.76|15.01|14.39|15.17|13.74|8.88|15.06|12218426|181346080.00|1|0.0000|0.0000|0.0000|0|15.06
中设股份|002883|4.64|7370129|66624888.00|0.00|5.30|-7.28|9.48|9.06|9.54|8.40|7.37|9.06|8500141|77578424.00|1|0.0000|0.0000|0.0000|0|9.06
凌霄泵业|002884|0.94|5655747|82799328.00|-0.94|1.81|-5.37|15.04|14.76|15.17|14.10|5.66|14.90|7898855|119332328.00|1|0.0000|0.0000|0.0000|0|14.90
京泉华|002885|2.24|11441358|124673336.00|-2.33|2.69|-9.68|11.41|10.90|11.46|10.08|11.44|11.16|15547860|176476848.00|1|0.0000|0.0000|0.0000|0|11.16
沃特股份|002886|4.41|12952270|201050128.00|-2.43|4.80|-8.45|16.32|15.25|16.38|14.31|12.95|15.63|14222855|223017280.00|1|0.0000|0.0000|0.0000|0|15.63
绿茵生态|002887|3.50|5818560|36326264.00|-1.11|4.13|-7.31|6.51|6.22|6.55|5.83|5.82|6.29|6471110|41237412.00|1|0.0000|0.0000|0.0000|0|6.29
惠威科技|002888|2.29|4490700|63404912.00|-0.42|3.89|-9.72|14.74|14.35|14.97|13.01|4.49|14.41|5075002|74162376.00|1|0.0000|0.0000|0.0000|0|14.41
东方嘉盛|002889|4.05|9829859|175600832.00|-3.23|4.55|-9.97|19.00|17.67|19.09|16.44|9.83|18.26|9590317|177298112.00|1|0.0000|0.0000|0.0000|0|18.26
弘宇股份|002890|-1.12|6527368|68158064.00|2.24|2.24|-6.80|10.61|10.97|10.97|10.00|6.53|10.73|5249394|53503704.00|1|0.0000|0.0000|0.0000|0|10.73
中宠股份|002891|4.83|8296620|334388672.00|-2.09|6.81|-4.55|41.70|38.95|42.49|37.97|8.30|39.78|9573366|369065024.00|1|0.0000|0.0000|0.0000|0|39.78
科力尔|002892|3.55|31928564|423748224.00|-3.40|4.58|-9.97|14.02|13.08|14.16|12.19|31.93|13.54|30505213|413286016.00|1|0.0000|0.0000|0.0000|0|13.54
京能热力|002893|2.05|9058419|82609064.00|-1.62|3.03|-7.14|9.44|9.10|9.53|8.59|9.06|9.25|8007414|72605400.00|1|0.0000|0.0000|0.0000|0|9.25
川恒股份|002895|0.39|9313000|212279440.00|-0.65|0.83|-2.82|23.11|22.87|23.21|22.37|9.31|23.02|9841539|224206464.00|1|0.0000|0.0000|0.0000|0|23.02
中大力德|002896|10.00|21302959|1467997312.00|-0.49|10.00|-7.10|74.06|67.00|74.06|62.55|21.30|67.33|15195956|1046935104.00|1|0.0000|0.0000|0.0000|0|67.33
意华股份|002897|1.57|9402223|309621024.00|-2.40|2.10|-9.17|34.34|33.00|34.52|30.71|9.40|33.81|11067843|381564000.00|1|0.0000|0.0000|0.0000|0|33.81
*ST赛隆|002898|0.74|5513973|35999088.00|-1.77|1.77|-9.87|6.84|6.67|6.91|6.12|5.51|6.79|6859713|46694128.00|1|0.0000|0.0000|0.0000|0|6.79
英派斯|002899|-3.02|10782300|172969872.00|-9.98|-1.33|-9.98|16.71|15.51|17.00|15.51|10.78|17.23|4224300|74068792.00|1|0.0000|0.0000|0.0000|0|17.23
哈三联|002900|10.02|67610797|966078912.00|-10.02|10.02|-10.02|16.58|13.56|16.58|13.56|67.61|15.07|71777175|969508608.00|1|0.0000|0.0000|0.0000|0|15.07
大博医疗|002901|-0.42|2467188|79827104.00|-1.84|0.18|-4.96|32.95|32.48|33.15|31.45|2.47|33.09|2986200|99749064.00|1|0.0000|0.0000|0.0000|0|33.09
铭普光磁|002902|2.29|9081502|140470160.00|-2.73|3.56|-9.41|16.09|15.30|16.29|14.25|9.08|15.73|9572642|152437408.00|1|0.0000|0.0000|0.0000|0|15.73
宇环数控|002903|3.45|22786550|398474784.00|-2.82|10.00|-10.00|18.31|17.20|19.47|15.93|22.79|17.70|18735142|334133536.00|1|0.0000|0.0000|0.0000|0|17.70
金逸影视|002905|1.57|15344193|104754936.00|-2.72|3.29|-9.44|7.10|6.80|7.22|6.33|15.34|6.99|14606973|100963096.00|1|0.0000|0.0000|0.0000|0|6.99
华阳集团|002906|2.56|14113537|385480032.00|-2.38|3.81|-5.82|28.00|26.65|28.34|25.71|14.11|27.30|19561656|531493024.00|1|0.0000|0.0000|0.0000|0|27.30
华森制药|002907|-1.42|9571796|114878576.00|-2.29|-0.63|-10.01|12.51|12.40|12.61|11.42|9.57|12.69|8664659|109177656.00|1|0.0000|0.0000|0.0000|0|12.69
德生科技|002908|2.73|13846262|105111688.00|-2.60|3.52|-7.55|7.89|7.48|7.95|7.10|13.85|7.68|19769618|151584800.00|1|0.0000|0.0000|0.0000|0|7.68
集泰股份|002909|3.70|13965600|67088932.00|-1.85|4.52|-7.80|5.05|4.78|5.09|4.49|13.97|4.87|19838756|97028872.00|1|0.0000|0.0000|0.0000|0|4.87
庄园牧场|002910|3.06|14891262|120204608.00|-0.12|3.91|-7.58|8.43|8.17|8.50|7.56|14.89|8.18|15021000|121312568.00|1|0.0000|0.0000|0.0000|0|8.18
佛燃能源|002911|-0.73|4615665|49689964.00|0.09|0.09|-3.56|10.88|10.97|10.97|10.57|4.62|10.96|8124761|88262528.00|1|0.0000|0.0000|0.0000|0|10.96
中新赛克|002912|3.95|6293092|138524064.00|-2.91|4.41|-8.04|22.89|21.38|22.99|20.25|6.29|22.02|7179812|160237312.00|1|0.0000|0.0000|0.0000|0|22.02
奥士康|002913|-3.28|8966482|185178848.00|-2.96|-2.54|-8.96|20.93|21.00|21.09|19.70|8.97|21.64|13398215|284457632.00|1|0.0000|0.0000|0.0000|0|21.64
中欣氟材|002915|2.58|9445610|100254712.00|-2.58|4.24|-9.67|11.14|10.58|11.32|9.81|9.45|10.86|10471320|114078776.00|1|0.0000|0.0000|0.0000|0|10.86
深南电路|002916|0.56|11440517|1188767744.00|-4.26|2.81|-5.22|105.04|100.00|107.38|99.00|11.44|104.45|15335205|1605522816.00|1|0.0000|0.0000|0.0000|0|104.45
金奥博|002917|3.30|24139979|281666240.00|-2.79|4.65|-9.97|12.22|11.50|12.38|10.65|24.14|11.83|17511130|206449120.00|1|0.0000|0.0000|0.0000|0|11.83
蒙娜丽莎|002918|-2.54|16156639|139192896.00|-3.97|-0.22|-9.59|8.84|8.71|9.05|8.20|16.16|9.07|20989778|189161216.00|1|0.0000|0.0000|0.0000|0|9.07
名臣健康|002919|-0.75|6832804|97006936.00|-2.52|0.41|-7.91|14.55|14.29|14.72|13.50|6.83|14.66|7559170|107610632.00|1|0.0000|0.0000|0.0000|0|14.66
德赛西威|002920|2.16|7453805|717201600.00|-1.52|3.12|-2.04|96.99|93.50|97.90|93.00|7.45|94.94|9933530|932199040.00|1|0.0000|0.0000|0.0000|0|94.94
联诚精密|002921|2.98|8277216|88651320.00|-2.53|3.61|-9.93|11.41|10.80|11.48|9.98|8.28|11.08|8846218|99999472.00|1|0.0000|0.0000|0.0000|0|11.08
伊戈尔|002922|0.97|22662933|319252160.00|-1.18|2.85|-9.39|14.51|14.20|14.78|13.02|22.66|14.37|29256568|432159872.00|1|0.0000|0.0000|0.0000|0|14.37
润都股份|002923|-10.00|37460061|535475008.00|-5.06|-4.43|-10.00|14.22|15.00|15.10|14.22|37.46|15.80|47151019|746836352.00|1|0.0000|0.0000|0.0000|0|15.80
盈趣科技|002925|0.76|12601310|162646672.00|-3.42|2.28|-7.30|13.25|12.70|13.45|12.19|12.60|13.15|17570112|227054432.00|1|0.0000|0.0000|0.0000|0|13.15
华西证券|002926|1.28|33360456|261889968.00|-0.77|2.81|-3.96|7.93|7.77|8.05|7.52|33.36|7.83|44764996|351031040.00|1|0.0000|0.0000|0.0000|0|7.83
泰永长征|002927|3.55|14888600|173978176.00|-3.04|5.24|-8.54|12.25|11.47|12.45|10.82|14.89|11.83|15476866|185227152.00|1|0.0000|0.0000|0.0000|0|11.83
华夏航空|002928|5.48|24116943|174796272.00|-1.54|7.72|-4.21|7.51|7.01|7.67|6.82|24.12|7.12|17442600|124041656.00|1|0.0000|0.0000|0.0000|0|7.12
润建股份|002929|4.97|20198564|862012096.00|-1.79|7.21|-7.61|44.55|41.68|45.50|39.21|20.20|42.44|20678613|893020544.00|1|0.0000|0.0000|0.0000|0|42.44
宏川智慧|002930|0.51|10168242|95815936.00|-1.24|0.82|-7.31|9.76|9.59|9.79|9.00|10.17|9.71|10386302|100696784.00|1|0.0000|0.0000|0.0000|0|9.71
锋龙股份|002931|3.24|6045939|92156448.00|-1.95|4.15|-7.91|15.92|15.12|16.06|14.20|6.05|15.42|9551237|146627808.00|1|0.0000|0.0000|0.0000|0|15.42
明德生物|002932|0.95|2435564|40510920.00|-2.08|1.54|-4.45|17.01|16.50|17.11|16.10|2.44|16.85|3066426|51524980.00|1|0.0000|0.0000|0.0000|0|16.85
新兴装备|002933|5.04|7355061|212717808.00|-2.59|5.95|-7.04|30.00|27.82|30.26|26.55|7.36|28.56|7225973|205146480.00|1|0.0000|0.0000|0.0000|0|28.56
天奥电子|002935|4.22|16384419|211321728.00|-1.03|5.57|-4.53|13.10|12.44|13.27|12.00|16.38|12.57|14365056|180587328.00|1|0.0000|0.0000|0.0000|0|12.57
郑州银行|002936|0.55|108811992|196067680.00|-1.10|1.10|-2.75|1.83|1.80|1.84|1.77|108.81|1.82|132182919|239616512.00|1|0.0000|0.0000|0.0000|0|1.82
兴瑞科技|002937|-1.37|12745423|188461712.00|-1.69|-0.33|-9.75|15.17|15.12|15.33|13.88|12.75|15.38|13697289|212127056.00|1|0.0000|0.0000|0.0000|0|15.38
鹏鼎控股|002938|-3.85|57251261|1454053888.00|-4.59|-3.00|-8.73|26.00|25.80|26.23|24.68|57.25|27.04|31200142|854923136.00|1|0.0000|0.0000|0.0000|0|27.04
长城证券|002939|1.49|43599627|321872704.00|-1.22|2.17|-3.25|7.50|7.30|7.55|7.15|43.60|7.39|39971865|293984576.00|1|0.0000|0.0000|0.0000|0|7.39
昂利康|002940|0.00|5026602|60572368.00|-1.61|1.29|-7.74|12.40|12.20|12.56|11.44|5.03|12.40|6453768|80060880.00|1|0.0000|0.0000|0.0000|0|12.40
新疆交建|002941|6.94|20306189|217836896.00|-0.96|8.39|-2.99|11.09|10.27|11.24|10.06|20.31|10.37|13527772|138512736.00|1|0.0000|0.0000|0.0000|0|10.37
新农股份|002942|-0.94|2933597|42393268.00|-0.47|0.07|-7.63|14.81|14.88|14.96|13.81|2.93|14.95|3152310|45744040.00|1|0.0000|0.0000|0.0000|0|14.95
宇晶股份|002943|-0.50|13414873|279102656.00|-1.86|1.91|-10.00|21.89|21.59|22.42|19.80|13.41|22.00|10400567|232536672.00|1|0.0000|0.0000|0.0000|0|22.00
华林证券|002945|1.13|24812505|329661472.00|-2.33|2.26|-3.69|13.43|12.97|13.58|12.79|24.81|13.28|25201805|335965824.00|1|0.0000|0.0000|0.0000|0|13.28
新乳业|002946|6.41|22872558|367826976.00|0.00|10.00|-3.21|16.60|15.60|17.16|15.10|22.87|15.60|16766873|253381856.00|1|0.0000|0.0000|0.0000|0|15.60
恒铭达|002947|-2.66|21200564|550725120.00|-5.69|-2.09|-10.01|27.03|26.19|27.19|24.99|21.20|27.77|6847911|191260336.00|1|0.0000|0.0000|0.0000|0|27.77
青岛银行|002948|-1.24|40355442|159718272.00|-0.50|-0.25|-2.98|3.98|4.01|4.02|3.91|40.36|4.03|61649675|247525792.00|1|0.0000|0.0000|0.0000|0|4.03
华阳国际|002949|-2.52|7799809|107531168.00|-2.80|-0.49|-8.96|13.93|13.89|14.22|13.01|7.80|14.29|6422642|92377832.00|1|0.0000|0.0000|0.0000|0|14.29
奥美医疗|002950|0.77|9174283|69804736.00|-0.90|1.41|-7.45|7.85|7.72|7.90|7.21|9.17|7.79|12925883|102190192.00|1|0.0000|0.0000|0.0000|0|7.79
金时科技|002951|4.96|1275400|9002484.00|0.00|4.96|-3.07|7.19|6.85|7.19|6.64|1.28|6.85|785500|5336446.00|1|0.0000|0.0000|0.0000|0|6.85
亚世光电|002952|2.18|5241939|79805744.00|-2.75|3.33|-9.53|15.97|15.20|16.15|14.14|5.24|15.63|5398975|85373672.00|1|0.0000|0.0000|0.0000|0|15.63
日丰股份|002953|2.42|15537169|138031904.00|-2.42|4.18|-9.46|9.31|8.87|9.47|8.23|15.54|9.09|17118432|156278224.00|1|0.0000|0.0000|0.0000|0|9.09
鸿合科技|002955|-1.26|6424068|120694752.00|-1.87|-1.11|-9.96|19.52|19.40|19.55|17.80|6.42|19.77|10010346|202500832.00|1|0.0000|0.0000|0.0000|0|19.77
西麦食品|002956|5.69|10098309|170694000.00|-0.79|7.27|-5.45|17.45|16.38|17.71|15.61|10.10|16.51|7536425|120645216.00|1|0.0000|0.0000|0.0000|0|16.51
科瑞技术|002957|1.28|10141000|131798520.00|-2.19|2.19|-8.59|13.44|12.98|13.56|12.13|10.14|13.27|14181089|189781680.00|1|0.0000|0.0000|0.0000|0|13.27
青农商行|002958|-0.67|103190800|301309536.00|-0.67|-0.34|-3.03|2.95|2.95|2.96|2.88|103.19|2.97|83664788|248559168.00|1|0.0000|0.0000|0.0000|0|2.97
小熊电器|002959|7.06|3788586|156235568.00|2.33|7.96|1.79|41.85|40.00|42.20|39.79|3.79|39.09|2730618|105664208.00|1|0.0000|0.0000|0.0000|0|39.09
青鸟消防|002960|0.94|10909765|114074000.00|-2.35|1.51|-6.11|10.73|10.38|10.79|9.98|10.91|10.63|13238927|140918064.00|1|0.0000|0.0000|0.0000|0|10.63
瑞达期货|002961|-0.72|15708902|207879792.00|-3.39|0.00|-10.03|13.76|13.39|13.86|12.47|15.71|13.86|20135274|282993344.00|1|0.0000|0.0000|0.0000|0|13.86
五方光电|002962|1.58|9464662|122220976.00|-2.48|1.80|-9.53|13.54|13.00|13.57|12.06|9.46|13.33|10368255|139701296.00|1|0.0000|0.0000|0.0000|0|13.33
豪尔赛|002963|2.97|2765200|26654714.00|-0.72|4.91|-7.88|10.06|9.70|10.25|9.00|2.77|9.77|3861500|38122200.00|1|0.0000|0.0000|0.0000|0|9.77
祥鑫科技|002965|4.99|24909882|989805824.00|-4.76|6.35|-9.80|42.31|38.38|42.86|36.35|24.91|40.30|12470770|512558624.00|1|0.0000|0.0000|0.0000|0|40.30
苏州银行|002966|-1.64|39354029|306666880.00|-0.25|-0.13|-2.65|7.79|7.90|7.91|7.71|39.35|7.92|64155400|505960640.00|1|0.0000|0.0000|0.0000|0|7.92
广电计量|002967|4.56|21718262|441776384.00|-1.50|5.36|-4.81|20.88|19.67|21.04|19.01|21.72|19.97|20852157|413032736.00|1|0.0000|0.0000|0.0000|0|19.97
新大正|002968|3.66|5452120|46204736.00|-2.01|4.61|-5.79|8.77|8.29|8.85|7.97|5.45|8.46|5289875|44624524.00|1|0.0000|0.0000|0.0000|0|8.46
嘉美包装|002969|1.34|29985730|88243496.00|-1.34|2.35|-6.04|3.02|2.94|3.05|2.80|29.99|2.98|36655105|109621744.00|1|0.0000|0.0000|0.0000|0|2.98
锐明技术|002970|2.26|7287601|301033696.00|-1.87|4.37|-8.71|42.62|40.90|43.50|38.05|7.29|41.68|8806692|376031680.00|1|0.0000|0.0000|0.0000|0|41.68
和远气体|002971|0.11|5287630|88782224.00|-2.30|1.61|-9.14|17.42|17.00|17.68|15.81|5.29|17.40|7275566|125029536.00|1|0.0000|0.0000|0.0000|0|17.40
科安达|002972|3.85|8335374|77010472.00|-1.71|5.02|-8.44|9.72|9.20|9.83|8.57|8.34|9.36|11773020|112522504.00|1|0.0000|0.0000|0.0000|0|9.36
侨银股份|002973|4.07|9756000|93475608.00|-0.83|5.11|-6.15|9.98|9.51|10.08|9.00|9.76|9.59|11450300|112411656.00|1|0.0000|0.0000|0.0000|0|9.59
博杰股份|002975|-0.48|8300872|215020832.00|-1.90|0.62|-9.96|27.19|26.80|27.49|24.60|8.30|27.32|5371602|149477664.00|1|0.0000|0.0000|0.0000|0|27.32
瑞玛精密|002976|1.63|2558320|43043360.00|-1.97|2.67|-9.17|17.51|16.89|17.69|15.65|2.56|17.23|3538800|61682136.00|1|0.0000|0.0000|0.0000|0|17.23
天箭科技|002977|6.55|4083107|99188512.00|-0.30|6.85|-3.87|25.06|23.45|25.13|22.61|4.08|23.52|3313624|78030200.00|1|0.0000|0.0000|0.0000|0|23.52
安宁股份|002978|0.51|2711500|78193840.00|-1.63|1.29|-5.65|29.54|28.91|29.77|27.73|2.71|29.39|3347300|98503800.00|1|0.0000|0.0000|0.0000|0|29.39
雷赛智能|002979|3.13|25118810|911161792.00|-4.34|4.80|-9.94|38.27|35.50|38.89|33.42|25.12|37.11|15628565|590053824.00|1|0.0000|0.0000|0.0000|0|37.11
华盛昌|002980|-0.73|3570300|74890736.00|-2.28|0.23|-9.54|21.74|21.40|21.95|19.81|3.57|21.90|4587555|101296000.00|1|0.0000|0.0000|0.0000|0|21.90
朝阳科技|002981|2.65|4191586|72397824.00|-1.01|3.83|-9.86|18.22|17.57|18.43|16.00|4.19|17.75|3404079|61637232.00|1|0.0000|0.0000|0.0000|0|17.75
湘佳股份|002982|-3.68|30873813|813613696.00|2.48|10.00|-5.04|24.86|26.45|28.39|24.51|30.87|25.81|28038768|685204480.00|1|0.0000|0.0000|0.0000|0|25.81
芯瑞达|002983|1.66|2900223|43103500.00|-1.40|2.26|-6.84|15.30|14.84|15.39|14.02|2.90|15.05|3542656|53234676.00|1|0.0000|0.0000|0.0000|0|15.05
森麒麟|002984|-1.35|24740132|462205376.00|-2.18|-0.98|-6.32|19.04|18.88|19.11|18.08|24.74|19.30|25635782|498920032.00|1|0.0000|0.0000|0.0000|0|19.30
北摩高科|002985|7.93|6649063|150399008.00|-0.50|8.25|-3.07|23.54|21.70|23.61|21.14|6.65|21.81|4930011|107874704.00|1|0.0000|0.0000|0.0000|0|21.81
宇新股份|002986|0.20|4383832|43079828.00|-1.30|0.70|-4.80|10.01|9.86|10.06|9.51|4.38|9.99|3810272|38035552.00|1|0.0000|0.0000|0.0000|0|9.99
京北方|002987|5.18|24227467|384938016.00|-1.79|6.65|-6.59|16.45|15.36|16.68|14.61|24.23|15.64|25219810|397205088.00|1|0.0000|0.0000|0.0000|0|15.64
豪美新材|002988|1.84|6690274|152402448.00|-1.97|3.15|-5.61|23.25|22.38|23.55|21.55|6.69|22.83|10517270|222282944.00|1|0.0000|0.0000|0.0000|0|22.83
中天精装|002989|3.62|5333292|130286256.00|-2.29|5.55|-8.77|25.77|24.30|26.25|22.69|5.33|24.87|5188398|128229824.00|1|0.0000|0.0000|0.0000|0|24.87
盛视科技|002990|1.10|5735554|137255664.00|-2.77|1.92|-9.09|24.80|23.85|25.00|22.30|5.74|24.53|7673800|188195936.00|1|0.0000|0.0000|0.0000|0|24.53
甘源食品|002991|5.01|2604713|198703728.00|-1.36|5.32|-2.68|78.77|73.99|79.00|73.00|2.60|75.01|2511696|184418400.00|1|0.0000|0.0000|0.0000|0|75.01
宝明科技|002992|3.53|2630711|159266672.00|-4.37|4.04|-7.55|62.80|58.01|63.11|56.08|2.63|60.66|3989142|242103360.00|1|0.0000|0.0000|0.0000|0|60.66
奥海科技|002993|-2.15|11339775|329275968.00|-6.62|-0.42|-10.01|30.02|28.65|30.55|27.61|11.34|30.68|4563010|144020048.00|1|0.0000|0.0000|0.0000|0|30.68
天地在线|002995|3.21|6471560|98854912.00|-0.39|3.66|-9.06|16.06|15.50|16.13|14.15|6.47|15.56|6997175|109870664.00|1|0.0000|0.0000|0.0000|0|15.56
顺博合金|002996|3.54|16565563|92633000.00|-1.42|3.89|-7.43|5.85|5.57|5.87|5.23|16.57|5.65|23385658|132507368.00|1|0.0000|0.0000|0.0000|0|5.65
瑞鹄模具|002997|5.48|10599589|353675712.00|-2.59|6.33|-5.54|34.65|32.00|34.93|31.03|10.60|32.85|11088500|362967936.00|1|0.0000|0.0000|0.0000|0|32.85
优彩资源|002998|4.93|10328100|59400088.00|-1.23|6.34|-7.75|5.96|5.61|6.04|5.24|10.33|5.68|8574900|49314424.00|1|0.0000|0.0000|0.0000|0|5.68
天禾股份|002999|0.00|42792060|263159920.00|-1.45|2.90|-3.55|6.20|6.11|6.38|5.98|42.79|6.20|20362058|125393560.00|1|0.0000|0.0000|0.0000|0|6.20
劲仔食品|003000|-0.15|35415737|464849952.00|-2.54|3.29|-5.39|13.34|13.02|13.80|12.64|35.42|13.36|37085227|479510560.00|1|0.0000|0.0000|0.0000|0|13.36
中岩大地|003001|3.10|5638674|177783952.00|2.64|6.45|-9.99|33.55|33.40|34.64|29.29|5.64|32.54|5218789|172024112.00|1|0.0000|0.0000|0.0000|0|32.54
壶化股份|003002|8.35|4480300|97925088.00|-0.74|9.00|-7.15|23.35|21.39|23.49|20.01|4.48|21.55|4727496|97756784.00|1|0.0000|0.0000|0.0000|0|21.55
天元股份|003003|3.39|5350867|44953704.00|-1.99|4.09|-8.30|8.84|8.38|8.90|7.84|5.35|8.55|5995000|51610220.00|1|0.0000|0.0000|0.0000|0|8.55
*ST声迅|003004|2.62|3015800|53993904.00|-3.60|3.76|-9.44|18.81|17.67|19.02|16.60|3.02|18.33|3143000|58037176.00|1|0.0000|0.0000|0.0000|0|18.33
竞业达|003005|3.82|5597625|149139168.00|-3.30|4.53|-8.01|27.72|25.82|27.91|24.56|5.60|26.70|6158855|166412496.00|1|0.0000|0.0000|0.0000|0|26.70
百亚股份|003006|-1.62|7781150|190335184.00|-0.04|0.85|-3.68|24.35|24.74|24.96|23.84|7.78|24.75|10354439|251016816.00|1|0.0000|0.0000|0.0000|0|24.75
直真科技|003007|2.61|4194932|108005640.00|-2.19|3.69|-7.73|26.69|25.44|26.97|24.00|4.19|26.01|4721050|124400560.00|1|0.0000|0.0000|0.0000|0|26.01
开普检测|003008|1.47|2439640|44215480.00|-0.76|2.66|-6.09|18.67|18.26|18.89|17.28|2.44|18.40|2824090|51847252.00|1|0.0000|0.0000|0.0000|0|18.40
中天火箭|003009|7.60|3520634|125923392.00|-1.27|8.98|-1.91|36.53|33.52|37.00|33.30|3.52|33.95|2244000|75476512.00|1|0.0000|0.0000|0.0000|0|33.95
若羽臣|003010|0.78|5714211|252336256.00|-0.31|4.39|-9.09|44.99|44.50|46.60|40.58|5.71|44.64|6429934|273446912.00|1|0.0000|0.0000|0.0000|0|44.64
海象新材|003011|2.03|4098140|51792432.00|-1.10|3.68|-7.90|13.04|12.64|13.25|11.77|4.10|12.78|4981350|63911384.00|1|0.0000|0.0000|0.0000|0|12.78
东鹏控股|003012|-0.32|12311900|75035792.00|-1.12|0.64|-4.97|6.22|6.17|6.28|5.93|12.31|6.24|15749150|98239760.00|1|0.0000|0.0000|0.0000|0|6.24
地铁设计|003013|1.79|4491000|64213552.00|-2.55|2.34|-5.72|14.76|14.13|14.84|13.67|4.49|14.50|5550188|79762848.00|1|0.0000|0.0000|0.0000|0|14.50
日久光电|003015|-1.88|32817100|398190752.00|-3.22|1.10|-9.97|12.50|12.33|12.88|11.47|32.82|12.74|35179600|455415008.00|1|0.0000|0.0000|0.0000|0|12.74
欣贺股份|003016|1.80|4821800|29178864.00|-0.16|2.61|-6.54|6.23|6.11|6.28|5.72|4.82|6.12|5214544|32313166.00|1|0.0000|0.0000|0.0000|0|6.12
大洋生物|003017|1.32|2103188|38797376.00|-1.59|2.12|-10.00|19.15|18.60|19.30|17.01|2.10|18.90|2337528|44367388.00|1|0.0000|0.0000|0.0000|0|18.90
金富科技|003018|0.00|4602200|40426944.00|-1.32|1.10|-8.24|9.10|8.98|9.20|8.35|4.60|9.10|6116900|55679268.00|1|0.0000|0.0000|0.0000|0|9.10
宸展光电|003019|-7.37|22031202|571689664.00|-10.01|-3.69|-10.01|26.38|25.63|27.43|25.63|22.03|28.48|3836279|110885408.00|1|0.0000|0.0000|0.0000|0|28.48
立方制药|003020|-1.49|2096537|38633496.00|-0.90|-0.53|-4.40|18.57|18.68|18.75|18.02|2.10|18.85|2347361|43211156.00|1|0.0000|0.0000|0.0000|0|18.85
兆威机电|003021|0.02|19759828|1872422528.00|-5.55|4.06|-10.00|99.00|93.49|103.00|89.08|19.76|98.98|4774640|474850400.00|1|0.0000|0.0000|0.0000|0|98.98
联泓新科|003022|0.74|7152363|95938856.00|-1.26|1.33|-4.07|13.60|13.33|13.68|12.95|7.15|13.50|9698595|129804048.00|1|0.0000|0.0000|0.0000|0|13.50
彩虹集团|003023|0.46|2858950|48195828.00|-1.68|1.63|-6.56|17.31|16.94|17.51|16.10|2.86|17.23|3467210|58752440.00|1|0.0000|0.0000|0.0000|0|17.23
思进智能|003025|1.20|11018757|160606592.00|-3.72|2.86|-9.90|15.23|14.49|15.48|13.56|11.02|15.05|13681980|208432640.00|1|0.0000|0.0000|0.0000|0|15.05
中晶科技|003026|4.54|3460840|86720552.00|-2.97|5.23|-7.64|26.01|24.14|26.18|22.98|3.46|24.88|3941723|98808760.00|1|0.0000|0.0000|0.0000|0|24.88
同兴科技|003027|1.63|3007700|39908120.00|-1.71|3.41|-8.01|13.70|13.25|13.94|12.40|3.01|13.48|2872700|38865880.00|1|0.0000|0.0000|0.0000|0|13.48
振邦智能|003028|-1.16|4194744|151197104.00|-5.06|0.11|-9.99|37.50|36.02|37.98|34.15|4.19|37.94|3193800|122557184.00|1|0.0000|0.0000|0.0000|0|37.94
吉大正元|003029|4.70|5196500|96075168.00|-1.13|5.72|-7.94|19.39|18.31|19.58|17.05|5.20|18.52|5617592|106014704.00|1|0.0000|0.0000|0.0000|0|18.52
祖名股份|003030|-10.00|16867129|321411168.00|-4.78|-4.78|-10.00|18.81|19.90|19.90|18.81|16.87|20.90|24572235|484148512.00|1|0.0000|0.0000|0.0000|0|20.90
中瓷电子|003031|3.05|2600856|113073936.00|-1.73|4.66|-1.73|43.97|41.93|44.66|41.93|2.60|42.67|2601972|109296632.00|1|0.0000|0.0000|0.0000|0|42.67
*ST传智|003032|1.69|12707400|79686648.00|-1.69|2.46|-9.69|6.61|6.39|6.66|5.87|12.71|6.50|12589820|82889864.00|1|0.0000|0.0000|0.0000|0|6.50
征和工业|003033|1.95|4484400|152743088.00|-4.04|3.04|-9.36|35.60|33.51|35.98|31.65|4.48|34.92|4337000|150082512.00|1|0.0000|0.0000|0.0000|0|34.92
南网能源|003035|3.16|24974302|103213208.00|-0.24|4.14|-2.68|4.24|4.10|4.28|4.00|24.97|4.11|24152341|98487640.00|1|0.0000|0.0000|0.0000|0|4.11
泰坦股份|003036|0.18|3383200|36114628.00|-2.49|1.66|-5.71|10.88|10.59|11.04|10.24|3.38|10.86|3874009|41615140.00|1|0.0000|0.0000|0.0000|0|10.86
三和管桩|003037|0.00|19842843|118289096.00|-1.47|0.49|-7.01|6.13|6.04|6.16|5.70|19.84|6.13|13145000|76138144.00|1|0.0000|0.0000|0.0000|0|6.13
鑫铂股份|003038|4.00|7444128|127340400.00|-2.75|4.81|-9.84|18.18|17.00|18.32|15.76|7.44|17.48|9223448|159819552.00|1|0.0000|0.0000|0.0000|0|17.48
顺控发展|003039|4.20|12890585|165069888.00|-2.18|4.98|-6.69|13.40|12.58|13.50|12.00|12.89|12.86|9920752|126862168.00|1|0.0000|0.0000|0.0000|0|12.86
楚天龙|003040|3.08|11365800|124290912.00|-0.54|3.62|-7.15|11.39|10.99|11.45|10.26|11.37|11.05|13016510|144223632.00|1|0.0000|0.0000|0.0000|0|11.05
真爱美家|003041|4.38|2355100|62857136.00|0.00|6.36|-4.45|27.42|26.27|27.94|25.10|2.36|26.27|1929808|50675704.00|1|0.0000|0.0000|0.0000|0|26.27
中农联合|003042|-0.28|12296727|179974176.00|1.45|4.14|-3.10|14.47|14.72|15.11|14.06|12.30|14.51|8905591|126597600.00|1|0.0000|0.0000|0.0000|0|14.51
华亚智能|003043|5.73|4175873|206933664.00|-0.86|8.64|-5.90|50.56|47.41|51.95|45.00|4.18|47.82|3647217|173237632.00|1|0.0000|0.0000|0.0000|0|47.82
中国广核|003816|-0.56|210044348|744636544.00|-0.56|0.28|-2.79|3.56|3.56|3.59|3.48|210.04|3.58|240855404|846111104.00|1|0.0000|0.0000|0.0000|0|3.58
特锐德|300001|4.49|31345782|694812032.00|-1.60|5.82|-3.66|22.82|21.49|23.11|21.04|31.35|21.84|28420842|627349952.00|1|0.0000|0.0000|0.0000|0|21.84
神州泰岳|300002|2.34|97127317|1028808000.00|-2.53|3.37|-6.75|10.92|10.40|11.03|9.95|97.13|10.67|100362856|1072556160.00|1|0.0000|0.0000|0.0000|0|10.67
乐普医疗|300003|0.84|25736880|271570080.00|-1.41|1.88|-4.60|10.75|10.51|10.86|10.17|25.74|10.66|27416500|292796864.00|1|0.0000|0.0000|0.0000|0|10.66
南风股份|300004|5.47|50556436|325712448.00|-4.26|7.45|-15.05|6.94|6.30|7.07|5.59|50.56|6.58|42885900|281418816.00|1|0.0000|0.0000|0.0000|0|6.58
探路者|300005|-7.67|122018887|1042995264.00|-4.97|-4.00|-13.50|8.55|8.80|8.89|8.01|122.02|9.26|151534641|1366827136.00|1|0.0000|0.0000|0.0000|0|9.26
莱美药业|300006|1.62|28851000|85921536.00|-1.30|2.60|-10.06|3.13|3.04|3.16|2.77|28.85|3.08|25680721|79314880.00|1|0.0000|0.0000|0.0000|0|3.08
汉威科技|300007|3.44|38566818|1124705536.00|-1.36|5.07|-11.53|30.41|29.00|30.89|26.01|38.57|29.40|35198044|1030759232.00|1|0.0000|0.0000|0.0000|0|29.40
天海防务|300008|14.68|384313364|2132000512.00|-2.15|16.44|-2.54|5.86|5.00|5.95|4.98|384.31|5.11|245957160|1252433280.00|1|0.0000|0.0000|0.0000|0|5.11
安科生物|300009|0.64|20124293|155922544.00|-1.40|1.28|-4.97|7.89|7.73|7.94|7.45|20.12|7.84|23791639|186210672.00|1|0.0000|0.0000|0.0000|0|7.84
豆神教育|300010|1.85|102287800|649669184.00|-2.63|2.94|-10.51|6.59|6.30|6.66|5.79|102.29|6.47|86668248|560738112.00|1|0.0000|0.0000|0.0000|0|6.47
鼎汉技术|300011|2.90|20332880|137127584.00|-1.89|3.77|-9.29|7.09|6.76|7.15|6.25|20.33|6.89|20204826|140079792.00|1|0.0000|0.0000|0.0000|0|6.89
华测检测|300012|-0.17|40318552|469370432.00|-1.62|1.36|-4.68|11.73|11.56|11.91|11.20|40.32|11.75|49714578|581650112.00|1|0.0000|0.0000|0.0000|0|11.75
新宁物流|300013|3.48|12654600|43722112.00|-1.74|3.77|-4.35|3.57|3.39|3.58|3.30|12.65|3.45|12038550|41274696.00|1|0.0000|0.0000|0.0000|0|3.45
亿纬锂能|300014|-0.84|26262713|1054659584.00|-2.00|0.99|-3.63|40.20|39.73|40.94|39.07|26.26|40.54|28136457|1137235200.00|1|0.0000|0.0000|0.0000|0|40.54
爱尔眼科|300015|1.89|85358117|1085337472.00|-1.03|2.44|-2.60|12.92|12.55|12.99|12.35|85.36|12.68|119970902|1516369536.00|1|0.0000|0.0000|0.0000|0|12.68
北陆药业|300016|-0.67|18063650|104061448.00|-1.50|-0.17|-9.52|5.95|5.90|5.98|5.42|18.06|5.99|13551050|81554304.00|1|0.0000|0.0000|0.0000|0|5.99
网宿科技|300017|4.18|148049097|1456489984.00|-1.93|5.09|-7.84|10.23|9.63|10.32|9.05|148.05|9.82|145386789|1427624576.00|1|0.0000|0.0000|0.0000|0|9.82
中元股份|300018|4.19|23302097|137352080.00|-1.01|5.36|-9.88|6.22|5.91|6.29|5.38|23.30|5.97|21210039|127542064.00|1|0.0000|0.0000|0.0000|0|5.97
硅宝科技|300019|4.61|15103600|244678496.00|0.00|5.68|-3.79|16.58|15.85|16.75|15.25|15.10|15.85|15559932|247730048.00|1|0.0000|0.0000|0.0000|0|15.85
ST银江|300020|1.71|26337700|76465656.00|-0.34|3.07|-5.46|2.98|2.92|3.02|2.77|26.34|2.93|32811309|98150208.00|1|0.0000|0.0000|0.0000|0|2.93
大禹节水|300021|3.33|159492218|789594368.00|0.00|9.77|-3.74|4.97|4.81|5.28|4.63|159.49|4.81|103151467|471308448.00|1|0.0000|0.0000|0.0000|0|4.81
吉峰科技|300022|9.33|49625078|368587488.00|-2.65|11.14|-2.92|7.85|6.99|7.98|6.97|49.63|7.18|41490001|288502560.00|1|0.0000|0.0000|0.0000|0|7.18
机器人|300024|6.05|70966508|1073303424.00|-0.94|6.45|-6.79|15.78|14.74|15.84|13.87|70.97|14.88|64136818|955711744.00|1|0.0000|0.0000|0.0000|0|14.88
华星创业|300025|3.73|16391405|99714672.00|-0.16|3.90|-8.60|6.39|6.15|6.40|5.63|16.39|6.16|18514433|114163208.00|1|0.0000|0.0000|0.0000|0|6.16
红日药业|300026|1.22|61123772|199108560.00|-1.22|2.43|-5.47|3.33|3.25|3.37|3.11|61.12|3.29|62483800|204361760.00|1|0.0000|0.0000|0.0000|0|3.29
华谊兄弟|300027|4.17|115762852|250858784.00|-0.93|5.56|-7.41|2.25|2.14|2.28|2.00|115.76|2.16|111945011|241697888.00|1|0.0000|0.0000|0.0000|0|2.16
*ST天龙|300029|1.82|2310800|10140666.00|0.68|2.95|-4.77|4.48|4.43|4.53|4.19|2.31|4.40|2100900|9184949.00|1|0.0000|0.0000|0.0000|0|4.40
阳普医疗|300030|3.25|11005237|53079496.00|-0.81|3.85|-9.33|5.09|4.89|5.12|4.47|11.01|4.93|9886037|48956908.00|1|0.0000|0.0000|0.0000|0|4.93
宝通科技|300031|1.50|35959711|749380096.00|-3.18|2.52|-11.07|21.72|20.72|21.94|19.03|35.96|21.40|34691600|743077440.00|1|0.0000|0.0000|0.0000|0|21.40
金龙机电|300032|4.64|30929990|112292432.00|-3.01|5.46|-9.29|3.83|3.55|3.86|3.32|30.93|3.66|26295914|95619136.00|1|0.0000|0.0000|0.0000|0|3.66
同花顺|300033|5.85|15574387|4010391552.00|-1.52|6.64|-3.70|266.00|247.47|267.99|242.00|15.57|251.30|12806971|3229704448.00|1|0.0000|0.0000|0.0000|0|251.30
钢研高纳|300034|7.66|33058129|515600448.00|-1.81|9.27|-1.81|16.02|14.61|16.26|14.61|33.06|14.88|17188439|255392528.00|1|0.0000|0.0000|0.0000|0|14.88
中科电气|300035|3.71|39178940|522558688.00|-2.08|4.23|-8.53|13.98|13.20|14.05|12.33|39.18|13.48|39068037|527340064.00|1|0.0000|0.0000|0.0000|0|13.48
超图软件|300036|3.10|14564747|201953456.00|-1.52|3.68|-5.41|14.29|13.65|14.37|13.11|14.56|13.86|17738516|244646352.00|1|0.0000|0.0000|0.0000|0|13.86
新宙邦|300037|-0.07|14979788|413290144.00|-2.17|0.36|-5.84|28.08|27.49|28.20|26.46|14.98|28.10|13827857|388944544.00|1|0.0000|0.0000|0.0000|0|28.10
上海凯宝|300039|1.02|48635744|275719776.00|-1.87|1.70|-8.84|5.94|5.77|5.98|5.36|48.64|5.88|48757434|288443744.00|1|0.0000|0.0000|0.0000|0|5.88
九洲集团|300040|1.00|57874860|332019264.00|-1.67|2.01|-12.71|6.04|5.88|6.10|5.22|57.87|5.98|52525611|316567424.00|1|0.0000|0.0000|0.0000|0|5.98
回天新材|300041|1.28|20979628|161611696.00|-2.17|2.04|-7.40|7.94|7.67|8.00|7.26|20.98|7.84|19500690|153730240.00|1|0.0000|0.0000|0.0000|0|7.84
朗科科技|300042|3.55|20131377|432527328.00|-3.55|5.32|-12.69|22.77|21.21|23.16|19.20|20.13|21.99|17845337|392447456.00|1|0.0000|0.0000|0.0000|0|21.99
星辉娱乐|300043|2.91|59110461|178923792.00|-2.27|4.21|-11.00|3.18|3.02|3.22|2.75|59.11|3.09|48590900|149375552.00|1|0.0000|0.0000|0.0000|0|3.09
ST赛为|300044|4.74|61078721|329531712.00|-0.91|5.47|-12.23|5.74|5.43|5.78|4.81|61.08|5.48|48097445|262904672.00|1|0.0000|0.0000|0.0000|0|5.48
华力创通|300045|3.72|26450302|432771072.00|-0.31|4.89|-5.82|16.75|16.10|16.94|15.21|26.45|16.15|27847300|446593952.00|1|0.0000|0.0000|0.0000|0|16.15
台基股份|300046|13.30|28275571|779716032.00|-1.65|19.98|-8.34|28.80|25.00|30.50|23.30|28.28|25.42|17399804|443484608.00|1|0.0000|0.0000|0.0000|0|25.42
天源迪科|300047|5.48|52153258|569332544.00|-1.86|6.50|-8.08|11.36|10.57|11.47|9.90|52.15|10.77|48407599|519366720.00|1|0.0000|0.0000|0.0000|0|10.77
合康新能|300048|3.70|36419567|167521536.00|-1.30|5.00|-7.61|4.77|4.54|4.83|4.25|36.42|4.60|34075504|158240160.00|1|0.0000|0.0000|0.0000|0|4.60
福瑞医科|300049|-0.49|6503800|181176528.00|-1.01|0.35|-7.54|28.64|28.49|28.88|26.61|6.50|28.78|7305250|211093808.00|1|0.0000|0.0000|0.0000|0|28.78
世纪鼎利|300050|3.36|24553329|107983576.00|-2.01|4.70|-10.07|4.62|4.38|4.68|4.02|24.55|4.47|20524900|91263568.00|1|0.0000|0.0000|0.0000|0|4.47
琏升科技|300051|-0.64|6034853|37793672.00|-0.96|1.92|-1.12|6.22|6.20|6.38|6.19|6.03|6.26|3802359|23935438.00|0|0.0000|0.0000|0.0000|0|6.26
ST中青宝|300052|-0.68|19306700|162779584.00|-3.65|0.91|-11.06|8.71|8.45|8.85|7.80|19.31|8.77|16808719|146870048.00|1|0.0000|0.0000|0.0000|0|8.77
航宇微|300053|5.91|32275272|350097696.00|-2.44|6.85|-8.07|11.29|10.40|11.39|9.80|32.28|10.66|24422872|261034592.00|1|0.0000|0.0000|0.0000|0|10.66
鼎龙股份|300054|3.30|25159443|670234240.00|-2.00|5.80|-4.42|26.90|25.52|27.55|24.89|25.16|26.04|24270638|639756672.00|1|0.0000|0.0000|0.0000|0|26.04
万邦达|300055|3.73|14982800|67770176.00|-2.19|4.82|-7.02|4.73|4.46|4.78|4.24|14.98|4.56|15359868|70070776.00|1|0.0000|0.0000|0.0000|0|4.56
中创环保|300056|1.88|18564456|198324352.00|-3.58|5.01|-12.80|11.38|10.77|11.73|9.74|18.56|11.17|18481871|204786960.00|1|0.0000|0.0000|0.0000|0|11.17
万顺新材|300057|2.88|30188513|123887472.00|-2.16|3.37|-7.93|4.28|4.07|4.30|3.83|30.19|4.16|25876199|107309224.00|1|0.0000|0.0000|0.0000|0|4.16
蓝色光标|300058|4.53|187665080|1407035008.00|-2.13|5.59|-9.19|7.85|7.35|7.93|6.82|187.67|7.51|172402006|1304064384.00|1|0.0000|0.0000|0.0000|0|7.51
东方财富|300059|4.06|615175279|12354608128.00|-1.22|5.33|-3.45|20.50|19.46|20.75|19.02|615.18|19.70|520569024|10290950144.00|1|0.0000|0.0000|0.0000|0|19.70
旗天科技|300061|5.11|35009551|345456416.00|-0.90|5.81|-12.22|10.49|9.89|10.56|8.76|35.01|9.98|24394700|242361600.00|1|0.0000|0.0000|0.0000|0|9.98
中能电气|300062|2.83|12478500|56508424.00|-2.17|3.48|-8.70|4.73|4.50|4.76|4.20|12.48|4.60|9976480|45814192.00|1|0.0000|0.0000|0.0000|0|4.60
天龙集团|300063|2.91|52699079|386720800.00|-2.25|4.36|-14.00|7.79|7.40|7.90|6.51|52.70|7.57|42847289|323079296.00|1|0.0000|0.0000|0.0000|0|7.57
海兰信|300065|13.90|196294165|2586279168.00|1.61|15.02|-5.78|14.18|12.65|14.32|11.73|196.29|12.45|141200277|1772164096.00|1|0.0000|0.0000|0.0000|0|12.45
三川智慧|300066|3.01|22695432|81766512.00|-2.74|3.56|-7.67|3.76|3.55|3.78|3.37|22.70|3.65|24716200|89067584.00|1|0.0000|0.0000|0.0000|0|3.65
安诺其|300067|3.89|132307710|673652800.00|-2.33|6.23|-12.06|5.34|5.02|5.46|4.52|132.31|5.14|96536344|494431456.00|1|0.0000|0.0000|0.0000|0|5.14
南都电源|300068|3.63|60744621|829756288.00|-1.89|4.93|-9.65|14.28|13.52|14.46|12.45|60.74|13.78|58306960|799913728.00|1|0.0000|0.0000|0.0000|0|13.78
金利华电|300069|1.93|5237240|75657416.00|-2.00|2.80|-10.27|15.29|14.70|15.42|13.46|5.24|15.00|5104562|76503048.00|1|0.0000|0.0000|0.0000|0|15.00
碧水源|300070|4.45|51872387|224594000.00|-1.41|5.15|-3.75|4.46|4.21|4.49|4.11|51.87|4.27|54491984|233048240.00|1|0.0000|0.0000|0.0000|0|4.27
福石控股|300071|4.95|78255040|346169536.00|0.45|6.76|-9.46|4.66|4.46|4.74|4.02|78.26|4.44|79665760|352106240.00|1|0.0000|0.0000|0.0000|0|4.44
海新能科|300072|3.28|34820356|95391976.00|-1.09|4.01|-5.47|2.83|2.71|2.85|2.59|34.82|2.74|32997597|90502952.00|1|0.0000|0.0000|0.0000|0|2.74
当升科技|300073|2.16|15892518|567824832.00|-1.80|3.17|-5.75|36.42|35.01|36.78|33.60|15.89|35.65|15077637|535272224.00|1|0.0000|0.0000|0.0000|0|35.65
华平股份|300074|3.69|28115152|105353944.00|-0.26|5.28|-9.50|3.93|3.78|3.99|3.43|28.12|3.79|20746264|78531488.00|1|0.0000|0.0000|0.0000|0|3.79
数字政通|300075|4.49|30028520|439078400.00|-2.07|5.18|-6.50|15.12|14.17|15.22|13.53|30.03|14.47|30917086|446593856.00|1|0.0000|0.0000|0.0000|0|14.47
GQY视讯|300076|3.68|29380604|192988464.00|1.07|4.59|-7.81|6.77|6.60|6.83|6.02|29.38|6.53|23357216|153544576.00|1|0.0000|0.0000|0.0000|0|6.53
国民技术|300077|20.02|81154617|1807733632.00|-1.81|20.02|-5.63|23.86|19.52|23.86|18.76|81.15|19.88|50735520|1011895744.00|1|0.0000|0.0000|0.0000|0|19.88
思创医惠|300078|6.57|69676990|202326128.00|-1.38|10.03|-10.03|3.08|2.85|3.18|2.60|69.68|2.89|63010699|181311024.00|1|0.0000|0.0000|0.0000|0|2.89
数码视讯|300079|3.95|50435058|229255744.00|-0.88|4.82|-7.46|4.74|4.52|4.78|4.22|50.44|4.56|57625600|265656304.00|1|0.0000|0.0000|0.0000|0|4.56
易成新能|300080|1.85|23627378|75099976.00|-0.93|3.09|-8.02|3.30|3.21|3.34|2.98|23.63|3.24|25182280|81704128.00|1|0.0000|0.0000|0.0000|0|3.24
恒信东方|300081|4.63|35694634|198910176.00|-0.71|6.06|-9.98|5.87|5.57|5.95|5.05|35.69|5.61|29828259|167868384.00|1|0.0000|0.0000|0.0000|0|5.61
奥克股份|300082|1.49|13733900|71671736.00|-1.30|2.61|-8.75|5.45|5.30|5.51|4.90|13.73|5.37|13126200|70448752.00|1|0.0000|0.0000|0.0000|0|5.37
创世纪|300083|4.07|132947781|983616768.00|-0.68|5.16|-7.73|7.67|7.32|7.75|6.80|132.95|7.37|131855497|979486016.00|1|0.0000|0.0000|0.0000|0|7.37
海默科技|300084|6.63|78612300|489126304.00|-0.65|9.39|-9.87|6.59|6.14|6.76|5.57|78.61|6.18|93314123|582039232.00|1|0.0000|0.0000|0.0000|0|6.18
银之杰|300085|3.91|51737707|1608263552.00|-1.73|5.34|-6.48|31.91|30.18|32.35|28.72|51.74|30.71|46958355|1441364224.00|1|0.0000|0.0000|0.0000|0|30.71
康芝药业|300086|1.61|27912300|118202216.00|-2.29|2.98|-8.72|4.43|4.26|4.49|3.98|27.91|4.36|18783800|81642320.00|1|0.0000|0.0000|0.0000|0|4.36
荃银高科|300087|-1.96|176303598|2103193216.00|-1.96|10.85|-5.72|11.48|11.48|12.98|11.04|176.30|11.71|183165807|2061660672.00|1|0.0000|0.0000|0.0000|0|11.71
长信科技|300088|1.78|72987817|363124384.00|-1.98|2.77|-7.72|5.14|4.95|5.19|4.66|72.99|5.05|82063868|415708928.00|1|0.0000|0.0000|0.0000|0|5.05
金通灵|300091|0.00|75840577|175786928.00|-3.33|2.08|-10.00|2.40|2.32|2.45|2.16|75.84|2.40|86013649|202877840.00|1|0.0000|0.0000|0.0000|0|2.40
科新机电|300092|3.69|18083300|192952080.00|-2.49|5.17|-9.51|11.23|10.56|11.39|9.80|18.08|10.83|16536615|180634576.00|1|0.0000|0.0000|0.0000|0|10.83
*ST金刚|300093|7.42|14873701|118394680.00|1.51|7.55|-8.81|8.54|8.07|8.55|7.25|14.87|7.95|12024300|95896032.00|1|0.0000|0.0000|0.0000|0|7.95
国联水产|300094|-1.64|122963480|433137600.00|-2.73|-0.55|-7.92|3.60|3.56|3.64|3.37|122.96|3.66|144759827|498438944.00|1|0.0000|0.0000|0.0000|0|3.66
华伍股份|300095|3.34|14349103|84969256.00|-1.50|4.01|-8.18|6.19|5.90|6.23|5.50|14.35|5.99|15074440|89556968.00|1|0.0000|0.0000|0.0000|0|5.99
ST易联众|300096|4.72|16757800|61133556.00|-2.22|5.28|-3.89|3.77|3.52|3.79|3.46|16.76|3.60|16708900|60285152.00|1|0.0000|0.0000|0.0000|0|3.60
ST智云|300097|1.52|11324214|43662720.00|-2.53|2.02|-7.32|4.02|3.86|4.04|3.67|11.32|3.96|10387400|41492676.00|1|0.0000|0.0000|0.0000|0|3.96
高新兴|300098|3.76|73961181|313063104.00|-1.88|4.69|-8.45|4.42|4.18|4.46|3.90|73.96|4.26|64319101|275218112.00|1|0.0000|0.0000|0.0000|0|4.26
尤洛卡|300099|4.87|24739214|142453408.00|-1.74|5.57|-8.17|6.03|5.65|6.07|5.28|24.74|5.75|19333605|110991736.00|1|0.0000|0.0000|0.0000|0|5.75
双林股份|300100|4.54|48251200|2571234304.00|-1.78|6.08|-9.76|55.68|52.31|56.50|48.06|48.25|53.26|52516300|2911975168.00|1|0.0000|0.0000|0.0000|0|53.26
振芯科技|300101|7.19|25815200|407266144.00|-0.65|7.78|-5.10|16.40|15.20|16.49|14.52|25.82|15.30|26426531|404050752.00|1|0.0000|0.0000|0.0000|0|15.30
乾照光电|300102|8.79|48105202|455734752.00|-3.11|9.43|-7.82|10.15|9.04|10.21|8.60|48.11|9.33|30067502|281728768.00|1|0.0000|0.0000|0.0000|0|9.33
达刚控股|300103|4.99|7886014|38890952.00|-1.00|5.39|-11.18|5.26|4.96|5.28|4.45|7.89|5.01|6508564|32217566.00|1|0.0000|0.0000|0.0000|0|5.01
龙源技术|300105|2.45|15978795|96435392.00|-1.31|3.76|-7.86|6.26|6.03|6.34|5.63|15.98|6.11|15381695|93525512.00|1|0.0000|0.0000|0.0000|0|6.11
西部牧业|300106|1.87|57374813|650995584.00|-4.09|7.90|-6.48|11.47|10.80|12.15|10.53|57.37|11.26|58374127|633225984.00|1|0.0000|0.0000|0.0000|0|11.26
建新股份|300107|3.41|17354000|120663320.00|-2.84|4.55|-9.96|7.27|6.83|7.35|6.33|17.35|7.03|14375700|100692928.00|1|0.0000|0.0000|0.0000|0|7.03
新开源|300109|1.63|17768076|244609760.00|-2.42|2.77|-9.38|14.30|13.73|14.46|12.75|17.77|14.07|18367744|257472864.00|1|0.0000|0.0000|0.0000|0|14.07
华仁药业|300110|2.07|26551385|75657512.00|-1.38|2.41|-6.55|2.96|2.86|2.97|2.71|26.55|2.90|25588407|73918160.00|1|0.0000|0.0000|0.0000|0|2.90
向日葵|300111|3.94|28117600|70882576.00|-1.57|4.72|-8.27|2.64|2.50|2.66|2.33|28.12|2.54|25803721|65628592.00|1|0.0000|0.0000|0.0000|0|2.54
万讯自控|300112|3.94|12310500|86510456.00|-2.11|5.07|-9.44|7.38|6.95|7.46|6.43|12.31|7.10|10810407|76962784.00|1|0.0000|0.0000|0.0000|0|7.10
顺网科技|300113|3.41|34601141|552426624.00|-3.47|4.58|-9.05|16.69|15.58|16.88|14.68|34.60|16.14|36216462|580188608.00|1|0.0000|0.0000|0.0000|0|16.14
长盈精密|300115|2.79|107865926|2025678336.00|-3.11|4.42|-9.79|19.52|18.40|19.83|17.13|107.87|18.99|102792748|1961816704.00|1|0.0000|0.0000|0.0000|0|18.99
东方日升|300118|2.63|25960210|225610688.00|-1.03|3.54|-6.39|8.99|8.67|9.07|8.20|25.96|8.76|26938884|237449040.00|1|0.0000|0.0000|0.0000|0|8.76
瑞普生物|300119|-3.46|20627706|370328864.00|-2.18|-1.91|-8.56|18.16|18.40|18.45|17.20|20.63|18.81|25704044|462810400.00|1|0.0000|0.0000|0.0000|0|18.81
经纬辉开|300120|3.78|27231943|193661504.00|-2.52|4.62|-7.98|7.41|6.96|7.47|6.57|27.23|7.14|26269453|188230896.00|1|0.0000|0.0000|0.0000|0|7.14
阳谷华泰|300121|2.51|13998527|137966464.00|-1.61|3.52|-7.94|10.20|9.79|10.30|9.16|14.00|9.95|14880898|147601376.00|1|0.0000|0.0000|0.0000|0|9.95
智飞生物|300122|0.62|26670768|596631744.00|-1.82|1.20|-3.99|22.68|22.13|22.81|21.64|26.67|22.54|26400963|591950400.00|1|0.0000|0.0000|0.0000|0|22.54
亚光科技|300123|10.91|61125142|329988000.00|-0.99|16.07|-4.76|5.59|4.99|5.85|4.80|61.13|5.04|38737413|195682960.00|1|0.0000|0.0000|0.0000|0|5.04
汇川技术|300124|0.24|36398442|2276933376.00|-0.48|2.44|-1.92|62.55|62.10|63.92|61.20|36.40|62.40|38515641|2406499328.00|1|0.0000|0.0000|0.0000|0|62.40
*ST聆达|300125|0.30|27536459|177076816.00|-5.69|2.54|-10.18|6.70|6.30|6.85|6.00|27.54|6.68|29579591|196578432.00|1|0.0000|0.0000|0.0000|0|6.68
锐奇股份|300126|6.63|18630700|102448624.00|-0.74|9.58|-11.60|5.79|5.39|5.95|4.80|18.63|5.43|11577487|62426080.00|1|0.0000|0.0000|0.0000|0|5.43
银河磁体|300127|-0.82|47038973|1389899776.00|-3.24|7.56|-4.77|29.11|28.40|31.57|27.95|47.04|29.35|46154965|1262966144.00|1|0.0000|0.0000|0.0000|0|29.35
锦富技术|300128|3.92|76200223|347317248.00|-1.96|6.75|-10.24|4.77|4.50|4.90|4.12|76.20|4.59|59405367|273029248.00|1|0.0000|0.0000|0.0000|0|4.59
泰胜风能|300129|1.29|18045015|110335496.00|-2.90|2.10|-6.45|6.28|6.02|6.33|5.80|18.05|6.20|18939682|117366784.00|1|0.0000|0.0000|0.0000|0|6.20
新国都|300130|12.33|32489783|597522624.00|-1.96|16.07|-6.05|19.50|17.02|20.15|16.31|32.49|17.36|20546072|354969632.00|1|0.0000|0.0000|0.0000|0|17.36
英唐智控|300131|2.86|60769295|373656576.00|-4.60|3.49|-10.48|6.48|6.01|6.52|5.64|60.77|6.30|48263410|304829760.00|1|0.0000|0.0000|0.0000|0|6.30
青松股份|300132|0.83|13880873|65147272.00|-2.08|1.67|-6.88|4.84|4.70|4.88|4.47|13.88|4.80|13628800|65560056.00|1|0.0000|0.0000|0.0000|0|4.80
华策影视|300133|4.40|97732824|622210112.00|-1.57|5.50|-7.08|6.64|6.26|6.71|5.91|97.73|6.36|101709024|645163008.00|1|0.0000|0.0000|0.0000|0|6.36
大富科技|300134|3.96|24652474|242304368.00|-0.91|4.97|-8.22|10.25|9.77|10.35|9.05|24.65|9.86|26454116|259347232.00|1|0.0000|0.0000|0.0000|0|9.86
宝利国际|300135|2.56|27206000|94586544.00|-1.99|3.42|-7.41|3.60|3.44|3.63|3.25|27.21|3.51|22937700|80951432.00|1|0.0000|0.0000|0.0000|0|3.51
信维通信|300136|2.75|37210407|673616128.00|-2.36|3.85|-6.70|18.70|17.77|18.90|16.98|37.21|18.20|40499037|741416512.00|1|0.0000|0.0000|0.0000|0|18.20
先河环保|300137|0.36|7286390|39226356.00|-0.73|1.09|-4.37|5.51|5.45|5.55|5.25|7.29|5.49|10412210|57050280.00|1|0.0000|0.0000|0.0000|0|5.49
晨光生物|300138|-3.80|93031523|1095620224.00|6.04|8.37|-5.52|11.15|12.29|12.56|10.95|93.03|11.59|49641980|569554944.00|1|0.0000|0.0000|0.0000|0|11.59
晓程科技|300139|1.44|42708284|617398144.00|-4.19|3.08|-14.87|15.49|14.63|15.74|13.00|42.71|15.27|39765500|601106048.00|1|0.0000|0.0000|0.0000|0|15.27
节能环境|300140|2.67|17930376|94030736.00|-0.95|3.62|-4.76|5.39|5.20|5.44|5.00|17.93|5.25|20566721|107351520.00|1|0.0000|0.0000|0.0000|0|5.25
和顺电气|300141|3.03|8048136|57748712.00|-1.93|4.55|-8.95|7.48|7.12|7.59|6.61|8.05|7.26|5787750|42325504.00|1|0.0000|0.0000|0.0000|0|7.26
沃森生物|300142|1.24|34426542|356879040.00|-1.81|2.10|-4.87|10.60|10.28|10.69|9.96|34.43|10.47|37820437|392026176.00|1|0.0000|0.0000|0.0000|0|10.47
盈康生命|300143|1.82|10953400|94231712.00|-2.05|2.62|-7.62|8.95|8.61|9.02|8.12|10.95|8.79|11215971|98561616.00|1|0.0000|0.0000|0.0000|0|8.79
宋城演艺|300144|7.59|117079207|1104469376.00|-1.54|8.80|-4.07|9.78|8.95|9.89|8.72|117.08|9.09|59137238|535455328.00|1|0.0000|0.0000|0.0000|0|9.09
南方泵业|300145|2.75|78787853|259133952.00|-2.45|3.98|-6.12|3.36|3.19|3.40|3.07|78.79|3.27|74796079|243025344.00|1|0.0000|0.0000|0.0000|0|3.27
汤臣倍健|300146|1.55|17707331|193858384.00|-0.82|2.10|-2.92|11.12|10.86|11.18|10.63|17.71|10.95|20292363|221132032.00|1|0.0000|0.0000|0.0000|0|10.95
ST香雪|300147|0.77|31043800|157525920.00|-2.31|2.50|-9.04|5.24|5.08|5.33|4.73|31.04|5.20|29526601|151267760.00|1|0.0000|0.0000|0.0000|0|5.20
天舟文化|300148|4.80|62309093|232746560.00|-1.87|5.87|-9.07|3.93|3.68|3.97|3.41|62.31|3.75|57525274|215282704.00|1|0.0000|0.0000|0.0000|0|3.75
睿智医药|300149|1.46|22483700|117075192.00|-1.64|2.55|-11.31|5.56|5.39|5.62|4.86|22.48|5.48|19300200|107338216.00|1|0.0000|0.0000|0.0000|0|5.48
世纪瑞尔|300150|3.30|22239900|85933864.00|-1.78|4.31|-9.90|4.07|3.87|4.11|3.55|22.24|3.94|22945500|90730144.00|1|0.0000|0.0000|0.0000|0|3.94
昌红科技|300151|2.74|10589102|130687120.00|-1.29|3.38|-7.01|12.75|12.25|12.83|11.54|10.59|12.41|14592630|183328208.00|1|0.0000|0.0000|0.0000|0|12.41
ST新动力|300152|4.83|57063200|186758192.00|-1.21|5.74|-9.06|3.47|3.27|3.50|3.01|57.06|3.31|60228000|200341616.00|1|0.0000|0.0000|0.0000|0|3.31
科泰电源|300153|3.38|42070472|1349387776.00|-2.32|7.08|-8.77|32.99|31.17|34.17|29.11|42.07|31.91|36002777|1160141312.00|1|0.0000|0.0000|0.0000|0|31.91
瑞凌股份|300154|3.76|17948800|149470080.00|-3.41|6.47|-14.24|8.82|8.21|9.05|7.29|17.95|8.50|15096606|127731704.00|1|0.0000|0.0000|0.0000|0|8.50
安居宝|300155|4.11|15666474|60050620.00|-0.77|5.66|-10.28|4.05|3.86|4.11|3.49|15.67|3.89|12326403|47752240.00|1|0.0000|0.0000|0.0000|0|3.89
新锦动力|300157|3.92|36390725|91810088.00|-1.18|5.10|-10.59|2.65|2.52|2.68|2.28|36.39|2.55|41437300|106123200.00|1|0.0000|0.0000|0.0000|0|2.55
振东制药|300158|1.86|27318999|101322848.00|-2.12|2.12|-6.90|3.84|3.69|3.85|3.51|27.32|3.77|26896605|100846192.00|1|0.0000|0.0000|0.0000|0|3.77
*ST新研|300159|6.25|93829679|155935856.00|-1.88|8.75|-2.50|1.70|1.57|1.74|1.56|93.83|1.60|72834444|116204024.00|1|0.0000|0.0000|0.0000|0|1.60
秀强股份|300160|2.54|19440277|91096944.00|-1.27|3.60|-6.57|4.84|4.66|4.89|4.41|19.44|4.72|17517650|82759088.00|1|0.0000|0.0000|0.0000|0|4.72
华中数控|300161|4.06|7323326|181209920.00|-1.73|4.63|-7.93|25.86|24.42|26.00|22.88|7.32|24.85|6376900|159499856.00|1|0.0000|0.0000|0.0000|0|24.85
雷曼光电|300162|2.65|14452152|79329928.00|-1.59|3.53|-9.89|5.81|5.57|5.86|5.10|14.45|5.66|15181386|86498656.00|1|0.0000|0.0000|0.0000|0|5.66
先锋新材|300163|5.22|15792100|42601184.00|-1.87|5.60|-8.58|2.82|2.63|2.83|2.45|15.79|2.68|11704000|31226728.00|1|0.0000|0.0000|0.0000|0|2.68
通源石油|300164|2.18|56980900|203869568.00|-3.27|3.27|-9.26|3.75|3.55|3.79|3.33|56.98|3.67|53177856|195061184.00|1|0.0000|0.0000|0.0000|0|3.67
ST天瑞|300165|3.82|14422214|41493540.00|-2.08|6.25|-8.68|2.99|2.82|3.06|2.63|14.42|2.88|10135420|29081146.00|1|0.0000|0.0000|0.0000|0|2.88
东方国信|300166|4.11|58778950|531368384.00|-1.44|5.44|-7.66|9.38|8.88|9.50|8.32|58.78|9.01|60566787|544218688.00|1|0.0000|0.0000|0.0000|0|9.01
ST迪威迅|300167|4.79|30812576|112134272.00|-1.97|8.17|-2.25|3.72|3.48|3.84|3.47|30.81|3.55|28645900|95230064.00|1|0.0000|0.0000|0.0000|0|3.55
万达信息|300168|3.78|36765053|252506464.00|-2.18|4.95|-6.84|7.13|6.72|7.21|6.40|36.77|6.87|37471600|257096592.00|1|0.0000|0.0000|0.0000|0|6.87
天晟新材|300169|4.82|18931645|106400632.00|-1.79|6.07|-7.50|5.87|5.50|5.94|5.18|18.93|5.60|16561900|92539912.00|1|0.0000|0.0000|0.0000|0|5.60
汉得信息|300170|3.99|91447323|1407662336.00|-1.63|5.36|-7.58|15.91|15.05|16.12|14.14|91.45|15.30|97707751|1492813056.00|1|0.0000|0.0000|0.0000|0|15.30
东富龙|300171|0.96|9897009|111314560.00|-2.01|1.92|-7.50|11.57|11.23|11.68|10.60|9.90|11.46|13157170|151503552.00|1|0.0000|0.0000|0.0000|0|11.46
中电环保|300172|1.08|24265625|111216512.00|-1.72|1.94|-6.25|4.69|4.56|4.73|4.35|24.27|4.64|24526964|112382304.00|1|0.0000|0.0000|0.0000|0|4.64
ST福能|300173|2.82|45377400|221167424.00|-1.41|3.82|-10.06|5.11|4.90|5.16|4.47|45.38|4.97|43012700|213540304.00|1|0.0000|0.0000|0.0000|0|4.97
元力股份|300174|2.05|8508035|114885040.00|-2.35|2.86|-6.82|13.91|13.31|14.02|12.70|8.51|13.63|10136441|138216768.00|1|0.0000|0.0000|0.0000|0|13.63
ST朗源|300175|0.68|11389110|49788548.00|-1.58|1.36|-5.88|4.45|4.35|4.48|4.16|11.39|4.42|11163800|49181152.00|1|0.0000|0.0000|0.0000|0|4.42
鸿特科技|300176|2.10|13712500|75589488.00|-1.23|3.50|-11.03|5.83|5.64|5.91|5.08|13.71|5.71|13399941|76937640.00|1|0.0000|0.0000|0.0000|0|5.71
中海达|300177|7.08|51239850|449457184.00|-0.70|7.78|-8.13|9.22|8.55|9.28|7.91|51.24|8.61|44456431|382760864.00|1|0.0000|0.0000|0.0000|0|8.61
四方达|300179|3.57|28713816|221826064.00|-2.17|4.21|-9.95|8.12|7.67|8.17|7.06|28.71|7.84|27979200|218643504.00|1|0.0000|0.0000|0.0000|0|7.84
华峰超纤|300180|15.11|291149067|1967457664.00|-2.30|19.87|-5.42|7.01|5.95|7.30|5.76|291.15|6.09|131480226|793416448.00|1|0.0000|0.0000|0.0000|0|6.09
佐力药业|300181|2.62|27735968|445893120.00|-1.50|3.36|-4.67|16.47|15.81|16.59|15.30|27.74|16.05|30202337|485100704.00|1|0.0000|0.0000|0.0000|0|16.05
捷成股份|300182|3.54|112661294|534401344.00|-1.46|4.58|-8.54|4.97|4.73|5.02|4.39|112.66|4.80|123258182|590196288.00|1|0.0000|0.0000|0.0000|0|4.80
东软载波|300183|4.52|21232819|320522592.00|-2.33|5.51|-8.37|15.73|14.70|15.88|13.79|21.23|15.05|19026186|285794208.00|1|0.0000|0.0000|0.0000|0|15.05
力源信息|300184|4.68|83266428|674547712.00|-1.72|5.67|-10.34|8.50|7.98|8.58|7.28|83.27|8.12|63384110|516134208.00|1|0.0000|0.0000|0.0000|0|8.12
通裕重工|300185|3.14|115230903|257228160.00|-1.79|4.04|-5.83|2.30|2.19|2.32|2.10|115.23|2.23|111659964|246844320.00|1|0.0000|0.0000|0.0000|0|2.23
永清环保|300187|2.87|11902458|53037708.00|-0.66|3.53|-7.51|4.66|4.50|4.69|4.19|11.90|4.53|12838232|58732956.00|1|0.0000|0.0000|0.0000|0|4.53
国投智能|300188|4.53|21762318|268906528.00|0.25|5.27|-3.62|12.69|12.17|12.78|11.70|21.76|12.14|22682589|274324608.00|1|0.0000|0.0000|0.0000|0|12.14
神农种业|300189|9.67|526332072|2997481216.00|7.93|17.60|0.19|5.67|5.58|6.08|5.18|526.33|5.17|442029909|2086568704.00|1|0.0000|0.0000|0.0000|0|5.17
维尔利|300190|2.14|12725157|35363212.00|-1.42|3.20|-5.34|2.87|2.77|2.90|2.66|12.73|2.81|13495279|37958032.00|1|0.0000|0.0000|0.0000|0|2.81
潜能恒信|300191|2.43|10315900|141574624.00|-3.50|3.21|-9.21|14.34|13.51|14.45|12.71|10.32|14.00|12394400|174655280.00|1|0.0000|0.0000|0.0000|0|14.00
科德教育|300192|5.49|22105400|302612928.00|-1.24|6.07|-9.00|14.42|13.50|14.50|12.44|22.11|13.67|20632200|282880768.00|1|0.0000|0.0000|0.0000|0|13.67
佳士科技|300193|1.23|33898463|293504320.00|-3.01|2.34|-11.05|9.07|8.69|9.17|7.97|33.90|8.96|38104559|338716064.00|1|0.0000|0.0000|0.0000|0|8.96
福安药业|300194|1.46|54790482|218872624.00|-2.43|1.70|-8.27|4.17|4.01|4.18|3.77|54.79|4.11|46949255|192877184.00|1|0.0000|0.0000|0.0000|0|4.11
长荣股份|300195|2.83|18119429|93731192.00|-2.26|3.96|-10.38|5.45|5.18|5.51|4.75|18.12|5.30|16780500|89166272.00|1|0.0000|0.0000|0.0000|0|5.30
长海股份|300196|2.53|5572300|54608072.00|-0.91|3.84|-6.47|10.14|9.80|10.27|9.25|5.57|9.89|5451200|53400568.00|1|0.0000|0.0000|0.0000|0|9.89
节能铁汉|300197|3.93|74059375|131202600.00|-2.81|5.06|-7.87|1.85|1.73|1.87|1.64|74.06|1.78|67935676|120716728.00|1|0.0000|0.0000|0.0000|0|1.78
ST纳川|300198|-2.35|113205126|273340160.00|-2.75|1.18|-16.08|2.49|2.48|2.58|2.14|113.21|2.55|93029905|241273280.00|1|0.0000|0.0000|0.0000|0|2.55
翰宇药业|300199|-6.62|101730191|1174949888.00|-6.92|-5.23|-19.23|12.14|12.10|12.32|10.50|101.73|13.00|78349200|1015300800.00|1|0.0000|0.0000|0.0000|0|13.00
高盟新材|300200|-2.55|65441379|614229248.00|-4.12|-0.49|-19.53|9.93|9.77|10.14|8.20|65.44|10.19|69087582|685702720.00|1|0.0000|0.0000|0.0000|0|10.19
海伦哲|300201|2.96|41207484|193427648.00|-1.69|4.02|-7.40|4.87|4.65|4.92|4.38|41.21|4.73|34773294|165802144.00|1|0.0000|0.0000|0.0000|0|4.73
聚光科技|300203|17.62|74245539|1540500608.00|2.94|20.02|0.80|22.03|19.28|22.48|18.88|74.25|18.73|50505658|926211520.00|1|0.0000|0.0000|0.0000|0|18.73
舒泰神|300204|4.86|15223152|98541936.00|-1.57|7.37|-7.52|6.69|6.28|6.85|5.90|15.22|6.38|8773201|56067204.00|1|0.0000|0.0000|0.0000|0|6.38
*ST天喻|300205|1.42|7799400|26982304.00|-3.13|3.70|-7.69|3.56|3.40|3.64|3.24|7.80|3.51|6912700|24437164.00|1|0.0000|0.0000|0.0000|0|3.51
理邦仪器|300206|1.81|10823450|110108680.00|-2.38|2.28|-9.13|10.70|10.26|10.75|9.55|10.82|10.51|11101600|116730440.00|1|0.0000|0.0000|0.0000|0|10.51
欣旺达|300207|1.42|47331112|796519552.00|-1.53|2.12|-6.49|17.20|16.70|17.32|15.86|47.33|16.96|53798320|914817088.00|1|0.0000|0.0000|0.0000|0|16.96
有棵树|300209|2.88|9217100|38246040.00|-1.20|6.49|-6.49|4.28|4.11|4.43|3.89|9.22|4.16|8879900|37304224.00|1|0.0000|0.0000|0.0000|0|4.16
森远股份|300210|5.54|18996620|157542944.00|-3.13|6.86|-9.75|8.77|8.05|8.88|7.50|19.00|8.31|15912420|132010664.00|1|0.0000|0.0000|0.0000|0|8.31
*ST亿通|300211|4.12|19508164|159149248.00|-2.30|5.21|-10.77|8.60|8.07|8.69|7.37|19.51|8.26|16202075|134095464.00|1|0.0000|0.0000|0.0000|0|8.26
易华录|300212|3.81|21438440|448714976.00|-2.17|4.73|-5.69|21.53|20.29|21.72|19.56|21.44|20.74|23575966|484936704.00|1|0.0000|0.0000|0.0000|0|20.74
佳讯飞鸿|300213|6.46|47338900|341283392.00|-1.69|7.44|-8.29|7.58|7.00|7.65|6.53|47.34|7.12|40849598|293893472.00|1|0.0000|0.0000|0.0000|0|7.12
日科化学|300214|1.86|18584500|97700688.00|-2.78|3.15|-10.39|5.49|5.24|5.56|4.83|18.58|5.39|18055395|97156040.00|1|0.0000|0.0000|0.0000|0|5.39
电科院|300215|4.56|21691458|118068760.00|-1.46|5.84|-8.76|5.73|5.40|5.80|5.00|21.69|5.48|20264274|110970008.00|1|0.0000|0.0000|0.0000|0|5.48
东方电热|300217|4.16|47683140|193403200.00|-1.71|4.89|-9.05|4.26|4.02|4.29|3.72|47.68|4.09|39048100|160531264.00|1|0.0000|0.0000|0.0000|0|4.09
安利股份|300218|-1.60|9498000|119463896.00|-2.82|-0.84|-8.77|12.91|12.75|13.01|11.97|9.50|13.12|5829912|76552824.00|1|0.0000|0.0000|0.0000|0|13.12
鸿利智汇|300219|2.65|22322880|123746600.00|-1.59|3.70|-9.70|5.82|5.58|5.88|5.12|22.32|5.67|20659025|118259680.00|1|0.0000|0.0000|0.0000|0|5.67
金运激光|300220|6.20|8965240|111444560.00|1.03|7.23|-11.45|13.36|12.71|13.49|11.14|8.97|12.58|7264663|91374064.00|1|0.0000|0.0000|0.0000|0|12.58
银禧科技|300221|0.29|61147234|394334368.00|-4.73|1.58|-16.36|6.99|6.64|7.08|5.83|61.15|6.97|57931566|410412672.00|1|0.0000|0.0000|0.0000|0|6.97
科大智能|300222|5.44|38477765|320104416.00|-2.54|5.93|-9.07|8.72|8.06|8.76|7.52|38.48|8.27|32847964|275443200.00|1|0.0000|0.0000|0.0000|0|8.27
北京君正|300223|4.29|19635777|1233112448.00|-1.60|6.15|-5.37|63.92|60.31|65.06|58.00|19.64|61.29|17475467|1083270912.00|1|0.0000|0.0000|0.0000|0|61.29
正海磁材|300224|0.77|56082721|722376576.00|-1.39|2.85|-5.16|13.09|12.81|13.36|12.32|56.08|12.99|62522590|784641408.00|1|0.0000|0.0000|0.0000|0|12.99
*ST金泰|300225|2.20|16839609|104270616.00|-2.52|2.83|-10.08|6.49|6.19|6.53|5.71|16.84|6.35|17065682|108018600.00|1|0.0000|0.0000|0.0000|0|6.35
上海钢联|300226|2.18|13316567|249335024.00|-1.70|3.20|-6.18|19.18|18.45|19.37|17.61|13.32|18.77|14784495|278168352.00|1|0.0000|0.0000|0.0000|0|18.77
光韵达|300227|4.12|16343459|114845496.00|-1.99|5.26|-7.81|7.33|6.90|7.41|6.49|16.34|7.04|15025320|105951488.00|1|0.0000|0.0000|0.0000|0|7.04
富瑞特装|300228|2.71|38869489|241013856.00|-2.71|3.51|-7.81|6.44|6.10|6.49|5.78|38.87|6.27|40109817|251518720.00|1|0.0000|0.0000|0.0000|0|6.27
拓尔思|300229|4.50|46203311|791635648.00|-1.93|5.73|-8.59|17.88|16.78|18.09|15.64|46.20|17.11|43854795|746866432.00|1|0.0000|0.0000|0.0000|0|17.11
永利股份|300230|0.98|67183318|264713360.00|-2.69|2.69|-12.22|4.13|3.98|4.20|3.59|67.18|4.09|64888895|269431392.00|1|0.0000|0.0000|0.0000|0|4.09
银信科技|300231|3.44|22820545|209375712.00|-2.58|4.40|-10.10|9.63|9.07|9.72|8.37|22.82|9.31|20177066|187404720.00|1|0.0000|0.0000|0.0000|0|9.31
洲明科技|300232|3.24|43214406|248636400.00|-2.39|3.58|-10.07|6.05|5.72|6.07|5.27|43.21|5.86|43410200|254578288.00|1|0.0000|0.0000|0.0000|0|5.86
金城医药|300233|-2.31|56614558|862132160.00|-3.69|-0.75|-11.76|15.62|15.40|15.87|14.11|56.61|15.99|63384925|1014289216.00|1|0.0000|0.0000|0.0000|0|15.99
开尔新材|300234|2.36|10600800|44555620.00|-2.36|3.78|-7.09|4.33|4.13|4.39|3.93|10.60|4.23|9505485|40441540.00|1|0.0000|0.0000|0.0000|0|4.23
方直科技|300235|4.73|9387500|85174792.00|-1.87|5.93|-8.13|9.53|8.93|9.64|8.36|9.39|9.10|9016208|81819296.00|1|0.0000|0.0000|0.0000|0|9.10
上海新阳|300236|6.14|9986911|332455456.00|-1.56|8.25|-6.01|34.59|32.08|35.28|30.63|9.99|32.59|8842202|288493184.00|1|0.0000|0.0000|0.0000|0|32.59
ST美晨|300237|3.94|117333057|148273888.00|0.00|4.72|-8.66|1.32|1.27|1.33|1.16|117.33|1.27|148556583|183916688.00|1|0.0000|0.0000|0.0000|0|1.27
冠昊生物|300238|0.77|20936100|231993248.00|-2.49|1.98|-12.55|11.72|11.34|11.86|10.17|20.94|11.63|20640500|242387136.00|1|0.0000|0.0000|0.0000|0|11.63
东宝生物|300239|1.02|16947258|80527656.00|-1.63|2.45|-9.59|4.95|4.82|5.02|4.43|16.95|4.90|15120402|73424576.00|1|0.0000|0.0000|0.0000|0|4.90
飞力达|300240|20.03|116136857|935599296.00|2.95|20.03|-6.16|9.35|8.02|9.35|7.31|116.14|7.79|99538371|744698752.00|1|0.0000|0.0000|0.0000|0|7.79
瑞丰光电|300241|3.02|26171389|110903016.00|-1.86|4.19|-8.60|4.43|4.22|4.48|3.93|26.17|4.30|26397191|115005512.00|1|0.0000|0.0000|0.0000|0|4.30
佳云科技|300242|4.72|42253700|149559680.00|-0.83|6.11|-11.11|3.77|3.57|3.82|3.20|42.25|3.60|34199400|122899712.00|1|0.0000|0.0000|0.0000|0|3.60
瑞丰高材|300243|2.13|5044631|41669772.00|-0.83|3.20|-7.70|8.62|8.37|8.71|7.79|5.04|8.44|6184000|52061648.00|1|0.0000|0.0000|0.0000|0|8.44
迪安诊断|300244|2.85|28420846|376063264.00|-0.90|3.53|-7.21|13.70|13.20|13.79|12.36|28.42|13.32|32736907|436674688.00|1|0.0000|0.0000|0.0000|0|13.32
天玑科技|300245|5.34|34441550|490731936.00|-0.84|6.95|-10.11|15.00|14.12|15.23|12.80|34.44|14.24|27763823|395453792.00|1|0.0000|0.0000|0.0000|0|14.24
宝莱特|300246|2.35|9425000|54790856.00|-2.18|3.02|-8.89|6.10|5.83|6.14|5.43|9.43|5.96|9235420|55408760.00|1|0.0000|0.0000|0.0000|0|5.96
融捷健康|300247|0.96|29726105|90321392.00|-1.91|2.55|-10.51|3.17|3.08|3.22|2.81|29.73|3.14|33390585|105471208.00|1|0.0000|0.0000|0.0000|0|3.14
新开普|300248|3.68|45584207|611668800.00|1.28|5.03|-6.23|13.82|13.50|14.00|12.50|45.58|13.33|44664344|597933312.00|1|0.0000|0.0000|0.0000|0|13.33
依米康|300249|3.87|43179677|505746272.00|-2.69|5.13|-12.36|12.35|11.57|12.50|10.42|43.18|11.89|36920500|437090144.00|1|0.0000|0.0000|0.0000|0|11.89
初灵信息|300250|5.34|10546477|139666928.00|-1.30|6.72|-7.63|13.80|12.93|13.98|12.10|10.55|13.10|9114100|120334880.00|1|0.0000|0.0000|0.0000|0|13.10
光线传媒|300251|3.84|137230694|2606156288.00|-1.44|4.80|-5.01|19.48|18.49|19.66|17.82|137.23|18.76|128288948|2394478848.00|1|0.0000|0.0000|0.0000|0|18.76
金信诺|300252|5.80|52988210|472835840.00|-2.27|7.05|-8.52|9.31|8.60|9.42|8.05|52.99|8.80|44050646|387242976.00|1|0.0000|0.0000|0.0000|0|8.80
卫宁健康|300253|3.65|102362756|923999424.00|-2.54|4.64|-8.40|9.38|8.82|9.47|8.29|102.36|9.05|91398503|828062208.00|1|0.0000|0.0000|0.0000|0|9.05
仟源医药|300254|0.47|20470104|166024688.00|-2.22|1.87|-13.08|8.60|8.37|8.72|7.44|20.47|8.56|19587844|166788000.00|1|0.0000|0.0000|0.0000|0|8.56
常山药业|300255|1.63|23885271|400615136.00|-2.67|2.73|-8.48|17.49|16.75|17.68|15.75|23.89|17.21|19948042|343929216.00|1|0.0000|0.0000|0.0000|0|17.21
星星科技|300256|5.84|124076427|464464992.00|-1.86|7.96|-12.20|3.99|3.70|4.07|3.31|124.08|3.77|92627499|349919520.00|1|0.0000|0.0000|0.0000|0|3.77
开山股份|300257|0.88|14456647|114100224.00|-0.88|1.88|-5.65|8.03|7.89|8.11|7.51|14.46|7.96|15352784|122422568.00|1|0.0000|0.0000|0.0000|0|7.96
精锻科技|300258|2.52|43933893|442847424.00|-3.58|4.07|-12.68|10.59|9.96|10.75|9.02|43.93|10.33|37432927|384144352.00|1|0.0000|0.0000|0.0000|0|10.33
新天科技|300259|3.96|25561420|76451008.00|-1.32|3.96|-7.59|3.15|2.99|3.15|2.80|25.56|3.03|24584304|75053792.00|1|0.0000|0.0000|0.0000|0|3.03
新莱应材|300260|-3.72|76838736|2823091456.00|-5.12|-0.13|-18.01|37.79|37.24|39.20|32.18|76.84|39.25|88829413|3291410688.00|1|0.0000|0.0000|0.0000|0|39.25
雅本化学|300261|0.51|34846942|196706416.00|-2.40|1.54|-9.08|5.87|5.70|5.93|5.31|34.85|5.84|35447471|204125104.00|1|0.0000|0.0000|0.0000|0|5.84
隆华科技|300263|4.63|29308596|183121568.00|-0.96|5.59|-7.03|6.55|6.20|6.61|5.82|29.31|6.26|25775023|162319184.00|1|0.0000|0.0000|0.0000|0|6.26
佳创视讯|300264|4.47|21791405|97638928.00|0.00|5.82|-7.83|4.67|4.47|4.73|4.12|21.79|4.47|21183502|94232792.00|1|0.0000|0.0000|0.0000|0|4.47
通光线缆|300265|6.21|35854900|254884000.00|-1.41|6.50|-7.91|7.52|6.98|7.54|6.52|35.85|7.08|35168300|249350128.00|1|0.0000|0.0000|0.0000|0|7.08
兴源环境|300266|4.04|42366153|83666664.00|-2.02|5.05|-8.59|2.06|1.94|2.08|1.81|42.37|1.98|40975610|81799096.00|1|0.0000|0.0000|0.0000|0|1.98
尔康制药|300267|2.16|39504882|89556160.00|-1.73|3.46|-7.36|2.36|2.27|2.39|2.14|39.50|2.31|35628100|82288712.00|1|0.0000|0.0000|0.0000|0|2.31
*ST佳沃|300268|-2.64|3674800|30607410.00|-1.84|-0.69|-10.10|8.48|8.55|8.65|7.83|3.67|8.71|3220100|28671052.00|1|0.0000|0.0000|0.0000|0|8.71
联建光电|300269|4.19|25615200|79044064.00|-1.61|5.81|-9.68|3.23|3.05|3.28|2.80|25.62|3.10|21285976|66196000.00|1|0.0000|0.0000|0.0000|0|3.10
中威电子|300270|5.54|14518622|86379328.00|-1.17|6.71|-9.40|6.29|5.89|6.36|5.40|14.52|5.96|11209011|67134816.00|1|0.0000|0.0000|0.0000|0|5.96
华宇软件|300271|4.27|31688253|201222608.00|-1.58|5.38|-7.28|6.59|6.22|6.66|5.86|31.69|6.32|29123000|183607232.00|1|0.0000|0.0000|0.0000|0|6.32
开能健康|300272|1.73|14862670|74850720.00|-1.73|2.31|-9.44|5.28|5.10|5.31|4.70|14.86|5.19|16152491|84631592.00|1|0.0000|0.0000|0.0000|0|5.19
阳光电源|300274|0.81|46152052|2554975744.00|-3.07|2.26|-4.90|56.16|54.00|56.97|52.98|46.15|55.71|53365311|3006465024.00|1|0.0000|0.0000|0.0000|0|55.71
梅安森|300275|5.32|19397160|216546160.00|-2.57|6.29|-10.46|11.88|10.99|11.99|10.10|19.40|11.28|20226080|230558256.00|1|0.0000|0.0000|0.0000|0|11.28
三丰智能|300276|5.05|128004086|1399648000.00|-2.75|6.15|-10.00|11.45|10.60|11.57|9.81|128.00|10.90|108048522|1179874944.00|1|0.0000|0.0000|0.0000|0|10.90
海联讯|300277|4.92|15347311|164729344.00|-1.14|5.58|-4.73|11.09|10.45|11.16|10.07|15.35|10.57|12261145|130322208.00|1|0.0000|0.0000|0.0000|0|10.57
华昌达|300278|3.37|64948638|318789696.00|-2.58|4.56|-12.90|5.21|4.91|5.27|4.39|64.95|5.04|49748693|252851984.00|1|0.0000|0.0000|0.0000|0|5.04
和晶科技|300279|3.26|15748105|80690392.00|-3.64|4.21|-9.39|5.39|5.03|5.44|4.73|15.75|5.22|15179654|79148648.00|1|0.0000|0.0000|0.0000|0|5.22
金明精机|300281|8.53|77498240|509136544.00|-4.19|8.53|-18.86|7.25|6.40|7.25|5.42|77.50|6.68|70387071|473404608.00|1|0.0000|0.0000|0.0000|0|6.68
温州宏丰|300283|2.68|15848100|74802976.00|-2.47|3.09|-10.10|4.98|4.73|5.00|4.36|15.85|4.85|12733100|61885064.00|1|0.0000|0.0000|0.0000|0|4.85
苏交科|300284|2.99|33093612|276020864.00|-0.84|3.94|-5.85|8.62|8.30|8.70|7.88|33.09|8.37|49925619|415397152.00|1|0.0000|0.0000|0.0000|0|8.37
国瓷材料|300285|1.40|16952100|277394848.00|-1.71|2.75|-4.21|16.61|16.10|16.83|15.69|16.95|16.38|15254904|251413664.00|1|0.0000|0.0000|0.0000|0|16.38
安科瑞|300286|1.84|6065350|121017224.00|-3.12|5.36|-6.65|20.53|19.53|21.24|18.82|6.07|20.16|5983655|120029760.00|1|0.0000|0.0000|0.0000|0|20.16
飞利信|300287|5.54|131213325|639067264.00|-1.23|6.37|-10.27|5.14|4.81|5.18|4.37|131.21|4.87|110387731|540058816.00|1|0.0000|0.0000|0.0000|0|4.87
朗玛信息|300288|3.97|12256800|150271872.00|-1.21|4.70|-8.66|12.84|12.20|12.93|11.28|12.26|12.35|12007589|149109216.00|1|0.0000|0.0000|0.0000|0|12.35
利德曼|300289|2.41|13225900|53893032.00|-3.86|3.37|-7.23|4.25|3.99|4.29|3.85|13.23|4.15|12641333|52404572.00|1|0.0000|0.0000|0.0000|0|4.15
荣科科技|300290|7.70|40729155|619520448.00|-1.01|10.14|-6.62|15.94|14.65|16.30|13.82|40.73|14.80|36828650|540966080.00|1|0.0000|0.0000|0.0000|0|14.80
百纳千成|300291|4.35|51838062|226012944.00|-0.23|5.03|-7.32|4.56|4.36|4.59|4.05|51.84|4.37|51476679|222768512.00|1|0.0000|0.0000|0.0000|0|4.37
吴通控股|300292|9.40|90638584|394889696.00|-2.89|17.35|-8.19|4.54|4.03|4.87|3.81|90.64|4.15|50668758|210916720.00|1|0.0000|0.0000|0.0000|0|4.15
蓝英装备|300293|7.09|20254240|400742656.00|-1.71|7.86|-8.69|20.70|19.00|20.85|17.65|20.25|19.33|12356059|239901120.00|1|0.0000|0.0000|0.0000|0|19.33
博雅生物|300294|-0.86|18468618|547190784.00|-1.53|0.37|-4.71|29.86|29.66|30.23|28.70|18.47|30.12|27812710|815666048.00|1|0.0000|0.0000|0.0000|0|30.12
三六五网|300295|6.65|11486700|147053888.00|0.00|7.97|-9.23|13.64|12.79|13.81|11.61|11.49|12.79|10244910|129094728.00|1|0.0000|0.0000|0.0000|0|12.79
利亚德|300296|4.69|170016948|900857728.00|-2.44|5.25|-8.82|5.58|5.20|5.61|4.86|170.02|5.33|161349023|862501376.00|1|0.0000|0.0000|0.0000|0|5.33
三诺生物|300298|-0.19|7344258|149406384.00|-1.79|0.53|-4.64|20.63|20.30|20.78|19.71|7.34|20.67|14663000|301088672.00|1|0.0000|0.0000|0.0000|0|20.67
富春股份|300299|5.06|34980399|173070816.00|-0.81|6.07|-8.30|5.19|4.90|5.24|4.53|34.98|4.94|29608368|146542352.00|1|0.0000|0.0000|0.0000|0|4.94
海峡创新|300300|3.89|16712395|43292236.00|-2.33|5.06|-5.45|2.67|2.51|2.70|2.43|16.71|2.57|13810812|35702368.00|1|0.0000|0.0000|0.0000|0|2.57
ST长方|300301|2.86|19011572|33029982.00|-1.71|4.00|-5.14|1.80|1.72|1.82|1.66|19.01|1.75|16317000|28464252.00|1|0.0000|0.0000|0.0000|0|1.75
同有科技|300302|5.75|26700532|363218176.00|-1.27|7.09|-6.64|14.17|13.23|14.35|12.51|26.70|13.40|20316224|270988064.00|1|0.0000|0.0000|0.0000|0|13.40
聚飞光电|300303|3.01|45565675|239551552.00|-1.51|3.58|-7.53|5.47|5.23|5.50|4.91|45.57|5.31|50642691|269766112.00|1|0.0000|0.0000|0.0000|0|5.31
云意电气|300304|2.67|30384673|202332544.00|-2.23|3.71|-8.16|6.92|6.59|6.99|6.19|30.38|6.74|30288027|205027120.00|1|0.0000|0.0000|0.0000|0|6.74
裕兴股份|300305|2.52|7109100|33177512.00|-1.68|3.35|-8.60|4.89|4.69|4.93|4.36|7.11|4.77|6550800|31360384.00|1|0.0000|0.0000|0.0000|0|4.77
远方信息|300306|3.31|8647300|86937216.00|-2.33|3.89|-9.14|10.62|10.04|10.68|9.34|8.65|10.28|9776100|100701336.00|1|0.0000|0.0000|0.0000|0|10.28
慈星股份|300307|5.01|54318700|410240640.00|-3.03|6.06|-8.83|7.97|7.36|8.05|6.92|54.32|7.59|54048825|411836992.00|1|0.0000|0.0000|0.0000|0|7.59
中际旭创|300308|-0.40|59550089|4218907392.00|-3.18|1.74|-7.03|71.99|69.98|73.54|67.20|59.55|72.28|69279183|5049997312.00|1|0.0000|0.0000|0.0000|0|72.28
宜通世纪|300310|4.32|42425860|233762208.00|-1.80|5.41|-10.09|5.79|5.45|5.85|4.99|42.43|5.55|34634100|191954512.00|1|0.0000|0.0000|0.0000|0|5.55
ST任子行|300311|5.04|36227321|187179568.00|-0.97|5.62|-8.33|5.42|5.11|5.45|4.73|36.23|5.16|32171447|165660160.00|1|0.0000|0.0000|0.0000|0|5.16
*ST天山|300313|1.95|15618275|90877264.00|-1.60|9.04|-3.55|5.75|5.55|6.15|5.44|15.62|5.64|16700904|90672616.00|1|0.0000|0.0000|0.0000|0|5.64
戴维医疗|300314|4.36|10340900|112135640.00|-2.36|5.54|-8.27|11.49|10.75|11.62|10.10|10.34|11.01|9248540|102404584.00|1|0.0000|0.0000|0.0000|0|11.01
掌趣科技|300315|4.21|101736514|459826144.00|-1.33|4.66|-6.65|4.70|4.45|4.72|4.21|101.74|4.51|107748510|488697728.00|1|0.0000|0.0000|0.0000|0|4.51
晶盛机电|300316|1.33|13620287|382079808.00|-1.29|2.97|-3.58|28.29|27.56|28.75|26.92|13.62|27.92|14371128|404558272.00|1|0.0000|0.0000|0.0000|0|27.92
珈伟新能|300317|3.12|41411715|129897768.00|-2.50|3.44|-9.38|3.30|3.12|3.31|2.90|41.41|3.20|33925924|109242928.00|1|0.0000|0.0000|0.0000|0|3.20
博晖创新|300318|-3.85|56126780|340241856.00|-4.00|-1.85|-13.08|6.25|6.24|6.38|5.65|56.13|6.50|74101438|453851872.00|1|0.0000|0.0000|0.0000|0|6.50
麦捷科技|300319|1.17|28166652|259068112.00|-2.35|2.35|-8.22|9.48|9.15|9.59|8.60|28.17|9.37|30031730|281471648.00|1|0.0000|0.0000|0.0000|0|9.37
海达股份|300320|5.57|21683400|195294528.00|-1.45|6.68|-7.02|9.48|8.85|9.58|8.35|21.68|8.98|19880972|178785696.00|1|0.0000|0.0000|0.0000|0|8.98
同大股份|300321|-2.50|3117300|92220272.00|-3.12|0.13|-8.88|29.99|29.80|30.80|28.03|3.12|30.76|3549000|105861640.00|1|0.0000|0.0000|0.0000|0|30.76
硕贝德|300322|4.48|21179100|221413120.00|-1.53|5.34|-8.49|10.95|10.32|11.04|9.59|21.18|10.48|19097600|200399552.00|1|0.0000|0.0000|0.0000|0|10.48
华灿光电|300323|2.91|36299575|209895104.00|-1.20|4.28|-8.73|6.01|5.77|6.09|5.33|36.30|5.84|36539020|213762624.00|1|0.0000|0.0000|0.0000|0|5.84
旋极信息|300324|6.33|139500718|468867360.00|-2.71|7.53|-9.04|3.53|3.23|3.57|3.02|139.50|3.32|121893544|406049152.00|1|0.0000|0.0000|0.0000|0|3.32
ST凯利|300326|2.17|19107818|103329744.00|-0.72|3.07|-7.78|5.65|5.49|5.70|5.10|19.11|5.53|17355268|96233640.00|1|0.0000|0.0000|0.0000|0|5.53
中颖电子|300327|4.04|12577315|255970448.00|-0.40|5.03|-5.98|20.88|19.99|21.08|18.87|12.58|20.07|12111576|245222080.00|1|0.0000|0.0000|0.0000|0|20.07
宜安科技|300328|2.88|68743762|578831936.00|-4.83|4.03|-13.23|8.94|8.27|9.04|7.54|68.74|8.69|66759619|586194240.00|1|0.0000|0.0000|0.0000|0|8.69
海伦钢琴|300329|4.11|8249500|43393644.00|-0.93|4.86|-9.35|5.57|5.30|5.61|4.85|8.25|5.35|7828960|41968604.00|1|0.0000|0.0000|0.0000|0|5.35
苏大维格|300331|3.81|7763100|125696552.00|-1.60|4.49|-9.16|16.88|16.00|16.99|14.77|7.76|16.26|7832900|127429040.00|1|0.0000|0.0000|0.0000|0|16.26
天壕能源|300332|2.06|21033500|90358880.00|-1.61|2.52|-6.65|4.45|4.29|4.47|4.07|21.03|4.36|25372971|109505648.00|1|0.0000|0.0000|0.0000|0|4.36
兆日科技|300333|5.45|28836600|280481856.00|-2.16|6.89|-11.00|10.26|9.52|10.40|8.66|28.84|9.73|22327400|216042496.00|1|0.0000|0.0000|0.0000|0|9.73
津膜科技|300334|5.19|8736300|47481920.00|-1.67|6.48|-7.22|5.68|5.31|5.75|5.01|8.74|5.40|7269400|39546796.00|1|0.0000|0.0000|0.0000|0|5.40
迪森股份|300335|2.40|23107700|103665992.00|-1.96|3.27|-9.37|4.70|4.50|4.74|4.16|23.11|4.59|21386700|97697056.00|1|0.0000|0.0000|0.0000|0|4.59
银邦股份|300337|4.96|39529239|371768288.00|-1.48|6.22|-9.92|9.95|9.34|10.07|8.54|39.53|9.48|36067559|342547968.00|1|0.0000|0.0000|0.0000|0|9.48
ST开元|300338|2.69|15815900|64148352.00|-2.44|4.40|-6.11|4.20|3.99|4.27|3.84|15.82|4.09|17521710|72219504.00|1|0.0000|0.0000|0.0000|0|4.09
润和软件|300339|4.30|64100322|3080697856.00|-1.87|5.92|-4.94|49.00|46.10|49.76|44.66|64.10|46.98|47662263|2227022336.00|1|0.0000|0.0000|0.0000|0|46.98
科恒股份|300340|3.72|8527143|70196440.00|-0.96|4.68|-8.15|8.65|8.26|8.73|7.66|8.53|8.34|8112856|67460144.00|1|0.0000|0.0000|0.0000|0|8.34
麦克奥迪|300341|3.00|13152900|183694304.00|-2.15|3.93|-7.22|14.40|13.68|14.53|12.97|13.15|13.98|14579100|199610448.00|1|0.0000|0.0000|0.0000|0|13.98
天银机电|300342|5.75|26193192|375042688.00|-0.92|6.53|-7.67|14.89|13.95|15.00|13.00|26.19|14.08|23299360|328220608.00|1|0.0000|0.0000|0.0000|0|14.08
ST联创|300343|4.53|34333592|124124344.00|0.28|4.82|-1.42|3.69|3.54|3.70|3.48|34.33|3.53|33208811|117528480.00|1|0.0000|0.0000|0.0000|0|3.53
*ST立方|300344|5.45|93817475|767684608.00|1.86|6.32|-5.70|8.51|8.22|8.58|7.61|93.82|8.07|94971305|778351424.00|1|0.0000|0.0000|0.0000|0|8.07
华民股份|300345|5.68|11136891|49132536.00|-2.05|6.36|-7.27|4.65|4.31|4.68|4.08|11.14|4.40|11664800|51409884.00|1|0.0000|0.0000|0.0000|0|4.40
南大光电|300346|5.00|42076177|1536748032.00|-1.71|5.53|-6.15|37.39|35.00|37.58|33.42|42.08|35.61|32421725|1143165696.00|1|0.0000|0.0000|0.0000|0|35.61
泰格医药|300347|-3.18|18351075|806509696.00|-3.16|-1.70|-6.72|44.49|44.50|45.17|42.86|18.35|45.95|9573391|440455520.00|1|0.0000|0.0000|0.0000|0|45.95
长亮科技|300348|4.99|43856096|498710816.00|-1.25|6.24|-6.24|11.78|11.08|11.92|10.52|43.86|11.22|47403209|528089440.00|1|0.0000|0.0000|0.0000|0|11.22
金卡智能|300349|2.56|12241832|138537264.00|-1.50|3.00|-5.46|11.64|11.18|11.69|10.73|12.24|11.35|10405940|118334272.00|1|0.0000|0.0000|0.0000|0|11.35
华鹏飞|300350|10.00|95768232|559121408.00|-0.18|13.33|-5.96|6.27|5.69|6.46|5.36|95.77|5.70|63545080|342213568.00|1|0.0000|0.0000|0.0000|0|5.70
永贵电器|300351|3.89|17043200|243495776.00|-2.43|4.93|-8.55|14.95|14.04|15.10|13.16|17.04|14.39|15441593|221915632.00|1|0.0000|0.0000|0.0000|0|14.39
北信源|300352|4.90|64759773|279350336.00|-2.10|5.83|-7.46|4.50|4.20|4.54|3.97|64.76|4.29|66207151|286875872.00|1|0.0000|0.0000|0.0000|0|4.29
东土科技|300353|5.79|131651253|2512509440.00|-2.98|9.57|-11.22|19.90|18.25|20.61|16.70|131.65|18.81|128172740|2428985600.00|1|0.0000|0.0000|0.0000|0|18.81
东华测试|300354|7.69|7065600|260560544.00|-1.79|8.66|-7.21|38.53|35.14|38.88|33.20|7.07|35.78|5724835|204495152.00|1|0.0000|0.0000|0.0000|0|35.78
蒙草生态|300355|4.28|86264480|344775232.00|-1.76|5.54|-7.30|4.14|3.90|4.19|3.68|86.26|3.97|93280780|370909472.00|1|0.0000|0.0000|0.0000|0|3.97
我武生物|300357|1.05|10408437|204655104.00|-1.00|1.90|-6.40|20.21|19.80|20.38|18.72|10.41|20.00|12423878|250073440.00|1|0.0000|0.0000|0.0000|0|20.00
楚天科技|300358|3.05|20663633|132664232.00|-2.59|3.96|-8.54|6.76|6.39|6.82|6.00|20.66|6.56|21503709|142047680.00|1|0.0000|0.0000|0.0000|0|6.56
全通教育|300359|4.45|23199887|113900320.00|-1.42|5.26|-8.50|5.16|4.87|5.20|4.52|23.20|4.94|20817747|102449328.00|1|0.0000|0.0000|0.0000|0|4.94
炬华科技|300360|0.72|14415280|217364496.00|-0.98|1.50|-6.25|15.46|15.20|15.58|14.39|14.42|15.35|16362025|253849488.00|1|0.0000|0.0000|0.0000|0|15.35
博腾股份|300363|-0.99|28750015|388284224.00|-4.32|0.07|-12.76|13.97|13.50|14.12|12.31|28.75|14.11|34083831|492182944.00|1|0.0000|0.0000|0.0000|0|14.11
中文在线|300364|3.35|37683624|713600576.00|-2.15|4.45|-8.80|19.73|18.68|19.94|17.41|37.68|19.09|31151039|593300224.00|1|0.0000|0.0000|0.0000|0|19.09
恒华科技|300365|4.72|20877700|105785296.00|-1.77|5.70|-8.06|5.33|5.00|5.38|4.68|20.88|5.09|16398562|83876864.00|1|0.0000|0.0000|0.0000|0|5.09
ST创意|300366|5.80|38532724|219693504.00|-0.88|5.98|-7.91|6.02|5.64|6.03|5.24|38.53|5.69|42262370|240263504.00|1|0.0000|0.0000|0.0000|0|5.69
汇金股份|300368|4.10|11374300|47410768.00|-1.20|4.58|-6.02|4.32|4.10|4.34|3.90|11.37|4.15|11370000|47061376.00|1|0.0000|0.0000|0.0000|0|4.15
绿盟科技|300369|4.00|26953112|168921168.00|-1.76|4.96|-6.72|6.50|6.14|6.56|5.83|26.95|6.25|25617360|160733440.00|1|0.0000|0.0000|0.0000|0|6.25
安控科技|300370|2.41|54707334|133947264.00|-1.61|3.61|-9.64|2.55|2.45|2.58|2.25|54.71|2.49|55831331|139474256.00|1|0.0000|0.0000|0.0000|0|2.49
汇中股份|300371|3.20|5112258|45714788.00|-0.88|4.19|-9.59|9.36|8.99|9.45|8.20|5.11|9.07|4013131|36794568.00|1|0.0000|0.0000|0.0000|0|9.07
扬杰科技|300373|3.41|15093241|635640256.00|-2.09|6.43|-2.82|42.48|40.22|43.72|39.92|15.09|41.08|14563604|598957824.00|1|0.0000|0.0000|0.0000|0|41.08
中铁装配|300374|6.60|20821020|340071136.00|0.83|8.76|-0.32|16.79|15.88|17.13|15.70|20.82|15.75|17145640|265363392.00|1|0.0000|0.0000|0.0000|0|15.75
鹏翎股份|300375|2.74|33515766|132027704.00|-2.74|3.23|-9.70|4.13|3.91|4.15|3.63|33.52|4.02|32715195|131367464.00|1|0.0000|0.0000|0.0000|0|4.02
ST易事特|300376|1.67|23114000|68556384.00|-2.33|3.00|-6.33|3.05|2.93|3.09|2.81|23.11|3.00|25449664|75791936.00|1|0.0000|0.0000|0.0000|0|3.00
赢时胜|300377|6.70|83049196|1827170432.00|0.52|9.05|-4.78|22.76|21.44|23.26|20.31|83.05|21.33|72603096|1546412928.00|1|0.0000|0.0000|0.0000|0|21.33
鼎捷数智|300378|2.55|17939813|510907776.00|-4.35|3.31|-9.73|29.73|27.73|29.95|26.17|17.94|28.99|18350692|531346880.00|1|0.0000|0.0000|0.0000|0|28.99
东通退|300379|8.57|35594379|516346016.00|1.09|9.30|-1.09|14.95|13.92|15.05|13.62|35.59|13.77|26803560|366133120.00|1|0.0000|0.0000|0.0000|0|13.77
安硕信息|300380|10.83|31967475|1711915776.00|-2.80|16.41|-2.82|55.77|48.91|58.58|48.90|31.97|50.32|23927284|1237685504.00|1|0.0000|0.0000|0.0000|0|50.32
溢多利|300381|0.67|35514178|248637648.00|-3.10|2.15|-14.54|7.48|7.20|7.59|6.35|35.51|7.43|29297428|215286960.00|1|0.0000|0.0000|0.0000|0|7.43
斯莱克|300382|1.66|38998320|356341824.00|-2.81|2.81|-15.28|9.78|9.35|9.89|8.15|39.00|9.62|35988902|339565792.00|1|0.0000|0.0000|0.0000|0|9.62
光环新网|300383|4.95|86108724|1190222336.00|-1.09|6.26|-8.16|14.41|13.58|14.59|12.61|86.11|13.73|81960979|1120627328.00|1|0.0000|0.0000|0.0000|0|13.73
三联虹普|300384|3.37|10490912|170765424.00|-2.14|4.65|-7.96|16.89|15.99|17.10|15.04|10.49|16.34|10449714|171295536.00|1|0.0000|0.0000|0.0000|0|16.34
雪浪环境|300385|3.19|5336087|21420578.00|-1.47|4.18|-9.09|4.20|4.01|4.24|3.70|5.34|4.07|6462500|26122904.00|1|0.0000|0.0000|0.0000|0|4.07
飞天诚信|300386|4.73|17942571|214789888.00|-2.07|5.23|-10.71|12.62|11.80|12.68|10.76|17.94|12.05|14020700|169339296.00|1|0.0000|0.0000|0.0000|0|12.05
富邦科技|300387|-1.21|32052892|276317600.00|-3.19|-0.22|-10.89|8.98|8.80|9.07|8.10|32.05|9.09|37431263|323484448.00|1|0.0000|0.0000|0.0000|0|9.09
节能国祯|300388|2.46|8103540|52501564.00|-1.38|3.38|-4.92|6.66|6.41|6.72|6.18|8.10|6.50|9324728|60579212.00|1|0.0000|0.0000|0.0000|0|6.50
艾比森|300389|1.77|6562200|58001480.00|-0.89|2.44|-8.08|9.19|8.95|9.25|8.30|6.56|9.03|6809136|61494976.00|1|0.0000|0.0000|0.0000|0|9.03
天华新能|300390|2.32|14427464|261208672.00|-1.16|3.54|-5.36|18.52|17.89|18.74|17.13|14.43|18.10|17539929|317651328.00|1|0.0000|0.0000|0.0000|0|18.10
*ST长药|300391|2.10|17621250|74192960.00|0.23|3.26|-10.26|4.38|4.30|4.43|3.85|17.62|4.29|20532200|88745248.00|1|0.0000|0.0000|0.0000|0|4.29
中来股份|300393|1.01|24188468|118133800.00|-2.01|1.81|-6.84|5.02|4.87|5.06|4.63|24.19|4.97|25869823|127422112.00|1|0.0000|0.0000|0.0000|0|4.97
天孚通信|300394|0.80|24805047|1513725568.00|-3.58|1.82|-8.23|62.73|60.00|63.36|57.11|24.81|62.23|28811500|1780356608.00|1|0.0000|0.0000|0.0000|0|62.23
菲利华|300395|7.40|10076588|481006304.00|-0.84|9.59|-3.05|48.61|44.88|49.60|43.88|10.08|45.26|8319173|373992160.00|1|0.0000|0.0000|0.0000|0|45.26
迪瑞医疗|300396|2.14|6747004|86972096.00|-2.06|2.60|-6.19|13.36|12.81|13.42|12.27|6.75|13.08|7259260|94756288.00|1|0.0000|0.0000|0.0000|0|13.08
天和防务|300397|17.20|69023351|798028416.00|-0.56|18.69|-4.02|12.54|10.64|12.70|10.27|69.02|10.70|45555122|488904096.00|1|0.0000|0.0000|0.0000|0|10.70
飞凯材料|300398|-1.46|70227101|1166863488.00|-4.26|1.23|-19.99|17.60|17.10|18.08|14.29|70.23|17.86|62061121|1100128896.00|1|0.0000|0.0000|0.0000|0|17.86
天利科技|300399|4.19|11703230|202949552.00|-0.98|5.74|-8.73|18.15|17.25|18.42|15.90|11.70|17.42|10249630|178917760.00|1|0.0000|0.0000|0.0000|0|17.42
劲拓股份|300400|2.96|7947800|106452184.00|-1.56|4.07|-8.81|13.90|13.29|14.05|12.31|7.95|13.50|7713000|104222976.00|1|0.0000|0.0000|0.0000|0|13.50
花园生物|300401|1.59|17394309|212837504.00|-1.44|2.63|-7.66|12.74|12.36|12.87|11.58|17.39|12.54|18051535|227711200.00|1|0.0000|0.0000|0.0000|0|12.54
宝色股份|300402|5.92|21724900|334966208.00|-1.25|7.17|-7.69|16.11|15.02|16.30|14.04|21.72|15.21|20695188|314150176.00|1|0.0000|0.0000|0.0000|0|15.21
汉宇集团|300403|4.07|56711880|714730432.00|-2.97|5.55|-14.00|13.31|12.41|13.50|11.00|56.71|12.79|46281337|592120384.00|1|0.0000|0.0000|0.0000|0|12.79
博济医药|300404|1.62|22564270|188774672.00|-1.73|2.42|-10.28|8.80|8.51|8.87|7.77|22.56|8.66|25504764|223048528.00|1|0.0000|0.0000|0.0000|0|8.66
科隆股份|300405|3.97|12534984|49389508.00|-1.74|4.47|-9.68|4.19|3.96|4.21|3.64|12.53|4.03|12226217|49226516.00|1|0.0000|0.0000|0.0000|0|4.03
九强生物|300406|2.54|7847725|114218392.00|-1.71|4.52|-5.35|14.96|14.34|15.25|13.81|7.85|14.59|8119469|118640000.00|1|0.0000|0.0000|0.0000|0|14.59
凯发电气|300407|3.84|8435053|75828624.00|-2.52|4.50|-11.73|9.47|8.89|9.53|8.05|8.44|9.12|9030109|82745520.00|1|0.0000|0.0000|0.0000|0|9.12
三环集团|300408|0.47|20603229|706540544.00|-0.50|5.17|-3.43|34.00|33.67|35.59|32.68|20.60|33.84|26657537|916461952.00|1|0.0000|0.0000|0.0000|0|33.84
道氏技术|300409|2.17|53836503|686068352.00|-2.95|3.49|-8.53|13.18|12.52|13.35|11.80|53.84|12.90|49352520|635840256.00|1|0.0000|0.0000|0.0000|0|12.90
正业科技|300410|3.89|16246734|70211832.00|0.00|4.58|-8.47|4.54|4.37|4.57|4.00|16.25|4.37|16036312|69445216.00|1|0.0000|0.0000|0.0000|0|4.37
金盾股份|300411|7.12|22058180|230382608.00|-2.44|8.20|-8.29|10.98|10.00|11.09|9.40|22.06|10.25|14100880|145749760.00|1|0.0000|0.0000|0.0000|0|10.25
迦南科技|300412|4.62|24753660|110598392.00|-2.64|5.93|-10.99|4.76|4.43|4.82|4.05|24.75|4.55|17877250|81538112.00|1|0.0000|0.0000|0.0000|0|4.55
芒果超媒|300413|2.58|10785111|296439072.00|-1.47|3.46|-3.94|27.88|26.78|28.12|26.11|10.79|27.18|13804298|367192832.00|1|0.0000|0.0000|0.0000|0|27.18
中光防雷|300414|6.06|9828816|63285708.00|-0.93|6.68|-8.85|6.83|6.38|6.87|5.87|9.83|6.44|8218112|53022696.00|1|0.0000|0.0000|0.0000|0|6.44
伊之密|300415|0.78|15636568|293493376.00|-1.93|2.09|-7.67|19.32|18.80|19.57|17.70|15.64|19.17|14656363|282634368.00|1|0.0000|0.0000|0.0000|0|19.17
苏试试验|300416|7.83|38620757|670007360.00|-3.31|9.64|-6.93|17.90|16.05|18.20|15.45|38.62|16.60|28158805|462501504.00|1|0.0000|0.0000|0.0000|0|16.60
南华仪器|300417|4.84|4844050|45252248.00|-1.89|6.20|-10.52|9.97|9.33|10.10|8.51|4.84|9.51|3945960|37656800.00|1|0.0000|0.0000|0.0000|0|9.51
昆仑万维|300418|2.93|39239973|1130304128.00|-2.51|3.69|-5.44|29.53|27.97|29.75|27.13|39.24|28.69|44555974|1274973184.00|1|0.0000|0.0000|0.0000|0|28.69
ST浩丰|300419|2.82|18689800|84874568.00|-2.39|3.69|-7.38|4.74|4.50|4.78|4.27|18.69|4.61|14762100|68075096.00|1|0.0000|0.0000|0.0000|0|4.61
五洋自控|300420|4.45|48361474|118486584.00|-3.24|5.26|-8.91|2.58|2.39|2.60|2.25|48.36|2.47|38342522|94829960.00|1|0.0000|0.0000|0.0000|0|2.47
力星股份|300421|1.87|49691269|636822720.00|-4.18|4.11|-15.68|13.64|12.83|13.94|11.29|49.69|13.39|50589180|673756864.00|1|0.0000|0.0000|0.0000|0|13.39
博世科|300422|1.35|10110384|36898104.00|-1.89|2.43|-6.76|3.75|3.63|3.79|3.45|10.11|3.70|9791289|36132844.00|1|0.0000|0.0000|0.0000|0|3.70
昇辉科技|300423|9.95|18154660|120715928.00|-2.91|12.40|-9.80|7.18|6.34|7.34|5.89|18.15|6.53|13838555|91897072.00|1|0.0000|0.0000|0.0000|0|6.53
航新科技|300424|10.80|19290829|257172688.00|-1.12|13.04|-2.72|13.85|12.36|14.13|12.16|19.29|12.50|9986858|125795576.00|1|0.0000|0.0000|0.0000|0|12.50
中建环能|300425|3.04|22667463|104269000.00|-2.17|3.70|-5.22|4.74|4.50|4.77|4.36|22.67|4.60|24895280|113529256.00|1|0.0000|0.0000|0.0000|0|4.60
华智数媒|300426|1.22|16916200|163345664.00|-3.65|2.33|-8.61|9.99|9.51|10.10|9.02|16.92|9.87|19561804|190850304.00|1|0.0000|0.0000|0.0000|0|9.87
红相股份|300427|3.24|20615051|87356096.00|-3.24|4.17|-10.19|4.46|4.18|4.50|3.88|20.62|4.32|14084005|61359788.00|1|0.0000|0.0000|0.0000|0|4.32
立中集团|300428|1.44|10202040|153222928.00|-1.05|2.56|-6.89|15.47|15.09|15.64|14.20|10.20|15.25|12014283|183785584.00|1|0.0000|0.0000|0.0000|0|15.25
强力新材|300429|1.83|33164232|351794688.00|-1.65|2.75|-11.09|11.11|10.73|11.21|9.70|33.16|10.91|27657519|302724864.00|1|0.0000|0.0000|0.0000|0|10.91
诚益通|300430|2.34|19929919|310449696.00|-2.53|4.50|-9.95|16.15|15.38|16.49|14.21|19.93|15.78|16694770|262262048.00|1|0.0000|0.0000|0.0000|0|15.78
富临精工|300432|4.53|61394183|950233280.00|-2.91|5.50|-10.41|16.16|15.01|16.31|13.85|61.39|15.46|57438691|891918528.00|1|0.0000|0.0000|0.0000|0|15.46
蓝思科技|300433|-2.18|156667582|2699304704.00|-4.92|0.17|-8.28|17.49|17.00|17.91|16.40|156.67|17.88|124505712|2223110144.00|1|0.0000|0.0000|0.0000|0|17.88
金石亚药|300434|0.41|13627080|96343664.00|-2.17|1.49|-8.83|7.39|7.20|7.47|6.71|13.63|7.36|10808626|79541280.00|1|0.0000|0.0000|0.0000|0|7.36
中泰股份|300435|2.01|8649000|97051152.00|-1.93|2.63|-7.27|11.65|11.20|11.72|10.59|8.65|11.42|8454300|96655600.00|1|0.0000|0.0000|0.0000|0|11.42
广生堂|300436|2.03|6528100|172240928.00|-0.15|2.63|-8.26|27.18|26.60|27.34|24.44|6.53|26.64|4220532|112453408.00|1|0.0000|0.0000|0.0000|0|26.64
清水源|300437|1.63|6795900|45125296.00|0.30|2.22|-7.26|6.86|6.77|6.90|6.26|6.80|6.75|7109200|47834644.00|1|0.0000|0.0000|0.0000|0|6.75
鹏辉能源|300438|2.50|15067319|328312864.00|-2.40|3.22|-6.99|22.59|21.51|22.75|20.50|15.07|22.04|15813591|348557184.00|1|0.0000|0.0000|0.0000|0|22.04
美康生物|300439|1.23|17571100|177782224.00|-2.66|2.28|-10.73|10.66|10.25|10.77|9.40|17.57|10.53|17405481|182395088.00|1|0.0000|0.0000|0.0000|0|10.53
运达科技|300440|11.62|30537500|253319296.00|-0.88|13.38|-5.68|8.84|7.85|8.98|7.47|30.54|7.92|19249000|152871456.00|1|0.0000|0.0000|0.0000|0|7.92
鲍斯股份|300441|2.65|27529220|225584768.00|-1.69|3.74|-8.32|8.51|8.15|8.60|7.60|27.53|8.29|23442894|193846304.00|1|0.0000|0.0000|0.0000|0|8.29
润泽科技|300442|3.18|29350350|1490156416.00|-2.00|4.30|-3.70|51.59|49.00|52.15|48.15|29.35|50.00|29244492|1460096256.00|1|0.0000|0.0000|0.0000|0|50.00
金雷股份|300443|0.66|9933440|176688512.00|-1.72|2.44|-6.92|18.18|17.75|18.50|16.81|9.93|18.06|10010500|181090640.00|1|0.0000|0.0000|0.0000|0|18.06
双杰电气|300444|3.91|58488532|370711072.00|-2.34|4.84|-8.44|6.65|6.25|6.71|5.86|58.49|6.40|63597619|411766560.00|1|0.0000|0.0000|0.0000|0|6.40
康斯特|300445|1.92|8079980|127256808.00|-3.72|3.84|-9.85|16.46|15.55|16.77|14.56|8.08|16.15|9022660|147987744.00|1|0.0000|0.0000|0.0000|0|16.15
航天智造|300446|2.12|39763624|701683328.00|-4.58|3.24|-9.49|18.30|17.10|18.50|16.22|39.76|17.92|49555270|913833344.00|1|0.0000|0.0000|0.0000|0|17.92
全信股份|300447|7.71|11667160|136408656.00|-1.77|8.42|-4.26|12.15|11.08|12.23|10.80|11.67|11.28|8571400|97710744.00|1|0.0000|0.0000|0.0000|0|11.28
浩云科技|300448|4.12|25938634|143756752.00|-3.23|5.20|-9.86|5.81|5.40|5.87|5.03|25.94|5.58|18623144|104603848.00|1|0.0000|0.0000|0.0000|0|5.58
汉邦高科|300449|11.41|33910800|235962400.00|4.95|12.31|-5.11|7.42|6.99|7.48|6.32|33.91|6.66|37362460|246436272.00|1|0.0000|0.0000|0.0000|0|6.66
先导智能|300450|1.65|27879919|490970368.00|-1.76|2.84|-4.88|17.91|17.31|18.12|16.76|27.88|17.62|28041462|496287872.00|1|0.0000|0.0000|0.0000|0|17.62
创业慧康|300451|3.80|93010515|487917568.00|-1.52|4.94|-8.37|5.46|5.18|5.52|4.82|93.01|5.26|106881888|561174080.00|1|0.0000|0.0000|0.0000|0|5.26
山河药辅|300452|-0.36|5657549|60925748.00|-1.79|0.36|-7.53|11.11|10.95|11.19|10.31|5.66|11.15|5111735|56926952.00|1|0.0000|0.0000|0.0000|0|11.15
三鑫医疗|300453|1.30|13485167|102799064.00|-1.17|2.73|-5.45|7.80|7.61|7.91|7.28|13.49|7.70|15988011|122328544.00|1|0.0000|0.0000|0.0000|0|7.70
深信服|300454|1.36|9471733|829958144.00|-2.27|2.85|-7.14|89.38|86.18|90.69|81.88|9.47|88.18|9409928|831286848.00|1|0.0000|0.0000|0.0000|0|88.18
航天智装|300455|8.28|26017941|314945536.00|-1.21|9.49|-4.75|12.55|11.45|12.69|11.04|26.02|11.59|19984966|233754080.00|1|0.0000|0.0000|0.0000|0|11.59
赛微电子|300456|2.68|20694800|302145952.00|-1.24|3.72|-5.92|14.92|14.35|15.07|13.67|20.69|14.53|24654808|360377824.00|1|0.0000|0.0000|0.0000|0|14.53
赢合科技|300457|3.04|16857289|271512480.00|-1.68|3.66|-6.71|16.59|15.83|16.69|15.02|16.86|16.10|20322628|327562304.00|1|0.0000|0.0000|0.0000|0|16.10
全志科技|300458|4.02|51427050|2232616192.00|-1.78|5.71|-7.60|44.48|42.00|45.20|39.51|51.43|42.76|43985082|1894365184.00|1|0.0000|0.0000|0.0000|0|42.76
汤姆猫|300459|3.65|239856440|1114743808.00|-1.50|4.29|-8.80|4.83|4.59|4.86|4.25|239.86|4.66|267863204|1244048256.00|1|0.0000|0.0000|0.0000|0|4.66
ST惠伦|300460|3.34|10080362|98243984.00|-0.91|4.04|-9.00|10.22|9.80|10.29|9.00|10.08|9.89|9507660|94497664.00|1|0.0000|0.0000|0.0000|0|9.89
田中精机|300461|3.51|6176248|100197592.00|-2.06|5.20|-11.19|17.12|16.20|17.40|14.69|6.18|16.54|6365560|105245328.00|1|0.0000|0.0000|0.0000|0|16.54
ST华铭|300462|2.49|8439872|63068916.00|-1.18|3.67|-8.79|7.81|7.53|7.90|6.95|8.44|7.62|7404381|56437660.00|1|0.0000|0.0000|0.0000|0|7.62
迈克生物|300463|0.43|11596304|132590816.00|-1.45|1.11|-7.06|11.80|11.58|11.88|10.92|11.60|11.75|13862100|162634080.00|1|0.0000|0.0000|0.0000|0|11.75
星徽股份|300464|4.31|11934848|46483716.00|-2.28|5.58|-9.90|4.11|3.85|4.16|3.55|11.93|3.94|10409545|41202736.00|1|0.0000|0.0000|0.0000|0|3.94
高伟达|300465|6.45|35351242|455674688.00|-1.18|7.63|-7.79|13.53|12.56|13.68|11.72|35.35|12.71|32336874|406959392.00|1|0.0000|0.0000|0.0000|0|12.71
赛摩智能|300466|2.12|52792564|403971648.00|-4.11|2.86|-14.45|8.20|7.70|8.26|6.87|52.79|8.03|63941400|524758656.00|1|0.0000|0.0000|0.0000|0|8.03
迅游科技|300467|2.83|10572609|165160016.00|-3.27|4.08|-9.74|16.37|15.40|16.57|14.37|10.57|15.92|10991700|174705184.00|1|0.0000|0.0000|0.0000|0|15.92
四方精创|300468|0.47|151169170|2957729536.00|-1.83|10.06|-6.76|19.17|18.73|21.00|17.79|151.17|19.08|131615343|2408933632.00|1|0.0000|0.0000|0.0000|0|19.08
信息发展|300469|9.59|17159448|466996128.00|-2.93|9.78|-7.69|28.80|25.51|28.85|24.26|17.16|26.28|14937930|392326368.00|1|0.0000|0.0000|0.0000|0|26.28
中密控股|300470|1.31|4156139|139290160.00|-1.34|2.21|-4.95|33.97|33.08|34.27|31.87|4.16|33.53|4771995|159636896.00|1|0.0000|0.0000|0.0000|0|33.53
厚普股份|300471|3.16|10735200|77483568.00|-1.51|4.25|-7.82|7.52|7.18|7.60|6.72|10.74|7.29|9769300|71916936.00|1|0.0000|0.0000|0.0000|0|7.29
*ST新元|300472|10.70|21824620|96291056.00|-0.47|11.40|-9.30|4.76|4.28|4.79|3.90|21.82|4.30|14848320|64065816.00|1|0.0000|0.0000|0.0000|0|4.30
德尔股份|300473|0.79|10648799|248859168.00|-2.67|2.09|-9.31|24.13|23.30|24.44|21.71|10.65|23.94|11063756|263170064.00|1|0.0000|0.0000|0.0000|0|23.94
景嘉微|300474|8.07|20590155|1460271488.00|-0.44|8.98|-2.18|72.95|67.20|73.56|66.03|20.59|67.50|14792052|996173760.00|1|0.0000|0.0000|0.0000|0|67.50
香农芯创|300475|-0.04|38537593|978736704.00|-3.90|1.32|-12.07|26.42|25.40|26.78|23.24|38.54|26.43|38211942|1015523840.00|1|0.0000|0.0000|0.0000|0|26.43
胜宏科技|300476|4.87|78555596|4965135872.00|-2.01|7.48|-3.63|64.20|59.99|65.80|59.00|78.56|61.22|66591050|4176935424.00|1|0.0000|0.0000|0.0000|0|61.22
ST合纵|300477|1.20|69214150|166810032.00|-2.01|2.41|-10.84|2.52|2.44|2.55|2.22|69.21|2.49|62073534|154690416.00|1|0.0000|0.0000|0.0000|0|2.49
杭州高新|300478|3.91|8106764|79418024.00|-2.20|5.31|-10.82|10.37|9.76|10.51|8.90|8.11|9.98|6716436|67205488.00|1|0.0000|0.0000|0.0000|0|9.98
神思电子|300479|5.03|11474427|205594352.00|-1.19|6.50|-7.12|18.59|17.49|18.85|16.44|11.47|17.70|11094151|198161920.00|1|0.0000|0.0000|0.0000|0|17.70
光力科技|300480|5.51|11349518|130171664.00|-0.96|6.91|-8.92|12.06|11.32|12.22|10.41|11.35|11.43|10080539|116752552.00|1|0.0000|0.0000|0.0000|0|11.43
濮阳惠成|300481|1.56|7571900|95716232.00|-2.57|2.49|-7.00|13.05|12.52|13.17|11.95|7.57|12.85|8258300|106558848.00|1|0.0000|0.0000|0.0000|0|12.85
万孚生物|300482|0.92|8767262|177951312.00|-1.55|1.50|-5.67|20.81|20.30|20.93|19.45|8.77|20.62|9855096|202730320.00|1|0.0000|0.0000|0.0000|0|20.62
首华燃气|300483|4.20|8044160|57091004.00|-0.98|4.76|-6.57|7.45|7.08|7.49|6.68|8.04|7.15|8365100|59904484.00|1|0.0000|0.0000|0.0000|0|7.15
蓝海华腾|300484|4.58|11371500|183384976.00|-2.26|5.38|-10.81|17.12|16.00|17.25|14.60|11.37|16.37|9855800|160618288.00|1|0.0000|0.0000|0.0000|0|16.37
赛升药业|300485|-1.77|36588148|270414048.00|0.00|0.63|-12.36|7.79|7.93|7.98|6.95|36.59|7.93|41114210|324476896.00|1|0.0000|0.0000|0.0000|0|7.93
东杰智能|300486|3.76|17068524|93739208.00|-2.51|5.56|-10.04|5.79|5.44|5.89|5.02|17.07|5.58|14158874|78995472.00|1|0.0000|0.0000|0.0000|0|5.58
蓝晓科技|300487|1.03|5676839|241525840.00|-1.22|2.58|-3.26|43.03|42.07|43.69|41.20|5.68|42.59|6327701|274023008.00|1|0.0000|0.0000|0.0000|0|42.59
恒锋工具|300488|2.09|5260036|147555776.00|-2.33|3.10|-10.84|29.30|28.03|29.59|25.59|5.26|28.70|4957264|142935024.00|1|0.0000|0.0000|0.0000|0|28.70
光智科技|300489|1.58|6521500|273741344.00|-1.23|1.79|-8.48|43.71|42.50|43.80|39.38|6.52|43.03|7129093|298191584.00|1|0.0000|0.0000|0.0000|0|43.03
华自科技|300490|3.70|15200400|102478632.00|-2.22|3.70|-6.81|7.00|6.60|7.00|6.29|15.20|6.75|13198838|89166208.00|1|0.0000|0.0000|0.0000|0|6.75
通合科技|300491|3.61|9357000|138668496.00|-2.27|4.41|-8.16|15.49|14.61|15.61|13.73|9.36|14.95|9795221|147338624.00|1|0.0000|0.0000|0.0000|0|14.95
华图山鼎|300492|4.02|1081400|87775520.00|-2.26|5.55|-4.83|82.35|77.38|83.56|75.35|1.08|79.17|1150572|88918472.00|1|0.0000|0.0000|0.0000|0|79.17
润欣科技|300493|3.33|42841125|733730944.00|-3.33|4.76|-12.17|18.00|16.84|18.25|15.30|42.84|17.42|39790071|690061120.00|1|0.0000|0.0000|0.0000|0|17.42
盛天网络|300494|3.93|19988860|203966816.00|-1.96|5.50|-6.67|10.59|9.99|10.75|9.51|19.99|10.19|19791980|202231488.00|1|0.0000|0.0000|0.0000|0|10.19
中科创达|300496|4.64|19075650|926299840.00|-0.69|5.63|-4.64|49.83|47.29|50.30|45.41|19.08|47.62|21879380|1041959040.00|1|0.0000|0.0000|0.0000|0|47.62
富祥药业|300497|0.83|11188900|78866472.00|-1.94|2.21|-8.16|7.29|7.09|7.39|6.64|11.19|7.23|10564012|76404168.00|1|0.0000|0.0000|0.0000|0|7.23
温氏股份|300498|-1.66|175307589|3145539328.00|0.22|2.88|-3.05|17.75|18.09|18.57|17.50|175.31|18.05|195297381|3414695168.00|1|0.0000|0.0000|0.0000|0|18.05
高澜股份|300499|4.53|28653927|425502272.00|-2.76|6.24|-12.88|15.91|14.80|16.17|13.26|28.65|15.22|31191645|481339680.00|1|0.0000|0.0000|0.0000|0|15.22
启迪设计|300500|4.17|4713220|43686400.00|-0.53|5.35|-7.27|9.74|9.30|9.85|8.67|4.71|9.35|4210060|39333848.00|1|0.0000|0.0000|0.0000|0|9.35
海顺新材|300501|1.88|7774620|101025320.00|-2.33|2.40|-7.73|13.58|13.02|13.65|12.30|7.77|13.33|8868926|117922480.00|1|0.0000|0.0000|0.0000|0|13.33
新易盛|300502|0.06|46094878|3187447296.00|-3.54|1.39|-6.72|70.41|67.88|71.35|65.64|46.09|70.37|61995649|4411911168.00|1|0.0000|0.0000|0.0000|0|70.37
昊志机电|300503|3.92|21761400|424366336.00|-3.52|5.09|-10.29|20.40|18.94|20.63|17.61|21.76|19.63|19880850|390729504.00|1|0.0000|0.0000|0.0000|0|19.63
天邑股份|300504|4.19|6122500|76951568.00|-1.58|4.82|-8.22|13.18|12.45|13.26|11.61|6.12|12.65|5564298|70915456.00|1|0.0000|0.0000|0.0000|0|12.65
川金诺|300505|-1.37|26349495|389267424.00|-2.55|-0.20|-7.78|15.08|14.90|15.26|14.10|26.35|15.29|26203909|388541536.00|1|0.0000|0.0000|0.0000|0|15.29
*ST名家|300506|2.38|9853435|28451284.00|0.68|3.40|-8.50|3.01|2.96|3.04|2.69|9.85|2.94|8410435|24333466.00|1|0.0000|0.0000|0.0000|0|2.94
苏奥传感|300507|3.69|47207585|289860320.00|-2.40|4.81|-10.58|6.47|6.09|6.54|5.58|47.21|6.24|43175645|271073184.00|1|0.0000|0.0000|0.0000|0|6.24
维宏股份|300508|2.83|4034980|106798648.00|-2.38|4.42|-9.93|27.66|26.26|28.09|24.23|4.03|26.90|3582140|95933368.00|1|0.0000|0.0000|0.0000|0|26.90
新美星|300509|1.98|11277499|71489544.00|-0.61|3.35|-11.72|6.70|6.53|6.79|5.80|11.28|6.57|11304041|73872264.00|1|0.0000|0.0000|0.0000|0|6.57
金冠股份|300510|2.99|37267800|134783760.00|-1.36|4.35|-9.24|3.79|3.63|3.84|3.34|37.27|3.68|32326040|119686904.00|1|0.0000|0.0000|0.0000|0|3.68
雪榕生物|300511|3.18|167598055|948441664.00|2.80|14.95|-3.18|5.52|5.50|6.15|5.18|167.60|5.35|91650168|462175040.00|1|0.0000|0.0000|0.0000|0|5.35
中亚股份|300512|2.50|8050133|50122580.00|-1.25|3.12|-10.14|6.57|6.33|6.61|5.76|8.05|6.41|6408000|41094544.00|1|0.0000|0.0000|0.0000|0|6.41
恒实科技|300513|3.88|13505000|92883152.00|-1.44|4.75|-8.06|7.22|6.85|7.28|6.39|13.51|6.95|11622273|81214192.00|1|0.0000|0.0000|0.0000|0|6.95
友讯达|300514|2.19|8993700|117334648.00|-2.49|2.86|-8.14|13.56|12.94|13.65|12.19|8.99|13.27|9215405|122183928.00|1|0.0000|0.0000|0.0000|0|13.27
三德科技|300515|3.04|9015100|121731344.00|-2.03|4.13|-10.36|14.22|13.52|14.37|12.37|9.02|13.80|9302964|129672336.00|1|0.0000|0.0000|0.0000|0|13.80
久之洋|300516|11.92|6968850|215685120.00|-3.19|16.33|-4.21|31.93|27.62|33.19|27.33|6.97|28.53|3393850|96731152.00|1|0.0000|0.0000|0.0000|0|28.53
海波重科|300517|5.52|5716540|47483492.00|-1.32|7.20|-7.92|8.79|8.22|8.93|7.67|5.72|8.33|4175380|34582476.00|1|0.0000|0.0000|0.0000|0|8.33
新迅达|300518|4.98|5262237|43288448.00|-1.94|5.58|-7.77|8.65|8.08|8.70|7.60|5.26|8.24|5880557|48322304.00|1|0.0000|0.0000|0.0000|0|8.24
新光药业|300519|1.13|5333500|63383220.00|-2.02|2.75|-9.88|12.49|12.10|12.69|11.13|5.33|12.35|4832000|59247128.00|1|0.0000|0.0000|0.0000|0|12.35
科大国创|300520|5.13|21319950|431827616.00|-1.89|6.13|-8.72|21.09|19.68|21.29|18.31|21.32|20.06|18636918|375701472.00|1|0.0000|0.0000|0.0000|0|20.06
爱司凯|300521|1.36|5616760|105822864.00|-1.88|2.62|-8.90|19.36|18.74|19.60|17.40|5.62|19.10|5753440|109177424.00|1|0.0000|0.0000|0.0000|0|19.10
世名科技|300522|2.51|10247870|124137008.00|-1.87|4.22|-9.33|12.64|12.10|12.85|11.18|10.25|12.33|7991360|97253544.00|1|0.0000|0.0000|0.0000|0|12.33
辰安科技|300523|1.04|6276157|112517792.00|-1.15|2.08|-8.74|18.49|18.09|18.68|16.70|6.28|18.30|6204255|113869056.00|1|0.0000|0.0000|0.0000|0|18.30
博思软件|300525|1.96|30595812|438506208.00|-1.89|4.14|-7.08|14.54|13.99|14.85|13.25|30.60|14.26|29987932|424628864.00|1|0.0000|0.0000|0.0000|0|14.26
ST应急|300527|20.00|60869413|478975584.00|0.43|20.00|0.00|8.28|6.93|8.28|6.90|60.87|6.90|25593140|175883600.00|1|0.0000|0.0000|0.0000|0|6.90
幸福蓝海|300528|1.95|11280195|79355488.00|-1.39|3.21|-8.23|7.31|7.07|7.40|6.58|11.28|7.17|11119900|79263432.00|1|0.0000|0.0000|0.0000|0|7.17
健帆生物|300529|-0.25|8328825|197115632.00|-1.96|0.71|-4.17|23.92|23.51|24.15|22.98|8.33|23.98|10915491|260166240.00|1|0.0000|0.0000|0.0000|0|23.98
领湃科技|300530|2.28|6440100|125933200.00|-2.02|3.49|-7.74|20.22|19.37|20.46|18.24|6.44|19.77|7347225|146860464.00|1|0.0000|0.0000|0.0000|0|19.77
优博讯|300531|6.19|9895600|111364648.00|-1.26|9.78|-7.72|11.83|11.00|12.23|10.28|9.90|11.14|7604000|84458688.00|1|0.0000|0.0000|0.0000|0|11.14
今天国际|300532|2.69|14543177|150631680.00|-1.44|3.75|-6.15|10.68|10.25|10.79|9.76|14.54|10.40|12406264|128373936.00|1|0.0000|0.0000|0.0000|0|10.40
冰川网络|300533|2.72|9692500|218670144.00|-1.97|3.11|-8.37|23.44|22.37|23.53|20.91|9.69|22.82|11911925|264878160.00|1|0.0000|0.0000|0.0000|0|22.82
陇神戎发|300534|-1.55|38922991|332820064.00|-3.54|0.66|-13.38|8.90|8.72|9.10|7.83|38.92|9.04|37836057|332447584.00|1|0.0000|0.0000|0.0000|0|9.04
达威股份|300535|2.50|3297467|41287552.00|-2.19|3.52|-8.53|13.10|12.50|13.23|11.69|3.30|12.78|3160241|40253064.00|1|0.0000|0.0000|0.0000|0|12.78
农尚环境|300536|3.00|7310300|58892152.00|-0.63|4.63|-4.63|8.23|7.94|8.36|7.62|7.31|7.99|6462500|51783204.00|1|0.0000|0.0000|0.0000|0|7.99
广信材料|300537|3.79|12507800|197228960.00|-2.02|4.86|-8.78|16.43|15.51|16.60|14.44|12.51|15.83|10764500|169429264.00|1|0.0000|0.0000|0.0000|0|15.83
同益股份|300538|2.24|7350755|92046888.00|-1.54|3.32|-9.96|13.24|12.75|13.38|11.66|7.35|12.95|6673300|86718112.00|1|0.0000|0.0000|0.0000|0|12.95
横河精密|300539|3.27|9562255|108715376.00|-2.07|4.31|-11.02|11.99|11.37|12.11|10.33|9.56|11.61|10554500|122983376.00|1|0.0000|0.0000|0.0000|0|11.61
蜀道装备|300540|2.81|3844209|76294792.00|-1.56|3.87|-6.48|20.48|19.61|20.69|18.63|3.84|19.92|4338479|86800992.00|1|0.0000|0.0000|0.0000|0|19.92
先进数通|300541|4.37|33862304|372569760.00|-1.55|5.56|-8.20|11.46|10.81|11.59|10.08|33.86|10.98|30088941|327335616.00|1|0.0000|0.0000|0.0000|0|10.98
新晨科技|300542|-19.68|14647954|218383664.00|-5.79|-4.69|-20.02|13.88|16.28|16.47|13.82|14.65|17.28|9816100|170111520.00|0|0.0000|0.0000|0.0000|0|17.28
朗科智能|300543|2.42|19905546|176132960.00|-3.30|3.52|-11.11|9.31|8.79|9.41|8.08|19.91|9.09|16632553|151606416.00|1|0.0000|0.0000|0.0000|0|9.09
联得装备|300545|1.80|8458800|215109280.00|-3.37|3.40|-10.56|26.61|25.26|27.03|23.38|8.46|26.14|8418174|220442912.00|1|0.0000|0.0000|0.0000|0|26.14
雄帝科技|300546|5.30|8584270|125685200.00|-0.88|6.32|-9.44|15.50|14.59|15.65|13.33|8.58|14.72|6979020|103332288.00|1|0.0000|0.0000|0.0000|0|14.72
川环科技|300547|3.00|16123278|420850784.00|-1.60|4.26|-10.37|27.11|25.90|27.44|23.59|16.12|26.32|14756373|390282720.00|1|0.0000|0.0000|0.0000|0|26.32
长芯博创|300548|2.15|18994949|555288768.00|-2.08|3.45|-11.00|30.46|29.20|30.85|26.54|18.99|29.82|18505804|548611072.00|1|0.0000|0.0000|0.0000|0|29.82
优德精密|300549|2.44|10523500|158629312.00|-3.78|3.53|-13.33|15.98|15.01|16.15|13.52|10.52|15.60|11207790|176806144.00|1|0.0000|0.0000|0.0000|0|15.60
和仁科技|300550|1.89|3872171|42169400.00|-2.61|3.07|-7.12|11.30|10.80|11.43|10.30|3.87|11.09|4689579|51694784.00|1|0.0000|0.0000|0.0000|0|11.09
古鳌科技|300551|4.39|16276570|124955768.00|0.26|5.17|-8.40|8.08|7.76|8.14|7.09|16.28|7.74|14947360|115420456.00|1|0.0000|0.0000|0.0000|0|7.74
万集科技|300552|1.15|7431687|175350528.00|-1.64|2.34|-11.31|24.68|24.00|24.97|21.64|7.43|24.40|6387034|155153744.00|1|0.0000|0.0000|0.0000|0|24.40
集智股份|300553|6.38|5669150|208005488.00|-3.00|7.63|-12.86|39.04|35.60|39.50|31.98|5.67|36.70|6773603|249221264.00|1|0.0000|0.0000|0.0000|0|36.70
三超新材|300554|4.57|4732700|81225104.00|-2.52|8.31|-9.25|17.86|16.65|18.50|15.50|4.73|17.08|3519718|60277416.00|1|0.0000|0.0000|0.0000|0|17.08
ST路通|300555|1.42|3897800|32322936.00|-2.02|2.49|-7.71|8.55|8.26|8.64|7.78|3.90|8.43|4666000|39290028.00|1|0.0000|0.0000|0.0000|0|8.43
丝路视觉|300556|4.19|6731273|105438264.00|-1.72|4.83|-7.81|16.40|15.47|16.50|14.51|6.73|15.74|7114747|112398688.00|1|0.0000|0.0000|0.0000|0|15.74
理工光科|300557|3.30|3368509|90743440.00|-1.72|4.29|-7.95|28.20|26.83|28.47|25.13|3.37|27.30|2772380|76289464.00|1|0.0000|0.0000|0.0000|0|27.30
贝达药业|300558|-6.15|11284022|551153920.00|-2.02|-1.04|-9.51|48.85|51.00|51.51|47.10|11.28|52.05|11157006|579690240.00|1|0.0000|0.0000|0.0000|0|52.05
佳发教育|300559|2.87|9458658|88723080.00|-0.32|4.36|-6.48|9.68|9.38|9.82|8.80|9.46|9.41|10764017|101455968.00|1|0.0000|0.0000|0.0000|0|9.41
中富通|300560|5.01|9701340|102079304.00|-1.04|5.77|-8.89|11.10|10.46|11.18|9.63|9.70|10.57|9285620|98360824.00|1|0.0000|0.0000|0.0000|0|10.57
*ST汇科|300561|-0.22|43604151|755580800.00|-1.22|2.10|-17.13|18.06|17.88|18.48|15.00|43.60|18.10|50141744|895864704.00|1|0.0000|0.0000|0.0000|0|18.10
乐心医疗|300562|0.00|19521000|234521984.00|-2.29|1.19|-13.04|12.65|12.36|12.80|11.00|19.52|12.65|20050320|253025456.00|1|0.0000|0.0000|0.0000|0|12.65
神宇股份|300563|4.95|11675150|357586208.00|-1.39|5.79|-10.44|32.46|30.50|32.72|27.70|11.68|30.93|10452840|320543616.00|1|0.0000|0.0000|0.0000|0|30.93
筑博设计|300564|3.92|4609760|48801724.00|-1.49|5.97|-7.65|11.14|10.56|11.36|9.90|4.61|10.72|3896060|41037016.00|1|0.0000|0.0000|0.0000|0|10.72
科信技术|300565|2.93|15848130|148525584.00|-1.78|3.77|-10.25|9.84|9.39|9.92|8.58|15.85|9.56|11922050|113965240.00|1|0.0000|0.0000|0.0000|0|9.56
激智科技|300566|2.75|11805200|185880496.00|-1.69|3.50|-8.86|16.46|15.75|16.58|14.60|11.81|16.02|10919553|174870352.00|1|0.0000|0.0000|0.0000|0|16.02
精测电子|300567|2.70|9641971|571312512.00|-2.70|3.63|-6.82|60.80|57.60|61.35|55.16|9.64|59.20|10075975|600044544.00|1|0.0000|0.0000|0.0000|0|59.20
星源材质|300568|1.87|43138194|365629312.00|-2.69|2.92|-6.32|8.71|8.32|8.80|8.01|43.14|8.55|51985452|445623168.00|1|0.0000|0.0000|0.0000|0|8.55
天能重工|300569|4.76|59333475|249959008.00|-1.67|5.00|-7.62|4.40|4.13|4.41|3.88|59.33|4.20|56619434|239438576.00|1|0.0000|0.0000|0.0000|0|4.20
太辰光|300570|0.10|18281012|1097489536.00|-4.75|2.27|-11.85|62.10|59.09|63.45|54.69|18.28|62.04|18624372|1150490880.00|1|0.0000|0.0000|0.0000|0|62.04
平治信息|300571|3.87|7499600|189159040.00|-3.28|5.61|-9.95|26.31|24.50|26.75|22.81|7.50|25.33|6345600|161622336.00|1|0.0000|0.0000|0.0000|0|25.33
安车检测|300572|9.15|9249394|156787552.00|-2.68|9.45|-3.66|17.90|15.96|17.95|15.80|9.25|16.40|5707940|91783944.00|1|0.0000|0.0000|0.0000|0|16.40
兴齐眼药|300573|2.46|7032932|492362912.00|-1.21|3.20|-5.40|71.98|69.40|72.50|66.46|7.03|70.25|8085194|571653952.00|1|0.0000|0.0000|0.0000|0|70.25
中旗股份|300575|0.51|18969838|107972144.00|-1.19|1.53|-9.51|5.92|5.82|5.98|5.33|18.97|5.89|17598078|103754176.00|1|0.0000|0.0000|0.0000|0|5.89
容大感光|300576|3.92|12120926|478654176.00|-1.48|4.71|-7.37|40.60|38.49|40.91|36.19|12.12|39.07|9996357|389981728.00|1|0.0000|0.0000|0.0000|0|39.07
开润股份|300577|0.17|4873127|80298456.00|-1.98|0.99|-11.53|17.21|16.84|17.35|15.20|4.87|17.18|6246064|106895528.00|1|0.0000|0.0000|0.0000|0|17.18
会畅科技|300578|3.30|6187499|96259664.00|-3.24|4.32|-8.83|16.26|15.23|16.42|14.35|6.19|15.74|6150500|96582792.00|1|0.0000|0.0000|0.0000|0|15.74
数字认证|300579|2.39|6851950|171582128.00|-0.99|3.82|-6.52|25.74|24.89|26.10|23.50|6.85|25.14|6794713|170121888.00|1|0.0000|0.0000|0.0000|0|25.14
贝斯特|300580|1.93|25374579|581173760.00|-2.49|3.39|-10.65|23.73|22.70|24.07|20.80|25.37|23.28|24678797|574207808.00|1|0.0000|0.0000|0.0000|0|23.28
晨曦航空|300581|20.02|31377166|302214208.00|-1.53|20.02|-2.12|10.19|8.36|10.19|8.31|31.38|8.49|15410486|129995720.00|1|0.0000|0.0000|0.0000|0|8.49
英飞特|300582|4.67|10604490|107229976.00|-2.92|6.13|-12.27|10.75|9.97|10.90|9.01|10.60|10.27|9305250|96682728.00|1|0.0000|0.0000|0.0000|0|10.27
赛托生物|300583|2.32|5237000|94051624.00|-0.11|3.72|-11.97|18.98|18.53|19.24|16.33|5.24|18.55|5922080|111566464.00|1|0.0000|0.0000|0.0000|0|18.55
海辰药业|300584|0.65|4755650|78476848.00|-0.70|1.76|-8.86|17.16|16.93|17.35|15.54|4.76|17.05|4643226|79755888.00|1|0.0000|0.0000|0.0000|0|17.05
奥联电子|300585|3.26|7561788|86167600.00|-2.83|4.29|-11.24|12.03|11.32|12.15|10.34|7.56|11.65|7296400|84993304.00|1|0.0000|0.0000|0.0000|0|11.65
美联新材|300586|2.62|18484130|138863200.00|-1.05|3.41|-6.29|7.83|7.55|7.89|7.15|18.48|7.63|18949034|144010096.00|1|0.0000|0.0000|0.0000|0|7.63
天铁科技|300587|6.26|53743440|240026688.00|-0.67|6.94|-8.50|4.75|4.44|4.78|4.09|53.74|4.47|50713002|224739040.00|1|0.0000|0.0000|0.0000|0|4.47
熙菱信息|300588|4.39|8551640|86373368.00|-0.58|5.26|-9.26|10.71|10.20|10.80|9.31|8.55|10.26|7247500|74258840.00|1|0.0000|0.0000|0.0000|0|10.26
江龙船艇|300589|13.64|31446996|360292800.00|-1.52|15.06|-3.60|12.00|10.40|12.15|10.18|31.45|10.56|18677232|196809568.00|1|0.0000|0.0000|0.0000|0|10.56
移为通信|300590|3.13|15565490|172180032.00|-1.88|4.21|-8.59|11.52|10.96|11.64|10.21|15.57|11.17|14646275|165195952.00|1|0.0000|0.0000|0.0000|0|11.17
万里马|300591|6.33|37525230|142947984.00|-2.64|7.65|-9.76|4.03|3.69|4.08|3.42|37.53|3.79|27618470|105462680.00|1|0.0000|0.0000|0.0000|0|3.79
华凯易佰|300592|4.33|10030036|102319336.00|-1.57|4.92|-7.58|10.60|10.00|10.66|9.39|10.03|10.16|10610851|107071904.00|1|0.0000|0.0000|0.0000|0|10.16
新雷能|300593|7.74|21329674|281636576.00|-1.26|9.72|-5.37|13.64|12.50|13.89|11.98|21.33|12.66|18861965|238733232.00|1|0.0000|0.0000|0.0000|0|12.66
朗进科技|300594|5.09|3000700|42842476.00|-2.83|5.59|-7.85|14.86|13.74|14.93|13.03|3.00|14.14|2527500|35865004.00|1|0.0000|0.0000|0.0000|0|14.14
欧普康视|300595|1.46|11601710|165692736.00|-1.04|2.08|-4.17|14.60|14.24|14.69|13.79|11.60|14.39|14265599|204238864.00|1|0.0000|0.0000|0.0000|0|14.39
利安隆|300596|-1.41|7723382|193258992.00|-0.98|0.00|-7.03|25.26|25.37|25.62|23.82|7.72|25.62|6325850|161591568.00|1|0.0000|0.0000|0.0000|0|25.62
吉大通信|300597|3.67|9805033|73780240.00|-1.57|4.72|-9.84|7.90|7.50|7.98|6.87|9.81|7.62|8955100|68375584.00|1|0.0000|0.0000|0.0000|0|7.62
诚迈科技|300598|6.91|11981901|516259552.00|-1.89|7.98|-3.29|44.22|40.58|44.66|40.00|11.98|41.36|8889303|362750720.00|1|0.0000|0.0000|0.0000|0|41.36
雄塑科技|300599|1.27|8786100|54287472.00|2.85|4.43|-7.59|6.40|6.50|6.60|5.84|8.79|6.32|7341700|45341432.00|1|0.0000|0.0000|0.0000|0|6.32
国瑞科技|300600|5.53|5609377|42129412.00|-0.69|7.88|-1.52|7.63|7.18|7.80|7.12|5.61|7.23|4003353|28971086.00|1|0.0000|0.0000|0.0000|0|7.23
康泰生物|300601|0.00|16973472|239174704.00|-1.95|0.84|-5.57|14.35|14.07|14.47|13.55|16.97|14.35|22860660|324253120.00|1|0.0000|0.0000|0.0000|0|14.35
飞荣达|300602|2.12|17594638|296981664.00|-2.64|3.11|-8.40|17.38|16.57|17.55|15.59|17.59|17.02|16477147|281772544.00|1|0.0000|0.0000|0.0000|0|17.02
立昂技术|300603|4.99|31714401|309582400.00|-1.83|5.80|-8.96|10.31|9.64|10.39|8.94|31.71|9.82|27730869|271450784.00|1|0.0000|0.0000|0.0000|0|9.82
长川科技|300604|5.01|25902225|998144192.00|-1.93|5.70|-5.88|39.62|37.00|39.88|35.51|25.90|37.73|19501636|735678528.00|1|0.0000|0.0000|0.0000|0|37.73
恒锋信息|300605|3.74|7418074|82571976.00|1.07|4.63|-9.09|11.64|11.34|11.74|10.20|7.42|11.22|7114716|79691008.00|1|0.0000|0.0000|0.0000|0|11.22
金太阳|300606|3.34|4768700|71165240.00|0.00|4.74|-8.08|15.48|14.98|15.69|13.77|4.77|14.98|4513859|67300296.00|1|0.0000|0.0000|0.0000|0|14.98
拓斯达|300607|7.48|36305508|879819264.00|-2.17|9.28|-9.70|25.71|23.40|26.14|21.60|36.31|23.92|27830958|665651648.00|1|0.0000|0.0000|0.0000|0|23.92
思特奇|300608|3.25|19196732|186062560.00|-2.44|3.76|-8.63|10.17|9.61|10.22|9.00|19.20|9.85|17476225|172100128.00|1|0.0000|0.0000|0.0000|0|9.85
汇纳科技|300609|2.03|4361570|101683160.00|-2.20|3.43|-8.43|24.08|23.08|24.41|21.61|4.36|23.60|4272000|100321256.00|1|0.0000|0.0000|0.0000|0|23.60
晨化股份|300610|2.26|8977500|77451296.00|-0.34|3.16|-9.37|9.06|8.83|9.14|8.03|8.98|8.86|8731540|77813096.00|1|0.0000|0.0000|0.0000|0|8.86
美力科技|300611|3.81|35503200|863987456.00|-1.88|5.28|-9.98|25.37|23.98|25.73|22.00|35.50|24.44|40315301|987392384.00|1|0.0000|0.0000|0.0000|0|24.44
宣亚国际|300612|4.39|11314400|134690208.00|-1.99|6.04|-10.35|12.61|11.84|12.81|10.83|11.31|12.08|8650932|104563496.00|1|0.0000|0.0000|0.0000|0|12.08
富瀚微|300613|2.81|8387831|394824512.00|-1.31|4.96|-6.38|47.87|45.95|48.87|43.59|8.39|46.56|9080563|423007232.00|1|0.0000|0.0000|0.0000|0|46.56
百川畅银|300614|4.61|4335100|42809296.00|0.30|4.81|-7.32|10.43|10.00|10.45|9.24|4.34|9.97|4744100|47580348.00|1|0.0000|0.0000|0.0000|0|9.97
欣天科技|300615|2.85|7554634|74401752.00|-3.44|3.54|-11.10|10.47|9.83|10.54|9.05|7.55|10.18|6457800|65740892.00|1|0.0000|0.0000|0.0000|0|10.18
尚品宅配|300616|2.27|6271719|67449624.00|-3.27|2.82|-8.64|11.25|10.64|11.31|10.05|6.27|11.00|6289500|68199328.00|1|0.0000|0.0000|0.0000|0|11.00
安靠智电|300617|2.43|2608800|65102228.00|-0.24|3.74|-7.21|25.72|25.05|26.05|23.30|2.61|25.11|2872500|71779432.00|1|0.0000|0.0000|0.0000|0|25.11
寒锐钴业|300618|3.06|11463500|337523936.00|-0.67|4.34|-7.47|30.61|29.50|30.99|27.48|11.46|29.70|12152354|360986496.00|1|0.0000|0.0000|0.0000|0|29.70
金银河|300619|1.75|4359197|95141424.00|-1.80|3.23|-9.74|22.66|21.87|22.99|20.10|4.36|22.27|3693077|82808184.00|1|0.0000|0.0000|0.0000|0|22.27
光库科技|300620|2.05|7497490|269241696.00|-1.05|3.40|-7.60|36.92|35.80|37.41|33.43|7.50|36.18|7131071|257065664.00|1|0.0000|0.0000|0.0000|0|36.18
维业股份|300621|5.62|7459900|54475200.00|-1.37|6.45|-8.09|7.70|7.19|7.76|6.70|7.46|7.29|6700700|48807724.00|1|0.0000|0.0000|0.0000|0|7.29
博士眼镜|300622|2.33|13424499|476770688.00|-0.80|4.10|-11.03|36.93|35.80|37.57|32.11|13.42|36.09|11959773|427380384.00|1|0.0000|0.0000|0.0000|0|36.09
捷捷微电|300623|5.22|32991150|911446336.00|-0.71|8.84|-6.34|28.20|26.61|29.17|25.10|32.99|26.80|30599303|823558336.00|1|0.0000|0.0000|0.0000|0|26.80
万兴科技|300624|3.63|9890313|505624256.00|-2.16|4.18|-6.25|52.75|49.80|53.03|47.72|9.89|50.90|9773951|497018080.00|1|0.0000|0.0000|0.0000|0|50.90
三雄极光|300625|1.64|2628598|26781318.00|-1.84|2.32|-5.90|10.51|10.15|10.58|9.73|2.63|10.34|3178400|32252726.00|1|0.0000|0.0000|0.0000|0|10.34
华瑞股份|300626|3.23|8272660|64838880.00|-2.98|4.10|-11.68|8.31|7.81|8.38|7.11|8.27|8.05|7734580|62394224.00|1|0.0000|0.0000|0.0000|0|8.05
华测导航|300627|4.73|12740829|499825344.00|0.27|8.61|-1.14|39.41|37.73|40.87|37.20|12.74|37.63|8478490|319570752.00|1|0.0000|0.0000|0.0000|0|37.63
亿联网络|300628|-1.36|10986907|368043808.00|-1.86|1.57|-3.28|33.37|33.20|34.36|32.72|10.99|33.83|14563227|496583904.00|1|0.0000|0.0000|0.0000|0|33.83
新劲刚|300629|7.51|14463220|259068416.00|-1.79|8.49|-5.20|18.61|17.00|18.78|16.41|14.46|17.31|10582197|182101856.00|1|0.0000|0.0000|0.0000|0|17.31
久吾高科|300631|1.86|3490600|64432096.00|-1.75|2.60|-7.59|19.18|18.50|19.32|17.40|3.49|18.83|4105800|76873952.00|1|0.0000|0.0000|0.0000|0|18.83
光莆股份|300632|1.87|11295381|111488600.00|-2.85|2.85|-10.93|10.35|9.87|10.45|9.05|11.30|10.16|11777366|119265864.00|1|0.0000|0.0000|0.0000|0|10.16
开立医疗|300633|4.95|5272189|150878096.00|-1.78|6.16|-3.38|29.49|27.60|29.83|27.15|5.27|28.10|8199832|231191216.00|1|0.0000|0.0000|0.0000|0|28.10
彩讯股份|300634|3.82|22842500|482347936.00|-1.70|4.71|-9.05|22.03|20.86|22.22|19.30|22.84|21.22|23884093|504909056.00|1|0.0000|0.0000|0.0000|0|21.22
中达安|300635|3.43|5166600|43042360.00|-1.30|4.14|-8.76|8.74|8.34|8.80|7.71|5.17|8.45|4994000|42348232.00|1|0.0000|0.0000|0.0000|0|8.45
同和药业|300636|-0.72|11220808|75109400.00|-1.45|0.29|-7.80|6.87|6.82|6.94|6.38|11.22|6.92|11183593|77151960.00|1|0.0000|0.0000|0.0000|0|6.92
扬帆新材|300637|3.85|10791700|86171480.00|-1.12|4.96|-9.18|8.37|7.97|8.46|7.32|10.79|8.06|9331450|75991056.00|1|0.0000|0.0000|0.0000|0|8.06
广和通|300638|2.21|52330289|1216050816.00|-2.76|3.35|-9.89|24.08|22.91|24.35|21.23|52.33|23.56|50522047|1194673664.00|1|0.0000|0.0000|0.0000|0|23.56
凯普生物|300639|1.21|10763913|52296044.00|-1.01|1.81|-7.44|5.03|4.92|5.06|4.60|10.76|4.97|10187651|50564492.00|1|0.0000|0.0000|0.0000|0|4.97
德艺文创|300640|4.49|12641400|58470668.00|-1.71|5.56|-8.97|4.89|4.60|4.94|4.26|12.64|4.68|11626960|54022512.00|1|0.0000|0.0000|0.0000|0|4.68
正丹股份|300641|-1.89|46755022|1239186560.00|-1.57|-0.07|-15.71|27.47|27.56|27.98|23.60|46.76|28.00|56733014|1574907904.00|1|0.0000|0.0000|0.0000|0|28.00
透景生命|300642|2.97|4140014|50819084.00|-1.77|3.05|-7.62|12.83|12.24|12.84|11.51|4.14|12.46|4503890|56100604.00|1|0.0000|0.0000|0.0000|0|12.46
万通智控|300643|-1.14|13409136|167592928.00|-2.04|2.95|-12.49|13.06|12.94|13.60|11.56|13.41|13.21|10713400|142399824.00|1|0.0000|0.0000|0.0000|0|13.21
南京聚隆|300644|3.90|5057564|94600648.00|-1.42|5.27|-9.44|19.71|18.70|19.97|17.18|5.06|18.97|4673564|89533784.00|1|0.0000|0.0000|0.0000|0|18.97
正元智慧|300645|4.38|7031350|85507504.00|-0.65|5.03|-8.60|12.87|12.25|12.95|11.27|7.03|12.33|6541600|80788976.00|1|0.0000|0.0000|0.0000|0|12.33
超频三|300647|3.57|19814510|92572368.00|-1.89|4.83|-10.08|4.93|4.67|4.99|4.28|19.81|4.76|14413282|68996096.00|1|0.0000|0.0000|0.0000|0|4.76
星云股份|300648|5.93|6100200|136493344.00|0.28|8.30|-3.52|22.85|21.63|23.36|20.81|6.10|21.57|4065600|88088656.00|1|0.0000|0.0000|0.0000|0|21.57
杭州园林|300649|7.06|5277900|50636400.00|-2.49|8.00|-8.41|10.31|9.39|10.40|8.82|5.28|9.63|4231714|40816120.00|1|0.0000|0.0000|0.0000|0|9.63
太龙股份|300650|3.76|10543130|124244952.00|-2.26|5.02|-8.78|12.41|11.69|12.56|10.91|10.54|11.96|13960830|162544112.00|1|0.0000|0.0000|0.0000|0|11.96
金陵体育|300651|2.85|4732500|54958364.00|-0.92|3.60|-8.21|12.28|11.83|12.37|10.96|4.73|11.94|4299400|50797400.00|1|0.0000|0.0000|0.0000|0|11.94
雷迪克|300652|4.70|7540665|263137648.00|-3.15|8.31|-12.23|36.54|33.80|37.80|30.63|7.54|34.90|7390493|262154048.00|1|0.0000|0.0000|0.0000|0|34.90
正海生物|300653|1.65|3670491|73783712.00|-1.56|1.99|-6.27|20.90|20.24|20.97|19.27|3.67|20.56|3264701|67237432.00|1|0.0000|0.0000|0.0000|0|20.56
世纪天鸿|300654|3.25|16408652|149782064.00|-0.43|4.44|-8.99|9.53|9.19|9.64|8.40|16.41|9.23|18342290|169764272.00|1|0.0000|0.0000|0.0000|0|9.23
晶瑞电材|300655|4.52|42145892|310582208.00|-2.60|4.93|-6.85|7.63|7.11|7.66|6.80|42.15|7.30|35913708|263506704.00|1|0.0000|0.0000|0.0000|0|7.30
民德电子|300656|3.65|3025662|61385588.00|0.05|4.40|-4.50|20.73|20.01|20.88|19.10|3.03|20.00|3399184|68258600.00|1|0.0000|0.0000|0.0000|0|20.00
弘信电子|300657|2.00|57038107|1518829568.00|-1.78|3.56|-9.91|27.49|26.47|27.91|24.28|57.04|26.95|54306179|1454772352.00|1|0.0000|0.0000|0.0000|0|26.95
延江股份|300658|1.00|10627600|51210628.00|-2.79|1.99|-10.56|5.07|4.88|5.12|4.49|10.63|5.02|9375660|47165408.00|1|0.0000|0.0000|0.0000|0|5.02
中孚信息|300659|2.82|11849930|152324096.00|-2.29|4.04|-9.53|13.48|12.81|13.64|11.86|11.85|13.11|10515725|138039424.00|1|0.0000|0.0000|0.0000|0|13.11
江苏雷利|300660|5.22|13320337|579967424.00|-2.10|6.35|-9.28|45.56|42.39|46.05|39.28|13.32|43.30|12230124|530605152.00|1|0.0000|0.0000|0.0000|0|43.30
圣邦股份|300661|7.63|21836802|2116943488.00|-2.45|14.80|-2.91|96.57|87.52|103.00|87.11|21.84|89.72|15481183|1400406272.00|1|0.0000|0.0000|0.0000|0|89.72
科锐国际|300662|4.02|7061900|202304880.00|-0.62|4.89|-9.22|30.02|28.68|30.27|26.20|7.06|28.86|7879600|220920496.00|1|0.0000|0.0000|0.0000|0|28.86
科蓝软件|300663|5.96|27659505|376193472.00|-2.01|6.55|-6.85|14.23|13.16|14.31|12.51|27.66|13.43|25153621|339123872.00|1|0.0000|0.0000|0.0000|0|13.43
鹏鹞环保|300664|2.60|13653850|62733728.00|-1.30|3.04|-4.99|4.73|4.55|4.75|4.38|13.65|4.61|14031000|64730544.00|1|0.0000|0.0000|0.0000|0|4.61
飞鹿股份|300665|7.96|10404474|58916088.00|-1.95|7.96|-9.03|6.10|5.54|6.10|5.14|10.40|5.65|9560280|54128272.00|1|0.0000|0.0000|0.0000|0|5.65
江丰电子|300666|2.13|7979425|545485824.00|-2.20|4.52|-4.01|68.71|65.80|70.32|64.58|7.98|67.28|7613868|517669056.00|1|0.0000|0.0000|0.0000|0|67.28
必创科技|300667|4.37|11063475|152337168.00|-2.11|5.53|-7.35|14.34|13.45|14.50|12.73|11.06|13.74|10015075|138738624.00|1|0.0000|0.0000|0.0000|0|13.74
杰恩设计|300668|2.99|1899847|28421802.00|-1.79|4.05|-7.76|15.52|14.80|15.68|13.90|1.90|15.07|2151547|32143480.00|1|0.0000|0.0000|0.0000|0|15.07
沪宁股份|300669|2.89|2087200|39772872.00|-4.33|2.89|-8.71|19.97|18.57|19.97|17.72|2.09|19.41|1354400|25529046.00|1|0.0000|0.0000|0.0000|0|19.41
大烨智能|300670|1.94|9929402|49984660.00|-2.52|2.52|-8.33|5.26|5.03|5.29|4.73|9.93|5.16|9635500|49401776.00|1|0.0000|0.0000|0.0000|0|5.16
富满微|300671|4.61|7709497|191123088.00|-2.88|5.35|-6.09|25.42|23.60|25.60|22.82|7.71|24.30|7040932|171815344.00|1|0.0000|0.0000|0.0000|0|24.30
国科微|300672|4.58|9104297|548509696.00|-1.68|6.10|-6.78|61.70|58.01|62.60|55.00|9.10|59.00|8297422|491927392.00|1|0.0000|0.0000|0.0000|0|59.00
佩蒂股份|300673|-1.55|13804810|180310384.00|-2.29|0.22|-9.02|13.31|13.21|13.55|12.30|13.80|13.52|13830050|182166768.00|1|0.0000|0.0000|0.0000|0|13.52
宇信科技|300674|3.47|36094560|736045056.00|-1.04|4.80|-6.34|20.90|19.99|21.17|18.92|36.09|20.20|39349944|786129024.00|1|0.0000|0.0000|0.0000|0|20.20
建科院|300675|3.94|5361200|67589688.00|-2.36|5.20|-8.19|13.20|12.40|13.36|11.66|5.36|12.70|4246100|53734816.00|1|0.0000|0.0000|0.0000|0|12.70
华大基因|300676|4.70|9844549|463271296.00|-1.39|5.46|-4.16|48.35|45.54|48.70|44.26|9.84|46.18|8355355|386024384.00|1|0.0000|0.0000|0.0000|0|46.18
英科医疗|300677|1.58|12676062|262705616.00|-1.48|2.15|-5.49|21.26|20.62|21.38|19.78|12.68|20.93|14069789|295815712.00|1|0.0000|0.0000|0.0000|0|20.93
中科信息|300678|4.63|12064402|336492512.00|-1.70|5.24|-6.65|28.95|27.20|29.12|25.83|12.06|27.67|12078634|329246912.00|1|0.0000|0.0000|0.0000|0|27.67
电连技术|300679|1.79|6781494|337537696.00|-1.00|3.94|-4.90|50.09|48.72|51.15|46.80|6.78|49.21|10854344|540244288.00|1|0.0000|0.0000|0.0000|0|49.21
隆盛科技|300680|4.15|18279026|577519040.00|-3.58|5.03|-12.03|33.15|30.69|33.43|28.00|18.28|31.83|17005318|541522240.00|1|0.0000|0.0000|0.0000|0|31.83
英搏尔|300681|4.91|16128695|425948000.00|-2.42|6.72|-10.53|27.79|25.85|28.27|23.70|16.13|26.49|12875750|339649120.00|1|0.0000|0.0000|0.0000|0|26.49
朗新集团|300682|1.79|15699553|174317488.00|-1.16|2.77|-6.71|11.38|11.05|11.49|10.43|15.70|11.18|21164225|238360448.00|1|0.0000|0.0000|0.0000|0|11.18
海特生物|300683|1.07|2742000|54958480.00|-2.23|1.75|-7.90|20.85|20.17|20.99|19.00|2.74|20.63|3059537|63716960.00|1|0.0000|0.0000|0.0000|0|20.63
中石科技|300684|1.95|20127360|383044352.00|-4.15|3.35|-14.76|20.37|19.15|20.65|17.03|20.13|19.98|22546736|459947296.00|1|0.0000|0.0000|0.0000|0|19.98
艾德生物|300685|0.39|8561409|172342592.00|-1.46|1.27|-5.46|20.58|20.20|20.76|19.38|8.56|20.50|8188380|167215104.00|1|0.0000|0.0000|0.0000|0|20.50
智动力|300686|5.16|9835239|66686628.00|-1.92|5.90|-9.29|7.13|6.65|7.18|6.15|9.84|6.78|8708039|59544904.00|1|0.0000|0.0000|0.0000|0|6.78
赛意信息|300687|4.23|33836617|855032064.00|-1.72|5.99|-7.90|26.11|24.62|26.55|23.07|33.84|25.05|39042942|972721344.00|1|0.0000|0.0000|0.0000|0|25.05
创业黑马|300688|3.00|9389950|222033808.00|-2.00|4.46|-9.13|24.70|23.50|25.05|21.79|9.39|23.98|8056650|191574016.00|1|0.0000|0.0000|0.0000|0|23.98
澄天伟业|300689|2.03|1559680|39927640.00|-0.38|4.10|-13.46|27.13|26.49|27.68|23.01|1.56|26.59|1313700|34795848.00|1|0.0000|0.0000|0.0000|0|26.59
双一科技|300690|3.30|5871700|101666256.00|-3.24|4.27|-9.50|18.16|17.01|18.33|15.91|5.87|17.58|4657900|82428944.00|1|0.0000|0.0000|0.0000|0|17.58
联合光电|300691|2.77|11385450|176011920.00|-1.64|3.77|-10.75|16.34|15.64|16.50|14.19|11.39|15.90|10346611|165650512.00|1|0.0000|0.0000|0.0000|0|15.90
中环环保|300692|2.16|12490928|68155208.00|-0.72|3.60|-7.93|5.67|5.51|5.75|5.11|12.49|5.55|13059596|72417944.00|1|0.0000|0.0000|0.0000|0|5.55
盛弘股份|300693|3.39|16034797|452280800.00|-2.93|4.98|-8.62|29.28|27.49|29.73|25.88|16.03|28.32|17310466|497612512.00|1|0.0000|0.0000|0.0000|0|28.32
蠡湖股份|300694|2.03|11917950|129610080.00|-3.09|4.77|-11.58|11.54|10.96|11.85|10.00|11.92|11.31|8723941|98807200.00|1|0.0000|0.0000|0.0000|0|11.31
兆丰股份|300695|0.66|2546710|130642832.00|-4.08|1.80|-10.57|53.07|50.57|53.67|47.15|2.55|52.72|2421500|130178456.00|1|0.0000|0.0000|0.0000|0|52.72
爱乐达|300696|20.03|9820316|153999776.00|5.14|20.03|1.32|16.36|14.33|16.36|13.81|9.82|13.63|6719152|92097792.00|1|0.0000|0.0000|0.0000|0|13.63
电工合金|300697|2.72|18412707|232518432.00|-1.55|3.57|-10.40|13.24|12.69|13.35|11.55|18.41|12.89|18046467|232181008.00|1|0.0000|0.0000|0.0000|0|12.89
万马科技|300698|2.85|3446500|109479032.00|-2.79|4.11|-9.06|32.80|31.00|33.20|29.00|3.45|31.89|3113600|98983672.00|1|0.0000|0.0000|0.0000|0|31.89
光威复材|300699|3.93|19297752|542931904.00|-1.68|5.06|-3.20|28.54|27.00|28.85|26.58|19.30|27.46|15578298|429474816.00|1|0.0000|0.0000|0.0000|0|27.46
岱勒新材|300700|20.03|29285583|247596688.00|-3.47|20.03|-4.14|8.99|7.23|8.99|7.18|29.29|7.49|20414000|151693344.00|1|0.0000|0.0000|0.0000|0|7.49
森霸传感|300701|3.26|9325388|78538968.00|-3.02|4.19|-9.42|8.88|8.34|8.96|7.79|9.33|8.60|10007217|86452632.00|1|0.0000|0.0000|0.0000|0|8.60
天宇股份|300702|-2.21|6183319|109133344.00|0.17|1.05|-4.47|17.71|18.14|18.30|17.30|6.18|18.11|6434789|116253072.00|1|0.0000|0.0000|0.0000|0|18.11
创源股份|300703|2.39|9795025|106165184.00|-1.24|4.16|-12.13|11.56|11.15|11.76|9.92|9.80|11.29|8739775|98084824.00|1|0.0000|0.0000|0.0000|0|11.29
九典制药|300705|-1.19|33081209|523672160.00|-2.92|0.24|-14.02|16.56|16.27|16.80|14.41|33.08|16.76|33241526|558128576.00|1|0.0000|0.0000|0.0000|0|16.76
阿石创|300706|5.10|5767000|106700680.00|-1.30|5.59|-7.98|19.36|18.18|19.45|16.95|5.77|18.42|4782900|88091744.00|1|0.0000|0.0000|0.0000|0|18.42
威唐工业|300707|0.61|12640997|157043392.00|-3.92|1.61|-14.07|13.09|12.50|13.22|11.18|12.64|13.01|14641500|189786400.00|1|0.0000|0.0000|0.0000|0|13.01
聚灿光电|300708|3.56|23615409|236865232.00|-1.98|4.35|-8.30|10.48|9.92|10.56|9.28|23.62|10.12|23673389|240245344.00|1|0.0000|0.0000|0.0000|0|10.12
精研科技|300709|0.58|11726043|333035584.00|-3.03|2.04|-11.63|29.57|28.51|30.00|25.98|11.73|29.40|13500167|395390912.00|1|0.0000|0.0000|0.0000|0|29.40
万隆光电|300710|5.91|4287775|65279892.00|-1.79|7.50|-8.49|15.96|14.80|16.20|13.79|4.29|15.07|3102375|47092632.00|1|0.0000|0.0000|0.0000|0|15.07
广哈通信|300711|8.19|9871427|191604512.00|-1.48|9.35|-6.92|20.48|18.65|20.70|17.62|9.87|18.93|8286890|155543808.00|1|0.0000|0.0000|0.0000|0|18.93
永福股份|300712|4.46|2825200|58638176.00|-0.97|4.71|-5.43|21.53|20.41|21.58|19.49|2.83|20.61|3061300|63068304.00|1|0.0000|0.0000|0.0000|0|20.61
英可瑞|300713|4.38|7901591|99776976.00|-2.11|4.85|-9.39|13.34|12.51|13.40|11.58|7.90|12.78|7401146|94761152.00|1|0.0000|0.0000|0.0000|0|12.78
凯伦股份|300715|1.10|9374980|81972056.00|-1.32|2.09|-11.96|9.21|8.99|9.30|8.02|9.37|9.11|9996101|92768008.00|1|0.0000|0.0000|0.0000|0|9.11
ST泉为|300716|2.12|5029250|44426536.00|-1.90|3.46|-7.58|9.16|8.80|9.28|8.29|5.03|8.97|4975450|43900212.00|1|0.0000|0.0000|0.0000|0|8.97
华信新材|300717|2.26|2660400|34515184.00|-1.65|4.14|-8.87|13.60|13.08|13.85|12.12|2.66|13.30|2519335|33358176.00|1|0.0000|0.0000|0.0000|0|13.30
长盛轴承|300718|6.86|27074627|1916394368.00|-0.80|8.72|-7.15|73.25|68.00|74.53|63.65|27.07|68.55|19775210|1342986624.00|1|0.0000|0.0000|0.0000|0|68.55
安达维尔|300719|13.16|16438272|245698528.00|-0.65|14.91|-2.84|15.56|13.66|15.80|13.36|16.44|13.75|7519509|103801528.00|1|0.0000|0.0000|0.0000|0|13.75
海川智能|300720|3.04|6417050|109754896.00|-2.45|4.50|-8.29|17.64|16.70|17.89|15.70|6.42|17.12|5092000|87616384.00|1|0.0000|0.0000|0.0000|0|17.12
怡达股份|300721|-0.91|29983059|393542496.00|-5.88|1.05|-19.47|14.15|13.44|14.43|11.50|29.98|14.28|28509935|406455264.00|1|0.0000|0.0000|0.0000|0|14.28
新余国科|300722|20.00|22855306|637324352.00|-0.82|20.00|-1.15|29.16|24.10|29.16|24.02|22.86|24.30|6889485|167285056.00|1|0.0000|0.0000|0.0000|0|24.30
一品红|300723|-2.23|18446623|478823744.00|-4.03|3.37|-13.15|26.69|26.20|28.22|23.71|18.45|27.30|13487886|374655232.00|1|0.0000|0.0000|0.0000|0|27.30
捷佳伟创|300724|1.56|9187611|473912128.00|-1.73|2.37|-5.71|52.78|51.07|53.20|49.00|9.19|51.97|10623781|552222976.00|1|0.0000|0.0000|0.0000|0|51.97
药石科技|300725|0.70|8860735|256746288.00|-2.75|1.51|-9.25|30.04|29.01|30.28|27.07|8.86|29.83|10086837|303086112.00|1|0.0000|0.0000|0.0000|0|29.83
宏达电子|300726|9.22|17586300|666619392.00|-1.10|12.87|-2.95|38.86|35.19|40.16|34.53|17.59|35.58|15292916|548976320.00|1|0.0000|0.0000|0.0000|0|35.58
润禾材料|300727|3.29|5953294|181393424.00|-4.07|5.42|-9.75|32.00|29.72|32.66|27.96|5.95|30.98|5553829|171430224.00|1|0.0000|0.0000|0.0000|0|30.98
乐歌股份|300729|0.50|8926442|104442400.00|-3.07|0.58|-8.86|12.13|11.70|12.14|11.00|8.93|12.07|9893121|117763800.00|1|0.0000|0.0000|0.0000|0|12.07
科创信息|300730|5.81|12585900|136077984.00|-2.15|6.93|-9.18|11.30|10.45|11.42|9.70|12.59|10.68|9393225|100689624.00|1|0.0000|0.0000|0.0000|0|10.68
科创新源|300731|5.37|10705200|216098720.00|-1.28|6.65|-12.85|21.40|20.05|21.66|17.70|10.71|20.31|8772160|179625632.00|1|0.0000|0.0000|0.0000|0|20.31
设研院|300732|3.67|9964718|56644852.00|-2.62|4.90|-8.39|5.93|5.57|6.00|5.24|9.96|5.72|8395002|48171540.00|1|0.0000|0.0000|0.0000|0|5.72
西菱动力|300733|4.79|15110500|203998384.00|-4.28|5.87|-13.56|14.45|13.20|14.60|11.92|15.11|13.79|9665580|129887904.00|1|0.0000|0.0000|0.0000|0|13.79
光弘科技|300735|3.09|26724805|607708864.00|-2.07|4.10|-6.97|23.38|22.21|23.61|21.10|26.72|22.68|30580756|689589120.00|1|0.0000|0.0000|0.0000|0|22.68
百邦科技|300736|7.11|12245813|95238456.00|-3.16|8.96|-6.32|8.13|7.35|8.27|7.11|12.25|7.59|9463539|69851976.00|1|0.0000|0.0000|0.0000|0|7.59
科顺股份|300737|2.68|19203760|85598960.00|-0.89|3.58|-6.71|4.59|4.43|4.63|4.17|19.20|4.47|18439131|81989392.00|1|0.0000|0.0000|0.0000|0|4.47
奥飞数据|300738|4.11|104404111|2076939904.00|-4.11|6.39|-13.48|21.01|19.35|21.47|17.46|104.40|20.18|89856261|1828104448.00|1|0.0000|0.0000|0.0000|0|20.18
明阳电路|300739|3.81|10911896|116424936.00|-3.16|4.74|-8.64|11.17|10.42|11.27|9.83|10.91|10.76|10121269|109302224.00|1|0.0000|0.0000|0.0000|0|10.76
水羊股份|300740|4.51|9363537|97501432.00|-1.73|5.18|-6.23|10.90|10.25|10.97|9.78|9.36|10.43|8119604|84362464.00|1|0.0000|0.0000|0.0000|0|10.43
华宝股份|300741|0.52|2766900|41478644.00|-1.11|0.92|-5.11|15.34|15.09|15.40|14.48|2.77|15.26|3807400|57390960.00|1|0.0000|0.0000|0.0000|0|15.26
天地数码|300743|0.68|6539123|83543416.00|-1.89|1.21|-9.98|13.31|12.97|13.38|11.90|6.54|13.22|5876421|77569240.00|1|0.0000|0.0000|0.0000|0|13.22
欣锐科技|300745|3.60|7290688|109533032.00|-4.32|5.37|-10.01|15.83|14.62|16.10|13.75|7.29|15.28|6694152|102755552.00|1|0.0000|0.0000|0.0000|0|15.28
汉嘉设计|300746|3.44|6932100|69753688.00|-0.10|4.13|-8.45|10.53|10.17|10.60|9.32|6.93|10.18|7417000|74761960.00|1|0.0000|0.0000|0.0000|0|10.18
锐科激光|300747|3.35|14440783|252205104.00|-1.79|4.45|-5.72|17.89|17.00|18.08|16.32|14.44|17.31|14744245|256277776.00|1|0.0000|0.0000|0.0000|0|17.31
金力永磁|300748|0.19|98507297|2090442880.00|-1.75|2.88|-3.82|21.22|20.81|21.79|20.37|98.51|21.18|104596980|2123749632.00|1|0.0000|0.0000|0.0000|0|21.18
顶固集创|300749|4.43|19113437|139347824.00|-1.39|4.43|-6.09|7.54|7.12|7.54|6.78|19.11|7.22|12898840|93269080.00|1|0.0000|0.0000|0.0000|0|7.22
宁德时代|300750|-3.50|53602339|11459705856.00|-2.80|-0.14|-4.09|211.39|212.92|218.75|210.09|53.60|219.05|47659421|10471952384.00|1|0.0000|0.0000|0.0000|0|219.05
迈为股份|300751|0.82|5127348|358679616.00|-1.49|1.70|-5.02|71.13|69.50|71.75|67.01|5.13|70.55|5321964|379896384.00|1|0.0000|0.0000|0.0000|0|70.55
隆利科技|300752|1.20|6784128|110700072.00|-0.60|2.15|-9.28|16.91|16.61|17.07|15.16|6.78|16.71|6314727|105443512.00|1|0.0000|0.0000|0.0000|0|16.71
爱朋医疗|300753|2.16|12354366|231229648.00|-2.46|4.16|-13.35|19.90|19.00|20.29|16.88|12.35|19.48|10933500|213111840.00|1|0.0000|0.0000|0.0000|0|19.48
华致酒行|300755|5.06|6889420|103885496.00|-1.53|5.53|-5.39|15.78|14.79|15.85|14.21|6.89|15.02|8050226|120322008.00|1|0.0000|0.0000|0.0000|0|15.02
金马游乐|300756|9.88|8702162|141731328.00|-2.50|10.78|-4.94|17.13|15.20|17.27|14.82|8.70|15.59|4713444|72176776.00|1|0.0000|0.0000|0.0000|0|15.59
罗博特科|300757|-0.14|6955360|955994240.00|-3.25|1.24|-15.25|144.50|140.00|146.50|122.64|6.96|144.70|5343629|778356032.00|1|0.0000|0.0000|0.0000|0|144.70
七彩化学|300758|4.02|57981361|772860416.00|-4.95|4.02|-16.07|14.50|13.25|14.50|11.70|57.98|13.94|46921060|648228992.00|1|0.0000|0.0000|0.0000|0|13.94
康龙化成|300759|-1.76|38523309|834427200.00|-5.60|-1.37|-9.70|22.27|21.40|22.36|20.47|38.52|22.67|37676558|853494080.00|1|0.0000|0.0000|0.0000|0|22.67
迈瑞医疗|300760|-0.16|9185788|1957556608.00|-1.20|0.41|-2.11|213.76|211.53|214.98|209.60|9.19|214.11|11179043|2378599424.00|1|0.0000|0.0000|0.0000|0|214.11
立华股份|300761|-0.62|59561147|1343382016.00|2.18|7.75|-5.75|22.30|22.93|24.18|21.15|59.56|22.44|61079900|1304503552.00|1|0.0000|0.0000|0.0000|0|22.44
上海瀚讯|300762|5.39|32641401|611062592.00|-2.01|6.26|-6.37|19.36|18.00|19.52|17.20|32.64|18.37|33340099|612918208.00|1|0.0000|0.0000|0.0000|0|18.37
锦浪科技|300763|2.12|17862090|834794496.00|-3.54|3.27|-8.91|48.70|46.00|49.25|43.44|17.86|47.69|16527693|793816448.00|1|0.0000|0.0000|0.0000|0|47.69
新诺威|300765|6.93|10798236|394620416.00|-2.21|8.75|-5.00|38.27|35.00|38.92|34.00|10.80|35.79|10143353|362290240.00|1|0.0000|0.0000|0.0000|0|35.79
每日互动|300766|4.39|60559417|2050085248.00|-0.51|6.39|-7.67|34.97|33.33|35.64|30.93|60.56|33.50|56378598|1868814720.00|1|0.0000|0.0000|0.0000|0|33.50
震安科技|300767|1.88|13718114|119896240.00|-2.98|2.21|-9.61|9.22|8.78|9.25|8.18|13.72|9.05|10360456|93844968.00|1|0.0000|0.0000|0.0000|0|9.05
迪普科技|300768|4.17|9410050|144970816.00|-1.30|4.89|-7.31|15.97|15.13|16.08|14.21|9.41|15.33|9517880|145657392.00|1|0.0000|0.0000|0.0000|0|15.33
德方纳米|300769|3.11|9327254|241822944.00|-2.26|3.87|-7.17|26.89|25.49|27.09|24.21|9.33|26.08|9768473|255636096.00|1|0.0000|0.0000|0.0000|0|26.08
新媒股份|300770|1.49|3842633|138325344.00|-0.91|2.18|-4.11|36.75|35.88|37.00|34.72|3.84|36.21|4221020|153892176.00|1|0.0000|0.0000|0.0000|0|36.21
智莱科技|300771|4.06|9124908|80262872.00|-1.81|5.19|-9.03|9.22|8.70|9.32|8.06|9.12|8.86|8389182|73854624.00|1|0.0000|0.0000|0.0000|0|8.86
运达股份|300772|1.07|18931456|192333216.00|-1.55|1.85|-5.83|10.40|10.13|10.48|9.69|18.93|10.29|23843524|244982688.00|1|0.0000|0.0000|0.0000|0|10.29
拉卡拉|300773|9.30|33507610|527618464.00|-1.40|10.83|-4.92|16.45|14.84|16.68|14.31|33.51|15.05|21070166|316557728.00|1|0.0000|0.0000|0.0000|0|15.05
倍杰特|300774|5.00|7008000|53400656.00|-1.05|5.92|-7.89|7.98|7.52|8.05|7.00|7.01|7.60|7207200|54542088.00|1|0.0000|0.0000|0.0000|0|7.60
三角防务|300775|10.85|34707858|809744512.00|-0.93|13.17|-1.90|23.90|21.36|24.40|21.15|34.71|21.56|17143947|367665888.00|1|0.0000|0.0000|0.0000|0|21.56
帝尔激光|300776|-1.89|5867083|323330208.00|-1.38|0.58|-7.08|55.43|55.72|56.83|52.50|5.87|56.50|7921028|443380320.00|1|0.0000|0.0000|0.0000|0|56.50
中简科技|300777|6.64|20168363|660604544.00|-1.46|7.30|-3.46|33.58|31.03|33.79|30.40|20.17|31.49|13426200|425318688.00|1|0.0000|0.0000|0.0000|0|31.49
新城市|300778|3.00|10208283|95860168.00|-3.62|4.04|-9.94|9.95|9.31|10.05|8.70|10.21|9.66|11321442|108798144.00|1|0.0000|0.0000|0.0000|0|9.66
惠城环保|300779|14.03|7220381|982974400.00|10.34|15.40|-0.15|143.33|138.69|145.05|125.50|7.22|125.69|8410531|1041825536.00|1|0.0000|0.0000|0.0000|0|125.69
德恩精工|300780|3.80|9342100|115790680.00|-2.61|4.91|-10.69|13.11|12.30|13.25|11.28|9.34|12.63|7707902|98500480.00|1|0.0000|0.0000|0.0000|0|12.63
因赛集团|300781|2.35|5340700|225832160.00|-1.94|3.12|-13.07|44.88|43.00|45.22|38.12|5.34|43.85|4099500|179035328.00|1|0.0000|0.0000|0.0000|0|43.85
卓胜微|300782|2.97|11821536|868687744.00|-1.18|4.43|-3.86|74.45|71.45|75.50|69.51|11.82|72.30|9625954|698459840.00|1|0.0000|0.0000|0.0000|0|72.30
三只松鼠|300783|5.57|27517938|742315520.00|-2.50|8.52|-6.02|27.88|25.75|28.66|24.82|27.52|26.41|21167705|547924608.00|1|0.0000|0.0000|0.0000|0|26.41
利安科技|300784|2.18|840100|36789348.00|-2.09|2.76|-8.01|45.54|43.64|45.80|41.00|0.84|44.57|847800|37877360.00|1|0.0000|0.0000|0.0000|0|44.57
值得买|300785|5.35|8752125|226681968.00|-1.77|8.28|-9.66|27.37|25.52|28.13|23.47|8.75|25.98|7430798|192438272.00|1|0.0000|0.0000|0.0000|0|25.98
国林科技|300786|1.42|22384678|273502400.00|-5.28|2.52|-13.01|12.86|12.01|13.00|11.03|22.38|12.68|20259030|254727456.00|1|0.0000|0.0000|0.0000|0|12.68
海能实业|300787|0.93|5282618|55562172.00|-2.59|2.59|-10.09|10.90|10.52|11.08|9.71|5.28|10.80|5499458|59144232.00|1|0.0000|0.0000|0.0000|0|10.80
中信出版|300788|3.82|5016840|136850144.00|-0.85|4.23|-5.96|28.23|26.96|28.34|25.57|5.02|27.19|5040197|137089568.00|1|0.0000|0.0000|0.0000|0|27.19
唐源电气|300789|2.05|7173170|133347336.00|-2.21|3.18|-13.14|19.88|19.05|20.10|16.92|7.17|19.48|6025811|118615112.00|1|0.0000|0.0000|0.0000|0|19.48
宇瞳光学|300790|3.73|22415589|425826208.00|-2.84|4.99|-9.45|19.75|18.50|19.99|17.24|22.42|19.04|19654010|376658688.00|1|0.0000|0.0000|0.0000|0|19.04
仙乐健康|300791|1.29|4077977|92728912.00|-2.53|2.70|-8.93|23.60|22.71|23.93|21.22|4.08|23.30|4154100|96593840.00|1|0.0000|0.0000|0.0000|0|23.30
壹网壹创|300792|1.84|11727323|238821184.00|-3.26|2.22|-11.99|21.58|20.50|21.66|18.65|11.73|21.19|10447185|220602768.00|1|0.0000|0.0000|0.0000|0|21.19
佳禾智能|300793|2.04|22841714|303945408.00|-3.79|3.35|-12.46|14.00|13.20|14.18|12.01|22.84|13.72|21521129|294811200.00|1|0.0000|0.0000|0.0000|0|13.72
米奥会展|300795|2.68|5341525|94546880.00|-2.46|3.63|-7.71|18.37|17.45|18.54|16.51|5.34|17.89|4811658|85955376.00|1|0.0000|0.0000|0.0000|0|17.89
贝斯美|300796|0.58|8336132|70956024.00|-0.58|1.16|-6.36|8.70|8.60|8.75|8.10|8.34|8.65|7711080|65798692.00|1|0.0000|0.0000|0.0000|0|8.65
钢研纳克|300797|11.14|51063105|816335488.00|-1.85|16.35|-5.27|16.86|14.89|17.65|14.37|51.06|15.17|42222611|610208384.00|1|0.0000|0.0000|0.0000|0|15.17
锦鸡股份|300798|3.91|39944100|249196720.00|-3.29|5.48|-11.27|6.64|6.18|6.74|5.67|39.94|6.39|36875773|236610784.00|1|0.0000|0.0000|0.0000|0|6.39
力合科技|300800|1.68|5650100|48830136.00|-1.23|2.13|-7.86|9.06|8.80|9.10|8.21|5.65|8.91|4535250|40749440.00|1|0.0000|0.0000|0.0000|0|8.91
泰和科技|300801|-0.20|5283470|77567560.00|-2.06|1.00|-9.03|15.03|14.75|15.21|13.70|5.28|15.06|6159800|91629344.00|1|0.0000|0.0000|0.0000|0|15.06
矩子科技|300802|7.12|5892936|87894424.00|-1.83|8.28|-6.45|15.79|14.47|15.96|13.79|5.89|14.74|5069220|74636464.00|1|0.0000|0.0000|0.0000|0|14.74
指南针|300803|3.83|28037394|1525964288.00|-2.02|5.29|-4.63|55.58|52.45|56.36|51.05|28.04|53.53|21259850|1147496576.00|1|0.0000|0.0000|0.0000|0|53.53
广康生化|300804|0.43|1925200|43303268.00|-1.94|1.08|-7.59|23.30|22.75|23.45|21.44|1.93|23.20|1880334|42172316.00|1|0.0000|0.0000|0.0000|0|23.20
电声股份|300805|2.88|10466830|89089824.00|-1.96|4.03|-8.76|8.93|8.51|9.03|7.92|10.47|8.68|10285878|90247720.00|1|0.0000|0.0000|0.0000|0|8.68
斯迪克|300806|4.23|16300630|230306624.00|-2.11|5.63|-8.59|14.80|13.90|15.00|12.98|16.30|14.20|12113879|171924384.00|1|0.0000|0.0000|0.0000|0|14.20
天迈科技|300807|4.59|3489806|106118520.00|-0.30|4.95|-6.28|31.47|30.00|31.58|28.20|3.49|30.09|2225806|67276976.00|1|0.0000|0.0000|0.0000|0|30.09
久量股份|300808|3.46|2414600|54991104.00|-0.95|3.81|-8.14|23.90|22.88|23.98|21.22|2.41|23.10|2360500|53065704.00|1|0.0000|0.0000|0.0000|0|23.10
华辰装备|300809|5.77|21222419|757181696.00|-4.60|7.79|-12.47|37.75|34.05|38.47|31.24|21.22|35.69|20164227|723191744.00|1|0.0000|0.0000|0.0000|0|35.69
中科海讯|300810|20.00|17471932|585580096.00|-2.91|20.00|-5.28|37.08|30.00|37.08|29.27|17.47|30.90|14755327|451650432.00|1|0.0000|0.0000|0.0000|0|30.90
铂科新材|300811|0.36|5911293|228237568.00|-1.95|1.72|-6.20|39.19|38.29|39.72|36.63|5.91|39.05|7560041|294280288.00|1|0.0000|0.0000|0.0000|0|39.05
易天股份|300812|4.35|5598380|87491200.00|-1.89|6.05|-9.83|16.56|15.57|16.83|14.31|5.60|15.87|4993480|79626424.00|1|0.0000|0.0000|0.0000|0|15.87
泰林生物|300813|1.06|3749400|57062072.00|-3.06|2.19|-11.74|16.18|15.52|16.36|14.13|3.75|16.01|3480374|55782084.00|1|0.0000|0.0000|0.0000|0|16.01
中富电路|300814|4.30|8047199|196230768.00|-2.56|5.40|-9.87|25.69|24.00|25.96|22.20|8.05|24.63|6406684|157397680.00|1|0.0000|0.0000|0.0000|0|24.63
玉禾田|300815|1.35|8798260|128357264.00|-1.76|2.30|-5.61|14.99|14.53|15.13|13.96|8.80|14.79|9481514|140857184.00|1|0.0000|0.0000|0.0000|0|14.79
艾可蓝|300816|2.24|5162860|124866488.00|-2.04|3.92|-12.00|25.55|24.48|25.97|21.99|5.16|24.99|4373317|109138096.00|1|0.0000|0.0000|0.0000|0|24.99
双飞集团|300817|2.27|15942542|326888096.00|-2.46|3.41|-12.78|21.60|20.60|21.84|18.42|15.94|21.12|15337643|324168672.00|1|0.0000|0.0000|0.0000|0|21.12
耐普矿机|300818|4.55|5743070|107339064.00|-2.89|4.76|-6.52|19.55|18.16|19.59|17.48|5.74|18.70|6738033|124853328.00|1|0.0000|0.0000|0.0000|0|18.70
聚杰微纤|300819|6.18|9241650|203190784.00|-1.73|6.55|-9.09|23.36|21.62|23.44|20.00|9.24|22.00|8649201|193955088.00|1|0.0000|0.0000|0.0000|0|22.00
英杰电气|300820|2.90|3325806|136305344.00|-1.57|4.42|-6.70|41.93|40.11|42.55|38.02|3.33|40.75|4180046|172003520.00|1|0.0000|0.0000|0.0000|0|40.75
东岳硅材|300821|0.42|14112558|98152880.00|-1.27|1.41|-6.35|7.12|7.00|7.19|6.64|14.11|7.09|16080140|113951088.00|1|0.0000|0.0000|0.0000|0|7.09
贝仕达克|300822|3.20|8151999|130024520.00|-3.26|4.12|-10.21|16.78|15.73|16.93|14.60|8.15|16.26|7236245|117551512.00|1|0.0000|0.0000|0.0000|0|16.26
建科智能|300823|6.57|7627460|94546584.00|5.83|7.39|-6.32|12.98|12.89|13.08|11.41|7.63|12.18|4812340|59053700.00|1|0.0000|0.0000|0.0000|0|12.18
北鼎股份|300824|1.72|8829766|74246400.00|-2.41|2.76|-9.64|8.86|8.50|8.95|7.87|8.83|8.71|9742256|85406400.00|1|0.0000|0.0000|0.0000|0|8.71
阿尔特|300825|2.14|25589550|221110896.00|-0.90|3.15|-10.12|9.08|8.81|9.17|7.99|25.59|8.89|20824550|186065152.00|1|0.0000|0.0000|0.0000|0|8.89
测绘股份|300826|3.44|4355935|57457640.00|-1.79|4.26|-8.59|13.85|13.15|13.96|12.24|4.36|13.39|3784320|50879628.00|1|0.0000|0.0000|0.0000|0|13.39
上能电气|300827|1.34|21508731|528511424.00|-3.03|3.30|-10.90|25.76|24.65|26.26|22.65|21.51|25.42|20165866|512941024.00|1|0.0000|0.0000|0.0000|0|25.42
锐新科技|300828|1.30|9004049|120869336.00|-3.19|2.68|-10.51|13.98|13.36|14.17|12.35|9.00|13.80|8980999|124027920.00|1|0.0000|0.0000|0.0000|0|13.80
金丹科技|300829|11.44|9260844|157508096.00|0.85|18.41|0.85|16.95|15.34|18.01|15.34|9.26|15.21|4376089|65350276.00|1|0.0000|0.0000|0.0000|0|15.21
金现代|300830|4.67|16498300|111643464.00|-0.88|5.40|-9.49|7.17|6.79|7.22|6.20|16.50|6.85|13583300|93613192.00|1|0.0000|0.0000|0.0000|0|6.85
派瑞股份|300831|3.82|13199685|166049104.00|-1.83|4.70|-8.44|13.04|12.33|13.15|11.50|13.20|12.56|11559502|145553952.00|1|0.0000|0.0000|0.0000|0|12.56
新产业|300832|-3.07|7221902|377669024.00|-2.18|-1.05|-4.68|52.42|52.90|53.51|51.55|7.22|54.08|6341962|341890432.00|1|0.0000|0.0000|0.0000|0|54.08
浩洋股份|300833|0.78|2876050|85958568.00|-2.21|1.24|-7.74|30.97|30.05|31.11|28.35|2.88|30.73|2452393|75528736.00|1|0.0000|0.0000|0.0000|0|30.73
星辉环材|300834|0.60|1962913|35059796.00|-0.82|1.37|-6.90|18.36|18.10|18.50|16.99|1.96|18.25|1657960|30287302.00|1|0.0000|0.0000|0.0000|0|18.25
龙磁科技|300835|-0.09|6849940|223013744.00|-3.78|2.46|-8.49|33.30|32.07|34.15|30.50|6.85|33.33|8286120|269742944.00|1|0.0000|0.0000|0.0000|0|33.33
佰奥智能|300836|6.85|1823900|72718424.00|-1.64|7.87|-7.84|41.82|38.50|42.22|36.07|1.82|39.14|1368980|54119656.00|1|0.0000|0.0000|0.0000|0|39.14
浙矿股份|300837|2.52|1466700|27647372.00|-0.89|3.25|-6.66|19.55|18.90|19.69|17.80|1.47|19.07|1263200|23974320.00|1|0.0000|0.0000|0.0000|0|19.07
浙江力诺|300838|1.45|2379400|36023896.00|-0.33|3.29|-4.61|15.42|15.15|15.70|14.50|2.38|15.20|2890550|43702904.00|1|0.0000|0.0000|0.0000|0|15.20
博汇股份|300839|2.70|5163266|35116136.00|-4.40|3.12|-9.66|7.23|6.73|7.26|6.36|5.16|7.04|4680803|32911028.00|1|0.0000|0.0000|0.0000|0|7.04
酷特智能|300840|2.19|19862657|356043328.00|-2.13|4.59|-10.93|18.69|17.90|19.13|16.29|19.86|18.29|19052953|346357120.00|1|0.0000|0.0000|0.0000|0|18.29
康华生物|300841|3.27|5589459|309732064.00|-1.18|4.05|-6.62|57.84|55.35|58.28|52.30|5.59|56.01|5657478|314325472.00|1|0.0000|0.0000|0.0000|0|56.01
帝科股份|300842|2.90|7768340|280927232.00|-3.39|3.78|-7.01|37.28|35.00|37.60|33.69|7.77|36.23|7668222|279507520.00|1|3.0000|0.0000|0.0000|0|35.93
胜蓝股份|300843|2.07|5409767|127293208.00|-2.07|2.82|-11.62|24.60|23.60|24.78|21.30|5.41|24.10|5414729|129294096.00|1|0.0000|0.0000|0.0000|0|24.10
山水比德|300844|-0.36|5391490|242015376.00|-2.94|0.59|-12.98|47.12|45.90|47.57|41.15|5.39|47.29|5400897|259519504.00|1|0.0000|0.0000|0.0000|0|47.29
捷安高科|300845|4.18|6700256|74689800.00|-0.98|5.16|-8.81|11.71|11.13|11.82|10.25|6.70|11.24|5579368|62813292.00|1|0.0000|0.0000|0.0000|0|11.24
首都在线|300846|3.14|69709489|1269776896.00|-0.77|5.63|-8.49|18.70|17.99|19.15|16.59|69.71|18.13|60815908|1096154112.00|1|0.0000|0.0000|0.0000|0|18.13
中船汉光|300847|14.45|21235630|350887616.00|1.28|19.24|0.14|16.95|15.00|17.66|14.83|21.24|14.81|8965650|131377056.00|1|0.0000|0.0000|0.0000|0|14.81
美瑞新材|300848|4.04|7789748|135096352.00|0.00|5.09|-5.50|17.79|17.10|17.97|16.16|7.79|17.10|6486760|111090624.00|1|0.0000|0.0000|0.0000|0|17.10
锦盛新材|300849|3.96|6578535|80500544.00|-1.38|6.72|-11.00|12.85|12.19|13.19|11.00|6.58|12.36|5820200|70931856.00|1|0.0000|0.0000|0.0000|0|12.36
新强联|300850|2.65|8743507|215351296.00|-1.96|4.33|-4.74|25.14|24.01|25.55|23.33|8.74|24.49|10060631|243890528.00|1|0.0000|0.0000|0.0000|0|24.49
交大思诺|300851|1.12|1740500|42897976.00|0.56|2.20|-5.17|25.23|25.09|25.50|23.66|1.74|24.95|2389000|58076788.00|1|0.0000|0.0000|0.0000|0|24.95
四会富仕|300852|1.58|3633720|85710488.00|-2.91|2.45|-9.14|24.44|23.36|24.65|21.86|3.63|24.06|4111828|98982448.00|1|0.0000|0.0000|0.0000|0|24.06
申昊科技|300853|4.58|11465130|210683008.00|-1.74|6.05|-10.35|19.20|18.04|19.47|16.46|11.47|18.36|9922830|183505616.00|1|0.0000|0.0000|0.0000|0|18.36
中兰环保|300854|3.58|3440000|40923032.00|-1.00|4.16|-6.74|12.44|11.89|12.51|11.20|3.44|12.01|4364903|52932048.00|1|0.0000|0.0000|0.0000|0|12.01
图南股份|300855|2.74|7417391|156593520.00|-0.77|4.67|-2.79|21.34|20.61|21.74|20.19|7.42|20.77|8258844|172227696.00|1|0.0000|0.0000|0.0000|0|20.77
科思股份|300856|1.53|5601003|115440296.00|-2.30|2.63|-5.65|21.21|20.41|21.44|19.71|5.60|20.89|6181100|128536936.00|1|0.0000|0.0000|0.0000|0|20.89
协创数据|300857|0.70|13399500|1186449536.00|-4.30|2.99|-10.90|91.55|87.00|93.63|81.00|13.40|90.91|16434792|1491142784.00|1|0.0000|0.0000|0.0000|0|90.91
科拓生物|300858|2.64|8566025|101982776.00|-0.50|3.72|-5.95|12.43|12.05|12.56|11.39|8.57|12.11|8840884|105478768.00|1|0.0000|0.0000|0.0000|0|12.11
西域旅游|300859|6.69|13292329|493078528.00|-2.12|8.17|-6.38|38.77|35.57|39.31|34.02|13.29|36.34|8418300|302500928.00|1|0.0000|0.0000|0.0000|0|36.34
锋尚文化|300860|2.99|5299003|121728680.00|-2.31|3.42|-9.37|24.08|22.84|24.18|21.19|5.30|23.38|4490847|104533952.00|1|0.0000|0.0000|0.0000|0|23.38
美畅股份|300861|0.00|4809546|80217368.00|-2.11|0.94|-6.39|17.06|16.70|17.22|15.97|4.81|17.06|5454173|92437968.00|1|0.0000|0.0000|0.0000|0|17.06
蓝盾光电|300862|3.96|5919160|121017368.00|-2.53|5.01|-10.45|21.78|20.42|22.00|18.76|5.92|20.95|4080440|85312456.00|1|0.0000|0.0000|0.0000|0|20.95
卡倍亿|300863|5.71|5852338|216628960.00|-3.46|7.08|-11.50|39.42|36.00|39.93|33.00|5.85|37.29|4763703|175954576.00|1|0.0000|0.0000|0.0000|0|37.29
南大环境|300864|1.61|1923741|35492864.00|-0.86|2.46|-5.19|18.99|18.53|19.15|17.72|1.92|18.69|1748413|32646960.00|1|0.0000|0.0000|0.0000|0|18.69
大宏立|300865|4.96|2901500|55192816.00|-0.78|5.48|-8.56|20.10|19.00|20.20|17.51|2.90|19.15|3060300|58079624.00|1|0.0000|0.0000|0.0000|0|19.15
安克创新|300866|-2.39|6474960|477823584.00|-3.73|0.22|-8.21|74.42|73.40|76.41|69.98|6.47|76.24|7991236|613069632.00|1|0.0000|0.0000|0.0000|0|76.24
圣元环保|300867|-0.93|13387559|180340976.00|-1.72|0.50|-9.79|13.86|13.75|14.06|12.62|13.39|13.99|16670564|220625888.00|1|0.0000|0.0000|0.0000|0|13.99
杰美特|300868|4.33|3014100|77247096.00|-2.48|5.46|-10.22|26.96|25.20|27.25|23.20|3.01|25.84|3047101|78574600.00|1|0.0000|0.0000|0.0000|0|25.84
康泰医学|300869|0.56|6795071|82923224.00|-0.96|1.68|-7.43|12.58|12.39|12.72|11.58|6.80|12.51|7951632|99518528.00|1|0.0000|0.0000|0.0000|0|12.51
欧陆通|300870|3.04|5794630|525676352.00|-2.59|5.08|-11.85|93.51|88.40|95.36|80.00|5.79|90.75|6194679|566536512.00|1|0.0000|0.0000|0.0000|0|90.75
回盛生物|300871|-19.99|39400981|1143243520.00|-15.00|-11.75|-19.99|27.85|29.59|30.72|27.85|39.40|34.81|49842590|1589456640.00|1|0.0000|0.0000|0.0000|0|34.81
天阳科技|300872|3.49|19021260|254106336.00|-2.08|5.13|-8.33|13.92|13.17|14.14|12.33|19.02|13.45|16023954|213919104.00|1|0.0000|0.0000|0.0000|0|13.45
海晨股份|300873|6.31|9974060|174713872.00|-2.27|6.48|-7.90|18.70|17.19|18.73|16.20|9.97|17.59|9651917|170745984.00|1|0.0000|0.0000|0.0000|0|17.59
捷强装备|300875|20.00|8313115|209822672.00|-0.98|20.00|-4.18|27.00|22.28|27.00|21.56|8.31|22.50|2615790|58982004.00|1|0.0000|0.0000|0.0000|0|22.50
蒙泰高新|300876|3.42|969988|23961056.00|0.16|4.51|-6.68|25.71|24.90|25.98|23.20|0.97|24.86|958050|23378742.00|1|0.0000|0.0000|0.0000|0|24.86
金春股份|300877|0.78|3191400|38935268.00|-2.43|1.96|-10.35|12.85|12.44|13.00|11.43|3.19|12.75|3200924|40772612.00|1|0.0000|0.0000|0.0000|0|12.75
维康药业|300878|0.07|4372059|61485604.00|-2.59|1.63|-10.90|14.69|14.30|14.92|13.08|4.37|14.68|4038682|59299224.00|1|0.0000|0.0000|0.0000|0|14.68
大叶股份|300879|1.22|10424618|148960992.00|-2.77|3.51|-12.09|14.99|14.40|15.33|13.02|10.42|14.81|10984271|163355712.00|1|0.0000|0.0000|0.0000|0|14.81
迦南智能|300880|4.84|7057332|144425936.00|-1.07|6.50|-7.67|21.46|20.25|21.80|18.90|7.06|20.47|5872108|120101864.00|1|0.0000|0.0000|0.0000|0|20.47
盛德鑫泰|300881|1.68|2731469|73210432.00|-2.59|2.81|-10.24|27.90|26.73|28.21|24.63|2.73|27.44|2796060|76564832.00|1|0.0000|0.0000|0.0000|0|27.44
万胜智能|300882|3.59|5563146|75049136.00|-2.20|4.25|-7.99|14.13|13.34|14.22|12.55|5.56|13.64|5847334|79475184.00|1|0.0000|0.0000|0.0000|0|13.64
龙利得|300883|3.38|13658418|63355088.00|-1.48|4.43|-9.28|4.90|4.67|4.95|4.30|13.66|4.74|11775618|56768984.00|1|0.0000|0.0000|0.0000|0|4.74
狄耐克|300884|3.03|6967894|63340804.00|-2.38|4.22|-9.41|9.53|9.03|9.64|8.38|6.97|9.25|6210611|57487784.00|1|0.0000|0.0000|0.0000|0|9.25
海昌新材|300885|2.77|14808148|155465792.00|-3.88|4.34|-19.94|11.13|10.41|11.30|8.67|14.81|10.83|13708997|148165408.00|1|0.0000|0.0000|0.0000|0|10.83
华业香料|300886|3.00|2512900|43796432.00|-1.72|4.33|-10.22|18.55|17.70|18.79|16.17|2.51|18.01|2467220|44095764.00|1|0.0000|0.0000|0.0000|0|18.01
谱尼测试|300887|2.79|15261057|103246128.00|-2.06|4.11|-7.49|7.00|6.67|7.09|6.30|15.26|6.81|15011797|102671296.00|1|0.0000|0.0000|0.0000|0|6.81
稳健医疗|300888|3.65|5427310|228582800.00|-1.13|4.93|-3.34|43.12|41.13|43.65|40.21|5.43|41.60|9414569|387518880.00|1|0.0000|0.0000|0.0000|0|41.60
爱克股份|300889|1.74|3287400|42408344.00|-1.52|2.65|-8.18|13.43|13.00|13.55|12.12|3.29|13.20|3384863|44742600.00|1|0.0000|0.0000|0.0000|0|13.20
翔丰华|300890|3.90|5099000|122241760.00|-1.66|4.48|-7.68|25.04|23.70|25.18|22.25|5.10|24.10|5064790|121750784.00|1|0.0000|0.0000|0.0000|0|24.10
惠云钛业|300891|1.88|10843867|78415872.00|-2.68|3.22|-9.38|7.60|7.26|7.70|6.76|10.84|7.46|10392800|77953888.00|1|0.0000|0.0000|0.0000|0|7.46
品渥食品|300892|19.99|15963178|520288512.00|2.79|19.99|-0.20|36.19|31.00|36.19|30.10|15.96|30.16|5050602|146610592.00|1|0.0000|0.0000|0.0000|0|30.16
松原安全|300893|-0.49|1216950|36478688.00|-2.40|0.99|-4.45|30.21|29.63|30.66|29.01|1.22|30.36|1998400|59481764.00|1|0.0000|0.0000|0.0000|0|30.36
火星人|300894|4.36|12564602|149217424.00|-1.76|5.20|-7.80|12.45|11.72|12.55|11.00|12.56|11.93|12905200|153092592.00|1|0.0000|0.0000|0.0000|0|11.93
铜牛信息|300895|5.45|18634469|808706688.00|-2.52|7.71|-8.50|45.27|41.85|46.24|39.28|18.63|42.93|17306493|730478848.00|1|0.0000|0.0000|0.0000|0|42.93
爱美客|300896|3.56|4195493|732714688.00|-1.90|4.29|-2.01|177.55|168.19|178.80|168.00|4.20|171.44|4360315|742521408.00|1|0.0000|0.0000|0.0000|0|171.44
山科智能|300897|6.32|2643968|61107568.00|-2.39|7.91|-8.26|24.07|22.10|24.43|20.77|2.64|22.64|2054716|46260268.00|1|0.0000|0.0000|0.0000|0|22.64
熊猫乳品|300898|-0.56|21475676|709657152.00|-4.94|0.64|-8.75|34.00|32.50|34.41|31.20|21.48|34.19|25250363|828931648.00|1|0.0000|0.0000|0.0000|0|34.19
*ST凯鑫|300899|4.20|2228000|41274668.00|-1.17|4.84|-8.45|19.61|18.60|19.73|17.23|2.23|18.82|2172540|41037764.00|1|0.0000|0.0000|0.0000|0|18.82
广联航空|300900|9.86|17384592|311515552.00|-2.78|10.40|-2.78|18.60|16.46|18.69|16.46|17.38|16.93|8767372|147911328.00|1|0.0000|0.0000|0.0000|0|16.93
中胤时尚|300901|4.42|5612500|64372596.00|1.15|6.36|-4.24|11.82|11.45|12.04|10.84|5.61|11.32|6385200|70552808.00|1|0.0000|0.0000|0.0000|0|11.32
国安达|300902|4.36|6110380|94793840.00|-1.07|5.87|-10.61|16.53|15.67|16.77|14.16|6.11|15.84|5630427|88982592.00|1|0.0000|0.0000|0.0000|0|15.84
科翔股份|300903|3.29|16537633|103523808.00|-2.66|4.07|-9.08|6.60|6.22|6.65|5.81|16.54|6.39|15201090|97417784.00|1|0.0000|0.0000|0.0000|0|6.39
威力传动|300904|2.57|1735400|86080176.00|-0.99|2.85|-5.03|50.76|49.00|50.90|47.00|1.74|49.49|1530900|75814840.00|1|0.0000|0.0000|0.0000|0|49.49
宝丽迪|300905|3.57|7012000|151549952.00|-1.69|4.25|-8.92|22.65|21.50|22.80|19.92|7.01|21.87|7540900|165591008.00|1|0.0000|0.0000|0.0000|0|21.87
日月明|300906|1.38|2209000|47115172.00|-1.52|2.44|-7.97|22.02|21.39|22.25|19.99|2.21|21.72|2104900|45573024.00|1|0.0000|0.0000|0.0000|0|21.72
康平科技|300907|0.67|4621510|92558976.00|-3.69|1.63|-11.23|20.98|20.07|21.18|18.50|4.62|20.84|3766600|78806960.00|1|0.0000|0.0000|0.0000|0|20.84
仲景食品|300908|1.17|2499467|69865496.00|-1.84|2.16|-4.78|28.55|27.70|28.83|26.87|2.50|28.22|2507144|69728456.00|1|0.0000|0.0000|0.0000|0|28.22
汇创达|300909|1.07|4240550|88826000.00|-2.13|1.95|-9.50|21.80|21.11|21.99|19.52|4.24|21.57|4718867|101734272.00|1|0.0000|0.0000|0.0000|0|21.57
瑞丰新材|300910|1.58|7319422|410407168.00|0.48|3.59|-3.68|56.61|56.00|57.73|53.68|7.32|55.73|7415190|416140000.00|1|0.0000|0.0000|0.0000|0|55.73
亿田智能|300911|3.77|5361622|195241216.00|-1.75|4.44|-9.56|38.55|36.50|38.80|33.60|5.36|37.15|6125440|225292240.00|1|0.0000|0.0000|0.0000|0|37.15
凯龙高科|300912|4.13|3757400|38172152.00|-0.98|5.01|-8.06|10.59|10.07|10.68|9.35|3.76|10.17|4445802|45706696.00|1|0.0000|0.0000|0.0000|0|10.17
兆龙互连|300913|3.31|6329532|247258064.00|-0.40|4.10|-8.47|40.87|39.40|41.18|36.21|6.33|39.56|6808227|267381632.00|1|0.0000|0.0000|0.0000|0|39.56
海融科技|300915|1.80|2216550|71524656.00|-2.62|2.10|-7.00|33.45|32.00|33.55|30.56|2.22|32.86|2463850|78835608.00|1|0.0000|0.0000|0.0000|0|32.86
朗特智能|300916|1.75|2636909|62895660.00|-2.24|2.28|-10.35|24.97|23.99|25.10|22.00|2.64|24.54|2926630|72190664.00|1|0.0000|0.0000|0.0000|0|24.54
特发服务|300917|11.80|13816100|610676864.00|-0.37|15.00|-1.61|45.85|40.86|47.16|40.35|13.82|41.01|8617309|350183264.00|1|0.0000|0.0000|0.0000|0|41.01
南山智尚|300918|4.33|28249055|374734496.00|-2.84|6.35|-10.76|13.96|13.00|14.23|11.94|28.25|13.38|20659915|276791424.00|1|0.0000|0.0000|0.0000|0|13.38
中伟股份|300919|0.32|7327812|228802272.00|-1.49|1.46|-4.03|31.59|31.02|31.95|30.22|7.33|31.49|9094137|285330624.00|1|0.0000|0.0000|0.0000|0|31.49
润阳科技|300920|-0.16|3671800|65417900.00|-2.95|1.61|-11.74|18.63|18.11|18.96|16.47|3.67|18.66|5077900|90938008.00|1|0.0000|0.0000|0.0000|0|18.66
南凌科技|300921|3.15|5686420|123344432.00|-0.99|4.46|-10.36|22.91|21.99|23.20|19.91|5.69|22.21|4814320|106934520.00|1|0.0000|0.0000|0.0000|0|22.21
天秦装备|300922|19.98|25371819|461216704.00|-1.68|19.98|-4.29|19.28|15.80|19.28|15.38|25.37|16.07|7844629|125633704.00|1|0.0000|0.0000|0.0000|0|16.07
研奥股份|300923|3.68|3022940|55416708.00|-2.43|4.76|-8.06|19.17|18.04|19.37|17.00|3.02|18.49|2713033|50194228.00|1|0.0000|0.0000|0.0000|0|18.49
法本信息|300925|4.22|22947100|451972896.00|-2.14|4.98|-8.44|20.50|19.25|20.65|18.01|22.95|19.67|23134210|451856800.00|1|0.0000|0.0000|0.0000|0|19.67
博俊科技|300926|1.81|10391329|236310064.00|-3.24|2.59|-8.60|23.57|22.40|23.75|21.16|10.39|23.15|10486387|242648784.00|1|0.0000|0.0000|0.0000|0|23.15
江天化学|300927|1.41|15797272|359481696.00|-3.97|3.54|-12.38|23.75|22.49|24.25|20.52|15.80|23.42|17650535|421703424.00|1|0.0000|0.0000|0.0000|0|23.42
华安鑫创|300928|3.91|2593128|78032184.00|-0.80|5.70|-8.75|31.35|29.93|31.89|27.53|2.59|30.17|1944100|59125832.00|1|0.0000|0.0000|0.0000|0|30.17
华骐环保|300929|6.47|6396140|48081160.00|-1.62|8.22|-7.28|7.90|7.30|8.03|6.88|6.40|7.42|4729835|35245108.00|1|0.0000|0.0000|0.0000|0|7.42
屹通新材|300930|4.05|2897304|63134936.00|0.09|4.46|-8.51|22.86|21.99|22.95|20.10|2.90|21.97|2033000|44501012.00|1|0.0000|0.0000|0.0000|0|21.97
通用电梯|300931|5.59|11357756|62351808.00|-0.36|6.67|-9.91|5.86|5.53|5.92|5.00|11.36|5.55|11325200|62408280.00|1|0.0000|0.0000|0.0000|0|5.55
三友联众|300932|0.74|4708380|62016044.00|-0.44|1.26|-8.28|13.63|13.47|13.70|12.41|4.71|13.53|4873620|65430840.00|1|0.0000|0.0000|0.0000|0|13.53
中辰股份|300933|3.39|22366237|136854656.00|-1.94|4.20|-8.24|6.40|6.07|6.45|5.68|22.37|6.19|20653142|127598800.00|1|0.0000|0.0000|0.0000|0|6.19
盈建科|300935|6.50|2099780|36770536.00|-2.55|7.77|-6.50|18.36|16.80|18.58|16.12|2.10|17.24|1886669|32633594.00|1|0.0000|0.0000|0.0000|0|17.24
中英科技|300936|3.03|2040609|66278040.00|-2.03|3.94|-9.18|34.00|32.33|34.30|29.97|2.04|33.00|1671900|55491432.00|1|0.0000|0.0000|0.0000|0|33.00
药易购|300937|2.24|3411305|76008992.00|-1.54|2.98|-9.25|23.31|22.45|23.48|20.69|3.41|22.80|3520692|79883760.00|1|0.0000|0.0000|0.0000|0|22.80
信测标准|300938|3.38|9385207|260987440.00|-2.60|5.05|-9.56|29.08|27.40|29.55|25.44|9.39|28.13|9741455|275582848.00|1|0.0000|0.0000|0.0000|0|28.13
秋田微|300939|2.86|2637250|64341476.00|-2.66|3.79|-7.66|25.51|24.14|25.74|22.90|2.64|24.80|2678800|66577592.00|1|0.0000|0.0000|0.0000|0|24.80
南极光|300940|8.46|9379690|123626584.00|-1.72|9.48|-5.56|13.85|12.55|13.98|12.06|9.38|12.77|7673840|97628904.00|1|0.0000|0.0000|0.0000|0|12.77
创识科技|300941|5.03|7031750|126194512.00|-0.95|5.98|-8.00|18.78|17.71|18.95|16.45|7.03|17.88|5754079|102431736.00|1|0.0000|0.0000|0.0000|0|17.88
易瑞生物|300942|1.43|9226400|67852320.00|-1.69|1.83|-10.04|7.78|7.54|7.81|6.90|9.23|7.67|8063074|61966124.00|1|0.0000|0.0000|0.0000|0|7.67
春晖智控|300943|4.00|8007150|91416736.00|-1.56|5.04|-9.56|11.97|11.33|12.09|10.41|8.01|11.51|9240700|106915240.00|1|0.0000|0.0000|0.0000|0|11.51
曼卡龙|300945|4.73|15697108|172219696.00|-2.73|6.91|-9.64|11.52|10.70|11.76|9.94|15.70|11.00|15006300|163070896.00|1|0.0000|0.0000|0.0000|0|11.00
恒而达|300946|4.16|3064890|78672088.00|-2.58|4.62|-8.74|27.05|25.30|27.17|23.70|3.06|25.97|2754710|71941056.00|1|0.0000|0.0000|0.0000|0|25.97
德必集团|300947|3.37|8136950|122511192.00|-0.13|4.50|-8.73|15.63|15.10|15.80|13.80|8.14|15.12|6286973|94382312.00|1|0.0000|0.0000|0.0000|0|15.12
冠中生态|300948|3.97|3391990|28106414.00|-1.44|4.93|-6.49|8.65|8.20|8.73|7.78|3.39|8.32|3294100|27233292.00|1|0.0000|0.0000|0.0000|0|8.32
奥雅股份|300949|2.62|1403900|37788892.00|-2.70|3.43|-9.62|28.16|26.70|28.38|24.80|1.40|27.44|1496600|40702300.00|1|0.0000|0.0000|0.0000|0|27.44
德固特|300950|1.24|5479396|76689344.00|-2.90|3.10|-10.76|14.68|14.08|14.95|12.94|5.48|14.50|5534689|80568832.00|1|0.0000|0.0000|0.0000|0|14.50
博硕科技|300951|0.82|2548170|63477952.00|-2.04|1.65|-7.92|25.73|25.00|25.94|23.50|2.55|25.52|2519241|64822080.00|1|0.0000|0.0000|0.0000|0|25.52
恒辉安防|300952|1.28|6849067|138495760.00|-3.95|2.19|-11.99|21.29|20.19|21.48|18.50|6.85|21.02|7195950|151922304.00|1|0.0000|0.0000|0.0000|0|21.02
震裕科技|300953|2.18|9874351|1090573184.00|-6.70|3.86|-10.48|115.00|105.01|116.90|100.75|9.87|112.55|12765528|1443700096.00|1|0.0000|0.0000|0.0000|0|112.55
嘉亨家化|300955|4.38|2910560|40707128.00|0.00|5.93|-9.32|14.78|14.16|15.00|12.84|2.91|14.16|2897700|40194652.00|1|0.0000|0.0000|0.0000|0|14.16
英力股份|300956|5.94|13425960|264478720.00|-3.38|7.54|-18.84|21.93|20.00|22.26|16.80|13.43|20.70|9118031|190191680.00|1|0.0000|0.0000|0.0000|0|20.70
贝泰妮|300957|0.71|8080812|331187072.00|-1.24|1.39|-3.31|41.42|40.62|41.70|39.77|8.08|41.13|5486562|223917920.00|1|0.0000|0.0000|0.0000|0|41.13
建工修复|300958|3.25|4817900|49992232.00|-1.53|3.82|-6.12|10.80|10.30|10.86|9.82|4.82|10.46|4326938|44865740.00|1|0.0000|0.0000|0.0000|0|10.46
线上线下|300959|3.72|2396767|80065440.00|-1.00|4.40|-10.58|35.38|33.77|35.61|30.50|2.40|34.11|1915895|65148208.00|1|0.0000|0.0000|0.0000|0|34.11
通业科技|300960|4.63|4657266|104388792.00|-2.36|5.73|-10.84|23.93|22.33|24.18|20.39|4.66|22.87|4561329|103183456.00|1|0.0000|0.0000|0.0000|0|22.87
深水海纳|300961|5.09|44504237|682255488.00|1.78|5.09|-6.15|15.90|15.40|15.90|14.20|44.50|15.13|20324311|291595104.00|1|0.0000|0.0000|0.0000|0|15.13
中金辐照|300962|3.63|3943700|53226404.00|-1.56|4.30|-6.59|13.99|13.29|14.08|12.61|3.94|13.50|5404918|73118864.00|1|0.0000|0.0000|0.0000|0|13.50
中洲特材|300963|-1.76|56648791|785796544.00|-8.47|1.56|-18.22|14.50|13.51|14.99|12.07|56.65|14.76|58521204|843076416.00|1|0.0000|0.0000|0.0000|0|14.76
本川智能|300964|4.11|3501500|110193024.00|-3.39|5.08|-10.56|33.21|30.82|33.52|28.53|3.50|31.90|3282500|105508016.00|1|0.0000|0.0000|0.0000|0|31.90
恒宇信通|300965|4.03|629705|23360628.00|0.03|5.39|-3.20|37.66|36.21|38.15|35.04|0.63|36.20|399600|14508583.00|1|0.0000|0.0000|0.0000|0|36.20
共同药业|300966|1.93|3419100|47896336.00|-2.07|2.83|-9.94|14.76|14.18|14.89|13.04|3.42|14.48|3240500|46828628.00|1|0.0000|0.0000|0.0000|0|14.48
晓鸣股份|300967|-2.82|42711795|1081786880.00|1.33|7.68|-9.72|24.79|25.85|27.47|23.03|42.71|25.51|44355150|1056433920.00|1|0.0000|0.0000|0.0000|0|25.51
格林精密|300968|2.08|13552349|175385984.00|-2.90|3.42|-12.63|13.74|13.07|13.92|11.76|13.55|13.46|12261701|164365696.00|1|0.0000|0.0000|0.0000|0|13.46
恒帅股份|300969|1.24|1275926|85362264.00|-2.20|1.96|-8.38|69.38|67.02|69.87|62.79|1.28|68.53|1307166|89629208.00|1|0.0000|0.0000|0.0000|0|68.53
华绿生物|300970|-1.10|30572041|448974208.00|-0.97|9.03|-5.59|14.34|14.36|15.81|13.69|30.57|14.50|26094790|358832768.00|1|0.0000|0.0000|0.0000|0|14.50
博亚精工|300971|5.45|6750726|128868104.00|-2.20|6.71|-9.07|20.12|18.66|20.36|17.35|6.75|19.08|6475300|123665136.00|1|0.0000|0.0000|0.0000|0|19.08
万辰集团|300972|-0.83|3013120|294083296.00|-2.05|0.28|-6.23|99.77|98.54|100.88|94.33|3.01|100.60|4036696|397895040.00|1|0.0000|0.0000|0.0000|0|100.60
立高食品|300973|-0.46|3809564|161371152.00|-1.90|1.50|-5.69|43.04|42.42|43.89|40.78|3.81|43.24|4970144|206172512.00|1|0.0000|0.0000|0.0000|0|43.24
商络电子|300975|2.20|21114648|188951024.00|-1.65|3.51|-10.54|9.31|8.96|9.43|8.15|21.11|9.11|19214099|175732400.00|1|0.0000|0.0000|0.0000|0|9.11
达瑞电子|300976|0.34|2317890|111484696.00|-2.19|1.24|-9.13|49.46|48.21|49.90|44.79|2.32|49.29|2200310|108505776.00|1|0.0000|0.0000|0.0000|0|49.29
深圳瑞捷|300977|4.08|3051058|44508924.00|0.54|5.37|-8.30|15.30|14.78|15.49|13.48|3.05|14.70|2899363|42468712.00|1|0.0000|0.0000|0.0000|0|14.70
东箭科技|300978|1.98|7823799|68945472.00|-2.31|2.53|-10.11|9.28|8.89|9.33|8.18|7.82|9.10|7253757|66003896.00|1|0.0000|0.0000|0.0000|0|9.10
华利集团|300979|-1.55|6343277|306873504.00|-1.80|0.47|-2.47|48.22|48.10|49.21|47.77|6.34|48.98|6010567|297138400.00|1|0.0000|0.0000|0.0000|0|48.98
祥源新材|300980|-2.99|8971392|163074464.00|-3.71|-1.96|-14.06|18.84|18.70|19.04|16.69|8.97|19.42|8844713|167403760.00|1|0.0000|0.0000|0.0000|0|19.42
中红医疗|300981|1.87|5077234|53050960.00|-1.50|2.62|-7.22|10.87|10.51|10.95|9.90|5.08|10.67|4140636|44368112.00|1|0.0000|0.0000|0.0000|0|10.67
苏文电能|300982|3.11|4288300|62363028.00|-2.30|3.79|-7.92|15.23|14.43|15.33|13.60|4.29|14.77|3407560|50512224.00|1|0.0000|0.0000|0.0000|0|14.77
尤安设计|300983|2.88|924511|14364275.00|-0.70|3.72|-5.19|16.06|15.50|16.19|14.80|0.92|15.61|1126551|17271196.00|1|0.0000|0.0000|0.0000|0|15.61
金沃股份|300984|2.22|3390240|170531488.00|-2.74|4.08|-12.55|52.60|50.05|53.56|45.00|3.39|51.46|3036362|154985856.00|1|0.0000|0.0000|0.0000|0|51.46
致远新能|300985|1.84|3189359|43855880.00|-1.35|2.69|-9.14|14.38|13.93|14.50|12.83|3.19|14.12|3003120|42193344.00|1|0.0000|0.0000|0.0000|0|14.12
志特新材|300986|-0.19|10531001|157189872.00|-1.55|1.42|-10.84|15.47|15.26|15.72|13.82|10.53|15.50|11394600|173996528.00|1|0.0000|0.0000|0.0000|0|15.50
川网传媒|300987|5.53|16239635|222385280.00|-2.04|6.62|-10.33|14.51|13.47|14.66|12.33|16.24|13.75|15728250|216218816.00|1|0.0000|0.0000|0.0000|0|13.75
津荣天宇|300988|3.42|7015800|112698952.00|-2.32|4.09|-9.34|16.94|16.00|17.05|14.85|7.02|16.38|6089000|101409008.00|1|0.0000|0.0000|0.0000|0|16.38
蕾奥规划|300989|3.00|11563436|195251088.00|-2.04|3.72|-4.86|17.18|16.34|17.30|15.87|11.56|16.68|10859683|177110448.00|1|0.0000|0.0000|0.0000|0|16.68
同飞股份|300990|3.36|2040820|71454336.00|-2.37|4.44|-8.16|36.59|34.56|36.97|32.51|2.04|35.40|2087420|73848864.00|1|0.0000|0.0000|0.0000|0|35.40
创益通|300991|2.93|5087744|76119568.00|-1.95|4.10|-11.52|15.82|15.07|16.00|13.60|5.09|15.37|4621600|71237872.00|1|0.0000|0.0000|0.0000|0|15.37
泰福泵业|300992|1.52|2360241|40873076.00|-2.03|2.03|-9.79|18.04|17.41|18.13|16.03|2.36|17.77|2185172|38771704.00|1|0.0000|0.0000|0.0000|0|17.77
玉马科技|300993|3.49|8267970|73497880.00|-1.01|5.06|-6.75|9.20|8.80|9.34|8.29|8.27|8.89|8643180|77004880.00|1|0.0000|0.0000|0.0000|0|8.89
久祺股份|300994|0.46|8152289|83002496.00|-1.76|1.48|-11.97|10.83|10.59|10.94|9.49|8.15|10.78|10128269|109861024.00|1|0.0000|0.0000|0.0000|0|10.78
奇德新材|300995|20.00|8392100|192202752.00|1.32|20.00|-7.76|25.50|21.53|25.50|19.60|8.39|21.25|7104200|151740624.00|1|0.0000|0.0000|0.0000|0|21.25
普联软件|300996|1.88|10904220|229114624.00|-1.79|3.30|-7.91|21.64|20.86|21.94|19.56|10.90|21.24|10739536|228369712.00|1|0.0000|0.0000|0.0000|0|21.24
欢乐家|300997|4.89|8657909|113741160.00|-1.22|6.19|-6.95|13.73|12.93|13.90|12.18|8.66|13.09|9113400|117037520.00|1|0.0000|0.0000|0.0000|0|13.09
宁波方正|300998|4.93|4569300|66116572.00|-0.69|5.35|-6.99|15.31|14.49|15.37|13.57|4.57|14.59|4591800|66282584.00|1|0.0000|0.0000|0.0000|0|14.59
金龙鱼|300999|0.77|22355404|723278592.00|-0.19|1.58|-2.10|32.58|32.27|32.84|31.65|22.36|32.33|24756503|782526720.00|1|0.0000|0.0000|0.0000|0|32.33
肇民科技|301000|1.13|17577394|567468928.00|-4.71|2.80|-14.12|33.94|31.98|34.50|28.82|17.58|33.56|17302998|578490304.00|1|0.0000|0.0000|0.0000|0|33.56
凯淳股份|301001|5.41|3391881|82824896.00|-1.14|6.79|-9.68|25.91|24.30|26.25|22.20|3.39|24.58|2881800|70404624.00|1|0.0000|0.0000|0.0000|0|24.58
崧盛股份|301002|3.58|2148760|28882590.00|-2.56|4.09|-8.48|14.17|13.33|14.24|12.52|2.15|13.68|1938950|26485068.00|1|0.0000|0.0000|0.0000|0|13.68
江苏博云|301003|2.15|3207200|73381416.00|-1.25|3.65|-8.33|23.79|23.00|24.14|21.35|3.21|23.29|3473730|81349520.00|1|0.0000|0.0000|0.0000|0|23.29
嘉益股份|301004|-0.62|1561000|113012304.00|-4.64|0.61|-8.86|75.03|72.00|75.96|68.81|1.56|75.50|1947354|142115984.00|1|0.0000|0.0000|0.0000|0|75.50
超捷股份|301005|3.39|7527410|185824400.00|-3.83|4.47|-11.09|25.91|24.10|26.18|22.28|7.53|25.06|6576260|164829840.00|1|0.0000|0.0000|0.0000|0|25.06
迈拓股份|301006|2.98|1991600|23624992.00|-2.32|3.98|-8.04|12.43|11.79|12.55|11.10|1.99|12.07|1819000|21890536.00|1|0.0000|0.0000|0.0000|0|12.07
德迈仕|301007|1.96|16443967|258282608.00|-2.69|3.85|-14.50|16.67|15.91|16.98|13.98|16.44|16.35|16725449|271396288.00|1|0.0000|0.0000|0.0000|0|16.35
宏昌科技|301008|3.84|3618811|62310572.00|-2.01|4.65|-10.21|18.10|17.08|18.24|15.65|3.62|17.43|4051959|71878784.00|1|0.0000|0.0000|0.0000|0|17.43
可靠股份|301009|3.50|8969200|86886688.00|-1.54|5.05|-7.93|10.05|9.56|10.20|8.94|8.97|9.71|9572461|93955184.00|1|0.0000|0.0000|0.0000|0|9.71
晶雪节能|301010|1.38|6652900|91380000.00|-1.87|2.21|-11.89|14.66|14.19|14.78|12.74|6.65|14.46|8072800|117606416.00|1|0.0000|0.0000|0.0000|0|14.46
华立科技|301011|6.79|7573656|176791472.00|-1.48|8.67|-8.58|24.52|22.62|24.95|20.99|7.57|22.96|6510872|149570320.00|1|0.0000|0.0000|0.0000|0|22.96
扬电科技|301012|3.59|7601930|160821200.00|-2.01|4.76|-10.92|22.20|21.00|22.45|19.09|7.60|21.43|6660488|143026400.00|1|0.0000|0.0000|0.0000|0|21.43
利和兴|301013|6.14|35467550|464945056.00|-2.55|7.19|-14.38|14.17|13.01|14.31|11.43|35.47|13.35|26436250|357473632.00|1|0.0000|0.0000|0.0000|0|13.35
百洋医药|301015|0.32|6522800|121561264.00|-2.22|0.69|-6.01|19.02|18.54|19.09|17.82|6.52|18.96|8460700|160728176.00|1|0.0000|0.0000|0.0000|0|18.96
雷尔伟|301016|-2.82|18776593|479633888.00|-7.12|-1.37|-16.73|26.90|25.71|27.30|23.05|18.78|27.68|23342151|623795136.00|1|0.0000|0.0000|0.0000|0|27.68
漱玉平民|301017|2.68|5302484|52478744.00|-1.98|3.67|-8.13|10.35|9.88|10.45|9.26|5.30|10.08|5425201|54369636.00|1|0.0000|0.0000|0.0000|0|10.08
申菱环境|301018|3.16|10306400|310233376.00|-2.74|3.91|-10.82|31.65|29.84|31.88|27.36|10.31|30.68|8491600|257556784.00|1|0.0000|0.0000|0.0000|0|30.68
宁波色母|301019|1.42|2843180|39743480.00|-2.34|2.97|-9.13|14.33|13.80|14.55|12.84|2.84|14.13|2465332|34781836.00|1|0.0000|0.0000|0.0000|0|14.13
密封科技|301020|1.80|3595400|60329660.00|-2.91|2.68|-10.12|17.50|16.69|17.65|15.45|3.60|17.19|3544837|60608672.00|1|0.0000|0.0000|0.0000|0|17.19
英诺激光|301021|2.91|7467729|185798000.00|-4.95|4.08|-12.41|26.20|24.20|26.50|22.30|7.47|25.46|6784341|172945952.00|1|0.0000|0.0000|0.0000|0|25.46
海泰科|301022|3.65|3423347|73636728.00|-3.56|4.37|-12.98|22.99|21.39|23.15|19.30|3.42|22.18|3286733|73350624.00|1|0.0000|0.0000|0.0000|0|22.18
奕帆传动|301023|2.13|2189350|113284104.00|-1.81|2.68|-11.06|54.09|52.00|54.38|47.10|2.19|52.96|2263994|119509648.00|1|0.0000|0.0000|0.0000|0|52.96
霍普股份|301024|11.72|2015950|48116180.00|-0.18|16.30|-6.08|25.36|22.66|26.40|21.32|2.02|22.70|1737900|38230256.00|1|0.0000|0.0000|0.0000|0|22.70
读客文化|301025|3.79|31585767|282362464.00|-1.41|5.31|-15.28|9.58|9.10|9.72|7.82|31.59|9.23|28294237|256152608.00|1|0.0000|0.0000|0.0000|0|9.23
浩通科技|301026|0.22|2303939|60165624.00|-1.64|1.42|-8.58|26.86|26.36|27.18|24.50|2.30|26.80|2326540|61985348.00|1|0.0000|0.0000|0.0000|0|26.80
华蓝集团|301027|4.77|7338800|73712848.00|-2.38|5.66|-10.63|10.55|9.83|10.64|9.00|7.34|10.07|7066400|71380336.00|1|0.0000|0.0000|0.0000|0|10.07
东亚机械|301028|1.81|10575700|102710464.00|-1.31|2.42|-9.26|10.11|9.80|10.17|9.01|10.58|9.93|9783200|98366560.00|1|0.0000|0.0000|0.0000|0|9.93
怡合达|301029|3.25|8551172|178681584.00|-2.30|4.26|-7.32|21.58|20.42|21.79|19.37|8.55|20.90|10719908|224225296.00|1|0.0000|0.0000|0.0000|0|20.90
仕净科技|301030|2.43|7969620|138011952.00|-1.41|3.28|-8.76|18.13|17.45|18.28|16.15|7.97|17.70|7462620|131669376.00|1|0.0000|0.0000|0.0000|0|17.70
中熔电气|301031|-1.06|1093351|113938720.00|-2.01|1.31|-6.40|104.89|103.88|107.40|99.23|1.09|106.01|1153651|121312960.00|1|0.0000|0.0000|0.0000|0|106.01
新柴股份|301032|1.92|31814300|422845792.00|1.55|3.40|-8.21|13.78|13.73|13.98|12.41|31.81|13.52|23483268|302589760.00|1|0.0000|0.0000|0.0000|0|13.52
迈普医学|301033|2.91|1268300|54808176.00|-3.25|3.51|-5.15|44.92|42.23|45.18|41.40|1.27|43.65|1279800|55984920.00|1|0.0000|0.0000|0.0000|0|43.65
润丰股份|301035|-1.99|1865200|100875712.00|0.00|2.04|-4.68|53.79|54.88|56.00|52.31|1.87|54.88|2234638|123011992.00|1|0.0000|0.0000|0.0000|0|54.88
双乐股份|301036|4.33|5464800|188163616.00|-2.34|4.88|-10.11|36.11|33.80|36.30|31.11|5.46|34.61|4679400|160753008.00|1|0.0000|0.0000|0.0000|0|34.61
保立佳|301037|-0.71|4023750|43040612.00|-0.62|0.62|-11.52|11.20|11.21|11.35|9.98|4.02|11.28|3078340|34572520.00|1|0.0000|0.0000|0.0000|0|11.28
深水规院|301038|1.44|8694975|141827232.00|-2.34|2.64|-9.19|16.88|16.25|17.08|15.11|8.69|16.64|9818110|160843136.00|1|0.0000|0.0000|0.0000|0|16.64
中集车辆|301039|0.23|18673985|158342928.00|-1.40|0.70|-4.66|8.61|8.47|8.65|8.19|18.67|8.59|23905700|205713120.00|1|0.0000|0.0000|0.0000|0|8.59
中环海陆|301040|15.52|7085822|104384248.00|-0.43|16.02|-8.12|16.08|13.86|16.15|12.79|7.09|13.92|3959400|54703244.00|1|0.0000|0.0000|0.0000|0|13.92
金百泽|301041|1.65|4079100|80022200.00|-2.00|3.00|-9.75|20.34|19.61|20.61|18.06|4.08|20.01|3234801|64880920.00|1|0.0000|0.0000|0.0000|0|20.01
安联锐视|301042|0.99|1593026|47288328.00|-1.85|1.65|-6.41|30.55|29.69|30.75|28.31|1.59|30.25|1461655|44187188.00|1|0.0000|0.0000|0.0000|0|30.25
绿岛风|301043|2.73|946400|23434010.00|-2.61|3.24|-8.38|25.99|24.64|26.12|23.18|0.95|25.30|1037500|26084668.00|1|0.0000|0.0000|0.0000|0|25.30
天禄科技|301045|2.81|2796780|48973320.00|-1.63|3.76|-7.02|18.30|17.51|18.47|16.55|2.80|17.80|2390800|42854040.00|1|0.0000|0.0000|0.0000|0|17.80
能辉科技|301046|2.89|3029000|51445116.00|-1.74|3.70|-7.75|17.79|16.99|17.93|15.95|3.03|17.29|2950900|51245632.00|1|0.0000|0.0000|0.0000|0|17.29
义翘神州|301047|1.09|1281490|76605544.00|-0.93|1.75|-5.03|61.10|59.88|61.50|57.40|1.28|60.44|1461074|88248432.00|1|0.0000|0.0000|0.0000|0|60.44
金鹰重工|301048|19.95|47314149|487091008.00|-0.81|19.95|-1.15|10.40|8.60|10.40|8.57|47.31|8.67|13955521|120341656.00|1|0.0000|0.0000|0.0000|0|8.67
超越科技|301049|4.03|2041000|38107552.00|-1.70|4.94|-8.81|19.60|18.52|19.77|17.18|2.04|18.84|1779913|33238408.00|1|0.0000|0.0000|0.0000|0|18.84
雷电微力|301050|8.76|13668607|644138816.00|-1.69|9.67|-2.63|48.81|44.12|49.22|43.70|13.67|44.88|9734420|435776256.00|1|0.0000|0.0000|0.0000|0|44.88
信濠光电|301051|2.56|2484876|47075632.00|-0.97|3.02|-10.71|20.01|19.32|20.10|17.42|2.48|19.51|2652021|52281812.00|1|0.0000|0.0000|0.0000|0|19.51
果麦文化|301052|6.27|20361651|698352320.00|-2.45|8.48|-10.40|35.95|33.00|36.70|30.31|20.36|33.83|18711190|607548416.00|1|0.0000|0.0000|0.0000|0|33.83
远信工业|301053|3.13|2772826|58229632.00|-1.82|4.72|-10.00|22.06|21.00|22.40|19.25|2.77|21.39|3354756|72920824.00|1|0.0000|0.0000|0.0000|0|21.39
张小泉|301055|1.66|4112708|52440404.00|-1.89|2.57|-10.87|13.47|13.00|13.59|11.81|4.11|13.25|3983064|52899856.00|1|0.0000|0.0000|0.0000|0|13.25
森赫股份|301056|3.40|4675200|33546620.00|-1.77|3.95|-8.84|7.60|7.22|7.64|6.70|4.68|7.35|5230500|38505640.00|1|0.0000|0.0000|0.0000|0|7.35
汇隆新材|301057|0.47|5982400|72070704.00|-2.75|1.57|-12.95|12.80|12.39|12.94|11.09|5.98|12.74|4782200|60839404.00|1|0.0000|0.0000|0.0000|0|12.74
中粮科工|301058|19.97|77615581|1003657024.00|8.86|19.97|3.36|13.94|12.65|13.94|12.01|77.62|11.62|25907300|283436704.00|1|0.0000|0.0000|0.0000|0|11.62
金三江|301059|-0.64|7902124|70586488.00|-0.11|1.28|-10.68|9.30|9.35|9.48|8.36|7.90|9.36|5735524|53638460.00|1|0.0000|0.0000|0.0000|0|9.36
兰卫医学|301060|3.59|9680500|79572720.00|-1.91|4.07|-8.37|8.66|8.20|8.70|7.66|9.68|8.36|10102100|85515008.00|1|0.0000|0.0000|0.0000|0|8.36
匠心家居|301061|-1.19|2359428|121285072.00|-4.87|0.00|-7.32|52.11|50.17|52.74|48.88|2.36|52.74|3956878|203533088.00|1|0.0000|0.0000|0.0000|0|52.74
上海艾录|301062|3.06|13604535|100829472.00|-1.20|3.99|-8.24|7.75|7.43|7.82|6.90|13.60|7.52|13571750|101899584.00|1|0.0000|0.0000|0.0000|0|7.52
海锅股份|301063|3.43|9802913|226351376.00|-2.37|6.90|-8.22|23.53|22.21|24.32|20.88|9.80|22.75|9654062|218591696.00|1|0.0000|0.0000|0.0000|0|22.75
本立科技|301065|4.72|10701708|231000544.00|-2.57|6.77|-8.45|22.42|20.86|22.86|19.60|10.70|21.41|7050560|144450640.00|1|0.0000|0.0000|0.0000|0|21.41
万事利|301066|20.00|11707959|143970560.00|-0.98|20.00|-9.87|13.50|11.14|13.50|10.14|11.71|11.25|5372320|60846696.00|1|0.0000|0.0000|0.0000|0|11.25
显盈科技|301067|2.21|3717654|81181496.00|-2.52|4.59|-12.32|23.15|22.08|23.69|19.86|3.72|22.65|2944473|66430768.00|1|0.0000|0.0000|0.0000|0|22.65
大地海洋|301068|1.42|733480|22741526.00|-0.26|3.76|-6.66|31.52|31.00|32.25|29.01|0.73|31.08|953750|29611640.00|1|0.0000|0.0000|0.0000|0|31.08
凯盛新材|301069|2.22|8229600|101382080.00|-1.51|3.26|-9.45|12.87|12.40|13.00|11.40|8.23|12.59|8277921|104278624.00|1|0.0000|0.0000|0.0000|0|12.59
开勒股份|301070|8.73|1895772|99244776.00|-1.88|9.63|-5.71|54.30|49.00|54.75|47.09|1.90|49.94|1344500|66825504.00|1|0.0000|0.0000|0.0000|0|49.94
力量钻石|301071|1.87|5582920|152576272.00|-1.95|2.88|-7.13|28.28|27.22|28.56|25.78|5.58|27.76|6507904|181599008.00|1|0.0000|0.0000|0.0000|0|27.76
中捷精工|301072|3.32|2293840|36596820.00|-1.11|4.30|-10.44|16.82|16.10|16.98|14.58|2.29|16.28|2316340|37795208.00|1|0.0000|0.0000|0.0000|0|16.28
君亭酒店|301073|8.34|13699484|290182688.00|-1.34|8.72|-8.48|22.61|20.59|22.69|19.10|13.70|20.87|11290250|234489088.00|1|0.0000|0.0000|0.0000|0|20.87
多瑞医药|301075|-4.70|10998619|235453920.00|-5.32|-1.26|-19.75|22.73|22.58|23.55|19.14|11.00|23.85|12491857|305770688.00|1|0.0000|0.0000|0.0000|0|23.85
新瀚新材|301076|5.63|5757345|122596192.00|-0.05|6.80|-10.28|22.51|21.30|22.76|19.12|5.76|21.31|5282926|114017632.00|1|0.0000|0.0000|0.0000|0|21.31
星华新材|301077|-9.12|9457000|285433824.00|-4.62|-4.62|-20.00|31.08|32.62|32.62|27.36|9.46|34.20|10922002|367054368.00|1|0.0000|0.0000|0.0000|0|34.20
孩子王|301078|7.99|168206966|2089764736.00|1.57|9.56|-6.10|13.11|12.33|13.30|11.40|168.21|12.14|91871472|1073135360.00|1|0.0000|0.0000|0.0000|0|12.14
邵阳液压|301079|5.40|23756026|551215488.00|-1.78|6.84|-14.57|24.81|23.12|25.15|20.11|23.76|23.54|23130446|541285120.00|1|0.0000|0.0000|0.0000|0|23.54
百普赛斯|301080|2.47|3309892|130332280.00|-2.79|3.01|-9.36|41.15|39.04|41.37|36.40|3.31|40.16|2895406|116630200.00|1|0.0000|0.0000|0.0000|0|40.16
严牌股份|301081|1.54|3219112|26431774.00|-1.18|2.25|-9.81|8.59|8.36|8.65|7.63|3.22|8.46|3210562|27082520.00|1|0.0000|0.0000|0.0000|0|8.46
久盛电气|301082|-0.27|28438540|397188320.00|-4.82|3.48|-16.95|14.89|14.21|15.45|12.40|28.44|14.93|24783297|364040864.00|1|0.0000|0.0000|0.0000|0|14.93
百胜智能|301083|4.24|5582213|68000000.00|-1.88|4.89|-9.38|12.78|12.03|12.86|11.11|5.58|12.26|5245700|64857872.00|1|0.0000|0.0000|0.0000|0|12.26
亚康股份|301085|3.83|3065945|155541584.00|-1.73|4.88|-7.81|52.93|50.10|53.47|47.00|3.07|50.98|2915341|147874240.00|1|0.0000|0.0000|0.0000|0|50.98
鸿富瀚|301086|2.95|1494050|56091824.00|-2.09|3.44|-10.04|39.48|37.55|39.67|34.50|1.49|38.35|1318073|50605240.00|1|0.0000|0.0000|0.0000|0|38.35
可孚医疗|301087|-0.09|1749850|55551308.00|-0.99|0.77|-4.61|32.26|31.97|32.54|30.80|1.75|32.29|2750149|88433048.00|1|0.0000|0.0000|0.0000|0|32.29
戎美股份|301088|2.41|2829800|32184876.00|-1.64|2.84|-7.41|11.89|11.42|11.94|10.75|2.83|11.61|2818300|32697060.00|1|0.0000|0.0000|0.0000|0|11.61
拓新药业|301089|1.64|5802700|144900368.00|-1.13|2.53|-9.66|26.10|25.39|26.33|23.20|5.80|25.68|6982171|182663744.00|1|0.0000|0.0000|0.0000|0|25.68
华润材料|301090|3.01|9953300|65855572.00|-1.50|3.76|-6.17|6.85|6.55|6.90|6.24|9.95|6.65|11318498|74549416.00|1|0.0000|0.0000|0.0000|0|6.65
深城交|301091|4.26|10439350|334246176.00|-1.73|5.61|-6.05|33.07|31.17|33.50|29.80|10.44|31.72|12011868|378289184.00|1|0.0000|0.0000|0.0000|0|31.72
争光股份|301092|-1.06|8348934|226257616.00|-3.11|0.00|-12.31|27.98|27.40|28.28|24.80|8.35|28.28|9638791|263010928.00|1|0.0000|0.0000|0.0000|0|28.28
华兰股份|301093|0.56|3054100|69983088.00|-1.71|2.05|-8.03|23.53|23.00|23.88|21.52|3.05|23.40|3526500|82857784.00|1|0.0000|0.0000|0.0000|0|23.40
广立微|301095|5.14|6567211|319407136.00|-1.34|9.81|-4.05|49.31|46.27|51.50|45.00|6.57|46.90|5425085|255086176.00|1|0.0000|0.0000|0.0000|0|46.90
百诚医药|301096|0.21|3165665|101841784.00|-2.87|0.79|-7.58|33.18|32.16|33.37|30.60|3.17|33.11|3217700|106852576.00|1|0.0000|0.0000|0.0000|0|33.11
天益医疗|301097|2.07|779700|24505244.00|-1.76|2.56|-9.48|33.04|31.80|33.20|29.30|0.78|32.37|818400|26317596.00|1|0.0000|0.0000|0.0000|0|32.37
金埔园林|301098|3.46|4731331|33741820.00|-1.94|4.02|-7.20|7.47|7.08|7.51|6.70|4.73|7.22|3900665|28109504.00|1|0.0000|0.0000|0.0000|0|7.22
雅创电子|301099|7.94|6467776|272211840.00|-3.05|12.61|-6.95|43.50|39.07|45.38|37.50|6.47|40.30|4890871|195297248.00|1|0.0000|0.0000|0.0000|0|40.30
风光股份|301100|3.12|2295366|31944882.00|-1.99|4.26|-7.46|14.52|13.80|14.68|13.03|2.30|14.08|2392300|33845804.00|1|0.0000|0.0000|0.0000|0|14.08
明月镜片|301101|1.53|9169961|415780864.00|-1.72|3.69|-10.00|46.50|45.01|47.49|41.22|9.17|45.80|7819037|356313664.00|1|0.0000|0.0000|0.0000|0|45.80
兆讯传媒|301102|2.86|6703616|60001628.00|-1.21|3.08|-8.46|9.36|8.99|9.38|8.33|6.70|9.10|6492150|58683368.00|1|0.0000|0.0000|0.0000|0|9.10
何氏眼科|301103|1.89|2230650|38217508.00|-1.66|2.52|-7.15|17.82|17.20|17.93|16.24|2.23|17.49|2504200|43881564.00|1|0.0000|0.0000|0.0000|0|17.49
鸿铭股份|301105|-2.01|1605931|44032920.00|-1.20|0.39|-11.59|27.72|27.95|28.40|25.01|1.61|28.29|1864762|52464116.00|1|0.0000|0.0000|0.0000|0|28.29
骏成科技|301106|0.66|2158199|51170184.00|-1.03|2.44|-8.51|24.36|23.95|24.79|22.14|2.16|24.20|1871640|45181324.00|1|0.0000|0.0000|0.0000|0|24.20
瑜欣电子|301107|1.14|2654600|67182208.00|-1.71|2.21|-11.52|26.60|25.85|26.88|23.27|2.65|26.30|3309537|86787032.00|1|0.0000|0.0000|0.0000|0|26.30
洁雅股份|301108|1.24|1746700|39686300.00|-1.79|2.05|-8.93|23.69|22.98|23.88|21.31|1.75|23.40|2161520|49989984.00|1|0.0000|0.0000|0.0000|0|23.40
军信股份|301109|1.23|7221227|127903656.00|-2.29|2.18|-6.25|18.14|17.51|18.31|16.80|7.22|17.92|7372500|132557752.00|1|0.0000|0.0000|0.0000|0|17.92
青木科技|301110|5.22|3085120|121274968.00|-1.09|5.86|-9.23|41.50|39.01|41.75|35.80|3.09|39.44|2492560|98162712.00|1|0.0000|0.0000|0.0000|0|39.44
粤万年青|301111|2.07|4906300|63848768.00|-1.63|2.44|-9.76|13.80|13.30|13.85|12.20|4.91|13.52|4287667|57776288.00|1|0.0000|0.0000|0.0000|0|13.52
信邦智能|301112|3.01|3556500|72629584.00|-2.63|3.96|-11.22|21.58|20.40|21.78|18.60|3.56|20.95|3095100|64563680.00|1|0.0000|0.0000|0.0000|0|20.95
雅艺科技|301113|2.42|1131600|23211676.00|-2.47|3.14|-9.55|21.55|20.52|21.70|19.03|1.13|21.04|1106800|23242364.00|1|0.0000|0.0000|0.0000|0|21.04
联检科技|301115|2.29|2286900|29034564.00|-1.34|3.23|-4.49|12.98|12.52|13.10|12.12|2.29|12.69|2377100|30021410.00|1|0.0000|0.0000|0.0000|0|12.69
益客食品|301116|-3.44|35629100|489320128.00|-5.10|0.90|-10.06|14.02|13.78|14.65|13.06|35.63|14.52|41638900|574953088.00|1|0.0000|0.0000|0.0000|0|14.52
佳缘科技|301117|6.22|4005900|108104608.00|-0.99|7.02|-6.33|28.01|26.11|28.22|24.70|4.01|26.37|3468400|92029072.00|1|0.0000|0.0000|0.0000|0|26.37
恒光股份|301118|-7.23|11468589|243623184.00|-3.91|-3.87|-19.98|21.82|22.60|22.61|18.82|11.47|23.52|15655897|362471520.00|1|0.0000|0.0000|0.0000|0|23.52
正强股份|301119|6.74|3607228|82793608.00|-2.13|8.61|-11.74|24.55|22.51|24.98|20.30|3.61|23.00|3032473|70317768.00|1|0.0000|0.0000|0.0000|0|23.00
新特电气|301120|2.50|15453500|120326304.00|-1.50|3.00|-9.75|8.20|7.88|8.24|7.22|15.45|8.00|13984150|112292000.00|1|0.0000|0.0000|0.0000|0|8.00
紫建电子|301121|1.29|3258200|141930464.00|-3.13|2.80|-11.05|45.57|43.58|46.25|40.02|3.26|44.99|3326702|149447568.00|1|0.0000|0.0000|0.0000|0|44.99
采纳股份|301122|-0.61|4890303|85024824.00|-2.21|-0.44|-9.19|17.95|17.66|17.98|16.40|4.89|18.06|2913263|52648700.00|1|0.0000|0.0000|0.0000|0|18.06
奕东电子|301123|2.67|4161786|70100080.00|-1.80|3.31|-9.82|17.67|16.90|17.78|15.52|4.16|17.21|3858343|66256024.00|1|0.0000|0.0000|0.0000|0|17.21
腾亚精工|301125|3.73|7710452|75169912.00|-2.32|5.65|-10.58|10.29|9.69|10.48|8.87|7.71|9.92|7398080|73358728.00|1|0.0000|0.0000|0.0000|0|9.92
达嘉维康|301126|1.24|8826100|82248976.00|-1.44|1.75|-10.30|9.83|9.57|9.88|8.71|8.83|9.71|8188154|79909696.00|1|0.0000|0.0000|0.0000|0|9.71
武汉天源|301127|3.77|14955193|198746528.00|-0.96|4.87|-11.15|14.05|13.41|14.20|12.03|14.96|13.54|15767846|212910304.00|1|0.0000|0.0000|0.0000|0|13.54
强瑞技术|301128|6.91|4959900|277600096.00|-1.00|8.51|-9.09|58.80|54.45|59.68|50.00|4.96|55.00|4575000|254696416.00|1|0.0000|0.0000|0.0000|0|55.00
瑞纳智能|301129|3.88|2656200|46074544.00|0.86|5.76|-8.73|18.21|17.68|18.54|16.00|2.66|17.53|2308140|40335532.00|1|0.0000|0.0000|0.0000|0|17.53
西点药业|301130|0.04|1712101|41302756.00|-2.11|0.60|-9.15|25.14|24.60|25.28|22.83|1.71|25.13|1646726|41501424.00|1|0.0000|0.0000|0.0000|0|25.13
聚赛龙|301131|3.34|1534900|49256996.00|-2.74|4.50|-9.42|34.00|32.00|34.38|29.80|1.53|32.90|1432032|47114068.00|1|0.0000|0.0000|0.0000|0|32.90
满坤科技|301132|2.51|2912833|60732292.00|-2.42|3.75|-8.06|21.62|20.58|21.88|19.39|2.91|21.09|2893800|61013260.00|1|0.0000|0.0000|0.0000|0|21.09
金钟股份|301133|2.04|2645500|50221128.00|-1.84|3.11|-10.67|19.99|19.23|20.20|17.50|2.65|19.59|1922994|37637728.00|1|0.0000|0.0000|0.0000|0|19.59
瑞德智能|301135|2.26|3735176|72851008.00|-1.20|3.66|-10.73|20.40|19.71|20.68|17.81|3.74|19.95|3639908|73016088.00|1|0.0000|0.0000|0.0000|0|19.95
招标股份|301136|5.47|8731900|88417816.00|-1.59|6.27|-7.26|10.60|9.89|10.68|9.32|8.73|10.05|8354400|84300016.00|1|0.0000|0.0000|0.0000|0|10.05
哈焊华通|301137|7.54|15371147|316619168.00|-1.27|9.60|-11.07|21.96|20.16|22.38|18.16|15.37|20.42|16305960|331147168.00|1|0.0000|0.0000|0.0000|0|20.42
华研精机|301138|-0.98|6550478|174590736.00|1.71|1.71|-9.55|27.26|28.00|28.00|24.90|6.55|27.53|3406600|91495976.00|1|0.0000|0.0000|0.0000|0|27.53
元道通信|301139|1.35|12802288|351119648.00|-3.47|3.05|-10.99|28.59|27.23|29.07|25.11|12.80|28.21|12610100|356396704.00|1|0.0000|0.0000|0.0000|0|28.21
中科磁业|301141|1.21|8627519|340816256.00|-2.12|2.50|-4.44|40.12|38.80|40.63|37.88|8.63|39.64|8699200|331590464.00|1|0.0000|0.0000|0.0000|0|39.64
嘉戎技术|301148|2.65|1908000|32030164.00|-2.47|3.29|-7.59|17.45|16.58|17.56|15.71|1.91|17.00|2120957|36106420.00|1|0.0000|0.0000|0.0000|0|17.00
隆华新材|301149|1.54|7986714|70974832.00|-1.54|1.97|-8.77|9.26|8.98|9.30|8.32|7.99|9.12|8915614|81742072.00|1|0.0000|0.0000|0.0000|0|9.12
中一科技|301150|2.03|2765586|45821048.00|-2.69|2.75|-6.64|17.06|16.27|17.18|15.61|2.77|16.72|2781770|46800012.00|1|0.0000|0.0000|0.0000|0|16.72
冠龙节能|301151|3.42|3833600|49907272.00|-1.06|4.18|-6.84|13.60|13.01|13.70|12.25|3.83|13.15|3655693|47903388.00|1|0.0000|0.0000|0.0000|0|13.15
天力锂能|301152|3.72|4318200|85557592.00|-3.02|4.87|-7.59|20.64|19.30|20.87|18.39|4.32|19.90|3715727|73987096.00|1|0.0000|0.0000|0.0000|0|19.90
中科江南|301153|3.18|7197662|167697936.00|-1.16|3.87|-6.15|23.98|22.97|24.14|21.81|7.20|23.24|6993497|162601408.00|1|0.0000|0.0000|0.0000|0|23.24
海力风电|301155|1.88|2536200|143027152.00|-1.65|3.10|-4.20|57.49|55.50|58.18|54.06|2.54|56.43|2913702|164869216.00|1|0.0000|0.0000|0.0000|0|56.43
美农生物|301156|16.99|29966582|927192768.00|15.50|20.01|8.05|31.40|31.00|32.21|29.00|29.97|26.84|22731141|589532608.00|1|0.0000|0.0000|0.0000|0|26.84
华塑科技|301157|4.27|2223718|86910424.00|-2.13|5.40|-11.24|41.55|39.00|42.00|35.37|2.22|39.85|1634948|65392572.00|1|0.0000|0.0000|0.0000|0|39.85
德石股份|301158|3.41|11929400|166446064.00|-2.34|5.54|-9.59|14.56|13.75|14.86|12.73|11.93|14.08|12253158|173341312.00|1|0.0000|0.0000|0.0000|0|14.08
三维天地|301159|6.60|2626180|67114584.00|-0.04|7.82|-7.47|26.98|25.30|27.29|23.42|2.63|25.31|2151500|54363880.00|1|0.0000|0.0000|0.0000|0|25.31
翔楼新材|301160|5.26|4724500|333286912.00|-3.15|6.53|-10.00|74.10|68.18|75.00|63.36|4.72|70.40|4635265|327511328.00|1|0.0000|0.0000|0.0000|0|70.40
唯万密封|301161|2.81|5425433|97061712.00|-2.64|4.19|-10.02|18.67|17.68|18.92|16.34|5.43|18.16|5588137|101690744.00|1|0.0000|0.0000|0.0000|0|18.16
国能日新|301162|14.61|7116595|394161888.00|-4.10|18.99|-4.10|56.73|47.47|58.90|47.47|7.12|49.50|2862200|141412352.00|1|0.0000|0.0000|0.0000|0|49.50
宏德股份|301163|2.88|3079716|56001112.00|-0.96|3.95|-10.78|19.27|18.55|19.47|16.71|3.08|18.73|2563716|48324432.00|1|0.0000|0.0000|0.0000|0|18.73
锐捷网络|301165|2.30|6930359|414421120.00|-2.91|3.26|-7.23|61.42|58.29|62.00|55.70|6.93|60.04|6446506|388500672.00|1|0.0000|0.0000|0.0000|0|60.04
优宁维|301166|1.77|1772900|45949344.00|-1.77|2.53|-8.04|26.97|26.03|27.17|24.37|1.77|26.50|1587625|42208028.00|1|0.0000|0.0000|0.0000|0|26.50
建研设计|301167|4.20|3431200|41301988.00|-1.48|5.36|-7.25|12.64|11.95|12.78|11.25|3.43|12.13|3083907|37225916.00|1|0.0000|0.0000|0.0000|0|12.13
通灵股份|301168|3.10|2666087|63086380.00|-1.84|4.10|-7.28|24.64|23.46|24.88|22.16|2.67|23.90|2420300|57744120.00|1|0.0000|0.0000|0.0000|0|23.90
零点有数|301169|3.81|1988782|67448536.00|-3.23|4.52|-7.21|35.40|33.00|35.64|31.64|1.99|34.10|2102400|70262040.00|1|0.0000|0.0000|0.0000|0|34.10
锡南科技|301170|1.02|2835450|56046520.00|-1.61|1.66|-10.13|20.75|20.21|20.88|18.46|2.84|20.54|2135648|43724664.00|1|0.0000|0.0000|0.0000|0|20.54
易点天下|301171|2.35|25810017|535443680.00|-2.07|3.39|-12.85|21.74|20.80|21.96|18.51|25.81|21.24|26535073|558886400.00|1|0.0000|0.0000|0.0000|0|21.24
君逸数码|301172|5.50|3570536|82537584.00|-1.83|6.46|-7.07|24.16|22.48|24.38|21.28|3.57|22.90|3150640|72898760.00|1|0.0000|0.0000|0.0000|0|22.90
毓恬冠佳|301173|0.13|2719949|118907320.00|-1.92|0.74|-12.83|45.98|45.04|46.26|40.03|2.72|45.92|1762236|81580456.00|1|0.0000|0.0000|0.0000|0|45.92
中科环保|301175|5.64|76902285|414816960.00|-0.56|6.77|-5.64|5.62|5.29|5.68|5.02|76.90|5.32|69183553|367596608.00|1|0.0000|0.0000|0.0000|0|5.32
逸豪新材|301176|3.41|4594343|63172256.00|-2.56|4.20|-11.02|14.54|13.70|14.65|12.51|4.59|14.06|4161357|58667456.00|1|0.0000|0.0000|0.0000|0|14.06
迪阿股份|301177|0.79|1969100|45903024.00|-2.77|1.69|-9.47|24.38|23.52|24.60|21.90|1.97|24.19|2365319|57258644.00|1|0.0000|0.0000|0.0000|0|24.19
天亿马|301178|5.88|3250800|89245016.00|-1.70|8.02|-10.01|29.19|27.10|29.78|24.81|3.25|27.57|3323001|91421408.00|1|0.0000|0.0000|0.0000|0|27.57
泽宇智能|301179|3.35|5165494|76634008.00|-2.41|3.89|-6.98|15.41|14.55|15.49|13.87|5.17|14.91|6081232|90970584.00|1|0.0000|0.0000|0.0000|0|14.91
万祥科技|301180|2.75|5745862|61194848.00|-1.83|3.39|-8.81|11.20|10.70|11.27|9.94|5.75|10.90|5363244|58295936.00|1|0.0000|0.0000|0.0000|0|10.90
标榜股份|301181|2.64|2139520|41290708.00|-0.36|3.61|-10.02|20.19|19.60|20.38|17.70|2.14|19.67|2178862|43080792.00|1|0.0000|0.0000|0.0000|0|19.67
凯旺科技|301182|5.18|3715030|103441536.00|-1.50|6.18|-10.75|29.46|27.59|29.74|25.00|3.72|28.01|2943540|83167912.00|1|0.0000|0.0000|0.0000|0|28.01
东田微|301183|2.98|3066100|120405416.00|-1.92|4.17|-8.88|40.72|38.78|41.19|36.03|3.07|39.54|2586600|102368616.00|1|0.0000|0.0000|0.0000|0|39.54
鸥玛软件|301185|4.99|4894400|75183888.00|-1.12|5.64|-6.82|16.00|15.07|16.10|14.20|4.89|15.24|5247900|79812832.00|1|0.0000|0.0000|0.0000|0|15.24
超达装备|301186|1.91|1577974|50248548.00|-2.74|3.62|-9.06|33.53|32.00|34.09|29.92|1.58|32.90|1239961|40865460.00|1|0.0000|0.0000|0.0000|0|32.90
欧圣电气|301187|-0.64|5464920|149255888.00|-3.88|1.10|-11.66|27.94|27.03|28.43|24.84|5.46|28.12|5625000|157111264.00|1|0.0000|0.0000|0.0000|0|28.12
力诺药包|301188|4.23|4313700|71231808.00|-1.84|4.66|-5.15|17.00|16.01|17.07|15.47|4.31|16.31|4479656|72142976.00|1|0.0000|0.0000|0.0000|0|16.31
奥尼电子|301189|2.89|1917753|37927944.00|-2.04|3.79|-8.37|20.65|19.66|20.83|18.39|1.92|20.07|1937270|39023544.00|1|0.0000|0.0000|0.0000|0|20.07
善水科技|301190|1.99|6293556|114915872.00|-3.49|3.49|-10.16|18.98|17.96|19.26|16.72|6.29|18.61|6992951|131679152.00|1|0.0000|0.0000|0.0000|0|18.61
菲菱科思|301191|4.50|2288464|188900224.00|-2.31|6.08|-8.03|85.90|80.30|87.20|75.60|2.29|82.20|2035581|168602448.00|1|0.0000|0.0000|0.0000|0|82.20
泰祥股份|301192|5.03|2569450|40512188.00|-1.64|6.16|-10.06|16.70|15.64|16.88|14.30|2.57|15.90|2340850|37063572.00|1|0.0000|0.0000|0.0000|0|15.90
家联科技|301193|1.05|1078760|15152072.00|-0.98|1.82|-5.95|14.43|14.14|14.54|13.43|1.08|14.28|1218800|17316848.00|1|0.0000|0.0000|0.0000|0|14.28
北路智控|301195|3.94|3140307|89982136.00|-1.41|5.63|-6.69|29.52|28.00|30.00|26.50|3.14|28.40|2338236|66426444.00|1|0.0000|0.0000|0.0000|0|28.40
唯科科技|301196|0.61|4517263|178618800.00|-4.30|2.60|-11.57|40.96|38.96|41.77|36.00|4.52|40.71|5204737|211181680.00|1|0.0000|0.0000|0.0000|0|40.71
工大科雅|301197|2.78|3226362|41089184.00|-1.39|3.63|-8.19|13.30|12.76|13.41|11.88|3.23|12.94|3028462|39086292.00|1|0.0000|0.0000|0.0000|0|12.94
喜悦智行|301198|6.15|5875916|49917324.00|-0.71|7.80|-9.81|8.98|8.40|9.12|7.63|5.88|8.46|4926694|41812180.00|1|0.0000|0.0000|0.0000|0|8.46
迈赫股份|301199|3.97|3905600|104671712.00|-3.72|4.16|-10.78|28.25|26.16|28.30|24.24|3.91|27.17|3370700|91028272.00|1|0.0000|0.0000|0.0000|0|27.17
大族数控|301200|2.37|1625992|54509212.00|-1.77|3.00|-4.80|34.15|32.77|34.36|31.76|1.63|33.36|2002241|67243120.00|1|0.0000|0.0000|0.0000|0|33.36
诚达药业|301201|-5.14|12506345|245586000.00|-4.18|-3.09|-18.14|20.86|21.07|21.31|18.00|12.51|21.99|11210091|243667424.00|1|0.0000|0.0000|0.0000|0|21.99
朗威股份|301202|3.07|4050000|136050544.00|-1.90|3.87|-9.96|35.20|33.50|35.47|30.75|4.05|34.15|4127000|141411248.00|1|0.0000|0.0000|0.0000|0|34.15
国泰环保|301203|1.88|607300|16232409.00|-0.85|2.13|-6.10|27.71|26.97|27.78|25.54|0.61|27.20|688909|18607064.00|1|0.0000|0.0000|0.0000|0|27.20
联特科技|301205|2.96|3310735|175502096.00|-2.78|3.50|-8.91|55.59|52.49|55.88|49.18|3.31|53.99|2995680|162325264.00|1|0.0000|0.0000|0.0000|0|53.99
三元生物|301206|0.89|1894200|46225140.00|-2.14|1.65|-5.17|25.00|24.25|25.19|23.50|1.89|24.78|1865129|45837832.00|1|0.0000|0.0000|0.0000|0|24.78
华兰疫苗|301207|0.45|3654410|56307436.00|-0.83|0.96|-5.92|15.77|15.57|15.85|14.77|3.65|15.70|5586210|87216992.00|1|0.0000|0.0000|0.0000|0|15.70
中亦科技|301208|20.01|8110965|272107136.00|-0.89|20.01|-7.98|37.61|31.06|37.61|28.84|8.11|31.34|4805520|149860400.00|1|0.0000|0.0000|0.0000|0|31.34
联合化学|301209|-0.28|3522915|134275856.00|2.59|2.59|-8.90|38.88|40.00|40.00|35.52|3.52|38.99|3924693|143742176.00|1|0.0000|0.0000|0.0000|0|38.99
金杨精密|301210|5.18|3686882|152580048.00|-2.35|6.54|-8.84|43.43|40.32|43.99|37.64|3.69|41.29|3410405|140774832.00|1|0.0000|0.0000|0.0000|0|41.29
亨迪药业|301211|1.58|8199200|120173496.00|-2.24|2.44|-10.29|15.40|14.82|15.53|13.60|8.20|15.16|7502832|113547584.00|1|0.0000|0.0000|0.0000|0|15.16
联盛化学|301212|1.63|3675208|72466568.00|0.00|3.47|-10.79|20.53|20.20|20.90|18.02|3.68|20.20|4072737|81509104.00|1|0.0000|0.0000|0.0000|0|20.20
观想科技|301213|5.72|1917000|83243720.00|-0.99|6.39|-5.39|44.70|41.86|44.98|40.00|1.92|42.28|1336900|56908608.00|1|0.0000|0.0000|0.0000|0|42.28
中汽股份|301215|5.52|17563596|90969608.00|-0.99|6.31|-3.55|5.35|5.02|5.39|4.89|17.56|5.07|13859996|70042080.00|1|0.0000|0.0000|0.0000|0|5.07
万凯新材|301216|2.19|7827163|87627656.00|-1.84|3.24|-7.54|11.66|11.20|11.78|10.55|7.83|11.41|9931970|113822344.00|1|0.0000|0.0000|0.0000|0|11.41
铜冠铜箔|301217|2.23|8579619|76039464.00|-1.34|2.90|-6.35|9.17|8.85|9.23|8.40|8.58|8.97|9704974|87686072.00|1|0.0000|0.0000|0.0000|0|8.97
华是科技|301218|4.22|5163900|88657440.00|-2.43|4.85|-8.72|18.04|16.89|18.15|15.80|5.16|17.31|4895250|84882984.00|1|0.0000|0.0000|0.0000|0|17.31
腾远钴业|301219|0.99|8611913|365385024.00|-3.25|1.89|-8.48|43.84|42.00|44.23|39.73|8.61|43.41|8551718|370146336.00|1|0.0000|0.0000|0.0000|0|43.41
亚香股份|301220|2.14|4100700|281130784.00|-2.25|4.23|-6.83|70.01|67.00|71.44|63.86|4.10|68.54|4488120|310400768.00|1|0.0000|0.0000|0.0000|0|68.54
光庭信息|301221|3.42|3669700|142063936.00|-2.07|3.90|-8.77|40.55|38.40|40.74|35.77|3.67|39.21|3020800|118698336.00|1|0.0000|0.0000|0.0000|0|39.21
浙江恒威|301222|1.81|1279500|28933140.00|-1.99|2.33|-8.72|23.58|22.70|23.70|21.14|1.28|23.16|1108480|25707406.00|1|0.0000|0.0000|0.0000|0|23.16
中荣股份|301223|0.07|1406300|21007614.00|-0.72|0.72|-4.94|15.20|15.08|15.30|14.44|1.41|15.19|965890|14635264.00|1|0.0000|0.0000|0.0000|0|15.19
恒勃股份|301225|2.25|3605860|113284816.00|-1.23|4.43|-10.16|32.32|31.22|33.01|28.40|3.61|31.61|3681543|116702128.00|1|0.0000|0.0000|0.0000|0|31.61
祥明智能|301226|2.78|4441687|97752440.00|-1.46|4.20|-12.24|23.26|22.30|23.58|19.86|4.44|22.63|4282700|96840872.00|1|0.0000|0.0000|0.0000|0|22.63
森鹰窗业|301227|1.62|2091700|31566792.00|-0.97|3.04|-7.71|15.69|15.29|15.91|14.25|2.09|15.44|1973168|30114810.00|1|0.0000|0.0000|0.0000|0|15.44
实朴检测|301228|20.00|8967700|191332256.00|-2.60|20.00|-5.46|23.52|19.09|23.52|18.53|8.97|19.60|6527500|126323920.00|1|0.0000|0.0000|0.0000|0|19.60
纽泰格|301229|1.37|4102384|78314680.00|-1.67|2.84|-11.05|19.99|19.39|20.28|17.54|4.10|19.72|3971570|79227704.00|1|0.0000|0.0000|0.0000|0|19.72
泓博医药|301230|-0.39|7031790|169877888.00|-3.29|0.39|-12.90|25.40|24.66|25.60|22.21|7.03|25.50|5369695|136435984.00|1|0.0000|0.0000|0.0000|0|25.50
荣信文化|301231|3.57|5524999|114200856.00|-0.90|4.05|-7.86|21.75|20.81|21.85|19.35|5.52|21.00|5655629|115417752.00|1|0.0000|0.0000|0.0000|0|21.00
飞沃科技|301232|2.91|1587520|33958636.00|-1.57|4.48|-7.66|22.30|21.33|22.64|20.01|1.59|21.67|1581100|34408696.00|1|0.0000|0.0000|0.0000|0|21.67
盛帮股份|301233|2.99|1277900|50046376.00|-2.36|4.21|-7.83|40.63|38.52|41.11|36.36|1.28|39.45|1153500|45827344.00|1|0.0000|0.0000|0.0000|0|39.45
五洲医疗|301234|3.29|1425438|34190460.00|-1.73|3.74|-6.91|25.13|23.91|25.24|22.65|1.43|24.33|1029500|25015636.00|1|0.0000|0.0000|0.0000|0|24.33
华康洁净|301235|3.09|2913242|52647556.00|-2.44|3.79|-8.35|19.02|18.00|19.15|16.91|2.91|18.45|2283041|42002472.00|1|0.0000|0.0000|0.0000|0|18.45
软通动力|301236|5.39|43768827|2254550528.00|-1.20|6.44|-2.75|52.57|49.28|53.09|48.51|43.77|49.88|35052448|1742439680.00|1|0.0000|0.0000|0.0000|0|49.88
和顺科技|301237|4.06|1025000|20819908.00|-2.20|4.99|-6.90|21.27|19.99|21.46|19.03|1.03|20.44|824700|16896008.00|1|0.0000|0.0000|0.0000|0|20.44
瑞泰新材|301238|3.41|13918900|211680176.00|-2.95|4.33|-6.89|15.77|14.80|15.91|14.20|13.92|15.25|14275236|217298432.00|1|0.0000|0.0000|0.0000|0|15.25
普瑞眼科|301239|4.52|3527152|145722640.00|-1.48|5.58|-7.65|43.05|40.58|43.49|38.04|3.53|41.19|4368909|178666048.00|1|0.0000|0.0000|0.0000|0|41.19
宏源药业|301246|1.37|4963469|60462512.00|-1.29|1.93|-6.18|12.62|12.29|12.69|11.68|4.96|12.45|5873340|73180272.00|1|0.0000|0.0000|0.0000|0|12.45
杰创智能|301248|2.83|7332870|120897680.00|-4.18|3.89|-10.96|17.45|16.26|17.63|15.11|7.33|16.97|8368700|143080528.00|1|0.0000|0.0000|0.0000|0|16.97
威尔高|301251|2.67|5966886|157401776.00|-3.56|4.41|-10.91|27.68|26.00|28.15|24.02|5.97|26.96|6673901|179721568.00|1|0.0000|0.0000|0.0000|0|26.96
同星科技|301252|1.89|3125690|83362960.00|-1.96|2.72|-11.93|28.10|27.04|28.33|24.29|3.13|27.58|2741985|75062312.00|1|0.0000|0.0000|0.0000|0|27.58
通力科技|301255|4.00|4363000|148704592.00|-0.79|4.99|-10.51|35.62|33.98|35.96|30.65|4.36|34.25|3543222|120389064.00|1|0.0000|0.0000|0.0000|0|34.25
华融化学|301256|-7.66|65713942|952327552.00|-8.68|-1.40|-14.43|14.46|14.30|15.44|13.40|65.71|15.66|74384134|1053440832.00|1|0.0000|0.0000|0.0000|0|15.66
普蕊斯|301257|1.29|3793461|98818648.00|-2.59|2.18|-10.54|27.38|26.33|27.62|24.18|3.79|27.03|3446519|93751768.00|1|0.0000|0.0000|0.0000|0|27.03
富士莱|301258|1.59|3074353|67352472.00|-1.55|2.30|-9.15|22.99|22.28|23.15|20.56|3.07|22.63|3130714|71382856.00|1|0.0000|0.0000|0.0000|0|22.63
艾布鲁|301259|2.91|4684571|144620352.00|-2.56|4.79|-10.48|32.21|30.50|32.80|28.02|4.68|31.30|4512783|140145808.00|1|0.0000|0.0000|0.0000|0|31.30
格力博|301260|0.82|5384514|63980896.00|-1.64|1.48|-8.28|12.30|12.00|12.38|11.19|5.38|12.20|6958765|83997008.00|1|0.0000|0.0000|0.0000|0|12.20
恒工精密|301261|3.85|5578798|404824800.00|-0.54|6.19|-10.15|75.29|72.11|76.99|65.14|5.58|72.50|4985500|363106016.00|1|0.0000|0.0000|0.0000|0|72.50
海看股份|301262|2.72|2737314|57191276.00|-1.00|3.19|-5.72|21.55|20.77|21.65|19.78|2.74|20.98|3574266|75429608.00|1|0.0000|0.0000|0.0000|0|20.98
泰恩康|301263|0.28|7389500|130156704.00|-1.00|1.06|-6.84|18.03|17.80|18.17|16.75|7.39|17.98|7192680|128247760.00|1|0.0000|0.0000|0.0000|0|17.98
华新环保|301265|4.25|4246000|34867744.00|2.12|9.00|-1.62|8.34|8.17|8.72|7.87|4.25|8.00|3447955|27693586.00|1|0.0000|0.0000|0.0000|0|8.00
宇邦新材|301266|0.66|4280590|119571008.00|-2.89|2.30|-9.30|28.91|27.89|29.38|26.05|4.28|28.72|3759288|107275560.00|1|0.0000|0.0000|0.0000|0|28.72
华厦眼科|301267|1.43|6701420|126296992.00|-1.75|2.33|-4.19|19.12|18.52|19.29|18.06|6.70|18.85|8301900|155282640.00|1|0.0000|0.0000|0.0000|0|18.85
铭利达|301268|2.57|3764181|56143032.00|-1.38|3.82|-9.54|15.59|14.99|15.78|13.75|3.76|15.20|4793966|72698640.00|1|0.0000|0.0000|0.0000|0|15.20
华大九天|301269|9.20|14868969|1849284224.00|-1.12|19.51|-1.83|127.00|115.00|138.99|114.17|14.87|116.30|10705321|1213765120.00|1|0.0000|0.0000|0.0000|0|116.30
汉仪股份|301270|3.57|3815800|106302944.00|-2.93|4.38|-9.99|29.34|27.50|29.57|25.50|3.82|28.33|4087359|115922104.00|1|0.0000|0.0000|0.0000|0|28.33
英华特|301272|1.55|2832051|94898080.00|-2.44|2.44|-12.11|35.39|34.00|35.70|30.63|2.83|34.85|2878246|99682440.00|1|0.0000|0.0000|0.0000|0|34.85
瑞晨环保|301273|3.18|1468377|26672496.00|-2.59|6.58|-9.77|19.12|18.05|19.75|16.72|1.47|18.53|1393177|25634366.00|1|0.0000|0.0000|0.0000|0|18.53
汉朔科技|301275|-1.02|5884048|294669600.00|-3.56|0.40|-14.04|52.25|50.91|53.00|45.38|5.88|52.79|5073200|270891296.00|1|0.0000|0.0000|0.0000|0|52.79
嘉曼服饰|301276|-0.57|1890200|35879556.00|-0.10|0.31|-5.11|19.26|19.35|19.43|18.38|1.89|19.37|2692100|52125740.00|1|0.0000|0.0000|0.0000|0|19.37
新天地|301277|0.92|14659290|229535744.00|-1.78|1.60|-10.39|16.42|15.98|16.53|14.58|14.66|16.27|16957591|279361632.00|1|0.0000|0.0000|0.0000|0|16.27
快可电子|301278|2.51|1423870|40516468.00|-1.99|3.38|-6.52|29.40|28.11|29.65|26.81|1.42|28.68|1552790|44309300.00|1|0.0000|0.0000|0.0000|0|28.68
金道科技|301279|1.32|3721766|71323800.00|-2.54|2.94|-13.64|19.98|19.22|20.30|17.03|3.72|19.72|4244700|85555376.00|1|0.0000|0.0000|0.0000|0|19.72
珠城科技|301280|2.69|3262750|149746880.00|0.11|4.09|-8.60|47.75|46.55|48.40|42.50|3.26|46.50|3261160|152664352.00|1|0.0000|0.0000|0.0000|0|46.50
科源制药|301281|1.99|2410000|64170312.00|-1.00|2.88|-9.12|27.61|26.80|27.85|24.60|2.41|27.07|2879668|78235448.00|1|0.0000|0.0000|0.0000|0|27.07
金禄电子|301282|2.36|5526980|96384760.00|-3.04|3.15|-8.61|18.20|17.24|18.34|16.25|5.53|17.78|5119600|90875744.00|1|0.0000|0.0000|0.0000|0|17.78
聚胶股份|301283|2.88|1332100|30133138.00|-2.01|3.40|-8.25|23.58|22.46|23.70|21.03|1.33|22.92|1158133|26410022.00|1|0.0000|0.0000|0.0000|0|22.92
鸿日达|301285|5.48|5003925|129410336.00|-2.35|6.65|-7.86|26.96|24.96|27.26|23.55|5.00|25.56|4816925|124926888.00|1|0.0000|0.0000|0.0000|0|25.56
侨源股份|301286|0.53|1599700|38175448.00|-1.96|0.90|-7.27|24.61|24.00|24.70|22.70|1.60|24.48|1385000|34401512.00|1|0.0000|0.0000|0.0000|0|24.48
康力源|301287|2.38|1264600|32456280.00|-0.23|2.80|-7.33|26.66|25.98|26.77|24.13|1.26|26.04|1187000|30875052.00|1|0.0000|0.0000|0.0000|0|26.04
*ST清研|301288|6.52|3280400|35680492.00|1.40|9.97|-7.74|11.43|10.88|11.80|9.90|3.28|10.73|2616915|28029328.00|1|0.0000|0.0000|0.0000|0|10.73
国缆检测|301289|3.10|2653407|110246256.00|-1.03|3.77|-7.99|43.23|41.50|43.51|38.58|2.65|41.93|2340650|98001520.00|1|0.0000|0.0000|0.0000|0|41.93
东星医疗|301290|1.31|1450321|30248890.00|-1.92|2.06|-7.30|21.66|20.97|21.82|19.82|1.45|21.38|1614226|34289956.00|1|0.0000|0.0000|0.0000|0|21.38
明阳电气|301291|2.66|4049140|158780960.00|-3.40|3.93|-6.70|40.46|38.07|40.96|36.77|4.05|39.41|4245538|167283984.00|1|0.0000|0.0000|0.0000|0|39.41
海科新源|301292|2.34|2673036|31576954.00|-1.92|2.84|-8.67|12.27|11.76|12.33|10.95|2.67|11.99|2750800|33253980.00|1|0.0000|0.0000|0.0000|0|11.99
三博脑科|301293|3.02|11288658|470982208.00|-1.77|4.05|-5.77|43.00|41.00|43.43|39.33|11.29|41.74|10573076|442495936.00|1|0.0000|0.0000|0.0000|0|41.74
美硕科技|301295|2.17|1517320|27628474.00|-2.44|3.31|-7.80|18.85|18.00|19.06|17.01|1.52|18.45|1411681|26020314.00|1|0.0000|0.0000|0.0000|0|18.45
新巨丰|301296|-0.36|5417100|44954476.00|-0.71|1.66|-7.24|8.40|8.37|8.57|7.82|5.42|8.43|3573727|29838230.00|1|0.0000|0.0000|0.0000|0|8.43
富乐德|301297|3.89|11187000|400561408.00|-1.89|5.01|-7.01|36.90|34.85|37.30|33.03|11.19|35.52|11757238|414705888.00|1|0.0000|0.0000|0.0000|0|35.52
东利机械|301298|2.45|9008365|113994968.00|-2.29|3.44|-10.70|13.40|12.78|13.53|11.68|9.01|13.08|9375140|122445208.00|1|0.0000|0.0000|0.0000|0|13.08
卓创资讯|301299|3.91|2736300|139125424.00|-1.00|5.52|-8.92|53.11|50.60|53.93|46.55|2.74|51.11|2152600|110266624.00|1|0.0000|0.0000|0.0000|0|51.11
远翔新材|301300|-0.39|3051499|81443392.00|-3.15|1.14|-13.37|27.87|27.10|28.30|24.24|3.05|27.98|3312000|92771024.00|1|0.0000|0.0000|0.0000|0|27.98
川宁生物|301301|-0.49|39746516|469276160.00|-2.14|0.25|-7.81|12.11|11.91|12.20|11.22|39.75|12.17|44245029|531794080.00|1|0.0000|0.0000|0.0000|0|12.17
华如科技|301302|5.53|7856500|149582064.00|1.34|6.65|-6.65|19.67|18.89|19.88|17.40|7.86|18.64|5178550|96931424.00|1|0.0000|0.0000|0.0000|0|18.64
真兰仪表|301303|2.37|2422737|28440842.00|0.00|2.88|-5.50|12.10|11.82|12.16|11.17|2.42|11.82|3186100|37791748.00|1|0.0000|0.0000|0.0000|0|11.82
朗坤科技|301305|1.48|2973128|43383024.00|-1.01|2.56|-6.40|15.07|14.70|15.23|13.90|2.97|14.85|3540200|52935636.00|1|0.0000|0.0000|0.0000|0|14.85
西测测试|301306|5.75|2925000|99539768.00|-1.53|6.52|-7.03|35.33|32.90|35.59|31.06|2.93|33.41|3027738|100571072.00|1|0.0000|0.0000|0.0000|0|33.41
美利信|301307|7.01|10653771|211130384.00|-2.30|7.93|-8.44|20.92|19.10|21.10|17.90|10.65|19.55|8811800|172664448.00|1|0.0000|0.0000|0.0000|0|19.55
江波龙|301308|2.54|9988600|721737280.00|-4.21|3.60|-6.47|73.74|68.88|74.50|67.26|9.99|71.91|11672324|849337728.00|1|0.0000|0.0000|0.0000|0|71.91
万得凯|301309|0.00|1739318|37473444.00|-2.32|1.45|-9.12|22.03|21.52|22.35|20.02|1.74|22.03|1511300|33287440.00|1|0.0000|0.0000|0.0000|0|22.03
鑫宏业|301310|4.09|3915099|99071088.00|-2.26|5.22|-9.86|26.70|25.07|26.99|23.12|3.92|25.65|3269744|83811448.00|1|0.0000|0.0000|0.0000|0|25.65
昆船智能|301311|11.47|10319800|167255728.00|-1.33|15.92|-1.72|16.81|14.88|17.48|14.82|10.32|15.08|5697432|85960152.00|1|0.0000|0.0000|0.0000|0|15.08
智立方|301312|2.93|2909730|98809304.00|-1.63|4.18|-9.99|35.45|33.88|35.88|31.00|2.91|34.44|2437840|84166056.00|1|0.0000|0.0000|0.0000|0|34.44
凡拓数创|301313|3.12|3479000|66129972.00|-1.87|3.85|-8.64|19.81|18.85|19.95|17.55|3.48|19.21|3240854|62892896.00|1|0.0000|0.0000|0.0000|0|19.21
科瑞思|301314|4.96|1212170|36461928.00|-1.10|5.79|-7.82|31.54|29.72|31.79|27.70|1.21|30.05|1026740|30868392.00|1|0.0000|0.0000|0.0000|0|30.05
威士顿|301315|5.21|3936870|166403888.00|-1.18|6.00|-8.77|44.40|41.70|44.73|38.50|3.94|42.20|3430726|144828192.00|1|0.0000|0.0000|0.0000|0|42.20
慧博云通|301316|4.53|17081252|347566272.00|-1.48|5.27|-8.03|21.21|19.99|21.36|18.66|17.08|20.29|17650443|353543424.00|1|0.0000|0.0000|0.0000|0|20.29
鑫磊股份|301317|3.85|1769229|30515378.00|-2.01|5.46|-9.14|18.07|17.05|18.35|15.81|1.77|17.40|1446800|24982664.00|1|0.0000|0.0000|0.0000|0|17.40
维海德|301318|2.41|2978656|70324752.00|-2.25|3.16|-8.45|24.60|23.48|24.78|21.99|2.98|24.02|2694663|65265764.00|1|0.0000|0.0000|0.0000|0|24.02
唯特偶|301319|1.09|6226115|173769568.00|-3.47|2.38|-14.76|29.72|28.38|30.10|25.06|6.23|29.40|7139618|214140704.00|1|0.0000|0.0000|0.0000|0|29.40
豪江智能|301320|1.84|6885900|90793440.00|-2.65|3.09|-10.75|13.83|13.22|14.00|12.12|6.89|13.58|6949500|94531392.00|1|0.0000|0.0000|0.0000|0|13.58
翰博高新|301321|1.12|6648670|73094360.00|-3.97|1.73|-12.95|11.71|11.12|11.78|10.08|6.65|11.58|6580351|76486904.00|1|0.0000|0.0000|0.0000|0|11.58
绿通科技|301322|1.62|2059678|42466332.00|-1.58|2.53|-5.97|21.27|20.60|21.46|19.68|2.06|20.93|2218870|46521972.00|1|0.0000|0.0000|0.0000|0|20.93
新莱福|301323|4.13|2283400|77052856.00|-3.33|5.57|-8.29|35.31|32.78|35.80|31.10|2.28|33.91|2545700|84339064.00|1|0.0000|0.0000|0.0000|0|33.91
曼恩斯特|301325|1.90|5940580|272582528.00|-3.07|3.11|-11.00|47.82|45.49|48.39|41.77|5.94|46.93|6208549|291309888.00|1|0.0000|0.0000|0.0000|0|46.93
捷邦科技|301326|5.15|2224151|107319616.00|-5.01|6.04|-9.46|51.00|46.07|51.43|43.91|2.22|48.50|2222100|108017504.00|1|0.0000|0.0000|0.0000|0|48.50
华宝新能|301327|-1.00|1654138|95555832.00|-2.61|-0.15|-5.99|58.48|57.53|58.98|55.53|1.65|59.07|1997028|116697104.00|1|0.0000|0.0000|0.0000|0|59.07
维峰电子|301328|3.74|3065947|99036152.00|-2.92|4.50|-9.28|34.09|31.90|34.34|29.81|3.07|32.86|2718997|89193184.00|1|0.0000|0.0000|0.0000|0|32.86
信音电子|301329|2.83|3283586|52389236.00|-1.97|3.63|-8.92|16.71|15.93|16.84|14.80|3.28|16.25|3539900|57531952.00|1|0.0000|0.0000|0.0000|0|16.25
熵基科技|301330|4.90|5024904|114715848.00|-2.07|6.75|-7.54|23.78|22.20|24.20|20.96|5.02|22.67|4598365|104781000.00|1|0.0000|0.0000|0.0000|0|22.67
恩威医药|301331|2.75|3227011|75255712.00|-2.33|3.75|-9.83|24.66|23.44|24.90|21.64|3.23|24.00|2625036|62649392.00|1|0.0000|0.0000|0.0000|0|24.00
德尔玛|301332|2.33|6763737|60353388.00|-1.66|3.54|-7.42|9.24|8.88|9.35|8.36|6.76|9.03|6067100|54886148.00|1|0.0000|0.0000|0.0000|0|9.03
诺思格|301333|-0.22|2883300|127689064.00|-5.40|1.15|-11.18|46.05|43.66|46.68|40.99|2.88|46.15|3654000|167650608.00|1|0.0000|0.0000|0.0000|0|46.15
天元宠物|301335|0.89|3731300|69460600.00|-1.51|1.36|-9.23|19.34|18.88|19.43|17.40|3.73|19.17|3717127|71714792.00|1|0.0000|0.0000|0.0000|0|19.17
趣睡科技|301336|7.10|3121600|204720032.00|-3.63|9.44|-9.93|69.66|62.68|71.18|58.58|3.12|65.04|2752700|177673904.00|1|0.0000|0.0000|0.0000|0|65.04
亚华电子|301337|5.03|2931200|70791296.00|-1.95|6.15|-7.52|25.28|23.60|25.55|22.26|2.93|24.07|2371000|57106732.00|1|0.0000|0.0000|0.0000|0|24.07
凯格精机|301338|2.54|2435547|69613000.00|-1.47|3.29|-9.40|29.90|28.73|30.12|26.42|2.44|29.16|2417660|70954160.00|1|0.0000|0.0000|0.0000|0|29.16
通行宝|301339|1.98|10345517|208229904.00|-1.78|2.81|-6.86|20.65|19.89|20.82|18.86|10.35|20.25|9733159|198810400.00|1|0.0000|0.0000|0.0000|0|20.25
涛涛车业|301345|-2.04|1430332|76581456.00|-3.39|-0.56|-8.27|54.27|53.52|55.09|50.82|1.43|55.40|1764312|97162608.00|1|0.0000|0.0000|0.0000|0|55.40
蓝箭电子|301348|2.36|11527539|261846272.00|-2.84|4.16|-10.02|23.39|22.20|23.80|20.56|11.53|22.85|9713292|223372576.00|1|0.0000|0.0000|0.0000|0|22.85
信德新材|301349|1.71|1683450|49783492.00|-3.52|2.70|-8.95|30.90|29.31|31.20|27.66|1.68|30.38|1657809|50907076.00|1|0.0000|0.0000|0.0000|0|30.38
普莱得|301353|3.29|1183600|28424900.00|-1.07|4.48|-8.31|25.11|24.05|25.40|22.29|1.18|24.31|1140147|27923508.00|1|0.0000|0.0000|0.0000|0|24.31
南王科技|301355|1.94|3898100|37608696.00|-1.33|2.45|-7.26|9.97|9.65|10.02|9.07|3.90|9.78|3858900|37459276.00|1|0.0000|0.0000|0.0000|0|9.78
天振股份|301356|4.96|2691806|34353324.00|-3.86|5.04|-6.46|13.33|12.21|13.34|11.88|2.69|12.70|2760858|34974772.00|1|0.0000|0.0000|0.0000|0|12.70
北方长龙|301357|20.00|3344373|112388520.00|0.41|20.00|-1.69|34.80|29.12|34.80|28.51|3.34|29.00|2981155|86616032.00|1|0.0000|0.0000|0.0000|0|29.00
湖南裕能|301358|0.86|13733593|395644096.00|-1.48|2.10|-5.34|29.25|28.57|29.61|27.45|13.73|29.00|16742610|480919776.00|1|0.0000|0.0000|0.0000|0|29.00
东南电子|301359|1.79|2017300|40873036.00|-1.70|3.78|-7.36|21.01|20.29|21.42|19.12|2.02|20.64|1712900|35702760.00|1|0.0000|0.0000|0.0000|0|20.64
荣旗科技|301360|3.12|1703400|66798216.00|-2.55|3.87|-10.00|41.25|38.98|41.55|36.00|1.70|40.00|1504300|60842984.00|1|0.0000|0.0000|0.0000|0|40.00
众智科技|301361|1.81|3744451|97957288.00|-3.47|2.55|-19.40|27.60|26.17|27.80|21.85|3.74|27.11|3649000|98453992.00|1|0.0000|0.0000|0.0000|0|27.11
民爆光电|301362|-0.78|856500|27861752.00|-3.78|0.36|-6.88|33.04|32.04|33.42|31.01|0.86|33.30|1065128|35502432.00|1|0.0000|0.0000|0.0000|0|33.30
美好医疗|301363|-0.58|3067000|73511320.00|-1.64|0.99|-5.51|24.20|23.94|24.58|23.00|3.07|24.34|6766577|162000000.00|1|0.0000|0.0000|0.0000|0|24.34
矩阵股份|301365|3.15|7529650|124620160.00|-1.25|5.89|-9.52|17.33|16.59|17.79|15.20|7.53|16.80|7938826|129525168.00|1|0.0000|0.0000|0.0000|0|16.80
一博科技|301366|4.59|4865455|207884080.00|-2.35|5.55|-8.24|44.45|41.50|44.86|39.00|4.87|42.50|4201120|177148224.00|1|0.0000|0.0000|0.0000|0|42.50
瑞迈特|301367|0.92|2615368|161461376.00|-2.65|1.41|-7.12|63.49|61.24|63.80|58.43|2.62|62.91|2938780|186200336.00|1|0.0000|0.0000|0.0000|0|62.91
丰立智能|301368|7.49|9910850|565262208.00|-1.58|8.38|-11.60|61.16|56.00|61.67|50.30|9.91|56.90|7328900|421037920.00|1|0.0000|0.0000|0.0000|0|56.90
联动科技|301369|4.17|1957000|87851120.00|-2.51|5.29|-7.64|46.48|43.50|46.98|41.21|1.96|44.62|1761850|78919280.00|1|0.0000|0.0000|0.0000|0|44.62
国科恒泰|301370|2.26|6998164|67066452.00|-1.13|2.98|-6.58|9.94|9.61|10.01|9.08|7.00|9.72|7121800|69767968.00|1|0.0000|0.0000|0.0000|0|9.72
敷尔佳|301371|0.03|1458637|43916264.00|-1.24|0.85|-5.46|30.62|30.23|30.87|28.94|1.46|30.61|2355194|71938232.00|1|0.0000|0.0000|0.0000|0|30.61
科净源|301372|1.76|2484600|38583680.00|-1.82|3.33|-8.17|16.19|15.62|16.44|14.61|2.48|15.91|2827104|45436740.00|1|0.0000|0.0000|0.0000|0|15.91
凌玮科技|301373|1.74|1283177|34397860.00|0.52|2.74|-5.29|27.50|27.17|27.77|25.60|1.28|27.03|1073117|28966678.00|1|0.0000|0.0000|0.0000|0|27.03
致欧科技|301376|2.96|4212205|66137932.00|-2.77|3.77|-6.86|16.37|15.46|16.50|14.81|4.21|15.90|4799595|74936256.00|1|0.0000|0.0000|0.0000|0|15.90
鼎泰高科|301377|1.39|7061109|149129712.00|-4.17|2.78|-10.00|21.90|20.70|22.20|19.44|7.06|21.60|7333046|157743296.00|1|0.0000|0.0000|0.0000|0|21.60
通达海|301378|5.34|3156532|71834688.00|-2.71|5.82|-8.97|24.07|22.23|24.18|20.80|3.16|22.85|2800462|64049340.00|1|0.0000|0.0000|0.0000|0|22.85
天山电子|301379|5.19|7588212|164687536.00|-1.39|6.86|-8.30|22.69|21.27|23.05|19.78|7.59|21.57|7325111|159802528.00|1|0.0000|0.0000|0.0000|0|21.57
挖金客|301380|4.36|2598964|95181936.00|-2.41|5.37|-9.35|38.50|36.00|38.87|33.44|2.60|36.89|2531664|93237312.00|1|0.0000|0.0000|0.0000|0|36.89
赛维时代|301381|0.88|4762174|83784896.00|-3.15|1.55|-8.79|18.24|17.51|18.36|16.49|4.76|18.08|4675126|84328528.00|1|0.0000|0.0000|0.0000|0|18.08
蜂助手|301382|2.77|15289666|500356064.00|-0.61|4.30|-8.38|33.71|32.60|34.21|30.05|15.29|32.80|13545068|444151040.00|1|0.0000|0.0000|0.0000|0|32.80
天键股份|301383|0.88|5466522|185434976.00|-3.33|2.33|-11.89|35.48|34.00|35.99|30.99|5.47|35.17|5454461|191959056.00|1|0.0000|0.0000|0.0000|0|35.17
未来电器|301386|0.72|4341818|80565216.00|-2.69|2.48|-12.01|19.46|18.80|19.80|17.00|4.34|19.32|4681491|92281496.00|1|0.0000|0.0000|0.0000|0|19.32
光大同创|301387|1.32|3095160|86445992.00|-2.68|2.33|-10.74|29.15|28.00|29.44|25.68|3.10|28.77|3547471|102159136.00|1|0.0000|0.0000|0.0000|0|28.77
欣灵电气|301388|2.75|2379295|44505832.00|-2.49|4.05|-11.64|19.77|18.76|20.02|17.00|2.38|19.24|1873200|36111348.00|1|0.0000|0.0000|0.0000|0|19.24
隆扬电子|301389|1.95|17007000|254489344.00|-2.53|3.25|-10.33|15.69|15.00|15.89|13.80|17.01|15.39|20913659|325801824.00|1|0.0000|0.0000|0.0000|0|15.39
经纬股份|301390|2.71|1498300|45416980.00|-2.12|3.36|-7.05|31.49|30.01|31.69|28.50|1.50|30.66|1192900|36686868.00|1|0.0000|0.0000|0.0000|0|30.66
卡莱特|301391|1.33|1377700|43958340.00|-1.46|2.11|-7.28|32.72|31.82|32.97|29.94|1.38|32.29|1408380|45368224.00|1|0.0000|0.0000|0.0000|0|32.29
汇成真空|301392|4.78|2461439|230613040.00|-5.31|6.23|-13.83|98.49|89.01|99.86|81.00|2.46|94.00|1975750|181660752.00|1|0.0000|0.0000|0.0000|0|94.00
昊帆生物|301393|-0.78|2513032|95907368.00|-4.33|0.65|-9.84|39.41|38.00|39.98|35.81|2.51|39.72|2821696|111707664.00|1|0.0000|0.0000|0.0000|0|39.72
仁信新材|301395|3.40|4754727|51311936.00|-1.65|4.04|-8.17|11.26|10.71|11.33|10.00|4.75|10.89|5440544|58380456.00|1|0.0000|0.0000|0.0000|0|10.89
宏景科技|301396|-3.13|17156690|1291939200.00|-6.67|4.01|-16.67|77.30|74.48|83.00|66.50|17.16|79.80|16773330|1361691520.00|1|0.0000|0.0000|0.0000|0|79.80
溯联股份|301397|1.45|2791446|73060048.00|-0.19|2.12|-10.18|27.22|26.78|27.40|24.10|2.79|26.83|3658525|100137280.00|1|0.0000|0.0000|0.0000|0|26.83
星源卓镁|301398|2.83|1729700|73712176.00|-2.44|3.01|-8.80|44.73|42.44|44.81|39.67|1.73|43.50|1720100|75534952.00|1|0.0000|0.0000|0.0000|0|43.50
英特科技|301399|3.96|2685048|51994736.00|-1.17|5.18|-10.45|20.49|19.48|20.73|17.65|2.69|19.71|2157755|42762340.00|1|0.0000|0.0000|0.0000|0|19.71
华人健康|301408|2.18|8852593|91770968.00|-2.09|3.23|-7.12|10.76|10.31|10.87|9.78|8.85|10.53|9051600|95581712.00|1|0.0000|0.0000|0.0000|0|10.53
安培龙|301413|6.54|3583356|248722800.00|-2.06|7.65|-8.82|72.45|66.60|73.20|62.00|3.58|68.00|3484163|238844832.00|1|0.0000|0.0000|0.0000|0|68.00
协昌科技|301418|3.79|1087583|31503514.00|-0.49|4.76|-5.94|29.87|28.64|30.15|27.07|1.09|28.78|1021401|29345550.00|1|0.0000|0.0000|0.0000|0|28.78
阿莱德|301419|3.67|2436954|60583524.00|-0.84|4.31|-8.26|25.99|24.86|26.15|23.00|2.44|25.07|2280399|57353856.00|1|0.0000|0.0000|0.0000|0|25.07
波长光电|301421|3.13|6348237|273156256.00|-2.65|4.05|-12.19|45.08|42.55|45.48|38.38|6.35|43.71|5462700|240502160.00|1|0.0000|0.0000|0.0000|0|43.71
世纪恒通|301428|4.31|5425900|182241808.00|-1.90|5.77|-9.28|35.08|32.99|35.57|30.51|5.43|33.63|5196000|173894560.00|1|0.0000|0.0000|0.0000|0|33.63
森泰股份|301429|1.88|1878783|27353062.00|-1.75|2.49|-10.30|15.14|14.60|15.23|13.33|1.88|14.86|1535699|22879310.00|1|0.0000|0.0000|0.0000|0|14.86
泓淋电力|301439|1.99|7630000|93867992.00|-3.02|2.78|-9.23|12.82|12.19|12.92|11.41|7.63|12.57|7260077|91872912.00|1|0.0000|0.0000|0.0000|0|12.57
福事特|301446|1.96|1672070|30071042.00|-1.96|2.72|-8.76|18.74|18.02|18.88|16.77|1.67|18.38|1813710|33149594.00|1|0.0000|0.0000|0.0000|0|18.38
开创电气|301448|1.50|3402679|59464664.00|-2.82|2.55|-10.35|18.33|17.55|18.52|16.19|3.40|18.06|2979940|54102884.00|1|0.0000|0.0000|0.0000|0|18.06
盘古智能|301456|2.55|2161683|43367028.00|-1.23|2.89|-8.28|20.92|20.15|20.99|18.71|2.16|20.40|2362351|48550868.00|1|0.0000|0.0000|0.0000|0|20.40
钧崴电子|301458|1.78|8598837|233243840.00|-3.66|3.34|-13.06|28.61|27.08|29.05|24.44|8.60|28.11|8044908|227421072.00|1|0.0000|0.0000|0.0000|0|28.11
丰茂股份|301459|3.12|1970200|84858480.00|-2.93|4.01|-9.35|44.99|42.35|45.38|39.55|1.97|43.63|1686569|74206008.00|1|0.0000|0.0000|0.0000|0|43.63
博盈特焊|301468|1.85|1676804|33197804.00|-1.70|2.25|-6.04|20.39|19.68|20.47|18.81|1.68|20.02|1482762|29657724.00|1|0.0000|0.0000|0.0000|0|20.02
恒达新材|301469|1.34|1080000|23001040.00|-1.81|4.86|-6.39|21.89|21.21|22.65|20.22|1.08|21.60|1001300|21700532.00|1|0.0000|0.0000|0.0000|0|21.60
弘景光电|301479|-0.02|2552626|254738320.00|-2.92|2.70|-5.91|100.98|98.05|103.73|95.03|2.55|101.00|2469132|251589440.00|1|0.0000|0.0000|0.0000|0|101.00
致尚科技|301486|-20.00|6931400|291691968.00|-9.19|-6.39|-20.00|40.04|45.45|46.85|40.04|6.93|50.05|5232650|266799664.00|0|0.0000|0.0000|0.0000|0|50.05
盟固利|301487|3.26|14937372|255230224.00|-2.09|4.53|-9.42|17.76|16.84|17.98|15.58|14.94|17.20|14352390|246478480.00|1|0.0000|0.0000|0.0000|0|17.20
豪恩汽电|301488|-1.84|3218499|163538048.00|-4.46|-0.39|-11.95|52.40|51.00|53.17|47.00|3.22|53.38|2562984|135038576.00|1|0.0000|0.0000|0.0000|0|53.38
思泉新材|301489|1.27|3494700|171939888.00|-3.90|2.46|-13.51|52.69|50.00|53.31|45.00|3.49|52.03|3615991|187731888.00|1|0.0000|0.0000|0.0000|0|52.03
乖宝宠物|301498|0.00|2021892|179454736.00|-0.91|1.72|-2.87|88.80|87.99|90.33|86.25|2.02|88.80|2456360|214101648.00|1|0.0000|0.0000|0.0000|0|88.80
维科精密|301499|2.85|2777000|55024428.00|-1.52|3.69|-10.77|20.92|20.03|21.09|18.15|2.78|20.34|2763100|56355428.00|1|0.0000|0.0000|0.0000|0|20.34
飞南资源|301500|1.93|4482300|78033968.00|-1.99|2.90|-6.82|17.93|17.24|18.10|16.39|4.48|17.59|5522840|97273664.00|1|0.0000|0.0000|0.0000|0|17.59
恒鑫生活|301501|-0.55|4683844|203658480.00|-2.48|0.40|-10.84|44.86|43.99|45.29|40.22|4.68|45.11|4493096|203055472.00|1|0.0000|0.0000|0.0000|0|45.11
华阳智能|301502|3.13|1711038|54384196.00|-1.12|4.34|-9.12|33.26|31.89|33.65|29.31|1.71|32.25|1558566|50381840.00|1|0.0000|0.0000|0.0000|0|32.25
智迪科技|301503|1.99|2079600|63366984.00|-2.18|2.88|-11.36|32.22|30.90|32.50|28.00|2.08|31.59|2638200|83717256.00|1|0.0000|0.0000|0.0000|0|31.59
苏州规划|301505|2.60|2032900|39480372.00|-1.07|4.03|-7.08|20.13|19.41|20.41|18.23|2.03|19.62|2333900|45766924.00|1|0.0000|0.0000|0.0000|0|19.62
民生健康|301507|2.67|6129380|70464584.00|-1.03|3.61|-6.37|11.93|11.50|12.04|10.88|6.13|11.62|6931667|80070896.00|1|0.0000|0.0000|0.0000|0|11.62
中机认检|301508|5.17|4217989|122520224.00|-1.30|5.87|-3.97|29.90|28.06|30.10|27.30|4.22|28.43|4133433|117391912.00|1|0.0000|0.0000|0.0000|0|28.43
金凯生科|301509|2.06|3844120|90234088.00|-1.56|2.90|-7.10|24.28|23.42|24.48|22.10|3.84|23.79|4783193|114442984.00|1|0.0000|0.0000|0.0000|0|23.79
固高科技|301510|3.48|10116796|289355936.00|-3.14|4.74|-9.30|29.70|27.80|30.06|26.03|10.12|28.70|10058617|288107936.00|1|0.0000|0.0000|0.0000|0|28.70
德福科技|301511|2.43|12719614|150419376.00|-1.76|3.52|-7.71|12.23|11.73|12.36|11.02|12.72|11.94|14209382|169808672.00|1|0.0000|0.0000|0.0000|0|11.94
智信精密|301512|4.01|1500094|48730404.00|-2.25|4.67|-8.95|34.27|32.21|34.49|30.00|1.50|32.95|1157200|38163648.00|1|0.0000|0.0000|0.0000|0|32.95
港通医疗|301515|2.28|1747136|29435892.00|-1.93|3.33|-7.47|17.52|16.80|17.70|15.85|1.75|17.13|1721132|29577982.00|1|0.0000|0.0000|0.0000|0|17.13
中远通|301516|4.31|4984100|66901364.00|-2.08|4.90|-6.98|14.05|13.19|14.13|12.53|4.98|13.47|5023272|67419664.00|1|0.0000|0.0000|0.0000|0|13.47
陕西华达|301517|9.01|4676609|209381872.00|-1.51|9.24|-4.48|46.96|42.43|47.06|41.15|4.68|43.08|3577700|154474480.00|1|0.0000|0.0000|0.0000|0|43.08
长华化学|301518|-5.64|13554879|241586592.00|-4.29|-3.14|-20.01|18.91|19.18|19.41|16.03|13.55|20.04|16758567|327101472.00|1|0.0000|0.0000|0.0000|0|20.04
舜禹股份|301519|2.47|3853537|43144956.00|-1.32|3.44|-7.59|11.61|11.18|11.72|10.47|3.85|11.33|3015335|34281860.00|1|0.0000|0.0000|0.0000|0|11.33
万邦医药|301520|1.46|1706321|60439816.00|-2.39|2.09|-8.05|36.91|35.51|37.14|33.45|1.71|36.38|1314276|47937908.00|1|0.0000|0.0000|0.0000|0|36.38
上大股份|301522|4.49|6133089|197818176.00|-1.93|5.31|-4.84|33.05|31.02|33.31|30.10|6.13|31.63|4828740|151772864.00|1|0.0000|0.0000|0.0000|0|31.63
儒竞科技|301525|3.81|1714227|103933920.00|-1.35|4.48|-9.15|63.19|60.05|63.60|55.30|1.71|60.87|2003552|124148328.00|1|0.0000|0.0000|0.0000|0|60.87
国际复材|301526|2.50|30314600|96373056.00|-1.25|3.12|-5.63|3.28|3.16|3.30|3.02|30.31|3.20|34830474|111924240.00|1|0.0000|0.0000|0.0000|0|3.20
多浦乐|301528|5.83|1339100|51801016.00|-1.90|6.65|-7.65|40.13|37.20|40.44|35.02|1.34|37.92|979220|37352648.00|1|0.0000|0.0000|0.0000|0|37.92
福赛科技|301529|2.46|1576582|36968916.00|-2.05|3.55|-8.97|24.55|23.47|24.81|21.81|1.58|23.96|1310700|31687842.00|1|0.0000|0.0000|0.0000|0|23.96
威马农机|301533|8.92|12416205|420234272.00|5.79|16.29|3.43|33.70|32.73|35.98|32.00|12.42|30.94|4613330|137036032.00|1|0.0000|0.0000|0.0000|0|30.94
浙江华远|301535|3.36|22807174|402985728.00|1.42|5.41|-7.01|18.14|17.80|18.50|16.32|22.81|17.55|25717098|459678496.00|1|0.0000|0.0000|0.0000|0|17.55
星宸科技|301536|2.27|6169300|316614848.00|-0.29|3.60|-6.39|52.31|51.00|52.99|47.88|6.17|51.15|6320700|321033056.00|1|0.0000|0.0000|0.0000|0|51.15
骏鼎达|301538|2.96|1060468|61117040.00|-1.05|3.29|-7.30|60.10|57.76|60.29|54.11|1.06|58.37|910838|53541072.00|1|0.0000|0.0000|0.0000|0|58.37
宏鑫科技|301539|0.00|3981250|63127520.00|-1.39|1.63|-11.01|16.53|16.30|16.80|14.71|3.98|16.53|3670039|60789360.00|1|0.0000|0.0000|0.0000|0|16.53
崇德科技|301548|4.37|2343125|93240336.00|-0.93|6.00|-8.31|41.55|39.44|42.20|36.50|2.34|39.81|2245955|90018800.00|1|0.0000|0.0000|0.0000|0|39.81
斯菱智驱|301550|3.25|5771585|455693472.00|-2.93|4.36|-12.50|82.60|77.66|83.49|70.00|5.77|80.00|5884256|475513536.00|1|0.0000|0.0000|0.0000|0|80.00
无线传媒|301551|2.99|2529670|109739912.00|-0.86|3.43|-5.03|44.46|42.80|44.65|41.00|2.53|43.17|3423895|148201952.00|1|0.0000|0.0000|0.0000|0|43.17
科力装备|301552|3.27|1314953|56274128.00|-1.46|4.85|-8.05|44.54|42.50|45.22|39.66|1.31|43.13|1345206|57869212.00|1|0.0000|0.0000|0.0000|0|43.13
惠柏新材|301555|1.55|1933617|39380976.00|-1.11|3.72|-7.77|21.03|20.48|21.48|19.10|1.93|20.71|2058200|42712984.00|1|0.0000|0.0000|0.0000|0|20.71
托普云农|301556|-2.39|5066767|493675232.00|-4.94|-0.78|-7.42|98.58|96.00|100.20|93.50|5.07|100.99|6532820|630121920.00|1|0.0000|0.0000|0.0000|0|100.99
常友科技|301557|0.31|1384155|95146064.00|-2.30|1.46|-8.11|70.64|68.80|71.45|64.71|1.38|70.42|1358529|95203944.00|1|0.0000|0.0000|0.0000|0|70.42
三态股份|301558|3.82|13894743|93613584.00|-2.50|5.00|-7.79|7.06|6.63|7.14|6.27|13.89|6.80|14274718|97191736.00|1|0.0000|0.0000|0.0000|0|6.80
中集环科|301559|1.88|4603646|67876520.00|-1.35|3.63|-4.71|15.14|14.66|15.40|14.16|4.60|14.86|6672903|99829280.00|1|0.0000|0.0000|0.0000|0|14.86
中仑新材|301565|1.95|5920333|116759456.00|-1.55|3.26|-7.02|20.34|19.64|20.60|18.55|5.92|19.95|7822926|154941792.00|1|0.0000|0.0000|0.0000|0|19.95
达利凯普|301566|1.62|11103088|140393296.00|-2.62|2.92|-10.00|13.21|12.66|13.38|11.70|11.10|13.00|10240501|133421576.00|1|0.0000|0.0000|0.0000|0|13.00
贝隆精密|301567|2.76|1069200|35192748.00|-0.84|3.67|-8.29|34.20|33.00|34.50|30.52|1.07|33.28|988460|32775364.00|1|0.0000|0.0000|0.0000|0|33.28
思泰克|301568|2.52|3769280|112532680.00|-1.99|3.95|-10.07|30.86|29.50|31.29|27.07|3.77|30.10|3365249|101894000.00|1|0.0000|0.0000|0.0000|0|30.10
国科天成|301571|8.22|3163902|120160504.00|-0.58|9.14|-0.78|38.97|35.80|39.30|35.73|3.16|36.01|2411690|87035128.00|1|0.0000|0.0000|0.0000|0|36.01
美信科技|301577|2.85|1470800|62960100.00|-2.56|4.07|-10.63|45.46|43.07|46.00|39.50|1.47|44.20|1025113|45432960.00|1|0.0000|0.0000|0.0000|0|44.20
辰奕智能|301578|3.41|1435690|52970224.00|-0.98|3.86|-12.79|39.13|37.47|39.30|33.00|1.44|37.84|1160644|43983592.00|1|0.0000|0.0000|0.0000|0|37.84
爱迪特|301580|1.42|1199699|54912112.00|-2.08|2.10|-7.67|47.23|45.60|47.55|43.00|1.20|46.57|1238707|57900384.00|1|0.0000|0.0000|0.0000|0|46.57
黄山谷捷|301581|0.61|4245484|203952432.00|-4.08|4.69|-8.55|49.30|47.00|51.30|44.81|4.25|49.00|4651938|232941856.00|1|0.0000|0.0000|0.0000|0|49.00
蓝宇股份|301585|2.80|2772246|118647504.00|-1.51|4.12|-9.89|44.38|42.52|44.95|38.90|2.77|43.17|2707750|117317544.00|1|0.0000|0.0000|0.0000|0|43.17
佳力奇|301586|10.31|2655722|123645408.00|-1.32|12.20|-2.03|47.73|42.70|48.55|42.39|2.66|43.27|1530023|66633160.00|1|0.0000|0.0000|0.0000|0|43.27
中瑞股份|301587|2.06|2879088|53747504.00|-1.64|3.27|-10.13|19.35|18.65|19.58|17.04|2.88|18.96|3241362|61615192.00|1|0.0000|0.0000|0.0000|0|18.96
美新科技|301588|1.72|2072723|30768346.00|-2.77|2.90|-9.83|15.41|14.73|15.59|13.66|2.07|15.15|2006501|30716298.00|1|0.0000|0.0000|0.0000|0|15.15
诺瓦星云|301589|6.67|1132384|160802272.00|-1.59|7.97|-3.99|147.20|135.80|149.00|132.50|1.13|138.00|718307|98820784.00|1|0.0000|0.0000|0.0000|0|138.00
肯特股份|301591|1.62|2358100|71994432.00|-2.40|3.27|-8.63|31.34|30.10|31.85|28.18|2.36|30.84|2181448|67536344.00|1|0.0000|0.0000|0.0000|0|30.84
六九一二|301592|10.99|2008800|258999792.00|-1.34|14.46|-2.17|132.74|118.00|136.90|117.00|2.01|119.60|1051900|124823888.00|1|0.0000|0.0000|0.0000|0|119.60
瑞迪智驱|301596|4.07|1838000|187306032.00|-3.86|5.36|-10.76|107.17|99.00|108.50|91.90|1.84|102.98|1677200|172679008.00|1|0.0000|0.0000|0.0000|0|102.98
博科测试|301598|1.27|1523827|80648248.00|-2.47|2.47|-9.06|54.90|52.87|55.55|49.30|1.52|54.21|1409154|76459888.00|1|0.0000|0.0000|0.0000|0|54.21
慧翰股份|301600|1.14|2041068|289532896.00|-1.00|3.53|-5.29|143.12|140.10|146.50|134.03|2.04|141.51|2452000|345077120.00|1|0.0000|0.0000|0.0000|0|141.51
惠通科技|301601|0.83|11206709|437392544.00|-2.19|3.64|-3.15|39.07|37.90|40.16|37.53|11.21|38.75|10776057|399405728.00|1|0.0000|0.0000|0.0000|0|38.75
超研股份|301602|2.25|8305576|190012976.00|-2.12|3.64|-9.01|23.60|22.59|23.92|21.00|8.31|23.08|8354439|192607072.00|1|0.0000|0.0000|0.0000|0|23.08
乔锋智能|301603|2.88|2808485|111549304.00|-1.80|3.93|-8.32|41.07|39.20|41.49|36.60|2.81|39.92|2630533|105517192.00|1|0.0000|0.0000|0.0000|0|39.92
绿联科技|301606|1.97|2937746|93511720.00|-1.97|2.65|-6.90|32.67|31.41|32.89|29.83|2.94|32.04|2795435|89954504.00|1|0.0000|0.0000|0.0000|0|32.04
富特科技|301607|3.98|3097707|115780984.00|-2.48|5.36|-9.82|38.96|36.54|39.48|33.79|3.10|37.47|3547248|134213096.00|1|0.0000|0.0000|0.0000|0|37.47
博实结|301608|3.06|1918906|125692872.00|-0.09|4.43|-7.78|67.46|65.40|68.36|60.37|1.92|65.46|2182794|141306896.00|1|0.0000|0.0000|0.0000|0|65.46
珂玛科技|301611|5.63|5958327|309887680.00|-2.85|7.89|-6.30|53.28|49.00|54.42|47.26|5.96|50.44|5727620|293293344.00|1|0.0000|0.0000|0.0000|0|50.44
新铝时代|301613|-0.68|4799686|299162912.00|-2.81|0.08|-14.57|65.30|63.90|65.80|56.17|4.80|65.75|4500086|292108384.00|1|0.0000|0.0000|0.0000|0|65.75
浙江华业|301616|-2.89|8780836|359806816.00|-6.76|1.05|-14.43|42.68|40.98|44.41|37.61|8.78|43.95|10044513|450879936.00|1|0.0000|0.0000|0.0000|0|43.95
博苑股份|301617|0.91|1797518|78302368.00|-1.56|2.01|-6.34|44.58|43.49|45.07|41.38|1.80|44.18|1733960|76786496.00|1|0.0000|0.0000|0.0000|0|44.18
长联科技|301618|2.27|1146700|74906688.00|-1.42|3.08|-7.53|67.47|65.03|68.00|61.00|1.15|65.97|891090|58905044.00|1|0.0000|0.0000|0.0000|0|65.97
英思特|301622|0.73|4160462|271417024.00|-3.09|2.70|-6.12|66.52|64.00|67.82|62.00|4.16|66.04|4755053|307233312.00|1|0.0000|0.0000|0.0000|0|66.04
苏州天脉|301626|-0.90|1387939|92665384.00|-2.26|0.28|-9.30|67.98|67.05|68.79|62.22|1.39|68.60|1165152|79791456.00|1|0.0000|0.0000|0.0000|0|68.60
强达电路|301628|3.77|1948445|138204624.00|-2.66|4.73|-7.69|73.29|68.75|73.97|65.20|1.95|70.63|1725137|122038200.00|1|0.0000|0.0000|0.0000|0|70.63
矽电股份|301629|-1.20|4137194|666103616.00|-5.79|2.65|-10.32|163.60|156.00|169.97|148.50|4.14|165.58|5277999|878778560.00|1|0.0000|0.0000|0.0000|0|165.58
壹连科技|301631|1.65|1107255|106985880.00|-1.74|2.35|-8.30|99.99|96.66|100.68|90.21|1.11|98.37|1046008|103351000.00|1|0.0000|0.0000|0.0000|0|98.37
港迪技术|301633|3.07|814800|55837844.00|-1.16|3.75|-7.22|71.12|68.20|71.59|64.02|0.81|69.00|633600|43686828.00|1|0.0000|0.0000|0.0000|0|69.00
首航新能|301658|-14.93|21966482|695560384.00|-9.60|-9.55|-22.64|31.90|33.90|33.92|29.01|21.97|37.50|25355223|967756096.00|1|0.0000|0.0000|0.0000|0|37.50
中航成飞|302132|8.75|17304310|1006183232.00|-0.79|9.52|-1.12|59.28|54.08|59.70|53.90|17.30|54.51|12030424|650012096.00|1|0.0000|0.0000|0.0000|0|54.51
浦发银行|600000|-1.86|99714563|997750464.00|-0.10|-0.10|-3.33|10.01|10.19|10.19|9.86|99.71|10.20|149422915|1501459328.00|1|0.0000|0.0000|0.0000|0|10.20
白云机场|600004|3.11|36470028|321249792.00|-0.46|4.15|-1.96|8.95|8.64|9.04|8.51|36.47|8.68|27574831|237889472.00|1|0.0000|0.0000|0.0000|0|8.68
东风股份|600006|-0.87|56676978|380789088.00|-2.90|0.58|-7.11|6.83|6.69|6.93|6.40|56.68|6.89|69691260|467332672.00|1|0.0000|0.0000|0.0000|0|6.89
中国国贸|600007|0.31|4336900|97938984.00|0.00|1.05|-2.51|22.82|22.75|22.99|22.18|4.34|22.75|5785275|129744824.00|1|0.0000|0.0000|0.0000|0|22.75
首创环保|600008|1.65|146123696|442795424.00|-0.66|2.31|-2.97|3.08|3.01|3.10|2.94|146.12|3.03|138486528|419324800.00|1|0.0000|0.0000|0.0000|0|3.03
上海机场|600009|4.84|28921887|938177920.00|-0.73|5.88|-1.96|33.16|31.40|33.49|31.01|28.92|31.63|17384326|539535872.00|1|0.0000|0.0000|0.0000|0|31.63
包钢股份|600010|2.34|596600036|1011721152.00|-1.75|2.34|-4.68|1.75|1.68|1.75|1.63|596.60|1.71|572028579|960100224.00|1|0.0000|0.0000|0.0000|0|1.71
华能国际|600011|1.14|121827257|850759424.00|-0.43|1.71|-2.86|7.08|6.97|7.12|6.80|121.83|7.00|87951480|608293952.00|1|0.0000|0.0000|0.0000|0|7.00
皖通高速|600012|0.52|4345800|74622120.00|-0.06|1.22|-2.49|17.34|17.24|17.46|16.82|4.35|17.25|7848961|134667664.00|1|0.0000|0.0000|0.0000|0|17.25
华夏银行|600015|-0.13|69660963|520317184.00|-0.26|0.40|-2.12|7.54|7.53|7.58|7.39|69.66|7.55|83098475|624029504.00|1|0.0000|0.0000|0.0000|0|7.55
民生银行|600016|0.51|237609361|921648960.00|0.00|0.77|-1.80|3.91|3.89|3.92|3.82|237.61|3.89|289088848|1113144064.00|1|0.0000|0.0000|0.0000|0|3.89
日照港|600017|9.90|145584428|450753312.00|-1.65|9.90|-4.95|3.33|2.98|3.33|2.88|145.58|3.03|91761050|272484000.00|1|0.0000|0.0000|0.0000|0|3.03
上港集团|600018|1.79|74806733|416970208.00|-1.07|1.79|-2.68|5.70|5.54|5.70|5.45|74.81|5.60|61797724|341122240.00|1|0.0000|0.0000|0.0000|0|5.60
宝钢股份|600019|0.59|103008747|691945472.00|0.00|0.59|-2.36|6.83|6.79|6.83|6.63|103.01|6.79|120937178|819693504.00|1|0.0000|0.0000|0.0000|0|6.79
中原高速|600020|1.41|24476785|102988392.00|0.00|1.65|-3.53|4.31|4.25|4.32|4.10|24.48|4.25|29963847|126659080.00|1|0.0000|0.0000|0.0000|0|4.25
上海电力|600021|0.46|58959739|504757856.00|-0.69|0.92|-3.81|8.70|8.60|8.74|8.33|58.96|8.66|67481317|581716352.00|1|0.0000|0.0000|0.0000|0|8.66
山东钢铁|600022|1.57|75434300|95867280.00|-0.79|3.15|-3.15|1.29|1.26|1.31|1.23|75.43|1.27|65974693|83706672.00|1|0.0000|0.0000|0.0000|0|1.27
浙能电力|600023|0.54|104046749|574090432.00|-1.43|0.54|-2.87|5.61|5.50|5.61|5.42|104.05|5.58|105485391|586906176.00|1|0.0000|0.0000|0.0000|0|5.58
华能水电|600025|0.53|70802177|660281664.00|-0.53|0.96|-2.03|9.40|9.30|9.44|9.16|70.80|9.35|73160912|674792064.00|1|0.0000|0.0000|0.0000|0|9.35
中远海能|600026|0.90|34109268|340475040.00|-1.10|0.90|-2.50|10.08|9.88|10.08|9.74|34.11|9.99|35519498|353303168.00|1|0.0000|0.0000|0.0000|0|9.99
华电国际|600027|2.37|155452954|864047808.00|-0.36|4.19|-2.00|5.62|5.47|5.72|5.38|155.45|5.49|123437771|668456064.00|1|0.0000|0.0000|0.0000|0|5.49
中国石化|600028|-0.71|207901445|1162262528.00|-0.35|0.00|-2.65|5.63|5.65|5.67|5.52|207.90|5.67|339001591|1884665472.00|1|0.0000|0.0000|0.0000|0|5.67
南方航空|600029|2.69|88338333|494780800.00|-0.54|3.41|-2.51|5.73|5.55|5.77|5.44|88.34|5.58|71819590|397380192.00|1|0.0000|0.0000|0.0000|0|5.58
中信证券|600030|1.59|142335172|3510522624.00|-0.24|2.53|-1.43|24.89|24.44|25.12|24.15|142.34|24.50|171895621|4187725056.00|1|0.0000|0.0000|0.0000|0|24.50
三一重工|600031|3.07|108867506|2037459456.00|-0.86|3.07|-2.16|19.12|18.39|19.12|18.15|108.87|18.55|123186250|2249528320.00|1|0.0000|0.0000|0.0000|0|18.55
浙江新能|600032|-5.19|74608922|625042240.00|-2.32|-2.21|-10.04|8.59|8.85|8.86|8.15|74.61|9.06|90448771|806211648.00|1|0.0000|0.0000|0.0000|0|9.06
福建高速|600033|0.52|37165799|140133520.00|-1.04|0.78|-4.17|3.86|3.80|3.87|3.68|37.17|3.84|46809579|178423872.00|1|0.0000|0.0000|0.0000|0|3.84
楚天高速|600035|0.94|23115898|97181504.00|-0.70|1.17|-3.76|4.30|4.23|4.31|4.10|23.12|4.26|21904700|92483200.00|1|0.0000|0.0000|0.0000|0|4.26
招商银行|600036|-1.68|97396935|3956704000.00|-1.34|-0.32|-2.07|40.46|40.60|41.02|40.30|97.40|41.15|161047736|6562173440.00|1|0.0000|0.0000|0.0000|0|41.15
歌华有线|600037|0.75|20554596|135995920.00|-2.24|1.49|-5.07|6.75|6.55|6.80|6.36|20.55|6.70|24420627|162215952.00|1|0.0000|0.0000|0.0000|0|6.70
中直股份|600038|4.94|13331988|478444000.00|-0.95|5.34|-1.55|36.56|34.51|36.70|34.30|13.33|34.84|8332565|287466016.00|1|0.0000|0.0000|0.0000|0|34.84
四川路桥|600039|1.64|57692939|489355232.00|-0.70|1.64|-3.15|8.70|8.50|8.70|8.29|57.69|8.56|59928034|504798656.00|1|0.0000|0.0000|0.0000|0|8.56
保利发展|600048|4.94|256082161|2222875392.00|-0.47|4.94|-1.53|8.92|8.46|8.92|8.37|256.08|8.50|243871437|2016768640.00|1|0.0000|0.0000|0.0000|0|8.50
中国联通|600050|2.25|495979807|2673931264.00|-0.75|2.62|-1.69|5.46|5.30|5.48|5.25|495.98|5.34|454845585|2397520640.00|1|0.0000|0.0000|0.0000|0|5.34
宁波联合|600051|1.84|4851405|28640188.00|-2.51|2.84|-7.86|6.09|5.83|6.15|5.51|4.85|5.98|5296500|31882148.00|1|0.0000|0.0000|0.0000|0|5.98
东望时代|600052|0.00|11615300|42856756.00|-0.52|0.52|-7.61|3.81|3.79|3.83|3.52|11.62|3.81|10899700|41388876.00|1|0.0000|0.0000|0.0000|0|3.81
九鼎投资|600053|2.55|6047800|70228864.00|-0.51|3.32|-6.38|12.05|11.69|12.14|11.00|6.05|11.75|5777116|67739568.00|1|0.0000|0.0000|0.0000|0|11.75
黄山旅游|600054|4.89|18293483|215885648.00|-1.29|5.32|-4.89|12.22|11.50|12.27|11.08|18.29|11.65|12397145|143899040.00|1|0.0000|0.0000|0.0000|0|11.65
万东医疗|600055|0.19|10157553|158386208.00|-0.94|1.32|-6.08|15.98|15.80|16.16|14.98|10.16|15.95|11424213|181294416.00|1|0.0000|0.0000|0.0000|0|15.95
中国医药|600056|1.72|17624485|173171552.00|-0.10|1.93|-3.34|10.04|9.86|10.06|9.54|17.62|9.87|19242851|188879104.00|1|0.0000|0.0000|0.0000|0|9.87
厦门象屿|600057|1.38|18338337|105434376.00|-0.86|1.72|-2.76|5.88|5.75|5.90|5.64|18.34|5.80|25767718|147949152.00|1|0.0000|0.0000|0.0000|0|5.80
五矿发展|600058|2.75|13759764|89662360.00|-0.92|3.36|-4.89|6.72|6.48|6.76|6.22|13.76|6.54|20111894|131272768.00|1|0.0000|0.0000|0.0000|0|6.54
古越龙山|600059|1.65|27491617|231267680.00|-0.47|2.13|-3.90|8.61|8.43|8.65|8.14|27.49|8.47|27308714|231374608.00|1|0.0000|0.0000|0.0000|0|8.47
海信视像|600060|-3.34|18089759|404980416.00|-3.17|-0.74|-4.78|22.26|22.30|22.86|21.93|18.09|23.03|20332897|469030816.00|1|0.0000|0.0000|0.0000|0|23.03
国投资本|600061|3.52|51968599|345919488.00|-0.46|4.44|-1.68|6.76|6.50|6.82|6.42|51.97|6.53|44078607|286021824.00|1|0.0000|0.0000|0.0000|0|6.53
华润双鹤|600062|-0.39|17236760|307675456.00|-1.33|0.22|-4.15|18.02|17.85|18.13|17.34|17.24|18.09|18456465|333566976.00|1|0.0000|0.0000|0.0000|0|18.09
皖维高新|600063|0.95|51393700|210265632.00|-1.43|1.19|-6.90|4.24|4.14|4.25|3.91|51.39|4.20|55178000|233365248.00|1|0.0000|0.0000|0.0000|0|4.20
南京高科|600064|0.30|23519704|158134016.00|-0.74|1.33|-3.11|6.78|6.71|6.85|6.55|23.52|6.76|28186221|191187264.00|1|0.0000|0.0000|0.0000|0|6.76
宇通客车|600066|0.86|24099987|584100544.00|-1.15|1.52|-2.80|24.50|24.01|24.66|23.61|24.10|24.29|37182854|912737728.00|1|0.0000|0.0000|0.0000|0|24.29
冠城新材|600067|2.38|24154487|49819268.00|-0.95|3.33|-6.19|2.15|2.08|2.17|1.97|24.15|2.10|21334608|44730124.00|1|0.0000|0.0000|0.0000|0|2.10
凤凰光学|600071|3.38|6448672|112394112.00|-2.47|4.19|-5.68|18.02|17.00|18.16|16.44|6.45|17.43|6438317|112583208.00|1|0.0000|0.0000|0.0000|0|17.43
中船科技|600072|7.01|44522962|539738304.00|0.00|7.53|-1.13|12.36|11.55|12.42|11.42|44.52|11.55|30461717|346890112.00|1|0.0000|0.0000|0.0000|0|11.55
光明肉业|600073|1.02|71375761|558132160.00|0.13|3.94|-4.70|7.95|7.88|8.18|7.50|71.38|7.87|73765343|573255424.00|1|0.0000|0.0000|0.0000|0|7.87
新疆天业|600075|0.97|16318580|66491780.00|-0.49|1.46|-3.65|4.15|4.09|4.17|3.96|16.32|4.11|20600422|83801192.00|1|0.0000|0.0000|0.0000|0|4.11
康欣新材|600076|1.08|26994500|48988172.00|-0.54|2.15|-9.68|1.88|1.85|1.90|1.68|26.99|1.86|27420300|51017484.00|1|0.0000|0.0000|0.0000|0|1.86
澄星股份|600078|0.21|12807750|59811636.00|-2.08|1.46|-7.08|4.81|4.70|4.87|4.46|12.81|4.80|12447602|59791908.00|1|0.0000|0.0000|0.0000|0|4.80
ST人福|600079|0.40|25189858|505717152.00|-0.25|1.54|-3.82|20.23|20.10|20.46|19.38|25.19|20.15|21730189|436386528.00|1|0.0000|0.0000|0.0000|0|20.15
金花股份|600080|-0.88|7619404|49708372.00|-0.88|0.15|-8.78|6.77|6.77|6.84|6.23|7.62|6.83|8835600|60460000.00|1|0.0000|0.0000|0.0000|0|6.83
东风科技|600081|0.00|31251868|379773088.00|-4.89|2.00|-8.65|12.48|11.87|12.73|11.40|31.25|12.48|43724075|516888512.00|1|0.0000|0.0000|0.0000|0|12.48
海泰发展|600082|3.15|10855000|27421244.00|-1.18|4.72|-6.69|2.62|2.51|2.66|2.37|10.85|2.54|14737901|37557460.00|1|0.0000|0.0000|0.0000|0|2.54
中信尼雅|600084|4.13|7696124|39647624.00|-0.20|5.89|-4.13|5.30|5.08|5.39|4.88|7.70|5.09|6257300|31763924.00|1|0.0000|0.0000|0.0000|0|5.09
同仁堂|600085|3.64|13276283|477285728.00|-0.62|3.64|-1.90|37.00|35.48|37.00|35.02|13.28|35.70|12584350|442145472.00|1|0.0000|0.0000|0.0000|0|35.70
中视传媒|600088|8.73|16300140|271104608.00|-1.91|10.00|-4.46|17.07|15.40|17.27|15.00|16.30|15.70|6832158|105363696.00|1|0.0000|0.0000|0.0000|0|15.70
特变电工|600089|0.78|51162218|583569088.00|-1.21|0.78|-2.77|11.64|11.41|11.64|11.23|51.16|11.55|61344497|690371904.00|1|0.0000|0.0000|0.0000|0|11.55
大名城|600094|10.09|85696833|287390240.00|1.26|10.09|-4.73|3.49|3.21|3.49|3.02|85.70|3.17|55752458|169333488.00|1|0.0000|0.0000|0.0000|0|3.17
湘财股份|600095|-0.45|246477512|2142600320.00|-2.38|4.99|-9.99|8.77|8.60|9.25|7.93|246.48|8.81|293589237|2623578112.00|1|0.0000|0.0000|0.0000|0|8.81
云天化|600096|0.00|52489088|1150626176.00|-0.32|0.00|-2.52|22.19|22.12|22.19|21.63|52.49|22.19|46834609|1023298496.00|1|0.0000|0.0000|0.0000|0|22.19
开创国际|600097|0.96|12113173|111554896.00|-2.13|1.71|-5.55|9.46|9.17|9.53|8.85|12.11|9.37|14242920|129652296.00|1|0.0000|0.0000|0.0000|0|9.37
广州发展|600098|-2.10|41893093|252092032.00|-0.48|-0.48|-4.68|6.07|6.17|6.17|5.91|41.89|6.20|28503601|176544848.00|1|0.0000|0.0000|0.0000|0|6.20
林海股份|600099|3.69|6463060|53643136.00|-0.24|5.13|-7.03|8.70|8.37|8.82|7.80|6.46|8.39|8382861|71334656.00|1|0.0000|0.0000|0.0000|0|8.39
同方股份|600100|3.10|93508265|634429056.00|-2.21|4.28|-6.49|6.99|6.63|7.07|6.34|93.51|6.78|88285244|593784064.00|1|0.0000|0.0000|0.0000|0|6.78
明星电力|600101|-5.58|166507540|1983084288.00|-3.22|0.16|-9.98|12.02|12.32|12.75|11.46|166.51|12.73|185923216|2356436480.00|1|0.0000|0.0000|0.0000|0|12.73
青山纸业|600103|3.00|58182051|116690152.00|-1.00|4.00|-4.00|2.06|1.98|2.08|1.92|58.18|2.00|46032552|92162720.00|1|0.0000|0.0000|0.0000|0|2.00
上汽集团|600104|3.97|72163992|1057589824.00|-0.89|3.97|-2.87|15.20|14.49|15.20|14.20|72.16|14.62|94815810|1364778368.00|1|0.0000|0.0000|0.0000|0|14.62
永鼎股份|600105|0.99|161564273|781120768.00|-6.11|3.55|-10.06|5.12|4.76|5.25|4.56|161.56|5.07|118084420|606205184.00|1|0.0000|0.0000|0.0000|0|5.07
重庆路桥|600106|5.01|32463474|155996080.00|-1.04|5.43|-6.05|5.03|4.74|5.05|4.50|32.46|4.79|31750386|152487760.00|1|0.0000|0.0000|0.0000|0|4.79
ST尔雅|600107|0.23|16500951|68471744.00|-1.15|1.84|-9.91|4.35|4.29|4.42|3.91|16.50|4.34|19837318|87034288.00|1|0.0000|0.0000|0.0000|0|4.34
亚盛集团|600108|-0.92|256972221|848174080.00|0.00|7.08|-4.62|3.22|3.25|3.48|3.10|256.97|3.25|212248654|660092224.00|1|0.0000|0.0000|0.0000|0|3.25
国金证券|600109|1.55|44671280|346870784.00|-0.39|2.72|-2.46|7.85|7.70|7.94|7.54|44.67|7.73|44806778|346291680.00|1|0.0000|0.0000|0.0000|0|7.73
诺德股份|600110|0.60|30748950|99606736.00|-0.91|1.21|-7.25|3.33|3.28|3.35|3.07|30.75|3.31|39005582|128505904.00|1|0.0000|0.0000|0.0000|0|3.31
北方稀土|600111|5.68|218420903|5392619008.00|1.04|7.60|-2.01|25.30|24.19|25.76|23.46|218.42|23.94|172273964|3976951808.00|1|0.0000|0.0000|0.0000|0|23.94
浙江东日|600113|1.52|6253280|81123968.00|-0.61|2.35|-4.78|13.37|13.09|13.48|12.54|6.25|13.17|6657710|87353024.00|1|0.0000|0.0000|0.0000|0|13.17
东睦股份|600114|2.61|23831315|408751872.00|-3.07|3.36|-7.07|17.70|16.72|17.83|16.03|23.83|17.25|34597754|599902784.00|1|0.0000|0.0000|0.0000|0|17.25
中国东航|600115|3.58|137644303|505110624.00|-1.10|4.13|-2.20|3.76|3.59|3.78|3.55|137.64|3.63|100796332|362058560.00|1|0.0000|0.0000|0.0000|0|3.63
三峡水利|600116|-0.30|17370031|115512864.00|-0.45|0.45|-2.68|6.70|6.69|6.75|6.54|17.37|6.72|25201163|167819328.00|1|0.0000|0.0000|0.0000|0|6.72
西宁特钢|600117|1.97|25381628|50864880.00|-1.48|1.97|-5.42|2.07|2.00|2.07|1.92|25.38|2.03|20171182|40619728.00|1|0.0000|0.0000|0.0000|0|2.03
中国卫星|600118|5.18|21470608|543664704.00|-0.33|5.84|-1.31|25.77|24.42|25.93|24.18|21.47|24.50|14938260|361321568.00|1|0.0000|0.0000|0.0000|0|24.50
长江投资|600119|3.87|8261700|55115156.00|-1.93|4.02|-7.14|6.98|6.59|6.99|6.24|8.26|6.72|5890607|39530684.00|1|0.0000|0.0000|0.0000|0|6.72
浙江东方|600120|2.59|132720589|712905472.00|-1.11|3.88|-7.21|5.55|5.35|5.62|5.02|132.72|5.41|131393718|705278464.00|1|0.0000|0.0000|0.0000|0|5.41
郑州煤电|600121|0.00|36969120|130858280.00|-2.19|0.55|-8.74|3.66|3.58|3.68|3.34|36.97|3.66|36923440|134022976.00|1|0.0000|0.0000|0.0000|0|3.66
兰花科创|600123|-0.42|12563150|89401904.00|-0.69|0.00|-3.05|7.19|7.17|7.22|7.00|12.56|7.22|17392430|124667288.00|1|0.0000|0.0000|0.0000|0|7.22
铁龙物流|600125|8.84|76554996|451482336.00|2.89|9.93|2.17|6.03|5.70|6.09|5.66|76.55|5.54|34612112|191869744.00|1|0.0000|0.0000|0.0000|0|5.54
杭钢股份|600126|8.32|477166666|5563526144.00|-2.65|10.00|-7.43|12.24|11.00|12.43|10.46|477.17|11.30|344568584|3802402048.00|1|0.0000|0.0000|0.0000|0|11.30
金健米业|600127|-4.40|107802191|794386240.00|-1.73|5.60|-5.73|7.17|7.37|7.92|7.07|107.80|7.50|110938870|802733696.00|1|0.0000|0.0000|0.0000|0|7.50
苏豪弘业|600128|-0.46|27549103|229649040.00|-2.06|1.49|-9.95|8.70|8.56|8.87|7.87|27.55|8.74|34899412|304888960.00|1|0.0000|0.0000|0.0000|0|8.74
太极集团|600129|1.82|17250800|355511744.00|-1.15|2.98|-5.38|21.21|20.59|21.45|19.71|17.25|20.83|18988725|389653408.00|1|0.0000|0.0000|0.0000|0|20.83
*ST波导|600130|1.87|34106501|87505328.00|-2.62|2.25|-10.11|2.72|2.60|2.73|2.40|34.11|2.67|38996822|103806440.00|1|0.0000|0.0000|0.0000|0|2.67
国网信通|600131|6.26|19101701|344639744.00|0.00|8.91|-1.67|18.49|17.40|18.95|17.11|19.10|17.40|15063317|260294304.00|1|0.0000|0.0000|0.0000|0|17.40
重庆啤酒|600132|1.77|5830379|342022688.00|-0.10|2.09|-2.98|59.79|58.69|59.98|57.00|5.83|58.75|6725968|387147936.00|1|0.0000|0.0000|0.0000|0|58.75
东湖高新|600133|1.52|28037779|236486016.00|-3.86|2.46|-6.20|8.68|8.22|8.76|8.02|28.04|8.55|37632369|324965504.00|1|0.0000|0.0000|0.0000|0|8.55
乐凯胶片|600135|6.15|11960471|74948784.00|0.16|6.63|-4.05|6.56|6.19|6.59|5.93|11.96|6.18|8579419|53573260.00|1|0.0000|0.0000|0.0000|0|6.18
ST明诚|600136|0.54|13035553|23517570.00|-2.70|1.08|-4.86|1.86|1.80|1.87|1.76|13.04|1.85|12921138|24025828.00|1|0.0000|0.0000|0.0000|0|1.85
浪莎股份|600137|2.89|2537700|33459466.00|-1.71|4.01|-8.46|13.87|13.25|14.02|12.34|2.54|13.48|2814700|38337400.00|1|0.0000|0.0000|0.0000|0|13.48
中青旅|600138|5.80|41599023|409046368.00|-1.04|6.42|-3.83|10.22|9.56|10.28|9.29|41.60|9.66|37997744|362768288.00|1|0.0000|0.0000|0.0000|0|9.66
兴发集团|600141|-0.60|20091178|395085440.00|-1.20|-0.15|-3.75|19.87|19.75|19.96|19.24|20.09|19.99|20776952|412190912.00|1|0.0000|0.0000|0.0000|0|19.99
金发科技|600143|1.58|64961745|606421504.00|-2.74|2.74|-6.85|9.64|9.23|9.75|8.84|64.96|9.49|82828312|777509184.00|1|0.0000|0.0000|0.0000|0|9.49
长春一东|600148|3.23|2961603|45978080.00|-2.22|3.42|-8.05|16.28|15.42|16.31|14.50|2.96|15.77|3080000|48446360.00|1|0.0000|0.0000|0.0000|0|15.77
廊坊发展|600149|1.83|10541253|39203708.00|-1.31|2.35|-8.36|3.90|3.78|3.92|3.51|10.54|3.83|13468800|51478776.00|1|0.0000|0.0000|0.0000|0|3.83
中国船舶|600150|2.90|82973097|2416969984.00|-1.26|3.18|-1.89|29.47|28.28|29.55|28.10|82.97|28.64|87443112|2427807744.00|1|0.0000|0.0000|0.0000|0|28.64
航天机电|600151|5.04|27556101|166303856.00|-2.02|6.39|-4.87|6.25|5.83|6.33|5.66|27.56|5.95|29677948|176224688.00|1|0.0000|0.0000|0.0000|0|5.95
维科技术|600152|1.57|13155700|65132040.00|0.20|2.16|-9.63|5.17|5.10|5.20|4.60|13.16|5.09|16971345|87172712.00|1|0.0000|0.0000|0.0000|0|5.09
建发股份|600153|2.27|30746883|313128672.00|-0.99|2.86|-2.56|10.38|10.05|10.44|9.89|30.75|10.15|30094103|305077952.00|1|0.0000|0.0000|0.0000|0|10.15
华创云信|600155|1.23|38652401|250307472.00|-1.23|2.15|-4.75|6.60|6.44|6.66|6.21|38.65|6.52|36513100|238552368.00|1|0.0000|0.0000|0.0000|0|6.52
华升股份|600156|3.37|19127000|83482616.00|-1.80|4.94|-8.76|4.60|4.37|4.67|4.06|19.13|4.45|22192401|100880528.00|1|0.0000|0.0000|0.0000|0|4.45
永泰能源|600157|1.50|803416940|1056352064.00|-1.50|2.26|-6.02|1.35|1.31|1.36|1.25|803.42|1.33|593276930|787968000.00|1|0.0000|0.0000|0.0000|0|1.33
中体产业|600158|3.33|30765115|232681072.00|-1.73|3.99|-4.13|7.76|7.38|7.81|7.20|30.77|7.51|29204212|219263248.00|1|0.0000|0.0000|0.0000|0|7.51
大龙地产|600159|4.72|22986958|48929396.00|-1.42|5.19|-6.13|2.22|2.09|2.23|1.99|22.99|2.12|18300346|38758592.00|1|0.0000|0.0000|0.0000|0|2.12
巨化股份|600160|0.85|25725522|604996352.00|-0.97|0.89|-2.67|23.83|23.40|23.84|23.00|25.73|23.63|37925972|876263872.00|1|0.0000|0.0000|0.0000|0|23.63
天坛生物|600161|0.13|58919907|1359434752.00|-0.04|2.03|-2.90|23.17|23.13|23.61|22.47|58.92|23.14|92037814|2085550080.00|1|0.0000|0.0000|0.0000|0|23.14
香江控股|600162|3.14|50095532|78666512.00|-0.63|3.77|-6.92|1.64|1.58|1.65|1.48|50.10|1.59|34708222|55105900.00|1|0.0000|0.0000|0.0000|0|1.59
中闽能源|600163|0.60|18113300|88496240.00|-1.20|1.81|-5.42|5.01|4.92|5.07|4.71|18.11|4.98|21139065|104692840.00|1|0.0000|0.0000|0.0000|0|4.98
*ST宁科|600165|-1.86|29750350|124007400.00|-4.64|1.62|-5.10|4.23|4.11|4.38|4.09|29.75|4.31|12975102|56084620.00|1|0.0000|0.0000|0.0000|0|4.31
福田汽车|600166|-0.43|141128673|323252864.00|-0.85|0.00|-5.53|2.34|2.33|2.35|2.22|141.13|2.35|129830941|301312256.00|1|0.0000|0.0000|0.0000|0|2.35
联美控股|600167|1.27|7149079|38976064.00|-0.91|1.64|-4.00|5.57|5.45|5.59|5.28|7.15|5.50|9437907|51496968.00|1|0.0000|0.0000|0.0000|0|5.50
武汉控股|600168|1.60|14109090|60980936.00|-2.05|1.83|-5.71|4.45|4.29|4.46|4.13|14.11|4.38|12944900|56323376.00|1|0.0000|0.0000|0.0000|0|4.38
ST太重|600169|1.37|52284048|112474136.00|-0.91|2.28|-6.39|2.22|2.17|2.24|2.05|52.28|2.19|51479450|112482624.00|1|0.0000|0.0000|0.0000|0|2.19
上海建工|600170|2.44|247477936|603078144.00|-0.81|2.44|-4.47|2.52|2.44|2.52|2.35|247.48|2.46|221084087|544720128.00|1|0.0000|0.0000|0.0000|0|2.46
上海贝岭|600171|5.63|46987683|1418020096.00|-1.80|7.77|-7.46|31.15|28.96|31.78|27.29|46.99|29.49|33499812|990779200.00|1|0.0000|0.0000|0.0000|0|29.49
黄河旋风|600172|1.95|59357982|206390144.00|-1.11|3.34|-10.03|3.66|3.55|3.71|3.23|59.36|3.59|44879802|162440960.00|1|0.0000|0.0000|0.0000|0|3.59
卧龙新能|600173|4.13|40942725|251122112.00|-0.16|4.76|-10.00|6.56|6.29|6.60|5.67|40.94|6.30|42797477|274735008.00|1|0.0000|0.0000|0.0000|0|6.30
中国巨石|600176|-0.41|47927325|569304768.00|-1.73|-0.41|-3.54|12.11|11.95|12.11|11.73|47.93|12.16|51410542|615610432.00|1|0.0000|0.0000|0.0000|0|12.16
雅戈尔|600177|-2.06|56576857|429792576.00|-1.03|-0.90|-3.86|7.62|7.70|7.71|7.48|56.58|7.78|50223110|388726848.00|1|0.0000|0.0000|0.0000|0|7.78
东安动力|600178|3.90|23892600|231072624.00|-2.36|7.80|-8.83|10.12|9.51|10.50|8.88|23.89|9.74|24651603|239258160.00|1|0.0000|0.0000|0.0000|0|9.74
安通控股|600179|3.79|58581380|154406592.00|-1.89|4.17|-5.30|2.74|2.59|2.75|2.50|58.58|2.64|59947177|157282592.00|1|0.0000|0.0000|0.0000|0|2.64
瑞茂通|600180|10.11|47833301|237144352.00|5.49|10.11|5.49|5.01|4.80|5.01|4.80|47.83|4.55|65763111|295030976.00|1|0.0000|0.0000|0.0000|0|4.55
S佳通|600182|-0.50|4575801|62207800.00|-2.65|0.14|-5.01|13.91|13.61|14.00|13.28|4.58|13.98|3715400|51958956.00|1|0.0000|0.0000|0.0000|0|13.98
生益科技|600183|0.64|51701131|1117766912.00|-3.31|3.13|-4.24|21.86|21.00|22.40|20.80|51.70|21.72|77029711|1683716096.00|1|0.0000|0.0000|0.0000|0|21.72
光电股份|600184|9.97|11661506|138989552.00|-1.78|9.97|-2.67|12.35|11.03|12.35|10.93|11.66|11.23|9105000|102664864.00|1|0.0000|0.0000|0.0000|0|11.23
珠免集团|600185|10.02|98974880|604561600.00|-1.23|10.02|-2.99|6.26|5.62|6.26|5.52|98.97|5.69|43733993|242915872.00|1|0.0000|0.0000|0.0000|0|5.69
莲花控股|600186|1.30|422159841|2916772864.00|-3.18|6.21|-6.94|7.01|6.70|7.35|6.44|422.16|6.92|372147830|2466860032.00|1|0.0000|0.0000|0.0000|0|6.92
国中水务|600187|2.61|51252825|154805504.00|-2.29|2.94|-7.84|3.14|2.99|3.15|2.82|51.25|3.06|42683937|130816912.00|1|0.0000|0.0000|0.0000|0|3.06
兖矿能源|600188|-0.08|28220442|353128704.00|-0.47|-0.08|-2.76|12.65|12.60|12.65|12.31|28.22|12.66|39319709|491063584.00|1|0.0000|0.0000|0.0000|0|12.66
泉阳泉|600189|1.55|15788380|101496136.00|-0.31|2.32|-4.64|6.57|6.45|6.62|6.17|15.79|6.47|15483720|98250328.00|1|0.0000|0.0000|0.0000|0|6.47
华资实业|600191|1.11|14728800|105047064.00|0.00|1.39|-4.03|7.28|7.20|7.30|6.91|14.73|7.20|15488556|110441000.00|1|0.0000|0.0000|0.0000|0|7.20
长城电工|600192|1.25|10142907|55363424.00|-0.18|1.43|-8.59|5.66|5.58|5.67|5.11|10.14|5.59|11168954|62625344.00|1|0.0000|0.0000|0.0000|0|5.59
*ST创兴|600193|6.60|26302303|81177432.00|0.66|9.90|-7.26|3.23|3.05|3.33|2.81|26.30|3.03|21881775|64273016.00|1|0.0000|0.0000|0.0000|0|3.03
中牧股份|600195|1.28|61023570|423007136.00|-0.99|1.84|-4.96|7.14|6.98|7.18|6.70|61.02|7.05|59871411|410332992.00|1|0.0000|0.0000|0.0000|0|7.05
复星医药|600196|-0.08|24120891|564253248.00|-1.01|-0.08|-3.46|23.68|23.46|23.68|22.88|24.12|23.70|25956278|610158144.00|1|0.0000|0.0000|0.0000|0|23.70
伊力特|600197|1.51|6960656|101155168.00|-0.96|1.99|-2.47|14.80|14.44|14.87|14.22|6.96|14.58|8283498|119700376.00|1|0.0000|0.0000|0.0000|0|14.58
大唐电信|600198|5.56|37934210|276951424.00|-1.39|6.25|-7.22|7.60|7.10|7.65|6.68|37.93|7.20|31446437|225959024.00|1|0.0000|0.0000|0.0000|0|7.20
金种子酒|600199|1.47|14349800|145407104.00|-1.37|2.15|-4.50|10.38|10.09|10.45|9.77|14.35|10.23|11542568|117413552.00|1|0.0000|0.0000|0.0000|0|10.23
生物股份|600201|2.34|34496759|233519808.00|-0.15|2.92|-4.97|7.00|6.83|7.04|6.50|34.50|6.84|35545080|240657664.00|1|0.0000|0.0000|0.0000|0|6.84
哈空调|600202|1.79|37431680|162135504.00|-2.24|3.58|-9.84|4.55|4.37|4.63|4.03|37.43|4.47|48777802|218045728.00|1|0.0000|0.0000|0.0000|0|4.47
福日电子|600203|5.49|51129000|388804448.00|-1.70|6.01|-9.80|8.07|7.52|8.11|6.90|51.13|7.65|44808100|343394432.00|1|0.0000|0.0000|0.0000|0|7.65
有研新材|600206|5.49|57698602|849205568.00|-1.71|6.52|-8.57|15.38|14.33|15.53|13.33|57.70|14.58|40827400|587212864.00|1|0.0000|0.0000|0.0000|0|14.58
安彩高科|600207|1.91|17956200|64273768.00|-1.91|2.73|-7.10|3.73|3.59|3.76|3.40|17.96|3.66|17305978|63612984.00|1|0.0000|0.0000|0.0000|0|3.66
衢州发展|600208|2.26|132974395|352257440.00|-1.13|2.63|-4.51|2.72|2.63|2.73|2.54|132.97|2.66|132288390|351443904.00|1|0.0000|0.0000|0.0000|0|2.66
紫江企业|600210|0.16|43427247|259834608.00|-1.62|0.81|-7.47|6.17|6.06|6.21|5.70|43.43|6.16|56834279|349811744.00|1|0.0000|0.0000|0.0000|0|6.16
西藏药业|600211|0.44|6108362|218290352.00|-1.52|1.02|-4.58|36.42|35.71|36.63|34.60|6.11|36.26|7165111|259424272.00|1|0.0000|0.0000|0.0000|0|36.26
绿能慧充|600212|4.08|39399502|294500032.00|-7.24|5.79|-9.87|7.91|7.05|8.04|6.85|39.40|7.60|42634328|324594080.00|1|0.0000|0.0000|0.0000|0|7.60
派斯林|600215|-10.04|80585355|653508992.00|-10.04|-6.58|-10.04|8.06|8.06|8.37|8.06|80.59|8.96|48084466|463628576.00|1|0.0000|0.0000|0.0000|0|8.96
浙江医药|600216|-0.81|21959651|262289920.00|-1.06|-0.33|-5.54|12.18|12.15|12.24|11.60|21.96|12.28|25809749|313898688.00|1|0.0000|0.0000|0.0000|0|12.28
中再资环|600217|1.09|35354169|158912640.00|-0.88|1.75|-5.91|4.62|4.53|4.65|4.30|35.35|4.57|27753191|126423520.00|1|0.0000|0.0000|0.0000|0|4.57
全柴动力|600218|1.75|14066320|102386112.00|-0.94|3.10|-7.02|7.54|7.34|7.64|6.89|14.07|7.41|17327122|127777800.00|1|0.0000|0.0000|0.0000|0|7.41
南山铝业|600219|-0.60|171914980|560670272.00|-1.51|0.30|-4.22|3.30|3.27|3.33|3.18|171.91|3.32|193080101|635294848.00|1|0.0000|0.0000|0.0000|0|3.32
海航控股|600221|3.76|606885611|817702336.00|-1.50|8.27|-3.76|1.38|1.31|1.44|1.28|606.89|1.33|431946480|568073728.00|1|0.0000|0.0000|0.0000|0|1.33
太龙药业|600222|0.00|26158870|123431544.00|-0.41|0.61|-8.15|4.91|4.89|4.94|4.51|26.16|4.91|22938535|112766888.00|1|0.0000|0.0000|0.0000|0|4.91
福瑞达|600223|1.81|25536005|179558048.00|-1.95|2.93|-6.56|7.30|7.03|7.38|6.70|25.54|7.17|24890201|177425120.00|1|0.0000|0.0000|0.0000|0|7.17
亨通股份|600226|1.99|30818223|76749712.00|-0.80|2.79|-4.78|2.56|2.49|2.58|2.39|30.82|2.51|36961155|93114744.00|1|0.0000|0.0000|0.0000|0|2.51
赤天化|600227|-1.46|46480301|90634416.00|-0.98|-0.49|-9.76|2.02|2.03|2.04|1.85|46.48|2.05|41753400|84228136.00|1|0.0000|0.0000|0.0000|0|2.05
*ST返利|600228|0.90|23030843|99280888.00|-2.24|3.14|-10.09|4.50|4.36|4.60|4.01|23.03|4.46|21015300|94055728.00|1|0.0000|0.0000|0.0000|0|4.46
城市传媒|600229|1.91|8859101|55130092.00|-0.96|2.71|-5.90|6.39|6.21|6.44|5.90|8.86|6.27|9556331|59431188.00|1|0.0000|0.0000|0.0000|0|6.27
沧州大化|600230|0.96|5329349|49349240.00|-1.38|1.38|-4.89|9.50|9.28|9.54|8.95|5.33|9.41|5016941|46888104.00|1|0.0000|0.0000|0.0000|0|9.41
凌钢股份|600231|3.23|18591089|28632794.00|-0.65|3.87|-5.81|1.60|1.54|1.61|1.46|18.59|1.55|15393805|23859060.00|1|0.0000|0.0000|0.0000|0|1.55
金鹰股份|600232|1.24|9836025|46321012.00|-0.41|1.65|-9.28|4.91|4.83|4.93|4.40|9.84|4.85|11304746|55128852.00|1|0.0000|0.0000|0.0000|0|4.85
圆通速递|600233|0.00|16531339|207525312.00|-0.87|0.40|-2.21|12.65|12.54|12.70|12.37|16.53|12.65|26300906|328396544.00|1|0.0000|0.0000|0.0000|0|12.65
科新发展|600234|-2.53|1575700|8364781.00|-1.45|-1.45|-5.06|5.39|5.45|5.45|5.25|1.58|5.53|1448600|8055500.00|1|0.0000|0.0000|0.0000|0|5.53
民丰特纸|600235|1.52|10776501|56080608.00|-0.95|2.27|-8.14|5.36|5.23|5.40|4.85|10.78|5.28|10726600|56621044.00|1|0.0000|0.0000|0.0000|0|5.28
桂冠电力|600236|-0.47|17134316|107676576.00|-0.47|-0.31|-2.83|6.34|6.34|6.35|6.19|17.13|6.37|21540674|135455792.00|1|0.0000|0.0000|0.0000|0|6.37
铜峰电子|600237|2.86|23509668|138207264.00|-1.18|3.87|-7.06|6.12|5.88|6.18|5.53|23.51|5.95|30206500|179611392.00|1|0.0000|0.0000|0.0000|0|5.95
*ST椰岛|600238|1.01|27257303|159995616.00|-2.52|6.22|-7.39|6.01|5.80|6.32|5.51|27.26|5.95|25675600|146033792.00|1|0.0000|0.0000|0.0000|0|5.95
云南城投|600239|1.35|60718650|131456008.00|-0.90|3.15|-9.46|2.25|2.20|2.29|2.01|60.72|2.22|69080494|154530720.00|1|0.0000|0.0000|0.0000|0|2.22
时代万恒|600241|1.02|8254700|46994568.00|-1.86|2.88|-10.00|5.96|5.79|6.07|5.31|8.25|5.90|7156745|42351968.00|1|0.0000|0.0000|0.0000|0|5.90
*ST海华|600243|1.69|29539500|68020944.00|-2.11|2.95|-9.70|2.41|2.32|2.44|2.14|29.54|2.37|27469000|64394100.00|1|0.0000|0.0000|0.0000|0|2.37
万通发展|600246|1.98|49575218|245222352.00|-1.98|2.77|-8.50|5.16|4.96|5.20|4.63|49.58|5.06|51184758|254780608.00|1|0.0000|0.0000|0.0000|0|5.06
陕建股份|600248|-0.25|34785975|139592544.00|-1.23|0.25|-3.19|4.07|4.03|4.09|3.95|34.79|4.08|47548100|193784880.00|1|0.0000|0.0000|0.0000|0|4.08
两面针|600249|2.74|15366551|71710560.00|-0.84|3.58|-6.74|4.88|4.71|4.92|4.43|15.37|4.75|15724621|74730312.00|1|0.0000|0.0000|0.0000|0|4.75
南京商旅|600250|2.78|22814220|174391456.00|-2.91|4.30|-9.99|8.13|7.68|8.25|7.12|22.81|7.91|24561759|199168688.00|1|0.0000|0.0000|0.0000|0|7.91
冠农股份|600251|0.94|48223074|362585888.00|0.00|4.30|-3.22|7.52|7.45|7.77|7.21|48.22|7.45|43457280|316649984.00|1|0.0000|0.0000|0.0000|0|7.45
中恒集团|600252|0.44|51194673|113711472.00|-1.32|1.32|-6.61|2.28|2.24|2.30|2.12|51.19|2.27|55199433|124771008.00|1|0.0000|0.0000|0.0000|0|2.27
鑫科材料|600255|2.45|120886228|334941056.00|-3.15|3.15|-10.14|2.93|2.77|2.95|2.57|120.89|2.86|120964052|343084352.00|1|0.0000|0.0000|0.0000|0|2.86
广汇能源|600256|-0.18|80592532|444834528.00|-1.25|0.36|-3.58|5.58|5.52|5.61|5.39|80.59|5.59|80795118|447199552.00|1|0.0000|0.0000|0.0000|0|5.59
大湖股份|600257|-0.84|24734507|114676144.00|-1.47|-0.21|-5.87|4.73|4.70|4.76|4.49|24.73|4.77|33263342|155462096.00|1|0.0000|0.0000|0.0000|0|4.77
首旅酒店|600258|4.12|36932432|560166336.00|-1.66|5.45|-3.79|15.67|14.80|15.87|14.48|36.93|15.05|41670587|615383552.00|1|0.0000|0.0000|0.0000|0|15.05
广晟有色|600259|0.78|27451752|1020467776.00|-1.43|5.00|-3.78|37.32|36.50|38.88|35.63|27.45|37.03|26601853|937882944.00|1|0.0000|0.0000|0.0000|0|37.03
阳光照明|600261|1.05|27711900|77700568.00|-0.70|1.75|-6.29|2.89|2.84|2.91|2.68|27.71|2.86|36421250|105307600.00|1|0.0000|0.0000|0.0000|0|2.86
北方股份|600262|3.05|4388900|69063200.00|-1.27|3.81|-5.40|16.23|15.55|16.35|14.90|4.39|15.75|4348699|68708888.00|1|0.0000|0.0000|0.0000|0|15.75
ST景谷|600265|-2.30|2736672|46129660.00|-2.30|-0.86|-7.41|17.00|17.00|17.25|16.11|2.74|17.40|4101536|69784056.00|1|0.0000|0.0000|0.0000|0|17.40
城建发展|600266|6.15|49386912|221815744.00|-0.91|7.29|-4.10|4.66|4.35|4.71|4.21|49.39|4.39|40599861|177128464.00|1|0.0000|0.0000|0.0000|0|4.39
海正药业|600267|-1.27|31080100|260543328.00|-1.85|-0.58|-6.23|8.56|8.51|8.62|8.13|31.08|8.67|34640000|298162624.00|1|0.0000|0.0000|0.0000|0|8.67
国电南自|600268|2.16|23233026|147753376.00|-1.08|2.62|-6.63|6.63|6.42|6.66|6.06|23.23|6.49|23679416|153106384.00|1|0.0000|0.0000|0.0000|0|6.49
赣粤高速|600269|0.21|26805401|126694208.00|-1.04|0.62|-3.74|4.82|4.76|4.84|4.63|26.81|4.81|35471929|170224464.00|1|0.0000|0.0000|0.0000|0|4.81
航天信息|600271|1.97|23412979|192068896.00|-1.48|2.95|-3.20|8.29|8.01|8.37|7.87|23.41|8.13|20575635|166274832.00|1|0.0000|0.0000|0.0000|0|8.13
开开实业|600272|0.93|7597515|95136984.00|-1.70|1.86|-9.60|13.04|12.70|13.16|11.68|7.60|12.92|6805001|87472680.00|1|0.0000|0.0000|0.0000|0|12.92
嘉化能源|600273|1.05|23709501|178379696.00|-0.66|1.58|-3.42|7.69|7.56|7.73|7.35|23.71|7.61|27550602|209975632.00|1|0.0000|0.0000|0.0000|0|7.61
恒瑞医药|600276|-0.99|97519951|4574095360.00|-1.99|-0.99|-5.83|48.22|47.73|48.22|45.86|97.52|48.70|98764578|4739095040.00|1|0.0000|0.0000|0.0000|0|48.70
东方创业|600278|6.75|28572684|177502176.00|0.35|10.03|0.35|6.17|5.80|6.36|5.80|28.57|5.78|12429923|71484040.00|1|0.0000|0.0000|0.0000|0|5.78
重庆港|600279|9.96|40533634|208120880.00|5.93|9.96|5.93|5.19|5.00|5.19|5.00|40.53|4.72|13986169|65282580.00|1|0.0000|0.0000|0.0000|0|4.72
中央商场|600280|2.92|79413232|271668736.00|0.00|6.14|-5.85|3.52|3.42|3.63|3.22|79.41|3.42|51427763|171493456.00|1|0.0000|0.0000|0.0000|0|3.42
华阳新材|600281|1.91|14769701|45460656.00|-2.87|3.18|-7.64|3.20|3.05|3.24|2.90|14.77|3.14|13571959|42377320.00|1|0.0000|0.0000|0.0000|0|3.14
南钢股份|600282|-2.97|59751366|252568768.00|-0.69|-0.69|-4.35|4.24|4.34|4.34|4.18|59.75|4.37|42021792|182496752.00|1|0.0000|0.0000|0.0000|0|4.37
钱江水利|600283|0.95|7633939|71434872.00|-1.38|1.59|-3.61|9.52|9.30|9.58|9.09|7.63|9.43|10280259|96191800.00|1|0.0000|0.0000|0.0000|0|9.43
浦东建设|600284|3.63|18753191|119422928.00|-0.95|3.95|-3.00|6.56|6.27|6.58|6.14|18.75|6.33|18419932|116779256.00|1|0.0000|0.0000|0.0000|0|6.33
羚锐制药|600285|0.99|10986054|245004096.00|-1.26|2.11|-2.96|22.50|22.00|22.75|21.62|10.99|22.28|13711080|300037760.00|1|0.0000|0.0000|0.0000|0|22.28
苏豪时尚|600287|-2.17|6397900|25514232.00|-4.82|-0.72|-5.06|4.06|3.95|4.12|3.94|6.40|4.15|3719800|15440745.00|1|0.0000|0.0000|0.0000|0|4.15
大恒科技|600288|2.44|16502536|127842672.00|-1.54|2.57|-7.46|7.97|7.66|7.98|7.20|16.50|7.78|15085078|118733008.00|1|0.0000|0.0000|0.0000|0|7.78
ST信通|600289|-5.05|42297788|249248928.00|-4.55|5.05|-5.05|5.64|5.67|6.24|5.64|42.30|5.94|1208500|7178490.00|1|0.0000|0.0000|0.0000|0|5.94
远达环保|600292|2.37|78902578|1129133440.00|0.72|5.53|0.07|14.25|14.02|14.69|13.93|78.90|13.92|72605288|1008169472.00|1|0.0000|0.0000|0.0000|0|13.92
三峡新材|600293|3.45|25235454|65906464.00|-0.77|4.21|-5.75|2.70|2.59|2.72|2.46|25.24|2.61|20266746|52819256.00|1|0.0000|0.0000|0.0000|0|2.61
鄂尔多斯|600295|-2.03|12478478|108182160.00|-0.90|-0.11|-4.05|8.70|8.80|8.87|8.52|12.48|8.88|13079915|115646472.00|1|0.0000|0.0000|0.0000|0|8.88
安琪酵母|600298|2.22|9227859|317154272.00|-0.91|2.69|-2.13|34.96|33.89|35.12|33.47|9.23|34.20|8580201|288342464.00|1|0.0000|0.0000|0.0000|0|34.20
安迪苏|600299|0.42|15644654|148652080.00|-0.52|0.94|-3.02|9.64|9.55|9.69|9.31|15.64|9.60|16921507|159646304.00|1|0.0000|0.0000|0.0000|0|9.60
维维股份|600300|4.86|385616578|1490298240.00|1.08|10.00|-2.43|3.88|3.74|4.07|3.61|385.62|3.70|197696990|707753216.00|1|0.0000|0.0000|0.0000|0|3.70
华锡有色|600301|0.90|18471600|338154592.00|-3.61|1.64|-9.54|19.03|18.18|19.17|17.06|18.47|18.86|18456420|347120992.00|1|0.0000|0.0000|0.0000|0|18.86
标准股份|600302|2.48|21190601|91837720.00|-0.68|3.61|-9.71|4.54|4.40|4.59|4.00|21.19|4.43|21210887|95158112.00|1|0.0000|0.0000|0.0000|0|4.43
曙光股份|600303|-0.98|17965614|53549544.00|-1.31|0.65|-4.90|3.03|3.02|3.08|2.91|17.97|3.06|8791400|26921152.00|1|0.0000|0.0000|0.0000|0|3.06
恒顺醋业|600305|1.48|19259140|143458128.00|-0.27|2.28|-2.68|7.56|7.43|7.62|7.25|19.26|7.45|23013560|169996640.00|1|0.0000|0.0000|0.0000|0|7.45
酒钢宏兴|600307|2.29|57786500|75021632.00|-1.53|3.05|-6.11|1.34|1.29|1.35|1.23|57.79|1.31|53274027|68993968.00|1|0.0000|0.0000|0.0000|0|1.31
华泰股份|600308|0.63|13899664|43479844.00|-0.63|0.95|-4.10|3.19|3.15|3.20|3.04|13.90|3.17|11465622|36117204.00|1|0.0000|0.0000|0.0000|0|3.17
万华化学|600309|-0.13|32119283|1901363840.00|-1.79|-0.13|-2.90|60.17|59.17|60.17|58.50|32.12|60.25|43535250|2564497664.00|1|0.0000|0.0000|0.0000|0|60.25
广西能源|600310|-0.24|63126520|257716720.00|0.24|0.72|-5.73|4.18|4.20|4.22|3.95|63.13|4.19|62274075|260409280.00|1|0.0000|0.0000|0.0000|0|4.19
平高电气|600312|2.71|45359277|843292288.00|-0.98|3.69|-2.98|18.95|18.27|19.13|17.90|45.36|18.45|52269091|933183168.00|1|0.0000|0.0000|0.0000|0|18.45
农发种业|600313|-3.98|179460779|1362548096.00|0.13|8.50|-6.91|7.23|7.54|8.17|7.01|179.46|7.53|167488341|1202291968.00|1|0.0000|0.0000|0.0000|0|7.53
上海家化|600315|-0.25|6769650|132259624.00|-1.21|1.06|-3.98|19.79|19.60|20.05|19.05|6.77|19.84|9868499|193060176.00|1|0.0000|0.0000|0.0000|0|19.84
洪都航空|600316|7.30|22809320|792673344.00|-1.17|9.74|-1.71|35.70|32.88|36.51|32.70|22.81|33.27|14143286|468169952.00|1|0.0000|0.0000|0.0000|0|33.27
新力金融|600318|3.66|109220001|1026878336.00|-2.93|4.82|-9.95|9.90|9.27|10.01|8.60|109.22|9.55|88822810|829748928.00|1|0.0000|0.0000|0.0000|0|9.55
亚星化学|600319|2.75|9868165|45931080.00|-0.63|4.23|-8.67|4.86|4.70|4.93|4.32|9.87|4.73|12791302|59731268.00|1|0.0000|0.0000|0.0000|0|4.73
振华重工|600320|4.59|196635602|779246976.00|-2.30|6.63|-6.63|4.10|3.83|4.18|3.66|196.64|3.92|149031569|578566336.00|1|0.0000|0.0000|0.0000|0|3.92
津投城开|600322|3.38|33098069|67889416.00|-1.45|4.35|-8.21|2.14|2.04|2.16|1.90|33.10|2.07|25403833|51916620.00|1|0.0000|0.0000|0.0000|0|2.07
瀚蓝环境|600323|-0.93|9846944|228311504.00|-0.38|-0.08|-3.35|23.37|23.50|23.57|22.80|9.85|23.59|12676079|297514304.00|1|0.0000|0.0000|0.0000|0|23.59
华发股份|600325|2.77|44777215|227403968.00|-0.99|3.56|-2.97|5.19|5.00|5.23|4.90|44.78|5.05|44466060|222200160.00|1|0.0000|0.0000|0.0000|0|5.05
西藏天路|600326|7.44|82986748|513005312.00|-0.83|10.08|-6.78|6.50|6.00|6.66|5.64|82.99|6.05|45997760|276102688.00|1|0.0000|0.0000|0.0000|0|6.05
大东方|600327|1.71|47436303|218669648.00|-2.56|4.05|-8.10|4.77|4.57|4.88|4.31|47.44|4.69|40595227|186037200.00|1|0.0000|0.0000|0.0000|0|4.69
中盐化工|600328|0.00|18949762|132256336.00|-1.13|0.57|-3.26|7.05|6.97|7.09|6.82|18.95|7.05|26324316|183366112.00|1|0.0000|0.0000|0.0000|0|7.05
达仁堂|600329|0.37|6294539|187588416.00|-1.03|0.73|-2.40|30.08|29.66|30.19|29.25|6.29|29.97|7580495|226123024.00|1|0.0000|0.0000|0.0000|0|29.97
天通股份|600330|0.79|26496169|164544528.00|-1.59|1.75|-6.35|6.35|6.20|6.41|5.90|26.50|6.30|28745458|181166944.00|1|0.0000|0.0000|0.0000|0|6.30
宏达股份|600331|1.32|39436358|233704944.00|-1.15|2.14|-7.08|6.15|6.00|6.20|5.64|39.44|6.07|52471064|318430880.00|1|0.0000|0.0000|0.0000|0|6.07
白云山|600332|1.66|9269534|239580560.00|-0.62|1.66|-2.01|26.30|25.71|26.30|25.35|9.27|25.87|12938269|331874816.00|1|0.0000|0.0000|0.0000|0|25.87
长春燃气|600333|2.64|16460811|68290032.00|-0.48|3.36|-5.76|4.28|4.15|4.31|3.93|16.46|4.17|13231000|54914592.00|1|0.0000|0.0000|0.0000|0|4.17
国机汽车|600335|1.02|25661958|148031792.00|-2.04|1.70|-6.30|5.93|5.75|5.97|5.50|25.66|5.87|35492535|207902736.00|1|0.0000|0.0000|0.0000|0|5.87
澳柯玛|600336|3.09|20952394|113982888.00|-1.82|4.36|-7.64|5.67|5.40|5.74|5.08|20.95|5.50|24595899|135347040.00|1|0.0000|0.0000|0.0000|0|5.50
美克家居|600337|1.80|23291512|38237236.00|-1.80|2.99|-7.19|1.70|1.64|1.72|1.55|23.29|1.67|28682753|46722872.00|1|0.0000|0.0000|0.0000|0|1.67
西藏珠峰|600338|-0.11|28896036|250456640.00|-2.68|1.12|-7.61|8.93|8.70|9.04|8.26|28.90|8.94|32132772|283786400.00|1|0.0000|0.0000|0.0000|0|8.94
中油工程|600339|2.92|47753976|147111104.00|-1.30|3.25|-3.25|3.17|3.04|3.18|2.98|47.75|3.08|50159060|153646512.00|1|0.0000|0.0000|0.0000|0|3.08
华夏幸福|600340|3.98|141323823|283717440.00|-2.99|5.47|-7.96|2.09|1.95|2.12|1.85|141.32|2.01|110736313|218244080.00|1|0.0000|0.0000|0.0000|0|2.01
航天动力|600343|10.03|18604780|198491904.00|-0.60|10.03|-1.60|10.97|9.91|10.97|9.81|18.60|9.97|13674900|136913136.00|1|0.0000|0.0000|0.0000|0|9.97
长江通信|600345|5.09|7843702|160351952.00|-0.64|7.00|-7.78|21.47|20.30|21.86|18.84|7.84|20.43|8086182|167137616.00|1|0.0000|0.0000|0.0000|0|20.43
恒力石化|600346|1.00|25083097|374301280.00|-0.93|1.13|-2.07|15.13|14.84|15.15|14.67|25.08|14.98|28686667|424201344.00|1|0.0000|0.0000|0.0000|0|14.98
华阳股份|600348|0.16|41220926|259515472.00|-0.94|0.63|-3.44|6.40|6.33|6.43|6.17|41.22|6.39|49273044|313571776.00|1|0.0000|0.0000|0.0000|0|6.39
山东高速|600350|1.24|16660239|174840592.00|-0.76|1.52|-1.71|10.64|10.43|10.67|10.33|16.66|10.51|18787412|196168640.00|1|0.0000|0.0000|0.0000|0|10.51
亚宝药业|600351|0.71|22344610|123711416.00|-1.41|0.71|-5.48|5.70|5.58|5.70|5.35|22.34|5.66|24674100|139494992.00|1|0.0000|0.0000|0.0000|0|5.66
浙江龙盛|600352|-2.31|32720097|291726272.00|-0.77|-0.77|-3.41|8.89|9.03|9.03|8.79|32.72|9.10|37426526|337516000.00|1|0.0000|0.0000|0.0000|0|9.10
旭光电子|600353|-1.65|94510336|702419264.00|-8.14|0.51|-10.05|7.73|7.22|7.90|7.07|94.51|7.86|72916886|582019456.00|1|0.0000|0.0000|0.0000|0|7.86
敦煌种业|600354|1.57|194744666|1421354880.00|2.29|10.01|-4.15|7.10|7.15|7.69|6.70|194.74|6.99|151789228|1006310144.00|1|0.0000|0.0000|0.0000|0|6.99
*ST精伦|600355|4.95|64166408|201490928.00|0.00|7.26|-4.95|3.18|3.03|3.25|2.88|64.17|3.03|66944400|196563040.00|1|0.0000|0.0000|0.0000|0|3.03
恒丰纸业|600356|1.44|7135438|48891832.00|-1.01|2.45|-5.47|7.05|6.88|7.12|6.57|7.14|6.95|6982273|48625996.00|1|0.0000|0.0000|0.0000|0|6.95
ST联合|600358|5.12|15680606|62918416.00|-0.26|5.12|-2.56|4.11|3.90|4.11|3.81|15.68|3.91|17162165|66575580.00|1|0.0000|0.0000|0.0000|0|3.91
新农开发|600359|-4.61|80223847|656043264.00|-4.25|8.37|-6.92|7.86|7.89|8.93|7.67|80.22|8.24|84637314|652300608.00|1|0.0000|0.0000|0.0000|0|8.24
*ST华微|600360|-0.47|48339668|304424576.00|-4.99|4.37|-4.99|6.38|6.09|6.69|6.09|48.34|6.41|5175400|33174314.00|1|0.0000|0.0000|0.0000|0|6.41
创新新材|600361|1.63|74630733|268090544.00|-1.63|2.17|-7.07|3.74|3.62|3.76|3.42|74.63|3.68|72292875|266360448.00|1|0.0000|0.0000|0.0000|0|3.68
江西铜业|600362|1.21|36150843|703898624.00|-1.92|1.21|-3.99|20.04|19.42|20.04|19.01|36.15|19.80|46325858|906612672.00|1|0.0000|0.0000|0.0000|0|19.80
联创光电|600363|0.92|21201970|1110522880.00|-3.03|2.75|-8.41|53.99|51.88|54.97|49.00|21.20|53.50|22888972|1220868608.00|1|0.0000|0.0000|0.0000|0|53.50
ST通葡|600365|0.83|5441876|12818430.00|-1.24|1.24|-4.96|2.44|2.39|2.45|2.30|5.44|2.42|5745080|13902577.00|1|0.0000|0.0000|0.0000|0|2.42
宁波韵升|600366|-1.06|31145424|226537008.00|-2.65|-0.66|-7.67|7.48|7.36|7.51|6.98|31.15|7.56|34839272|255758912.00|1|0.0000|0.0000|0.0000|0|7.56
红星发展|600367|2.90|23173000|276291840.00|-3.49|4.32|-8.63|12.40|11.63|12.57|11.01|23.17|12.05|29360011|354648928.00|1|0.0000|0.0000|0.0000|0|12.05
五洲交通|600368|5.02|202464619|1031864320.00|-3.47|7.92|-10.04|5.44|5.00|5.59|4.66|202.46|5.18|218074597|1122406784.00|1|0.0000|0.0000|0.0000|0|5.18
XD西南证|600369|2.27|55605222|221437760.00|-0.76|3.02|-2.77|4.06|3.94|4.09|3.86|55.61|3.97|54236785|214727040.00|1|0.0000|0.0000|0.0000|0|3.97
三房巷|600370|0.00|61809212|96286264.00|-2.44|0.61|-9.76|1.64|1.60|1.65|1.48|61.81|1.64|80928557|133210376.00|1|0.0000|0.0000|0.0000|0|1.64
万向德农|600371|9.96|37035831|433153952.00|9.96|9.96|8.18|11.70|11.70|11.70|11.51|37.04|10.64|50027196|531071008.00|1|0.0000|0.0000|0.0000|0|10.64
中航机载|600372|3.95|59266260|647238848.00|-1.22|4.42|-1.51|11.05|10.50|11.10|10.47|59.27|10.63|45052236|468664544.00|1|0.0000|0.0000|0.0000|0|10.63
中文传媒|600373|4.52|28578581|317546976.00|-1.01|5.72|-2.95|11.33|10.73|11.46|10.52|28.58|10.84|22683128|245022112.00|1|0.0000|0.0000|0.0000|0|10.84
汉马科技|600375|-0.36|10337479|56259708.00|-3.57|0.71|-5.00|5.58|5.40|5.64|5.32|10.34|5.60|10636505|59698856.00|1|0.0000|0.0000|0.0000|0|5.60
首开股份|600376|3.56|31549701|71142264.00|-1.78|4.44|-5.78|2.33|2.21|2.35|2.12|31.55|2.25|27264301|60616344.00|1|0.0000|0.0000|0.0000|0|2.25
宁沪高速|600377|2.01|12594060|194764112.00|-0.45|2.01|-1.42|15.75|15.37|15.75|15.22|12.59|15.44|13678019|209500720.00|1|0.0000|0.0000|0.0000|0|15.44
昊华科技|600378|1.13|4032515|106503016.00|0.00|1.28|-2.71|26.83|26.53|26.87|25.81|4.03|26.53|5520810|142708960.00|1|0.0000|0.0000|0.0000|0|26.53
宝光股份|600379|2.45|6850173|57947344.00|-1.52|3.15|-6.78|8.77|8.43|8.83|7.98|6.85|8.56|8671674|73890880.00|1|0.0000|0.0000|0.0000|0|8.56
健康元|600380|-1.23|29687839|305592960.00|-1.61|-0.57|-4.37|10.40|10.36|10.47|10.07|29.69|10.53|35064609|373181184.00|1|0.0000|0.0000|0.0000|0|10.53
*ST春天|600381|-2.81|8726663|35795168.00|-3.04|-2.11|-4.92|4.15|4.14|4.18|4.06|8.73|4.27|8684191|37294364.00|1|0.0000|0.0000|0.0000|0|4.27
广东明珠|600382|2.00|10705890|42086736.00|-2.50|2.50|-6.25|4.08|3.90|4.10|3.75|10.71|4.00|17243866|69586104.00|1|0.0000|0.0000|0.0000|0|4.00
金地集团|600383|6.43|171429199|801110592.00|-2.00|7.98|-2.88|4.80|4.42|4.87|4.38|171.43|4.51|115341955|512799168.00|1|0.0000|0.0000|0.0000|0|4.51
北巴传媒|600386|2.78|21553700|84144880.00|-1.52|3.54|-9.34|4.07|3.90|4.10|3.59|21.55|3.96|23273300|92154520.00|1|0.0000|0.0000|0.0000|0|3.96
龙净环保|600388|0.60|12282155|141080336.00|-1.12|1.81|-3.96|11.70|11.50|11.84|11.17|12.28|11.63|14592228|168765216.00|1|0.0000|0.0000|0.0000|0|11.63
江山股份|600389|-2.46|8921765|127209712.00|-2.73|-1.57|-4.51|14.29|14.25|14.42|13.99|8.92|14.65|9130830|132900696.00|1|0.0000|0.0000|0.0000|0|14.65
五矿资本|600390|3.27|109495065|574919616.00|-1.92|4.62|-4.62|5.37|5.10|5.44|4.96|109.50|5.20|92521472|471620608.00|1|0.0000|0.0000|0.0000|0|5.20
航发科技|600391|10.02|42102704|896611456.00|-2.34|10.02|-4.79|22.07|19.59|22.07|19.10|42.10|20.06|21155211|430853888.00|1|0.0000|0.0000|0.0000|0|20.06
盛和资源|600392|2.89|69287831|747346688.00|-1.59|4.48|-3.54|11.03|10.55|11.20|10.34|69.29|10.72|76316717|790408256.00|1|0.0000|0.0000|0.0000|0|10.72
盘江股份|600395|-0.65|16319614|74561792.00|-1.08|-0.22|-3.45|4.61|4.59|4.63|4.48|16.32|4.64|23920600|110091792.00|1|0.0000|0.0000|0.0000|0|4.64
华电辽能|600396|-0.41|33492492|78611992.00|-2.06|0.82|-8.23|2.42|2.38|2.45|2.23|33.49|2.43|36195910|87602808.00|1|0.0000|0.0000|0.0000|0|2.43
江钨装备|600397|0.42|81812571|380218784.00|-5.86|8.79|-9.83|4.80|4.50|5.20|4.31|81.81|4.78|8743000|41791540.00|1|0.0000|0.0000|0.0000|0|4.78
海澜之家|600398|2.36|39704834|322721568.00|0.00|4.10|-2.61|8.23|8.04|8.37|7.83|39.70|8.04|40447524|316391904.00|1|0.0000|0.0000|0.0000|0|8.04
抚顺特钢|600399|3.29|71220357|369258080.00|-1.55|4.07|-4.46|5.33|5.08|5.37|4.93|71.22|5.16|62782403|323620192.00|1|0.0000|0.0000|0.0000|0|5.16
红豆股份|600400|1.93|36314914|73867120.00|-1.45|2.90|-6.76|2.11|2.04|2.13|1.93|36.31|2.07|32865221|68073680.00|1|0.0000|0.0000|0.0000|0|2.07
大有能源|600403|0.93|40538801|126711336.00|-4.63|1.54|-9.57|3.27|3.09|3.29|2.93|40.54|3.24|46872600|150662144.00|1|0.0000|0.0000|0.0000|0|3.24
动力源|600405|4.10|25043980|104236296.00|0.00|6.27|-6.51|4.32|4.15|4.41|3.88|25.04|4.15|24785556|102750112.00|1|0.0000|0.0000|0.0000|0|4.15
国电南瑞|600406|3.41|99436440|2343737856.00|0.13|3.41|-0.73|23.96|23.20|23.96|23.00|99.44|23.17|116117868|2634002176.00|1|0.0000|0.0000|0.0000|0|23.17
安泰集团|600408|2.50|26963602|42335884.00|-1.88|4.37|-8.75|1.64|1.57|1.67|1.46|26.96|1.60|23730029|37824444.00|1|0.0000|0.0000|0.0000|0|1.60
三友化工|600409|0.20|27457422|135718048.00|-0.80|0.60|-4.18|5.03|4.98|5.05|4.81|27.46|5.02|31347198|157416688.00|1|0.0000|0.0000|0.0000|0|5.02
华胜天成|600410|4.34|82633038|570552320.00|-1.73|5.20|-8.96|7.22|6.80|7.28|6.30|82.63|6.92|82202136|567396416.00|1|0.0000|0.0000|0.0000|0|6.92
小商品城|600415|10.04|132951693|1681843584.00|-1.98|10.04|-3.62|13.37|11.91|13.37|11.71|132.95|12.15|185102972|2260809728.00|1|0.0000|0.0000|0.0000|0|12.15
湘电股份|600416|3.01|28329054|273308672.00|-1.45|3.94|-5.39|9.94|9.51|10.03|9.13|28.33|9.65|28927234|278728384.00|1|0.0000|0.0000|0.0000|0|9.65
江淮汽车|600418|0.00|81233180|2409496832.00|-4.79|0.42|-7.86|30.67|29.20|30.80|28.26|81.23|30.67|118000769|3536135680.00|1|0.0000|0.0000|0.0000|0|30.67
天润乳业|600419|4.46|30743174|326982496.00|-2.28|6.36|-6.17|11.01|10.30|11.21|9.89|30.74|10.54|24297034|248212480.00|1|0.0000|0.0000|0.0000|0|10.54
国药现代|600420|-0.49|19829600|197854272.00|-1.28|-0.20|-3.46|10.08|10.00|10.11|9.78|19.83|10.13|25360900|255605552.00|1|0.0000|0.0000|0.0000|0|10.13
*ST华嵘|600421|1.51|7688100|39414932.00|0.00|3.02|-10.02|5.37|5.29|5.45|4.76|7.69|5.29|8927500|47730020.00|1|0.0000|0.0000|0.0000|0|5.29
昆药集团|600422|-0.54|13327702|217839120.00|-1.27|0.60|-3.37|16.51|16.39|16.70|16.04|13.33|16.60|19513129|320740608.00|1|0.0000|0.0000|0.0000|0|16.60
柳化股份|600423|1.06|25190600|69067424.00|-1.41|2.11|-9.15|2.87|2.80|2.90|2.58|25.19|2.84|29355000|83435336.00|1|0.0000|0.0000|0.0000|0|2.84
青松建化|600425|3.39|46518724|179047072.00|-1.57|4.18|-2.61|3.96|3.77|3.99|3.73|46.52|3.83|49568100|185930896.00|1|0.0000|0.0000|0.0000|0|3.83
华鲁恒升|600426|0.52|23094771|484445728.00|-0.05|0.52|-3.19|21.46|21.34|21.46|20.67|23.09|21.35|27747738|583721088.00|1|0.0000|0.0000|0.0000|0|21.35
中远海特|600428|0.52|55507613|314312544.00|-1.21|1.04|-5.55|5.80|5.70|5.83|5.45|55.51|5.77|54800996|316688608.00|1|0.0000|0.0000|0.0000|0|5.77
三元股份|600429|4.06|27958396|118138752.00|-1.91|5.25|-3.82|4.36|4.11|4.41|4.03|27.96|4.19|29679856|122546376.00|1|0.0000|0.0000|0.0000|0|4.19
冠豪高新|600433|6.43|36130942|115753584.00|0.00|9.97|-2.25|3.31|3.11|3.42|3.04|36.13|3.11|23643199|73208360.00|1|0.0000|0.0000|0.0000|0|3.11
北方导航|600435|8.31|55180024|607657664.00|-0.48|9.95|-1.35|11.21|10.30|11.38|10.21|55.18|10.35|23871000|244242032.00|1|0.0000|0.0000|0.0000|0|10.35
片仔癀|600436|0.52|3671639|750533888.00|-0.45|0.59|-1.30|205.87|203.88|206.00|202.13|3.67|204.80|4842850|975796800.00|1|0.0000|0.0000|0.0000|0|204.80
通威股份|600438|1.12|55845970|938312512.00|-1.29|1.12|-3.12|17.20|16.79|17.20|16.48|55.85|17.01|57109339|962818688.00|1|0.0000|0.0000|0.0000|0|17.01
瑞贝卡|600439|1.69|44075279|126515680.00|-2.70|2.70|-9.46|3.01|2.88|3.04|2.68|44.08|2.96|57018858|170028608.00|1|0.0000|0.0000|0.0000|0|2.96
国机通用|600444|2.10|5457300|71513544.00|-2.40|2.25|-6.91|13.60|13.00|13.62|12.40|5.46|13.32|7949300|106355816.00|1|0.0000|0.0000|0.0000|0|13.32
金证股份|600446|1.71|28286100|408898848.00|-1.78|3.36|-7.40|14.84|14.33|15.08|13.51|28.29|14.59|31610914|461824064.00|1|0.0000|0.0000|0.0000|0|14.59
华纺股份|600448|2.88|17077700|40559952.00|-3.29|3.70|-8.64|2.50|2.35|2.52|2.22|17.08|2.43|18826920|46358440.00|1|0.0000|0.0000|0.0000|0|2.43
宁夏建材|600449|6.42|18119725|232489104.00|-1.43|7.77|-6.50|13.43|12.44|13.60|11.80|18.12|12.62|16677370|210490240.00|1|0.0000|0.0000|0.0000|0|12.62
涪陵电力|600452|-0.22|34442541|313739040.00|-1.40|0.43|-4.31|9.26|9.15|9.32|8.88|34.44|9.28|40003026|368479552.00|1|0.0000|0.0000|0.0000|0|9.28
博通股份|600455|6.03|2699791|56686668.00|-0.44|6.90|-4.47|21.82|20.49|22.00|19.66|2.70|20.58|3248800|66948140.00|1|0.0000|0.0000|0.0000|0|20.58
宝钛股份|600456|5.24|27473947|811102720.00|-2.12|5.94|-4.45|30.30|28.18|30.50|27.51|27.47|28.79|19823207|570551488.00|1|0.0000|0.0000|0.0000|0|28.79
时代新材|600458|2.60|11642346|133936408.00|-1.13|3.99|-5.56|11.82|11.39|11.98|10.88|11.64|11.52|13473499|154755392.00|1|0.0000|0.0000|0.0000|0|11.52
贵研铂业|600459|0.80|11157618|137134352.00|-1.12|1.20|-4.34|12.55|12.31|12.60|11.91|11.16|12.45|13782128|171292848.00|1|0.0000|0.0000|0.0000|0|12.45
士兰微|600460|4.83|40742160|895114304.00|-0.88|5.07|-3.25|22.55|21.32|22.60|20.81|40.74|21.51|33062822|705088448.00|1|0.0000|0.0000|0.0000|0|21.51
洪城环境|600461|0.71|24952074|245713904.00|-0.40|1.72|-2.63|9.95|9.84|10.05|9.62|24.95|9.88|32674033|319952320.00|1|0.0000|0.0000|0.0000|0|9.88
空港股份|600463|3.83|6384101|50311724.00|-0.12|4.08|-8.53|8.40|8.08|8.42|7.40|6.38|8.09|4587300|36771616.00|1|0.0000|0.0000|0.0000|0|8.09
好当家|600467|0.85|147291000|338587168.00|-2.12|3.81|-8.05|2.38|2.31|2.45|2.17|147.29|2.36|160958355|366343520.00|1|0.0000|0.0000|0.0000|0|2.36
百利电气|600468|0.97|49981894|201221200.00|-0.97|2.67|-9.71|4.16|4.08|4.23|3.72|49.98|4.12|65517341|271248032.00|1|0.0000|0.0000|0.0000|0|4.12
风神股份|600469|1.19|9308804|46189528.00|-1.58|2.18|-6.53|5.11|4.97|5.16|4.72|9.31|5.05|11540600|58543944.00|1|0.0000|0.0000|0.0000|0|5.05
六国化工|600470|-0.74|52875500|271629024.00|-3.35|2.04|-10.04|5.34|5.20|5.49|4.84|52.88|5.38|54465600|281648480.00|1|0.0000|0.0000|0.0000|0|5.38
华光环能|600475|0.00|6822555|57784244.00|-0.70|1.17|-3.27|8.56|8.50|8.66|8.28|6.82|8.56|9776828|82944760.00|1|0.0000|0.0000|0.0000|0|8.56
湘邮科技|600476|5.12|6503700|88175264.00|-1.26|6.01|-6.46|14.16|13.30|14.28|12.60|6.50|13.47|6531900|88374320.00|1|0.0000|0.0000|0.0000|0|13.47
杭萧钢构|600477|2.35|36823235|93351872.00|-1.18|3.14|-5.10|2.61|2.52|2.63|2.42|36.82|2.55|37332018|94789544.00|1|0.0000|0.0000|0.0000|0|2.55
科力远|600478|2.78|49613450|211229136.00|-1.62|3.71|-7.42|4.43|4.24|4.47|3.99|49.61|4.31|62371081|269487936.00|1|0.0000|0.0000|0.0000|0|4.31
千金药业|600479|2.25|9762467|95104120.00|-0.61|2.76|-3.89|10.00|9.72|10.05|9.40|9.76|9.78|8468407|82532184.00|1|0.0000|0.0000|0.0000|0|9.78
凌云股份|600480|8.82|79055008|1037494464.00|-2.32|9.98|-9.51|14.07|12.63|14.22|11.70|79.06|12.93|41807826|548615872.00|1|0.0000|0.0000|0.0000|0|12.93
双良节能|600481|0.23|53274000|228112624.00|-1.13|1.13|-8.78|4.45|4.39|4.49|4.05|53.27|4.44|52527407|234207056.00|1|0.0000|0.0000|0.0000|0|4.44
中国动力|600482|3.44|38752496|804452672.00|-3.15|3.44|-4.66|21.33|19.97|21.33|19.66|38.75|20.62|49126223|963294848.00|1|0.0000|0.0000|0.0000|0|20.62
福能股份|600483|1.63|33837782|313597760.00|-0.33|2.17|-2.28|9.38|9.20|9.43|9.02|33.84|9.23|22993260|211623536.00|1|0.0000|0.0000|0.0000|0|9.23
扬农化工|600486|-2.73|3778400|189460432.00|-0.43|-0.39|-3.16|49.80|50.98|51.00|49.58|3.78|51.20|5072219|254971920.00|1|0.0000|0.0000|0.0000|0|51.20
亨通光电|600487|2.67|65889406|959565504.00|-1.92|3.63|-5.00|14.98|14.31|15.12|13.86|65.89|14.59|65297425|946802112.00|1|0.0000|0.0000|0.0000|0|14.59
津药药业|600488|0.26|14407700|53855008.00|-0.78|0.26|-5.47|3.85|3.81|3.85|3.63|14.41|3.84|12895712|49419712.00|1|0.0000|0.0000|0.0000|0|3.84
中金黄金|600489|3.78|94291944|1195896576.00|-2.05|3.78|-3.54|13.19|12.45|13.19|12.26|94.29|12.71|95104108|1192753536.00|1|0.0000|0.0000|0.0000|0|12.71
鹏欣资源|600490|4.57|75583081|249284144.00|-2.74|6.10|-6.71|3.43|3.19|3.48|3.06|75.58|3.28|73860850|237621232.00|1|0.0000|0.0000|0.0000|0|3.28
龙元建设|600491|-2.37|33333904|123015568.00|-1.84|0.79|-6.05|3.71|3.73|3.83|3.57|33.33|3.80|42390166|150981696.00|1|0.0000|0.0000|0.0000|0|3.80
凤竹纺织|600493|3.07|9256742|41427228.00|-1.75|3.95|-7.89|4.70|4.48|4.74|4.20|9.26|4.56|10337353|47711892.00|1|0.0000|0.0000|0.0000|0|4.56
晋西车轴|600495|6.93|47925440|180461920.00|1.39|8.86|0.00|3.86|3.66|3.93|3.61|47.93|3.61|28124874|100553960.00|1|0.0000|0.0000|0.0000|0|3.61
精工钢构|600496|3.00|36344176|108690792.00|0.00|4.00|-4.67|3.09|3.00|3.12|2.86|36.34|3.00|35806705|108613768.00|1|0.0000|0.0000|0.0000|0|3.00
驰宏锌锗|600497|1.62|96359012|471271488.00|-1.01|1.82|-4.45|5.02|4.89|5.03|4.72|96.36|4.94|82354972|405373312.00|1|0.0000|0.0000|0.0000|0|4.94
烽火通信|600498|4.21|39619163|791430528.00|-2.69|4.97|-5.27|20.56|19.20|20.71|18.69|39.62|19.73|43543855|858493184.00|1|0.0000|0.0000|0.0000|0|19.73
科达制造|600499|0.27|26013218|189344000.00|-1.48|1.08|-4.86|7.43|7.30|7.49|7.05|26.01|7.41|36313780|269790176.00|1|0.0000|0.0000|0.0000|0|7.41
中化国际|600500|1.96|24314498|86979056.00|-0.84|2.79|-3.07|3.65|3.55|3.68|3.47|24.31|3.58|27465654|97446680.00|1|0.0000|0.0000|0.0000|0|3.58
航天晨光|600501|6.60|16397647|265619664.00|-1.90|7.05|-5.40|16.79|15.45|16.86|14.90|16.40|15.75|15264213|242298208.00|1|0.0000|0.0000|0.0000|0|15.75
安徽建工|600502|1.50|49753270|229417888.00|-1.71|1.92|-4.49|4.75|4.60|4.77|4.47|49.75|4.68|62977706|291158400.00|1|0.0000|0.0000|0.0000|0|4.68
华丽家族|600503|3.62|47193802|103528744.00|-0.90|4.07|-8.14|2.29|2.19|2.30|2.03|47.19|2.21|38800100|85759416.00|1|0.0000|0.0000|0.0000|0|2.21
西昌电力|600505|-0.94|38124505|429187648.00|-2.47|1.19|-9.79|11.64|11.46|11.89|10.60|38.12|11.75|40210029|462975904.00|1|0.0000|0.0000|0.0000|0|11.75
统一股份|600506|4.19|18576055|337236800.00|-0.33|6.35|-9.60|18.88|18.06|19.27|16.38|18.58|18.12|17311900|313472288.00|1|0.0000|0.0000|0.0000|0|18.12
方大特钢|600507|-0.74|29418788|118192024.00|-0.74|0.00|-3.43|4.05|4.05|4.08|3.94|29.42|4.08|39308935|159755024.00|1|0.0000|0.0000|0.0000|0|4.08
上海能源|600508|0.79|5394000|61006416.00|-0.18|1.05|-2.72|11.49|11.38|11.52|11.09|5.39|11.40|8052831|90715664.00|1|0.0000|0.0000|0.0000|0|11.40
天富能源|600509|-0.67|39794626|229641968.00|-2.18|0.50|-7.05|5.92|5.83|5.99|5.54|39.79|5.96|40040335|237714688.00|1|0.0000|0.0000|0.0000|0|5.96
黑牡丹|600510|2.94|19550200|86118208.00|-1.58|3.85|-5.88|4.55|4.35|4.59|4.16|19.55|4.42|21603600|96677544.00|1|0.0000|0.0000|0.0000|0|4.42
国药股份|600511|0.24|6766256|200047200.00|-1.35|1.69|-2.03|29.67|29.20|30.10|29.00|6.77|29.60|7040820|205873728.00|1|0.0000|0.0000|0.0000|0|29.60
腾达建设|600512|1.42|35915900|74654904.00|-0.94|2.36|-6.13|2.15|2.10|2.17|1.99|35.92|2.12|30595400|64652448.00|1|0.0000|0.0000|0.0000|0|2.12
联环药业|600513|-0.65|17808801|155492480.00|-2.29|0.33|-9.49|9.11|8.96|9.20|8.30|17.81|9.17|19021303|174598112.00|1|0.0000|0.0000|0.0000|0|9.17
海南机场|600515|9.97|169696503|610203840.00|-1.47|9.97|-2.35|3.75|3.36|3.75|3.33|169.70|3.41|105884297|357922848.00|1|0.0000|0.0000|0.0000|0|3.41
方大炭素|600516|3.43|43552463|203962704.00|-1.07|4.08|-3.86|4.82|4.61|4.85|4.48|43.55|4.66|37592958|173871760.00|1|0.0000|0.0000|0.0000|0|4.66
国网英大|600517|1.74|31958668|146641264.00|-0.87|1.96|-3.26|4.68|4.56|4.69|4.45|31.96|4.60|35074226|159529840.00|1|0.0000|0.0000|0.0000|0|4.60
康美药业|600518|1.55|344504809|657990272.00|-1.04|2.59|-6.22|1.96|1.91|1.98|1.81|344.50|1.93|245128732|471036256.00|1|0.0000|0.0000|0.0000|0|1.93
贵州茅台|600519|-0.26|5563004|8562928128.00|-1.29|0.76|-1.58|1541.04|1525.02|1556.80|1520.55|5.56|1545.00|7387649|11226977280.00|1|0.0000|0.0000|0.0000|0|1545.00
三佳科技|600520|2.65|8997202|238160928.00|-2.88|3.29|-9.04|27.49|26.01|27.66|24.36|9.00|26.78|8237700|219854832.00|1|0.0000|0.0000|0.0000|0|26.78
华海药业|600521|-3.89|36859137|507011712.00|-2.78|-2.78|-6.38|13.85|14.01|14.01|13.49|36.86|14.41|29394808|420807648.00|1|0.0000|0.0000|0.0000|0|14.41
中天科技|600522|1.95|80244970|1020649600.00|-2.27|2.97|-5.47|13.05|12.51|13.18|12.10|80.24|12.80|71377500|909724800.00|1|0.0000|0.0000|0.0000|0|12.80
贵航股份|600523|5.18|11431400|122706312.00|-0.47|6.03|-4.99|11.17|10.57|11.26|10.09|11.43|10.62|11892801|127045080.00|1|0.0000|0.0000|0.0000|0|10.62
ST长园|600525|2.51|25803915|91733512.00|-0.84|3.07|-5.31|3.67|3.55|3.69|3.39|25.80|3.58|28434866|101510224.00|1|0.0000|0.0000|0.0000|0|3.58
菲达环保|600526|2.50|15362301|67224184.00|-0.91|3.18|-5.68|4.51|4.36|4.54|4.15|15.36|4.40|14067100|62120640.00|1|0.0000|0.0000|0.0000|0|4.40
江南高纤|600527|0.00|50772860|93069808.00|-2.11|1.58|-9.47|1.90|1.86|1.93|1.72|50.77|1.90|49107900|92865888.00|1|0.0000|0.0000|0.0000|0|1.90
中铁工业|600528|0.87|25438010|201849792.00|0.12|2.25|-3.00|8.08|8.02|8.19|7.77|25.44|8.01|30992089|246026992.00|1|0.0000|0.0000|0.0000|0|8.01
山东药玻|600529|0.18|10159462|221553680.00|-1.68|0.96|-2.82|22.01|21.60|22.18|21.35|10.16|21.97|13583663|296255360.00|1|0.0000|0.0000|0.0000|0|21.97
交大昂立|600530|1.64|11042766|46216800.00|-0.23|2.80|-9.35|4.35|4.27|4.40|3.88|11.04|4.28|11666864|49345156.00|1|0.0000|0.0000|0.0000|0|4.28
豫光金铅|600531|0.83|50743573|295925120.00|-2.66|1.16|-8.32|6.06|5.85|6.08|5.51|50.74|6.01|68279065|415154368.00|1|0.0000|0.0000|0.0000|0|6.01
栖霞建设|600533|2.53|17014493|33349914.00|-1.52|3.54|-6.06|2.03|1.95|2.05|1.86|17.01|1.98|14347011|28251490.00|1|0.0000|0.0000|0.0000|0|1.98
天士力|600535|0.48|17279436|252711376.00|-1.29|0.88|-3.39|14.80|14.54|14.86|14.23|17.28|14.73|20107148|295091264.00|1|0.0000|0.0000|0.0000|0|14.73
中国软件|600536|2.87|114796957|5904606720.00|0.00|7.54|-1.27|51.18|49.75|53.50|49.12|114.80|49.75|84617994|3984882432.00|1|0.0000|0.0000|0.0000|0|49.75
亿晶光电|600537|2.92|34841242|96058112.00|1.46|3.65|-5.11|2.82|2.78|2.84|2.60|34.84|2.74|47069700|129574536.00|1|0.0000|0.0000|0.0000|0|2.74
国发股份|600538|-0.85|13885920|63428548.00|-4.44|1.06|-8.67|4.69|4.52|4.78|4.32|13.89|4.73|18221500|84119648.00|1|0.0000|0.0000|0.0000|0|4.73
狮头股份|600539|5.62|12857800|111665776.00|-0.23|7.00|-8.83|9.21|8.70|9.33|7.95|12.86|8.72|9631400|85679120.00|1|0.0000|0.0000|0.0000|0|8.72
新赛股份|600540|10.08|9034367|51315204.00|10.08|10.08|10.08|5.68|5.68|5.68|5.68|9.03|5.16|17819281|91947488.00|1|0.0000|0.0000|0.0000|0|5.16
莫高股份|600543|4.36|11188101|48842068.00|-1.38|4.59|-4.82|4.55|4.30|4.56|4.15|11.19|4.36|9996700|43195608.00|1|0.0000|0.0000|0.0000|0|4.36
卓郎智能|600545|3.05|55635801|106840032.00|-1.02|3.55|-10.15|2.03|1.95|2.04|1.77|55.64|1.97|49255100|96543792.00|1|0.0000|0.0000|0.0000|0|1.97
山煤国际|600546|-0.99|21504116|213677984.00|-0.50|-0.50|-3.07|9.99|10.04|10.04|9.78|21.50|10.09|24918343|250010144.00|1|0.0000|0.0000|0.0000|0|10.09
山东黄金|600547|3.88|55781479|1476621312.00|-1.60|3.88|-2.85|27.30|25.86|27.30|25.53|55.78|26.28|50991430|1312000256.00|1|0.0000|0.0000|0.0000|0|26.28
深高速|600548|2.63|8209704|91174000.00|-0.18|2.99|-1.81|11.31|11.00|11.35|10.82|8.21|11.02|8206036|90119672.00|1|0.0000|0.0000|0.0000|0|11.02
厦门钨业|600549|1.09|32220078|585624832.00|-1.36|2.13|-4.36|18.53|18.08|18.72|17.53|32.22|18.33|31926695|577988928.00|1|0.0000|0.0000|0.0000|0|18.33
保变电气|600550|2.22|73341422|513231904.00|-2.36|4.30|-9.99|7.37|7.04|7.52|6.49|73.34|7.21|87816659|645409984.00|1|0.0000|0.0000|0.0000|0|7.21
时代出版|600551|2.28|7731496|60982396.00|-0.63|3.29|-5.06|8.08|7.85|8.16|7.50|7.73|7.90|7559520|59564212.00|1|0.0000|0.0000|0.0000|0|7.90
凯盛科技|600552|3.60|33963296|337658016.00|-2.10|4.40|-6.89|10.37|9.80|10.45|9.32|33.96|10.01|40508996|408683840.00|1|0.0000|0.0000|0.0000|0|10.01
天下秀|600556|2.56|65177018|274116960.00|-2.56|3.26|-9.09|4.40|4.18|4.43|3.90|65.18|4.29|80903048|347246208.00|1|0.0000|0.0000|0.0000|0|4.29
康缘药业|600557|0.32|10282233|127216736.00|-0.71|0.87|-5.38|12.67|12.54|12.74|11.95|10.28|12.63|11674151|147452000.00|1|0.0000|0.0000|0.0000|0|12.63
大西洋|600558|4.53|61588517|258594768.00|-1.43|6.21|-8.11|4.38|4.13|4.45|3.85|61.59|4.19|62229188|262597744.00|1|0.0000|0.0000|0.0000|0|4.19
老白干酒|600559|1.82|21829340|385804832.00|-1.19|2.50|-1.93|17.93|17.40|18.05|17.27|21.83|17.61|24565550|427887136.00|1|0.0000|0.0000|0.0000|0|17.61
金自天正|600560|4.37|9259271|126807320.00|-2.33|5.83|-8.16|14.33|13.41|14.53|12.61|9.26|13.73|9383001|129804496.00|1|0.0000|0.0000|0.0000|0|13.73
江西长运|600561|3.84|7191855|35012224.00|-0.61|4.85|-7.47|5.14|4.92|5.19|4.58|7.19|4.95|7422300|36891900.00|1|0.0000|0.0000|0.0000|0|4.95
国睿科技|600562|5.69|11676752|229751728.00|-0.95|7.43|-2.58|20.05|18.79|20.38|18.48|11.68|18.97|9461890|179654928.00|1|0.0000|0.0000|0.0000|0|18.97
法拉电子|600563|-1.90|4561326|422500640.00|-1.80|-0.63|-5.88|92.90|93.00|94.10|89.13|4.56|94.70|4286558|401289408.00|1|0.0000|0.0000|0.0000|0|94.70
济川药业|600566|1.54|7243828|192849712.00|-1.12|1.99|-2.62|27.11|26.40|27.23|26.00|7.24|26.70|9210513|243905456.00|1|0.0000|0.0000|0.0000|0|26.70
山鹰国际|600567|0.62|122996177|194045696.00|-1.86|1.86|-6.83|1.62|1.58|1.64|1.50|123.00|1.61|121872750|195578176.00|1|0.0000|0.0000|0.0000|0|1.61
ST中珠|600568|0.79|12922580|16106808.00|-1.57|1.57|-4.72|1.28|1.25|1.29|1.21|12.92|1.27|20172000|25365180.00|1|0.0000|0.0000|0.0000|0|1.27
安阳钢铁|600569|2.40|22409852|37067420.00|0.00|2.40|-5.39|1.71|1.67|1.71|1.58|22.41|1.67|19446000|32369154.00|1|0.0000|0.0000|0.0000|0|1.67
恒生电子|600570|3.96|52340679|1290671488.00|-1.57|3.96|-3.09|25.21|23.87|25.21|23.50|52.34|24.25|60075727|1453482880.00|1|0.0000|0.0000|0.0000|0|24.25
信雅达|600571|1.12|82229838|1133679744.00|-3.21|3.84|-9.99|14.47|13.85|14.86|12.88|82.23|14.31|90013781|1303684864.00|1|0.0000|0.0000|0.0000|0|14.31
康恩贝|600572|0.00|39553035|169698128.00|-1.37|0.69|-4.12|4.37|4.31|4.40|4.19|39.55|4.37|45534767|197322112.00|1|0.0000|0.0000|0.0000|0|4.37
惠泉啤酒|600573|1.53|7411000|81003064.00|-1.71|1.98|-5.05|11.26|10.90|11.31|10.53|7.41|11.09|6395391|70760400.00|1|0.0000|0.0000|0.0000|0|11.09
淮河能源|600575|2.91|132997748|466961024.00|0.00|6.10|-2.91|3.54|3.44|3.65|3.34|133.00|3.44|91784403|312010272.00|1|0.0000|0.0000|0.0000|0|3.44
祥源文旅|600576|4.28|16413110|145712976.00|-2.03|4.28|-7.09|9.26|8.70|9.26|8.25|16.41|8.88|13587199|120143048.00|1|0.0000|0.0000|0.0000|0|8.88
精达股份|600577|0.00|117543038|673030912.00|-3.87|1.52|-9.76|5.94|5.71|6.03|5.36|117.54|5.94|153018679|929015552.00|1|0.0000|0.0000|0.0000|0|5.94
京能电力|600578|-0.86|52222623|178594896.00|0.00|0.00|-4.01|3.46|3.49|3.49|3.35|52.22|3.49|52275273|182184000.00|1|0.0000|0.0000|0.0000|0|3.49
中化装备|600579|3.46|25170600|157821344.00|-4.09|4.72|-9.13|6.57|6.09|6.65|5.77|25.17|6.35|23155167|145926944.00|1|0.0000|0.0000|0.0000|0|6.35
卧龙电驱|600580|5.55|142726619|3006233088.00|-3.30|7.71|-8.33|22.05|20.20|22.50|19.15|142.73|20.89|126241351|2687407360.00|1|0.0000|0.0000|0.0000|0|20.89
八一钢铁|600581|0.33|42246710|125846760.00|-1.63|0.65|-7.52|3.07|3.01|3.08|2.83|42.25|3.06|36352100|110792096.00|1|0.0000|0.0000|0.0000|0|3.06
天地科技|600582|1.36|56490613|330277664.00|0.17|1.70|-2.89|5.96|5.89|5.98|5.71|56.49|5.88|60558234|355518144.00|1|0.0000|0.0000|0.0000|0|5.88
海油工程|600583|2.90|97503394|510403680.00|0.00|3.48|-2.32|5.32|5.17|5.35|5.05|97.50|5.17|89553357|460808736.00|1|0.0000|0.0000|0.0000|0|5.17
长电科技|600584|3.60|68987230|2107993088.00|-1.67|4.37|-3.67|31.08|29.50|31.31|28.90|68.99|30.00|73055334|2177802752.00|1|0.0000|0.0000|0.0000|0|30.00
海螺水泥|600585|2.74|41952222|1049688192.00|-0.44|2.74|-2.26|25.50|24.71|25.50|24.26|41.95|24.82|46120065|1128827136.00|1|0.0000|0.0000|0.0000|0|24.82
金晶科技|600586|0.87|22080000|99499472.00|-1.31|1.31|-5.90|4.62|4.52|4.64|4.31|22.08|4.58|25387765|116304544.00|1|0.0000|0.0000|0.0000|0|4.58
新华医疗|600587|0.86|10491710|156704016.00|-1.19|1.19|-4.62|15.28|14.97|15.33|14.45|10.49|15.15|12350480|186468688.00|1|0.0000|0.0000|0.0000|0|15.15
用友网络|600588|2.98|80312517|1054720448.00|-1.91|3.36|-6.79|13.49|12.85|13.54|12.21|80.31|13.10|93713777|1213094272.00|1|0.0000|0.0000|0.0000|0|13.10
大位科技|600589|4.29|254265610|1458486656.00|-4.63|8.58|-9.95|6.08|5.56|6.33|5.25|254.27|5.83|199884408|1193278464.00|1|0.0000|0.0000|0.0000|0|5.83
泰豪科技|600590|3.49|110635449|950304960.00|-10.00|8.49|-10.00|8.90|7.74|9.33|7.74|110.64|8.60|8406900|72299344.00|1|0.0000|0.0000|0.0000|0|8.60
龙溪股份|600592|2.90|53823100|789824768.00|-7.44|5.20|-10.01|15.63|14.06|15.98|13.67|53.82|15.19|28760187|445027168.00|1|0.0000|0.0000|0.0000|0|15.19
大连圣亚|600593|-3.64|20553107|732529536.00|-4.38|2.95|-9.99|36.28|36.00|38.76|33.89|20.55|37.65|23311952|848594048.00|1|0.0000|0.0000|0.0000|0|37.65
益佰制药|600594|1.89|18870443|58399896.00|-2.21|2.52|-7.26|3.23|3.10|3.25|2.94|18.87|3.17|15608800|49337224.00|1|0.0000|0.0000|0.0000|0|3.17
中孚实业|600595|-3.05|123002526|382125952.00|-4.27|-1.52|-7.93|3.18|3.14|3.23|3.02|123.00|3.28|169919092|550802432.00|1|0.0000|0.0000|0.0000|0|3.28
新安股份|600596|-1.65|17917140|137939696.00|-1.02|-0.76|-4.32|7.74|7.79|7.81|7.53|17.92|7.87|22692006|176143888.00|1|0.0000|0.0000|0.0000|0|7.87
光明乳业|600597|1.19|27452842|228351648.00|-0.96|1.67|-3.35|8.47|8.29|8.51|8.09|27.45|8.37|35604702|291800992.00|1|0.0000|0.0000|0.0000|0|8.37
北大荒|600598|10.03|258656624|4837094912.00|6.84|10.03|1.80|18.98|18.43|18.98|17.56|258.66|17.25|185094749|3069493248.00|1|0.0000|0.0000|0.0000|0|17.25
*ST熊猫|600599|-1.21|1911185|16828708.00|-3.53|0.66|-4.96|8.96|8.75|9.13|8.62|1.91|9.07|1532000|13901083.00|1|0.0000|0.0000|0.0000|0|9.07
青岛啤酒|600600|2.99|10577133|846313280.00|-1.03|3.25|-2.07|81.67|78.48|81.88|77.66|10.58|79.30|12484210|981461440.00|1|0.0000|0.0000|0.0000|0|79.30
方正科技|600601|1.46|147911621|591689024.00|-1.95|3.41|-9.98|4.17|4.03|4.25|3.70|147.91|4.11|139346215|574748608.00|1|0.0000|0.0000|0.0000|0|4.11
云赛智联|600602|5.09|84305499|1651927808.00|-2.31|7.41|-8.23|20.43|18.99|20.88|17.84|84.31|19.44|81681585|1597310464.00|1|0.0000|0.0000|0.0000|0|19.44
广汇物流|600603|-2.64|12232292|75769912.00|-2.33|-2.02|-4.97|6.27|6.29|6.31|6.12|12.23|6.44|3956700|25495616.00|1|0.0000|0.0000|0.0000|0|6.44
市北高新|600604|4.27|20890972|88541256.00|-2.37|4.98|-5.21|4.40|4.12|4.43|4.00|20.89|4.22|19529196|81764576.00|1|0.0000|0.0000|0.0000|0|4.22
汇通能源|600605|0.07|4288302|119453592.00|-1.46|0.73|-7.57|28.82|28.38|29.01|26.62|4.29|28.80|6274613|179089216.00|1|0.0000|0.0000|0.0000|0|28.80
绿地控股|600606|5.99|129745780|221497184.00|-1.20|9.58|-4.79|1.77|1.65|1.83|1.59|129.75|1.67|82160725|136726656.00|1|0.0000|0.0000|0.0000|0|1.67
*ST沪科|600608|1.01|1589800|4630914.00|-4.38|1.35|-5.05|3.00|2.84|3.01|2.82|1.59|2.97|2881013|8517536.00|1|0.0000|0.0000|0.0000|0|2.97
金杯汽车|600609|3.65|67262345|306089312.00|-3.43|4.08|-9.66|4.83|4.50|4.85|4.21|67.26|4.66|39810181|188548640.00|1|0.0000|0.0000|0.0000|0|4.66
中毅达|600610|-0.79|122035778|872595520.00|-8.07|4.89|-10.05|7.50|6.95|7.93|6.80|122.04|7.56|133243642|1084044800.00|1|0.0000|0.0000|0.0000|0|7.56
大众交通|600611|1.09|62840050|334173248.00|-2.37|2.01|-9.12|5.54|5.35|5.59|4.98|62.84|5.48|46378952|255074672.00|1|0.0000|0.0000|0.0000|0|5.48
老凤祥|600612|1.24|1991505|94504328.00|-1.01|1.47|-2.19|48.09|47.02|48.20|46.46|1.99|47.50|2069477|98156176.00|1|0.0000|0.0000|0.0000|0|47.50
神奇制药|600613|1.24|12973000|71517944.00|-1.24|1.94|-7.77|5.73|5.59|5.77|5.22|12.97|5.66|14169600|80733736.00|1|0.0000|0.0000|0.0000|0|5.66
鑫源智造|600615|-0.63|4929600|52653900.00|-0.99|0.45|-9.91|11.03|10.99|11.15|10.00|4.93|11.10|5221805|57344584.00|1|0.0000|0.0000|0.0000|0|11.10
金枫酒业|600616|2.95|22115126|110623656.00|-1.77|3.34|-7.27|5.24|5.00|5.26|4.72|22.12|5.09|19439101|99529992.00|1|0.0000|0.0000|0.0000|0|5.09
国新能源|600617|0.44|24493687|53861520.00|-0.89|0.89|-6.22|2.26|2.23|2.27|2.11|24.49|2.25|24415727|54535688.00|1|0.0000|0.0000|0.0000|0|2.25
氯碱化工|600618|0.56|12115107|104922864.00|-2.37|1.13|-6.21|8.90|8.64|8.95|8.30|12.12|8.85|12241879|108009456.00|1|0.0000|0.0000|0.0000|0|8.85
海立股份|600619|0.29|73597654|752337856.00|-3.62|4.86|-10.01|10.52|10.11|11.00|9.44|73.60|10.49|66022591|703395968.00|1|0.0000|0.0000|0.0000|0|10.49
天宸股份|600620|2.96|10420321|45131004.00|-2.05|5.01|-7.74|4.52|4.30|4.61|4.05|10.42|4.39|11668753|51077232.00|1|0.0000|0.0000|0.0000|0|4.39
华鑫股份|600621|1.57|19565951|247802416.00|-1.42|2.75|-4.25|12.91|12.53|13.06|12.17|19.57|12.71|19546305|248237712.00|1|0.0000|0.0000|0.0000|0|12.71
光大嘉宝|600622|10.08|83770151|221641728.00|-2.71|10.08|-7.75|2.84|2.51|2.84|2.38|83.77|2.58|51664834|132532648.00|1|0.0000|0.0000|0.0000|0|2.58
华谊集团|600623|-0.15|24199303|155746400.00|-1.07|0.61|-4.57|6.56|6.50|6.61|6.27|24.20|6.57|28063228|183492288.00|1|0.0000|0.0000|0.0000|0|6.57
ST复华|600624|0.65|34537320|207523744.00|-2.43|2.43|-9.24|6.21|6.02|6.32|5.60|34.54|6.17|35936923|218724016.00|1|0.0000|0.0000|0.0000|0|6.17
申达股份|600626|2.88|20540800|63140264.00|-1.60|4.15|-7.35|3.22|3.08|3.26|2.90|20.54|3.13|24280200|76247856.00|1|0.0000|0.0000|0.0000|0|3.13
新世界|600628|4.84|33395910|234139424.00|-0.14|6.27|-6.70|7.36|7.01|7.46|6.55|33.40|7.02|23574906|163401424.00|1|0.0000|0.0000|0.0000|0|7.02
华建集团|600629|3.59|23683911|157520048.00|-1.50|4.64|-6.89|6.92|6.58|6.99|6.22|23.68|6.68|26081701|174345856.00|1|0.0000|0.0000|0.0000|0|6.68
龙头股份|600630|2.22|18191661|127871912.00|-2.36|2.77|-8.46|7.37|7.04|7.41|6.60|18.19|7.21|22565360|164047376.00|1|0.0000|0.0000|0.0000|0|7.21
浙数文化|600633|5.10|61497867|705685440.00|-1.67|6.95|-6.68|11.95|11.18|12.16|10.61|61.50|11.37|59877995|676058944.00|1|0.0000|0.0000|0.0000|0|11.37
大众公用|600635|2.04|46417611|157646000.00|-1.46|2.62|-5.54|3.50|3.38|3.52|3.24|46.42|3.43|48500374|165557488.00|1|0.0000|0.0000|0.0000|0|3.43
*ST国化|600636|0.78|9018693|56813668.00|-1.56|1.71|-6.39|6.47|6.32|6.53|6.01|9.02|6.42|11195741|69991648.00|1|0.0000|0.0000|0.0000|0|6.42
东方明珠|600637|1.68|36491364|260931456.00|-1.68|2.95|-2.38|7.25|7.01|7.34|6.96|36.49|7.13|30331727|215107504.00|1|0.0000|0.0000|0.0000|0|7.13
新黄浦|600638|4.68|11980912|54174316.00|-0.45|5.57|-6.46|4.70|4.47|4.74|4.20|11.98|4.49|11079100|50112920.00|1|0.0000|0.0000|0.0000|0|4.49
浦东金桥|600639|1.13|7443742|78542488.00|-0.95|1.98|-2.84|10.70|10.48|10.79|10.28|7.44|10.58|9205091|96556928.00|1|0.0000|0.0000|0.0000|0|10.58
国脉文化|600640|2.61|9572373|101880848.00|-1.96|3.17|-5.60|10.99|10.50|11.05|10.11|9.57|10.71|10561005|112700616.00|1|0.0000|0.0000|0.0000|0|10.71
先导基电|600641|3.69|22789410|315240448.00|-1.67|4.49|-6.73|14.32|13.58|14.43|12.88|22.79|13.81|17557723|241211472.00|1|0.0000|0.0000|0.0000|0|13.81
申能股份|600642|0.00|32568696|289791008.00|0.00|0.89|-3.34|8.98|8.98|9.06|8.68|32.57|8.98|32929709|296814880.00|1|0.0000|0.0000|0.0000|0|8.98
爱建集团|600643|1.10|19122840|85747328.00|-1.32|2.21|-5.30|4.58|4.47|4.63|4.29|19.12|4.53|21836880|98468336.00|1|0.0000|0.0000|0.0000|0|4.53
乐山电力|600644|3.56|59972375|421408320.00|0.00|4.84|-5.26|7.28|7.03|7.37|6.66|59.97|7.03|24358569|167219936.00|1|0.0000|0.0000|0.0000|0|7.03
中源协和|600645|-1.21|17606300|351040800.00|-3.38|-0.29|-8.70|20.45|20.00|20.64|18.90|17.61|20.70|21413801|444790400.00|1|0.0000|0.0000|0.0000|0|20.70
外高桥|600648|1.32|6351900|72007744.00|-0.96|2.37|-3.33|11.55|11.29|11.67|11.02|6.35|11.40|10555601|118125120.00|1|0.0000|0.0000|0.0000|0|11.40
城投控股|600649|4.65|58570446|256377024.00|-1.40|5.35|-3.72|4.50|4.24|4.53|4.14|58.57|4.30|53537926|224436832.00|1|0.0000|0.0000|0.0000|0|4.30
锦江在线|600650|4.37|10796200|133601656.00|-1.62|5.34|-6.96|12.90|12.16|13.02|11.50|10.80|12.36|7536791|92270464.00|1|0.0000|0.0000|0.0000|0|12.36
飞乐音响|600651|2.71|27063218|99267600.00|-1.08|4.07|-6.78|3.79|3.65|3.84|3.44|27.06|3.69|30168402|110967856.00|1|0.0000|0.0000|0.0000|0|3.69
申华控股|600653|2.78|51057213|90482376.00|-1.11|4.44|-8.33|1.85|1.78|1.88|1.65|51.06|1.80|48151614|86234984.00|1|0.0000|0.0000|0.0000|0|1.80
中安科|600654|1.43|60678510|165539008.00|-1.43|2.87|-9.32|2.83|2.75|2.87|2.53|60.68|2.79|51294360|142634080.00|1|0.0000|0.0000|0.0000|0|2.79
豫园股份|600655|3.38|19971291|107150664.00|-1.31|3.94|-2.25|5.51|5.26|5.54|5.21|19.97|5.33|23750350|124721688.00|1|0.0000|0.0000|0.0000|0|5.33
信达地产|600657|7.27|40491910|167357344.00|-0.75|8.02|-4.01|4.28|3.96|4.31|3.83|40.49|3.99|27749853|108913440.00|1|0.0000|0.0000|0.0000|0|3.99
电子城|600658|3.31|17404794|63408320.00|-0.83|5.25|-6.91|3.74|3.59|3.81|3.37|17.40|3.62|16139300|58097620.00|1|0.0000|0.0000|0.0000|0|3.62
福耀玻璃|600660|-0.28|21830395|1151414912.00|-2.16|-0.28|-3.35|53.53|52.52|53.53|51.88|21.83|53.68|24380550|1294693504.00|1|0.0000|0.0000|0.0000|0|53.68
昂立教育|600661|3.74|8405900|75687064.00|-1.10|4.29|-7.36|9.44|9.00|9.49|8.43|8.41|9.10|8372914|76216160.00|1|0.0000|0.0000|0.0000|0|9.10
外服控股|600662|6.12|29095800|145768240.00|-0.82|6.73|-3.67|5.20|4.86|5.23|4.72|29.10|4.90|21421604|104664480.00|1|0.0000|0.0000|0.0000|0|4.90
陆家嘴|600663|2.69|11462823|98749008.00|-0.47|3.16|-2.46|8.78|8.51|8.82|8.34|11.46|8.55|14089184|118682984.00|1|0.0000|0.0000|0.0000|0|8.55
哈药股份|600664|0.00|76087617|245598128.00|-1.80|0.60|-8.11|3.33|3.27|3.35|3.06|76.09|3.33|74632405|247412480.00|1|0.0000|0.0000|0.0000|0|3.33
天地源|600665|4.23|16655002|43472284.00|-1.92|5.00|-6.54|2.71|2.55|2.73|2.43|16.66|2.60|11176500|28849016.00|1|0.0000|0.0000|0.0000|0|2.60
奥瑞德|600666|2.92|113965718|267024112.00|-3.33|3.75|-9.58|2.47|2.32|2.49|2.17|113.97|2.40|117901740|282939200.00|1|0.0000|0.0000|0.0000|0|2.40
太极实业|600667|2.35|37110699|220900032.00|-1.18|3.19|-5.71|6.09|5.88|6.14|5.61|37.11|5.95|44852506|268604256.00|1|0.0000|0.0000|0.0000|0|5.95
尖峰集团|600668|2.04|8417802|86401568.00|-0.49|2.53|-2.92|10.49|10.23|10.54|9.98|8.42|10.28|8668746|88402096.00|1|0.0000|0.0000|0.0000|0|10.28
天目药业|600671|-1.51|2775100|28386000.00|-2.16|-0.75|-4.99|10.47|10.40|10.55|10.10|2.78|10.63|2620100|27962960.00|1|0.0000|0.0000|0.0000|0|10.63
东阳光|600673|2.86|42377744|387220928.00|-1.87|3.85|-3.52|9.36|8.93|9.45|8.78|42.38|9.10|37071743|330075488.00|1|0.0000|0.0000|0.0000|0|9.10
川投能源|600674|1.13|44709622|753126912.00|0.06|1.91|-1.25|16.97|16.79|17.10|16.57|44.71|16.78|47718190|789476800.00|1|0.0000|0.0000|0.0000|0|16.78
中华企业|600675|2.73|29301178|75361472.00|-1.17|3.91|-3.13|2.63|2.53|2.66|2.48|29.30|2.56|32058252|82057224.00|1|0.0000|0.0000|0.0000|0|2.56
交运股份|600676|4.19|17266201|61666908.00|-1.68|4.75|-6.70|3.73|3.52|3.75|3.34|17.27|3.58|17476401|62002472.00|1|0.0000|0.0000|0.0000|0|3.58
四川金顶|600678|4.83|28673801|176987376.00|-1.77|5.96|-9.34|6.51|6.10|6.58|5.63|28.67|6.21|21875551|134083464.00|1|0.0000|0.0000|0.0000|0|6.21
上海凤凰|600679|2.14|12780866|133692912.00|-1.77|3.36|-9.32|10.96|10.54|11.09|9.73|12.78|10.73|11772821|126442864.00|1|0.0000|0.0000|0.0000|0|10.73
百川能源|600681|0.00|15126284|48459720.00|0.00|0.62|-3.38|3.25|3.25|3.27|3.14|15.13|3.25|15245747|49350456.00|1|0.0000|0.0000|0.0000|0|3.25
南京新百|600682|1.84|24976501|146164464.00|-2.17|2.34|-8.03|6.09|5.85|6.12|5.50|24.98|5.98|29054041|172448752.00|1|0.0000|0.0000|0.0000|0|5.98
京投发展|600683|5.14|14481100|51377036.00|0.00|5.71|-3.71|3.68|3.50|3.70|3.37|14.48|3.50|12859899|44451720.00|1|0.0000|0.0000|0.0000|0|3.50
珠江股份|600684|3.91|25188865|77653216.00|0.00|5.21|-6.19|3.19|3.07|3.23|2.88|25.19|3.07|23980592|74028776.00|1|0.0000|0.0000|0.0000|0|3.07
中船防务|600685|10.00|22771258|527472800.00|9.39|10.00|5.31|23.43|23.30|23.43|22.43|22.77|21.30|14016000|293667744.00|1|0.0000|0.0000|0.0000|0|21.30
金龙汽车|600686|2.26|40547953|440515808.00|-3.08|3.35|-9.06|11.29|10.70|11.41|10.04|40.55|11.04|50504162|550624640.00|1|0.0000|0.0000|0.0000|0|11.04
上海石化|600688|0.00|40986326|126463504.00|-0.96|0.64|-3.82|3.14|3.11|3.16|3.02|40.99|3.14|49992859|156756000.00|1|0.0000|0.0000|0.0000|0|3.14
上海三毛|600689|3.31|9770407|90828616.00|-1.66|5.18|-10.04|9.98|9.50|10.16|8.69|9.77|9.66|10872986|105941472.00|1|0.0000|0.0000|0.0000|0|9.66
海尔智家|600690|1.17|62609944|1527006336.00|-1.98|1.17|-3.52|25.04|24.26|25.04|23.88|62.61|24.75|87251343|2110151296.00|1|0.0000|0.0000|0.0000|0|24.75
潞化科技|600691|0.53|25940718|47708112.00|-1.58|2.11|-8.95|1.91|1.87|1.94|1.73|25.94|1.90|23892520|44510356.00|1|0.0000|0.0000|0.0000|0|1.90
亚通股份|600692|-2.50|16110451|110109640.00|-4.03|-0.69|-9.86|7.02|6.91|7.15|6.49|16.11|7.20|28881638|191620928.00|1|0.0000|0.0000|0.0000|0|7.20
东百集团|600693|9.94|139907390|910020864.00|0.96|9.94|-0.64|6.86|6.30|6.86|6.20|139.91|6.24|81092808|492985696.00|1|0.0000|0.0000|0.0000|0|6.24
大商股份|600694|3.08|14172115|355394304.00|-2.00|4.80|-6.60|25.77|24.50|26.20|23.35|14.17|25.00|10362478|256060928.00|1|0.0000|0.0000|0.0000|0|25.00
*ST岩石|600696|1.74|16722002|139536736.00|-1.74|6.73|-9.86|8.77|8.47|9.20|7.77|16.72|8.62|13938502|117470544.00|1|0.0000|0.0000|0.0000|0|8.62
欧亚集团|600697|10.00|21668080|242826000.00|-0.57|10.00|-5.38|11.66|10.54|11.66|10.03|21.67|10.60|11242800|119292360.00|1|0.0000|0.0000|0.0000|0|10.60
湖南天雁|600698|3.87|45624851|246262816.00|-2.21|5.72|-8.67|5.63|5.30|5.73|4.95|45.62|5.42|38216090|204397216.00|1|0.0000|0.0000|0.0000|0|5.42
均胜电子|600699|0.69|40171041|569910336.00|-2.92|1.11|-5.77|14.49|13.97|14.55|13.56|40.17|14.39|60673761|876180672.00|1|0.0000|0.0000|0.0000|0|14.39
舍得酒业|600702|1.83|19051950|1114026496.00|-1.82|2.98|-3.02|59.43|57.30|60.10|56.60|19.05|58.36|16131703|929362496.00|1|0.0000|0.0000|0.0000|0|58.36
三安光电|600703|2.45|56458288|601936000.00|-1.13|3.02|-3.58|10.87|10.49|10.93|10.23|56.46|10.61|48981461|517914240.00|1|0.0000|0.0000|0.0000|0|10.61
物产中大|600704|2.11|84889267|400789952.00|0.00|2.33|-3.17|4.83|4.73|4.84|4.58|84.89|4.73|88798002|417981472.00|1|0.0000|0.0000|0.0000|0|4.73
曲江文旅|600706|3.59|18605701|166787232.00|-1.96|4.46|-9.68|9.52|9.01|9.60|8.30|18.61|9.19|14083760|129966792.00|1|0.0000|0.0000|0.0000|0|9.19
彩虹股份|600707|-0.95|43693145|270055168.00|-2.06|1.27|-6.83|6.24|6.17|6.38|5.87|43.69|6.30|71215196|449209568.00|1|0.0000|0.0000|0.0000|0|6.30
光明地产|600708|5.42|45697520|127974368.00|-1.44|6.50|-7.94|2.92|2.73|2.95|2.55|45.70|2.77|38914394|108190128.00|1|0.0000|0.0000|0.0000|0|2.77
苏美达|600710|1.19|28651232|237652368.00|-2.63|2.51|-6.32|8.48|8.16|8.59|7.85|28.65|8.38|40052554|334927232.00|1|0.0000|0.0000|0.0000|0|8.38
盛屯矿业|600711|-2.87|154395837|772508416.00|-4.97|-2.49|-4.97|5.08|4.97|5.10|4.97|154.40|5.23|70592200|369275264.00|1|0.0000|0.0000|0.0000|0|5.23
南宁百货|600712|9.15|34955636|180738064.00|0.00|9.34|-6.96|5.49|5.03|5.50|4.68|34.96|5.03|24116800|119292144.00|1|0.0000|0.0000|0.0000|0|5.03
南京医药|600713|0.00|19767235|92080616.00|-1.68|0.42|-4.41|4.76|4.68|4.78|4.55|19.77|4.76|20941031|98710576.00|1|0.0000|0.0000|0.0000|0|4.76
金瑞矿业|600714|4.41|12809248|120323448.00|-4.41|5.35|-9.65|9.95|9.11|10.04|8.61|12.81|9.53|14434475|135292240.00|1|0.0000|0.0000|0.0000|0|9.53
文投控股|600715|0.52|33279500|63242116.00|-2.06|1.55|-5.15|1.95|1.90|1.97|1.84|33.28|1.94|34622700|67815248.00|1|0.0000|0.0000|0.0000|0|1.94
凤凰股份|600716|1.68|15314400|44940036.00|-1.68|2.68|-6.71|3.03|2.93|3.06|2.78|15.31|2.98|14164116|42091512.00|1|0.0000|0.0000|0.0000|0|2.98
天津港|600717|4.78|62443649|276355808.00|-1.14|5.69|-3.19|4.60|4.34|4.64|4.25|62.44|4.39|45602005|198719040.00|1|0.0000|0.0000|0.0000|0|4.39
东软集团|600718|2.76|49562600|482470208.00|-2.25|3.99|-6.96|10.04|9.55|10.16|9.09|49.56|9.77|53715459|523377408.00|1|0.0000|0.0000|0.0000|0|9.77
大连热电|600719|-1.97|23424706|135298000.00|-2.30|-0.16|-9.85|5.97|5.95|6.08|5.49|23.42|6.09|18972808|115725352.00|1|0.0000|0.0000|0.0000|0|6.09
中交设计|600720|1.64|9586161|75541576.00|-0.51|1.77|-2.65|8.05|7.88|8.06|7.71|9.59|7.92|13768168|108319232.00|1|0.0000|0.0000|0.0000|0|7.92
百花医药|600721|-1.81|47364700|292767904.00|-3.77|-1.06|-9.95|6.51|6.38|6.56|5.97|47.36|6.63|45196206|298022048.00|1|0.0000|0.0000|0.0000|0|6.63
金牛化工|600722|2.19|18607789|83085672.00|-0.66|3.73|-8.55|4.66|4.53|4.73|4.17|18.61|4.56|20127846|92430432.00|1|0.0000|0.0000|0.0000|0|4.56
宁波富达|600724|3.31|17964301|75396992.00|-1.65|4.02|-6.86|4.37|4.16|4.40|3.94|17.96|4.23|14345000|59952508.00|1|0.0000|0.0000|0.0000|0|4.23
云维股份|600725|1.38|32371428|90938872.00|-2.42|2.42|-9.34|2.93|2.82|2.96|2.62|32.37|2.89|34477710|99350920.00|1|0.0000|0.0000|0.0000|0|2.89
华电能源|600726|0.94|42453400|88804576.00|-0.94|1.41|-5.63|2.15|2.11|2.16|2.01|42.45|2.13|42521000|89804320.00|1|0.0000|0.0000|0.0000|0|2.13
鲁北化工|600727|-1.92|56774782|417047168.00|-3.85|-0.13|-10.00|7.65|7.50|7.79|7.02|56.77|7.80|53455147|413732096.00|1|0.0000|0.0000|0.0000|0|7.80
佳都科技|600728|1.12|63034000|276590080.00|-1.79|2.24|-6.95|4.51|4.38|4.56|4.15|63.03|4.46|66658133|297822560.00|1|0.0000|0.0000|0.0000|0|4.46
重庆百货|600729|6.88|12744443|405936288.00|-1.30|9.29|-4.22|32.92|30.40|33.66|29.50|12.74|30.80|9360129|282565152.00|1|0.0000|0.0000|0.0000|0|30.80
中国高科|600730|4.21|20360402|115887688.00|-0.88|4.91|-7.89|5.94|5.65|5.98|5.25|20.36|5.70|22214719|126564512.00|1|0.0000|0.0000|0.0000|0|5.70
湖南海利|600731|0.00|21108486|125291016.00|-1.46|0.49|-8.75|6.17|6.08|6.20|5.63|21.11|6.17|19388362|118639488.00|1|0.0000|0.0000|0.0000|0|6.17
爱旭股份|600732|-0.40|49027565|478549568.00|-1.79|0.89|-8.55|10.02|9.88|10.15|9.20|49.03|10.06|56345270|569678592.00|1|0.0000|0.0000|0.0000|0|10.06
北汽蓝谷|600733|1.65|202072524|1433069312.00|-3.03|3.31|-9.50|7.38|7.04|7.50|6.57|202.07|7.26|222018067|1613361408.00|1|0.0000|0.0000|0.0000|0|7.26
实达集团|600734|1.02|106042000|406212896.00|-2.30|2.55|-9.18|3.96|3.83|4.02|3.56|106.04|3.92|113740099|444956736.00|1|0.0000|0.0000|0.0000|0|3.92
ST新华锦|600735|1.96|16805500|74669152.00|-1.96|2.40|-9.37|4.68|4.50|4.70|4.16|16.81|4.59|18560502|86561944.00|1|0.0000|0.0000|0.0000|0|4.59
苏州高新|600736|2.97|22701600|115180736.00|-1.78|4.36|-4.55|5.20|4.96|5.27|4.82|22.70|5.05|20483801|102755040.00|1|0.0000|0.0000|0.0000|0|5.05
中粮糖业|600737|1.96|71048344|692892416.00|0.10|2.37|-2.48|9.88|9.70|9.92|9.45|71.05|9.69|48592465|465840992.00|1|0.0000|0.0000|0.0000|0|9.69
丽尚国潮|600738|1.42|70357300|349802336.00|7.89|7.89|-5.87|5.01|5.33|5.33|4.65|70.36|4.94|39293000|186879024.00|1|0.0000|0.0000|0.0000|0|4.94
辽宁成大|600739|1.58|18878845|178457840.00|-1.37|2.11|-3.80|9.63|9.35|9.68|9.12|18.88|9.48|19709554|186540416.00|1|0.0000|0.0000|0.0000|0|9.48
山西焦化|600740|0.00|23659162|81773568.00|-0.85|0.28|-3.99|3.51|3.48|3.52|3.37|23.66|3.51|29104516|101585600.00|1|0.0000|0.0000|0.0000|0|3.51
华域汽车|600741|-2.18|18568174|308077408.00|-0.71|-0.35|-3.01|16.57|16.82|16.88|16.43|18.57|16.94|20093372|338666720.00|1|0.0000|0.0000|0.0000|0|16.94
富维股份|600742|0.25|10954112|86666584.00|-0.87|0.50|-4.72|8.07|7.98|8.09|7.67|10.95|8.05|12682127|101661696.00|1|0.0000|0.0000|0.0000|0|8.05
华远控股|600743|2.50|37725230|59987184.00|-1.88|3.75|-7.50|1.64|1.57|1.66|1.48|37.73|1.60|30266670|47634420.00|1|0.0000|0.0000|0.0000|0|1.60
华银电力|600744|4.41|166402211|577205888.00|0.00|6.47|-2.65|3.55|3.40|3.62|3.31|166.40|3.40|84841087|280312864.00|1|0.0000|0.0000|0.0000|0|3.40
闻泰科技|600745|2.59|20121303|579003712.00|-1.85|3.39|-3.81|29.35|28.08|29.58|27.52|20.12|28.61|20590481|589286720.00|1|0.0000|0.0000|0.0000|0|28.61
江苏索普|600746|-6.02|57891849|476199072.00|-3.46|-3.34|-10.03|8.43|8.66|8.67|8.07|57.89|8.97|65840186|585201728.00|1|0.0000|0.0000|0.0000|0|8.97
上实发展|600748|3.78|15754806|46011560.00|-1.03|4.47|-6.19|3.02|2.88|3.04|2.73|15.75|2.91|13896690|40206716.00|1|0.0000|0.0000|0.0000|0|2.91
西藏旅游|600749|4.21|10972900|119290528.00|-1.65|4.67|-6.68|11.39|10.75|11.44|10.20|10.97|10.93|8935251|97007648.00|1|0.0000|0.0000|0.0000|0|10.93
江中药业|600750|2.70|13557584|309215360.00|-1.02|3.06|-2.48|23.19|22.35|23.27|22.02|13.56|22.58|11213310|251482464.00|1|0.0000|0.0000|0.0000|0|22.58
海航科技|600751|2.76|50320994|126313024.00|-0.79|3.54|-5.91|2.61|2.52|2.63|2.39|50.32|2.54|51924966|130749280.00|1|0.0000|0.0000|0.0000|0|2.54
*ST海钦|600753|4.56|5951768|28281116.00|0.41|5.81|-9.54|5.04|4.84|5.10|4.36|5.95|4.82|7880600|39159656.00|1|0.0000|0.0000|0.0000|0|4.82
锦江酒店|600754|4.56|12717348|323708672.00|-0.76|5.56|-2.88|26.15|24.82|26.40|24.29|12.72|25.01|11371016|282728864.00|1|0.0000|0.0000|0.0000|0|25.01
厦门国贸|600755|0.66|18218942|110377712.00|-0.66|0.82|-2.46|6.14|6.06|6.15|5.95|18.22|6.10|26838269|162941888.00|1|0.0000|0.0000|0.0000|0|6.10
浪潮软件|600756|4.01|17498047|231521952.00|-2.42|4.84|-7.87|13.75|12.90|13.86|12.18|17.50|13.22|20475500|269584992.00|1|0.0000|0.0000|0.0000|0|13.22
长江传媒|600757|2.22|28735140|260797744.00|-0.78|2.77|-2.66|9.21|8.94|9.26|8.77|28.74|9.01|31011378|278052768.00|1|0.0000|0.0000|0.0000|0|9.01
辽宁能源|600758|2.12|40817545|131816264.00|-2.42|3.03|-7.58|3.37|3.22|3.40|3.05|40.82|3.30|37042300|121717416.00|1|0.0000|0.0000|0.0000|0|3.30
洲际油气|600759|0.47|179558969|366402304.00|-1.90|1.42|-9.00|2.12|2.07|2.14|1.92|179.56|2.11|137492676|288049376.00|1|0.0000|0.0000|0.0000|0|2.11
中航沈飞|600760|5.40|45773946|2008231168.00|-0.21|6.69|-0.81|44.27|41.91|44.81|41.66|45.77|42.00|22087158|917403456.00|1|0.0000|0.0000|0.0000|0|42.00
安徽合力|600761|0.33|29741384|442302976.00|-1.72|1.13|-5.29|15.16|14.85|15.28|14.31|29.74|15.11|47208483|721314304.00|1|0.0000|0.0000|0.0000|0|15.11
通策医疗|600763|1.95|5952629|251922688.00|-2.28|2.40|-3.86|43.30|41.50|43.49|40.83|5.95|42.47|6402916|270843456.00|1|0.0000|0.0000|0.0000|0|42.47
中国海防|600764|10.01|17241245|483779232.00|4.29|10.01|3.53|28.69|27.20|28.69|27.00|17.24|26.08|9124911|235713408.00|1|0.0000|0.0000|0.0000|0|26.08
中航重机|600765|4.82|43130885|673565632.00|-0.79|5.41|-1.32|15.89|15.04|15.98|14.96|43.13|15.16|31405588|472413920.00|1|0.0000|0.0000|0.0000|0|15.16
宁波富邦|600768|1.47|3434600|27553336.00|0.24|3.05|-7.45|8.31|8.21|8.44|7.58|3.43|8.19|4493108|36857944.00|1|0.0000|0.0000|0.0000|0|8.19
祥龙电业|600769|0.00|16319925|144802960.00|-2.27|1.19|-9.92|9.27|9.06|9.38|8.35|16.32|9.27|22242717|208514016.00|1|0.0000|0.0000|0.0000|0|9.27
综艺股份|600770|3.24|20174200|73981752.00|-0.81|4.05|-8.38|3.82|3.67|3.85|3.39|20.17|3.70|21060663|78272696.00|1|0.0000|0.0000|0.0000|0|3.70
广誉远|600771|0.59|8567988|144223824.00|-1.00|1.59|-3.89|17.08|16.81|17.25|16.32|8.57|16.98|10417360|175437536.00|1|0.0000|0.0000|0.0000|0|16.98
西藏城投|600773|0.11|12108101|105856616.00|-2.02|1.12|-5.94|8.93|8.74|9.02|8.39|12.11|8.92|15761735|139731888.00|1|0.0000|0.0000|0.0000|0|8.92
汉商集团|600774|0.85|8551800|57776048.00|-2.56|1.56|-9.39|7.09|6.85|7.14|6.37|8.55|7.03|9403990|66179188.00|1|0.0000|0.0000|0.0000|0|7.03
南京熊猫|600775|4.50|28492500|241706720.00|-0.83|5.68|-6.86|8.83|8.38|8.93|7.87|28.49|8.45|29963876|252782096.00|1|0.0000|0.0000|0.0000|0|8.45
东方通信|600776|2.91|17490701|168094880.00|-1.14|3.53|-6.03|9.90|9.51|9.96|9.04|17.49|9.62|19501884|186970688.00|1|0.0000|0.0000|0.0000|0|9.62
*ST新潮|600777|0.76|123063340|327024480.00|-0.38|1.89|-0.76|2.66|2.63|2.69|2.62|123.06|2.64|218743517|581029632.00|1|0.0000|0.0000|0.0000|0|2.64
友好集团|600778|4.11|50359640|307926912.00|1.15|7.06|-7.88|6.34|6.16|6.52|5.61|50.36|6.09|39031095|231341744.00|1|0.0000|0.0000|0.0000|0|6.09
水井坊|600779|0.97|6819340|315098016.00|-1.58|1.99|-2.49|46.68|45.50|47.15|45.08|6.82|46.23|6477866|298555328.00|1|0.0000|0.0000|0.0000|0|46.23
通宝能源|600780|0.00|17045813|91108864.00|-1.28|0.73|-4.95|5.46|5.39|5.50|5.19|17.05|5.46|19604500|106744192.00|1|0.0000|0.0000|0.0000|0|5.46
新钢股份|600782|-2.36|67487315|249132352.00|-0.79|-0.79|-6.54|3.73|3.79|3.79|3.57|67.49|3.82|63672500|241426208.00|1|0.0000|0.0000|0.0000|0|3.82
鲁信创投|600783|3.77|7067463|77031736.00|-0.55|4.42|-5.06|11.28|10.81|11.35|10.32|7.07|10.87|8279689|89507264.00|1|0.0000|0.0000|0.0000|0|10.87
鲁银投资|600784|3.68|16208200|88278536.00|-0.18|4.60|-4.97|5.63|5.42|5.68|5.16|16.21|5.43|16673300|91762480.00|1|0.0000|0.0000|0.0000|0|5.43
新华百货|600785|4.88|38073296|469465504.00|3.45|7.74|0.42|12.46|12.29|12.80|11.93|38.07|11.88|9634901|112665400.00|1|0.0000|0.0000|0.0000|0|11.88
中储股份|600787|9.98|229949470|1463519616.00|7.82|9.98|2.50|6.61|6.48|6.61|6.16|229.95|6.01|90877328|539561792.00|1|0.0000|0.0000|0.0000|0|6.01
鲁抗医药|600789|-3.06|195985382|1844277888.00|-4.34|-0.79|-9.97|9.82|9.69|10.05|9.12|195.99|10.13|195040268|1932235264.00|1|0.0000|0.0000|0.0000|0|10.13
轻纺城|600790|1.21|21233030|69512960.00|-0.91|1.81|-4.23|3.35|3.28|3.37|3.17|21.23|3.31|18251695|60220348.00|1|0.0000|0.0000|0.0000|0|3.31
京能置业|600791|5.83|11444986|41286840.00|0.56|5.83|-6.94|3.81|3.62|3.81|3.35|11.44|3.60|12038610|43492016.00|1|0.0000|0.0000|0.0000|0|3.60
云煤能源|600792|2.03|17647889|51573916.00|-1.01|3.04|-6.08|3.02|2.93|3.05|2.78|17.65|2.96|12741988|37481392.00|1|0.0000|0.0000|0.0000|0|2.96
宜宾纸业|600793|6.22|18925263|315742880.00|2.16|9.12|-5.42|17.24|16.58|17.71|15.35|18.93|16.23|12524480|192887472.00|1|0.0000|0.0000|0.0000|0|16.23
保税科技|600794|4.37|25590011|82069472.00|-1.25|4.69|-3.75|3.34|3.16|3.35|3.08|25.59|3.20|16285739|51824288.00|1|0.0000|0.0000|0.0000|0|3.20
国电电力|600795|-0.22|256317295|1123232896.00|-0.67|0.00|-3.59|4.45|4.43|4.46|4.30|256.32|4.46|249250707|1098052352.00|1|0.0000|0.0000|0.0000|0|4.46
钱江生化|600796|1.58|12475101|61711812.00|-0.99|2.37|-7.10|5.15|5.02|5.19|4.71|12.48|5.07|11091120|55592416.00|1|0.0000|0.0000|0.0000|0|5.07
浙大网新|600797|5.51|170870400|1489580928.00|-2.99|8.73|-9.87|9.19|8.45|9.47|7.85|170.87|8.71|162688762|1433927680.00|1|0.0000|0.0000|0.0000|0|8.71
宁波海运|600798|9.85|48025250|137189776.00|-0.73|9.85|-5.47|3.01|2.72|3.01|2.59|48.03|2.74|21865000|60047792.00|1|0.0000|0.0000|0.0000|0|2.74
渤海化学|600800|2.85|30507458|73599296.00|-0.81|4.88|-8.94|2.53|2.44|2.58|2.24|30.51|2.46|31123811|77412064.00|1|0.0000|0.0000|0.0000|0|2.46
华新建材|600801|1.22|17155373|236855216.00|-0.29|1.73|-3.03|14.05|13.84|14.12|13.46|17.16|13.88|19679718|272416672.00|1|0.0000|0.0000|0.0000|0|13.88
福建水泥|600802|4.26|13202060|49207440.00|-1.60|4.79|-9.57|3.92|3.70|3.94|3.40|13.20|3.76|14798500|55612636.00|1|0.0000|0.0000|0.0000|0|3.76
新奥股份|600803|1.22|13479211|264845520.00|-0.51|1.22|-2.03|19.94|19.60|19.94|19.30|13.48|19.70|16443262|317572384.00|1|0.0000|0.0000|0.0000|0|19.70
悦达投资|600805|1.49|17118380|67892480.00|-1.98|2.23|-6.68|4.10|3.96|4.13|3.77|17.12|4.04|19123599|77574200.00|1|0.0000|0.0000|0.0000|0|4.04
济高发展|600807|2.92|25199801|59760740.00|-1.67|4.17|-8.33|2.47|2.36|2.50|2.20|25.20|2.40|24443279|58148360.00|1|0.0000|0.0000|0.0000|0|2.40
马钢股份|600808|2.17|97901351|267427264.00|-1.09|3.26|-5.80|2.82|2.73|2.85|2.60|97.90|2.76|103222560|284977920.00|1|0.0000|0.0000|0.0000|0|2.76
山西汾酒|600809|2.83|7465442|1621326464.00|-1.62|2.83|-1.94|222.63|213.00|222.63|212.30|7.47|216.50|8942826|1893647616.00|1|0.0000|0.0000|0.0000|0|216.50
神马股份|600810|2.09|15227306|108502256.00|-1.68|3.63|-6.84|7.31|7.04|7.42|6.67|15.23|7.16|15982902|113104888.00|1|0.0000|0.0000|0.0000|0|7.16
华北制药|600812|-0.17|29853517|165900496.00|-2.26|0.35|-7.48|5.74|5.62|5.77|5.32|29.85|5.75|31247766|177564640.00|1|0.0000|0.0000|0.0000|0|5.75
杭州解百|600814|4.76|32814314|249082144.00|0.40|6.48|-5.82|7.92|7.59|8.05|7.12|32.81|7.56|22708414|168754416.00|1|0.0000|0.0000|0.0000|0|7.56
厦工股份|600815|3.32|22494644|53759068.00|-0.41|3.73|-6.64|2.49|2.40|2.50|2.25|22.49|2.41|22926300|55187144.00|1|0.0000|0.0000|0.0000|0|2.41
建元信托|600816|4.17|75417514|202328288.00|-1.14|4.92|-2.65|2.75|2.61|2.77|2.57|75.42|2.64|75122340|196565008.00|1|0.0000|0.0000|0.0000|0|2.64
宇通重工|600817|0.19|6907810|69762760.00|-3.28|0.58|-6.95|10.38|10.02|10.42|9.64|6.91|10.36|7975410|83485248.00|1|0.0000|0.0000|0.0000|0|10.36
中路股份|600818|0.51|9465000|89712688.00|-2.54|1.42|-9.36|9.88|9.58|9.97|8.91|9.46|9.83|10971000|108619280.00|1|0.0000|0.0000|0.0000|0|9.83
耀皮玻璃|600819|2.76|10396512|48498856.00|-2.34|3.61|-5.73|4.84|4.60|4.88|4.44|10.40|4.71|12815322|59988568.00|1|0.0000|0.0000|0.0000|0|4.71
隧道股份|600820|1.17|30760865|183108704.00|0.17|1.67|-2.67|6.06|6.00|6.09|5.83|30.76|5.99|39220150|234323232.00|1|0.0000|0.0000|0.0000|0|5.99
金开新能|600821|0.72|42292386|232174240.00|-1.44|1.26|-4.49|5.61|5.49|5.64|5.32|42.29|5.57|47955198|264801760.00|1|0.0000|0.0000|0.0000|0|5.57
上海物贸|600822|2.97|9301304|78093496.00|-1.54|3.92|-7.13|8.67|8.29|8.75|7.82|9.30|8.42|6919300|58465244.00|1|0.0000|0.0000|0.0000|0|8.42
益民集团|600824|1.25|63357589|247306672.00|-1.00|3.01|-8.52|4.04|3.95|4.11|3.65|63.36|3.99|53497776|210561296.00|1|0.0000|0.0000|0.0000|0|3.99
新华传媒|600825|3.87|27208429|154659136.00|-1.58|4.92|-8.26|5.91|5.60|5.97|5.22|27.21|5.69|22156601|126684056.00|1|0.0000|0.0000|0.0000|0|5.69
兰生股份|600826|3.15|11902164|82228056.00|-1.72|3.58|-6.72|7.21|6.87|7.24|6.52|11.90|6.99|13747961|94474624.00|1|0.0000|0.0000|0.0000|0|6.99
百联股份|600827|8.61|55962048|530627776.00|0.44|9.93|-3.42|9.84|9.10|9.96|8.75|55.96|9.06|28253702|252560144.00|1|0.0000|0.0000|0.0000|0|9.06
茂业商业|600828|4.49|50512573|158309232.00|0.96|6.73|-6.09|3.26|3.15|3.33|2.93|50.51|3.12|20226635|61059320.00|1|0.0000|0.0000|0.0000|0|3.12
人民同泰|600829|0.42|11558200|78484544.00|-2.27|1.56|-9.35|7.09|6.90|7.17|6.40|11.56|7.06|14020249|99191632.00|1|0.0000|0.0000|0.0000|0|7.06
香溢融通|600830|2.78|17290900|134437616.00|-3.03|4.55|-8.33|8.14|7.68|8.28|7.26|17.29|7.92|19198602|152008736.00|1|0.0000|0.0000|0.0000|0|7.92
广电网络|600831|-1.20|12997900|31470052.00|-1.59|0.40|-5.18|2.48|2.47|2.52|2.38|13.00|2.51|5668100|14232891.00|1|0.0000|0.0000|0.0000|0|2.51
第一医药|600833|2.94|7022800|80624384.00|-1.38|5.18|-5.87|11.92|11.42|12.18|10.90|7.02|11.58|5432529|62550792.00|1|0.0000|0.0000|0.0000|0|11.58
申通地铁|600834|3.80|6862543|50581604.00|-0.41|4.21|-5.02|7.65|7.34|7.68|7.00|6.86|7.37|5063800|37295364.00|1|0.0000|0.0000|0.0000|0|7.37
上海机电|600835|4.61|36647712|661063424.00|-0.84|5.62|-5.45|18.62|17.65|18.80|16.83|36.65|17.80|34946500|629085568.00|1|0.0000|0.0000|0.0000|0|17.80
上海九百|600838|4.33|23243404|177990448.00|0.79|6.30|-5.51|7.95|7.68|8.10|7.20|23.24|7.62|21039943|158082016.00|1|0.0000|0.0000|0.0000|0|7.62
四川长虹|600839|4.83|280807401|2534398464.00|-0.34|5.39|-6.96|9.34|8.88|9.39|8.29|280.81|8.91|205461974|1821294720.00|1|0.0000|0.0000|0.0000|0|8.91
动力新科|600841|3.00|29552400|135045024.00|-3.64|4.28|-9.64|4.81|4.50|4.87|4.22|29.55|4.67|34053741|160035936.00|1|0.0000|0.0000|0.0000|0|4.67
上工申贝|600843|4.62|35996300|355526784.00|-1.71|5.52|-9.74|10.42|9.79|10.51|8.99|36.00|9.96|32779000|326374112.00|1|0.0000|0.0000|0.0000|0|9.96
金煤科技|600844|2.43|76839555|213332720.00|-1.74|7.64|-10.07|2.95|2.83|3.10|2.59|76.84|2.88|61026781|172808704.00|1|0.0000|0.0000|0.0000|0|2.88
宝信软件|600845|4.40|26467604|701153472.00|-0.99|4.40|-2.18|27.30|25.89|27.30|25.58|26.47|26.15|24304102|631503040.00|1|0.0000|0.0000|0.0000|0|26.15
同济科技|600846|2.11|7726465|61776000.00|-0.99|2.73|-5.82|8.24|7.99|8.29|7.60|7.73|8.07|9758442|78550040.00|1|0.0000|0.0000|0.0000|0|8.07
万里股份|600847|4.65|3458500|27350438.00|0.00|5.79|-7.55|8.32|7.95|8.41|7.35|3.46|7.95|3734900|30015196.00|1|0.0000|0.0000|0.0000|0|7.95
上海临港|600848|3.39|13843258|124509896.00|-0.56|3.95|-2.15|9.15|8.80|9.20|8.66|13.84|8.85|13585236|119668688.00|1|0.0000|0.0000|0.0000|0|8.85
电科数字|600850|3.73|14970668|332413184.00|-1.50|4.37|-4.14|22.78|21.63|22.92|21.05|14.97|21.96|13942594|304495968.00|1|0.0000|0.0000|0.0000|0|21.96
海欣股份|600851|-2.41|30981564|179780976.00|-3.05|-0.80|-9.97|6.07|6.03|6.17|5.60|30.98|6.22|33053244|202512416.00|1|0.0000|0.0000|0.0000|0|6.22
龙建股份|600853|1.45|38905644|130895240.00|-3.18|2.02|-8.38|3.51|3.35|3.53|3.17|38.91|3.46|36871820|126601936.00|1|0.0000|0.0000|0.0000|0|3.46
春兰股份|600854|1.47|12462449|50034220.00|-1.96|2.45|-6.13|4.14|4.00|4.18|3.83|12.46|4.08|16884000|69173040.00|1|0.0000|0.0000|0.0000|0|4.08
航天长峰|600855|6.18|12235756|122502136.00|-0.82|6.80|-3.50|10.31|9.63|10.37|9.37|12.24|9.71|8896240|85904928.00|1|0.0000|0.0000|0.0000|0|9.71
宁波中百|600857|1.73|15716605|133473720.00|-1.50|3.47|-8.90|8.80|8.52|8.95|7.88|15.72|8.65|14900300|127560752.00|1|0.0000|0.0000|0.0000|0|8.65
银座股份|600858|2.99|26835203|124271576.00|-1.50|4.49|-7.69|4.82|4.61|4.89|4.32|26.84|4.68|23300075|107489440.00|1|0.0000|0.0000|0.0000|0|4.68
王府井|600859|10.01|56489828|787335936.00|-1.79|10.01|-3.51|14.73|13.15|14.73|12.92|56.49|13.39|39589492|515841984.00|1|0.0000|0.0000|0.0000|0|13.39
京城股份|600860|5.43|25165123|253747664.00|-3.26|6.91|-9.87|10.68|9.80|10.83|9.13|25.17|10.13|23547700|241951920.00|1|0.0000|0.0000|0.0000|0|10.13
北京人力|600861|2.46|4605400|95354704.00|-1.59|3.42|-5.06|21.28|20.44|21.48|19.72|4.61|20.77|5213349|107272168.00|1|0.0000|0.0000|0.0000|0|20.77
中航高科|600862|5.00|22396605|521320704.00|-0.49|5.80|-1.38|23.52|22.29|23.70|22.09|22.40|22.40|17817821|394135712.00|1|0.0000|0.0000|0.0000|0|22.40
内蒙华电|600863|0.51|124104957|487866400.00|-0.76|1.26|-3.28|3.98|3.93|4.01|3.83|124.10|3.96|93985619|369289824.00|1|0.0000|0.0000|0.0000|0|3.96
哈投股份|600864|2.31|41033564|230639408.00|-1.95|3.37|-5.51|5.76|5.52|5.82|5.32|41.03|5.63|42571762|240123200.00|1|0.0000|0.0000|0.0000|0|5.63
百大集团|600865|3.48|14908649|124273720.00|0.00|6.12|-6.47|8.63|8.34|8.85|7.80|14.91|8.34|11702300|96491824.00|1|0.0000|0.0000|0.0000|0|8.34
星湖科技|600866|-1.08|39721895|253172096.00|-0.46|0.77|-4.92|6.43|6.47|6.55|6.18|39.72|6.50|53093133|337542336.00|1|0.0000|0.0000|0.0000|0|6.50
通化东宝|600867|-0.41|19233470|138808144.00|-0.82|0.27|-3.69|7.28|7.25|7.33|7.04|19.23|7.31|21329002|155171632.00|1|0.0000|0.0000|0.0000|0|7.31
梅雁吉祥|600868|-0.36|79453735|210048464.00|-1.80|0.72|-10.07|2.77|2.73|2.80|2.50|79.45|2.78|60783263|169126944.00|1|0.0000|0.0000|0.0000|0|2.78
远东股份|600869|0.24|29317100|120749856.00|-0.94|0.94|-7.29|4.26|4.21|4.29|3.94|29.32|4.25|34064999|145338192.00|1|0.0000|0.0000|0.0000|0|4.25
石化油服|600871|1.69|105197943|187565120.00|-1.12|2.81|-2.81|1.81|1.76|1.83|1.73|105.20|1.78|92787900|163435184.00|1|0.0000|0.0000|0.0000|0|1.78
中炬高新|600872|6.64|25708813|530518304.00|-0.10|8.20|-1.66|21.21|19.87|21.52|19.56|25.71|19.89|15944918|312105216.00|1|0.0000|0.0000|0.0000|0|19.89
梅花生物|600873|1.01|63215973|686935488.00|0.64|1.38|-2.76|10.99|10.95|11.03|10.58|63.22|10.88|83212605|889818048.00|1|0.0000|0.0000|0.0000|0|10.88
创业环保|600874|2.17|16334106|89470120.00|-0.91|2.36|-3.80|5.64|5.47|5.65|5.31|16.33|5.52|18429004|101194288.00|1|0.0000|0.0000|0.0000|0|5.52
东方电气|600875|1.30|36887869|533700160.00|-2.06|1.51|-2.82|14.75|14.26|14.78|14.15|36.89|14.56|43202353|618228864.00|1|0.0000|0.0000|0.0000|0|14.56
凯盛新能|600876|0.23|5035140|42700456.00|-1.26|0.69|-5.17|8.72|8.59|8.76|8.25|5.04|8.70|3997300|34614860.00|1|0.0000|0.0000|0.0000|0|8.70
电科芯片|600877|2.56|16872148|192215408.00|-0.79|3.27|-3.97|11.62|11.24|11.70|10.88|16.87|11.33|14474459|162940896.00|1|0.0000|0.0000|0.0000|0|11.33
航天电子|600879|5.98|75678536|643811584.00|-0.98|7.33|-2.08|8.68|8.11|8.79|8.02|75.68|8.19|55858799|456344960.00|1|0.0000|0.0000|0.0000|0|8.19
博瑞传播|600880|2.46|31971929|128011336.00|-1.97|2.96|-6.90|4.16|3.98|4.18|3.78|31.97|4.06|33422507|134059264.00|1|0.0000|0.0000|0.0000|0|4.06
亚泰集团|600881|1.32|79252872|117575856.00|-1.32|2.63|-8.55|1.54|1.50|1.56|1.39|79.25|1.52|56024267|84810968.00|1|0.0000|0.0000|0.0000|0|1.52
妙可蓝多|600882|2.97|32878256|859587136.00|-0.96|8.29|-3.74|26.71|25.69|28.09|24.97|32.88|25.94|31600838|786818816.00|1|0.0000|0.0000|0.0000|0|25.94
博闻科技|600883|2.62|15486855|107538568.00|-1.16|5.39|-5.97|7.05|6.79|7.24|6.46|15.49|6.87|12229675|81927800.00|1|0.0000|0.0000|0.0000|0|6.87
杉杉股份|600884|0.33|54474464|324974848.00|-1.63|0.98|-7.35|6.14|6.02|6.18|5.67|54.47|6.12|56038750|345660704.00|1|0.0000|0.0000|0.0000|0|6.12
宏发股份|600885|-1.72|10639243|333139968.00|-0.69|-0.03|-3.45|31.35|31.68|31.89|30.80|10.64|31.90|12054849|378841664.00|1|0.0000|0.0000|0.0000|0|31.90
国投电力|600886|0.90|58107688|835921472.00|-0.83|0.97|-2.28|14.58|14.33|14.59|14.12|58.11|14.45|64723766|927206848.00|1|0.0000|0.0000|0.0000|0|14.45
伊利股份|600887|2.78|116667172|3392535808.00|-0.84|2.96|-1.67|29.53|28.49|29.58|28.25|116.67|28.73|113204246|3191082752.00|1|0.0000|0.0000|0.0000|0|28.73
新疆众和|600888|0.45|22251747|145474144.00|-0.75|0.90|-4.52|6.66|6.58|6.69|6.33|22.25|6.63|23616681|156377376.00|1|0.0000|0.0000|0.0000|0|6.63
南京化纤|600889|3.60|16262300|223621376.00|-2.38|4.47|-8.72|14.38|13.55|14.50|12.67|16.26|13.88|15456530|215963920.00|1|0.0000|0.0000|0.0000|0|13.88
*ST大晟|600892|1.43|22656100|61809944.00|0.36|1.79|-9.68|2.83|2.80|2.84|2.52|22.66|2.79|20518600|56623128.00|1|0.0000|0.0000|0.0000|0|2.79
航发动力|600893|5.18|49282228|1661369216.00|-1.26|6.32|-1.87|34.30|32.20|34.67|32.00|49.28|32.61|32448984|1040243392.00|1|0.0000|0.0000|0.0000|0|32.61
广日股份|600894|2.96|13061563|145819888.00|0.99|4.04|-2.33|11.48|11.26|11.60|10.89|13.06|11.15|10630349|117136408.00|1|0.0000|0.0000|0.0000|0|11.15
张江高科|600895|10.00|72839206|1758772224.00|1.33|10.00|0.36|24.75|22.80|24.75|22.58|72.84|22.50|27325842|605787840.00|1|0.0000|0.0000|0.0000|0|22.50
厦门空港|600897|3.13|4069295|56069380.00|-0.73|3.28|-2.92|14.15|13.62|14.17|13.32|4.07|13.72|3827220|52511464.00|1|0.0000|0.0000|0.0000|0|13.72
长江电力|600900|1.79|219801803|6447093760.00|0.00|1.89|-1.00|29.57|29.05|29.60|28.76|219.80|29.05|234119048|6700167168.00|1|0.0000|0.0000|0.0000|0|29.05
江苏金租|600901|0.40|50435716|253183872.00|-0.20|0.79|-2.18|5.07|5.04|5.09|4.94|50.44|5.05|57608497|291413792.00|1|0.0000|0.0000|0.0000|0|5.05
贵州燃气|600903|3.14|43991757|307604352.00|9.88|9.88|0.60|6.89|7.34|7.34|6.72|43.99|6.68|9912220|66028728.00|1|0.0000|0.0000|0.0000|0|6.68
三峡能源|600905|0.00|211462759|906436736.00|0.23|0.23|-2.09|4.31|4.32|4.32|4.22|211.46|4.31|262403007|1113224832.00|1|0.0000|0.0000|0.0000|0|4.31
财达证券|600906|2.44|32201406|199373072.00|-0.81|3.41|-3.25|6.30|6.10|6.36|5.95|32.20|6.15|27862097|171332928.00|1|0.0000|0.0000|0.0000|0|6.15
无锡银行|600908|-1.28|28656859|153422944.00|-0.37|-0.37|-3.30|5.39|5.44|5.44|5.28|28.66|5.46|44255360|240909536.00|1|0.0000|0.0000|0.0000|0|5.46
华安证券|600909|1.18|56348026|285641696.00|-0.99|2.37|-3.35|5.13|5.02|5.19|4.90|56.35|5.07|56659502|286122400.00|1|0.0000|0.0000|0.0000|0|5.07
中国黄金|600916|1.10|30284000|245826448.00|-0.86|1.47|-3.67|8.27|8.11|8.30|7.88|30.28|8.18|34115000|276276768.00|1|0.0000|0.0000|0.0000|0|8.18
重庆燃气|600917|0.18|5867400|31959460.00|-0.36|0.55|-3.09|5.51|5.48|5.53|5.33|5.87|5.50|7666000|41807564.00|1|0.0000|0.0000|0.0000|0|5.50
中泰证券|600918|0.84|35376238|209447696.00|-1.01|2.02|-3.04|5.98|5.87|6.05|5.75|35.38|5.93|39805851|235045904.00|1|0.0000|0.0000|0.0000|0|5.93
江苏银行|600919|-0.64|165744395|1545460224.00|-0.75|0.11|-1.60|9.33|9.32|9.40|9.24|165.74|9.39|205911048|1922418816.00|1|0.0000|0.0000|0.0000|0|9.39
苏能股份|600925|0.80|13098263|65188448.00|0.20|0.80|-1.60|5.03|5.00|5.03|4.91|13.10|4.99|18155700|90241392.00|1|0.0000|0.0000|0.0000|0|4.99
杭州银行|600926|0.35|48680469|690203392.00|-0.49|0.35|-2.03|14.35|14.23|14.35|14.01|48.68|14.30|63843624|902109376.00|1|0.0000|0.0000|0.0000|0|14.30
永安期货|600927|1.76|5638100|67226408.00|-1.01|2.52|-3.44|12.13|11.80|12.22|11.51|5.64|11.92|6658292|78917232.00|1|0.0000|0.0000|0.0000|0|11.92
西安银行|600928|-0.90|29329733|96236080.00|-0.90|-0.60|-3.29|3.31|3.31|3.32|3.23|29.33|3.34|32926182|109672024.00|1|0.0000|0.0000|0.0000|0|3.34
雪天盐业|600929|-0.40|15848700|78943960.00|-0.40|0.40|-3.37|5.03|5.03|5.07|4.88|15.85|5.05|23009373|115398944.00|1|0.0000|0.0000|0.0000|0|5.05
爱柯迪|600933|2.31|37336193|477762112.00|-3.07|3.07|-7.76|13.31|12.61|13.41|12.00|37.34|13.01|39221500|517228832.00|1|0.0000|0.0000|0.0000|0|13.01
华塑股份|600935|3.24|22121222|47884672.00|0.00|3.70|-4.17|2.23|2.16|2.24|2.07|22.12|2.16|17573122|37722156.00|1|0.0000|0.0000|0.0000|0|2.16
广西广电|600936|2.78|19224200|61930456.00|-1.23|3.09|-6.48|3.33|3.20|3.34|3.03|19.22|3.24|18233976|58476264.00|1|0.0000|0.0000|0.0000|0|3.24
中国海油|600938|-0.29|60247060|1441091712.00|-2.38|-0.29|-3.25|24.27|23.76|24.27|23.55|60.25|24.34|67251554|1600804608.00|1|0.0000|0.0000|0.0000|0|24.34
重庆建工|600939|2.86|20132337|48980916.00|-1.22|3.67|-5.31|2.52|2.42|2.54|2.32|20.13|2.45|16089120|39093696.00|1|0.0000|0.0000|0.0000|0|2.45
中国移动|600941|0.90|19032071|2103957760.00|-0.01|0.90|-2.22|112.60|111.59|112.60|109.12|19.03|111.60|32276570|3549051648.00|1|0.0000|0.0000|0.0000|0|111.60
维远股份|600955|0.80|3037563|41303124.00|-0.87|1.46|-4.51|13.85|13.62|13.94|13.12|3.04|13.74|2993126|40966476.00|1|0.0000|0.0000|0.0000|0|13.74
新天绿能|600956|-0.14|8238808|57495512.00|-0.42|0.14|-2.97|7.07|7.05|7.09|6.87|8.24|7.08|10837600|76088648.00|1|0.0000|0.0000|0.0000|0|7.08
东方证券|600958|2.07|66060704|579274560.00|-0.57|2.99|-2.07|8.88|8.65|8.96|8.52|66.06|8.70|76922167|663549376.00|1|0.0000|0.0000|0.0000|0|8.70
江苏有线|600959|2.31|60123532|181767296.00|-0.99|2.97|-4.29|3.10|3.00|3.12|2.90|60.12|3.03|49917780|151285296.00|1|0.0000|0.0000|0.0000|0|3.03
渤海汽车|600960|1.97|29077802|86640632.00|-0.98|2.62|-8.85|3.11|3.02|3.13|2.78|29.08|3.05|30469308|92948344.00|1|0.0000|0.0000|0.0000|0|3.05
株冶集团|600961|8.56|36211427|301148736.00|-2.77|8.81|-7.60|9.00|8.06|9.02|7.66|36.21|8.29|30771347|252282096.00|1|0.0000|0.0000|0.0000|0|8.29
国投中鲁|600962|2.37|9794080|112296536.00|-2.46|3.05|-8.31|12.07|11.50|12.15|10.81|9.79|11.79|11225823|129607568.00|1|0.0000|0.0000|0.0000|0|11.79
岳阳林纸|600963|4.48|31088973|134224688.00|-0.94|4.72|-2.59|4.43|4.20|4.44|4.13|31.09|4.24|26753200|112567128.00|1|0.0000|0.0000|0.0000|0|4.24
福成股份|600965|3.22|101792830|677369600.00|0.46|8.58|-5.51|6.74|6.56|7.09|6.17|101.79|6.53|100239491|617945728.00|1|0.0000|0.0000|0.0000|0|6.53
博汇纸业|600966|0.24|12000215|49729652.00|-0.71|0.95|-4.51|4.22|4.18|4.25|4.02|12.00|4.21|12823000|53796864.00|1|0.0000|0.0000|0.0000|0|4.21
内蒙一机|600967|10.00|37483100|391791904.00|-1.62|10.00|-3.23|10.89|9.74|10.89|9.58|37.48|9.90|33493900|331204960.00|1|0.0000|0.0000|0.0000|0|9.90
海油发展|600968|0.55|54878013|198561504.00|-0.82|1.09|-3.55|3.68|3.63|3.70|3.53|54.88|3.66|77876559|281611392.00|1|0.0000|0.0000|0.0000|0|3.66
郴电国际|600969|4.90|19310960|121424280.00|-2.05|9.95|-7.42|6.64|6.20|6.96|5.86|19.31|6.33|13729382|86292776.00|1|0.0000|0.0000|0.0000|0|6.33
中材国际|600970|5.74|46814997|417467232.00|-0.69|6.54|-2.41|9.21|8.65|9.28|8.50|46.81|8.71|29426423|253773552.00|1|0.0000|0.0000|0.0000|0|8.71
恒源煤电|600971|-1.65|12163912|93523832.00|-0.76|-0.51|-3.93|7.75|7.82|7.84|7.57|12.16|7.88|15623988|122860368.00|1|0.0000|0.0000|0.0000|0|7.88
宝胜股份|600973|1.16|81773741|338127328.00|-2.79|2.56|-10.00|4.35|4.18|4.41|3.87|81.77|4.30|92290367|402900320.00|1|0.0000|0.0000|0.0000|0|4.30
新五丰|600975|2.14|151085322|999106048.00|0.92|5.21|-3.52|6.67|6.59|6.87|6.30|151.09|6.53|125209895|790700992.00|1|0.0000|0.0000|0.0000|0|6.53
健民集团|600976|-0.91|3200405|150263600.00|-0.11|0.57|-3.12|47.07|47.45|47.77|46.02|3.20|47.50|4905104|228218336.00|1|0.0000|0.0000|0.0000|0|47.50
中国电影|600977|2.82|21066973|217844448.00|-1.66|3.70|-3.02|10.56|10.10|10.65|9.96|21.07|10.27|18399580|186541552.00|1|0.0000|0.0000|0.0000|0|10.27
广安爱众|600979|0.00|170196560|971794176.00|-3.72|5.07|-9.80|5.92|5.70|6.22|5.34|170.20|5.92|151564472|876247424.00|1|0.0000|0.0000|0.0000|0|5.92
北矿科技|600980|0.85|8608203|128738936.00|-2.02|1.89|-8.52|15.51|15.07|15.67|14.07|8.61|15.38|8304616|125759112.00|1|0.0000|0.0000|0.0000|0|15.38
苏豪汇鸿|600981|4.09|28292148|61715176.00|-0.91|4.09|-6.82|2.29|2.18|2.29|2.05|28.29|2.20|26956700|59532580.00|1|0.0000|0.0000|0.0000|0|2.20
宁波能源|600982|-0.91|74439211|311121856.00|-1.36|0.91|-9.75|4.37|4.35|4.45|3.98|74.44|4.41|56185838|247313488.00|1|0.0000|0.0000|0.0000|0|4.41
惠而浦|600983|0.97|4950171|39955388.00|-2.91|1.09|-6.55|8.32|8.00|8.33|7.70|4.95|8.24|7329248|60278028.00|1|0.0000|0.0000|0.0000|0|8.24
建设机械|600984|3.11|18221686|57908508.00|-1.24|3.42|-6.21|3.32|3.18|3.33|3.02|18.22|3.22|22703855|71615712.00|1|0.0000|0.0000|0.0000|0|3.22
淮北矿业|600985|-1.52|23012553|280538816.00|-1.04|-1.04|-3.13|12.27|12.33|12.33|12.07|23.01|12.46|21718578|268430384.00|1|0.0000|0.0000|0.0000|0|12.46
浙文互联|600986|3.13|114593964|790894400.00|-2.99|4.84|-9.83|7.24|6.81|7.36|6.33|114.59|7.02|136326379|958342208.00|1|0.0000|0.0000|0.0000|0|7.02
航民股份|600987|-1.88|17118524|115193104.00|-0.87|-0.87|-4.05|6.78|6.85|6.85|6.63|17.12|6.91|21390910|148352256.00|1|0.0000|0.0000|0.0000|0|6.91
赤峰黄金|600988|4.00|75718706|1620916352.00|-2.16|5.12|-4.14|22.12|20.81|22.36|20.39|75.72|21.27|82391353|1747459456.00|1|0.0000|0.0000|0.0000|0|21.27
宝丰能源|600989|-1.93|60918516|876149760.00|-1.07|-1.07|-6.53|14.71|14.84|14.84|14.02|60.92|15.00|68908845|1010229376.00|1|0.0000|0.0000|0.0000|0|15.00
四创电子|600990|5.50|7358371|132146792.00|-2.44|6.41|-5.28|18.60|17.20|18.76|16.70|7.36|17.63|8092874|143487104.00|1|0.0000|0.0000|0.0000|0|17.63
贵绳股份|600992|2.97|7364081|91512576.00|0.00|4.26|-5.22|12.82|12.45|12.98|11.80|7.36|12.45|6081818|76070864.00|1|0.0000|0.0000|0.0000|0|12.45
马应龙|600993|0.70|12395986|316962112.00|-1.25|1.60|-2.84|25.85|25.35|26.08|24.94|12.40|25.67|18551731|469683232.00|1|0.0000|0.0000|0.0000|0|25.67
南网储能|600995|2.60|18164547|168147360.00|-0.22|3.15|-2.06|9.46|9.20|9.51|9.03|18.16|9.22|19513942|178615536.00|1|0.0000|0.0000|0.0000|0|9.22
贵广网络|600996|1.09|26007203|207698400.00|-2.30|1.69|-8.47|8.35|8.07|8.40|7.56|26.01|8.26|26802390|221973344.00|1|0.0000|0.0000|0.0000|0|8.26
开滦股份|600997|-0.95|12434100|77157800.00|-2.21|-0.32|-4.10|6.28|6.20|6.32|6.08|12.43|6.34|16293313|103724712.00|1|0.0000|0.0000|0.0000|0|6.34
九州通|600998|0.21|30577903|145205632.00|-0.63|0.83|-3.12|4.81|4.77|4.84|4.65|30.58|4.80|44164866|210390944.00|1|0.0000|0.0000|0.0000|0|4.80
招商证券|600999|-0.41|34880404|592732032.00|-0.82|0.35|-2.04|17.07|17.00|17.20|16.79|34.88|17.14|40530398|685035456.00|1|0.0000|0.0000|0.0000|0|17.14
唐山港|601000|0.00|64150687|277433568.00|-0.68|0.23|-3.42|4.39|4.36|4.40|4.24|64.15|4.39|70175538|306422176.00|1|0.0000|0.0000|0.0000|0|4.39
晋控煤业|601001|-1.40|20922320|233604432.00|-1.23|-0.70|-3.95|11.24|11.26|11.32|10.95|20.92|11.40|22188512|251407104.00|1|0.0000|0.0000|0.0000|0|11.40
晋亿实业|601002|0.51|22571200|86717264.00|-1.53|1.02|-7.14|3.94|3.86|3.96|3.64|22.57|3.92|29755000|117116112.00|1|0.0000|0.0000|0.0000|0|3.92
柳钢股份|601003|0.37|17280080|46175712.00|-1.10|0.73|-5.49|2.74|2.70|2.75|2.58|17.28|2.73|19431159|52870516.00|1|0.0000|0.0000|0.0000|0|2.73
重庆钢铁|601005|1.64|135677794|163449600.00|-1.64|2.46|-5.74|1.24|1.20|1.25|1.15|135.68|1.22|106216135|129142680.00|1|0.0000|0.0000|0.0000|0|1.22
大秦铁路|601006|0.45|118261142|789275840.00|0.00|0.45|-2.38|6.76|6.73|6.76|6.57|118.26|6.73|177186701|1169471232.00|1|0.0000|0.0000|0.0000|0|6.73
金陵饭店|601007|2.91|14899060|96147176.00|-0.92|3.07|-6.13|6.71|6.46|6.72|6.12|14.90|6.52|11572102|75357376.00|1|0.0000|0.0000|0.0000|0|6.52
连云港|601008|10.10|14781837|83813016.00|10.10|10.10|10.10|5.67|5.67|5.67|5.67|14.78|5.15|54241132|273456064.00|1|0.0000|0.0000|0.0000|0|5.15
南京银行|601009|-0.49|46175725|470362624.00|-0.39|0.00|-2.14|10.25|10.26|10.30|10.08|46.18|10.30|55505505|567919936.00|1|0.0000|0.0000|0.0000|0|10.30
文峰股份|601010|0.70|67761710|187691216.00|-0.35|3.51|-9.82|2.87|2.84|2.95|2.57|67.76|2.85|66640362|186597616.00|1|0.0000|0.0000|0.0000|0|2.85
宝泰隆|601011|3.57|50867274|112158512.00|-1.34|4.91|-9.38|2.32|2.21|2.35|2.03|50.87|2.24|37560108|83951392.00|1|0.0000|0.0000|0.0000|0|2.24
隆基绿能|601012|1.31|100811229|1453952384.00|-1.24|1.31|-3.51|14.71|14.34|14.71|14.01|100.81|14.52|120651323|1736527360.00|1|0.0000|0.0000|0.0000|0|14.52
陕西黑猫|601015|1.41|22383977|62815292.00|0.35|1.76|-5.99|2.88|2.85|2.89|2.67|22.38|2.84|23534093|66591896.00|1|0.0000|0.0000|0.0000|0|2.84
节能风电|601016|0.00|71136561|198069536.00|-0.71|0.71|-3.19|2.82|2.80|2.84|2.73|71.14|2.82|88027706|245865856.00|1|0.0000|0.0000|0.0000|0|2.82
宁波港|601018|4.74|80748570|293214560.00|-0.28|4.74|-1.95|3.76|3.58|3.76|3.52|80.75|3.59|52457321|185803232.00|1|0.0000|0.0000|0.0000|0|3.59
山东出版|601019|2.53|16752800|166428928.00|-0.30|2.73|-3.04|10.13|9.85|10.15|9.58|16.75|9.88|21035930|208546240.00|1|0.0000|0.0000|0.0000|0|9.88
华钰矿业|601020|3.49|94872793|1557246080.00|-3.07|4.52|-9.57|17.19|16.10|17.36|15.02|94.87|16.61|79971221|1333299328.00|1|0.0000|0.0000|0.0000|0|16.61
春秋航空|601021|5.55|11619727|612566400.00|-0.53|6.53|-2.60|53.99|50.88|54.49|49.82|11.62|51.15|5921590|298919168.00|1|0.0000|0.0000|0.0000|0|51.15
宁波远洋|601022|8.09|22539521|167709200.00|-0.82|8.23|-4.39|7.88|7.23|7.89|6.97|22.54|7.29|15922900|115902672.00|1|0.0000|0.0000|0.0000|0|7.29
永兴股份|601033|0.78|12252094|187005008.00|-0.98|2.02|-4.64|15.43|15.16|15.62|14.60|12.25|15.31|16103396|245863904.00|1|0.0000|0.0000|0.0000|0|15.31
一拖股份|601038|3.15|37560506|536520448.00|5.71|7.39|2.49|14.09|14.44|14.67|14.00|37.56|13.66|12985238|176317632.00|1|0.0000|0.0000|0.0000|0|13.66
赛轮轮胎|601058|4.09|62958959|744988608.00|-3.25|4.09|-5.17|12.48|11.60|12.48|11.37|62.96|11.99|83933979|983196544.00|1|0.0000|0.0000|0.0000|0|11.99
信达证券|601059|1.33|45725755|653402496.00|-2.17|2.38|-4.19|14.50|14.00|14.65|13.71|45.73|14.31|39938019|570720704.00|1|0.0000|0.0000|0.0000|0|14.31
中信金属|601061|1.88|19855752|137704384.00|-0.87|2.75|-3.18|7.05|6.86|7.11|6.70|19.86|6.92|22254139|152990000.00|1|0.0000|0.0000|0.0000|0|6.92
江盐集团|601065|0.85|6861940|56355044.00|-1.09|1.46|-2.31|8.31|8.15|8.36|8.05|6.86|8.24|8602600|70613840.00|1|0.0000|0.0000|0.0000|0|8.24
中信建投|601066|1.29|19037905|444321280.00|-0.43|2.11|-1.38|23.50|23.10|23.69|22.88|19.04|23.20|22659222|525528032.00|1|0.0000|0.0000|0.0000|0|23.20
中铝国际|601068|5.50|24021009|100550400.00|-1.20|5.74|-5.50|4.41|4.13|4.42|3.95|24.02|4.18|21131500|88331592.00|1|0.0000|0.0000|0.0000|0|4.18
西部黄金|601069|0.20|54172802|775247296.00|-3.77|1.79|-9.99|15.15|14.55|15.39|13.61|54.17|15.12|53409163|799802816.00|1|0.0000|0.0000|0.0000|0|15.12
渝农商行|601077|-0.67|65246298|386058848.00|-0.50|0.34|-2.51|5.93|5.94|5.99|5.82|65.25|5.97|97596907|580196928.00|1|0.0000|0.0000|0.0000|0|5.97
锦江航运|601083|9.99|21179290|203912464.00|0.66|9.99|-2.09|10.02|9.17|10.02|8.92|21.18|9.11|13410728|122533152.00|1|0.0000|0.0000|0.0000|0|9.11
国芳集团|601086|9.94|5231800|36465648.00|9.94|9.94|9.94|6.97|6.97|6.97|6.97|5.23|6.34|6574800|41684232.00|1|0.0000|0.0000|0.0000|0|6.34
中国神华|601088|0.71|63588646|2469482496.00|-0.79|1.25|-1.99|39.46|38.87|39.67|38.40|63.59|39.18|64116748|2457862912.00|1|0.0000|0.0000|0.0000|0|39.18
福元医药|601089|1.44|4011000|57791604.00|-1.10|1.72|-3.78|14.77|14.40|14.81|14.01|4.01|14.56|3965984|57967744.00|1|0.0000|0.0000|0.0000|0|14.56
宏盛华源|601096|3.06|27484741|107151128.00|-1.53|3.32|-4.85|4.04|3.86|4.05|3.73|27.48|3.92|25678900|99517408.00|1|0.0000|0.0000|0.0000|0|3.92
中南传媒|601098|3.00|23981309|356944032.00|-0.27|3.68|-2.11|15.10|14.62|15.20|14.35|23.98|14.66|23102002|336252320.00|1|0.0000|0.0000|0.0000|0|14.66
太平洋|601099|2.30|234313987|815515520.00|-1.15|3.74|-4.89|3.56|3.44|3.61|3.31|234.31|3.48|180515029|626487808.00|1|0.0000|0.0000|0.0000|0|3.48
恒立液压|601100|0.68|19603781|1377715840.00|-1.95|1.58|-4.06|71.36|69.50|72.00|68.00|19.60|70.88|21470622|1480310912.00|1|0.0000|0.0000|0.0000|0|70.88
昊华能源|601101|-0.88|12473127|83867672.00|-0.73|-0.44|-3.65|6.79|6.80|6.82|6.60|12.47|6.85|14249889|97134736.00|1|0.0000|0.0000|0.0000|0|6.85
中国一重|601106|3.15|72725568|186201936.00|-1.18|3.94|-3.54|2.62|2.51|2.64|2.45|72.73|2.54|61037800|153552784.00|1|0.0000|0.0000|0.0000|0|2.54
四川成渝|601107|2.41|44169427|238665024.00|-0.74|3.53|-3.53|5.52|5.35|5.58|5.20|44.17|5.39|47473975|253101408.00|1|0.0000|0.0000|0.0000|0|5.39
财通证券|601108|2.54|66148046|474290912.00|-0.85|4.09|-1.83|7.27|7.03|7.38|6.96|66.15|7.09|60932292|432851552.00|1|0.0000|0.0000|0.0000|0|7.09
中国国航|601111|4.29|123838768|876097088.00|-1.14|4.57|-2.71|7.30|6.92|7.32|6.81|123.84|7.00|115249001|795316096.00|1|0.0000|0.0000|0.0000|0|7.00
华鼎股份|601113|1.91|31704523|113960472.00|-1.36|2.72|-7.36|3.74|3.62|3.77|3.40|31.70|3.67|38103007|141321248.00|1|0.0000|0.0000|0.0000|0|3.67
三江购物|601116|3.58|27072849|287861440.00|-2.48|4.96|-8.92|11.27|10.61|11.42|9.91|27.07|10.88|22332313|239146736.00|1|0.0000|0.0000|0.0000|0|10.88
中国化学|601117|0.84|69697550|491588416.00|-0.42|1.26|-3.09|7.18|7.09|7.21|6.90|69.70|7.12|98710787|690616832.00|1|0.0000|0.0000|0.0000|0|7.12
海南橡胶|601118|0.86|125166467|569215360.00|-2.59|1.94|-5.40|4.67|4.51|4.72|4.38|125.17|4.63|99415379|454255072.00|1|0.0000|0.0000|0.0000|0|4.63
宝地矿业|601121|2.22|8720200|46533216.00|-1.11|2.96|-5.36|5.53|5.35|5.57|5.12|8.72|5.41|8136800|44069268.00|1|0.0000|0.0000|0.0000|0|5.41
四方股份|601126|-0.43|18784658|301747488.00|-1.96|0.55|-4.29|16.25|16.00|16.41|15.62|18.78|16.32|25909348|414916960.00|1|0.0000|0.0000|0.0000|0|16.32
赛力斯|601127|2.63|34858963|4245570304.00|-2.30|2.63|-4.24|125.00|119.00|125.00|116.63|34.86|121.80|39334168|4602523136.00|1|0.0000|0.0000|0.0000|0|121.80
常熟银行|601128|-0.15|29876352|203932288.00|-0.58|0.00|-1.74|6.87|6.84|6.88|6.76|29.88|6.88|43840403|298786304.00|1|0.0000|0.0000|0.0000|0|6.88
柏诚股份|601133|2.02|6789100|66277068.00|-2.83|3.04|-6.58|10.08|9.60|10.18|9.23|6.79|9.88|10389200|103736752.00|1|0.0000|0.0000|0.0000|0|9.88
首创证券|601136|2.00|31665240|620129088.00|-1.28|3.02|-3.33|19.90|19.26|20.10|18.86|31.67|19.51|28338649|554416832.00|1|0.0000|0.0000|0.0000|0|19.51
博威合金|601137|-0.18|23192263|370701920.00|-4.07|0.97|-8.08|16.44|15.80|16.63|15.14|23.19|16.47|29332056|483693280.00|1|0.0000|0.0000|0.0000|0|16.47
工业富联|601138|5.76|218935510|3439909888.00|-5.57|6.87|-5.57|16.33|14.58|16.50|14.58|218.94|15.44|214740384|3376376576.00|1|0.0000|0.0000|0.0000|0|15.44
深圳燃气|601139|-0.15|16599284|106485000.00|-0.31|0.15|-2.47|6.47|6.46|6.49|6.32|16.60|6.48|22034266|142053392.00|1|0.0000|0.0000|0.0000|0|6.48
新城控股|601155|9.97|43089019|535677184.00|-1.53|9.97|-1.79|12.91|11.56|12.91|11.53|43.09|11.74|20515698|237612400.00|1|0.0000|0.0000|0.0000|0|11.74
东航物流|601156|0.49|26940652|323821472.00|-2.46|0.90|-4.76|12.25|11.89|12.30|11.61|26.94|12.19|37416919|450253888.00|1|0.0000|0.0000|0.0000|0|12.19
重庆水务|601158|0.20|17341701|84395472.00|-0.20|0.61|-2.44|4.92|4.90|4.94|4.79|17.34|4.91|23003773|111756784.00|1|0.0000|0.0000|0.0000|0|4.91
天风证券|601162|2.40|317279334|1191420800.00|-1.60|3.73|-4.80|3.84|3.69|3.89|3.57|317.28|3.75|249334644|938385600.00|1|0.0000|0.0000|0.0000|0|3.75
三角轮胎|601163|-1.17|8953781|119331528.00|-0.81|-0.81|-4.76|13.50|13.55|13.55|13.01|8.95|13.66|7472814|101886704.00|1|0.0000|0.0000|0.0000|0|13.66
兴业银行|601166|-2.02|94160610|1932747008.00|-0.53|-0.05|-2.55|20.39|20.70|20.80|20.28|94.16|20.81|156377486|3205975040.00|1|0.0000|0.0000|0.0000|0|20.81
西部矿业|601168|-0.62|65188279|924061184.00|-3.44|-0.62|-5.02|14.44|14.03|14.44|13.80|65.19|14.53|76560665|1102941824.00|1|0.0000|0.0000|0.0000|0|14.53
北京银行|601169|-0.83|112360688|667978624.00|-0.50|-0.33|-2.33|5.97|5.99|6.00|5.88|112.36|6.02|154253809|920627904.00|1|0.0000|0.0000|0.0000|0|6.02
杭齿前进|601177|9.99|48242678|702877120.00|-3.21|9.99|-7.85|15.42|13.57|15.42|12.92|48.24|14.02|36091577|507089120.00|1|0.0000|0.0000|0.0000|0|14.02
中国西电|601179|2.22|76405703|483638048.00|-1.58|3.01|-3.01|6.45|6.21|6.50|6.12|76.41|6.31|92377609|575589248.00|1|0.0000|0.0000|0.0000|0|6.31
中国铁建|601186|0.25|71101713|568131776.00|-0.12|1.12|-2.11|8.06|8.03|8.13|7.87|71.10|8.04|104774022|827408704.00|1|0.0000|0.0000|0.0000|0|8.04
厦门银行|601187|-1.87|27400540|157284672.00|-0.34|-0.34|-3.41|5.76|5.85|5.85|5.67|27.40|5.87|39575244|231637952.00|1|0.0000|0.0000|0.0000|0|5.87
龙江交通|601188|3.40|104599383|368316544.00|-0.57|4.25|-4.82|3.65|3.51|3.68|3.36|104.60|3.53|107101850|373404704.00|1|0.0000|0.0000|0.0000|0|3.53
东兴证券|601198|1.08|63965153|649468288.00|-1.08|1.96|-4.20|10.34|10.12|10.43|9.80|63.97|10.23|59624461|609051520.00|1|0.0000|0.0000|0.0000|0|10.23
江南水务|601199|2.00|11586569|57624352.00|-1.20|2.20|-4.39|5.11|4.95|5.12|4.79|11.59|5.01|12199029|60862132.00|1|0.0000|0.0000|0.0000|0|5.01
上海环境|601200|0.13|13157979|98975848.00|-0.92|0.92|-3.29|7.60|7.52|7.66|7.34|13.16|7.59|15413405|116203528.00|1|0.0000|0.0000|0.0000|0|7.59
东材科技|601208|3.24|20757810|166582496.00|-3.11|4.98|-7.10|8.29|7.78|8.43|7.46|20.76|8.03|28646420|226165840.00|1|0.0000|0.0000|0.0000|0|8.03
国泰海通|601211|1.06|86413957|1388804864.00|-0.81|1.62|-1.31|16.20|15.90|16.29|15.82|86.41|16.03|134386282|2132394624.00|1|0.0000|0.0000|0.0000|0|16.03
白银有色|601212|0.38|88346758|225124464.00|-1.54|1.15|-5.77|2.61|2.56|2.63|2.45|88.35|2.60|89070730|231114048.00|1|0.0000|0.0000|0.0000|0|2.60
君正集团|601216|1.83|91646434|446055936.00|-2.44|2.64|-5.89|5.01|4.80|5.05|4.63|91.65|4.92|93853184|459618784.00|1|0.0000|0.0000|0.0000|0|4.92
吉鑫科技|601218|1.05|27556800|75439256.00|-0.70|1.75|-9.82|2.88|2.83|2.90|2.57|27.56|2.85|25854959|74384680.00|1|0.0000|0.0000|0.0000|0|2.85
林洋能源|601222|-0.33|27372948|162909856.00|-1.66|0.33|-3.97|6.02|5.94|6.06|5.80|27.37|6.04|41743471|253178880.00|1|0.0000|0.0000|0.0000|0|6.04
陕西煤业|601225|-0.05|59382748|1142154240.00|-0.97|-0.05|-3.41|19.65|19.47|19.65|18.99|59.38|19.66|56798045|1098505088.00|1|0.0000|0.0000|0.0000|0|19.66
华电科工|601226|2.64|22995033|129287104.00|-0.88|2.99|-6.69|5.83|5.63|5.85|5.30|23.00|5.68|21521950|121127680.00|1|0.0000|0.0000|0.0000|0|5.68
广州港|601228|4.17|79278811|248498176.00|-0.96|5.45|-2.88|3.25|3.09|3.29|3.03|79.28|3.12|54516102|168716688.00|1|0.0000|0.0000|0.0000|0|3.12
上海银行|601229|-0.10|90669936|903144512.00|-0.20|0.40|-2.67|10.09|10.08|10.14|9.83|90.67|10.10|120952719|1200646784.00|1|0.0000|0.0000|0.0000|0|10.10
环旭电子|601231|0.16|36047383|443688000.00|-4.70|1.11|-5.89|12.58|11.97|12.70|11.82|36.05|12.56|43956659|563126144.00|1|0.0000|0.0000|0.0000|0|12.56
桐昆股份|601233|-1.09|50373569|497331136.00|-1.78|0.00|-4.75|10.00|9.93|10.11|9.63|50.37|10.11|55844615|565237248.00|1|0.0000|0.0000|0.0000|0|10.11
红塔证券|601236|1.26|32152767|231189440.00|-1.12|2.23|-2.51|7.26|7.09|7.33|6.99|32.15|7.17|26296990|188626560.00|1|0.0000|0.0000|0.0000|0|7.17
广汽集团|601238|1.30|33562668|256681760.00|-1.43|1.30|-3.12|7.80|7.59|7.80|7.46|33.56|7.70|39586861|300238752.00|1|0.0000|0.0000|0.0000|0|7.70
英利汽车|601279|0.00|18293445|55833692.00|-1.59|0.95|-8.57|3.15|3.10|3.18|2.88|18.29|3.15|25289682|79707160.00|1|0.0000|0.0000|0.0000|0|3.15
农业银行|601288|-0.59|579354616|2938660352.00|-0.39|0.20|-1.57|5.08|5.09|5.12|5.03|579.35|5.11|740559077|3761019136.00|1|0.0000|0.0000|0.0000|0|5.11
青岛港|601298|5.57|40962000|374959328.00|1.22|7.35|-3.56|9.48|9.09|9.64|8.66|40.96|8.98|32840148|293946304.00|1|0.0000|0.0000|0.0000|0|8.98
骆驼股份|601311|0.42|30731687|216975296.00|-1.53|1.12|-4.88|7.20|7.06|7.25|6.82|30.73|7.17|41203553|295494496.00|1|0.0000|0.0000|0.0000|0|7.17
中国平安|601318|-0.67|73790650|3604799232.00|-0.93|-0.02|-1.83|48.93|48.80|49.25|48.36|73.79|49.26|111752977|5446468096.00|1|0.0000|0.0000|0.0000|0|49.26
中国人保|601319|-0.91|98702102|645493056.00|-0.91|0.15|-2.11|6.56|6.56|6.63|6.48|98.70|6.62|100717385|659122368.00|1|0.0000|0.0000|0.0000|0|6.62
秦港股份|601326|4.35|37942700|122841192.00|-0.62|4.66|-2.48|3.36|3.20|3.37|3.14|37.94|3.22|40381100|129162672.00|1|0.0000|0.0000|0.0000|0|3.22
交通银行|601328|-0.27|226584836|1653632512.00|-0.54|0.54|-1.63|7.32|7.30|7.38|7.22|226.58|7.34|302416802|2204488704.00|1|0.0000|0.0000|0.0000|0|7.34
绿色动力|601330|-2.36|43049440|293230048.00|-2.91|-0.83|-9.99|7.04|7.00|7.15|6.49|43.05|7.21|49892488|350784832.00|1|0.0000|0.0000|0.0000|0|7.21
广深铁路|601333|1.76|62868457|178571024.00|-0.70|1.76|-1.76|2.89|2.82|2.89|2.79|62.87|2.84|75986841|214034176.00|1|0.0000|0.0000|0.0000|0|2.84
新华保险|601336|-0.08|28296978|1328697728.00|-1.41|-0.06|-2.19|47.48|46.85|47.49|46.48|28.30|47.52|28638724|1351298816.00|1|0.0000|0.0000|0.0000|0|47.52
百隆东方|601339|0.00|10087800|46345632.00|-2.36|0.43|-4.50|4.67|4.56|4.69|4.46|10.09|4.67|12814000|59996408.00|1|0.0000|0.0000|0.0000|0|4.67
三六零|601360|3.54|138498863|1301826304.00|-1.39|4.08|-3.65|9.65|9.19|9.70|8.98|138.50|9.32|132016048|1213870848.00|1|0.0000|0.0000|0.0000|0|9.32
利群股份|601366|1.33|11092515|49582428.00|-0.88|2.21|-4.20|4.58|4.48|4.62|4.33|11.09|4.52|9555857|42890648.00|1|0.0000|0.0000|0.0000|0|4.52
绿城水务|601368|2.40|11518800|52965944.00|-0.44|3.27|-3.70|4.70|4.57|4.74|4.42|11.52|4.59|10946300|50188664.00|1|0.0000|0.0000|0.0000|0|4.59
陕鼓动力|601369|-0.71|17457517|143524944.00|-0.60|0.12|-3.81|8.34|8.35|8.41|8.08|17.46|8.40|25403939|213217888.00|1|0.0000|0.0000|0.0000|0|8.40
中原证券|601375|1.86|57506100|216190096.00|-1.06|2.66|-3.72|3.83|3.72|3.86|3.62|57.51|3.76|60173663|225552624.00|1|0.0000|0.0000|0.0000|0|3.76
兴业证券|601377|1.81|77123561|429004608.00|-0.72|2.35|-2.17|5.64|5.50|5.67|5.42|77.12|5.54|81476020|447333760.00|1|0.0000|0.0000|0.0000|0|5.54
怡球资源|601388|0.44|72350280|158626160.00|-0.87|0.87|-10.04|2.30|2.27|2.31|2.06|72.35|2.29|86686300|200501184.00|1|0.0000|0.0000|0.0000|0|2.29
中国中铁|601390|0.89|132492038|740396544.00|-0.36|0.89|-2.49|5.68|5.61|5.68|5.49|132.49|5.63|186766975|1035151744.00|1|0.0000|0.0000|0.0000|0|5.63
工商银行|601398|-0.29|566168770|3844424704.00|-0.44|1.03|-1.17|6.80|6.79|6.89|6.74|566.17|6.82|671267831|4544166400.00|1|0.0000|0.0000|0.0000|0|6.82
国机重装|601399|3.55|131109985|365364000.00|-1.42|3.55|-7.09|2.92|2.78|2.92|2.62|131.11|2.82|137333172|389026144.00|1|0.0000|0.0000|0.0000|0|2.82
国联民生|601456|4.30|55819296|530700096.00|-0.97|6.98|-2.90|9.71|9.22|9.96|9.04|55.82|9.31|34931957|324704832.00|1|0.0000|0.0000|0.0000|0|9.31
通用股份|601500|1.55|60177096|262565856.00|-1.99|1.99|-9.73|4.59|4.43|4.61|4.08|60.18|4.52|64665226|295825472.00|1|0.0000|0.0000|0.0000|0|4.52
中新集团|601512|1.13|4282884|30081556.00|-2.13|1.99|-3.12|7.13|6.90|7.19|6.83|4.28|7.05|3546700|24866282.00|1|0.0000|0.0000|0.0000|0|7.05
衢州东峰|601515|3.85|33207648|94910728.00|-0.35|5.59|-5.59|2.97|2.85|3.02|2.70|33.21|2.86|31856276|91513056.00|1|0.0000|0.0000|0.0000|0|2.86
吉林高速|601518|2.93|23357428|63374360.00|-1.10|2.93|-4.03|2.81|2.70|2.81|2.62|23.36|2.73|23911929|64560688.00|1|0.0000|0.0000|0.0000|0|2.73
大智慧|601519|0.23|113007014|960161472.00|-2.63|2.63|-8.36|8.75|8.50|8.96|8.00|113.01|8.73|123405800|1100131584.00|1|0.0000|0.0000|0.0000|0|8.73
瑞丰银行|601528|-1.00|27401450|134943440.00|-0.80|-0.60|-3.19|4.97|4.98|4.99|4.86|27.40|5.02|35063578|175780480.00|1|0.0000|0.0000|0.0000|0|5.02
东吴证券|601555|6.42|151634011|1145958400.00|2.65|10.06|1.54|7.62|7.35|7.88|7.27|151.63|7.16|52824237|375934560.00|1|0.0000|0.0000|0.0000|0|7.16
九牧王|601566|-1.17|6306962|46435012.00|-1.96|0.52|-7.44|7.57|7.51|7.70|7.09|6.31|7.66|6207733|47424964.00|1|0.0000|0.0000|0.0000|0|7.66
三星医疗|601567|-2.35|19146198|479033312.00|-0.90|1.10|-3.65|24.91|25.28|25.79|24.58|19.15|25.51|16397907|415231712.00|1|0.0000|0.0000|0.0000|0|25.51
北元集团|601568|-0.26|21686574|81489976.00|-0.52|0.26|-3.15|3.80|3.79|3.82|3.69|21.69|3.81|26719669|101306736.00|1|0.0000|0.0000|0.0000|0|3.81
长沙银行|601577|-1.22|29354623|261161824.00|-0.77|-0.55|-2.87|8.94|8.98|9.00|8.79|29.35|9.05|34158952|307032192.00|1|0.0000|0.0000|0.0000|0|9.05
会稽山|601579|1.55|34583876|413970912.00|-2.05|2.78|-7.53|12.41|11.97|12.56|11.30|34.58|12.22|40117494|494594464.00|1|0.0000|0.0000|0.0000|0|12.22
北辰实业|601588|4.46|35253084|55748996.00|-0.64|5.10|-5.10|1.64|1.56|1.65|1.49|35.25|1.57|25448310|39904400.00|1|0.0000|0.0000|0.0000|0|1.57
上海电影|601595|4.84|12839310|359940512.00|-3.23|6.99|-7.10|29.25|27.00|29.85|25.92|12.84|27.90|14551690|399080416.00|1|0.0000|0.0000|0.0000|0|27.90
中国外运|601598|2.71|43857611|211923728.00|-0.42|2.92|-1.87|4.93|4.78|4.94|4.71|43.86|4.80|40062589|189563376.00|1|0.0000|0.0000|0.0000|0|4.80
浙文影业|601599|2.51|22458254|71117568.00|-1.25|2.82|-6.58|3.27|3.15|3.28|2.98|22.46|3.19|21086800|67408424.00|1|0.0000|0.0000|0.0000|0|3.19
中国铝业|601600|1.43|316222819|1944307200.00|-0.64|1.43|-5.10|6.37|6.24|6.37|5.96|316.22|6.28|358227054|2236635392.00|1|0.0000|0.0000|0.0000|0|6.28
中国太保|601601|-0.30|53690759|1590858880.00|-0.54|0.47|-2.18|29.77|29.70|30.00|29.21|53.69|29.86|62731188|1846855424.00|1|0.0000|0.0000|0.0000|0|29.86
长城军工|601606|10.01|23464606|278973376.00|-0.99|10.01|-2.16|12.20|10.98|12.20|10.85|23.46|11.09|17807000|194580784.00|1|0.0000|0.0000|0.0000|0|11.09
上海医药|601607|1.14|13659944|251834608.00|-0.38|1.14|-2.11|18.70|18.42|18.70|18.10|13.66|18.49|21238828|387086432.00|1|0.0000|0.0000|0.0000|0|18.49
中信重工|601608|5.56|238572859|1001974784.00|-1.93|8.21|-6.52|4.37|4.06|4.48|3.87|238.57|4.14|179668336|734502976.00|1|0.0000|0.0000|0.0000|0|4.14
金田股份|601609|0.00|17055277|91988040.00|-2.88|0.90|-7.01|5.56|5.40|5.61|5.17|17.06|5.56|22749870|126200608.00|1|0.0000|0.0000|0.0000|0|5.56
中国核建|601611|4.17|70954002|605209920.00|-1.79|5.48|-4.76|8.75|8.25|8.86|8.00|70.95|8.40|53759264|446755264.00|1|0.0000|0.0000|0.0000|0|8.40
明阳智能|601615|0.41|35950787|339299328.00|-1.55|1.14|-6.22|9.69|9.50|9.76|9.05|35.95|9.65|37874348|363269856.00|1|0.0000|0.0000|0.0000|0|9.65
广电电气|601616|1.60|37004300|135161136.00|-3.46|2.93|-9.31|3.82|3.63|3.87|3.41|37.00|3.76|46166561|173051424.00|1|0.0000|0.0000|0.0000|0|3.76
中国中冶|601618|1.37|123186581|359516960.00|-0.34|1.37|-2.39|2.97|2.92|2.97|2.86|123.19|2.93|173117187|501680928.00|1|0.0000|0.0000|0.0000|0|2.93
嘉泽新能|601619|-0.55|84080599|293467872.00|-2.20|0.83|-7.99|3.61|3.55|3.66|3.34|84.08|3.63|91160759|328983232.00|1|0.0000|0.0000|0.0000|0|3.63
中国人寿|601628|-0.67|24184100|856543936.00|-0.70|0.73|-2.01|35.50|35.49|36.00|35.02|24.18|35.74|25005851|878015936.00|1|0.0000|0.0000|0.0000|0|35.74
长城汽车|601633|0.22|35216606|790877248.00|-1.96|0.22|-3.40|23.00|22.50|23.00|22.17|35.22|22.95|35073832|791518144.00|1|0.0000|0.0000|0.0000|0|22.95
旗滨集团|601636|0.37|16916900|90887504.00|-0.18|1.29|-3.14|5.43|5.40|5.48|5.24|16.92|5.41|20025276|108336896.00|1|0.0000|0.0000|0.0000|0|5.41
邮储银行|601658|-0.59|236352063|1198519680.00|-0.78|-0.20|-1.76|5.09|5.08|5.11|5.03|236.35|5.12|301724867|1529232000.00|1|0.0000|0.0000|0.0000|0|5.12
齐鲁银行|601665|0.17|56553506|328878368.00|-1.02|0.85|-2.71|5.91|5.84|5.95|5.74|56.55|5.90|48685219|286024832.00|1|0.0000|0.0000|0.0000|0|5.90
平煤股份|601666|-0.36|19864498|164223296.00|-0.48|-0.12|-2.87|8.34|8.33|8.36|8.13|19.86|8.37|27322514|227957024.00|1|0.0000|0.0000|0.0000|0|8.37
中国建筑|601668|1.13|360153263|1911295232.00|-0.38|1.13|-2.06|5.39|5.31|5.39|5.22|360.15|5.33|504620971|2647831552.00|1|0.0000|0.0000|0.0000|0|5.33
中国电建|601669|0.84|136208749|643944320.00|-0.63|1.05|-2.73|4.80|4.73|4.81|4.63|136.21|4.76|193584968|905912000.00|1|0.0000|0.0000|0.0000|0|4.76
明泰铝业|601677|-0.97|26892869|296582048.00|-1.67|0.26|-5.81|11.24|11.16|11.38|10.69|26.89|11.35|29666851|335570432.00|1|0.0000|0.0000|0.0000|0|11.35
滨化股份|601678|1.34|58144065|213392608.00|-1.61|2.68|-6.17|3.78|3.67|3.83|3.50|58.14|3.73|57302184|213262128.00|1|0.0000|0.0000|0.0000|0|3.73
友发集团|601686|0.97|6131057|31226914.00|-0.78|1.36|-3.50|5.19|5.10|5.21|4.96|6.13|5.14|6220400|32069700.00|1|0.0000|0.0000|0.0000|0|5.14
华泰证券|601688|1.34|98322920|1471225216.00|-0.80|1.88|-2.21|15.13|14.81|15.21|14.60|98.32|14.93|93345705|1386846592.00|1|0.0000|0.0000|0.0000|0|14.93
拓普集团|601689|-0.68|75127562|3344958976.00|-5.15|0.70|-7.48|45.55|43.50|46.18|42.43|75.13|45.86|50877861|2369775616.00|1|0.0000|0.0000|0.0000|0|45.86
中银证券|601696|3.04|34526956|332536576.00|-0.94|3.88|-2.73|9.83|9.45|9.91|9.28|34.53|9.54|31663272|300805632.00|1|0.0000|0.0000|0.0000|0|9.54
中国卫通|601698|4.68|41351331|788287936.00|-1.51|4.95|-1.94|19.45|18.30|19.50|18.22|41.35|18.58|32611731|595629824.00|1|0.0000|0.0000|0.0000|0|18.58
潞安环能|601699|-0.43|18097160|207131424.00|-0.52|-0.43|-3.01|11.56|11.55|11.56|11.26|18.10|11.61|25862951|298668384.00|1|0.0000|0.0000|0.0000|0|11.61
风范股份|601700|1.68|15720854|64517216.00|-0.96|2.40|-6.25|4.23|4.12|4.26|3.90|15.72|4.16|17697507|72578496.00|1|0.0000|0.0000|0.0000|0|4.16
华峰铝业|601702|-3.28|11461867|188030928.00|-0.70|-0.70|-8.09|16.50|16.94|16.94|15.68|11.46|17.06|10341408|173736672.00|1|0.0000|0.0000|0.0000|0|17.06
中创智领|601717|-0.36|50605396|694480512.00|-1.36|0.36|-4.37|13.92|13.78|14.02|13.36|50.61|13.97|59304129|834540224.00|1|0.0000|0.0000|0.0000|0|13.97
际华集团|601718|2.82|56323169|139704576.00|-1.21|3.23|-3.63|2.55|2.45|2.56|2.39|56.32|2.48|54476252|133931008.00|1|0.0000|0.0000|0.0000|0|2.48
上海电气|601727|3.98|238373989|1645670528.00|-0.88|4.72|-4.72|7.05|6.72|7.10|6.46|238.37|6.78|171714803|1159942400.00|1|0.0000|0.0000|0.0000|0|6.78
中国电信|601728|0.97|232545465|1893142912.00|-0.24|1.09|-2.31|8.30|8.20|8.31|8.03|232.55|8.22|246797667|1981596416.00|1|0.0000|0.0000|0.0000|0|8.22
中国中车|601766|1.85|282692167|1968455168.00|1.14|1.85|-3.28|7.15|7.10|7.15|6.79|282.69|7.02|316961707|2192347904.00|1|0.0000|0.0000|0.0000|0|7.02
千里科技|601777|0.95|76467323|542602752.00|-2.57|2.17|-10.01|7.46|7.20|7.55|6.65|76.47|7.39|76065630|558955072.00|1|0.0000|0.0000|0.0000|0|7.39
晶科科技|601778|0.38|58884697|149965168.00|-0.77|0.77|-6.15|2.61|2.58|2.62|2.44|58.88|2.60|77775300|202548128.00|1|0.0000|0.0000|0.0000|0|2.60
光大证券|601788|2.46|39367776|630005440.00|-0.88|2.65|-1.58|16.24|15.71|16.27|15.60|39.37|15.85|36602437|574386496.00|1|0.0000|0.0000|0.0000|0|15.85
宁波建工|601789|4.18|82653411|393147424.00|-1.04|5.01|-8.56|4.99|4.74|5.03|4.38|82.65|4.79|69626930|332630944.00|1|0.0000|0.0000|0.0000|0|4.79
蓝科高新|601798|2.99|18094501|101378688.00|-1.58|4.22|-8.61|5.86|5.60|5.93|5.20|18.09|5.69|17229498|97134456.00|1|0.0000|0.0000|0.0000|0|5.69
星宇股份|601799|-0.11|1845200|225506880.00|-1.00|1.77|-2.36|122.26|121.16|124.56|119.50|1.85|122.39|2613605|313869600.00|1|0.0000|0.0000|0.0000|0|122.39
中国交建|601800|4.11|92740981|866960384.00|0.32|4.54|-1.62|9.63|9.28|9.67|9.10|92.74|9.25|89609100|815045184.00|1|0.0000|0.0000|0.0000|0|9.25
皖新传媒|601801|-0.15|17203891|114090664.00|-1.04|0.60|-3.87|6.70|6.64|6.75|6.45|17.20|6.71|23317994|155463360.00|1|0.0000|0.0000|0.0000|0|6.71
中海油服|601808|0.62|20801581|265253712.00|-1.17|1.32|-2.80|12.94|12.71|13.03|12.50|20.80|12.86|21724043|274684192.00|1|0.0000|0.0000|0.0000|0|12.86
新华文轩|601811|0.91|9594971|147528144.00|0.65|2.21|-2.73|15.54|15.50|15.74|14.98|9.59|15.40|10556562|162006208.00|1|0.0000|0.0000|0.0000|0|15.40
京沪高铁|601816|3.42|332158557|1952243968.00|0.00|3.42|-1.71|6.04|5.84|6.04|5.74|332.16|5.84|384485958|2190882048.00|1|0.0000|0.0000|0.0000|0|5.84
光大银行|601818|-0.27|196489606|711505408.00|-0.27|0.00|-2.46|3.65|3.65|3.66|3.57|196.49|3.66|265379613|962595200.00|1|0.0000|0.0000|0.0000|0|3.66
沪农商行|601825|-0.95|23916853|198818112.00|-0.12|-0.12|-1.90|8.32|8.39|8.39|8.24|23.92|8.40|29861731|249175664.00|1|0.0000|0.0000|0.0000|0|8.40
三峰环境|601827|-1.35|8298100|66031416.00|-0.74|-0.12|-3.69|8.02|8.07|8.12|7.83|8.30|8.13|11865581|95726696.00|1|0.0000|0.0000|0.0000|0|8.13
美凯龙|601828|4.38|33913603|93344880.00|-1.09|5.11|-5.47|2.86|2.71|2.88|2.59|33.91|2.74|31470528|86416592.00|1|0.0000|0.0000|0.0000|0|2.74
成都银行|601838|-0.95|37092705|617505344.00|-0.48|0.00|-1.84|16.67|16.75|16.83|16.52|37.09|16.83|33584848|561568320.00|1|0.0000|0.0000|0.0000|0|16.83
中国石油|601857|-2.08|346138448|2589234432.00|-1.30|-1.30|-3.90|7.54|7.60|7.60|7.40|346.14|7.70|336643808|2532699648.00|1|0.0000|0.0000|0.0000|0|7.70
中国科传|601858|6.38|7906378|141656832.00|-1.61|8.56|-5.11|18.52|17.13|18.90|16.52|7.91|17.41|5783295|100587976.00|1|0.0000|0.0000|0.0000|0|17.41
紫金银行|601860|-0.75|98224901|257526304.00|-0.75|-0.37|-3.37|2.65|2.65|2.66|2.58|98.22|2.67|78024695|207708448.00|1|0.0000|0.0000|0.0000|0|2.67
福莱特|601865|-0.97|27741238|417268320.00|-3.43|-0.45|-5.56|15.32|14.94|15.40|14.61|27.74|15.47|26040305|399226816.00|1|0.0000|0.0000|0.0000|0|15.47
中远海发|601866|5.53|121219170|268641344.00|-0.92|5.99|-2.30|2.29|2.15|2.30|2.12|121.22|2.17|101540880|218493120.00|1|0.0000|0.0000|0.0000|0|2.17
中国能建|601868|1.32|416264215|941193728.00|0.00|1.32|-2.20|2.30|2.27|2.30|2.22|416.26|2.27|453678422|1012170176.00|1|0.0000|0.0000|0.0000|0|2.27
长飞光纤|601869|1.17|6758878|198898304.00|-1.50|2.37|-6.25|30.29|29.49|30.65|28.07|6.76|29.94|6100001|182064032.00|1|0.0000|0.0000|0.0000|0|29.94
招商轮船|601872|-1.66|80869063|477566176.00|-0.66|-0.66|-3.31|5.94|6.00|6.00|5.84|80.87|6.04|83870329|492086528.00|1|0.0000|0.0000|0.0000|0|6.04
正泰电器|601877|0.05|17707148|373150144.00|-1.32|0.71|-2.41|21.19|20.90|21.33|20.67|17.71|21.18|23933934|504293664.00|1|0.0000|0.0000|0.0000|0|21.18
浙商证券|601878|1.74|89527668|925819008.00|-0.87|2.03|-3.09|10.52|10.25|10.55|10.02|89.53|10.34|68396053|706224832.00|1|0.0000|0.0000|0.0000|0|10.34
辽港股份|601880|5.41|228022191|338948544.00|-1.35|5.41|-4.05|1.56|1.46|1.56|1.42|228.02|1.48|166405943|240112432.00|1|0.0000|0.0000|0.0000|0|1.48
中国银河|601881|2.02|108848183|1624363264.00|-2.02|2.69|-3.23|15.18|14.58|15.28|14.40|108.85|14.88|101335061|1497456128.00|1|0.0000|0.0000|0.0000|0|14.88
海天精工|601882|0.64|6260113|115565000.00|-2.62|1.77|-6.27|18.79|18.18|19.00|17.50|6.26|18.67|8294873|154947696.00|1|0.0000|0.0000|0.0000|0|18.67
江河集团|601886|0.36|19088919|102546760.00|-2.01|0.91|-5.29|5.50|5.37|5.53|5.19|19.09|5.48|28750500|157127312.00|1|0.0000|0.0000|0.0000|0|5.48
中国中免|601888|10.00|68709317|4408998912.00|0.02|10.00|-1.96|66.87|60.80|66.87|59.60|68.71|60.79|34491573|2029881088.00|1|0.0000|0.0000|0.0000|0|60.79
亚星锚链|601890|7.67|118564953|994489216.00|-2.48|9.65|-6.31|8.70|7.88|8.86|7.57|118.56|8.08|89125043|719511360.00|1|0.0000|0.0000|0.0000|0|8.08
中煤能源|601898|-1.19|43624901|430343840.00|-0.20|-0.20|-3.58|9.94|10.04|10.04|9.70|43.62|10.06|47709831|473254752.00|1|0.0000|0.0000|0.0000|0|10.06
紫金矿业|601899|-0.19|446712674|6914703360.00|-2.57|-0.19|-4.76|15.92|15.54|15.92|15.19|446.71|15.95|373360740|5849552896.00|1|0.0000|0.0000|0.0000|0|15.95
南方传媒|601900|1.20|13300315|207927152.00|-0.13|2.72|-4.94|15.99|15.78|16.23|15.02|13.30|15.80|13472200|211782016.00|1|0.0000|0.0000|0.0000|0|15.80
方正证券|601901|2.11|81312667|580499264.00|-0.84|2.39|-2.67|7.26|7.05|7.28|6.92|81.31|7.11|75801845|535821472.00|1|0.0000|0.0000|0.0000|0|7.11
京运通|601908|0.83|38028800|89466216.00|-1.66|1.66|-7.47|2.43|2.37|2.45|2.23|38.03|2.41|33826657|81019176.00|1|0.0000|0.0000|0.0000|0|2.41
浙商银行|601916|0.35|208507963|596317888.00|-0.69|0.35|-2.08|2.89|2.86|2.89|2.82|208.51|2.88|243547752|697388800.00|1|0.0000|0.0000|0.0000|0|2.88
新集能源|601918|0.00|35349639|227695552.00|0.31|0.31|-3.68|6.53|6.55|6.55|6.29|35.35|6.53|37536299|243239136.00|1|0.0000|0.0000|0.0000|0|6.53
中远海控|601919|1.50|139442732|1850988416.00|0.08|1.50|-1.73|13.49|13.30|13.49|13.06|139.44|13.29|187157234|2470778880.00|1|0.0000|0.0000|0.0000|0|13.29
浙版传媒|601921|2.90|20392068|155732688.00|-1.19|3.29|-3.56|7.81|7.50|7.84|7.32|20.39|7.59|26412573|200250928.00|1|0.0000|0.0000|0.0000|0|7.59
凤凰传媒|601928|2.68|39870300|467323136.00|-0.43|3.72|-2.16|11.86|11.50|11.98|11.30|39.87|11.55|30181609|346491040.00|1|0.0000|0.0000|0.0000|0|11.55
吉视传媒|601929|1.20|136713928|222052544.00|-3.01|3.01|-9.64|1.68|1.61|1.71|1.50|136.71|1.66|85969741|141462704.00|1|0.0000|0.0000|0.0000|0|1.66
永辉超市|601933|5.96|1254042194|7458104320.00|5.09|10.00|-0.88|6.04|5.99|6.27|5.65|1254.04|5.70|526095441|2927295232.00|1|0.0000|0.0000|0.0000|0|5.70
建设银行|601939|-1.90|197517744|1743527552.00|-0.89|0.45|-2.23|8.80|8.89|9.01|8.77|197.52|8.97|249345941|2207982336.00|1|0.0000|0.0000|0.0000|0|8.97
中国出版|601949|3.89|31775102|206319952.00|-0.93|4.82|-5.13|6.68|6.37|6.74|6.10|31.78|6.43|28476523|180732448.00|1|0.0000|0.0000|0.0000|0|6.43
苏垦农发|601952|-0.26|102467204|1190216832.00|1.14|9.28|-5.34|11.39|11.55|12.48|10.81|102.47|11.42|93120238|1014747712.00|1|0.0000|0.0000|0.0000|0|11.42
东贝集团|601956|1.32|15016664|66521948.00|-1.77|1.99|-7.06|4.59|4.45|4.62|4.21|15.02|4.53|20187880|92404408.00|1|0.0000|0.0000|0.0000|0|4.53
金钼股份|601958|3.06|33912837|321833376.00|-1.69|3.48|-3.27|9.76|9.31|9.80|9.16|33.91|9.47|32664287|305702240.00|1|0.0000|0.0000|0.0000|0|9.47
重庆银行|601963|-0.74|13349527|124907448.00|0.21|0.21|-2.53|9.40|9.49|9.49|9.23|13.35|9.47|16635360|157017248.00|1|0.0000|0.0000|0.0000|0|9.47
中国汽研|601965|2.36|7854310|139555200.00|-2.59|3.09|-3.66|18.20|17.32|18.33|17.13|7.85|17.78|8195420|144242000.00|1|0.0000|0.0000|0.0000|0|17.78
玲珑轮胎|601966|0.54|21756309|319222304.00|-1.68|0.67|-4.17|14.95|14.62|14.97|14.25|21.76|14.87|28584757|425003136.00|1|0.0000|0.0000|0.0000|0|14.87
宝钢包装|601968|2.08|9805559|42218996.00|-1.15|2.31|-3.93|4.42|4.28|4.43|4.16|9.81|4.33|9806500|42015232.00|1|0.0000|0.0000|0.0000|0|4.33
海南矿业|601969|1.16|27495700|184160544.00|-0.29|1.45|-7.11|6.97|6.87|6.99|6.40|27.50|6.89|29949300|206312784.00|1|0.0000|0.0000|0.0000|0|6.89
招商南油|601975|1.85|127570558|342893088.00|-1.11|2.21|-3.69|2.76|2.68|2.77|2.61|127.57|2.71|108992490|294213920.00|1|0.0000|0.0000|0.0000|0|2.71
中国核电|601985|0.87|124024578|1139101312.00|-0.65|0.87|-1.63|9.28|9.14|9.28|9.05|124.02|9.20|149884253|1359943680.00|1|0.0000|0.0000|0.0000|0|9.20
中国银行|601988|-1.10|330911112|1789959680.00|-0.37|0.37|-1.65|5.41|5.45|5.49|5.38|330.91|5.47|383322869|2086605824.00|1|0.0000|0.0000|0.0000|0|5.47
南京证券|601990|1.31|33165259|253254880.00|-0.79|2.37|-2.37|7.71|7.55|7.79|7.43|33.17|7.61|33524441|253486432.00|1|0.0000|0.0000|0.0000|0|7.61
大唐发电|601991|-0.70|149477861|417213952.00|-0.70|-0.35|-4.21|2.83|2.83|2.84|2.73|149.48|2.85|144486033|408604480.00|1|0.0000|0.0000|0.0000|0|2.85
金隅集团|601992|1.97|67743900|102030352.00|-1.32|1.97|-4.61|1.55|1.50|1.55|1.45|67.74|1.52|70375809|105439976.00|1|0.0000|0.0000|0.0000|0|1.52
中金公司|601995|2.03|27501928|886670208.00|-1.03|2.31|-1.78|32.68|31.70|32.77|31.46|27.50|32.03|24776448|788356032.00|1|0.0000|0.0000|0.0000|0|32.03
丰林集团|601996|2.73|30496774|55439844.00|-1.09|3.28|-6.01|1.88|1.81|1.89|1.72|30.50|1.83|26811099|49485740.00|1|0.0000|0.0000|0.0000|0|1.83
贵阳银行|601997|-0.70|40373078|227523584.00|-0.70|-0.35|-2.63|5.67|5.67|5.69|5.56|40.37|5.71|51578520|292999392.00|1|0.0000|0.0000|0.0000|0|5.71
中信银行|601998|-1.00|103660133|714527936.00|-0.14|-0.14|-2.58|6.92|6.98|6.98|6.81|103.66|6.99|126708405|880698304.00|1|0.0000|0.0000|0.0000|0|6.99
出版传媒|601999|0.52|12414900|68704480.00|-2.97|1.05|-8.92|5.75|5.55|5.78|5.21|12.41|5.72|12483800|71336192.00|1|0.0000|0.0000|0.0000|0|5.72
人民网|603000|2.20|19652446|373288480.00|-1.57|3.04|-5.60|19.52|18.80|19.68|18.03|19.65|19.10|16935734|320016672.00|1|0.0000|0.0000|0.0000|0|19.10
奥康国际|603001|1.67|6839500|32453464.00|-1.04|3.75|-7.92|4.88|4.75|4.98|4.42|6.84|4.80|5620048|26761178.00|1|0.0000|0.0000|0.0000|0|4.80
宏昌电子|603002|1.42|33389601|160555488.00|-2.44|2.44|-9.35|4.99|4.80|5.04|4.46|33.39|4.92|31114343|154338288.00|1|0.0000|0.0000|0.0000|0|4.92
鼎龙科技|603004|1.03|5496100|93779992.00|-3.65|2.22|-8.78|17.72|16.90|17.93|16.00|5.50|17.54|7018385|123979832.00|1|0.0000|0.0000|0.0000|0|17.54
晶方科技|603005|3.40|42518237|1096096256.00|-2.73|4.61|-7.03|26.49|24.92|26.80|23.82|42.52|25.62|47619284|1224123392.00|1|0.0000|0.0000|0.0000|0|25.62
联明股份|603006|-0.80|6680800|62906464.00|-1.51|2.31|-9.96|9.86|9.79|10.17|8.95|6.68|9.94|7547400|76414608.00|1|0.0000|0.0000|0.0000|0|9.94
*ST花王|603007|-4.01|31134004|134233328.00|-2.00|-0.45|-4.90|4.31|4.40|4.47|4.27|31.13|4.49|696500|3127285.00|1|0.0000|0.0000|0.0000|0|4.49
喜临门|603008|2.42|7100670|106918928.00|-0.65|3.01|-6.14|15.67|15.20|15.76|14.36|7.10|15.30|7421399|114028624.00|1|0.0000|0.0000|0.0000|0|15.30
北特科技|603009|0.11|23756968|810547968.00|-8.19|1.01|-9.99|35.68|32.72|36.00|32.08|23.76|35.64|14569550|525469440.00|1|0.0000|0.0000|0.0000|0|35.64
万盛股份|603010|2.20|6156516|55495172.00|-0.22|3.08|-4.84|9.29|9.07|9.37|8.65|6.16|9.09|6557956|59642940.00|1|0.0000|0.0000|0.0000|0|9.09
合锻智能|603011|-4.76|151391747|1425933440.00|-10.02|1.49|-10.02|9.60|9.07|10.23|9.07|151.39|10.08|67241500|678742016.00|1|0.0000|0.0000|0.0000|0|10.08
创力集团|603012|2.40|19600000|96613616.00|-0.20|3.01|-6.61|5.11|4.98|5.14|4.66|19.60|4.99|25971900|130829680.00|1|0.0000|0.0000|0.0000|0|4.99
亚普股份|603013|4.41|9361100|133002624.00|1.16|5.42|-3.32|14.45|14.00|14.59|13.38|9.36|13.84|11195600|155355808.00|1|0.0000|0.0000|0.0000|0|13.84
弘讯科技|603015|-0.17|34429402|381448608.00|-5.41|1.37|-9.97|11.62|11.01|11.80|10.48|34.43|11.64|31136694|366277440.00|1|0.0000|0.0000|0.0000|0|11.64
新宏泰|603016|2.62|3207310|75514064.00|-5.07|3.83|-8.23|24.68|22.83|24.97|22.07|3.21|24.05|3555300|85307992.00|1|0.0000|0.0000|0.0000|0|24.05
中衡设计|603017|2.24|4840236|36224832.00|-1.32|3.16|-6.18|7.77|7.50|7.84|7.13|4.84|7.60|4228880|32104608.00|1|0.0000|0.0000|0.0000|0|7.60
华设集团|603018|0.95|13244174|96562992.00|-1.36|1.63|-4.48|7.44|7.27|7.49|7.04|13.24|7.37|17811200|130460488.00|1|0.0000|0.0000|0.0000|0|7.37
中科曙光|603019|5.47|64054843|4069504000.00|-1.22|6.68|-2.02|64.60|60.50|65.34|60.01|64.05|61.25|48730253|2939822080.00|1|0.0000|0.0000|0.0000|0|61.25
爱普股份|603020|2.16|8985000|69411160.00|-0.13|2.42|-5.73|8.03|7.85|8.05|7.41|8.98|7.86|8928600|70385288.00|1|0.0000|0.0000|0.0000|0|7.86
ST华鹏|603021|2.93|11832600|39361320.00|-1.17|4.11|-9.09|3.51|3.37|3.55|3.10|11.83|3.41|12208660|41224072.00|1|0.0000|0.0000|0.0000|0|3.41
新通联|603022|5.34|6292600|44502012.00|-0.98|6.33|-7.31|7.49|7.04|7.56|6.59|6.29|7.11|6676938|48582900.00|1|0.0000|0.0000|0.0000|0|7.11
威帝股份|603023|-1.42|9134187|24820698.00|-2.14|0.36|-4.98|2.77|2.75|2.82|2.67|9.13|2.81|13231176|37075244.00|1|0.0000|0.0000|0.0000|0|2.81
大豪科技|603025|2.24|8289916|99210256.00|-1.16|3.15|-5.64|12.32|11.91|12.43|11.37|8.29|12.05|11641519|139916512.00|1|0.0000|0.0000|0.0000|0|12.05
石大胜华|603026|-0.06|2871600|93469016.00|-1.26|0.72|-5.45|33.19|32.79|33.45|31.40|2.87|33.21|3491900|114328760.00|1|0.0000|0.0000|0.0000|0|33.21
千禾味业|603027|3.55|23061989|256545216.00|-1.00|4.55|-2.27|11.38|10.88|11.49|10.74|23.06|10.99|23945691|259261376.00|1|0.0000|0.0000|0.0000|0|10.99
赛福天|603028|1.82|16679090|89458696.00|-2.18|2.73|-8.73|5.60|5.38|5.65|5.02|16.68|5.50|15655710|85962144.00|1|0.0000|0.0000|0.0000|0|5.50
天鹅股份|603029|1.47|14517384|257247664.00|6.46|6.46|0.47|17.29|18.14|18.14|17.12|14.52|17.04|5076370|85820800.00|1|0.0000|0.0000|0.0000|0|17.04
全筑股份|603030|2.83|27350077|56530868.00|-1.89|3.30|-8.96|2.18|2.08|2.19|1.93|27.35|2.12|28476158|60347088.00|1|0.0000|0.0000|0.0000|0|2.12
安孚科技|603031|-0.24|4353877|108074408.00|-2.43|-0.20|-6.71|25.44|24.88|25.45|23.79|4.35|25.50|7049453|179089008.00|1|0.0000|0.0000|0.0000|0|25.50
德新科技|603032|2.59|5988580|70310304.00|-2.00|3.67|-8.26|12.30|11.75|12.43|11.00|5.99|11.99|5471418|65263672.00|1|0.0000|0.0000|0.0000|0|11.99
三维股份|603033|0.76|4602510|48007284.00|-1.61|1.70|-5.38|10.67|10.42|10.77|10.02|4.60|10.59|6387254|65978724.00|1|0.0000|0.0000|0.0000|0|10.59
常熟汽饰|603035|2.05|8784341|110901384.00|-2.05|2.76|-4.74|12.93|12.41|13.02|12.07|8.78|12.67|13239828|168454832.00|1|0.0000|0.0000|0.0000|0|12.67
如通股份|603036|3.14|4844414|59222108.00|-3.46|3.46|-7.88|12.82|12.00|12.86|11.45|4.84|12.43|6827200|85313544.00|1|0.0000|0.0000|0.0000|0|12.43
凯众股份|603037|4.15|9693894|129548440.00|-2.59|4.96|-7.85|14.06|13.15|14.17|12.44|9.69|13.50|10145928|138556112.00|1|0.0000|0.0000|0.0000|0|13.50
华立股份|603038|0.00|14171324|164676400.00|-5.00|1.56|-9.99|12.21|11.60|12.40|10.99|14.17|12.21|12557205|155258640.00|1|0.0000|0.0000|0.0000|0|12.21
泛微网络|603039|1.20|4011389|227739136.00|-3.87|2.46|-6.90|58.06|55.15|58.78|53.41|4.01|57.37|4209548|241649488.00|1|0.0000|0.0000|0.0000|0|57.37
新坐标|603040|5.89|4433501|103001232.00|-2.08|7.37|-8.15|24.44|22.60|24.78|21.20|4.43|23.08|4367706|101294600.00|1|0.0000|0.0000|0.0000|0|23.08
美思德|603041|0.38|2913100|29570928.00|-1.24|0.38|-7.93|10.50|10.33|10.50|9.63|2.91|10.46|3125900|32404716.00|1|0.0000|0.0000|0.0000|0|10.46
华脉科技|603042|5.06|12321600|134483920.00|-1.75|9.93|-9.47|11.43|10.69|11.96|9.85|12.32|10.88|11846913|130444480.00|1|0.0000|0.0000|0.0000|0|10.88
广州酒家|603043|2.73|6753399|104233352.00|0.71|3.18|-2.60|15.81|15.50|15.88|14.99|6.75|15.39|6807750|103557088.00|1|0.0000|0.0000|0.0000|0|15.39
福达合金|603045|-1.67|9357134|121665176.00|-3.63|1.09|-10.03|13.53|13.26|13.91|12.38|9.36|13.76|13125220|183009808.00|1|0.0000|0.0000|0.0000|0|13.76
浙江黎明|603048|3.30|4163637|58179072.00|-1.41|3.87|-8.92|14.70|14.03|14.78|12.96|4.16|14.23|5384799|77505720.00|1|0.0000|0.0000|0.0000|0|14.23
科林电气|603050|2.87|2828492|38644780.00|-0.22|4.50|-3.83|13.96|13.54|14.18|13.05|2.83|13.57|3357112|44838144.00|1|0.0000|0.0000|0.0000|0|13.57
鹿山新材|603051|1.47|2438104|51573984.00|-2.94|1.98|-8.32|22.07|21.11|22.18|19.94|2.44|21.75|2925002|63905152.00|1|0.0000|0.0000|0.0000|0|21.75
可川科技|603052|1.54|1604256|45644608.00|-1.30|1.92|-9.68|29.68|28.85|29.79|26.40|1.60|29.23|2496540|74804144.00|1|0.0000|0.0000|0.0000|0|29.23
成都燃气|603053|0.11|4099200|37345852.00|-0.11|0.65|-3.46|9.25|9.23|9.30|8.92|4.10|9.24|6150900|56615152.00|1|0.0000|0.0000|0.0000|0|9.24
台华新材|603055|-0.11|13710269|121512584.00|-2.31|0.99|-7.47|9.09|8.89|9.19|8.42|13.71|9.10|20305516|188546736.00|1|0.0000|0.0000|0.0000|0|9.10
德邦股份|603056|1.07|7257144|95183992.00|-1.75|1.75|-2.97|13.27|12.90|13.36|12.74|7.26|13.13|8859362|115578960.00|1|0.0000|0.0000|0.0000|0|13.13
紫燕食品|603057|4.71|5817743|115190128.00|-0.20|5.32|-4.60|20.47|19.51|20.59|18.65|5.82|19.55|5049900|97471616.00|1|0.0000|0.0000|0.0000|0|19.55
永吉股份|603058|1.54|8982944|63190572.00|-0.70|2.38|-6.71|7.26|7.10|7.32|6.67|8.98|7.15|12359788|88382536.00|1|0.0000|0.0000|0.0000|0|7.15
倍加洁|603059|1.63|1611260|31158392.00|-0.36|2.69|-7.32|19.99|19.60|20.20|18.23|1.61|19.67|1952200|38897916.00|1|0.0000|0.0000|0.0000|0|19.67
国检集团|603060|1.61|7727448|47252644.00|-1.45|2.41|-5.63|6.32|6.13|6.37|5.87|7.73|6.22|7274914|45177340.00|1|0.0000|0.0000|0.0000|0|6.22
金海通|603061|-0.19|1322700|90575720.00|-3.46|0.93|-8.07|70.00|67.70|70.78|64.47|1.32|70.13|1956300|134031192.00|1|0.0000|0.0000|0.0000|0|70.13
麦加芯彩|603062|1.02|4331679|198547536.00|-4.26|4.45|-9.79|47.48|45.00|49.09|42.40|4.33|47.00|5768321|269551840.00|1|0.0000|0.0000|0.0000|0|47.00
禾望电气|603063|1.80|48356634|1222950784.00|-3.13|6.17|-9.38|26.06|24.80|27.18|23.20|48.36|25.60|22321400|576354368.00|1|0.0000|0.0000|0.0000|0|25.60
宿迁联盛|603065|1.15|3487700|23774222.00|-0.72|1.59|-5.19|7.01|6.88|7.04|6.57|3.49|6.93|3600504|24927850.00|1|0.0000|0.0000|0.0000|0|6.93
音飞储存|603066|3.57|9890500|95591576.00|-0.31|3.98|-7.54|10.16|9.78|10.20|9.07|9.89|9.81|9819500|96950128.00|1|0.0000|0.0000|0.0000|0|9.81
振华股份|603067|0.13|10008450|153863824.00|-3.96|1.15|-7.16|15.66|15.02|15.82|14.52|10.01|15.64|14827348|230302800.00|1|0.0000|0.0000|0.0000|0|15.64
博通集成|603068|2.48|7599200|213657312.00|-1.96|4.44|-9.44|29.32|28.05|29.88|25.91|7.60|28.61|8043000|234061776.00|1|0.0000|0.0000|0.0000|0|28.61
海汽集团|603069|10.01|13826715|233709440.00|-1.70|10.01|-4.73|18.13|16.20|18.13|15.70|13.83|16.48|8691351|138739424.00|1|0.0000|0.0000|0.0000|0|16.48
万控智造|603070|1.33|6014000|66375008.00|-1.51|2.13|-7.80|11.43|11.11|11.52|10.40|6.01|11.28|6982200|78987752.00|1|0.0000|0.0000|0.0000|0|11.28
物产环能|603071|0.17|3191700|36492808.00|-1.21|0.78|-4.05|11.62|11.46|11.69|11.13|3.19|11.60|4120640|48034964.00|1|0.0000|0.0000|0.0000|0|11.60
天和磁材|603072|4.03|37812377|2285270528.00|-1.00|9.46|-6.12|61.68|58.70|64.90|55.66|37.81|59.29|33596966|1900855168.00|1|0.0000|0.0000|0.0000|0|59.29
彩蝶实业|603073|2.87|3711033|51119152.00|-3.15|7.38|-8.52|14.36|13.52|14.99|12.77|3.71|13.96|4352531|59901144.00|1|0.0000|0.0000|0.0000|0|13.96
热威股份|603075|-0.50|3133986|56402996.00|-1.11|4.33|-5.50|17.91|17.80|18.78|17.01|3.13|18.00|3320903|58948560.00|1|0.0000|0.0000|0.0000|0|18.00
乐惠国际|603076|2.04|2392200|47436468.00|-1.19|2.99|-6.47|20.50|19.85|20.69|18.79|2.39|20.09|2296814|45723932.00|1|0.0000|0.0000|0.0000|0|20.09
和邦生物|603077|0.59|89018347|149428368.00|-0.59|1.76|-4.12|1.71|1.69|1.73|1.63|89.02|1.70|95917413|161778432.00|1|0.0000|0.0000|0.0000|0|1.70
江化微|603078|1.61|30912875|487228160.00|-4.08|2.91|-10.02|16.42|15.50|16.63|14.54|30.91|16.16|32715356|545467840.00|1|0.0000|0.0000|0.0000|0|16.16
圣达生物|603079|-3.32|23226328|337209312.00|-4.15|-2.55|-10.02|15.15|15.02|15.27|14.10|23.23|15.67|26918053|396395072.00|1|0.0000|0.0000|0.0000|0|15.67
新疆火炬|603080|1.51|3242500|46252640.00|-0.96|1.64|-6.85|14.82|14.46|14.84|13.60|3.24|14.60|3504200|51247200.00|1|0.0000|0.0000|0.0000|0|14.60
大丰实业|603081|7.11|28760839|282412448.00|-2.06|9.38|-7.84|10.39|9.50|10.61|8.94|28.76|9.70|20080950|192056976.00|1|0.0000|0.0000|0.0000|0|9.70
北自科技|603082|-10.00|2016220|70614064.00|-8.81|-5.88|-10.00|34.74|35.20|36.33|34.74|2.02|38.60|1565640|60892964.00|0|0.0000|0.0000|0.0000|0|38.60
剑桥科技|603083|1.63|19067300|561954816.00|-0.98|4.18|-9.96|31.11|30.31|31.89|27.56|19.07|30.61|18631325|575748928.00|1|0.0000|0.0000|0.0000|0|30.61
天成自控|603085|7.13|21466040|202604288.00|-1.75|8.55|-3.84|9.77|8.96|9.90|8.77|21.47|9.12|17681916|161663088.00|1|0.0000|0.0000|0.0000|0|9.12
先达股份|603086|0.20|19765714|96780232.00|-1.58|1.58|-7.71|5.07|4.98|5.14|4.67|19.77|5.06|23006240|112676376.00|1|0.0000|0.0000|0.0000|0|5.06
甘李药业|603087|-0.09|9763863|405687712.00|-1.80|0.24|-4.54|42.28|41.56|42.42|40.40|9.76|42.32|9253352|388696128.00|1|0.0000|0.0000|0.0000|0|42.32
宁波精达|603088|0.20|33664610|318297696.00|-7.45|4.33|-9.97|9.95|9.19|10.36|8.94|33.66|9.93|24739254|249133728.00|1|0.0000|0.0000|0.0000|0|9.93
正裕工业|603089|0.62|10269593|80064064.00|-1.73|1.73|-9.49|8.16|7.97|8.25|7.34|10.27|8.11|11725190|96319632.00|1|0.0000|0.0000|0.0000|0|8.11
宏盛股份|603090|6.38|4736543|87367136.00|1.54|8.41|-9.18|19.35|18.47|19.72|16.52|4.74|18.19|5375543|97298384.00|1|0.0000|0.0000|0.0000|0|18.19
众鑫股份|603091|-0.53|1449788|53409084.00|-1.16|0.29|-6.62|37.85|37.61|38.16|35.53|1.45|38.05|2114812|81782688.00|1|0.0000|0.0000|0.0000|0|38.05
南华期货|603093|0.00|12516900|137127136.00|-3.21|0.89|-7.49|11.22|10.86|11.32|10.38|12.52|11.22|16808100|189146688.00|1|0.0000|0.0000|0.0000|0|11.22
越剑智能|603095|1.06|3164480|61199792.00|-0.96|3.09|-8.72|19.93|19.53|20.33|18.00|3.16|19.72|3586570|71422816.00|1|0.0000|0.0000|0.0000|0|19.72
新经典|603096|-0.51|3192000|55038540.00|-2.53|0.84|-9.56|17.69|17.33|17.93|16.08|3.19|17.78|3217120|56446660.00|1|0.0000|0.0000|0.0000|0|17.78
江苏华辰|603097|1.73|2139800|43096364.00|-0.49|4.78|-6.07|20.63|20.18|21.25|19.05|2.14|20.28|1327800|26805940.00|1|0.0000|0.0000|0.0000|0|20.28
森特股份|603098|1.59|9072919|77732736.00|-0.68|2.38|-8.40|8.95|8.75|9.02|8.07|9.07|8.81|13175300|118388720.00|1|0.0000|0.0000|0.0000|0|8.81
长白山|603099|1.94|21026970|671202688.00|-2.21|4.03|-9.99|33.67|32.30|34.36|29.73|21.03|33.03|16360603|537124160.00|1|0.0000|0.0000|0.0000|0|33.03
川仪股份|603100|2.74|16000698|356582976.00|-1.19|4.16|-1.74|22.48|21.62|22.79|21.50|16.00|21.88|18417649|395283168.00|1|0.0000|0.0000|0.0000|0|21.88
汇嘉时代|603101|2.88|9855462|63918876.00|-1.67|3.33|-7.88|6.79|6.49|6.82|6.08|9.86|6.60|10999723|70705680.00|1|0.0000|0.0000|0.0000|0|6.60
百合股份|603102|1.63|1970100|76619040.00|-0.28|3.57|-5.10|39.84|39.09|40.60|37.20|1.97|39.20|2267400|87044448.00|1|0.0000|0.0000|0.0000|0|39.20
横店影视|603103|4.99|15327480|212866816.00|-0.29|5.35|-7.74|14.52|13.79|14.57|12.76|15.33|13.83|13417255|180903024.00|1|0.0000|0.0000|0.0000|0|13.83
芯能科技|603105|2.86|11368735|91249640.00|-0.99|3.73|-6.34|8.28|7.97|8.35|7.54|11.37|8.05|10446855|84281640.00|1|0.0000|0.0000|0.0000|0|8.05
恒银科技|603106|5.19|16292092|112347952.00|-2.45|5.92|-9.24|7.29|6.76|7.34|6.29|16.29|6.93|16403679|114491088.00|1|0.0000|0.0000|0.0000|0|6.93
上海汽配|603107|0.28|3941978|55999716.00|-1.58|0.69|-7.36|14.58|14.31|14.64|13.47|3.94|14.54|4019300|58173528.00|1|0.0000|0.0000|0.0000|0|14.54
润达医疗|603108|1.12|31757719|527358464.00|-2.30|2.12|-8.60|17.16|16.58|17.33|15.51|31.76|16.97|34221631|584928640.00|1|0.0000|0.0000|0.0000|0|16.97
神驰机电|603109|-4.09|22368355|366960032.00|-8.91|0.74|-9.99|16.90|16.05|17.75|15.86|22.37|17.62|6909240|122131616.00|1|0.0000|0.0000|0.0000|0|17.62
东方材料|603110|2.92|9361600|125496528.00|-1.24|3.87|-9.64|14.10|13.53|14.23|12.38|9.36|13.70|10670740|144967856.00|1|0.0000|0.0000|0.0000|0|13.70
康尼机电|603111|0.67|17547700|102510568.00|-1.01|1.34|-6.38|6.00|5.90|6.04|5.58|17.55|5.96|21440500|128074008.00|1|0.0000|0.0000|0.0000|0|5.96
华翔股份|603112|0.83|9635000|125040016.00|-0.98|2.27|-7.58|13.31|13.07|13.50|12.20|9.63|13.20|13229800|175739840.00|1|0.0000|0.0000|0.0000|0|13.20
金能科技|603113|0.00|13573499|67583304.00|-1.77|0.59|-5.50|5.09|5.00|5.12|4.81|13.57|5.09|15188543|77530928.00|1|0.0000|0.0000|0.0000|0|5.09
海星股份|603115|0.57|4135800|49188864.00|-2.78|1.55|-7.93|12.30|11.89|12.42|11.26|4.14|12.23|4781670|59291124.00|1|0.0000|0.0000|0.0000|0|12.23
红蜻蜓|603116|0.67|16551220|73078808.00|-1.11|2.00|-7.98|4.54|4.46|4.60|4.15|16.55|4.51|20679780|93358936.00|1|0.0000|0.0000|0.0000|0|4.51
万林物流|603117|1.55|31826273|178058384.00|-2.94|1.73|-9.84|5.88|5.62|5.89|5.22|31.83|5.79|31662120|176384224.00|1|0.0000|0.0000|0.0000|0|5.79
共进股份|603118|1.74|43615198|344780864.00|-1.74|3.48|-9.08|8.18|7.90|8.32|7.31|43.62|8.04|47775080|390758432.00|1|0.0000|0.0000|0.0000|0|8.04
浙江荣泰|603119|2.38|35005030|1039623936.00|-10.01|7.73|-10.01|32.32|28.41|34.01|28.41|35.01|31.57|4941700|156113680.00|1|0.0000|0.0000|0.0000|0|31.57
华培动力|603121|1.20|22205667|360722912.00|-1.68|6.41|-10.01|16.88|16.40|17.75|15.01|22.21|16.68|18843319|326332160.00|1|0.0000|0.0000|0.0000|0|16.68
合富中国|603122|1.33|9097700|53450332.00|-0.83|2.32|-7.79|6.11|5.98|6.17|5.56|9.10|6.03|9693250|58639348.00|1|0.0000|0.0000|0.0000|0|6.03
翠微股份|603123|4.04|17678158|121761784.00|-3.61|5.05|-7.65|7.21|6.68|7.28|6.40|17.68|6.93|16079140|110911896.00|1|0.0000|0.0000|0.0000|0|6.93
江南新材|603124|-1.00|5989879|226961952.00|-1.05|1.41|-9.95|38.72|38.70|39.66|35.22|5.99|39.11|6523887|258209424.00|1|0.0000|0.0000|0.0000|0|39.11
常青科技|603125|0.55|6039663|105828840.00|-1.87|1.65|-10.00|18.30|17.86|18.50|16.38|6.04|18.20|7889779|145093776.00|1|0.0000|0.0000|0.0000|0|18.20
中材节能|603126|2.15|18139800|100429128.00|-0.89|3.04|-7.16|5.71|5.54|5.76|5.19|18.14|5.59|21069400|116645368.00|1|0.0000|0.0000|0.0000|0|5.59
昭衍新药|603127|-1.10|20247084|342391328.00|-2.90|0.98|-6.03|17.07|16.76|17.43|16.22|20.25|17.26|24826752|424747936.00|1|0.0000|0.0000|0.0000|0|17.26
华贸物流|603128|9.44|74132877|418724896.00|1.30|9.81|-0.56|5.91|5.47|5.93|5.37|74.13|5.40|32707850|176053248.00|1|0.0000|0.0000|0.0000|0|5.40
春风动力|603129|1.43|4385500|619092352.00|-4.58|5.32|-6.07|141.46|133.07|146.88|130.99|4.39|139.46|5753707|812462272.00|1|0.0000|0.0000|0.0000|0|139.46
云中马|603130|2.84|3964800|82511608.00|-2.84|4.60|-8.39|21.70|20.50|22.07|19.33|3.96|21.10|4495848|96142032.00|1|0.0000|0.0000|0.0000|0|21.10
上海沪工|603131|3.07|11210820|172719808.00|-0.98|3.60|-5.89|15.76|15.14|15.84|14.39|11.21|15.29|10239700|156718112.00|1|0.0000|0.0000|0.0000|0|15.29
金徽股份|603132|0.86|3808142|39529924.00|-1.90|1.24|-4.66|10.60|10.31|10.64|10.02|3.81|10.51|5234106|54736420.00|1|0.0000|0.0000|0.0000|0|10.51
中重科技|603135|0.71|9492367|78958576.00|-2.26|1.90|-7.61|8.47|8.22|8.57|7.77|9.49|8.41|10383324|88757656.00|1|0.0000|0.0000|0.0000|0|8.41
天目湖|603136|3.39|10548363|124183272.00|-1.19|3.65|-5.77|12.19|11.65|12.22|11.11|10.55|11.79|9684918|111785264.00|1|0.0000|0.0000|0.0000|0|11.79
恒尚节能|603137|3.77|3379560|37839100.00|-1.80|5.30|-5.75|11.56|10.94|11.73|10.50|3.38|11.14|2737788|30305386.00|1|0.0000|0.0000|0.0000|0|11.14
海量数据|603138|5.79|9521535|119244912.00|-2.89|6.75|-7.80|13.16|12.08|13.28|11.47|9.52|12.44|9457859|117705880.00|1|0.0000|0.0000|0.0000|0|12.44
康惠股份|603139|-0.42|4712600|75016616.00|-5.58|1.02|-9.41|16.61|15.75|16.85|15.11|4.71|16.68|5045900|84768016.00|1|0.0000|0.0000|0.0000|0|16.68
万朗磁塑|603150|0.70|4252614|114305976.00|-4.20|2.39|-6.67|27.34|26.01|27.80|25.34|4.25|27.15|5279300|143736288.00|1|0.0000|0.0000|0.0000|0|27.15
邦基科技|603151|3.15|7366545|91863776.00|0.00|4.03|-3.79|12.79|12.40|12.90|11.93|7.37|12.40|8378600|103276160.00|1|0.0000|0.0000|0.0000|0|12.40
上海建科|603153|3.46|5716976|91452024.00|-1.32|3.96|-3.96|16.46|15.70|16.54|15.28|5.72|15.91|6100600|97135480.00|1|0.0000|0.0000|0.0000|0|15.91
新亚强|603155|0.16|5974414|70320320.00|-2.04|1.14|-9.88|12.27|12.00|12.39|11.04|5.97|12.25|7291411|89333712.00|1|0.0000|0.0000|0.0000|0|12.25
养元饮品|603156|1.64|6750682|160143664.00|-0.97|1.64|-2.65|24.20|23.58|24.20|23.18|6.75|23.81|7087776|166307824.00|1|0.0000|0.0000|0.0000|0|23.81
腾龙股份|603158|0.65|25217272|187973728.00|-2.85|2.07|-9.33|7.77|7.50|7.88|7.00|25.22|7.72|33893635|260055552.00|1|0.0000|0.0000|0.0000|0|7.72
上海亚虹|603159|2.67|2291428|27011816.00|-10.00|4.08|-10.00|12.32|10.80|12.49|10.80|2.29|12.00|3207620|38743396.00|1|0.0000|0.0000|0.0000|0|12.00
汇顶科技|603160|2.65|7132586|466901472.00|-1.31|3.27|-3.47|66.57|64.00|66.97|62.60|7.13|64.85|6886024|447328064.00|1|0.0000|0.0000|0.0000|0|64.85
科华控股|603161|0.73|6785386|63003704.00|-1.97|1.56|-9.34|9.71|9.45|9.79|8.74|6.79|9.64|8650392|84538416.00|1|0.0000|0.0000|0.0000|0|9.64
海通发展|603162|3.12|11465793|91783648.00|-1.50|3.49|-4.11|8.27|7.90|8.30|7.69|11.47|8.02|9453294|75416760.00|1|0.0000|0.0000|0.0000|0|8.02
圣晖集成|603163|3.11|1620100|35569272.00|-1.76|3.65|-7.30|22.88|21.80|23.00|20.57|1.62|22.19|1815275|40028072.00|1|0.0000|0.0000|0.0000|0|22.19
荣晟环保|603165|1.32|4673820|52432360.00|-1.50|1.94|-5.20|11.50|11.18|11.57|10.76|4.67|11.35|5197428|58575276.00|1|0.0000|0.0000|0.0000|0|11.35
福达股份|603166|10.04|51839131|583324928.00|-5.02|10.04|-10.04|12.28|10.60|12.28|10.04|51.84|11.16|35332795|397400704.00|1|0.0000|0.0000|0.0000|0|11.16
渤海轮渡|603167|6.18|26196661|217899440.00|0.49|6.18|-0.87|8.59|8.13|8.59|8.02|26.20|8.09|19009401|154432368.00|1|0.0000|0.0000|0.0000|0|8.09
莎普爱思|603168|0.97|9227086|55667468.00|-1.94|1.77|-7.58|6.26|6.08|6.31|5.73|9.23|6.20|9090491|56091196.00|1|0.0000|0.0000|0.0000|0|6.20
兰石重装|603169|7.76|252957932|2420886528.00|-6.23|10.05|-6.67|9.86|8.58|10.07|8.54|252.96|9.15|201569000|1733492608.00|1|0.0000|0.0000|0.0000|0|9.15
宝立食品|603170|1.25|3114200|39311388.00|-0.63|2.04|-3.53|12.91|12.67|13.01|12.30|3.11|12.75|4486600|56780112.00|1|0.0000|0.0000|0.0000|0|12.75
税友股份|603171|3.04|4484200|173826960.00|-2.11|4.87|-6.95|39.60|37.62|40.30|35.76|4.48|38.43|4774458|184205424.00|1|0.0000|0.0000|0.0000|0|38.43
万丰股份|603172|2.58|2338700|28651592.00|-0.16|3.80|-9.37|12.70|12.36|12.85|11.22|2.34|12.38|2536800|31824562.00|1|0.0000|0.0000|0.0000|0|12.38
福斯达|603173|-0.23|2565600|54134492.00|-3.32|0.64|-6.96|21.66|20.99|21.85|20.20|2.57|21.71|3674488|80638136.00|1|0.0000|0.0000|0.0000|0|21.71
汇通集团|603176|3.66|8046000|32930908.00|-1.95|4.88|-6.83|4.25|4.02|4.30|3.82|8.05|4.10|9065269|37473816.00|1|0.0000|0.0000|0.0000|0|4.10
德创环保|603177|1.90|9339100|62322824.00|-2.62|2.92|-9.48|6.99|6.68|7.06|6.21|9.34|6.86|10636224|73667856.00|1|0.0000|0.0000|0.0000|0|6.86
圣龙股份|603178|-1.10|9396345|145250496.00|-9.91|-0.06|-9.98|16.16|14.72|16.33|14.71|9.40|16.34|12447154|203953456.00|1|0.0000|0.0000|0.0000|0|16.34
新泉股份|603179|-2.29|8228278|317622496.00|-2.49|-1.11|-5.76|38.88|38.80|39.35|37.50|8.23|39.79|9333091|366144448.00|1|0.0000|0.0000|0.0000|0|39.79
金牌家居|603180|0.17|2623636|45538596.00|-0.85|1.87|-5.22|17.65|17.47|17.95|16.70|2.62|17.62|2369960|41603972.00|1|0.0000|0.0000|0.0000|0|17.62
皇马科技|603181|3.12|9904727|104766744.00|-2.27|4.45|-7.10|10.90|10.33|11.04|9.82|9.90|10.57|11005720|116813328.00|1|0.0000|0.0000|0.0000|0|10.57
嘉华股份|603182|-0.41|11150091|134457104.00|0.16|0.16|-4.97|12.23|12.30|12.30|11.67|11.15|12.28|6675192|80744592.00|1|0.0000|0.0000|0.0000|0|12.28
建研院|603183|2.72|20597984|73893288.00|-1.91|3.00|-8.45|3.77|3.60|3.78|3.36|20.60|3.67|19207200|70514792.00|1|0.0000|0.0000|0.0000|0|3.67
弘元绿能|603185|2.04|10952497|137545040.00|-2.04|2.98|-6.04|13.00|12.48|13.12|11.97|10.95|12.74|12869877|164685280.00|1|0.0000|0.0000|0.0000|0|12.74
华正新材|603186|3.37|5790700|117451576.00|-1.95|4.00|-8.79|21.17|20.08|21.30|18.68|5.79|20.48|9111419|190772720.00|1|0.0000|0.0000|0.0000|0|20.48
海容冷链|603187|0.60|5968862|59358608.00|-1.59|1.09|-5.06|10.13|9.91|10.18|9.56|5.97|10.07|8236642|83251808.00|1|0.0000|0.0000|0.0000|0|10.07
亚邦股份|603188|-1.72|39626839|130279224.00|-2.87|-0.57|-10.03|3.43|3.39|3.47|3.14|39.63|3.49|62844700|218729760.00|1|0.0000|0.0000|0.0000|0|3.49
网达软件|603189|0.57|13772946|217060080.00|-3.14|3.14|-7.67|15.99|15.40|16.40|14.68|13.77|15.90|15398046|237151408.00|1|0.0000|0.0000|0.0000|0|15.90
亚通精工|603190|0.00|2687400|49029824.00|-0.90|1.06|-7.87|18.80|18.63|19.00|17.32|2.69|18.80|2757100|52705288.00|1|0.0000|0.0000|0.0000|0|18.80
望变电气|603191|0.70|6808114|75848248.00|-5.00|1.58|-7.02|11.48|10.83|11.58|10.60|6.81|11.40|8620586|100058728.00|1|0.0000|0.0000|0.0000|0|11.40
汇得科技|603192|-2.16|5544480|80417488.00|-2.09|-0.52|-10.00|14.97|14.98|15.22|13.77|5.54|15.30|6266790|97480840.00|1|0.0000|0.0000|0.0000|0|15.30
润本股份|603193|-2.04|3009347|104305696.00|-1.33|1.72|-7.55|34.65|34.90|35.98|32.70|3.01|35.37|5484403|187879232.00|1|0.0000|0.0000|0.0000|0|35.37
中力股份|603194|0.81|3991581|120200776.00|-2.46|1.65|-7.60|31.17|30.16|31.43|28.57|3.99|30.92|5152382|160459392.00|1|0.0000|0.0000|0.0000|0|30.92
公牛集团|603195|5.00|5410694|380367008.00|-0.54|5.00|-1.79|72.03|68.23|72.03|67.37|5.41|68.60|5040229|340932480.00|1|0.0000|0.0000|0.0000|0|68.60
日播时尚|603196|5.48|5815476|70775872.00|-0.98|6.79|-8.75|12.90|12.11|13.06|11.16|5.82|12.23|5345000|65626472.00|1|0.0000|0.0000|0.0000|0|12.23
保隆科技|603197|-1.57|6478588|219540464.00|-3.00|-0.46|-7.55|34.41|33.91|34.80|32.32|6.48|34.96|9998150|349605216.00|1|0.0000|0.0000|0.0000|0|34.96
迎驾贡酒|603198|1.19|6028917|318990816.00|-1.37|2.09|-2.12|53.35|52.00|53.82|51.60|6.03|52.72|7388853|383167552.00|1|0.0000|0.0000|0.0000|0|52.72
九华旅游|603199|0.74|7840248|289766400.00|-1.71|2.03|-7.72|38.21|37.28|38.70|35.00|7.84|37.93|7861200|297157344.00|1|0.0000|0.0000|0.0000|0|37.93
上海洗霸|603200|3.88|14329255|469047808.00|-3.76|6.58|-7.98|33.47|31.01|34.34|29.65|14.33|32.22|13214002|410637376.00|1|0.0000|0.0000|0.0000|0|32.22
常润股份|603201|1.83|3472704|48183520.00|-3.93|2.32|-8.99|14.50|13.68|14.57|12.96|3.47|14.24|3991156|57795428.00|1|0.0000|0.0000|0.0000|0|14.24
快克智能|603203|3.37|3646932|74798920.00|-2.44|5.37|-6.00|21.19|20.00|21.60|19.27|3.65|20.50|4902542|101034632.00|1|0.0000|0.0000|0.0000|0|20.50
健尔康|603205|-0.46|2176212|68491912.00|-2.53|-0.40|-8.58|32.70|32.02|32.72|30.03|2.18|32.85|2641800|87551904.00|1|0.0000|0.0000|0.0000|0|32.85
嘉环科技|603206|1.81|8796200|134024592.00|-2.98|3.23|-7.76|15.74|15.00|15.96|14.26|8.80|15.46|7983011|123738720.00|1|0.0000|0.0000|0.0000|0|15.46
小方制药|603207|0.08|4806658|114194008.00|-1.83|1.38|-8.07|24.67|24.20|24.99|22.66|4.81|24.65|5573956|137847872.00|1|0.0000|0.0000|0.0000|0|24.65
江山欧派|603208|2.23|3064788|42113428.00|-2.16|3.02|-5.04|14.21|13.60|14.32|13.20|3.06|13.90|2874765|39703756.00|1|0.0000|0.0000|0.0000|0|13.90
兴通股份|603209|1.58|5107438|70163976.00|-3.09|1.79|-5.74|14.15|13.50|14.18|13.13|5.11|13.93|5138974|71754776.00|1|0.0000|0.0000|0.0000|0|13.93
泰鸿万立|603210|0.00|57189006|1937773312.00|0.00|0.00|0.00|30.44|30.02|39.50|30.00|57.19|30.44|57189006|1937773312.00|1|0.0000|0.0000|0.0000|0|30.44
晋拓股份|603211|5.18|11853700|171017456.00|-3.18|6.42|-9.53|15.23|14.02|15.41|13.10|11.85|14.48|12529974|182996368.00|1|0.0000|0.0000|0.0000|0|14.48
赛伍技术|603212|0.00|9607234|85889896.00|-2.48|0.11|-8.94|9.28|9.05|9.29|8.45|9.61|9.28|10061604|93543856.00|1|0.0000|0.0000|0.0000|0|9.28
镇洋发展|603213|0.12|6044822|49063332.00|-0.95|0.59|-8.64|8.46|8.37|8.50|7.72|6.04|8.45|8919617|75698680.00|1|0.0000|0.0000|0.0000|0|8.45
爱婴室|603214|3.53|22089244|475807904.00|-2.46|6.69|-6.45|22.30|21.01|22.98|20.15|22.09|21.54|14064050|298907616.00|1|0.0000|0.0000|0.0000|0|21.54
比依股份|603215|0.07|7656700|99260480.00|-3.58|1.19|-9.02|13.43|12.94|13.58|12.21|7.66|13.42|9441300|128500136.00|1|0.0000|0.0000|0.0000|0|13.42
梦天家居|603216|3.03|3332081|33833028.00|1.66|4.59|-6.45|10.54|10.40|10.70|9.57|3.33|10.23|3898333|40023612.00|1|0.0000|0.0000|0.0000|0|10.23
元利科技|603217|1.63|3576169|53692048.00|1.18|1.90|-7.06|15.55|15.48|15.59|14.22|3.58|15.30|5300534|82755872.00|1|0.0000|0.0000|0.0000|0|15.30
日月股份|603218|-0.88|11808260|130760912.00|-2.82|-0.09|-6.16|11.26|11.04|11.35|10.66|11.81|11.36|14653384|167938832.00|1|0.0000|0.0000|0.0000|0|11.36
富佳股份|603219|1.92|9216280|116810696.00|-1.77|2.61|-9.45|13.26|12.78|13.35|11.78|9.22|13.01|10621538|139489968.00|1|0.0000|0.0000|0.0000|0|13.01
中贝通信|603220|1.87|31120532|669036160.00|-3.83|3.88|-9.44|22.33|21.08|22.77|19.85|31.12|21.92|33960600|758626880.00|1|0.0000|0.0000|0.0000|0|21.92
爱丽家居|603221|10.02|43507515|580236480.00|9.62|10.02|-6.94|13.95|13.90|13.95|11.80|43.51|12.68|31049751|374298464.00|1|0.0000|0.0000|0.0000|0|12.68
济民健康|603222|0.70|11453020|63131196.00|-0.88|1.41|-8.10|5.72|5.63|5.76|5.22|11.45|5.68|12562270|71561896.00|1|0.0000|0.0000|0.0000|0|5.68
恒通股份|603223|0.00|9311433|69816456.00|-0.64|0.77|-9.50|7.79|7.74|7.85|7.05|9.31|7.79|9839489|77179176.00|1|0.0000|0.0000|0.0000|0|7.79
新凤鸣|603225|-1.47|21126523|210687200.00|-1.37|-0.59|-5.29|10.06|10.07|10.15|9.67|21.13|10.21|21248306|214803280.00|1|0.0000|0.0000|0.0000|0|10.21
菲林格尔|603226|6.25|9171254|49341668.00|-9.93|7.54|-9.93|5.78|4.90|5.85|4.90|9.17|5.44|7244754|40658464.00|1|0.0000|0.0000|0.0000|0|5.44
雪峰科技|603227|2.63|31903300|290069184.00|-0.77|4.06|-5.38|9.35|9.04|9.48|8.62|31.90|9.11|27928865|250689680.00|1|0.0000|0.0000|0.0000|0|9.11
景旺电子|603228|-3.05|27074533|727169728.00|-6.28|-1.35|-9.87|27.32|26.41|27.80|25.40|27.07|28.18|35090739|931500992.00|1|0.0000|0.0000|0.0000|0|28.18
奥翔药业|603229|-1.71|14226544|103567344.00|-1.32|-0.39|-8.68|7.47|7.50|7.57|6.94|14.23|7.60|15962694|121558768.00|1|0.0000|0.0000|0.0000|0|7.60
内蒙新华|603230|0.18|5837693|64685800.00|-1.78|0.98|-5.16|11.26|11.04|11.35|10.66|5.84|11.24|4696807|52688996.00|1|0.0000|0.0000|0.0000|0|11.24
索宝蛋白|603231|2.02|4289032|65396500.00|-0.78|2.61|-4.38|15.62|15.19|15.71|14.64|4.29|15.31|4789719|72245432.00|1|0.0000|0.0000|0.0000|0|15.31
格尔软件|603232|2.67|8621941|102110848.00|-2.00|3.34|-8.26|12.31|11.75|12.39|11.00|8.62|11.99|8909791|106834184.00|1|0.0000|0.0000|0.0000|0|11.99
大参林|603233|0.66|8281216|137227600.00|-0.78|1.44|-3.12|16.80|16.56|16.93|16.17|8.28|16.69|12177209|200873008.00|1|0.0000|0.0000|0.0000|0|16.69
天新药业|603235|0.56|1690162|44638044.00|-0.94|0.97|-2.62|26.85|26.45|26.96|26.00|1.69|26.70|2556912|67779816.00|1|0.0000|0.0000|0.0000|0|26.70
移远通信|603236|3.10|20424752|1234523008.00|-2.59|3.10|-7.05|62.87|59.40|62.87|56.68|20.42|60.98|20380924|1268446976.00|1|0.0000|0.0000|0.0000|0|60.98
五芳斋|603237|0.89|4872649|87774376.00|-0.50|2.82|-4.81|18.23|17.98|18.58|17.20|4.87|18.07|3842921|69040368.00|1|0.0000|0.0000|0.0000|0|18.07
诺邦股份|603238|-3.36|20694555|266044160.00|-10.02|-1.43|-10.02|13.50|12.57|13.77|12.57|20.69|13.97|5911200|82610112.00|1|0.0000|0.0000|0.0000|0|13.97
浙江仙通|603239|1.75|5104550|60926012.00|-0.25|2.41|-6.48|12.24|12.00|12.32|11.25|5.10|12.03|5159800|62278700.00|1|0.0000|0.0000|0.0000|0|12.03
鼎际得|603255|-0.95|1417000|41048084.00|0.00|1.43|-4.57|29.07|29.35|29.77|28.01|1.42|29.35|761700|22164852.00|1|0.0000|0.0000|0.0000|0|29.35
宏和科技|603256|3.59|7735800|55456092.00|-1.66|4.83|-8.55|7.51|7.13|7.60|6.63|7.74|7.25|10177800|74308032.00|1|0.0000|0.0000|0.0000|0|7.25
中国瑞林|603257|-26.69|17985293|1357074432.00|-23.92|-17.94|-28.43|73.24|76.00|81.98|71.50|17.99|99.90|21088292|1458622976.00|1|0.0000|0.0000|0.0000|0|99.90
电魂网络|603258|0.59|8567600|156082128.00|-2.65|1.62|-8.00|18.61|18.01|18.80|17.02|8.57|18.50|9709184|180180592.00|1|0.0000|0.0000|0.0000|0|18.50
药明康德|603259|-0.70|120709690|6003069952.00|-3.51|-0.70|-6.06|51.25|49.80|51.25|48.48|120.71|51.61|127288498|6716310528.00|1|0.0000|0.0000|0.0000|0|51.61
合盛硅业|603260|2.79|2733418|147824944.00|-1.68|2.79|-2.85|55.58|53.16|55.58|52.53|2.73|54.07|4301508|224739824.00|1|0.0000|0.0000|0.0000|0|54.07
*ST立航|603261|10.00|4374400|72683040.00|-1.54|10.00|-8.64|17.82|15.95|17.82|14.80|4.37|16.20|2971396|48265420.00|1|0.0000|0.0000|0.0000|0|16.20
天龙股份|603266|-1.87|19054412|338939520.00|-1.33|-0.43|-9.97|18.40|18.50|18.67|16.88|19.05|18.75|18744060|343633312.00|1|0.0000|0.0000|0.0000|0|18.75
鸿远电子|603267|10.00|10611352|579745088.00|-0.62|10.00|-2.90|56.98|51.48|56.98|50.30|10.61|51.80|10169050|529118144.00|1|0.0000|0.0000|0.0000|0|51.80
*ST松发|603268|2.22|1303800|42655264.00|-2.10|3.47|-5.57|33.56|32.14|33.97|31.00|1.30|32.83|1443800|45673960.00|1|0.0000|0.0000|0.0000|0|32.83
海鸥股份|603269|5.26|11302870|107379648.00|-2.27|5.36|-8.56|10.21|9.48|10.22|8.87|11.30|9.70|9493252|93312416.00|1|0.0000|0.0000|0.0000|0|9.70
金帝股份|603270|6.18|8763495|177911328.00|-2.89|7.57|-9.11|21.32|19.50|21.60|18.25|8.76|20.08|10069573|201785584.00|1|0.0000|0.0000|0.0000|0|20.08
永杰新材|603271|-1.74|4766556|153528496.00|-2.36|-0.41|-9.91|33.30|33.09|33.75|30.53|4.77|33.89|4749514|163350544.00|1|0.0000|0.0000|0.0000|0|33.89
联翔股份|603272|10.04|2114200|27941134.00|0.23|10.04|-6.02|14.25|12.98|14.25|12.17|2.11|12.95|2250000|29913060.00|1|0.0000|0.0000|0.0000|0|12.95
天元智能|603273|2.73|3359654|48307844.00|-1.09|3.27|-8.73|15.06|14.50|15.14|13.38|3.36|14.66|4046554|59556376.00|1|0.0000|0.0000|0.0000|0|14.66
众辰科技|603275|3.20|3267501|104961232.00|-1.32|5.11|-8.47|32.90|31.46|33.51|29.18|3.27|31.88|3208497|104574120.00|1|0.0000|0.0000|0.0000|0|31.88
恒兴新材|603276|1.09|5475091|63612136.00|-2.78|2.53|-7.49|12.01|11.55|12.18|10.99|5.48|11.88|6559046|77932048.00|1|0.0000|0.0000|0.0000|0|11.88
银都股份|603277|-0.16|7583521|137361904.00|-3.53|-0.16|-6.48|18.65|18.02|18.65|17.47|7.58|18.68|5605500|106633944.00|1|0.0000|0.0000|0.0000|0|18.68
大业股份|603278|3.93|17327300|135742320.00|-1.27|4.56|-8.62|8.20|7.79|8.25|7.21|17.33|7.89|15403842|121775584.00|1|0.0000|0.0000|0.0000|0|7.89
景津装备|603279|-0.63|4797619|74708640.00|-1.07|-0.32|-3.60|15.75|15.68|15.80|15.28|4.80|15.85|6644499|104695536.00|1|0.0000|0.0000|0.0000|0|15.85
南方路机|603280|3.92|4253463|86637600.00|-1.08|4.70|-8.42|21.22|20.20|21.38|18.70|4.25|20.42|4375600|89819528.00|1|0.0000|0.0000|0.0000|0|20.42
江瀚新材|603281|-1.26|1589957|36108332.00|-0.65|-0.17|-3.38|22.80|22.94|23.05|22.31|1.59|23.09|2971920|68482920.00|1|0.0000|0.0000|0.0000|0|23.09
亚光股份|603282|1.46|2090812|27750080.00|-1.83|2.05|-6.95|13.86|13.41|13.94|12.71|2.09|13.66|1878912|25781056.00|1|0.0000|0.0000|0.0000|0|13.66
赛腾股份|603283|-2.64|13429902|574248768.00|-4.33|-0.24|-10.01|44.27|43.50|45.36|40.92|13.43|45.47|9659178|446969952.00|1|0.0000|0.0000|0.0000|0|45.47
键邦股份|603285|1.34|6154768|121340296.00|-3.02|3.27|-8.41|20.48|19.60|20.87|18.51|6.15|20.21|7770760|157502528.00|1|0.0000|0.0000|0.0000|0|20.21
日盈电子|603286|0.69|12850210|304077824.00|0.00|2.27|-10.00|24.86|24.69|25.25|22.22|12.85|24.69|6980800|176124416.00|1|0.0000|0.0000|0.0000|0|24.69
海天味业|603288|2.40|30451820|1266024320.00|-0.97|2.45|-1.70|42.19|40.80|42.21|40.50|30.45|41.20|33536039|1337388160.00|1|0.0000|0.0000|0.0000|0|41.20
泰瑞机器|603289|1.74|13369792|97746824.00|-0.67|2.68|-7.65|7.58|7.40|7.65|6.88|13.37|7.45|13618153|102268448.00|1|0.0000|0.0000|0.0000|0|7.45
斯达半导|603290|2.22|3982732|317383456.00|-1.79|3.66|-4.97|80.91|77.73|82.05|75.22|3.98|79.15|3648638|288951744.00|1|0.0000|0.0000|0.0000|0|79.15
联合水务|603291|1.27|5759800|61457616.00|-1.45|2.27|-8.98|11.17|10.87|11.28|10.04|5.76|11.03|6133388|68679176.00|1|0.0000|0.0000|0.0000|0|11.03
华勤技术|603296|-0.07|23320088|1357714816.00|-1.40|2.59|-5.45|58.66|57.88|60.22|55.50|23.32|58.70|23234184|1387373056.00|1|0.0000|0.0000|0.0000|0|58.70
永新光学|603297|5.19|2291393|166986320.00|-3.37|6.91|-8.09|76.55|70.32|77.80|66.88|2.29|72.77|2206901|160891872.00|1|0.0000|0.0000|0.0000|0|72.77
杭叉集团|603298|0.77|14784615|247447648.00|-3.44|1.30|-5.15|17.01|16.30|17.10|16.01|14.78|16.88|22722612|373134240.00|1|0.0000|0.0000|0.0000|0|16.88
苏盐井神|603299|-1.15|15064200|153455872.00|-0.77|-0.77|-3.93|10.32|10.36|10.36|10.03|15.06|10.44|18312381|189826480.00|1|0.0000|0.0000|0.0000|0|10.44
海南华铁|603300|3.74|331233075|3017012480.00|-4.40|8.58|-8.69|9.43|8.69|9.87|8.30|331.23|9.09|336688810|3114003200.00|1|0.0000|0.0000|0.0000|0|9.09
振德医疗|603301|0.25|3928265|76821680.00|-1.46|0.55|-5.58|19.95|19.61|20.01|18.79|3.93|19.90|5709350|114073032.00|1|0.0000|0.0000|0.0000|0|19.90
得邦照明|603303|-1.42|3975652|43756236.00|-1.33|-0.09|-4.80|11.09|11.10|11.24|10.71|3.98|11.25|2518460|28413626.00|1|0.0000|0.0000|0.0000|0|11.25
旭升集团|603305|1.10|34431611|366915456.00|-0.27|2.29|-8.87|11.05|10.90|11.18|9.96|34.43|10.93|37781909|421430432.00|1|0.0000|0.0000|0.0000|0|10.93
华懋科技|603306|-0.71|11101965|316349120.00|-1.73|0.95|-10.00|29.30|29.00|29.79|26.56|11.10|29.51|13643726|408484512.00|1|0.0000|0.0000|0.0000|0|29.51
扬州金泉|603307|-4.05|1864700|56888212.00|-1.98|-1.98|-10.01|31.53|32.21|32.21|29.57|1.86|32.86|1881746|63211060.00|1|0.0000|0.0000|0.0000|0|32.86
应流股份|603308|3.07|24760162|394560320.00|-2.32|4.45|-7.89|16.46|15.60|16.68|14.71|24.76|15.97|27766952|453811200.00|1|0.0000|0.0000|0.0000|0|15.97
维力医疗|603309|-0.19|5610060|57241832.00|-1.33|0.57|-6.01|10.47|10.35|10.55|9.86|5.61|10.49|8723200|91917416.00|1|0.0000|0.0000|0.0000|0|10.49
巍华新材|603310|1.12|3568279|56648432.00|-0.12|1.99|-6.89|16.29|16.09|16.43|15.00|3.57|16.11|5691753|92651272.00|1|0.0000|0.0000|0.0000|0|16.11
金海高科|603311|2.02|4235200|34972560.00|-2.61|2.49|-7.48|8.59|8.20|8.63|7.79|4.24|8.42|7320100|62479932.00|1|0.0000|0.0000|0.0000|0|8.42
西典新能|603312|0.25|2661594|93266000.00|-2.89|2.20|-9.88|36.02|34.89|36.72|32.38|2.66|35.93|3158109|112424600.00|1|0.0000|0.0000|0.0000|0|35.93
梦百合|603313|-4.95|51577924|368006400.00|-0.94|-0.94|-7.90|7.10|7.40|7.40|6.88|51.58|7.47|58559184|409874816.00|1|0.0000|0.0000|0.0000|0|7.47
福鞍股份|603315|2.56|16924626|180664800.00|-4.21|4.21|-9.43|11.20|10.46|11.38|9.89|16.92|10.92|19285431|213263536.00|1|0.0000|0.0000|0.0000|0|10.92
诚邦股份|603316|3.06|9204725|43866024.00|-2.65|4.08|-8.98|5.05|4.77|5.10|4.46|9.20|4.90|11067530|53901712.00|1|0.0000|0.0000|0.0000|0|4.90
天味食品|603317|-1.17|20756639|296805344.00|-0.96|0.27|-3.85|14.39|14.42|14.60|14.00|20.76|14.56|22324451|318816064.00|1|0.0000|0.0000|0.0000|0|14.56
水发燃气|603318|2.05|11399200|66315424.00|-1.02|2.56|-6.14|5.98|5.80|6.01|5.50|11.40|5.86|12712200|73998056.00|1|0.0000|0.0000|0.0000|0|5.86
美湖股份|603319|0.37|27364414|700056576.00|-6.21|2.02|-10.00|26.81|25.05|27.25|24.04|27.36|26.71|15886670|431095104.00|1|0.0000|0.0000|0.0000|0|26.71
迪贝电气|603320|3.37|5520768|79306648.00|-2.20|7.64|-9.08|15.02|14.21|15.64|13.21|5.52|14.53|6562217|96162824.00|1|0.0000|0.0000|0.0000|0|14.53
梅轮电梯|603321|1.66|8619000|55997920.00|-1.81|3.61|-7.98|6.75|6.52|6.88|6.11|8.62|6.64|10883989|72612136.00|1|0.0000|0.0000|0.0000|0|6.64
超讯通信|603322|2.63|8019040|305430848.00|-1.02|4.61|-7.50|39.40|38.00|40.16|35.51|8.02|38.39|10562924|418134944.00|1|0.0000|0.0000|0.0000|0|38.39
苏农银行|603323|-0.60|45991830|226308320.00|-0.80|-0.20|-3.00|4.97|4.96|4.99|4.85|45.99|5.00|51651950|258239504.00|1|0.0000|0.0000|0.0000|0|5.00
盛剑科技|603324|-0.64|3112860|70687104.00|-4.72|0.43|-9.70|23.35|22.39|23.60|21.22|3.11|23.50|3843520|88175592.00|1|0.0000|0.0000|0.0000|0|23.50
博隆技术|603325|0.92|627500|54172952.00|-0.69|2.06|-4.11|87.40|86.00|88.38|83.04|0.63|86.60|782387|67782624.00|1|0.0000|0.0000|0.0000|0|86.60
我乐家居|603326|-2.49|18631220|133039432.00|-0.26|-0.26|-9.97|7.43|7.60|7.60|6.86|18.63|7.62|21568550|160331296.00|1|0.0000|0.0000|0.0000|0|7.62
福蓉科技|603327|1.45|9754422|98400168.00|-1.26|2.52|-8.44|10.46|10.18|10.57|9.44|9.75|10.31|12220276|126700480.00|1|0.0000|0.0000|0.0000|0|10.31
依顿电子|603328|0.52|30869929|232832992.00|-3.24|1.30|-8.16|7.76|7.47|7.82|7.09|30.87|7.72|37641279|294890112.00|1|0.0000|0.0000|0.0000|0|7.72
上海雅仕|603329|5.78|15911530|226311696.00|-4.25|9.89|-10.03|15.19|13.75|15.78|12.92|15.91|14.36|11363850|155683952.00|1|0.0000|0.0000|0.0000|0|14.36
天洋新材|603330|-6.86|39069763|291917952.00|-10.05|-0.74|-10.05|7.60|7.34|8.10|7.34|39.07|8.16|55243036|444627328.00|1|0.0000|0.0000|0.0000|0|8.16
百达精工|603331|0.36|7263930|58817556.00|-0.97|1.57|-6.17|8.29|8.18|8.39|7.75|7.26|8.26|8890730|73514272.00|1|0.0000|0.0000|0.0000|0|8.26
苏州龙杰|603332|4.86|11792491|94518288.00|-1.75|6.61|-8.10|8.41|7.88|8.55|7.37|11.79|8.02|12224750|99192744.00|1|0.0000|0.0000|0.0000|0|8.02
尚纬股份|603333|4.95|20215900|93924712.00|-1.08|6.24|-6.88|4.88|4.60|4.94|4.33|20.22|4.65|17333333|81422312.00|1|0.0000|0.0000|0.0000|0|4.65
迪生力|603335|0.27|18159887|63944872.00|-4.07|1.36|-9.76|3.70|3.54|3.74|3.33|18.16|3.69|28272241|104765304.00|1|0.0000|0.0000|0.0000|0|3.69
宏辉果蔬|603336|0.47|164074049|1093256192.00|4.89|9.94|-4.42|6.37|6.65|6.97|6.06|164.07|6.34|102382593|624935296.00|1|0.0000|0.0000|0.0000|0|6.34
杰克科技|603337|1.28|4972596|128109224.00|-0.97|1.98|-4.54|26.10|25.52|26.28|24.60|4.97|25.77|7829863|198428928.00|1|0.0000|0.0000|0.0000|0|25.77
浙江鼎力|603338|-1.23|14636351|633383680.00|-2.11|-1.12|-5.54|44.00|43.61|44.05|42.08|14.64|44.55|16380224|734878848.00|1|0.0000|0.0000|0.0000|0|44.55
四方科技|603339|1.38|5492304|54891820.00|-0.49|2.36|-6.58|10.32|10.13|10.42|9.51|5.49|10.18|8839264|90423056.00|1|0.0000|0.0000|0.0000|0|10.18
龙旗科技|603341|3.60|7089968|244488560.00|-0.78|4.47|-6.15|35.70|34.19|36.00|32.34|7.09|34.46|9304498|325529664.00|1|0.0000|0.0000|0.0000|0|34.46
星德胜|603344|-0.29|4527467|92162104.00|-3.78|0.77|-8.80|20.85|20.12|21.07|19.07|4.53|20.91|6841267|143458464.00|1|0.0000|0.0000|0.0000|0|20.91
安井食品|603345|0.66|5540290|436507136.00|-0.89|2.11|-2.92|79.22|78.00|80.36|76.40|5.54|78.70|6071743|466005216.00|1|0.0000|0.0000|0.0000|0|78.70
文灿股份|603348|1.75|9255834|180675584.00|-0.60|2.45|-8.65|20.36|19.89|20.50|18.28|9.26|20.01|11630995|232836880.00|1|0.0000|0.0000|0.0000|0|20.01
安乃达|603350|2.10|2323918|67269936.00|-2.20|3.18|-8.80|30.17|28.90|30.49|26.95|2.32|29.55|2871275|85743904.00|1|0.0000|0.0000|0.0000|0|29.55
威尔药业|603351|-3.86|3613352|74678272.00|-1.70|-0.96|-8.27|20.93|21.40|21.56|19.97|3.61|21.77|2140000|46689672.00|1|0.0000|0.0000|0.0000|0|21.77
XD和顺石|603353|0.22|10421862|140034400.00|-4.69|2.67|-9.44|13.90|13.22|14.24|12.56|10.42|13.87|15015048|210837568.00|1|0.0000|0.0000|0.0000|0|13.87
莱克电气|603355|-0.44|5292040|105959144.00|-2.63|0.73|-7.64|20.47|20.02|20.71|18.99|5.29|20.56|8056758|164977680.00|1|0.0000|0.0000|0.0000|0|20.56
华菱精工|603356|2.27|3127600|35287024.00|-1.14|3.67|-7.60|11.70|11.31|11.86|10.57|3.13|11.44|3194800|36886968.00|1|0.0000|0.0000|0.0000|0|11.44
设计总院|603357|0.55|15261546|136820272.00|-1.31|1.20|-5.48|9.18|9.01|9.24|8.63|15.26|9.13|16262720|148109280.00|1|0.0000|0.0000|0.0000|0|9.13
华达科技|603358|3.31|3401528|115934040.00|-2.87|6.09|-7.22|35.63|33.50|36.59|32.00|3.40|34.49|4820312|159254208.00|1|0.0000|0.0000|0.0000|0|34.49
东珠生态|603359|3.30|35092527|156262656.00|-2.42|5.29|-9.69|4.69|4.43|4.78|4.10|35.09|4.54|30732780|139268240.00|1|0.0000|0.0000|0.0000|0|4.54
百傲化学|603360|4.63|19005741|488516544.00|-2.01|4.86|-9.85|27.10|25.38|27.16|23.35|19.01|25.90|14333516|364816672.00|1|0.0000|0.0000|0.0000|0|25.90
傲农生物|603363|-2.99|28825815|92925352.00|-0.90|-0.30|-5.07|3.25|3.32|3.34|3.18|28.83|3.35|18732520|61876768.00|1|0.0000|0.0000|0.0000|0|3.35
水星家纺|603365|-1.02|1513000|21674608.00|-3.00|-0.41|-5.12|14.51|14.22|14.60|13.91|1.51|14.66|2134000|31258956.00|1|0.0000|0.0000|0.0000|0|14.66
日出东方|603366|9.87|53129483|477975712.00|1.39|9.99|-9.06|9.46|8.73|9.47|7.83|53.13|8.61|30242943|258841696.00|1|0.0000|0.0000|0.0000|0|8.61
辰欣药业|603367|-0.30|5224014|68785736.00|-1.12|0.15|-4.10|13.37|13.26|13.43|12.86|5.22|13.41|8955100|119544560.00|1|0.0000|0.0000|0.0000|0|13.41
柳药集团|603368|0.85|10372130|169203536.00|-0.67|1.34|-3.16|16.58|16.33|16.66|15.92|10.37|16.44|11727784|192325328.00|1|0.0000|0.0000|0.0000|0|16.44
今世缘|603369|2.85|7914421|427221408.00|-0.39|2.85|-3.46|55.55|53.80|55.55|52.14|7.91|54.01|9791840|513144512.00|1|0.0000|0.0000|0.0000|0|54.01
安邦护卫|603373|2.13|1362360|37004048.00|-1.36|2.72|-4.15|27.83|26.88|27.99|26.12|1.36|27.25|1461400|39359128.00|1|0.0000|0.0000|0.0000|0|27.25
盛景微|603375|2.78|2806119|84750792.00|-2.78|2.91|-7.27|31.40|29.70|31.44|28.33|2.81|30.55|2795768|85853408.00|1|0.0000|0.0000|0.0000|0|30.55
ST东时|603377|-2.13|11468264|31057930.00|-2.13|-1.06|-4.96|2.76|2.76|2.79|2.68|11.47|2.82|9959300|28199374.00|1|0.0000|0.0000|0.0000|0|2.82
亚士创能|603378|1.73|7272665|41378100.00|-1.56|2.42|-6.57|5.88|5.69|5.92|5.40|7.27|5.78|12050059|69699488.00|1|0.0000|0.0000|0.0000|0|5.78
三美股份|603379|-1.35|6063161|234488784.00|-2.11|0.33|-3.54|38.76|38.46|39.42|37.90|6.06|39.29|10667095|409232992.00|1|0.0000|0.0000|0.0000|0|39.29
易德龙|603380|-0.62|2526650|47679720.00|-2.48|0.72|-6.97|19.24|18.88|19.50|18.01|2.53|19.36|3466353|68028192.00|1|0.0000|0.0000|0.0000|0|19.36
永臻股份|603381|0.00|2110878|40005864.00|-0.62|0.46|-7.17|19.39|19.27|19.48|18.00|2.11|19.39|2012317|38922488.00|1|0.0000|0.0000|0.0000|0|19.39
顶点软件|603383|2.73|9851549|369591744.00|-1.30|4.08|-4.00|38.00|36.51|38.50|35.51|9.85|36.99|10489774|386430880.00|1|0.0000|0.0000|0.0000|0|36.99
惠达卫浴|603385|-0.85|9320480|52410244.00|-3.23|0.17|-8.84|5.83|5.69|5.89|5.36|9.32|5.88|7738860|45002424.00|1|0.0000|0.0000|0.0000|0|5.88
骏亚科技|603386|2.01|11607360|101391312.00|-3.12|3.79|-9.59|9.15|8.69|9.31|8.11|11.61|8.97|15526660|143044416.00|1|0.0000|0.0000|0.0000|0|8.97
基蛋生物|603387|0.00|9363509|71164800.00|-0.90|0.39|-5.68|7.75|7.68|7.78|7.31|9.36|7.75|8040760|62084068.00|1|0.0000|0.0000|0.0000|0|7.75
*ST亚振|603389|5.18|16118428|82741648.00|-2.19|6.77|-6.18|5.28|4.91|5.36|4.71|16.12|5.02|16677740|83276184.00|1|0.0000|0.0000|0.0000|0|5.02
通达电气|603390|2.17|10513100|89545792.00|-3.32|3.43|-9.61|8.93|8.45|9.04|7.90|10.51|8.74|10748100|93457672.00|1|0.0000|0.0000|0.0000|0|8.74
力聚热能|603391|3.51|2159300|90600112.00|-0.12|3.99|-4.32|43.08|41.57|43.28|39.82|2.16|41.62|2137074|88699440.00|1|0.0000|0.0000|0.0000|0|41.62
万泰生物|603392|0.89|3786416|245567584.00|-0.78|0.89|-2.90|66.08|64.99|66.08|63.60|3.79|65.50|5818032|370898912.00|1|0.0000|0.0000|0.0000|0|65.50
新天然气|603393|0.45|5520689|145593824.00|-1.12|1.01|-3.52|26.82|26.40|26.97|25.76|5.52|26.70|7809249|208845312.00|1|0.0000|0.0000|0.0000|0|26.70
红四方|603395|2.98|9833485|461517184.00|0.00|5.14|-0.42|47.04|45.68|48.03|45.49|9.83|45.68|5350177|235167392.00|1|0.0000|0.0000|0.0000|0|45.68
金辰股份|603396|0.75|3124448|69262944.00|-1.49|0.75|-7.50|22.96|22.45|22.96|21.08|3.12|22.79|3484800|79227384.00|1|0.0000|0.0000|0.0000|0|22.79
*ST沐邦|603398|1.39|20790000|216542928.00|-1.95|2.41|-9.74|10.93|10.57|11.04|9.73|20.79|10.78|36046680|376897824.00|1|0.0000|0.0000|0.0000|0|10.78
永杉锂业|603399|1.94|12396096|93421056.00|-1.42|3.11|-9.07|7.87|7.61|7.96|7.02|12.40|7.72|12925008|99864960.00|1|0.0000|0.0000|0.0000|0|7.72
建霖家居|603408|-1.74|5320796|56298420.00|-2.57|-0.73|-5.96|10.71|10.62|10.82|10.25|5.32|10.90|5287100|58508924.00|1|0.0000|0.0000|0.0000|0|10.90
汇通控股|603409|-1.09|3242860|106157104.00|-0.15|-0.15|-9.90|33.68|34.00|34.00|30.68|3.24|34.05|4046587|138924432.00|1|0.0000|0.0000|0.0000|0|34.05
信捷电气|603416|-0.87|7343458|334874368.00|-6.77|-0.08|-10.00|47.90|45.05|48.28|43.49|7.34|48.32|2767700|135514800.00|1|0.0000|0.0000|0.0000|0|48.32
鼎信通讯|603421|1.57|14535220|81650984.00|-2.09|3.14|-9.23|5.83|5.62|5.92|5.21|14.54|5.74|16268346|93375920.00|1|0.0000|0.0000|0.0000|0|5.74
集友股份|603429|-0.54|8862240|62687340.00|0.00|0.68|-8.44|7.31|7.35|7.40|6.73|8.86|7.35|13377556|98126672.00|1|0.0000|0.0000|0.0000|0|7.35
三力制药|603439|1.24|6905373|81932136.00|-1.65|1.57|-5.53|12.27|11.92|12.31|11.45|6.91|12.12|7503400|90647728.00|1|0.0000|0.0000|0.0000|0|12.12
吉比特|603444|2.97|1358751|280083744.00|-1.36|3.52|-3.22|210.88|202.01|212.00|198.21|1.36|204.80|1130559|231732112.00|1|0.0000|0.0000|0.0000|0|204.80
九洲药业|603456|-1.64|28060860|346191328.00|-1.72|-1.10|-6.89|12.57|12.56|12.64|11.90|28.06|12.78|31298596|400910688.00|1|0.0000|0.0000|0.0000|0|12.78
勘设股份|603458|10.09|18526787|105968728.00|-1.98|10.09|-8.29|6.11|5.44|6.11|5.09|18.53|5.55|12186674|68106816.00|1|0.0000|0.0000|0.0000|0|5.55
风语筑|603466|1.97|26859889|213097712.00|-2.33|3.07|-9.83|8.30|7.95|8.39|7.34|26.86|8.14|37068239|304958048.00|1|0.0000|0.0000|0.0000|0|8.14
巨星农牧|603477|3.46|69420154|1637988992.00|0.82|8.23|-5.93|23.90|23.29|25.00|21.73|69.42|23.10|58312790|1287859456.00|1|0.0000|0.0000|0.0000|0|23.10
科沃斯|603486|-0.52|13621149|609316288.00|-2.70|-0.02|-8.48|45.98|44.97|46.21|42.30|13.62|46.22|11874919|546652928.00|1|0.0000|0.0000|0.0000|0|46.22
展鹏科技|603488|5.54|5342220|34597968.00|-1.54|5.69|-7.69|6.86|6.40|6.87|6.00|5.34|6.50|3879874|25501018.00|1|0.0000|0.0000|0.0000|0|6.50
八方股份|603489|4.15|5415775|120926472.00|-0.40|5.81|-8.80|23.32|22.30|23.69|20.42|5.42|22.39|6288421|142969088.00|1|0.0000|0.0000|0.0000|0|22.39
恒为科技|603496|3.69|24140160|575744640.00|-2.43|4.86|-8.84|24.76|23.30|25.04|21.77|24.14|23.88|25243356|599127872.00|1|0.0000|0.0000|0.0000|0|23.88
翔港科技|603499|-2.22|9436495|198576048.00|-7.92|-0.58|-10.01|21.98|20.70|22.35|20.23|9.44|22.48|11579510|256989568.00|1|0.0000|0.0000|0.0000|0|22.48
祥和实业|603500|2.66|10689716|70046888.00|-1.33|3.10|-9.01|6.95|6.68|6.98|6.16|10.69|6.77|10082692|67871880.00|1|0.0000|0.0000|0.0000|0|6.77
豪威集团|603501|3.94|31632265|3738660096.00|-1.87|6.37|-3.17|119.69|113.00|122.48|111.50|31.63|115.15|30658501|3537972480.00|1|0.0000|0.0000|0.0000|0|115.15
金石资源|603505|-0.18|5437671|119862176.00|-1.16|0.36|-5.01|22.33|22.11|22.45|21.25|5.44|22.37|6675631|147587712.00|1|0.0000|0.0000|0.0000|0|22.37
南都物业|603506|5.24|7668390|72443088.00|-1.71|6.62|-7.59|9.85|9.20|9.98|8.65|7.67|9.36|8239195|77212560.00|1|0.0000|0.0000|0.0000|0|9.36
振江股份|603507|-6.82|56937262|1229920896.00|-10.00|-1.31|-10.00|22.00|21.25|23.30|21.25|56.94|23.61|3560700|84068128.00|1|0.0000|0.0000|0.0000|0|23.61
思维列控|603508|1.74|5955666|129526672.00|-1.32|1.78|-4.11|22.28|21.61|22.29|21.00|5.96|21.90|7905488|172553728.00|1|0.0000|0.0000|0.0000|0|21.90
爱慕股份|603511|1.48|2955400|35400160.00|-1.89|2.47|-5.27|12.32|11.91|12.44|11.50|2.96|12.14|3529000|42484512.00|1|0.0000|0.0000|0.0000|0|12.14
欧普照明|603515|-0.39|2686217|40601776.00|-1.69|-0.33|-3.26|15.30|15.10|15.31|14.86|2.69|15.36|2973196|45369016.00|1|0.0000|0.0000|0.0000|0|15.36
淳中科技|603516|1.97|13988544|478588800.00|-6.59|2.20|-10.00|36.20|33.16|36.28|31.95|13.99|35.50|13996320|507290144.00|1|0.0000|0.0000|0.0000|0|35.50
ST绝味|603517|3.47|31541675|487615936.00|-1.80|4.43|-5.07|16.12|15.30|16.27|14.79|31.54|15.58|24313366|371449888.00|1|0.0000|0.0000|0.0000|0|15.58
锦泓集团|603518|0.73|10080400|81085424.00|-2.07|2.07|-7.19|8.27|8.04|8.38|7.62|10.08|8.21|15078015|123563464.00|1|0.0000|0.0000|0.0000|0|8.21
立霸股份|603519|0.66|3867843|39867436.00|-0.57|1.32|-7.37|10.66|10.53|10.73|9.81|3.87|10.59|5238463|55628584.00|1|0.0000|0.0000|0.0000|0|10.59
司太立|603520|-0.86|11376255|89281472.00|-1.23|-0.25|-8.15|8.03|8.00|8.08|7.44|11.38|8.10|11179505|89396192.00|1|0.0000|0.0000|0.0000|0|8.10
众源新材|603527|1.49|14027119|109702568.00|-3.60|2.61|-8.94|8.17|7.76|8.26|7.33|14.03|8.05|18791965|153067152.00|1|0.0000|0.0000|0.0000|0|8.05
多伦科技|603528|3.23|22593200|151673888.00|-3.08|3.81|-9.09|7.04|6.61|7.08|6.20|22.59|6.82|25720567|178715520.00|1|0.0000|0.0000|0.0000|0|6.82
爱玛科技|603529|2.99|4829231|211304000.00|-1.58|3.97|-2.60|44.38|42.41|44.80|41.97|4.83|43.09|6362304|276193312.00|1|0.0000|0.0000|0.0000|0|43.09
神马电力|603530|1.13|4971693|112842240.00|-0.87|2.65|-6.44|23.25|22.79|23.60|21.51|4.97|22.99|4844400|112054264.00|1|0.0000|0.0000|0.0000|0|22.99
掌阅科技|603533|4.62|11531301|188027216.00|-2.15|5.78|-6.58|17.00|15.90|17.19|15.18|11.53|16.25|12250982|199798112.00|1|0.0000|0.0000|0.0000|0|16.25
嘉诚国际|603535|8.04|12494950|96082072.00|-3.49|9.92|-6.43|8.06|7.20|8.20|6.98|12.49|7.46|7807648|57955320.00|1|0.0000|0.0000|0.0000|0|7.46
惠发食品|603536|2.31|15422000|130885528.00|-1.27|3.46|-8.31|8.86|8.55|8.96|7.94|15.42|8.66|14830920|126335768.00|1|0.0000|0.0000|0.0000|0|8.66
美诺华|603538|-1.90|10800608|129179984.00|-2.84|-1.50|-9.95|12.42|12.30|12.47|11.40|10.80|12.66|12678662|161710592.00|1|0.0000|0.0000|0.0000|0|12.66
奥普科技|603551|-1.01|2859098|27633352.00|-1.41|0.10|-5.24|9.82|9.78|9.93|9.40|2.86|9.92|2873400|28516500.00|1|0.0000|0.0000|0.0000|0|9.92
海兴电力|603556|-1.08|6204992|194410080.00|-0.19|2.61|-1.88|31.02|31.30|32.18|30.77|6.20|31.36|5407321|166297168.00|1|0.0000|0.0000|0.0000|0|31.36
ST起步|603557|-1.51|8895394|17057192.00|-1.51|-0.50|-5.03|1.96|1.96|1.98|1.89|8.90|1.99|9166084|18333822.00|1|0.0000|0.0000|0.0000|0|1.99
健盛集团|603558|0.84|6061864|49567140.00|-1.08|1.20|-5.40|8.40|8.24|8.43|7.88|6.06|8.33|7515162|62123980.00|1|0.0000|0.0000|0.0000|0|8.33
ST通脉|603559|-2.47|2442200|16180982.00|-4.95|-0.44|-4.95|6.70|6.53|6.84|6.53|2.44|6.87|2042600|14097101.00|1|0.0000|0.0000|0.0000|0|6.87
中谷物流|603565|1.61|37214365|368358688.00|0.40|2.32|-3.23|10.08|9.96|10.15|9.60|37.21|9.92|39849716|397730080.00|1|0.0000|0.0000|0.0000|0|9.92
普莱柯|603566|-1.11|20726384|274766560.00|1.04|1.41|-4.45|13.33|13.62|13.67|12.88|20.73|13.48|22006222|283778912.00|1|0.0000|0.0000|0.0000|0|13.48
珍宝岛|603567|0.10|6552400|66563112.00|-1.26|0.39|-4.35|10.36|10.22|10.39|9.90|6.55|10.35|7270321|75072432.00|1|0.0000|0.0000|0.0000|0|10.35
伟明环保|603568|0.21|8385352|156109712.00|0.00|0.59|-3.19|18.84|18.80|18.91|18.20|8.39|18.80|11717693|219173216.00|1|0.0000|0.0000|0.0000|0|18.80
长久物流|603569|0.12|54157452|438000320.00|-1.64|0.47|-9.98|8.53|8.38|8.56|7.67|54.16|8.52|57608373|472259136.00|1|0.0000|0.0000|0.0000|0|8.52
汇金通|603577|1.89|10696780|77048136.00|-2.70|2.43|-9.19|7.54|7.20|7.58|6.72|10.70|7.40|12870420|96586616.00|1|0.0000|0.0000|0.0000|0|7.40
三星新材|603578|-5.94|8211068|98396328.00|-5.17|-3.63|-10.03|12.19|12.29|12.49|11.66|8.21|12.96|11028180|142976576.00|1|0.0000|0.0000|0.0000|0|12.96
荣泰健康|603579|-2.35|27193837|489351648.00|-10.02|3.60|-10.02|18.71|17.24|19.85|17.24|27.19|19.16|10375802|199535648.00|1|0.0000|0.0000|0.0000|0|19.16
*ST艾艾|603580|0.32|2716974|40945096.00|-0.38|1.09|-9.98|15.68|15.57|15.80|14.07|2.72|15.63|2510891|39468528.00|1|0.0000|0.0000|0.0000|0|15.63
捷昌驱动|603583|0.99|26026678|787687552.00|-5.87|2.62|-9.98|31.66|29.51|32.17|28.22|26.03|31.35|11983782|381576480.00|1|0.0000|0.0000|0.0000|0|31.35
苏利股份|603585|-0.91|6928620|94068008.00|-2.16|-0.70|-10.03|14.23|14.05|14.26|12.92|6.93|14.36|7036700|100093648.00|1|0.0000|0.0000|0.0000|0|14.36
金麒麟|603586|1.06|4389700|52092016.00|-2.95|1.97|-8.44|12.34|11.85|12.45|11.18|4.39|12.21|5636300|69966840.00|1|0.0000|0.0000|0.0000|0|12.21
地素时尚|603587|0.26|3476880|38932876.00|-0.09|0.62|-4.83|11.41|11.37|11.45|10.83|3.48|11.38|3304042|37406524.00|1|0.0000|0.0000|0.0000|0|11.38
高能环境|603588|0.40|54200793|262356656.00|-2.22|1.21|-6.26|4.97|4.84|5.01|4.64|54.20|4.95|66159971|328142624.00|1|0.0000|0.0000|0.0000|0|4.95
口子窖|603589|1.55|6982224|244706336.00|-0.94|2.23|-1.72|35.48|34.61|35.72|34.34|6.98|34.94|7221500|250382976.00|1|0.0000|0.0000|0.0000|0|34.94
康辰药业|603590|-0.12|5733191|141609120.00|0.39|0.39|-9.26|25.57|25.70|25.70|23.23|5.73|25.60|5109696|128473416.00|1|0.0000|0.0000|0.0000|0|25.60
ST东尼|603595|-1.42|9590948|146847168.00|-8.31|-0.06|-9.97|16.02|14.90|16.24|14.63|9.59|16.25|5450435|89700616.00|1|0.0000|0.0000|0.0000|0|16.25
伯特利|603596|-0.43|12335572|621828800.00|-2.25|1.00|-5.27|50.86|49.93|51.59|48.39|12.34|51.08|16712643|841782016.00|1|0.0000|0.0000|0.0000|0|51.08
引力传媒|603598|1.79|14072425|205212208.00|-2.32|2.65|-10.00|15.37|14.75|15.50|13.59|14.07|15.10|16239008|245927184.00|1|0.0000|0.0000|0.0000|0|15.10
广信股份|603599|-2.67|12919904|141030240.00|-0.44|-0.09|-5.25|10.94|11.19|11.23|10.65|12.92|11.24|13945327|155744064.00|1|0.0000|0.0000|0.0000|0|11.24
永艺股份|603600|3.10|13715928|119613624.00|0.00|3.44|-5.28|8.99|8.72|9.02|8.26|13.72|8.72|15339947|135392352.00|1|0.0000|0.0000|0.0000|0|8.72
再升科技|603601|2.27|29221231|87818832.00|-2.27|3.25|-8.12|3.15|3.01|3.18|2.83|29.22|3.08|30113174|94001136.00|1|0.0000|0.0000|0.0000|0|3.08
纵横通信|603602|2.30|9331960|131526448.00|-3.48|3.83|-8.36|14.68|13.85|14.90|13.15|9.33|14.35|9182055|130818632.00|1|0.0000|0.0000|0.0000|0|14.35
珀莱雅|603605|1.67|6116055|467378784.00|-1.73|2.03|-4.67|78.63|76.00|78.91|73.73|6.12|77.34|5911797|452316128.00|1|0.0000|0.0000|0.0000|0|77.34
东方电缆|603606|1.87|8611144|413876064.00|-1.67|2.04|-2.62|48.90|47.20|48.98|46.74|8.61|48.00|10081462|478169632.00|1|0.0000|0.0000|0.0000|0|48.00
京华激光|603607|2.85|5623896|86395808.00|-2.46|4.72|-6.99|15.90|15.08|16.19|14.38|5.62|15.46|7833936|122847192.00|1|0.0000|0.0000|0.0000|0|15.46
天创时尚|603608|-0.71|5827281|23518352.00|-4.76|0.00|-5.00|4.17|4.00|4.20|3.99|5.83|4.20|970700|4098316.00|1|0.0000|0.0000|0.0000|0|4.20
禾丰股份|603609|-4.58|28413553|246070096.00|-2.46|3.24|-6.81|8.55|8.74|9.25|8.35|28.41|8.96|29919827|256631456.00|1|0.0000|0.0000|0.0000|0|8.96
麒盛科技|603610|2.39|8995486|80892160.00|-0.98|3.16|-7.73|9.41|9.10|9.48|8.48|9.00|9.19|10689374|99456952.00|1|0.0000|0.0000|0.0000|0|9.19
诺力股份|603611|0.07|10331620|154020944.00|-2.82|0.46|-5.71|15.24|14.80|15.30|14.36|10.33|15.23|11894900|183167536.00|1|0.0000|0.0000|0.0000|0|15.23
索通发展|603612|-0.68|18121511|258021792.00|-2.81|0.82|-8.42|14.51|14.20|14.73|13.38|18.12|14.61|22465135|331413440.00|1|0.0000|0.0000|0.0000|0|14.61
国联股份|603613|2.57|15540057|342481504.00|-1.98|3.42|-6.57|22.79|21.78|22.98|20.76|15.54|22.22|18242601|411526784.00|1|0.0000|0.0000|0.0000|0|22.22
茶花股份|603615|-0.57|8646300|171829296.00|-1.18|0.57|-9.98|21.03|20.90|21.27|19.04|8.65|21.15|6401100|138205504.00|1|0.0000|0.0000|0.0000|0|21.15
韩建河山|603616|2.66|18300200|53665280.00|-2.66|3.32|-8.31|3.09|2.93|3.11|2.76|18.30|3.01|23309100|71099680.00|1|0.0000|0.0000|0.0000|0|3.01
君禾股份|603617|1.51|23058180|131637424.00|-3.03|3.53|-9.92|6.04|5.77|6.16|5.36|23.06|5.95|25604120|154213744.00|1|0.0000|0.0000|0.0000|0|5.95
杭电股份|603618|3.83|33365693|189672960.00|-3.31|4.53|-8.89|5.96|5.55|6.00|5.23|33.37|5.74|33310561|192592192.00|1|0.0000|0.0000|0.0000|0|5.74
中曼石油|603619|-0.06|18607700|279317536.00|-4.30|0.71|-8.03|15.56|14.90|15.68|14.32|18.61|15.57|22829549|351610336.00|1|0.0000|0.0000|0.0000|0|15.57
科森科技|603626|2.73|35820951|231019760.00|-0.61|4.24|-10.00|6.78|6.56|6.88|5.94|35.82|6.60|39134620|259046432.00|1|0.0000|0.0000|0.0000|0|6.60
清源股份|603628|-0.64|7193921|75577208.00|-1.46|-0.18|-8.77|10.88|10.79|10.93|9.99|7.19|10.95|9664973|105998800.00|1|0.0000|0.0000|0.0000|0|10.95
利通电子|603629|-2.31|28033265|581965952.00|-8.47|0.45|-10.01|21.56|20.20|22.17|19.86|28.03|22.07|8676400|196072304.00|1|0.0000|0.0000|0.0000|0|22.07
拉芳家化|603630|-0.42|17905520|284118336.00|-3.78|1.98|-10.02|16.59|16.03|16.99|14.99|17.91|16.66|20519670|339437920.00|1|0.0000|0.0000|0.0000|0|16.66
徕木股份|603633|0.59|12489414|82563928.00|-0.88|1.76|-9.09|6.86|6.76|6.94|6.20|12.49|6.82|16598499|113910112.00|1|0.0000|0.0000|0.0000|0|6.82
南威软件|603636|4.22|26947500|287095872.00|-1.97|5.25|-7.50|11.12|10.46|11.23|9.87|26.95|10.67|30386132|327491456.00|1|0.0000|0.0000|0.0000|0|10.67
镇海股份|603637|3.33|6532518|54111552.00|-1.31|3.33|-7.14|8.68|8.29|8.68|7.80|6.53|8.40|9173302|75481536.00|1|0.0000|0.0000|0.0000|0|8.40
艾迪精密|603638|-0.45|11087990|190937632.00|-3.75|1.59|-7.10|17.52|16.94|17.88|16.35|11.09|17.60|12490260|219133904.00|1|0.0000|0.0000|0.0000|0|17.60
海利尔|603639|-0.26|2110627|24064994.00|-1.73|0.69|-3.80|11.55|11.38|11.66|11.14|2.11|11.58|2679331|30614780.00|1|0.0000|0.0000|0.0000|0|11.58
畅联股份|603648|10.06|15094150|140577120.00|-0.23|10.06|-3.09|9.63|8.73|9.63|8.48|15.09|8.75|6395800|55293192.00|1|0.0000|0.0000|0.0000|0|8.75
彤程新材|603650|3.27|8899907|262846592.00|-1.74|3.58|-5.59|30.30|28.83|30.39|27.70|8.90|29.34|7563362|222893648.00|1|0.0000|0.0000|0.0000|0|29.34
朗博科技|603655|-1.07|1556400|33636816.00|-2.05|-0.18|-8.60|22.19|21.97|22.39|20.50|1.56|22.43|2001522|44493748.00|1|0.0000|0.0000|0.0000|0|22.43
泰禾智能|603656|1.23|4166800|70455992.00|-1.64|1.58|-3.93|17.26|16.77|17.32|16.38|4.17|17.05|5493656|93479192.00|1|0.0000|0.0000|0.0000|0|17.05
春光科技|603657|-4.58|12515900|174041680.00|-9.97|0.34|-9.97|14.17|13.37|14.90|13.37|12.52|14.85|4056300|60295472.00|1|0.0000|0.0000|0.0000|0|14.85
安图生物|603658|0.58|3157058|129372512.00|-1.22|1.00|-1.94|41.38|40.64|41.55|40.34|3.16|41.14|3788421|154805936.00|1|0.0000|0.0000|0.0000|0|41.14
璞泰来|603659|2.21|27546622|433606112.00|-4.10|2.59|-5.36|16.20|15.20|16.26|15.00|27.55|15.85|34142799|528898976.00|1|0.0000|0.0000|0.0000|0|15.85
苏州科达|603660|4.05|27283453|161480608.00|-1.35|5.73|-8.77|6.17|5.85|6.27|5.41|27.28|5.93|31357982|187387664.00|1|0.0000|0.0000|0.0000|0|5.93
恒林股份|603661|0.37|1690472|40108036.00|0.00|0.53|-5.76|24.39|24.30|24.43|22.90|1.69|24.30|2790740|69054128.00|1|0.0000|0.0000|0.0000|0|24.30
柯力传感|603662|4.63|15864106|860446528.00|-2.65|5.85|-7.51|56.00|52.10|56.65|49.50|15.86|53.52|14880430|791642752.00|1|0.0000|0.0000|0.0000|0|53.52
三祥新材|603663|2.50|17821791|360502912.00|-2.41|3.58|-7.81|20.88|19.88|21.10|18.78|17.82|20.37|21683059|433512352.00|1|0.0000|0.0000|0.0000|0|20.37
康隆达|603665|1.26|3956300|55101452.00|-1.33|2.11|-7.02|14.42|14.05|14.54|13.24|3.96|14.24|5408940|74765000.00|1|0.0000|0.0000|0.0000|0|14.24
亿嘉和|603666|10.02|16554026|511501952.00|-2.92|10.02|-6.90|32.07|28.30|32.07|27.14|16.55|29.15|13086380|380824640.00|1|0.0000|0.0000|0.0000|0|29.15
五洲新春|603667|1.69|40361998|1191532416.00|-9.09|3.86|-10.00|31.33|28.01|32.00|27.73|40.36|30.81|14359311|448581440.00|1|0.0000|0.0000|0.0000|0|30.81
天马科技|603668|4.49|11582383|138392000.00|-2.29|5.42|-3.14|12.33|11.53|12.44|11.43|11.58|11.80|11643730|133370416.00|1|0.0000|0.0000|0.0000|0|11.80
灵康药业|603669|0.79|15790082|57997080.00|-3.69|1.58|-8.97|3.82|3.65|3.85|3.45|15.79|3.79|20748876|78410136.00|1|0.0000|0.0000|0.0000|0|3.79
卫信康|603676|0.57|4917962|41812516.00|-2.05|1.37|-10.02|8.83|8.60|8.90|7.90|4.92|8.78|6752100|59933244.00|1|0.0000|0.0000|0.0000|0|8.78
奇精机械|603677|5.85|18595520|325939744.00|-0.99|9.36|-5.67|18.10|16.93|18.70|16.13|18.60|17.10|19744796|336963456.00|1|0.0000|0.0000|0.0000|0|17.10
火炬电子|603678|5.63|14602042|567201472.00|-0.99|7.88|-3.80|39.42|36.95|40.26|35.90|14.60|37.32|10992118|411587936.00|1|0.0000|0.0000|0.0000|0|37.32
华体科技|603679|2.69|6532549|66535180.00|0.00|4.13|-9.40|10.70|10.42|10.85|9.44|6.53|10.42|8585880|91225376.00|1|0.0000|0.0000|0.0000|0|10.42
今创集团|603680|0.83|4888816|34801152.00|0.00|1.39|-7.37|7.25|7.19|7.29|6.66|4.89|7.19|4918632|35527952.00|1|0.0000|0.0000|0.0000|0|7.19
永冠新材|603681|-0.09|6170553|68735520.00|-0.52|1.05|-7.16|11.45|11.40|11.58|10.64|6.17|11.46|9507100|110718384.00|1|0.0000|0.0000|0.0000|0|11.46
锦和商管|603682|1.27|19350600|87915776.00|-3.40|2.55|-9.98|4.77|4.55|4.83|4.24|19.35|4.71|18062525|84144304.00|1|0.0000|0.0000|0.0000|0|4.71
晶华新材|603683|1.08|9073056|89840952.00|-1.08|2.17|-9.26|10.26|10.04|10.37|9.21|9.07|10.15|11125588|112842056.00|1|0.0000|0.0000|0.0000|0|10.15
晨丰科技|603685|0.90|2374700|26026452.00|-2.79|2.61|-6.39|11.21|10.80|11.40|10.40|2.37|11.11|2538540|27355502.00|1|0.0000|0.0000|0.0000|0|11.11
福龙马|603686|5.82|64016750|700805824.00|-3.23|7.85|-8.22|11.46|10.48|11.68|9.94|64.02|10.83|58859057|636615808.00|1|0.0000|0.0000|0.0000|0|10.83
大胜达|603687|2.61|10641560|64531468.00|-1.79|3.43|-6.20|6.29|6.02|6.34|5.75|10.64|6.13|12158500|75327616.00|1|0.0000|0.0000|0.0000|0|6.13
石英股份|603688|10.02|33758463|1126128000.00|-2.67|10.02|-6.81|35.04|31.00|35.04|29.68|33.76|31.85|32240819|1025055104.00|1|0.0000|0.0000|0.0000|0|31.85
皖天然气|603689|0.49|5077390|40811952.00|-0.98|1.11|-3.19|8.18|8.06|8.23|7.88|5.08|8.14|5363178|43424232.00|1|0.0000|0.0000|0.0000|0|8.14
至纯科技|603690|0.83|73227962|2068194944.00|-4.34|3.17|-9.99|29.26|27.76|29.94|26.12|73.23|29.02|67977853|1949087616.00|1|0.0000|0.0000|0.0000|0|29.02
江苏新能|603693|-10.00|55430310|803465408.00|-3.04|-0.51|-10.00|14.22|15.32|15.72|14.22|55.43|15.80|61377673|948588032.00|1|0.0000|0.0000|0.0000|0|15.80
安记食品|603696|2.48|11168336|89131808.00|-1.74|3.23|-6.34|8.25|7.91|8.31|7.54|11.17|8.05|10278849|82313768.00|1|0.0000|0.0000|0.0000|0|8.05
有友食品|603697|-2.15|19743812|205464944.00|0.56|1.50|-7.21|10.45|10.74|10.84|9.91|19.74|10.68|21523045|222226464.00|1|0.0000|0.0000|0.0000|0|10.68
航天工程|603698|3.46|3894669|61414208.00|-0.96|4.55|-3.78|16.13|15.44|16.30|15.00|3.89|15.59|4149382|64083200.00|1|0.0000|0.0000|0.0000|0|15.59
纽威股份|603699|-0.71|8784212|197977312.00|-2.43|2.92|-3.27|22.48|22.09|23.30|21.90|8.78|22.64|14987250|335024576.00|1|0.0000|0.0000|0.0000|0|22.64
宁水集团|603700|2.30|7669195|75162728.00|-0.50|3.30|-8.71|10.22|9.94|10.32|9.12|7.67|9.99|6789200|68657816.00|1|0.0000|0.0000|0.0000|0|9.99
德宏股份|603701|3.72|6470931|86553424.00|-0.67|4.99|-7.97|13.93|13.34|14.10|12.36|6.47|13.43|4981690|67152672.00|1|0.0000|0.0000|0.0000|0|13.43
盛洋科技|603703|2.95|11272393|101363480.00|-1.31|3.72|-7.44|9.41|9.02|9.48|8.46|11.27|9.14|14514683|134953696.00|1|0.0000|0.0000|0.0000|0|9.14
东方环宇|603706|-0.47|1915414|31359938.00|-0.71|0.41|-7.53|16.79|16.75|16.94|15.60|1.92|16.87|1778789|29929298.00|1|0.0000|0.0000|0.0000|0|16.87
健友股份|603707|-4.51|41207289|441101824.00|-4.51|-2.78|-9.89|11.01|11.01|11.21|10.39|41.21|11.53|28381996|328419008.00|1|0.0000|0.0000|0.0000|0|11.53
家家悦|603708|4.81|21438441|221531648.00|0.69|7.37|-3.83|10.67|10.25|10.93|9.79|21.44|10.18|14031737|138276592.00|1|0.0000|0.0000|0.0000|0|10.18
中源家居|603709|10.04|3819565|46484108.00|10.04|10.04|10.04|12.17|12.17|12.17|12.17|3.82|11.06|7295376|79994072.00|1|0.0000|0.0000|0.0000|0|11.06
香飘飘|603711|2.93|8360000|110285416.00|-1.80|3.91|-5.49|13.69|13.06|13.82|12.57|8.36|13.30|8037549|104337824.00|1|0.0000|0.0000|0.0000|0|13.30
七一二|603712|10.02|20895300|396634368.00|-0.84|10.02|-2.87|19.54|17.61|19.54|17.25|20.90|17.76|11630877|207099264.00|1|0.0000|0.0000|0.0000|0|17.76
密尔克卫|603713|-0.29|1863100|83276000.00|-1.96|0.66|-4.61|45.17|44.41|45.60|43.21|1.86|45.30|2275400|102450480.00|1|0.0000|0.0000|0.0000|0|45.30
塞力医疗|603716|3.89|25165485|219323968.00|-2.67|4.78|-10.00|9.35|8.76|9.43|8.10|25.17|9.00|23753524|213287008.00|1|0.0000|0.0000|0.0000|0|9.00
天域生物|603717|0.69|29284160|214033936.00|-0.55|5.12|-2.91|7.27|7.18|7.59|7.01|29.28|7.22|28306842|198261968.00|1|0.0000|0.0000|0.0000|0|7.22
海利生物|603718|-3.78|48395961|357502784.00|-4.28|-1.51|-9.95|7.64|7.60|7.82|7.15|48.40|7.94|54433430|418195104.00|1|0.0000|0.0000|0.0000|0|7.94
良品铺子|603719|1.59|12649720|149458800.00|-2.59|2.59|-5.02|12.15|11.65|12.27|11.36|12.65|11.96|13123556|151328704.00|1|0.0000|0.0000|0.0000|0|11.96
*ST天择|603721|2.81|4634650|99166112.00|-2.02|4.09|-8.92|22.35|21.30|22.63|19.80|4.63|21.74|4031100|87703456.00|1|0.0000|0.0000|0.0000|0|21.74
阿科力|603722|-1.13|1531600|51982056.00|-1.44|0.00|-8.59|35.10|34.99|35.50|32.45|1.53|35.50|1897429|68193360.00|1|0.0000|0.0000|0.0000|0|35.50
天安新材|603725|2.64|5774536|34535216.00|-1.15|3.29|-6.92|6.23|6.00|6.27|5.65|5.77|6.07|8685496|53007760.00|1|0.0000|0.0000|0.0000|0|6.07
朗迪集团|603726|1.33|3462000|45650200.00|-1.78|1.70|-8.14|13.69|13.27|13.74|12.41|3.46|13.51|4186145|56899392.00|1|0.0000|0.0000|0.0000|0|13.51
博迈科|603727|1.81|6690900|79995696.00|-1.32|2.47|-7.48|12.38|12.00|12.46|11.25|6.69|12.16|7823800|96392280.00|1|0.0000|0.0000|0.0000|0|12.16
鸣志电器|603728|2.88|16659130|875417920.00|-0.17|3.55|-8.99|55.03|53.40|55.39|48.68|16.66|53.49|12849758|698232704.00|1|0.0000|0.0000|0.0000|0|53.49
龙韵股份|603729|2.94|5739000|74263920.00|-1.13|4.75|-9.43|13.64|13.10|13.88|12.00|5.74|13.25|5127400|68585848.00|1|0.0000|0.0000|0.0000|0|13.25
岱美股份|603730|-2.69|12545453|89895552.00|-1.88|-1.88|-5.24|7.24|7.30|7.30|7.05|12.55|7.44|10083982|74447776.00|1|0.0000|0.0000|0.0000|0|7.44
仙鹤股份|603733|1.70|6063930|121993304.00|1.60|3.25|-1.55|20.32|20.30|20.63|19.67|6.06|19.98|6735900|134523456.00|1|0.0000|0.0000|0.0000|0|19.98
三棵树|603737|4.27|5165185|272345856.00|-0.94|5.56|-3.62|54.18|51.47|54.85|50.08|5.17|51.96|5328431|270920032.00|1|0.0000|0.0000|0.0000|0|51.96
泰晶科技|603738|2.99|13781280|178818016.00|-1.84|3.37|-7.06|13.43|12.80|13.48|12.12|13.78|13.04|18221668|240052960.00|1|0.0000|0.0000|0.0000|0|13.04
蔚蓝生物|603739|-9.96|38064700|570282496.00|-3.48|-3.48|-10.02|14.74|15.80|15.80|14.73|38.06|16.37|49608400|777745920.00|1|0.0000|0.0000|0.0000|0|16.37
日辰股份|603755|2.46|1389500|34448320.00|-0.44|3.02|-6.67|25.80|25.07|25.94|23.50|1.39|25.18|1318100|32990792.00|1|0.0000|0.0000|0.0000|0|25.18
大元泵业|603757|-0.77|3009487|57279056.00|-1.94|-0.10|-7.20|19.43|19.20|19.56|18.17|3.01|19.58|2884100|56109036.00|1|0.0000|0.0000|0.0000|0|19.58
秦安股份|603758|0.72|18314491|169992512.00|-2.15|2.36|-10.04|9.83|9.55|9.99|8.78|18.31|9.76|7025800|69470960.00|1|0.0000|0.0000|0.0000|0|9.76
海天股份|603759|1.20|10140992|74277048.00|-1.73|1.87|-7.33|7.59|7.37|7.64|6.95|10.14|7.50|8841828|66548352.00|1|0.0000|0.0000|0.0000|0|7.50
隆鑫通用|603766|4.98|53499660|528508640.00|-2.39|7.58|-4.26|10.11|9.40|10.36|9.22|53.50|9.63|54063267|528680576.00|1|0.0000|0.0000|0.0000|0|9.63
中马传动|603767|10.00|21972748|266274944.00|-2.86|10.00|-7.48|13.09|11.56|13.09|11.01|21.97|11.90|24172460|296432544.00|1|0.0000|0.0000|0.0000|0|11.90
常青股份|603768|0.58|6039900|60662516.00|-1.06|1.35|-7.92|10.41|10.24|10.49|9.53|6.04|10.35|7048289|74195304.00|1|0.0000|0.0000|0.0000|0|10.35
沃格光电|603773|3.64|8139782|165812592.00|-2.01|4.57|-6.14|21.09|19.94|21.28|19.10|8.14|20.35|9781620|204757280.00|1|0.0000|0.0000|0.0000|0|20.35
永安行|603776|2.17|11133527|173612576.00|-2.81|3.51|-7.92|15.99|15.21|16.20|14.41|11.13|15.65|9797117|152103664.00|1|0.0000|0.0000|0.0000|0|15.65
来伊份|603777|1.02|20625021|254648272.00|-1.18|2.91|-8.82|12.83|12.55|13.07|11.58|20.63|12.70|17843580|222911744.00|1|0.0000|0.0000|0.0000|0|12.70
国晟科技|603778|3.75|17199975|45542724.00|-0.75|4.12|-6.74|2.77|2.65|2.78|2.49|17.20|2.67|18172300|48681464.00|1|0.0000|0.0000|0.0000|0|2.67
威龙股份|603779|1.90|15996995|107488792.00|-2.34|2.77|-7.88|6.98|6.69|7.04|6.31|16.00|6.85|15394707|103803856.00|1|0.0000|0.0000|0.0000|0|6.85
科博达|603786|1.71|1650729|84990152.00|-1.61|3.20|-4.47|52.38|50.67|53.15|49.20|1.65|51.50|2017052|103503488.00|1|0.0000|0.0000|0.0000|0|51.50
新日股份|603787|0.66|6573604|57780156.00|-3.09|1.55|-7.28|9.12|8.78|9.20|8.40|6.57|9.06|7100896|65231540.00|1|0.0000|0.0000|0.0000|0|9.06
宁波高发|603788|3.31|10537469|139665824.00|-1.28|3.83|-7.59|13.75|13.14|13.82|12.30|10.54|13.31|12116800|163149024.00|1|0.0000|0.0000|0.0000|0|13.31
*ST星农|603789|6.22|36151987|259827040.00|10.07|10.07|2.96|7.17|7.43|7.43|6.95|36.15|6.75|9037140|61000696.00|1|0.0000|0.0000|0.0000|0|6.75
雅运股份|603790|2.66|4699860|60174728.00|0.00|3.88|-9.96|13.50|13.15|13.66|11.84|4.70|13.15|5520630|74570800.00|1|0.0000|0.0000|0.0000|0|13.15
联泰环保|603797|1.07|6801500|24869600.00|-1.34|1.60|-5.08|3.78|3.69|3.80|3.55|6.80|3.74|6693420|24911582.00|1|0.0000|0.0000|0.0000|0|3.74
康普顿|603798|3.20|4844750|37504168.00|-0.90|3.84|-6.78|8.07|7.75|8.12|7.29|4.84|7.82|5375355|42013288.00|1|0.0000|0.0000|0.0000|0|7.82
华友钴业|603799|1.52|55332601|1580283520.00|-2.52|1.52|-5.39|29.37|28.20|29.37|27.37|55.33|28.93|68194544|1960392704.00|1|0.0000|0.0000|0.0000|0|28.93
洪田股份|603800|6.26|6532334|178724352.00|-4.15|7.72|-8.74|29.18|26.32|29.58|25.06|6.53|27.46|7679649|205569952.00|1|0.0000|0.0000|0.0000|0|27.46
志邦家居|603801|1.18|10194480|111484088.00|-1.27|3.09|-5.28|11.12|10.85|11.33|10.41|10.19|10.99|9536649|101875216.00|1|0.0000|0.0000|0.0000|0|10.99
瑞斯康达|603803|5.58|24648000|198219504.00|-1.61|6.82|-9.54|8.52|7.94|8.62|7.30|24.65|8.07|23418900|191262496.00|1|0.0000|0.0000|0.0000|0|8.07
福斯特|603806|0.48|26346601|323442208.00|-1.92|0.72|-4.57|12.53|12.23|12.56|11.90|26.35|12.47|24939217|307434272.00|1|0.0000|0.0000|0.0000|0|12.47
歌力思|603808|0.97|6548636|39489856.00|-1.29|1.78|-6.80|6.24|6.10|6.29|5.76|6.55|6.18|7811917|48168400.00|1|0.0000|0.0000|0.0000|0|6.18
豪能股份|603809|4.25|34327223|465034784.00|-1.69|5.43|-9.75|14.22|13.41|14.38|12.31|34.33|13.64|35744275|492691648.00|1|0.0000|0.0000|0.0000|0|13.64
丰山集团|603810|1.39|4362600|48210676.00|-2.08|1.39|-8.49|11.70|11.30|11.70|10.56|4.36|11.54|3580600|41081020.00|1|0.0000|0.0000|0.0000|0|11.54
诚意药业|603811|0.13|8801080|66538816.00|-1.41|0.77|-7.68|7.82|7.70|7.87|7.21|8.80|7.81|10920708|85480936.00|1|0.0000|0.0000|0.0000|0|7.81
*ST原尚|603813|8.92|2390338|29658806.00|-1.54|9.98|-8.19|13.43|12.14|13.56|11.32|2.39|12.33|2362257|28511000.00|1|0.0000|0.0000|0.0000|0|12.33
交建股份|603815|0.41|15808400|111561336.00|-1.10|1.10|-7.04|7.27|7.16|7.32|6.73|15.81|7.24|16962252|122206632.00|1|0.0000|0.0000|0.0000|0|7.24
顾家家居|603816|-0.86|9341230|213773072.00|-1.81|1.21|-4.39|23.02|22.80|23.50|22.20|9.34|23.22|10963952|250571056.00|1|0.0000|0.0000|0.0000|0|23.22
海峡环保|603817|2.33|12903561|65866620.00|-1.36|2.91|-5.05|5.27|5.08|5.30|4.89|12.90|5.15|12302037|63686632.00|1|0.0000|0.0000|0.0000|0|5.15
曲美家居|603818|3.66|28421400|68948448.00|-0.81|5.28|-8.54|2.55|2.44|2.59|2.25|28.42|2.46|26779000|66524112.00|1|0.0000|0.0000|0.0000|0|2.46
神力股份|603819|-0.07|5028264|68229168.00|-2.51|1.15|-8.24|13.94|13.60|14.11|12.80|5.03|13.95|5048548|68817744.00|1|0.0000|0.0000|0.0000|0|13.95
ST嘉澳|603822|-0.29|2152700|106872352.00|-1.94|-0.04|-9.62|51.85|50.99|51.98|47.00|2.15|52.00|2381982|119027768.00|1|0.0000|0.0000|0.0000|0|52.00
百合花|603823|0.43|8879032|79029792.00|-1.19|1.30|-9.33|9.26|9.11|9.34|8.36|8.88|9.22|11664125|108040920.00|1|0.0000|0.0000|0.0000|0|9.22
ST华扬|603825|2.73|9827500|101776272.00|-1.98|3.39|-9.89|10.91|10.41|10.98|9.57|9.83|10.62|7935837|84586656.00|1|0.0000|0.0000|0.0000|0|10.62
坤彩科技|603826|2.37|5456000|97961656.00|-0.83|3.03|-5.46|18.56|17.98|18.68|17.14|5.46|18.13|5125049|92645056.00|1|0.0000|0.0000|0.0000|0|18.13
ST柯利达|603828|-2.48|13452342|57278024.00|-4.97|0.45|-4.97|4.32|4.21|4.45|4.21|13.45|4.43|8171076|36770396.00|1|0.0000|0.0000|0.0000|0|4.43
洛凯股份|603829|-0.23|2558225|32929286.00|-0.60|1.28|-8.06|13.24|13.19|13.44|12.20|2.56|13.27|2469300|32784644.00|1|0.0000|0.0000|0.0000|0|13.27
欧派家居|603833|3.46|4466925|300923520.00|-0.57|4.15|-2.10|68.99|66.30|69.45|65.28|4.47|66.68|5168683|333779840.00|1|0.0000|0.0000|0.0000|0|66.68
海程邦达|603836|3.90|21487782|290699904.00|-2.34|4.11|-9.99|14.67|13.79|14.70|12.71|21.49|14.12|20579349|277888864.00|1|0.0000|0.0000|0.0000|0|14.12
*ST四通|603838|4.39|3816098|16385810.00|-1.15|5.54|-7.62|4.52|4.28|4.57|4.00|3.82|4.33|4244700|18168838.00|1|0.0000|0.0000|0.0000|0|4.33
安正时尚|603839|2.31|5799320|27308462.00|-3.36|3.36|-8.40|4.87|4.60|4.92|4.36|5.80|4.76|6983663|33306232.00|1|0.0000|0.0000|0.0000|0|4.76
*ST正平|603843|2.61|25863100|76192344.00|-1.95|4.23|-10.10|3.15|3.01|3.20|2.76|25.86|3.07|28571312|88466712.00|1|0.0000|0.0000|0.0000|0|3.07
好太太|603848|1.44|2057900|26982430.00|-1.44|2.27|-3.71|13.38|13.00|13.49|12.70|2.06|13.19|2291200|30280680.00|1|0.0000|0.0000|0.0000|0|13.19
华荣股份|603855|2.42|9414000|165752560.00|-0.96|3.49|-6.82|18.18|17.58|18.37|16.54|9.41|17.75|10434326|184701984.00|1|0.0000|0.0000|0.0000|0|17.75
东宏股份|603856|0.57|2841800|29737476.00|-0.47|1.51|-4.26|10.63|10.52|10.73|10.12|2.84|10.57|2292690|24141332.00|1|0.0000|0.0000|0.0000|0|10.57
步长制药|603858|0.00|6737091|96031976.00|-0.62|0.35|-3.32|14.44|14.35|14.49|13.96|6.74|14.44|8122787|116292544.00|1|0.0000|0.0000|0.0000|0|14.44
能科科技|603859|4.37|13738128|362517664.00|-1.00|7.02|-8.52|27.20|25.80|27.89|23.84|13.74|26.06|13573332|355916704.00|1|0.0000|0.0000|0.0000|0|26.06
中公高科|603860|3.56|2698500|72861136.00|-2.59|4.48|-6.49|27.94|26.28|28.19|25.23|2.70|26.98|2264020|60558156.00|1|0.0000|0.0000|0.0000|0|26.98
白云电器|603861|1.71|14320690|115259512.00|-2.20|2.20|-7.70|8.32|8.00|8.36|7.55|14.32|8.18|16373451|134841632.00|1|0.0000|0.0000|0.0000|0|8.18
松炀资源|603863|5.87|12904499|141848240.00|-2.20|6.88|-5.96|11.54|10.66|11.65|10.25|12.90|10.90|12480411|135566976.00|1|0.0000|0.0000|0.0000|0|10.90
桃李面包|603866|1.61|30197480|168339904.00|-0.71|2.50|-3.39|5.69|5.56|5.74|5.41|30.20|5.60|40817213|224721056.00|1|0.0000|0.0000|0.0000|0|5.60
新化股份|603867|2.50|5505209|126109080.00|-1.34|3.58|-5.01|23.75|22.86|24.00|22.01|5.51|23.17|4724480|110239352.00|1|0.0000|0.0000|0.0000|0|23.17
飞科电器|603868|1.56|1122606|38830824.00|-1.16|1.97|-2.60|35.14|34.20|35.28|33.70|1.12|34.60|1930479|65865880.00|1|0.0000|0.0000|0.0000|0|34.60
ST智知|603869|0.56|1678000|8763300.00|-0.94|0.75|-5.06|5.37|5.29|5.38|5.07|1.68|5.34|2497145|13532171.00|1|0.0000|0.0000|0.0000|0|5.34
嘉友国际|603871|0.50|15123608|208355168.00|-0.36|0.85|-4.27|14.12|14.00|14.17|13.45|15.12|14.05|15023203|206553728.00|1|0.0000|0.0000|0.0000|0|14.05
鼎胜新材|603876|0.52|22103090|166573440.00|-1.03|1.29|-6.86|7.77|7.65|7.83|7.20|22.10|7.73|23991333|187281248.00|1|0.0000|0.0000|0.0000|0|7.73
太平鸟|603877|-2.35|4613800|73691280.00|-0.48|-0.48|-5.97|16.20|16.51|16.51|15.60|4.61|16.59|6885200|112965784.00|1|0.0000|0.0000|0.0000|0|16.59
武进不锈|603878|1.56|8385545|42476272.00|-0.20|2.34|-5.47|5.20|5.11|5.24|4.84|8.39|5.12|7466870|38255084.00|1|0.0000|0.0000|0.0000|0|5.12
永悦科技|603879|1.94|15452978|63065308.00|-1.45|3.63|-5.08|4.21|4.07|4.28|3.92|15.45|4.13|15684428|64830924.00|1|0.0000|0.0000|0.0000|0|4.13
南卫股份|603880|2.65|4852276|21790274.00|0.22|3.54|-6.42|4.64|4.53|4.68|4.23|4.85|4.52|5900676|26776798.00|1|0.0000|0.0000|0.0000|0|4.52
数据港|603881|6.41|65090126|1827909632.00|-2.64|8.55|-7.90|29.38|26.88|29.97|25.43|65.09|27.61|55831062|1555298560.00|1|0.0000|0.0000|0.0000|0|27.61
金域医学|603882|1.94|10407900|301536704.00|-2.25|2.88|-2.43|29.41|28.20|29.68|28.15|10.41|28.85|14897993|418191744.00|1|0.0000|0.0000|0.0000|0|28.85
老百姓|603883|0.89|29410521|516590720.00|-2.17|1.50|-6.84|18.15|17.60|18.26|16.76|29.41|17.99|25459427|455245472.00|1|0.0000|0.0000|0.0000|0|17.99
吉祥航空|603885|2.08|29648700|371370432.00|-0.96|3.36|-2.96|12.77|12.39|12.93|12.14|29.65|12.51|13965257|173152608.00|1|0.0000|0.0000|0.0000|0|12.51
元祖股份|603886|2.10|4408509|60985800.00|-0.58|2.46|-2.68|14.11|13.74|14.16|13.45|4.41|13.82|5334218|73290560.00|1|0.0000|0.0000|0.0000|0|13.82
城地香江|603887|3.87|49402660|826071552.00|-2.38|6.43|-8.45|17.45|16.40|17.88|15.38|49.40|16.80|47302257|790869760.00|1|0.0000|0.0000|0.0000|0|16.80
新华网|603888|2.10|9714506|203219056.00|-1.15|2.63|-4.58|21.38|20.70|21.49|19.98|9.71|20.94|8825351|183795520.00|1|0.0000|0.0000|0.0000|0|20.94
新澳股份|603889|-1.47|15087662|79394184.00|-3.31|-0.92|-6.43|5.36|5.26|5.39|5.09|15.09|5.44|23162454|126717912.00|1|0.0000|0.0000|0.0000|0|5.44
春秋电子|603890|0.00|24916609|226489648.00|-4.32|1.16|-10.00|9.50|9.09|9.61|8.55|24.92|9.50|22309293|213598368.00|1|0.0000|0.0000|0.0000|0|9.50
瑞芯微|603893|3.64|16348620|2187783936.00|-6.35|5.83|-8.73|139.45|126.00|142.40|122.80|16.35|134.55|14943931|2035304832.00|1|0.0000|0.0000|0.0000|0|134.55
天永智能|603895|10.01|2271580|51381176.00|-0.96|10.01|-9.83|24.18|21.77|24.18|19.82|2.27|21.98|1301075|28893794.00|1|0.0000|0.0000|0.0000|0|21.98
寿仙谷|603896|0.89|2997878|56314760.00|-0.95|1.26|-4.26|19.20|18.85|19.27|18.22|3.00|19.03|2677034|50618248.00|1|0.0000|0.0000|0.0000|0|19.03
长城科技|603897|1.76|5615009|116320536.00|-0.67|1.95|-6.81|21.38|20.87|21.42|19.58|5.62|21.01|8342010|175941472.00|1|0.0000|0.0000|0.0000|0|21.01
好莱客|603898|-0.23|2489900|21432248.00|-0.68|0.11|-6.55|8.84|8.80|8.87|8.28|2.49|8.86|2609093|23312802.00|1|0.0000|0.0000|0.0000|0|8.86
晨光股份|603899|1.25|6020813|178652464.00|-0.85|2.74|-2.84|29.93|29.31|30.37|28.72|6.02|29.56|9026469|265435824.00|1|0.0000|0.0000|0.0000|0|29.56
莱绅通灵|603900|1.98|27537240|148084240.00|-4.68|4.32|-10.07|5.67|5.30|5.80|5.00|27.54|5.56|33605537|183883776.00|1|0.0000|0.0000|0.0000|0|5.56
永创智能|603901|3.55|23303652|182068864.00|-2.41|6.08|-9.13|8.17|7.70|8.37|7.17|23.30|7.89|25896100|204134608.00|1|0.0000|0.0000|0.0000|0|7.89
中持股份|603903|3.44|5083952|30951852.00|-1.80|3.76|-6.55|6.32|6.00|6.34|5.71|5.08|6.11|4934480|30095676.00|1|0.0000|0.0000|0.0000|0|6.11
龙蟠科技|603906|1.79|16744598|147052688.00|-2.13|2.57|-8.72|9.10|8.75|9.17|8.16|16.74|8.94|20151630|179950432.00|1|0.0000|0.0000|0.0000|0|8.94
牧高笛|603908|-2.76|5967468|127140688.00|-3.97|0.00|-9.63|21.82|21.55|22.44|20.28|5.97|22.44|4762796|108922688.00|1|0.0000|0.0000|0.0000|0|22.44
建发合诚|603909|3.11|2927906|23269626.00|-1.00|3.24|-6.48|8.28|7.95|8.29|7.51|2.93|8.03|3680398|29335854.00|1|0.0000|0.0000|0.0000|0|8.03
佳力图|603912|4.91|28260563|212597952.00|-3.05|5.98|-9.56|7.90|7.30|7.98|6.81|28.26|7.53|28883425|220696624.00|1|0.0000|0.0000|0.0000|0|7.53
国茂股份|603915|5.35|26592161|359417280.00|-3.42|6.39|-8.92|14.17|12.99|14.31|12.25|26.59|13.45|27463042|375513248.00|1|0.0000|0.0000|0.0000|0|13.45
苏博特|603916|0.43|8733040|60226000.00|-0.71|1.14|-5.56|7.04|6.96|7.09|6.62|8.73|7.01|7467600|52440416.00|1|0.0000|0.0000|0.0000|0|7.01
合力科技|603917|3.94|8999002|94212192.00|-0.47|4.32|-8.73|11.07|10.60|11.11|9.72|9.00|10.65|9016367|97389400.00|1|0.0000|0.0000|0.0000|0|10.65
金桥信息|603918|4.20|26496338|353598464.00|-2.55|6.97|-9.15|13.90|13.00|14.27|12.12|26.50|13.34|25471705|339397856.00|1|0.0000|0.0000|0.0000|0|13.34
金徽酒|603919|0.83|6439228|123570896.00|-1.14|1.45|-3.06|19.43|19.05|19.55|18.68|6.44|19.27|7852713|150222160.00|1|0.0000|0.0000|0.0000|0|19.27
世运电路|603920|1.64|59121677|1298391936.00|-8.78|5.12|-9.98|23.62|21.20|24.43|20.92|59.12|23.24|13559400|316470368.00|1|0.0000|0.0000|0.0000|0|23.24
金鸿顺|603922|3.21|4106129|83851528.00|-4.21|3.69|-8.05|21.55|20.00|21.65|19.20|4.11|20.88|5795340|117846992.00|1|0.0000|0.0000|0.0000|0|20.88
铁流股份|603926|1.17|4755354|39369700.00|-1.52|1.63|-10.02|8.68|8.45|8.72|7.72|4.76|8.58|5271835|45600156.00|1|0.0000|0.0000|0.0000|0|8.58
中科软|603927|4.02|17818382|337880320.00|-1.23|4.56|-3.91|19.40|18.42|19.50|17.92|17.82|18.65|19296579|360607968.00|1|0.0000|0.0000|0.0000|0|18.65
兴业股份|603928|-1.84|18105072|158415536.00|-6.48|0.32|-10.04|9.09|8.66|9.29|8.33|18.11|9.26|12821820|120097992.00|1|0.0000|0.0000|0.0000|0|9.26
亚翔集成|603929|2.62|7270900|206556896.00|-2.79|3.31|-6.97|29.43|27.88|29.63|26.68|7.27|28.68|8617389|249415056.00|1|0.0000|0.0000|0.0000|0|28.68
格林达|603931|7.21|5970949|141111984.00|-2.02|8.45|-8.58|24.98|22.83|25.27|21.30|5.97|23.30|6113440|143138560.00|1|0.0000|0.0000|0.0000|0|23.30
睿能科技|603933|2.92|6534772|83835256.00|-2.53|3.84|-8.22|13.40|12.69|13.52|11.95|6.53|13.02|6884599|90462288.00|1|0.0000|0.0000|0.0000|0|13.02
博敏电子|603936|1.48|19980461|131888480.00|-2.81|2.67|-8.89|6.85|6.56|6.93|6.15|19.98|6.75|24805621|168125968.00|1|0.0000|0.0000|0.0000|0|6.75
丽岛新材|603937|2.58|3073800|23348072.00|-1.81|3.49|-7.49|7.94|7.60|8.01|7.16|3.07|7.74|3613499|28375624.00|1|0.0000|0.0000|0.0000|0|7.74
三孚股份|603938|3.20|20635998|257432512.00|-5.54|5.07|-9.99|13.22|12.10|13.46|11.53|20.64|12.81|21130476|280801376.00|1|0.0000|0.0000|0.0000|0|12.81
益丰药房|603939|4.90|22397383|592891584.00|-0.99|4.90|-4.11|27.59|26.04|27.59|25.22|22.40|26.30|15591341|408715488.00|1|0.0000|0.0000|0.0000|0|26.30
建业股份|603948|1.36|2034600|32213656.00|-1.05|1.36|-5.82|16.36|15.97|16.36|15.20|2.03|16.14|1841000|29893292.00|1|0.0000|0.0000|0.0000|0|16.14
雪龙集团|603949|0.88|17170234|287872704.00|-1.29|3.22|-8.13|17.25|16.88|17.65|15.71|17.17|17.10|18620021|324585792.00|1|0.0000|0.0000|0.0000|0|17.10
长源东谷|603950|5.97|9164155|195006368.00|-2.94|7.20|-5.92|22.38|20.50|22.64|19.87|9.16|21.12|12180780|258035360.00|1|0.0000|0.0000|0.0000|0|21.12
大千生态|603955|1.59|5402390|85794288.00|-1.90|3.56|-9.44|16.57|16.00|16.89|14.77|5.40|16.31|5993957|98221272.00|1|0.0000|0.0000|0.0000|0|16.31
威派格|603956|4.19|31190900|186248896.00|-1.17|5.36|-9.38|6.22|5.90|6.29|5.41|31.19|5.97|24001509|141166896.00|1|0.0000|0.0000|0.0000|0|5.97
哈森股份|603958|1.70|8586100|137896448.00|2.12|2.97|-8.97|16.78|16.85|16.99|15.02|8.59|16.50|10004100|166241488.00|1|0.0000|0.0000|0.0000|0|16.50
百利科技|603959|-2.10|8613468|27601846.00|-4.79|-1.20|-5.09|3.27|3.18|3.30|3.17|8.61|3.34|7303896|24475848.00|1|0.0000|0.0000|0.0000|0|3.34
克来机电|603960|2.21|13712740|219775360.00|-1.78|3.07|-8.60|16.63|15.98|16.77|14.87|13.71|16.27|15635100|257635648.00|1|0.0000|0.0000|0.0000|0|16.27
法兰泰克|603966|0.92|12973140|95614160.00|0.13|2.11|-9.35|7.66|7.60|7.75|6.88|12.97|7.59|20016662|152933600.00|1|0.0000|0.0000|0.0000|0|7.59
中创物流|603967|0.29|56947847|743865216.00|-2.58|0.57|-10.03|14.00|13.60|14.04|12.56|56.95|13.96|64819853|868216896.00|1|0.0000|0.0000|0.0000|0|13.96
醋化股份|603968|3.50|4688200|42572952.00|0.11|4.60|-6.46|9.45|9.14|9.55|8.54|4.69|9.13|5669800|52523080.00|1|0.0000|0.0000|0.0000|0|9.13
银龙股份|603969|1.85|19300359|103012456.00|0.00|2.40|-7.02|5.51|5.41|5.54|5.03|19.30|5.41|22825443|126458560.00|1|0.0000|0.0000|0.0000|0|5.41
中农立华|603970|3.92|14579739|204179200.00|3.55|6.88|1.26|14.05|14.00|14.45|13.69|14.58|13.52|4228507|56000240.00|1|0.0000|0.0000|0.0000|0|13.52
正川股份|603976|0.25|1696616|26512096.00|-1.50|0.81|-6.42|16.09|15.81|16.18|15.02|1.70|16.05|1913637|30519900.00|1|0.0000|0.0000|0.0000|0|16.05
国泰集团|603977|8.81|29027463|392574208.00|-1.64|9.98|-5.14|13.96|12.62|14.11|12.17|29.03|12.83|11135400|144274928.00|1|0.0000|0.0000|0.0000|0|12.83
深圳新星|603978|1.23|6006740|66403464.00|-1.32|2.63|-9.82|11.54|11.25|11.70|10.28|6.01|11.40|5816800|66245208.00|1|0.0000|0.0000|0.0000|0|11.40
金诚信|603979|-0.77|16212496|527697568.00|-2.53|-0.30|-7.28|33.39|32.80|33.55|31.20|16.21|33.65|16833755|568784256.00|1|0.0000|0.0000|0.0000|0|33.65
吉华集团|603980|2.81|15911460|61361740.00|-1.53|3.06|-7.65|4.03|3.86|4.04|3.62|15.91|3.92|19720435|77528640.00|1|0.0000|0.0000|0.0000|0|3.92
泉峰汽车|603982|2.78|9925603|66024724.00|-1.17|3.51|-8.93|7.02|6.75|7.07|6.22|9.93|6.83|13362620|92632288.00|1|0.0000|0.0000|0.0000|0|6.83
丸美生物|603983|1.21|2532063|91094184.00|4.51|4.51|-4.95|36.80|38.00|38.00|34.56|2.53|36.36|2903135|102276432.00|1|0.0000|0.0000|0.0000|0|36.36
恒润股份|603985|10.04|40242975|560802240.00|-3.97|10.04|-9.96|15.24|13.30|15.24|12.47|40.24|13.85|56448091|773069888.00|1|0.0000|0.0000|0.0000|0|13.85
兆易创新|603986|1.43|27581007|2876581376.00|-1.44|3.88|-4.45|104.96|101.99|107.50|98.87|27.58|103.48|26951963|2785586688.00|1|0.0000|0.0000|0.0000|0|103.48
康德莱|603987|0.91|11006721|71044056.00|-1.36|1.52|-6.67|6.66|6.51|6.70|6.16|11.01|6.60|14170971|94597816.00|1|0.0000|0.0000|0.0000|0|6.60
中电电机|603988|2.52|4454600|74280888.00|-1.11|3.34|-8.02|17.52|16.90|17.66|15.72|4.45|17.09|4929240|83986712.00|1|0.0000|0.0000|0.0000|0|17.09
艾华集团|603989|1.05|5722017|75518424.00|-2.54|1.94|-6.20|13.53|13.05|13.65|12.56|5.72|13.39|8288242|111220752.00|1|0.0000|0.0000|0.0000|0|13.39
麦迪科技|603990|3.63|18948344|207213104.00|-1.09|4.54|-8.80|11.42|10.90|11.52|10.05|18.95|11.02|19744304|218264064.00|1|0.0000|0.0000|0.0000|0|11.02
至正股份|603991|1.22|3605200|156278528.00|-1.80|2.51|-9.89|45.55|44.19|46.13|40.55|3.61|45.00|4822484|212484464.00|1|0.0000|0.0000|0.0000|0|45.00
松霖科技|603992|0.55|3103205|55852104.00|-1.36|1.64|-6.60|18.44|18.09|18.64|17.13|3.10|18.34|5778273|106295376.00|1|0.0000|0.0000|0.0000|0|18.34
洛阳钼业|603993|-0.97|392787279|2380662016.00|-2.25|-0.32|-4.83|6.15|6.07|6.19|5.91|392.79|6.21|542242540|3366228736.00|1|0.0000|0.0000|0.0000|0|6.21
甬金股份|603995|2.67|7399325|124843568.00|-0.71|3.26|-3.79|17.32|16.75|17.42|16.23|7.40|16.87|12630050|217474624.00|1|0.0000|0.0000|0.0000|0|16.87
继峰股份|603997|0.19|13401434|141659536.00|-2.10|4.19|-5.24|10.52|10.28|10.94|9.95|13.40|10.50|23551745|239007456.00|1|0.0000|0.0000|0.0000|0|10.50
方盛制药|603998|0.97|17045900|152557952.00|-1.73|1.30|-8.33|9.33|9.08|9.36|8.47|17.05|9.24|16070020|147557328.00|1|0.0000|0.0000|0.0000|0|9.24
读者传媒|603999|-0.34|43603746|244052864.00|-3.57|0.34|-10.03|5.86|5.67|5.90|5.29|43.60|5.88|62985588|371807488.00|1|0.0000|0.0000|0.0000|0|5.88
威奥股份|605001|1.34|10180430|58776720.00|-3.02|2.18|-8.56|6.04|5.78|6.09|5.45|10.18|5.96|11647950|69726952.00|1|0.0000|0.0000|0.0000|0|5.96
众望布艺|605003|-0.36|1237100|19980760.00|-2.91|0.77|-9.82|16.75|16.32|16.94|15.16|1.24|16.81|1523725|25557396.00|1|0.0000|0.0000|0.0000|0|16.81
合兴股份|605005|-2.26|3608700|50478644.00|-1.24|-1.24|-7.28|14.24|14.39|14.39|13.51|3.61|14.57|4327480|62551320.00|1|0.0000|0.0000|0.0000|0|14.57
山东玻纤|605006|2.83|12212159|63710608.00|-1.89|3.77|-7.92|5.45|5.20|5.50|4.88|12.21|5.30|14273392|75626536.00|1|0.0000|0.0000|0.0000|0|5.30
五洲特纸|605007|0.86|2864600|32753336.00|-0.26|1.38|-5.25|11.71|11.58|11.77|11.00|2.86|11.61|2365000|27166880.00|1|0.0000|0.0000|0.0000|0|11.61
长鸿高科|605008|0.59|4850800|64344172.00|-1.62|1.54|-8.22|13.70|13.40|13.83|12.50|4.85|13.62|5934733|81111296.00|1|0.0000|0.0000|0.0000|0|13.62
豪悦护理|605009|-0.10|4677560|218213264.00|-2.11|1.77|-6.49|47.86|46.90|48.76|44.80|4.68|47.91|5752910|269406304.00|1|0.0000|0.0000|0.0000|0|47.91
杭州热电|605011|-2.40|12589000|294441440.00|-2.52|-0.69|-9.83|24.03|24.00|24.45|22.20|12.59|24.62|11767500|288040672.00|1|0.0000|0.0000|0.0000|0|24.62
百龙创园|605016|-1.58|12133677|191501856.00|-4.50|-0.43|-8.52|16.17|15.69|16.36|15.03|12.13|16.43|14152275|224515232.00|1|0.0000|0.0000|0.0000|0|16.43
长华集团|605018|4.20|11146600|100752456.00|0.00|5.30|-7.85|9.43|9.05|9.53|8.34|11.15|9.05|10030000|92513888.00|1|0.0000|0.0000|0.0000|0|9.05
永和股份|605020|-2.50|8854549|180490048.00|-2.27|-1.60|-6.65|20.66|20.71|20.85|19.78|8.85|21.19|10584765|220259696.00|1|0.0000|0.0000|0.0000|0|21.19
世茂能源|605028|0.26|3146200|45925180.00|-3.10|0.86|-8.44|15.21|14.70|15.30|13.89|3.15|15.17|3706600|56327780.00|1|0.0000|0.0000|0.0000|0|15.17
美邦股份|605033|2.02|4151400|64000736.00|-3.04|2.59|-8.98|16.13|15.33|16.22|14.39|4.15|15.81|3783400|59009368.00|1|0.0000|0.0000|0.0000|0|15.81
福然德|605050|2.56|4638681|43263596.00|-2.14|3.21|-5.13|9.60|9.16|9.66|8.88|4.64|9.36|6793000|63301480.00|1|0.0000|0.0000|0.0000|0|9.36
迎丰股份|605055|0.22|7165900|32174080.00|-1.30|1.51|-7.99|4.64|4.57|4.70|4.26|7.17|4.63|10090500|46706928.00|1|0.0000|0.0000|0.0000|0|4.63
咸亨国际|605056|0.74|5204546|62460852.00|-2.13|2.13|-7.72|12.27|11.92|12.44|11.24|5.20|12.18|7676096|92357248.00|1|0.0000|0.0000|0.0000|0|12.18
澳弘电子|605058|1.25|3838659|72669128.00|-1.87|2.49|-7.58|19.50|18.90|19.74|17.80|3.84|19.26|5138459|101014384.00|1|0.0000|0.0000|0.0000|0|19.26
联德股份|605060|3.18|6802100|101691592.00|-4.17|4.43|-8.93|15.59|14.48|15.78|13.76|6.80|15.11|4338900|67121432.00|1|0.0000|0.0000|0.0000|0|15.11
天正电气|605066|1.65|24028183|157420480.00|-1.50|2.40|-8.40|6.78|6.57|6.83|6.11|24.03|6.67|25594050|169343936.00|1|0.0000|0.0000|0.0000|0|6.67
明新旭腾|605068|6.26|5567000|72006456.00|-1.70|7.81|-9.35|13.75|12.72|13.95|11.73|5.57|12.94|5619700|73947328.00|1|0.0000|0.0000|0.0000|0|12.94
正和生态|605069|0.73|17916257|141052576.00|-2.08|3.06|-10.04|8.23|8.00|8.42|7.35|17.92|8.17|17245377|137701024.00|1|0.0000|0.0000|0.0000|0|8.17
华康股份|605077|0.44|5430192|74047464.00|-2.83|1.81|-4.93|13.85|13.40|14.04|13.11|5.43|13.79|5613542|76803136.00|1|0.0000|0.0000|0.0000|0|13.79
浙江自然|605080|-5.11|11322166|233998224.00|-8.15|-4.26|-9.99|21.18|20.50|21.37|20.09|11.32|22.32|1744580|39051140.00|1|0.0000|0.0000|0.0000|0|22.32
*ST太和|605081|9.97|1443295|17030880.00|9.97|9.97|9.97|11.80|11.80|11.80|11.80|1.44|10.73|2396914|25718888.00|1|0.0000|0.0000|0.0000|0|10.73
龙高股份|605086|3.13|4027950|91409520.00|-0.96|3.26|-8.70|23.72|22.78|23.75|21.00|4.03|23.00|4410790|102074432.00|1|0.0000|0.0000|0.0000|0|23.00
冠盛股份|605088|1.80|12178067|327393824.00|-4.86|3.31|-10.01|28.28|26.43|28.70|25.00|12.18|27.78|6773431|189816640.00|1|0.0000|0.0000|0.0000|0|27.78
味知香|605089|2.09|1300926|29530910.00|0.44|2.87|-4.66|23.45|23.07|23.63|21.90|1.30|22.97|1469330|33041022.00|1|0.0000|0.0000|0.0000|0|22.97
九丰能源|605090|-1.29|4392357|104560992.00|-0.66|-0.25|-2.86|23.81|23.96|24.06|23.43|4.39|24.12|5477797|131177784.00|1|0.0000|0.0000|0.0000|0|24.12
行动教育|605098|3.97|1782574|66012000.00|0.25|5.18|-3.43|37.94|36.58|38.38|35.24|1.78|36.49|1575700|56900992.00|1|0.0000|0.0000|0.0000|0|36.49
共创草坪|605099|-2.27|2420700|41613528.00|-2.61|0.00|-4.87|17.25|17.19|17.65|16.79|2.42|17.65|2026424|35263584.00|1|0.0000|0.0000|0.0000|0|17.65
华丰股份|605100|3.49|15288271|325091872.00|-2.68|5.31|-6.74|21.64|20.35|22.02|19.50|15.29|20.91|13341969|271903488.00|1|0.0000|0.0000|0.0000|0|20.91
同庆楼|605108|4.11|6097124|126575344.00|-0.49|5.73|-2.69|21.27|20.33|21.60|19.88|6.10|20.43|5568550|111419296.00|1|0.0000|0.0000|0.0000|0|20.43
新洁能|605111|1.90|12809055|382296896.00|-1.00|2.83|-6.27|30.57|29.70|30.85|28.12|12.81|30.00|14532620|436569184.00|1|0.0000|0.0000|0.0000|0|30.00
奥锐特|605116|-1.91|3138803|60152556.00|-0.85|-0.85|-6.12|19.54|19.75|19.75|18.70|3.14|19.92|4116400|82047544.00|1|0.0000|0.0000|0.0000|0|19.92
德业股份|605117|0.00|10087007|808292544.00|-2.41|0.35|-4.66|82.00|80.02|82.29|78.18|10.09|82.00|10174449|819688768.00|1|0.0000|0.0000|0.0000|0|82.00
力鼎光电|605118|-3.42|11490300|174199328.00|-4.97|-0.87|-10.00|15.55|15.30|15.96|14.49|11.49|16.10|4799800|78807744.00|1|0.0000|0.0000|0.0000|0|16.10
四方新材|605122|3.04|2506810|23570382.00|0.10|3.67|-7.45|9.82|9.54|9.88|8.82|2.51|9.53|3055120|29179360.00|1|0.0000|0.0000|0.0000|0|9.53
派克新材|605123|4.57|3020348|160867440.00|-1.09|5.66|-2.65|54.51|51.56|55.08|50.75|3.02|52.13|2729448|142093840.00|1|0.0000|0.0000|0.0000|0|52.13
上海沿浦|605128|1.87|2701312|96215976.00|-1.62|2.79|-6.22|36.50|35.25|36.83|33.60|2.70|35.83|3530098|126699736.00|1|0.0000|0.0000|0.0000|0|35.83
嵘泰股份|605133|6.45|6731476|177445664.00|-0.04|6.49|-9.99|28.55|26.81|28.56|24.14|6.73|26.82|6725276|179213520.00|1|0.0000|0.0000|0.0000|0|26.82
丽人丽妆|605136|4.10|12121100|75927304.00|-1.42|4.89|-8.36|6.60|6.25|6.65|5.81|12.12|6.34|11249800|71141416.00|1|0.0000|0.0000|0.0000|0|6.34
盛泰集团|605138|0.79|5322000|26375198.00|-0.79|1.78|-6.72|5.10|5.02|5.15|4.72|5.32|5.06|7439137|37891880.00|1|0.0000|0.0000|0.0000|0|5.06
西上海|605151|1.91|2655100|37984376.00|-2.11|2.73|-8.59|14.94|14.35|15.06|13.40|2.66|14.66|3460981|50961456.00|1|0.0000|0.0000|0.0000|0|14.66
西大门|605155|2.37|6849432|71509352.00|-0.95|3.69|-7.58|10.81|10.46|10.95|9.76|6.85|10.56|6124120|65052900.00|1|0.0000|0.0000|0.0000|0|10.56
华达新材|605158|1.62|10131400|73743152.00|-2.56|2.16|-7.02|7.53|7.22|7.57|6.89|10.13|7.41|6408518|48147856.00|1|0.0000|0.0000|0.0000|0|7.41
新中港|605162|0.87|9432200|62721392.00|-2.17|1.73|-8.67|6.98|6.77|7.04|6.32|9.43|6.92|8756796|60783992.00|1|0.0000|0.0000|0.0000|0|6.92
聚合顺|605166|-1.35|13966639|139513552.00|-2.60|0.00|-9.52|10.26|10.13|10.40|9.41|13.97|10.40|14226474|149838208.00|1|0.0000|0.0000|0.0000|0|10.40
利柏特|605167|1.44|12010600|97295000.00|-2.40|2.75|-9.34|8.47|8.15|8.58|7.57|12.01|8.35|14508100|122971680.00|1|0.0000|0.0000|0.0000|0|8.35
三人行|605168|1.39|4521191|111061256.00|-1.00|1.67|-7.61|25.46|24.86|25.53|23.20|4.52|25.11|4863097|122694256.00|1|0.0000|0.0000|0.0000|0|25.11
洪通燃气|605169|-0.78|3517062|30733992.00|-1.00|0.00|-6.99|8.94|8.92|9.01|8.38|3.52|9.01|3824326|34434976.00|1|0.0000|0.0000|0.0000|0|9.01
东亚药业|605177|0.94|3528463|55031708.00|-1.44|1.94|-7.44|16.14|15.76|16.30|14.80|3.53|15.99|3871200|62357772.00|1|0.0000|0.0000|0.0000|0|15.99
时空科技|605178|2.68|2247900|30923214.00|-1.20|4.38|-9.88|14.55|14.00|14.79|12.77|2.25|14.17|2528755|36038184.00|1|0.0000|0.0000|0.0000|0|14.17
一鸣食品|605179|1.46|25361699|503744928.00|3.23|4.13|-4.44|20.13|20.48|20.66|18.96|25.36|19.84|16900300|325522592.00|1|0.0000|0.0000|0.0000|0|19.84
华生科技|605180|1.58|3603883|39864980.00|-2.11|2.55|-8.89|11.54|11.12|11.65|10.35|3.60|11.36|4275443|49345908.00|1|0.0000|0.0000|0.0000|0|11.36
确成股份|605183|2.15|5373256|75395160.00|-3.15|3.86|-5.22|14.28|13.54|14.52|13.25|5.37|13.98|7913800|112471760.00|1|0.0000|0.0000|0.0000|0|13.98
健麾信息|605186|0.62|4374810|75285400.00|-1.13|1.52|-8.00|17.87|17.56|18.03|16.34|4.37|17.76|3488200|61890296.00|1|0.0000|0.0000|0.0000|0|17.76
国光连锁|605188|4.79|26195200|199393936.00|2.13|8.38|-6.38|7.88|7.68|8.15|7.04|26.20|7.52|17882900|135146208.00|1|0.0000|0.0000|0.0000|0|7.52
富春染织|605189|0.00|2110260|24091852.00|-0.94|0.60|-5.72|11.72|11.61|11.79|11.05|2.11|11.72|3964772|47546400.00|1|0.0000|0.0000|0.0000|0|11.72
华通线缆|605196|-3.36|19593058|219427632.00|-0.84|-0.84|-9.92|11.50|11.80|11.80|10.72|19.59|11.90|14080100|165975472.00|1|0.0000|0.0000|0.0000|0|11.90
安德利|605198|2.17|2249100|82413728.00|0.19|4.31|-0.75|36.71|36.00|37.48|35.66|2.25|35.93|1700033|60627932.00|1|0.0000|0.0000|0.0000|0|35.93
ST葫芦娃|605199|0.15|10482300|135515488.00|-4.06|0.59|-9.82|13.57|13.00|13.63|12.22|10.48|13.55|8393050|111544488.00|1|0.0000|0.0000|0.0000|0|13.55
永茂泰|605208|-0.85|62287312|555366016.00|-7.83|2.33|-9.95|9.37|8.71|9.67|8.51|62.29|9.45|3498900|33064604.00|1|0.0000|0.0000|0.0000|0|9.45
伟时电子|605218|1.86|4774900|79516344.00|-1.57|2.79|-9.31|17.50|16.91|17.66|15.58|4.77|17.18|6052200|106625440.00|1|0.0000|0.0000|0.0000|0|17.18
起帆电缆|605222|1.48|3455947|49036188.00|-0.56|2.54|-3.67|14.39|14.10|14.54|13.66|3.46|14.18|3208051|45470940.00|1|0.0000|0.0000|0.0000|0|14.18
神通科技|605228|1.25|12005519|102980408.00|-1.47|2.27|-9.29|8.94|8.70|9.03|8.01|12.01|8.83|17575743|158860368.00|1|0.0000|0.0000|0.0000|0|8.83
天普股份|605255|1.03|6601200|86263984.00|-2.93|3.23|-9.98|13.77|13.23|14.07|12.27|6.60|13.63|6912500|95684320.00|1|0.0000|0.0000|0.0000|0|13.63
协和电子|605258|2.03|2716000|66460900.00|-5.10|3.07|-8.89|25.59|23.80|25.85|22.85|2.72|25.08|3415979|86430128.00|1|0.0000|0.0000|0.0000|0|25.08
绿田机械|605259|0.29|3268235|43585136.00|-0.95|0.95|-7.57|13.78|13.61|13.87|12.70|3.27|13.74|5405022|73932016.00|1|0.0000|0.0000|0.0000|0|13.74
健之佳|605266|-0.31|3463224|66083416.00|-1.58|0.71|-6.48|19.55|19.30|19.75|18.34|3.46|19.61|3682312|71371984.00|1|0.0000|0.0000|0.0000|0|19.61
王力安防|605268|2.04|4426600|32065304.00|-0.95|2.04|-6.54|7.49|7.27|7.49|6.86|4.43|7.34|5257800|38620928.00|1|0.0000|0.0000|0.0000|0|7.34
新亚电子|605277|2.24|13591761|184580288.00|-4.63|3.69|-8.53|14.14|13.19|14.34|12.65|13.59|13.83|18467287|259047792.00|1|0.0000|0.0000|0.0000|0|13.83
同力天启|605286|-0.71|3880600|129762008.00|-0.99|-0.31|-9.90|34.99|34.89|35.13|31.75|3.88|35.24|3905700|136064048.00|1|0.0000|0.0000|0.0000|0|35.24
德才股份|605287|4.26|5166058|56101068.00|-1.00|4.44|-8.42|11.51|10.93|11.53|10.11|5.17|11.04|6568560|72505680.00|1|0.0000|0.0000|0.0000|0|11.04
凯迪股份|605288|0.47|723877|24351872.00|-2.18|0.96|-6.98|34.56|33.65|34.73|32.00|0.72|34.40|918100|31683042.00|1|0.0000|0.0000|0.0000|0|34.40
罗曼股份|605289|1.78|2493800|49071032.00|-1.04|2.53|-7.54|20.53|19.96|20.68|18.65|2.49|20.17|3189593|64593564.00|1|0.0000|0.0000|0.0000|0|20.17
神农集团|605296|0.97|13243862|425635712.00|-0.97|6.80|-5.05|32.22|31.60|34.08|30.30|13.24|31.91|12593067|389079680.00|1|0.0000|0.0000|0.0000|0|31.91
必得科技|605298|4.42|4386403|49258544.00|-0.18|5.93|-8.50|11.80|11.28|11.97|10.34|4.39|11.30|5356024|61390784.00|1|0.0000|0.0000|0.0000|0|11.30
舒华体育|605299|2.54|5724400|42624896.00|-2.00|3.20|-5.61|7.68|7.34|7.73|7.07|5.72|7.49|6823300|51217000.00|1|0.0000|0.0000|0.0000|0|7.49
佳禾食品|605300|1.06|5349320|69810976.00|-0.53|2.34|-6.42|13.39|13.18|13.56|12.40|5.35|13.25|5592884|72794672.00|1|0.0000|0.0000|0.0000|0|13.25
园林股份|605303|5.01|7197200|57416624.00|-1.88|5.76|-6.64|8.38|7.83|8.44|7.45|7.20|7.98|4956217|39854332.00|1|0.0000|0.0000|0.0000|0|7.98
中际联合|605305|-1.19|9497545|207568912.00|-2.60|-0.53|-8.45|22.45|22.13|22.60|20.80|9.50|22.72|10596346|243426736.00|1|0.0000|0.0000|0.0000|0|22.72
法狮龙|605318|-0.61|1561251|42500404.00|-1.25|1.25|-9.84|27.78|27.60|28.30|25.20|1.56|27.95|1768020|49053624.00|1|0.0000|0.0000|0.0000|0|27.95
无锡振华|605319|5.77|6687900|181287584.00|-0.76|7.48|-5.77|27.87|26.15|28.32|24.83|6.69|26.35|6213000|163918384.00|1|0.0000|0.0000|0.0000|0|26.35
沪光股份|605333|4.92|9529137|259139744.00|-2.03|6.08|-6.42|27.95|26.10|28.26|24.93|9.53|26.64|12287041|324239264.00|1|0.0000|0.0000|0.0000|0|26.64
帅丰电器|605336|-0.95|4289280|68397520.00|-1.55|1.13|-10.02|16.60|16.50|16.95|15.08|4.29|16.76|4748920|79350176.00|1|0.0000|0.0000|0.0000|0|16.76
李子园|605337|5.42|36021551|441267264.00|2.75|6.33|-1.92|12.65|12.33|12.76|11.77|36.02|12.00|11267995|132695576.00|1|0.0000|0.0000|0.0000|0|12.00
巴比食品|605338|3.05|12514400|232061456.00|2.29|4.03|-2.45|18.91|18.77|19.09|17.90|12.51|18.35|9185148|163099312.00|1|0.0000|0.0000|0.0000|0|18.35
南侨食品|605339|1.53|1524900|23834084.00|-0.45|1.98|-3.19|15.92|15.61|15.99|15.18|1.52|15.68|1911310|29503008.00|1|0.0000|0.0000|0.0000|0|15.68
立昂微|605358|2.53|10580382|217872288.00|-1.36|3.46|-4.97|21.04|20.24|21.23|19.50|10.58|20.52|10614931|220277776.00|1|0.0000|0.0000|0.0000|0|20.52
立达信|605365|0.56|4285670|53117820.00|-1.03|1.27|-5.87|12.67|12.47|12.76|11.86|4.29|12.60|6058287|77222040.00|1|0.0000|0.0000|0.0000|0|12.60
宏柏新材|605366|1.37|7869829|39174904.00|-1.18|2.55|-7.45|5.17|5.04|5.23|4.72|7.87|5.10|9001892|46198252.00|1|0.0000|0.0000|0.0000|0|5.10
蓝天燃气|605368|-0.83|5761536|61284332.00|-0.56|-0.56|-2.87|10.72|10.75|10.75|10.50|5.76|10.81|9442795|101339136.00|1|0.0000|0.0000|0.0000|0|10.81
拱东医疗|605369|0.61|1457993|34688872.00|-1.39|1.06|-6.72|24.69|24.20|24.80|22.89|1.46|24.54|1744151|42914276.00|1|0.0000|0.0000|0.0000|0|24.54
博迁新材|605376|-1.61|11737468|326838688.00|-0.96|-0.10|-10.01|28.69|28.88|29.13|26.24|11.74|29.16|8279404|247398464.00|1|0.0000|0.0000|0.0000|0|29.16
华旺科技|605377|-0.26|2594756|29632000.00|0.00|0.43|-3.12|11.50|11.53|11.58|11.17|2.59|11.53|2800680|32157978.00|1|0.0000|0.0000|0.0000|0|11.53
野马电池|605378|4.06|6735164|127207200.00|-2.66|5.05|-9.54|19.97|18.68|20.16|17.36|6.74|19.19|6051576|115759392.00|1|0.0000|0.0000|0.0000|0|19.19
均瑶健康|605388|2.68|12071536|71142520.00|-2.51|3.52|-7.71|6.13|5.82|6.18|5.51|12.07|5.97|12277722|72032584.00|1|0.0000|0.0000|0.0000|0|5.97
长龄液压|605389|0.11|1550400|40979880.00|-3.77|1.36|-8.61|27.32|26.26|27.66|24.94|1.55|27.29|2655360|71829672.00|1|0.0000|0.0000|0.0000|0|27.29
新炬网络|605398|3.67|6907120|183462416.00|-0.90|4.99|-8.40|27.65|26.43|28.00|24.43|6.91|26.67|7272123|192722112.00|1|0.0000|0.0000|0.0000|0|26.67
晨光新材|605399|-0.10|4930394|50167180.00|-2.95|0.76|-9.13|10.50|10.20|10.59|9.55|4.93|10.51|6370283|67584000.00|1|0.0000|0.0000|0.0000|0|10.51
福莱新材|605488|2.34|15812735|525777280.00|-6.70|3.38|-9.99|35.44|32.31|35.80|31.17|15.81|34.63|7271543|254487360.00|1|0.0000|0.0000|0.0000|0|34.63
东鹏饮料|605499|2.49|3448731|881042688.00|-1.56|2.49|-2.11|262.37|252.00|262.37|250.60|3.45|256.00|3148909|792221504.00|1|0.0000|0.0000|0.0000|0|256.00
森林包装|605500|1.92|3463117|21348272.00|-0.96|2.56|-4.97|6.36|6.18|6.40|5.93|3.46|6.24|3821114|23953010.00|1|0.0000|0.0000|0.0000|0|6.24
国邦医药|605507|-1.78|7766362|147987696.00|-0.51|-0.51|-5.00|19.26|19.51|19.51|18.63|7.77|19.61|8555690|167756160.00|1|0.0000|0.0000|0.0000|0|19.61
德昌股份|605555|-0.82|15013272|263959392.00|-3.79|0.00|-9.84|18.04|17.50|18.19|16.40|15.01|18.19|9465656|174891552.00|1|0.0000|0.0000|0.0000|0|18.19
福莱蒽特|605566|3.54|1155550|18285614.00|1.14|4.24|-5.18|16.38|16.00|16.49|15.00|1.16|15.82|1429950|22865142.00|1|0.0000|0.0000|0.0000|0|15.82
春雪食品|605567|1.17|13346129|113222832.00|-1.05|2.56|-4.90|8.68|8.49|8.80|8.16|13.35|8.58|12526563|105537024.00|1|0.0000|0.0000|0.0000|0|8.58
龙版传媒|605577|-0.25|7683200|89643824.00|-1.81|1.07|-9.80|12.11|11.92|12.27|10.95|7.68|12.14|9429000|114397448.00|1|0.0000|0.0000|0.0000|0|12.14
恒盛能源|605580|-0.21|5144300|48276448.00|-1.64|1.54|-8.74|9.71|9.57|9.88|8.88|5.14|9.73|6850600|66882888.00|1|0.0000|0.0000|0.0000|0|9.73
冠石科技|605588|0.36|7283217|312348320.00|-4.19|2.50|-9.99|44.50|42.48|45.45|39.91|7.28|44.34|6927717|306765824.00|1|0.0000|0.0000|0.0000|0|44.34
圣泉集团|605589|0.63|17996810|423482656.00|-0.93|1.60|-5.27|23.87|23.50|24.10|22.47|18.00|23.72|26392098|627888896.00|1|0.0000|0.0000|0.0000|0|23.72
上海港湾|605598|4.71|2605680|47530576.00|-0.11|7.92|-6.15|18.91|18.04|19.49|16.95|2.61|18.06|2016180|36484200.00|1|0.0000|0.0000|0.0000|0|18.06
菜百股份|605599|3.33|7542694|88689400.00|-0.85|4.10|-3.42|12.09|11.60|12.18|11.30|7.54|11.70|7752987|90537064.00|1|0.0000|0.0000|0.0000|0|11.70
华兴源创|688001|1.89|5003217|115859120.00|-2.71|3.18|-6.67|23.68|22.61|23.98|21.69|5.00|23.24|5147463|119554048.00|1|0.0000|0.0000|0.0000|0|23.24
睿创微纳|688002|5.93|9849859|545282048.00|-1.43|8.15|-4.01|56.31|52.40|57.49|51.03|9.85|53.16|7760242|415923040.00|1|0.0000|0.0000|0.0000|0|53.16
天准科技|688003|2.90|8029292|332388064.00|-2.29|5.67|-8.10|42.29|40.16|43.43|37.77|8.03|41.10|5169669|215136800.00|1|0.0000|0.0000|0.0000|0|41.10
博汇科技|688004|7.46|2358229|32579068.00|-2.49|8.77|-7.82|14.70|13.34|14.88|12.61|2.36|13.68|2051829|27823584.00|1|0.0000|0.0000|0.0000|0|13.68
容百科技|688005|-0.21|16543949|303551584.00|-2.09|0.96|-7.07|18.62|18.27|18.84|17.34|16.54|18.66|18893647|354674496.00|1|0.0000|0.0000|0.0000|0|18.66
杭可科技|688006|2.18|3783998|60908356.00|-0.50|3.05|-4.17|16.41|15.98|16.55|15.39|3.78|16.06|4812382|77496176.00|1|0.0000|0.0000|0.0000|0|16.06
光峰科技|688007|2.58|13100495|180649584.00|-1.51|3.45|-7.11|14.29|13.72|14.41|12.94|13.10|13.93|12786210|178577360.00|1|0.0000|0.0000|0.0000|0|13.93
澜起科技|688008|3.34|39857936|2658050304.00|-1.98|4.10|-4.04|68.00|64.50|68.50|63.14|39.86|65.80|35771034|2342395648.00|1|0.0000|0.0000|0.0000|0|65.80
中国通号|688009|1.12|57910966|310579904.00|-0.56|1.86|-2.60|5.44|5.35|5.48|5.24|57.91|5.38|86733534|463186048.00|1|0.0000|0.0000|0.0000|0|5.38
福光股份|688010|7.92|3152491|113900680.00|-1.68|9.63|-8.03|37.21|33.90|37.80|31.71|3.15|34.48|1996733|69622088.00|1|0.0000|0.0000|0.0000|0|34.48
新光光电|688011|7.24|1560516|22632276.00|-1.76|7.73|-5.55|15.26|13.98|15.33|13.44|1.56|14.23|1185763|16980902.00|1|0.0000|0.0000|0.0000|0|14.23
中微公司|688012|6.14|14785212|2731010048.00|-1.78|8.24|-1.90|186.96|173.00|190.66|172.80|14.79|176.14|11776738|2064270592.00|1|0.0000|0.0000|0.0000|0|176.14
天臣医疗|688013|1.68|990224|17516904.00|0.00|2.18|-6.09|18.21|17.91|18.30|16.82|0.99|17.91|1145660|20529014.00|1|0.0000|0.0000|0.0000|0|17.91
交控科技|688015|0.67|4178084|73422600.00|-0.56|2.24|-6.77|18.00|17.78|18.28|16.67|4.18|17.88|2326252|41578088.00|1|0.0000|0.0000|0.0000|0|17.88
心脉医疗|688016|0.32|3057022|261527120.00|-1.93|1.09|-6.16|87.46|85.50|88.13|81.81|3.06|87.18|4550085|402750592.00|1|0.0000|0.0000|0.0000|0|87.18
绿的谐波|688017|5.13|7648127|920437440.00|-3.04|5.66|-7.07|125.57|115.81|126.20|111.00|7.65|119.44|6456782|773768064.00|1|0.0000|0.0000|0.0000|0|119.44
乐鑫科技|688018|1.91|4439307|782804544.00|-3.27|4.46|-5.60|178.13|169.09|182.60|165.01|4.44|174.80|4730082|825512064.00|1|0.0000|0.0000|0.0000|0|174.80
安集科技|688019|1.99|4197082|651199552.00|-0.67|8.05|-1.99|152.99|149.00|162.08|147.02|4.20|150.00|3345848|507449760.00|1|0.0000|0.0000|0.0000|0|150.00
方邦股份|688020|3.56|836454|23458862.00|-2.10|3.74|-6.63|29.06|27.47|29.11|26.20|0.84|28.06|644944|18135502.00|1|0.0000|0.0000|0.0000|0|28.06
奥福科技|688021|4.87|1728253|17293250.00|0.30|4.87|-6.85|10.56|10.10|10.56|9.38|1.73|10.07|1299312|13090251.00|1|0.0000|0.0000|0.0000|0|10.07
瀚川智能|688022|2.57|6846285|77964344.00|-1.37|3.52|-10.63|11.96|11.50|12.07|10.42|6.85|11.66|4732673|54991324.00|1|0.0000|0.0000|0.0000|0|11.66
安恒信息|688023|3.86|4350810|195031200.00|-0.92|4.53|-6.77|46.33|44.20|46.63|41.59|4.35|44.61|4237749|188553712.00|1|0.0000|0.0000|0.0000|0|44.61
杰普特|688025|2.59|3595143|146483856.00|-2.91|4.77|-8.31|41.96|39.71|42.85|37.50|3.60|40.90|4217662|171912336.00|1|0.0000|0.0000|0.0000|0|40.90
洁特生物|688026|2.29|3854246|47558088.00|-0.95|2.85|-8.39|12.93|12.52|13.00|11.58|3.85|12.64|4271754|54146808.00|1|0.0000|0.0000|0.0000|0|12.64
国盾量子|688027|6.63|2613519|633870464.00|-0.98|7.95|-1.93|247.91|230.22|250.97|228.00|2.61|232.49|2175037|498234720.00|1|0.0000|0.0000|0.0000|0|232.49
沃尔德|688028|2.58|6452920|127855680.00|-1.79|4.82|-10.53|20.65|19.77|21.10|18.01|6.45|20.13|5563306|110813680.00|1|0.0000|0.0000|0.0000|0|20.13
南微医学|688029|0.35|3515509|197498512.00|-2.07|0.74|-6.30|57.30|55.92|57.52|53.50|3.52|57.10|4155190|238282288.00|1|0.0000|0.0000|0.0000|0|57.10
山石网科|688030|2.77|3207148|45021588.00|-0.78|4.12|-6.25|14.48|13.98|14.67|13.21|3.21|14.09|2448545|34517312.00|1|0.0000|0.0000|0.0000|0|14.09
星环科技|688031|4.72|5021202|216188880.00|-3.76|6.01|-7.99|44.81|41.18|45.36|39.37|5.02|42.79|5291025|223334688.00|1|0.0000|0.0000|0.0000|0|42.79
禾迈股份|688032|2.10|1809150|176083776.00|-1.92|3.28|-5.91|99.84|95.91|101.00|92.01|1.81|97.79|1822634|176357216.00|1|0.0000|0.0000|0.0000|0|97.79
天宜新材|688033|3.69|12693779|61759184.00|-1.23|4.10|-5.74|5.06|4.82|5.08|4.60|12.69|4.88|10120938|49315052.00|1|0.0000|0.0000|0.0000|0|4.88
德邦科技|688035|3.98|2892238|96877512.00|-2.69|5.12|-6.47|34.73|32.50|35.11|31.24|2.89|33.40|3113570|105921456.00|1|0.0000|0.0000|0.0000|0|33.40
传音控股|688036|3.18|9742536|835001088.00|-1.54|3.30|-2.36|87.18|83.19|87.28|82.50|9.74|84.49|11020269|912327104.00|1|0.0000|0.0000|0.0000|0|84.49
芯源微|688037|6.98|9189365|880045952.00|-2.13|8.84|-2.74|96.82|88.57|98.50|88.02|9.19|90.50|7086304|643344320.00|1|0.0000|0.0000|0.0000|0|90.50
中科通达|688038|6.08|3177349|37717072.00|-0.34|7.88|-8.13|12.39|11.64|12.60|10.73|3.18|11.68|2684457|31676700.00|1|0.0000|0.0000|0.0000|0|11.68
当虹科技|688039|4.82|3845250|103370304.00|-1.15|4.97|-8.34|28.28|26.67|28.32|24.73|3.85|26.98|3943924|107628440.00|1|0.0000|0.0000|0.0000|0|26.98
海光信息|688041|5.40|33654470|4678045696.00|-1.66|6.34|-1.91|141.48|132.00|142.74|131.66|33.65|134.23|28559669|3809132544.00|1|0.0000|0.0000|0.0000|0|134.23
必易微|688045|4.80|1997735|57863612.00|-3.65|5.98|-6.12|30.13|27.70|30.47|26.99|2.00|28.75|1971867|57083664.00|1|0.0000|0.0000|0.0000|0|28.75
药康生物|688046|0.72|5022099|55361584.00|-1.61|2.33|-6.62|11.26|11.00|11.44|10.44|5.02|11.18|6855463|76050288.00|1|0.0000|0.0000|0.0000|0|11.18
龙芯中科|688047|8.81|8598287|1176199808.00|-1.27|13.44|-1.58|137.65|124.89|143.50|124.50|8.60|126.50|4305866|539583552.00|1|0.0000|0.0000|0.0000|0|126.50
长光华芯|688048|9.09|8743789|407064992.00|-4.85|9.71|-6.02|49.30|43.00|49.58|42.47|8.74|45.19|6806363|308815616.00|1|0.0000|0.0000|0.0000|0|45.19
炬芯科技|688049|0.62|8789551|308817184.00|-2.25|3.76|-9.41|35.82|34.80|36.94|32.25|8.79|35.60|9747834|348174496.00|1|0.0000|0.0000|0.0000|0|35.60
爱博医疗|688050|-0.64|3655847|365569312.00|-0.71|2.36|-3.90|100.30|100.23|103.33|97.01|3.66|100.95|4919057|492816000.00|1|0.0000|0.0000|0.0000|0|100.95
佳华科技|688051|4.03|1016422|20115762.00|-0.55|4.84|-7.21|20.63|19.72|20.79|18.40|1.02|19.83|965916|19537614.00|1|0.0000|0.0000|0.0000|0|19.83
纳芯微|688052|4.01|4310648|697572032.00|-1.90|11.15|-1.90|159.10|150.06|170.01|150.06|4.31|152.96|3492960|533136480.00|1|0.0000|0.0000|0.0000|0|152.96
ST思科瑞|688053|14.26|2523981|64459260.00|-4.41|15.09|-6.48|27.49|23.00|27.69|22.50|2.52|24.06|1376596|32973936.00|1|0.0000|0.0000|0.0000|0|24.06
龙腾光电|688055|1.67|12949648|38853196.00|-2.33|3.00|-6.00|3.05|2.93|3.09|2.82|12.95|3.00|13736023|41552320.00|1|0.0000|0.0000|0.0000|0|3.00
莱伯泰科|688056|12.03|2043852|62336652.00|-2.73|15.42|-7.24|32.03|27.81|33.00|26.52|2.04|28.59|1054772|30150106.00|1|0.0000|0.0000|0.0000|0|28.59
金达莱|688057|2.04|2706392|26301938.00|-0.71|3.37|-4.80|10.00|9.73|10.13|9.33|2.71|9.80|2411641|23674414.00|1|0.0000|0.0000|0.0000|0|9.80
宝兰德|688058|5.29|2171887|55017216.00|-2.84|6.77|-7.85|26.28|24.25|26.65|23.00|2.17|24.96|1477865|36299564.00|1|0.0000|0.0000|0.0000|0|24.96
华锐精密|688059|7.02|2473240|130045328.00|0.00|8.10|-5.02|54.58|51.00|55.13|48.44|2.47|51.00|2225559|114614872.00|1|0.0000|0.0000|0.0000|0|51.00
云涌科技|688060|5.15|463170|14127113.00|-2.90|5.70|-7.13|32.28|29.81|32.45|28.51|0.46|30.70|376041|11551214.00|1|0.0000|0.0000|0.0000|0|30.70
灿瑞科技|688061|2.45|1099516|27761662.00|-3.20|3.28|-5.62|25.90|24.47|26.11|23.86|1.10|25.28|920715|23166118.00|1|0.0000|0.0000|0.0000|0|25.28
迈威生物|688062|2.16|11971440|226521152.00|-2.37|3.61|-10.26|19.82|18.94|20.10|17.41|11.97|19.40|12499101|245643360.00|1|0.0000|0.0000|0.0000|0|19.40
派能科技|688063|1.42|5009676|174028928.00|-1.77|1.82|-5.47|35.60|34.48|35.74|33.18|5.01|35.10|5877110|206027840.00|1|0.0000|0.0000|0.0000|0|35.10
凯赛生物|688065|6.11|10229807|505244000.00|-1.44|6.90|-3.10|50.92|47.30|51.30|46.50|10.23|47.99|9119371|428373856.00|1|0.0000|0.0000|0.0000|0|47.99
航天宏图|688066|6.38|9781595|159223456.00|-1.56|7.88|-7.19|17.01|15.74|17.25|14.84|9.78|15.99|8897437|141220096.00|1|0.0000|0.0000|0.0000|0|15.99
爱威科技|688067|3.71|917597|14652744.00|-1.11|4.08|-7.73|16.78|16.00|16.84|14.93|0.92|16.18|1080882|17568862.00|1|0.0000|0.0000|0.0000|0|16.18
热景生物|688068|3.08|3571735|317089728.00|-3.25|3.40|-14.34|96.98|91.02|97.28|80.59|3.57|94.08|3222294|308087840.00|1|0.0000|0.0000|0.0000|0|94.08
德林海|688069|2.25|972433|12770684.00|-1.65|3.15|-6.97|13.65|13.13|13.77|12.42|0.97|13.35|1119637|14648584.00|1|0.0000|0.0000|0.0000|0|13.35
纵横股份|688070|11.63|1945785|73165544.00|-1.38|13.70|-5.05|39.75|35.12|40.49|33.81|1.95|35.61|1244635|45008384.00|1|0.0000|0.0000|0.0000|0|35.61
华依科技|688071|8.75|2894990|82211976.00|-1.19|10.19|-9.79|30.20|27.44|30.60|25.05|2.89|27.77|2352518|65906848.00|1|0.0000|0.0000|0.0000|0|27.77
拓荆科技|688072|4.97|6512400|1049416192.00|-2.70|7.17|-2.70|164.52|152.50|167.96|152.50|6.51|156.73|4059911|635481984.00|1|0.0000|0.0000|0.0000|0|156.73
毕得医药|688073|1.63|1833330|68109720.00|-2.97|2.97|-11.28|39.29|37.51|39.81|34.30|1.83|38.66|1640704|63214920.00|1|0.0000|0.0000|0.0000|0|38.66
安旭生物|688075|0.11|918817|31969230.00|-2.10|0.62|-6.15|35.79|35.00|35.97|33.55|0.92|35.75|615890|21908360.00|1|0.0000|0.0000|0.0000|0|35.75
ST诺泰|688076|0.00|8395500|375207776.00|-4.05|0.10|-12.81|47.94|46.00|47.99|41.80|8.40|47.94|7580185|366921984.00|1|0.0000|0.0000|0.0000|0|47.94
大地熊|688077|0.04|7167950|167299072.00|-3.12|2.91|-7.29|23.75|23.00|24.43|22.01|7.17|23.74|8119351|184005120.00|1|0.0000|0.0000|0.0000|0|23.74
龙软科技|688078|5.25|2480669|71908056.00|-1.23|7.50|-7.46|30.05|28.20|30.69|26.42|2.48|28.55|1515784|42850452.00|1|0.0000|0.0000|0.0000|0|28.55
美迪凯|688079|0.25|7870127|59844240.00|-2.79|1.90|-8.62|7.91|7.67|8.04|7.21|7.87|7.89|6492906|51386240.00|1|0.0000|0.0000|0.0000|0|7.89
映翰通|688080|1.07|3146995|115638744.00|-2.67|2.61|-8.75|37.90|36.50|38.48|34.22|3.15|37.50|2898321|109108384.00|1|0.0000|0.0000|0.0000|0|37.50
兴图新科|688081|5.35|2052969|37497152.00|-2.42|8.11|-8.85|18.70|17.32|19.19|16.18|2.05|17.75|1294879|22662974.00|1|0.0000|0.0000|0.0000|0|17.75
盛美上海|688082|5.14|3062343|296809536.00|-1.13|6.90|-2.17|98.34|92.47|99.98|91.50|3.06|93.53|2021373|190518400.00|1|0.0000|0.0000|0.0000|0|93.53
中望软件|688083|4.16|2833791|251059968.00|-1.51|7.43|-4.25|89.20|84.35|92.00|82.00|2.83|85.64|2243678|190404688.00|1|0.0000|0.0000|0.0000|0|85.64
晶品特装|688084|5.80|1674190|97404576.00|-1.51|9.76|-4.16|58.95|54.88|61.16|53.40|1.67|55.72|1077401|59025564.00|1|0.0000|0.0000|0.0000|0|55.72
三友医疗|688085|-0.61|2309237|36968628.00|-1.28|1.22|-5.86|16.27|16.16|16.57|15.41|2.31|16.37|2972906|48662020.00|1|0.0000|0.0000|0.0000|0|16.37
英科再生|688087|1.01|3668644|75157312.00|-3.55|1.63|-6.91|21.05|20.10|21.18|19.40|3.67|20.84|4650625|96662680.00|1|0.0000|0.0000|0.0000|0|20.84
虹软科技|688088|4.76|10419796|409799648.00|-0.93|6.70|-5.92|40.50|38.30|41.25|36.37|10.42|38.66|13113594|510822944.00|1|0.0000|0.0000|0.0000|0|38.66
嘉必优|688089|1.05|6835948|147818976.00|-2.64|3.96|-8.42|22.21|21.40|22.85|20.13|6.84|21.98|7027757|147714016.00|1|0.0000|0.0000|0.0000|0|21.98
瑞松科技|688090|4.60|4434009|133141680.00|-2.77|5.81|-11.78|32.06|29.80|32.43|27.04|4.43|30.65|4116826|125476448.00|1|0.0000|0.0000|0.0000|0|30.65
上海谊众|688091|0.50|3763637|147475040.00|-0.52|1.45|-5.60|40.21|39.80|40.59|37.77|3.76|40.01|3390648|133567560.00|1|0.0000|0.0000|0.0000|0|40.01
爱科科技|688092|2.51|1688036|31015896.00|-2.78|2.78|-7.91|19.18|18.19|19.23|17.23|1.69|18.71|1164867|21689132.00|1|0.0000|0.0000|0.0000|0|18.71
世华科技|688093|5.11|5703032|106426512.00|-2.71|7.03|-9.53|19.75|18.28|20.11|17.00|5.70|18.79|4605547|88202240.00|1|0.0000|0.0000|0.0000|0|18.79
福昕软件|688095|2.71|2091994|110525784.00|-0.68|3.87|-6.79|54.19|52.40|54.80|49.18|2.09|52.76|2262110|118395032.00|1|0.0000|0.0000|0.0000|0|52.76
京源环保|688096|3.02|9605105|135645424.00|0.00|5.57|-13.06|14.99|14.55|15.36|12.65|9.61|14.55|8837207|130640000.00|1|0.0000|0.0000|0.0000|0|14.55
博众精工|688097|3.26|10626867|232875808.00|-3.44|4.12|-7.97|22.79|21.31|22.98|20.31|10.63|22.07|10695642|235839680.00|1|0.0000|0.0000|0.0000|0|22.07
申联生物|688098|7.62|9091037|49971364.00|-0.93|9.48|-7.25|5.79|5.33|5.89|4.99|9.09|5.38|6144769|32430356.00|1|0.0000|0.0000|0.0000|0|5.38
晶晨股份|688099|-0.09|13346422|852752960.00|-3.01|3.08|-5.36|63.97|62.10|66.00|60.60|13.35|64.03|12559501|812078464.00|1|0.0000|0.0000|0.0000|0|64.03
威胜信息|688100|0.93|3090708|105347744.00|-1.92|2.44|-4.57|34.68|33.70|35.20|32.79|3.09|34.36|3904330|133295976.00|1|0.0000|0.0000|0.0000|0|34.36
三达膜|688101|2.42|2511198|31292820.00|-0.81|3.23|-4.84|12.70|12.30|12.80|11.80|2.51|12.40|1960875|24067476.00|1|0.0000|0.0000|0.0000|0|12.40
斯瑞新材|688102|2.75|45929879|500255968.00|-2.30|4.52|-13.91|11.60|11.03|11.80|9.72|45.93|11.29|48924376|550349760.00|1|0.0000|0.0000|0.0000|0|11.29
国力电子|688103|4.31|3002661|133215160.00|-2.49|5.22|-6.58|46.00|43.00|46.40|41.20|3.00|44.10|3396156|150674784.00|1|0.0000|0.0000|0.0000|0|44.10
诺唯赞|688105|1.04|2560592|55520136.00|-1.86|1.73|-6.45|22.25|21.61|22.40|20.60|2.56|22.02|3455694|75861880.00|1|0.0000|0.0000|0.0000|0|22.02
金宏气体|688106|1.01|8158625|137516608.00|-0.95|3.50|-5.40|17.01|16.68|17.43|15.93|8.16|16.84|7858970|130523960.00|1|0.0000|0.0000|0.0000|0|16.84
安路科技|688107|3.32|6072319|160255888.00|-0.62|5.55|-4.93|26.80|25.78|27.38|24.66|6.07|25.94|4747439|123442664.00|1|0.0000|0.0000|0.0000|0|25.94
赛诺医疗|688108|1.57|13891592|121341752.00|-2.24|2.58|-8.07|9.06|8.72|9.15|8.20|13.89|8.92|13314119|119527656.00|1|0.0000|0.0000|0.0000|0|8.92
品茗科技|688109|5.13|1694125|39123056.00|-2.35|6.48|-7.35|24.18|22.46|24.49|21.31|1.69|23.00|1612301|36974672.00|1|0.0000|0.0000|0.0000|0|23.00
东芯股份|688110|3.71|14074380|357873536.00|-1.80|4.95|-4.99|25.98|24.60|26.29|23.80|14.07|25.05|15370756|382780000.00|1|0.0000|0.0000|0.0000|0|25.05
金山办公|688111|6.16|9850496|2965019392.00|-1.50|8.27|-1.50|303.95|282.00|309.97|282.00|9.85|286.30|6972072|1976325376.00|1|0.0000|0.0000|0.0000|0|286.30
鼎阳科技|688112|6.02|2362933|59296604.00|-2.56|6.91|-6.38|26.08|23.97|26.30|23.03|2.36|24.60|1911683|47586868.00|1|0.0000|0.0000|0.0000|0|24.60
联测科技|688113|3.87|669423|17377438.00|-0.46|5.21|-7.77|27.13|26.00|27.48|24.09|0.67|26.12|647680|16968446.00|1|0.0000|0.0000|0.0000|0|26.12
华大智造|688114|3.97|7904700|625387904.00|-1.44|10.11|-2.78|78.60|74.51|83.24|73.50|7.90|75.60|7067573|543751744.00|1|0.0000|0.0000|0.0000|0|75.60
思林杰|688115|2.81|919670|29108726.00|-1.73|5.11|-7.22|32.60|31.16|33.33|29.42|0.92|31.71|686715|21692684.00|1|0.0000|0.0000|0.0000|0|31.71
天奈科技|688116|3.50|15006748|545015680.00|-2.55|4.82|-7.47|37.81|35.60|38.29|33.80|15.01|36.53|13790397|502386432.00|1|0.0000|0.0000|0.0000|0|36.53
圣诺生物|688117|-6.68|12468605|335787616.00|-5.48|-4.18|-14.01|27.25|27.60|27.98|25.11|12.47|29.20|13250319|374557824.00|1|0.0000|0.0000|0.0000|0|29.20
普元信息|688118|3.54|3688700|78899712.00|-2.42|4.70|-8.19|22.25|20.97|22.50|19.73|3.69|21.49|4469873|95961816.00|1|0.0000|0.0000|0.0000|0|21.49
中钢洛耐|688119|2.69|6971532|23364806.00|-1.20|2.99|-4.49|3.43|3.30|3.44|3.19|6.97|3.34|6135506|20328222.00|1|0.0000|0.0000|0.0000|0|3.34
华海清科|688120|6.54|6406921|1066072704.00|-2.66|13.06|-2.67|165.82|151.50|175.96|151.49|6.41|155.64|3844773|605312320.00|1|0.0000|0.0000|0.0000|0|155.64
卓然股份|688121|1.40|3753335|36862024.00|-1.70|2.10|-7.11|10.12|9.81|10.19|9.27|3.75|9.98|3519519|34904536.00|1|0.0000|0.0000|0.0000|0|9.98
西部超导|688122|5.13|14932978|676758080.00|-1.56|6.98|-2.47|45.92|43.00|46.73|42.60|14.93|43.68|12071567|527961472.00|1|0.0000|0.0000|0.0000|0|43.68
聚辰股份|688123|3.19|5672442|367650240.00|-2.61|5.32|-5.48|65.70|62.01|67.06|60.18|5.67|63.67|7858732|493476736.00|1|0.0000|0.0000|0.0000|0|63.67
安达智能|688125|0.06|1069155|31676080.00|-2.18|1.30|-8.64|30.82|30.13|31.20|28.14|1.07|30.80|917563|27736964.00|1|0.0000|0.0000|0.0000|0|30.80
沪硅产业|688126|3.53|35361185|635529024.00|-1.68|6.88|-2.08|17.90|17.00|18.48|16.93|35.36|17.29|28703920|492391456.00|1|0.0000|0.0000|0.0000|0|17.29
蓝特光学|688127|-2.00|13695349|262914848.00|-4.56|-0.85|-9.71|19.57|19.06|19.80|18.03|13.70|19.97|15193907|306533856.00|1|0.0000|0.0000|0.0000|0|19.97
中国电研|688128|1.53|4446357|84321792.00|-2.58|3.06|-4.43|19.26|18.48|19.55|18.13|4.45|18.97|4680266|88974336.00|1|0.0000|0.0000|0.0000|0|18.97
东来技术|688129|2.24|1172596|21003808.00|0.11|3.31|-5.77|18.25|17.87|18.44|16.82|1.17|17.85|1123469|20022198.00|1|0.0000|0.0000|0.0000|0|17.85
晶华微|688130|4.15|1571164|36592836.00|-1.69|4.45|-7.95|24.10|22.75|24.17|21.30|1.57|23.14|1370672|31475916.00|1|0.0000|0.0000|0.0000|0|23.14
皓元医药|688131|-0.86|5000062|169101360.00|-2.35|2.44|-8.67|34.52|34.00|35.67|31.80|5.00|34.82|5502839|193170368.00|1|0.0000|0.0000|0.0000|0|34.82
邦彦技术|688132|4.25|2382151|41687592.00|-2.30|5.40|-6.66|18.15|17.01|18.35|16.25|2.38|17.41|2441268|42966640.00|1|0.0000|0.0000|0.0000|0|17.41
泰坦科技|688133|6.15|5321224|110241128.00|-1.51|7.61|-5.85|21.76|20.19|22.06|19.30|5.32|20.50|6840199|136496016.00|1|0.0000|0.0000|0.0000|0|20.50
利扬芯片|688135|5.59|6143434|91279736.00|-0.34|6.20|-6.95|15.50|14.63|15.59|13.66|6.14|14.68|5753648|85046608.00|1|0.0000|0.0000|0.0000|0|14.68
科兴制药|688136|-0.16|5277886|123495944.00|-2.75|2.01|-10.17|24.34|23.71|24.87|21.90|5.28|24.38|6460734|157281968.00|1|0.0000|0.0000|0.0000|0|24.38
近岸蛋白|688137|3.05|844912|25492166.00|-2.06|3.75|-4.91|31.07|29.53|31.28|28.67|0.84|30.15|494923|14783040.00|1|0.0000|0.0000|0.0000|0|30.15
清溢光电|688138|5.80|5224312|121093352.00|-3.05|7.13|-7.04|23.90|21.90|24.20|21.00|5.22|22.59|3698847|84227864.00|1|0.0000|0.0000|0.0000|0|22.59
海尔生物|688139|1.16|4253224|134476176.00|-1.94|1.97|-4.68|32.39|31.40|32.65|30.52|4.25|32.02|5148345|165799088.00|1|0.0000|0.0000|0.0000|0|32.02
杰华特|688141|3.46|14512443|400018432.00|-1.79|8.34|-4.69|27.79|26.38|29.10|25.60|14.51|26.86|13967604|377989984.00|1|0.0000|0.0000|0.0000|0|26.86
长盈通|688143|11.65|4775874|141008736.00|-3.27|14.34|-4.94|30.76|26.65|31.50|26.19|4.78|27.55|3360065|93659320.00|1|0.0000|0.0000|0.0000|0|27.55
中船特气|688146|5.22|5130000|140156800.00|-1.39|6.16|-3.91|28.00|26.24|28.25|25.57|5.13|26.61|4521179|119643904.00|1|0.0000|0.0000|0.0000|0|26.61
微导纳米|688147|7.01|5649400|155786320.00|-0.56|8.74|-5.78|28.53|26.51|28.99|25.12|5.65|26.66|4891941|130608704.00|1|0.0000|0.0000|0.0000|0|26.66
芳源股份|688148|4.71|13409282|51010960.00|1.31|6.02|-8.12|4.00|3.87|4.05|3.51|13.41|3.82|10926643|41624428.00|1|0.0000|0.0000|0.0000|0|3.82
莱特光电|688150|5.16|5642855|104509920.00|-1.58|6.25|-7.45|19.35|18.11|19.55|17.03|5.64|18.40|6468749|120137360.00|1|0.0000|0.0000|0.0000|0|18.40
华强科技|688151|7.84|4407644|71768688.00|-0.76|9.50|-4.91|16.92|15.57|17.18|14.92|4.41|15.69|2270522|35361188.00|1|0.0000|0.0000|0.0000|0|15.69
麒麟信安|688152|10.14|4085520|243545088.00|-1.68|12.44|-4.78|62.23|55.55|63.53|53.80|4.09|56.50|2374216|131015064.00|1|0.0000|0.0000|0.0000|0|56.50
唯捷创芯|688153|5.76|3890376|113519448.00|-1.80|5.76|-5.86|30.48|28.30|30.48|27.13|3.89|28.82|3118078|90249584.00|1|0.0000|0.0000|0.0000|0|28.82
先惠技术|688155|2.19|3428751|123024416.00|-3.94|2.98|-8.34|37.35|35.11|37.64|33.50|3.43|36.55|3325865|122101496.00|1|0.0000|0.0000|0.0000|0|36.55
路德科技|688156|3.34|12706371|198171664.00|4.17|14.66|2.85|14.87|14.99|16.50|14.80|12.71|14.39|9637152|134092160.00|1|0.0000|0.0000|0.0000|0|14.39
松井股份|688157|-1.50|830242|32020442.00|-2.48|0.35|-5.65|38.85|38.46|39.58|37.21|0.83|39.44|1111959|42354688.00|1|0.0000|0.0000|0.0000|0|39.44
优刻得|688158|3.27|39223265|764081024.00|-3.06|4.49|-8.57|20.24|19.00|20.48|17.92|39.22|19.60|37463262|724965696.00|1|0.0000|0.0000|0.0000|0|19.60
有方科技|688159|3.38|5986214|176207648.00|-3.07|4.66|-9.63|30.61|28.70|30.99|26.76|5.99|29.61|4561104|134090888.00|1|0.0000|0.0000|0.0000|0|29.61
步科股份|688160|3.55|2975278|211157312.00|-1.77|4.24|-11.28|74.70|70.86|75.20|64.00|2.98|72.14|3558607|259148272.00|1|0.0000|0.0000|0.0000|0|72.14
威高骨科|688161|0.53|2877372|74528912.00|-0.79|0.72|-6.62|26.57|26.22|26.62|24.68|2.88|26.43|2294307|60858892.00|1|0.0000|0.0000|0.0000|0|26.43
巨一科技|688162|1.80|2378146|47670900.00|-2.48|2.43|-9.09|20.95|20.07|21.08|18.71|2.38|20.58|1998040|41205292.00|1|0.0000|0.0000|0.0000|0|20.58
赛伦生物|688163|1.91|1449887|22381262.00|-2.99|2.67|-8.07|16.03|15.26|16.15|14.46|1.45|15.73|1152515|17974918.00|1|0.0000|0.0000|0.0000|0|15.73
埃夫特|688165|5.98|23625803|495222560.00|-1.58|8.75|-9.66|22.16|20.58|22.74|18.89|23.63|20.91|17640655|367165216.00|1|0.0000|0.0000|0.0000|0|20.91
博瑞医药|688166|-1.66|12009928|412853344.00|-3.74|-0.31|-11.21|35.45|34.70|35.94|32.01|12.01|36.05|11350569|413164192.00|1|0.0000|0.0000|0.0000|0|36.05
炬光科技|688167|1.99|3978589|238131648.00|-3.47|3.80|-7.88|61.45|58.16|62.54|55.50|3.98|60.25|4246925|257398960.00|1|0.0000|0.0000|0.0000|0|60.25
安博通|688168|1.84|2773264|147612000.00|-1.44|2.86|-10.80|55.94|54.14|56.50|49.00|2.77|54.93|2734417|146600736.00|1|0.0000|0.0000|0.0000|0|54.93
石头科技|688169|1.24|5524261|1004618048.00|-4.45|1.45|-6.24|186.81|176.30|187.20|173.00|5.52|184.52|5426458|1001091328.00|1|0.0000|0.0000|0.0000|0|184.52
德龙激光|688170|1.69|1549477|28995760.00|-2.27|2.85|-6.34|19.25|18.50|19.47|17.73|1.55|18.93|1322609|24868350.00|1|0.0000|0.0000|0.0000|0|18.93
纬德信息|688171|4.63|1476096|23195370.00|-1.75|6.01|-9.14|16.71|15.69|16.93|14.51|1.48|15.97|1234937|19537990.00|1|0.0000|0.0000|0.0000|0|15.97
燕东微|688172|4.57|7026993|123201792.00|-1.06|6.33|-4.40|17.83|16.87|18.13|16.30|7.03|17.05|6935260|118188648.00|1|0.0000|0.0000|0.0000|0|17.05
希荻微|688173|6.72|9758737|111879608.00|-2.54|10.17|-7.36|11.75|10.73|12.13|10.20|9.76|11.01|5894441|64846708.00|1|0.0000|0.0000|0.0000|0|11.01
高凌信息|688175|4.05|1606731|23392832.00|-0.55|4.81|-6.59|15.15|14.48|15.26|13.60|1.61|14.56|927705|13519537.00|1|0.0000|0.0000|0.0000|0|14.56
亚虹医药|688176|0.96|10806638|76973840.00|-2.47|1.78|-6.72|7.36|7.11|7.42|6.80|10.81|7.29|10003174|73208744.00|1|0.0000|0.0000|0.0000|0|7.29
百奥泰|688177|-0.89|4433854|86773216.00|-3.12|-0.15|-6.34|20.02|19.57|20.17|18.92|4.43|20.20|4695100|94509744.00|1|0.0000|0.0000|0.0000|0|20.20
万德斯|688178|0.43|2653540|47048456.00|-0.27|1.34|-10.27|18.68|18.55|18.85|16.69|2.65|18.60|3396548|64127208.00|1|0.0000|0.0000|0.0000|0|18.60
阿拉丁|688179|4.27|7070215|93279216.00|-3.07|6.07|-9.97|13.91|12.93|14.15|12.01|7.07|13.34|5204701|69463144.00|1|0.0000|0.0000|0.0000|0|13.34
君实生物|688180|-0.11|11225480|308631744.00|-3.40|1.04|-6.37|27.93|27.01|28.25|26.18|11.23|27.96|11739015|326779680.00|1|0.0000|0.0000|0.0000|0|27.96
八亿时空|688181|1.43|3844740|85963568.00|-1.17|2.39|-10.59|23.38|22.78|23.60|20.61|3.84|23.05|3236121|74814552.00|1|0.0000|0.0000|0.0000|0|23.05
灿勤科技|688182|4.06|9964673|204513744.00|-1.81|5.62|-8.17|21.28|20.08|21.60|18.78|9.96|20.45|13226993|272212864.00|1|0.0000|0.0000|0.0000|0|20.45
生益电子|688183|0.00|18013782|380954240.00|-2.88|1.05|-10.34|21.85|21.22|22.08|19.59|18.01|21.85|25023081|537955072.00|1|0.0000|0.0000|0.0000|0|21.85
ST帕瓦|688184|2.54|953351|10412881.00|-1.99|3.53|-6.07|11.32|10.82|11.43|10.37|0.95|11.04|818784|8975722.00|1|0.0000|0.0000|0.0000|0|11.04
康希诺|688185|0.88|2276826|116546144.00|-2.50|1.70|-7.28|52.77|51.00|53.20|48.50|2.28|52.31|2946411|153935312.00|1|0.0000|0.0000|0.0000|0|52.31
广大特材|688186|1.47|8382632|181769632.00|-1.88|2.85|-8.86|22.10|21.37|22.40|19.85|8.38|21.78|8390383|183442304.00|1|0.0000|0.0000|0.0000|0|21.78
时代电气|688187|3.31|10882397|489221696.00|-1.71|5.44|-2.17|45.20|43.00|46.13|42.80|10.88|43.75|10412607|450834688.00|1|0.0000|0.0000|0.0000|0|43.75
柏楚电子|688188|3.00|1467493|253717760.00|-0.65|3.35|-2.08|175.99|169.76|176.59|167.32|1.47|170.87|1476363|246663200.00|1|0.0000|0.0000|0.0000|0|170.87
南新制药|688189|1.20|7869531|45090444.00|-0.85|2.22|-7.35|5.92|5.80|5.98|5.42|7.87|5.85|7365150|43227132.00|1|0.0000|0.0000|0.0000|0|5.85
云路股份|688190|3.13|1554422|133205800.00|-2.55|5.00|-7.35|89.05|84.15|90.67|80.00|1.55|86.35|1300299|114188072.00|1|0.0000|0.0000|0.0000|0|86.35
智洋创新|688191|7.43|5127271|107426360.00|-3.84|9.28|-8.16|22.12|19.80|22.50|18.91|5.13|20.59|4009507|82576080.00|1|0.0000|0.0000|0.0000|0|20.59
迪哲医药|688192|1.48|5614898|259283808.00|-2.00|3.54|-7.49|47.30|45.68|48.26|43.12|5.61|46.61|5995213|277993248.00|1|0.0000|0.0000|0.0000|0|46.61
仁度生物|688193|3.57|432896|14129988.00|-1.71|4.59|-8.19|34.52|32.76|34.86|30.60|0.43|33.33|271374|9014242.00|1|0.0000|0.0000|0.0000|0|33.33
腾景科技|688195|3.40|4736610|149112432.00|-1.95|4.45|-8.23|32.80|31.10|33.13|29.11|4.74|31.72|4858247|154457776.00|1|0.0000|0.0000|0.0000|0|31.72
卓越新能|688196|2.87|1588777|59570152.00|-0.08|3.37|-7.18|39.12|38.00|39.31|35.30|1.59|38.03|1856233|70720464.00|1|0.0000|0.0000|0.0000|0|38.03
首药控股|688197|6.03|2591750|73412376.00|-1.82|7.96|-8.89|29.70|27.50|30.24|25.52|2.59|28.01|1430385|40322468.00|1|0.0000|0.0000|0.0000|0|28.01
佰仁医疗|688198|2.81|366349|38212552.00|-1.94|3.87|-2.85|105.89|101.00|106.99|100.06|0.37|103.00|460896|46966592.00|1|0.0000|0.0000|0.0000|0|103.00
久日新材|688199|2.03|5407239|75506384.00|-1.96|3.15|-9.03|14.58|14.01|14.74|13.00|5.41|14.29|4279221|61224584.00|1|0.0000|0.0000|0.0000|0|14.29
华峰测控|688200|5.43|3322547|462402400.00|-1.79|9.18|-4.03|140.50|130.89|145.50|127.90|3.32|133.27|3042562|408270432.00|1|0.0000|0.0000|0.0000|0|133.27
信安世纪|688201|3.08|7971581|62177656.00|-1.54|5.27|-7.33|8.02|7.66|8.19|7.21|7.97|7.78|6003903|46271936.00|1|0.0000|0.0000|0.0000|0|7.78
美迪西|688202|1.97|4523060|121254864.00|-2.66|2.51|-8.56|27.99|26.72|28.14|25.10|4.52|27.45|3715025|102098312.00|1|0.0000|0.0000|0.0000|0|27.45
海正生材|688203|1.96|1798454|16251391.00|-1.96|2.51|-7.20|9.35|8.99|9.40|8.51|1.80|9.17|1382931|12623768.00|1|0.0000|0.0000|0.0000|0|9.17
德科立|688205|2.15|5460028|250824320.00|-1.79|3.01|-9.15|47.45|45.62|47.85|42.20|5.46|46.45|5854754|270108992.00|1|0.0000|0.0000|0.0000|0|46.45
概伦电子|688206|0.51|3686869|87712976.00|0.21|2.50|-1.40|23.75|23.68|24.22|23.30|3.69|23.63|4621526|109010976.00|0|0.0000|0.0000|0.0000|0|23.63
格灵深瞳|688207|4.72|9675664|119527488.00|-0.08|5.45|-7.57|12.87|12.28|12.96|11.36|9.68|12.29|8706255|106994576.00|1|0.0000|0.0000|0.0000|0|12.29
道通科技|688208|3.17|17883201|546629440.00|-1.35|3.76|-4.52|31.27|29.90|31.45|28.94|17.88|30.31|20262859|614308672.00|1|0.0000|0.0000|0.0000|0|30.31
英集芯|688209|3.40|8828184|150544000.00|-1.25|5.84|-5.54|17.35|16.57|17.76|15.85|8.83|16.78|11918019|198754384.00|1|0.0000|0.0000|0.0000|0|16.78
统联精密|688210|3.80|6909103|108098640.00|-1.90|5.19|-8.92|16.40|15.50|16.62|14.39|6.91|15.80|7562750|120961904.00|1|0.0000|0.0000|0.0000|0|15.80
中科微至|688211|0.65|699385|18231088.00|-1.80|1.83|-3.71|26.35|25.71|26.66|25.21|0.70|26.18|621352|16166824.00|1|0.0000|0.0000|0.0000|0|26.18
澳华内镜|688212|1.01|1601432|65606312.00|-0.25|3.68|-3.11|41.19|40.68|42.28|39.51|1.60|40.78|1286891|52579692.00|1|0.0000|0.0000|0.0000|0|40.78
思特威|688213|4.71|8530761|753584704.00|-1.59|8.87|-4.75|88.85|83.50|92.38|80.82|8.53|84.85|7549696|640281088.00|1|0.0000|0.0000|0.0000|0|84.85
瑞晟智能|688215|2.43|787691|16513632.00|-2.99|4.11|-9.29|21.93|20.77|22.29|19.42|0.79|21.41|707370|15048857.00|1|0.0000|0.0000|0.0000|0|21.41
气派科技|688216|5.51|2121387|33316400.00|1.73|6.54|-6.09|16.46|15.87|16.62|14.65|2.12|15.60|1994868|31201958.00|1|0.0000|0.0000|0.0000|0|15.60
睿昂基因|688217|5.11|1270030|23802686.00|-0.96|5.97|-6.77|19.73|18.59|19.89|17.50|1.27|18.77|2013441|37961544.00|1|0.0000|0.0000|0.0000|0|18.77
江苏北人|688218|5.27|7094005|131847344.00|-1.99|6.29|-8.61|19.57|18.22|19.76|16.99|7.09|18.59|6377315|119447352.00|1|0.0000|0.0000|0.0000|0|18.59
会通股份|688219|5.11|12073471|121224960.00|-3.50|6.71|-7.31|10.50|9.64|10.66|9.26|12.07|9.99|10538160|105589816.00|1|0.0000|0.0000|0.0000|0|9.99
翱捷科技|688220|2.91|17274367|1346976768.00|-2.62|7.65|-7.65|78.20|74.00|81.80|70.18|17.27|75.99|18221711|1414112000.00|1|0.0000|0.0000|0.0000|0|75.99
前沿生物|688221|0.25|5444189|41560736.00|-3.27|0.88|-9.94|7.97|7.69|8.02|7.16|5.44|7.95|5112948|40859024.00|1|0.0000|0.0000|0.0000|0|7.95
成都先导|688222|1.06|14982838|190720864.00|-3.41|2.20|-10.23|13.34|12.75|13.49|11.85|14.98|13.20|15619159|204441008.00|1|0.0000|0.0000|0.0000|0|13.20
晶科能源|688223|1.94|67521702|381436160.00|-2.47|1.94|-4.76|5.78|5.53|5.78|5.40|67.52|5.67|84849988|475668160.00|1|0.0000|0.0000|0.0000|0|5.67
亚信安全|688225|6.69|6349249|124223752.00|1.67|8.00|-6.59|20.40|19.44|20.65|17.86|6.35|19.12|6210680|119306976.00|1|0.0000|0.0000|0.0000|0|19.12
威腾电气|688226|-1.01|6808100|199028496.00|-0.10|0.70|-9.13|29.50|29.77|30.01|27.08|6.81|29.80|5735790|169137040.00|1|0.0000|0.0000|0.0000|0|29.80
品高股份|688227|15.27|3029829|89363824.00|-3.70|17.50|-7.40|32.08|26.80|32.70|25.77|3.03|27.83|1886022|51954864.00|1|0.0000|0.0000|0.0000|0|27.83
开普云|688228|1.48|3129939|160590672.00|-3.26|3.93|-11.25|53.51|51.01|54.80|46.80|3.13|52.73|2965836|156492688.00|1|0.0000|0.0000|0.0000|0|52.73
博睿数据|688229|5.54|1373030|55968880.00|-1.89|6.50|-6.86|43.06|40.03|43.45|38.00|1.37|40.80|1392768|56892312.00|1|0.0000|0.0000|0.0000|0|40.80
芯导科技|688230|3.75|1293671|49229852.00|-0.98|4.33|-6.61|39.27|37.48|39.49|35.35|1.29|37.85|1203605|46034068.00|1|0.0000|0.0000|0.0000|0|37.85
隆达股份|688231|5.19|3394841|48542084.00|-1.56|5.97|-5.05|14.80|13.85|14.91|13.36|3.39|14.07|1791567|25045858.00|1|0.0000|0.0000|0.0000|0|14.07
新点软件|688232|2.44|3615022|106196968.00|-0.95|2.74|-5.11|30.25|29.25|30.34|28.02|3.62|29.53|4658666|137033520.00|1|0.0000|0.0000|0.0000|0|29.53
神工股份|688233|5.70|5039012|101004656.00|-2.04|6.72|-6.52|20.76|19.24|20.96|18.36|5.04|19.64|4281636|84676280.00|1|0.0000|0.0000|0.0000|0|19.64
天岳先进|688234|3.44|8621549|462611936.00|-2.15|5.55|-5.44|54.38|51.44|55.49|49.71|8.62|52.57|7634588|402041824.00|1|0.0000|0.0000|0.0000|0|52.57
百济神州|688235|-3.41|4737887|974144064.00|-4.26|-2.96|-11.62|212.50|210.63|213.49|194.44|4.74|220.00|5081746|1106769920.00|1|0.0000|0.0000|0.0000|0|220.00
春立医疗|688236|1.16|3864488|48878200.00|-1.46|1.70|-8.33|13.12|12.78|13.19|11.89|3.86|12.97|4202786|54455316.00|1|0.0000|0.0000|0.0000|0|12.97
超卓航科|688237|9.90|1702344|37190176.00|-2.18|10.68|-2.96|22.64|20.15|22.80|19.99|1.70|20.60|798341|16610292.00|1|0.0000|0.0000|0.0000|0|20.60
和元生物|688238|3.61|24773667|120499696.00|-2.41|4.22|-9.84|5.16|4.86|5.19|4.49|24.77|4.98|24862690|124420128.00|1|0.0000|0.0000|0.0000|0|4.98
航宇科技|688239|5.92|4415446|170850640.00|-2.01|7.31|-3.64|39.56|36.60|40.08|35.99|4.42|37.35|3610750|136826768.00|1|0.0000|0.0000|0.0000|0|37.35
永信至诚|688244|10.64|3542864|126979672.00|-2.82|14.41|-8.72|38.46|33.78|39.77|31.73|3.54|34.76|2228876|78129728.00|1|0.0000|0.0000|0.0000|0|34.76
嘉和美康|688246|2.71|2774948|77001640.00|-0.98|4.38|-7.78|28.40|27.38|28.86|25.50|2.77|27.65|3290972|90861240.00|1|0.0000|0.0000|0.0000|0|27.65
宣泰医药|688247|-0.11|6383565|57499124.00|-2.03|0.64|-9.29|9.35|9.17|9.42|8.49|6.38|9.36|6004539|55765248.00|1|0.0000|0.0000|0.0000|0|9.36
南网科技|688248|4.63|4594713|129329656.00|-1.16|5.32|-4.45|28.93|27.33|29.12|26.42|4.59|27.65|3838122|105622664.00|1|0.0000|0.0000|0.0000|0|27.65
晶合集成|688249|2.17|20043842|392369216.00|-1.96|4.14|-3.83|19.76|18.96|20.14|18.60|20.04|19.34|20444610|396508896.00|1|0.0000|0.0000|0.0000|0|19.34
井松智能|688251|3.62|2244420|36298568.00|-0.98|6.38|-8.53|16.88|16.13|17.33|14.90|2.24|16.29|1803574|29438382.00|1|0.0000|0.0000|0.0000|0|16.29
天德钰|688252|0.69|12288586|259827824.00|-3.80|2.31|-9.77|21.75|20.78|22.10|19.49|12.29|21.60|13974039|304508608.00|1|0.0000|0.0000|0.0000|0|21.60
英诺特|688253|3.49|3492684|102954968.00|-2.68|4.43|-7.55|30.85|29.01|31.13|27.56|3.49|29.81|3274756|97723480.00|1|0.0000|0.0000|0.0000|0|29.81
凯尔达|688255|4.10|6881985|192491728.00|-2.54|4.77|-11.72|29.48|27.60|29.67|25.00|6.88|28.32|5644283|158852400.00|1|0.0000|0.0000|0.0000|0|28.32
寒武纪|688256|8.79|11674879|7042986496.00|-1.93|11.67|-2.82|615.69|555.04|632.00|550.00|11.67|565.96|8197315|4692949504.00|1|0.0000|0.0000|0.0000|0|565.96
新锐股份|688257|0.63|2433310|45831484.00|0.00|2.48|-5.81|19.05|18.93|19.40|17.83|2.43|18.93|2184340|41412148.00|1|0.0000|0.0000|0.0000|0|18.93
卓易信息|688258|4.57|7169415|237494848.00|-1.48|7.54|-6.98|33.84|31.88|34.80|30.10|7.17|32.36|8837829|283905120.00|1|0.0000|0.0000|0.0000|0|32.36
创耀科技|688259|2.77|5941528|201161136.00|-3.76|4.26|-11.17|35.24|33.00|35.75|30.46|5.94|34.29|6390369|221124816.00|1|0.0000|0.0000|0.0000|0|34.29
昀冢科技|688260|6.15|4960496|57440268.00|-0.69|8.14|-9.52|12.26|11.47|12.49|10.45|4.96|11.55|4348683|50088912.00|1|0.0000|0.0000|0.0000|0|11.55
东微半导|688261|2.73|2827852|99629392.00|-1.54|3.99|-6.55|36.08|34.58|36.52|32.82|2.83|35.12|3436657|120673232.00|1|0.0000|0.0000|0.0000|0|35.12
国芯科技|688262|5.82|13188958|323383040.00|-0.63|6.74|-5.15|25.28|23.74|25.50|22.66|13.19|23.89|11362568|270175904.00|1|0.0000|0.0000|0.0000|0|23.89
南模生物|688265|2.61|743973|17296286.00|-1.50|4.07|-6.72|23.96|23.00|24.30|21.78|0.74|23.35|755822|17822934.00|1|0.0000|0.0000|0.0000|0|23.35
泽璟制药|688266|-1.66|4939837|466818368.00|-1.86|0.81|-6.66|95.39|95.20|97.79|90.54|4.94|97.00|6371461|626997952.00|1|0.0000|0.0000|0.0000|0|97.00
中触媒|688267|-0.19|1434647|30048424.00|-0.93|1.17|-7.48|21.36|21.20|21.65|19.80|1.43|21.40|2339075|50318280.00|1|0.0000|0.0000|0.0000|0|21.40
华特气体|688268|6.98|7967193|407122560.00|-1.03|7.81|-5.57|52.85|48.89|53.26|46.65|7.97|49.40|5342509|260607696.00|1|0.0000|0.0000|0.0000|0|49.40
凯立新材|688269|4.51|2398585|62516068.00|-1.40|5.67|-5.01|26.90|25.38|27.20|24.45|2.40|25.74|2242742|56903240.00|1|0.0000|0.0000|0.0000|0|25.74
臻镭科技|688270|9.69|9741639|379331328.00|-0.38|11.05|-2.56|40.20|36.51|40.70|35.71|9.74|36.65|6847917|249995648.00|1|0.0000|0.0000|0.0000|0|36.65
联影医疗|688271|2.62|8628569|1146310272.00|-1.72|2.86|-2.38|135.05|129.33|135.37|128.47|8.63|131.60|10984151|1418310528.00|1|0.0000|0.0000|0.0000|0|131.60
富吉瑞|688272|5.00|2337545|50878160.00|0.00|7.20|-8.34|22.91|21.82|23.39|20.00|2.34|21.82|1727716|37509256.00|1|0.0000|0.0000|0.0000|0|21.82
麦澜德|688273|3.14|1711657|42726712.00|-1.99|3.86|-6.80|25.95|24.66|26.13|23.45|1.71|25.16|2710717|67525608.00|1|0.0000|0.0000|0.0000|0|25.16
万润新能|688275|3.78|2060110|69960984.00|0.00|4.13|-6.61|35.18|33.90|35.30|31.66|2.06|33.90|2704769|93668848.00|1|0.0000|0.0000|0.0000|0|33.90
百克生物|688276|1.57|5440249|115387528.00|-1.80|2.58|-6.59|22.04|21.31|22.26|20.27|5.44|21.70|5514057|120086104.00|1|0.0000|0.0000|0.0000|0|21.70
天智航|688277|5.28|9656680|104261928.00|-2.59|5.65|-8.25|11.36|10.51|11.40|9.90|9.66|10.79|7983844|86327240.00|1|0.0000|0.0000|0.0000|0|10.79
特宝生物|688278|-0.24|2878499|211567920.00|-0.42|2.10|-3.26|74.01|73.88|75.75|71.77|2.88|74.19|3205632|236048944.00|1|0.0000|0.0000|0.0000|0|74.19
峰岹科技|688279|1.90|2378059|443280960.00|-2.00|6.68|-6.32|187.21|180.05|196.00|172.10|2.38|183.72|2497580|456671552.00|1|0.0000|0.0000|0.0000|0|183.72
精进电动|688280|1.63|15723031|65170640.00|-1.86|2.33|-9.56|4.36|4.21|4.39|3.88|15.72|4.29|12232617|53006688.00|1|0.0000|0.0000|0.0000|0|4.29
华秦科技|688281|4.57|3068241|230823296.00|-1.42|6.65|-1.77|75.81|71.47|77.32|71.22|3.07|72.50|2338082|169451088.00|1|0.0000|0.0000|0.0000|0|72.50
理工导航|688282|5.79|932951|38899044.00|-0.02|7.00|-4.79|42.59|40.25|43.08|38.33|0.93|40.26|978397|38143588.00|1|0.0000|0.0000|0.0000|0|40.26
坤恒顺维|688283|7.58|636607|14698199.00|2.74|8.70|-6.28|23.99|22.91|24.24|20.90|0.64|22.30|405995|8984851.00|1|0.0000|0.0000|0.0000|0|22.30
高铁电气|688285|4.21|5231094|37570452.00|0.84|6.04|-3.79|7.42|7.18|7.55|6.85|5.23|7.12|3419845|24003378.00|1|0.0000|0.0000|0.0000|0|7.12
敏芯股份|688286|3.71|2319709|127659992.00|-2.64|4.79|-9.63|57.38|53.87|57.98|50.00|2.32|55.33|2227131|124372384.00|1|0.0000|0.0000|0.0000|0|55.33
*ST观典|688287|3.35|3073331|13993340.00|-1.12|4.24|-5.58|4.63|4.43|4.67|4.23|3.07|4.48|2996826|13523289.00|1|0.0000|0.0000|0.0000|0|4.48
鸿泉技术|688288|4.37|5390715|163946192.00|-1.77|6.20|-5.54|31.30|29.46|31.85|28.33|5.39|29.99|7235830|213880096.00|1|0.0000|0.0000|0.0000|0|29.99
圣湘生物|688289|2.11|10003375|187126160.00|-1.58|3.11|-6.44|19.35|18.65|19.54|17.73|10.00|18.95|11448580|218742288.00|1|0.0000|0.0000|0.0000|0|18.95
景业智能|688290|10.19|4001061|179324928.00|-2.31|13.10|-9.49|47.60|42.20|48.86|39.10|4.00|43.20|2813702|120551752.00|1|0.0000|0.0000|0.0000|0|43.20
金橙子|688291|3.96|1250805|21643598.00|-1.95|4.70|-6.48|18.12|17.09|18.25|16.30|1.25|17.43|1305342|22718174.00|1|0.0000|0.0000|0.0000|0|17.43
浩瀚深度|688292|3.21|2622027|48151736.00|-2.83|4.02|-5.93|18.98|17.87|19.13|17.30|2.62|18.39|2301484|42626376.00|1|0.0000|0.0000|0.0000|0|18.39
奥浦迈|688293|0.17|1362760|46441916.00|-4.29|1.61|-10.00|35.45|33.87|35.96|31.85|1.36|35.39|954639|32501060.00|1|0.0000|0.0000|0.0000|0|35.39
中复神鹰|688295|3.28|3698417|69675680.00|-0.97|4.09|-4.63|19.20|18.41|19.35|17.73|3.70|18.59|3365172|62013604.00|1|0.0000|0.0000|0.0000|0|18.59
和达科技|688296|1.10|4320563|45315680.00|-1.75|2.48|-9.38|11.00|10.69|11.15|9.86|4.32|10.88|2926321|31818406.00|1|0.0000|0.0000|0.0000|0|10.88
中无人机|688297|12.03|16205722|604639296.00|-1.07|14.06|-1.30|38.73|34.20|39.43|34.12|16.21|34.57|10507349|364120096.00|1|0.0000|0.0000|0.0000|0|34.57
东方生物|688298|0.39|3682454|82395880.00|-0.79|0.83|-7.42|22.99|22.72|23.09|21.20|3.68|22.90|4118020|93268752.00|1|0.0000|0.0000|0.0000|0|22.90
长阳科技|688299|3.65|14850067|214383904.00|-3.25|5.14|-11.97|15.33|14.31|15.55|13.02|14.85|14.79|12095245|177844752.00|1|0.0000|0.0000|0.0000|0|14.79
联瑞新材|688300|4.58|2881071|143593856.00|-2.14|5.71|-4.94|51.43|48.13|51.99|46.75|2.88|49.18|3181254|156058944.00|1|0.0000|0.0000|0.0000|0|49.18
奕瑞科技|688301|4.10|5444497|684964032.00|-1.79|7.26|-3.43|127.20|120.00|131.06|118.00|5.44|122.19|5543616|681112704.00|1|0.0000|0.0000|0.0000|0|122.19
海创药业|688302|-0.99|4000097|140955888.00|0.03|1.35|-8.74|35.93|36.30|36.78|33.12|4.00|36.29|5002822|179315184.00|1|0.0000|0.0000|0.0000|0|36.29
大全能源|688303|0.82|13986434|254555360.00|-1.75|1.25|-3.38|18.48|18.01|18.56|17.71|13.99|18.33|13277795|240260464.00|1|0.0000|0.0000|0.0000|0|18.33
科德数控|688305|4.00|2527359|184592656.00|-1.82|5.81|-4.39|74.15|70.00|75.44|68.17|2.53|71.30|1989127|141482320.00|1|0.0000|0.0000|0.0000|0|71.30
均普智能|688306|0.88|42382764|367569440.00|-4.81|2.41|-15.43|9.22|8.70|9.36|7.73|42.38|9.14|39057501|356037152.00|1|0.0000|0.0000|0.0000|0|9.14
中润光学|688307|1.79|2847945|63110804.00|-0.98|3.13|-8.80|22.78|22.16|23.08|20.41|2.85|22.38|1958878|43587844.00|1|0.0000|0.0000|0.0000|0|22.38
欧科亿|688308|3.40|2833399|44830208.00|-1.64|5.17|-7.31|16.41|15.61|16.69|14.71|2.83|15.87|2461242|39249244.00|1|0.0000|0.0000|0.0000|0|15.87
恒誉环保|688309|3.23|998209|13157933.00|-2.10|3.68|-7.29|13.74|13.03|13.80|12.34|1.00|13.31|1009564|13457195.00|1|0.0000|0.0000|0.0000|0|13.31
迈得医疗|688310|1.46|2203595|22330922.00|0.39|2.91|-5.92|10.45|10.34|10.60|9.69|2.20|10.30|2165600|22035112.00|1|0.0000|0.0000|0.0000|0|10.30
盟升电子|688311|8.63|3906929|131402592.00|-1.96|9.98|-4.27|34.85|31.45|35.28|30.71|3.91|32.08|3003077|97026376.00|1|0.0000|0.0000|0.0000|0|32.08
燕麦科技|688312|0.71|3112229|68191408.00|-4.48|2.00|-9.63|22.69|21.52|22.98|20.36|3.11|22.53|3458819|78327376.00|1|0.0000|0.0000|0.0000|0|22.53
仕佳光子|688313|2.33|20094918|279912960.00|-2.75|3.38|-9.80|14.52|13.80|14.67|12.80|20.09|14.19|18633885|264089536.00|1|0.0000|0.0000|0.0000|0|14.19
康拓医疗|688314|2.06|924083|23528638.00|-2.83|3.53|-6.86|26.32|25.06|26.70|24.02|0.92|25.79|1073062|28074762.00|1|0.0000|0.0000|0.0000|0|25.79
诺禾致源|688315|1.15|8269130|105371584.00|0.15|2.14|-9.01|13.25|13.12|13.38|11.92|8.27|13.10|12251793|160960720.00|1|0.0000|0.0000|0.0000|0|13.10
青云科技|688316|3.19|3865117|197607040.00|-0.99|4.27|-11.13|53.41|51.25|53.97|46.00|3.87|51.76|3223540|166036560.00|1|0.0000|0.0000|0.0000|0|51.76
之江生物|688317|0.51|2214633|34317768.00|-2.03|1.27|-5.64|15.85|15.45|15.97|14.88|2.21|15.77|1868843|29380942.00|1|0.0000|0.0000|0.0000|0|15.77
财富趋势|688318|3.75|3747160|495865792.00|-2.14|5.26|-3.44|134.65|127.00|136.60|125.31|3.75|129.78|3270297|421238464.00|1|0.0000|0.0000|0.0000|0|129.78
欧林生物|688319|4.40|7606570|103019248.00|-0.75|6.79|-6.42|13.99|13.30|14.31|12.54|7.61|13.40|7397492|96318640.00|1|0.0000|0.0000|0.0000|0|13.40
禾川科技|688320|4.13|7364399|224827040.00|-2.44|5.17|-11.26|32.00|29.98|32.32|27.27|7.36|30.73|7234024|222935200.00|1|0.0000|0.0000|0.0000|0|30.73
微芯生物|688321|1.57|6990172|109144632.00|-2.57|2.95|-6.72|16.18|15.52|16.40|14.86|6.99|15.93|8206089|131399872.00|1|0.0000|0.0000|0.0000|0|15.93
奥比中光|688322|4.21|12505584|565859776.00|-1.79|5.20|-6.99|46.53|43.85|46.97|41.53|12.51|44.65|12369542|551566400.00|1|0.0000|0.0000|0.0000|0|44.65
瑞华泰|688323|3.60|3079244|37920716.00|-2.40|3.60|-7.04|12.95|12.20|12.95|11.62|3.08|12.50|4010914|48968256.00|1|0.0000|0.0000|0.0000|0|12.50
赛微微电|688325|1.13|1246856|50542140.00|-1.60|2.53|-6.48|41.21|40.10|41.78|38.11|1.25|40.75|1521456|59942688.00|1|0.0000|0.0000|0.0000|0|40.75
经纬恒润|688326|0.57|1948488|140867280.00|-1.38|2.11|-5.31|72.76|71.35|73.88|68.51|1.95|72.35|2177963|154985408.00|1|0.0000|0.0000|0.0000|0|72.35
云从科技|688327|3.44|47412061|594039936.00|-2.00|4.40|-8.16|12.93|12.25|13.05|11.48|47.41|12.50|46476650|577978752.00|1|0.0000|0.0000|0.0000|0|12.50
深科达|688328|2.76|3944545|52316988.00|-1.27|3.95|-6.55|13.80|13.26|13.96|12.55|3.94|13.43|2766518|37106324.00|1|0.0000|0.0000|0.0000|0|13.43
艾隆科技|688329|3.59|1637073|22135644.00|0.00|4.54|-6.30|14.15|13.66|14.28|12.80|1.64|13.66|1420982|19617328.00|1|0.0000|0.0000|0.0000|0|13.66
宏力达|688330|1.98|1353313|33876584.00|-1.71|2.50|-4.84|25.70|24.77|25.83|23.98|1.35|25.20|1158814|29142298.00|1|0.0000|0.0000|0.0000|0|25.20
荣昌生物|688331|8.70|10421968|420672000.00|-5.88|20.01|-11.09|44.00|38.10|48.58|35.99|10.42|40.48|7127526|287675776.00|1|0.0000|0.0000|0.0000|0|40.48
中科蓝讯|688332|0.13|5058105|491521568.00|-5.42|2.02|-10.60|99.62|94.10|101.50|88.94|5.06|99.49|5357258|520626016.00|1|0.0000|0.0000|0.0000|0|99.49
铂力特|688333|4.00|9015487|499025952.00|-3.67|6.06|-6.04|57.00|52.80|58.13|51.50|9.02|54.81|10414747|567581888.00|1|0.0000|0.0000|0.0000|0|54.81
西高院|688334|2.31|3536734|53408476.00|-1.85|3.04|-4.10|15.48|14.85|15.59|14.51|3.54|15.13|5203305|78808448.00|1|0.0000|0.0000|0.0000|0|15.13
复洁科技|688335|7.79|1995627|16827536.00|0.84|8.51|-5.52|8.99|8.41|9.05|7.88|2.00|8.34|1897801|15898805.00|1|0.0000|0.0000|0.0000|0|8.34
三生国健|688336|0.68|4385584|108372920.00|-1.12|2.03|-6.46|25.25|24.80|25.59|23.46|4.39|25.08|5235745|131297848.00|1|0.0000|0.0000|0.0000|0|25.08
普源精电|688337|10.46|7021468|244539488.00|-1.62|12.40|-4.18|35.37|31.50|35.99|30.68|7.02|32.02|5240741|167902208.00|1|0.0000|0.0000|0.0000|0|32.02
赛科希德|688338|0.93|1352449|30030172.00|-1.54|1.54|-6.09|22.87|22.31|23.01|21.28|1.35|22.66|1171876|26423234.00|1|0.0000|0.0000|0.0000|0|22.66
亿华通|688339|1.62|4283081|83747816.00|-1.42|2.89|-5.89|20.02|19.42|20.27|18.54|4.28|19.70|4104691|80994712.00|1|0.0000|0.0000|0.0000|0|19.70
云天励飞|688343|3.24|17688391|856923776.00|-3.01|4.70|-7.96|50.05|47.02|50.76|44.62|17.69|48.48|15862398|759302592.00|1|0.0000|0.0000|0.0000|0|48.48
博力威|688345|5.07|756687|12774167.00|1.39|6.69|-6.33|17.42|16.81|17.69|15.53|0.76|16.58|783655|12897048.00|1|0.0000|0.0000|0.0000|0|16.58
华虹公司|688347|4.20|17507165|744084608.00|-1.83|5.72|-5.86|43.20|40.70|43.83|39.03|17.51|41.46|17099423|713955456.00|1|0.0000|0.0000|0.0000|0|41.46
昱能科技|688348|1.83|2979124|118711080.00|-1.98|2.43|-6.59|41.12|39.58|41.36|37.72|2.98|40.38|3228784|129335008.00|1|0.0000|0.0000|0.0000|0|40.38
三一重能|688349|-0.78|4547484|109852936.00|-2.18|1.48|-3.17|24.11|23.77|24.66|23.53|4.55|24.30|3280983|79795008.00|1|0.0000|0.0000|0.0000|0|24.30
富淼科技|688350|3.67|1199994|14536415.00|-1.47|4.08|-7.51|12.70|12.07|12.75|11.33|1.20|12.25|1275187|15534028.00|1|0.0000|0.0000|0.0000|0|12.25
微电生理|688351|-0.52|6091877|114155016.00|-1.30|2.02|-7.53|19.16|19.01|19.65|17.81|6.09|19.26|6621080|128335704.00|1|0.0000|0.0000|0.0000|0|19.26
颀中科技|688352|0.75|14871619|158031296.00|-2.26|3.10|-6.02|10.71|10.39|10.96|9.99|14.87|10.63|13892458|148264960.00|1|0.0000|0.0000|0.0000|0|10.63
华盛锂电|688353|3.17|1138722|21191772.00|1.24|4.14|-5.42|19.21|18.85|19.39|17.61|1.14|18.62|1015209|18849710.00|1|0.0000|0.0000|0.0000|0|18.62
明志科技|688355|1.02|1754487|26749104.00|-4.34|1.66|-9.44|15.84|15.00|15.94|14.20|1.75|15.68|1581352|24333428.00|1|0.0000|0.0000|0.0000|0|15.68
键凯科技|688356|1.49|1083132|54365568.00|-2.04|2.66|-8.55|52.35|50.53|52.95|47.17|1.08|51.58|1077646|56073468.00|1|0.0000|0.0000|0.0000|0|51.58
建龙微纳|688357|2.14|1294253|29341948.00|-2.19|2.71|-5.86|23.35|22.36|23.48|21.52|1.29|22.86|1406680|31925392.00|1|0.0000|0.0000|0.0000|0|22.86
祥生医疗|688358|3.19|1862602|49181712.00|-0.49|4.74|-8.04|27.46|26.48|27.87|24.47|1.86|26.61|1855693|49757604.00|1|0.0000|0.0000|0.0000|0|26.61
三孚新科|688359|-0.31|2468831|108445120.00|-2.85|0.73|-6.39|44.80|43.66|45.27|42.07|2.47|44.94|2816559|120851144.00|1|0.0000|0.0000|0.0000|0|44.94
德马科技|688360|4.63|6062871|102050680.00|-1.11|6.15|-10.95|17.86|16.88|18.12|15.20|6.06|17.07|5038514|85626872.00|1|0.0000|0.0000|0.0000|0|17.07
中科飞测|688361|5.91|8619125|713241664.00|-2.41|10.56|-4.11|83.46|76.90|87.12|75.56|8.62|78.80|6131133|485272640.00|1|0.0000|0.0000|0.0000|0|78.80
甬矽电子|688362|6.74|15664696|395682784.00|-4.36|8.07|-7.55|26.45|23.70|26.78|22.91|15.66|24.78|13600815|335043200.00|1|0.0000|0.0000|0.0000|0|24.78
华熙生物|688363|5.03|4720072|222337472.00|-1.06|5.86|-2.60|48.40|45.59|48.78|44.88|4.72|46.08|4198154|191479488.00|1|0.0000|0.0000|0.0000|0|46.08
光云科技|688365|4.21|13470576|139569168.00|-0.10|5.07|-8.80|10.89|10.44|10.98|9.53|13.47|10.45|12028155|124613624.00|1|0.0000|0.0000|0.0000|0|10.45
昊海生科|688366|-0.29|1196161|64422120.00|-2.00|1.65|-4.50|54.24|53.31|55.30|51.95|1.20|54.40|1763743|96125704.00|1|0.0000|0.0000|0.0000|0|54.40
工大高科|688367|3.43|1174552|16400400.00|-2.50|4.93|-6.93|14.47|13.64|14.68|13.02|1.17|13.99|1257964|17550442.00|1|0.0000|0.0000|0.0000|0|13.99
晶丰明源|688368|3.18|760560|63381028.00|-3.02|4.26|-5.32|85.11|80.00|86.00|78.10|0.76|82.49|948790|77826168.00|1|0.0000|0.0000|0.0000|0|82.49
致远互联|688369|3.36|5637576|146740128.00|-4.58|4.69|-9.47|27.08|25.00|27.43|23.72|5.64|26.20|7670022|207920240.00|1|0.0000|0.0000|0.0000|0|26.20
丛麟科技|688370|1.87|634969|11178928.00|-0.06|2.89|-4.48|17.95|17.61|18.13|16.83|0.63|17.62|782473|13820828.00|1|0.0000|0.0000|0.0000|0|17.62
菲沃泰|688371|1.77|2924464|40347280.00|-4.33|2.55|-9.22|14.35|13.49|14.46|12.80|2.92|14.10|2991423|42262000.00|1|0.0000|0.0000|0.0000|0|14.10
伟测科技|688372|1.52|5615539|400115776.00|-3.22|3.36|-10.14|73.42|69.99|74.75|64.99|5.62|72.32|4714361|340650816.00|1|0.0000|0.0000|0.0000|0|72.32
盟科药业|688373|3.75|10633320|53534856.00|-2.37|4.54|-7.89|5.26|4.95|5.30|4.67|10.63|5.07|9792741|50581960.00|1|0.0000|0.0000|0.0000|0|5.07
国博电子|688375|6.89|4274364|214416384.00|-0.27|8.19|-0.27|52.10|48.61|52.73|48.61|4.27|48.74|2056725|101482096.00|1|0.0000|0.0000|0.0000|0|48.74
美埃科技|688376|2.34|1146905|38324280.00|-2.25|3.94|-5.80|34.07|32.54|34.60|31.36|1.15|33.29|903369|30152316.00|1|0.0000|0.0000|0.0000|0|33.29
迪威尔|688377|1.00|3423123|53312400.00|-3.31|2.31|-9.32|16.15|15.46|16.36|14.50|3.42|15.99|4032546|64057088.00|1|0.0000|0.0000|0.0000|0|15.99
奥来德|688378|4.33|6358028|109380816.00|-3.06|5.02|-7.56|18.08|16.80|18.20|16.02|6.36|17.33|5695456|100268400.00|1|0.0000|0.0000|0.0000|0|17.33
华光新材|688379|0.82|2556895|48234160.00|-1.84|1.69|-9.81|19.73|19.21|19.90|17.65|2.56|19.57|2097310|41144904.00|1|0.0000|0.0000|0.0000|0|19.57
中微半导|688380|4.16|10649038|262266480.00|-1.77|5.56|-7.61|25.31|23.87|25.65|22.45|10.65|24.30|9154172|221619472.00|1|0.0000|0.0000|0.0000|0|24.30
帝奥微|688381|4.49|6196185|111371368.00|-2.92|5.22|-6.52|18.60|17.28|18.73|16.64|6.20|17.80|5797417|103736752.00|1|0.0000|0.0000|0.0000|0|17.80
益方生物|688382|4.83|14755171|238967024.00|-4.03|6.23|-10.76|17.15|15.70|17.38|14.60|14.76|16.36|14426399|235843888.00|1|0.0000|0.0000|0.0000|0|16.36
新益昌|688383|2.28|1011051|39085116.00|-2.92|3.33|-6.50|39.94|37.91|40.35|36.51|1.01|39.05|980021|38278008.00|1|0.0000|0.0000|0.0000|0|39.05
复旦微电|688385|9.41|18891682|920326592.00|-1.10|12.42|-2.99|49.76|44.98|51.13|44.12|18.89|45.48|13659340|631958784.00|1|0.0000|0.0000|0.0000|0|45.48
泛亚微透|688386|10.46|3048051|133076080.00|-2.13|10.90|-3.31|45.71|40.50|45.89|40.01|3.05|41.38|2106873|85755664.00|1|0.0000|0.0000|0.0000|0|41.38
信科移动|688387|2.54|25737451|132685688.00|-1.17|3.52|-3.33|5.24|5.05|5.29|4.94|25.74|5.11|26728479|135258240.00|1|0.0000|0.0000|0.0000|0|5.11
嘉元科技|688388|0.90|12875738|189322752.00|-1.16|2.13|-12.79|15.62|15.30|15.81|13.50|12.88|15.48|11129189|172918336.00|1|0.0000|0.0000|0.0000|0|15.48
普门科技|688389|1.31|8828995|119341424.00|-1.38|2.11|-5.68|13.92|13.55|14.03|12.96|8.83|13.74|10226191|140478016.00|1|0.0000|0.0000|0.0000|0|13.74
固德威|688390|2.24|7633981|296631232.00|-3.38|3.20|-8.95|40.20|37.99|40.58|35.80|7.63|39.32|7289684|286840448.00|1|0.0000|0.0000|0.0000|0|39.32
钜泉科技|688391|3.26|1869575|47953100.00|-2.06|4.39|-6.80|26.59|25.22|26.88|24.00|1.87|25.75|1837087|47381160.00|1|0.0000|0.0000|0.0000|0|25.75
骄成超声|688392|1.86|1971614|81826128.00|-0.69|4.03|-8.27|42.76|41.69|43.67|38.51|1.97|41.98|1986646|83113912.00|1|0.0000|0.0000|0.0000|0|41.98
安必平|688393|0.50|6985914|201818624.00|-3.33|2.57|-12.93|30.15|29.00|30.77|26.12|6.99|30.00|6111597|185503120.00|1|0.0000|0.0000|0.0000|0|30.00
正弦电气|688395|1.06|4008228|65815068.00|-2.07|2.72|-9.81|17.11|16.58|17.39|15.27|4.01|16.93|3338130|56952544.00|1|0.0000|0.0000|0.0000|0|16.93
华润微|688396|5.00|11492855|493544064.00|-0.48|5.00|-1.91|43.89|41.60|43.89|41.00|11.49|41.80|10888980|448401088.00|1|0.0000|0.0000|0.0000|0|41.80
赛特新材|688398|-0.07|2106760|29430816.00|-1.32|1.25|-7.99|14.38|14.20|14.57|13.24|2.11|14.39|1581559|22894364.00|1|0.0000|0.0000|0.0000|0|14.39
硕世生物|688399|2.90|710577|43093132.00|-1.09|2.92|-7.10|63.49|61.03|63.50|57.32|0.71|61.70|598192|36844724.00|1|0.0000|0.0000|0.0000|0|61.70
凌云光|688400|4.38|12326349|285151840.00|-1.30|5.55|-8.28|24.07|22.76|24.34|21.15|12.33|23.06|13182705|307746112.00|1|0.0000|0.0000|0.0000|0|23.06
路维光电|688401|7.88|9591336|320354976.00|-2.92|14.23|-4.77|33.67|30.30|35.65|29.72|9.59|31.21|6215443|194401200.00|1|0.0000|0.0000|0.0000|0|31.21
汇成股份|688403|0.12|25787452|202899504.00|-1.11|1.48|-9.99|8.12|8.02|8.23|7.30|25.79|8.11|27381625|220486752.00|1|0.0000|0.0000|0.0000|0|8.11
中信博|688408|-0.74|5111420|229836416.00|-2.23|0.04|-6.89|45.84|45.15|46.20|43.00|5.11|46.18|5701289|262071904.00|1|0.0000|0.0000|0.0000|0|46.18
富创精密|688409|2.64|6567494|319956800.00|-2.82|4.82|-6.54|49.43|46.80|50.48|45.01|6.57|48.16|7114409|342237504.00|1|0.0000|0.0000|0.0000|0|48.16
山外山|688410|8.93|7413019|80600784.00|-1.54|12.10|-4.90|11.34|10.25|11.67|9.90|7.41|10.41|3622172|37648172.00|1|0.0000|0.0000|0.0000|0|10.41
海博思创|688411|0.86|2677368|179161168.00|-2.66|1.78|-7.32|68.18|65.80|68.80|62.65|2.68|67.60|2779553|187142592.00|1|0.0000|0.0000|0.0000|0|67.60
恒烁股份|688416|4.52|2372370|79254336.00|-1.25|5.65|-7.77|35.12|33.18|35.50|30.99|2.37|33.60|2449453|81992312.00|1|0.0000|0.0000|0.0000|0|33.60
震有科技|688418|10.39|10705965|322373248.00|-1.34|11.24|-2.54|31.34|28.01|31.58|27.67|10.71|28.39|9184563|256624944.00|1|0.0000|0.0000|0.0000|0|28.39
耐科装备|688419|3.05|919033|25499692.00|-2.05|3.52|-7.58|28.70|27.28|28.83|25.74|0.92|27.85|789318|21964312.00|1|0.0000|0.0000|0.0000|0|27.85
美腾科技|688420|1.41|665757|13068109.00|-1.97|3.03|-6.01|20.08|19.41|20.40|18.61|0.67|19.80|442748|8739982.00|1|0.0000|0.0000|0.0000|0|19.80
铁建重工|688425|1.23|40209387|161639296.00|-0.74|1.48|-3.21|4.10|4.02|4.11|3.92|40.21|4.05|57435299|231427808.00|1|0.0000|0.0000|0.0000|0|4.05
康为世纪|688426|4.97|1656066|27131286.00|-2.45|5.76|-6.56|17.12|15.91|17.25|15.24|1.66|16.31|1742684|28664024.00|1|0.0000|0.0000|0.0000|0|16.31
诺诚健华|688428|4.79|7894543|129316160.00|-0.80|5.90|-6.70|17.05|16.14|17.23|15.18|7.89|16.27|9357519|153998368.00|1|0.0000|0.0000|0.0000|0|16.27
时创能源|688429|2.66|1746969|21691130.00|-0.97|3.15|-5.56|12.73|12.28|12.79|11.71|1.75|12.40|1936754|23658466.00|1|0.0000|0.0000|0.0000|0|12.40
有研硅|688432|2.52|9769048|102028192.00|-1.94|3.78|-4.55|10.59|10.13|10.72|9.86|9.77|10.33|10971359|113753296.00|1|0.0000|0.0000|0.0000|0|10.33
华曙高科|688433|6.98|5408814|169684336.00|2.51|7.30|-11.62|33.70|32.29|33.80|27.84|5.41|31.50|5745108|180507376.00|1|0.0000|0.0000|0.0000|0|31.50
英方软件|688435|5.76|2200579|60957036.00|-0.92|6.71|-7.19|28.84|27.02|29.10|25.31|2.20|27.27|1666047|45557644.00|1|0.0000|0.0000|0.0000|0|27.27
振华风光|688439|8.03|4220468|271191808.00|-0.99|10.73|-1.65|65.36|59.90|66.99|59.50|4.22|60.50|2585633|159098752.00|1|0.0000|0.0000|0.0000|0|60.50
智翔金泰|688443|3.83|4212777|109336088.00|-2.38|6.95|-6.09|26.60|25.01|27.40|24.06|4.21|25.62|4595382|117745376.00|1|0.0000|0.0000|0.0000|0|25.62
磁谷科技|688448|6.25|1309131|32142942.00|-1.64|7.64|-6.33|25.85|23.93|26.19|22.79|1.31|24.33|1105372|26799882.00|1|0.0000|0.0000|0.0000|0|24.33
联芸科技|688449|3.89|6342357|263577600.00|-1.48|5.30|-3.03|42.16|39.98|42.73|39.35|6.34|40.58|5405956|217821056.00|1|0.0000|0.0000|0.0000|0|40.58
光格科技|688450|5.28|1201185|24671910.00|-2.83|5.28|-8.44|21.95|20.26|21.95|19.09|1.20|20.85|612277|12650519.00|1|0.0000|0.0000|0.0000|0|20.85
科捷智能|688455|1.69|2103081|20891632.00|-0.60|1.79|-7.14|10.25|10.02|10.26|9.36|2.10|10.08|1507994|15054710.00|1|0.0000|0.0000|0.0000|0|10.08
有研粉材|688456|4.18|2574476|79556752.00|-1.44|5.36|-4.44|31.88|30.16|32.24|29.24|2.57|30.60|2567280|79166712.00|1|0.0000|0.0000|0.0000|0|30.60
美芯晟|688458|4.90|1848333|60621116.00|-2.65|5.49|-5.96|33.62|31.20|33.81|30.14|1.85|32.05|1629199|51824344.00|1|0.0000|0.0000|0.0000|0|32.05
哈铁科技|688459|1.39|3502462|32742484.00|-1.92|2.13|-4.80|9.51|9.20|9.58|8.93|3.50|9.38|3774100|35393116.00|1|0.0000|0.0000|0.0000|0|9.38
金科环境|688466|1.56|705103|10171577.00|-2.78|1.63|-6.64|14.98|14.34|14.99|13.77|0.71|14.75|681736|10076574.00|1|0.0000|0.0000|0.0000|0|14.75
科美诊断|688468|2.60|9282837|59594552.00|-1.53|4.43|-7.79|6.72|6.45|6.84|6.04|9.28|6.55|9059377|59495940.00|1|0.0000|0.0000|0.0000|0|6.55
芯联集成|688469|2.30|92986111|409096224.00|-1.84|4.14|-4.37|4.45|4.27|4.53|4.16|92.99|4.35|89902567|389509568.00|1|0.0000|0.0000|0.0000|0|4.35
阿特斯|688472|0.89|26796844|237996704.00|-2.23|1.56|-4.02|9.03|8.75|9.09|8.59|26.80|8.95|35920833|321506784.00|1|0.0000|0.0000|0.0000|0|8.95
萤石网络|688475|3.28|3591271|129596040.00|-1.03|6.76|-2.94|36.19|34.68|37.41|34.01|3.59|35.04|4899144|171166560.00|1|0.0000|0.0000|0.0000|0|35.04
晶升股份|688478|2.60|2530258|62336772.00|-2.48|3.76|-8.40|25.65|24.38|25.94|22.90|2.53|25.00|2927774|73882824.00|1|0.0000|0.0000|0.0000|0|25.00
友车科技|688479|3.44|1359780|23804266.00|-1.32|4.01|-4.36|18.04|17.21|18.14|16.68|1.36|17.44|1160257|20426198.00|1|0.0000|0.0000|0.0000|0|17.44
赛恩斯|688480|3.10|949794|28639508.00|-1.70|3.83|-3.33|30.93|29.49|31.15|29.00|0.95|30.00|850806|25555578.00|1|0.0000|0.0000|0.0000|0|30.00
南芯科技|688484|1.00|8261506|248788944.00|-1.21|3.65|-5.12|30.16|29.50|30.95|28.33|8.26|29.86|7668515|229505024.00|1|0.0000|0.0000|0.0000|0|29.86
九州一轨|688485|1.23|2300893|20105694.00|-2.69|2.47|-8.42|9.02|8.67|9.13|8.16|2.30|8.91|1794191|16138471.00|1|0.0000|0.0000|0.0000|0|8.91
龙迅股份|688486|3.49|1536219|147208176.00|-2.76|7.47|-6.08|96.99|91.13|100.72|88.02|1.54|93.72|1190895|112846280.00|1|0.0000|0.0000|0.0000|0|93.72
艾迪药业|688488|7.47|14867181|151796480.00|-2.65|8.95|-9.83|10.93|9.90|11.08|9.17|14.87|10.17|12397102|124466408.00|1|0.0000|0.0000|0.0000|0|10.17
三未信安|688489|6.05|1140608|35362812.00|-0.69|7.33|-6.21|32.10|30.06|32.49|28.39|1.14|30.27|1259495|38568760.00|1|0.0000|0.0000|0.0000|0|30.27
清越科技|688496|2.71|6683557|43545996.00|-2.86|3.61|-8.13|6.82|6.45|6.88|6.10|6.68|6.64|7310377|48703988.00|1|0.0000|0.0000|0.0000|0|6.64
源杰科技|688498|1.57|2778978|262996304.00|-2.29|3.14|-7.26|96.49|92.82|97.98|88.10|2.78|95.00|3298888|308887872.00|1|0.0000|0.0000|0.0000|0|95.00
利元亨|688499|4.34|6876636|148402192.00|-1.76|4.99|-7.02|22.58|21.26|22.72|20.12|6.88|21.64|6399276|137947392.00|1|0.0000|0.0000|0.0000|0|21.64
慧辰股份|688500|15.19|3006542|73457216.00|-0.96|17.36|-10.70|26.47|22.76|26.97|20.52|3.01|22.98|1578638|36190976.00|1|0.0000|0.0000|0.0000|0|22.98
青达环保|688501|3.83|4563713|82310048.00|-1.00|4.61|-6.06|18.69|17.82|18.83|16.91|4.56|18.00|4753560|86285776.00|1|0.0000|0.0000|0.0000|0|18.00
茂莱光学|688502|9.47|1317103|339327200.00|-4.07|13.47|-7.72|268.20|235.04|278.00|226.08|1.32|245.00|1066889|260399888.00|1|0.0000|0.0000|0.0000|0|245.00
聚和材料|688503|0.58|8238427|249936512.00|-2.56|1.14|-7.50|31.00|30.03|31.17|28.51|8.24|30.82|8721473|267559024.00|1|0.0000|0.0000|0.0000|0|30.82
复旦张江|688505|2.90|5106627|36869960.00|-1.79|3.45|-6.21|7.46|7.12|7.50|6.80|5.11|7.25|5156341|37293056.00|1|0.0000|0.0000|0.0000|0|7.25
百利天恒|688506|1.48|1979974|440432128.00|-3.43|1.48|-6.53|229.09|218.00|229.09|211.00|1.98|225.74|1903733|422158016.00|1|0.0000|0.0000|0.0000|0|225.74
索辰科技|688507|7.77|2618699|189313024.00|-1.97|8.98|-6.01|74.76|68.00|75.60|65.20|2.62|69.37|1967778|137945136.00|1|0.0000|0.0000|0.0000|0|69.37
芯朋微|688508|2.99|4699751|200605712.00|-1.83|4.63|-6.65|43.80|41.75|44.50|39.70|4.70|42.53|4336221|185143648.00|1|0.0000|0.0000|0.0000|0|42.53
正元地信|688509|4.98|15565692|50080720.00|-2.18|5.92|-6.54|3.37|3.14|3.40|3.00|15.57|3.21|12872759|41228996.00|1|0.0000|0.0000|0.0000|0|3.21
航亚科技|688510|7.95|10754056|171366304.00|-1.79|9.80|-3.58|16.30|14.83|16.58|14.56|10.75|15.10|5060584|76896784.00|1|0.0000|0.0000|0.0000|0|15.10
*ST天微|688511|5.45|2426109|28319064.00|-3.98|6.31|-5.27|12.20|11.11|12.30|10.96|2.43|11.57|1674147|19372506.00|1|0.0000|0.0000|0.0000|0|11.57
慧智微|688512|5.65|13449041|110554504.00|-1.35|7.25|-7.49|8.60|8.03|8.73|7.53|13.45|8.14|11936464|97670544.00|1|0.0000|0.0000|0.0000|0|8.14
苑东生物|688513|-0.74|4215167|131402832.00|-1.78|0.46|-8.14|32.30|31.96|32.69|29.89|4.22|32.54|3762587|122862952.00|1|0.0000|0.0000|0.0000|0|32.54
裕太微|688515|5.03|1946831|176557760.00|-1.67|5.86|-4.32|93.14|87.20|93.88|84.85|1.95|88.68|1507512|133816312.00|1|0.0000|0.0000|0.0000|0|88.68
奥特维|688516|0.90|5013491|169937920.00|-1.20|2.04|-5.60|34.61|33.89|35.00|32.38|5.01|34.30|5871929|203501472.00|1|0.0000|0.0000|0.0000|0|34.30
金冠电气|688517|2.07|3101232|37058384.00|-1.98|3.64|-7.11|12.35|11.86|12.54|11.24|3.10|12.10|2657535|31894090.00|1|0.0000|0.0000|0.0000|0|12.10
联赢激光|688518|0.42|9933121|139084688.00|-1.76|1.41|-6.68|14.29|13.98|14.43|13.28|9.93|14.23|8638293|123987512.00|1|0.0000|0.0000|0.0000|0|14.23
南亚新材|688519|6.27|6943253|194263488.00|-2.89|10.66|-8.35|29.00|26.50|30.20|25.01|6.94|27.29|6576647|181427536.00|1|0.0000|0.0000|0.0000|0|27.29
神州细胞|688520|0.46|3840969|139609488.00|-1.30|1.11|-6.31|37.11|36.46|37.35|34.61|3.84|36.94|3238582|120230720.00|1|0.0000|0.0000|0.0000|0|36.94
芯原股份|688521|4.15|17782494|1605847424.00|-1.30|9.20|-5.32|90.20|85.48|94.58|82.00|17.78|86.61|15705582|1373506560.00|1|0.0000|0.0000|0.0000|0|86.61
纳睿雷达|688522|5.62|4709071|309684352.00|-2.86|9.86|-4.24|66.76|61.40|69.44|60.53|4.71|63.21|3896560|244866768.00|1|0.0000|0.0000|0.0000|0|63.21
航天环宇|688523|6.99|3568391|68541712.00|-0.98|8.85|-3.06|19.59|18.13|19.93|17.75|3.57|18.31|2606402|47998468.00|1|0.0000|0.0000|0.0000|0|18.31
佰维存储|688525|2.57|20785311|1194856960.00|-2.99|4.02|-9.53|58.96|55.76|59.79|52.00|20.79|57.48|19164677|1110883456.00|1|0.0000|0.0000|0.0000|0|57.48
科前生物|688526|3.24|11565177|180862544.00|-1.10|4.41|-4.35|15.92|15.25|16.10|14.75|11.57|15.42|7749694|120028072.00|1|0.0000|0.0000|0.0000|0|15.42
秦川物联|688528|2.63|1169037|9160384.00|-1.63|3.64|-8.28|8.18|7.84|8.26|7.31|1.17|7.97|1131692|8976435.00|1|0.0000|0.0000|0.0000|0|7.97
豪森智能|688529|5.05|5008271|74251616.00|-2.69|6.73|-9.56|15.60|14.45|15.85|13.43|5.01|14.85|4659865|69525672.00|1|0.0000|0.0000|0.0000|0|14.85
欧莱新材|688530|4.40|1941139|28928266.00|-3.39|6.57|-5.96|15.41|14.26|15.73|13.88|1.94|14.76|1279680|18878446.00|1|0.0000|0.0000|0.0000|0|14.76
日联科技|688531|2.34|2393370|125857584.00|-3.02|3.57|-6.12|53.85|51.03|54.50|49.40|2.39|52.62|2534426|133699152.00|1|0.0000|0.0000|0.0000|0|52.62
上声电子|688533|2.67|2647287|66881364.00|-2.75|4.05|-7.54|26.13|24.75|26.48|23.53|2.65|25.45|3021644|77391400.00|1|0.0000|0.0000|0.0000|0|25.45
华海诚科|688535|6.40|3357684|227841264.00|-6.17|7.25|-6.17|70.31|62.00|70.87|62.00|3.36|66.08|3020333|200880320.00|1|0.0000|0.0000|0.0000|0|66.08
思瑞浦|688536|7.43|4983000|620184768.00|-1.80|13.22|-2.65|124.30|113.62|131.00|112.63|4.98|115.70|4656717|555298624.00|1|0.0000|0.0000|0.0000|0|115.70
和辉光电|688538|1.96|88831976|182407664.00|-0.98|2.94|-2.45|2.08|2.02|2.10|1.99|88.83|2.04|81987092|165863232.00|1|0.0000|0.0000|0.0000|0|2.04
高华科技|688539|4.76|1871628|42581864.00|-1.30|5.79|-4.40|23.35|22.00|23.58|21.31|1.87|22.29|1764471|39357936.00|1|0.0000|0.0000|0.0000|0|22.29
国科军工|688543|17.35|13259377|680439232.00|0.04|18.76|-0.98|53.98|46.02|54.63|45.55|13.26|46.00|4912492|223971600.00|1|0.0000|0.0000|0.0000|0|46.00
兴福电子|688545|4.21|10439199|274615712.00|-2.55|5.29|-6.60|27.00|25.25|27.28|24.20|10.44|25.91|7848147|203706256.00|1|0.0000|0.0000|0.0000|0|25.91
广钢气体|688548|1.75|11815098|128450400.00|-3.31|3.04|-5.52|11.05|10.50|11.19|10.26|11.82|10.86|12965176|142177952.00|1|0.0000|0.0000|0.0000|0|10.86
中巨芯|688549|4.27|19818888|136824912.00|-0.59|5.89|-5.60|7.08|6.75|7.19|6.41|19.82|6.79|20355840|136971552.00|1|0.0000|0.0000|0.0000|0|6.79
瑞联新材|688550|2.92|4389662|147419184.00|-2.45|4.21|-6.03|34.50|32.70|34.93|31.50|4.39|33.52|5505432|186917568.00|1|0.0000|0.0000|0.0000|0|33.52
科威尔|688551|2.88|1055634|26073256.00|-2.68|4.01|-5.27|25.38|24.01|25.66|23.37|1.06|24.67|1021575|25203422.00|1|0.0000|0.0000|0.0000|0|24.67
航天南湖|688552|7.55|3452794|66312520.00|-1.48|8.80|-2.68|19.67|18.02|19.90|17.80|3.45|18.29|2748103|49921368.00|1|0.0000|0.0000|0.0000|0|18.29
汇宇制药|688553|1.78|6639584|91338184.00|-1.78|1.99|-7.53|14.33|13.83|14.36|13.02|6.64|14.08|7421897|104197784.00|1|0.0000|0.0000|0.0000|0|14.08
高测股份|688556|0.70|12720480|106067504.00|-2.34|2.22|-7.49|8.60|8.34|8.73|7.90|12.72|8.54|14135798|120352456.00|1|0.0000|0.0000|0.0000|0|8.54
兰剑智能|688557|2.28|2958581|55171912.00|-3.60|3.65|-7.26|19.31|18.20|19.57|17.51|2.96|18.88|2764307|52303576.00|1|0.0000|0.0000|0.0000|0|18.88
国盛智科|688558|3.64|1931833|38034336.00|-0.15|4.96|-7.79|20.48|19.73|20.74|18.22|1.93|19.76|2099962|42053176.00|1|0.0000|0.0000|0.0000|0|19.76
海目星|688559|2.91|7062529|176632720.00|-1.58|3.70|-7.64|26.13|24.99|26.33|23.45|7.06|25.39|7139592|181731088.00|1|0.0000|0.0000|0.0000|0|25.39
明冠新材|688560|1.11|3535061|40488412.00|-0.85|1.70|-8.33|11.89|11.66|11.96|10.78|3.54|11.76|3286470|38645976.00|1|0.0000|0.0000|0.0000|0|11.76
奇安信|688561|2.83|10949494|326403392.00|-2.05|5.12|-4.61|30.13|28.70|30.80|27.95|10.95|29.30|10260939|299520928.00|1|0.0000|0.0000|0.0000|0|29.30
航天软件|688562|5.27|4300798|60739296.00|-1.81|5.85|-4.19|14.58|13.60|14.66|13.27|4.30|13.85|3835592|52337088.00|1|0.0000|0.0000|0.0000|0|13.85
航材股份|688563|5.32|3944420|202438432.00|-0.75|6.47|-1.88|52.08|49.08|52.65|48.52|3.94|49.45|2161669|106313024.00|1|0.0000|0.0000|0.0000|0|49.45
力源科技|688565|2.67|3423945|20008978.00|-0.50|4.51|-8.35|6.15|5.96|6.26|5.49|3.42|5.99|3689214|21950784.00|1|0.0000|0.0000|0.0000|0|5.99
吉贝尔|688566|0.68|2251873|48940848.00|-1.44|1.22|-6.53|22.37|21.90|22.49|20.77|2.25|22.22|2296820|50658820.00|1|0.0000|0.0000|0.0000|0|22.22
孚能科技|688567|2.40|18602296|216936656.00|-1.80|4.20|-6.17|11.95|11.46|12.16|10.95|18.60|11.67|20363128|238118720.00|1|0.0000|0.0000|0.0000|0|11.67
中科星图|688568|2.80|9587515|472267872.00|-0.85|5.53|-3.71|49.64|47.88|50.96|46.50|9.59|48.29|9413875|455595584.00|1|0.0000|0.0000|0.0000|0|48.29
铁科轨道|688569|-1.66|5576120|127025240.00|0.13|0.55|-8.05|23.08|23.50|23.60|21.58|5.58|23.47|6224187|139824864.00|1|0.0000|0.0000|0.0000|0|23.47
天玛智控|688570|3.57|1920019|34233216.00|-0.79|4.65|-4.53|18.28|17.51|18.47|16.85|1.92|17.65|1491323|26312504.00|1|0.0000|0.0000|0.0000|0|17.65
杭华股份|688571|2.19|7493691|47112268.00|-3.13|3.44|-7.66|6.54|6.20|6.62|5.91|7.49|6.40|6556873|41919656.00|1|0.0000|0.0000|0.0000|0|6.40
信宇人|688573|4.03|3062351|45416776.00|-1.68|5.30|-8.05|15.50|14.65|15.69|13.70|3.06|14.90|2741745|40678988.00|1|0.0000|0.0000|0.0000|0|14.90
亚辉龙|688575|0.00|6593857|97471424.00|-1.20|0.40|-4.99|15.03|14.85|15.09|14.28|6.59|15.03|7839201|117617824.00|1|0.0000|0.0000|0.0000|0|15.03
西山科技|688576|2.08|410519|25129374.00|-1.46|3.63|-4.60|62.42|60.26|63.37|58.34|0.41|61.15|333150|20271596.00|1|0.0000|0.0000|0.0000|0|61.15
浙海德曼|688577|4.53|1624766|79307224.00|-1.64|6.98|-6.56|50.34|47.37|51.52|45.00|1.62|48.16|1610313|78591624.00|1|0.0000|0.0000|0.0000|0|48.16
艾力斯|688578|-0.60|8162121|653357696.00|-2.34|2.44|-6.95|80.71|79.30|83.18|75.56|8.16|81.20|8938354|730538816.00|1|0.0000|0.0000|0.0000|0|81.20
山大地纬|688579|4.53|10695847|91929456.00|-1.86|5.57|-7.78|9.00|8.45|9.09|7.94|10.70|8.61|7824205|67676264.00|1|0.0000|0.0000|0.0000|0|8.61
伟思医疗|688580|-2.39|6982216|239712832.00|-3.55|-0.08|-15.86|36.00|35.57|36.85|31.03|6.98|36.88|7601425|278432608.00|1|0.0000|0.0000|0.0000|0|36.88
安杰思|688581|0.44|1001752|57924204.00|-2.06|1.32|-6.57|59.14|57.67|59.66|55.01|1.00|58.88|972471|57433796.00|1|0.0000|0.0000|0.0000|0|58.88
芯动联科|688582|13.78|12251194|704469632.00|4.83|18.68|3.15|58.46|53.86|60.98|53.00|12.25|51.38|10100873|523371232.00|1|0.0000|0.0000|0.0000|0|51.38
思看科技|688583|1.32|1182473|111981424.00|-3.20|2.83|-8.39|97.33|92.99|98.78|88.00|1.18|96.06|1212464|116823088.00|1|0.0000|0.0000|0.0000|0|96.06
上海合晶|688584|5.60|4649887|68019912.00|-1.40|6.09|-4.27|15.08|14.08|15.15|13.67|4.65|14.28|4129193|59147224.00|1|0.0000|0.0000|0.0000|0|14.28
上纬新材|688585|6.49|4161861|26462998.00|-0.95|7.59|-7.28|6.73|6.26|6.80|5.86|4.16|6.32|2781589|17676402.00|1|0.0000|0.0000|0.0000|0|6.32
江航装备|688586|7.50|16504730|154982528.00|-0.90|10.53|-2.24|9.60|8.85|9.87|8.73|16.50|8.93|9102967|81181600.00|1|0.0000|0.0000|0.0000|0|8.93
凌志软件|688588|3.60|8919678|99475424.00|-1.26|5.23|-6.49|11.50|10.96|11.68|10.38|8.92|11.10|8658769|96173944.00|1|0.0000|0.0000|0.0000|0|11.10
力合微|688589|5.04|5994628|145220208.00|-3.40|7.18|-8.02|25.01|23.00|25.52|21.90|5.99|23.81|4632203|110877728.00|1|0.0000|0.0000|0.0000|0|23.81
新致软件|688590|6.84|10912834|193744976.00|-0.98|8.16|-9.08|18.59|17.23|18.82|15.82|10.91|17.40|8320986|142737344.00|1|0.0000|0.0000|0.0000|0|17.40
泰凌微|688591|1.88|19275319|629568064.00|-6.08|4.22|-8.94|33.52|30.90|34.29|29.96|19.28|32.90|18832038|619053056.00|1|0.0000|0.0000|0.0000|0|32.90
司南导航|688592|4.49|1041879|37653772.00|-2.29|5.41|-6.98|37.44|35.01|37.77|33.33|1.04|35.83|944831|34107732.00|1|0.0000|0.0000|0.0000|0|35.83
新相微|688593|3.17|5860729|87274640.00|-0.94|3.84|-8.15|15.31|14.70|15.41|13.63|5.86|14.84|6130349|90433696.00|1|0.0000|0.0000|0.0000|0|14.84
芯海科技|688595|8.06|6228768|200521392.00|0.00|9.55|-6.42|33.50|31.00|33.96|29.01|6.23|31.00|7110462|223604432.00|1|0.0000|0.0000|0.0000|0|31.00
正帆科技|688596|0.69|8447864|309736256.00|-1.95|4.13|-3.80|36.61|35.65|37.86|34.98|8.45|36.36|8211746|303220768.00|1|0.0000|0.0000|0.0000|0|36.36
煜邦电力|688597|3.01|8575206|84256608.00|-0.60|4.61|-8.53|10.27|9.91|10.43|9.12|8.58|9.97|7329709|73931280.00|1|0.0000|0.0000|0.0000|0|9.97
金博股份|688598|2.05|7749939|176008272.00|-1.96|4.01|-9.73|23.40|22.48|23.85|20.70|7.75|22.93|7370867|170369536.00|1|0.0000|0.0000|0.0000|0|22.93
天合光能|688599|2.57|35820345|482230496.00|-2.21|2.57|-4.63|13.95|13.30|13.95|12.97|35.82|13.60|38923013|527868608.00|1|0.0000|0.0000|0.0000|0|13.60
皖仪科技|688600|19.43|11068955|200088528.00|-1.86|19.99|-6.89|19.24|15.81|19.33|15.00|11.07|16.11|3267820|51234440.00|1|0.0000|0.0000|0.0000|0|16.11
力芯微|688601|3.20|3629806|123148728.00|-1.24|4.24|-6.10|34.84|33.34|35.19|31.70|3.63|33.76|3340442|112806584.00|1|0.0000|0.0000|0.0000|0|33.76
康鹏科技|688602|2.56|4409826|25573120.00|-1.54|3.25|-5.64|6.00|5.76|6.04|5.52|4.41|5.85|3571151|20782134.00|1|0.0000|0.0000|0.0000|0|5.85
天承科技|688603|9.27|964634|57396388.00|-2.30|9.27|-7.30|63.30|56.60|63.30|53.70|0.96|57.93|1077731|60961208.00|1|0.0000|0.0000|0.0000|0|57.93
先锋精科|688605|1.77|4399867|279539040.00|-2.42|3.11|-7.22|64.83|62.16|65.68|59.10|4.40|63.70|3231104|206496784.00|1|0.0000|0.0000|0.0000|0|63.70
奥泰生物|688606|1.42|738581|47830240.00|-2.19|1.90|-5.39|66.27|63.91|66.58|61.82|0.74|65.34|703421|46028080.00|1|0.0000|0.0000|0.0000|0|65.34
康众医疗|688607|6.14|2618052|41095488.00|-2.43|8.57|-9.14|16.60|15.26|16.98|14.21|2.62|15.64|1970762|30194766.00|1|0.0000|0.0000|0.0000|0|15.64
恒玄科技|688608|2.52|2809685|899039232.00|-2.81|5.57|-5.07|322.88|306.07|332.48|298.97|2.81|314.93|3212808|1014224576.00|1|0.0000|0.0000|0.0000|0|314.93
九联科技|688609|3.27|14720902|125528784.00|-0.93|4.09|-7.01|8.84|8.48|8.91|7.96|14.72|8.56|14530181|123795160.00|1|0.0000|0.0000|0.0000|0|8.56
埃科光电|688610|2.86|380461|11960860.00|0.06|4.10|-6.54|32.39|31.51|32.78|29.43|0.38|31.49|394113|12378897.00|1|0.0000|0.0000|0.0000|0|31.49
杭州柯林|688611|0.91|2025775|76547216.00|-1.30|2.77|-7.77|38.68|37.83|39.39|35.35|2.03|38.33|2029025|78018848.00|1|0.0000|0.0000|0.0000|0|38.33
威迈斯|688612|-0.50|4200511|91861328.00|-0.81|0.99|-5.82|22.07|22.00|22.40|20.89|4.20|22.18|5314419|118495168.00|1|0.0000|0.0000|0.0000|0|22.18
奥精医疗|688613|1.43|2097427|28942116.00|-2.57|2.29|-6.07|14.20|13.64|14.32|13.15|2.10|14.00|1851025|25824458.00|1|0.0000|0.0000|0.0000|0|14.00
合合信息|688615|5.47|1321808|253180960.00|-2.59|7.43|-5.07|198.89|183.70|202.60|179.02|1.32|188.58|1106468|210167440.00|1|0.0000|0.0000|0.0000|0|188.58
西力科技|688616|3.01|2440496|24107842.00|-0.60|3.41|-6.93|10.26|9.90|10.30|9.27|2.44|9.96|2278993|22689116.00|1|0.0000|0.0000|0.0000|0|9.96
惠泰医疗|688617|-3.21|1387814|571947648.00|-2.35|-0.65|-5.85|411.34|415.01|422.22|400.10|1.39|424.98|1388392|574267904.00|1|0.0000|0.0000|0.0000|0|424.98
三旺通信|688618|3.01|1844926|34156736.00|-1.83|3.97|-7.73|19.19|18.29|19.37|17.19|1.84|18.63|1569393|29155208.00|1|0.0000|0.0000|0.0000|0|18.63
罗普特|688619|3.97|2531772|19182768.00|-1.72|5.16|-4.23|7.86|7.43|7.95|7.24|2.53|7.56|2923372|21843162.00|1|0.0000|0.0000|0.0000|0|7.56
安凯微|688620|3.12|19145777|207449200.00|-0.92|4.40|-8.44|11.24|10.80|11.38|9.98|19.15|10.90|16634757|182427248.00|1|0.0000|0.0000|0.0000|0|10.90
阳光诺和|688621|-0.92|5253729|187484672.00|-5.84|0.87|-12.81|37.50|35.64|38.18|33.00|5.25|37.85|3938747|149485840.00|1|0.0000|0.0000|0.0000|0|37.85
禾信仪器|688622|3.55|1781449|149444192.00|-1.81|7.51|-8.90|87.52|82.99|90.87|77.00|1.78|84.52|1982750|164325568.00|1|0.0000|0.0000|0.0000|0|84.52
双元科技|688623|3.49|932911|53042540.00|0.00|3.79|-3.09|58.37|56.40|58.54|54.66|0.93|56.40|642086|35537496.00|1|0.0000|0.0000|0.0000|0|56.40
呈和科技|688625|5.11|6917720|318596640.00|2.17|12.76|-8.20|48.35|47.00|51.87|42.23|6.92|46.00|4764099|217689424.00|1|0.0000|0.0000|0.0000|0|46.00
翔宇医疗|688626|2.52|2601319|85383392.00|-3.03|4.09|-6.64|33.83|32.00|34.35|30.81|2.60|33.00|2311906|75754920.00|1|0.0000|0.0000|0.0000|0|33.00
精智达|688627|3.15|2389762|151136400.00|-2.29|5.74|-4.82|63.95|60.58|65.56|59.01|2.39|62.00|2013303|126756344.00|1|0.0000|0.0000|0.0000|0|62.00
优利德|688628|0.82|1638396|52167048.00|-1.22|2.10|-9.64|33.17|32.50|33.59|29.73|1.64|32.90|1363911|45094664.00|1|0.0000|0.0000|0.0000|0|32.90
华丰科技|688629|7.78|18338728|820119360.00|-1.93|10.07|-6.53|46.25|42.08|47.23|40.11|18.34|42.91|14917822|636916352.00|1|0.0000|0.0000|0.0000|0|42.91
芯碁微装|688630|3.45|6759505|410295264.00|-2.52|5.17|-7.08|62.29|58.69|63.32|55.95|6.76|60.21|7264311|440338720.00|1|0.0000|0.0000|0.0000|0|60.21
莱斯信息|688631|5.30|3332212|249084000.00|-2.25|6.49|-5.95|77.53|71.97|78.41|69.25|3.33|73.63|4084585|300629280.00|1|0.0000|0.0000|0.0000|0|73.63
星球石墨|688633|9.02|2016606|47181984.00|1.27|9.28|-5.82|24.90|23.13|24.96|21.51|2.02|22.84|1607314|36697000.00|1|0.0000|0.0000|0.0000|0|22.84
智明达|688636|6.47|5249256|204101344.00|-0.99|9.66|-4.40|39.66|36.88|40.85|35.61|5.25|37.25|4238831|159992128.00|1|0.0000|0.0000|0.0000|0|37.25
誉辰智能|688638|2.94|234703|6117642.50|1.87|2.94|-5.83|27.00|26.72|27.00|24.70|0.23|26.23|204772|5392217.00|1|0.0000|0.0000|0.0000|0|26.23
华恒生物|688639|-3.18|4898587|139527856.00|-2.03|-2.03|-6.09|28.63|28.97|28.97|27.77|4.90|29.57|6964858|196593376.00|1|0.0000|0.0000|0.0000|0|29.57
ST逸飞|688646|1.67|2302729|73201880.00|-2.94|2.76|-7.84|32.80|31.31|33.15|29.73|2.30|32.26|2051543|65491536.00|1|0.0000|0.0000|0.0000|0|32.26
中邮科技|688648|3.92|1467507|30651676.00|-5.47|4.65|-5.47|21.45|19.51|21.60|19.51|1.47|20.64|1405359|28943856.00|1|0.0000|0.0000|0.0000|0|20.64
盛邦安全|688651|4.87|1568771|48468712.00|-1.89|5.89|-5.96|31.67|29.63|31.98|28.40|1.57|30.20|844724|25801886.00|1|0.0000|0.0000|0.0000|0|30.20
京仪装备|688652|5.56|3394703|195780656.00|-1.79|8.60|-5.41|58.32|54.26|60.00|52.26|3.39|55.25|3263887|182444160.00|1|0.0000|0.0000|0.0000|0|55.25
康希通信|688653|3.53|6550069|69034936.00|-1.81|5.05|-7.53|10.86|10.30|11.02|9.70|6.55|10.49|5651698|59372908.00|1|0.0000|0.0000|0.0000|0|10.49
迅捷兴|688655|6.54|10451480|149073968.00|3.20|11.08|0.59|14.33|13.88|14.94|13.53|10.45|13.45|5423699|72996456.00|0|0.0000|0.0000|0.0000|0|13.45
浩欧博|688656|-5.93|1747824|128581136.00|-4.05|-3.09|-17.28|76.20|77.72|78.50|67.00|1.75|81.00|1016489|81204632.00|1|0.0000|0.0000|0.0000|0|81.00
浩辰软件|688657|6.78|1106005|44013952.00|-0.78|8.49|-5.12|41.11|38.20|41.77|36.53|1.11|38.50|822965|31443242.00|1|0.0000|0.0000|0.0000|0|38.50
悦康药业|688658|0.70|10236470|127973656.00|-2.80|1.48|-7.47|12.95|12.50|13.05|11.90|10.24|12.86|9917516|126656736.00|1|0.0000|0.0000|0.0000|0|12.86
元琛科技|688659|3.47|5220435|31259548.00|-1.65|3.63|-7.92|6.27|5.96|6.28|5.58|5.22|6.06|3225881|19456230.00|1|0.0000|0.0000|0.0000|0|6.06
电气风电|688660|2.72|29538946|182711008.00|-2.24|3.68|-6.72|6.42|6.11|6.48|5.83|29.54|6.25|29468704|182076800.00|1|0.0000|0.0000|0.0000|0|6.25
和林微纳|688661|5.45|6474469|235794624.00|-2.57|6.94|-9.02|38.12|35.22|38.66|32.89|6.47|36.15|7124620|260138208.00|1|0.0000|0.0000|0.0000|0|36.15
富信科技|688662|2.22|2202485|68564568.00|-1.90|2.82|-8.99|32.30|31.00|32.49|28.76|2.20|31.60|2808836|88627328.00|1|0.0000|0.0000|0.0000|0|31.60
新风光|688663|2.66|2809720|61132612.00|-2.38|3.76|-6.23|22.40|21.30|22.64|20.46|2.81|21.82|2534262|55644296.00|1|0.0000|0.0000|0.0000|0|21.82
四方光电|688665|2.88|1402809|42413412.00|-1.31|3.77|-7.37|31.41|30.13|31.68|28.28|1.40|30.53|1565630|48326852.00|1|0.0000|0.0000|0.0000|0|30.53
菱电电控|688667|1.27|422933|17664074.00|-0.84|2.42|-7.85|43.19|42.29|43.68|39.30|0.42|42.65|444968|19083404.00|1|0.0000|0.0000|0.0000|0|42.65
鼎通科技|688668|1.67|5799587|203469648.00|-2.61|2.78|-9.32|36.55|35.01|36.95|32.60|5.80|35.95|5206597|186602544.00|1|0.0000|0.0000|0.0000|0|35.95
聚石化学|688669|-0.15|2876392|37297460.00|-2.07|1.33|-11.41|13.48|13.22|13.68|11.96|2.88|13.50|2939520|39849300.00|1|0.0000|0.0000|0.0000|0|13.50
金迪克|688670|0.00|1609236|16942832.00|-1.65|1.56|-8.27|10.88|10.70|11.05|9.98|1.61|10.88|1595613|17384076.00|1|0.0000|0.0000|0.0000|0|10.88
碧兴物联|688671|5.62|931150|14746625.00|0.19|5.81|-5.55|16.55|15.70|16.58|14.80|0.93|15.67|727985|11400831.00|1|0.0000|0.0000|0.0000|0|15.67
金盘科技|688676|-1.46|18381286|537111616.00|-2.41|1.22|-10.68|29.79|29.50|30.60|27.00|18.38|30.23|17058470|521119584.00|1|0.0000|0.0000|0.0000|0|30.23
海泰新光|688677|-1.85|2273484|65288252.00|-0.81|-0.67|-8.66|29.25|29.56|29.60|27.22|2.27|29.80|1895710|56831844.00|1|0.0000|0.0000|0.0000|0|29.80
福立旺|688678|-0.36|15702910|251679136.00|-3.57|0.89|-11.77|16.76|16.22|16.97|14.84|15.70|16.82|15792107|266308768.00|1|0.0000|0.0000|0.0000|0|16.82
通源环境|688679|5.25|2164290|19679774.00|-1.53|6.89|-9.19|9.62|9.00|9.77|8.30|2.16|9.14|3127355|27949208.00|1|0.0000|0.0000|0.0000|0|9.14
海优新材|688680|1.80|2083078|66363380.00|-1.77|2.72|-9.39|33.30|32.13|33.60|29.64|2.08|32.71|2092891|68305064.00|1|0.0000|0.0000|0.0000|0|32.71
科汇股份|688681|1.72|3270854|35411208.00|-1.72|2.35|-8.41|11.25|10.87|11.32|10.13|3.27|11.06|2876198|31790688.00|1|0.0000|0.0000|0.0000|0|11.06
霍莱沃|688682|7.09|1171444|34320120.00|-1.80|8.46|-5.57|30.37|27.85|30.76|26.78|1.17|28.36|943458|26522098.00|1|0.0000|0.0000|0.0000|0|28.36
莱尔科技|688683|1.99|867252|16961652.00|0.00|3.41|-5.96|20.01|19.62|20.29|18.45|0.87|19.62|919825|17967608.00|1|0.0000|0.0000|0.0000|0|19.62
迈信林|688685|9.27|6514786|305389248.00|-0.36|11.88|-9.07|49.13|44.80|50.30|40.88|6.51|44.96|5860610|264716096.00|1|0.0000|0.0000|0.0000|0|44.96
奥普特|688686|2.21|1956348|133839160.00|-1.25|3.93|-5.90|69.52|67.17|70.69|64.01|1.96|68.02|2309573|155466256.00|1|0.0000|0.0000|0.0000|0|68.02
凯因科技|688687|-1.15|11408498|284684832.00|-2.80|0.96|-11.34|25.80|25.37|26.35|23.14|11.41|26.10|12298761|315391808.00|1|0.0000|0.0000|0.0000|0|26.10
银河微电|688689|1.61|3402839|64628196.00|-2.54|2.18|-8.19|19.60|18.80|19.71|17.71|3.40|19.29|2115222|41039800.00|1|0.0000|0.0000|0.0000|0|19.29
纳微科技|688690|7.47|8192136|159204384.00|-1.59|9.64|-6.73|20.28|18.57|20.69|17.60|8.19|18.87|6461022|121096696.00|1|0.0000|0.0000|0.0000|0|18.87
灿芯股份|688691|3.69|3174777|187573248.00|-3.18|6.95|-8.96|60.09|56.11|61.98|52.76|3.17|57.95|2542761|147043328.00|1|0.0000|0.0000|0.0000|0|57.95
达梦数据|688692|5.83|1689985|636477376.00|-0.82|9.48|-3.05|379.89|356.00|392.99|348.00|1.69|358.95|1077634|378012256.00|1|0.0000|0.0000|0.0000|0|358.95
锴威特|688693|4.15|2838031|80321944.00|-2.49|6.57|-7.30|28.84|27.00|29.51|25.67|2.84|27.69|1987885|54292964.00|1|0.0000|0.0000|0.0000|0|27.69
中创股份|688695|4.70|1165030|30020718.00|-2.47|5.37|-6.31|26.71|24.88|26.88|23.90|1.17|25.51|1124015|28549894.00|1|0.0000|0.0000|0.0000|0|25.51
极米科技|688696|-1.00|1583013|172699488.00|-1.86|0.98|-7.67|111.97|111.00|114.21|104.42|1.58|113.10|2392942|266216320.00|1|0.0000|0.0000|0.0000|0|113.10
纽威数控|688697|2.70|4231909|68699352.00|-1.48|4.18|-6.27|16.71|16.03|16.95|15.25|4.23|16.27|4420179|72264304.00|1|0.0000|0.0000|0.0000|0|16.27
伟创电气|688698|3.23|8117373|334260288.00|-3.78|3.49|-10.93|43.15|40.22|43.26|37.23|8.12|41.80|6914864|286130880.00|1|0.0000|0.0000|0.0000|0|41.80
明微电子|688699|3.56|1562668|45268524.00|-2.93|4.49|-6.80|30.00|28.12|30.27|27.00|1.56|28.97|1345438|38675444.00|1|0.0000|0.0000|0.0000|0|28.97
东威科技|688700|2.96|8034765|245171328.00|-1.48|5.10|-8.65|31.30|29.95|31.95|27.77|8.03|30.40|10172760|308336736.00|1|0.0000|0.0000|0.0000|0|30.40
卓锦股份|688701|5.59|3057451|15638867.00|-0.96|6.94|-9.44|5.48|5.14|5.55|4.70|3.06|5.19|2921852|15305806.00|1|0.0000|0.0000|0.0000|0|5.19
盛科通信|688702|4.95|3499110|218431888.00|-1.17|8.68|-1.91|62.76|59.10|64.99|58.66|3.50|59.80|3459451|204777280.00|1|0.0000|0.0000|0.0000|0|59.80
振华新材|688707|2.03|6965505|71419128.00|-1.93|2.90|-6.56|10.57|10.16|10.66|9.68|6.97|10.36|8032165|82550184.00|1|0.0000|0.0000|0.0000|0|10.36
佳驰科技|688708|6.39|3105385|158486464.00|-2.30|7.23|-3.75|52.27|48.00|52.68|47.29|3.11|49.13|1976177|97590488.00|1|0.0000|0.0000|0.0000|0|49.13
成都华微|688709|8.50|8855297|265924928.00|-1.30|10.68|-3.49|30.77|27.99|31.39|27.37|8.86|28.36|6832259|194958752.00|1|0.0000|0.0000|0.0000|0|28.36
益诺思|688710|1.68|1460539|46365216.00|-2.58|2.61|-8.78|32.67|31.30|32.97|29.31|1.46|32.13|1645377|53197920.00|1|0.0000|0.0000|0.0000|0|32.13
宏微科技|688711|5.79|7152692|95610072.00|-1.28|6.09|-7.89|14.08|13.14|14.12|12.26|7.15|13.31|5449568|72894992.00|1|0.0000|0.0000|0.0000|0|13.31
中研股份|688716|7.15|5074242|139211360.00|-2.95|8.74|-9.99|29.06|26.32|29.49|24.41|5.07|27.12|3957814|108195176.00|1|0.0000|0.0000|0.0000|0|27.12
艾罗能源|688717|6.67|4142963|185014384.00|-2.48|8.46|-7.21|46.88|42.86|47.67|40.78|4.14|43.95|3273477|144657984.00|1|0.0000|0.0000|0.0000|0|43.95
唯赛勃|688718|9.75|3047743|31891058.00|-1.31|13.47|-7.34|10.92|9.82|11.29|9.22|3.05|9.95|1206617|11974489.00|1|0.0000|0.0000|0.0000|0|9.95
爱科赛博|688719|3.47|1513811|38076180.00|-0.20|4.39|-7.46|25.94|25.02|26.17|23.20|1.51|25.07|1608191|40718844.00|1|0.0000|0.0000|0.0000|0|25.07
艾森股份|688720|5.65|2091156|70867880.00|-1.81|6.95|-6.34|34.97|32.50|35.40|31.00|2.09|33.10|1441172|48142484.00|1|0.0000|0.0000|0.0000|0|33.10
龙图光罩|688721|3.49|2387826|100981792.00|-1.46|6.05|-6.99|43.26|41.19|44.33|38.88|2.39|41.80|1864732|78543200.00|1|0.0000|0.0000|0.0000|0|41.80
同益中|688722|20.01|18406617|303489696.00|6.46|20.01|3.65|17.45|15.48|17.45|15.07|18.41|14.54|10834193|159243952.00|1|0.0000|0.0000|0.0000|0|14.54
拉普拉斯|688726|3.13|1598247|57777504.00|-2.47|3.74|-5.41|37.18|35.16|37.40|34.10|1.60|36.05|1763270|63300832.00|1|0.0000|0.0000|0.0000|0|36.05
格科微|688728|1.52|15839556|211277520.00|-1.90|4.49|-3.95|13.35|12.90|13.74|12.63|15.84|13.15|12517951|164471872.00|1|0.0000|0.0000|0.0000|0|13.15
壹石通|688733|3.10|3135945|46286768.00|-1.62|4.04|-6.87|15.30|14.60|15.44|13.82|3.14|14.84|2940555|43800612.00|1|0.0000|0.0000|0.0000|0|14.84
中自科技|688737|6.58|2891651|43404760.00|-0.94|8.06|-6.72|15.87|14.75|16.09|13.89|2.89|14.89|2773745|42091080.00|1|0.0000|0.0000|0.0000|0|14.89
成大生物|688739|-0.56|5535408|135489888.00|-1.82|0.28|-3.99|24.65|24.34|24.86|23.80|5.54|24.79|8751938|217562784.00|1|0.0000|0.0000|0.0000|0|24.79
金天钛业|688750|3.46|6095874|113904264.00|-0.65|4.10|-5.51|19.16|18.40|19.28|17.50|6.10|18.52|4959529|91286896.00|1|0.0000|0.0000|0.0000|0|18.52
胜科纳米|688757|2.51|7501696|164235152.00|-2.61|5.12|-9.92|22.42|21.30|22.99|19.70|7.50|21.87|7210294|155041056.00|1|0.0000|0.0000|0.0000|0|21.87
赛分科技|688758|2.25|5317608|82627472.00|-2.96|3.79|-5.91|15.91|15.10|16.15|14.64|5.32|15.56|5405499|82153272.00|1|0.0000|0.0000|0.0000|0|15.56
普冉股份|688766|3.49|3932856|353620064.00|-1.85|4.31|-6.88|92.26|87.50|92.99|83.02|3.93|89.15|3807155|338918112.00|1|0.0000|0.0000|0.0000|0|89.15
博拓生物|688767|2.76|970860|33367650.00|-0.20|3.75|-5.15|35.31|34.29|35.65|32.59|0.97|34.36|1392017|46928904.00|1|0.0000|0.0000|0.0000|0|34.36
容知日新|688768|4.26|1306740|59546588.00|-0.94|6.04|-7.44|47.49|45.12|48.30|42.16|1.31|45.55|1270929|57798120.00|1|0.0000|0.0000|0.0000|0|45.55
珠海冠宇|688772|1.23|25505400|306162784.00|-2.62|1.97|-6.15|12.35|11.88|12.44|11.45|25.51|12.20|30194994|368709920.00|1|0.0000|0.0000|0.0000|0|12.20
国光电气|688776|4.72|6691346|466966368.00|-2.00|6.57|-9.33|71.73|67.13|73.00|62.11|6.69|68.50|9340559|645106944.00|1|0.0000|0.0000|0.0000|0|68.50
中控技术|688777|3.64|19972071|921624768.00|-2.04|3.68|-3.44|47.28|44.69|47.30|44.05|19.97|45.62|17380809|785529600.00|1|0.0000|0.0000|0.0000|0|45.62
厦钨新能|688778|3.74|4673755|193773360.00|-1.87|5.68|-4.67|42.18|39.90|42.97|38.76|4.67|40.66|3954920|161841680.00|1|0.0000|0.0000|0.0000|0|40.66
五矿新能|688779|1.12|20298573|90103712.00|-1.57|2.24|-5.37|4.52|4.40|4.57|4.23|20.30|4.47|26817833|119090168.00|1|0.0000|0.0000|0.0000|0|4.47
悦安新材|688786|3.21|1320582|29132872.00|-2.71|4.47|-6.09|22.86|21.55|23.14|20.80|1.32|22.15|907292|19937630.00|1|0.0000|0.0000|0.0000|0|22.15
海天瑞声|688787|3.21|2918062|227910000.00|-2.19|4.65|-8.37|79.99|75.80|81.10|71.01|2.92|77.50|2324766|179627728.00|1|0.0000|0.0000|0.0000|0|77.50
科思科技|688788|10.76|3217348|222096496.00|-0.92|14.44|-6.00|71.96|64.37|74.35|61.07|3.22|64.97|2885175|190261184.00|1|0.0000|0.0000|0.0000|0|64.97
宏华数科|688789|-1.06|4138922|258961920.00|-1.61|3.93|-5.57|61.50|61.16|64.60|58.70|4.14|62.16|3647938|228629872.00|1|0.0000|0.0000|0.0000|0|62.16
倍轻松|688793|1.36|2668627|68793408.00|-3.29|1.97|-9.87|26.80|25.57|26.96|23.83|2.67|26.44|2254981|59813000.00|1|0.0000|0.0000|0.0000|0|26.44
艾为电子|688798|1.96|3401770|208714912.00|-4.79|4.49|-7.33|62.43|58.30|63.98|56.74|3.40|61.23|3840410|238022048.00|1|0.0000|0.0000|0.0000|0|61.23
华纳药厂|688799|-0.51|1446845|49391020.00|-1.50|0.03|-6.99|35.17|34.82|35.36|32.88|1.45|35.35|1667665|58153468.00|1|0.0000|0.0000|0.0000|0|35.35
瑞可达|688800|4.31|8138068|307753952.00|-2.86|5.28|-9.82|39.73|37.00|40.10|34.35|8.14|38.09|7332258|279001536.00|1|0.0000|0.0000|0.0000|0|38.09
天能股份|688819|2.25|3652182|87866264.00|-1.83|3.00|-4.09|24.52|23.54|24.70|23.00|3.65|23.98|3878165|92671912.00|1|0.0000|0.0000|0.0000|0|23.98
中芯国际|688981|6.09|74601350|6627104256.00|-1.14|7.74|-2.15|90.18|84.03|91.58|83.17|74.60|85.00|53816947|4544056320.00|1|0.0000|0.0000|0.0000|0|85.00
九号公司|689009|0.29|10222824|556103744.00|-3.76|4.01|-4.73|54.48|52.28|56.50|51.75|10.22|54.32|11844274|650396416.00|1|0.0000|0.0000|0.0000|0|54.32
安徽凤凰|920000|9.91|4313879|79088400.00|-2.56|10.77|-7.01|19.29|17.10|19.44|16.32|4.31|17.55|2841158|49396336.00|1|0.0000|0.0000|0.0000|0|17.55
纬达光电|920001|10.64|6419565|113910864.00|-2.92|13.22|-6.43|18.92|16.60|19.36|16.00|6.42|17.10|5660033|94660056.00|1|0.0000|0.0000|0.0000|0|17.10
万达轴承|920002|29.99|2419780|407724576.00|-3.16|29.99|-6.77|190.35|141.80|190.35|136.51|2.42|146.43|1046755|152422272.00|1|0.0000|0.0000|0.0000|0|146.43
晟楠科技|920006|29.97|20282419|682691136.00|3.40|29.97|0.04|35.95|28.60|35.95|27.67|20.28|27.66|8123542|209781408.00|1|0.0000|0.0000|0.0000|0|27.66
成电光信|920008|23.47|7943353|313082144.00|-2.57|25.24|-3.16|41.82|33.00|42.42|32.80|7.94|33.87|2528305|84157984.00|1|0.0000|0.0000|0.0000|0|33.87
凯添燃气|920010|13.13|18286448|221283888.00|-3.00|17.09|-5.64|12.84|11.01|13.29|10.71|18.29|11.35|13486941|148467200.00|1|0.0000|0.0000|0.0000|0|11.35
特瑞斯|920014|7.59|2911410|33803508.00|0.00|10.13|-5.42|11.90|11.06|12.18|10.46|2.91|11.06|1526448|16469536.00|1|0.0000|0.0000|0.0000|0|11.06
中草香料|920016|6.71|3439049|81436912.00|-4.10|7.50|-4.32|24.48|22.00|24.66|21.95|3.44|22.94|3059181|68120320.00|1|0.0000|0.0000|0.0000|0|22.94
星昊医药|920017|5.03|10953668|195796384.00|-3.95|5.37|-6.05|18.59|17.00|18.65|16.63|10.95|17.70|8639614|146543632.00|1|0.0000|0.0000|0.0000|0|17.70
铜冠矿建|920019|7.24|6265242|117783928.00|-4.55|8.39|-4.99|19.55|17.40|19.76|17.32|6.27|18.23|4253112|76647464.00|1|0.0000|0.0000|0.0000|0|18.23
流金科技|920021|10.99|28578598|172738032.00|-2.44|13.79|-5.76|6.36|5.59|6.52|5.40|28.58|5.73|18059431|99908944.00|1|0.0000|0.0000|0.0000|0|5.73
田野股份|920023|1.22|74033493|484133632.00|-2.29|7.02|-7.33|6.63|6.40|7.01|6.07|74.03|6.55|73973628|452612480.00|1|0.0000|0.0000|0.0000|0|6.55
卓兆点胶|920026|11.59|3440794|75592008.00|-3.32|14.14|-6.20|23.20|20.10|23.73|19.50|3.44|20.79|2034260|41309844.00|1|0.0000|0.0000|0.0000|0|20.79
开发科技|920029|2.39|10374048|836002560.00|-4.46|5.51|-10.00|84.98|79.30|87.57|74.70|10.37|83.00|9189514|766577216.00|1|0.0000|0.0000|0.0000|0|83.00
德众汽车|920030|8.03|8563155|54438284.00|-1.48|9.02|-4.92|6.59|6.01|6.65|5.80|8.56|6.10|4736303|28432802.00|1|0.0000|0.0000|0.0000|0|6.10
康普化学|920033|6.86|2443829|42558168.00|-2.42|8.10|-5.91|18.07|16.50|18.28|15.91|2.44|16.91|1542836|25876040.00|1|0.0000|0.0000|0.0000|0|16.91
国义招标|920039|11.16|5018038|46257240.00|-0.93|12.67|-3.26|9.56|8.52|9.69|8.32|5.02|8.60|2053376|17118210.00|1|0.0000|0.0000|0.0000|0|8.60
亿能电力|920046|7.13|5854574|86020048.00|-1.77|8.19|-5.37|15.17|13.91|15.32|13.40|5.85|14.16|4887972|67933784.00|1|0.0000|0.0000|0.0000|0|14.16
诺思兰德|920047|4.67|5499903|76708880.00|-2.92|5.18|-3.58|14.34|13.30|14.41|13.21|5.50|13.70|5619027|76046144.00|1|0.0000|0.0000|0.0000|0|13.70
百甲科技|920057|11.30|8135452|49647340.00|0.00|11.30|-3.48|6.40|5.75|6.40|5.55|8.14|5.75|4366465|24638860.00|1|0.0000|0.0000|0.0000|0|5.75
华洋赛车|920058|10.67|1438431|37773660.00|-2.08|10.87|-6.08|27.69|24.50|27.74|23.50|1.44|25.02|709359|17544512.00|1|0.0000|0.0000|0.0000|0|25.02
万源通|920060|7.56|6061532|164704240.00|-3.72|9.69|-7.56|28.31|25.34|28.87|24.33|6.06|26.32|3711789|97592864.00|1|0.0000|0.0000|0.0000|0|26.32
西磁科技|920061|4.03|11397258|494041376.00|-4.39|15.14|-4.39|43.37|39.86|48.00|39.86|11.40|41.69|11168855|425026912.00|1|0.0000|0.0000|0.0000|0|41.69
科润智控|920062|10.73|11752630|97979192.00|-2.78|11.11|-4.67|8.77|7.70|8.80|7.55|11.75|7.92|6938958|53853652.00|1|0.0000|0.0000|0.0000|0|7.92
科拜尔|920066|6.25|1273940|46043912.00|-1.45|8.04|-4.82|37.25|34.55|37.88|33.37|1.27|35.06|757242|26402566.00|1|0.0000|0.0000|0.0000|0|35.06
柏星龙|920075|14.22|4017364|96429504.00|-1.70|14.22|-3.04|25.55|21.99|25.55|21.69|4.02|22.37|2462799|54024860.00|1|0.0000|0.0000|0.0000|0|22.37
吉林碳谷|920077|7.01|7449466|83354880.00|-1.48|7.75|-3.87|11.60|10.68|11.68|10.42|7.45|10.84|5733862|61427432.00|1|0.0000|0.0000|0.0000|0|10.84
方正阀门|920082|11.84|8363919|143193936.00|-4.93|16.03|-7.52|18.14|15.42|18.82|15.00|8.36|16.22|6415485|101622776.00|1|0.0000|0.0000|0.0000|0|16.22
秋乐种业|920087|29.98|41758007|1143004544.00|18.29|29.98|14.15|28.57|26.00|28.57|25.09|41.76|21.98|35213007|677365696.00|1|0.0000|0.0000|0.0000|0|21.98
科力股份|920088|8.10|2447361|54367848.00|-2.11|10.02|-4.96|23.09|20.91|23.50|20.30|2.45|21.36|1956660|41450036.00|1|0.0000|0.0000|0.0000|0|21.36
禾昌聚合|920089|9.44|6053621|79996968.00|-2.30|10.79|-4.84|13.80|12.32|13.97|12.00|6.05|12.61|3986758|49641248.00|1|0.0000|0.0000|0.0000|0|12.61
同辉信息|920090|11.53|14044465|79194192.00|-2.65|12.67|-3.02|5.90|5.15|5.96|5.13|14.04|5.29|9792561|50879996.00|1|0.0000|0.0000|0.0000|0|5.29
汉鑫科技|920092|11.03|2601812|93393192.00|-2.90|14.58|-5.06|37.54|32.83|38.74|32.10|2.60|33.81|1556684|51851988.00|1|0.0000|0.0000|0.0000|0|33.81
科隆新材|920098|14.89|4106685|115966832.00|-1.01|23.28|-3.40|29.71|25.60|31.88|24.98|4.11|25.86|2035337|52016360.00|1|0.0000|0.0000|0.0000|0|25.86
瑞华技术|920099|7.75|2968378|86749136.00|-2.86|8.81|-6.03|30.57|27.56|30.87|26.66|2.97|28.37|2445605|63344200.00|1|0.0000|0.0000|0.0000|0|28.37
林泰新材|920106|8.22|1370647|117630256.00|-0.12|8.49|-1.94|88.85|82.00|89.07|80.51|1.37|82.10|910793|71925528.00|1|0.0000|0.0000|0.0000|0|82.10
宏海科技|920108|6.71|3855767|80818008.00|-2.59|8.66|-7.59|21.80|19.90|22.20|18.88|3.86|20.43|2787058|56313836.00|1|0.0000|0.0000|0.0000|0|20.43
雷特科技|920110|10.60|1474256|44780556.00|-2.56|12.44|-5.74|32.35|28.50|32.89|27.57|1.47|29.25|1097777|31121674.00|1|0.0000|0.0000|0.0000|0|29.25
聚星科技|920111|8.34|4342891|107726304.00|-1.47|11.04|-4.55|25.71|23.38|26.35|22.65|4.34|23.73|3459560|81278232.00|1|0.0000|0.0000|0.0000|0|23.73
星图测控|920116|21.49|7347144|650702976.00|-3.82|27.63|-4.07|93.73|74.20|98.47|74.01|7.35|77.15|3652119|279699328.00|1|0.0000|0.0000|0.0000|0|77.15
太湖远大|920118|8.47|1276654|32212388.00|-0.53|9.25|-4.89|26.39|24.20|26.58|23.14|1.28|24.33|928701|22345958.00|1|0.0000|0.0000|0.0000|0|24.33
中纺标|920122|6.46|4038941|196488208.00|-0.02|9.11|-2.20|48.98|46.00|50.20|45.00|4.04|46.01|3254698|144351536.00|1|0.0000|0.0000|0.0000|0|46.01
芭薇股份|920123|3.73|9034905|185263584.00|-2.84|5.20|-6.77|21.15|19.81|21.45|19.01|9.03|20.39|8280948|159476800.00|1|0.0000|0.0000|0.0000|0|20.39
胜业电气|920128|7.26|2263418|63253368.00|-2.69|9.10|-5.82|29.10|26.40|29.60|25.55|2.26|27.13|1872530|50284792.00|1|0.0000|0.0000|0.0000|0|27.13
立方控股|920130|8.52|8616782|254725200.00|-0.49|12.64|-7.43|30.83|28.27|32.00|26.30|8.62|28.41|7324476|206477904.00|1|0.0000|0.0000|0.0000|0|28.41
泰鹏智能|920132|9.14|3999956|56570620.00|-3.51|11.11|-7.68|14.93|13.20|15.20|12.63|4.00|13.68|2027594|27205300.00|1|0.0000|0.0000|0.0000|0|13.68
华岭股份|920139|29.99|20422189|481088928.00|-2.83|29.99|-2.93|25.27|18.89|25.27|18.87|20.42|19.44|8340800|161226128.00|1|0.0000|0.0000|0.0000|0|19.44
恒合股份|920145|7.49|2875373|54805452.00|0.00|8.69|-2.30|19.67|18.30|19.89|17.88|2.88|18.30|1214276|21808344.00|1|0.0000|0.0000|0.0000|0|18.30
华阳变速|920146|22.36|12013726|89124568.00|-1.66|23.87|-1.81|8.10|6.51|8.20|6.50|12.01|6.62|7490008|48821340.00|1|0.0000|0.0000|0.0000|0|6.62
旭杰科技|920149|11.76|4715883|55422596.00|0.81|12.76|-4.89|12.35|11.14|12.46|10.51|4.72|11.05|3855890|41875676.00|1|0.0000|0.0000|0.0000|0|11.05
昆工科技|920152|12.20|3499051|63844740.00|-0.76|14.13|-4.09|19.22|17.00|19.55|16.43|3.50|17.13|2937236|49961836.00|1|0.0000|0.0000|0.0000|0|17.13
方大新材|920163|8.11|2308415|28939346.00|-2.32|8.86|-6.46|13.06|11.80|13.15|11.30|2.31|12.08|2162466|25480526.00|1|0.0000|0.0000|0.0000|0|12.08
同享科技|920167|9.73|3840034|67761040.00|-3.26|10.62|-4.98|18.50|16.31|18.65|16.02|3.84|16.86|2530174|42541476.00|1|0.0000|0.0000|0.0000|0|16.86
七丰精工|920169|20.67|7064404|103382200.00|0.00|24.80|-3.28|15.47|12.82|16.00|12.40|7.06|12.82|3485400|43570676.00|1|0.0000|0.0000|0.0000|0|12.82
志晟信息|920171|4.34|13883826|417246592.00|-4.37|10.38|-8.57|30.55|28.00|32.32|26.77|13.88|29.28|10604248|303225376.00|1|0.0000|0.0000|0.0000|0|29.28
五新隧装|920174|13.71|4798097|137740960.00|-2.35|13.78|-2.35|30.53|26.22|30.55|26.22|4.80|26.85|2221272|58837616.00|1|0.0000|0.0000|0.0000|0|26.85
东方碳素|920175|8.39|11625707|138003072.00|-2.14|11.07|-2.23|12.14|10.96|12.44|10.95|11.63|11.20|8221467|86550760.00|1|0.0000|0.0000|0.0000|0|11.20
凯德石英|920179|18.02|6925756|206315104.00|-4.36|22.84|-6.27|30.85|25.00|32.11|24.50|6.93|26.14|2805112|73168112.00|1|0.0000|0.0000|0.0000|0|26.14
国源科技|920184|6.45|7397785|98633240.00|-2.02|8.55|-5.75|13.69|12.60|13.96|12.12|7.40|12.86|6014268|73243440.00|1|0.0000|0.0000|0.0000|0|12.86
贝特瑞|920185|7.27|8893035|164590080.00|-2.40|8.44|-3.86|19.19|17.46|19.40|17.20|8.89|17.89|6678498|118122696.00|1|0.0000|0.0000|0.0000|0|17.89
雷神科技|920190|8.90|8439051|210763184.00|-4.16|11.06|-7.45|26.18|23.04|26.70|22.25|8.44|24.04|5363758|127035136.00|1|0.0000|0.0000|0.0000|0|24.04
三祥科技|920195|7.70|4320231|54763928.00|-2.21|9.51|-5.74|13.14|11.93|13.36|11.50|4.32|12.20|3088220|37127676.00|1|0.0000|0.0000|0.0000|0|12.20
微创光电|920198|10.95|7784690|84224880.00|-4.20|12.61|-5.18|11.35|9.80|11.52|9.70|7.78|10.23|5312264|53686212.00|1|0.0000|0.0000|0.0000|0|10.23
倍益康|920199|5.96|4133954|96172840.00|-4.87|8.00|-7.91|24.37|21.88|24.84|21.18|4.13|23.00|3568409|77428080.00|1|0.0000|0.0000|0.0000|0|23.00
沪江材料|920204|11.89|4090402|69183048.00|0.00|14.11|-2.03|17.60|15.73|17.95|15.41|4.09|15.73|2676052|41356348.00|1|0.0000|0.0000|0.0000|0|15.73
众诚科技|920207|13.14|6016336|128600400.00|-3.41|17.44|-7.11|22.90|19.55|23.77|18.80|6.02|20.24|3970334|78622984.00|1|0.0000|0.0000|0.0000|0|20.24
青矩技术|920208|13.99|3233606|109489032.00|-0.55|14.73|-3.75|35.53|31.00|35.76|30.00|3.23|31.17|1492415|45813228.00|1|0.0000|0.0000|0.0000|0|31.17
智新电子|920212|9.81|4832626|65685632.00|-2.24|11.43|-6.72|14.22|12.66|14.43|12.08|4.83|12.95|3440091|43719796.00|1|0.0000|0.0000|0.0000|0|12.95
易实精密|920221|9.22|4448544|71236320.00|-2.17|10.80|-5.13|16.59|14.86|16.83|14.41|4.45|15.19|2968643|44640272.00|1|0.0000|0.0000|0.0000|0|15.19
荣亿精密|920223|12.36|6485879|61656576.00|-2.81|13.26|-4.27|10.00|8.65|10.08|8.52|6.49|8.90|4607960|40056080.00|1|0.0000|0.0000|0.0000|0|8.90
利通科技|920225|7.06|4125923|58517612.00|-2.57|8.68|-4.04|14.56|13.25|14.78|13.05|4.13|13.60|3659434|49131972.00|1|0.0000|0.0000|0.0000|0|13.60
美登科技|920227|9.98|910793|43918872.00|-0.26|11.83|-5.03|50.48|45.78|51.33|43.59|0.91|45.90|654345|29702474.00|1|0.0000|0.0000|0.0000|0|45.90
欧康医药|920230|-0.61|9460053|206976400.00|-8.11|3.94|-14.13|22.93|21.20|23.98|19.81|9.46|23.07|10326732|216001328.00|1|0.0000|0.0000|0.0000|0|23.07
力佳科技|920237|11.23|2486711|67394016.00|-2.84|11.74|-4.78|28.62|25.00|28.75|24.50|2.49|25.73|1657564|41814484.00|1|0.0000|0.0000|0.0000|0|25.73
长虹能源|920239|9.91|5376457|189230832.00|-2.96|12.88|-5.60|36.70|32.40|37.69|31.52|5.38|33.39|3874989|127460792.00|1|0.0000|0.0000|0.0000|0|33.39
建邦科技|920242|7.10|2269799|58442172.00|-3.13|11.03|-6.86|26.71|24.16|27.69|23.23|2.27|24.94|1348137|33410230.00|1|0.0000|0.0000|0.0000|0|24.94
威博液压|920245|13.39|3626357|99001064.00|-3.05|15.71|-7.18|29.38|25.12|29.98|24.05|3.63|25.91|2312007|59449120.00|1|0.0000|0.0000|0.0000|0|25.91
华密新材|920247|14.17|3728828|72060728.00|-1.29|15.57|-2.74|20.39|17.63|20.64|17.37|3.73|17.86|2007944|35717652.00|1|0.0000|0.0000|0.0000|0|17.86
利尔达|920249|16.14|19242873|234296160.00|-4.84|19.82|-4.84|12.95|10.61|13.36|10.61|19.24|11.15|12267864|134047008.00|1|0.0000|0.0000|0.0000|0|11.15
天宏锂电|920252|10.46|4763065|68507680.00|-1.24|16.17|-4.46|15.10|13.50|15.88|13.06|4.76|13.67|3143938|42135748.00|1|0.0000|0.0000|0.0000|0|13.67
中寰股份|920260|6.56|2897182|32893908.00|-0.92|8.50|-3.97|11.53|10.72|11.74|10.39|2.90|10.82|1850836|19788010.00|1|0.0000|0.0000|0.0000|0|10.82
一诺威|920261|6.50|4885966|52538480.00|-1.24|8.99|-5.35|11.14|10.33|11.40|9.90|4.89|10.46|3294341|33866036.00|1|0.0000|0.0000|0.0000|0|10.46
太湖雪|920262|17.53|4402857|106488944.00|0.05|26.88|-2.26|25.01|21.29|27.00|20.80|4.40|21.28|2108065|43111728.00|1|0.0000|0.0000|0.0000|0|21.28
中航泰达|920263|16.17|8409517|97832840.00|-2.42|17.01|-7.99|12.50|10.50|12.59|9.90|8.41|10.76|5431570|55687900.00|1|0.0000|0.0000|0.0000|0|10.76
生物谷|920266|6.37|4999697|47520388.00|-2.70|7.78|-5.40|9.85|9.01|9.98|8.76|5.00|9.26|3030606|27468984.00|1|0.0000|0.0000|0.0000|0|9.26
鑫汇科|920267|13.51|2551220|58948704.00|-0.09|15.38|-1.92|24.20|21.30|24.60|20.91|2.55|21.32|1452398|30535744.00|1|0.0000|0.0000|0.0000|0|21.32
天铭科技|920270|7.92|3323616|49642232.00|-4.17|9.93|-5.69|15.54|13.80|15.83|13.58|3.32|14.40|2064754|29344638.00|1|0.0000|0.0000|0.0000|0|14.40
邦德股份|920271|7.66|3032255|44763000.00|0.07|10.21|-7.80|15.18|14.11|15.54|13.00|3.03|14.10|2114486|29325436.00|1|0.0000|0.0000|0.0000|0|14.10
一致魔芋|920273|-3.64|6172528|261764432.00|-4.52|3.10|-4.89|41.60|41.22|44.51|41.06|6.17|43.17|7536540|319917952.00|1|0.0000|0.0000|0.0000|0|43.17
宏裕包材|920274|8.47|2784577|35695488.00|-2.85|10.75|-5.13|13.32|11.93|13.60|11.65|2.78|12.28|2149194|25825966.00|1|0.0000|0.0000|0.0000|0|12.28
驱动力|920275|-2.11|18690420|223965968.00|-3.25|4.72|-9.02|12.04|11.90|12.88|11.19|18.69|12.30|21703725|251073824.00|1|0.0000|0.0000|0.0000|0|12.30
鹿得医疗|920278|8.49|4343699|39823340.00|-2.60|10.31|-5.32|9.58|8.60|9.74|8.36|4.34|8.83|4141596|35521956.00|1|0.0000|0.0000|0.0000|0|8.83
灵鸽科技|920284|12.43|9579583|190569104.00|-2.76|18.65|-7.46|20.80|17.99|21.95|17.12|9.58|18.50|8550415|151557200.00|1|0.0000|0.0000|0.0000|0|18.50
灿能电力|920299|6.45|6989945|109904376.00|-2.93|7.36|-5.79|16.35|14.91|16.49|14.47|6.99|15.36|6457710|97833768.00|1|0.0000|0.0000|0.0000|0|15.36
辰光医疗|920300|1.40|15689641|319898048.00|-5.79|8.78|-6.04|20.32|18.88|21.80|18.83|15.69|20.04|14170218|259705120.00|1|0.0000|0.0000|0.0000|0|20.04
迪尔化工|920304|6.02|14318614|195219520.00|-3.61|7.91|-5.35|14.08|12.80|14.33|12.57|14.32|13.28|13091134|167821216.00|1|0.0000|0.0000|0.0000|0|13.28
*ST云创|920305|13.33|8981382|221669696.00|-2.25|19.39|-6.45|26.19|22.59|27.59|21.62|8.98|23.11|5076916|116011888.00|1|0.0000|0.0000|0.0000|0|23.11
恒太照明|920339|9.36|2838850|28519950.00|1.35|10.40|-5.61|10.52|9.75|10.62|9.08|2.84|9.62|1195193|11375588.00|1|0.0000|0.0000|0.0000|0|9.62
三元基因|920344|3.37|4878712|101340656.00|-3.56|5.78|-7.47|21.46|20.02|21.96|19.21|4.88|20.76|4019648|80767024.00|1|0.0000|0.0000|0.0000|0|20.76
威贸电子|920346|13.81|4105035|86988392.00|-4.04|15.20|-6.28|22.83|19.25|23.11|18.80|4.11|20.06|2551982|50271004.00|1|0.0000|0.0000|0.0000|0|20.06
华光源海|920351|29.97|24496773|495080608.00|-0.94|29.97|-9.87|24.89|18.97|24.89|17.26|24.50|19.15|20015381|355538400.00|1|0.0000|0.0000|0.0000|0|19.15
雅葆轩|920357|10.01|2857343|51815148.00|-2.56|12.16|-4.30|18.91|16.75|19.28|16.45|2.86|17.19|1839146|31481596.00|1|0.0000|0.0000|0.0000|0|17.19
莱赛激光|920363|8.88|5915904|98246656.00|-4.16|11.90|-6.11|17.29|15.22|17.77|14.91|5.92|15.88|5044290|76663608.00|1|0.0000|0.0000|0.0000|0|15.88
新赣江|920367|7.19|4624948|102341480.00|-3.11|9.00|-7.19|23.11|20.89|23.50|20.01|4.62|21.56|3292613|69514920.00|1|0.0000|0.0000|0.0000|0|21.56
连城数控|920368|8.85|6646845|168102528.00|-2.19|10.43|-3.68|26.31|23.64|26.69|23.28|6.65|24.17|4581836|109955576.00|1|0.0000|0.0000|0.0000|0|24.17
新安洁|920370|10.72|16317388|64476924.00|-1.07|13.14|-5.09|4.13|3.69|4.22|3.54|16.32|3.73|11019697|39600020.00|1|0.0000|0.0000|0.0000|0|3.73
欧福蛋业|920371|-3.35|35224601|512669312.00|-6.29|6.36|-10.78|14.44|14.00|15.89|13.33|35.22|14.94|42363351|589518720.00|1|0.0000|0.0000|0.0000|0|14.94
云里物里|920374|10.57|3587494|95804208.00|-0.91|13.55|-5.96|27.82|24.93|28.57|23.66|3.59|25.16|2500112|61975380.00|1|0.0000|0.0000|0.0000|0|25.16
派诺科技|920375|8.83|4666478|89431256.00|-3.20|10.08|-6.83|20.09|17.87|20.32|17.20|4.67|18.46|3988715|72113216.00|1|0.0000|0.0000|0.0000|0|18.46
泰德股份|920378|11.06|8531588|97031088.00|-2.40|11.06|-5.35|12.05|10.59|12.05|10.27|8.53|10.85|6937746|73198720.00|1|0.0000|0.0000|0.0000|0|10.85
佳合科技|920392|10.57|1703233|31118350.00|0.00|12.88|-4.68|19.15|17.32|19.55|16.51|1.70|17.32|1209552|20280180.00|1|0.0000|0.0000|0.0000|0|17.32
民士达|920394|14.33|12954150|447798976.00|2.29|15.40|-1.41|37.42|33.48|37.77|32.27|12.95|32.73|10847788|338772288.00|1|0.0000|0.0000|0.0000|0|32.73
朗鸿科技|920395|7.88|3875643|62023416.00|0.07|9.79|-3.81|16.42|15.23|16.71|14.64|3.88|15.22|2768920|41523200.00|1|0.0000|0.0000|0.0000|0|15.22
常辅股份|920396|3.62|11830780|384817824.00|-7.38|9.39|-12.49|34.10|30.48|36.00|28.80|11.83|32.91|10139701|318966240.00|1|0.0000|0.0000|0.0000|0|32.91
硅烷科技|920402|11.22|11486213|100650632.00|-1.71|14.02|-4.02|9.12|8.06|9.35|7.87|11.49|8.20|6805919|54695916.00|1|0.0000|0.0000|0.0000|0|8.20
康农种业|920403|-0.36|17907314|860702464.00|0.00|26.63|-4.95|44.04|44.20|55.97|42.01|17.91|44.20|17508479|660745344.00|1|0.0000|0.0000|0.0000|0|44.20
海希通讯|920405|18.14|5993540|102081496.00|-1.87|22.01|-4.39|18.30|15.20|18.90|14.81|5.99|15.49|3411247|52297956.00|1|0.0000|0.0000|0.0000|0|15.49
驰诚股份|920407|15.29|2688737|52683960.00|-3.01|21.65|-3.01|20.66|17.38|21.80|17.38|2.69|17.92|1669247|29532512.00|1|0.0000|0.0000|0.0000|0|17.92
欧普泰|920414|11.98|4576297|53012924.00|1.38|13.73|-3.13|12.15|11.00|12.34|10.51|4.58|10.85|3699777|39697148.00|1|0.0000|0.0000|0.0000|0|10.85
恒拓开源|920415|29.97|12034559|179151072.00|-4.08|29.97|-4.08|16.87|12.45|16.87|12.45|12.03|12.98|4677012|59646948.00|1|0.0000|0.0000|0.0000|0|12.98
苏轴股份|920418|17.12|8785845|287250784.00|-2.70|19.10|-3.66|35.51|29.50|36.11|29.21|8.79|30.32|6599430|196831840.00|1|0.0000|0.0000|0.0000|0|30.32
路斯股份|920419|6.21|5202550|91117928.00|-2.75|7.21|-5.10|18.13|16.60|18.30|16.20|5.20|17.07|4721795|77446992.00|1|0.0000|0.0000|0.0000|0|17.07
润普食品|920422|7.75|19136831|316822784.00|5.06|19.72|-3.14|16.83|16.41|18.70|15.13|19.14|15.62|12449358|187361664.00|1|0.0000|0.0000|0.0000|0|15.62
乐创技术|920425|10.53|3555719|78775800.00|-2.33|11.48|-3.72|23.20|20.50|23.40|20.21|3.56|20.99|3126724|63854320.00|1|0.0000|0.0000|0.0000|0|20.99
华维设计|920427|13.25|6064963|72735864.00|-4.91|14.91|-7.89|12.91|10.84|13.10|10.50|6.06|11.40|4313569|48354484.00|1|0.0000|0.0000|0.0000|0|11.40
康比特|920429|0.66|9590985|200900400.00|-3.05|2.44|-6.77|21.42|20.63|21.80|19.84|9.59|21.28|11371560|227698272.00|1|0.0000|0.0000|0.0000|0|21.28
大唐药业|920433|8.95|17494014|127560632.00|-2.98|9.38|-6.11|7.67|6.83|7.70|6.61|17.49|7.04|10665510|73219296.00|1|0.0000|0.0000|0.0000|0|7.04
大地电气|920436|11.56|4330852|70798848.00|-2.34|14.55|-4.35|17.18|15.04|17.64|14.73|4.33|15.40|3136212|47453968.00|1|0.0000|0.0000|0.0000|0|15.40
戈碧迦|920438|9.15|5810700|95969008.00|-1.47|10.36|-2.88|17.06|15.40|17.25|15.18|5.81|15.63|3648049|56115216.00|1|0.0000|0.0000|0.0000|0|15.63
龙竹科技|920445|22.64|12666581|107081024.00|-2.13|29.03|-3.46|9.21|7.35|9.69|7.25|12.67|7.51|4704791|34945920.00|1|0.0000|0.0000|0.0000|0|7.51
同心传动|920454|9.97|4814877|60216968.00|-3.38|11.07|-4.82|13.01|11.43|13.14|11.26|4.81|11.83|3403143|39560800.00|1|0.0000|0.0000|0.0000|0|11.83
汇隆活塞|920455|9.29|4088420|37806080.00|-2.49|10.99|-4.08|9.65|8.61|9.80|8.47|4.09|8.83|2823766|24393506.00|1|0.0000|0.0000|0.0000|0|8.83
富恒新材|920469|9.32|7418886|84894648.00|-3.56|9.68|-6.03|11.97|10.56|12.01|10.29|7.42|10.95|4833473|52858292.00|1|0.0000|0.0000|0.0000|0|10.95
美邦科技|920471|9.96|5417380|76267656.00|-0.74|10.48|-7.31|14.90|13.45|14.97|12.56|5.42|13.55|3606653|47788844.00|1|0.0000|0.0000|0.0000|0|13.55
三友科技|920475|12.42|3402692|54247672.00|-4.47|16.15|-4.47|16.84|14.31|17.40|14.31|3.40|14.98|2234970|32952296.00|1|0.0000|0.0000|0.0000|0|14.98
海能技术|920476|10.79|12588473|182352432.00|-0.61|19.59|-2.07|14.48|12.99|15.63|12.80|12.59|13.07|5801082|73131016.00|1|0.0000|0.0000|0.0000|0|13.07
峆一药业|920478|4.80|5454647|118817320.00|-2.19|6.05|-6.19|22.50|21.00|22.77|20.14|5.45|21.47|3982316|82914976.00|1|0.0000|0.0000|0.0000|0|21.47
佳先股份|920489|11.21|19860668|476259008.00|-3.95|16.19|-6.28|24.80|21.42|25.91|20.90|19.86|22.30|13872205|297975680.00|1|0.0000|0.0000|0.0000|0|22.30
奥迪威|920491|9.96|11686996|294593920.00|-4.56|12.45|-5.89|26.50|23.00|27.10|22.68|11.69|24.10|7692539|182281280.00|1|0.0000|0.0000|0.0000|0|24.10
并行科技|920493|10.66|5785222|806512576.00|-3.84|17.32|-6.34|144.97|125.98|153.70|122.70|5.79|131.01|3391408|438242016.00|1|0.0000|0.0000|0.0000|0|131.01
许昌智能|920496|9.89|10510945|105327176.00|-4.95|11.26|-4.95|10.44|9.03|10.57|9.03|10.51|9.50|7181508|67278680.00|1|0.0000|0.0000|0.0000|0|9.50
博迅生物|920504|15.61|5302010|133894392.00|17.65|21.95|7.69|25.55|26.00|26.95|23.80|5.30|22.10|2761058|58313904.00|1|0.0000|0.0000|0.0000|0|22.10
九菱科技|920505|15.25|10521587|483270112.00|-4.36|27.99|-6.04|48.06|39.88|53.37|39.18|10.52|41.70|9906841|354926272.00|1|0.0000|0.0000|0.0000|0|41.70
殷图网联|920508|10.99|2038579|55279452.00|-0.82|12.59|-4.44|28.47|25.44|28.88|24.51|2.04|25.65|1258411|32173206.00|1|0.0000|0.0000|0.0000|0|25.65
同惠电子|920509|1.82|18573415|528884544.00|-7.07|7.81|-12.50|29.09|26.55|30.80|25.00|18.57|28.57|17856947|477911616.00|1|0.0000|0.0000|0.0000|0|28.57
丰光精密|920510|11.84|6213420|120352744.00|-1.36|12.71|-3.98|20.50|18.08|20.66|17.60|6.21|18.33|4173403|75750120.00|1|0.0000|0.0000|0.0000|0|18.33
万德股份|920519|8.36|3821800|43725172.00|-0.83|10.19|-3.12|11.80|10.80|12.00|10.55|3.82|10.89|3163199|33519108.00|1|0.0000|0.0000|0.0000|0|10.89
纳科诺尔|920522|7.88|4693208|225194960.00|-4.21|9.07|-4.97|49.95|44.35|50.50|44.00|4.69|46.30|3974101|182458304.00|1|0.0000|0.0000|0.0000|0|46.30
德瑞锂电|920523|6.39|3840851|82496472.00|-4.48|7.35|-7.78|22.30|20.02|22.50|19.33|3.84|20.96|2615976|54743996.00|1|0.0000|0.0000|0.0000|0|20.96
凯华材料|920526|15.42|3709574|93613480.00|-2.78|16.85|-5.78|26.57|22.38|26.90|21.69|3.71|23.02|1707653|38777180.00|1|0.0000|0.0000|0.0000|0|23.02
夜光明|920527|8.70|3393433|54747844.00|-2.60|10.26|-4.22|16.74|15.00|16.98|14.75|3.39|15.40|2283730|33522842.00|1|0.0000|0.0000|0.0000|0|15.40
骏创科技|920533|15.73|6994220|276853824.00|-4.03|18.56|-6.80|42.22|35.01|43.25|34.00|6.99|36.48|4391023|158675152.00|1|0.0000|0.0000|0.0000|0|36.48
铁大科技|920541|10.70|13275263|204065680.00|-4.31|12.25|-6.59|16.45|14.22|16.68|13.88|13.28|14.86|10766304|149334336.00|1|0.0000|0.0000|0.0000|0|14.86
无锡晶海|920547|7.62|3535152|68297960.00|-3.09|9.06|-5.43|20.20|18.19|20.47|17.75|3.54|18.77|3005522|54883792.00|1|0.0000|0.0000|0.0000|0|18.77
凯腾精工|920553|10.84|6231341|56244380.00|-2.59|16.14|-4.24|9.41|8.27|9.86|8.13|6.23|8.49|4873697|40119680.00|1|0.0000|0.0000|0.0000|0|8.49
雅达股份|920556|9.59|9897758|88058864.00|-2.13|10.89|-4.73|9.26|8.27|9.37|8.05|9.90|8.45|7305480|60498136.00|1|0.0000|0.0000|0.0000|0|8.45
天润科技|920564|18.61|5214332|101186552.00|-1.49|25.83|-2.63|20.71|17.20|21.97|17.00|5.21|17.46|3063246|52639172.00|1|0.0000|0.0000|0.0000|0|17.46
梓橦宫|920566|9.14|13553302|155258816.00|-0.28|10.71|-1.94|11.82|10.80|11.99|10.62|13.55|10.83|7581925|80070712.00|1|0.0000|0.0000|0.0000|0|10.83
坤博精工|920570|11.72|3525374|120845408.00|-2.85|16.50|-7.53|36.50|31.74|38.06|30.21|3.53|32.67|2852461|89799200.00|1|0.0000|0.0000|0.0000|0|32.67
国航远洋|920571|29.87|69639941|490120928.00|1.82|29.87|0.66|7.87|6.17|7.87|6.10|69.64|6.06|29987865|178255456.00|1|0.0000|0.0000|0.0000|0|6.06
康乐卫士|920575|5.73|3632246|55137928.00|-1.55|5.87|-2.90|15.68|14.60|15.70|14.40|3.63|14.83|2502353|36931748.00|1|0.0000|0.0000|0.0000|0|14.83
天力复合|920576|3.93|9279235|352679136.00|-5.37|10.87|-6.97|38.33|34.90|40.89|34.31|9.28|36.88|7691401|259366880.00|1|0.0000|0.0000|0.0000|0|36.88
巨能股份|920578|10.41|3318134|78006816.00|-2.95|12.15|-6.39|24.71|21.72|25.10|20.95|3.32|22.38|2286856|50771868.00|1|0.0000|0.0000|0.0000|0|22.38
机科股份|920579|16.31|7916339|199105392.00|-2.32|18.46|-3.23|27.03|22.70|27.53|22.49|7.92|23.24|5041584|115224576.00|1|0.0000|0.0000|0.0000|0|23.24
科创新材|920580|11.28|3255759|36864808.00|0.66|13.36|-1.14|11.74|10.62|11.96|10.43|3.26|10.55|2449260|25281320.00|1|0.0000|0.0000|0.0000|0|10.55
华信永道|920592|8.95|3129696|172099200.00|-2.79|11.07|-3.18|56.60|50.50|57.70|50.30|3.13|51.95|1872635|97791968.00|1|0.0000|0.0000|0.0000|0|51.95
鼎智科技|920593|8.91|6132787|243049184.00|-2.69|9.95|-6.16|41.70|37.26|42.10|35.93|6.13|38.29|4303625|162909488.00|1|0.0000|0.0000|0.0000|0|38.29
同力股份|920599|5.52|10861296|192608128.00|-2.50|6.28|-2.67|18.15|16.77|18.28|16.74|10.86|17.20|7833854|133105176.00|1|0.0000|0.0000|0.0000|0|17.20
丰安股份|920608|4.05|7843386|165168752.00|-5.01|10.56|-6.41|21.58|19.70|22.93|19.41|7.84|20.74|7964614|152595728.00|1|0.0000|0.0000|0.0000|0|20.74
力王股份|920627|9.54|4599993|104888432.00|-2.66|12.29|-7.57|23.88|21.22|24.48|20.15|4.60|21.80|3405916|72615152.00|1|0.0000|0.0000|0.0000|0|21.80
新威凌|920634|10.05|5284244|127460008.00|-2.50|14.06|-5.09|25.51|22.60|26.44|22.00|5.28|23.18|3935243|87716768.00|1|0.0000|0.0000|0.0000|0|23.18
晨光电缆|920639|12.63|23766201|184034208.00|-3.09|13.44|-6.45|8.38|7.21|8.44|6.96|23.77|7.44|16592982|122004000.00|1|0.0000|0.0000|0.0000|0|7.44
富士达|920640|13.18|7887436|188558240.00|-2.53|15.40|-3.33|25.50|21.96|26.00|21.78|7.89|22.53|4184196|91959544.00|1|0.0000|0.0000|0.0000|0|22.53
格利尔|920641|14.19|3732070|47691684.00|-2.85|14.19|-4.28|13.60|11.57|13.60|11.40|3.73|11.91|2551765|29667198.00|1|0.0000|0.0000|0.0000|0|11.91
通易航天|920642|29.99|10200284|138819136.00|8.30|29.99|7.29|14.26|11.88|14.26|11.77|10.20|10.97|4537515|48321572.00|1|0.0000|0.0000|0.0000|0|10.97
天罡股份|920651|9.20|1955012|50775160.00|-2.22|10.21|-3.87|27.07|24.24|27.32|23.83|1.96|24.79|1524631|37458756.00|1|0.0000|0.0000|0.0000|0|24.79
海昇药业|920656|0.73|7354283|168208016.00|-5.50|6.01|-9.45|23.45|22.00|24.68|21.08|7.35|23.28|7170870|150601824.00|1|0.0000|0.0000|0.0000|0|23.28
方盛股份|920662|9.84|3463105|67656560.00|-2.65|11.36|-4.92|20.31|18.00|20.59|17.58|3.46|18.49|1919515|35088512.00|1|0.0000|0.0000|0.0000|0|18.49
明阳科技|920663|9.23|3502048|75401192.00|-1.23|16.80|-6.63|22.24|20.11|23.78|19.01|3.50|20.36|3228932|62748732.00|1|0.0000|0.0000|0.0000|0|20.36
科强股份|920665|9.89|2324627|28437464.00|-1.03|10.06|-5.07|12.78|11.51|12.80|11.04|2.32|11.63|1622440|18665802.00|1|0.0000|0.0000|0.0000|0|11.63
数字人|920670|8.56|5904953|84559160.00|-1.67|11.47|-6.53|14.96|13.55|15.36|12.88|5.90|13.78|4270754|57333920.00|1|0.0000|0.0000|0.0000|0|13.78
秉扬科技|920675|8.69|4074370|40963120.00|-1.05|12.04|-4.82|10.38|9.45|10.70|9.09|4.07|9.55|3046253|27895294.00|1|0.0000|0.0000|0.0000|0|9.55
前进科技|920679|14.08|2291346|41199440.00|1.16|16.33|-0.49|18.72|16.60|19.09|16.33|2.29|16.41|1071417|17283500.00|1|0.0000|0.0000|0.0000|0|16.41
广道退|920680|25.35|12272716|148739680.00|-3.34|29.53|-5.76|13.50|10.41|13.95|10.15|12.27|10.77|6267204|66204416.00|1|0.0000|0.0000|0.0000|0|10.77
球冠电缆|920682|5.76|20042482|221330960.00|-3.66|7.86|-10.42|11.57|10.54|11.80|9.80|20.04|10.94|16900944|180355744.00|1|0.0000|0.0000|0.0000|0|10.94
新芝生物|920685|29.94|16764945|265084352.00|7.39|29.94|5.05|16.71|13.81|16.71|13.51|16.76|12.86|3548632|44145952.00|1|0.0000|0.0000|0.0000|0|12.86
克莱特|920689|8.66|10269028|391045664.00|-8.57|13.88|-9.85|40.17|33.80|42.10|33.33|10.27|36.97|10525474|370175776.00|1|0.0000|0.0000|0.0000|0|36.97
捷众科技|920690|9.69|1730845|34809788.00|-1.25|11.56|-4.95|21.06|18.96|21.42|18.25|1.73|19.20|1081113|20553180.00|1|0.0000|0.0000|0.0000|0|19.20
阿为特|920693|8.36|3140167|125854016.00|-2.51|9.78|-5.88|41.46|37.30|42.00|36.01|3.14|38.26|2526522|93271720.00|1|0.0000|0.0000|0.0000|0|38.26
中裕科技|920694|9.44|3023113|52329688.00|-2.57|10.58|-6.10|18.31|16.30|18.50|15.71|3.02|16.73|2046260|33420970.00|1|0.0000|0.0000|0.0000|0|16.73
海达尔|920699|7.60|1472422|58776284.00|-2.74|8.64|-6.26|41.60|37.60|42.00|36.24|1.47|38.66|854548|32778972.00|1|0.0000|0.0000|0.0000|0|38.66
豪声电子|920701|11.81|3089785|81005168.00|-3.58|12.25|-4.02|27.83|24.00|27.94|23.89|3.09|24.89|2536348|61834824.00|1|0.0000|0.0000|0.0000|0|24.89
广厦环能|920703|7.97|2659067|61745068.00|-1.07|8.24|-3.76|24.12|22.10|24.18|21.50|2.66|22.34|2023077|44594556.00|1|0.0000|0.0000|0.0000|0|22.34
铁拓机械|920706|29.94|10136940|178514656.00|-1.28|29.94|-1.28|19.27|14.64|19.27|14.64|10.14|14.83|3878051|56214504.00|1|0.0000|0.0000|0.0000|0|14.83
瑞星股份|920717|9.24|2494341|25666474.00|-2.87|10.37|-2.98|10.64|9.46|10.75|9.45|2.49|9.74|1971123|18593136.00|1|0.0000|0.0000|0.0000|0|9.74
合肥高科|920718|8.08|2870856|45075316.00|-1.80|9.55|-4.01|16.18|14.70|16.40|14.37|2.87|14.97|1697383|24882304.00|1|0.0000|0.0000|0.0000|0|14.97
宁新新材|920719|7.68|9151844|99679672.00|-0.78|11.48|-2.24|11.07|10.20|11.46|10.05|9.15|10.28|6668820|65816068.00|1|0.0000|0.0000|0.0000|0|10.28
吉冈精密|920720|9.64|6371011|99009480.00|-2.43|10.31|-5.53|16.27|14.48|16.37|14.02|6.37|14.84|4052378|59720220.00|1|0.0000|0.0000|0.0000|0|14.84
惠丰钻石|920725|10.53|4197477|112821512.00|-3.31|12.48|-6.47|28.35|24.80|28.85|23.99|4.20|25.65|2784436|70483648.00|1|0.0000|0.0000|0.0000|0|25.65
朱老六|920726|-0.95|11226189|277938752.00|-5.86|3.53|-7.61|25.00|23.76|26.13|23.32|11.23|25.24|13214601|310539488.00|1|0.0000|0.0000|0.0000|0|25.24
永顺生物|920729|-8.73|27388192|321028608.00|-5.59|-2.83|-13.45|11.60|12.00|12.35|11.00|27.39|12.71|33565783|394563488.00|1|0.0000|0.0000|0.0000|0|12.71
德源药业|920735|3.79|5682552|234683120.00|-4.72|4.22|-8.29|43.57|40.00|43.75|38.50|5.68|41.98|4972654|207887184.00|1|0.0000|0.0000|0.0000|0|41.98
路桥信息|920748|10.63|2430986|53738948.00|-3.65|11.53|-7.26|23.31|20.30|23.50|19.54|2.43|21.07|1616772|33549562.00|1|0.0000|0.0000|0.0000|0|21.07
惠同新材|920751|12.64|5421693|74299144.00|-2.91|14.64|-4.83|14.70|12.67|14.96|12.42|5.42|13.05|3671114|45650496.00|1|0.0000|0.0000|0.0000|0|13.05
天纺标|920753|6.35|3592627|96463256.00|0.74|7.63|-2.75|27.45|26.00|27.78|25.10|3.59|25.81|3763569|97395960.00|1|0.0000|0.0000|0.0000|0|25.81
美之高|920765|10.62|2956814|53428564.00|-3.17|14.44|-6.04|18.85|16.50|19.50|16.01|2.96|17.04|1891885|31059038.00|1|0.0000|0.0000|0.0000|0|17.04
拾比佰|920768|12.24|13647424|135693392.00|-4.88|22.56|-4.88|9.90|8.39|10.81|8.39|13.65|8.82|6067445|48681640.00|1|0.0000|0.0000|0.0000|0|8.82
艾能聚|920770|9.65|8324914|119883872.00|-4.02|11.18|-7.24|15.00|13.13|15.21|12.69|8.32|13.68|5891095|79518048.00|1|0.0000|0.0000|0.0000|0|13.68
武汉蓝电|920779|10.52|2465185|122958536.00|-2.36|14.59|-3.18|51.50|45.50|53.40|45.12|2.47|46.60|1903078|86093568.00|1|0.0000|0.0000|0.0000|0|46.60
瑞奇智造|920781|8.84|14624482|161265920.00|-3.29|9.69|-8.28|11.57|10.28|11.66|9.75|14.62|10.63|9660521|100566560.00|1|0.0000|0.0000|0.0000|0|10.63
骑士乳业|920786|-2.46|53356665|617288064.00|-6.78|7.37|-9.92|11.51|11.00|12.67|10.63|53.36|11.80|53910359|585882368.00|1|0.0000|0.0000|0.0000|0|11.80
联迪信息|920790|11.99|5669199|208437792.00|-2.90|18.70|-5.66|38.20|33.12|40.49|32.18|5.67|34.11|3111765|104991896.00|1|0.0000|0.0000|0.0000|0|34.11
东和新材|920792|8.20|5004001|51965064.00|-3.00|9.00|-3.60|10.82|9.70|10.90|9.64|5.00|10.00|6176589|54737280.00|1|0.0000|0.0000|0.0000|0|10.00
艾融软件|920799|15.41|13968141|766635584.00|0.88|18.85|-0.02|56.69|49.55|58.38|49.11|13.97|49.12|5858773|286347456.00|1|0.0000|0.0000|0.0000|0|49.12
保丽洁|920802|4.05|1906919|34733436.00|-0.64|10.75|-2.49|18.00|17.19|19.16|16.87|1.91|17.30|1395152|23843080.00|1|0.0000|0.0000|0.0000|0|17.30
云星宇|920806|11.57|9264626|124407736.00|-1.03|12.20|-3.33|14.08|12.49|14.16|12.20|9.26|12.62|5595946|70407784.00|1|0.0000|0.0000|0.0000|0|12.62
奔朗新材|920807|4.01|26348011|321813312.00|-5.12|12.36|-6.05|12.20|11.13|13.18|11.02|26.35|11.73|22788797|244432384.00|1|0.0000|0.0000|0.0000|0|11.73
曙光数创|920808|9.24|4610312|231662448.00|-3.34|10.23|-4.31|52.00|46.01|52.47|45.55|4.61|47.60|3098633|147096528.00|1|0.0000|0.0000|0.0000|0|47.60
安达科技|920809|9.11|13864377|70249512.00|-2.28|9.32|-2.69|5.27|4.72|5.28|4.70|13.86|4.83|9174916|43524612.00|1|0.0000|0.0000|0.0000|0|4.83
春光智能|920810|14.71|5578100|79767312.00|-2.35|15.88|-6.76|15.60|13.28|15.76|12.68|5.58|13.60|3856703|51505692.00|1|0.0000|0.0000|0.0000|0|13.60
颖泰生物|920819|0.24|55449060|233896048.00|-2.62|6.90|-4.29|4.21|4.09|4.49|4.02|55.45|4.20|54690600|215909680.00|1|0.0000|0.0000|0.0000|0|4.20
则成电子|920821|10.25|4887276|140140320.00|-2.73|12.33|-6.55|30.32|26.75|30.89|25.70|4.89|27.50|3034420|82931896.00|1|0.0000|0.0000|0.0000|0|27.50
盖世食品|920826|0.57|24006222|328950752.00|-4.64|3.57|-8.21|14.08|13.35|14.50|12.85|24.01|14.00|25632039|343132256.00|1|0.0000|0.0000|0.0000|0|14.00
齐鲁华信|920832|10.31|6988991|50628956.00|1.18|12.22|-1.03|7.49|6.87|7.62|6.72|6.99|6.79|3689666|24598724.00|1|0.0000|0.0000|0.0000|0|6.79
美心翼申|920833|8.41|8293372|145386992.00|-4.53|11.59|-8.24|18.43|16.23|18.97|15.60|8.29|17.00|5930661|98598320.00|1|0.0000|0.0000|0.0000|0|17.00
三维装备|920834|6.32|6052323|63504668.00|-3.66|8.20|-4.25|10.76|9.75|10.95|9.69|6.05|10.12|6250774|60529828.00|1|0.0000|0.0000|0.0000|0|10.12
华原股份|920837|11.80|7497608|109167120.00|-2.55|12.89|-3.28|15.35|13.38|15.50|13.28|7.50|13.73|5633101|74352712.00|1|0.0000|0.0000|0.0000|0|13.73
万通液压|920839|14.87|4715787|126404896.00|-3.07|17.49|-3.89|28.04|23.66|28.68|23.46|4.72|24.41|2498909|59853784.00|1|0.0000|0.0000|0.0000|0|24.41
浙江大农|920855|8.03|11457960|262168736.00|6.54|27.16|6.49|21.80|21.50|25.66|21.49|11.46|20.18|6253522|118488928.00|1|0.0000|0.0000|0.0000|0|20.18
浩淼科技|920856|30.00|8550786|156398080.00|-3.02|30.00|-4.88|21.06|15.71|21.06|15.41|8.55|16.20|4062675|64781340.00|1|0.0000|0.0000|0.0000|0|16.20
泓禧科技|920857|10.44|1519967|23155940.00|-0.76|10.44|-3.18|15.97|14.35|15.97|14.00|1.52|14.46|845433|11981924.00|1|0.0000|0.0000|0.0000|0|14.46
绿亨科技|920866|0.08|32481601|411731616.00|-3.83|18.17|-6.28|12.28|11.80|14.50|11.50|32.48|12.27|29504152|320825152.00|1|0.0000|0.0000|0.0000|0|12.27
恒进感应|920870|11.53|7035101|109474304.00|-1.63|12.69|-7.53|16.44|14.50|16.61|13.63|7.04|14.74|4769013|69215000.00|1|0.0000|0.0000|0.0000|0|14.74
派特尔|920871|8.57|3937433|66867048.00|0.00|9.62|-2.84|17.60|16.21|17.77|15.75|3.94|16.21|2356300|37475088.00|1|0.0000|0.0000|0.0000|0|16.21
中设咨询|920873|30.00|31701784|179157680.00|-0.83|30.00|-5.42|6.24|4.76|6.24|4.54|31.70|4.80|11056742|52780100.00|1|0.0000|0.0000|0.0000|0|4.80
慧为智能|920876|15.03|4270480|89914464.00|-4.01|19.35|-4.62|22.65|18.90|23.50|18.78|4.27|19.69|2828123|54661936.00|1|0.0000|0.0000|0.0000|0|19.69
基康技术|920879|9.02|4958452|86312888.00|-3.09|9.99|-5.51|18.00|16.00|18.16|15.60|4.96|16.51|2799206|44697604.00|1|0.0000|0.0000|0.0000|0|16.51
星辰科技|920885|29.97|16359740|243759936.00|-0.24|29.97|-3.07|16.09|12.35|16.09|12.00|16.36|12.38|4735184|57288304.00|1|0.0000|0.0000|0.0000|0|12.38
广咨国际|920892|14.68|6235631|94508104.00|0.22|15.11|-1.08|15.94|13.93|16.00|13.75|6.24|13.90|2834721|38213368.00|1|0.0000|0.0000|0.0000|0|13.90
花溪科技|920895|7.99|11559131|238616016.00|11.87|26.52|0.00|20.28|21.01|23.76|18.78|11.56|18.78|8279978|147868464.00|1|0.0000|0.0000|0.0000|0|18.78
旺成科技|920896|7.52|4310628|66595188.00|-4.13|12.32|-4.87|15.88|14.16|16.59|14.05|4.31|14.77|3987179|58285536.00|1|0.0000|0.0000|0.0000|0|14.77
舜宇精工|920906|8.97|3751440|75359696.00|-1.15|12.15|-6.10|20.89|18.95|21.50|18.00|3.75|19.17|2636620|50010956.00|1|0.0000|0.0000|0.0000|0|19.17
远航精密|920914|8.33|4114810|69739872.00|-2.35|9.14|-3.77|17.55|15.82|17.68|15.59|4.11|16.20|2806615|44777236.00|1|0.0000|0.0000|0.0000|0|16.20
广脉科技|920924|23.39|7922458|181714704.00|-1.99|24.34|-6.25|26.06|20.70|26.26|19.80|7.92|21.12|4595326|96190704.00|1|0.0000|0.0000|0.0000|0|21.12
锦好医疗|920925|4.52|3790987|47618664.00|-3.55|6.38|-6.86|12.95|11.95|13.18|11.54|3.79|12.39|3880722|47529564.00|1|0.0000|0.0000|0.0000|0|12.39
鸿智科技|920926|11.97|2534614|49220608.00|-0.82|12.95|-5.36|20.49|18.15|20.67|17.32|2.53|18.30|1671687|30194314.00|1|0.0000|0.0000|0.0000|0|18.30
无锡鼎邦|920931|8.80|1979734|26156818.00|0.00|10.55|-3.73|13.72|12.61|13.94|12.14|1.98|12.61|1706501|20692404.00|1|0.0000|0.0000|0.0000|0|12.61
科达自控|920932|11.42|4970832|117888200.00|-0.44|12.09|-4.80|25.07|22.40|25.22|21.42|4.97|22.50|2927889|65349128.00|1|0.0000|0.0000|0.0000|0|22.50
恒立钻具|920942|8.62|2061939|34109344.00|-0.32|10.58|-3.80|17.14|15.73|17.45|15.18|2.06|15.78|1686533|25809354.00|1|0.0000|0.0000|0.0000|0|15.78
优机股份|920943|15.18|3325790|53772892.00|-3.34|15.38|-3.34|17.22|14.45|17.25|14.45|3.33|14.95|1886045|27853294.00|1|0.0000|0.0000|0.0000|0|14.95
森萱医药|920946|4.53|11858618|116127064.00|-2.68|6.08|-7.00|10.15|9.45|10.30|9.03|11.86|9.71|8136943|77676856.00|1|0.0000|0.0000|0.0000|0|9.71
迅安科技|920950|7.29|1174663|21405834.00|-3.84|8.54|-4.92|18.98|17.01|19.20|16.82|1.17|17.69|978641|17077278.00|1|0.0000|0.0000|0.0000|0|17.69
国子软件|920953|13.83|6269186|293208640.00|-4.84|16.39|-7.17|48.90|40.88|50.00|39.88|6.27|42.96|3351944|132141896.00|1|0.0000|0.0000|0.0000|0|42.96
汉维科技|920957|8.69|4086879|51699596.00|-3.98|9.50|-9.82|13.39|11.83|13.49|11.11|4.09|12.32|3284621|39334788.00|1|0.0000|0.0000|0.0000|0|12.32
创远信科|920961|22.08|11317429|185961440.00|-1.09|22.15|-2.85|17.97|14.56|17.98|14.30|11.32|14.72|5250891|76258968.00|1|0.0000|0.0000|0.0000|0|14.72
润农节水|920964|-0.11|60565214|596906560.00|2.68|16.70|-5.03|9.33|9.59|10.90|8.87|60.57|9.34|54540256|472071872.00|1|0.0000|0.0000|0.0000|0|9.34
大禹生物|920970|-2.89|22847897|229262416.00|3.31|15.50|-4.96|9.40|10.00|11.18|9.20|22.85|9.68|23894559|225630144.00|1|0.0000|0.0000|0.0000|0|9.68
天马新材|920971|13.87|5389017|140086992.00|-2.48|17.65|-4.20|27.10|23.21|28.00|22.80|5.39|23.80|3007546|70705720.00|1|0.0000|0.0000|0.0000|0|23.80
凯大催化|920974|10.22|7800041|57279252.00|0.14|10.50|-3.17|7.66|6.96|7.68|6.73|7.80|6.95|3893104|26935636.00|1|0.0000|0.0000|0.0000|0|6.95
视声智能|920976|9.50|3702254|74903960.00|-1.24|10.90|-6.51|21.20|19.12|21.47|18.10|3.70|19.36|2250063|43110100.00|1|0.0000|0.0000|0.0000|0|19.36
开特股份|920978|10.62|5470885|102381952.00|-4.74|12.82|-5.03|19.59|16.87|19.98|16.82|5.47|17.71|3867602|68133032.00|1|0.0000|0.0000|0.0000|0|17.71
晶赛科技|920981|11.42|4514449|139043088.00|-3.68|14.55|-6.78|32.39|28.00|33.30|27.10|4.51|29.07|3157125|90618432.00|1|0.0000|0.0000|0.0000|0|29.07
锦波生物|920982|3.16|807411|234492384.00|-2.40|3.40|-3.10|295.96|280.00|296.65|278.00|0.81|286.89|892420|253036304.00|1|0.0000|0.0000|0.0000|0|286.89
海泰新能|920985|7.89|9858783|100764912.00|-2.73|8.20|-4.55|10.66|9.61|10.69|9.43|9.86|9.88|6640101|65191604.00|1|0.0000|0.0000|0.0000|0|9.88
中科美菱|920992|10.17|5322961|88192576.00|-0.83|11.19|-3.43|17.33|15.60|17.49|15.19|5.32|15.73|3909370|59707164.00|1|0.0000|0.0000|0.0000|0|15.73
