平安银行|000001|1.12|146398771|1576590080.00|-0.19|1.40|-0.37|10.82|10.68|10.85|10.66|146.40|10.70|254556048|2751055360.00|1|0.0000|0.0000|0.0000|0|10.70
万  科Ａ|000002|3.03|142555014|962248256.00|0.00|3.64|0.00|6.80|6.60|6.84|6.60|142.56|6.60|196633480|1318713472.00|1|0.0000|0.0000|0.0000|0|6.60
*ST国华|000004|-2.04|6976800|60315632.00|-3.96|1.81|-5.54|8.66|8.49|9.00|8.35|6.98|8.84|2455400|21882660.00|1|0.0000|0.0000|0.0000|0|8.84
深振业Ａ|000006|-8.93|75999008|438643488.00|-4.31|-2.07|-10.05|5.71|6.00|6.14|5.64|76.00|6.27|32274500|203606160.00|1|0.0000|0.0000|0.0000|0|6.27
全新好|000007|-3.76|6571465|35143988.00|-2.51|0.00|-7.17|5.37|5.44|5.58|5.18|6.57|5.58|6963800|39393128.00|1|0.0000|0.0000|0.0000|0|5.58
神州高铁|000008|8.70|228185615|617426240.00|1.58|9.88|0.79|2.75|2.57|2.78|2.55|228.19|2.53|164799817|431606752.00|1|0.0000|0.0000|0.0000|0|2.53
中国宝安|000009|2.04|31703903|235845248.00|0.68|2.17|-0.54|7.51|7.41|7.52|7.32|31.70|7.36|44044682|328855232.00|1|0.0000|0.0000|0.0000|0|7.36
美丽生态|000010|-5.51|32105518|77170024.00|-5.91|1.97|-9.06|2.40|2.39|2.59|2.31|32.11|2.54|17970800|46275376.00|1|0.0000|0.0000|0.0000|0|2.54
深物业A|000011|-2.21|6483423|48728600.00|-1.04|0.26|-4.30|7.51|7.60|7.70|7.35|6.48|7.68|7965851|62400816.00|1|0.0000|0.0000|0.0000|0|7.68
南  玻Ａ|000012|3.93|29652996|140640256.00|0.00|4.80|0.00|4.76|4.58|4.80|4.58|29.65|4.58|36331209|171055360.00|1|0.0000|0.0000|0.0000|0|4.58
沙河股份|000014|-5.29|9480704|88258128.00|-1.93|-0.71|-8.44|9.31|9.64|9.76|9.00|9.48|9.83|5370120|53281476.00|1|0.0000|0.0000|0.0000|0|9.83
深康佳Ａ|000016|-6.34|64865281|250477664.00|-5.61|-1.22|-9.51|3.84|3.87|4.05|3.71|64.87|4.10|37104500|153031024.00|1|0.0000|0.0000|0.0000|0|4.10
深中华A|000017|-0.90|19268864|105813744.00|-1.45|1.63|-3.25|5.48|5.45|5.62|5.35|19.27|5.53|19055334|107839224.00|1|0.0000|0.0000|0.0000|0|5.53
深粮控股|000019|7.74|54613256|389683104.00|-1.46|9.49|-3.07|7.38|6.75|7.50|6.64|54.61|6.85|41599667|282357376.00|1|0.0000|0.0000|0.0000|0|6.85
深华发Ａ|000020|-8.14|5540400|56007588.00|-4.02|-1.19|-9.96|10.05|10.50|10.81|9.85|5.54|10.94|2009600|22291920.00|1|0.0000|0.0000|0.0000|0|10.94
深科技|000021|-4.20|47231906|753513792.00|-2.70|-0.12|-8.05|15.95|16.20|16.63|15.31|47.23|16.65|28390579|478428672.00|1|0.0000|0.0000|0.0000|0|16.65
特  力Ａ|000025|-7.71|24615400|378171808.00|-3.16|-1.33|-10.01|15.21|15.96|16.26|14.83|24.62|16.48|16064951|269444576.00|1|0.0000|0.0000|0.0000|0|16.48
飞亚达|000026|-3.64|10325480|98937480.00|-0.10|0.61|-5.47|9.52|9.87|9.94|9.34|10.33|9.88|7650900|76742736.00|1|0.0000|0.0000|0.0000|0|9.88
深圳能源|000027|4.04|28137334|172147200.00|-0.17|4.38|-0.34|6.18|5.93|6.20|5.92|28.14|5.94|38558439|232754880.00|1|0.0000|0.0000|0.0000|0|5.94
国药一致|000028|2.41|8017577|195991600.00|-0.58|3.24|-0.58|24.62|23.90|24.82|23.90|8.02|24.04|8149537|198815296.00|1|0.0000|0.0000|0.0000|0|24.04
深深房Ａ|000029|-1.70|6419135|84376024.00|-0.81|0.00|-5.04|13.27|13.39|13.50|12.82|6.42|13.50|5538704|76456944.00|1|0.0000|0.0000|0.0000|0|13.50
富奥股份|000030|-6.18|32141426|157027168.00|-0.19|-0.19|-7.72|4.86|5.17|5.17|4.78|32.14|5.18|12696500|66946300.00|1|0.0000|0.0000|0.0000|0|5.18
大悦城|000031|0.41|20714895|49829368.00|-0.83|2.07|-2.49|2.42|2.39|2.46|2.35|20.71|2.41|22282800|54711920.00|1|0.0000|0.0000|0.0000|0|2.41
深桑达Ａ|000032|-7.63|48474398|940533760.00|-2.00|-1.81|-10.01|19.38|20.56|20.60|18.88|48.47|20.98|10427900|220634432.00|1|0.0000|0.0000|0.0000|0|20.98
神州数码|000034|-6.74|52655807|1784492288.00|-3.71|-1.02|-9.99|33.90|35.00|35.98|32.72|52.66|36.35|17729173|654868928.00|1|0.0000|0.0000|0.0000|0|36.35
中国天楹|000035|0.94|35401300|151911216.00|-0.94|2.34|-0.94|4.31|4.23|4.37|4.23|35.40|4.27|54271350|239264400.00|1|0.0000|0.0000|0.0000|0|4.27
华联控股|000036|-6.34|38958088|127480664.00|-3.75|-1.15|-8.65|3.25|3.34|3.43|3.17|38.96|3.47|22298966|78177656.00|1|0.0000|0.0000|0.0000|0|3.47
深南电A|000037|-0.93|10224600|76792160.00|-2.25|1.59|-2.51|7.49|7.39|7.68|7.37|10.22|7.56|10904200|84042896.00|1|0.0000|0.0000|0.0000|0|7.56
中集集团|000039|-2.12|95122153|698742912.00|-2.25|-0.80|-4.11|7.38|7.37|7.48|7.23|95.12|7.54|49742340|378123200.00|1|0.0000|0.0000|0.0000|0|7.54
中洲控股|000042|2.03|10151900|61071700.00|-0.51|2.87|-0.51|6.04|5.89|6.09|5.89|10.15|5.92|20742300|126470232.00|1|0.0000|0.0000|0.0000|0|5.92
深纺织Ａ|000045|-8.61|23918020|222749392.00|-1.98|-1.09|-10.00|9.23|9.90|9.99|9.09|23.92|10.10|6309900|64216000.00|1|0.0000|0.0000|0.0000|0|10.10
京基智农|000048|6.80|22035037|368545984.00|1.00|7.74|1.00|17.11|16.18|17.26|16.18|22.04|16.02|18199233|302222592.00|1|0.0000|0.0000|0.0000|0|16.02
德赛电池|000049|-3.75|9946491|197138928.00|-0.83|0.10|-4.97|19.75|20.35|20.54|19.50|9.95|20.52|6554285|135849456.00|1|0.0000|0.0000|0.0000|0|20.52
深天马Ａ|000050|-3.54|33277076|234958784.00|-1.91|-0.54|-5.59|7.08|7.20|7.30|6.93|33.28|7.34|17630346|131251320.00|1|0.0000|0.0000|0.0000|0|7.34
方大集团|000055|-1.08|13832000|50919204.00|0.00|1.08|-3.23|3.68|3.72|3.76|3.60|13.83|3.72|11785600|44694576.00|1|0.0000|0.0000|0.0000|0|3.72
皇庭国际|000056|2.00|83905400|252222560.00|-1.67|5.00|-6.33|3.06|2.95|3.15|2.81|83.91|3.00|55882700|169828208.00|1|0.0000|0.0000|0.0000|0|3.00
深 赛 格|000058|-1.33|22174802|160304032.00|-1.73|-0.27|-6.00|7.40|7.37|7.48|7.05|22.17|7.50|11267802|85540056.00|1|0.0000|0.0000|0.0000|0|7.50
华锦股份|000059|-1.32|39772317|175277904.00|-1.32|-0.88|-6.39|4.48|4.48|4.50|4.25|39.77|4.54|29451726|136946032.00|1|0.0000|0.0000|0.0000|0|4.54
中金岭南|000060|-0.91|81556896|354227360.00|-0.46|1.14|-2.96|4.35|4.37|4.44|4.26|81.56|4.39|84849039|380508576.00|1|0.0000|0.0000|0.0000|0|4.39
农 产 品|000061|10.06|40622557|281404864.00|0.46|10.06|0.46|7.11|6.49|7.11|6.49|40.62|6.46|40215232|270282624.00|1|0.0000|0.0000|0.0000|0|6.46
深圳华强|000062|-7.70|43367398|866379072.00|-4.92|-1.07|-10.02|19.90|20.50|21.33|19.40|43.37|21.56|19338400|419853920.00|1|0.0000|0.0000|0.0000|0|21.56
中兴通讯|000063|-2.94|156880402|4798264320.00|-0.90|1.18|-5.27|30.36|31.00|31.65|29.63|156.88|31.28|124966582|3958713856.00|1|0.0000|0.0000|0.0000|0|31.28
北方国际|000065|-1.04|38589201|364883936.00|-1.25|1.56|-3.95|9.52|9.50|9.77|9.24|38.59|9.62|20277732|198873200.00|1|0.0000|0.0000|0.0000|0|9.62
中国长城|000066|9.98|202996199|2839410688.00|0.00|9.98|-2.71|14.99|13.63|14.99|13.26|203.00|13.63|192152917|2697616896.00|1|0.0000|0.0000|0.0000|0|13.63
华控赛格|000068|-3.13|22620231|71004896.00|0.00|0.94|-4.38|3.10|3.20|3.23|3.06|22.62|3.20|19579200|64123284.00|1|0.0000|0.0000|0.0000|0|3.20
华侨城Ａ|000069|1.33|48348884|110051256.00|0.44|2.21|-1.77|2.29|2.27|2.31|2.22|48.35|2.26|83467899|193941664.00|1|0.0000|0.0000|0.0000|0|2.26
特发信息|000070|-5.02|11050010|58618052.00|-5.02|-3.58|-5.02|5.30|5.30|5.38|5.30|11.05|5.58|2452900|13687182.00|1|0.0000|0.0000|0.0000|0|5.58
海王生物|000078|-0.45|27125381|60169560.00|-2.69|1.79|-3.14|2.22|2.17|2.27|2.16|27.13|2.23|38376561|87757064.00|1|0.0000|0.0000|0.0000|0|2.23
盐 田 港|000088|5.05|22698150|102334424.00|0.00|5.05|0.00|4.58|4.36|4.58|4.36|22.70|4.36|28429296|128161800.00|1|0.0000|0.0000|0.0000|0|4.36
深圳机场|000089|3.06|19658933|125184976.00|0.32|3.71|0.32|6.39|6.22|6.43|6.22|19.66|6.20|30702130|196739232.00|1|0.0000|0.0000|0.0000|0|6.20
天健集团|000090|3.46|33759173|120754512.00|0.86|4.90|0.86|3.59|3.50|3.64|3.50|33.76|3.47|33235444|119336800.00|1|0.0000|0.0000|0.0000|0|3.47
广聚能源|000096|-0.12|17489672|288490848.00|-5.69|1.70|-7.44|17.04|16.09|17.35|15.79|17.49|17.06|4593100|79145440.00|1|0.0000|0.0000|0.0000|0|17.06
中信海直|000099|-3.35|32971896|660910656.00|-4.02|-0.10|-6.56|20.19|20.05|20.87|19.52|32.97|20.89|18781728|396207296.00|1|0.0000|0.0000|0.0000|0|20.89
TCL科技|000100|-2.28|422449591|1632562048.00|-1.77|-0.25|-3.54|3.86|3.88|3.94|3.81|422.45|3.95|347995441|1390148352.00|1|0.0000|0.0000|0.0000|0|3.95
中成股份|000151|-3.72|9778578|120191560.00|-9.22|-1.32|-9.22|12.42|11.71|12.73|11.71|9.78|12.90|6397400|83096944.00|1|0.0000|0.0000|0.0000|0|12.90
丰原药业|000153|-3.46|20698293|116150752.00|0.35|1.21|-5.54|5.58|5.80|5.85|5.46|20.70|5.78|16235200|95651272.00|1|0.0000|0.0000|0.0000|0|5.78
川能动力|000155|0.00|36064563|365764416.00|-0.68|1.17|-3.71|10.23|10.16|10.35|9.85|36.06|10.23|36966401|386542912.00|1|0.0000|0.0000|0.0000|0|10.23
华数传媒|000156|-2.69|37009100|267284896.00|-0.81|0.00|-4.70|7.24|7.38|7.44|7.09|37.01|7.44|23697633|179211376.00|1|0.0000|0.0000|0.0000|0|7.44
中联重科|000157|2.06|74704912|513555840.00|1.62|2.21|0.00|6.94|6.91|6.95|6.80|74.70|6.80|81836441|565926144.00|1|0.0000|0.0000|0.0000|0|6.80
常山北明|000158|-4.11|95384348|1751538944.00|-6.30|0.00|-8.54|18.42|18.00|19.21|17.57|95.38|19.21|31509628|611466880.00|1|0.0000|0.0000|0.0000|0|19.21
国际实业|000159|-6.92|18799835|87185592.00|-3.87|-0.81|-8.35|4.57|4.72|4.87|4.50|18.80|4.91|11131355|55284008.00|1|0.0000|0.0000|0.0000|0|4.91
申万宏源|000166|2.46|135356807|614991488.00|0.67|2.91|0.00|4.58|4.50|4.60|4.47|135.36|4.47|174430068|794767680.00|1|0.0000|0.0000|0.0000|0|4.47
东方盛虹|000301|4.82|23938781|184410912.00|0.13|4.95|-0.40|7.83|7.48|7.84|7.44|23.94|7.47|30195134|229098656.00|1|0.0000|0.0000|0.0000|0|7.47
美的集团|000333|4.54|74473332|5151771648.00|1.22|4.94|0.91|70.23|68.00|70.50|67.79|74.47|67.18|88089693|5986991616.00|1|0.0000|0.0000|0.0000|0|67.18
潍柴动力|000338|1.73|87875978|1278301312.00|-0.35|1.94|-0.83|14.70|14.40|14.73|14.33|87.88|14.45|131192314|1887529728.00|1|0.0000|0.0000|0.0000|0|14.45
许继电气|000400|7.41|38315911|926396608.00|-0.65|7.75|-0.65|24.80|22.94|24.88|22.94|38.32|23.09|26789489|628776192.00|1|0.0000|0.0000|0.0000|0|23.09
金隅冀东|000401|4.35|21619597|102529464.00|0.22|5.00|-0.22|4.80|4.61|4.83|4.59|21.62|4.60|22945105|109014216.00|1|0.0000|0.0000|0.0000|0|4.60
金 融 街|000402|0.00|36172997|92309384.00|0.00|1.17|-3.11|2.57|2.57|2.60|2.49|36.17|2.57|29014400|75739968.00|1|0.0000|0.0000|0.0000|0|2.57
派林生物|000403|6.02|72902050|1778283520.00|-0.41|7.88|-2.90|25.55|24.00|26.00|23.40|72.90|24.10|79853379|1909970560.00|1|0.0000|0.0000|0.0000|0|24.10
长虹华意|000404|-8.77|42256534|263474592.00|-2.23|-1.04|-9.96|6.14|6.58|6.66|6.06|42.26|6.73|17949750|122269120.00|1|0.0000|0.0000|0.0000|0|6.73
胜利股份|000407|-0.67|19960592|59293004.00|-1.01|2.01|-2.35|2.96|2.95|3.04|2.91|19.96|2.98|24785254|75432648.00|1|0.0000|0.0000|0.0000|0|2.98
藏格矿业|000408|-1.01|21637470|692966528.00|-0.12|0.46|-4.12|32.21|32.50|32.69|31.20|21.64|32.54|18129300|590742976.00|1|0.0000|0.0000|0.0000|0|32.54
云鼎科技|000409|-4.92|46899322|460791872.00|-4.63|-0.87|-8.98|9.85|9.88|10.27|9.43|46.90|10.36|24994900|260948560.00|1|0.0000|0.0000|0.0000|0|10.36
沈阳机床|000410|-0.15|24566563|160337200.00|0.76|3.05|-2.29|6.54|6.60|6.75|6.40|24.57|6.55|28678906|192568240.00|1|0.0000|0.0000|0.0000|0|6.55
英特集团|000411|1.03|5303314|51711020.00|0.52|2.06|-1.13|9.80|9.75|9.90|9.59|5.30|9.70|7485047|74337712.00|1|0.0000|0.0000|0.0000|0|9.70
渤海租赁|000415|-0.71|124811244|349680224.00|-0.71|1.77|-2.48|2.80|2.80|2.87|2.75|124.81|2.82|143103600|409487104.00|1|0.0000|0.0000|0.0000|0|2.82
合百集团|000417|7.50|33822737|180015008.00|-0.39|8.68|-0.39|5.45|5.05|5.51|5.05|33.82|5.07|22273500|115067672.00|1|0.0000|0.0000|0.0000|0|5.07
通程控股|000419|2.68|21478790|113622144.00|-0.38|3.64|-2.30|5.36|5.20|5.41|5.10|21.48|5.22|12109200|64174840.00|1|0.0000|0.0000|0.0000|0|5.22
吉林化纤|000420|-0.89|65189659|217268304.00|-2.08|1.48|-2.97|3.34|3.30|3.42|3.27|65.19|3.37|70023600|239905024.00|1|0.0000|0.0000|0.0000|0|3.37
南京公用|000421|-1.46|12717267|68586200.00|-3.11|0.91|-3.11|5.39|5.30|5.52|5.30|12.72|5.47|15380500|85860704.00|1|0.0000|0.0000|0.0000|0|5.47
湖北宜化|000422|1.79|84928696|997104192.00|0.68|2.74|-2.14|11.91|11.78|12.02|11.45|84.93|11.70|49666494|588461888.00|1|0.0000|0.0000|0.0000|0|11.70
东阿阿胶|000423|0.21|8845796|539115584.00|-0.03|1.12|-1.28|61.09|60.94|61.64|60.18|8.85|60.96|13323485|815748992.00|1|0.0000|0.0000|0.0000|0|60.96
徐工机械|000425|3.85|155564790|1244584448.00|0.13|5.77|0.13|8.10|7.81|8.25|7.81|155.56|7.80|151829131|1198680576.00|1|0.0000|0.0000|0.0000|0|7.80
兴业银锡|000426|-7.20|81414408|904943232.00|-2.68|-1.26|-9.54|11.09|11.63|11.80|10.81|81.41|11.95|18137000|216737152.00|1|0.0000|0.0000|0.0000|0|11.95
华天酒店|000428|2.37|25858091|78594200.00|1.02|5.08|0.68|3.02|2.98|3.10|2.97|25.86|2.95|30996600|94863136.00|1|0.0000|0.0000|0.0000|0|2.95
粤高速Ａ|000429|2.85|15148407|205954704.00|-0.23|3.16|-0.23|13.69|13.28|13.73|13.28|15.15|13.31|19186955|256538128.00|1|0.0000|0.0000|0.0000|0|13.31
*ST张股|000430|2.62|50980590|416708416.00|-0.87|5.87|-1.62|8.22|7.94|8.48|7.88|50.98|8.01|55345758|450274880.00|1|0.0000|0.0000|0.0000|0|8.01
ST晨鸣|000488|-3.87|43249728|75520264.00|-3.87|-1.10|-4.97|1.74|1.74|1.79|1.72|43.25|1.81|37313500|67610472.00|1|0.0000|0.0000|0.0000|0|1.81
山东路桥|000498|2.79|20587148|113349856.00|0.74|4.09|0.74|5.53|5.42|5.60|5.42|20.59|5.38|26561334|148226784.00|1|0.0000|0.0000|0.0000|0|5.38
武商集团|000501|10.03|72652811|705502272.00|-0.65|10.03|-1.09|10.09|9.11|10.09|9.07|72.65|9.17|62065274|575278912.00|1|0.0000|0.0000|0.0000|0|9.17
国新健康|000503|0.48|43319755|450906560.00|0.00|3.74|-3.26|10.49|10.44|10.83|10.10|43.32|10.44|34979400|370241536.00|1|0.0000|0.0000|0.0000|0|10.44
*ST生物|000504|-9.78|12747434|105020416.00|-7.78|-3.78|-10.00|8.12|8.30|8.66|8.10|12.75|9.00|4911000|44990732.00|1|0.0000|0.0000|0.0000|0|9.00
京粮控股|000505|8.48|57999672|386042976.00|0.00|9.58|-2.98|6.91|6.37|6.98|6.18|58.00|6.37|47139424|299078400.00|1|0.0000|0.0000|0.0000|0|6.37
招金黄金|000506|-4.99|8821400|45341996.00|-4.99|-4.99|-4.99|5.14|5.14|5.14|5.14|8.82|5.41|6921100|37443152.00|1|0.0000|0.0000|0.0000|0|5.41
珠海港|000507|4.88|31537333|152855808.00|-0.21|8.07|-0.85|4.94|4.70|5.09|4.67|31.54|4.71|24060450|116854368.00|1|0.0000|0.0000|0.0000|0|4.71
华塑控股|000509|-3.81|24074633|66161224.00|0.00|0.00|-8.65|2.78|2.89|2.89|2.64|24.07|2.89|11391500|33301868.00|1|0.0000|0.0000|0.0000|0|2.89
新金路|000510|-3.51|24160947|87153576.00|0.00|0.81|-4.86|3.57|3.70|3.73|3.52|24.16|3.70|34520700|129802816.00|1|0.0000|0.0000|0.0000|0|3.70
丽珠集团|000513|0.98|8639559|294667616.00|0.30|2.75|-0.27|34.13|33.90|34.73|33.71|8.64|33.80|11621808|399434688.00|1|0.0000|0.0000|0.0000|0|33.80
渝 开 发|000514|-1.40|16557105|57535112.00|-2.80|0.00|-5.32|3.52|3.47|3.57|3.38|16.56|3.57|12606100|45728068.00|1|0.0000|0.0000|0.0000|0|3.57
国际医学|000516|0.20|37684071|189518208.00|-0.79|2.18|-1.79|5.05|5.00|5.15|4.95|37.68|5.04|45377404|233215664.00|1|0.0000|0.0000|0.0000|0|5.04
荣安地产|000517|0.56|35330663|62367792.00|-2.26|1.13|-2.82|1.78|1.73|1.79|1.72|35.33|1.77|39814500|72244656.00|1|0.0000|0.0000|0.0000|0|1.77
*ST四环|000518|-8.97|75980672|162200048.00|-9.83|-3.42|-9.83|2.13|2.11|2.26|2.11|75.98|2.34|11299600|26441064.00|1|0.0000|0.0000|0.0000|0|2.34
中兵红箭|000519|0.65|33783952|527116224.00|-1.87|2.45|-1.87|15.59|15.20|15.87|15.20|33.78|15.49|49205566|773067840.00|1|0.0000|0.0000|0.0000|0|15.49
凤凰航运|000520|-6.37|31634639|121346064.00|-2.94|-1.23|-9.56|3.82|3.96|4.03|3.69|31.63|4.08|18391500|76077792.00|1|0.0000|0.0000|0.0000|0|4.08
长虹美菱|000521|-2.55|34587355|239560048.00|-1.98|0.71|-3.68|6.88|6.92|7.11|6.80|34.59|7.06|34774378|247701872.00|1|0.0000|0.0000|0.0000|0|7.06
红棉股份|000523|4.55|45058625|143105744.00|0.65|4.87|0.00|3.22|3.10|3.23|3.08|45.06|3.08|42038952|132392888.00|1|0.0000|0.0000|0.0000|0|3.08
岭南控股|000524|6.53|81725574|1046225856.00|2.10|9.43|-3.87|13.22|12.67|13.58|11.93|81.73|12.41|65696642|838247616.00|1|0.0000|0.0000|0.0000|0|12.41
红太阳|000525|-4.98|31317663|185993424.00|-4.98|-2.09|-4.98|5.92|5.92|6.10|5.92|31.32|6.23|8636100|53811468.00|1|0.0000|0.0000|0.0000|0|6.23
学大教育|000526|3.91|3065400|154437984.00|0.00|4.64|-2.25|51.28|49.35|51.64|48.24|3.07|49.35|3417199|170683856.00|1|0.0000|0.0000|0.0000|0|49.35
柳    工|000528|-0.99|50439228|504175328.00|0.49|3.06|-3.06|10.04|10.19|10.45|9.83|50.44|10.14|40287599|415582336.00|1|0.0000|0.0000|0.0000|0|10.14
广弘控股|000529|7.98|21829968|130091840.00|-0.35|8.51|-0.71|6.09|5.62|6.12|5.60|21.83|5.64|17841875|104036872.00|1|0.0000|0.0000|0.0000|0|5.64
冰山冷热|000530|-6.20|55085966|259605744.00|-2.20|-0.40|-9.80|4.69|4.89|4.98|4.51|55.09|5.00|19977300|100862816.00|1|0.0000|0.0000|0.0000|0|5.00
穗恒运Ａ|000531|-1.39|12580220|71201504.00|-1.39|0.52|-4.33|5.69|5.69|5.80|5.52|12.58|5.77|12466501|72921744.00|1|0.0000|0.0000|0.0000|0|5.77
华金资本|000532|-5.76|18884309|246250464.00|-4.90|-2.09|-8.50|13.08|13.20|13.59|12.70|18.88|13.88|7085900|99229376.00|1|0.0000|0.0000|0.0000|0|13.88
顺钠股份|000533|-9.25|58528600|302306496.00|-9.79|-2.49|-9.96|5.10|5.07|5.48|5.06|58.53|5.62|17178500|97155144.00|1|0.0000|0.0000|0.0000|0|5.62
万泽股份|000534|-2.67|11427562|153234656.00|0.00|0.00|-5.77|13.49|13.86|13.86|13.06|11.43|13.86|9827594|138080160.00|1|0.0000|0.0000|0.0000|0|13.86
华映科技|000536|-3.85|107196775|427751232.00|-3.85|0.72|-6.73|4.00|4.00|4.19|3.88|107.20|4.16|46107060|192625472.00|1|0.0000|0.0000|0.0000|0|4.16
中绿电|000537|3.79|19881712|162407664.00|1.14|4.30|1.14|8.21|8.00|8.25|8.00|19.88|7.91|29088631|237354000.00|1|0.0000|0.0000|0.0000|0|7.91
云南白药|000538|3.38|19921126|1115567360.00|-0.27|3.42|-0.85|56.86|54.85|56.88|54.53|19.92|55.00|22133326|1220219776.00|1|0.0000|0.0000|0.0000|0|55.00
粤电力Ａ|000539|3.29|50258037|219854784.00|0.47|3.99|0.47|4.40|4.28|4.43|4.28|50.26|4.26|65835199|286954848.00|1|0.0000|0.0000|0.0000|0|4.26
佛山照明|000541|-0.66|89196533|529298144.00|-2.31|0.99|-5.61|6.02|5.92|6.12|5.72|89.20|6.06|40468680|247610864.00|1|0.0000|0.0000|0.0000|0|6.06
皖能电力|000543|3.96|60236688|439366624.00|1.41|4.24|1.27|7.35|7.17|7.37|7.16|60.24|7.07|70066551|508229696.00|1|0.0000|0.0000|0.0000|0|7.07
中原环保|000544|1.02|9501477|74864776.00|0.64|2.56|-0.38|7.89|7.86|8.01|7.78|9.50|7.81|13399749|107415832.00|1|0.0000|0.0000|0.0000|0|7.81
金浦钛业|000545|-3.03|26847044|51891204.00|0.00|1.01|-4.55|1.92|1.98|2.00|1.89|26.85|1.98|25100900|50243608.00|1|0.0000|0.0000|0.0000|0|1.98
金圆股份|000546|-3.17|18303486|72546168.00|-2.68|-0.24|-4.88|3.97|3.99|4.09|3.90|18.30|4.10|15565700|64668980.00|1|0.0000|0.0000|0.0000|0|4.10
航天发展|000547|0.31|21623401|141746736.00|0.76|2.60|-1.53|6.57|6.60|6.72|6.45|21.62|6.55|32278700|216360912.00|1|0.0000|0.0000|0.0000|0|6.55
湖南投资|000548|-3.38|15949754|73231704.00|-0.42|0.00|-5.07|4.57|4.71|4.73|4.49|15.95|4.73|14187811|68098496.00|1|0.0000|0.0000|0.0000|0|4.73
江铃汽车|000550|-7.16|15252406|287250336.00|-2.85|-0.80|-8.86|18.55|19.41|19.82|18.21|15.25|19.98|6366400|127856304.00|1|0.0000|0.0000|0.0000|0|19.98
创元科技|000551|-6.22|21430525|223058832.00|-0.90|0.45|-9.19|10.41|11.00|11.15|10.08|21.43|11.10|5633400|63051456.00|1|0.0000|0.0000|0.0000|0|11.10
甘肃能化|000552|3.91|66694237|158351616.00|0.87|4.35|0.87|2.39|2.32|2.40|2.32|66.69|2.30|83584797|198541824.00|1|0.0000|0.0000|0.0000|0|2.30
安道麦A|000553|2.24|10488270|56577688.00|-2.61|2.24|-2.61|5.48|5.22|5.48|5.22|10.49|5.36|7721300|42249508.00|1|0.0000|0.0000|0.0000|0|5.36
泰山石油|000554|-3.43|24306220|129918408.00|-0.90|-0.54|-5.42|5.35|5.49|5.51|5.24|24.31|5.54|18488601|104354000.00|1|0.0000|0.0000|0.0000|0|5.54
神州信息|000555|-1.85|41645767|416448896.00|-2.53|0.10|-5.74|10.08|10.01|10.28|9.68|41.65|10.27|20938900|217244752.00|1|0.0000|0.0000|0.0000|0|10.27
西部创业|000557|2.60|25057788|125824192.00|-0.20|3.40|-2.60|5.13|4.99|5.17|4.87|25.06|5.00|22106184|112190976.00|1|0.0000|0.0000|0.0000|0|5.00
天府文旅|000558|6.40|176959952|690917696.00|0.27|7.20|0.00|3.99|3.76|4.02|3.75|176.96|3.75|172943386|670036480.00|1|0.0000|0.0000|0.0000|0|3.75
万向钱潮|000559|-9.78|121231889|779269632.00|-2.30|-0.86|-9.93|6.27|6.79|6.89|6.26|121.23|6.95|95429283|674204032.00|1|0.0000|0.0000|0.0000|0|6.95
我爱我家|000560|6.09|212590735|623319680.00|-1.08|10.04|-1.79|2.96|2.76|3.07|2.74|212.59|2.79|141197585|403505088.00|1|0.0000|0.0000|0.0000|0|2.79
烽火电子|000561|-1.69|14742825|101517880.00|-3.37|-0.14|-5.62|7.00|6.88|7.11|6.72|14.74|7.12|11625600|83577712.00|1|0.0000|0.0000|0.0000|0|7.12
陕国投Ａ|000563|1.58|79379282|253435936.00|0.32|1.89|-0.95|3.22|3.18|3.23|3.14|79.38|3.17|107256604|349081120.00|1|0.0000|0.0000|0.0000|0|3.17
供销大集|000564|10.04|583389572|1613372032.00|-0.39|10.04|-1.93|2.85|2.58|2.85|2.54|583.39|2.59|582171903|1573428352.00|1|0.0000|0.0000|0.0000|0|2.59
渝三峡Ａ|000565|-5.56|10655102|49470176.00|-1.44|0.00|-7.41|4.59|4.79|4.86|4.50|10.66|4.86|7710400|38166204.00|1|0.0000|0.0000|0.0000|0|4.86
海南海药|000566|0.73|23441490|93988608.00|-3.16|1.22|-5.11|4.14|3.98|4.16|3.90|23.44|4.11|20576153|85598544.00|1|0.0000|0.0000|0.0000|0|4.11
海德股份|000567|-0.95|20522719|106611736.00|-0.57|0.57|-3.42|5.22|5.24|5.30|5.09|20.52|5.27|15411205|82101048.00|1|0.0000|0.0000|0.0000|0|5.27
泸州老窖|000568|2.74|14687467|1872162304.00|-0.05|2.90|-0.21|129.00|125.50|129.20|125.30|14.69|125.56|19007423|2399791360.00|1|0.0000|0.0000|0.0000|0|125.56
苏常柴Ａ|000570|0.80|23579818|118578968.00|2.41|3.82|-2.01|5.02|5.10|5.17|4.88|23.58|4.98|17788492|89993184.00|1|0.0000|0.0000|0.0000|0|4.98
新大洲A|000571|-5.74|31226516|114810768.00|-0.78|0.52|-8.09|3.61|3.80|3.85|3.52|31.23|3.83|19898700|77039144.00|1|0.0000|0.0000|0.0000|0|3.83
海马汽车|000572|-6.69|60251024|203308368.00|-5.29|-1.39|-9.75|3.35|3.40|3.54|3.24|60.25|3.59|35324461|127744800.00|1|0.0000|0.0000|0.0000|0|3.59
粤宏远Ａ|000573|-3.47|45018482|177319680.00|-0.74|0.74|-4.47|3.89|4.00|4.06|3.85|45.02|4.03|39697783|160932400.00|1|0.0000|0.0000|0.0000|0|4.03
甘化科工|000576|-5.47|13762501|86429504.00|-2.43|0.76|-8.05|6.22|6.42|6.63|6.05|13.76|6.58|8434200|56572848.00|1|0.0000|0.0000|0.0000|0|6.58
威孚高科|000581|-2.95|39587978|714368128.00|-1.23|-0.32|-4.72|18.09|18.41|18.58|17.76|39.59|18.64|26650300|501537920.00|1|0.0000|0.0000|0.0000|0|18.64
北部湾港|000582|3.30|44539395|371632448.00|-0.12|4.16|-0.37|8.44|8.16|8.51|8.14|44.54|8.17|59904699|504093504.00|1|0.0000|0.0000|0.0000|0|8.17
汇源通信|000586|-5.01|10738800|85618440.00|-0.12|-0.12|-7.64|7.96|8.37|8.37|7.74|10.74|8.38|3825500|32278584.00|1|0.0000|0.0000|0.0000|0|8.38
贵州轮胎|000589|-0.69|39275361|170332640.00|0.00|1.14|-2.06|4.34|4.37|4.42|4.28|39.28|4.37|40591111|181225280.00|1|0.0000|0.0000|0.0000|0|4.37
古汉医药|000590|-1.50|4784301|37854456.00|-2.24|1.62|-3.87|7.90|7.84|8.15|7.71|4.78|8.02|5805000|47456092.00|1|0.0000|0.0000|0.0000|0|8.02
太阳能|000591|2.90|51763921|219844848.00|0.48|3.86|0.48|4.26|4.16|4.30|4.16|51.76|4.14|77503421|327311968.00|1|0.0000|0.0000|0.0000|0|4.14
平潭发展|000592|5.45|172292878|491691744.00|-0.73|7.27|-0.73|2.90|2.73|2.95|2.73|172.29|2.75|191928574|547593920.00|1|0.0000|0.0000|0.0000|0|2.75
德龙汇能|000593|-4.23|13251300|63709044.00|-1.41|0.00|-6.04|4.76|4.90|4.97|4.67|13.25|4.97|7453300|37641224.00|1|0.0000|0.0000|0.0000|0|4.97
*ST宝实|000595|-0.40|23854000|117026736.00|-5.02|1.61|-5.02|4.96|4.73|5.06|4.73|23.85|4.98|20434800|102648544.00|1|0.0000|0.0000|0.0000|0|4.98
古井贡酒|000596|4.86|3327427|560523712.00|-0.08|5.91|-0.45|172.08|163.97|173.80|163.36|3.33|164.10|3122738|518821760.00|1|0.0000|0.0000|0.0000|0|164.10
东北制药|000597|-0.39|57723643|293321056.00|-1.17|0.78|-4.27|5.13|5.09|5.19|4.93|57.72|5.15|65830766|344575744.00|1|0.0000|0.0000|0.0000|0|5.15
兴蓉环境|000598|2.38|37578351|257826240.00|0.00|3.58|0.00|6.87|6.71|6.95|6.71|37.58|6.71|55143185|375976672.00|1|0.0000|0.0000|0.0000|0|6.71
青岛双星|000599|5.49|104735021|493049760.00|-7.81|8.65|-7.81|5.00|4.37|5.15|4.37|104.74|4.74|121495481|599461952.00|1|0.0000|0.0000|0.0000|0|4.74
建投能源|000600|2.09|75285268|439840672.00|0.17|4.01|-0.52|5.86|5.75|5.97|5.71|75.29|5.74|81686803|470106944.00|1|0.0000|0.0000|0.0000|0|5.74
韶能股份|000601|1.68|131415957|719414720.00|-0.75|5.41|-2.61|5.45|5.32|5.65|5.22|131.42|5.36|138674831|775461952.00|1|0.0000|0.0000|0.0000|0|5.36
盛达资源|000603|-7.27|31998201|404392512.00|-2.60|-0.59|-9.50|12.50|13.13|13.40|12.20|32.00|13.48|9874300|133385112.00|1|0.0000|0.0000|0.0000|0|13.48
渤海股份|000605|-3.43|9527828|61645852.00|-2.83|-0.15|-6.41|6.48|6.52|6.70|6.28|9.53|6.71|5966300|40538136.00|1|0.0000|0.0000|0.0000|0|6.71
华媒控股|000607|-3.32|16858500|58830460.00|-2.22|-0.28|-5.82|3.49|3.53|3.60|3.40|16.86|3.61|13112900|47866464.00|1|0.0000|0.0000|0.0000|0|3.61
*ST阳光|000608|-5.92|33417878|48472536.00|-1.97|0.66|-7.24|1.43|1.49|1.53|1.41|33.42|1.52|19665300|30095160.00|1|0.0000|0.0000|0.0000|0|1.52
ST中迪|000609|-4.87|3473501|7484127.00|-4.87|-0.44|-4.87|2.15|2.15|2.25|2.15|3.47|2.26|1898600|4303235.00|1|0.0000|0.0000|0.0000|0|2.26
西安旅游|000610|3.38|18997153|242241744.00|0.00|4.83|0.00|12.83|12.41|13.01|12.41|19.00|12.41|24179494|310363552.00|1|0.0000|0.0000|0.0000|0|12.41
焦作万方|000612|-5.11|53206611|338132032.00|-1.50|-0.60|-6.91|6.32|6.56|6.62|6.20|53.21|6.66|33486440|226283776.00|1|0.0000|0.0000|0.0000|0|6.66
*ST美谷|000615|-0.83|22192500|79784992.00|2.49|3.32|-3.60|3.58|3.70|3.73|3.48|22.19|3.61|34886435|129375640.00|1|0.0000|0.0000|0.0000|0|3.61
中油资本|000617|3.03|179742048|1075909760.00|-0.34|6.39|-3.03|6.13|5.93|6.33|5.77|179.74|5.95|144352800|875712384.00|1|0.0000|0.0000|0.0000|0|5.95
海螺新材|000619|-6.47|13597700|69631224.00|-3.88|-0.92|-8.87|5.06|5.20|5.36|4.93|13.60|5.41|9238761|50407256.00|1|0.0000|0.0000|0.0000|0|5.41
盈新发展|000620|3.29|88033744|134757920.00|-2.63|3.29|-3.29|1.57|1.48|1.57|1.47|88.03|1.52|72877199|113228256.00|1|0.0000|0.0000|0.0000|0|1.52
吉林敖东|000623|1.39|17589542|269461920.00|0.79|2.44|0.00|15.37|15.28|15.53|15.16|17.59|15.16|25703992|399651712.00|1|0.0000|0.0000|0.0000|0|15.16
长安汽车|000625|1.29|104472183|1222387072.00|-0.86|2.24|-0.86|11.74|11.49|11.85|11.49|104.47|11.59|157285869|1864704128.00|1|0.0000|0.0000|0.0000|0|11.59
远大控股|000626|-3.07|7837224|36702016.00|-5.94|0.00|-6.56|4.73|4.59|4.88|4.56|7.84|4.88|4472600|22167406.00|1|0.0000|0.0000|0.0000|0|4.88
高新发展|000628|-4.34|11739859|461743040.00|-3.10|-0.63|-7.03|39.49|40.00|41.02|38.38|11.74|41.28|4807724|200843328.00|1|0.0000|0.0000|0.0000|0|41.28
钒钛股份|000629|-0.39|108697981|277004288.00|-1.17|0.39|-3.11|2.56|2.54|2.58|2.49|108.70|2.57|121270176|317945056.00|1|0.0000|0.0000|0.0000|0|2.57
铜陵有色|000630|-2.32|397372621|1167407744.00|-0.66|0.00|-3.97|2.95|3.00|3.02|2.90|397.37|3.02|343257800|1043628224.00|1|0.0000|0.0000|0.0000|0|3.02
顺发恒能|000631|-1.54|15920397|40840692.00|0.00|1.54|-3.46|2.56|2.60|2.64|2.51|15.92|2.60|18987780|50510704.00|1|0.0000|0.0000|0.0000|0|2.60
三木集团|000632|-5.30|17988724|52026452.00|-3.97|0.00|-7.28|2.86|2.90|3.02|2.80|17.99|3.02|9794500|29877432.00|1|0.0000|0.0000|0.0000|0|3.02
合金投资|000633|-3.54|33249530|144178080.00|-3.98|-0.22|-7.08|4.36|4.34|4.51|4.20|33.25|4.52|12449800|57372524.00|1|0.0000|0.0000|0.0000|0|4.52
英 力 特|000635|-2.31|7019902|50636628.00|-2.58|2.04|-4.61|7.20|7.18|7.52|7.03|7.02|7.37|7874600|59152080.00|1|0.0000|0.0000|0.0000|0|7.37
风华高科|000636|-3.21|23118277|287493472.00|-2.19|0.70|-4.93|12.37|12.50|12.87|12.15|23.12|12.78|18681266|242565968.00|1|0.0000|0.0000|0.0000|0|12.78
茂化实华|000637|-0.96|10494000|32315646.00|-1.28|0.96|-3.83|3.10|3.09|3.16|3.01|10.49|3.13|13411600|42467084.00|1|0.0000|0.0000|0.0000|0|3.13
*ST万方|000638|6.01|23165200|106479784.00|-1.78|6.90|-2.23|4.76|4.41|4.80|4.39|23.17|4.49|19229613|89070200.00|1|0.0000|0.0000|0.0000|0|4.49
西王食品|000639|9.96|69344991|185442032.00|-3.19|9.96|-3.19|2.76|2.43|2.76|2.43|69.34|2.51|32849557|84104072.00|1|0.0000|0.0000|0.0000|0|2.51
仁和药业|000650|2.32|26778742|141178336.00|0.39|2.90|0.39|5.29|5.19|5.32|5.19|26.78|5.17|44023393|233876640.00|1|0.0000|0.0000|0.0000|0|5.17
格力电器|000651|3.05|75597337|3327610368.00|-0.05|3.21|-0.90|44.62|43.28|44.69|42.91|75.60|43.30|92719776|4030308608.00|1|0.0000|0.0000|0.0000|0|43.30
泰达股份|000652|-0.57|20205420|70463264.00|0.00|1.71|-2.28|3.49|3.51|3.57|3.43|20.21|3.51|26041390|93278536.00|1|0.0000|0.0000|0.0000|0|3.51
金岭矿业|000655|-2.77|15343141|91364896.00|-1.31|1.14|-4.57|5.96|6.05|6.20|5.85|15.34|6.13|13333300|83077184.00|1|0.0000|0.0000|0.0000|0|6.13
*ST金科|000656|-4.69|67804300|82840344.00|-4.69|-3.13|-4.69|1.22|1.22|1.24|1.22|67.80|1.28|53022900|67909832.00|1|0.0000|0.0000|0.0000|0|1.28
中钨高新|000657|0.22|33027963|293066752.00|0.78|1.12|-4.02|8.98|9.03|9.06|8.60|33.03|8.96|24195707|221582496.00|1|0.0000|0.0000|0.0000|0|8.96
珠海中富|000659|-2.13|32640400|90892792.00|-0.71|3.19|-5.32|2.76|2.80|2.91|2.67|32.64|2.82|40891948|118581000.00|1|0.0000|0.0000|0.0000|0|2.82
长春高新|000661|2.00|8025860|772236736.00|0.54|2.52|0.39|96.70|95.31|97.19|95.17|8.03|94.80|10412498|999393728.00|1|0.0000|0.0000|0.0000|0|94.80
永安林业|000663|1.95|8246100|42662368.00|-0.78|3.70|-2.14|5.23|5.09|5.32|5.02|8.25|5.13|7720100|40542764.00|1|0.0000|0.0000|0.0000|0|5.13
湖北广电|000665|-2.90|67060508|289441152.00|-2.68|-0.45|-6.25|4.35|4.36|4.46|4.20|67.06|4.48|47610900|215382768.00|1|0.0000|0.0000|0.0000|0|4.48
*ST荣控|000668|-2.60|5242310|23936578.00|0.22|2.81|-4.76|4.50|4.63|4.75|4.40|5.24|4.62|3852294|17976216.00|1|0.0000|0.0000|0.0000|0|4.62
ST金鸿|000669|-5.08|9502841|16076219.00|-3.95|-2.26|-5.08|1.68|1.70|1.73|1.68|9.50|1.77|4257000|7548181.00|1|0.0000|0.0000|0.0000|0|1.77
盈方微|000670|-4.27|32465706|176110016.00|-3.74|1.07|-6.05|5.38|5.41|5.68|5.28|32.47|5.62|16753844|95241944.00|1|0.0000|0.0000|0.0000|0|5.62
上峰水泥|000672|6.88|21921664|173345792.00|0.93|7.01|0.26|8.08|7.63|8.09|7.58|21.92|7.56|17316320|134831536.00|1|0.0000|0.0000|0.0000|0|7.56
智度股份|000676|-2.75|37825713|268081472.00|-3.85|1.24|-5.49|7.08|7.00|7.37|6.88|37.83|7.28|24837403|182956096.00|1|0.0000|0.0000|0.0000|0|7.28
恒天海龙|000677|9.92|65895723|262454208.00|-2.87|9.92|-3.13|4.21|3.72|4.21|3.71|65.90|3.83|76008013|302598048.00|1|0.0000|0.0000|0.0000|0|3.83
襄阳轴承|000678|2.15|60903838|625131328.00|1.56|3.03|-3.71|10.46|10.40|10.55|9.86|60.90|10.24|48581244|510518816.00|1|0.0000|0.0000|0.0000|0|10.24
大连友谊|000679|10.08|37678714|243507776.00|-0.50|10.08|-1.68|6.55|5.92|6.55|5.85|37.68|5.95|15480575|92996208.00|1|0.0000|0.0000|0.0000|0|5.95
山推股份|000680|0.00|32014486|245512544.00|-2.69|0.26|-5.12|7.82|7.61|7.84|7.42|32.01|7.82|21864100|172684976.00|1|0.0000|0.0000|0.0000|0|7.82
视觉中国|000681|-4.97|43649711|773380288.00|-6.42|0.00|-8.98|17.77|17.50|18.70|17.02|43.65|18.70|24222874|456219744.00|1|0.0000|0.0000|0.0000|0|18.70
东方电子|000682|2.25|25579230|229063616.00|0.00|3.16|-0.56|9.07|8.87|9.15|8.82|25.58|8.87|31020929|282862432.00|1|0.0000|0.0000|0.0000|0|8.87
博源化工|000683|2.99|66637350|343837248.00|0.20|4.99|0.20|5.16|5.02|5.26|5.02|66.64|5.01|80930156|413401216.00|1|0.0000|0.0000|0.0000|0|5.01
中山公用|000685|2.19|22998518|193510544.00|0.73|3.65|0.73|8.40|8.28|8.52|8.28|23.00|8.22|42966322|362410080.00|1|0.0000|0.0000|0.0000|0|8.22
东北证券|000686|-0.28|31471100|225760592.00|0.00|1.53|-1.81|7.17|7.19|7.30|7.06|31.47|7.19|32275829|237244080.00|1|0.0000|0.0000|0.0000|0|7.19
国城矿业|000688|-3.30|10079692|103956112.00|0.00|0.00|-4.43|10.25|10.60|10.60|10.13|10.08|10.60|7091437|76381416.00|1|0.0000|0.0000|0.0000|0|10.60
宝新能源|000690|3.15|54662001|214456464.00|0.52|4.20|0.52|3.93|3.83|3.97|3.83|54.66|3.81|81850435|322226592.00|1|0.0000|0.0000|0.0000|0|3.81
*ST亚太|000691|-6.84|26985123|66711880.00|0.00|0.76|-9.89|2.45|2.63|2.65|2.37|26.99|2.63|8932525|23672500.00|1|0.0000|0.0000|0.0000|0|2.63
惠天热电|000692|-1.98|12651584|37573056.00|-0.99|1.65|-4.62|2.97|3.00|3.08|2.89|12.65|3.03|13851300|42827484.00|1|0.0000|0.0000|0.0000|0|3.03
滨海能源|000695|-2.78|5060300|44283480.00|-0.56|1.78|-5.79|8.73|8.93|9.14|8.46|5.06|8.98|5234800|47426580.00|1|0.0000|0.0000|0.0000|0|8.98
ST炼石|000697|-2.51|14151100|99493624.00|-0.84|1.67|-5.02|6.99|7.11|7.29|6.81|14.15|7.17|11179894|82317104.00|1|0.0000|0.0000|0.0000|0|7.17
ST沈化|000698|-3.90|23255019|69049576.00|-1.95|-0.32|-5.19|2.96|3.02|3.07|2.92|23.26|3.08|18133800|56775188.00|1|0.0000|0.0000|0.0000|0|3.08
模塑科技|000700|-8.64|57511709|363197120.00|-4.10|-0.59|-9.96|6.24|6.55|6.79|6.15|57.51|6.83|21449700|147655520.00|1|0.0000|0.0000|0.0000|0|6.83
厦门信达|000701|-5.34|21830200|89984696.00|-2.09|-0.23|-7.19|4.08|4.22|4.30|4.00|21.83|4.31|13426800|58315680.00|1|0.0000|0.0000|0.0000|0|4.31
正虹科技|000702|7.64|16707200|107019504.00|-0.16|7.64|-0.49|6.62|6.14|6.62|6.12|16.71|6.15|15797568|101950592.00|1|0.0000|0.0000|0.0000|0|6.15
恒逸石化|000703|4.35|28370837|166511552.00|-0.70|4.52|-1.22|6.00|5.71|6.01|5.68|28.37|5.75|38525099|217415536.00|1|0.0000|0.0000|0.0000|0|5.75
浙江震元|000705|0.41|9138629|67411888.00|-0.41|1.90|-1.76|7.41|7.35|7.52|7.25|9.14|7.38|13898620|105385592.00|1|0.0000|0.0000|0.0000|0|7.38
双环科技|000707|0.47|9452174|60031812.00|-0.94|2.05|-1.42|6.38|6.29|6.48|6.26|9.45|6.35|12994400|84188192.00|1|0.0000|0.0000|0.0000|0|6.35
中信特钢|000708|2.50|21498335|254157584.00|0.00|3.28|-0.09|11.89|11.60|11.98|11.59|21.50|11.60|31773867|371949600.00|1|0.0000|0.0000|0.0000|0|11.60
河钢股份|000709|0.49|105599400|216411488.00|0.99|1.97|0.00|2.04|2.05|2.07|2.03|105.60|2.03|146004588|304980704.00|1|0.0000|0.0000|0.0000|0|2.03
贝瑞基因|000710|-8.05|32944100|374473216.00|-6.91|-2.03|-10.00|11.31|11.45|12.05|11.07|32.94|12.30|10920500|136599728.00|1|0.0000|0.0000|0.0000|0|12.30
ST京蓝|000711|-2.92|48141400|79789888.00|-4.68|-1.75|-4.68|1.66|1.63|1.68|1.63|48.14|1.71|14890700|25519152.00|1|0.0000|0.0000|0.0000|0|1.71
锦龙股份|000712|-2.65|24406900|271727168.00|0.09|1.94|-5.04|11.02|11.33|11.54|10.75|24.41|11.32|18456659|212627792.00|1|0.0000|0.0000|0.0000|0|11.32
国投丰乐|000713|10.04|143522454|1203170944.00|0.12|10.04|-7.06|8.88|8.08|8.88|7.50|143.52|8.07|140147870|1107769728.00|1|0.0000|0.0000|0.0000|0|8.07
中兴商业|000715|9.99|62249317|494758304.00|1.05|9.99|-5.26|8.37|7.69|8.37|7.21|62.25|7.61|74515665|562871424.00|1|0.0000|0.0000|0.0000|0|7.61
黑芝麻|000716|10.00|74020486|458120736.00|-3.45|10.00|-3.45|6.38|5.60|6.38|5.60|74.02|5.80|33621400|200824464.00|1|0.0000|0.0000|0.0000|0|5.80
中南股份|000717|-3.72|49530010|115114528.00|-4.55|0.00|-5.37|2.33|2.31|2.42|2.29|49.53|2.42|36513933|89497848.00|1|0.0000|0.0000|0.0000|0|2.42
苏宁环球|000718|1.52|39768258|79260544.00|0.00|2.54|-1.02|2.00|1.97|2.02|1.95|39.77|1.97|35462217|71935144.00|1|0.0000|0.0000|0.0000|0|1.97
中原传媒|000719|1.96|21367280|246714864.00|0.18|5.52|0.18|11.45|11.25|11.85|11.25|21.37|11.23|23104434|263748816.00|1|0.0000|0.0000|0.0000|0|11.23
新能泰山|000720|-5.00|21739203|53843020.00|-3.46|-0.38|-7.69|2.47|2.51|2.59|2.40|21.74|2.60|11955600|31447652.00|1|0.0000|0.0000|0.0000|0|2.60
西安饮食|000721|4.36|30380302|258825696.00|-1.33|5.08|-1.33|8.62|8.15|8.68|8.15|30.38|8.26|26932618|229186928.00|1|0.0000|0.0000|0.0000|0|8.26
湖南发展|000722|-0.28|90457551|1288017792.00|-3.60|5.72|-8.33|14.13|13.66|14.98|12.99|90.46|14.17|95947727|1302057472.00|1|0.0000|0.0000|0.0000|0|14.17
美锦能源|000723|0.98|66058109|271184704.00|0.00|2.21|-0.49|4.11|4.07|4.16|4.05|66.06|4.07|86888400|359664576.00|1|0.0000|0.0000|0.0000|0|4.07
京东方Ａ|000725|0.00|714626460|2666295552.00|-0.27|1.07|-1.07|3.74|3.73|3.78|3.70|714.63|3.74|806022868|3058154240.00|1|0.0000|0.0000|0.0000|0|3.74
鲁  泰Ａ|000726|-2.33|12489373|68060824.00|-0.90|-0.18|-3.77|5.44|5.52|5.56|5.36|12.49|5.57|11406100|64475848.00|1|0.0000|0.0000|0.0000|0|5.57
冠捷科技|000727|-4.96|134854877|312225664.00|-4.13|-0.41|-7.44|2.30|2.32|2.41|2.24|134.85|2.42|86060807|210903312.00|1|0.0000|0.0000|0.0000|0|2.42
国元证券|000728|1.27|51164899|364033920.00|0.00|1.70|-0.14|7.15|7.06|7.18|7.05|51.16|7.06|86654071|629251392.00|1|0.0000|0.0000|0.0000|0|7.06
燕京啤酒|000729|0.23|47491386|605267648.00|-0.31|1.24|-2.80|12.90|12.83|13.03|12.51|47.49|12.87|59590505|762576704.00|1|0.0000|0.0000|0.0000|0|12.87
四川美丰|000731|4.09|15077400|102429040.00|0.61|4.55|0.61|6.87|6.64|6.90|6.64|15.08|6.60|20745847|140740288.00|1|0.0000|0.0000|0.0000|0|6.60
振华科技|000733|-3.10|20696030|1146783488.00|-1.25|1.09|-4.39|54.95|56.00|57.33|54.22|20.70|56.71|33101122|1887621760.00|1|0.0000|0.0000|0.0000|0|56.71
罗 牛 山|000735|10.00|110364406|689602816.00|-0.68|10.00|-0.85|6.49|5.86|6.49|5.85|110.36|5.90|100606265|624939328.00|1|0.0000|0.0000|0.0000|0|5.90
*ST中地|000736|-3.55|37596866|174013072.00|-0.21|0.00|-6.47|4.62|4.78|4.79|4.48|37.60|4.79|15298300|74182520.00|1|0.0000|0.0000|0.0000|0|4.79
北方铜业|000737|-8.77|138007302|1138672512.00|-5.44|-3.22|-9.99|8.22|8.52|8.72|8.11|138.01|9.01|18536500|167013872.00|1|0.0000|0.0000|0.0000|0|9.01
航发控制|000738|4.35|17239456|297505024.00|0.06|4.41|0.06|17.51|16.79|17.52|16.79|17.24|16.78|23641880|407350240.00|1|0.0000|0.0000|0.0000|0|16.78
普洛药业|000739|0.00|13690300|188668912.00|0.00|1.44|-1.81|13.85|13.85|14.05|13.60|13.69|13.85|18499285|262652896.00|1|0.0000|0.0000|0.0000|0|13.85
国海证券|000750|0.82|104417965|382437568.00|0.55|1.92|-0.82|3.68|3.67|3.72|3.62|104.42|3.65|122551294|456602144.00|1|0.0000|0.0000|0.0000|0|3.65
锌业股份|000751|-1.51|28623645|74491568.00|0.00|0.38|-3.40|2.61|2.65|2.66|2.56|28.62|2.65|24407100|65702688.00|1|0.0000|0.0000|0.0000|0|2.65
ST西发|000752|-2.10|3537810|26075634.00|-3.28|-0.92|-4.98|7.47|7.38|7.56|7.25|3.54|7.63|2635200|20231220.00|1|0.0000|0.0000|0.0000|0|7.63
漳州发展|000753|3.42|103252359|524777952.00|-0.40|6.24|-2.41|5.14|4.95|5.28|4.85|103.25|4.97|86648361|435709056.00|1|0.0000|0.0000|0.0000|0|4.97
山西高速|000755|2.01|17824760|81072016.00|-0.67|5.13|-1.12|4.57|4.45|4.71|4.43|17.82|4.48|17254300|80035960.00|1|0.0000|0.0000|0.0000|0|4.48
新华制药|000756|-0.44|15589390|212675168.00|-1.16|1.45|-2.76|13.70|13.60|13.96|13.38|15.59|13.76|17375675|243634880.00|1|0.0000|0.0000|0.0000|0|13.76
浩物股份|000757|-8.07|25133000|81242768.00|-0.86|-0.86|-10.09|3.19|3.44|3.44|3.12|25.13|3.47|15109700|53057968.00|1|0.0000|0.0000|0.0000|0|3.47
中色股份|000758|0.66|49216813|221267920.00|0.00|1.11|-2.88|4.55|4.52|4.57|4.39|49.22|4.52|43983299|204182032.00|1|0.0000|0.0000|0.0000|0|4.52
中百集团|000759|10.00|81683258|603643584.00|-0.72|10.00|-1.01|7.59|6.85|7.59|6.83|81.68|6.90|67280068|486293504.00|1|0.0000|0.0000|0.0000|0|6.90
本钢板材|000761|-2.06|22726346|75335240.00|0.59|1.18|-4.71|3.33|3.42|3.44|3.24|22.73|3.40|18224200|63067644.00|1|0.0000|0.0000|0.0000|0|3.40
西藏矿业|000762|-1.20|14402610|259338256.00|-0.88|1.15|-3.28|18.05|18.11|18.48|17.67|14.40|18.27|13441300|249914528.00|1|0.0000|0.0000|0.0000|0|18.27
通化金马|000766|0.36|27273339|457284800.00|-0.48|2.26|-1.97|16.85|16.71|17.17|16.46|27.27|16.79|43628081|733444608.00|1|0.0000|0.0000|0.0000|0|16.79
晋控电力|000767|1.22|43994700|109413504.00|0.82|3.67|-0.41|2.48|2.47|2.54|2.44|43.99|2.45|44455500|112935824.00|1|0.0000|0.0000|0.0000|0|2.45
中航西飞|000768|3.50|28209064|625021632.00|0.83|3.55|0.55|22.46|21.88|22.47|21.82|28.21|21.70|44865036|991649472.00|1|0.0000|0.0000|0.0000|0|21.70
广发证券|000776|3.43|79746088|1182193920.00|0.27|3.57|-1.23|15.08|14.62|15.10|14.40|79.75|14.58|79509067|1188066816.00|1|0.0000|0.0000|0.0000|0|14.58
中核科技|000777|-2.84|15017259|231394112.00|-1.01|1.07|-5.06|15.37|15.66|15.99|15.02|15.02|15.82|14776100|238316704.00|1|0.0000|0.0000|0.0000|0|15.82
新兴铸管|000778|2.21|40162304|129843080.00|0.32|3.15|0.00|3.24|3.18|3.27|3.17|40.16|3.17|60834821|198079840.00|1|0.0000|0.0000|0.0000|0|3.17
甘咨询|000779|1.70|23020849|189902928.00|-0.61|2.30|-3.64|8.39|8.20|8.44|7.95|23.02|8.25|16193600|134895600.00|1|0.0000|0.0000|0.0000|0|8.25
恒申新材|000782|0.22|13934946|63657812.00|-0.22|1.74|-3.05|4.60|4.58|4.67|4.45|13.93|4.59|16960500|79309432.00|1|0.0000|0.0000|0.0000|0|4.59
长江证券|000783|0.34|55086207|322274048.00|0.68|1.37|-1.37|5.86|5.88|5.92|5.76|55.09|5.84|69752370|417389856.00|1|0.0000|0.0000|0.0000|0|5.84
居然智家|000785|5.33|149973762|575332032.00|-4.00|8.27|-5.07|3.95|3.60|4.06|3.56|149.97|3.75|70174047|265930992.00|1|0.0000|0.0000|0.0000|0|3.75
北新建材|000786|1.83|19374671|559034240.00|0.21|3.56|0.04|28.86|28.40|29.35|28.35|19.37|28.34|17486002|495390432.00|1|0.0000|0.0000|0.0000|0|28.34
北大医药|000788|-2.01|21735000|116005808.00|-2.01|0.91|-4.57|5.36|5.36|5.52|5.22|21.73|5.47|20236700|112789584.00|1|0.0000|0.0000|0.0000|0|5.47
万年青|000789|1.23|10670280|52262556.00|0.41|2.06|-0.82|4.92|4.88|4.96|4.82|10.67|4.86|11406888|57151680.00|1|0.0000|0.0000|0.0000|0|4.86
华神科技|000790|-3.14|24145949|82000936.00|-1.71|0.86|-4.86|3.39|3.44|3.53|3.33|24.15|3.50|25103107|89869304.00|1|0.0000|0.0000|0.0000|0|3.50
甘肃能源|000791|4.51|68837774|457264192.00|1.24|4.82|1.09|6.72|6.51|6.74|6.50|68.84|6.43|82670724|542832832.00|1|0.0000|0.0000|0.0000|0|6.43
盐湖股份|000792|3.25|65205957|1002326400.00|0.33|3.38|0.33|15.59|15.15|15.61|15.15|65.21|15.10|93575382|1434749056.00|1|0.0000|0.0000|0.0000|0|15.10
ST华闻|000793|-5.19|29474900|64870368.00|-5.19|-2.60|-5.19|2.19|2.19|2.25|2.19|29.47|2.31|22305200|51568640.00|1|0.0000|0.0000|0.0000|0|2.31
英洛华|000795|6.91|120856137|1322558976.00|-4.76|8.87|-4.76|11.45|10.20|11.66|10.20|120.86|10.71|116938754|1327660032.00|1|0.0000|0.0000|0.0000|0|10.71
凯撒旅业|000796|1.68|72293850|258264576.00|0.84|2.80|-3.92|3.63|3.60|3.67|3.43|72.29|3.57|71808078|263791712.00|1|0.0000|0.0000|0.0000|0|3.57
中国武夷|000797|0.77|36432522|94997592.00|-0.38|2.68|-3.45|2.63|2.60|2.68|2.52|36.43|2.61|40370788|107066776.00|1|0.0000|0.0000|0.0000|0|2.61
中水渔业|000798|8.28|16517809|111303168.00|0.00|9.06|-0.63|6.93|6.40|6.98|6.36|16.52|6.40|13590600|90852504.00|1|0.0000|0.0000|0.0000|0|6.40
酒鬼酒|000799|2.51|8271741|363553728.00|0.00|3.72|0.00|44.06|42.98|44.58|42.98|8.27|42.98|13120817|581754880.00|1|0.0000|0.0000|0.0000|0|42.98
一汽解放|000800|3.65|21570759|157813456.00|0.14|4.21|0.14|7.39|7.14|7.43|7.14|21.57|7.13|26726829|195849456.00|1|0.0000|0.0000|0.0000|0|7.13
四川九洲|000801|-1.92|44700910|608473920.00|-3.06|0.00|-5.13|13.76|13.60|14.03|13.31|44.70|14.03|24594800|347213056.00|1|0.0000|0.0000|0.0000|0|14.03
北京文化|000802|-1.44|17684113|71578352.00|-2.88|-0.48|-6.71|4.11|4.05|4.15|3.89|17.68|4.17|17170700|72246352.00|1|0.0000|0.0000|0.0000|0|4.17
山高环能|000803|-6.85|20500748|94804704.00|-3.23|-1.81|-10.08|4.62|4.80|4.87|4.46|20.50|4.96|10010524|49953764.00|1|0.0000|0.0000|0.0000|0|4.96
云铝股份|000807|-5.34|112371173|1587552384.00|-1.78|-1.12|-9.56|14.36|14.90|15.00|13.72|112.37|15.17|24893000|377696320.00|1|0.0000|0.0000|0.0000|0|15.17
和展能源|000809|-5.14|10698794|31669624.00|-5.14|-2.57|-5.14|2.95|2.95|3.03|2.95|10.70|3.11|3779300|11766362.00|1|0.0000|0.0000|0.0000|0|3.11
创维数字|000810|-3.93|30012047|330901472.00|-1.83|1.48|-7.42|11.01|11.25|11.63|10.61|30.01|11.46|17028900|197225376.00|1|0.0000|0.0000|0.0000|0|11.46
冰轮环境|000811|-4.27|25644267|269236640.00|0.00|0.00|-7.64|10.53|11.00|11.00|10.16|25.64|11.00|13637800|151264720.00|1|0.0000|0.0000|0.0000|0|11.00
陕西金叶|000812|-0.73|23365850|94359600.00|-0.73|1.22|-3.66|4.07|4.07|4.15|3.95|23.37|4.10|24552026|102338408.00|1|0.0000|0.0000|0.0000|0|4.10
德展健康|000813|-1.95|47523058|143937904.00|-1.62|1.62|-4.22|3.02|3.03|3.13|2.95|47.52|3.08|41561700|130175048.00|1|0.0000|0.0000|0.0000|0|3.08
美利云|000815|-5.78|57830764|610345536.00|-6.13|-1.87|-9.87|10.60|10.56|11.04|10.14|57.83|11.25|21590900|244901552.00|1|0.0000|0.0000|0.0000|0|11.25
智慧农业|000816|9.90|72593926|231509264.00|3.75|9.90|3.75|3.22|3.04|3.22|3.04|72.59|2.93|65392700|194530688.00|1|0.0000|0.0000|0.0000|0|2.93
航锦科技|000818|-5.69|64483075|1393552768.00|-3.60|-2.08|-9.25|21.72|22.20|22.55|20.90|64.48|23.03|16930200|394880800.00|1|0.0000|0.0000|0.0000|0|23.03
岳阳兴长|000819|-5.70|11334392|152962144.00|-2.82|0.00|-8.45|13.39|13.80|14.20|13.00|11.33|14.20|5583700|80221096.00|1|0.0000|0.0000|0.0000|0|14.20
*ST节能|000820|-4.00|12309178|26578326.00|-3.56|0.00|-6.67|2.16|2.17|2.25|2.10|12.31|2.25|7273473|16548913.00|1|0.0000|0.0000|0.0000|0|2.25
京山轻机|000821|-4.88|21363068|226179920.00|-1.81|0.63|-6.87|10.53|10.87|11.14|10.31|21.36|11.07|11971300|133519736.00|1|0.0000|0.0000|0.0000|0|11.07
山东海化|000822|9.95|38683100|239934752.00|2.79|9.95|2.79|6.30|5.89|6.30|5.89|38.68|5.73|86859075|508146240.00|1|0.0000|0.0000|0.0000|0|5.73
超声电子|000823|-8.21|33544393|289117344.00|-1.62|-0.43|-10.04|8.50|9.11|9.22|8.33|33.54|9.26|8459100|78872560.00|1|0.0000|0.0000|0.0000|0|9.26
太钢不锈|000825|1.89|42413081|136432320.00|0.00|2.20|0.00|3.24|3.18|3.25|3.18|42.41|3.18|51473456|167559968.00|1|0.0000|0.0000|0.0000|0|3.18
启迪环境|000826|-1.83|33407271|53986408.00|-2.44|1.22|-3.05|1.61|1.60|1.66|1.59|33.41|1.64|34174931|56739860.00|1|0.0000|0.0000|0.0000|0|1.64
东莞控股|000828|3.44|18676068|181246656.00|4.62|6.88|1.94|9.62|9.73|9.94|9.48|18.68|9.30|17398626|166119648.00|1|0.0000|0.0000|0.0000|0|9.30
天音控股|000829|-5.83|39844331|364765312.00|-2.60|0.52|-8.43|9.05|9.36|9.66|8.80|39.84|9.61|18318100|177652176.00|1|0.0000|0.0000|0.0000|0|9.61
鲁西化工|000830|2.01|27835288|308110688.00|0.64|2.56|-0.18|11.14|10.99|11.20|10.90|27.84|10.92|33850098|377544288.00|1|0.0000|0.0000|0.0000|0|10.92
中国稀土|000831|5.09|99124976|3337925632.00|-0.24|6.12|-5.22|34.66|32.90|35.00|31.26|99.12|32.98|96015222|3239188480.00|1|0.0000|0.0000|0.0000|0|32.98
粤桂股份|000833|-2.88|34632282|345196128.00|-4.99|-1.73|-6.43|10.12|9.90|10.24|9.75|34.63|10.42|15190840|159938576.00|1|0.0000|0.0000|0.0000|0|10.42
秦川机床|000837|-10.02|91098461|1033601408.00|-6.90|-4.57|-10.02|11.22|11.61|11.90|11.22|91.10|12.47|48794100|619964416.00|1|0.0000|0.0000|0.0000|0|12.47
财信发展|000838|-2.30|17380441|36831116.00|-5.53|0.46|-5.53|2.12|2.05|2.18|2.05|17.38|2.17|18778600|41285884.00|1|0.0000|0.0000|0.0000|0|2.17
国安股份|000839|-1.59|55332888|136395328.00|-1.19|0.00|-4.76|2.48|2.49|2.52|2.40|55.33|2.52|50653100|130290480.00|1|0.0000|0.0000|0.0000|0|2.52
承德露露|000848|5.29|17631196|149327072.00|1.11|5.78|0.98|8.56|8.22|8.60|8.21|17.63|8.13|17948835|149507248.00|1|0.0000|0.0000|0.0000|0|8.13
华茂股份|000850|-6.51|27362100|99753576.00|-1.04|0.00|-7.81|3.59|3.80|3.84|3.54|27.36|3.84|14887100|57631400.00|1|0.0000|0.0000|0.0000|0|3.84
石化机械|000852|-2.44|59761295|355989600.00|-2.44|0.16|-7.15|6.00|6.00|6.16|5.71|59.76|6.15|30766250|190361840.00|1|0.0000|0.0000|0.0000|0|6.15
冀东装备|000856|-7.56|18422491|164631936.00|-4.15|-1.45|-9.95|8.92|9.25|9.51|8.69|18.42|9.65|6231600|60996748.00|1|0.0000|0.0000|0.0000|0|9.65
五 粮 液|000858|3.14|33185668|4295611904.00|0.00|3.52|0.00|130.76|126.78|131.24|126.78|33.19|126.78|46309272|5889479168.00|1|0.0000|0.0000|0.0000|0|126.78
国风新材|000859|9.93|102290515|558884928.00|-1.87|9.93|-5.06|5.87|5.24|5.87|5.07|102.29|5.34|89450242|497217952.00|1|0.0000|0.0000|0.0000|0|5.34
顺鑫农业|000860|9.52|30424676|499405280.00|0.39|9.97|0.39|16.91|15.50|16.98|15.50|30.42|15.44|22395084|360220800.00|1|0.0000|0.0000|0.0000|0|15.44
银星能源|000862|9.96|40734396|222010896.00|0.60|9.96|0.60|5.52|5.05|5.52|5.05|40.73|5.02|64339675|338876864.00|1|0.0000|0.0000|0.0000|0|5.02
三湘印象|000863|-0.91|25273517|82725048.00|-0.91|0.91|-3.63|3.28|3.28|3.34|3.19|25.27|3.31|23410200|79064480.00|1|0.0000|0.0000|0.0000|0|3.31
安凯客车|000868|-6.41|45769220|241085536.00|-4.98|-1.78|-9.25|5.26|5.34|5.52|5.10|45.77|5.62|19891400|112672576.00|1|0.0000|0.0000|0.0000|0|5.62
张  裕Ａ|000869|6.69|3774209|80701336.00|0.00|6.83|-0.20|21.70|20.34|21.73|20.30|3.77|20.34|3306978|69482512.00|1|0.0000|0.0000|0.0000|0|20.34
吉电股份|000875|3.27|68964926|347954688.00|0.00|4.50|0.00|5.05|4.89|5.11|4.89|68.96|4.89|89538124|450880864.00|1|0.0000|0.0000|0.0000|0|4.89
新 希 望|000876|8.24|240780835|2533815040.00|0.10|9.71|-6.08|11.04|10.21|11.19|9.58|240.78|10.20|218006514|2218300416.00|1|0.0000|0.0000|0.0000|0|10.20
天山股份|000877|3.99|20064054|108855176.00|0.00|5.51|-0.19|5.47|5.26|5.55|5.25|20.06|5.26|22253516|120672336.00|1|0.0000|0.0000|0.0000|0|5.26
云南铜业|000878|-4.19|79710865|873771840.00|-2.27|-1.66|-5.93|10.98|11.20|11.27|10.78|79.71|11.46|47051700|539905664.00|1|0.0000|0.0000|0.0000|0|11.46
潍柴重机|000880|-2.02|43264662|1578960768.00|-0.99|2.15|-4.62|36.45|36.83|38.00|35.48|43.26|37.20|59316513|2177783296.00|1|0.0000|0.0000|0.0000|0|37.20
中广核技|000881|-1.10|14575166|92247248.00|-1.25|1.25|-2.19|6.31|6.30|6.46|6.24|14.58|6.38|15927444|104500080.00|1|0.0000|0.0000|0.0000|0|6.38
华联股份|000882|9.90|208210655|443390432.00|-0.50|9.90|-4.46|2.22|2.01|2.22|1.93|208.21|2.02|118717680|244041728.00|1|0.0000|0.0000|0.0000|0|2.02
湖北能源|000883|3.50|53643082|251981376.00|0.66|3.94|0.00|4.73|4.60|4.75|4.57|53.64|4.57|73308464|343210048.00|1|0.0000|0.0000|0.0000|0|4.57
城发环境|000885|2.00|7819366|95385400.00|0.33|3.17|0.33|12.22|12.02|12.36|12.02|7.82|11.98|9563511|117811208.00|1|0.0000|0.0000|0.0000|0|11.98
海南高速|000886|0.54|36317440|199963632.00|-2.15|0.90|-3.77|5.60|5.45|5.62|5.36|36.32|5.57|30702548|172917440.00|1|0.0000|0.0000|0.0000|0|5.57
中鼎股份|000887|-9.99|101758945|1536312960.00|-4.00|-3.27|-9.99|14.87|15.86|15.98|14.87|101.76|16.52|18536900|309803776.00|1|0.0000|0.0000|0.0000|0|16.52
峨眉山Ａ|000888|1.39|42204595|589061696.00|1.61|4.17|0.00|13.87|13.90|14.25|13.68|42.20|13.68|47079836|656777024.00|1|0.0000|0.0000|0.0000|0|13.68
中嘉博创|000889|-5.04|16323800|36898680.00|-5.04|-4.20|-5.04|2.26|2.26|2.28|2.26|16.32|2.38|3606800|8584184.00|1|0.0000|0.0000|0.0000|0|2.38
法尔胜|000890|-5.10|18306363|51130776.00|-5.10|-0.68|-8.16|2.79|2.79|2.92|2.70|18.31|2.94|8670000|25683576.00|1|0.0000|0.0000|0.0000|0|2.94
欢瑞世纪|000892|-3.70|34208889|106889528.00|-3.40|-0.31|-6.48|3.12|3.13|3.23|3.03|34.21|3.24|23158400|75875288.00|1|0.0000|0.0000|0.0000|0|3.24
亚钾国际|000893|3.53|15657447|366057120.00|1.55|4.77|0.88|23.45|23.00|23.73|22.85|15.66|22.65|16718135|389080736.00|1|0.0000|0.0000|0.0000|0|22.65
双汇发展|000895|2.14|21863220|588258240.00|-0.45|2.77|-1.31|27.25|26.56|27.42|26.33|21.86|26.68|28273383|758776384.00|1|0.0000|0.0000|0.0000|0|26.68
津滨发展|000897|0.48|45545461|95613800.00|0.00|2.38|-2.38|2.11|2.10|2.15|2.05|45.55|2.10|53889042|116076712.00|1|0.0000|0.0000|0.0000|0|2.10
鞍钢股份|000898|-0.45|62711981|137917392.00|0.00|1.36|-1.81|2.20|2.21|2.24|2.17|62.71|2.21|56107300|127196688.00|1|0.0000|0.0000|0.0000|0|2.21
赣能股份|000899|5.72|60117706|547963520.00|0.69|6.98|0.69|9.24|8.80|9.35|8.80|60.12|8.74|63028056|565529088.00|1|0.0000|0.0000|0.0000|0|8.74
现代投资|000900|2.98|20380570|76931776.00|0.54|3.52|0.27|3.80|3.71|3.82|3.70|20.38|3.69|28164131|107401920.00|1|0.0000|0.0000|0.0000|0|3.69
航天科技|000901|-2.83|26659505|256429792.00|-1.72|0.61|-5.36|9.60|9.71|9.94|9.35|26.66|9.88|19975547|199504432.00|1|0.0000|0.0000|0.0000|0|9.88
新洋丰|000902|6.82|22375071|281691488.00|0.67|8.92|0.67|12.69|11.96|12.94|11.96|22.38|11.88|14705048|180001056.00|1|0.0000|0.0000|0.0000|0|11.88
ST云动|000903|-5.67|97032456|272056928.00|-8.67|-1.67|-9.67|2.83|2.74|2.95|2.71|97.03|3.00|26633300|80350432.00|1|0.0000|0.0000|0.0000|0|3.00
厦门港务|000905|-2.51|32570756|227398736.00|-2.37|0.84|-4.89|6.98|6.99|7.22|6.81|32.57|7.16|24520150|178146368.00|1|0.0000|0.0000|0.0000|0|7.16
浙商中拓|000906|0.54|11337127|62925720.00|-0.90|1.08|-2.34|5.59|5.51|5.62|5.43|11.34|5.56|11804611|66920956.00|1|0.0000|0.0000|0.0000|0|5.56
*ST景峰|000908|-4.94|26745300|103459984.00|-4.94|-0.25|-4.94|3.85|3.85|4.04|3.85|26.75|4.05|4009900|16240095.00|1|0.0000|0.0000|0.0000|0|4.05
ST数源|000909|-5.08|1324400|6674976.00|-5.08|-5.08|-5.08|5.04|5.04|5.04|5.04|1.32|5.31|1023300|5433911.00|1|0.0000|0.0000|0.0000|0|5.31
大亚圣象|000910|0.42|7193400|51775824.00|-0.97|1.52|-1.94|7.25|7.15|7.33|7.08|7.19|7.22|10189883|75310856.00|1|0.0000|0.0000|0.0000|0|7.22
广农糖业|000911|6.45|10600301|74040208.00|-0.30|6.60|-0.30|7.10|6.65|7.11|6.65|10.60|6.67|11464900|79209584.00|1|0.0000|0.0000|0.0000|0|6.67
泸天化|000912|0.00|24697511|104079576.00|0.00|0.47|-3.74|4.28|4.28|4.30|4.12|24.70|4.28|20001000|88231272.00|1|0.0000|0.0000|0.0000|0|4.28
钱江摩托|000913|-0.06|10634087|160757552.00|0.00|1.04|-3.76|15.43|15.44|15.60|14.86|10.63|15.44|8145172|127144552.00|1|0.0000|0.0000|0.0000|0|15.44
华特达因|000915|7.93|17094052|501437440.00|1.01|8.87|0.98|29.82|27.91|30.08|27.90|17.09|27.63|13754696|384138848.00|1|0.0000|0.0000|0.0000|0|27.63
电广传媒|000917|-3.13|62652298|428488576.00|-1.14|0.71|-4.99|6.80|6.94|7.07|6.67|62.65|7.02|45421557|320779136.00|1|0.0000|0.0000|0.0000|0|7.02
金陵药业|000919|0.81|11311271|70063368.00|0.32|1.95|-1.14|6.21|6.18|6.28|6.09|11.31|6.16|17381300|109548472.00|1|0.0000|0.0000|0.0000|0|6.16
沃顿科技|000920|6.00|15749755|136733872.00|-0.12|8.03|-0.84|8.84|8.33|9.01|8.27|15.75|8.34|9930201|85406392.00|1|0.0000|0.0000|0.0000|0|8.34
海信家电|000921|0.96|11479348|291828480.00|1.00|2.75|-0.04|25.35|25.36|25.80|25.10|11.48|25.11|20935903|532091840.00|1|0.0000|0.0000|0.0000|0|25.11
佳电股份|000922|-4.51|19100516|187771008.00|0.00|0.39|-6.56|9.75|10.21|10.25|9.54|19.10|10.21|14792300|153238224.00|1|0.0000|0.0000|0.0000|0|10.21
河钢资源|000923|-4.26|33058907|436865152.00|0.15|2.13|-6.17|13.03|13.63|13.90|12.77|33.06|13.61|30111610|414976928.00|1|0.0000|0.0000|0.0000|0|13.61
众合科技|000925|-3.43|27465067|193955696.00|-1.23|0.41|-6.17|7.04|7.20|7.32|6.84|27.47|7.29|19139380|141427168.00|1|0.0000|0.0000|0.0000|0|7.29
福星股份|000926|-1.90|47300948|97808384.00|-1.43|0.95|-3.81|2.06|2.07|2.12|2.02|47.30|2.10|32697540|70118976.00|1|0.0000|0.0000|0.0000|0|2.10
中国铁物|000927|4.35|104275200|247355008.00|0.43|6.52|0.43|2.40|2.31|2.45|2.31|104.28|2.30|112308933|267032064.00|1|0.0000|0.0000|0.0000|0|2.30
中钢国际|000928|1.21|29357472|170277040.00|0.00|1.55|-2.07|5.87|5.80|5.89|5.68|29.36|5.80|26039482|154583712.00|1|0.0000|0.0000|0.0000|0|5.80
*ST兰黄|000929|0.49|4639807|28046760.00|-0.49|1.32|-2.14|6.11|6.05|6.16|5.95|4.64|6.08|5206000|31941384.00|1|0.0000|0.0000|0.0000|0|6.08
中粮科技|000930|7.22|74478948|421344000.00|-1.48|8.15|-1.67|5.79|5.32|5.84|5.31|74.48|5.40|58515270|325821024.00|1|0.0000|0.0000|0.0000|0|5.40
中 关 村|000931|-5.61|22911369|97691592.00|-1.79|-0.45|-7.17|4.21|4.38|4.44|4.14|22.91|4.46|11610075|52829960.00|1|0.0000|0.0000|0.0000|0|4.46
华菱钢铁|000932|0.64|90557037|426633984.00|-1.91|1.70|-1.91|4.73|4.61|4.78|4.61|90.56|4.70|98230672|476284864.00|1|0.0000|0.0000|0.0000|0|4.70
神火股份|000933|-2.12|48290449|783295616.00|0.06|0.91|-3.15|16.17|16.53|16.67|16.00|48.29|16.52|39723024|664374016.00|1|0.0000|0.0000|0.0000|0|16.52
四川双马|000935|1.04|6083374|88488712.00|0.00|2.70|-1.25|14.60|14.45|14.84|14.27|6.08|14.45|6900713|101848480.00|1|0.0000|0.0000|0.0000|0|14.45
华西股份|000936|-4.85|37675529|229031840.00|-2.19|-0.47|-8.45|6.08|6.25|6.36|5.85|37.68|6.39|19428300|125129424.00|1|0.0000|0.0000|0.0000|0|6.39
冀中能源|000937|3.95|22580426|129849552.00|0.18|4.13|0.18|5.79|5.58|5.80|5.58|22.58|5.57|32461272|184303696.00|1|0.0000|0.0000|0.0000|0|5.57
紫光股份|000938|-2.04|93537300|2241862912.00|-0.25|1.59|-5.56|23.97|24.41|24.86|23.11|93.54|24.47|71303960|1770388352.00|1|0.0000|0.0000|0.0000|0|24.47
南天信息|000948|-2.08|15833655|241997904.00|-0.50|0.00|-6.55|15.55|15.80|15.88|14.84|15.83|15.88|7167231|115071616.00|1|0.0000|0.0000|0.0000|0|15.88
新乡化纤|000949|-1.03|56493386|215952496.00|-0.26|1.55|-3.88|3.83|3.86|3.93|3.72|56.49|3.87|53225100|209609248.00|1|0.0000|0.0000|0.0000|0|3.87
重药控股|000950|1.93|32095700|152371152.00|0.86|3.43|0.21|4.75|4.70|4.82|4.67|32.10|4.66|40042512|193199088.00|1|0.0000|0.0000|0.0000|0|4.66
中国重汽|000951|4.30|23438413|446434112.00|-0.97|4.73|-1.61|19.42|18.44|19.50|18.32|23.44|18.62|26899195|496283872.00|1|0.0000|0.0000|0.0000|0|18.62
广济药业|000952|-0.19|11973620|60783848.00|-1.36|4.85|-4.66|5.14|5.08|5.40|4.91|11.97|5.15|6948000|36276696.00|1|0.0000|0.0000|0.0000|0|5.15
河化股份|000953|-8.58|62108376|304646880.00|-7.09|-4.10|-10.07|4.90|4.98|5.14|4.82|62.11|5.36|16796674|91176760.00|1|0.0000|0.0000|0.0000|0|5.36
欣龙控股|000955|-3.99|15800402|56466404.00|-3.46|-0.80|-7.71|3.61|3.63|3.73|3.47|15.80|3.76|11497800|43729880.00|1|0.0000|0.0000|0.0000|0|3.76
中通客车|000957|-5.12|26732846|255311760.00|-2.01|1.71|-8.63|9.46|9.77|10.14|9.11|26.73|9.97|19343401|195707472.00|1|0.0000|0.0000|0.0000|0|9.97
电投产融|000958|2.89|305829932|2239048192.00|-0.69|3.99|-3.58|7.47|7.21|7.55|7.00|305.83|7.26|354683063|2644277504.00|1|0.0000|0.0000|0.0000|0|7.26
首钢股份|000959|0.66|43680608|132486016.00|-0.33|1.32|-0.99|3.04|3.01|3.06|2.99|43.68|3.02|41825444|129737000.00|1|0.0000|0.0000|0.0000|0|3.02
锡业股份|000960|-2.75|57683326|776051072.00|-0.80|-0.22|-4.13|13.43|13.70|13.78|13.24|57.68|13.81|55283399|771941632.00|1|0.0000|0.0000|0.0000|0|13.81
东方钽业|000962|-6.77|25724005|339927328.00|-2.54|-1.41|-9.39|13.21|13.81|13.97|12.84|25.72|14.17|13353900|190555984.00|1|0.0000|0.0000|0.0000|0|14.17
华东医药|000963|-1.33|20647549|757774784.00|0.52|1.65|-2.22|36.40|37.08|37.50|36.07|20.65|36.89|27342238|1017222400.00|1|0.0000|0.0000|0.0000|0|36.89
天保基建|000965|5.45|62830366|183574992.00|0.73|10.18|-2.55|2.90|2.77|3.03|2.68|62.83|2.75|26508500|74930784.00|1|0.0000|0.0000|0.0000|0|2.75
长源电力|000966|4.42|64648257|303479872.00|0.00|5.96|0.00|4.73|4.53|4.80|4.53|64.65|4.53|70763999|330429952.00|1|0.0000|0.0000|0.0000|0|4.53
盈峰环境|000967|2.85|81802808|431895232.00|-1.14|3.98|-4.55|5.42|5.21|5.48|5.03|81.80|5.27|54640838|291037536.00|1|0.0000|0.0000|0.0000|0|5.27
蓝焰控股|000968|0.00|16281847|96308912.00|1.01|2.20|-1.35|5.92|5.98|6.05|5.84|16.28|5.92|16128914|97824584.00|1|0.0000|0.0000|0.0000|0|5.92
安泰科技|000969|-7.58|75046251|839341120.00|-2.50|-0.83|-10.00|11.09|11.70|11.90|10.80|75.05|12.00|45365503|556083200.00|1|0.0000|0.0000|0.0000|0|12.00
中科三环|000970|-2.77|56305907|619936704.00|-2.68|-0.95|-8.47|11.25|11.26|11.46|10.59|56.31|11.57|29972739|355598848.00|1|0.0000|0.0000|0.0000|0|11.57
*ST中基|000972|-0.71|13295822|36479660.00|-1.79|1.07|-5.00|2.78|2.75|2.83|2.66|13.30|2.80|18490554|51908112.00|1|0.0000|0.0000|0.0000|0|2.80
佛塑科技|000973|-5.97|40778205|232114560.00|-5.64|-0.50|-9.12|5.67|5.69|6.00|5.48|40.78|6.03|21420900|130088416.00|1|0.0000|0.0000|0.0000|0|6.03
山金国际|000975|1.34|50997154|916257920.00|-0.22|2.91|-2.13|18.12|17.84|18.40|17.50|51.00|17.88|50621502|902428096.00|1|0.0000|0.0000|0.0000|0|17.88
浪潮信息|000977|-5.00|91509715|4088403968.00|-2.06|-0.43|-7.92|44.63|46.01|46.78|43.26|91.51|46.98|46878514|2218855168.00|1|0.0000|0.0000|0.0000|0|46.98
桂林旅游|000978|2.72|16135100|97051048.00|0.34|3.91|0.34|6.04|5.90|6.11|5.90|16.14|5.88|17733101|106726408.00|1|0.0000|0.0000|0.0000|0|5.88
众泰汽车|000980|-6.00|191645531|359736960.00|-10.00|-2.50|-10.00|1.88|1.80|1.95|1.80|191.65|2.00|78365400|158119232.00|1|0.0000|0.0000|0.0000|0|2.00
山子高科|000981|-6.63|360598310|609492736.00|-9.94|-2.76|-9.94|1.69|1.63|1.76|1.63|360.60|1.81|131926500|240840640.00|1|0.0000|0.0000|0.0000|0|1.81
山西焦煤|000983|3.10|49414572|327976608.00|0.00|4.19|-0.16|6.65|6.45|6.72|6.44|49.41|6.45|72399815|474739744.00|1|0.0000|0.0000|0.0000|0|6.45
大庆华科|000985|-3.61|2952646|44321332.00|0.06|0.32|-6.25|14.97|15.54|15.58|14.56|2.95|15.53|2032607|31812624.00|1|0.0000|0.0000|0.0000|0|15.53
越秀资本|000987|2.22|43420662|257159984.00|0.68|2.56|-0.68|5.99|5.90|6.01|5.82|43.42|5.86|42531450|255403408.00|1|0.0000|0.0000|0.0000|0|5.86
华工科技|000988|-5.66|52000455|1753721088.00|-1.70|-0.31|-9.45|33.83|35.25|35.75|32.47|52.00|35.86|25592438|927602368.00|1|0.0000|0.0000|0.0000|0|35.86
九芝堂|000989|-3.80|17503557|133054568.00|-3.04|-1.52|-4.94|7.60|7.66|7.78|7.51|17.50|7.90|11921800|94437856.00|1|0.0000|0.0000|0.0000|0|7.90
诚志股份|000990|3.51|18370774|129015608.00|0.29|4.10|0.29|7.07|6.85|7.11|6.85|18.37|6.83|27356776|191190160.00|1|0.0000|0.0000|0.0000|0|6.83
闽东电力|000993|5.27|30894646|279023072.00|-0.34|5.84|-0.46|9.19|8.70|9.24|8.69|30.89|8.73|33078615|295589824.00|1|0.0000|0.0000|0.0000|0|8.73
皇台酒业|000995|4.38|8012900|99494776.00|1.52|7.74|1.52|12.40|12.06|12.80|12.06|8.01|11.88|8140500|99729480.00|1|0.0000|0.0000|0.0000|0|11.88
新 大 陆|000997|-2.53|32778236|821041280.00|-4.40|0.90|-4.71|25.02|24.54|25.90|24.46|32.78|25.67|18423640|476025920.00|1|0.0000|0.0000|0.0000|0|25.67
隆平高科|000998|8.48|183482249|2101714176.00|2.10|9.85|-3.37|11.90|11.20|12.05|10.60|183.48|10.97|137006046|1483977472.00|1|0.0000|0.0000|0.0000|0|10.97
华润三九|000999|0.61|17372015|746554048.00|0.19|1.51|-1.05|43.18|43.00|43.57|42.47|17.37|42.92|20652103|892161216.00|1|0.0000|0.0000|0.0000|0|42.92
东瑞股份|001201|8.41|10146377|145928496.00|0.07|8.63|0.07|14.82|13.68|14.85|13.68|10.15|13.67|9433090|135517408.00|1|0.0000|0.0000|0.0000|0|13.67
炬申股份|001202|-0.35|4907600|69839280.00|0.00|1.81|-3.61|14.34|14.39|14.65|13.87|4.91|14.39|7359149|107396592.00|1|0.0000|0.0000|0.0000|0|14.39
大中矿业|001203|0.38|10513220|82592360.00|0.00|1.02|-1.90|7.91|7.88|7.96|7.73|10.51|7.88|11658121|93949488.00|1|0.0000|0.0000|0.0000|0|7.88
盛航股份|001205|-6.48|5769529|90105352.00|-1.27|-0.18|-9.56|15.45|16.31|16.49|14.94|5.77|16.52|6415600|106890280.00|1|0.0000|0.0000|0.0000|0|16.52
依依股份|001206|-9.99|4033332|62614104.00|-5.94|-4.76|-9.99|15.31|16.00|16.20|15.31|4.03|17.01|1363524|23247780.00|1|0.0000|0.0000|0.0000|0|17.01
联科科技|001207|0.54|7212510|134479184.00|5.01|6.70|-2.94|18.46|19.28|19.59|17.82|7.21|18.36|3085649|56840936.00|1|0.0000|0.0000|0.0000|0|18.36
华菱线缆|001208|-4.12|17893095|168435808.00|1.03|2.06|-6.49|9.30|9.80|9.90|9.07|17.89|9.70|13190500|129940888.00|1|0.0000|0.0000|0.0000|0|9.70
洪兴股份|001209|-4.77|3661385|51906972.00|-2.52|0.61|-7.49|13.98|14.31|14.77|13.58|3.66|14.68|2020800|29979058.00|1|0.0000|0.0000|0.0000|0|14.68
金房能源|001210|-4.01|3642772|46561176.00|-0.53|1.36|-6.13|12.69|13.15|13.40|12.41|3.64|13.22|1797236|24093426.00|1|0.0000|0.0000|0.0000|0|13.22
双枪科技|001211|-3.89|2744300|51274508.00|-2.02|0.20|-8.95|19.00|19.37|19.81|18.00|2.74|19.77|1045100|20946718.00|1|0.0000|0.0000|0.0000|0|19.77
中旗新材|001212|10.01|32505804|1532433536.00|10.01|10.01|8.03|47.15|47.15|47.15|46.30|32.51|42.86|2945762|126255360.00|1|0.0000|0.0000|0.0000|0|42.86
中铁特货|001213|3.14|30777461|120852336.00|0.26|3.93|0.26|3.94|3.83|3.97|3.83|30.78|3.82|40680157|158423120.00|1|0.0000|0.0000|0.0000|0|3.82
千味央厨|001215|4.49|2959400|77163200.00|0.00|4.89|-0.32|26.52|25.38|26.62|25.30|2.96|25.38|3804064|99352208.00|1|0.0000|0.0000|0.0000|0|25.38
华瓷股份|001216|-5.84|5530400|64106896.00|-1.32|0.08|-7.57|11.44|11.99|12.16|11.23|5.53|12.15|3179300|39009672.00|1|0.0000|0.0000|0.0000|0|12.15
华尔泰|001217|-3.39|22529502|230217280.00|-2.92|-0.28|-6.88|10.25|10.30|10.58|9.88|22.53|10.61|13974900|149322864.00|1|0.0000|0.0000|0.0000|0|10.61
丽臣实业|001218|-3.51|2697980|40316800.00|-0.39|0.39|-5.13|14.85|15.33|15.45|14.60|2.70|15.39|2864600|44772744.00|1|0.0000|0.0000|0.0000|0|15.39
青岛食品|001219|4.85|10291519|134253824.00|-0.24|4.93|-0.24|13.19|12.55|13.20|12.55|10.29|12.58|9901686|127384144.00|1|0.0000|0.0000|0.0000|0|12.58
源飞宠物|001222|-7.76|6644080|83902504.00|-3.55|-1.48|-9.90|12.48|13.05|13.33|12.19|6.64|13.53|1644500|22499714.00|1|0.0000|0.0000|0.0000|0|13.53
欧克科技|001223|-10.00|793800|34986948.00|-9.62|-2.04|-10.00|43.22|43.40|47.04|43.22|0.79|48.02|380400|18631896.00|1|0.0000|0.0000|0.0000|0|48.02
和泰机电|001225|-1.03|493600|14450065.00|0.00|2.26|-2.19|28.96|29.26|29.92|28.62|0.49|29.26|692470|20672928.00|1|0.0000|0.0000|0.0000|0|29.26
拓山重工|001226|-10.02|1990500|47651636.00|-0.50|-0.12|-10.02|23.27|25.73|25.83|23.27|1.99|25.86|2650300|68333400.00|1|0.0000|0.0000|0.0000|0|25.86
兰州银行|001227|2.30|75465200|167729232.00|0.92|3.23|0.92|2.22|2.19|2.24|2.19|75.47|2.17|130852401|294180480.00|1|0.0000|0.0000|0.0000|0|2.17
永泰运|001228|-4.99|2256998|42961696.00|-3.83|-0.55|-6.65|18.85|19.08|19.73|18.52|2.26|19.84|1485800|29882496.00|1|0.0000|0.0000|0.0000|0|19.84
魅视科技|001229|-4.78|2210900|61113336.00|-1.96|0.03|-8.22|27.68|28.50|29.08|26.68|2.21|29.07|1244447|36485692.00|1|0.0000|0.0000|0.0000|0|29.07
劲旅环境|001230|-5.44|3552989|58200604.00|-1.68|0.00|-7.87|16.35|17.00|17.29|15.93|3.55|17.29|2045931|35909100.00|1|0.0000|0.0000|0.0000|0|17.29
农心科技|001231|4.93|3840273|61668784.00|-0.70|6.66|-1.92|16.38|15.50|16.65|15.31|3.84|15.61|2257100|35829036.00|1|0.0000|0.0000|0.0000|0|15.61
泰慕士|001234|-3.43|2455570|38828176.00|0.00|0.98|-5.14|15.78|16.34|16.50|15.50|2.46|16.34|1641300|27371596.00|1|0.0000|0.0000|0.0000|0|16.34
弘业期货|001236|-9.01|34970225|289989408.00|-1.00|0.11|-10.01|8.18|8.90|9.00|8.09|34.97|8.99|14671563|133670208.00|1|0.0000|0.0000|0.0000|0|8.99
浙江正特|001238|-2.71|877000|23838128.00|0.00|3.64|-6.10|26.97|27.72|28.73|26.03|0.88|27.72|825400|23352928.00|1|0.0000|0.0000|0.0000|0|27.72
永达股份|001239|-1.63|7278115|95736576.00|-2.60|0.74|-4.31|13.24|13.11|13.56|12.88|7.28|13.46|6938200|94503928.00|1|0.0000|0.0000|0.0000|0|13.46
博菲电气|001255|-5.29|1728800|40602620.00|0.00|1.30|-8.06|23.28|24.58|24.90|22.60|1.73|24.58|819500|20417252.00|1|0.0000|0.0000|0.0000|0|24.58
炜冈科技|001256|-10.02|3037200|71251552.00|-1.88|-1.88|-10.02|23.00|25.08|25.08|23.00|3.04|25.56|1263579|32528846.00|1|0.0000|0.0000|0.0000|0|25.56
立新能源|001258|3.03|93582341|750714624.00|-1.90|5.69|-3.79|8.15|7.76|8.36|7.61|93.58|7.91|112625691|944832064.00|1|0.0000|0.0000|0.0000|0|7.91
利仁科技|001259|-0.96|1627010|32001988.00|1.06|3.59|-2.43|19.60|20.00|20.50|19.31|1.63|19.79|1358800|27316662.00|1|0.0000|0.0000|0.0000|0|19.79
坤泰股份|001260|0.70|2402300|38048820.00|-0.95|2.91|-2.91|15.90|15.64|16.25|15.33|2.40|15.79|3329404|52690128.00|1|0.0000|0.0000|0.0000|0|15.79
宏英智能|001266|-5.59|4400119|87573272.00|-1.93|-0.42|-9.68|20.10|20.88|21.20|19.23|4.40|21.29|1153600|24731742.00|1|0.0000|0.0000|0.0000|0|21.29
汇绿生态|001267|-6.70|19112226|150078256.00|-2.15|-0.48|-8.85|7.80|8.18|8.32|7.62|19.11|8.36|13063460|111890808.00|1|0.0000|0.0000|0.0000|0|8.36
联合精密|001268|-9.67|4782639|84642480.00|-2.76|-2.44|-9.98|17.37|18.70|18.76|17.31|4.78|19.23|1412400|27519100.00|1|0.0000|0.0000|0.0000|0|19.23
欧晶科技|001269|-9.99|6204779|125823936.00|-9.99|-4.32|-9.99|20.01|20.01|21.27|20.01|6.20|22.23|1787204|40049788.00|1|0.0000|0.0000|0.0000|0|22.23
*ST铖昌|001270|2.72|4083230|108613568.00|-2.04|4.12|-2.19|27.19|25.93|27.56|25.89|4.08|26.47|4332526|117371704.00|1|0.0000|0.0000|0.0000|0|26.47
速达股份|001277|-3.53|2026544|66164200.00|-1.36|1.90|-6.26|32.52|33.25|34.35|31.60|2.03|33.71|2071700|70893896.00|1|0.0000|0.0000|0.0000|0|33.71
一彬科技|001278|-5.54|4372650|61108616.00|-2.64|-1.28|-8.78|13.98|14.41|14.61|13.50|4.37|14.80|1790100|26742132.00|1|0.0000|0.0000|0.0000|0|14.80
强邦新材|001279|-4.62|2792708|95351800.00|-1.07|0.20|-6.37|33.84|35.10|35.55|33.22|2.79|35.48|2396000|86254736.00|1|0.0000|0.0000|0.0000|0|35.48
三联锻造|001282|-10.02|5810260|126278392.00|-7.76|-6.05|-10.02|21.56|22.10|22.51|21.56|5.81|23.96|669800|16048408.00|1|0.0000|0.0000|0.0000|0|23.96
豪鹏科技|001283|-10.01|1598500|70701088.00|-2.26|-2.26|-10.01|43.34|47.07|47.07|43.34|1.60|48.16|351600|16978302.00|1|0.0000|0.0000|0.0000|0|48.16
陕西能源|001286|2.61|26636326|239084656.00|-0.34|2.84|-0.45|9.03|8.77|9.05|8.76|26.64|8.80|41979827|375048128.00|1|0.0000|0.0000|0.0000|0|8.80
中电港|001287|-1.29|10812596|173905776.00|-0.61|1.53|-3.01|16.09|16.20|16.55|15.81|10.81|16.30|8709560|144055504.00|1|0.0000|0.0000|0.0000|0|16.30
运机集团|001288|-8.10|6172493|152761552.00|-5.51|-0.82|-9.94|24.51|25.20|26.45|24.02|6.17|26.67|2441567|66739800.00|1|0.0000|0.0000|0.0000|0|26.67
龙源电力|001289|1.80|25157133|447458848.00|-0.96|3.09|-3.82|18.10|17.61|18.33|17.10|25.16|17.78|29633584|519522688.00|1|0.0000|0.0000|0.0000|0|17.78
长江材料|001296|-5.12|3353782|50902500.00|0.00|0.00|-7.02|15.00|15.81|15.81|14.70|3.35|15.81|2548520|40734332.00|1|0.0000|0.0000|0.0000|0|15.81
好上好|001298|-7.82|7714008|165281872.00|-2.91|-0.65|-9.99|21.22|22.35|22.87|20.72|7.71|23.02|3380980|78166088.00|1|0.0000|0.0000|0.0000|0|23.02
美能能源|001299|4.33|6808700|93255416.00|1.06|5.70|1.06|13.72|13.29|13.90|13.29|6.81|13.15|9958227|135530832.00|1|0.0000|0.0000|0.0000|0|13.15
三柏硕|001300|-6.59|6542097|67377576.00|-6.23|-1.28|-8.70|10.20|10.24|10.78|9.97|6.54|10.92|1873300|20736540.00|1|0.0000|0.0000|0.0000|0|10.92
尚太科技|001301|-1.74|6332174|317004064.00|-8.13|0.38|-8.13|51.34|48.00|52.45|48.00|6.33|52.25|3256800|171409264.00|1|0.0000|0.0000|0.0000|0|52.25
夏厦精密|001306|-0.07|3044531|209131008.00|2.57|6.98|-4.34|68.00|69.80|72.80|65.10|3.04|68.05|3407431|238483312.00|1|0.0000|0.0000|0.0000|0|68.05
康冠科技|001308|-7.37|8206413|154898768.00|-0.45|-0.45|-8.77|18.59|19.98|19.98|18.31|8.21|20.07|3212476|65040180.00|1|0.0000|0.0000|0.0000|0|20.07
德明利|001309|-9.09|9797479|1026681536.00|-4.34|-1.22|-10.00|103.63|109.04|112.60|102.59|9.80|113.99|2202090|253301152.00|1|0.0000|0.0000|0.0000|0|113.99
多利科技|001311|-6.66|4322372|102280200.00|-4.74|0.00|-8.33|23.42|23.90|25.09|23.00|4.32|25.09|2153064|54573860.00|1|0.0000|0.0000|0.0000|0|25.09
粤海饲料|001313|2.34|29300146|228092576.00|0.00|9.96|-9.96|8.32|8.13|8.94|7.32|29.30|8.13|6533800|53612596.00|1|0.0000|0.0000|0.0000|0|8.13
亿道信息|001314|-8.59|5894504|229628528.00|-4.76|-0.64|-10.00|38.40|40.01|41.74|37.81|5.89|42.01|1670800|70614952.00|1|0.0000|0.0000|0.0000|0|42.01
润贝航科|001316|-3.44|2850825|78532504.00|-1.98|-0.17|-6.60|27.81|28.23|28.75|26.90|2.85|28.80|1370400|39881448.00|1|0.0000|0.0000|0.0000|0|28.80
三羊马|001317|2.89|5017767|158588384.00|-2.55|3.99|-5.41|32.73|31.00|33.08|30.09|5.02|31.81|4125648|136529600.00|1|0.0000|0.0000|0.0000|0|31.81
阳光乳业|001318|9.97|35170468|466245088.00|1.38|9.97|1.13|13.57|12.51|13.57|12.48|35.17|12.34|17138926|213535440.00|1|0.0000|0.0000|0.0000|0|12.34
铭科精技|001319|-10.00|6380536|137248208.00|-6.80|-2.14|-10.00|21.05|21.80|22.89|21.05|6.38|23.39|1339700|31413776.00|1|0.0000|0.0000|0.0000|0|23.39
箭牌家居|001322|-0.27|6251928|45338056.00|0.00|0.82|-3.81|7.32|7.34|7.40|7.06|6.25|7.34|4567200|34107388.00|1|0.0000|0.0000|0.0000|0|7.34
慕思股份|001323|4.71|2174794|68493080.00|-0.13|5.04|-0.43|32.00|30.52|32.10|30.43|2.17|30.56|2142782|66092120.00|1|0.0000|0.0000|0.0000|0|30.56
长青科技|001324|-3.50|3402963|54220444.00|-2.77|0.00|-7.18|16.00|16.12|16.58|15.39|3.40|16.58|2109300|35368460.00|1|0.0000|0.0000|0.0000|0|16.58
联域股份|001326|-6.44|1617923|45249116.00|-1.23|-0.03|-7.73|27.46|28.99|29.34|27.08|1.62|29.35|1008900|30054848.00|1|0.0000|0.0000|0.0000|0|29.35
登康口腔|001328|8.24|3047641|121036864.00|-2.10|8.74|-2.10|40.73|36.84|40.92|36.84|3.05|37.63|2272213|90613848.00|1|0.0000|0.0000|0.0000|0|37.63
博纳影业|001330|-1.22|22979858|92206920.00|-2.93|2.44|-4.40|4.04|3.97|4.19|3.91|22.98|4.09|16266400|67103520.00|1|0.0000|0.0000|0.0000|0|4.09
胜通能源|001331|3.85|3172506|38692828.00|-0.92|4.43|-1.34|12.42|11.85|12.49|11.80|3.17|11.96|4991344|60545716.00|1|0.0000|0.0000|0.0000|0|11.96
锡装股份|001332|-7.42|4767265|169002656.00|-2.43|1.08|-10.01|35.07|36.96|38.29|34.09|4.77|37.88|3263405|126190568.00|1|0.0000|0.0000|0.0000|0|37.88
光华股份|001333|-8.93|11329166|218840272.00|-4.40|-3.40|-10.02|19.27|20.23|20.44|19.04|11.33|21.16|3516700|74540000.00|1|0.0000|0.0000|0.0000|0|21.16
楚环科技|001336|-4.47|4793327|81402184.00|-1.49|1.15|-6.36|16.68|17.20|17.66|16.35|4.79|17.46|4178174|73715856.00|1|0.0000|0.0000|0.0000|0|17.46
四川黄金|001337|-1.01|18537406|396615072.00|-1.61|0.83|-4.22|21.58|21.45|21.98|20.88|18.54|21.80|20263501|449233280.00|1|0.0000|0.0000|0.0000|0|21.80
永顺泰|001338|4.35|15194800|164738800.00|-0.09|4.54|-0.19|11.03|10.56|11.05|10.55|15.19|10.57|11841212|129294328.00|1|0.0000|0.0000|0.0000|0|10.57
智微智能|001339|-9.99|9465000|387435680.00|-3.66|-1.19|-9.99|40.08|42.90|44.00|40.08|9.46|44.53|1696300|75760216.00|1|0.0000|0.0000|0.0000|0|44.53
富岭股份|001356|-9.98|53421248|930798528.00|-4.41|-2.34|-9.98|16.96|18.01|18.40|16.96|53.42|18.84|87155426|1647187072.00|1|0.0000|0.0000|0.0000|0|18.84
兴欣新材|001358|-5.15|2203262|43497560.00|-1.25|-1.01|-7.99|19.70|20.51|20.56|19.11|2.20|20.77|1488120|31185448.00|1|0.0000|0.0000|0.0000|0|20.77
平安电工|001359|-7.33|8163357|221731936.00|-2.64|-0.99|-10.00|27.05|28.42|28.90|26.27|8.16|29.19|2271300|66702864.00|1|0.0000|0.0000|0.0000|0|29.19
南矿集团|001360|3.77|9222426|124882648.00|0.00|10.00|-4.08|13.49|13.00|14.30|12.47|9.22|13.00|6202738|81888992.00|1|0.0000|0.0000|0.0000|0|13.00
播恩集团|001366|6.73|7696200|80353368.00|1.51|6.93|1.21|10.62|10.10|10.64|10.07|7.70|9.95|5046800|51795228.00|1|0.0000|0.0000|0.0000|0|9.95
海森药业|001367|-3.37|2525020|64169000.00|-0.04|0.92|-5.54|25.27|26.14|26.39|24.70|2.53|26.15|2180184|58340384.00|1|0.0000|0.0000|0.0000|0|26.15
通达创智|001368|-9.91|3924300|72205600.00|-7.78|-4.36|-10.01|18.18|18.61|19.30|18.16|3.92|20.18|773400|15791238.00|1|0.0000|0.0000|0.0000|0|20.18
翔腾新材|001373|-4.25|1717500|43122264.00|-0.34|0.46|-7.55|25.25|26.28|26.49|24.38|1.72|26.37|709100|18903612.00|1|0.0000|0.0000|0.0000|0|26.37
百通能源|001376|-0.65|8190306|100942568.00|-0.24|1.61|-3.23|12.32|12.37|12.60|12.00|8.19|12.40|9514429|120491232.00|1|0.0000|0.0000|0.0000|0|12.40
德冠新材|001378|-1.20|1897210|37610632.00|0.00|0.90|-2.79|19.82|20.06|20.24|19.50|1.90|20.06|2245100|45896744.00|1|0.0000|0.0000|0.0000|0|20.06
腾达科技|001379|-9.46|6189777|107253016.00|-1.87|-1.87|-9.99|16.94|18.36|18.36|16.84|6.19|18.71|2147500|40522176.00|1|0.0000|0.0000|0.0000|0|18.71
华纬科技|001380|-9.46|5284004|136033360.00|-9.99|-1.50|-9.99|25.28|25.13|27.50|25.13|5.28|27.92|1036884|29165514.00|1|0.0000|0.0000|0.0000|0|27.92
新亚电缆|001382|-9.99|25781324|578243584.00|-1.76|-0.08|-9.99|21.98|23.99|24.40|21.98|25.78|24.42|21412351|546287296.00|1|0.0000|0.0000|0.0000|0|24.42
雪祺电气|001387|-5.68|7780383|89385864.00|-2.80|0.33|-7.91|11.45|11.80|12.18|11.18|7.78|12.14|2634990|32253858.00|1|0.0000|0.0000|0.0000|0|12.14
广合科技|001389|-9.53|5414978|227992064.00|-0.02|0.00|-9.99|41.20|45.53|45.54|40.99|5.41|45.54|1975339|90487904.00|1|0.0000|0.0000|0.0000|0|45.54
国货航|001391|10.05|178213215|1208200448.00|0.31|10.05|0.31|7.01|6.39|7.01|6.39|178.21|6.37|147313063|975645568.00|1|0.0000|0.0000|0.0000|0|6.37
亚联机械|001395|-7.82|5812048|219968352.00|-4.13|-1.67|-10.00|37.50|39.00|40.00|36.61|5.81|40.68|5127971|216071920.00|1|0.0000|0.0000|0.0000|0|40.68
宗申动力|001696|-6.80|51781090|925161984.00|-5.70|-1.20|-9.47|17.81|18.02|18.88|17.30|51.78|19.11|21480905|413644032.00|1|0.0000|0.0000|0.0000|0|19.11
招商港口|001872|4.70|11076398|206469584.00|-0.06|5.92|-0.39|18.92|18.06|19.14|18.00|11.08|18.07|14875849|275440032.00|1|0.0000|0.0000|0.0000|0|18.07
豫能控股|001896|1.62|24974400|93892208.00|-0.81|3.78|-0.81|3.76|3.67|3.84|3.67|24.97|3.70|31943300|121675952.00|1|0.0000|0.0000|0.0000|0|3.70
招商积余|001914|2.93|17568500|203289280.00|-0.18|4.71|-0.62|11.59|11.24|11.79|11.19|17.57|11.26|17274046|198635024.00|1|0.0000|0.0000|0.0000|0|11.26
招商公路|001965|4.61|25648765|336486144.00|-0.31|4.85|-0.31|13.38|12.75|13.41|12.75|25.65|12.79|35692883|454626432.00|1|0.0000|0.0000|0.0000|0|12.79
招商蛇口|001979|4.17|93938374|880781504.00|0.00|4.61|-0.55|9.49|9.11|9.53|9.06|93.94|9.11|101536927|926846336.00|1|0.0000|0.0000|0.0000|0|9.11
新 和 成|002001|2.81|33931589|679053952.00|0.72|3.99|0.66|20.10|19.69|20.33|19.68|33.93|19.55|42926513|856060352.00|1|0.0000|0.0000|0.0000|0|19.55
伟星股份|002003|1.87|17823847|194790672.00|-0.56|3.45|-1.59|10.92|10.66|11.09|10.55|17.82|10.72|16480138|183333696.00|1|0.0000|0.0000|0.0000|0|10.72
华邦健康|002004|3.17|43027499|167207968.00|0.00|4.23|0.00|3.90|3.78|3.94|3.78|43.03|3.78|64037205|248742128.00|1|0.0000|0.0000|0.0000|0|3.78
ST德豪|002005|-5.17|5975400|9866419.00|-5.17|-4.02|-5.17|1.65|1.65|1.67|1.65|5.98|1.74|4660300|8114490.00|1|0.0000|0.0000|0.0000|0|1.74
精工科技|002006|-7.71|37761139|619852608.00|0.06|2.10|-9.87|15.80|17.13|17.48|15.43|37.76|17.12|40831158|710758592.00|1|0.0000|0.0000|0.0000|0|17.12
华兰生物|002007|1.95|45999735|758466176.00|0.00|2.25|-3.04|16.77|16.45|16.82|15.95|46.00|16.45|72746967|1224630656.00|1|0.0000|0.0000|0.0000|0|16.45
大族激光|002008|-6.49|76388508|1764281216.00|-2.56|0.12|-9.94|23.04|24.01|24.67|22.19|76.39|24.64|32364174|807552576.00|1|0.0000|0.0000|0.0000|0|24.64
天奇股份|002009|-6.77|30333800|364703968.00|-4.51|-0.86|-9.96|11.98|12.27|12.74|11.57|30.33|12.85|8987500|116330456.00|1|0.0000|0.0000|0.0000|0|12.85
传化智联|002010|1.23|42943289|209267488.00|0.20|1.84|-2.25|4.94|4.89|4.97|4.77|42.94|4.88|56758279|282189376.00|1|0.0000|0.0000|0.0000|0|4.88
盾安环境|002011|-1.75|21275378|225331200.00|0.37|1.01|-3.87|10.65|10.88|10.95|10.42|21.28|10.84|15413000|169828688.00|1|0.0000|0.0000|0.0000|0|10.84
凯恩股份|002012|-3.49|16617376|68387264.00|-4.42|-0.93|-7.44|4.15|4.11|4.26|3.98|16.62|4.30|13559500|59145412.00|1|0.0000|0.0000|0.0000|0|4.30
永新股份|002014|1.27|10245402|114698816.00|0.18|4.27|-0.27|11.15|11.03|11.48|10.98|10.25|11.01|11434140|127601560.00|1|0.0000|0.0000|0.0000|0|11.01
协鑫能科|002015|-0.58|31933374|217707536.00|-0.15|2.05|-2.49|6.80|6.83|6.98|6.67|31.93|6.84|25859310|180257360.00|1|0.0000|0.0000|0.0000|0|6.84
世荣兆业|002016|-1.49|17858101|94112896.00|-2.99|0.37|-3.36|5.28|5.20|5.38|5.18|17.86|5.36|14873108|81129072.00|1|0.0000|0.0000|0.0000|0|5.36
东信和平|002017|-5.54|25227806|220066928.00|-0.43|0.00|-8.70|8.69|9.16|9.20|8.40|25.23|9.20|13606980|126312968.00|1|0.0000|0.0000|0.0000|0|9.20
亿帆医药|002019|-1.04|19989729|208693504.00|-0.38|1.98|-3.21|10.48|10.55|10.80|10.25|19.99|10.59|17788700|193611136.00|1|0.0000|0.0000|0.0000|0|10.59
京新药业|002020|2.55|24672840|326777792.00|0.31|4.18|0.31|13.25|12.96|13.46|12.96|24.67|12.92|32560064|430666720.00|1|0.0000|0.0000|0.0000|0|12.92
中捷资源|002021|-3.48|50096328|96186104.00|-1.99|-1.99|-7.96|1.94|1.97|1.97|1.85|50.10|2.01|28587256|57937728.00|1|0.0000|0.0000|0.0000|0|2.01
科华生物|002022|-1.32|10221400|53686040.00|0.00|2.07|-3.39|5.24|5.31|5.42|5.13|10.22|5.31|10753300|58313856.00|1|0.0000|0.0000|0.0000|0|5.31
海特高新|002023|-3.12|23838003|208364640.00|0.00|1.00|-5.12|8.70|8.98|9.07|8.52|23.84|8.98|13436200|122647904.00|1|0.0000|0.0000|0.0000|0|8.98
ST易购|002024|-2.22|46320523|81812904.00|-2.22|-0.56|-3.89|1.76|1.76|1.79|1.73|46.32|1.80|40482123|73070352.00|1|0.0000|0.0000|0.0000|0|1.80
航天电器|002025|5.85|7461490|398425568.00|-0.02|7.00|-0.02|54.26|51.25|54.85|51.25|7.46|51.26|7743857|413468896.00|1|0.0000|0.0000|0.0000|0|51.26
山东威达|002026|-8.10|30680425|290398208.00|-1.58|-0.20|-9.98|9.30|9.96|10.10|9.11|30.68|10.12|22006500|223799584.00|1|0.0000|0.0000|0.0000|0|10.12
分众传媒|002027|2.02|195843632|1275608448.00|1.24|2.48|0.31|6.57|6.52|6.60|6.46|195.84|6.44|229065636|1511954688.00|1|0.0000|0.0000|0.0000|0|6.44
思源电气|002028|-2.72|10592608|739129152.00|0.72|0.76|-3.65|69.31|71.76|71.79|68.65|10.59|71.25|9241554|663912320.00|1|0.0000|0.0000|0.0000|0|71.25
七 匹 狼|002029|-0.69|10593201|61111728.00|0.51|1.03|-2.92|5.79|5.86|5.89|5.66|10.59|5.83|13089700|77544224.00|1|0.0000|0.0000|0.0000|0|5.83
达安基因|002030|-0.37|23613421|126866336.00|-0.55|1.84|-2.76|5.41|5.40|5.53|5.28|23.61|5.43|24574942|136007408.00|1|0.0000|0.0000|0.0000|0|5.43
巨轮智能|002031|-2.03|241177827|1842815744.00|-9.76|3.80|-9.76|7.73|7.12|8.19|7.12|241.18|7.89|69184800|549804928.00|1|0.0000|0.0000|0.0000|0|7.89
苏 泊 尔|002032|0.39|2745031|155101120.00|-0.44|1.20|-1.33|56.77|56.30|57.23|55.80|2.75|56.55|4211486|240361072.00|1|0.0000|0.0000|0.0000|0|56.55
丽江股份|002033|3.99|26817873|242986448.00|0.91|5.13|0.91|9.12|8.85|9.22|8.85|26.82|8.77|31853400|285371776.00|1|0.0000|0.0000|0.0000|0|8.77
旺能环境|002034|-1.33|8240102|134106968.00|0.12|0.90|-3.61|16.38|16.62|16.75|16.00|8.24|16.60|6172323|104665224.00|1|0.0000|0.0000|0.0000|0|16.60
华帝股份|002035|-0.77|25632841|163402224.00|-0.46|0.62|-4.02|6.41|6.43|6.50|6.20|25.63|6.46|19894155|130703952.00|1|0.0000|0.0000|0.0000|0|6.46
联创电子|002036|-7.40|78662496|722394880.00|-4.56|-0.91|-9.94|9.13|9.41|9.77|8.88|78.66|9.86|28901629|287532672.00|1|0.0000|0.0000|0.0000|0|9.86
保利联合|002037|-1.38|10100000|72255848.00|-0.28|1.24|-3.58|7.17|7.25|7.36|7.01|10.10|7.27|9588200|71127504.00|1|0.0000|0.0000|0.0000|0|7.27
双鹭药业|002038|1.78|15941225|99869656.00|0.00|3.72|-0.32|6.29|6.18|6.41|6.16|15.94|6.18|23290807|148080336.00|1|0.0000|0.0000|0.0000|0|6.18
黔源电力|002039|2.49|14561491|220114656.00|0.27|3.44|0.27|15.20|14.87|15.34|14.87|14.56|14.83|23381527|352376512.00|1|0.0000|0.0000|0.0000|0|14.83
南 京 港|002040|3.62|8712244|54389532.00|0.16|4.44|0.16|6.30|6.09|6.35|6.09|8.71|6.08|11131895|69713384.00|1|0.0000|0.0000|0.0000|0|6.08
登海种业|002041|9.97|95618297|1129141120.00|0.62|9.97|-6.18|12.46|11.40|12.46|10.63|95.62|11.33|76576321|844166464.00|1|0.0000|0.0000|0.0000|0|11.33
华孚时尚|002042|-9.75|80291400|405729920.00|-7.04|-3.79|-9.93|5.00|5.15|5.33|4.99|80.29|5.54|18633200|104316496.00|1|0.0000|0.0000|0.0000|0|5.54
兔 宝 宝|002043|7.60|19738700|200264752.00|1.25|8.85|1.25|10.33|9.72|10.45|9.72|19.74|9.60|16246260|158789520.00|1|0.0000|0.0000|0.0000|0|9.60
美年健康|002044|-0.59|111359548|562619008.00|-2.93|0.98|-3.52|5.09|4.97|5.17|4.94|111.36|5.12|91359167|473468352.00|1|0.0000|0.0000|0.0000|0|5.12
国光电器|002045|-9.96|39846100|517719232.00|-7.42|-2.12|-9.96|12.74|13.10|13.85|12.74|39.85|14.15|8993300|127341496.00|1|0.0000|0.0000|0.0000|0|14.15
国机精工|002046|-7.15|36269600|467703424.00|-3.83|-0.72|-9.97|12.85|13.31|13.74|12.46|36.27|13.84|12483800|174463296.00|1|0.0000|0.0000|0.0000|0|13.84
*ST宝鹰|002047|-2.33|18783838|39668036.00|0.00|1.86|-4.65|2.10|2.15|2.19|2.05|18.78|2.15|25373440|55576516.00|1|0.0000|0.0000|0.0000|0|2.15
宁波华翔|002048|-5.62|42478967|538554560.00|-0.97|-0.67|-7.64|12.60|13.22|13.26|12.33|42.48|13.35|18866821|254720624.00|1|0.0000|0.0000|0.0000|0|13.35
紫光国微|002049|-0.52|25311517|1593084160.00|1.39|2.52|-2.69|62.78|63.99|64.70|61.41|25.31|63.11|39877436|2583453184.00|1|0.0000|0.0000|0.0000|0|63.11
三花智控|002050|-9.32|188600436|4360752640.00|-2.62|-1.63|-10.00|22.86|24.55|24.80|22.69|188.60|25.21|45478600|1151334656.00|1|0.0000|0.0000|0.0000|0|25.21
中工国际|002051|2.02|18969603|142221808.00|-0.81|2.56|-0.81|7.58|7.37|7.62|7.37|18.97|7.43|19458000|148045536.00|1|0.0000|0.0000|0.0000|0|7.43
同洲电子|002052|-4.93|16570627|100154056.00|-4.93|0.00|-4.93|5.98|5.98|6.29|5.98|16.57|6.29|13434972|85293880.00|1|0.0000|0.0000|0.0000|0|6.29
云南能投|002053|2.39|8194973|87073384.00|0.10|2.96|0.10|10.71|10.47|10.77|10.47|8.19|10.46|10592387|114669392.00|1|0.0000|0.0000|0.0000|0|10.46
德美化工|002054|-3.91|20013400|109734240.00|-1.78|1.07|-5.52|5.40|5.52|5.68|5.31|20.01|5.62|16770300|95317040.00|1|0.0000|0.0000|0.0000|0|5.62
得润电子|002055|-5.58|31216890|148306272.00|-5.78|-0.80|-8.76|4.74|4.73|4.98|4.58|31.22|5.02|18938300|95773600.00|1|0.0000|0.0000|0.0000|0|5.02
横店东磁|002056|-3.61|53905250|677554048.00|-0.54|0.31|-5.30|12.55|12.95|13.06|12.33|53.91|13.02|31511413|417918368.00|1|0.0000|0.0000|0.0000|0|13.02
中钢天源|002057|-2.74|42060549|294587840.00|-1.92|-0.68|-6.16|7.10|7.16|7.25|6.85|42.06|7.30|24179189|178765296.00|1|0.0000|0.0000|0.0000|0|7.30
*ST威尔|002058|-9.97|10920210|106178312.00|-9.97|-4.47|-9.97|9.66|9.66|10.25|9.66|10.92|10.73|2342100|25177832.00|1|0.0000|0.0000|0.0000|0|10.73
云南旅游|002059|4.30|20344849|107444728.00|0.00|5.08|0.00|5.34|5.12|5.38|5.12|20.34|5.12|29497332|156825232.00|1|0.0000|0.0000|0.0000|0|5.12
广东建工|002060|5.23|35066481|118983152.00|0.31|6.15|0.31|3.42|3.26|3.45|3.26|35.07|3.25|37056127|123861112.00|1|0.0000|0.0000|0.0000|0|3.25
浙江交科|002061|3.92|54980920|202997904.00|0.84|5.88|0.84|3.71|3.60|3.78|3.60|54.98|3.57|63587526|232571440.00|1|0.0000|0.0000|0.0000|0|3.57
宏润建设|002062|-8.58|44542520|206681296.00|-0.40|-0.40|-9.98|4.58|4.99|4.99|4.51|44.54|5.01|25090106|127805168.00|1|0.0000|0.0000|0.0000|0|5.01
远光软件|002063|-2.16|72398213|393976608.00|-1.08|1.26|-4.50|5.44|5.50|5.63|5.31|72.40|5.56|54007616|305020992.00|1|0.0000|0.0000|0.0000|0|5.56
华峰化学|002064|-0.89|42150450|282028352.00|0.30|1.18|-2.07|6.70|6.78|6.84|6.62|42.15|6.76|34171892|236002784.00|1|0.0000|0.0000|0.0000|0|6.76
东华软件|002065|-5.75|173437032|1499742976.00|-3.58|-1.52|-8.90|8.68|8.88|9.07|8.39|173.44|9.21|55340400|513368352.00|1|0.0000|0.0000|0.0000|0|9.21
瑞泰科技|002066|-4.55|6756886|63905440.00|-1.01|0.30|-7.09|9.43|9.78|9.91|9.18|6.76|9.88|5957400|59607764.00|1|0.0000|0.0000|0.0000|0|9.88
景兴纸业|002067|-2.05|49610272|166771696.00|-1.17|1.17|-3.80|3.35|3.38|3.46|3.29|49.61|3.42|47688600|166060416.00|1|0.0000|0.0000|0.0000|0|3.42
黑猫股份|002068|-9.99|33342400|329443936.00|-2.89|-2.05|-9.99|9.64|10.40|10.49|9.64|33.34|10.71|9284700|100787160.00|1|0.0000|0.0000|0.0000|0|10.71
獐子岛|002069|5.50|16902500|57028192.00|0.00|6.12|0.00|3.45|3.27|3.47|3.27|16.90|3.27|14039132|46975668.00|1|0.0000|0.0000|0.0000|0|3.27
凯瑞德|002072|-3.41|10330300|37836728.00|-2.89|0.26|-6.30|3.68|3.70|3.82|3.57|10.33|3.81|4888300|18801640.00|1|0.0000|0.0000|0.0000|0|3.81
软控股份|002073|-8.48|72876006|523832768.00|-1.03|-0.90|-10.03|7.12|7.70|7.71|7.00|72.88|7.78|27452700|215027200.00|1|0.0000|0.0000|0.0000|0|7.78
国轩高科|002074|-1.23|25906672|497198208.00|-1.13|1.29|-2.78|19.20|19.22|19.69|18.90|25.91|19.44|24547327|484330496.00|1|0.0000|0.0000|0.0000|0|19.44
沙钢股份|002075|-7.43|97257819|488772320.00|-1.86|0.00|-10.04|4.98|5.28|5.38|4.84|97.26|5.38|48420213|264549536.00|1|0.0000|0.0000|0.0000|0|5.38
*ST星光|002076|-4.79|75735700|209057296.00|-8.56|-1.03|-8.56|2.78|2.67|2.89|2.67|75.74|2.92|25457400|74558480.00|1|0.0000|0.0000|0.0000|0|2.92
大港股份|002077|-1.25|14743524|187323008.00|-1.64|2.65|-4.68|12.65|12.60|13.15|12.21|14.74|12.81|12915400|168896112.00|1|0.0000|0.0000|0.0000|0|12.81
太阳纸业|002078|2.27|20133710|279531648.00|-0.37|3.07|-0.59|13.97|13.61|14.08|13.58|20.13|13.66|26744681|370643968.00|1|0.0000|0.0000|0.0000|0|13.66
苏州固锝|002079|-3.83|23311823|201211808.00|-0.45|1.58|-6.54|8.53|8.83|9.01|8.29|23.31|8.87|15075400|135519152.00|1|0.0000|0.0000|0.0000|0|8.87
中材科技|002080|-2.03|28839707|374964064.00|0.00|0.75|-3.69|13.02|13.29|13.39|12.80|28.84|13.29|21369478|289928288.00|1|0.0000|0.0000|0.0000|0|13.29
金 螳 螂|002081|3.58|33317034|105222296.00|0.98|3.91|0.98|3.18|3.10|3.19|3.10|33.32|3.07|44027672|139202240.00|1|0.0000|0.0000|0.0000|0|3.07
万邦德|002082|-5.42|13544469|71634840.00|-2.71|0.54|-7.96|5.23|5.38|5.56|5.09|13.54|5.53|9468600|53402760.00|1|0.0000|0.0000|0.0000|0|5.53
孚日股份|002083|-5.83|38704707|164099104.00|-1.35|-1.12|-7.62|4.20|4.40|4.41|4.12|38.70|4.46|22621300|101553696.00|1|0.0000|0.0000|0.0000|0|4.46
海鸥住工|002084|10.00|13495633|56411744.00|10.00|10.00|10.00|4.18|4.18|4.18|4.18|13.50|3.80|123291070|468418368.00|1|0.0000|0.0000|0.0000|0|3.80
万丰奥威|002085|-7.27|100088456|1447692544.00|-4.94|-0.71|-9.68|14.28|14.64|15.29|13.91|100.09|15.40|38417674|596115136.00|1|0.0000|0.0000|0.0000|0|15.40
东方海洋|002086|10.04|103032023|261398240.00|-0.84|10.04|-1.26|2.63|2.37|2.63|2.36|103.03|2.39|97718697|238591056.00|1|0.0000|0.0000|0.0000|0|2.39
鲁阳节能|002088|1.18|5368509|64661916.00|0.76|3.27|-0.92|12.05|12.00|12.30|11.80|5.37|11.91|4918543|60990092.00|1|0.0000|0.0000|0.0000|0|11.91
金智科技|002090|-9.20|36106999|293696992.00|-3.75|-1.14|-10.00|7.99|8.47|8.70|7.92|36.11|8.80|13062700|116453968.00|1|0.0000|0.0000|0.0000|0|8.80
江苏国泰|002091|-4.85|38600207|258696496.00|-1.28|-0.43|-6.42|6.67|6.92|6.98|6.56|38.60|7.01|21854600|155676752.00|1|0.0000|0.0000|0.0000|0|7.01
中泰化学|002092|-4.59|43773868|182169760.00|-4.36|-2.29|-5.05|4.16|4.17|4.26|4.14|43.77|4.36|17410700|76168480.00|1|0.0000|0.0000|0.0000|0|4.36
国脉科技|002093|2.21|91651042|873963840.00|-1.89|5.89|-4.63|9.71|9.32|10.06|9.06|91.65|9.50|48904300|470309728.00|1|0.0000|0.0000|0.0000|0|9.50
青岛金王|002094|9.96|145737109|857849216.00|-2.14|9.96|-3.02|6.18|5.50|6.18|5.45|145.74|5.62|152484073|879881536.00|1|0.0000|0.0000|0.0000|0|5.62
生 意 宝|002095|-8.74|9824372|141809360.00|-6.30|-1.16|-10.03|14.20|14.58|15.38|14.00|9.82|15.56|4029821|63217864.00|1|0.0000|0.0000|0.0000|0|15.56
易普力|002096|3.98|10824762|120380456.00|-0.56|4.26|-0.65|11.24|10.75|11.27|10.74|10.82|10.81|13689473|149625440.00|1|0.0000|0.0000|0.0000|0|10.81
山河智能|002097|-6.82|51591273|325324768.00|-0.59|0.00|-9.79|6.28|6.70|6.74|6.08|51.59|6.74|15410200|104735352.00|1|0.0000|0.0000|0.0000|0|6.74
浔兴股份|002098|-5.25|4381700|30916000.00|-1.08|-1.08|-7.54|7.04|7.35|7.35|6.87|4.38|7.43|3474300|26100876.00|1|0.0000|0.0000|0.0000|0|7.43
海翔药业|002099|-0.21|21929660|102032192.00|-0.21|2.35|-2.99|4.67|4.67|4.79|4.54|21.93|4.68|17464200|83738552.00|1|0.0000|0.0000|0.0000|0|4.68
天康生物|002100|10.06|152300307|998481536.00|-0.65|10.06|-0.81|6.78|6.12|6.78|6.11|152.30|6.16|94166707|594448704.00|1|0.0000|0.0000|0.0000|0|6.16
广东鸿图|002101|-9.11|27448585|302093760.00|-3.04|-1.01|-10.03|10.78|11.50|11.74|10.67|27.45|11.86|11249600|134494272.00|1|0.0000|0.0000|0.0000|0|11.86
能特科技|002102|-4.37|77274000|185946624.00|-3.97|0.00|-6.75|2.41|2.42|2.52|2.35|77.27|2.52|40184900|102275424.00|1|0.0000|0.0000|0.0000|0|2.52
广博股份|002103|-9.38|25829008|200116464.00|-7.24|-1.90|-9.98|7.63|7.81|8.26|7.58|25.83|8.42|6760600|57247832.00|1|0.0000|0.0000|0.0000|0|8.42
恒宝股份|002104|2.83|59049680|424449088.00|0.71|5.52|-0.99|7.26|7.11|7.45|6.99|59.05|7.06|69968525|503957024.00|1|0.0000|0.0000|0.0000|0|7.06
信隆健康|002105|-4.31|35314151|242586672.00|-4.03|-0.42|-7.23|6.88|6.90|7.16|6.67|35.31|7.19|13049705|95669280.00|1|0.0000|0.0000|0.0000|0|7.19
莱宝高科|002106|-8.86|45379557|399043424.00|-4.38|-3.02|-10.01|8.74|9.17|9.30|8.63|45.38|9.59|11409500|110266800.00|1|0.0000|0.0000|0.0000|0|9.59
沃华医药|002107|-9.61|30497990|123535096.00|-3.20|-0.46|-10.07|3.95|4.23|4.35|3.93|30.50|4.37|16873810|75414376.00|1|0.0000|0.0000|0.0000|0|4.37
沧州明珠|002108|0.64|34123775|107355776.00|0.00|2.23|-1.59|3.16|3.14|3.21|3.09|34.12|3.14|39135377|125825064.00|1|0.0000|0.0000|0.0000|0|3.14
兴化股份|002109|-4.38|18896139|53697192.00|-2.36|-1.68|-6.06|2.84|2.90|2.92|2.79|18.90|2.97|12097750|36562104.00|1|0.0000|0.0000|0.0000|0|2.97
三钢闽光|002110|-2.81|26124700|90169480.00|0.00|0.84|-5.06|3.46|3.56|3.59|3.38|26.12|3.56|21866100|79602432.00|1|0.0000|0.0000|0.0000|0|3.56
威海广泰|002111|-3.59|15037020|142856112.00|-0.20|1.43|-5.43|9.41|9.74|9.90|9.23|15.04|9.76|13605320|134058608.00|1|0.0000|0.0000|0.0000|0|9.76
三变科技|002112|-6.02|21815200|255560768.00|-4.99|-1.11|-9.98|11.87|12.00|12.49|11.37|21.82|12.63|5394600|68550496.00|1|0.0000|0.0000|0.0000|0|12.63
罗平锌电|002114|-3.24|16280400|92997792.00|-1.37|-0.17|-4.78|5.67|5.78|5.85|5.58|16.28|5.86|12030300|71051808.00|1|0.0000|0.0000|0.0000|0|5.86
三维通信|002115|-7.69|134572254|911448320.00|-9.89|-2.34|-10.03|6.72|6.56|7.11|6.55|134.57|7.28|23203300|169563744.00|1|0.0000|0.0000|0.0000|0|7.28
中国海诚|002116|1.96|11295500|104916712.00|0.00|5.44|-2.29|9.37|9.19|9.69|8.98|11.30|9.19|7613700|71275272.00|1|0.0000|0.0000|0.0000|0|9.19
东港股份|002117|-9.14|37883422|413026240.00|-3.72|-2.79|-9.98|10.74|11.38|11.49|10.64|37.88|11.82|9534200|113001616.00|1|0.0000|0.0000|0.0000|0|11.82
康强电子|002119|-2.84|18429858|259974032.00|-3.11|1.73|-6.57|14.04|14.00|14.70|13.50|18.43|14.45|11351800|165281856.00|1|0.0000|0.0000|0.0000|0|14.45
韵达股份|002120|2.64|39893930|262375120.00|0.62|3.10|0.62|6.62|6.49|6.65|6.49|39.89|6.45|62406397|411444352.00|1|0.0000|0.0000|0.0000|0|6.45
科陆电子|002121|-5.68|42410951|155784384.00|-2.07|0.00|-8.01|3.65|3.79|3.87|3.56|42.41|3.87|24025200|93862048.00|1|0.0000|0.0000|0.0000|0|3.87
ST汇洲|002122|-3.39|96957765|357300832.00|-8.62|0.26|-8.62|3.70|3.50|3.84|3.50|96.96|3.83|56512700|218050368.00|1|0.0000|0.0000|0.0000|0|3.83
梦网科技|002123|-5.61|73945210|889238720.00|-5.76|-0.70|-9.81|12.12|12.10|12.75|11.58|73.95|12.84|16381300|212332736.00|1|0.0000|0.0000|0.0000|0|12.84
天邦食品|002124|4.55|107971662|317143232.00|-1.05|4.90|-1.05|2.99|2.83|3.00|2.83|107.97|2.86|75874920|220512976.00|1|0.0000|0.0000|0.0000|0|2.86
湘潭电化|002125|-4.47|20890655|192574864.00|-3.33|-0.21|-6.34|9.19|9.30|9.60|9.01|20.89|9.62|13163300|128095152.00|1|0.0000|0.0000|0.0000|0|9.62
银轮股份|002126|-8.60|62028111|1376841472.00|-3.93|-1.57|-10.01|22.10|23.23|23.80|21.76|62.03|24.18|12258150|297818912.00|1|0.0000|0.0000|0.0000|0|24.18
南极电商|002127|1.71|60843531|213141552.00|-2.86|2.57|-2.86|3.56|3.40|3.59|3.40|60.84|3.50|28743500|102354432.00|1|0.0000|0.0000|0.0000|0|3.50
电投能源|002128|3.05|19642365|351061632.00|0.06|4.78|0.06|17.88|17.36|18.18|17.36|19.64|17.35|19464052|345863136.00|1|0.0000|0.0000|0.0000|0|17.35
TCL中环|002129|-3.37|95429841|741641664.00|-1.87|1.00|-5.49|7.74|7.86|8.09|7.57|95.43|8.01|77643692|628493440.00|1|0.0000|0.0000|0.0000|0|8.01
沃尔核材|002130|-9.25|103505467|1697206144.00|-5.66|-2.41|-9.98|16.18|16.82|17.40|16.05|103.51|17.83|22773900|408559520.00|1|0.0000|0.0000|0.0000|0|17.83
利欧股份|002131|-3.50|421906255|1268965120.00|-7.01|-0.32|-7.01|3.03|2.92|3.13|2.92|421.91|3.14|140847844|444687616.00|1|0.0000|0.0000|0.0000|0|3.14
恒星科技|002132|-8.06|128587628|370367840.00|-3.87|-0.97|-10.00|2.85|2.98|3.07|2.79|128.59|3.10|73552481|229819120.00|1|0.0000|0.0000|0.0000|0|3.10
广宇集团|002133|2.59|18473421|43237320.00|-0.86|3.02|-1.72|2.38|2.30|2.39|2.28|18.47|2.32|20800700|49250504.00|1|0.0000|0.0000|0.0000|0|2.32
天津普林|002134|-10.01|9885800|152911552.00|-7.87|-1.89|-10.01|15.20|15.56|16.57|15.20|9.89|16.89|2897400|49160072.00|1|0.0000|0.0000|0.0000|0|16.89
东南网架|002135|-0.51|18258000|71838144.00|0.00|1.52|-2.03|3.93|3.95|4.01|3.87|18.26|3.95|23218400|93980320.00|1|0.0000|0.0000|0.0000|0|3.95
安 纳 达|002136|-5.41|10085000|86694224.00|-2.54|-0.77|-8.28|8.57|8.83|8.99|8.31|10.08|9.06|5262300|48249412.00|1|0.0000|0.0000|0.0000|0|9.06
实益达|002137|-9.67|30109100|191467168.00|-7.79|-2.31|-9.96|6.26|6.39|6.77|6.24|30.11|6.93|9377127|65226840.00|1|0.0000|0.0000|0.0000|0|6.93
顺络电子|002138|-3.11|19087411|460024672.00|-1.17|0.32|-4.40|24.02|24.50|24.87|23.70|19.09|24.79|15418382|385050368.00|1|0.0000|0.0000|0.0000|0|24.79
拓邦股份|002139|-9.34|91690279|1089565056.00|-1.95|-0.86|-9.96|11.65|12.60|12.74|11.57|91.69|12.85|18423971|237186960.00|1|0.0000|0.0000|0.0000|0|12.85
东华科技|002140|-1.34|18062060|173469232.00|0.62|3.20|-4.64|9.56|9.75|10.00|9.24|18.06|9.69|16141600|161547248.00|1|0.0000|0.0000|0.0000|0|9.69
贤丰控股|002141|-0.62|9642850|15494734.00|-3.70|1.23|-3.70|1.61|1.56|1.64|1.56|9.64|1.62|8171350|13285460.00|1|0.0000|0.0000|0.0000|0|1.62
宁波银行|002142|1.33|55466528|1297736064.00|-0.34|1.68|-0.69|23.57|23.18|23.65|23.10|55.47|23.26|86361907|2020245760.00|1|0.0000|0.0000|0.0000|0|23.26
宏达高科|002144|-4.88|7099401|68578936.00|0.00|1.39|-8.57|9.55|10.04|10.18|9.18|7.10|10.04|5464543|55344592.00|1|0.0000|0.0000|0.0000|0|10.04
钛能化学|002145|0.50|64684980|258915584.00|-0.75|2.01|-1.00|4.01|3.96|4.07|3.95|64.68|3.99|74574265|303514656.00|1|0.0000|0.0000|0.0000|0|3.99
荣盛发展|002146|0.75|133772607|178664976.00|-2.24|1.49|-2.99|1.35|1.31|1.36|1.30|133.77|1.34|134616800|183562400.00|1|0.0000|0.0000|0.0000|0|1.34
北纬科技|002148|-6.48|28783532|166453968.00|-4.38|-0.81|-9.89|5.77|5.90|6.12|5.56|28.78|6.17|11553600|71753680.00|1|0.0000|0.0000|0.0000|0|6.17
西部材料|002149|3.91|19983300|372055520.00|0.00|5.62|-0.83|18.86|18.15|19.17|18.00|19.98|18.15|21070750|392276128.00|1|0.0000|0.0000|0.0000|0|18.15
通润装备|002150|-7.69|14595909|162856496.00|-1.17|0.00|-10.03|11.04|11.82|11.96|10.76|14.60|11.96|6618600|79811344.00|1|0.0000|0.0000|0.0000|0|11.96
北斗星通|002151|1.09|9493489|220407376.00|-1.44|3.05|-1.44|23.17|22.59|23.62|22.59|9.49|22.92|11013467|259000864.00|1|0.0000|0.0000|0.0000|0|22.92
广电运通|002152|-5.05|66861385|746392704.00|-0.94|0.09|-7.19|11.10|11.58|11.70|10.85|66.86|11.69|35636127|421426048.00|1|0.0000|0.0000|0.0000|0|11.69
石基信息|002153|-6.13|38068652|252800272.00|-1.85|0.00|-8.27|6.58|6.88|7.01|6.43|38.07|7.01|18332898|129945464.00|1|0.0000|0.0000|0.0000|0|7.01
报 喜 鸟|002154|1.87|33938700|129919576.00|-0.27|3.47|-0.27|3.82|3.74|3.88|3.74|33.94|3.75|41999669|161117424.00|1|0.0000|0.0000|0.0000|0|3.75
湖南黄金|002155|-1.54|62129417|1227931904.00|0.94|1.49|-4.47|19.81|20.31|20.42|19.22|62.13|20.12|94813994|1917509760.00|1|0.0000|0.0000|0.0000|0|20.12
通富微电|002156|-4.65|57774216|1326839424.00|-1.63|0.92|-7.49|22.78|23.50|24.11|22.10|57.77|23.89|33680411|814084096.00|1|0.0000|0.0000|0.0000|0|23.89
正邦科技|002157|7.81|265605597|750673216.00|0.00|8.18|0.00|2.90|2.69|2.91|2.69|265.61|2.69|203584253|568004224.00|1|0.0000|0.0000|0.0000|0|2.69
汉钟精机|002158|-3.29|16349394|275671296.00|-0.58|0.87|-4.79|16.75|17.22|17.47|16.49|16.35|17.32|10640102|187146336.00|1|0.0000|0.0000|0.0000|0|17.32
三特索道|002159|1.98|6358200|91349112.00|0.07|3.54|-0.14|14.41|14.14|14.63|14.11|6.36|14.13|7159692|103610968.00|1|0.0000|0.0000|0.0000|0|14.13
常铝股份|002160|-6.76|41278301|137913600.00|-3.38|-1.41|-8.73|3.31|3.43|3.50|3.24|41.28|3.55|22100700|79378168.00|1|0.0000|0.0000|0.0000|0|3.55
远 望 谷|002161|-3.23|20646564|104523536.00|-3.23|-0.38|-6.26|5.10|5.10|5.25|4.94|20.65|5.27|12003200|63714816.00|1|0.0000|0.0000|0.0000|0|5.27
悦心健康|002162|-2.48|34358714|122135616.00|-3.58|1.65|-4.96|3.54|3.50|3.69|3.45|34.36|3.63|22929828|84306776.00|1|0.0000|0.0000|0.0000|0|3.63
海南发展|002163|1.51|34498100|228212800.00|-1.81|2.57|-3.32|6.72|6.50|6.79|6.40|34.50|6.62|25104710|169620960.00|1|0.0000|0.0000|0.0000|0|6.62
宁波东力|002164|-7.45|55948301|360668864.00|-6.88|-4.15|-10.03|6.46|6.50|6.69|6.28|55.95|6.98|9727700|68329216.00|1|0.0000|0.0000|0.0000|0|6.98
红 宝 丽|002165|10.03|271863601|1913780992.00|7.72|10.03|2.93|7.13|6.98|7.13|6.67|271.86|6.48|308931770|2210657792.00|1|0.0000|0.0000|0.0000|0|6.48
莱茵生物|002166|2.04|29446748|216506800.00|-0.68|2.04|-2.86|7.50|7.30|7.50|7.14|29.45|7.35|31364586|237871296.00|1|0.0000|0.0000|0.0000|0|7.35
东方锆业|002167|-5.28|66131852|508572704.00|-3.07|-1.35|-9.08|7.72|7.90|8.04|7.41|66.13|8.15|29913100|246025904.00|1|0.0000|0.0000|0.0000|0|8.15
*ST惠程|002168|-5.00|14649680|30872486.00|-5.00|-2.27|-5.00|2.09|2.09|2.15|2.09|14.65|2.20|4521600|9952646.00|1|0.0000|0.0000|0.0000|0|2.20
智光电气|002169|-5.43|17956534|91424632.00|-3.00|0.00|-8.24|5.05|5.18|5.34|4.90|17.96|5.34|12215400|65751180.00|1|0.0000|0.0000|0.0000|0|5.34
芭田股份|002170|2.00|37825838|364152064.00|-1.05|3.99|-1.68|9.71|9.42|9.90|9.36|37.83|9.52|34283206|335404512.00|1|0.0000|0.0000|0.0000|0|9.52
楚江新材|002171|-0.74|34211783|275773920.00|-0.74|2.21|-3.19|8.10|8.10|8.34|7.90|34.21|8.16|22788602|188253040.00|1|0.0000|0.0000|0.0000|0|8.16
澳洋健康|002172|-3.21|25325625|76442968.00|-2.24|-0.64|-5.13|3.02|3.05|3.10|2.96|25.33|3.12|20298900|64038740.00|1|0.0000|0.0000|0.0000|0|3.12
创新医疗|002173|-1.18|40831000|342871264.00|-2.24|2.00|-3.30|8.39|8.30|8.66|8.21|40.83|8.49|24633255|211604832.00|1|0.0000|0.0000|0.0000|0|8.49
游族网络|002174|-4.00|31878897|261549888.00|-2.35|1.18|-6.47|8.16|8.30|8.60|7.95|31.88|8.50|20874961|179649872.00|1|0.0000|0.0000|0.0000|0|8.50
东方智造|002175|-6.51|102276168|409483808.00|-6.98|-1.16|-10.00|4.02|4.00|4.25|3.87|102.28|4.30|33004000|143757744.00|1|0.0000|0.0000|0.0000|0|4.30
江特电机|002176|0.45|42191129|283122720.00|-0.15|1.94|-1.94|6.74|6.70|6.84|6.58|42.19|6.71|37846693|257888464.00|1|0.0000|0.0000|0.0000|0|6.71
御银股份|002177|-4.05|32514596|123749008.00|-3.54|0.51|-7.09|3.79|3.81|3.97|3.67|32.51|3.95|24481000|97756344.00|1|0.0000|0.0000|0.0000|0|3.95
延华智能|002178|-4.32|29255919|154526272.00|-4.50|0.00|-8.29|5.31|5.30|5.55|5.09|29.26|5.55|16955700|94751488.00|1|0.0000|0.0000|0.0000|0|5.55
中航光电|002179|4.50|30103733|1223754368.00|0.35|4.86|0.35|41.30|39.66|41.44|39.66|30.10|39.52|33812243|1355882368.00|1|0.0000|0.0000|0.0000|0|39.52
纳思达|002180|2.34|18309691|406189344.00|-0.87|3.39|-0.87|22.32|21.62|22.55|21.62|18.31|21.81|23653023|529050432.00|1|0.0000|0.0000|0.0000|0|21.81
粤 传 媒|002181|-3.97|35156363|169489472.00|-2.58|0.79|-8.33|4.84|4.91|5.08|4.62|35.16|5.04|34113360|179536000.00|1|0.0000|0.0000|0.0000|0|5.04
宝武镁业|002182|-3.94|31263850|356210976.00|-1.46|1.80|-6.00|11.21|11.50|11.88|10.97|31.26|11.67|27985800|331845568.00|1|0.0000|0.0000|0.0000|0|11.67
怡 亚 通|002183|-0.96|77316800|314452192.00|-2.40|0.24|-4.33|4.12|4.06|4.17|3.98|77.32|4.16|54944601|232170368.00|1|0.0000|0.0000|0.0000|0|4.16
海得控制|002184|-6.92|22431082|231267632.00|-5.58|-1.53|-9.98|10.35|10.50|10.95|10.01|22.43|11.12|6950400|77992416.00|1|0.0000|0.0000|0.0000|0|11.12
华天科技|002185|-3.51|72827141|663211712.00|-2.45|0.53|-5.53|9.07|9.17|9.45|8.88|72.83|9.40|49116255|467965408.00|1|0.0000|0.0000|0.0000|0|9.40
全 聚 德|002186|2.32|10061387|101363184.00|-1.31|3.32|-1.31|10.16|9.80|10.26|9.80|10.06|9.93|9067099|92106176.00|1|0.0000|0.0000|0.0000|0|9.93
广百股份|002187|9.95|57453517|378765824.00|-3.43|9.95|-3.43|6.74|5.92|6.74|5.92|57.45|6.13|24538200|156653440.00|1|0.0000|0.0000|0.0000|0|6.13
中天服务|002188|-1.98|18333800|72456280.00|-1.23|0.99|-4.94|3.97|4.00|4.09|3.85|18.33|4.05|8761600|35810376.00|1|0.0000|0.0000|0.0000|0|4.05
中光学|002189|-3.53|6017495|98650360.00|-2.77|0.94|-5.83|16.39|16.52|17.15|16.00|6.02|16.99|4170800|71515968.00|1|0.0000|0.0000|0.0000|0|16.99
成飞集成|002190|0.27|7537150|112033104.00|-0.07|1.88|-2.28|14.94|14.89|15.18|14.56|7.54|14.90|7535300|114106320.00|1|0.0000|0.0000|0.0000|0|14.90
劲嘉股份|002191|1.44|19161236|67268576.00|-0.58|3.17|-0.58|3.52|3.45|3.58|3.45|19.16|3.47|32709952|116363408.00|1|0.0000|0.0000|0.0000|0|3.47
融捷股份|002192|-1.29|7201367|192285488.00|-0.41|1.44|-3.14|26.76|27.00|27.50|26.26|7.20|27.11|6431313|178437088.00|1|0.0000|0.0000|0.0000|0|27.11
如意集团|002193|-4.65|13405698|63092676.00|-5.86|-1.21|-7.47|4.72|4.66|4.89|4.58|13.41|4.95|4798700|23962128.00|1|0.0000|0.0000|0.0000|0|4.95
武汉凡谷|002194|-7.54|38827205|377872832.00|-2.32|1.26|-9.86|9.56|10.10|10.47|9.32|38.83|10.34|13430420|140187360.00|1|0.0000|0.0000|0.0000|0|10.34
岩山科技|002195|-6.11|464977863|2156076032.00|-5.70|-0.81|-8.96|4.61|4.63|4.87|4.47|464.98|4.91|236785959|1175176448.00|1|0.0000|0.0000|0.0000|0|4.91
方正电机|002196|-9.91|65127320|464126848.00|-6.05|-2.96|-10.04|7.00|7.30|7.54|6.99|65.13|7.77|18505100|144888080.00|1|0.0000|0.0000|0.0000|0|7.77
证通电子|002197|-4.90|2653800|12366708.00|-4.90|-4.90|-4.90|4.66|4.66|4.66|4.66|2.65|4.90|2312100|11329290.00|1|0.0000|0.0000|0.0000|0|4.90
嘉应制药|002198|-4.82|15960400|98251096.00|-1.71|-1.71|-6.84|6.12|6.32|6.32|5.99|15.96|6.43|12437300|81438928.00|1|0.0000|0.0000|0.0000|0|6.43
*ST东晶|002199|-5.01|6163592|29220508.00|-5.01|-4.41|-5.01|4.74|4.74|4.77|4.74|6.16|4.99|2740200|13673598.00|1|0.0000|0.0000|0.0000|0|4.99
*ST交投|002200|-5.00|1606300|8266109.00|-1.85|-1.85|-5.00|5.13|5.30|5.30|5.13|1.61|5.40|1095700|5927633.00|1|0.0000|0.0000|0.0000|0|5.40
九鼎新材|002201|7.97|65705415|400496256.00|0.00|7.97|-1.19|6.37|5.90|6.37|5.83|65.71|5.90|55813405|322676320.00|1|0.0000|0.0000|0.0000|0|5.90
金风科技|002202|-0.88|64531305|509478880.00|-2.38|0.38|-2.63|7.92|7.80|8.02|7.78|64.53|7.99|56264218|456266688.00|1|0.0000|0.0000|0.0000|0|7.99
海亮股份|002203|3.91|17200468|149736048.00|0.47|4.85|0.00|8.78|8.49|8.86|8.45|17.20|8.45|10517871|89958120.00|1|0.0000|0.0000|0.0000|0|8.45
大连重工|002204|1.12|188085302|1012721600.00|-0.74|2.61|-1.86|5.43|5.33|5.51|5.27|188.09|5.37|121544954|659545280.00|1|0.0000|0.0000|0.0000|0|5.37
国统股份|002205|-1.30|9665187|80275992.00|-3.31|3.07|-5.08|8.35|8.18|8.72|8.03|9.67|8.46|5324400|45593040.00|1|0.0000|0.0000|0.0000|0|8.46
海 利 得|002206|-6.67|74590068|307257952.00|-2.76|-0.69|-9.20|4.06|4.23|4.32|3.95|74.59|4.35|49188871|218018736.00|1|0.0000|0.0000|0.0000|0|4.35
准油股份|002207|-4.91|14983600|72520440.00|-3.54|-0.79|-8.06|4.84|4.91|5.05|4.68|14.98|5.09|8479200|43325856.00|1|0.0000|0.0000|0.0000|0|5.09
合肥城建|002208|-3.22|17665040|100563584.00|-3.05|-0.85|-5.59|5.71|5.72|5.85|5.57|17.67|5.90|12035782|72105560.00|1|0.0000|0.0000|0.0000|0|5.90
达 意 隆|002209|-9.85|12864200|117998800.00|-4.48|-3.88|-9.95|9.06|9.60|9.66|9.05|12.86|10.05|2957500|29887532.00|1|0.0000|0.0000|0.0000|0|10.05
飞马国际|002210|-3.49|132239400|294017984.00|-0.87|1.75|-5.68|2.21|2.27|2.33|2.16|132.24|2.29|123475300|287407104.00|1|0.0000|0.0000|0.0000|0|2.29
ST宏达|002211|-7.23|24102500|74275504.00|-7.53|-1.81|-9.94|3.08|3.07|3.26|2.99|24.10|3.32|6901300|23077742.00|1|0.0000|0.0000|0.0000|0|3.32
天融信|002212|-3.02|58657739|412053280.00|-2.47|0.41|-7.41|7.07|7.11|7.32|6.75|58.66|7.29|35524462|260971520.00|1|0.0000|0.0000|0.0000|0|7.29
大为股份|002213|-8.75|17755400|217193376.00|-1.14|-0.38|-9.96|12.00|13.00|13.10|11.84|17.76|13.15|6532300|86414424.00|1|0.0000|0.0000|0.0000|0|13.15
*ST大立|002214|-4.05|11280613|97989344.00|-2.14|2.92|-6.75|8.53|8.70|9.15|8.29|11.28|8.89|8167013|74423912.00|1|0.0000|0.0000|0.0000|0|8.89
诺 普 信|002215|8.07|45781331|395019808.00|2.44|8.68|1.59|8.84|8.38|8.89|8.31|45.78|8.18|30157086|251255488.00|1|0.0000|0.0000|0.0000|0|8.18
三全食品|002216|9.96|11694190|131067888.00|0.00|9.96|0.00|11.48|10.44|11.48|10.44|11.69|10.44|10058440|108182992.00|1|0.0000|0.0000|0.0000|0|10.44
合力泰|002217|-4.83|15925600|31373432.00|-4.83|-4.83|-4.83|1.97|1.97|1.97|1.97|15.93|2.07|7106000|14709420.00|1|0.0000|0.0000|0.0000|0|2.07
拓日新能|002218|-2.32|27812934|82254960.00|-1.99|0.99|-4.30|2.95|2.96|3.05|2.89|27.81|3.02|26140200|80143008.00|1|0.0000|0.0000|0.0000|0|3.02
新里程|002219|0.00|55973040|125227736.00|-2.22|1.78|-3.11|2.25|2.20|2.29|2.18|55.97|2.25|52313090|121135672.00|1|0.0000|0.0000|0.0000|0|2.25
东华能源|002221|-9.94|25264990|208356720.00|-1.66|-0.11|-9.94|8.15|8.90|9.04|8.15|25.26|9.05|21977000|203272528.00|1|0.0000|0.0000|0.0000|0|9.05
福晶科技|002222|-2.41|16516061|504300640.00|-0.71|2.44|-5.40|30.38|30.91|31.89|29.45|16.52|31.13|16247512|516670080.00|1|0.0000|0.0000|0.0000|0|31.13
鱼跃医疗|002223|1.60|9228986|314670784.00|-0.06|2.61|-0.30|34.24|33.68|34.58|33.60|9.23|33.70|13528810|462405216.00|1|0.0000|0.0000|0.0000|0|33.70
三 力 士|002224|-2.63|19451690|79336384.00|-1.43|0.48|-4.53|4.08|4.13|4.21|4.00|19.45|4.19|16553000|70654488.00|1|0.0000|0.0000|0.0000|0|4.19
濮耐股份|002225|-5.27|31489100|146425200.00|-0.81|-0.20|-9.13|4.67|4.89|4.92|4.48|31.49|4.93|16081670|80410496.00|1|0.0000|0.0000|0.0000|0|4.93
江南化工|002226|0.98|46099340|235964544.00|-1.57|1.96|-2.16|5.15|5.02|5.20|4.99|46.10|5.10|34741109|180483648.00|1|0.0000|0.0000|0.0000|0|5.10
奥 特 迅|002227|-8.78|16071500|163512496.00|-7.24|-2.62|-9.95|10.08|10.25|10.76|9.95|16.07|11.05|3907800|43429504.00|1|0.0000|0.0000|0.0000|0|11.05
合兴包装|002228|-1.06|23484620|65953584.00|0.00|1.41|-3.17|2.81|2.84|2.88|2.75|23.48|2.84|24947300|72666064.00|1|0.0000|0.0000|0.0000|0|2.84
鸿博股份|002229|-7.03|30287685|297973984.00|-9.84|-2.53|-10.03|9.92|9.62|10.40|9.60|30.29|10.67|9102900|97345552.00|1|0.0000|0.0000|0.0000|0|10.67
科大讯飞|002230|-1.38|57554111|2453207552.00|-0.74|0.85|-4.36|42.79|43.07|43.76|41.50|57.55|43.39|50661652|2236916736.00|1|0.0000|0.0000|0.0000|0|43.39
*ST奥维|002231|-3.81|15755800|70559496.00|-5.07|-1.69|-8.03|4.55|4.49|4.65|4.35|15.76|4.73|7186400|34335684.00|1|0.0000|0.0000|0.0000|0|4.73
启明信息|002232|-6.35|14752311|228002400.00|-2.26|0.12|-10.02|15.33|16.00|16.39|14.73|14.75|16.37|5936100|98113800.00|1|0.0000|0.0000|0.0000|0|16.37
塔牌集团|002233|5.41|20915256|165652736.00|0.00|6.46|0.00|7.99|7.58|8.07|7.58|20.92|7.58|18203110|142621664.00|1|0.0000|0.0000|0.0000|0|7.58
民和股份|002234|9.98|40076984|390575072.00|-2.15|9.98|-2.15|10.25|9.12|10.25|9.12|40.08|9.32|35119273|335874944.00|1|0.0000|0.0000|0.0000|0|9.32
安妮股份|002235|-4.09|29642321|132210216.00|-3.88|0.22|-6.68|4.45|4.46|4.65|4.33|29.64|4.64|16754650|78816352.00|1|0.0000|0.0000|0.0000|0|4.64
大华股份|002236|0.13|72921247|1080471040.00|1.08|1.96|-1.89|14.84|14.98|15.11|14.54|72.92|14.82|89977033|1363295616.00|1|0.0000|0.0000|0.0000|0|14.82
恒邦股份|002237|-0.51|29966369|291500480.00|-2.74|0.61|-3.04|9.81|9.59|9.92|9.56|29.97|9.86|35874647|357998144.00|1|0.0000|0.0000|0.0000|0|9.86
天威视讯|002238|-3.29|13983279|101849792.00|-6.97|-0.53|-6.97|7.35|7.07|7.56|7.07|13.98|7.60|9437900|72512992.00|1|0.0000|0.0000|0.0000|0|7.60
奥特佳|002239|-2.26|95051391|248165440.00|-1.50|1.13|-3.76|2.60|2.62|2.69|2.56|95.05|2.66|86716156|233584848.00|1|0.0000|0.0000|0.0000|0|2.66
盛新锂能|002240|-2.34|14475579|161755904.00|-2.60|-0.87|-4.86|11.25|11.22|11.42|10.96|14.48|11.52|11536800|135161952.00|1|0.0000|0.0000|0.0000|0|11.52
歌尔股份|002241|-9.98|79545471|1508230272.00|-9.98|-8.84|-9.98|18.95|18.95|19.19|18.95|79.55|21.05|16963400|357079584.00|1|0.0000|0.0000|0.0000|0|21.05
九阳股份|002242|1.23|10621498|94452224.00|-0.34|1.46|-2.69|9.04|8.90|9.06|8.69|10.62|8.93|10125289|92058256.00|1|0.0000|0.0000|0.0000|0|8.93
力合科创|002243|-4.36|25316507|189764752.00|-1.28|-0.13|-6.92|7.46|7.70|7.79|7.26|25.32|7.80|14383473|114113400.00|1|0.0000|0.0000|0.0000|0|7.80
滨江集团|002244|3.85|47240594|449691968.00|0.00|4.60|-2.35|9.71|9.35|9.78|9.13|47.24|9.35|45754527|434121888.00|1|0.0000|0.0000|0.0000|0|9.35
蔚蓝锂芯|002245|-7.77|88336461|1036049792.00|-3.80|-0.95|-9.98|11.64|12.14|12.50|11.36|88.34|12.62|26933100|341763488.00|1|0.0000|0.0000|0.0000|0|12.62
北化股份|002246|-3.39|15572800|142336240.00|-0.53|0.11|-5.30|9.12|9.39|9.45|8.94|15.57|9.44|10976300|105260576.00|1|0.0000|0.0000|0.0000|0|9.44
聚力文化|002247|-3.62|24979100|53033400.00|-2.71|0.00|-7.24|2.13|2.15|2.21|2.05|24.98|2.21|14055000|31435904.00|1|0.0000|0.0000|0.0000|0|2.21
华东数控|002248|-8.45|31301709|219408144.00|-4.76|-0.92|-10.04|6.93|7.21|7.50|6.81|31.30|7.57|9936400|75797264.00|1|0.0000|0.0000|0.0000|0|7.57
大洋电机|002249|-8.27|213303783|1279710208.00|-3.37|-2.30|-9.95|5.99|6.31|6.38|5.88|213.30|6.53|80461000|529137440.00|1|0.0000|0.0000|0.0000|0|6.53
联化科技|002250|-5.59|43040306|255975280.00|-2.24|-0.16|-7.51|5.91|6.12|6.25|5.79|43.04|6.26|24230500|153895904.00|1|0.0000|0.0000|0.0000|0|6.26
步步高|002251|-0.26|41569504|156815616.00|-4.95|2.34|-4.95|3.83|3.65|3.93|3.65|41.57|3.84|21057089|80994480.00|1|0.0000|0.0000|0.0000|0|3.84
上海莱士|002252|2.05|108128425|747684736.00|-0.29|2.93|-1.32|6.96|6.80|7.02|6.73|108.13|6.82|137193674|949841280.00|1|0.0000|0.0000|0.0000|0|6.82
*ST智胜|002253|-4.42|12245910|113510640.00|-5.35|-0.93|-8.44|9.29|9.20|9.63|8.90|12.25|9.72|9698050|95582296.00|1|0.0000|0.0000|0.0000|0|9.72
泰和新材|002254|6.01|125032080|1347247488.00|-2.96|6.28|-5.36|11.47|10.50|11.50|10.24|125.03|10.82|121672111|1310889344.00|1|0.0000|0.0000|0.0000|0|10.82
海陆重工|002255|-6.87|173456550|1340188032.00|-4.66|2.09|-9.94|7.59|7.77|8.32|7.34|173.46|8.15|80392128|662205376.00|1|0.0000|0.0000|0.0000|0|8.15
兆新股份|002256|-3.35|38558720|77772144.00|-5.26|-0.96|-5.26|2.02|1.98|2.07|1.98|38.56|2.09|39768274|84394264.00|1|0.0000|0.0000|0.0000|0|2.09
利尔化学|002258|5.11|114714371|1134666112.00|-3.27|5.21|-3.78|10.28|9.46|10.29|9.41|114.71|9.78|100257108|966913088.00|1|0.0000|0.0000|0.0000|0|9.78
升达林业|002259|-4.87|9904500|21375296.00|-4.87|-2.65|-4.87|2.15|2.15|2.20|2.15|9.90|2.26|3217700|7289598.00|1|0.0000|0.0000|0.0000|0|2.26
拓维信息|002261|-4.20|148698990|3542545408.00|-5.11|-1.78|-9.07|24.20|23.97|24.81|22.97|148.70|25.26|56413215|1443817216.00|1|0.0000|0.0000|0.0000|0|25.26
恩华药业|002262|3.02|14649198|311121376.00|0.29|3.60|-0.05|21.47|20.90|21.59|20.83|14.65|20.84|21277232|447521472.00|1|0.0000|0.0000|0.0000|0|20.84
大东南|002263|-3.13|39407424|86191248.00|-0.89|0.89|-4.46|2.17|2.22|2.26|2.14|39.41|2.24|36100200|82186360.00|1|0.0000|0.0000|0.0000|0|2.24
新 华 都|002264|-3.04|16894985|90911880.00|-1.61|-0.54|-6.80|5.42|5.50|5.56|5.21|16.89|5.59|12810100|72832904.00|1|0.0000|0.0000|0.0000|0|5.59
建设工业|002265|-3.92|26515900|467915200.00|-7.09|-1.50|-7.63|17.89|17.30|18.34|17.20|26.52|18.62|6725100|127028304.00|1|0.0000|0.0000|0.0000|0|18.62
浙富控股|002266|0.67|55144580|165505712.00|0.67|2.68|-1.01|3.00|3.00|3.06|2.95|55.14|2.98|52457800|160402640.00|1|0.0000|0.0000|0.0000|0|2.98
陕天然气|002267|3.95|16070504|130235328.00|-0.38|4.85|-0.38|8.15|7.81|8.22|7.81|16.07|7.84|17988565|145352768.00|1|0.0000|0.0000|0.0000|0|7.84
电科网安|002268|-0.41|16859944|243761856.00|0.00|1.51|-2.95|14.54|14.60|14.82|14.17|16.86|14.60|12907943|191763616.00|1|0.0000|0.0000|0.0000|0|14.60
美邦服饰|002269|0.00|133070116|214310368.00|-3.66|2.44|-6.10|1.64|1.58|1.68|1.54|133.07|1.64|80010000|132886928.00|1|0.0000|0.0000|0.0000|0|1.64
华明装备|002270|4.71|13969770|194482640.00|-1.50|5.76|-1.50|14.00|13.17|14.14|13.17|13.97|13.37|18665110|252226448.00|1|0.0000|0.0000|0.0000|0|13.37
东方雨虹|002271|2.86|30713966|349565120.00|-0.09|3.22|-0.72|11.50|11.17|11.54|11.10|30.71|11.18|48019168|542419712.00|1|0.0000|0.0000|0.0000|0|11.18
川润股份|002272|-6.55|33622722|255819152.00|-6.80|-0.25|-10.01|7.56|7.54|8.07|7.28|33.62|8.09|13686400|111318072.00|1|0.0000|0.0000|0.0000|0|8.09
水晶光电|002273|-9.95|78228503|1319233920.00|-5.86|-3.98|-10.01|16.74|17.50|17.85|16.73|78.23|18.59|9282500|172561680.00|1|0.0000|0.0000|0.0000|0|18.59
华昌化工|002274|0.14|23771923|169053952.00|0.00|1.83|-1.13|7.11|7.10|7.23|7.02|23.77|7.10|25106600|182757232.00|1|0.0000|0.0000|0.0000|0|7.10
桂林三金|002275|3.13|4694217|63201704.00|0.76|4.58|0.76|13.51|13.20|13.70|13.20|4.69|13.10|5356085|71932008.00|1|0.0000|0.0000|0.0000|0|13.10
万马股份|002276|-2.65|132821011|1595888384.00|-2.25|-0.64|-6.27|12.12|12.17|12.37|11.67|132.82|12.45|45677400|575680000.00|1|0.0000|0.0000|0.0000|0|12.45
友阿股份|002277|4.26|87296607|421759648.00|-3.19|5.32|-3.19|4.90|4.55|4.95|4.55|87.30|4.70|44598700|212654416.00|1|0.0000|0.0000|0.0000|0|4.70
神开股份|002278|0.58|68511397|470453888.00|-2.33|3.35|-4.37|6.90|6.70|7.09|6.56|68.51|6.86|48297603|335186080.00|1|0.0000|0.0000|0.0000|0|6.86
久其软件|002279|-2.93|37867146|210749296.00|-5.17|1.03|-7.93|5.63|5.50|5.86|5.34|37.87|5.80|20712030|121249888.00|1|0.0000|0.0000|0.0000|0|5.80
光迅科技|002281|-7.84|32639407|1308429952.00|-0.67|-0.05|-10.00|39.73|42.82|43.09|38.80|32.64|43.11|15617971|677909184.00|1|0.0000|0.0000|0.0000|0|43.11
博深股份|002282|-3.67|12999171|88645144.00|-1.13|0.28|-6.64|6.82|7.00|7.10|6.61|13.00|7.08|8043100|57568960.00|1|0.0000|0.0000|0.0000|0|7.08
天润工业|002283|-7.23|56016231|305827872.00|-1.89|-0.17|-9.81|5.39|5.70|5.80|5.24|56.02|5.81|21849100|128287744.00|1|0.0000|0.0000|0.0000|0|5.81
亚太股份|002284|-10.03|35997735|295498944.00|-4.12|-1.90|-10.03|8.07|8.60|8.80|8.07|36.00|8.97|11826785|106491208.00|1|0.0000|0.0000|0.0000|0|8.97
世联行|002285|-1.40|51322840|108523416.00|-0.47|3.74|-5.14|2.11|2.13|2.22|2.03|51.32|2.14|34496200|74942920.00|1|0.0000|0.0000|0.0000|0|2.14
保龄宝|002286|-3.63|18131200|124831712.00|-1.39|0.00|-6.14|6.91|7.07|7.17|6.73|18.13|7.17|10347000|75808736.00|1|0.0000|0.0000|0.0000|0|7.17
奇正藏药|002287|2.54|2584714|53924448.00|0.00|3.47|-0.34|21.00|20.48|21.19|20.41|2.58|20.48|2785745|59070492.00|1|0.0000|0.0000|0.0000|0|20.48
*ST宇顺|002289|-4.95|760100|3792899.00|-4.95|-4.95|-4.95|4.99|4.99|4.99|4.99|0.76|5.25|2090100|10973025.00|1|0.0000|0.0000|0.0000|0|5.25
禾盛新材|002290|-8.37|12560483|265297792.00|-1.36|-0.66|-10.00|20.90|22.50|22.66|20.53|12.56|22.81|4436797|101947712.00|1|0.0000|0.0000|0.0000|0|22.81
遥望科技|002291|-7.85|66713587|353874752.00|-6.28|-1.22|-9.95|5.28|5.37|5.66|5.16|66.71|5.73|18568035|107294120.00|1|0.0000|0.0000|0.0000|0|5.73
奥飞娱乐|002292|-6.28|91470841|720697984.00|-2.84|-1.07|-9.95|7.91|8.20|8.35|7.60|91.47|8.44|25656200|218043296.00|1|0.0000|0.0000|0.0000|0|8.44
罗莱生活|002293|3.78|8205425|65063180.00|0.26|4.82|0.13|7.97|7.70|8.05|7.69|8.21|7.68|8567020|67582776.00|1|0.0000|0.0000|0.0000|0|7.68
信立泰|002294|1.09|9222445|289374240.00|0.32|2.15|-0.99|31.55|31.31|31.88|30.90|9.22|31.21|13439417|427262592.00|1|0.0000|0.0000|0.0000|0|31.21
精艺股份|002295|-7.08|8186500|52037984.00|-2.06|-1.03|-8.70|6.30|6.64|6.71|6.19|8.19|6.78|2758300|18944794.00|1|0.0000|0.0000|0.0000|0|6.78
辉煌科技|002296|-2.79|26778543|261933984.00|-1.59|0.40|-5.18|9.76|9.88|10.08|9.52|26.78|10.04|15644100|158563744.00|1|0.0000|0.0000|0.0000|0|10.04
博云新材|002297|-4.17|21801399|125725728.00|-1.50|0.33|-7.01|5.74|5.90|6.01|5.57|21.80|5.99|15308056|92750024.00|1|0.0000|0.0000|0.0000|0|5.99
中电鑫龙|002298|-7.07|53867177|241856896.00|-4.78|-1.25|-9.98|4.47|4.58|4.75|4.33|53.87|4.81|19003900|92688000.00|1|0.0000|0.0000|0.0000|0|4.81
圣农发展|002299|9.76|64405596|1066625920.00|-1.77|9.95|-1.77|17.32|15.50|17.35|15.50|64.41|15.78|52802317|854128896.00|1|0.0000|0.0000|0.0000|0|15.78
太阳电缆|002300|-2.76|51406577|274115040.00|-1.29|0.74|-4.60|5.29|5.37|5.48|5.19|51.41|5.44|36726087|202398416.00|1|0.0000|0.0000|0.0000|0|5.44
齐心集团|002301|-4.80|19204052|117943296.00|-3.72|-0.31|-7.28|6.15|6.22|6.44|5.99|19.20|6.46|9599413|62710508.00|1|0.0000|0.0000|0.0000|0|6.46
西部建设|002302|4.54|25491532|143691968.00|-2.90|7.80|-3.63|5.76|5.35|5.94|5.31|25.49|5.51|20489300|115677176.00|1|0.0000|0.0000|0.0000|0|5.51
美盈森|002303|-2.53|43054286|132425584.00|-2.22|0.32|-4.75|3.08|3.09|3.17|3.01|43.05|3.16|29806600|95102352.00|1|0.0000|0.0000|0.0000|0|3.16
洋河股份|002304|1.44|9826576|726907200.00|0.26|1.72|-0.23|74.46|73.59|74.66|73.23|9.83|73.40|13772355|1018725312.00|1|0.0000|0.0000|0.0000|0|73.40
*ST南置|002305|0.00|52869074|66091416.00|0.00|2.40|-3.20|1.25|1.25|1.28|1.21|52.87|1.25|70723000|90151880.00|1|0.0000|0.0000|0.0000|0|1.25
*ST云网|002306|8.41|124507200|297819680.00|0.00|10.18|0.00|2.45|2.26|2.49|2.26|124.51|2.26|141715218|335278912.00|1|0.0000|0.0000|0.0000|0|2.26
北新路桥|002307|3.76|34709542|122767688.00|-2.60|8.38|-2.60|3.59|3.37|3.75|3.37|34.71|3.46|28366060|99911096.00|1|0.0000|0.0000|0.0000|0|3.46
中利集团|002309|-5.08|10812800|26368534.00|-5.08|-2.34|-5.08|2.43|2.43|2.50|2.43|10.81|2.56|5201900|13337576.00|1|0.0000|0.0000|0.0000|0|2.56
东方园林|002310|-5.08|45292800|85228088.00|-3.55|-2.54|-5.08|1.87|1.90|1.92|1.87|45.29|1.97|42926276|84949616.00|1|0.0000|0.0000|0.0000|0|1.97
海大集团|002311|4.75|27801824|1373418752.00|1.35|5.08|0.13|50.28|48.65|50.44|48.06|27.80|48.00|26738301|1332998912.00|1|0.0000|0.0000|0.0000|0|48.00
川发龙蟒|002312|2.21|76906651|804700608.00|-4.03|4.12|-4.03|10.66|10.01|10.86|10.01|76.91|10.43|44782600|473824000.00|1|0.0000|0.0000|0.0000|0|10.43
日海智能|002313|-7.32|18428510|145212400.00|-6.02|-2.01|-10.04|7.85|7.96|8.30|7.62|18.43|8.47|6738400|57457816.00|1|0.0000|0.0000|0.0000|0|8.47
南山控股|002314|0.49|29219522|60092976.00|-2.44|1.95|-2.44|2.06|2.00|2.09|2.00|29.22|2.05|30211801|63391452.00|1|0.0000|0.0000|0.0000|0|2.05
焦点科技|002315|-10.00|10542400|362746656.00|-7.98|-2.34|-10.00|33.84|34.60|36.72|33.84|10.54|37.60|3742700|141147136.00|1|0.0000|0.0000|0.0000|0|37.60
亚联发展|002316|-4.97|8338200|27219924.00|-4.97|-2.34|-4.97|3.25|3.25|3.34|3.25|8.34|3.42|4096300|14009858.00|1|0.0000|0.0000|0.0000|0|3.42
众生药业|002317|1.63|24847543|261709776.00|0.00|2.68|-1.24|10.62|10.45|10.73|10.32|24.85|10.45|39451955|427316384.00|1|0.0000|0.0000|0.0000|0|10.45
久立特材|002318|3.42|10624496|246398240.00|0.44|3.69|0.09|23.57|22.89|23.63|22.81|10.62|22.79|12294127|290491584.00|1|0.0000|0.0000|0.0000|0|22.79
乐通股份|002319|-8.10|4681300|40939544.00|-9.46|-1.26|-9.99|8.74|8.61|9.39|8.56|4.68|9.51|2506500|24110928.00|1|0.0000|0.0000|0.0000|0|9.51
海峡股份|002320|3.41|32471859|184045856.00|1.79|3.58|-0.36|5.77|5.68|5.78|5.56|32.47|5.58|34890523|200780064.00|1|0.0000|0.0000|0.0000|0|5.58
华英农业|002321|9.92|145302425|381511008.00|0.40|9.92|-3.57|2.77|2.53|2.77|2.43|145.30|2.52|143858329|360250464.00|1|0.0000|0.0000|0.0000|0|2.52
理工能科|002322|-3.76|9684290|114723704.00|-2.21|1.88|-5.81|11.76|11.95|12.45|11.51|9.68|12.22|5694400|70434016.00|1|0.0000|0.0000|0.0000|0|12.22
雅博股份|002323|-2.86|76261044|103230496.00|-4.29|0.71|-5.71|1.36|1.34|1.41|1.32|76.26|1.40|52120636|73927496.00|1|0.0000|0.0000|0.0000|0|1.40
普利特|002324|-2.45|20575394|172051456.00|-0.70|2.10|-5.02|8.35|8.50|8.74|8.13|20.58|8.56|15410640|133613472.00|1|0.0000|0.0000|0.0000|0|8.56
永太科技|002326|-3.98|31194942|277856128.00|-3.98|0.32|-6.14|8.92|8.92|9.32|8.72|31.19|9.29|19362439|182247872.00|1|0.0000|0.0000|0.0000|0|9.29
富安娜|002327|2.41|8019600|65004656.00|0.00|4.56|-0.13|8.09|7.90|8.26|7.89|8.02|7.90|9139026|74087120.00|1|0.0000|0.0000|0.0000|0|7.90
新朋股份|002328|-8.21|29377420|147014720.00|-1.31|-1.12|-9.89|4.92|5.29|5.30|4.83|29.38|5.36|11048678|59593764.00|1|0.0000|0.0000|0.0000|0|5.36
皇氏集团|002329|2.86|73765571|210045280.00|-1.43|4.64|-1.43|2.88|2.76|2.93|2.76|73.77|2.80|29972270|85143720.00|1|0.0000|0.0000|0.0000|0|2.80
得利斯|002330|5.58|22575098|92551056.00|0.00|5.84|0.00|4.16|3.94|4.17|3.94|22.58|3.94|20319200|83409152.00|1|0.0000|0.0000|0.0000|0|3.94
皖通科技|002331|-5.05|16117400|106341592.00|-3.32|-0.58|-8.08|6.58|6.70|6.89|6.37|16.12|6.93|8662000|60559640.00|1|0.0000|0.0000|0.0000|0|6.93
仙琚制药|002332|0.11|29506521|269546592.00|0.11|1.64|-1.53|9.15|9.15|9.29|9.00|29.51|9.14|39238896|368088224.00|1|0.0000|0.0000|0.0000|0|9.14
罗普斯金|002333|-1.41|10551050|51971100.00|-1.61|1.20|-4.02|4.91|4.90|5.04|4.78|10.55|4.98|12885900|65243056.00|1|0.0000|0.0000|0.0000|0|4.98
英威腾|002334|-6.46|48264283|344113632.00|-3.82|-1.32|-9.49|7.10|7.30|7.49|6.87|48.26|7.59|19999000|152704896.00|1|0.0000|0.0000|0.0000|0|7.59
科华数据|002335|-8.34|39197883|1393136896.00|-5.29|-1.22|-10.00|35.19|36.36|37.92|34.55|39.20|38.39|10001632|388330368.00|1|0.0000|0.0000|0.0000|0|38.39
赛象科技|002337|-10.04|40563445|190300272.00|-10.04|-5.60|-10.04|4.66|4.66|4.89|4.66|40.56|5.18|13010600|67611824.00|1|0.0000|0.0000|0.0000|0|5.18
奥普光电|002338|-1.26|17203774|641927872.00|2.54|4.01|-4.27|36.98|38.40|38.95|35.85|17.20|37.45|21583141|836149952.00|1|0.0000|0.0000|0.0000|0|37.45
积成电子|002339|-5.79|27328075|166353520.00|-2.97|0.16|-8.29|6.02|6.20|6.40|5.86|27.33|6.39|16795770|108403232.00|1|0.0000|0.0000|0.0000|0|6.39
格林美|002340|0.68|103458865|608614784.00|0.68|2.22|-0.68|5.89|5.89|5.98|5.81|103.46|5.85|117115334|698895232.00|1|0.0000|0.0000|0.0000|0|5.85
巨力索具|002342|2.64|172355500|720132672.00|-5.77|6.01|-5.77|4.27|3.92|4.41|3.92|172.36|4.16|39482386|165585296.00|1|0.0000|0.0000|0.0000|0|4.16
慈文传媒|002343|-5.26|25475520|146700528.00|-4.61|-0.49|-8.88|5.76|5.80|6.05|5.54|25.48|6.08|10453000|64298032.00|1|0.0000|0.0000|0.0000|0|6.08
海宁皮城|002344|-1.06|32993036|123187232.00|-0.79|1.58|-3.96|3.75|3.76|3.85|3.64|32.99|3.79|19953700|77019920.00|1|0.0000|0.0000|0.0000|0|3.79
潮宏基|002345|-2.77|30657305|233691440.00|-4.16|-0.25|-7.69|7.71|7.60|7.91|7.32|30.66|7.93|19087499|152046752.00|1|0.0000|0.0000|0.0000|0|7.93
柘中股份|002346|5.09|7411903|80297136.00|1.34|6.44|0.86|10.94|10.55|11.08|10.50|7.41|10.41|9412200|100668144.00|1|0.0000|0.0000|0.0000|0|10.41
泰尔股份|002347|-10.00|27745200|147785984.00|-8.79|-3.45|-10.00|5.22|5.29|5.60|5.22|27.75|5.80|12465500|72682160.00|1|0.0000|0.0000|0.0000|0|5.80
高乐股份|002348|-1.71|27139700|77538896.00|-3.08|0.34|-4.11|2.87|2.83|2.93|2.80|27.14|2.92|21402000|62912392.00|1|0.0000|0.0000|0.0000|0|2.92
精华制药|002349|1.19|16602346|112536608.00|0.00|3.13|-0.30|6.79|6.71|6.92|6.69|16.60|6.71|22156522|153686064.00|1|0.0000|0.0000|0.0000|0|6.71
北京科锐|002350|-3.95|18867655|105036168.00|-3.60|-1.20|-6.86|5.60|5.62|5.76|5.43|18.87|5.83|7731000|45364664.00|1|0.0000|0.0000|0.0000|0|5.83
漫步者|002351|-5.26|23677923|286831712.00|-4.79|0.08|-8.25|12.06|12.12|12.74|11.68|23.68|12.73|11445350|146546208.00|1|0.0000|0.0000|0.0000|0|12.73
顺丰控股|002352|2.82|31453948|1283528704.00|1.07|3.44|0.75|41.20|40.50|41.45|40.37|31.45|40.07|46120600|1880020224.00|1|0.0000|0.0000|0.0000|0|40.07
杰瑞股份|002353|-9.98|24016966|696652032.00|-1.14|0.35|-10.01|28.33|31.11|31.58|28.32|24.02|31.47|12586166|398135296.00|1|0.0000|0.0000|0.0000|0|31.47
天娱数科|002354|-5.84|131180734|672622976.00|-8.58|-1.46|-9.67|5.16|5.01|5.40|4.95|131.18|5.48|46561600|256668064.00|1|0.0000|0.0000|0.0000|0|5.48
兴民智通|002355|-8.04|30422948|161775760.00|-4.20|-1.57|-9.97|5.26|5.48|5.63|5.15|30.42|5.72|11949700|68731376.00|1|0.0000|0.0000|0.0000|0|5.72
赫美集团|002356|0.38|16071000|42250144.00|-0.76|2.29|-1.53|2.63|2.60|2.68|2.58|16.07|2.62|18496790|49420728.00|1|0.0000|0.0000|0.0000|0|2.62
富临运业|002357|-2.62|10046900|67258464.00|-0.73|1.31|-5.39|6.68|6.81|6.95|6.49|10.05|6.86|11054700|76915968.00|1|0.0000|0.0000|0.0000|0|6.86
森源电气|002358|-7.00|50880923|238369456.00|-3.60|-1.00|-10.00|4.65|4.82|4.95|4.50|50.88|5.00|24540100|123515504.00|1|0.0000|0.0000|0.0000|0|5.00
同德化工|002360|-6.30|13215962|57449664.00|-3.26|-0.43|-8.04|4.31|4.45|4.58|4.23|13.22|4.60|7106300|32908850.00|1|0.0000|0.0000|0.0000|0|4.60
神剑股份|002361|-8.59|87136069|478900480.00|-5.39|-1.68|-9.93|5.43|5.62|5.84|5.35|87.14|5.94|52081602|311636512.00|1|0.0000|0.0000|0.0000|0|5.94
汉王科技|002362|-7.74|15084515|273610304.00|-5.80|-1.99|-9.98|18.12|18.50|19.25|17.68|15.08|19.64|3359500|66648972.00|1|0.0000|0.0000|0.0000|0|19.64
隆基机械|002363|-9.91|31055300|186646928.00|-5.79|-3.20|-10.06|5.91|6.18|6.35|5.90|31.06|6.56|6840000|45161548.00|1|0.0000|0.0000|0.0000|0|6.56
中恒电气|002364|-10.01|40120900|509944192.00|-5.69|-1.66|-10.01|12.50|13.10|13.66|12.50|40.12|13.89|15612900|218770512.00|1|0.0000|0.0000|0.0000|0|13.89
永安药业|002365|10.04|59362488|549988928.00|-8.32|10.04|-9.29|10.19|8.49|10.19|8.40|59.36|9.26|56430152|533494112.00|1|0.0000|0.0000|0.0000|0|9.26
融发核电|002366|-5.39|142294453|639776320.00|-4.98|-1.45|-9.96|4.56|4.58|4.75|4.34|142.29|4.82|82038600|399497856.00|1|0.0000|0.0000|0.0000|0|4.82
康力电梯|002367|-5.15|24944268|157484112.00|-2.73|-0.15|-7.12|6.26|6.42|6.59|6.13|24.94|6.60|14029600|93873872.00|1|0.0000|0.0000|0.0000|0|6.60
太极股份|002368|2.04|18571514|420464032.00|1.24|2.57|-2.35|23.05|22.87|23.17|22.06|18.57|22.59|20826176|483655680.00|1|0.0000|0.0000|0.0000|0|22.59
卓翼科技|002369|-10.05|61582900|485830784.00|-8.18|-3.50|-10.05|7.70|7.86|8.26|7.70|61.58|8.56|14203300|122586016.00|1|0.0000|0.0000|0.0000|0|8.56
亚太药业|002370|-9.63|95691920|284026112.00|-5.59|-0.62|-9.94|2.91|3.04|3.20|2.90|95.69|3.22|82011179|270552320.00|1|0.0000|0.0000|0.0000|0|3.22
北方华创|002371|-0.41|9401152|4047186432.00|1.20|2.31|-2.26|431.01|438.00|442.80|423.00|9.40|432.80|12731727|5552454656.00|1|0.0000|0.0000|0.0000|0|432.80
伟星新材|002372|2.86|13728825|157768208.00|0.18|4.03|0.09|11.50|11.20|11.63|11.19|13.73|11.18|17163516|193569344.00|1|0.0000|0.0000|0.0000|0|11.18
千方科技|002373|-3.62|39365580|315547232.00|-0.97|0.12|-6.04|7.98|8.20|8.29|7.78|39.37|8.28|23792783|199851808.00|1|0.0000|0.0000|0.0000|0|8.28
中锐股份|002374|-3.98|22672334|49224080.00|-3.10|-1.33|-6.19|2.17|2.19|2.23|2.12|22.67|2.26|15006526|34347716.00|1|0.0000|0.0000|0.0000|0|2.26
亚厦股份|002375|-0.87|20399919|69262648.00|-1.16|0.00|-3.77|3.42|3.41|3.45|3.32|20.40|3.45|16592735|58324572.00|1|0.0000|0.0000|0.0000|0|3.45
新北洋|002376|-6.74|46236597|263083520.00|-1.64|-0.49|-9.87|5.67|5.98|6.05|5.48|46.24|6.08|16451900|101105080.00|1|0.0000|0.0000|0.0000|0|6.08
国创高新|002377|-5.33|25566800|59108304.00|-4.51|-2.05|-7.38|2.31|2.33|2.39|2.26|25.57|2.44|15879418|39079896.00|1|0.0000|0.0000|0.0000|0|2.44
章源钨业|002378|-0.80|27268722|167291040.00|0.64|0.80|-4.31|6.22|6.31|6.32|6.00|27.27|6.27|21979397|140171840.00|1|0.0000|0.0000|0.0000|0|6.27
宏创控股|002379|-9.72|36476795|334885280.00|-4.17|-0.79|-10.02|9.10|9.66|10.00|9.07|36.48|10.08|21409600|215892000.00|1|0.0000|0.0000|0.0000|0|10.08
科远智慧|002380|-10.00|15117600|314072512.00|-2.68|-1.20|-10.00|20.17|21.81|22.14|20.17|15.12|22.41|4680734|106037032.00|1|0.0000|0.0000|0.0000|0|22.41
双箭股份|002381|-0.16|7074500|43010732.00|0.99|2.14|-1.48|6.07|6.14|6.21|5.99|7.07|6.08|11565100|71586152.00|1|0.0000|0.0000|0.0000|0|6.08
蓝帆医疗|002382|-1.32|14728951|66296572.00|-0.22|1.76|-3.74|4.49|4.54|4.63|4.38|14.73|4.55|16913103|78337576.00|1|0.0000|0.0000|0.0000|0|4.55
合众思壮|002383|-3.49|22373299|149027152.00|-2.91|1.02|-6.70|6.63|6.67|6.94|6.41|22.37|6.87|18416200|129265712.00|1|0.0000|0.0000|0.0000|0|6.87
东山精密|002384|-10.00|41893500|1006312640.00|-10.00|-9.40|-10.00|24.02|24.02|24.18|24.02|41.89|26.69|4380900|116926224.00|1|0.0000|0.0000|0.0000|0|26.69
大北农|002385|9.91|536458624|2423987456.00|0.23|9.91|-5.99|4.77|4.35|4.77|4.08|536.46|4.34|424733061|1806716672.00|1|0.0000|0.0000|0.0000|0|4.34
天原股份|002386|-0.74|17189463|69090544.00|0.50|1.73|-1.98|4.01|4.06|4.11|3.96|17.19|4.04|25253300|103607416.00|1|0.0000|0.0000|0.0000|0|4.04
维信诺|002387|-4.37|35050903|277056672.00|-2.18|1.21|-6.55|7.88|8.06|8.34|7.70|35.05|8.24|21330900|177774624.00|1|0.0000|0.0000|0.0000|0|8.24
ST新亚|002388|-5.00|11859200|36209012.00|-5.00|-2.50|-5.00|3.04|3.04|3.12|3.04|11.86|3.20|5466400|17517636.00|1|0.0000|0.0000|0.0000|0|3.20
航天彩虹|002389|0.96|24045209|427233792.00|-1.07|2.77|-1.53|17.86|17.50|18.18|17.42|24.05|17.69|25903200|474473568.00|1|0.0000|0.0000|0.0000|0|17.69
信邦制药|002390|-0.58|28931137|98007032.00|-2.34|1.75|-2.63|3.40|3.34|3.48|3.33|28.93|3.42|35266600|122898224.00|1|0.0000|0.0000|0.0000|0|3.42
长青股份|002391|3.26|9019884|42310536.00|0.87|3.48|0.65|4.75|4.64|4.76|4.63|9.02|4.60|14831000|70360848.00|1|0.0000|0.0000|0.0000|0|4.60
北京利尔|002392|-1.77|23336343|103651608.00|0.00|2.44|-3.99|4.43|4.51|4.62|4.33|23.34|4.51|18017000|82745736.00|1|0.0000|0.0000|0.0000|0|4.51
力生制药|002393|0.77|2700662|42175444.00|-0.06|2.58|-0.84|15.64|15.51|15.92|15.39|2.70|15.52|4391572|70212712.00|1|0.0000|0.0000|0.0000|0|15.52
联发股份|002394|-3.17|8296676|55817324.00|-2.31|-0.86|-5.04|6.72|6.78|6.88|6.59|8.30|6.94|7416600|52168584.00|1|0.0000|0.0000|0.0000|0|6.94
双象股份|002395|-8.29|12982001|198577904.00|-0.55|0.86|-10.01|14.94|16.20|16.43|14.66|12.98|16.29|6320600|104591320.00|1|0.0000|0.0000|0.0000|0|16.29
星网锐捷|002396|-4.57|20089138|346380448.00|-0.17|0.61|-7.25|17.11|17.90|18.04|16.63|20.09|17.93|13354000|242496400.00|1|0.0000|0.0000|0.0000|0|17.93
梦洁股份|002397|-7.59|36748610|125314144.00|-6.78|-3.79|-10.03|3.41|3.44|3.55|3.32|36.75|3.69|12428700|46046236.00|1|0.0000|0.0000|0.0000|0|3.69
垒知集团|002398|-5.82|27117985|114802824.00|-4.47|-1.12|-8.28|4.21|4.27|4.42|4.10|27.12|4.47|13159300|59597376.00|1|0.0000|0.0000|0.0000|0|4.47
海普瑞|002399|-0.58|10197872|104608296.00|-0.10|1.54|-3.65|10.34|10.39|10.56|10.02|10.20|10.40|8823552|94290768.00|1|0.0000|0.0000|0.0000|0|10.40
省广集团|002400|-6.91|133716890|889860992.00|-3.81|-0.56|-10.01|6.60|6.82|7.05|6.38|133.72|7.09|53349988|382906080.00|1|0.0000|0.0000|0.0000|0|7.09
中远海科|002401|-1.49|18210542|249992768.00|-1.70|0.71|-5.32|13.88|13.85|14.19|13.34|18.21|14.09|9227500|131306912.00|1|0.0000|0.0000|0.0000|0|14.09
和而泰|002402|-10.01|85754528|1375186944.00|-7.72|-2.86|-10.01|15.74|16.14|16.99|15.74|85.75|17.49|18201250|319276096.00|1|0.0000|0.0000|0.0000|0|17.49
爱仕达|002403|-9.75|14818950|179500752.00|-9.90|-2.95|-9.98|11.94|11.92|12.84|11.91|14.82|13.23|3265300|43472820.00|1|0.0000|0.0000|0.0000|0|13.23
嘉欣丝绸|002404|-6.86|15763700|82617136.00|-1.08|-0.72|-8.30|5.16|5.48|5.50|5.08|15.76|5.54|10002200|56186460.00|1|0.0000|0.0000|0.0000|0|5.54
四维图新|002405|-2.75|73319084|570613376.00|-0.12|0.88|-5.37|7.78|7.99|8.07|7.57|73.32|8.00|51553230|420490240.00|1|0.0000|0.0000|0.0000|0|8.00
远东传动|002406|-6.77|85032515|529818304.00|-4.81|-2.41|-9.47|6.20|6.33|6.49|6.02|85.03|6.65|21930300|147437280.00|1|0.0000|0.0000|0.0000|0|6.65
多氟多|002407|0.28|18166671|195748192.00|0.00|2.14|-1.21|10.79|10.76|10.99|10.63|18.17|10.76|21811433|239969024.00|1|0.0000|0.0000|0.0000|0|10.76
齐翔腾达|002408|0.23|26349519|114601792.00|-0.46|2.06|-2.52|4.37|4.34|4.45|4.25|26.35|4.36|25926667|115041976.00|1|0.0000|0.0000|0.0000|0|4.36
雅克科技|002409|-4.41|14480453|748326656.00|-0.74|1.30|-7.10|51.55|53.53|54.63|50.10|14.48|53.93|8181072|450815840.00|1|0.0000|0.0000|0.0000|0|53.93
广联达|002410|4.52|44014652|608486016.00|2.49|6.33|2.26|13.86|13.59|14.10|13.56|44.01|13.26|48626740|669591232.00|1|0.0000|0.0000|0.0000|0|13.26
汉森制药|002412|-1.40|13916983|78587040.00|-0.17|1.40|-3.32|5.64|5.71|5.80|5.53|13.92|5.72|14245030|83469352.00|1|0.0000|0.0000|0.0000|0|5.72
雷科防务|002413|-1.24|32735513|130381104.00|-1.24|1.49|-3.22|3.99|3.99|4.10|3.91|32.74|4.04|32701100|133690464.00|1|0.0000|0.0000|0.0000|0|4.04
高德红外|002414|-1.41|47058523|328593856.00|-1.41|1.55|-3.38|7.00|7.00|7.21|6.86|47.06|7.10|48746991|354711616.00|1|0.0000|0.0000|0.0000|0|7.10
海康威视|002415|0.72|57401842|1607649792.00|0.22|2.76|-1.29|28.09|27.95|28.66|27.53|57.40|27.89|74091233|2080174848.00|1|0.0000|0.0000|0.0000|0|27.89
爱施德|002416|-4.57|35637141|392031552.00|-2.46|1.05|-6.76|10.87|11.11|11.51|10.62|35.64|11.39|20770700|239441536.00|1|0.0000|0.0000|0.0000|0|11.39
康盛股份|002418|-5.65|64068415|170169328.00|-7.42|-1.77|-9.89|2.67|2.62|2.78|2.55|64.07|2.83|27878000|79497488.00|1|0.0000|0.0000|0.0000|0|2.83
天虹股份|002419|5.91|27304454|129408024.00|-0.22|6.13|-0.88|4.84|4.56|4.85|4.53|27.30|4.57|21144400|99816368.00|1|0.0000|0.0000|0.0000|0|4.57
毅昌科技|002420|-8.53|33449500|173368480.00|-4.80|-2.13|-9.95|5.15|5.36|5.51|5.07|33.45|5.63|11528100|65289492.00|1|0.0000|0.0000|0.0000|0|5.63
达实智能|002421|-1.84|72424835|230917520.00|-3.07|0.92|-4.60|3.20|3.16|3.29|3.11|72.42|3.26|54677400|180974832.00|1|0.0000|0.0000|0.0000|0|3.26
科伦药业|002422|-0.35|30450545|1037093888.00|0.09|0.67|-3.52|34.29|34.44|34.64|33.20|30.45|34.41|40905127|1411412224.00|1|0.0000|0.0000|0.0000|0|34.41
中粮资本|002423|4.38|71383292|817489664.00|-1.84|7.80|-5.70|11.91|11.20|12.30|10.76|71.38|11.41|35366700|408645664.00|1|0.0000|0.0000|0.0000|0|11.41
ST百灵|002424|-4.70|44848493|173103584.00|-4.70|-2.48|-4.95|3.85|3.85|3.94|3.84|44.85|4.04|14007600|56646760.00|1|0.0000|0.0000|0.0000|0|4.04
凯撒文化|002425|-4.37|30153600|59320580.00|-4.85|-2.43|-4.85|1.97|1.96|2.01|1.96|30.15|2.06|7964300|16453621.00|1|0.0000|0.0000|0.0000|0|2.06
胜利精密|002426|-8.06|244293744|614755136.00|-8.06|-2.56|-9.89|2.51|2.51|2.66|2.46|244.29|2.73|72618500|199921632.00|1|0.0000|0.0000|0.0000|0|2.73
尤夫股份|002427|3.46|132959129|683449024.00|4.28|9.98|0.20|5.08|5.12|5.40|4.92|132.96|4.91|101858533|494711360.00|1|0.0000|0.0000|0.0000|0|4.91
云南锗业|002428|2.15|43785479|810880768.00|-1.34|5.10|-5.64|19.03|18.38|19.58|17.58|43.79|18.63|28762515|548158656.00|1|0.0000|0.0000|0.0000|0|18.63
兆驰股份|002429|-6.70|115695082|503515360.00|-1.73|-1.51|-8.64|4.32|4.55|4.56|4.23|115.70|4.63|56806800|264921792.00|1|0.0000|0.0000|0.0000|0|4.63
杭氧股份|002430|1.76|9669648|178340688.00|0.00|3.74|-0.16|18.52|18.20|18.88|18.17|9.67|18.20|11345232|210541072.00|1|0.0000|0.0000|0.0000|0|18.20
棕榈股份|002431|3.83|20618486|38711292.00|-1.09|4.92|-1.09|1.90|1.81|1.92|1.81|20.62|1.83|33422800|63108928.00|1|0.0000|0.0000|0.0000|0|1.83
九安医疗|002432|-1.63|10807398|401396320.00|1.31|1.66|-2.28|36.75|37.85|37.98|36.51|10.81|37.36|11642916|442234560.00|1|0.0000|0.0000|0.0000|0|37.36
万里扬|002434|-9.89|51748400|332870080.00|-0.86|-0.72|-10.03|6.29|6.92|6.93|6.28|51.75|6.98|11561400|81392272.00|1|0.0000|0.0000|0.0000|0|6.98
兴森科技|002436|-5.68|82785400|841271680.00|-2.23|-0.28|-8.75|10.13|10.50|10.71|9.80|82.79|10.74|41911500|453768160.00|1|0.0000|0.0000|0.0000|0|10.74
誉衡药业|002437|-1.26|131480549|309382592.00|-0.42|1.26|-3.77|2.36|2.38|2.42|2.30|131.48|2.39|147423800|365340768.00|1|0.0000|0.0000|0.0000|0|2.39
江苏神通|002438|-4.47|18673935|188766288.00|-2.00|-0.57|-5.80|10.04|10.30|10.45|9.90|18.67|10.51|14483600|154010512.00|1|0.0000|0.0000|0.0000|0|10.51
启明星辰|002439|-0.61|26428808|384522816.00|0.00|1.77|-3.06|14.61|14.70|14.96|14.25|26.43|14.70|22373263|334688096.00|1|0.0000|0.0000|0.0000|0|14.70
闰土股份|002440|-2.07|12899949|79401296.00|-2.39|0.16|-3.67|6.14|6.12|6.28|6.04|12.90|6.27|10499250|66949200.00|1|0.0000|0.0000|0.0000|0|6.27
众业达|002441|-4.14|15833303|117381360.00|-1.94|-0.26|-6.86|7.41|7.58|7.71|7.20|15.83|7.73|11840400|92471096.00|1|0.0000|0.0000|0.0000|0|7.73
龙星科技|002442|0.71|36969983|195635424.00|-2.83|1.41|-10.07|5.70|5.50|5.74|5.09|36.97|5.66|11823700|67317968.00|1|0.0000|0.0000|0.0000|0|5.66
金洲管道|002443|0.73|12265091|68439360.00|-0.18|3.83|-0.18|5.53|5.48|5.70|5.48|12.27|5.49|14280711|80177960.00|1|0.0000|0.0000|0.0000|0|5.49
巨星科技|002444|-9.99|31838787|706327424.00|-9.99|-8.33|-9.99|22.16|22.16|22.57|22.16|31.84|24.62|4156700|102337952.00|1|0.0000|0.0000|0.0000|0|24.62
中南文化|002445|-0.47|49940338|105632464.00|-1.87|0.93|-3.27|2.13|2.10|2.16|2.07|49.94|2.14|56133240|122764704.00|1|0.0000|0.0000|0.0000|0|2.14
盛路通信|002446|-1.25|34099502|188354112.00|-1.96|1.25|-3.74|5.55|5.51|5.69|5.41|34.10|5.62|28163655|160729824.00|1|0.0000|0.0000|0.0000|0|5.62
中原内配|002448|-8.94|42705265|279118976.00|-3.40|-0.85|-9.93|6.42|6.81|6.99|6.35|42.71|7.05|12163800|86334824.00|1|0.0000|0.0000|0.0000|0|7.05
国星光电|002449|-6.77|38597940|299481184.00|-3.14|-1.57|-9.31|7.71|8.01|8.14|7.50|38.60|8.27|13825930|115396736.00|1|0.0000|0.0000|0.0000|0|8.27
摩恩电气|002451|-6.60|21133835|120608304.00|-2.48|-0.83|-9.24|5.66|5.91|6.01|5.50|21.13|6.06|9345500|57136944.00|1|0.0000|0.0000|0.0000|0|6.06
长高电新|002452|-2.29|22737365|154818992.00|0.00|0.72|-4.87|6.82|6.98|7.03|6.64|22.74|6.98|24879702|178066480.00|1|0.0000|0.0000|0.0000|0|6.98
华软科技|002453|-4.65|30574508|144271152.00|-0.81|0.00|-8.08|4.72|4.91|4.95|4.55|30.57|4.95|25218100|129393224.00|1|0.0000|0.0000|0.0000|0|4.95
松芝股份|002454|-7.62|22292345|128817200.00|-2.59|-1.78|-9.24|5.70|6.01|6.06|5.60|22.29|6.17|10436200|64852400.00|1|0.0000|0.0000|0.0000|0|6.17
百川股份|002455|-5.95|32964962|226306320.00|-3.04|0.55|-9.41|6.80|7.01|7.27|6.55|32.96|7.23|14690200|107111576.00|1|0.0000|0.0000|0.0000|0|7.23
欧菲光|002456|-1.37|78290133|952365568.00|-0.97|-0.40|-2.98|12.23|12.28|12.35|12.03|78.29|12.40|59235400|739257664.00|0|0.0000|0.0000|0.0000|0|12.40
青龙管业|002457|4.79|25598100|285895776.00|-3.23|9.68|-3.41|11.37|10.50|11.90|10.48|25.60|10.85|14112900|155066384.00|1|0.0000|0.0000|0.0000|0|10.85
益生股份|002458|10.00|68183841|678552960.00|-1.06|10.00|-1.06|10.34|9.30|10.34|9.30|68.18|9.40|55582899|539536320.00|1|0.0000|0.0000|0.0000|0|9.40
晶澳科技|002459|-0.60|58655436|578337600.00|-1.29|0.50|-3.68|9.99|9.92|10.10|9.68|58.66|10.05|41295460|419132000.00|1|0.0000|0.0000|0.0000|0|10.05
赣锋锂业|002460|-2.74|28689650|848563328.00|-2.60|0.82|-4.75|29.50|29.54|30.58|28.89|28.69|30.33|25912136|796296832.00|1|0.0000|0.0000|0.0000|0|30.33
珠江啤酒|002461|3.19|14205520|141645088.00|-0.72|4.01|-0.72|10.04|9.66|10.12|9.66|14.21|9.73|16976839|168890176.00|1|0.0000|0.0000|0.0000|0|9.73
嘉事堂|002462|1.03|5109850|60392196.00|0.34|2.48|-0.77|11.82|11.74|11.99|11.61|5.11|11.70|6699800|80276496.00|1|0.0000|0.0000|0.0000|0|11.70
沪电股份|002463|-10.00|76842298|1951845504.00|-6.28|-2.20|-10.00|24.94|25.97|27.10|24.94|76.84|27.71|21396870|592992512.00|1|0.0000|0.0000|0.0000|0|27.71
海格通信|002465|-2.76|46965437|463746912.00|-0.49|0.49|-4.44|9.86|10.09|10.19|9.69|46.97|10.14|36762542|380003008.00|1|0.0000|0.0000|0.0000|0|10.14
天齐锂业|002466|-0.59|21686997|585675904.00|-1.40|1.73|-2.42|27.07|26.85|27.70|26.57|21.69|27.23|24040535|664144128.00|1|0.0000|0.0000|0.0000|0|27.23
二六三|002467|-5.98|80011833|378231520.00|-5.58|-0.80|-8.96|4.72|4.74|4.98|4.57|80.01|5.02|30976900|156943552.00|1|0.0000|0.0000|0.0000|0|5.02
申通快递|002468|0.83|25915155|280145088.00|-0.19|2.13|-1.67|10.89|10.78|11.03|10.62|25.92|10.80|21969600|242882352.00|1|0.0000|0.0000|0.0000|0|10.80
三维化学|002469|1.94|36566128|287465792.00|0.00|3.61|-1.03|7.90|7.75|8.03|7.67|36.57|7.75|46173571|363739168.00|1|0.0000|0.0000|0.0000|0|7.75
金正大|002470|3.75|93556010|153129968.00|-1.25|3.75|-1.25|1.66|1.58|1.66|1.58|93.56|1.60|76197189|124901112.00|1|0.0000|0.0000|0.0000|0|1.60
中超控股|002471|-4.66|238487477|734316544.00|0.00|2.17|-9.94|3.07|3.22|3.29|2.90|238.49|3.22|331882724|1068432128.00|1|0.0000|0.0000|0.0000|0|3.22
双环传动|002472|-8.00|39355949|1104072448.00|-3.11|-1.12|-9.92|27.82|29.30|29.90|27.24|39.36|30.24|10756116|327372320.00|1|0.0000|0.0000|0.0000|0|30.24
榕基软件|002474|-6.23|35450759|197948800.00|-3.87|0.84|-9.93|5.57|5.71|5.99|5.35|35.45|5.94|14291700|85663448.00|1|0.0000|0.0000|0.0000|0|5.94
立讯精密|002475|-9.03|282376468|8156305920.00|-8.44|-5.90|-10.01|29.00|29.19|30.00|28.69|282.38|31.88|45487000|1450125568.00|1|0.0000|0.0000|0.0000|0|31.88
宝莫股份|002476|-4.93|25814200|100993240.00|-0.99|0.00|-6.40|3.86|4.02|4.06|3.80|25.81|4.06|14699919|60342608.00|1|0.0000|0.0000|0.0000|0|4.06
常宝股份|002478|0.00|28505968|150208976.00|0.00|2.67|-1.33|5.25|5.25|5.39|5.18|28.51|5.25|30960882|166625936.00|1|0.0000|0.0000|0.0000|0|5.25
富春环保|002479|-1.75|23451300|105374112.00|0.00|1.32|-3.29|4.48|4.56|4.62|4.41|23.45|4.56|20032300|93252040.00|1|0.0000|0.0000|0.0000|0|4.56
新筑股份|002480|-2.22|18878800|92706368.00|1.21|2.83|-4.44|4.84|5.01|5.09|4.73|18.88|4.95|27649568|141431792.00|1|0.0000|0.0000|0.0000|0|4.95
双塔食品|002481|7.19|47795469|236907536.00|0.21|7.19|0.21|5.07|4.74|5.07|4.74|47.80|4.73|53297123|264149632.00|1|0.0000|0.0000|0.0000|0|4.73
广田集团|002482|-0.60|37199071|61428724.00|-2.99|0.60|-3.59|1.66|1.62|1.68|1.61|37.20|1.67|47046709|79900912.00|1|0.0000|0.0000|0.0000|0|1.67
润邦股份|002483|-7.89|50935438|288725952.00|-1.32|-0.33|-9.70|5.60|6.00|6.06|5.49|50.94|6.08|20356500|124487000.00|1|0.0000|0.0000|0.0000|0|6.08
江海股份|002484|-7.47|46036178|753977856.00|-3.96|0.17|-10.02|16.35|16.97|17.70|15.90|46.04|17.67|10575008|187930416.00|1|0.0000|0.0000|0.0000|0|17.67
ST雪发|002485|-3.14|3353370|8302521.50|-4.31|-0.78|-4.71|2.47|2.44|2.53|2.43|3.35|2.55|2491500|6362571.00|1|0.0000|0.0000|0.0000|0|2.55
嘉麟杰|002486|-4.37|28393778|49989808.00|-4.37|-0.55|-6.56|1.75|1.75|1.82|1.71|28.39|1.83|16483800|30531172.00|1|0.0000|0.0000|0.0000|0|1.83
大金重工|002487|3.91|11933696|258446192.00|1.57|4.58|1.48|21.79|21.30|21.93|21.28|11.93|20.97|15273250|331480576.00|1|0.0000|0.0000|0.0000|0|20.97
金固股份|002488|0.36|20680050|230478960.00|0.18|2.84|-4.62|11.30|11.28|11.58|10.74|20.68|11.26|16484399|187215824.00|1|0.0000|0.0000|0.0000|0|11.26
浙江永强|002489|-8.67|104022521|307372608.00|-9.29|-4.64|-9.91|2.95|2.93|3.08|2.91|104.02|3.23|27080870|87640392.00|1|0.0000|0.0000|0.0000|0|3.23
山东墨龙|002490|-4.87|19168805|64061856.00|-4.87|-0.57|-4.87|3.32|3.32|3.47|3.32|19.17|3.49|4094300|14310136.00|1|0.0000|0.0000|0.0000|0|3.49
通鼎互联|002491|-5.88|32308549|125198848.00|-1.96|0.25|-8.82|3.84|4.00|4.09|3.72|32.31|4.08|15241650|62767480.00|1|0.0000|0.0000|0.0000|0|4.08
恒基达鑫|002492|-1.69|12333700|57690880.00|-0.63|1.48|-3.38|4.65|4.70|4.80|4.57|12.33|4.73|9166400|44132728.00|1|0.0000|0.0000|0.0000|0|4.73
荣盛石化|002493|3.24|47695373|376517024.00|0.26|3.76|-0.13|7.97|7.74|8.01|7.71|47.70|7.72|51579891|408162400.00|1|0.0000|0.0000|0.0000|0|7.72
华斯股份|002494|-4.19|16643400|61101652.00|-3.93|-0.52|-6.54|3.66|3.67|3.80|3.57|16.64|3.82|8745100|33725444.00|1|0.0000|0.0000|0.0000|0|3.82
佳隆股份|002495|3.20|54942265|121717520.00|-3.65|5.48|-5.94|2.26|2.11|2.31|2.06|54.94|2.19|36904500|82160864.00|1|0.0000|0.0000|0.0000|0|2.19
*ST辉丰|002496|0.79|38607580|48646484.00|-3.94|1.57|-3.94|1.28|1.22|1.29|1.22|38.61|1.27|42634980|54836724.00|1|0.0000|0.0000|0.0000|0|1.27
雅化集团|002497|-1.58|26669743|280906720.00|-0.37|1.39|-4.28|10.59|10.72|10.91|10.30|26.67|10.76|22541459|247140960.00|1|0.0000|0.0000|0.0000|0|10.76
汉缆股份|002498|-0.92|56690400|181629312.00|-1.54|1.23|-4.00|3.22|3.20|3.29|3.12|56.69|3.25|49940800|164692320.00|1|0.0000|0.0000|0.0000|0|3.25
山西证券|002500|0.18|37409491|204256672.00|0.73|1.47|-0.92|5.47|5.50|5.54|5.41|37.41|5.46|50202730|280456672.00|1|0.0000|0.0000|0.0000|0|5.46
利源股份|002501|-4.69|155162100|280701472.00|-8.33|-2.08|-8.85|1.83|1.76|1.88|1.75|155.16|1.92|55569400|107863056.00|1|0.0000|0.0000|0.0000|0|1.92
协鑫集成|002506|-0.93|103812983|221262288.00|-3.24|1.39|-3.24|2.14|2.09|2.19|2.09|103.81|2.16|92051000|201815040.00|1|0.0000|0.0000|0.0000|0|2.16
涪陵榨菜|002507|4.44|26050833|338963936.00|0.87|4.75|0.71|13.18|12.73|13.22|12.71|26.05|12.62|32979426|422759360.00|1|0.0000|0.0000|0.0000|0|12.62
老板电器|002508|3.28|10173552|220100032.00|0.00|3.94|-0.84|22.04|21.34|22.18|21.16|10.17|21.34|10068243|214663248.00|1|0.0000|0.0000|0.0000|0|21.34
天汽模|002510|-4.04|34404527|165045776.00|-4.85|0.81|-5.05|4.75|4.71|4.99|4.70|34.40|4.95|34769022|174945584.00|1|0.0000|0.0000|0.0000|0|4.95
中顺洁柔|002511|5.79|21439273|135377472.00|0.99|5.95|0.83|6.40|6.11|6.41|6.10|21.44|6.05|24158639|150988416.00|1|0.0000|0.0000|0.0000|0|6.05
达华智能|002512|-4.69|56008979|226200512.00|-4.46|-0.47|-8.69|4.06|4.07|4.24|3.89|56.01|4.26|29267100|125558624.00|1|0.0000|0.0000|0.0000|0|4.26
蓝丰生化|002513|-1.04|9238913|34865648.00|-3.90|1.30|-4.42|3.81|3.70|3.90|3.68|9.24|3.85|8049100|31292500.00|1|0.0000|0.0000|0.0000|0|3.85
宝馨科技|002514|-5.31|26174677|139048704.00|-8.85|-2.12|-8.85|5.35|5.15|5.53|5.15|26.17|5.65|8474600|48258328.00|1|0.0000|0.0000|0.0000|0|5.65
金字火腿|002515|0.99|44293069|222499072.00|-1.19|0.99|-3.16|5.11|5.00|5.11|4.90|44.29|5.06|46090497|237620480.00|1|0.0000|0.0000|0.0000|0|5.06
旷达科技|002516|-7.21|36383252|156477232.00|-2.62|-0.87|-8.73|4.25|4.46|4.54|4.18|36.38|4.58|19566200|90536152.00|1|0.0000|0.0000|0.0000|0|4.58
恺英网络|002517|1.55|38037049|569374848.00|0.47|3.51|-1.35|15.04|14.88|15.33|14.61|38.04|14.81|46238688|707336832.00|1|0.0000|0.0000|0.0000|0|14.81
科士达|002518|-4.80|18872188|400322720.00|-3.50|0.40|-7.72|21.20|21.49|22.36|20.55|18.87|22.27|11285455|254825536.00|1|0.0000|0.0000|0.0000|0|22.27
银河电子|002519|-4.77|47371344|199524992.00|-0.91|0.45|-7.95|4.19|4.36|4.42|4.05|47.37|4.40|34752900|154966752.00|1|0.0000|0.0000|0.0000|0|4.40
日发精机|002520|-8.04|72795643|384419648.00|-9.27|-2.27|-9.97|5.26|5.19|5.59|5.15|72.80|5.72|19823800|113889008.00|1|0.0000|0.0000|0.0000|0|5.72
齐峰新材|002521|-1.61|8367820|71240632.00|0.00|1.84|-5.18|8.54|8.68|8.84|8.23|8.37|8.68|9327925|83063728.00|1|0.0000|0.0000|0.0000|0|8.68
浙江众成|002522|-7.29|57763300|228853040.00|-4.47|-1.18|-9.65|3.94|4.06|4.20|3.84|57.76|4.25|20229200|86737176.00|1|0.0000|0.0000|0.0000|0|4.25
天桥起重|002523|-4.06|57154905|176281200.00|-3.75|0.94|-6.56|3.07|3.08|3.23|2.99|57.15|3.20|33480100|107630968.00|1|0.0000|0.0000|0.0000|0|3.20
光正眼科|002524|-3.81|15261600|53958512.00|-4.63|0.00|-6.54|3.53|3.50|3.67|3.43|15.26|3.67|10367100|38472708.00|1|0.0000|0.0000|0.0000|0|3.67
山东矿机|002526|-5.40|109994827|366327680.00|-5.97|-0.28|-9.38|3.33|3.31|3.51|3.19|109.99|3.52|43754800|155179488.00|1|0.0000|0.0000|0.0000|0|3.52
新时达|002527|-4.55|41653034|490001152.00|-0.57|0.57|-8.13|11.74|12.23|12.37|11.30|41.65|12.30|26685000|330533248.00|1|0.0000|0.0000|0.0000|0|12.30
ST英飞拓|002528|-4.87|13283607|28599272.00|-4.87|-2.65|-4.87|2.15|2.15|2.20|2.15|13.28|2.26|3050900|6899091.00|1|0.0000|0.0000|0.0000|0|2.26
*ST海源|002529|-6.46|21649101|121292696.00|-7.62|0.00|-9.93|5.65|5.58|6.04|5.44|21.65|6.04|5392865|32680650.00|1|0.0000|0.0000|0.0000|0|6.04
金财互联|002530|-5.65|46686640|389437312.00|-3.84|-0.23|-9.27|8.35|8.51|8.83|8.03|46.69|8.85|17630800|157415360.00|1|0.0000|0.0000|0.0000|0|8.85
天顺风能|002531|0.30|23989116|159000224.00|0.00|1.96|-2.57|6.64|6.62|6.75|6.45|23.99|6.62|28663906|193321376.00|1|0.0000|0.0000|0.0000|0|6.62
天山铝业|002532|-7.43|151926255|1074166272.00|-0.91|-0.13|-9.78|7.10|7.60|7.66|6.92|151.93|7.67|50961000|391792608.00|1|0.0000|0.0000|0.0000|0|7.67
金杯电工|002533|-5.43|37497700|335142560.00|-1.70|0.11|-7.99|8.88|9.23|9.40|8.64|37.50|9.39|19020400|180845008.00|1|0.0000|0.0000|0.0000|0|9.39
西子洁能|002534|-5.67|16488735|177579952.00|0.53|0.89|-8.06|10.65|11.35|11.39|10.38|16.49|11.29|7877431|89876416.00|1|0.0000|0.0000|0.0000|0|11.29
林州重机|002535|-8.93|86142624|359700224.00|-3.79|-0.89|-10.04|4.08|4.31|4.44|4.03|86.14|4.48|59356367|271701856.00|1|0.0000|0.0000|0.0000|0|4.48
飞龙股份|002536|-10.01|25383000|304188032.00|-4.51|-1.83|-10.01|11.78|12.50|12.85|11.78|25.38|13.09|7488700|98596808.00|1|0.0000|0.0000|0.0000|0|13.09
海联金汇|002537|-0.96|27976000|144092400.00|-1.53|0.96|-3.63|5.18|5.15|5.28|5.04|27.98|5.23|21243400|113014288.00|1|0.0000|0.0000|0.0000|0|5.23
司尔特|002538|3.66|26854502|150290336.00|-0.37|4.94|-0.91|5.67|5.45|5.74|5.42|26.85|5.47|27026800|151322608.00|1|0.0000|0.0000|0.0000|0|5.47
云图控股|002539|5.20|25384920|188681200.00|1.12|6.18|1.12|7.49|7.20|7.56|7.20|25.38|7.12|26369360|192949888.00|1|0.0000|0.0000|0.0000|0|7.12
亚太科技|002540|0.87|20287950|117409752.00|-0.35|2.43|-1.91|5.80|5.73|5.89|5.64|20.29|5.75|19884800|116183752.00|1|0.0000|0.0000|0.0000|0|5.75
鸿路钢构|002541|7.41|16740742|326954496.00|-1.45|7.41|-1.72|20.00|18.35|20.00|18.30|16.74|18.62|14530425|285926240.00|1|0.0000|0.0000|0.0000|0|18.62
中化岩土|002542|-5.56|63326652|182152304.00|-8.17|-1.96|-8.17|2.89|2.81|3.00|2.81|63.33|3.06|29479739|91097952.00|1|0.0000|0.0000|0.0000|0|3.06
万和电气|002543|-3.80|13787960|127037200.00|-2.47|-0.82|-8.02|9.36|9.49|9.65|8.95|13.79|9.73|6868555|67258240.00|1|0.0000|0.0000|0.0000|0|9.73
普天科技|002544|0.41|14384659|281079136.00|0.00|2.35|-2.71|19.66|19.58|20.04|19.05|14.38|19.58|11692877|233885776.00|1|0.0000|0.0000|0.0000|0|19.58
东方铁塔|002545|1.60|22188256|155226800.00|1.31|3.64|0.29|6.97|6.95|7.11|6.88|22.19|6.86|23060115|162711584.00|1|0.0000|0.0000|0.0000|0|6.86
新联电子|002546|-6.02|38748029|159333232.00|-1.62|-0.23|-8.10|4.06|4.25|4.31|3.97|38.75|4.32|16251900|70891816.00|1|0.0000|0.0000|0.0000|0|4.32
春兴精工|002547|-6.92|57398968|209944704.00|-9.74|-1.03|-9.74|3.63|3.52|3.86|3.52|57.40|3.90|24027300|94189040.00|1|0.0000|0.0000|0.0000|0|3.90
金新农|002548|9.92|117968021|480046080.00|-0.78|9.92|-0.78|4.21|3.80|4.21|3.80|117.97|3.83|81801233|324248416.00|1|0.0000|0.0000|0.0000|0|3.83
凯美特气|002549|9.98|219043030|2499732736.00|-2.88|9.98|-5.58|12.23|10.80|12.23|10.50|219.04|11.12|223477830|2346086400.00|1|0.0000|0.0000|0.0000|0|11.12
千红制药|002550|1.25|34057706|194300448.00|0.36|3.92|-0.53|5.68|5.63|5.83|5.58|34.06|5.61|43995559|254053120.00|1|0.0000|0.0000|0.0000|0|5.61
尚荣医疗|002551|-8.04|57424725|164435824.00|-5.79|-3.22|-9.97|2.86|2.93|3.01|2.80|57.42|3.11|21104952|66582932.00|1|0.0000|0.0000|0.0000|0|3.11
宝鼎科技|002552|-6.53|9924200|120663648.00|-4.53|-1.92|-8.84|12.16|12.42|12.76|11.86|9.92|13.01|5138300|67083584.00|1|0.0000|0.0000|0.0000|0|13.01
南方精工|002553|-6.84|68165307|1083895808.00|-7.49|-3.10|-9.94|15.93|15.82|16.57|15.40|68.17|17.10|14701600|252273344.00|1|0.0000|0.0000|0.0000|0|17.10
惠博普|002554|-2.18|42168721|94784928.00|-0.44|0.87|-3.93|2.24|2.28|2.31|2.20|42.17|2.29|38657800|89827424.00|1|0.0000|0.0000|0.0000|0|2.29
三七互娱|002555|1.41|36989000|506353728.00|1.48|3.56|-0.15|13.69|13.70|13.98|13.48|36.99|13.50|57863293|798958848.00|1|0.0000|0.0000|0.0000|0|13.50
辉隆股份|002556|9.96|29362800|154559552.00|1.83|9.96|1.63|5.41|5.01|5.41|5.00|29.36|4.92|31841255|163287424.00|1|0.0000|0.0000|0.0000|0|4.92
洽洽食品|002557|5.60|11485249|290176544.00|0.70|6.22|0.70|25.65|24.46|25.80|24.46|11.49|24.29|12444838|311393376.00|1|0.0000|0.0000|0.0000|0|24.29
巨人网络|002558|-2.15|35397733|438789504.00|-0.48|1.59|-3.90|12.30|12.51|12.77|12.08|35.40|12.57|38679357|496124672.00|1|0.0000|0.0000|0.0000|0|12.57
亚威股份|002559|-6.53|49514950|417198848.00|-2.59|-0.68|-8.78|8.30|8.65|8.82|8.10|49.51|8.88|27290500|243979936.00|1|0.0000|0.0000|0.0000|0|8.88
通达股份|002560|-4.84|25187100|138839328.00|-2.08|0.17|-7.79|5.50|5.66|5.79|5.33|25.19|5.78|15912871|92889048.00|1|0.0000|0.0000|0.0000|0|5.78
徐家汇|002561|5.71|15682126|120244816.00|0.14|6.26|0.14|7.77|7.36|7.81|7.36|15.68|7.35|19242202|145669360.00|1|0.0000|0.0000|0.0000|0|7.35
兄弟科技|002562|-1.90|36841496|131332568.00|-0.27|0.27|-6.23|3.62|3.68|3.70|3.46|36.84|3.69|20168400|75485456.00|1|0.0000|0.0000|0.0000|0|3.69
森马服饰|002563|3.05|30414799|216864592.00|1.31|6.24|1.31|7.10|6.98|7.32|6.98|30.41|6.89|26551200|185278496.00|1|0.0000|0.0000|0.0000|0|6.89
天沃科技|002564|-4.88|12418100|46004880.00|-4.88|-3.34|-4.88|3.70|3.70|3.76|3.70|12.42|3.89|5983300|23300224.00|1|0.0000|0.0000|0.0000|0|3.89
顺灏股份|002565|-2.99|55621457|163430464.00|-0.66|1.00|-4.98|2.92|2.99|3.04|2.86|55.62|3.01|65944100|201225376.00|1|0.0000|0.0000|0.0000|0|3.01
益盛药业|002566|0.15|5764716|37963368.00|0.00|2.28|-3.04|6.59|6.58|6.73|6.38|5.76|6.58|6982200|47082724.00|1|0.0000|0.0000|0.0000|0|6.58
唐人神|002567|10.02|206150771|1055425408.00|0.42|10.02|0.42|5.27|4.81|5.27|4.81|206.15|4.79|139126754|692007552.00|1|0.0000|0.0000|0.0000|0|4.79
百润股份|002568|7.03|15059259|380549152.00|1.12|8.41|1.12|25.72|24.30|26.05|24.30|15.06|24.03|14042713|343098048.00|1|0.0000|0.0000|0.0000|0|24.03
*ST步森|002569|-5.04|2555500|16882904.00|-5.04|-2.59|-5.04|6.60|6.60|6.77|6.60|2.56|6.95|570200|3962890.00|1|0.0000|0.0000|0.0000|0|6.95
贝因美|002570|9.92|128732559|658761408.00|1.48|9.92|1.48|5.21|4.81|5.21|4.81|128.73|4.74|204783546|985824384.00|1|0.0000|0.0000|0.0000|0|4.74
德力股份|002571|7.26|23061801|143109504.00|-0.17|8.58|-0.50|6.50|6.05|6.58|6.03|23.06|6.06|23290088|144189888.00|1|0.0000|0.0000|0.0000|0|6.06
索菲亚|002572|3.89|14820830|231968080.00|0.79|4.94|0.79|15.77|15.30|15.93|15.30|14.82|15.18|18575179|287991520.00|1|0.0000|0.0000|0.0000|0|15.18
清新环境|002573|-0.85|13423464|46745636.00|-0.57|0.57|-3.12|3.49|3.50|3.54|3.41|13.42|3.52|15237204|54759196.00|1|0.0000|0.0000|0.0000|0|3.52
明牌珠宝|002574|-7.76|67387941|366518112.00|-9.78|-3.88|-9.95|5.47|5.35|5.70|5.34|67.39|5.93|8920300|52910608.00|1|0.0000|0.0000|0.0000|0|5.93
群兴玩具|002575|3.18|36868000|309446112.00|1.22|5.87|-0.49|8.44|8.28|8.66|8.14|36.87|8.18|32867200|272554848.00|1|0.0000|0.0000|0.0000|0|8.18
通达动力|002576|-8.32|12258179|152831424.00|-4.98|-1.49|-10.03|12.34|12.79|13.26|12.11|12.26|13.46|3734400|50658328.00|1|0.0000|0.0000|0.0000|0|13.46
雷柏科技|002577|-9.98|10610821|189491808.00|-9.98|-0.46|-9.98|17.50|17.50|19.35|17.50|10.61|19.44|2548900|50124808.00|1|0.0000|0.0000|0.0000|0|19.44
闽发铝业|002578|-9.52|68205800|184606016.00|-4.08|0.34|-9.86|2.66|2.82|2.95|2.65|68.21|2.94|21131500|62830208.00|1|0.0000|0.0000|0.0000|0|2.94
中京电子|002579|-8.94|34750299|229484800.00|-2.79|-1.54|-10.06|6.52|6.96|7.05|6.44|34.75|7.16|10061800|72636744.00|1|0.0000|0.0000|0.0000|0|7.16
圣阳股份|002580|-8.23|54109636|583955776.00|-1.54|-0.94|-10.03|10.70|11.48|11.55|10.49|54.11|11.66|17458600|204304592.00|1|0.0000|0.0000|0.0000|0|11.66
ST未名|002581|0.36|9779249|80890472.00|-0.12|3.02|-2.06|8.30|8.26|8.52|8.10|9.78|8.27|8125846|68085224.00|1|0.0000|0.0000|0.0000|0|8.27
好想你|002582|7.36|76732261|739252416.00|-2.27|8.01|-3.68|9.92|9.03|9.98|8.90|76.73|9.24|53343900|510231424.00|1|0.0000|0.0000|0.0000|0|9.24
海能达|002583|-6.27|89467839|865284736.00|-7.71|-2.60|-9.74|9.72|9.57|10.10|9.36|89.47|10.37|25068200|263338112.00|1|0.0000|0.0000|0.0000|0|10.37
西陇科学|002584|6.17|86491850|703845120.00|2.83|9.25|1.93|8.26|8.00|8.50|7.93|86.49|7.78|93872426|759779520.00|1|0.0000|0.0000|0.0000|0|7.78
双星新材|002585|-3.49|27472004|122028952.00|-0.22|0.65|-5.23|4.43|4.58|4.62|4.35|27.47|4.59|20576944|95977520.00|1|0.0000|0.0000|0.0000|0|4.59
ST围海|002586|-5.09|10120100|26845174.00|-4.73|-0.36|-5.09|2.61|2.62|2.74|2.61|10.12|2.75|12684639|35133784.00|1|0.0000|0.0000|0.0000|0|2.75
奥拓电子|002587|-6.08|23481001|116561424.00|-5.13|-1.33|-9.70|4.94|4.99|5.19|4.75|23.48|5.26|13411600|71411872.00|1|0.0000|0.0000|0.0000|0|5.26
史丹利|002588|9.94|41627278|310530112.00|1.44|9.94|1.44|7.63|7.04|7.63|7.04|41.63|6.94|40708288|293940608.00|1|0.0000|0.0000|0.0000|0|6.94
瑞康医药|002589|-2.82|57540140|159316080.00|-4.58|0.35|-4.58|2.76|2.71|2.85|2.71|57.54|2.84|57391600|167442320.00|1|0.0000|0.0000|0.0000|0|2.84
万安科技|002590|-8.11|22808112|246478144.00|-5.03|-1.88|-9.98|10.77|11.13|11.50|10.55|22.81|11.72|5422755|64152764.00|1|0.0000|0.0000|0.0000|0|11.72
恒大高新|002591|-4.99|15879700|70351376.00|-3.47|1.30|-7.16|4.38|4.45|4.67|4.28|15.88|4.61|9006400|41957352.00|1|0.0000|0.0000|0.0000|0|4.61
ST八菱|002592|-5.03|6888300|31217766.00|-5.03|-4.19|-5.03|4.53|4.53|4.57|4.53|6.89|4.77|633000|3019410.00|1|0.0000|0.0000|0.0000|0|4.77
日上集团|002593|-7.91|48603950|192596192.00|-6.51|-1.63|-10.00|3.96|4.02|4.23|3.87|48.60|4.30|11683700|50836068.00|1|0.0000|0.0000|0.0000|0|4.30
比亚迪|002594|1.79|27464351|8924529664.00|0.00|4.39|-1.17|327.51|321.76|335.88|318.00|27.46|321.76|27349840|8911483904.00|1|0.0000|0.0000|0.0000|0|321.76
豪迈科技|002595|-0.02|6176806|322514624.00|1.58|3.08|-1.29|51.87|52.70|53.48|51.21|6.18|51.88|7874052|412726560.00|1|0.0000|0.0000|0.0000|0|51.88
海南瑞泽|002596|0.64|44950877|138806144.00|-3.85|1.92|-3.85|3.14|3.00|3.18|3.00|44.95|3.12|30460700|96050704.00|1|0.0000|0.0000|0.0000|0|3.12
金禾实业|002597|3.30|18370300|405593696.00|-0.45|3.75|-3.48|22.84|22.01|22.94|21.34|18.37|22.11|11110158|250704400.00|1|0.0000|0.0000|0.0000|0|22.11
山东章鼓|002598|-10.00|20682614|183827440.00|-6.19|-2.06|-10.00|8.73|9.10|9.50|8.73|20.68|9.70|7244700|70816672.00|1|0.0000|0.0000|0.0000|0|9.70
盛通股份|002599|-9.03|40002243|310148384.00|-7.24|-0.83|-9.98|7.66|7.81|8.35|7.58|40.00|8.42|7689500|65364936.00|1|0.0000|0.0000|0.0000|0|8.42
领益智造|002600|-10.00|199258305|1368582912.00|-9.87|-7.11|-10.00|6.84|6.85|7.06|6.84|199.26|7.60|38098500|289640096.00|1|0.0000|0.0000|0.0000|0|7.60
龙佰集团|002601|-0.97|24549676|401840032.00|0.18|1.82|-2.49|16.32|16.51|16.78|16.07|24.55|16.48|32704445|536708576.00|1|0.0000|0.0000|0.0000|0|16.48
世纪华通|002602|-4.97|99411360|609115840.00|-4.97|-3.11|-4.97|6.12|6.12|6.24|6.12|99.41|6.44|15653800|100810472.00|1|0.0000|0.0000|0.0000|0|6.44
以岭药业|002603|1.87|20000360|259308928.00|-0.16|2.02|-0.62|13.08|12.82|13.10|12.76|20.00|12.84|32732988|431528896.00|1|0.0000|0.0000|0.0000|0|12.84
姚记科技|002605|2.08|12719419|318646848.00|0.00|2.28|-5.59|25.95|25.42|26.00|24.00|12.72|25.42|9359345|243628720.00|1|0.0000|0.0000|0.0000|0|25.42
大连电瓷|002606|-5.86|22275270|177237168.00|-1.79|-0.12|-7.89|7.87|8.21|8.35|7.70|22.28|8.36|13876300|117904960.00|1|0.0000|0.0000|0.0000|0|8.36
中公教育|002607|0.34|234810873|674071616.00|-3.45|1.38|-3.45|2.91|2.80|2.94|2.80|234.81|2.90|222273280|654913088.00|1|0.0000|0.0000|0.0000|0|2.90
江苏国信|002608|1.70|29634098|209842304.00|0.14|1.85|-1.14|7.16|7.05|7.17|6.96|29.63|7.04|34179303|248475024.00|1|0.0000|0.0000|0.0000|0|7.04
捷顺科技|002609|-4.90|21297805|169399744.00|-1.79|-0.12|-7.66|7.95|8.21|8.35|7.72|21.30|8.36|9489100|80394344.00|1|0.0000|0.0000|0.0000|0|8.36
东方精工|002611|-6.96|94727594|914395392.00|-5.22|-0.87|-9.96|9.62|9.80|10.25|9.31|94.73|10.34|24939000|259262976.00|1|0.0000|0.0000|0.0000|0|10.34
朗姿股份|002612|0.07|13917403|201142800.00|-2.82|2.88|-3.64|14.57|14.15|14.98|14.03|13.92|14.56|10804920|161065120.00|1|0.0000|0.0000|0.0000|0|14.56
北玻股份|002613|-6.53|31711660|114800240.00|-1.04|0.00|-8.62|3.58|3.79|3.83|3.50|31.71|3.83|12104430|46944112.00|1|0.0000|0.0000|0.0000|0|3.83
奥佳华|002614|-8.29|33813589|200066208.00|-4.85|-3.13|-10.02|5.86|6.08|6.19|5.75|33.81|6.39|9896800|63529528.00|1|0.0000|0.0000|0.0000|0|6.39
哈尔斯|002615|-9.46|20274260|132611208.00|-2.26|-1.69|-10.03|6.41|6.92|6.96|6.37|20.27|7.08|6741750|47883032.00|1|0.0000|0.0000|0.0000|0|7.08
长青集团|002616|-3.54|16227670|83946120.00|-4.84|-1.30|-5.96|5.18|5.11|5.30|5.05|16.23|5.37|10577000|57531604.00|1|0.0000|0.0000|0.0000|0|5.37
露笑科技|002617|-3.23|80722373|535570656.00|-2.79|1.62|-5.73|6.59|6.62|6.92|6.42|80.72|6.81|56476900|389201280.00|1|0.0000|0.0000|0.0000|0|6.81
ST瑞和|002620|-6.02|17876400|56652656.00|-5.12|-0.60|-8.43|3.12|3.15|3.30|3.04|17.88|3.32|12771800|42751996.00|1|0.0000|0.0000|0.0000|0|3.32
皓宸医疗|002622|-4.00|25773000|62036176.00|-7.20|1.20|-7.20|2.40|2.32|2.53|2.32|25.77|2.50|18698900|47259960.00|1|0.0000|0.0000|0.0000|0|2.50
亚玛顿|002623|-2.85|3678860|47697092.00|-0.22|0.60|-4.87|12.97|13.32|13.43|12.70|3.68|13.35|2914400|39421528.00|1|0.0000|0.0000|0.0000|0|13.35
完美世界|002624|-0.56|33218604|349848320.00|-0.75|1.03|-3.19|10.61|10.59|10.78|10.33|33.22|10.67|29950800|327496544.00|1|0.0000|0.0000|0.0000|0|10.67
光启技术|002625|1.27|38487779|1317250304.00|0.44|4.11|-0.56|34.28|34.00|35.24|33.66|38.49|33.85|57382590|1991895936.00|1|0.0000|0.0000|0.0000|0|33.85
金达威|002626|-1.17|11968629|160385376.00|-0.88|1.10|-3.52|13.46|13.50|13.77|13.14|11.97|13.62|9381700|130529240.00|1|0.0000|0.0000|0.0000|0|13.62
三峡旅游|002627|4.13|26568194|133652136.00|1.03|5.58|1.03|5.04|4.89|5.11|4.89|26.57|4.84|26757206|133401504.00|1|0.0000|0.0000|0.0000|0|4.84
成都路桥|002628|-2.39|19022110|69389120.00|-5.84|-0.27|-5.84|3.68|3.55|3.76|3.55|19.02|3.77|22719602|87220712.00|1|0.0000|0.0000|0.0000|0|3.77
仁智股份|002629|0.92|26157367|141733056.00|0.00|2.96|-4.81|5.46|5.41|5.57|5.15|26.16|5.41|29626500|164549648.00|1|0.0000|0.0000|0.0000|0|5.41
ST华西|002630|-7.28|166405012|635705088.00|-6.55|-3.16|-9.95|3.82|3.85|3.99|3.71|166.41|4.12|35904596|149639248.00|1|0.0000|0.0000|0.0000|0|4.12
德尔未来|002631|5.32|117751999|593055488.00|-3.68|9.82|-3.89|5.15|4.71|5.37|4.70|117.75|4.89|117082931|572008384.00|1|0.0000|0.0000|0.0000|0|4.89
道明光学|002632|-6.15|21943162|165886256.00|-2.13|1.25|-8.91|7.48|7.80|8.07|7.26|21.94|7.97|9722700|78255432.00|1|0.0000|0.0000|0.0000|0|7.97
申科股份|002633|-6.74|8654944|82103792.00|-3.17|-1.19|-9.71|9.41|9.77|9.97|9.11|8.65|10.09|3864700|39283520.00|1|0.0000|0.0000|0.0000|0|10.09
棒杰股份|002634|-6.11|22292760|65340860.00|-5.14|-1.61|-8.68|2.92|2.95|3.06|2.84|22.29|3.11|7755600|24302248.00|1|0.0000|0.0000|0.0000|0|3.11
安洁科技|002635|-8.29|25828937|325725536.00|-0.37|0.30|-9.99|12.39|13.46|13.55|12.16|25.83|13.51|8627302|117947736.00|1|0.0000|0.0000|0.0000|0|13.51
金安国纪|002636|-8.83|21546859|153600912.00|-4.68|-0.26|-10.00|7.02|7.34|7.68|6.93|21.55|7.70|7494100|58149428.00|1|0.0000|0.0000|0.0000|0|7.70
赞宇科技|002637|-3.55|10074557|82374744.00|-0.12|1.06|-5.91|8.16|8.45|8.55|7.96|10.07|8.46|6664400|56678912.00|1|0.0000|0.0000|0.0000|0|8.46
勤上股份|002638|-5.70|36996050|68046584.00|-4.15|0.00|-8.81|1.82|1.85|1.93|1.76|37.00|1.93|23471450|45786164.00|1|0.0000|0.0000|0.0000|0|1.93
雪人集团|002639|-9.98|120915911|884844480.00|-9.73|-4.49|-9.98|7.22|7.24|7.66|7.22|120.92|8.02|36102000|289810816.00|1|0.0000|0.0000|0.0000|0|8.02
跨境通|002640|3.00|152820598|421159200.00|-0.75|5.99|-1.87|2.75|2.65|2.83|2.62|152.82|2.67|136054298|377249472.00|1|0.0000|0.0000|0.0000|0|2.67
公元股份|002641|0.00|16484574|66291448.00|0.00|1.99|-1.99|4.03|4.03|4.11|3.95|16.48|4.03|19083200|78096536.00|1|0.0000|0.0000|0.0000|0|4.03
荣联科技|002642|-4.01|47331065|315923584.00|-2.72|0.43|-8.44|6.71|6.80|7.02|6.40|47.33|6.99|23308754|164375040.00|1|0.0000|0.0000|0.0000|0|6.99
万润股份|002643|0.81|16911911|168289408.00|0.10|2.83|-0.91|9.97|9.90|10.17|9.80|16.91|9.89|17798169|178898496.00|1|0.0000|0.0000|0.0000|0|9.89
佛慈制药|002644|-0.82|5970100|43188888.00|0.00|2.05|-2.87|7.25|7.31|7.46|7.10|5.97|7.31|7638800|57439928.00|1|0.0000|0.0000|0.0000|0|7.31
华宏科技|002645|1.58|42256304|345261056.00|-6.43|6.31|-7.04|8.37|7.71|8.76|7.66|42.26|8.24|21797202|181745168.00|1|0.0000|0.0000|0.0000|0|8.24
天佑德酒|002646|2.73|8115891|69449016.00|0.00|3.21|-0.48|8.64|8.41|8.68|8.37|8.12|8.41|8818282|76289104.00|1|0.0000|0.0000|0.0000|0|8.41
*ST仁东|002647|-5.06|11337400|59616704.00|-5.06|-2.71|-5.06|5.25|5.25|5.38|5.25|11.34|5.53|4596700|25477808.00|1|0.0000|0.0000|0.0000|0|5.53
卫星化学|002648|-10.00|70892594|1253646208.00|-9.69|-7.55|-10.00|17.64|17.70|18.12|17.64|70.89|19.60|13345500|261571808.00|1|0.0000|0.0000|0.0000|0|19.60
博彦科技|002649|-6.68|32671400|364495936.00|-2.37|-0.51|-9.39|11.03|11.54|11.76|10.71|32.67|11.82|9838500|117561136.00|1|0.0000|0.0000|0.0000|0|11.82
ST加加|002650|-5.10|11619450|52852948.00|-1.70|0.00|-5.10|4.47|4.63|4.71|4.47|11.62|4.71|8163380|38628180.00|1|0.0000|0.0000|0.0000|0|4.71
利君股份|002651|-5.84|24998300|141440896.00|-3.01|0.00|-8.85|5.64|5.81|5.99|5.46|25.00|5.99|12645400|76680488.00|1|0.0000|0.0000|0.0000|0|5.99
扬子新材|002652|-4.51|26554542|61842680.00|-2.05|0.82|-6.97|2.33|2.39|2.46|2.27|26.55|2.44|11406300|28186400.00|1|0.0000|0.0000|0.0000|0|2.44
海思科|002653|-3.44|5287682|212243840.00|0.07|0.95|-6.92|40.46|41.93|42.30|39.00|5.29|41.90|8076884|331159296.00|1|0.0000|0.0000|0.0000|0|41.90
万润科技|002654|-6.58|52064162|567485824.00|-1.73|1.04|-9.96|10.79|11.35|11.67|10.40|52.06|11.55|27475130|319688512.00|1|0.0000|0.0000|0.0000|0|11.55
共达电声|002655|-9.14|61904952|680064512.00|-8.55|-4.65|-9.97|10.94|11.01|11.48|10.84|61.90|12.04|10408300|125432376.00|1|0.0000|0.0000|0.0000|0|12.04
*ST摩登|002656|-4.74|14442214|29189100.00|-4.74|-1.42|-5.21|2.01|2.01|2.08|2.00|14.44|2.11|11036300|23440946.00|1|0.0000|0.0000|0.0000|0|2.11
中科金财|002657|-7.23|33437836|553320256.00|-5.22|-0.95|-9.98|16.54|16.90|17.66|16.05|33.44|17.83|12367101|221958688.00|1|0.0000|0.0000|0.0000|0|17.83
雪迪龙|002658|-1.30|14831461|89339168.00|-1.79|0.81|-4.87|6.08|6.05|6.21|5.86|14.83|6.16|15036651|93613432.00|1|0.0000|0.0000|0.0000|0|6.16
凯文教育|002659|-1.72|16458802|65401236.00|-2.46|0.74|-4.68|3.99|3.96|4.09|3.87|16.46|4.06|10243471|42285912.00|1|0.0000|0.0000|0.0000|0|4.06
茂硕电源|002660|-8.29|17456700|140787024.00|-3.80|-1.73|-10.01|7.97|8.36|8.54|7.82|17.46|8.69|5378600|47207008.00|1|0.0000|0.0000|0.0000|0|8.69
克明食品|002661|7.95|12586369|114173720.00|0.81|8.53|0.46|9.37|8.75|9.42|8.72|12.59|8.68|9961300|89456968.00|1|0.0000|0.0000|0.0000|0|8.68
峰璟股份|002662|-7.65|52990700|166445664.00|-4.41|-1.47|-10.00|3.14|3.25|3.35|3.06|52.99|3.40|20078800|68943200.00|1|0.0000|0.0000|0.0000|0|3.40
普邦股份|002663|-1.31|32147455|48183644.00|-1.31|0.00|-5.23|1.51|1.51|1.53|1.45|32.15|1.53|31418658|48933808.00|1|0.0000|0.0000|0.0000|0|1.53
信质集团|002664|-5.56|17966600|249791712.00|-0.55|1.44|-8.78|13.77|14.50|14.79|13.30|17.97|14.58|12395400|183048000.00|1|0.0000|0.0000|0.0000|0|14.58
德联集团|002666|-7.95|31022006|127359712.00|-3.86|-0.68|-9.32|4.05|4.23|4.37|3.99|31.02|4.40|13717800|61109892.00|1|0.0000|0.0000|0.0000|0|4.40
威领股份|002667|2.77|22745140|259739104.00|0.36|6.08|-0.63|11.50|11.23|11.87|11.12|22.75|11.19|20352644|234208864.00|1|0.0000|0.0000|0.0000|0|11.19
TCL智家|002668|-2.49|33691591|307722592.00|-3.01|-1.66|-7.88|9.40|9.35|9.48|8.88|33.69|9.64|9511300|92388232.00|1|0.0000|0.0000|0.0000|0|9.64
康达新材|002669|-1.54|7766500|64839216.00|0.35|1.65|-4.02|8.33|8.49|8.60|8.12|7.77|8.46|8604000|73891136.00|1|0.0000|0.0000|0.0000|0|8.46
国盛证券|002670|-0.60|36339409|423444704.00|0.17|2.48|-2.83|11.61|11.70|11.97|11.35|36.34|11.68|33090400|396678720.00|1|0.0000|0.0000|0.0000|0|11.68
龙泉股份|002671|-0.51|15182194|59013820.00|-1.53|2.81|-4.34|3.90|3.86|4.03|3.75|15.18|3.92|14249400|56762040.00|1|0.0000|0.0000|0.0000|0|3.92
东江环保|002672|-1.09|8722835|31401758.00|-1.37|0.55|-3.55|3.62|3.61|3.68|3.53|8.72|3.66|9199600|34118056.00|1|0.0000|0.0000|0.0000|0|3.66
西部证券|002673|0.70|55327696|394662336.00|0.42|1.69|-0.42|7.15|7.13|7.22|7.07|55.33|7.10|80363184|583593728.00|1|0.0000|0.0000|0.0000|0|7.10
兴业科技|002674|-0.12|4315062|37223988.00|-1.61|1.61|-2.07|8.67|8.54|8.82|8.50|4.32|8.68|4824800|42494232.00|1|0.0000|0.0000|0.0000|0|8.68
东诚药业|002675|2.94|13355130|167944752.00|1.06|5.79|0.90|12.62|12.39|12.97|12.37|13.36|12.26|14835942|189877408.00|1|0.0000|0.0000|0.0000|0|12.26
顺威股份|002676|-5.15|30455386|170603696.00|-6.00|1.37|-8.92|5.53|5.48|5.91|5.31|30.46|5.83|17444600|103276344.00|1|0.0000|0.0000|0.0000|0|5.83
浙江美大|002677|1.59|7298260|50454400.00|0.00|1.59|-2.90|7.01|6.90|7.01|6.70|7.30|6.90|10538580|73791592.00|1|0.0000|0.0000|0.0000|0|6.90
珠江钢琴|002678|-2.27|8876360|34563300.00|-2.27|3.78|-5.29|3.88|3.88|4.12|3.76|8.88|3.97|4877670|19652396.00|1|0.0000|0.0000|0.0000|0|3.97
福建金森|002679|3.78|7899770|63150872.00|-1.76|3.78|-4.03|8.24|7.80|8.24|7.62|7.90|7.94|4042100|32559020.00|1|0.0000|0.0000|0.0000|0|7.94
奋达科技|002681|-6.91|141047059|852613056.00|-6.30|-1.08|-9.98|6.06|6.10|6.44|5.86|141.05|6.51|40326600|264423264.00|1|0.0000|0.0000|0.0000|0|6.51
龙洲股份|002682|-1.79|47800860|184758720.00|-2.30|1.79|-4.08|3.85|3.83|3.99|3.76|47.80|3.92|38753750|154114720.00|1|0.0000|0.0000|0.0000|0|3.92
广东宏大|002683|1.25|11285788|309213472.00|1.84|4.32|-0.77|27.45|27.61|28.28|26.90|11.29|27.11|13022342|358004544.00|1|0.0000|0.0000|0.0000|0|27.11
华东重机|002685|-8.88|46299280|234928416.00|-6.16|-2.72|-9.96|5.03|5.18|5.37|4.97|46.30|5.52|20354500|113479952.00|1|0.0000|0.0000|0.0000|0|5.52
亿利达|002686|-4.53|26713373|136079152.00|-0.57|0.75|-7.55|5.06|5.27|5.34|4.90|26.71|5.30|16319100|87292384.00|1|0.0000|0.0000|0.0000|0|5.30
乔治白|002687|-1.49|13081115|52175908.00|0.00|1.24|-3.23|3.97|4.03|4.08|3.90|13.08|4.03|11521761|47146560.00|1|0.0000|0.0000|0.0000|0|4.03
金河生物|002688|9.95|23919508|171742064.00|9.95|9.95|9.95|7.18|7.18|7.18|7.18|23.92|6.53|26912255|175737024.00|1|0.0000|0.0000|0.0000|0|6.53
ST远智|002689|-5.69|34906351|109926432.00|-5.69|-1.20|-8.68|3.15|3.15|3.30|3.05|34.91|3.34|16672100|56059148.00|1|0.0000|0.0000|0.0000|0|3.34
美亚光电|002690|3.36|18217700|285152448.00|0.71|4.26|-1.16|16.00|15.59|16.14|15.30|18.22|15.48|15962079|253325936.00|1|0.0000|0.0000|0.0000|0|15.48
冀凯股份|002691|-7.36|15236294|106787200.00|-8.80|-1.97|-9.99|7.05|6.94|7.46|6.85|15.24|7.61|4005100|30781204.00|1|0.0000|0.0000|0.0000|0|7.61
远程股份|002692|-7.68|45665540|198760384.00|-6.82|-2.56|-10.02|4.33|4.37|4.57|4.22|45.67|4.69|11027200|52058984.00|1|0.0000|0.0000|0.0000|0|4.69
*ST双成|002693|-8.37|29105194|204880112.00|-7.06|-2.35|-9.93|7.01|7.11|7.47|6.89|29.11|7.65|7350300|56813712.00|1|0.0000|0.0000|0.0000|0|7.65
顾地科技|002694|-2.53|9202420|35529480.00|0.00|0.76|-5.32|3.85|3.95|3.98|3.74|9.20|3.95|9752507|39034204.00|1|0.0000|0.0000|0.0000|0|3.95
煌上煌|002695|0.21|18068400|168204320.00|0.53|1.82|-3.21|9.37|9.40|9.52|9.05|18.07|9.35|10737800|102852224.00|1|0.0000|0.0000|0.0000|0|9.35
百洋股份|002696|3.81|13395600|64755424.00|-2.75|4.65|-2.75|4.91|4.60|4.95|4.60|13.40|4.73|12354370|59395708.00|1|0.0000|0.0000|0.0000|0|4.73
红旗连锁|002697|10.02|63683699|334051936.00|0.20|10.02|0.20|5.38|4.90|5.38|4.90|63.68|4.89|64752672|326160928.00|1|0.0000|0.0000|0.0000|0|4.89
博实股份|002698|-3.60|29328404|441953056.00|-0.39|1.61|-6.29|15.01|15.51|15.82|14.59|29.33|15.57|17844488|281688640.00|1|0.0000|0.0000|0.0000|0|15.57
万憬能源|002700|1.71|6368100|52690252.00|0.00|4.52|-0.85|8.33|8.19|8.56|8.12|6.37|8.19|7230500|61217376.00|1|0.0000|0.0000|0.0000|0|8.19
奥瑞金|002701|6.37|61368592|303026848.00|0.21|7.01|0.21|5.01|4.72|5.04|4.72|61.37|4.71|56040120|273263808.00|1|0.0000|0.0000|0.0000|0|4.71
海欣食品|002702|5.90|31836483|117043360.00|-0.28|5.90|-1.40|3.77|3.55|3.77|3.51|31.84|3.56|23021200|84025552.00|1|0.0000|0.0000|0.0000|0|3.56
浙江世宝|002703|-6.14|28104850|280240384.00|-3.68|-0.76|-9.73|9.94|10.20|10.51|9.56|28.10|10.59|12712200|135658944.00|1|0.0000|0.0000|0.0000|0|10.59
新宝股份|002705|-4.83|16077878|205029216.00|-3.41|-1.48|-7.57|12.82|13.01|13.27|12.45|16.08|13.47|9106665|123999168.00|1|0.0000|0.0000|0.0000|0|13.47
良信股份|002706|-5.88|44883928|328305664.00|-1.31|-0.26|-7.19|7.20|7.55|7.63|7.10|44.88|7.65|21298353|165151952.00|1|0.0000|0.0000|0.0000|0|7.65
众信旅游|002707|1.65|49084900|359676096.00|0.28|2.61|-1.24|7.39|7.29|7.46|7.18|49.08|7.27|42069982|312999968.00|1|0.0000|0.0000|0.0000|0|7.27
光洋股份|002708|-9.90|41877950|425972416.00|-9.99|-5.44|-9.99|10.10|10.09|10.60|10.09|41.88|11.21|10356904|116365488.00|1|0.0000|0.0000|0.0000|0|11.21
天赐材料|002709|-3.29|33951378|553122752.00|-1.61|0.90|-4.61|16.17|16.45|16.87|15.95|33.95|16.72|26123404|440132000.00|1|0.0000|0.0000|0.0000|0|16.72
思美传媒|002712|-4.15|20975445|97134256.00|-3.94|0.00|-7.47|4.62|4.63|4.82|4.46|20.98|4.82|14265000|69553568.00|1|0.0000|0.0000|0.0000|0|4.82
*ST东易|002713|-3.09|20985143|84661512.00|-3.80|-0.24|-8.31|4.08|4.05|4.20|3.86|20.99|4.21|12388100|52517864.00|1|0.0000|0.0000|0.0000|0|4.21
牧原股份|002714|6.63|134812554|5416628736.00|0.00|8.30|-2.24|41.35|38.78|42.00|37.91|134.81|38.78|107445371|4187117568.00|1|0.0000|0.0000|0.0000|0|38.78
登云股份|002715|-10.01|6788750|88761624.00|-7.97|-2.26|-10.01|12.76|13.05|13.86|12.76|6.79|14.18|1391300|19854876.00|1|0.0000|0.0000|0.0000|0|14.18
湖南白银|002716|-3.83|124699861|406668416.00|-2.06|-0.59|-5.90|3.26|3.32|3.37|3.19|124.70|3.39|86080490|292775072.00|1|0.0000|0.0000|0.0000|0|3.39
ST岭南|002717|-5.00|155266330|408185440.00|-10.00|-1.43|-10.00|2.66|2.52|2.76|2.52|155.27|2.80|57164500|161990400.00|1|0.0000|0.0000|0.0000|0|2.80
友邦吊顶|002718|-1.91|2912800|34959352.00|-0.50|4.89|-4.39|11.83|12.00|12.65|11.53|2.91|12.06|2683100|32729050.00|1|0.0000|0.0000|0.0000|0|12.06
麦趣尔|002719|4.06|11895010|77809288.00|-5.62|4.68|-5.62|6.67|6.05|6.71|6.05|11.90|6.41|7956620|51724868.00|1|0.0000|0.0000|0.0000|0|6.41
金一文化|002721|-4.80|38002000|91273344.00|-4.00|-1.60|-4.80|2.38|2.40|2.46|2.38|38.00|2.50|15561100|38946584.00|1|0.0000|0.0000|0.0000|0|2.50
物产金轮|002722|-6.23|8136922|102501792.00|-2.48|-1.20|-8.93|12.50|13.00|13.17|12.14|8.14|13.33|4456800|60005768.00|1|0.0000|0.0000|0.0000|0|13.33
小崧股份|002723|-9.93|12833000|85508976.00|-4.69|-2.76|-9.93|6.53|6.91|7.05|6.53|12.83|7.25|10568480|77559768.00|1|0.0000|0.0000|0.0000|0|7.25
海洋王|002724|3.11|44301571|245679152.00|-2.93|4.76|-2.93|5.63|5.30|5.72|5.30|44.30|5.46|24218000|133351616.00|1|0.0000|0.0000|0.0000|0|5.46
跃岭股份|002725|-8.75|13591100|132790088.00|-4.85|-2.38|-9.99|9.59|10.00|10.26|9.46|13.59|10.51|3832400|40827036.00|1|0.0000|0.0000|0.0000|0|10.51
龙大美食|002726|4.80|32176217|185166432.00|-0.18|4.97|-0.18|5.90|5.62|5.91|5.62|32.18|5.63|29886681|175061792.00|1|0.0000|0.0000|0.0000|0|5.63
一心堂|002727|5.00|9625140|117926352.00|0.00|5.00|0.00|12.40|11.81|12.40|11.81|9.63|11.81|10089700|123261152.00|1|0.0000|0.0000|0.0000|0|11.81
特一药业|002728|-0.14|11562293|84095208.00|-0.95|1.63|-3.13|7.33|7.27|7.46|7.11|11.56|7.34|15821115|118408752.00|1|0.0000|0.0000|0.0000|0|7.34
好利科技|002729|-9.78|11957440|132807072.00|-0.66|-0.66|-10.03|10.88|11.98|11.98|10.85|11.96|12.06|3428400|41940532.00|1|0.0000|0.0000|0.0000|0|12.06
电光科技|002730|-8.29|19565140|252928176.00|-6.50|-2.07|-10.00|12.84|13.09|13.71|12.60|19.57|14.00|4496500|63342584.00|1|0.0000|0.0000|0.0000|0|14.00
萃华珠宝|002731|-8.52|16286070|137832288.00|-5.02|-2.07|-10.04|8.38|8.70|8.97|8.24|16.29|9.16|6228300|57370168.00|1|0.0000|0.0000|0.0000|0|9.16
燕塘乳业|002732|7.38|6727863|106655072.00|0.33|8.04|0.33|16.16|15.10|16.26|15.10|6.73|15.05|5607272|86329504.00|1|0.0000|0.0000|0.0000|0|15.05
雄韬股份|002733|-9.57|27049600|367272320.00|-6.38|-1.56|-9.98|13.32|13.79|14.50|13.26|27.05|14.73|6854100|101470776.00|1|0.0000|0.0000|0.0000|0|14.73
利民股份|002734|10.05|8838919|98730728.00|10.05|10.05|10.05|11.17|11.17|11.17|11.17|8.84|10.15|61326227|643609472.00|1|0.0000|0.0000|0.0000|0|10.15
王子新材|002735|-10.03|40229996|338780000.00|-9.92|-5.61|-10.03|8.34|8.35|8.75|8.34|40.23|9.27|7696600|71471928.00|1|0.0000|0.0000|0.0000|0|9.27
国信证券|002736|1.50|35360057|332766816.00|1.07|1.82|-1.07|9.47|9.43|9.50|9.23|35.36|9.33|40331217|382920640.00|1|0.0000|0.0000|0.0000|0|9.33
葵花药业|002737|3.37|8207334|137657888.00|1.72|4.66|1.72|16.85|16.58|17.06|16.58|8.21|16.30|12111598|205048096.00|1|0.0000|0.0000|0.0000|0|16.30
中矿资源|002738|-1.43|16067680|449031072.00|-1.92|-0.17|-5.24|28.24|28.10|28.60|27.15|16.07|28.65|11214158|327139776.00|1|0.0000|0.0000|0.0000|0|28.65
万达电影|002739|2.01|37322335|395527904.00|0.10|3.06|-1.62|10.68|10.48|10.79|10.30|37.32|10.47|41167501|440948832.00|1|0.0000|0.0000|0.0000|0|10.47
光华科技|002741|-5.06|17953660|245731504.00|-2.98|0.21|-9.64|13.69|13.99|14.45|13.03|17.95|14.42|7778900|112900512.00|1|0.0000|0.0000|0.0000|0|14.42
*ST三圣|002742|3.95|11847300|43200848.00|-4.52|5.08|-4.52|3.68|3.38|3.72|3.38|11.85|3.54|4881000|17316668.00|1|0.0000|0.0000|0.0000|0|3.54
富煌钢构|002743|-3.89|13548500|67465488.00|-1.95|0.39|-5.64|4.94|5.04|5.16|4.85|13.55|5.14|8290100|43030028.00|1|0.0000|0.0000|0.0000|0|5.14
木林森|002745|-6.39|54711962|412259808.00|-2.26|-0.13|-8.52|7.47|7.80|7.97|7.30|54.71|7.98|25256567|204020144.00|1|0.0000|0.0000|0.0000|0|7.98
仙坛股份|002746|7.97|73337583|455493632.00|-1.86|9.49|-1.86|6.37|5.79|6.46|5.79|73.34|5.90|63375637|389457440.00|1|0.0000|0.0000|0.0000|0|5.90
埃斯顿|002747|-7.87|55499562|968410624.00|-3.09|-1.33|-10.00|17.32|18.22|18.55|16.92|55.50|18.80|17171790|325213152.00|1|0.0000|0.0000|0.0000|0|18.80
世龙实业|002748|-5.05|5075800|35287508.00|-5.05|-3.69|-5.05|6.95|6.95|7.05|6.95|5.08|7.32|1320600|9668991.00|1|0.0000|0.0000|0.0000|0|7.32
国光股份|002749|8.29|21080714|333116896.00|1.55|9.98|-0.47|16.06|15.06|16.31|14.76|21.08|14.83|10902790|160026592.00|1|0.0000|0.0000|0.0000|0|14.83
昇兴股份|002752|-2.99|27351180|142372432.00|-1.12|0.00|-5.04|5.20|5.30|5.36|5.09|27.35|5.36|16621300|90191032.00|1|0.0000|0.0000|0.0000|0|5.36
永东股份|002753|0.33|7086582|42371112.00|-0.17|2.67|-1.67|6.01|5.98|6.15|5.89|7.09|5.99|11649693|71258816.00|1|0.0000|0.0000|0.0000|0|5.99
奥赛康|002755|-1.49|16417740|267383376.00|-1.96|1.13|-6.31|16.56|16.48|17.00|15.75|16.42|16.81|10825570|187865680.00|1|0.0000|0.0000|0.0000|0|16.81
永兴材料|002756|0.64|7811263|231379760.00|-1.08|1.72|-1.25|29.86|29.35|30.18|29.30|7.81|29.67|10459381|315550496.00|1|0.0000|0.0000|0.0000|0|29.67
南兴股份|002757|-9.60|21723100|360433024.00|-5.71|-1.83|-9.98|16.30|17.00|17.70|16.23|21.72|18.03|5146000|93465376.00|1|0.0000|0.0000|0.0000|0|18.03
浙农股份|002758|10.00|11823310|101752448.00|1.12|10.00|1.12|8.80|8.09|8.80|8.09|11.82|8.00|9157813|75817256.00|1|0.0000|0.0000|0.0000|0|8.00
天际股份|002759|-2.19|13360050|88847312.00|-0.73|0.58|-4.97|6.69|6.79|6.88|6.50|13.36|6.84|10314353|71150864.00|1|0.0000|0.0000|0.0000|0|6.84
凤形股份|002760|-5.78|6368300|98621712.00|-5.17|-1.58|-8.89|15.48|15.58|16.17|14.97|6.37|16.43|2878800|47653324.00|1|0.0000|0.0000|0.0000|0|16.43
浙江建投|002761|3.42|22987642|179250592.00|0.66|4.47|0.66|7.87|7.66|7.95|7.66|22.99|7.61|22231800|173104544.00|1|0.0000|0.0000|0.0000|0|7.61
*ST金比|002762|2.98|13124300|67820208.00|-0.99|4.56|-0.99|5.19|4.99|5.27|4.99|13.12|5.04|11995875|61021204.00|1|0.0000|0.0000|0.0000|0|5.04
汇洁股份|002763|-0.98|4381745|26761098.00|-0.81|1.79|-2.28|6.08|6.09|6.25|6.00|4.38|6.14|7429000|46495216.00|1|0.0000|0.0000|0.0000|0|6.14
蓝黛科技|002765|-9.98|62046600|766216512.00|-7.61|-4.80|-9.98|12.18|12.50|12.88|12.18|62.05|13.53|21443200|291542432.00|1|0.0000|0.0000|0.0000|0|13.53
索菱股份|002766|-6.76|33996500|164298448.00|-3.28|-0.77|-9.85|4.83|5.01|5.14|4.67|34.00|5.18|13923000|72755056.00|1|0.0000|0.0000|0.0000|0|5.18
先锋电子|002767|-7.90|16190650|212740304.00|-5.50|-2.33|-10.01|13.06|13.40|13.85|12.76|16.19|14.18|3680100|52889364.00|1|0.0000|0.0000|0.0000|0|14.18
国恩股份|002768|2.71|7518800|178712160.00|-0.21|3.91|-0.21|23.92|23.24|24.20|23.24|7.52|23.29|11804812|272621760.00|1|0.0000|0.0000|0.0000|0|23.29
普路通|002769|-5.44|10577850|64340032.00|-6.07|0.62|-9.49|6.08|6.04|6.47|5.82|10.58|6.43|4793182|31158364.00|1|0.0000|0.0000|0.0000|0|6.43
真视通|002771|-3.82|9291150|133663296.00|-2.34|0.67|-7.57|14.36|14.58|15.03|13.80|9.29|14.93|5481000|82618696.00|1|0.0000|0.0000|0.0000|0|14.93
众兴菌业|002772|9.97|40536003|312805952.00|0.55|9.97|0.55|7.94|7.26|7.94|7.26|40.54|7.22|28806453|214628272.00|1|0.0000|0.0000|0.0000|0|7.22
康弘药业|002773|-0.40|16163426|404393536.00|-0.24|2.22|-2.77|25.14|25.18|25.80|24.54|16.16|25.24|21907285|552760960.00|1|0.0000|0.0000|0.0000|0|25.24
快意电梯|002774|-6.62|7762473|53450720.00|-1.93|-0.69|-7.86|6.77|7.11|7.20|6.68|7.76|7.25|4840688|35494908.00|1|0.0000|0.0000|0.0000|0|7.25
文科股份|002775|-2.29|7900988|23570620.00|-2.29|0.65|-4.90|2.99|2.99|3.08|2.91|7.90|3.06|8335300|25837448.00|1|0.0000|0.0000|0.0000|0|3.06
久远银海|002777|-1.30|15518517|243072592.00|-1.92|1.30|-5.03|15.90|15.80|16.32|15.30|15.52|16.11|8713980|142172368.00|1|0.0000|0.0000|0.0000|0|16.11
中晟高科|002778|-2.06|3257120|50329912.00|0.00|2.06|-3.47|15.23|15.55|15.87|15.01|3.26|15.55|5690895|89603544.00|1|0.0000|0.0000|0.0000|0|15.55
中坚科技|002779|-10.00|1754800|139350560.00|-7.37|-6.00|-10.00|78.70|81.00|82.19|78.70|1.75|87.44|1064562|93452912.00|1|0.0000|0.0000|0.0000|0|87.44
三夫户外|002780|-4.39|7878005|75783544.00|-4.09|-0.10|-6.29|9.58|9.61|10.01|9.39|7.88|10.02|4058610|41009256.00|1|0.0000|0.0000|0.0000|0|10.02
可立克|002782|-9.66|23166814|252044176.00|-5.51|-1.36|-10.00|10.66|11.15|11.64|10.62|23.17|11.80|6051400|71718688.00|1|0.0000|0.0000|0.0000|0|11.80
凯龙股份|002783|1.63|13675489|101154632.00|0.14|2.58|-1.36|7.48|7.37|7.55|7.26|13.68|7.36|18252470|138021072.00|1|0.0000|0.0000|0.0000|0|7.36
万里石|002785|-3.88|6610840|162665536.00|-3.06|0.54|-7.37|24.79|25.00|25.93|23.89|6.61|25.79|4524700|118121760.00|1|0.0000|0.0000|0.0000|0|25.79
银宝山新|002786|-3.46|16492200|128320832.00|-3.46|0.74|-7.29|7.81|7.81|8.15|7.50|16.49|8.09|9353718|76338904.00|1|0.0000|0.0000|0.0000|0|8.09
华源控股|002787|-6.94|18060739|134186712.00|-4.67|-0.63|-9.97|7.37|7.55|7.87|7.13|18.06|7.92|9399500|74834320.00|1|0.0000|0.0000|0.0000|0|7.92
鹭燕医药|002788|0.13|8681138|66726104.00|1.18|2.75|-1.18|7.64|7.72|7.84|7.54|8.68|7.63|11417085|89724808.00|1|0.0000|0.0000|0.0000|0|7.63
*ST建艺|002789|-6.53|14750632|95754752.00|-9.94|-2.27|-9.94|6.58|6.34|6.88|6.34|14.75|7.04|2755800|19401248.00|1|0.0000|0.0000|0.0000|0|7.04
瑞尔特|002790|-7.44|13561693|91030088.00|-0.56|-0.56|-9.69|6.59|7.08|7.08|6.43|13.56|7.12|4661200|33725312.00|1|0.0000|0.0000|0.0000|0|7.12
坚朗五金|002791|4.79|19836633|484659744.00|0.17|4.96|-1.51|24.95|23.85|24.99|23.45|19.84|23.81|19390662|465956736.00|1|0.0000|0.0000|0.0000|0|23.81
通宇通讯|002792|-7.00|23738697|291455552.00|-3.81|-0.38|-9.97|12.22|12.64|13.09|11.83|23.74|13.14|10068715|133425040.00|1|0.0000|0.0000|0.0000|0|13.14
罗欣药业|002793|-2.99|25614193|91609520.00|-0.27|0.54|-4.89|3.57|3.67|3.70|3.50|25.61|3.68|25677030|96890816.00|1|0.0000|0.0000|0.0000|0|3.68
永和智控|002795|-10.00|22186872|92199768.00|-4.89|-1.56|-10.00|4.05|4.28|4.43|4.05|22.19|4.50|26088556|121533096.00|1|0.0000|0.0000|0.0000|0|4.50
世嘉科技|002796|-9.21|15930198|156621872.00|-5.55|-1.32|-9.96|9.66|10.05|10.50|9.58|15.93|10.64|3059900|32753576.00|1|0.0000|0.0000|0.0000|0|10.64
第一创业|002797|-0.15|106926382|717863808.00|0.30|1.49|-1.78|6.72|6.75|6.83|6.61|106.93|6.73|123523035|846413504.00|1|0.0000|0.0000|0.0000|0|6.73
帝欧水华|002798|-0.86|13535763|46493844.00|0.00|1.44|-3.74|3.45|3.48|3.53|3.35|13.54|3.48|9675700|34164792.00|1|0.0000|0.0000|0.0000|0|3.48
环球印务|002799|-1.62|4761691|31818096.00|-1.03|1.18|-3.24|6.67|6.71|6.86|6.56|4.76|6.78|7446097|51308272.00|1|0.0000|0.0000|0.0000|0|6.78
天顺股份|002800|10.00|18025602|204833248.00|-1.83|10.00|-1.83|11.99|10.70|11.99|10.70|18.03|10.90|23840686|266769776.00|1|0.0000|0.0000|0.0000|0|10.90
微光股份|002801|-10.00|4909057|141680640.00|-10.00|-5.63|-10.00|28.63|28.63|30.02|28.63|4.91|31.81|680600|21649886.00|1|0.0000|0.0000|0.0000|0|31.81
洪汇新材|002802|1.08|3838876|50239856.00|0.08|3.31|-2.54|13.14|13.01|13.43|12.67|3.84|13.00|4827541|63974904.00|1|0.0000|0.0000|0.0000|0|13.00
吉宏股份|002803|-4.84|11020131|119966896.00|-3.52|0.00|-7.12|10.82|10.97|11.37|10.56|11.02|11.37|6391002|73419688.00|1|0.0000|0.0000|0.0000|0|11.37
丰元股份|002805|-2.33|6645910|69282656.00|-1.87|0.75|-4.95|10.46|10.51|10.79|10.18|6.65|10.71|5976060|65449084.00|1|0.0000|0.0000|0.0000|0|10.71
华锋股份|002806|9.96|12590221|132259464.00|-1.45|9.96|-6.38|11.37|10.19|11.37|9.68|12.59|10.34|7957700|82645800.00|1|0.0000|0.0000|0.0000|0|10.34
江阴银行|002807|1.92|65645562|279033056.00|0.00|4.08|-0.24|4.25|4.17|4.34|4.16|65.65|4.17|85264201|365847008.00|1|0.0000|0.0000|0.0000|0|4.17
*ST恒久|002808|-0.67|5580128|16649445.00|-2.68|2.01|-2.68|2.97|2.91|3.05|2.91|5.58|2.99|7623372|22958888.00|1|0.0000|0.0000|0.0000|0|2.99
红墙股份|002809|-3.07|6269870|45735592.00|0.00|1.47|-5.34|7.26|7.49|7.60|7.09|6.27|7.49|4142300|31362464.00|1|0.0000|0.0000|0.0000|0|7.49
山东赫达|002810|-3.66|7092413|77337488.00|-1.43|0.62|-4.55|10.80|11.05|11.28|10.70|7.09|11.21|5552500|63160824.00|1|0.0000|0.0000|0.0000|0|11.21
郑中设计|002811|-3.95|9150730|75334456.00|-1.51|0.35|-7.79|8.26|8.47|8.63|7.93|9.15|8.60|4456850|38897320.00|1|0.0000|0.0000|0.0000|0|8.60
恩捷股份|002812|0.54|10957603|306007712.00|-0.57|1.76|-1.43|28.05|27.74|28.39|27.50|10.96|27.90|13738667|392002112.00|1|0.0000|0.0000|0.0000|0|27.90
路畅科技|002813|-6.82|3058300|58707776.00|-2.45|0.00|-9.86|19.00|19.89|20.39|18.38|3.06|20.39|1639200|33854704.00|1|0.0000|0.0000|0.0000|0|20.39
崇达技术|002815|-5.32|33200514|300441952.00|-2.40|0.00|-9.81|9.07|9.35|9.58|8.64|33.20|9.58|13030983|125925792.00|1|0.0000|0.0000|0.0000|0|9.58
*ST和科|002816|-5.88|4872400|47439800.00|-9.29|-1.61|-9.95|9.93|9.57|10.38|9.50|4.87|10.55|1600300|16981278.00|1|0.0000|0.0000|0.0000|0|10.55
黄山胶囊|002817|-4.22|8492953|50647940.00|-2.11|0.97|-5.84|5.90|6.03|6.22|5.80|8.49|6.16|6341356|39670948.00|1|0.0000|0.0000|0.0000|0|6.16
富森美|002818|4.38|5632885|71077400.00|1.24|5.86|1.16|12.64|12.26|12.82|12.25|5.63|12.11|6513308|80458856.00|1|0.0000|0.0000|0.0000|0|12.11
东方中科|002819|10.01|5047540|119743256.00|-3.09|10.01|-3.09|25.61|22.56|25.61|22.56|5.05|23.28|3357977|79548536.00|1|0.0000|0.0000|0.0000|0|23.28
桂发祥|002820|5.84|13219860|131269680.00|-0.94|6.26|-1.25|10.15|9.50|10.19|9.47|13.22|9.59|8269760|80919728.00|1|0.0000|0.0000|0.0000|0|9.59
凯莱英|002821|-8.41|10439023|677455232.00|-3.50|-0.90|-9.86|64.07|67.50|69.32|63.05|10.44|69.95|3839200|271788032.00|1|0.0000|0.0000|0.0000|0|69.95
*ST中装|002822|-4.97|5394500|16545606.00|-4.97|-0.93|-4.97|3.06|3.06|3.19|3.06|5.39|3.22|3788500|12218334.00|1|0.0000|0.0000|0.0000|0|3.22
凯中精密|002823|-8.36|17584827|210500192.00|-4.95|-0.62|-9.98|11.84|12.28|12.84|11.63|17.58|12.92|6103200|79344384.00|1|0.0000|0.0000|0.0000|0|12.92
和胜股份|002824|-6.79|13133536|179476544.00|-2.20|0.00|-9.95|13.58|14.25|14.57|13.12|13.13|14.57|4724626|69443184.00|1|0.0000|0.0000|0.0000|0|14.57
纳尔股份|002825|-6.01|10119153|73623192.00|-3.26|-0.13|-7.83|7.20|7.41|7.65|7.06|10.12|7.66|5200964|40393228.00|1|0.0000|0.0000|0.0000|0|7.66
易明医药|002826|-9.87|11329400|105318136.00|-0.30|0.20|-9.97|9.04|10.00|10.05|9.03|11.33|10.03|4826900|48980856.00|1|0.0000|0.0000|0.0000|0|10.03
高争民爆|002827|2.38|7349492|172550048.00|-0.48|4.37|-0.69|23.64|22.98|24.10|22.93|7.35|23.09|8489370|203986400.00|1|0.0000|0.0000|0.0000|0|23.09
贝肯能源|002828|-2.89|10989200|81544008.00|-2.10|1.31|-4.73|7.39|7.45|7.71|7.25|10.99|7.61|7241700|55688732.00|1|0.0000|0.0000|0.0000|0|7.61
星网宇达|002829|-4.38|10221564|159316480.00|-3.15|0.25|-5.92|15.50|15.70|16.25|15.25|10.22|16.21|6311800|103082840.00|1|0.0000|0.0000|0.0000|0|16.21
名雕股份|002830|-2.09|2686200|30146760.00|-2.35|3.40|-5.58|11.23|11.20|11.86|10.83|2.69|11.47|2519400|28994846.00|1|0.0000|0.0000|0.0000|0|11.47
裕同科技|002831|-4.45|18321225|370570560.00|0.61|1.23|-6.62|20.20|21.27|21.40|19.74|18.32|21.14|9835819|210850416.00|1|0.0000|0.0000|0.0000|0|21.14
比音勒芬|002832|1.78|9956847|170291584.00|-0.06|3.98|-0.30|17.15|16.84|17.52|16.80|9.96|16.85|14101345|243364688.00|1|0.0000|0.0000|0.0000|0|16.85
弘亚数控|002833|-4.71|9852293|153411856.00|0.06|0.87|-6.69|15.39|16.16|16.29|15.07|9.85|16.15|6129776|100085184.00|1|0.0000|0.0000|0.0000|0|16.15
同为股份|002835|-9.93|8037756|124516856.00|-4.85|-1.60|-9.99|15.24|16.10|16.65|15.23|8.04|16.92|2101800|35684440.00|1|0.0000|0.0000|0.0000|0|16.92
新宏泽|002836|-1.50|6566424|46989636.00|0.00|0.82|-4.90|7.23|7.34|7.40|6.98|6.57|7.34|4188700|31047510.00|1|0.0000|0.0000|0.0000|0|7.34
英维克|002837|-10.01|35032531|1080473728.00|-4.90|-2.35|-10.01|30.30|32.02|32.88|30.30|35.03|33.67|11768262|397111040.00|1|0.0000|0.0000|0.0000|0|33.67
道恩股份|002838|-4.41|20873650|278254496.00|-9.59|-1.42|-9.59|13.45|12.72|13.87|12.72|20.87|14.07|6507820|91693992.00|1|0.0000|0.0000|0.0000|0|14.07
张家港行|002839|2.27|56266605|228251920.00|0.50|3.53|0.50|4.06|3.99|4.11|3.99|56.27|3.97|86979347|356238336.00|1|0.0000|0.0000|0.0000|0|3.97
华统股份|002840|8.31|34374240|368517984.00|0.10|9.87|0.00|11.08|10.24|11.24|10.23|34.37|10.23|34314880|374662560.00|1|0.0000|0.0000|0.0000|0|10.23
视源股份|002841|-4.26|7765574|252677376.00|-0.65|0.80|-5.83|32.33|33.55|34.04|31.80|7.77|33.77|5043000|172621872.00|1|0.0000|0.0000|0.0000|0|33.77
翔鹭钨业|002842|-4.78|14553304|90015504.00|-1.23|-1.23|-7.25|6.17|6.40|6.40|6.01|14.55|6.48|6558822|42961908.00|1|0.0000|0.0000|0.0000|0|6.48
泰嘉股份|002843|-10.01|13156450|243544496.00|-4.33|-0.85|-10.01|18.06|19.20|19.90|18.06|13.16|20.07|5066700|102256896.00|1|0.0000|0.0000|0.0000|0|20.07
同兴达|002845|2.58|8931782|123580584.00|-1.10|3.83|-1.10|13.93|13.43|14.10|13.43|8.93|13.58|14971024|204831552.00|1|0.0000|0.0000|0.0000|0|13.58
英联股份|002846|10.01|10110800|87700064.00|10.01|10.01|6.59|8.68|8.68|8.68|8.41|10.11|7.89|6928200|55295896.00|1|0.0000|0.0000|0.0000|0|7.89
盐津铺子|002847|10.00|7445320|543803264.00|-1.00|10.00|-1.00|77.02|69.32|77.02|69.32|7.45|70.02|7282572|506944768.00|1|0.0000|0.0000|0.0000|0|70.02
*ST高斯|002848|-4.76|8930900|43290960.00|-2.38|2.58|-8.73|4.80|4.92|5.17|4.60|8.93|5.04|7024700|35608168.00|1|0.0000|0.0000|0.0000|0|5.04
威星智能|002849|-6.48|8764368|113015288.00|-0.95|1.02|-9.98|12.84|13.60|13.87|12.36|8.76|13.73|3077360|42513960.00|1|0.0000|0.0000|0.0000|0|13.73
科达利|002850|-5.94|10131670|1004583232.00|-3.00|-1.14|-9.50|99.88|103.00|104.98|96.10|10.13|106.19|1717300|184270336.00|1|0.0000|0.0000|0.0000|0|106.19
麦格米特|002851|-10.00|31457871|1471773184.00|-8.97|-3.11|-10.00|45.97|46.50|49.49|45.97|31.46|51.08|2512000|128312960.00|1|0.0000|0.0000|0.0000|0|51.08
道道全|002852|7.98|17603769|153681696.00|0.12|8.59|0.12|8.93|8.28|8.98|8.28|17.60|8.27|13447100|115661008.00|1|0.0000|0.0000|0.0000|0|8.27
皮阿诺|002853|-4.88|4998750|59888868.00|-4.01|-1.81|-8.42|12.09|12.20|12.48|11.64|5.00|12.71|2357250|30268876.00|1|0.0000|0.0000|0.0000|0|12.71
捷荣技术|002855|-8.55|5348900|80076944.00|-9.91|-2.15|-9.97|14.86|14.64|15.90|14.63|5.35|16.25|2100800|34471736.00|1|0.0000|0.0000|0.0000|0|16.25
美芝股份|002856|-3.29|6053200|44504944.00|-1.84|-1.05|-5.26|7.36|7.47|7.53|7.21|6.05|7.61|4549700|34911976.00|1|0.0000|0.0000|0.0000|0|7.61
三晖电气|002857|-4.93|5003620|65383768.00|-2.72|1.55|-7.58|12.91|13.21|13.79|12.55|5.00|13.58|5798741|81605472.00|1|0.0000|0.0000|0.0000|0|13.58
力盛体育|002858|-3.18|7418601|75081144.00|-3.75|1.06|-4.91|10.06|10.00|10.50|9.88|7.42|10.39|7476301|78490136.00|1|0.0000|0.0000|0.0000|0|10.39
洁美科技|002859|-3.90|10847253|184392864.00|0.00|1.58|-6.27|17.00|17.69|17.97|16.58|10.85|17.69|4866179|87074152.00|1|0.0000|0.0000|0.0000|0|17.69
星帅尔|002860|-7.32|23150646|204275904.00|0.97|1.08|-9.80|8.61|9.38|9.39|8.38|23.15|9.29|14624677|136712496.00|1|0.0000|0.0000|0.0000|0|9.29
瀛通通讯|002861|-7.65|16579696|182402288.00|-7.74|-3.36|-10.01|10.98|10.97|11.49|10.70|16.58|11.89|3591000|42838776.00|1|0.0000|0.0000|0.0000|0|11.89
实丰文化|002862|-9.98|4057400|87680464.00|-9.98|-5.66|-9.98|21.46|21.46|22.49|21.46|4.06|23.84|877900|20929136.00|1|0.0000|0.0000|0.0000|0|23.84
今飞凯达|002863|-9.24|47014121|204825776.00|-5.46|-3.36|-10.08|4.32|4.50|4.60|4.28|47.01|4.76|9669000|46129948.00|1|0.0000|0.0000|0.0000|0|4.76
盘龙药业|002864|0.86|3723536|95285712.00|0.51|2.24|-1.18|25.69|25.60|26.04|25.17|3.72|25.47|4872583|127159704.00|1|0.0000|0.0000|0.0000|0|25.47
钧达股份|002865|-4.89|12249981|466503360.00|-3.18|-0.07|-8.52|38.31|39.00|40.25|36.85|12.25|40.28|3129540|127338864.00|1|0.0000|0.0000|0.0000|0|40.28
传艺科技|002866|-8.51|10955522|144103280.00|-6.47|-1.62|-9.99|13.01|13.30|13.99|12.80|10.96|14.22|3833500|54957552.00|1|0.0000|0.0000|0.0000|0|14.22
周大生|002867|3.57|10851268|138584592.00|0.41|5.11|0.32|12.78|12.39|12.97|12.38|10.85|12.34|13598359|172326064.00|1|0.0000|0.0000|0.0000|0|12.34
*ST绿康|002868|-2.52|6157700|86704016.00|-4.97|-1.16|-6.95|14.31|13.95|14.51|13.66|6.16|14.68|4928030|75740624.00|1|0.0000|0.0000|0.0000|0|14.68
金溢科技|002869|-8.32|7338542|163296224.00|-2.72|-0.04|-10.00|21.92|23.26|23.90|21.52|7.34|23.91|2918300|70578976.00|1|0.0000|0.0000|0.0000|0|23.91
香山股份|002870|-6.95|5313100|151385792.00|-2.80|0.16|-9.49|28.25|29.51|30.41|27.48|5.31|30.36|2195500|67107840.00|1|0.0000|0.0000|0.0000|0|30.36
伟隆股份|002871|-5.57|6875970|57143804.00|-3.98|-0.11|-8.41|8.31|8.45|8.79|8.06|6.88|8.80|2843500|25199656.00|1|0.0000|0.0000|0.0000|0|8.80
ST天圣|002872|-4.83|3225150|12118924.00|-4.58|-0.76|-5.09|3.74|3.75|3.90|3.73|3.23|3.93|777750|3063376.50|1|0.0000|0.0000|0.0000|0|3.93
新天药业|002873|-5.63|11172982|90867184.00|-2.00|0.70|-8.22|8.04|8.35|8.58|7.82|11.17|8.52|6068651|52535684.00|1|0.0000|0.0000|0.0000|0|8.52
安奈儿|002875|-1.49|6090400|69095112.00|-1.40|2.71|-2.97|11.27|11.28|11.75|11.10|6.09|11.44|4536700|52557216.00|1|0.0000|0.0000|0.0000|0|11.44
三利谱|002876|-7.90|10344218|227994512.00|-3.40|1.81|-10.00|21.92|22.99|24.23|21.42|10.34|23.80|3079110|73888848.00|1|0.0000|0.0000|0.0000|0|23.80
智能自控|002877|-6.68|14750659|105250072.00|-1.70|0.00|-9.44|7.12|7.50|7.63|6.91|14.75|7.63|6689440|51306736.00|1|0.0000|0.0000|0.0000|0|7.63
元隆雅图|002878|-6.27|9806270|120781776.00|-3.98|-0.92|-9.10|12.25|12.55|12.95|11.88|9.81|13.07|4663200|61500692.00|1|0.0000|0.0000|0.0000|0|13.07
长缆科技|002879|-5.70|7072640|100491120.00|-3.44|-0.33|-9.47|14.24|14.58|15.05|13.67|7.07|15.10|3338000|51002704.00|1|0.0000|0.0000|0.0000|0|15.10
卫光生物|002880|8.16|19595048|627868416.00|3.80|10.00|0.00|33.00|31.67|33.56|30.51|19.60|30.51|12568799|381742912.00|1|0.0000|0.0000|0.0000|0|30.51
美格智能|002881|-8.46|18058687|680365056.00|-1.99|-1.75|-9.99|37.20|39.83|39.93|36.58|18.06|40.64|4298036|175310976.00|1|0.0000|0.0000|0.0000|0|40.64
金龙羽|002882|-4.86|12218426|181346080.00|-5.24|-1.45|-9.16|15.06|15.00|15.60|14.38|12.22|15.83|6364500|101080392.00|1|0.0000|0.0000|0.0000|0|15.83
中设股份|002883|-4.03|8500141|77578424.00|-0.21|1.38|-6.14|9.06|9.42|9.57|8.86|8.50|9.44|4320240|41343708.00|1|0.0000|0.0000|0.0000|0|9.44
凌霄泵业|002884|-5.10|7898855|119332328.00|0.06|1.85|-6.37|14.90|15.71|15.99|14.70|7.90|15.70|6432152|101995096.00|1|0.0000|0.0000|0.0000|0|15.70
京泉华|002885|-8.07|15547860|176476848.00|-2.14|-0.74|-9.97|11.16|11.88|12.05|10.93|15.55|12.14|7135320|87228800.00|1|0.0000|0.0000|0.0000|0|12.14
沃特股份|002886|-5.73|14222855|223017280.00|-1.87|-0.90|-8.93|15.63|16.27|16.43|15.10|14.22|16.58|6602115|110210000.00|1|0.0000|0.0000|0.0000|0|16.58
绿茵生态|002887|-4.55|6471110|41237412.00|-1.97|1.67|-6.07|6.29|6.46|6.70|6.19|6.47|6.59|4784030|32033656.00|1|0.0000|0.0000|0.0000|0|6.59
惠威科技|002888|-7.51|5075002|74162376.00|-4.11|-0.19|-10.01|14.41|14.94|15.55|14.02|5.08|15.58|2306200|36180868.00|1|0.0000|0.0000|0.0000|0|15.58
东方嘉盛|002889|-8.29|9590317|177298112.00|-4.57|-2.06|-9.59|18.26|19.00|19.50|18.00|9.59|19.91|6454570|131241576.00|1|0.0000|0.0000|0.0000|0|19.91
弘宇股份|002890|10.05|5249394|53503704.00|0.10|10.05|-3.59|10.73|9.76|10.73|9.40|5.25|9.75|2953050|29044286.00|1|0.0000|0.0000|0.0000|0|9.75
中宠股份|002891|7.57|9573366|369065024.00|0.81|8.49|0.81|39.78|37.28|40.12|37.28|9.57|36.98|8162199|317542048.00|1|0.0000|0.0000|0.0000|0|36.98
科力尔|002892|-6.69|30505213|413286016.00|-5.86|-0.28|-9.99|13.54|13.66|14.47|13.06|30.51|14.51|12867116|188384480.00|1|0.0000|0.0000|0.0000|0|14.51
京能热力|002893|1.31|8007414|72605400.00|0.22|1.53|-3.07|9.25|9.15|9.27|8.85|8.01|9.13|6518429|60319112.00|1|0.0000|0.0000|0.0000|0|9.13
川恒股份|002895|3.74|9841539|224206464.00|-0.27|4.55|-0.63|23.02|22.13|23.20|22.05|9.84|22.19|10419694|237992928.00|1|0.0000|0.0000|0.0000|0|22.19
中大力德|002896|-9.93|15195956|1046935104.00|-5.02|-1.69|-9.99|67.33|71.00|73.49|67.28|15.20|74.75|3126000|234797568.00|1|0.0000|0.0000|0.0000|0|74.75
意华股份|002897|-8.37|11067843|381564000.00|-4.07|0.70|-10.00|33.81|35.40|37.16|33.21|11.07|36.90|4661700|173880304.00|1|0.0000|0.0000|0.0000|0|36.90
*ST赛隆|002898|-4.63|6859713|46694128.00|-4.35|-0.28|-7.02|6.79|6.81|7.10|6.62|6.86|7.12|4726850|34050380.00|1|0.0000|0.0000|0.0000|0|7.12
英派斯|002899|-9.98|4224300|74068792.00|-8.05|-2.87|-9.98|17.23|17.60|18.59|17.23|4.22|19.14|956800|18313152.00|1|0.0000|0.0000|0.0000|0|19.14
哈三联|002900|10.00|71777175|969508608.00|-10.00|10.00|-10.00|15.07|12.33|15.07|12.33|71.78|13.70|63498041|912944448.00|1|0.0000|0.0000|0.0000|0|13.70
大博医疗|002901|1.07|2986200|99749064.00|0.92|4.61|-0.09|33.09|33.04|34.25|32.71|2.99|32.74|3423287|115866880.00|1|0.0000|0.0000|0.0000|0|32.74
铭普光磁|002902|-6.65|9572642|152437408.00|-5.04|0.00|-9.20|15.73|16.00|16.85|15.30|9.57|16.85|4849593|82488520.00|1|0.0000|0.0000|0.0000|0|16.85
宇环数控|002903|-6.60|18735142|334133536.00|-4.43|-0.26|-9.97|17.70|18.11|18.90|17.06|18.74|18.95|15430496|303576032.00|1|0.0000|0.0000|0.0000|0|18.95
金逸影视|002905|0.72|14606973|100963096.00|-4.47|4.90|-4.90|6.99|6.63|7.28|6.60|14.61|6.94|9482400|66746280.00|1|0.0000|0.0000|0.0000|0|6.94
华阳集团|002906|-6.67|19561656|531493024.00|-3.25|-0.85|-9.61|27.30|28.30|29.00|26.44|19.56|29.25|6485680|190987200.00|1|0.0000|0.0000|0.0000|0|29.25
华森制药|002907|0.00|8664659|109177656.00|-0.71|1.89|-2.92|12.69|12.60|12.93|12.32|8.66|12.69|8396155|109715472.00|1|0.0000|0.0000|0.0000|0|12.69
德生科技|002908|-4.83|19769618|151584800.00|-4.83|-0.37|-7.43|7.68|7.68|8.04|7.47|19.77|8.07|8711444|71025512.00|1|0.0000|0.0000|0.0000|0|8.07
集泰股份|002909|-7.59|19838756|97028872.00|-1.90|-1.90|-10.06|4.87|5.17|5.17|4.74|19.84|5.27|8408700|44808896.00|1|0.0000|0.0000|0.0000|0|5.27
庄园牧场|002910|4.47|15021000|121312568.00|-4.34|7.15|-4.34|8.18|7.49|8.39|7.49|15.02|7.83|8925200|71136752.00|1|0.0000|0.0000|0.0000|0|7.83
佛燃能源|002911|5.28|8124761|88262528.00|0.58|6.24|0.58|10.96|10.47|11.06|10.47|8.12|10.41|9791310|103419664.00|1|0.0000|0.0000|0.0000|0|10.41
中新赛克|002912|-8.48|7179812|160237312.00|-1.08|-0.75|-10.02|22.02|23.80|23.88|21.65|7.18|24.06|2218700|53701900.00|1|0.0000|0.0000|0.0000|0|24.06
奥士康|002913|-6.08|13398215|284457632.00|-1.61|-1.56|-9.98|21.64|22.67|22.68|20.74|13.40|23.04|1834900|42616984.00|1|0.0000|0.0000|0.0000|0|23.04
中欣氟材|002915|-5.73|10471320|114078776.00|-1.91|0.00|-8.94|10.86|11.30|11.52|10.49|10.47|11.52|6817113|79340008.00|1|0.0000|0.0000|0.0000|0|11.52
深南电路|002916|-4.74|15335205|1605522816.00|-2.40|0.51|-8.32|104.45|107.02|110.21|100.53|15.34|109.65|8017710|886745984.00|1|0.0000|0.0000|0.0000|0|109.65
金奥博|002917|0.94|17511130|206449120.00|1.11|3.16|-1.62|11.83|11.85|12.09|11.53|17.51|11.72|11516000|136205104.00|1|0.0000|0.0000|0.0000|0|11.72
蒙娜丽莎|002918|-5.42|20989778|189161216.00|-2.82|-0.73|-10.01|9.07|9.32|9.52|8.63|20.99|9.59|12877600|125325280.00|1|0.0000|0.0000|0.0000|0|9.59
名臣健康|002919|-0.68|7559170|107610632.00|-3.18|0.07|-6.17|14.66|14.29|14.77|13.85|7.56|14.76|4257385|63658048.00|1|0.0000|0.0000|0.0000|0|14.76
德赛西威|002920|-0.79|9933530|932199040.00|-0.73|0.57|-4.91|94.94|95.00|96.25|91.00|9.93|95.70|6507624|630146816.00|1|0.0000|0.0000|0.0000|0|95.70
联诚精密|002921|-9.85|8846218|99999472.00|-5.53|-3.17|-10.01|11.08|11.61|11.90|11.06|8.85|12.29|2160372|26748084.00|1|0.0000|0.0000|0.0000|0|12.29
伊戈尔|002922|-8.65|29256568|432159872.00|-3.94|0.89|-9.98|14.37|15.11|15.87|14.16|29.26|15.73|11528300|182088336.00|1|0.0000|0.0000|0.0000|0|15.73
润都股份|002923|-9.61|47151019|746836352.00|-10.01|-2.80|-10.01|15.80|15.73|16.99|15.73|47.15|17.48|2489700|43519956.00|1|0.0000|0.0000|0.0000|0|17.48
盈趣科技|002925|-4.29|17570112|227054432.00|-0.29|0.44|-9.17|13.15|13.70|13.80|12.48|17.57|13.74|6030880|83341280.00|1|0.0000|0.0000|0.0000|0|13.74
华西证券|002926|-1.76|44764996|351031040.00|-0.25|0.88|-3.51|7.83|7.95|8.04|7.69|44.76|7.97|44716400|364108576.00|1|0.0000|0.0000|0.0000|0|7.97
泰永长征|002927|-7.43|15476866|185227152.00|-3.44|-0.63|-9.86|11.83|12.34|12.70|11.52|15.48|12.78|7631963|98222032.00|1|0.0000|0.0000|0.0000|0|12.78
华夏航空|002928|2.01|17442600|124041656.00|0.86|4.01|-0.14|7.12|7.04|7.26|6.97|17.44|6.98|25528525|180315536.00|1|0.0000|0.0000|0.0000|0|6.98
润建股份|002929|-9.76|20678613|893020544.00|-5.59|-2.38|-9.99|42.44|44.40|45.91|42.33|20.68|47.03|3304579|156309056.00|1|0.0000|0.0000|0.0000|0|47.03
宏川智慧|002930|-2.12|10386302|100696784.00|-1.51|0.91|-4.84|9.71|9.77|10.01|9.44|10.39|9.92|11081063|111455248.00|1|0.0000|0.0000|0.0000|0|9.92
锋龙股份|002931|-5.51|9551237|146627808.00|-0.18|-0.18|-9.99|15.42|16.29|16.29|14.69|9.55|16.32|4155300|68132224.00|1|0.0000|0.0000|0.0000|0|16.32
明德生物|002932|-0.30|3066426|51524980.00|0.30|1.72|-2.19|16.85|16.95|17.19|16.53|3.07|16.90|3833206|66027656.00|1|0.0000|0.0000|0.0000|0|16.90
新兴装备|002933|-5.71|7225973|205146480.00|-4.06|-1.55|-9.77|28.56|29.06|29.82|27.33|7.23|30.29|4553439|141109344.00|1|0.0000|0.0000|0.0000|0|30.29
天奥电子|002935|-3.46|14365056|180587328.00|-0.31|0.92|-6.45|12.57|12.98|13.14|12.18|14.37|13.02|9841914|130216568.00|1|0.0000|0.0000|0.0000|0|13.02
郑州银行|002936|2.25|132182919|239616512.00|0.00|2.81|-0.56|1.82|1.78|1.83|1.77|132.18|1.78|173802159|318722400.00|1|0.0000|0.0000|0.0000|0|1.78
兴瑞科技|002937|-9.58|13697289|212127056.00|-4.76|-2.41|-9.99|15.38|16.20|16.60|15.31|13.70|17.01|2114200|36212848.00|1|0.0000|0.0000|0.0000|0|17.01
鹏鼎控股|002938|-9.99|31200142|854923136.00|-6.69|-3.86|-9.99|27.04|28.03|28.88|27.04|31.20|30.04|3908100|117399328.00|1|0.0000|0.0000|0.0000|0|30.04
长城证券|002939|0.54|39971865|293984576.00|0.68|1.22|-1.09|7.39|7.40|7.44|7.27|39.97|7.35|50109000|377340832.00|1|0.0000|0.0000|0.0000|0|7.35
昂利康|002940|-2.90|6453768|80060880.00|-0.08|1.10|-5.09|12.40|12.76|12.91|12.12|6.45|12.77|4787463|62086600.00|1|0.0000|0.0000|0.0000|0|12.77
新疆交建|002941|4.75|13527772|138512736.00|-0.10|6.87|-0.10|10.37|9.89|10.58|9.89|13.53|9.90|12890732|131462896.00|1|0.0000|0.0000|0.0000|0|9.90
新农股份|002942|4.55|3152310|45744040.00|0.35|4.55|-3.57|14.95|14.35|14.95|13.79|3.15|14.30|2283410|32913956.00|1|0.0000|0.0000|0.0000|0|14.30
宇晶股份|002943|-0.99|10400567|232536672.00|-0.14|5.31|-3.20|22.00|22.19|23.40|21.51|10.40|22.22|11833296|271904288.00|1|0.0000|0.0000|0.0000|0|22.22
华林证券|002945|3.03|25201805|335965824.00|2.02|5.90|1.40|13.28|13.15|13.65|13.07|25.20|12.89|26460006|348593280.00|1|0.0000|0.0000|0.0000|0|12.89
新乳业|002946|8.03|16766873|253381856.00|-0.07|8.03|-0.14|15.60|14.43|15.60|14.42|16.77|14.44|11965600|174606592.00|1|0.0000|0.0000|0.0000|0|14.44
恒铭达|002947|-10.01|6847911|191260336.00|-10.01|-6.77|-10.01|27.77|27.77|28.77|27.77|6.85|30.86|1382400|42660864.00|1|0.0000|0.0000|0.0000|0|30.86
青岛银行|002948|3.60|61649675|247525792.00|0.00|5.40|0.00|4.03|3.89|4.10|3.89|61.65|3.89|68242562|271627680.00|1|0.0000|0.0000|0.0000|0|3.89
华阳国际|002949|-6.48|6422642|92377832.00|-3.80|0.00|-9.10|14.29|14.70|15.28|13.89|6.42|15.28|3260000|51011792.00|1|0.0000|0.0000|0.0000|0|15.28
奥美医疗|002950|-6.48|12925883|102190192.00|-2.88|0.24|-8.64|7.79|8.09|8.35|7.61|12.93|8.33|7230900|61363712.00|1|0.0000|0.0000|0.0000|0|8.33
金时科技|002951|0.88|785500|5336446.00|-3.24|4.42|-3.24|6.85|6.57|7.09|6.57|0.79|6.79|874100|5957733.00|1|0.0000|0.0000|0.0000|0|6.79
亚世光电|002952|-6.13|5398975|85373672.00|-6.49|1.02|-9.13|15.63|15.57|16.82|15.13|5.40|16.65|2608500|43747824.00|1|0.0000|0.0000|0.0000|0|16.65
日丰股份|002953|-5.61|17118432|156278224.00|-3.95|0.62|-9.55|9.09|9.25|9.69|8.71|17.12|9.63|9904897|96034016.00|1|0.0000|0.0000|0.0000|0|9.63
鸿合科技|002955|-9.85|10010346|202500832.00|-0.14|-0.14|-9.99|19.77|21.90|21.90|19.74|10.01|21.93|2675540|58816792.00|1|0.0000|0.0000|0.0000|0|21.93
西麦食品|002956|7.28|7536425|120645216.00|1.49|7.54|-1.10|16.51|15.62|16.55|15.22|7.54|15.39|5772924|91753360.00|1|0.0000|0.0000|0.0000|0|15.39
科瑞技术|002957|-6.09|14181089|189781680.00|-1.27|0.00|-9.48|13.27|13.95|14.13|12.79|14.18|14.13|7966900|113790160.00|1|0.0000|0.0000|0.0000|0|14.13
青农商行|002958|1.02|83664788|248559168.00|0.34|2.38|0.00|2.97|2.95|3.01|2.94|83.66|2.94|125567084|377067392.00|1|0.0000|0.0000|0.0000|0|2.94
小熊电器|002959|0.46|2730618|105664208.00|-2.00|1.26|-2.62|39.09|38.13|39.40|37.89|2.73|38.91|2334769|92347032.00|1|0.0000|0.0000|0.0000|0|38.91
青鸟消防|002960|-1.12|13238927|140918064.00|0.37|1.95|-2.79|10.63|10.79|10.96|10.45|13.24|10.75|14038049|152260176.00|1|0.0000|0.0000|0.0000|0|10.75
瑞达期货|002961|-8.76|20135274|282993344.00|-0.39|1.05|-10.01|13.86|15.13|15.35|13.67|20.14|15.19|14105020|220984960.00|1|0.0000|0.0000|0.0000|0|15.19
五方光电|002962|-5.53|10368255|139701296.00|-3.26|1.13|-8.65|13.33|13.65|14.27|12.89|10.37|14.11|7165352|102248200.00|1|0.0000|0.0000|0.0000|0|14.11
豪尔赛|002963|-4.03|3861500|38122200.00|-3.14|1.57|-5.70|9.77|9.86|10.34|9.60|3.86|10.18|2286900|23560520.00|1|0.0000|0.0000|0.0000|0|10.18
祥鑫科技|002965|-10.00|12470770|512558624.00|-5.72|-4.29|-10.00|40.30|42.22|42.86|40.30|12.47|44.78|2610100|117025240.00|1|0.0000|0.0000|0.0000|0|44.78
苏州银行|002966|2.46|64155400|505960640.00|0.26|3.23|0.13|7.92|7.75|7.98|7.74|64.16|7.73|80755388|632047360.00|1|0.0000|0.0000|0.0000|0|7.73
广电计量|002967|3.58|20852157|413032736.00|1.04|5.29|-0.78|19.97|19.48|20.30|19.13|20.85|19.28|20386517|408113536.00|1|0.0000|0.0000|0.0000|0|19.28
新大正|002968|-1.05|5289875|44624524.00|-2.92|0.82|-2.92|8.46|8.30|8.62|8.30|5.29|8.55|3723725|32515360.00|1|0.0000|0.0000|0.0000|0|8.55
嘉美包装|002969|-4.49|36655105|109621744.00|-1.92|0.00|-6.73|2.98|3.06|3.12|2.91|36.66|3.12|23287040|73889472.00|1|0.0000|0.0000|0.0000|0|3.12
锐明技术|002970|-10.00|8806692|376031680.00|-9.24|-0.89|-10.00|41.68|42.03|45.90|41.68|8.81|46.31|1467400|68008800.00|1|0.0000|0.0000|0.0000|0|46.31
和远气体|002971|-2.63|7275566|125029536.00|-0.73|0.62|-6.55|17.40|17.74|17.98|16.70|7.28|17.87|5191910|94934920.00|1|0.0000|0.0000|0.0000|0|17.87
科安达|002972|-9.48|11773020|112522504.00|-2.22|-1.35|-9.96|9.36|10.11|10.20|9.31|11.77|10.34|4576240|47970260.00|1|0.0000|0.0000|0.0000|0|10.34
侨银股份|002973|-10.04|11450300|112411656.00|-1.69|0.38|-10.04|9.59|10.48|10.70|9.59|11.45|10.66|2887800|31153794.00|1|0.0000|0.0000|0.0000|0|10.66
博杰股份|002975|-10.01|5371602|149477664.00|-3.89|-2.37|-10.01|27.32|29.18|29.64|27.32|5.37|30.36|2095410|64179712.00|1|0.0000|0.0000|0.0000|0|30.36
瑞玛精密|002976|-8.20|3538800|61682136.00|-4.05|-0.43|-9.86|17.23|18.01|18.69|16.92|3.54|18.77|1546100|29288332.00|1|0.0000|0.0000|0.0000|0|18.77
天箭科技|002977|-3.57|3313624|78030200.00|-1.48|1.60|-6.44|23.52|24.03|24.78|22.82|3.31|24.39|1864288|46337044.00|1|0.0000|0.0000|0.0000|0|24.39
安宁股份|002978|-0.68|3347300|98503800.00|-3.38|1.99|-3.38|29.39|28.59|30.18|28.59|3.35|29.59|4242785|128085464.00|1|0.0000|0.0000|0.0000|0|29.59
雷赛智能|002979|-9.99|15628565|590053824.00|-5.97|-2.76|-9.99|37.11|38.77|40.09|37.11|15.63|41.23|3521900|145566944.00|1|0.0000|0.0000|0.0000|0|41.23
华盛昌|002980|-8.90|4587555|101296000.00|-3.04|-2.29|-9.98|21.90|23.31|23.49|21.64|4.59|24.04|1667600|40379232.00|1|0.0000|0.0000|0.0000|0|24.04
朝阳科技|002981|-9.94|3404079|61637232.00|-0.96|-0.96|-9.99|17.75|19.52|19.52|17.74|3.40|19.71|1278200|25347640.00|1|0.0000|0.0000|0.0000|0|19.71
湘佳股份|002982|10.02|28038768|685204480.00|-5.46|10.02|-6.22|25.81|22.18|25.81|22.00|28.04|23.46|25858401|589421888.00|1|0.0000|0.0000|0.0000|0|23.46
芯瑞达|002983|-4.26|3542656|53234676.00|-1.53|1.34|-7.32|15.05|15.48|15.93|14.57|3.54|15.72|1930816|30720688.00|1|0.0000|0.0000|0.0000|0|15.72
森麒麟|002984|-6.13|25635782|498920032.00|-1.36|-0.29|-7.49|19.30|20.28|20.50|19.02|25.64|20.56|14095916|291769664.00|1|0.0000|0.0000|0.0000|0|20.56
北摩高科|002985|-0.46|4930011|107874704.00|0.87|2.65|-1.87|21.81|22.10|22.49|21.50|4.93|21.91|5303145|120163008.00|1|0.0000|0.0000|0.0000|0|21.91
宇新股份|002986|0.40|3810272|38035552.00|2.21|2.21|-0.90|9.99|10.17|10.17|9.86|3.81|9.95|6483916|65680276.00|1|0.0000|0.0000|0.0000|0|9.95
京北方|002987|-6.01|25219810|397205088.00|-2.58|0.00|-8.65|15.64|16.21|16.64|15.20|25.22|16.64|11464959|193031536.00|1|0.0000|0.0000|0.0000|0|16.64
豪美新材|002988|5.21|10517270|222282944.00|-1.57|9.68|-9.77|22.83|21.36|23.80|19.58|10.52|21.70|5001017|109110536.00|1|0.0000|0.0000|0.0000|0|21.70
中天精装|002989|-2.32|5188398|128229824.00|-0.98|-0.04|-4.87|24.87|25.21|25.45|24.22|5.19|25.46|6704288|175854592.00|1|0.0000|0.0000|0.0000|0|25.46
盛视科技|002990|-6.77|7673800|188195936.00|-0.87|-0.87|-9.39|24.53|26.08|26.08|23.84|7.67|26.31|3511500|93829040.00|1|0.0000|0.0000|0.0000|0|26.31
甘源食品|002991|7.56|2511696|184418400.00|0.46|8.49|0.00|75.01|70.06|75.66|69.74|2.51|69.74|2285800|163949280.00|1|0.0000|0.0000|0.0000|0|69.74
宝明科技|002992|-6.29|3989142|242103360.00|-3.43|-2.97|-9.47|60.66|62.51|62.81|58.60|3.99|64.73|1690700|110115480.00|1|0.0000|0.0000|0.0000|0|64.73
奥海科技|002993|-10.00|4563010|144020048.00|-5.84|-0.47|-10.00|30.68|32.10|33.93|30.68|4.56|34.09|1874807|64397028.00|1|0.0000|0.0000|0.0000|0|34.09
天地在线|002995|-7.27|6997175|109870664.00|-7.09|-0.72|-10.01|15.56|15.59|16.66|15.10|7.00|16.78|2343500|39702936.00|1|0.0000|0.0000|0.0000|0|16.78
顺博合金|002996|-4.88|23385658|132507368.00|-0.51|0.51|-6.90|5.65|5.91|5.97|5.53|23.39|5.94|15109400|90881096.00|1|0.0000|0.0000|0.0000|0|5.94
瑞鹄模具|002997|-5.93|11088500|362967936.00|-0.86|-0.06|-9.51|32.85|34.62|34.90|31.60|11.09|34.92|4768692|167513584.00|1|0.0000|0.0000|0.0000|0|34.92
优彩资源|002998|-5.80|8574900|49314424.00|-3.81|0.33|-7.79|5.68|5.80|6.05|5.56|8.57|6.03|5365800|32742706.00|1|0.0000|0.0000|0.0000|0|6.03
天禾股份|002999|9.93|20362058|125393560.00|3.01|9.93|3.01|6.20|5.81|6.20|5.81|20.36|5.64|16848524|98290040.00|1|0.0000|0.0000|0.0000|0|5.64
劲仔食品|003000|8.97|37085227|479510560.00|1.88|10.03|1.22|13.36|12.49|13.49|12.41|37.09|12.26|26101221|327188864.00|1|0.0000|0.0000|0.0000|0|12.26
中岩大地|003001|-5.82|5218789|172024112.00|-0.20|-0.20|-8.13|32.54|34.48|34.48|31.74|5.22|34.55|5133724|186190496.00|1|0.0000|0.0000|0.0000|0|34.55
壶化股份|003002|0.37|4727496|97756784.00|-0.19|1.07|-7.73|21.55|21.43|21.70|19.81|4.73|21.47|2316400|50341332.00|1|0.0000|0.0000|0.0000|0|21.47
天元股份|003003|-5.11|5995000|51610220.00|-2.55|0.33|-7.55|8.55|8.78|9.04|8.33|6.00|9.01|3434300|31287784.00|1|0.0000|0.0000|0.0000|0|9.01
*ST声迅|003004|-7.10|3143000|58037176.00|-3.90|-0.10|-9.98|18.33|18.96|19.71|17.76|3.14|19.73|1016100|20237448.00|1|0.0000|0.0000|0.0000|0|19.73
竞业达|003005|-8.47|6158855|166412496.00|-6.07|-1.61|-10.01|26.70|27.40|28.70|26.25|6.16|29.17|1384300|40601364.00|1|0.0000|0.0000|0.0000|0|29.17
百亚股份|003006|4.34|10354439|251016816.00|0.00|5.14|-1.01|24.75|23.72|24.94|23.48|10.35|23.72|6977950|166379632.00|1|0.0000|0.0000|0.0000|0|23.72
直真科技|003007|-7.57|4721050|124400560.00|-3.70|-2.27|-9.67|26.01|27.10|27.50|25.42|4.72|28.14|1730300|49178800.00|1|0.0000|0.0000|0.0000|0|28.14
开普检测|003008|-3.41|2824090|51847252.00|-0.05|-0.05|-5.67|18.40|19.04|19.04|17.97|2.82|19.05|1617290|31202066.00|1|0.0000|0.0000|0.0000|0|19.05
中天火箭|003009|1.77|2244000|75476512.00|0.72|2.13|-0.54|33.95|33.60|34.07|33.18|2.24|33.36|2519600|85739496.00|1|0.0000|0.0000|0.0000|0|33.36
若羽臣|003010|10.00|6429934|273446912.00|-5.64|10.00|-5.64|44.64|38.29|44.64|38.29|6.43|40.58|2497140|103495144.00|1|0.0000|0.0000|0.0000|0|40.58
海象新材|003011|-5.68|4981350|63911384.00|-4.06|-0.52|-8.12|12.78|13.00|13.48|12.45|4.98|13.55|2171500|29783624.00|1|0.0000|0.0000|0.0000|0|13.55
东鹏控股|003012|3.83|15749150|98239760.00|1.66|5.66|0.83|6.24|6.11|6.35|6.06|15.75|6.01|13766117|84583480.00|1|0.0000|0.0000|0.0000|0|6.01
地铁设计|003013|-0.28|5550188|79762848.00|-1.24|0.83|-3.44|14.50|14.36|14.66|14.04|5.55|14.54|4976200|73971864.00|1|0.0000|0.0000|0.0000|0|14.54
日久光电|003015|-10.03|35179600|455415008.00|-5.58|-3.46|-10.03|12.74|13.37|13.67|12.74|35.18|14.16|12565900|178766032.00|1|0.0000|0.0000|0.0000|0|14.16
欣贺股份|003016|-5.41|5214544|32313166.00|-1.85|0.15|-7.26|6.12|6.35|6.48|6.00|5.21|6.47|4539400|29663716.00|1|0.0000|0.0000|0.0000|0|6.47
大洋生物|003017|-3.47|2337528|44367388.00|-1.07|0.87|-5.98|18.90|19.37|19.75|18.41|2.34|19.58|2066300|41110444.00|1|0.0000|0.0000|0.0000|0|19.58
金富科技|003018|-5.31|6116900|55679268.00|0.00|0.83|-8.43|9.10|9.61|9.69|8.80|6.12|9.61|3839400|37445708.00|1|0.0000|0.0000|0.0000|0|9.61
宸展光电|003019|-9.99|3836279|110885408.00|-7.30|-2.72|-9.99|28.48|29.33|30.78|28.48|3.84|31.64|1791999|57688180.00|1|0.0000|0.0000|0.0000|0|31.64
立方制药|003020|4.84|2347361|43211156.00|-2.00|4.95|-2.00|18.85|17.62|18.87|17.62|2.35|17.98|3640624|66487608.00|1|0.0000|0.0000|0.0000|0|17.98
兆威机电|003021|-10.00|4774640|474850400.00|-10.00|-5.89|-10.00|98.98|98.98|103.50|98.98|4.77|109.98|684900|75325304.00|1|0.0000|0.0000|0.0000|0|109.98
联泓新科|003022|0.15|9698595|129804048.00|0.15|1.85|-2.89|13.50|13.50|13.73|13.09|9.70|13.48|9199058|126377200.00|1|0.0000|0.0000|0.0000|0|13.48
彩虹集团|003023|1.53|3467210|58752440.00|0.00|2.47|-2.47|17.23|16.97|17.39|16.55|3.47|16.97|3809160|67411888.00|1|0.0000|0.0000|0.0000|0|16.97
思进智能|003025|-8.40|13681980|208432640.00|-5.66|-1.28|-9.98|15.05|15.50|16.22|14.79|13.68|16.43|5961075|98534416.00|1|0.0000|0.0000|0.0000|0|16.43
中晶科技|003026|-5.69|3941723|98808760.00|-2.84|-0.19|-8.23|24.88|25.63|26.33|24.21|3.94|26.38|1640390|43802876.00|1|0.0000|0.0000|0.0000|0|26.38
同兴科技|003027|-2.03|2872700|38865880.00|-0.15|1.74|-4.07|13.48|13.74|14.00|13.20|2.87|13.76|3048300|42635084.00|1|0.0000|0.0000|0.0000|0|13.76
振邦智能|003028|-9.99|3193800|122557184.00|-7.47|-1.99|-9.99|37.94|39.00|41.31|37.94|3.19|42.15|982700|41464328.00|1|0.0000|0.0000|0.0000|0|42.15
吉大正元|003029|-6.65|5617592|106014704.00|-4.23|1.36|-9.27|18.52|19.00|20.11|18.00|5.62|19.84|3395400|68057624.00|1|0.0000|0.0000|0.0000|0|19.84
祖名股份|003030|5.24|24572235|484148512.00|-6.80|7.75|-10.02|20.90|18.51|21.40|17.87|24.57|19.86|23066491|451995904.00|1|0.0000|0.0000|0.0000|0|19.86
中瓷电子|003031|4.40|2601972|109296632.00|0.34|4.45|0.34|42.67|41.01|42.69|41.01|2.60|40.87|3007464|125692480.00|1|0.0000|0.0000|0.0000|0|40.87
*ST传智|003032|-4.55|12589820|82889864.00|-0.44|1.91|-7.64|6.50|6.78|6.94|6.29|12.59|6.81|8920400|61543584.00|1|0.0000|0.0000|0.0000|0|6.81
征和工业|003033|-7.37|4337000|150082512.00|-4.51|-1.83|-10.00|34.92|36.00|37.01|33.93|4.34|37.70|1071588|41182156.00|1|0.0000|0.0000|0.0000|0|37.70
南网能源|003035|4.58|24152341|98487640.00|1.02|4.83|0.76|4.11|3.97|4.12|3.96|24.15|3.93|33250828|134375904.00|1|0.0000|0.0000|0.0000|0|3.93
泰坦股份|003036|-1.99|3874009|41615140.00|-0.72|0.45|-8.75|10.86|11.00|11.13|10.11|3.87|11.08|4529500|51512368.00|1|0.0000|0.0000|0.0000|0|11.08
三和管桩|003037|10.05|13145000|76138144.00|-3.05|10.05|-4.13|6.13|5.40|6.13|5.34|13.15|5.57|9298500|52572552.00|1|0.0000|0.0000|0.0000|0|5.57
鑫铂股份|003038|-7.95|9223448|159819552.00|-7.21|-4.00|-10.01|17.48|17.62|18.23|17.09|9.22|18.99|2346160|44740296.00|1|0.0000|0.0000|0.0000|0|18.99
顺控发展|003039|1.34|9920752|126862168.00|-1.73|2.99|-1.73|12.86|12.47|13.07|12.47|9.92|12.69|11143800|146039536.00|1|0.0000|0.0000|0.0000|0|12.69
楚天龙|003040|-3.75|13016510|144223632.00|-2.18|0.52|-6.45|11.05|11.23|11.54|10.74|13.02|11.48|7620355|88808632.00|1|0.0000|0.0000|0.0000|0|11.48
真爱美家|003041|1.23|1929808|50675704.00|-2.50|3.97|-2.50|26.27|25.30|26.98|25.30|1.93|25.95|3358852|90534296.00|1|0.0000|0.0000|0.0000|0|25.95
中农联合|003042|10.01|8905591|126597600.00|1.21|10.01|1.21|14.51|13.35|14.51|13.35|8.91|13.19|5200040|70772320.00|1|0.0000|0.0000|0.0000|0|13.19
华亚智能|003043|0.44|3647217|173237632.00|-0.04|3.97|-3.47|47.82|47.59|49.50|45.96|3.65|47.61|3540700|174294560.00|1|0.0000|0.0000|0.0000|0|47.61
中国广核|003816|4.99|240855404|846111104.00|0.00|5.28|0.00|3.58|3.41|3.59|3.41|240.86|3.41|331225812|1157237248.00|1|0.0000|0.0000|0.0000|0|3.41
特锐德|300001|0.65|28420842|627349952.00|2.07|4.79|-0.51|21.84|22.15|22.74|21.59|28.42|21.70|40990918|919463360.00|1|0.0000|0.0000|0.0000|0|21.70
神州泰岳|300002|3.39|100362856|1072556160.00|2.62|7.75|0.00|10.67|10.59|11.12|10.32|100.36|10.32|125085738|1361866624.00|1|0.0000|0.0000|0.0000|0|10.32
乐普医疗|300003|2.30|27416500|292796864.00|1.25|4.89|0.96|10.66|10.55|10.93|10.52|27.42|10.42|48546707|525034528.00|1|0.0000|0.0000|0.0000|0|10.42
南风股份|300004|2.49|42885900|281418816.00|2.96|8.26|-4.36|6.58|6.61|6.95|6.14|42.89|6.42|51570333|353785248.00|1|0.0000|0.0000|0.0000|0|6.42
探路者|300005|6.31|151534641|1366827136.00|1.72|7.12|-0.46|9.26|8.86|9.33|8.67|151.53|8.71|157805532|1352814080.00|1|0.0000|0.0000|0.0000|0|8.71
莱美药业|300006|1.32|25680721|79314880.00|0.33|5.59|-0.99|3.08|3.05|3.21|3.01|25.68|3.04|38063900|121337024.00|1|0.0000|0.0000|0.0000|0|3.04
汉威科技|300007|1.31|35198044|1030759232.00|-0.14|5.10|-2.86|29.40|28.98|30.50|28.19|35.20|29.02|30338280|931479552.00|1|0.0000|0.0000|0.0000|0|29.02
天海防务|300008|7.13|245957160|1252433280.00|1.47|10.27|1.47|5.11|4.84|5.26|4.84|245.96|4.77|245839582|1224370176.00|1|0.0000|0.0000|0.0000|0|4.77
安科生物|300009|3.29|23791639|186210672.00|1.19|5.27|1.19|7.84|7.68|7.99|7.68|23.79|7.59|38681190|305943552.00|1|0.0000|0.0000|0.0000|0|7.59
豆神教育|300010|4.35|86668248|560738112.00|4.03|8.06|1.61|6.47|6.45|6.70|6.30|86.67|6.20|110733084|730481344.00|1|0.0000|0.0000|0.0000|0|6.20
鼎汉技术|300011|3.92|20204826|140079792.00|3.32|7.99|1.21|6.89|6.85|7.16|6.71|20.20|6.63|32274780|228461904.00|1|0.0000|0.0000|0.0000|0|6.63
华测检测|300012|4.63|49714578|581650112.00|2.58|6.41|2.49|11.75|11.52|11.95|11.51|49.71|11.23|68147498|795385024.00|1|0.0000|0.0000|0.0000|0|11.23
新宁物流|300013|1.77|12038550|41274696.00|-0.88|4.72|-1.47|3.45|3.36|3.55|3.34|12.04|3.39|22735350|79207536.00|1|0.0000|0.0000|0.0000|0|3.39
亿纬锂能|300014|2.89|28136457|1137235200.00|0.25|4.44|0.18|40.54|39.50|41.15|39.47|28.14|39.40|43034662|1731797760.00|1|0.0000|0.0000|0.0000|0|39.40
爱尔眼科|300015|3.93|119970902|1516369536.00|1.56|4.84|1.48|12.68|12.39|12.79|12.38|119.97|12.20|152445916|1893963648.00|1|0.0000|0.0000|0.0000|0|12.20
北陆药业|300016|2.92|13551050|81554304.00|1.55|6.36|0.86|5.99|5.91|6.19|5.87|13.55|5.82|20798549|129207168.00|1|0.0000|0.0000|0.0000|0|5.82
网宿科技|300017|3.81|145386789|1427624576.00|2.11|6.45|1.06|9.82|9.66|10.07|9.56|145.39|9.46|169276389|1700749952.00|1|0.0000|0.0000|0.0000|0|9.46
中元股份|300018|4.19|21210039|127542064.00|1.92|8.73|1.22|5.97|5.84|6.23|5.80|21.21|5.73|27773340|170644000.00|1|0.0000|0.0000|0.0000|0|5.73
硅宝科技|300019|4.14|15559932|247730048.00|3.68|7.69|1.71|15.85|15.78|16.39|15.48|15.56|15.22|18774407|293776992.00|1|0.0000|0.0000|0.0000|0|15.22
ST银江|300020|-1.35|32811309|98150208.00|1.35|4.71|-4.04|2.93|3.01|3.11|2.85|32.81|2.97|42105038|130478864.00|1|0.0000|0.0000|0.0000|0|2.97
大禹节水|300021|19.95|103151467|471308448.00|3.49|19.95|3.49|4.81|4.15|4.81|4.15|103.15|4.01|38239176|157136272.00|1|0.0000|0.0000|0.0000|0|4.01
吉峰科技|300022|16.75|41490001|288502560.00|5.69|16.91|5.69|7.18|6.50|7.19|6.50|41.49|6.15|24584003|157429392.00|1|0.0000|0.0000|0.0000|0|6.15
机器人|300024|4.71|64136818|955711744.00|1.83|8.73|1.83|14.88|14.47|15.45|14.47|64.14|14.21|84286058|1276421632.00|1|0.0000|0.0000|0.0000|0|14.21
华星创业|300025|4.58|18514433|114163208.00|1.87|8.32|0.85|6.16|6.00|6.38|5.94|18.51|5.89|24968600|152906000.00|1|0.0000|0.0000|0.0000|0|5.89
红日药业|300026|4.44|62483800|204361760.00|0.95|5.40|0.95|3.29|3.18|3.32|3.18|62.48|3.15|91513475|302207680.00|1|0.0000|0.0000|0.0000|0|3.15
华谊兄弟|300027|3.85|111945011|241697888.00|0.00|6.25|0.00|2.16|2.08|2.21|2.08|111.95|2.08|156074183|338205472.00|1|0.0000|0.0000|0.0000|0|2.08
*ST天龙|300029|4.76|2100900|9184949.00|1.19|6.67|0.00|4.40|4.25|4.48|4.20|2.10|4.20|3421960|15239900.00|1|0.0000|0.0000|0.0000|0|4.20
阳普医疗|300030|3.79|9886037|48956908.00|2.11|8.63|1.26|4.93|4.85|5.16|4.81|9.89|4.75|11514000|58389268.00|1|0.0000|0.0000|0.0000|0|4.75
宝通科技|300031|1.42|34691600|743077440.00|1.42|5.69|-2.37|21.40|21.40|22.30|20.60|34.69|21.10|34582500|775778560.00|1|0.0000|0.0000|0.0000|0|21.10
金龙机电|300032|4.27|26295914|95619136.00|2.56|6.55|1.14|3.66|3.60|3.74|3.55|26.30|3.51|35900975|134355600.00|1|0.0000|0.0000|0.0000|0|3.51
同花顺|300033|2.08|12806971|3229704448.00|1.97|4.39|0.19|251.30|251.02|256.99|246.65|12.81|246.18|18602088|4690851840.00|1|0.0000|0.0000|0.0000|0|246.18
钢研高纳|300034|3.19|17188439|255392528.00|2.57|5.41|0.97|14.88|14.79|15.20|14.56|17.19|14.42|29639572|440364160.00|1|0.0000|0.0000|0.0000|0|14.42
中科电气|300035|3.85|39068037|527340064.00|2.70|7.86|0.92|13.48|13.33|14.00|13.10|39.07|12.98|48121540|655002624.00|1|0.0000|0.0000|0.0000|0|12.98
超图软件|300036|6.37|17738516|244646352.00|2.30|9.36|2.30|13.86|13.33|14.25|13.33|17.74|13.03|20492790|283739328.00|1|0.0000|0.0000|0.0000|0|13.03
新宙邦|300037|0.75|13827857|388944544.00|1.79|4.23|-1.15|28.10|28.39|29.07|27.57|13.83|27.89|18656741|540008192.00|1|0.0000|0.0000|0.0000|0|27.89
上海凯宝|300039|3.34|48757434|288443744.00|0.35|6.68|0.35|5.88|5.71|6.07|5.71|48.76|5.69|67868811|407793664.00|1|0.0000|0.0000|0.0000|0|5.69
九洲集团|300040|3.82|52525611|316567424.00|3.47|8.85|1.91|5.98|5.96|6.27|5.87|52.53|5.76|64006237|381697664.00|1|0.0000|0.0000|0.0000|0|5.76
回天新材|300041|1.95|19500690|153730240.00|2.73|5.33|0.00|7.84|7.90|8.10|7.69|19.50|7.69|34180495|273526880.00|1|0.0000|0.0000|0.0000|0|7.69
朗科科技|300042|-0.27|17845337|392447456.00|1.22|4.54|-5.22|21.99|22.32|23.05|20.90|17.85|22.05|17394600|407629184.00|1|0.0000|0.0000|0.0000|0|22.05
星辉娱乐|300043|4.39|48590900|149375552.00|1.35|6.76|1.35|3.09|3.00|3.16|3.00|48.59|2.96|62816320|198060656.00|1|0.0000|0.0000|0.0000|0|2.96
ST赛为|300044|3.98|48097445|262904672.00|0.76|7.59|0.19|5.48|5.31|5.67|5.28|48.10|5.27|70280835|391153088.00|1|0.0000|0.0000|0.0000|0|5.27
华力创通|300045|7.24|27847300|446593952.00|0.27|9.56|0.27|16.15|15.10|16.50|15.10|27.85|15.06|26687087|428480736.00|1|0.0000|0.0000|0.0000|0|15.06
台基股份|300046|6.01|17399804|443484608.00|1.88|10.09|1.83|25.42|24.43|26.40|24.42|17.40|23.98|13671900|349246208.00|1|0.0000|0.0000|0.0000|0|23.98
天源迪科|300047|5.38|48407599|519366720.00|2.84|8.22|1.27|10.77|10.51|11.06|10.35|48.41|10.22|48544642|527930208.00|1|0.0000|0.0000|0.0000|0|10.22
合康新能|300048|1.77|34075504|158240160.00|2.88|6.64|-0.66|4.60|4.65|4.82|4.49|34.08|4.52|59631668|283797952.00|1|0.0000|0.0000|0.0000|0|4.52
福瑞医科|300049|4.73|7305250|211093808.00|0.69|9.10|0.69|28.78|27.67|29.98|27.67|7.31|27.48|10664014|309318368.00|1|0.0000|0.0000|0.0000|0|27.48
世纪鼎利|300050|4.93|20524900|91263568.00|0.94|7.04|0.94|4.47|4.30|4.56|4.30|20.52|4.26|27961800|126708312.00|1|0.0000|0.0000|0.0000|0|4.26
琏升科技|300051|-0.64|6034853|37793672.00|-0.96|1.92|-1.12|6.22|6.20|6.38|6.19|6.03|6.26|3802359|23935438.00|0|0.0000|0.0000|0.0000|0|6.26
ST中青宝|300052|2.33|16808719|146870048.00|1.98|5.60|-1.05|8.77|8.74|9.05|8.48|16.81|8.57|23402495|215062096.00|1|0.0000|0.0000|0.0000|0|8.57
航宇微|300053|4.41|24422872|261034592.00|3.53|8.13|1.37|10.66|10.57|11.04|10.35|24.42|10.21|30993728|339618752.00|1|0.0000|0.0000|0.0000|0|10.21
鼎龙股份|300054|0.31|24270638|639756672.00|0.96|4.97|-1.12|26.04|26.21|27.25|25.67|24.27|25.96|34104178|903484544.00|1|0.0000|0.0000|0.0000|0|25.96
万邦达|300055|4.11|15359868|70070776.00|1.83|6.62|1.83|4.56|4.46|4.67|4.46|15.36|4.38|21171754|98525680.00|1|0.0000|0.0000|0.0000|0|4.38
中创环保|300056|0.63|18481871|204786960.00|0.54|7.66|-3.60|11.17|11.16|11.95|10.70|18.48|11.10|22935811|267925664.00|1|0.0000|0.0000|0.0000|0|11.10
万顺新材|300057|3.74|25876199|107309224.00|1.00|6.48|0.75|4.16|4.05|4.27|4.04|25.88|4.01|37523089|159476448.00|1|0.0000|0.0000|0.0000|0|4.01
蓝色光标|300058|3.30|172402006|1304064384.00|0.00|8.39|0.00|7.51|7.27|7.88|7.27|172.40|7.27|213509163|1646960256.00|1|0.0000|0.0000|0.0000|0|7.27
东方财富|300059|1.91|520569024|10290950144.00|1.71|4.24|0.57|19.70|19.66|20.15|19.44|520.57|19.33|846804585|16888038400.00|1|0.0000|0.0000|0.0000|0|19.33
旗天科技|300061|3.21|24394700|242361600.00|0.00|6.10|-0.21|9.98|9.67|10.26|9.65|24.39|9.67|27328190|279354464.00|1|0.0000|0.0000|0.0000|0|9.67
中能电气|300062|2.91|9976480|45814192.00|0.45|5.15|0.22|4.60|4.49|4.70|4.48|9.98|4.47|18202102|85430528.00|1|0.0000|0.0000|0.0000|0|4.47
天龙集团|300063|2.02|42847289|323079296.00|-1.62|4.99|-3.23|7.57|7.30|7.79|7.18|42.85|7.42|44943597|352507008.00|1|0.0000|0.0000|0.0000|0|7.42
海兰信|300065|7.51|141200277|1772164096.00|3.80|12.95|3.80|12.45|12.02|13.08|12.02|141.20|11.58|122715558|1522761472.00|1|0.0000|0.0000|0.0000|0|11.58
三川智慧|300066|5.80|24716200|89067584.00|3.19|6.96|2.03|3.65|3.56|3.69|3.52|24.72|3.45|27202258|99224616.00|1|0.0000|0.0000|0.0000|0|3.45
安诺其|300067|3.84|96536344|494431456.00|4.65|6.67|0.20|5.14|5.18|5.28|4.96|96.54|4.95|134332280|688267200.00|1|0.0000|0.0000|0.0000|0|4.95
南都电源|300068|3.84|58306960|799913728.00|0.08|6.03|0.08|13.78|13.28|14.07|13.28|58.31|13.27|68248431|959605888.00|1|0.0000|0.0000|0.0000|0|13.27
金利华电|300069|4.75|5104562|76503048.00|3.35|8.17|1.96|15.00|14.80|15.49|14.60|5.10|14.32|7425640|114420000.00|1|0.0000|0.0000|0.0000|0|14.32
碧水源|300070|4.66|54491984|233048240.00|2.21|6.62|1.96|4.27|4.17|4.35|4.16|54.49|4.08|76420862|326548480.00|1|0.0000|0.0000|0.0000|0|4.08
福石控股|300071|7.77|79665760|352106240.00|0.24|9.71|0.24|4.44|4.13|4.52|4.13|79.67|4.12|68202820|298477376.00|1|0.0000|0.0000|0.0000|0|4.12
海新能科|300072|3.40|32997597|90502952.00|0.38|6.79|0.38|2.74|2.66|2.83|2.66|33.00|2.65|51272339|142650016.00|1|0.0000|0.0000|0.0000|0|2.65
当升科技|300073|2.41|15077637|535272224.00|3.07|4.48|-0.34|35.65|35.88|36.37|34.69|15.08|34.81|24432481|882427008.00|1|0.0000|0.0000|0.0000|0|34.81
华平股份|300074|3.27|20746264|78531488.00|1.91|7.08|0.00|3.79|3.74|3.93|3.67|20.75|3.67|26316718|101918784.00|1|0.0000|0.0000|0.0000|0|3.67
数字政通|300075|4.86|30917086|446593856.00|1.30|8.91|1.23|14.47|13.98|15.03|13.97|30.92|13.80|33470472|493911872.00|1|0.0000|0.0000|0.0000|0|13.80
GQY视讯|300076|1.71|23357216|153544576.00|2.80|7.32|-2.02|6.53|6.60|6.89|6.29|23.36|6.42|31921336|224661616.00|1|0.0000|0.0000|0.0000|0|6.42
国民技术|300077|6.42|50735520|1011895744.00|0.00|10.76|0.00|19.88|18.68|20.69|18.68|50.74|18.68|46493420|924028352.00|1|0.0000|0.0000|0.0000|0|18.68
思创医惠|300078|5.09|63010699|181311024.00|0.00|8.36|0.00|2.89|2.75|2.98|2.75|63.01|2.75|75892640|222021760.00|1|0.0000|0.0000|0.0000|0|2.75
数码视讯|300079|5.56|57625600|265656304.00|3.47|10.65|3.01|4.56|4.47|4.78|4.45|57.63|4.32|63455137|294083040.00|1|0.0000|0.0000|0.0000|0|4.32
易成新能|300080|5.19|25182280|81704128.00|1.62|8.12|0.97|3.24|3.13|3.33|3.11|25.18|3.08|31092876|102231792.00|1|0.0000|0.0000|0.0000|0|3.08
恒信东方|300081|3.51|29828259|167868384.00|1.11|7.75|0.00|5.61|5.48|5.84|5.42|29.83|5.42|40633241|233074464.00|1|0.0000|0.0000|0.0000|0|5.42
奥克股份|300082|5.29|13126200|70448752.00|0.78|8.43|0.78|5.37|5.14|5.53|5.14|13.13|5.10|18437526|99567792.00|1|0.0000|0.0000|0.0000|0|5.10
创世纪|300083|4.39|131855497|979486016.00|3.40|9.07|1.42|7.37|7.30|7.70|7.16|131.86|7.06|143437835|1080059776.00|1|0.0000|0.0000|0.0000|0|7.06
海默科技|300084|9.77|93314123|582039232.00|3.20|16.34|3.20|6.18|5.81|6.55|5.81|93.31|5.63|65367169|390114176.00|1|0.0000|0.0000|0.0000|0|5.63
银之杰|300085|4.88|46958355|1441364224.00|3.48|7.62|1.78|30.71|30.30|31.51|29.80|46.96|29.28|57885510|1767369600.00|1|0.0000|0.0000|0.0000|0|29.28
康芝药业|300086|3.32|18783800|81642320.00|1.90|5.45|0.95|4.36|4.30|4.45|4.26|18.78|4.22|28950012|129632304.00|1|0.0000|0.0000|0.0000|0|4.22
荃银高科|300087|12.16|183165807|2061660672.00|-1.92|19.16|-7.09|11.71|10.24|12.44|9.70|183.17|10.44|135375881|1412615040.00|1|0.0000|0.0000|0.0000|0|10.44
长信科技|300088|3.70|82063868|415708928.00|2.05|7.80|1.03|5.05|4.97|5.25|4.92|82.06|4.87|109354460|567262016.00|1|0.0000|0.0000|0.0000|0|4.87
金通灵|300091|2.13|86013649|202877840.00|2.13|5.53|-6.38|2.40|2.40|2.48|2.20|86.01|2.35|97991580|244933120.00|1|0.0000|0.0000|0.0000|0|2.35
科新机电|300092|2.75|16536615|180634576.00|1.99|7.50|-0.57|10.83|10.75|11.33|10.48|16.54|10.54|24936747|276592576.00|1|0.0000|0.0000|0.0000|0|10.54
*ST金刚|300093|3.79|12024300|95896032.00|-2.22|6.66|-2.74|7.95|7.49|8.17|7.45|12.02|7.66|15306400|124007912.00|1|0.0000|0.0000|0.0000|0|7.66
国联水产|300094|19.61|144759827|498438944.00|3.59|19.93|3.59|3.66|3.17|3.67|3.17|144.76|3.06|85154682|276065184.00|1|0.0000|0.0000|0.0000|0|3.06
华伍股份|300095|5.64|15074440|89556968.00|1.41|6.53|1.41|5.99|5.75|6.04|5.75|15.07|5.67|16644954|99285304.00|1|0.0000|0.0000|0.0000|0|5.67
ST易联众|300096|3.75|16708900|60285152.00|3.17|7.78|1.15|3.60|3.58|3.74|3.51|16.71|3.47|23467800|88253904.00|1|0.0000|0.0000|0.0000|0|3.47
ST智云|300097|1.02|10387400|41492676.00|0.77|4.34|-0.26|3.96|3.95|4.09|3.91|10.39|3.92|15340933|63497308.00|1|0.0000|0.0000|0.0000|0|3.92
高新兴|300098|2.90|64319101|275218112.00|0.24|7.25|0.24|4.26|4.15|4.44|4.15|64.32|4.14|89134983|391112960.00|1|0.0000|0.0000|0.0000|0|4.14
尤洛卡|300099|1.05|19333605|110991736.00|0.35|3.34|-1.93|5.75|5.71|5.88|5.58|19.33|5.69|28851600|164361248.00|1|0.0000|0.0000|0.0000|0|5.69
双林股份|300100|-8.44|52516300|2911975168.00|2.56|4.14|-11.98|53.26|59.66|60.58|51.20|52.52|58.17|51768075|3030931968.00|1|0.0000|0.0000|0.0000|0|58.17
振芯科技|300101|6.18|26426531|404050752.00|1.80|9.37|1.32|15.30|14.67|15.76|14.60|26.43|14.41|30395617|474133056.00|1|0.0000|0.0000|0.0000|0|14.41
乾照光电|300102|1.52|30067502|281728768.00|1.20|5.77|-1.74|9.33|9.30|9.72|9.03|30.07|9.19|42321902|417658464.00|1|0.0000|0.0000|0.0000|0|9.19
达刚控股|300103|3.73|6508564|32217566.00|0.21|5.38|-1.04|5.01|4.84|5.09|4.78|6.51|4.83|10645150|54513900.00|1|0.0000|0.0000|0.0000|0|4.83
龙源技术|300105|3.91|15381695|93525512.00|0.85|5.61|0.68|6.11|5.93|6.21|5.92|15.38|5.88|23626196|144633312.00|1|0.0000|0.0000|0.0000|0|5.88
西部牧业|300106|12.71|58374127|633225984.00|1.60|18.02|-3.70|11.26|10.15|11.79|9.62|58.37|9.99|46255724|462110112.00|1|0.0000|0.0000|0.0000|0|9.99
建新股份|300107|3.38|14375700|100692928.00|0.29|6.47|0.00|7.03|6.82|7.24|6.80|14.38|6.80|17141913|123255688.00|1|0.0000|0.0000|0.0000|0|6.80
新开源|300109|2.70|18367744|257472864.00|1.61|5.99|-0.73|14.07|13.92|14.52|13.60|18.37|13.70|25876010|372665856.00|1|0.0000|0.0000|0.0000|0|13.70
华仁药业|300110|3.20|25588407|73918160.00|1.78|4.63|0.71|2.90|2.86|2.94|2.83|25.59|2.81|51520300|151175152.00|1|0.0000|0.0000|0.0000|0|2.81
向日葵|300111|4.10|25803721|65628592.00|1.23|7.79|1.23|2.54|2.47|2.63|2.47|25.80|2.44|41741782|109295984.00|1|0.0000|0.0000|0.0000|0|2.44
万讯自控|300112|2.45|10810407|76962784.00|1.73|7.65|-0.43|7.10|7.05|7.46|6.90|10.81|6.93|14799800|109027856.00|1|0.0000|0.0000|0.0000|0|6.93
顺网科技|300113|4.60|36216462|580188608.00|1.23|7.78|0.52|16.14|15.62|16.63|15.51|36.22|15.43|37370314|613669696.00|1|0.0000|0.0000|0.0000|0|15.43
长盈精密|300115|1.82|102792748|1961816704.00|0.54|6.86|-1.39|18.99|18.75|19.93|18.39|102.79|18.65|116929938|2299819008.00|1|0.0000|0.0000|0.0000|0|18.65
东方日升|300118|4.04|26938884|237449040.00|2.38|8.08|1.90|8.76|8.62|9.10|8.58|26.94|8.42|37719840|338666080.00|1|0.0000|0.0000|0.0000|0|8.42
瑞普生物|300119|9.49|25704044|462810400.00|-0.06|9.90|-0.23|18.81|17.17|18.88|17.14|25.70|17.18|24766897|443249984.00|1|0.0000|0.0000|0.0000|0|17.18
经纬辉开|300120|4.08|26269453|188230896.00|1.46|7.43|1.46|7.14|6.96|7.37|6.96|26.27|6.86|28099320|205494880.00|1|0.0000|0.0000|0.0000|0|6.86
阳谷华泰|300121|5.85|14880898|147601376.00|2.13|8.40|2.13|9.95|9.60|10.19|9.60|14.88|9.40|20213326|201363536.00|1|0.0000|0.0000|0.0000|0|9.40
智飞生物|300122|3.58|26400963|591950400.00|2.48|4.83|1.52|22.54|22.30|22.81|22.09|26.40|21.76|47277680|1067392000.00|1|0.0000|0.0000|0.0000|0|21.76
亚光科技|300123|5.22|38737413|195682960.00|0.00|8.98|0.00|5.04|4.79|5.22|4.79|38.74|4.79|48700901|245555264.00|1|0.0000|0.0000|0.0000|0|4.79
汇川技术|300124|0.65|38515641|2406499328.00|0.35|3.50|-1.06|62.40|62.22|64.17|61.34|38.52|62.00|57116973|3652621312.00|1|0.0000|0.0000|0.0000|0|62.00
*ST聆达|300125|3.73|29579591|196578432.00|1.86|7.30|0.16|6.68|6.56|6.91|6.45|29.58|6.44|29919005|205845792.00|1|0.0000|0.0000|0.0000|0|6.44
锐奇股份|300126|3.04|11577487|62426080.00|2.47|6.45|-1.33|5.43|5.40|5.61|5.20|11.58|5.27|11825400|65641912.00|1|0.0000|0.0000|0.0000|0|5.27
银河磁体|300127|15.32|46154965|1262966144.00|-7.27|20.00|-7.27|29.35|23.60|30.54|23.60|46.15|25.45|36107208|928458240.00|1|0.0000|0.0000|0.0000|0|25.45
锦富技术|300128|0.44|59405367|273029248.00|1.97|4.81|-3.06|4.59|4.66|4.79|4.43|59.41|4.57|80054902|386860992.00|1|0.0000|0.0000|0.0000|0|4.57
泰胜风能|300129|2.65|18939682|117366784.00|0.33|4.80|0.33|6.20|6.06|6.33|6.06|18.94|6.04|33756280|210760544.00|1|0.0000|0.0000|0.0000|0|6.04
新国都|300130|4.45|20546072|354969632.00|2.41|8.00|0.96|17.36|17.02|17.95|16.78|20.55|16.62|27313186|484997184.00|1|0.0000|0.0000|0.0000|0|16.62
英唐智控|300131|1.29|48263410|304829760.00|1.29|5.31|-1.61|6.30|6.30|6.55|6.12|48.26|6.22|62797510|414007712.00|1|0.0000|0.0000|0.0000|0|6.22
青松股份|300132|2.78|13628800|65560056.00|1.93|4.71|1.50|4.80|4.76|4.89|4.74|13.63|4.67|28718904|144176016.00|1|0.0000|0.0000|0.0000|0|4.67
华策影视|300133|5.82|101709024|645163008.00|2.66|7.99|2.66|6.36|6.17|6.49|6.17|101.71|6.01|121081030|771579584.00|1|0.0000|0.0000|0.0000|0|6.01
大富科技|300134|5.57|26454116|259347232.00|0.11|7.71|0.11|9.86|9.35|10.06|9.35|26.45|9.34|27303280|271254688.00|1|0.0000|0.0000|0.0000|0|9.34
宝利国际|300135|1.74|22937700|80951432.00|1.74|5.22|-0.29|3.51|3.51|3.63|3.44|22.94|3.45|35523500|126178848.00|1|0.0000|0.0000|0.0000|0|3.45
信维通信|300136|-0.71|40499037|741416512.00|0.00|3.87|-3.44|18.20|18.33|19.04|17.70|40.50|18.33|45436927|874055808.00|1|0.0000|0.0000|0.0000|0|18.33
先河环保|300137|4.57|10412210|57050280.00|4.95|9.33|0.00|5.49|5.51|5.74|5.25|10.41|5.25|11619092|64510220.00|1|0.0000|0.0000|0.0000|0|5.25
晨光生物|300138|19.98|49641980|569554944.00|12.01|19.98|12.01|11.59|10.82|11.59|10.82|49.64|9.66|46620648|472559392.00|1|0.0000|0.0000|0.0000|0|9.66
晓程科技|300139|0.86|39765500|601106048.00|0.07|3.43|-4.23|15.27|15.15|15.66|14.50|39.77|15.14|47634691|749261824.00|1|0.0000|0.0000|0.0000|0|15.14
节能环境|300140|4.58|20566721|107351520.00|0.80|5.78|0.60|5.25|5.06|5.31|5.05|20.57|5.02|21442512|112143792.00|1|0.0000|0.0000|0.0000|0|5.02
和顺电气|300141|2.98|5787750|42325504.00|2.27|6.38|0.43|7.26|7.21|7.50|7.08|5.79|7.05|9297700|68922176.00|1|0.0000|0.0000|0.0000|0|7.05
沃森生物|300142|4.70|37820437|392026176.00|2.00|5.90|1.90|10.47|10.20|10.59|10.19|37.82|10.00|61677056|644909504.00|1|0.0000|0.0000|0.0000|0|10.00
盈康生命|300143|3.05|11215971|98561616.00|1.17|6.21|0.47|8.79|8.63|9.06|8.57|11.22|8.53|16684987|150327584.00|1|0.0000|0.0000|0.0000|0|8.53
宋城演艺|300144|2.83|59137238|535455328.00|1.81|4.07|0.79|9.09|9.00|9.20|8.91|59.14|8.84|85349181|768176000.00|1|0.0000|0.0000|0.0000|0|8.84
南方泵业|300145|4.47|74796079|243025344.00|2.88|6.07|1.92|3.27|3.22|3.32|3.19|74.80|3.13|111839593|364952512.00|1|0.0000|0.0000|0.0000|0|3.13
汤臣倍健|300146|3.60|20292363|221132032.00|2.18|4.26|1.70|10.95|10.80|11.02|10.75|20.29|10.57|34407476|373898048.00|1|0.0000|0.0000|0.0000|0|10.57
ST香雪|300147|5.05|29526601|151267760.00|3.03|5.66|1.21|5.20|5.10|5.23|5.01|29.53|4.95|41219158|223727200.00|1|0.0000|0.0000|0.0000|0|4.95
天舟文化|300148|5.04|57525274|215282704.00|2.24|7.56|1.96|3.75|3.65|3.84|3.64|57.53|3.57|69973476|263829024.00|1|0.0000|0.0000|0.0000|0|3.57
睿智医药|300149|1.48|19300200|107338216.00|1.48|7.96|-0.37|5.48|5.48|5.83|5.38|19.30|5.40|30763101|179491344.00|1|0.0000|0.0000|0.0000|0|5.40
世纪瑞尔|300150|5.07|22945500|90730144.00|2.93|10.93|1.60|3.94|3.86|4.16|3.81|22.95|3.75|23058298|91150608.00|1|0.0000|0.0000|0.0000|0|3.75
昌红科技|300151|3.59|14592630|183328208.00|0.33|9.02|0.33|12.41|12.02|13.06|12.02|14.59|11.98|16020418|205280800.00|1|0.0000|0.0000|0.0000|0|11.98
ST新动力|300152|6.43|60228000|200341616.00|-0.32|10.93|-0.32|3.31|3.10|3.45|3.10|60.23|3.11|55521500|182099856.00|1|0.0000|0.0000|0.0000|0|3.11
科泰电源|300153|1.30|36002777|1160141312.00|2.98|6.32|-0.95|31.91|32.44|33.49|31.20|36.00|31.50|53930218|1776426624.00|1|0.0000|0.0000|0.0000|0|31.50
瑞凌股份|300154|1.80|15096606|127731704.00|0.84|5.27|-2.63|8.50|8.42|8.79|8.13|15.10|8.35|17491000|153450112.00|1|0.0000|0.0000|0.0000|0|8.35
安居宝|300155|4.85|12326403|47752240.00|1.35|7.82|1.08|3.89|3.76|4.00|3.75|12.33|3.71|15096600|58554024.00|1|0.0000|0.0000|0.0000|0|3.71
新锦动力|300157|5.37|41437300|106123200.00|0.00|9.09|0.00|2.55|2.42|2.64|2.42|41.44|2.42|45191322|117158992.00|1|0.0000|0.0000|0.0000|0|2.42
振东制药|300158|3.86|26896605|100846192.00|1.93|4.96|0.83|3.77|3.70|3.81|3.66|26.90|3.63|47327600|179284880.00|1|0.0000|0.0000|0.0000|0|3.63
*ST新研|300159|4.58|72834444|116204024.00|3.27|6.54|2.61|1.60|1.58|1.63|1.57|72.83|1.53|99022915|157539872.00|1|0.0000|0.0000|0.0000|0|1.53
秀强股份|300160|2.83|17517650|82759088.00|0.87|5.45|0.22|4.72|4.63|4.84|4.60|17.52|4.59|24807868|119723344.00|1|0.0000|0.0000|0.0000|0|4.59
华中数控|300161|1.59|6376900|159499856.00|2.25|5.76|-0.86|24.85|25.01|25.87|24.25|6.38|24.46|9164620|232577808.00|1|0.0000|0.0000|0.0000|0|24.46
雷曼光电|300162|2.54|15181386|86498656.00|1.27|6.88|0.36|5.66|5.59|5.90|5.54|15.18|5.52|17807586|103828160.00|1|0.0000|0.0000|0.0000|0|5.52
先锋新材|300163|3.08|11704000|31226728.00|1.15|4.62|0.77|2.68|2.63|2.72|2.62|11.70|2.60|20844900|57332368.00|1|0.0000|0.0000|0.0000|0|2.60
通源石油|300164|3.38|53177856|195061184.00|2.82|5.63|1.13|3.67|3.65|3.75|3.59|53.18|3.55|73867156|278681312.00|1|0.0000|0.0000|0.0000|0|3.55
ST天瑞|300165|3.60|10135420|29081146.00|1.08|5.04|1.08|2.88|2.81|2.92|2.81|10.14|2.78|17002700|49998552.00|1|0.0000|0.0000|0.0000|0|2.78
东方国信|300166|5.38|60566787|544218688.00|1.40|8.77|1.40|9.01|8.67|9.30|8.67|60.57|8.55|68074627|620286912.00|1|0.0000|0.0000|0.0000|0|8.55
ST迪威迅|300167|14.89|28645900|95230064.00|0.00|16.83|0.00|3.55|3.09|3.61|3.09|28.65|3.09|27623500|90540048.00|1|0.0000|0.0000|0.0000|0|3.09
万达信息|300168|5.21|37471600|257096592.00|1.84|7.81|1.68|6.87|6.65|7.04|6.64|37.47|6.53|50622992|351655072.00|1|0.0000|0.0000|0.0000|0|6.53
天晟新材|300169|4.67|16561900|92539912.00|1.50|7.48|1.12|5.60|5.43|5.75|5.41|16.56|5.35|18545499|104550304.00|1|0.0000|0.0000|0.0000|0|5.35
汉得信息|300170|3.87|97707751|1492813056.00|1.09|7.06|0.14|15.30|14.89|15.77|14.75|97.71|14.73|97702605|1523556224.00|1|0.0000|0.0000|0.0000|0|14.73
东富龙|300171|5.33|13157170|151503552.00|0.37|9.19|0.37|11.46|10.92|11.88|10.92|13.16|10.88|16057874|186823120.00|1|0.0000|0.0000|0.0000|0|10.88
中电环保|300172|4.50|24526964|112382304.00|1.35|5.18|0.23|4.64|4.50|4.67|4.45|24.53|4.44|40642780|190121712.00|1|0.0000|0.0000|0.0000|0|4.44
ST福能|300173|5.97|43012700|213540304.00|2.35|8.96|2.35|4.97|4.80|5.11|4.80|43.01|4.69|50716118|252606896.00|1|0.0000|0.0000|0.0000|0|4.69
元力股份|300174|3.65|10136441|138216768.00|0.99|7.60|0.99|13.63|13.28|14.15|13.28|10.14|13.15|16690798|227806480.00|1|0.0000|0.0000|0.0000|0|13.15
ST朗源|300175|3.51|11163800|49181152.00|0.00|5.85|0.00|4.42|4.27|4.52|4.27|11.16|4.27|19466391|85888000.00|1|0.0000|0.0000|0.0000|0|4.27
鸿特科技|300176|2.70|13399941|76937640.00|0.36|7.01|0.00|5.71|5.58|5.95|5.56|13.40|5.56|18585122|110492104.00|1|0.0000|0.0000|0.0000|0|5.56
中海达|300177|5.13|44456431|382760864.00|1.59|8.30|1.59|8.61|8.32|8.87|8.32|44.46|8.19|47793030|416746816.00|1|0.0000|0.0000|0.0000|0|8.19
四方达|300179|4.95|27979200|218643504.00|1.47|8.03|1.47|7.84|7.58|8.07|7.58|27.98|7.47|33873800|268056064.00|1|0.0000|0.0000|0.0000|0|7.47
华峰超纤|300180|4.64|131480226|793416448.00|2.92|7.39|0.69|6.09|5.99|6.25|5.86|131.48|5.82|167014196|1071265472.00|1|0.0000|0.0000|0.0000|0|5.82
佐力药业|300181|2.10|30202337|485100704.00|0.95|3.69|0.38|16.05|15.87|16.30|15.78|30.20|15.72|32703441|520777888.00|1|0.0000|0.0000|0.0000|0|15.72
捷成股份|300182|5.49|123258182|590196288.00|1.76|8.13|1.76|4.80|4.63|4.92|4.63|123.26|4.55|145013459|701976320.00|1|0.0000|0.0000|0.0000|0|4.55
东软载波|300183|3.58|19026186|285794208.00|1.24|6.54|0.00|15.05|14.71|15.48|14.53|19.03|14.53|21019905|325703168.00|1|0.0000|0.0000|0.0000|0|14.53
力源信息|300184|3.18|63384110|516134208.00|2.29|6.23|0.38|8.12|8.05|8.36|7.90|63.38|7.87|84355870|701163392.00|1|0.0000|0.0000|0.0000|0|7.87
通裕重工|300185|5.69|111659964|246844320.00|2.84|7.11|2.84|2.23|2.17|2.26|2.17|111.66|2.11|158479700|355091616.00|1|0.0000|0.0000|0.0000|0|2.11
永清环保|300187|6.09|12838232|58732956.00|3.51|9.37|2.58|4.53|4.42|4.67|4.38|12.84|4.27|14394006|65716692.00|1|0.0000|0.0000|0.0000|0|4.27
国投智能|300188|4.30|22682589|274324608.00|2.06|7.22|0.86|12.14|11.88|12.48|11.74|22.68|11.64|28864454|354647680.00|1|0.0000|0.0000|0.0000|0|11.64
神农种业|300189|19.95|442029909|2086568704.00|2.09|19.95|-4.18|5.17|4.40|5.17|4.13|442.03|4.31|391273158|1608907648.00|1|0.0000|0.0000|0.0000|0|4.31
维尔利|300190|3.31|13495279|37958032.00|1.84|5.51|1.10|2.81|2.77|2.87|2.75|13.50|2.72|18775575|54049968.00|1|0.0000|0.0000|0.0000|0|2.72
潜能恒信|300191|3.40|12394400|174655280.00|1.85|7.31|0.81|14.00|13.79|14.53|13.65|12.39|13.54|14718900|209382448.00|1|0.0000|0.0000|0.0000|0|13.54
科德教育|300192|4.11|20632200|282880768.00|1.68|8.53|0.23|13.67|13.35|14.25|13.16|20.63|13.13|22326427|309774208.00|1|0.0000|0.0000|0.0000|0|13.13
佳士科技|300193|1.93|38104559|338716064.00|-1.02|5.12|-3.64|8.96|8.70|9.24|8.47|38.10|8.79|50867564|465049504.00|1|0.0000|0.0000|0.0000|0|8.79
福安药业|300194|2.49|46949255|192877184.00|1.75|4.74|0.00|4.11|4.08|4.20|4.01|46.95|4.01|82682657|346177120.00|1|0.0000|0.0000|0.0000|0|4.01
长荣股份|300195|3.31|16780500|89166272.00|2.92|7.60|0.19|5.30|5.28|5.52|5.14|16.78|5.13|23765200|129574848.00|1|0.0000|0.0000|0.0000|0|5.13
长海股份|300196|6.80|5451200|53400568.00|1.08|7.67|0.97|9.89|9.36|9.97|9.35|5.45|9.26|5793949|57246608.00|1|0.0000|0.0000|0.0000|0|9.26
节能铁汉|300197|5.33|67935676|120716728.00|3.55|7.69|2.37|1.78|1.75|1.82|1.73|67.94|1.69|94213345|167704112.00|1|0.0000|0.0000|0.0000|0|1.69
ST纳川|300198|-0.78|93029905|241273280.00|2.72|6.61|-3.89|2.55|2.64|2.74|2.47|93.03|2.57|115670330|298637600.00|1|0.0000|0.0000|0.0000|0|2.57
翰宇药业|300199|4.17|78349200|1015300800.00|2.80|7.45|1.20|13.00|12.83|13.41|12.63|78.35|12.48|108290852|1485485056.00|1|0.0000|0.0000|0.0000|0|12.48
高盟新材|300200|5.60|69087582|685702720.00|0.00|5.80|-0.83|10.19|9.65|10.21|9.57|69.09|9.65|66760798|657828352.00|1|0.0000|0.0000|0.0000|0|9.65
海伦哲|300201|2.38|34773294|165802144.00|1.52|6.28|0.22|4.73|4.69|4.91|4.63|34.77|4.62|54840972|266615616.00|1|0.0000|0.0000|0.0000|0|4.62
聚光科技|300203|5.88|50505658|926211520.00|2.32|6.67|-1.02|18.73|18.10|18.87|17.51|50.51|17.69|47213666|845745024.00|1|0.0000|0.0000|0.0000|0|17.69
舒泰神|300204|1.75|8773201|56067204.00|2.07|5.58|-0.96|6.38|6.40|6.62|6.21|8.77|6.27|13867092|92048448.00|1|0.0000|0.0000|0.0000|0|6.27
*ST天喻|300205|2.63|6912700|24437164.00|1.17|6.73|1.17|3.51|3.46|3.65|3.46|6.91|3.42|10725500|39318872.00|1|0.0000|0.0000|0.0000|0|3.42
理邦仪器|300206|4.06|11101600|116730440.00|2.18|8.12|0.59|10.51|10.32|10.92|10.16|11.10|10.10|14173900|151024576.00|1|0.0000|0.0000|0.0000|0|10.10
欣旺达|300207|1.56|53798320|914817088.00|1.68|5.33|-0.42|16.96|16.98|17.59|16.63|53.80|16.70|77347448|1358138368.00|1|0.0000|0.0000|0.0000|0|16.70
有棵树|300209|4.00|8879900|37304224.00|3.25|8.00|0.50|4.16|4.13|4.32|4.02|8.88|4.00|14788100|64698120.00|1|0.0000|0.0000|0.0000|0|4.00
森远股份|300210|0.85|15912420|132010664.00|1.09|4.98|-2.79|8.31|8.33|8.65|8.01|15.91|8.24|19332300|168623520.00|1|0.0000|0.0000|0.0000|0|8.24
*ST亿通|300211|3.12|16202075|134095464.00|2.37|6.37|-0.25|8.26|8.20|8.52|7.99|16.20|8.01|17711421|149516032.00|1|0.0000|0.0000|0.0000|0|8.01
易华录|300212|6.09|23575966|484936704.00|2.30|8.49|2.30|20.74|20.00|21.21|20.00|23.58|19.55|27769410|582770816.00|1|0.0000|0.0000|0.0000|0|19.55
佳讯飞鸿|300213|3.79|40849598|293893472.00|2.48|8.45|1.46|7.12|7.03|7.44|6.96|40.85|6.86|54331154|394922272.00|1|0.0000|0.0000|0.0000|0|6.86
日科化学|300214|4.05|18055395|97156040.00|1.74|7.34|0.19|5.39|5.27|5.56|5.19|18.06|5.18|22251900|122252808.00|1|0.0000|0.0000|0.0000|0|5.18
电科院|300215|4.58|20264274|110970008.00|1.34|7.25|1.34|5.48|5.31|5.62|5.31|20.26|5.24|26242800|146810288.00|1|0.0000|0.0000|0.0000|0|5.24
东方电热|300217|2.25|39048100|160531264.00|2.25|6.00|0.00|4.09|4.09|4.24|4.00|39.05|4.00|59778226|253156544.00|1|0.0000|0.0000|0.0000|0|4.00
安利股份|300218|1.71|5829912|76552824.00|0.62|4.96|-0.54|13.12|12.98|13.54|12.83|5.83|12.90|8712828|118746200.00|1|0.0000|0.0000|0.0000|0|12.90
鸿利智汇|300219|3.09|20659025|118259680.00|2.73|7.45|0.00|5.67|5.65|5.91|5.50|20.66|5.50|27786900|162748176.00|1|0.0000|0.0000|0.0000|0|5.50
金运激光|300220|4.31|7264663|91374064.00|-0.50|7.63|-0.50|12.58|12.00|12.98|12.00|7.26|12.06|9292660|118507752.00|1|0.0000|0.0000|0.0000|0|12.06
银禧科技|300221|-1.69|57931566|410412672.00|0.56|5.36|-4.80|6.97|7.13|7.47|6.75|57.93|7.09|63208486|465948928.00|1|0.0000|0.0000|0.0000|0|7.09
科大智能|300222|2.73|32847964|275443200.00|1.49|8.07|0.00|8.27|8.17|8.70|8.05|32.85|8.05|43403462|370720512.00|1|0.0000|0.0000|0.0000|0|8.05
北京君正|300223|1.47|17475467|1083270912.00|2.65|5.73|-0.23|61.29|62.00|63.86|60.26|17.48|60.40|23791249|1507395968.00|1|0.0000|0.0000|0.0000|0|60.40
正海磁材|300224|8.70|62522590|784641408.00|-2.51|12.64|-3.10|12.99|11.65|13.46|11.58|62.52|11.95|67659699|883471808.00|1|0.0000|0.0000|0.0000|0|11.95
*ST金泰|300225|4.27|17065682|108018600.00|2.13|7.22|1.15|6.35|6.22|6.53|6.16|17.07|6.09|26941800|173599888.00|1|0.0000|0.0000|0.0000|0|6.09
上海钢联|300226|4.10|14784495|278168352.00|1.44|8.32|1.00|18.77|18.29|19.53|18.21|14.78|18.03|17152431|327965856.00|1|0.0000|0.0000|0.0000|0|18.03
光韵达|300227|2.03|15025320|105951488.00|0.29|5.65|-0.72|7.04|6.92|7.29|6.85|15.03|6.90|21097769|153975904.00|1|0.0000|0.0000|0.0000|0|6.90
富瑞特装|300228|4.33|40109817|251518720.00|3.83|6.99|0.67|6.27|6.24|6.43|6.05|40.11|6.01|50729476|320774592.00|1|0.0000|0.0000|0.0000|0|6.01
拓尔思|300229|3.38|43854795|746866432.00|0.12|6.83|-0.36|17.11|16.57|17.68|16.49|43.85|16.55|45476361|797846464.00|1|0.0000|0.0000|0.0000|0|16.55
永利股份|300230|-1.92|64888895|269431392.00|0.72|3.60|-4.56|4.09|4.20|4.32|3.98|64.89|4.17|72069594|313667232.00|1|0.0000|0.0000|0.0000|0|4.17
银信科技|300231|4.02|20177066|187404720.00|2.46|7.49|-0.45|9.31|9.17|9.62|8.91|20.18|8.95|23534770|224967792.00|1|0.0000|0.0000|0.0000|0|8.95
洲明科技|300232|2.81|43410200|254578288.00|0.00|6.67|-0.53|5.86|5.70|6.08|5.67|43.41|5.70|50611643|306578688.00|1|0.0000|0.0000|0.0000|0|5.70
金城医药|300233|-4.54|63384925|1014289216.00|-3.16|-0.54|-8.06|15.99|16.22|16.66|15.40|63.38|16.75|47441602|820208576.00|1|0.0000|0.0000|0.0000|0|16.75
开尔新材|300234|4.44|9505485|40441540.00|3.95|8.64|1.98|4.23|4.21|4.40|4.13|9.51|4.05|13730875|58944148.00|1|0.0000|0.0000|0.0000|0|4.05
方直科技|300235|5.57|9016208|81819296.00|2.90|9.16|1.86|9.10|8.87|9.41|8.78|9.02|8.62|11584196|106383984.00|1|0.0000|0.0000|0.0000|0|8.62
上海新阳|300236|5.95|8842202|288493184.00|2.41|9.85|2.41|32.59|31.50|33.79|31.50|8.84|30.76|8932240|288802560.00|1|0.0000|0.0000|0.0000|0|30.76
ST美晨|300237|11.40|148556583|183916688.00|1.75|14.04|1.75|1.27|1.16|1.30|1.16|148.56|1.14|159182792|190022784.00|1|0.0000|0.0000|0.0000|0|1.14
冠昊生物|300238|-0.85|20640500|242387136.00|0.60|4.35|-3.67|11.63|11.80|12.24|11.30|20.64|11.73|30556101|380063488.00|1|0.0000|0.0000|0.0000|0|11.73
东宝生物|300239|6.06|15120402|73424576.00|1.95|8.87|0.87|4.90|4.71|5.03|4.66|15.12|4.62|20299693|99252480.00|1|0.0000|0.0000|0.0000|0|4.62
飞力达|300240|7.45|99538371|744698752.00|-5.52|9.79|-5.52|7.79|6.85|7.96|6.85|99.54|7.25|114822171|892094336.00|1|0.0000|0.0000|0.0000|0|7.25
瑞丰光电|300241|2.63|26397191|115005512.00|4.77|7.88|0.48|4.30|4.39|4.52|4.21|26.40|4.19|35193924|157770800.00|1|0.0000|0.0000|0.0000|0|4.19
佳云科技|300242|5.26|34199400|122899712.00|0.88|8.48|0.88|3.60|3.45|3.71|3.45|34.20|3.42|42159200|152005040.00|1|0.0000|0.0000|0.0000|0|3.42
瑞丰高材|300243|4.71|6184000|52061648.00|1.99|7.32|1.74|8.44|8.22|8.65|8.20|6.18|8.06|8250150|69736552.00|1|0.0000|0.0000|0.0000|0|8.06
迪安诊断|300244|5.46|32736907|436674688.00|1.58|8.71|1.58|13.32|12.83|13.73|12.83|32.74|12.63|35861091|481105760.00|1|0.0000|0.0000|0.0000|0|12.63
天玑科技|300245|3.34|27763823|395453792.00|0.00|7.62|-0.94|14.24|13.78|14.83|13.65|27.76|13.78|26283550|383228128.00|1|0.0000|0.0000|0.0000|0|13.78
宝莱特|300246|3.47|9235420|55408760.00|1.04|7.81|0.87|5.96|5.82|6.21|5.81|9.24|5.76|13630635|83413000.00|1|0.0000|0.0000|0.0000|0|5.76
融捷健康|300247|2.61|33390585|105471208.00|2.29|6.86|0.00|3.14|3.13|3.27|3.06|33.39|3.06|49275200|159982688.00|1|0.0000|0.0000|0.0000|0|3.06
新开普|300248|6.64|44664344|597933312.00|4.48|11.68|2.40|13.33|13.06|13.96|12.80|44.66|12.50|48404657|625535616.00|1|0.0000|0.0000|0.0000|0|12.50
依米康|300249|2.77|36920500|437090144.00|0.78|6.14|-1.90|11.89|11.66|12.28|11.35|36.92|11.57|32026351|392863360.00|1|0.0000|0.0000|0.0000|0|11.57
初灵信息|300250|1.87|9114100|120334880.00|3.42|6.38|-0.47|13.10|13.30|13.68|12.80|9.11|12.86|12223574|164126208.00|1|0.0000|0.0000|0.0000|0|12.86
光线传媒|300251|3.82|128288948|2394478848.00|1.83|6.20|0.94|18.76|18.40|19.19|18.24|128.29|18.07|168518114|3173331968.00|1|0.0000|0.0000|0.0000|0|18.07
金信诺|300252|5.01|44050646|387242976.00|1.43|8.00|0.95|8.80|8.50|9.05|8.46|44.05|8.38|51525560|459417920.00|1|0.0000|0.0000|0.0000|0|8.38
卫宁健康|300253|3.90|91398503|828062208.00|3.21|7.92|1.03|9.05|8.99|9.40|8.80|91.40|8.71|140480628|1284405120.00|1|0.0000|0.0000|0.0000|0|8.71
仟源医药|300254|2.27|19587844|166788000.00|2.75|6.09|-2.39|8.56|8.60|8.88|8.17|19.59|8.37|27841834|245229936.00|1|0.0000|0.0000|0.0000|0|8.37
常山药业|300255|3.05|19948042|343929216.00|1.86|5.87|1.32|17.21|17.01|17.68|16.92|19.95|16.70|28876513|504185728.00|1|0.0000|0.0000|0.0000|0|16.70
星星科技|300256|4.43|92627499|349919520.00|0.55|7.76|0.55|3.77|3.63|3.89|3.63|92.63|3.61|119306469|458912448.00|1|0.0000|0.0000|0.0000|0|3.61
开山股份|300257|3.65|15352784|122422568.00|2.47|7.42|1.56|7.96|7.87|8.25|7.80|15.35|7.68|17398429|141132736.00|1|0.0000|0.0000|0.0000|0|7.68
精锻科技|300258|0.68|37432927|384144352.00|1.17|4.39|-3.31|10.33|10.38|10.71|9.92|37.43|10.26|36367157|390785024.00|1|0.0000|0.0000|0.0000|0|10.26
新天科技|300259|2.36|24584304|75053792.00|2.36|6.42|-0.34|3.03|3.03|3.15|2.95|24.58|2.96|26725182|83008568.00|1|0.0000|0.0000|0.0000|0|2.96
新莱应材|300260|11.19|88829413|3291410688.00|1.70|11.73|-0.54|39.25|35.90|39.44|35.11|88.83|35.30|86471427|3144182784.00|1|0.0000|0.0000|0.0000|0|35.30
雅本化学|300261|7.95|35447471|204125104.00|3.51|9.61|3.51|5.84|5.60|5.93|5.60|35.45|5.41|41307587|236343680.00|1|0.0000|0.0000|0.0000|0|5.41
隆华科技|300263|2.79|25775023|162319184.00|2.13|6.24|0.49|6.26|6.22|6.47|6.12|25.78|6.09|44184250|286368928.00|1|0.0000|0.0000|0.0000|0|6.09
佳创视讯|300264|5.18|21183502|94232792.00|0.00|8.00|0.00|4.47|4.25|4.59|4.25|21.18|4.25|25237462|113760296.00|1|0.0000|0.0000|0.0000|0|4.25
通光线缆|300265|5.51|35168300|249350128.00|3.28|8.05|2.68|7.08|6.93|7.25|6.89|35.17|6.71|41595200|296283744.00|1|0.0000|0.0000|0.0000|0|6.71
兴源环境|300266|4.76|40975610|81799096.00|0.53|8.99|0.53|1.98|1.90|2.06|1.90|40.98|1.89|50027850|100851240.00|1|0.0000|0.0000|0.0000|0|1.89
尔康制药|300267|2.67|35628100|82288712.00|1.33|4.89|0.44|2.31|2.28|2.36|2.26|35.63|2.25|57197444|133749040.00|1|0.0000|0.0000|0.0000|0|2.25
*ST佳沃|300268|-1.14|3220100|28671052.00|0.23|4.20|-1.70|8.71|8.83|9.18|8.66|3.22|8.81|3496081|31220534.00|1|0.0000|0.0000|0.0000|0|8.81
联建光电|300269|2.31|21285976|66196000.00|-0.99|7.26|-1.32|3.10|3.00|3.25|2.99|21.29|3.03|28896500|91354264.00|1|0.0000|0.0000|0.0000|0|3.03
中威电子|300270|2.76|11209011|67134816.00|0.17|6.90|0.00|5.96|5.81|6.20|5.80|11.21|5.80|12973100|80462704.00|1|0.0000|0.0000|0.0000|0|5.80
华宇软件|300271|4.12|29123000|183607232.00|0.49|7.58|0.33|6.32|6.10|6.53|6.09|29.12|6.07|39186873|253122624.00|1|0.0000|0.0000|0.0000|0|6.07
开能健康|300272|1.17|16152491|84631592.00|0.97|6.24|-0.78|5.19|5.18|5.45|5.09|16.15|5.13|23875092|129025848.00|1|0.0000|0.0000|0.0000|0|5.13
阳光电源|300274|0.02|53365311|3006465024.00|-0.02|3.23|-0.83|55.71|55.69|57.50|55.24|53.37|55.70|96744935|5507313152.00|1|0.0000|0.0000|0.0000|0|55.70
梅安森|300275|-0.70|20226080|230558256.00|1.50|5.02|-4.05|11.28|11.53|11.93|10.90|20.23|11.36|16774200|201434048.00|1|0.0000|0.0000|0.0000|0|11.36
三丰智能|300276|5.72|108048522|1179874944.00|2.72|10.38|1.84|10.90|10.59|11.38|10.50|108.05|10.31|117704651|1288120320.00|1|0.0000|0.0000|0.0000|0|10.31
海联讯|300277|3.42|12261145|130322208.00|1.27|7.14|0.10|10.57|10.35|10.95|10.23|12.26|10.22|16219569|176460672.00|1|0.0000|0.0000|0.0000|0|10.22
华昌达|300278|2.02|49748693|252851984.00|0.81|7.29|-0.81|5.04|4.98|5.30|4.90|49.75|4.94|71382351|374283712.00|1|0.0000|0.0000|0.0000|0|4.94
和晶科技|300279|2.76|15179654|79148648.00|1.38|6.10|-0.20|5.22|5.15|5.39|5.07|15.18|5.08|21160473|114110280.00|1|0.0000|0.0000|0.0000|0|5.08
金明精机|300281|11.33|70387071|473404608.00|6.83|18.33|6.50|6.68|6.41|7.10|6.39|70.39|6.00|84290310|530048576.00|1|0.0000|0.0000|0.0000|0|6.00
温州宏丰|300283|2.75|12733100|61885064.00|1.91|6.14|-0.42|4.85|4.81|5.01|4.70|12.73|4.72|19168058|95872824.00|1|0.0000|0.0000|0.0000|0|4.72
苏交科|300284|7.86|49925619|415397152.00|2.32|9.79|2.32|8.37|7.94|8.52|7.94|49.93|7.76|43551599|361091104.00|1|0.0000|0.0000|0.0000|0|7.76
国瓷材料|300285|1.17|15254904|251413664.00|2.29|4.51|0.06|16.38|16.56|16.92|16.20|15.25|16.19|26775211|437741984.00|1|0.0000|0.0000|0.0000|0|16.19
安科瑞|300286|3.81|5983655|120029760.00|1.96|6.33|1.08|20.16|19.80|20.65|19.63|5.98|19.42|6380704|129685080.00|1|0.0000|0.0000|0.0000|0|19.42
飞利信|300287|4.28|110387731|540058816.00|-0.43|8.78|-0.43|4.87|4.65|5.08|4.65|110.39|4.67|108687930|534741696.00|1|0.0000|0.0000|0.0000|0|4.67
朗玛信息|300288|3.17|12007589|149109216.00|2.51|8.02|-0.33|12.35|12.27|12.93|11.93|12.01|11.97|15168620|193882560.00|1|0.0000|0.0000|0.0000|0|11.97
利德曼|300289|1.97|12641333|52404572.00|0.98|5.41|-0.98|4.15|4.11|4.29|4.03|12.64|4.07|15741778|67411616.00|1|0.0000|0.0000|0.0000|0|4.07
荣科科技|300290|7.40|36828650|540966080.00|0.65|9.29|0.65|14.80|13.87|15.06|13.87|36.83|13.78|36439750|535399520.00|1|0.0000|0.0000|0.0000|0|13.78
百纳千成|300291|5.81|51476679|222768512.00|3.39|7.51|1.69|4.37|4.27|4.44|4.20|51.48|4.13|72805579|322235008.00|1|0.0000|0.0000|0.0000|0|4.13
吴通控股|300292|3.75|50668758|210916720.00|2.25|7.25|1.00|4.15|4.09|4.29|4.04|50.67|4.00|70670391|298170144.00|1|0.0000|0.0000|0.0000|0|4.00
蓝英装备|300293|3.09|12356059|239901120.00|0.80|7.20|0.32|19.33|18.90|20.10|18.81|12.36|18.75|17065340|337243744.00|1|0.0000|0.0000|0.0000|0|18.75
博雅生物|300294|0.94|27812710|815666048.00|-6.87|1.37|-6.87|30.12|27.79|30.25|27.79|27.81|29.84|43430660|1288418304.00|1|0.0000|0.0000|0.0000|0|29.84
三六五网|300295|5.70|10244910|129094728.00|-0.74|6.61|-1.65|12.79|12.01|12.90|11.90|10.24|12.10|9537817|122244984.00|1|0.0000|0.0000|0.0000|0|12.10
利亚德|300296|4.10|161349023|862501376.00|1.17|8.20|1.17|5.33|5.18|5.54|5.18|161.35|5.12|197621782|1077315712.00|1|0.0000|0.0000|0.0000|0|5.12
三诺生物|300298|2.84|14663000|301088672.00|-1.00|7.76|-1.00|20.67|19.90|21.66|19.90|14.66|20.10|10613794|225676976.00|1|0.0000|0.0000|0.0000|0|20.10
富春股份|300299|4.44|29608368|146542352.00|1.90|8.46|0.85|4.94|4.82|5.13|4.77|29.61|4.73|39444460|198806096.00|1|0.0000|0.0000|0.0000|0|4.73
海峡创新|300300|2.39|13810812|35702368.00|1.59|5.98|0.80|2.57|2.55|2.66|2.53|13.81|2.51|22475098|59302164.00|1|0.0000|0.0000|0.0000|0|2.51
ST长方|300301|2.34|16317000|28464252.00|1.75|5.26|0.00|1.75|1.74|1.80|1.71|16.32|1.71|28868521|51118704.00|1|0.0000|0.0000|0.0000|0|1.71
同有科技|300302|4.04|20316224|270988064.00|1.01|7.22|0.16|13.40|13.01|13.81|12.90|20.32|12.88|24507587|335825312.00|1|0.0000|0.0000|0.0000|0|12.88
聚飞光电|300303|4.53|50642691|269766112.00|1.97|8.27|1.97|5.31|5.18|5.50|5.18|50.64|5.08|62059032|335786208.00|1|0.0000|0.0000|0.0000|0|5.08
云意电气|300304|1.81|30288027|205027120.00|3.32|6.34|-1.81|6.74|6.84|7.04|6.50|30.29|6.62|40615666|284204640.00|1|0.0000|0.0000|0.0000|0|6.62
裕兴股份|300305|1.49|6550800|31360384.00|0.00|4.89|-1.70|4.77|4.70|4.93|4.62|6.55|4.70|11356299|54983480.00|1|0.0000|0.0000|0.0000|0|4.70
远方信息|300306|3.01|9776100|100701336.00|1.30|8.62|-0.30|10.28|10.11|10.84|9.95|9.78|9.98|9004700|94927264.00|1|0.0000|0.0000|0.0000|0|9.98
慈星股份|300307|3.97|54048825|411836992.00|2.88|8.36|-0.27|7.59|7.51|7.91|7.28|54.05|7.30|62062816|475244992.00|1|0.0000|0.0000|0.0000|0|7.30
中际旭创|300308|-3.75|69279183|5049997312.00|0.12|2.21|-6.17|72.28|75.19|76.76|70.47|69.28|75.10|61630666|4754931712.00|1|0.0000|0.0000|0.0000|0|75.10
宜通世纪|300310|3.16|34634100|191954512.00|1.49|6.32|0.00|5.55|5.46|5.72|5.38|34.63|5.38|41748690|238961824.00|1|0.0000|0.0000|0.0000|0|5.38
ST任子行|300311|5.09|32171447|165660160.00|0.00|7.33|0.00|5.16|4.91|5.27|4.91|32.17|4.91|40495539|210622032.00|1|0.0000|0.0000|0.0000|0|4.91
*ST天山|300313|4.64|16700904|90672616.00|-2.60|7.61|-19.48|5.64|5.25|5.80|4.34|16.70|5.39|16748500|92353872.00|1|0.0000|0.0000|0.0000|0|5.39
戴维医疗|300314|4.26|9248540|102404584.00|1.99|7.58|1.99|11.01|10.77|11.36|10.77|9.25|10.56|11928100|134189688.00|1|0.0000|0.0000|0.0000|0|10.56
掌趣科技|300315|3.68|107748510|488697728.00|2.53|7.36|1.38|4.51|4.46|4.67|4.41|107.75|4.35|139436776|646284096.00|1|0.0000|0.0000|0.0000|0|4.35
晶盛机电|300316|0.43|14371128|404558272.00|2.01|4.14|-1.04|27.92|28.36|28.95|27.51|14.37|27.80|22020917|623713664.00|1|0.0000|0.0000|0.0000|0|27.80
珈伟新能|300317|3.56|33925924|109242928.00|2.91|7.77|1.29|3.20|3.18|3.33|3.13|33.93|3.09|56198366|184121008.00|1|0.0000|0.0000|0.0000|0|3.09
博晖创新|300318|4.67|74101438|453851872.00|-11.92|6.12|-11.92|6.50|5.47|6.59|5.47|74.10|6.21|81328998|520865632.00|1|0.0000|0.0000|0.0000|0|6.21
麦捷科技|300319|2.74|30031730|281471648.00|1.86|6.91|-0.44|9.37|9.29|9.75|9.08|30.03|9.12|37364293|362804480.00|1|0.0000|0.0000|0.0000|0|9.12
海达股份|300320|4.66|19880972|178785696.00|2.91|8.62|1.52|8.98|8.83|9.32|8.71|19.88|8.58|26536883|243991200.00|1|0.0000|0.0000|0.0000|0|8.58
同大股份|300321|6.36|3549000|105861640.00|1.45|6.36|0.31|30.76|29.34|30.76|29.01|3.55|28.92|3653300|111173312.00|1|0.0000|0.0000|0.0000|0|28.92
硕贝德|300322|3.15|19097600|200399552.00|0.59|6.59|0.39|10.48|10.22|10.83|10.20|19.10|10.16|24434398|262646752.00|1|0.0000|0.0000|0.0000|0|10.16
华灿光电|300323|3.00|36539020|213762624.00|0.71|5.47|0.53|5.84|5.71|5.98|5.70|36.54|5.67|40976755|248089408.00|1|0.0000|0.0000|0.0000|0|5.67
旋极信息|300324|3.43|121893544|406049152.00|1.87|7.79|-0.62|3.32|3.27|3.46|3.19|121.89|3.21|131454275|447410208.00|1|0.0000|0.0000|0.0000|0|3.21
ST凯利|300326|2.79|17355268|96233640.00|0.00|6.69|-0.56|5.53|5.38|5.74|5.35|17.36|5.38|28412715|160318272.00|1|0.0000|0.0000|0.0000|0|5.38
中颖电子|300327|3.40|12111576|245222080.00|1.03|7.42|1.03|20.07|19.61|20.85|19.61|12.11|19.41|14580126|299509440.00|1|0.0000|0.0000|0.0000|0|19.41
宜安科技|300328|-2.25|66759619|586194240.00|-0.67|4.39|-6.64|8.69|8.83|9.28|8.30|66.76|8.89|70727683|659311104.00|1|0.0000|0.0000|0.0000|0|8.89
海伦钢琴|300329|4.29|7828960|41968604.00|2.34|7.99|-0.39|5.35|5.25|5.54|5.11|7.83|5.13|12675900|67844464.00|1|0.0000|0.0000|0.0000|0|5.13
苏大维格|300331|3.04|7832900|127429040.00|0.76|7.35|0.13|16.26|15.90|16.94|15.80|7.83|15.78|10418204|175389280.00|1|0.0000|0.0000|0.0000|0|15.78
天壕能源|300332|6.08|25372971|109505648.00|1.95|6.81|1.70|4.36|4.19|4.39|4.18|25.37|4.11|32531741|141805424.00|1|0.0000|0.0000|0.0000|0|4.11
兆日科技|300333|3.95|22327400|216042496.00|-1.18|7.48|-1.39|9.73|9.25|10.06|9.23|22.33|9.36|22870600|225446944.00|1|0.0000|0.0000|0.0000|0|9.36
津膜科技|300334|2.66|7269400|39546796.00|-1.33|6.46|-1.52|5.40|5.19|5.60|5.18|7.27|5.26|9198900|50920496.00|1|0.0000|0.0000|0.0000|0|5.26
迪森股份|300335|4.08|21386700|97697056.00|0.91|5.67|0.68|4.59|4.45|4.66|4.44|21.39|4.41|30602028|141899120.00|1|0.0000|0.0000|0.0000|0|4.41
银邦股份|300337|3.04|36067559|342547968.00|0.98|6.96|0.00|9.48|9.29|9.84|9.20|36.07|9.20|40948786|398394816.00|1|0.0000|0.0000|0.0000|0|9.20
ST开元|300338|2.25|17521710|72219504.00|0.25|8.50|0.00|4.09|4.01|4.34|4.00|17.52|4.00|20872684|87835216.00|1|0.0000|0.0000|0.0000|0|4.00
润和软件|300339|3.37|47662263|2227022336.00|2.97|5.35|0.00|46.98|46.80|47.88|45.45|47.66|45.45|68666278|3199983872.00|1|0.0000|0.0000|0.0000|0|45.45
科恒股份|300340|4.12|8112856|67460144.00|-0.12|7.12|-0.37|8.34|8.00|8.58|7.98|8.11|8.01|10467920|88878216.00|1|0.0000|0.0000|0.0000|0|8.01
麦克奥迪|300341|7.37|14579100|199610448.00|0.92|7.91|0.92|13.98|13.14|14.05|13.14|14.58|13.02|11895713|164197536.00|1|0.0000|0.0000|0.0000|0|13.02
天银机电|300342|4.61|23299360|328220608.00|2.38|8.10|1.04|14.08|13.78|14.55|13.60|23.30|13.46|28076451|403043488.00|1|0.0000|0.0000|0.0000|0|13.46
ST联创|300343|0.57|33208811|117528480.00|-0.28|3.70|-1.14|3.53|3.50|3.64|3.47|33.21|3.51|50155754|179962912.00|1|0.0000|0.0000|0.0000|0|3.51
*ST立方|300344|7.89|94971305|778351424.00|4.55|13.50|4.55|8.07|7.82|8.49|7.82|94.97|7.48|90592150|700875776.00|1|0.0000|0.0000|0.0000|0|7.48
华民股份|300345|4.02|11664800|51409884.00|7.33|7.33|1.42|4.40|4.54|4.54|4.29|11.66|4.23|13368189|60685964.00|1|0.0000|0.0000|0.0000|0|4.23
南大光电|300346|1.57|32421725|1143165696.00|1.25|4.25|-2.65|35.61|35.50|36.55|34.13|32.42|35.06|48091506|1768839552.00|1|0.0000|0.0000|0.0000|0|35.06
泰格医药|300347|0.33|9573391|440455520.00|1.66|3.01|-1.99|45.95|46.56|47.18|44.89|9.57|45.80|15833348|743172864.00|1|0.0000|0.0000|0.0000|0|45.80
长亮科技|300348|7.57|47403209|528089440.00|1.34|10.83|1.34|11.22|10.57|11.56|10.57|47.40|10.43|50619069|563493440.00|1|0.0000|0.0000|0.0000|0|10.43
金卡智能|300349|2.34|10405940|118334272.00|0.99|5.50|0.36|11.35|11.20|11.70|11.13|10.41|11.09|16869195|196358992.00|1|0.0000|0.0000|0.0000|0|11.09
华鹏飞|300350|15.15|63545080|342213568.00|-0.40|17.98|-1.82|5.70|4.93|5.84|4.86|63.55|4.95|59341058|316411104.00|1|0.0000|0.0000|0.0000|0|4.95
永贵电器|300351|4.12|15441593|221915632.00|1.66|7.02|1.37|14.39|14.05|14.79|14.01|15.44|13.82|20909647|308429568.00|1|0.0000|0.0000|0.0000|0|13.82
北信源|300352|5.67|66207151|286875872.00|1.23|12.07|1.23|4.29|4.11|4.55|4.11|66.21|4.06|70755241|307740128.00|1|0.0000|0.0000|0.0000|0|4.06
东土科技|300353|-2.03|128172740|2428985600.00|2.55|6.88|-8.54|18.81|19.69|20.52|17.56|128.17|19.20|151117055|3022951424.00|1|0.0000|0.0000|0.0000|0|19.20
东华测试|300354|3.59|5724835|204495152.00|3.50|6.72|-0.17|35.78|35.75|36.86|34.48|5.72|34.54|7024434|257804528.00|1|0.0000|0.0000|0.0000|0|34.54
蒙草生态|300355|6.15|93280780|370909472.00|2.94|8.29|2.94|3.97|3.85|4.05|3.85|93.28|3.74|95404222|377095136.00|1|0.0000|0.0000|0.0000|0|3.74
我武生物|300357|3.04|12423878|250073440.00|3.04|6.96|0.88|20.00|20.00|20.76|19.58|12.42|19.41|16389580|334173344.00|1|0.0000|0.0000|0.0000|0|19.41
楚天科技|300358|2.66|21503709|142047680.00|1.41|7.51|-0.31|6.56|6.48|6.87|6.37|21.50|6.39|31334144|216017680.00|1|0.0000|0.0000|0.0000|0|6.39
全通教育|300359|4.22|20817747|102449328.00|0.42|6.75|0.42|4.94|4.76|5.06|4.76|20.82|4.74|25639206|128936480.00|1|0.0000|0.0000|0.0000|0|4.74
炬华科技|300360|0.13|16362025|253849488.00|1.44|4.31|-1.37|15.35|15.55|15.99|15.12|16.36|15.33|19653530|310025472.00|1|0.0000|0.0000|0.0000|0|15.33
博腾股份|300363|-6.37|34083831|492182944.00|0.27|3.19|-9.02|14.11|15.11|15.55|13.71|34.08|15.07|29492800|482332736.00|1|0.0000|0.0000|0.0000|0|15.07
中文在线|300364|3.36|31151039|593300224.00|0.70|6.66|0.22|19.09|18.60|19.70|18.51|31.15|18.47|38936833|761997248.00|1|0.0000|0.0000|0.0000|0|18.47
恒华科技|300365|4.30|16398562|83876864.00|2.66|7.99|2.25|5.09|5.01|5.27|4.99|16.40|4.88|21790100|114193328.00|1|0.0000|0.0000|0.0000|0|4.88
ST创意|300366|5.37|42262370|240263504.00|0.00|8.89|0.00|5.69|5.40|5.88|5.40|42.26|5.40|52598850|298167072.00|1|0.0000|0.0000|0.0000|0|5.40
汇金股份|300368|3.75|11370000|47061376.00|2.50|7.00|0.50|4.15|4.10|4.28|4.02|11.37|4.00|19859000|85004360.00|1|0.0000|0.0000|0.0000|0|4.00
绿盟科技|300369|3.99|25617360|160733440.00|3.16|7.99|1.50|6.25|6.20|6.49|6.10|25.62|6.01|31196698|197469968.00|1|0.0000|0.0000|0.0000|0|6.01
安控科技|300370|5.51|55831331|139474256.00|1.69|9.32|1.69|2.49|2.40|2.58|2.40|55.83|2.36|61940136|156647536.00|1|0.0000|0.0000|0.0000|0|2.36
汇中股份|300371|0.22|4013131|36794568.00|1.33|6.63|-3.31|9.07|9.17|9.65|8.75|4.01|9.05|6076943|56985064.00|1|0.0000|0.0000|0.0000|0|9.05
扬杰科技|300373|3.89|14563604|598957824.00|2.55|6.60|1.72|41.08|40.55|42.15|40.22|14.56|39.54|19947812|825112768.00|1|0.0000|0.0000|0.0000|0|39.54
中铁装配|300374|11.23|17145640|265363392.00|3.46|15.75|3.46|15.75|14.65|16.39|14.65|17.15|14.16|11986270|177526640.00|1|0.0000|0.0000|0.0000|0|14.16
鹏翎股份|300375|3.61|32715195|131367464.00|2.84|6.44|0.77|4.02|3.99|4.13|3.91|32.72|3.88|53192784|217570320.00|1|0.0000|0.0000|0.0000|0|3.88
ST易事特|300376|1.35|25449664|75791936.00|0.00|4.05|-1.69|3.00|2.96|3.08|2.91|25.45|2.96|34615753|104829960.00|1|0.0000|0.0000|0.0000|0|2.96
赢时胜|300377|6.70|72603096|1546412928.00|4.45|9.90|3.00|21.33|20.88|21.97|20.59|72.60|19.99|75192998|1592115712.00|1|0.0000|0.0000|0.0000|0|19.99
鼎捷数智|300378|-0.65|18350692|531346880.00|1.03|3.70|-4.73|28.99|29.48|30.26|27.80|18.35|29.18|17072964|525764512.00|1|0.0000|0.0000|0.0000|0|29.18
东通退|300379|6.74|26803560|366133120.00|2.25|9.46|2.25|13.77|13.19|14.12|13.19|26.80|12.90|32670790|443596544.00|1|0.0000|0.0000|0.0000|0|12.90
安硕信息|300380|-3.31|23927284|1237685504.00|-1.00|3.69|-6.80|50.32|51.52|53.96|48.50|23.93|52.04|27516064|1410969344.00|1|0.0000|0.0000|0.0000|0|52.04
溢多利|300381|4.06|29297428|215286960.00|1.54|6.16|-0.28|7.43|7.25|7.58|7.12|29.30|7.14|37583311|287859840.00|1|0.0000|0.0000|0.0000|0|7.14
斯莱克|300382|0.21|35988902|339565792.00|0.00|1.98|-4.79|9.62|9.60|9.79|9.14|35.99|9.60|27634086|280225728.00|1|0.0000|0.0000|0.0000|0|9.60
光环新网|300383|2.85|81960979|1120627328.00|0.90|6.07|-0.82|13.73|13.47|14.16|13.24|81.96|13.35|105621728|1487291904.00|1|0.0000|0.0000|0.0000|0|13.35
三联虹普|300384|2.12|10449714|171295536.00|2.37|6.13|-0.62|16.34|16.38|16.98|15.90|10.45|16.00|14498372|243357728.00|1|0.0000|0.0000|0.0000|0|16.00
雪浪环境|300385|5.17|6462500|26122904.00|3.10|6.72|-1.81|4.07|3.99|4.13|3.80|6.46|3.87|8518500|34664792.00|1|0.0000|0.0000|0.0000|0|3.87
飞天诚信|300386|3.34|14020700|169339296.00|2.92|7.98|0.00|12.05|12.00|12.59|11.66|14.02|11.66|14407564|178423168.00|1|0.0000|0.0000|0.0000|0|11.66
富邦科技|300387|19.13|37431263|323484448.00|7.21|19.27|6.42|9.09|8.18|9.10|8.12|37.43|7.63|18345233|144257232.00|1|0.0000|0.0000|0.0000|0|7.63
节能国祯|300388|3.17|9324728|60579212.00|1.75|4.92|1.11|6.50|6.41|6.61|6.37|9.32|6.30|13547756|89070752.00|1|0.0000|0.0000|0.0000|0|6.30
艾比森|300389|2.61|6809136|61494976.00|0.00|5.68|-0.45|9.03|8.80|9.30|8.76|6.81|8.80|8488002|79017344.00|1|0.0000|0.0000|0.0000|0|8.80
天华新能|300390|4.26|17539929|317651328.00|2.02|7.37|2.02|18.10|17.71|18.64|17.71|17.54|17.36|26362359|485272704.00|1|0.0000|0.0000|0.0000|0|17.36
*ST长药|300391|0.00|20532200|88745248.00|0.00|7.23|-5.59|4.29|4.29|4.60|4.05|20.53|4.29|20196050|92529416.00|1|0.0000|0.0000|0.0000|0|4.29
中来股份|300393|5.07|25869823|127422112.00|0.00|7.40|-0.21|4.97|4.73|5.08|4.72|25.87|4.73|36755294|184397856.00|1|0.0000|0.0000|0.0000|0|4.73
天孚通信|300394|-2.09|28811500|1780356608.00|0.58|2.74|-5.66|62.23|63.93|65.30|59.96|28.81|63.56|24267646|1604323968.00|1|0.0000|0.0000|0.0000|0|63.56
菲利华|300395|-1.61|8319173|373992160.00|0.02|1.28|-4.26|45.26|46.01|46.59|44.04|8.32|46.00|12598625|571507328.00|1|0.0000|0.0000|0.0000|0|46.00
迪瑞医疗|300396|4.22|7259260|94756288.00|1.04|6.61|0.96|13.08|12.68|13.38|12.67|7.26|12.55|11377229|148878736.00|1|0.0000|0.0000|0.0000|0|12.55
天和防务|300397|8.08|45555122|488904096.00|3.84|12.93|3.43|10.70|10.28|11.18|10.24|45.56|9.90|42367099|439549504.00|1|0.0000|0.0000|0.0000|0|9.90
飞凯材料|300398|5.06|62061121|1100128896.00|2.94|7.53|1.53|17.86|17.50|18.28|17.26|62.06|17.00|69253584|1219923456.00|1|0.0000|0.0000|0.0000|0|17.00
天利科技|300399|5.32|10249630|178917760.00|1.63|9.25|1.63|17.42|16.81|18.07|16.81|10.25|16.54|10571960|186127408.00|1|0.0000|0.0000|0.0000|0|16.54
劲拓股份|300400|3.37|7713000|104222976.00|3.45|6.66|0.15|13.50|13.51|13.93|13.08|7.71|13.06|9863800|137117920.00|1|0.0000|0.0000|0.0000|0|13.06
花园生物|300401|3.89|18051535|227711200.00|2.98|8.37|0.99|12.54|12.43|13.08|12.19|18.05|12.07|25376150|320706784.00|1|0.0000|0.0000|0.0000|0|12.07
宝色股份|300402|5.99|20695188|314150176.00|1.39|8.43|1.39|15.21|14.55|15.56|14.55|20.70|14.35|23580819|358728544.00|1|0.0000|0.0000|0.0000|0|14.35
汉宇集团|300403|1.03|46281337|592120384.00|0.71|5.45|-2.84|12.79|12.75|13.35|12.30|46.28|12.66|46153256|617914496.00|1|0.0000|0.0000|0.0000|0|12.66
博济医药|300404|4.72|25504764|223048528.00|3.75|9.92|1.81|8.66|8.58|9.09|8.42|25.50|8.27|31315775|280056480.00|1|0.0000|0.0000|0.0000|0|8.27
科隆股份|300405|2.28|12226217|49226516.00|1.02|5.33|-1.02|4.03|3.98|4.15|3.90|12.23|3.94|15058190|61064396.00|1|0.0000|0.0000|0.0000|0|3.94
九强生物|300406|3.04|8119469|118640000.00|1.27|5.79|0.78|14.59|14.34|14.98|14.27|8.12|14.16|10575700|155438976.00|1|0.0000|0.0000|0.0000|0|14.16
凯发电气|300407|2.01|9030109|82745520.00|1.34|8.05|-1.23|9.12|9.06|9.66|8.83|9.03|8.94|11905057|114452152.00|1|0.0000|0.0000|0.0000|0|8.94
三环集团|300408|-3.86|26657537|916461952.00|2.50|2.84|-5.17|33.84|36.08|36.20|33.38|26.66|35.20|25955507|928877952.00|1|0.0000|0.0000|0.0000|0|35.20
道氏技术|300409|2.38|49352520|635840256.00|1.51|5.40|-0.79|12.90|12.79|13.28|12.50|49.35|12.60|62049299|817796992.00|1|0.0000|0.0000|0.0000|0|12.60
正业科技|300410|5.81|16036312|69445216.00|2.91|7.02|1.45|4.37|4.25|4.42|4.19|16.04|4.13|19606934|86809304.00|1|0.0000|0.0000|0.0000|0|4.13
金盾股份|300411|3.12|14100880|145749760.00|5.03|8.05|0.50|10.25|10.44|10.74|9.99|14.10|9.94|19090300|201641632.00|1|0.0000|0.0000|0.0000|0|9.94
迦南科技|300412|3.88|17877250|81538112.00|1.83|7.31|1.14|4.55|4.46|4.70|4.43|17.88|4.38|27441190|128664024.00|1|0.0000|0.0000|0.0000|0|4.38
芒果超媒|300413|4.78|13804298|367192832.00|1.58|5.17|0.12|27.18|26.35|27.28|25.97|13.80|25.94|18996796|509131136.00|1|0.0000|0.0000|0.0000|0|25.94
中光防雷|300414|3.21|8218112|53022696.00|2.56|6.41|0.32|6.44|6.40|6.64|6.26|8.22|6.24|10718300|70951504.00|1|0.0000|0.0000|0.0000|0|6.24
伊之密|300415|0.79|14656363|282634368.00|1.79|4.68|-1.26|19.17|19.36|19.91|18.78|14.66|19.02|21267554|416463968.00|1|0.0000|0.0000|0.0000|0|19.02
苏试试验|300416|1.78|28158805|462501504.00|1.84|5.95|-1.96|16.60|16.61|17.28|15.99|28.16|16.31|35170258|577006528.00|1|0.0000|0.0000|0.0000|0|16.31
南华仪器|300417|4.39|3945960|37656800.00|2.09|9.11|1.54|9.51|9.30|9.94|9.25|3.95|9.11|4784350|45969912.00|1|0.0000|0.0000|0.0000|0|9.11
昆仑万维|300418|5.36|44555974|1274973184.00|2.09|8.56|2.06|28.69|27.80|29.56|27.79|44.56|27.23|52581269|1529067904.00|1|0.0000|0.0000|0.0000|0|27.23
ST浩丰|300419|3.60|14762100|68075096.00|1.12|6.29|1.12|4.61|4.50|4.73|4.50|14.76|4.45|24389900|115929472.00|1|0.0000|0.0000|0.0000|0|4.45
五洋自控|300420|3.78|38342522|94829960.00|2.10|7.56|0.84|2.47|2.43|2.56|2.40|38.34|2.38|55218178|139375744.00|1|0.0000|0.0000|0.0000|0|2.38
力星股份|300421|-1.40|50589180|673756864.00|1.03|4.79|-8.32|13.39|13.72|14.23|12.45|50.59|13.58|40467140|578742784.00|1|0.0000|0.0000|0.0000|0|13.58
博世科|300422|3.06|9791289|36132844.00|0.84|4.74|0.28|3.70|3.62|3.76|3.60|9.79|3.59|16303945|61109464.00|1|0.0000|0.0000|0.0000|0|3.59
昇辉科技|300423|-1.95|13838555|91897072.00|2.10|4.35|-4.50|6.53|6.80|6.95|6.36|13.84|6.66|20754200|149741248.00|1|0.0000|0.0000|0.0000|0|6.66
航新科技|300424|4.34|9986858|125795576.00|4.42|9.27|1.75|12.50|12.51|13.09|12.19|9.99|11.98|13406059|172022976.00|1|0.0000|0.0000|0.0000|0|11.98
中建环能|300425|5.26|24895280|113529256.00|1.14|6.41|0.92|4.60|4.42|4.65|4.41|24.90|4.37|29750459|136171888.00|1|0.0000|0.0000|0.0000|0|4.37
华智数媒|300426|3.89|19561804|190850304.00|0.53|7.79|-1.79|9.87|9.55|10.24|9.33|19.56|9.50|23238941|231422656.00|1|0.0000|0.0000|0.0000|0|9.50
红相股份|300427|2.86|14084005|61359788.00|-0.95|6.67|-0.95|4.32|4.16|4.48|4.16|14.08|4.20|21770888|97806040.00|1|0.0000|0.0000|0.0000|0|4.20
立中集团|300428|3.60|12014283|183785584.00|1.83|7.20|1.70|15.25|14.99|15.78|14.97|12.01|14.72|16316024|252871696.00|1|0.0000|0.0000|0.0000|0|14.72
强力新材|300429|2.73|27657519|302724864.00|2.64|8.19|-0.47|10.91|10.90|11.49|10.57|27.66|10.62|38920777|432573216.00|1|0.0000|0.0000|0.0000|0|10.62
诚益通|300430|4.09|16694770|262262048.00|2.24|6.07|1.25|15.78|15.50|16.08|15.35|16.69|15.16|22496570|358916320.00|1|0.0000|0.0000|0.0000|0|15.16
富临精工|300432|0.85|57438691|891918528.00|-0.20|5.48|-2.15|15.46|15.30|16.17|15.00|57.44|15.33|63110023|1018576768.00|1|0.0000|0.0000|0.0000|0|15.33
蓝思科技|300433|-1.00|124505712|2223110144.00|2.38|3.93|-3.77|17.88|18.49|18.77|17.38|124.51|18.06|119952510|2223969280.00|1|0.0000|0.0000|0.0000|0|18.06
金石亚药|300434|3.37|10808626|79541280.00|0.56|7.16|0.28|7.36|7.16|7.63|7.14|10.81|7.12|14975800|111781688.00|1|0.0000|0.0000|0.0000|0|7.12
中泰股份|300435|1.06|8454300|96655600.00|0.88|4.60|-1.77|11.42|11.40|11.82|11.10|8.45|11.30|14666203|171156512.00|1|0.0000|0.0000|0.0000|0|11.30
广生堂|300436|3.90|4220532|112453408.00|0.00|6.79|0.00|26.64|25.64|27.38|25.64|4.22|25.64|6958661|190488080.00|1|0.0000|0.0000|0.0000|0|25.64
清水源|300437|4.65|7109200|47834644.00|0.00|7.29|0.00|6.75|6.45|6.92|6.45|7.11|6.45|10546235|71598384.00|1|0.0000|0.0000|0.0000|0|6.45
鹏辉能源|300438|3.18|15813591|348557184.00|0.00|6.74|0.00|22.04|21.36|22.80|21.36|15.81|21.36|18906167|433303904.00|1|0.0000|0.0000|0.0000|0|21.36
美康生物|300439|4.99|17405481|182395088.00|1.40|8.08|0.60|10.53|10.17|10.84|10.09|17.41|10.03|20383277|218783216.00|1|0.0000|0.0000|0.0000|0|10.03
运达科技|300440|4.90|19249000|152871456.00|3.05|8.87|2.12|7.92|7.78|8.22|7.71|19.25|7.55|26652286|208243856.00|1|0.0000|0.0000|0.0000|0|7.55
鲍斯股份|300441|2.47|23442894|193846304.00|1.11|5.32|-0.87|8.29|8.18|8.52|8.02|23.44|8.09|35607735|297203936.00|1|0.0000|0.0000|0.0000|0|8.09
润泽科技|300442|-0.48|29244492|1460096256.00|2.21|2.49|-3.42|50.00|51.35|51.49|48.52|29.24|50.24|39187889|1954929792.00|1|0.0000|0.0000|0.0000|0|50.24
金雷股份|300443|3.44|10010500|181090640.00|0.52|6.99|0.52|18.06|17.55|18.68|17.55|10.01|17.46|13788697|250739568.00|1|0.0000|0.0000|0.0000|0|17.46
双杰电气|300444|4.58|63597619|411766560.00|3.10|9.64|1.63|6.40|6.31|6.71|6.22|63.60|6.12|65885784|422875040.00|1|0.0000|0.0000|0.0000|0|6.12
康斯特|300445|0.81|9022660|147987744.00|3.00|8.24|-2.25|16.15|16.50|17.34|15.66|9.02|16.02|10514960|180179712.00|1|0.0000|0.0000|0.0000|0|16.02
航天智造|300446|-4.07|49555270|913833344.00|1.71|4.98|-8.73|17.92|19.00|19.61|17.05|49.56|18.68|47201267|901336320.00|1|0.0000|0.0000|0.0000|0|18.68
全信股份|300447|1.17|8571400|97710744.00|2.51|6.91|-1.97|11.28|11.43|11.92|10.93|8.57|11.15|11587650|136298544.00|1|0.0000|0.0000|0.0000|0|11.15
浩云科技|300448|2.95|18623144|104603848.00|0.18|7.75|0.00|5.58|5.43|5.84|5.42|18.62|5.42|26134939|151470608.00|1|0.0000|0.0000|0.0000|0|5.42
汉邦高科|300449|10.08|37362460|246436272.00|2.31|14.55|2.31|6.66|6.19|6.93|6.19|37.36|6.05|31101200|197739920.00|1|0.0000|0.0000|0.0000|0|6.05
先导智能|300450|1.85|28041462|496287872.00|2.25|5.43|-0.23|17.62|17.69|18.24|17.26|28.04|17.30|48538451|873073664.00|1|0.0000|0.0000|0.0000|0|17.30
创业慧康|300451|6.05|106881888|561174080.00|1.81|9.07|1.81|5.26|5.05|5.41|5.05|106.88|4.96|116931430|623098112.00|1|0.0000|0.0000|0.0000|0|4.96
山河药辅|300452|2.29|5111735|56926952.00|1.19|4.59|-0.37|11.15|11.03|11.40|10.86|5.11|10.90|10280876|117369544.00|1|0.0000|0.0000|0.0000|0|10.90
三鑫医疗|300453|5.19|15988011|122328544.00|0.41|6.69|0.41|7.70|7.35|7.81|7.35|15.99|7.32|16008790|120970680.00|1|0.0000|0.0000|0.0000|0|7.32
深信服|300454|-0.20|9409928|831286848.00|0.66|4.12|-2.83|88.18|88.94|92.00|85.86|9.41|88.36|13912165|1277385216.00|1|0.0000|0.0000|0.0000|0|88.36
航天智装|300455|5.27|19984966|233754080.00|3.00|10.17|2.72|11.59|11.34|12.13|11.31|19.98|11.01|22012576|256952608.00|1|0.0000|0.0000|0.0000|0|11.01
赛微电子|300456|5.44|24654808|360377824.00|1.60|9.51|1.60|14.53|14.00|15.09|14.00|24.65|13.78|24900096|366917888.00|1|0.0000|0.0000|0.0000|0|13.78
赢合科技|300457|4.68|20322628|327562304.00|2.54|7.80|2.54|16.10|15.77|16.58|15.77|20.32|15.38|24982180|409717536.00|1|0.0000|0.0000|0.0000|0|15.38
全志科技|300458|-0.09|43985082|1894365184.00|0.47|4.63|-3.32|42.76|43.00|44.78|41.38|43.99|42.80|53203218|2341241088.00|1|0.0000|0.0000|0.0000|0|42.80
汤姆猫|300459|5.67|267863204|1244048256.00|0.91|7.71|0.91|4.66|4.45|4.75|4.45|267.86|4.41|283919268|1327750656.00|1|0.0000|0.0000|0.0000|0|4.41
ST惠伦|300460|4.55|9507660|94497664.00|2.43|8.99|1.48|9.89|9.69|10.31|9.60|9.51|9.46|11811962|120176912.00|1|0.0000|0.0000|0.0000|0|9.46
田中精机|300461|2.73|6365560|105245328.00|1.18|7.70|-0.81|16.54|16.29|17.34|15.97|6.37|16.10|6534600|111853992.00|1|0.0000|0.0000|0.0000|0|16.10
ST华铭|300462|-0.78|7404381|56437660.00|-1.56|2.21|-2.99|7.62|7.56|7.85|7.45|7.40|7.68|10203094|78438432.00|1|0.0000|0.0000|0.0000|0|7.68
迈克生物|300463|3.52|13862100|162634080.00|1.23|6.08|1.15|11.75|11.49|12.04|11.48|13.86|11.35|20924067|250669360.00|1|0.0000|0.0000|0.0000|0|11.35
星徽股份|300464|4.51|10409545|41202736.00|1.06|7.96|1.06|3.94|3.81|4.07|3.81|10.41|3.77|12875700|51411752.00|1|0.0000|0.0000|0.0000|0|3.77
高伟达|300465|7.99|32336874|406959392.00|3.65|9.52|2.63|12.71|12.20|12.89|12.08|32.34|11.77|28240418|354634272.00|1|0.0000|0.0000|0.0000|0|11.77
赛摩智能|300466|-7.70|63941400|524758656.00|0.23|3.22|-11.49|8.03|8.72|8.98|7.70|63.94|8.70|47605260|441812736.00|1|0.0000|0.0000|0.0000|0|8.70
迅游科技|300467|0.82|10991700|174705184.00|1.77|3.93|-2.66|15.92|16.07|16.41|15.37|10.99|15.79|10908900|183831776.00|1|0.0000|0.0000|0.0000|0|15.79
四方精创|300468|8.29|131615343|2408933632.00|-1.14|10.67|-3.80|19.08|17.42|19.50|16.95|131.62|17.62|106838771|1863196544.00|1|0.0000|0.0000|0.0000|0|17.62
信息发展|300469|3.18|14937930|392326368.00|2.39|5.81|-0.47|26.28|26.08|26.95|25.35|14.94|25.47|20190392|537225216.00|1|0.0000|0.0000|0.0000|0|25.47
中密控股|300470|1.51|4771995|159636896.00|0.76|3.69|-0.94|33.53|33.28|34.25|32.72|4.77|33.03|7547788|254731616.00|1|0.0000|0.0000|0.0000|0|33.03
厚普股份|300471|2.39|9769300|71916936.00|0.42|7.16|0.42|7.29|7.15|7.63|7.15|9.77|7.12|15161865|114481480.00|1|0.0000|0.0000|0.0000|0|7.12
*ST新元|300472|3.61|14848320|64065816.00|1.20|6.51|0.48|4.30|4.20|4.42|4.17|14.85|4.15|22288800|95596136.00|1|0.0000|0.0000|0.0000|0|4.15
德尔股份|300473|4.04|11063756|263170064.00|3.09|6.82|-0.48|23.94|23.72|24.58|22.90|11.06|23.01|13128130|318269920.00|1|0.0000|0.0000|0.0000|0|23.01
景嘉微|300474|4.65|14792052|996173760.00|3.72|7.29|2.16|67.50|66.90|69.20|65.89|14.79|64.50|19954422|1361831296.00|1|0.0000|0.0000|0.0000|0|64.50
香农芯创|300475|-2.72|38211942|1015523840.00|-0.63|4.16|-6.62|26.43|27.00|28.30|25.37|38.21|27.17|38819696|1125511040.00|1|0.0000|0.0000|0.0000|0|27.17
胜宏科技|300476|-3.29|66591050|4176935424.00|3.48|5.69|-6.78|61.22|65.50|66.90|59.01|66.59|63.30|76641328|4869636608.00|1|0.0000|0.0000|0.0000|0|63.30
ST合纵|300477|2.89|62073534|154690416.00|2.48|5.79|0.00|2.49|2.48|2.56|2.42|62.07|2.42|99429598|253387968.00|1|0.0000|0.0000|0.0000|0|2.42
杭州高新|300478|3.96|6716436|67205488.00|2.08|8.54|0.63|9.98|9.80|10.42|9.66|6.72|9.60|7550620|77033976.00|1|0.0000|0.0000|0.0000|0|9.60
神思电子|300479|3.51|11094151|198161920.00|3.51|8.19|0.64|17.70|17.70|18.50|17.21|11.09|17.10|12633762|227943664.00|1|0.0000|0.0000|0.0000|0|17.10
光力科技|300480|3.44|10080539|116752552.00|0.90|8.87|0.90|11.43|11.15|12.03|11.15|10.08|11.05|13787773|162706736.00|1|0.0000|0.0000|0.0000|0|11.05
濮阳惠成|300481|2.88|8258300|106558848.00|1.76|7.05|0.48|12.85|12.71|13.37|12.55|8.26|12.49|12458268|164386272.00|1|0.0000|0.0000|0.0000|0|12.49
万孚生物|300482|3.88|9855096|202730320.00|1.91|6.60|1.21|20.62|20.23|21.16|20.09|9.86|19.85|16266793|339804320.00|1|0.0000|0.0000|0.0000|0|19.85
首华燃气|300483|5.46|8365100|59904484.00|0.44|7.96|0.44|7.15|6.81|7.32|6.81|8.37|6.78|10184409|73499816.00|1|0.0000|0.0000|0.0000|0|6.78
蓝海华腾|300484|1.24|9855800|160618288.00|-0.43|5.07|-3.22|16.37|16.10|16.99|15.65|9.86|16.17|9891400|169385360.00|1|0.0000|0.0000|0.0000|0|16.17
赛升药业|300485|12.16|41114210|324476896.00|6.79|15.84|6.79|7.93|7.55|8.19|7.55|41.11|7.07|40638579|308285856.00|1|0.0000|0.0000|0.0000|0|7.07
东杰智能|300486|4.10|14158874|78995472.00|1.31|7.28|1.31|5.58|5.43|5.75|5.43|14.16|5.36|18198535|104546704.00|1|0.0000|0.0000|0.0000|0|5.36
蓝晓科技|300487|0.21|6327701|274023008.00|1.88|4.94|-1.06|42.59|43.30|44.60|42.05|6.33|42.50|8661366|374755680.00|1|0.0000|0.0000|0.0000|0|42.50
恒锋工具|300488|-0.31|4957264|142935024.00|0.14|4.90|-3.30|28.70|28.83|30.20|27.84|4.96|28.79|3801248|117013072.00|1|0.0000|0.0000|0.0000|0|28.79
光智科技|300489|10.19|7129093|298191584.00|1.15|10.76|1.15|43.03|39.50|43.25|39.50|7.13|39.05|5351243|223586288.00|1|0.0000|0.0000|0.0000|0|39.05
华自科技|300490|4.49|13198838|89166208.00|1.39|7.43|1.39|6.75|6.55|6.94|6.55|13.20|6.46|19829838|136224032.00|1|0.0000|0.0000|0.0000|0|6.46
通合科技|300491|4.91|9795221|147338624.00|2.46|9.75|1.82|14.95|14.60|15.64|14.51|9.80|14.25|11402060|172750496.00|1|0.0000|0.0000|0.0000|0|14.25
华图山鼎|300492|6.10|1150572|88918472.00|0.07|6.94|0.07|79.17|74.67|79.80|74.67|1.15|74.62|2074355|158790240.00|1|0.0000|0.0000|0.0000|0|74.62
润欣科技|300493|0.87|39790071|690061120.00|0.00|5.04|-3.47|17.42|17.27|18.14|16.67|39.79|17.27|34588107|624905856.00|1|0.0000|0.0000|0.0000|0|17.27
盛天网络|300494|5.05|19791980|202231488.00|3.30|8.76|2.37|10.19|10.02|10.55|9.93|19.79|9.70|26343200|270763232.00|1|0.0000|0.0000|0.0000|0|9.70
中科创达|300496|4.50|21879380|1041959040.00|1.93|7.94|1.38|47.62|46.45|49.19|46.20|21.88|45.57|24500702|1200345088.00|1|0.0000|0.0000|0.0000|0|45.57
富祥药业|300497|3.58|10564012|76404168.00|1.15|6.88|1.15|7.23|7.06|7.46|7.06|10.56|6.98|18640447|138360688.00|1|0.0000|0.0000|0.0000|0|6.98
温氏股份|300498|7.95|195297381|3414695168.00|0.42|8.25|-0.42|18.05|16.79|18.10|16.65|195.30|16.72|148095297|2506858240.00|1|0.0000|0.0000|0.0000|0|16.72
高澜股份|300499|-3.91|31191645|481339680.00|0.25|5.68|-8.46|15.22|15.88|16.74|14.50|31.19|15.84|23716159|394374496.00|1|0.0000|0.0000|0.0000|0|15.84
启迪设计|300500|3.43|4210060|39333848.00|1.00|6.19|0.44|9.35|9.13|9.60|9.08|4.21|9.04|6239646|59265436.00|1|0.0000|0.0000|0.0000|0|9.04
海顺新材|300501|4.22|8868926|117922480.00|2.35|6.33|0.94|13.33|13.09|13.60|12.91|8.87|12.79|9727108|131964400.00|1|0.0000|0.0000|0.0000|0|12.79
新易盛|300502|-5.19|61995649|4411911168.00|2.05|2.67|-7.80|70.37|75.74|76.20|68.43|62.00|74.22|39917360|3028383488.00|1|0.0000|0.0000|0.0000|0|74.22
昊志机电|300503|0.46|19880850|390729504.00|0.10|5.32|-3.68|19.63|19.56|20.58|18.82|19.88|19.54|20231400|413451264.00|1|0.0000|0.0000|0.0000|0|19.54
天邑股份|300504|3.10|5564298|70915456.00|0.65|7.17|0.65|12.65|12.35|13.15|12.35|5.56|12.27|7708777|100738216.00|1|0.0000|0.0000|0.0000|0|12.27
川金诺|300505|8.83|26203909|388541536.00|2.49|8.83|1.85|15.29|14.40|15.29|14.31|26.20|14.05|29146364|421498592.00|1|0.0000|0.0000|0.0000|0|14.05
*ST名家|300506|5.76|8410435|24333466.00|0.72|5.76|0.72|2.94|2.80|2.94|2.80|8.41|2.78|14319420|42077228.00|1|0.0000|0.0000|0.0000|0|2.78
苏奥传感|300507|2.97|43175645|271073184.00|2.48|7.26|0.00|6.24|6.21|6.50|6.06|43.18|6.06|62237924|400143264.00|1|0.0000|0.0000|0.0000|0|6.06
维宏股份|300508|2.20|3582140|95933368.00|2.01|4.75|-2.43|26.90|26.85|27.57|25.68|3.58|26.32|4640500|128725424.00|1|0.0000|0.0000|0.0000|0|26.32
新美星|300509|4.62|11304041|73872264.00|0.00|6.69|-0.16|6.57|6.28|6.70|6.27|11.30|6.28|11981487|79708184.00|1|0.0000|0.0000|0.0000|0|6.28
金冠股份|300510|3.37|32326040|119686904.00|2.81|7.58|1.12|3.68|3.66|3.83|3.60|32.33|3.56|47095739|176757008.00|1|0.0000|0.0000|0.0000|0|3.56
雪榕生物|300511|19.96|91650168|462175040.00|3.14|19.96|0.90|5.35|4.60|5.35|4.50|91.65|4.46|81592237|374617408.00|1|0.0000|0.0000|0.0000|0|4.46
中亚股份|300512|2.23|6408000|41094544.00|0.96|6.06|-1.12|6.41|6.33|6.65|6.20|6.41|6.27|9279300|61520028.00|1|0.0000|0.0000|0.0000|0|6.27
恒实科技|300513|3.42|11622273|81214192.00|1.34|7.44|0.60|6.95|6.81|7.22|6.76|11.62|6.72|17549624|127158008.00|1|0.0000|0.0000|0.0000|0|6.72
友讯达|300514|2.08|9215405|122183928.00|1.38|5.85|-1.23|13.27|13.18|13.76|12.84|9.22|13.00|12284087|166103472.00|1|0.0000|0.0000|0.0000|0|13.00
三德科技|300515|3.06|9302964|129672336.00|2.24|8.59|-0.67|13.80|13.69|14.54|13.30|9.30|13.39|10982224|154642528.00|1|0.0000|0.0000|0.0000|0|13.39
久之洋|300516|3.75|3393850|96731152.00|1.27|6.47|1.27|28.53|27.85|29.28|27.85|3.39|27.50|5393700|157976368.00|1|0.0000|0.0000|0.0000|0|27.50
海波重科|300517|4.13|4175380|34582476.00|0.63|6.37|0.63|8.33|8.05|8.51|8.05|4.18|8.00|7661620|63935604.00|1|0.0000|0.0000|0.0000|0|8.00
新迅达|300518|4.30|5880557|48322304.00|0.63|6.84|0.63|8.24|7.95|8.44|7.95|5.88|7.90|5509044|46090544.00|1|0.0000|0.0000|0.0000|0|7.90
新光药业|300519|3.61|4832000|59247128.00|1.51|6.38|0.08|12.35|12.10|12.68|11.93|4.83|11.92|7801500|97530744.00|1|0.0000|0.0000|0.0000|0|11.92
科大国创|300520|3.35|18636918|375701472.00|2.01|7.83|0.21|20.06|19.80|20.93|19.45|18.64|19.41|23038061|477580608.00|1|0.0000|0.0000|0.0000|0|19.41
爱司凯|300521|3.86|5753440|109177424.00|1.03|7.56|0.27|19.10|18.58|19.78|18.44|5.75|18.39|7914684|153806944.00|1|0.0000|0.0000|0.0000|0|18.39
世名科技|300522|3.61|7991360|97253544.00|1.85|4.96|-0.17|12.33|12.12|12.49|11.88|7.99|11.90|13338380|164505824.00|1|0.0000|0.0000|0.0000|0|11.90
辰安科技|300523|6.03|6204255|113869056.00|1.74|10.08|1.74|18.30|17.56|19.00|17.56|6.20|17.26|6855797|126092504.00|1|0.0000|0.0000|0.0000|0|17.26
博思软件|300525|4.78|29987932|424628864.00|2.35|7.27|1.10|14.26|13.93|14.60|13.76|29.99|13.61|36336193|524175360.00|1|0.0000|0.0000|0.0000|0|13.61
ST应急|300527|4.86|25593140|175883600.00|1.67|6.38|1.67|6.90|6.69|7.00|6.69|25.59|6.58|40049470|274306240.00|1|0.0000|0.0000|0.0000|0|6.58
幸福蓝海|300528|4.98|11119900|79263432.00|2.49|6.73|1.61|7.17|7.00|7.29|6.94|11.12|6.83|14652060|104911728.00|1|0.0000|0.0000|0.0000|0|6.83
健帆生物|300529|4.08|10915491|260166240.00|2.60|5.60|2.04|23.98|23.64|24.33|23.51|10.92|23.04|16396924|393883168.00|1|0.0000|0.0000|0.0000|0|23.04
领湃科技|300530|8.45|7347225|146860464.00|-1.97|17.28|-2.25|19.77|17.87|21.38|17.82|7.35|18.23|5630825|109138536.00|1|0.0000|0.0000|0.0000|0|18.23
优博讯|300531|3.44|7604000|84458688.00|0.46|7.06|-0.19|11.14|10.82|11.53|10.75|7.60|10.77|8635000|99148032.00|1|0.0000|0.0000|0.0000|0|10.77
今天国际|300532|3.59|12406264|128373936.00|1.59|5.98|0.20|10.40|10.20|10.64|10.06|12.41|10.04|21093156|222345344.00|1|0.0000|0.0000|0.0000|0|10.04
冰川网络|300533|9.19|11911925|264878160.00|4.31|12.06|1.20|22.82|21.80|23.42|21.15|11.91|20.90|10411300|233478896.00|1|0.0000|0.0000|0.0000|0|20.90
陇神戎发|300534|7.11|37836057|332447584.00|2.49|7.35|1.18|9.04|8.65|9.06|8.54|37.84|8.44|42590650|377287168.00|1|0.0000|0.0000|0.0000|0|8.44
达威股份|300535|4.41|3160241|40253064.00|1.06|8.66|0.49|12.78|12.37|13.30|12.30|3.16|12.24|4410800|56656468.00|1|0.0000|0.0000|0.0000|0|12.24
农尚环境|300536|3.10|6462500|51783204.00|0.00|6.71|0.00|7.99|7.75|8.27|7.75|6.46|7.75|10186750|82160800.00|1|0.0000|0.0000|0.0000|0|7.75
广信材料|300537|4.08|10764500|169429264.00|1.91|6.90|0.20|15.83|15.50|16.26|15.24|10.76|15.21|15324277|245883040.00|1|0.0000|0.0000|0.0000|0|15.21
同益股份|300538|3.93|6673300|86718112.00|2.65|8.03|0.32|12.95|12.79|13.46|12.50|6.67|12.46|8164801|108057152.00|1|0.0000|0.0000|0.0000|0|12.46
横河精密|300539|4.22|10554500|122983376.00|1.97|8.62|0.90|11.61|11.36|12.10|11.24|10.55|11.14|11183660|131100392.00|1|0.0000|0.0000|0.0000|0|11.14
蜀道装备|300540|3.80|4338479|86800992.00|0.26|8.18|0.26|19.92|19.24|20.76|19.24|4.34|19.19|4889001|100052096.00|1|0.0000|0.0000|0.0000|0|19.19
先进数通|300541|4.37|30088941|327335616.00|3.23|6.56|-0.19|10.98|10.86|11.21|10.50|30.09|10.52|41110325|456839680.00|1|0.0000|0.0000|0.0000|0|10.52
新晨科技|300542|-19.68|14647954|218383664.00|-5.79|-4.69|-20.02|13.88|16.28|16.47|13.82|14.65|17.28|9816100|170111520.00|0|0.0000|0.0000|0.0000|0|17.28
朗科智能|300543|1.34|16632553|151606416.00|1.45|6.91|-2.12|9.09|9.10|9.59|8.78|16.63|8.97|19690899|185239360.00|1|0.0000|0.0000|0.0000|0|8.97
联得装备|300545|1.12|8418174|220442912.00|0.62|6.31|-2.98|26.14|26.01|27.48|25.08|8.42|25.85|9763271|268958944.00|1|0.0000|0.0000|0.0000|0|25.85
雄帝科技|300546|3.44|6979020|103332288.00|1.76|8.15|0.98|14.72|14.48|15.39|14.37|6.98|14.23|8479320|128203040.00|1|0.0000|0.0000|0.0000|0|14.23
川环科技|300547|0.57|14756373|390282720.00|2.52|5.66|-3.52|26.32|26.83|27.65|25.25|14.76|26.17|15092007|414558016.00|1|0.0000|0.0000|0.0000|0|26.17
长芯博创|300548|-0.30|18505804|548611072.00|-1.30|2.91|-3.88|29.82|29.52|30.78|28.75|18.51|29.91|15043465|468220128.00|1|0.0000|0.0000|0.0000|0|29.91
优德精密|300549|-3.82|11207790|176806144.00|-1.29|2.84|-7.15|15.60|16.01|16.68|15.06|11.21|16.22|9197900|155211792.00|1|0.0000|0.0000|0.0000|0|16.22
和仁科技|300550|4.33|4689579|51694784.00|2.16|6.96|0.38|11.09|10.86|11.37|10.67|4.69|10.63|5059541|57162788.00|1|0.0000|0.0000|0.0000|0|10.63
古鳌科技|300551|5.31|14947360|115420456.00|0.95|7.89|0.95|7.74|7.42|7.93|7.42|14.95|7.35|16920335|132356264.00|1|0.0000|0.0000|0.0000|0|7.35
万集科技|300552|2.87|6387034|155153744.00|-2.19|4.55|-2.19|24.40|23.20|24.80|23.20|6.39|23.72|7940480|198970944.00|1|0.0000|0.0000|0.0000|0|23.72
集智股份|300553|-0.27|6773603|249221264.00|7.34|7.34|-4.97|36.70|39.50|39.50|34.97|6.77|36.80|7252180|286974720.00|1|0.0000|0.0000|0.0000|0|36.80
三超新材|300554|4.08|3519718|60277416.00|0.98|7.56|0.73|17.08|16.57|17.65|16.53|3.52|16.41|4772600|83620072.00|1|0.0000|0.0000|0.0000|0|16.41
ST路通|300555|1.20|4666000|39290028.00|-0.72|3.96|-1.68|8.43|8.27|8.66|8.19|4.67|8.33|8708780|75224136.00|1|0.0000|0.0000|0.0000|0|8.33
丝路视觉|300556|4.31|7114747|112398688.00|2.52|8.75|0.46|15.74|15.47|16.41|15.16|7.11|15.09|8616447|138579392.00|1|0.0000|0.0000|0.0000|0|15.09
理工光科|300557|3.14|2772380|76289464.00|1.59|7.63|0.72|27.30|26.89|28.49|26.66|2.77|26.47|3231520|90314888.00|1|0.0000|0.0000|0.0000|0|26.47
贝达药业|300558|-0.63|11157006|579690240.00|2.46|3.47|-2.63|52.05|53.67|54.20|51.00|11.16|52.38|13364491|700419328.00|1|0.0000|0.0000|0.0000|0|52.38
佳发教育|300559|5.02|10764017|101455968.00|0.67|7.59|0.67|9.41|9.02|9.64|9.02|10.76|8.96|11958557|114401496.00|1|0.0000|0.0000|0.0000|0|8.96
中富通|300560|4.86|9285620|98360824.00|1.29|8.04|1.29|10.57|10.21|10.89|10.21|9.29|10.08|10043040|107770528.00|1|0.0000|0.0000|0.0000|0|10.08
*ST汇科|300561|4.44|50141744|895864704.00|-1.90|6.69|-2.48|18.10|17.00|18.49|16.90|50.14|17.33|43474487|787244608.00|1|0.0000|0.0000|0.0000|0|17.33
乐心医疗|300562|-1.63|20050320|253025456.00|-1.56|2.57|-6.22|12.65|12.66|13.19|12.06|20.05|12.86|18764018|249994400.00|1|0.0000|0.0000|0.0000|0|12.86
神宇股份|300563|-0.42|10452840|320543616.00|-3.96|2.64|-4.19|30.93|29.83|31.88|29.76|10.45|31.06|8158676|264514832.00|1|0.0000|0.0000|0.0000|0|31.06
筑博设计|300564|5.30|3896060|41037016.00|3.05|6.88|0.20|10.72|10.49|10.88|10.20|3.90|10.18|6278680|66115100.00|1|0.0000|0.0000|0.0000|0|10.18
科信技术|300565|1.92|11922050|113965240.00|0.00|5.22|-0.53|9.56|9.38|9.87|9.33|11.92|9.38|17750246|176620352.00|1|0.0000|0.0000|0.0000|0|9.38
激智科技|300566|1.84|10919553|174870352.00|1.08|5.21|-1.14|16.02|15.90|16.55|15.55|10.92|15.73|15139713|252874576.00|1|0.0000|0.0000|0.0000|0|15.73
精测电子|300567|0.83|10075975|600044544.00|2.88|5.18|-1.70|59.20|60.40|61.75|57.71|10.08|58.71|12802887|784080256.00|1|0.0000|0.0000|0.0000|0|58.71
星源材质|300568|4.40|51985452|445623168.00|2.08|7.57|1.95|8.55|8.36|8.81|8.35|51.99|8.19|68879631|600656320.00|1|0.0000|0.0000|0.0000|0|8.19
天能重工|300569|4.74|56619434|239438576.00|2.49|8.23|2.49|4.20|4.11|4.34|4.11|56.62|4.01|76890469|326803840.00|1|0.0000|0.0000|0.0000|0|4.01
太辰光|300570|-1.68|18624372|1150490880.00|-1.01|2.01|-5.39|62.04|62.46|64.37|59.70|18.62|63.10|14937070|969266432.00|1|0.0000|0.0000|0.0000|0|63.10
平治信息|300571|1.20|6345600|161622336.00|2.00|6.35|-2.56|25.33|25.53|26.62|24.39|6.35|25.03|9502950|242189440.00|1|0.0000|0.0000|0.0000|0|25.03
安车检测|300572|3.93|5707940|91783944.00|2.15|5.01|-0.13|16.40|16.12|16.57|15.76|5.71|15.78|10226149|169127920.00|1|0.0000|0.0000|0.0000|0|15.78
兴齐眼药|300573|1.01|8085194|571653952.00|3.52|4.49|-0.79|70.25|72.00|72.67|69.00|8.09|69.55|10396710|742604864.00|1|0.0000|0.0000|0.0000|0|69.55
中旗股份|300575|3.33|17598078|103754176.00|1.40|6.67|1.23|5.89|5.78|6.08|5.77|17.60|5.70|23195431|137944336.00|1|0.0000|0.0000|0.0000|0|5.70
容大感光|300576|2.25|9996357|389981728.00|2.02|5.73|-0.52|39.07|38.98|40.40|38.01|10.00|38.21|13814343|556862720.00|1|0.0000|0.0000|0.0000|0|38.21
开润股份|300577|-2.99|6246064|106895528.00|-4.01|0.90|-5.48|17.18|17.00|17.87|16.74|6.25|17.71|4995200|90663080.00|1|0.0000|0.0000|0.0000|0|17.71
会畅科技|300578|2.47|6150500|96582792.00|0.33|5.86|-1.11|15.74|15.41|16.26|15.19|6.15|15.36|7065800|115154432.00|1|0.0000|0.0000|0.0000|0|15.36
数字认证|300579|4.75|6794713|170121888.00|1.75|7.50|0.62|25.14|24.42|25.80|24.15|6.79|24.00|9259857|230987680.00|1|0.0000|0.0000|0.0000|0|24.00
贝斯特|300580|2.46|24678797|574207808.00|2.11|6.07|-1.36|23.28|23.20|24.10|22.41|24.68|22.72|25346522|606543488.00|1|0.0000|0.0000|0.0000|0|22.72
晨曦航空|300581|6.52|15410486|129995720.00|1.63|8.78|1.63|8.49|8.10|8.67|8.10|15.41|7.97|18854134|159304128.00|1|0.0000|0.0000|0.0000|0|7.97
英飞特|300582|-2.38|9305250|96682728.00|-2.47|4.37|-5.23|10.27|10.26|10.98|9.97|9.31|10.52|11555719|127630752.00|1|0.0000|0.0000|0.0000|0|10.52
赛托生物|300583|-6.41|5922080|111566464.00|0.00|0.91|-9.18|18.55|19.82|20.00|18.00|5.92|19.82|4456740|93205008.00|1|0.0000|0.0000|0.0000|0|19.82
海辰药业|300584|3.90|4643226|79755888.00|1.89|8.41|1.34|17.05|16.72|17.79|16.63|4.64|16.41|6412850|112473776.00|1|0.0000|0.0000|0.0000|0|16.41
奥联电子|300585|-0.26|7296400|84993304.00|-0.68|5.14|-3.60|11.65|11.60|12.28|11.26|7.30|11.68|6571300|80633432.00|1|0.0000|0.0000|0.0000|0|11.68
美联新材|300586|2.97|18949034|144010096.00|0.94|5.94|0.00|7.63|7.48|7.85|7.41|18.95|7.41|31041181|236664352.00|1|0.0000|0.0000|0.0000|0|7.41
天铁科技|300587|7.19|50713002|224739040.00|0.72|10.07|0.72|4.47|4.20|4.59|4.20|50.71|4.17|58846699|262325168.00|1|0.0000|0.0000|0.0000|0|4.17
熙菱信息|300588|4.27|7247500|74258840.00|0.61|8.33|0.51|10.26|9.90|10.66|9.89|7.25|9.84|7246281|76001656.00|1|0.0000|0.0000|0.0000|0|9.84
江龙船艇|300589|4.55|18677232|196809568.00|1.09|6.63|0.99|10.56|10.21|10.77|10.20|18.68|10.10|23075340|245699744.00|1|0.0000|0.0000|0.0000|0|10.10
移为通信|300590|2.38|14646275|165195952.00|2.02|7.33|-0.09|11.17|11.13|11.71|10.90|14.65|10.91|18493710|212380432.00|1|0.0000|0.0000|0.0000|0|10.91
万里马|300591|1.61|27618470|105462680.00|1.88|6.17|-0.54|3.79|3.80|3.96|3.71|27.62|3.73|37850404|149521216.00|1|0.0000|0.0000|0.0000|0|3.73
华凯易佰|300592|3.99|10610851|107071904.00|0.31|6.86|0.31|10.16|9.80|10.44|9.80|10.61|9.77|11327592|116958816.00|1|0.0000|0.0000|0.0000|0|9.77
新雷能|300593|2.93|18861965|238733232.00|0.00|6.10|0.00|12.66|12.30|13.05|12.30|18.86|12.30|19603645|252049056.00|1|0.0000|0.0000|0.0000|0|12.30
朗进科技|300594|3.82|2527500|35865004.00|1.54|7.71|1.03|14.14|13.83|14.67|13.76|2.53|13.62|3488600|49888800.00|1|0.0000|0.0000|0.0000|0|13.62
欧普康视|300595|4.65|14265599|204238864.00|2.55|6.91|2.40|14.39|14.10|14.70|14.08|14.27|13.75|23801127|346512736.00|1|0.0000|0.0000|0.0000|0|13.75
利安隆|300596|3.77|6325850|161591568.00|1.09|6.40|1.09|25.62|24.96|26.27|24.96|6.33|24.69|8473171|220357328.00|1|0.0000|0.0000|0.0000|0|24.69
吉大通信|300597|2.97|8955100|68375584.00|2.03|6.35|-0.14|7.62|7.55|7.87|7.39|8.96|7.40|11828600|93737328.00|1|0.0000|0.0000|0.0000|0|7.40
诚迈科技|300598|4.47|8889303|362750720.00|0.53|6.24|0.03|41.36|39.80|42.06|39.60|8.89|39.59|12086867|505117184.00|1|0.0000|0.0000|0.0000|0|39.59
雄塑科技|300599|5.69|7341700|45341432.00|-0.33|7.53|-1.51|6.32|5.96|6.43|5.89|7.34|5.98|8732882|53709520.00|1|0.0000|0.0000|0.0000|0|5.98
国瑞科技|300600|3.88|4003353|28971086.00|2.59|5.60|1.29|7.23|7.14|7.35|7.05|4.00|6.96|6156933|45497484.00|1|0.0000|0.0000|0.0000|0|6.96
康泰生物|300601|5.90|22860660|324253120.00|2.58|6.42|2.58|14.35|13.90|14.42|13.90|22.86|13.55|29743104|420630240.00|1|0.0000|0.0000|0.0000|0|13.55
飞荣达|300602|3.09|16477147|281772544.00|2.30|7.63|-0.06|17.02|16.89|17.77|16.50|16.48|16.51|16860361|297486912.00|1|0.0000|0.0000|0.0000|0|16.51
立昂技术|300603|4.25|27730869|271450784.00|1.06|7.96|0.21|9.82|9.52|10.17|9.44|27.73|9.42|32441453|325422592.00|1|0.0000|0.0000|0.0000|0|9.42
长川科技|300604|2.03|19501636|735678528.00|2.00|5.46|-0.51|37.73|37.72|39.00|36.79|19.50|36.98|26926751|1038938432.00|1|0.0000|0.0000|0.0000|0|36.98
恒锋信息|300605|3.03|7114716|79691008.00|1.01|6.98|-0.92|11.22|11.00|11.65|10.79|7.11|10.89|10074421|115003352.00|1|0.0000|0.0000|0.0000|0|10.89
金太阳|300606|2.46|4513859|67300296.00|0.00|6.70|-2.12|14.98|14.62|15.60|14.31|4.51|14.62|5321521|83178872.00|1|0.0000|0.0000|0.0000|0|14.62
拓斯达|300607|3.64|27830958|665651648.00|1.56|7.24|0.17|23.92|23.44|24.75|23.12|27.83|23.08|31177660|762703040.00|1|0.0000|0.0000|0.0000|0|23.08
思特奇|300608|5.57|17476225|172100128.00|3.22|8.90|1.82|9.85|9.63|10.16|9.50|17.48|9.33|19815589|197742736.00|1|0.0000|0.0000|0.0000|0|9.33
汇纳科技|300609|2.79|4272000|100321256.00|0.17|6.27|-1.00|23.60|23.00|24.40|22.73|4.27|22.96|6448002|161351808.00|1|0.0000|0.0000|0.0000|0|22.96
晨化股份|300610|3.63|8731540|77813096.00|1.87|8.77|1.40|8.86|8.71|9.30|8.67|8.73|8.55|13945160|126139384.00|1|0.0000|0.0000|0.0000|0|8.55
美力科技|300611|9.40|40315301|987392384.00|6.09|15.62|5.19|24.44|23.70|25.83|23.50|40.32|22.34|40609638|964291136.00|1|0.0000|0.0000|0.0000|0|22.34
宣亚国际|300612|2.81|8650932|104563496.00|1.45|6.30|-0.26|12.08|11.92|12.49|11.72|8.65|11.75|13082258|161125760.00|1|0.0000|0.0000|0.0000|0|11.75
富瀚微|300613|6.23|9080563|423007232.00|2.67|9.03|2.67|46.56|45.00|47.79|45.00|9.08|43.83|9317495|440132480.00|1|0.0000|0.0000|0.0000|0|43.83
百川畅银|300614|2.89|4744100|47580348.00|3.20|7.64|0.41|9.97|10.00|10.43|9.73|4.74|9.69|5838468|60439964.00|1|0.0000|0.0000|0.0000|0|9.69
欣天科技|300615|2.11|6457800|65740892.00|0.20|5.52|-0.80|10.18|9.99|10.52|9.89|6.46|9.97|9143349|96086896.00|1|0.0000|0.0000|0.0000|0|9.97
尚品宅配|300616|5.06|6289500|68199328.00|1.24|5.83|1.15|11.00|10.60|11.08|10.59|6.29|10.47|7713920|83806568.00|1|0.0000|0.0000|0.0000|0|10.47
安靠智电|300617|2.16|2872500|71779432.00|2.52|5.53|-0.77|25.11|25.20|25.94|24.39|2.87|24.58|3895747|100626424.00|1|0.0000|0.0000|0.0000|0|24.58
寒锐钴业|300618|4.06|12152354|360986496.00|1.58|7.36|1.58|29.70|28.99|30.64|28.99|12.15|28.54|15112160|459950944.00|1|0.0000|0.0000|0.0000|0|28.54
金银河|300619|2.44|3693077|82808184.00|4.42|6.95|-0.51|22.27|22.70|23.25|21.63|3.69|21.74|5141584|119216128.00|1|0.0000|0.0000|0.0000|0|21.74
光库科技|300620|2.09|7131071|257065664.00|-0.11|5.45|-0.96|36.18|35.40|37.37|35.10|7.13|35.44|8726505|327143584.00|1|0.0000|0.0000|0.0000|0|35.44
维业股份|300621|4.59|6700700|48807724.00|0.14|6.60|0.14|7.29|6.98|7.43|6.98|6.70|6.97|9274550|69296192.00|1|0.0000|0.0000|0.0000|0|6.97
博士眼镜|300622|4.61|11959773|427380384.00|0.00|6.12|0.00|36.09|34.50|36.61|34.50|11.96|34.50|11300059|412413152.00|1|0.0000|0.0000|0.0000|0|34.50
捷捷微电|300623|6.43|30599303|823558336.00|0.79|9.93|0.79|26.80|25.38|27.68|25.38|30.60|25.18|31617978|846198016.00|1|0.0000|0.0000|0.0000|0|25.18
万兴科技|300624|3.60|9773951|497018080.00|0.00|7.88|0.00|50.90|49.13|53.00|49.13|9.77|49.13|10501864|546235648.00|1|0.0000|0.0000|0.0000|0|49.13
三雄极光|300625|5.40|3178400|32252726.00|1.22|5.50|0.00|10.34|9.93|10.35|9.81|3.18|9.81|3887700|39824732.00|1|0.0000|0.0000|0.0000|0|9.81
华瑞股份|300626|1.64|7734580|62394224.00|0.38|5.81|-1.77|8.05|7.95|8.38|7.78|7.73|7.92|9796580|82656720.00|1|0.0000|0.0000|0.0000|0|7.92
华测导航|300627|2.95|8478490|319570752.00|1.89|5.58|1.45|37.63|37.24|38.59|37.08|8.48|36.55|10582532|395066208.00|1|0.0000|0.0000|0.0000|0|36.55
亿联网络|300628|-2.87|14563227|496583904.00|0.00|1.75|-4.42|33.83|34.83|35.44|33.29|14.56|34.83|20580216|703503936.00|1|0.0000|0.0000|0.0000|0|34.83
新劲刚|300629|3.96|10582197|182101856.00|1.86|6.07|0.66|17.31|16.96|17.66|16.76|10.58|16.65|14943932|258867312.00|1|0.0000|0.0000|0.0000|0|16.65
久吾高科|300631|7.35|4105800|76873952.00|1.82|8.89|1.82|18.83|17.86|19.10|17.86|4.11|17.54|4005500|74615624.00|1|0.0000|0.0000|0.0000|0|17.54
光莆股份|300632|0.69|11777366|119265864.00|-0.10|3.96|-3.27|10.16|10.08|10.49|9.76|11.78|10.09|11887212|126603848.00|1|0.0000|0.0000|0.0000|0|10.09
开立医疗|300633|3.80|8199832|231191216.00|0.81|6.83|0.81|28.10|27.29|28.92|27.29|8.20|27.07|8296466|232493232.00|1|0.0000|0.0000|0.0000|0|27.07
彩讯股份|300634|3.51|23884093|504909056.00|1.41|6.54|0.05|21.22|20.79|21.84|20.51|23.88|20.50|22512498|490955072.00|1|0.0000|0.0000|0.0000|0|20.50
中达安|300635|2.42|4994000|42348232.00|0.48|6.06|-0.12|8.45|8.29|8.75|8.24|4.99|8.25|5967513|51777032.00|1|0.0000|0.0000|0.0000|0|8.25
同和药业|300636|5.01|11183593|77151960.00|1.97|7.28|1.97|6.92|6.72|7.07|6.72|11.18|6.59|20154014|141863312.00|1|0.0000|0.0000|0.0000|0|6.59
扬帆新材|300637|4.00|9331450|75991056.00|1.03|9.29|1.03|8.06|7.83|8.47|7.83|9.33|7.75|11601033|94427496.00|1|0.0000|0.0000|0.0000|0|7.75
广和通|300638|1.33|50522047|1194673664.00|1.08|4.86|-1.72|23.56|23.50|24.38|22.85|50.52|23.25|60084543|1481870720.00|1|0.0000|0.0000|0.0000|0|23.25
凯普生物|300639|3.54|10187651|50564492.00|3.13|5.63|1.25|4.97|4.95|5.07|4.86|10.19|4.80|16261300|81741960.00|1|0.0000|0.0000|0.0000|0|4.80
德艺文创|300640|3.31|11626960|54022512.00|1.10|6.62|0.00|4.68|4.58|4.83|4.53|11.63|4.53|15674813|73257536.00|1|0.0000|0.0000|0.0000|0|4.53
正丹股份|300641|2.45|56733014|1574907904.00|-2.96|4.21|-3.40|28.00|26.52|28.48|26.40|56.73|27.33|54851644|1380981760.00|1|0.0000|0.0000|0.0000|0|27.33
透景生命|300642|3.06|4503890|56100604.00|0.66|6.53|0.66|12.46|12.17|12.88|12.17|4.50|12.09|6641460|85061608.00|1|0.0000|0.0000|0.0000|0|12.09
万通智控|300643|-0.45|10713400|142399824.00|3.47|4.60|-3.17|13.21|13.73|13.88|12.85|10.71|13.27|16827039|230899360.00|1|0.0000|0.0000|0.0000|0|13.27
南京聚隆|300644|2.93|4673564|89533784.00|1.95|7.81|0.71|18.97|18.79|19.87|18.56|4.67|18.43|6440553|127789160.00|1|0.0000|0.0000|0.0000|0|18.43
正元智慧|300645|4.05|6541600|80788976.00|2.28|7.85|0.51|12.33|12.12|12.78|11.91|6.54|11.85|8460852|106602728.00|1|0.0000|0.0000|0.0000|0|11.85
超频三|300647|3.48|14413282|68996096.00|1.30|7.39|0.87|4.76|4.66|4.94|4.64|14.41|4.60|21189600|103922984.00|1|0.0000|0.0000|0.0000|0|4.60
星云股份|300648|1.65|4065600|88088656.00|0.00|5.70|-0.94|21.57|21.22|22.43|21.02|4.07|21.22|6611700|145759552.00|1|0.0000|0.0000|0.0000|0|21.22
杭州园林|300649|5.48|4231714|40816120.00|3.50|9.31|2.63|9.63|9.45|9.98|9.37|4.23|9.13|5186014|49806000.00|1|0.0000|0.0000|0.0000|0|9.13
太龙股份|300650|8.04|13960830|162544112.00|0.00|9.67|0.00|11.96|11.07|12.14|11.07|13.96|11.07|14335060|168799824.00|1|0.0000|0.0000|0.0000|0|11.07
金陵体育|300651|3.92|4299400|50797400.00|1.48|5.40|0.35|11.94|11.66|12.11|11.53|4.30|11.49|5772700|68377456.00|1|0.0000|0.0000|0.0000|0|11.49
雷迪克|300652|-4.75|7390493|262154048.00|-1.20|3.22|-8.54|34.90|36.20|37.82|33.51|7.39|36.64|8535998|322958496.00|1|0.0000|0.0000|0.0000|0|36.64
正海生物|300653|2.80|3264701|67237432.00|1.90|5.65|0.55|20.56|20.38|21.13|20.11|3.26|20.00|5519000|114399184.00|1|0.0000|0.0000|0.0000|0|20.00
世纪天鸿|300654|6.34|18342290|169764272.00|1.50|10.37|1.50|9.23|8.81|9.58|8.81|18.34|8.68|20274779|185620800.00|1|0.0000|0.0000|0.0000|0|8.68
晶瑞电材|300655|3.11|35913708|263506704.00|0.99|7.77|0.42|7.30|7.15|7.63|7.11|35.91|7.08|51088346|378466432.00|1|0.0000|0.0000|0.0000|0|7.08
民德电子|300656|5.71|3399184|68258600.00|0.90|9.94|0.00|20.00|19.09|20.80|18.92|3.40|18.92|3342666|66380704.00|1|0.0000|0.0000|0.0000|0|18.92
弘信电子|300657|2.35|54306179|1454772352.00|1.82|4.63|-2.20|26.95|26.81|27.55|25.75|54.31|26.33|52968213|1490648576.00|1|0.0000|0.0000|0.0000|0|26.33
延江股份|300658|1.83|9375660|47165408.00|1.42|5.07|0.20|5.02|5.00|5.18|4.94|9.38|4.93|12637980|64615504.00|1|0.0000|0.0000|0.0000|0|4.93
中孚信息|300659|0.69|10515725|138039424.00|-3.23|5.76|-3.23|13.11|12.60|13.77|12.60|10.52|13.02|10104101|139035008.00|1|0.0000|0.0000|0.0000|0|13.02
江苏雷利|300660|2.39|12230124|530605152.00|0.73|6.53|-0.66|43.30|42.60|45.05|42.01|12.23|42.29|11003834|492576256.00|1|0.0000|0.0000|0.0000|0|42.29
圣邦股份|300661|-1.41|15481183|1400406272.00|2.31|3.68|-4.29|89.72|93.10|94.35|87.10|15.48|91.00|22740434|2119186688.00|1|0.0000|0.0000|0.0000|0|91.00
科锐国际|300662|7.09|7879600|220920496.00|0.59|7.42|0.59|28.86|27.11|28.95|27.11|7.88|26.95|8418148|233524048.00|1|0.0000|0.0000|0.0000|0|26.95
科蓝软件|300663|6.67|25153621|339123872.00|1.83|11.83|1.59|13.43|12.82|14.08|12.79|25.15|12.59|26014675|347817632.00|1|0.0000|0.0000|0.0000|0|12.59
鹏鹞环保|300664|3.13|14031000|64730544.00|1.34|4.92|1.34|4.61|4.53|4.69|4.53|14.03|4.47|25040460|117149128.00|1|0.0000|0.0000|0.0000|0|4.47
飞鹿股份|300665|3.29|9560280|54128272.00|0.18|7.86|0.18|5.65|5.48|5.90|5.48|9.56|5.47|9309952|53320684.00|1|0.0000|0.0000|0.0000|0|5.47
江丰电子|300666|0.72|7613868|517669056.00|1.80|5.13|-1.50|67.28|68.00|70.23|65.80|7.61|66.80|11013724|755027072.00|1|0.0000|0.0000|0.0000|0|66.80
必创科技|300667|4.01|10015075|138738624.00|4.47|8.25|0.61|13.74|13.80|14.30|13.29|10.02|13.21|11612944|163266368.00|1|0.0000|0.0000|0.0000|0|13.21
杰恩设计|300668|5.68|2151547|32143480.00|3.65|8.27|0.28|15.07|14.78|15.44|14.30|2.15|14.26|2444636|37895296.00|1|0.0000|0.0000|0.0000|0|14.26
沪宁股份|300669|2.75|1354400|25529046.00|0.00|2.75|-4.71|19.41|18.89|19.41|18.00|1.35|18.89|3018460|57982592.00|1|0.0000|0.0000|0.0000|0|18.89
大烨智能|300670|2.79|9635500|49401776.00|1.39|6.37|-0.80|5.16|5.09|5.34|4.98|9.64|5.02|12245770|65235912.00|1|0.0000|0.0000|0.0000|0|5.02
富满微|300671|5.19|7040932|171815344.00|0.35|8.48|0.35|24.30|23.18|25.06|23.18|7.04|23.10|9063566|217654640.00|1|0.0000|0.0000|0.0000|0|23.10
国科微|300672|3.71|8297422|491927392.00|3.71|7.75|0.69|59.00|59.00|61.30|57.28|8.30|56.89|9869371|589233280.00|1|0.0000|0.0000|0.0000|0|56.89
佩蒂股份|300673|5.21|13830050|182166768.00|2.10|5.21|-0.31|13.52|13.12|13.52|12.81|13.83|12.85|15721135|212957120.00|1|0.0000|0.0000|0.0000|0|12.85
宇信科技|300674|6.43|39349944|786129024.00|0.84|8.27|0.84|20.20|19.14|20.55|19.14|39.35|18.98|36202275|731533184.00|1|0.0000|0.0000|0.0000|0|18.98
建科院|300675|4.27|4246100|53734816.00|1.23|6.24|0.49|12.70|12.33|12.94|12.24|4.25|12.18|6578100|83161440.00|1|0.0000|0.0000|0.0000|0|12.18
华大基因|300676|2.21|8355355|386024384.00|0.93|4.76|-0.38|46.18|45.60|47.33|45.01|8.36|45.18|12015383|558710144.00|1|0.0000|0.0000|0.0000|0|45.18
英科医疗|300677|1.06|14069789|295815712.00|1.35|4.39|-0.48|20.93|20.99|21.62|20.61|14.07|20.71|22934890|489089888.00|1|0.0000|0.0000|0.0000|0|20.71
中科信息|300678|5.97|12078634|329246912.00|1.11|7.66|1.11|27.67|26.40|28.11|26.40|12.08|26.11|13696365|382488416.00|1|0.0000|0.0000|0.0000|0|26.11
电连技术|300679|1.05|10854344|540244288.00|0.06|5.75|-0.57|49.21|48.73|51.50|48.42|10.85|48.70|11313418|564255552.00|1|0.0000|0.0000|0.0000|0|48.70
隆盛科技|300680|1.76|17005318|541522240.00|3.26|5.24|-2.01|31.83|32.30|32.92|30.65|17.01|31.28|14780786|485460256.00|1|0.0000|0.0000|0.0000|0|31.28
英搏尔|300681|1.81|12875750|339649120.00|0.04|5.69|-2.77|26.49|26.03|27.50|25.30|12.88|26.02|14468995|399025312.00|1|0.0000|0.0000|0.0000|0|26.02
朗新集团|300682|2.95|21164225|238360448.00|1.38|7.73|0.46|11.18|11.01|11.70|10.91|21.16|10.86|22618726|258284768.00|1|0.0000|0.0000|0.0000|0|10.86
海特生物|300683|3.67|3059537|63716960.00|3.02|8.49|1.56|20.63|20.50|21.59|20.21|3.06|19.90|4459009|95932800.00|1|0.0000|0.0000|0.0000|0|19.90
中石科技|300684|-5.80|22546736|459947296.00|0.57|4.34|-9.10|19.98|21.33|22.13|19.28|22.55|21.21|13431416|303891072.00|1|0.0000|0.0000|0.0000|0|21.21
艾德生物|300685|1.89|8188380|167215104.00|0.50|4.37|-0.94|20.50|20.22|21.00|19.93|8.19|20.12|12140914|251521584.00|1|0.0000|0.0000|0.0000|0|20.12
智动力|300686|2.73|8708039|59544904.00|0.15|8.03|0.15|6.78|6.61|7.13|6.61|8.71|6.60|9633900|67330248.00|1|0.0000|0.0000|0.0000|0|6.60
赛意信息|300687|6.51|39042942|972721344.00|3.15|10.29|3.15|25.05|24.26|25.94|24.26|39.04|23.52|36734161|933581120.00|1|0.0000|0.0000|0.0000|0|23.52
创业黑马|300688|4.76|8056650|191574016.00|0.26|6.99|0.26|23.98|22.95|24.49|22.95|8.06|22.89|9298840|226675920.00|1|0.0000|0.0000|0.0000|0|22.89
澄天伟业|300689|1.64|1313700|34795848.00|0.00|4.13|-2.52|26.59|26.16|27.24|25.50|1.31|26.16|1205329|33313530.00|1|0.0000|0.0000|0.0000|0|26.16
双一科技|300690|2.09|4657900|82428944.00|0.70|6.10|0.00|17.58|17.34|18.27|17.22|4.66|17.22|5927000|108512352.00|1|0.0000|0.0000|0.0000|0|17.22
联合光电|300691|2.05|10346611|165650512.00|1.54|6.74|-1.60|15.90|15.82|16.63|15.33|10.35|15.58|12010011|200026784.00|1|0.0000|0.0000|0.0000|0|15.58
中环环保|300692|6.12|13059596|72417944.00|1.34|8.99|1.15|5.55|5.30|5.70|5.29|13.06|5.23|15904750|88868496.00|1|0.0000|0.0000|0.0000|0|5.23
盛弘股份|300693|-0.32|17310466|497612512.00|2.36|6.05|-2.50|28.32|29.08|30.13|27.70|17.31|28.41|22267200|656365312.00|1|0.0000|0.0000|0.0000|0|28.41
蠡湖股份|300694|0.71|8723941|98807200.00|-0.27|4.45|-2.85|11.31|11.20|11.73|10.91|8.72|11.23|10057900|119123280.00|1|0.0000|0.0000|0.0000|0|11.23
兆丰股份|300695|-0.17|2421500|130178456.00|4.30|7.93|-3.90|52.72|55.08|57.00|50.75|2.42|52.81|1830900|104152952.00|1|0.0000|0.0000|0.0000|0|52.81
爱乐达|300696|3.81|6719152|92097792.00|3.12|7.46|1.60|13.63|13.54|14.11|13.34|6.72|13.13|8689845|121034840.00|1|0.0000|0.0000|0.0000|0|13.13
电工合金|300697|3.12|18046467|232181008.00|2.40|6.16|-0.88|12.89|12.80|13.27|12.39|18.05|12.50|25046383|327380864.00|1|0.0000|0.0000|0.0000|0|12.50
万马科技|300698|2.90|3113600|98983672.00|1.45|6.03|0.68|31.89|31.44|32.86|31.20|3.11|30.99|4235300|137338416.00|1|0.0000|0.0000|0.0000|0|30.99
光威复材|300699|1.52|15578298|429474816.00|1.04|3.88|0.33|27.46|27.33|28.10|27.14|15.58|27.05|26923134|753970048.00|1|0.0000|0.0000|0.0000|0|27.05
岱勒新材|300700|-1.19|20414000|151693344.00|1.45|2.24|-6.20|7.49|7.69|7.75|7.11|20.41|7.58|21200061|170007712.00|1|0.0000|0.0000|0.0000|0|7.58
森霸传感|300701|2.02|10007217|86452632.00|1.07|6.76|-1.54|8.60|8.52|9.00|8.30|10.01|8.43|10631117|94941312.00|1|0.0000|0.0000|0.0000|0|8.43
天宇股份|300702|5.78|6434789|116253072.00|2.98|10.98|2.98|18.11|17.63|19.00|17.63|6.43|17.12|7391883|131583448.00|1|0.0000|0.0000|0.0000|0|17.12
创源股份|300703|2.17|8739775|98084824.00|0.36|5.25|-1.18|11.29|11.09|11.63|10.92|8.74|11.05|8697508|101237688.00|1|0.0000|0.0000|0.0000|0|11.05
九典制药|300705|-0.42|33241526|558128576.00|0.00|3.39|-3.45|16.76|16.83|17.40|16.25|33.24|16.83|42794093|740551424.00|1|0.0000|0.0000|0.0000|0|16.83
阿石创|300706|4.13|4782900|88091744.00|1.75|7.97|0.96|18.42|18.00|19.10|17.86|4.78|17.69|5643360|106153168.00|1|0.0000|0.0000|0.0000|0|17.69
威唐工业|300707|-1.29|14641500|189786400.00|0.00|3.95|-6.68|13.01|13.18|13.70|12.30|14.64|13.18|16469500|232322416.00|1|0.0000|0.0000|0.0000|0|13.18
聚灿光电|300708|3.58|23673389|240245344.00|1.54|7.47|0.82|10.12|9.92|10.50|9.85|23.67|9.77|33689939|353685472.00|1|0.0000|0.0000|0.0000|0|9.77
精研科技|300709|-4.39|13500167|395390912.00|-1.14|3.09|-9.72|29.40|30.40|31.70|27.76|13.50|30.75|8693212|278886048.00|1|0.0000|0.0000|0.0000|0|30.75
万隆光电|300710|0.87|3102375|47092632.00|1.47|5.96|-1.81|15.07|15.16|15.83|14.67|3.10|14.94|5598985|85691600.00|1|0.0000|0.0000|0.0000|0|14.94
广哈通信|300711|7.01|8286890|155543808.00|3.17|8.37|2.66|18.93|18.25|19.17|18.16|8.29|17.69|8080728|151774128.00|1|0.0000|0.0000|0.0000|0|17.69
永福股份|300712|4.78|3061300|63068304.00|0.00|7.63|0.00|20.61|19.67|21.17|19.67|3.06|19.67|4614952|96207600.00|1|0.0000|0.0000|0.0000|0|19.67
英可瑞|300713|3.06|7401146|94761152.00|2.02|6.94|-1.37|12.78|12.65|13.26|12.23|7.40|12.40|9658941|126612992.00|1|0.0000|0.0000|0.0000|0|12.40
凯伦股份|300715|1.56|9996101|92768008.00|2.68|8.03|-1.11|9.11|9.21|9.69|8.87|10.00|8.97|14824260|144094896.00|1|0.0000|0.0000|0.0000|0|8.97
ST泉为|300716|6.66|4975450|43900212.00|-0.95|7.37|-2.50|8.97|8.33|9.03|8.20|4.98|8.41|4973600|44575980.00|1|0.0000|0.0000|0.0000|0|8.41
华信新材|300717|3.74|2519335|33358176.00|0.47|6.94|0.00|13.30|12.88|13.71|12.82|2.52|12.82|3359360|45193656.00|1|0.0000|0.0000|0.0000|0|12.82
长盛轴承|300718|4.88|19775210|1342986624.00|4.54|7.63|0.00|68.55|68.33|70.35|65.36|19.78|65.36|25435046|1752590336.00|1|0.0000|0.0000|0.0000|0|65.36
安达维尔|300719|5.20|7519509|103801528.00|1.07|9.03|1.07|13.75|13.21|14.25|13.21|7.52|13.07|9123877|127122360.00|1|0.0000|0.0000|0.0000|0|13.07
海川智能|300720|2.33|5092000|87616384.00|1.73|5.86|-0.18|17.12|17.02|17.71|16.70|5.09|16.73|8421020|146907680.00|1|0.0000|0.0000|0.0000|0|16.73
怡达股份|300721|2.00|28509935|406455264.00|0.71|5.43|-1.79|14.28|14.10|14.76|13.75|28.51|14.00|31245664|444664320.00|1|0.0000|0.0000|0.0000|0|14.00
新余国科|300722|2.49|6889485|167285056.00|1.22|5.44|-0.04|24.30|24.00|25.00|23.70|6.89|23.71|9370731|231304016.00|1|0.0000|0.0000|0.0000|0|23.71
一品红|300723|-0.62|13487886|374655232.00|2.04|4.84|-2.80|27.30|28.03|28.80|26.70|13.49|27.47|18127469|503096320.00|1|0.0000|0.0000|0.0000|0|27.47
捷佳伟创|300724|3.90|10623781|552222976.00|2.96|6.16|1.70|51.97|51.50|53.10|50.87|10.62|50.02|13843702|730949120.00|1|0.0000|0.0000|0.0000|0|50.02
药石科技|300725|3.25|10086837|303086112.00|2.28|8.48|0.21|29.83|29.55|31.34|28.95|10.09|28.89|13159603|407393888.00|1|0.0000|0.0000|0.0000|0|28.89
宏达电子|300726|-1.93|15292916|548976320.00|0.61|4.74|-5.10|35.58|36.50|38.00|34.43|15.29|36.28|15464880|582959616.00|1|0.0000|0.0000|0.0000|0|36.28
润禾材料|300727|2.45|5553829|171430224.00|-0.43|7.01|-1.62|30.98|30.11|32.36|29.75|5.55|30.24|5966982|191709552.00|1|0.0000|0.0000|0.0000|0|30.24
乐歌股份|300729|2.81|9893121|117763800.00|0.00|4.60|-1.28|12.07|11.74|12.28|11.59|9.89|11.74|13433855|166713776.00|1|0.0000|0.0000|0.0000|0|11.74
科创信息|300730|2.10|9393225|100689624.00|3.25|6.50|-1.63|10.68|10.80|11.14|10.29|9.39|10.46|12349350|136859552.00|1|0.0000|0.0000|0.0000|0|10.46
科创新源|300731|-0.64|8772160|179625632.00|0.29|5.14|-3.82|20.31|20.50|21.49|19.66|8.77|20.44|11551640|245041072.00|1|0.0000|0.0000|0.0000|0|20.44
设研院|300732|3.44|8395002|48171540.00|0.54|5.97|0.54|5.72|5.56|5.86|5.56|8.40|5.53|11477895|66249072.00|1|0.0000|0.0000|0.0000|0|5.53
西菱动力|300733|4.63|9665580|129887904.00|-0.08|6.90|-3.57|13.79|13.17|14.09|12.71|9.67|13.18|12591980|176451216.00|1|0.0000|0.0000|0.0000|0|13.18
光弘科技|300735|6.83|30580756|689589120.00|1.88|9.37|1.84|22.68|21.63|23.22|21.62|30.58|21.23|25728491|584697536.00|1|0.0000|0.0000|0.0000|0|21.23
百邦科技|300736|8.12|9463539|69851976.00|2.56|8.40|2.42|7.59|7.20|7.61|7.19|9.46|7.02|10220999|75349528.00|1|0.0000|0.0000|0.0000|0|7.02
科顺股份|300737|4.20|18439131|81989392.00|1.40|5.36|1.40|4.47|4.35|4.52|4.35|18.44|4.29|24899666|110836064.00|1|0.0000|0.0000|0.0000|0|4.29
奥飞数据|300738|0.30|89856261|1828104448.00|3.38|6.71|-4.08|20.18|20.80|21.47|19.30|89.86|20.12|103332778|2164044032.00|1|0.0000|0.0000|0.0000|0|20.12
明阳电路|300739|2.48|10121269|109302224.00|1.24|6.38|0.00|10.76|10.63|11.17|10.50|10.12|10.50|13458347|150451232.00|1|0.0000|0.0000|0.0000|0|10.50
水羊股份|300740|4.30|8119604|84362464.00|2.00|6.20|1.70|10.43|10.20|10.62|10.17|8.12|10.00|13643652|144033840.00|1|0.0000|0.0000|0.0000|0|10.00
华宝股份|300741|4.09|3807400|57390960.00|-0.41|4.64|-0.41|15.26|14.60|15.34|14.60|3.81|14.66|5112500|77445920.00|1|0.0000|0.0000|0.0000|0|14.66
天地数码|300743|3.28|5876421|77569240.00|3.12|7.42|-0.70|13.22|13.20|13.75|12.71|5.88|12.80|6742605|90578776.00|1|0.0000|0.0000|0.0000|0|12.80
欣锐科技|300745|1.13|6694152|102755552.00|0.33|5.63|-1.52|15.28|15.16|15.96|14.88|6.69|15.11|9252849|147356320.00|1|0.0000|0.0000|0.0000|0|15.11
汉嘉设计|300746|5.17|7417000|74761960.00|-0.21|6.61|-0.21|10.18|9.66|10.32|9.66|7.42|9.68|7816515|79507128.00|1|0.0000|0.0000|0.0000|0|9.68
锐科激光|300747|3.65|14744245|256277776.00|1.26|7.66|1.02|17.31|16.91|17.98|16.87|14.74|16.70|19303574|340988384.00|1|0.0000|0.0000|0.0000|0|16.70
金力永磁|300748|9.80|104596980|2123749632.00|-2.18|15.19|-4.56|21.18|18.87|22.22|18.41|104.60|19.29|107741290|2272601600.00|1|0.0000|0.0000|0.0000|0|19.29
顶固集创|300749|3.88|12898840|93269080.00|0.72|7.63|0.72|7.22|7.00|7.48|7.00|12.90|6.95|16733200|118730160.00|1|0.0000|0.0000|0.0000|0|6.95
宁德时代|300750|1.78|47659421|10471952384.00|2.20|4.54|0.55|219.05|219.95|225.00|216.40|47.66|215.22|72364582|15811389440.00|1|0.0000|0.0000|0.0000|0|215.22
迈为股份|300751|3.13|5321964|379896384.00|3.41|7.81|1.96|70.55|70.74|73.75|69.75|5.32|68.41|6291057|452459232.00|1|0.0000|0.0000|0.0000|0|68.41
隆利科技|300752|3.02|6314727|105443512.00|1.85|7.15|0.06|16.71|16.52|17.38|16.23|6.31|16.22|8990692|151802608.00|1|0.0000|0.0000|0.0000|0|16.22
爱朋医疗|300753|3.34|10933500|213111840.00|2.39|7.43|-1.06|19.48|19.30|20.25|18.65|10.93|18.85|14915391|297153888.00|1|0.0000|0.0000|0.0000|0|18.85
华致酒行|300755|7.29|8050226|120322008.00|2.86|9.64|2.86|15.02|14.40|15.35|14.40|8.05|14.00|11070335|162397920.00|1|0.0000|0.0000|0.0000|0|14.00
金马游乐|300756|5.69|4713444|72176776.00|2.51|6.03|0.95|15.59|15.12|15.64|14.89|4.71|14.75|7230221|110792160.00|1|0.0000|0.0000|0.0000|0|14.75
罗博特科|300757|0.02|5343629|778356032.00|1.89|4.54|-2.15|144.70|147.41|151.24|141.56|5.34|144.67|6874065|1047783168.00|1|0.0000|0.0000|0.0000|0|144.67
七彩化学|300758|5.21|46921060|648228992.00|3.02|6.87|1.13|13.94|13.65|14.16|13.40|46.92|13.25|46808059|629773056.00|1|0.0000|0.0000|0.0000|0|13.25
康龙化成|300759|1.21|37676558|853494080.00|2.63|4.29|-1.52|22.67|22.99|23.36|22.06|37.68|22.40|58176623|1366679168.00|1|0.0000|0.0000|0.0000|0|22.40
迈瑞医疗|300760|1.19|11179043|2378599424.00|1.05|1.52|-1.14|214.11|213.82|214.80|209.17|11.18|211.59|17462338|3778398720.00|1|0.0000|0.0000|0.0000|0|211.59
立华股份|300761|12.76|61079900|1304503552.00|-1.51|19.50|-1.51|22.44|19.60|23.78|19.60|61.08|19.90|51196966|1037520384.00|1|0.0000|0.0000|0.0000|0|19.90
上海瀚讯|300762|4.79|33340099|612918208.00|0.68|8.73|0.68|18.37|17.65|19.06|17.65|33.34|17.53|35917082|683283520.00|1|0.0000|0.0000|0.0000|0|17.53
锦浪科技|300763|2.80|16527693|793816448.00|3.47|6.90|0.63|47.69|48.00|49.59|46.68|16.53|46.39|25582484|1275199744.00|1|0.0000|0.0000|0.0000|0|46.39
新诺威|300765|3.68|10143353|362290240.00|-0.03|6.84|-0.03|35.79|34.51|36.88|34.51|10.14|34.52|18262050|643401088.00|1|0.0000|0.0000|0.0000|0|34.52
每日互动|300766|5.64|56378598|1868814720.00|4.07|7.22|0.66|33.50|33.00|34.00|31.92|56.38|31.71|58558299|1983354880.00|1|0.0000|0.0000|0.0000|0|31.71
震安科技|300767|3.43|10360456|93844968.00|1.71|6.63|0.80|9.05|8.90|9.33|8.82|10.36|8.75|17558978|164935824.00|1|0.0000|0.0000|0.0000|0|8.75
迪普科技|300768|4.50|9517880|145657392.00|0.61|8.38|0.61|15.33|14.76|15.90|14.76|9.52|14.67|8735800|137984672.00|1|0.0000|0.0000|0.0000|0|14.67
德方纳米|300769|4.11|9768473|255636096.00|1.36|8.18|1.36|26.08|25.39|27.10|25.39|9.77|25.05|12189614|327501504.00|1|0.0000|0.0000|0.0000|0|25.05
新媒股份|300770|2.20|4221020|153892176.00|0.51|4.91|0.51|36.21|35.61|37.17|35.61|4.22|35.43|6388648|235926896.00|1|0.0000|0.0000|0.0000|0|35.43
智莱科技|300771|3.87|8389182|73854624.00|2.11|6.80|1.17|8.86|8.71|9.11|8.63|8.39|8.53|10978300|99077992.00|1|0.0000|0.0000|0.0000|0|8.53
运达股份|300772|5.54|23843524|244982688.00|1.85|8.10|1.85|10.29|9.93|10.54|9.93|23.84|9.75|28306346|291325472.00|1|0.0000|0.0000|0.0000|0|9.75
拉卡拉|300773|4.15|21070166|316557728.00|1.59|7.13|1.38|15.05|14.68|15.48|14.65|21.07|14.45|31384222|477205728.00|1|0.0000|0.0000|0.0000|0|14.45
倍杰特|300774|3.83|7207200|54542088.00|-0.27|6.42|-0.27|7.60|7.30|7.79|7.30|7.21|7.32|9552000|74731920.00|1|0.0000|0.0000|0.0000|0|7.32
三角防务|300775|5.38|17143947|367665888.00|2.74|7.53|2.74|21.56|21.02|22.00|21.02|17.14|20.46|23349626|507472576.00|1|0.0000|0.0000|0.0000|0|20.46
帝尔激光|300776|-2.32|7921028|443380320.00|1.07|4.24|-6.79|56.50|58.46|60.29|53.91|7.92|57.84|6095707|362234432.00|1|0.0000|0.0000|0.0000|0|57.84
中简科技|300777|1.58|13426200|425318688.00|1.32|4.35|0.06|31.49|31.41|32.35|31.02|13.43|31.00|19743454|628448640.00|1|0.0000|0.0000|0.0000|0|31.00
新城市|300778|8.30|11321442|108798144.00|0.22|16.03|0.00|9.66|8.94|10.35|8.92|11.32|8.92|9115638|85848912.00|1|0.0000|0.0000|0.0000|0|8.92
惠城环保|300779|11.94|8410531|1041825536.00|-0.25|14.27|-0.25|125.69|112.00|128.30|112.00|8.41|112.28|7954777|977010752.00|1|0.0000|0.0000|0.0000|0|112.28
德恩精工|300780|2.43|7707902|98500480.00|3.24|8.27|-0.65|12.63|12.73|13.35|12.25|7.71|12.33|9455300|124672568.00|1|0.0000|0.0000|0.0000|0|12.33
因赛集团|300781|1.69|4099500|179035328.00|0.00|5.75|-2.60|43.85|43.12|45.60|42.00|4.10|43.12|4044000|186502064.00|1|0.0000|0.0000|0.0000|0|43.12
卓胜微|300782|1.46|9625954|698459840.00|2.58|4.94|-0.93|72.30|73.10|74.78|70.60|9.63|71.26|14151734|1041587776.00|1|0.0000|0.0000|0.0000|0|71.26
三只松鼠|300783|6.97|21167705|547924608.00|1.86|7.05|1.86|26.41|25.15|26.43|25.15|21.17|24.69|21497323|545766592.00|1|0.0000|0.0000|0.0000|0|24.69
利安科技|300784|1.76|847800|37877360.00|-0.98|5.84|-1.19|44.57|43.37|46.36|43.28|0.85|43.80|1250761|58789848.00|1|0.0000|0.0000|0.0000|0|43.80
值得买|300785|3.34|7430798|192438272.00|-0.40|6.88|-0.40|25.98|25.04|26.87|25.04|7.43|25.14|7131450|189514880.00|1|0.0000|0.0000|0.0000|0|25.14
国林科技|300786|2.59|20259030|254727456.00|1.13|4.94|-1.70|12.68|12.50|12.97|12.15|20.26|12.36|28008006|363736576.00|1|0.0000|0.0000|0.0000|0|12.36
海能实业|300787|1.31|5499458|59144232.00|-0.56|4.41|-2.53|10.80|10.60|11.13|10.39|5.50|10.66|7532636|84320112.00|1|0.0000|0.0000|0.0000|0|10.66
中信出版|300788|5.06|5040197|137089568.00|1.97|7.42|1.93|27.19|26.39|27.80|26.38|5.04|25.88|5990200|165861184.00|1|0.0000|0.0000|0.0000|0|25.88
唐源电气|300789|2.63|6025811|118615112.00|2.48|7.90|-0.11|19.48|19.45|20.48|18.96|6.03|18.98|5858514|117026600.00|1|0.0000|0.0000|0.0000|0|18.98
宇瞳光学|300790|1.06|19654010|376658688.00|1.22|6.53|-2.23|19.04|19.07|20.07|18.42|19.65|18.84|26478373|522588000.00|1|0.0000|0.0000|0.0000|0|18.84
仙乐健康|300791|5.29|4154100|96593840.00|1.99|8.36|1.99|23.30|22.57|23.98|22.57|4.15|22.13|4990243|119386976.00|1|0.0000|0.0000|0.0000|0|22.13
壹网壹创|300792|0.62|10447185|220602768.00|0.38|3.94|-3.80|21.19|21.14|21.89|20.26|10.45|21.06|11808500|259108288.00|1|0.0000|0.0000|0.0000|0|21.06
佳禾智能|300793|-0.58|21521129|294811200.00|1.09|3.77|-4.49|13.72|13.95|14.32|13.18|21.52|13.80|19997382|289333984.00|1|0.0000|0.0000|0.0000|0|13.80
米奥会展|300795|4.19|4811658|85955376.00|0.35|6.46|0.35|17.89|17.23|18.28|17.23|4.81|17.17|6466839|115499040.00|1|0.0000|0.0000|0.0000|0|17.17
贝斯美|300796|3.59|7711080|65798692.00|1.80|4.67|0.36|8.65|8.50|8.74|8.38|7.71|8.35|12620884|112277672.00|1|0.0000|0.0000|0.0000|0|8.35
钢研纳克|300797|15.36|42222611|610208384.00|1.90|18.63|1.22|15.17|13.40|15.60|13.31|42.22|13.15|27378874|376594912.00|1|0.0000|0.0000|0.0000|0|13.15
锦鸡股份|300798|3.23|36875773|236610784.00|0.97|6.62|0.16|6.39|6.25|6.60|6.20|36.88|6.19|39651773|262534400.00|1|0.0000|0.0000|0.0000|0|6.19
力合科技|300800|1.48|4535250|40749440.00|1.37|6.72|-1.48|8.91|8.90|9.37|8.65|4.54|8.78|4851500|45216160.00|1|0.0000|0.0000|0.0000|0|8.78
泰和科技|300801|7.42|6159800|91629344.00|0.00|8.84|0.00|15.06|14.02|15.26|14.02|6.16|14.02|7381300|110949872.00|1|0.0000|0.0000|0.0000|0|14.02
矩子科技|300802|2.79|5069220|74636464.00|0.77|5.93|0.07|14.74|14.45|15.19|14.35|5.07|14.34|6762440|103496800.00|1|0.0000|0.0000|0.0000|0|14.34
指南针|300803|0.75|21259850|1147496576.00|3.52|4.44|-0.83|53.53|55.00|55.49|52.69|21.26|53.13|33904097|1821601536.00|1|0.0000|0.0000|0.0000|0|53.13
广康生化|300804|9.95|1880334|42172316.00|1.47|9.95|1.28|23.20|21.41|23.20|21.37|1.88|21.10|1944140|44278744.00|1|0.0000|0.0000|0.0000|0|21.10
电声股份|300805|3.58|10285878|90247720.00|0.60|8.35|0.60|8.68|8.43|9.08|8.43|10.29|8.38|14875420|133397400.00|1|0.0000|0.0000|0.0000|0|8.38
斯迪克|300806|2.90|12113879|171924384.00|1.52|6.30|0.65|14.20|14.01|14.67|13.89|12.11|13.80|17201614|248163856.00|1|0.0000|0.0000|0.0000|0|13.80
天迈科技|300807|2.87|2225806|67276976.00|0.07|6.84|0.03|30.09|29.27|31.25|29.26|2.23|29.25|3356900|103140736.00|1|0.0000|0.0000|0.0000|0|29.25
久量股份|300808|6.60|2360500|53065704.00|0.60|7.01|0.18|23.10|21.80|23.19|21.71|2.36|21.67|3394210|79125760.00|1|0.0000|0.0000|0.0000|0|21.67
华辰装备|300809|-1.22|20164227|723191744.00|3.43|4.43|-5.92|35.69|37.37|37.73|33.99|20.16|36.13|19068493|736264768.00|1|0.0000|0.0000|0.0000|0|36.13
中科海讯|300810|13.69|14755327|451650432.00|3.50|19.57|3.50|30.90|28.13|32.50|28.13|14.76|27.18|10315205|294671264.00|1|0.0000|0.0000|0.0000|0|27.18
铂科新材|300811|1.96|7560041|294280288.00|1.33|5.25|-0.84|39.05|38.81|40.31|37.98|7.56|38.30|9419410|378634688.00|1|0.0000|0.0000|0.0000|0|38.30
易天股份|300812|2.59|4993480|79626424.00|0.00|6.98|-0.32|15.87|15.47|16.55|15.42|4.99|15.47|5841360|96885904.00|1|0.0000|0.0000|0.0000|0|15.47
泰林生物|300813|3.56|3480374|55782084.00|2.20|7.76|0.26|16.01|15.80|16.66|15.50|3.48|15.46|4094884|67662704.00|1|0.0000|0.0000|0.0000|0|15.46
中富电路|300814|1.53|6406684|157397680.00|0.62|4.25|-1.11|24.63|24.41|25.29|23.99|6.41|24.26|6876302|176855040.00|1|0.0000|0.0000|0.0000|0|24.26
玉禾田|300815|5.19|9481514|140857184.00|2.92|8.75|2.06|14.79|14.47|15.29|14.35|9.48|14.06|10370384|153413072.00|1|0.0000|0.0000|0.0000|0|14.06
艾可蓝|300816|2.42|4373317|109138096.00|0.00|5.90|-0.70|24.99|24.40|25.84|24.23|4.37|24.40|5075720|130671672.00|1|0.0000|0.0000|0.0000|0|24.40
双飞集团|300817|4.76|15337643|324168672.00|3.67|8.63|-0.15|21.12|20.90|21.90|20.13|15.34|20.16|15387634|327399776.00|1|0.0000|0.0000|0.0000|0|20.16
耐普矿机|300818|4.29|6738033|124853328.00|0.45|5.86|0.45|18.70|18.01|18.98|18.01|6.74|17.93|8736375|165932128.00|1|0.0000|0.0000|0.0000|0|17.93
聚杰微纤|300819|4.51|8649201|193955088.00|5.56|12.49|0.71|22.00|22.22|23.68|21.20|8.65|21.05|7065001|159820160.00|1|0.0000|0.0000|0.0000|0|21.05
英杰电气|300820|3.32|4180046|172003520.00|2.43|8.44|1.37|40.75|40.40|42.77|39.98|4.18|39.44|5066667|216408560.00|1|0.0000|0.0000|0.0000|0|39.44
东岳硅材|300821|5.19|16080140|113951088.00|1.63|8.46|1.63|7.09|6.85|7.31|6.85|16.08|6.74|20665406|147994480.00|1|0.0000|0.0000|0.0000|0|6.74
贝仕达克|300822|2.01|7236245|117551512.00|-0.44|5.96|-2.13|16.26|15.87|16.89|15.60|7.24|15.94|6061814|100929472.00|1|0.0000|0.0000|0.0000|0|15.94
建科智能|300823|2.53|4812340|59053700.00|1.01|6.14|0.17|12.18|12.00|12.61|11.90|4.81|11.88|8311100|103256616.00|1|0.0000|0.0000|0.0000|0|11.88
北鼎股份|300824|-0.46|9742256|85406400.00|-0.23|4.57|-2.86|8.71|8.73|9.15|8.50|9.74|8.75|13568800|122101960.00|1|0.0000|0.0000|0.0000|0|8.75
阿尔特|300825|1.02|20824550|186065152.00|2.27|6.59|-2.50|8.89|9.00|9.38|8.58|20.82|8.80|26656247|250160432.00|1|0.0000|0.0000|0.0000|0|8.80
测绘股份|300826|3.24|3784320|50879628.00|0.23|7.09|0.08|13.39|13.00|13.89|12.98|3.78|12.97|7186980|100063912.00|1|0.0000|0.0000|0.0000|0|12.97
上能电气|300827|-0.47|20165866|512941024.00|1.53|4.42|-3.68|25.42|25.93|26.67|24.60|20.17|25.54|21529560|579475712.00|1|0.0000|0.0000|0.0000|0|25.54
锐新科技|300828|2.76|8980999|124027920.00|2.01|6.48|0.15|13.80|13.70|14.30|13.45|8.98|13.43|12811550|179658352.00|1|0.0000|0.0000|0.0000|0|13.43
金丹科技|300829|7.95|4376089|65350276.00|2.06|8.80|1.70|15.21|14.38|15.33|14.33|4.38|14.09|4405090|65295876.00|1|0.0000|0.0000|0.0000|0|14.09
金现代|300830|3.16|13583300|93613192.00|1.96|6.93|0.75|6.85|6.77|7.10|6.69|13.58|6.64|16431500|116271976.00|1|0.0000|0.0000|0.0000|0|6.64
派瑞股份|300831|3.29|11559502|145553952.00|1.56|7.32|0.49|12.56|12.35|13.05|12.22|11.56|12.16|13755992|178813824.00|1|0.0000|0.0000|0.0000|0|12.16
新产业|300832|-0.41|6341962|341890432.00|0.87|2.76|-3.15|54.08|54.77|55.80|52.59|6.34|54.30|9110655|503630528.00|1|0.0000|0.0000|0.0000|0|54.30
浩洋股份|300833|1.39|2452393|75528736.00|3.10|6.24|-1.09|30.73|31.25|32.20|29.98|2.45|30.31|2690805|87909976.00|1|0.0000|0.0000|0.0000|0|30.31
星辉环材|300834|2.82|1657960|30287302.00|1.30|5.80|0.68|18.25|17.98|18.78|17.87|1.66|17.75|3408394|64438184.00|1|0.0000|0.0000|0.0000|0|17.75
龙磁科技|300835|7.93|8286120|269742944.00|0.97|11.59|0.42|33.33|31.18|34.46|31.01|8.29|30.88|5650340|187170096.00|1|0.0000|0.0000|0.0000|0|30.88
佰奥智能|300836|0.36|1368980|54119656.00|0.77|6.69|-2.15|39.14|39.30|41.61|38.16|1.37|39.00|1910690|79710768.00|1|0.0000|0.0000|0.0000|0|39.00
浙矿股份|300837|3.14|1263200|23974320.00|1.68|5.35|0.22|19.07|18.80|19.48|18.53|1.26|18.49|2581477|50319036.00|1|0.0000|0.0000|0.0000|0|18.49
浙江力诺|300838|1.67|2890550|43702904.00|0.33|2.61|-0.27|15.20|15.00|15.34|14.91|2.89|14.95|5024600|76640752.00|1|0.0000|0.0000|0.0000|0|14.95
博汇股份|300839|4.92|4680803|32911028.00|2.83|8.05|2.09|7.04|6.90|7.25|6.85|4.68|6.71|6855382|49669628.00|1|0.0000|0.0000|0.0000|0|6.71
酷特智能|300840|2.98|19052953|346357120.00|-0.51|5.69|-1.46|18.29|17.67|18.77|17.50|19.05|17.76|19639400|363806464.00|1|0.0000|0.0000|0.0000|0|17.76
康华生物|300841|5.46|5657478|314325472.00|2.81|6.89|2.81|56.01|54.60|56.77|54.60|5.66|53.11|8014113|456350656.00|1|0.0000|0.0000|0.0000|0|53.11
帝科股份|300842|1.57|7668222|279507520.00|2.83|5.30|-0.03|36.23|36.68|37.56|35.66|7.67|35.67|11027380|413244544.00|1|0.0000|0.0000|0.0000|0|35.67
胜蓝股份|300843|2.21|5414729|129294096.00|1.78|5.13|-2.59|24.10|24.00|24.79|22.97|5.41|23.58|6634698|165418848.00|1|0.0000|0.0000|0.0000|0|23.58
山水比德|300844|4.55|5400897|259519504.00|4.80|11.65|2.34|47.29|47.40|50.50|46.29|5.40|45.23|7714823|358115104.00|1|0.0000|0.0000|0.0000|0|45.23
捷安高科|300845|3.31|5579368|62813292.00|1.10|7.54|-0.09|11.24|11.00|11.70|10.87|5.58|10.88|8251648|94441096.00|1|0.0000|0.0000|0.0000|0|10.88
首都在线|300846|4.50|60815908|1096154112.00|3.92|7.38|-0.35|18.13|18.03|18.63|17.29|60.82|17.35|72231483|1311162112.00|1|0.0000|0.0000|0.0000|0|17.35
中船汉光|300847|7.24|8965650|131377056.00|2.39|8.62|2.39|14.81|14.14|15.00|14.14|8.97|13.81|9242364|135575760.00|1|0.0000|0.0000|0.0000|0|13.81
美瑞新材|300848|2.40|6486760|111090624.00|0.96|5.75|0.48|17.10|16.86|17.66|16.78|6.49|16.70|9119579|159091792.00|1|0.0000|0.0000|0.0000|0|16.70
锦盛新材|300849|-1.36|5820200|70931856.00|-0.72|0.88|-5.75|12.36|12.44|12.64|11.81|5.82|12.53|6672150|87504384.00|1|0.0000|0.0000|0.0000|0|12.53
新强联|300850|5.93|10060631|243890528.00|0.00|6.62|0.00|24.49|23.12|24.65|23.12|10.06|23.12|12987261|316670752.00|1|0.0000|0.0000|0.0000|0|23.12
交大思诺|300851|8.76|2389000|58076788.00|2.01|8.81|1.57|24.95|23.40|24.96|23.30|2.39|22.94|2502557|61019216.00|1|0.0000|0.0000|0.0000|0|22.94
四会富仕|300852|1.01|4111828|98982448.00|0.04|5.96|-1.81|24.06|23.83|25.24|23.39|4.11|23.82|3510210|88984040.00|1|0.0000|0.0000|0.0000|0|23.82
申昊科技|300853|2.34|9922830|183505616.00|-0.50|6.86|-0.50|18.36|17.85|19.17|17.85|9.92|17.94|11201700|211686256.00|1|0.0000|0.0000|0.0000|0|17.94
中兰环保|300854|-1.48|4364903|52932048.00|0.00|3.77|-3.94|12.01|12.19|12.65|11.71|4.36|12.19|5177500|62319960.00|1|0.0000|0.0000|0.0000|0|12.19
图南股份|300855|3.80|8258844|172227696.00|1.70|6.45|1.70|20.77|20.35|21.30|20.35|8.26|20.01|11069159|230374528.00|1|0.0000|0.0000|0.0000|0|20.01
科思股份|300856|5.29|6181100|128536936.00|2.02|7.41|1.86|20.89|20.24|21.31|20.21|6.18|19.84|10017284|216032800.00|1|0.0000|0.0000|0.0000|0|19.84
协创数据|300857|-1.76|16434792|1491142784.00|1.45|4.83|-6.63|90.91|93.88|97.01|86.40|16.43|92.54|12803059|1278210816.00|1|0.0000|0.0000|0.0000|0|92.54
科拓生物|300858|7.26|8840884|105478768.00|1.51|7.53|0.35|12.11|11.46|12.14|11.33|8.84|11.29|10734919|130415720.00|1|0.0000|0.0000|0.0000|0|11.29
西域旅游|300859|3.77|8418300|302500928.00|2.37|4.51|0.11|36.34|35.85|36.60|35.06|8.42|35.02|11301415|406075712.00|1|0.0000|0.0000|0.0000|0|35.02
锋尚文化|300860|3.31|4490847|104533952.00|1.41|5.97|0.53|23.38|22.95|23.98|22.75|4.49|22.63|6516641|154824832.00|1|0.0000|0.0000|0.0000|0|22.63
美畅股份|300861|2.46|5454173|92437968.00|0.42|3.78|0.42|17.06|16.72|17.28|16.72|5.45|16.65|7691206|132328200.00|1|0.0000|0.0000|0.0000|0|16.65
蓝盾光电|300862|0.96|4080440|85312456.00|0.00|4.77|-2.02|20.95|20.75|21.74|20.33|4.08|20.75|5227240|114745864.00|1|0.0000|0.0000|0.0000|0|20.75
卡倍亿|300863|-0.16|4763703|175954576.00|1.34|2.76|-4.15|37.29|37.85|38.38|35.80|4.76|37.35|4952508|196336448.00|1|0.0000|0.0000|0.0000|0|37.35
南大环境|300864|2.41|1748413|32646960.00|0.71|4.27|-0.27|18.69|18.38|19.03|18.20|1.75|18.25|3087728|58880336.00|1|0.0000|0.0000|0.0000|0|18.25
大宏立|300865|5.80|3060300|58079624.00|-0.50|7.57|-1.10|19.15|18.01|19.47|17.90|3.06|18.10|3224200|62325952.00|1|0.0000|0.0000|0.0000|0|18.10
安克创新|300866|0.00|7991236|613069632.00|1.99|5.25|-2.15|76.24|77.76|80.24|74.60|7.99|76.24|11520243|911472448.00|1|0.0000|0.0000|0.0000|0|76.24
圣元环保|300867|13.83|16670564|220625888.00|-0.33|14.73|-1.55|13.99|12.25|14.10|12.10|16.67|12.29|12335418|163317248.00|1|0.0000|0.0000|0.0000|0|12.29
杰美特|300868|2.58|3047101|78574600.00|0.99|6.59|-1.91|25.84|25.44|26.85|24.71|3.05|25.19|3857901|103879464.00|1|0.0000|0.0000|0.0000|0|25.19
康泰医学|300869|4.86|7951632|99518528.00|0.67|8.38|0.67|12.51|12.01|12.93|12.01|7.95|11.93|10936167|139801392.00|1|0.0000|0.0000|0.0000|0|11.93
欧陆通|300870|-3.03|6194679|566536512.00|-0.63|3.64|-7.04|90.75|93.00|97.00|87.00|6.19|93.59|4010665|396530560.00|1|0.0000|0.0000|0.0000|0|93.59
回盛生物|300871|7.77|49842590|1589456640.00|2.17|13.50|-15.45|34.81|33.00|36.66|27.31|49.84|32.30|42087164|1500163072.00|1|0.0000|0.0000|0.0000|0|32.30
天阳科技|300872|4.91|16023954|213919104.00|3.51|7.49|0.23|13.45|13.27|13.78|12.85|16.02|12.82|20408155|279689536.00|1|0.0000|0.0000|0.0000|0|12.82
海晨股份|300873|3.47|9651917|170745984.00|2.18|7.71|0.94|17.59|17.37|18.31|17.16|9.65|17.00|11342881|204249712.00|1|0.0000|0.0000|0.0000|0|17.00
捷强装备|300875|3.93|2615790|58982004.00|0.00|7.76|-0.14|22.50|21.65|23.33|21.62|2.62|21.65|3668262|84833632.00|1|0.0000|0.0000|0.0000|0|21.65
蒙泰高新|300876|4.67|958050|23378742.00|1.47|5.68|0.13|24.86|24.10|25.10|23.78|0.96|23.75|1550728|38649632.00|1|0.0000|0.0000|0.0000|0|23.75
金春股份|300877|5.55|3200924|40772612.00|3.56|9.11|2.15|12.75|12.51|13.18|12.34|3.20|12.08|4848838|63179016.00|1|0.0000|0.0000|0.0000|0|12.08
维康药业|300878|2.80|4038682|59299224.00|0.14|5.88|-0.14|14.68|14.30|15.12|14.26|4.04|14.28|6400037|96618656.00|1|0.0000|0.0000|0.0000|0|14.28
大叶股份|300879|2.00|10984271|163355712.00|0.00|5.72|0.00|14.81|14.52|15.35|14.52|10.98|14.52|10538300|160749632.00|1|0.0000|0.0000|0.0000|0|14.52
迦南智能|300880|3.49|5872108|120101864.00|1.67|6.88|0.25|20.47|20.11|21.14|19.83|5.87|19.78|8510332|175785232.00|1|0.0000|0.0000|0.0000|0|19.78
盛德鑫泰|300881|4.53|2796060|76564832.00|2.55|8.42|1.45|27.44|26.92|28.46|26.63|2.80|26.25|3937208|110817552.00|1|0.0000|0.0000|0.0000|0|26.25
万胜智能|300882|2.71|5847334|79475184.00|2.03|6.40|-1.28|13.64|13.55|14.13|13.11|5.85|13.28|8958902|127465832.00|1|0.0000|0.0000|0.0000|0|13.28
龙利得|300883|3.04|11775618|56768984.00|2.17|8.91|1.09|4.74|4.70|5.01|4.65|11.78|4.60|18345757|89944176.00|1|0.0000|0.0000|0.0000|0|4.60
狄耐克|300884|3.01|6210611|57487784.00|2.23|6.35|0.89|9.25|9.18|9.55|9.06|6.21|8.98|9952503|94796832.00|1|0.0000|0.0000|0.0000|0|8.98
海昌新材|300885|0.46|13708997|148165408.00|-0.74|8.81|-4.08|10.83|10.70|11.73|10.34|13.71|10.78|15525257|177610480.00|1|0.0000|0.0000|0.0000|0|10.78
华业香料|300886|4.77|2467220|44095764.00|1.69|7.50|0.58|18.01|17.48|18.48|17.29|2.47|17.19|2846890|52351204.00|1|0.0000|0.0000|0.0000|0|17.19
谱尼测试|300887|3.81|15011797|102671296.00|3.66|7.62|0.91|6.81|6.80|7.06|6.62|15.01|6.56|17151655|118921944.00|1|0.0000|0.0000|0.0000|0|6.56
稳健医疗|300888|7.63|9414569|387518880.00|3.18|9.65|2.02|41.60|39.88|42.38|39.43|9.41|38.65|8087670|327903680.00|1|0.0000|0.0000|0.0000|0|38.65
爱克股份|300889|3.45|3384863|44742600.00|4.86|7.99|0.55|13.20|13.38|13.78|12.83|3.38|12.76|5616700|75402520.00|1|0.0000|0.0000|0.0000|0|12.76
翔丰华|300890|3.75|5064790|121750784.00|1.89|6.97|0.52|24.10|23.67|24.85|23.35|5.06|23.23|7185583|178382576.00|1|0.0000|0.0000|0.0000|0|23.23
惠云钛业|300891|3.76|10392800|77953888.00|1.67|7.93|1.11|7.46|7.31|7.76|7.27|10.39|7.19|15340700|117570920.00|1|0.0000|0.0000|0.0000|0|7.19
品渥食品|300892|20.02|5050602|146610592.00|3.26|20.02|1.79|30.16|25.95|30.16|25.58|5.05|25.13|5907352|154122224.00|1|0.0000|0.0000|0.0000|0|25.13
松原安全|300893|5.97|1998400|59481764.00|2.69|6.39|0.17|30.36|29.42|30.48|28.70|2.00|28.65|2370616|70778984.00|1|0.0000|0.0000|0.0000|0|28.65
火星人|300894|5.39|12905200|153092592.00|1.59|7.42|1.59|11.93|11.50|12.16|11.50|12.91|11.32|16716500|202777264.00|1|0.0000|0.0000|0.0000|0|11.32
铜牛信息|300895|6.66|17306493|730478848.00|2.63|10.31|0.02|42.93|41.31|44.40|40.26|17.31|40.25|16815804|729077952.00|1|0.0000|0.0000|0.0000|0|40.25
爱美客|300896|3.07|4360315|742521408.00|1.01|3.84|0.57|171.44|168.02|172.73|167.28|4.36|166.34|6114483|1035287424.00|1|0.0000|0.0000|0.0000|0|166.34
山科智能|300897|4.14|2054716|46260268.00|3.50|7.50|-0.18|22.64|22.50|23.37|21.70|2.05|21.74|3152800|74927112.00|1|0.0000|0.0000|0.0000|0|21.74
熊猫乳品|300898|10.40|25250363|828931648.00|-1.52|14.63|-3.78|34.19|30.50|35.50|29.80|25.25|30.97|20010074|608002176.00|1|0.0000|0.0000|0.0000|0|30.97
*ST凯鑫|300899|3.81|2172540|41037764.00|2.59|7.56|1.21|18.82|18.60|19.50|18.35|2.17|18.13|2726300|52590824.00|1|0.0000|0.0000|0.0000|0|18.13
广联航空|300900|4.12|8767372|147911328.00|1.78|7.50|0.55|16.93|16.55|17.48|16.35|8.77|16.26|14384232|246967168.00|1|0.0000|0.0000|0.0000|0|16.26
中胤时尚|300901|7.10|6385200|70552808.00|-0.47|8.04|-2.08|11.32|10.52|11.42|10.35|6.39|10.57|7081400|80196360.00|1|0.0000|0.0000|0.0000|0|10.57
国安达|300902|1.28|5630427|88982592.00|1.02|5.37|-2.94|15.84|15.80|16.48|15.18|5.63|15.64|7614140|127157480.00|1|0.0000|0.0000|0.0000|0|15.64
科翔股份|300903|3.06|15201090|97417784.00|0.97|6.77|0.16|6.39|6.26|6.62|6.21|15.20|6.20|20996263|138612752.00|1|0.0000|0.0000|0.0000|0|6.20
威力传动|300904|0.18|1530900|75814840.00|1.21|3.08|-1.78|49.49|50.00|50.92|48.52|1.53|49.40|2383821|121557880.00|1|0.0000|0.0000|0.0000|0|49.40
宝丽迪|300905|4.44|7540900|165591008.00|1.15|9.31|0.72|21.87|21.18|22.89|21.09|7.54|20.94|7582900|171465344.00|1|0.0000|0.0000|0.0000|0|20.94
日月明|300906|4.12|2104900|45573024.00|2.21|6.90|0.67|21.72|21.32|22.30|21.00|2.10|20.86|3227896|71734432.00|1|0.0000|0.0000|0.0000|0|20.86
康平科技|300907|0.34|3766600|78806960.00|1.16|5.10|-3.08|20.84|21.01|21.83|20.13|3.77|20.77|5276199|115494592.00|1|0.0000|0.0000|0.0000|0|20.77
仲景食品|300908|5.22|2507144|69728456.00|-0.41|5.48|-0.41|28.22|26.71|28.29|26.71|2.51|26.82|2283762|62624176.00|1|0.0000|0.0000|0.0000|0|26.82
汇创达|300909|0.61|4718867|101734272.00|-0.19|4.94|-3.17|21.57|21.40|22.50|20.76|4.72|21.44|4561950|103261888.00|1|0.0000|0.0000|0.0000|0|21.44
瑞丰新材|300910|3.01|7415190|416140000.00|1.04|8.43|0.50|55.73|54.66|58.66|54.37|7.42|54.10|7408635|402275744.00|1|0.0000|0.0000|0.0000|0|54.10
亿田智能|300911|-0.13|6125440|225292240.00|-1.88|2.15|-4.54|37.15|36.50|38.00|35.51|6.13|37.20|5996818|228854064.00|1|0.0000|0.0000|0.0000|0|37.20
凯龙高科|300912|-2.59|4445802|45706696.00|-3.54|2.97|-4.21|10.17|10.07|10.75|10.00|4.45|10.44|5349900|54085828.00|1|0.0000|0.0000|0.0000|0|10.44
兆龙互连|300913|4.77|6808227|267381632.00|0.85|6.30|0.85|39.56|38.08|40.14|38.08|6.81|37.76|5962994|238883520.00|1|0.0000|0.0000|0.0000|0|37.76
海融科技|300915|9.53|2463850|78835608.00|1.67|9.57|1.67|32.86|30.50|32.87|30.50|2.46|30.00|2202950|69422928.00|1|0.0000|0.0000|0.0000|0|30.00
朗特智能|300916|-0.28|2926630|72190664.00|0.00|5.32|-3.49|24.54|24.61|25.92|23.75|2.93|24.61|3340975|87111912.00|1|0.0000|0.0000|0.0000|0|24.61
特发服务|300917|6.22|8617309|350183264.00|1.27|8.73|1.27|41.01|39.10|41.98|39.10|8.62|38.61|8794902|354843968.00|1|0.0000|0.0000|0.0000|0|38.61
南山智尚|300918|0.07|20659915|276791424.00|0.90|4.26|-3.59|13.38|13.49|13.94|12.89|20.66|13.37|18670244|263293792.00|1|0.0000|0.0000|0.0000|0|13.37
中伟股份|300919|3.25|9094137|285330624.00|1.87|4.33|1.64|31.49|31.07|31.82|31.00|9.09|30.50|13794662|439369824.00|1|0.0000|0.0000|0.0000|0|30.50
润阳科技|300920|2.98|5077900|90938008.00|-0.99|3.53|-5.30|18.66|17.94|18.76|17.16|5.08|18.12|5815100|111420880.00|1|0.0000|0.0000|0.0000|0|18.12
南凌科技|300921|2.82|4814320|106934520.00|0.93|7.55|-1.62|22.21|21.80|23.23|21.25|4.81|21.60|4913920|113149096.00|1|0.0000|0.0000|0.0000|0|21.60
天秦装备|300922|1.84|7844629|125633704.00|0.19|5.45|-2.09|16.07|15.81|16.64|15.45|7.84|15.78|10381879|168760016.00|1|0.0000|0.0000|0.0000|0|15.78
研奥股份|300923|4.11|2713033|50194228.00|3.32|8.22|0.96|18.49|18.35|19.22|17.93|2.71|17.76|4269300|79872096.00|1|0.0000|0.0000|0.0000|0|17.76
法本信息|300925|7.08|23134210|451856800.00|3.43|9.85|3.27|19.67|19.00|20.18|18.97|23.13|18.37|24253584|475130976.00|1|0.0000|0.0000|0.0000|0|18.37
博俊科技|300926|5.66|10486387|242648784.00|4.06|8.63|2.51|23.15|22.80|23.80|22.46|10.49|21.91|11676678|267307168.00|1|0.0000|0.0000|0.0000|0|21.91
江天化学|300927|4.46|17650535|421703424.00|7.05|11.51|2.10|23.42|24.00|25.00|22.89|17.65|22.42|16126421|386010432.00|1|0.0000|0.0000|0.0000|0|22.42
华安鑫创|300928|2.38|1944100|59125832.00|0.24|6.85|0.10|30.17|29.54|31.49|29.50|1.94|29.47|3016400|95693184.00|1|0.0000|0.0000|0.0000|0|29.47
华骐环保|300929|3.06|4729835|35245108.00|2.64|6.81|0.42|7.42|7.39|7.69|7.23|4.73|7.20|7189416|53882352.00|1|0.0000|0.0000|0.0000|0|7.20
屹通新材|300930|3.15|2033000|44501012.00|0.05|7.98|-0.47|21.97|21.31|23.00|21.20|2.03|21.30|3302800|72852824.00|1|0.0000|0.0000|0.0000|0|21.30
通用电梯|300931|5.92|11325200|62408280.00|3.44|8.78|1.15|5.55|5.42|5.70|5.30|11.33|5.24|13845100|77416248.00|1|0.0000|0.0000|0.0000|0|5.24
三友联众|300932|0.22|4873620|65430840.00|-0.37|2.22|-4.37|13.53|13.45|13.80|12.91|4.87|13.50|7827594|105595920.00|1|0.0000|0.0000|0.0000|0|13.50
中辰股份|300933|3.69|20653142|127598800.00|2.18|6.37|0.67|6.19|6.10|6.35|6.01|20.65|5.97|28026963|175632784.00|1|0.0000|0.0000|0.0000|0|5.97
盈建科|300935|4.55|1886669|32633594.00|2.24|8.55|1.39|17.24|16.86|17.90|16.72|1.89|16.49|2628797|45468348.00|1|0.0000|0.0000|0.0000|0|16.49
中英科技|300936|3.22|1671900|55491432.00|0.06|6.73|0.06|33.00|31.99|34.12|31.99|1.67|31.97|2948900|100201680.00|1|0.0000|0.0000|0.0000|0|31.97
药易购|300937|4.78|3520692|79883760.00|1.10|8.23|1.10|22.80|22.00|23.55|22.00|3.52|21.76|3719652|86421736.00|1|0.0000|0.0000|0.0000|0|21.76
信测标准|300938|1.41|9741455|275582848.00|2.99|6.45|-2.63|28.13|28.57|29.53|27.01|9.74|27.74|10030628|302477696.00|1|0.0000|0.0000|0.0000|0|27.74
秋田微|300939|2.95|2678800|66577592.00|1.70|7.43|-0.75|24.80|24.50|25.88|23.91|2.68|24.09|3492200|90225424.00|1|0.0000|0.0000|0.0000|0|24.09
南极光|300940|1.75|7673840|97628904.00|0.16|5.26|-0.88|12.77|12.57|13.21|12.44|7.67|12.55|9953780|133057624.00|1|0.0000|0.0000|0.0000|0|12.55
创识科技|300941|3.00|5754079|102431736.00|0.23|6.11|0.00|17.88|17.40|18.42|17.36|5.75|17.36|6453450|119327600.00|1|0.0000|0.0000|0.0000|0|17.36
易瑞生物|300942|4.50|8063074|61966124.00|0.82|8.17|0.82|7.67|7.40|7.94|7.40|8.06|7.34|9912764|78051808.00|1|0.0000|0.0000|0.0000|0|7.34
春晖智控|300943|4.07|9240700|106915240.00|1.72|8.32|1.08|11.51|11.25|11.98|11.18|9.24|11.06|11097500|130533896.00|1|0.0000|0.0000|0.0000|0|11.06
曼卡龙|300945|3.19|15006300|163070896.00|-0.56|4.69|-2.44|11.00|10.60|11.16|10.40|15.01|10.66|19730400|216409648.00|1|0.0000|0.0000|0.0000|0|10.66
恒而达|300946|1.76|2754710|71941056.00|0.51|6.58|-1.41|25.97|25.65|27.20|25.16|2.75|25.52|3860840|104477536.00|1|0.0000|0.0000|0.0000|0|25.52
德必集团|300947|6.78|6286973|94382312.00|2.12|9.32|2.12|15.12|14.46|15.48|14.46|6.29|14.16|6434554|96827192.00|1|0.0000|0.0000|0.0000|0|14.16
冠中生态|300948|5.05|3294100|27233292.00|2.02|6.57|1.26|8.32|8.08|8.44|8.02|3.29|7.92|5797487|47781348.00|1|0.0000|0.0000|0.0000|0|7.92
奥雅股份|300949|6.69|1496600|40702300.00|1.71|8.86|0.51|27.44|26.16|28.00|25.85|1.50|25.72|1734558|47452264.00|1|0.0000|0.0000|0.0000|0|25.72
德固特|300950|-0.48|5534689|80568832.00|-1.03|4.46|-4.19|14.50|14.42|15.22|13.96|5.53|14.57|7528800|115213872.00|1|0.0000|0.0000|0.0000|0|14.57
博硕科技|300951|1.59|2519241|64822080.00|1.79|6.53|-1.07|25.52|25.57|26.76|24.85|2.52|25.12|3430483|90782608.00|1|0.0000|0.0000|0.0000|0|25.12
恒辉安防|300952|-2.10|7195950|151922304.00|-0.98|3.77|-6.38|21.02|21.26|22.28|20.10|7.20|21.47|7004406|157052144.00|1|0.0000|0.0000|0.0000|0|21.47
震裕科技|300953|-8.35|12765528|1443700096.00|-2.26|-1.06|-12.87|112.55|120.02|121.50|106.99|12.77|122.80|7061643|898947456.00|1|0.0000|0.0000|0.0000|0|122.80
嘉亨家化|300955|8.09|2897700|40194652.00|2.90|9.01|1.30|14.16|13.48|14.28|13.27|2.90|13.10|3299555|46092356.00|1|0.0000|0.0000|0.0000|0|13.10
英力股份|300956|0.88|9118031|190191680.00|0.00|6.14|-2.53|20.70|20.52|21.78|20.00|9.12|20.52|9087022|197040880.00|1|0.0000|0.0000|0.0000|0|20.52
贝泰妮|300957|4.55|5486562|223917920.00|1.17|5.03|1.17|41.13|39.80|41.32|39.80|5.49|39.34|7430594|301191424.00|1|0.0000|0.0000|0.0000|0|39.34
建工修复|300958|5.13|4326938|44865740.00|1.91|6.23|1.01|10.46|10.14|10.57|10.05|4.33|9.95|5186200|54270764.00|1|0.0000|0.0000|0.0000|0|9.95
线上线下|300959|3.36|1915895|65148208.00|-0.15|7.09|-0.42|34.11|32.95|35.34|32.86|1.92|33.00|2651065|93825912.00|1|0.0000|0.0000|0.0000|0|33.00
通业科技|300960|6.57|4561329|103183456.00|0.37|9.32|0.37|22.87|21.54|23.46|21.54|4.56|21.46|6339826|144579616.00|1|0.0000|0.0000|0.0000|0|21.46
深水海纳|300961|19.98|20324311|291595104.00|5.08|19.98|5.08|15.13|13.25|15.13|13.25|20.32|12.61|19662696|262761776.00|1|0.0000|0.0000|0.0000|0|12.61
中金辐照|300962|6.72|5404918|73118864.00|3.40|9.33|3.32|13.50|13.08|13.83|13.07|5.40|12.65|6270500|85296408.00|1|0.0000|0.0000|0.0000|0|12.65
中洲特材|300963|6.11|58521204|843076416.00|4.17|8.34|-2.08|14.76|14.49|15.07|13.62|58.52|13.91|61334783|859167936.00|1|0.0000|0.0000|0.0000|0|13.91
本川智能|300964|0.50|3282500|105508016.00|1.10|5.67|-2.36|31.90|32.09|33.54|30.99|3.28|31.74|3436160|115717480.00|1|0.0000|0.0000|0.0000|0|31.74
恒宇信通|300965|3.22|399600|14508583.00|2.65|5.36|2.37|36.20|36.00|36.95|35.90|0.40|35.07|482905|17936118.00|1|0.0000|0.0000|0.0000|0|35.07
共同药业|300966|5.69|3240500|46828628.00|0.95|8.47|0.95|14.48|13.83|14.86|13.83|3.24|13.70|4784600|70506048.00|1|0.0000|0.0000|0.0000|0|13.70
晓鸣股份|300967|14.09|44355150|1056433920.00|-6.53|19.99|-10.11|25.51|20.90|26.83|20.10|44.36|22.36|42150969|888293952.00|1|0.0000|0.0000|0.0000|0|22.36
格林精密|300968|0.45|12261701|164365696.00|-2.54|4.85|-3.13|13.46|13.06|14.05|12.98|12.26|13.40|11069200|156509184.00|1|0.0000|0.0000|0.0000|0|13.40
恒帅股份|300969|1.11|1307166|89629208.00|1.50|4.75|-0.93|68.53|68.80|71.00|67.15|1.31|67.78|1558600|110803520.00|1|0.0000|0.0000|0.0000|0|67.78
华绿生物|300970|20.03|26094790|358832768.00|1.74|20.03|1.74|14.50|12.29|14.50|12.29|26.09|12.08|14430854|180848192.00|1|0.0000|0.0000|0.0000|0|12.08
博亚精工|300971|4.03|6475300|123665136.00|4.58|7.47|0.55|19.08|19.18|19.71|18.44|6.48|18.34|7423200|143980016.00|1|0.0000|0.0000|0.0000|0|18.34
万辰集团|300972|4.16|4036696|397895040.00|0.41|5.20|-1.64|100.60|96.98|101.60|95.00|4.04|96.58|3434174|340590464.00|1|0.0000|0.0000|0.0000|0|96.58
立高食品|300973|7.30|4970144|206172512.00|-3.90|7.74|-4.17|43.24|38.73|43.42|38.62|4.97|40.30|3466733|136337744.00|1|0.0000|0.0000|0.0000|0|40.30
商络电子|300975|2.36|19214099|175732400.00|2.02|6.07|-0.45|9.11|9.08|9.44|8.86|19.21|8.90|25327400|239005696.00|1|0.0000|0.0000|0.0000|0|8.90
达瑞电子|300976|1.42|2200310|108505776.00|-0.21|5.82|-1.83|49.29|48.50|51.43|47.71|2.20|48.60|2721407|139720480.00|1|0.0000|0.0000|0.0000|0|48.60
深圳瑞捷|300977|5.76|2899363|42468712.00|2.88|8.20|1.80|14.70|14.30|15.04|14.15|2.90|13.90|2987691|44339848.00|1|0.0000|0.0000|0.0000|0|13.90
东箭科技|300978|2.36|7253757|66003896.00|2.14|6.30|-1.01|9.10|9.08|9.45|8.80|7.25|8.89|9984172|95213992.00|1|0.0000|0.0000|0.0000|0|8.89
华利集团|300979|-2.06|6010567|297138400.00|0.96|2.38|-3.02|48.98|50.49|51.20|48.50|6.01|50.01|10295464|513886368.00|1|0.0000|0.0000|0.0000|0|50.01
祥源新材|300980|-2.56|8844713|167403760.00|-1.61|1.35|-8.68|19.42|19.61|20.20|18.20|8.84|19.93|6274407|130428880.00|1|0.0000|0.0000|0.0000|0|19.93
中红医疗|300981|3.39|4140636|44368112.00|0.78|7.07|0.78|10.67|10.40|11.05|10.40|4.14|10.32|6968956|77151840.00|1|0.0000|0.0000|0.0000|0|10.32
苏文电能|300982|2.57|3407560|50512224.00|1.53|6.11|0.35|14.77|14.62|15.28|14.45|3.41|14.40|6803512|102648896.00|1|0.0000|0.0000|0.0000|0|14.40
尤安设计|300983|5.69|1126551|17271196.00|0.95|5.96|0.95|15.61|14.91|15.65|14.91|1.13|14.77|1460725|22691786.00|1|0.0000|0.0000|0.0000|0|14.77
金沃股份|300984|-2.96|3036362|154985856.00|0.00|3.41|-8.11|51.46|53.03|54.84|48.73|3.04|53.03|2513922|139341168.00|1|0.0000|0.0000|0.0000|0|53.03
致远新能|300985|5.37|3003120|42193344.00|1.57|8.88|1.27|14.12|13.61|14.59|13.57|3.00|13.40|4808460|68325440.00|1|0.0000|0.0000|0.0000|0|13.40
志特新材|300986|4.66|11394600|173996528.00|1.28|5.20|-0.07|15.50|15.00|15.58|14.80|11.39|14.81|10900563|173549264.00|1|0.0000|0.0000|0.0000|0|14.81
川网传媒|300987|1.70|15728250|216218816.00|-2.14|4.81|-2.37|13.75|13.23|14.17|13.20|15.73|13.52|17610360|252386160.00|1|0.0000|0.0000|0.0000|0|13.52
津荣天宇|300988|2.82|6089000|101409008.00|3.89|9.67|0.00|16.38|16.55|17.47|15.93|6.09|15.93|7190019|121775208.00|1|0.0000|0.0000|0.0000|0|15.93
蕾奥规划|300989|5.70|10859683|177110448.00|0.63|7.73|-0.70|16.68|15.88|17.00|15.67|10.86|15.78|10340509|162975152.00|1|0.0000|0.0000|0.0000|0|15.78
同飞股份|300990|3.84|2087420|73848864.00|1.09|7.01|1.09|35.40|34.46|36.48|34.46|2.09|34.09|2777920|101177120.00|1|0.0000|0.0000|0.0000|0|34.09
创益通|300991|1.59|4621600|71237872.00|0.13|6.15|-2.18|15.37|15.15|16.06|14.80|4.62|15.13|4673414|74893584.00|1|0.0000|0.0000|0.0000|0|15.13
泰福泵业|300992|3.49|2185172|38771704.00|2.15|6.52|0.64|17.77|17.54|18.29|17.28|2.19|17.17|2479689|45114740.00|1|0.0000|0.0000|0.0000|0|17.17
玉马科技|300993|1.83|8643180|77004880.00|1.72|4.81|-0.57|8.89|8.88|9.15|8.68|8.64|8.73|16448360|152051696.00|1|0.0000|0.0000|0.0000|0|8.73
久祺股份|300994|-3.75|10128269|109861024.00|-3.39|0.71|-6.43|10.78|10.82|11.28|10.48|10.13|11.20|10299899|127560160.00|1|0.0000|0.0000|0.0000|0|11.20
奇德新材|300995|9.09|7104200|151740624.00|2.16|15.14|2.16|21.25|19.90|22.43|19.90|7.10|19.48|7801530|161964896.00|1|0.0000|0.0000|0.0000|0|19.48
普联软件|300996|4.37|10739536|228369712.00|2.60|8.01|0.49|21.24|20.88|21.98|20.45|10.74|20.35|14552041|315443360.00|1|0.0000|0.0000|0.0000|0|20.35
欢乐家|300997|10.00|9113400|117037520.00|2.02|12.02|1.09|13.09|12.14|13.33|12.03|9.11|11.90|8291693|104249968.00|1|0.0000|0.0000|0.0000|0|11.90
宁波方正|300998|4.74|4591800|66282584.00|0.72|6.25|0.72|14.59|14.03|14.80|14.03|4.59|13.93|7978300|116486960.00|1|0.0000|0.0000|0.0000|0|13.93
金龙鱼|300999|7.77|24756503|782526720.00|1.83|8.23|1.00|32.33|30.55|32.47|30.30|24.76|30.00|20544453|625807552.00|1|0.0000|0.0000|0.0000|0|30.00
肇民科技|301000|-0.53|17302998|578490304.00|1.90|4.95|-5.69|33.56|34.38|35.41|31.82|17.30|33.74|15161009|533647264.00|1|0.0000|0.0000|0.0000|0|33.74
凯淳股份|301001|5.54|2881800|70404624.00|1.33|7.90|0.90|24.58|23.60|25.13|23.50|2.88|23.29|2741300|67338392.00|1|0.0000|0.0000|0.0000|0|23.29
崧盛股份|301002|3.56|1938950|26485068.00|2.04|7.42|0.30|13.68|13.48|14.19|13.25|1.94|13.21|2976410|41921096.00|1|0.0000|0.0000|0.0000|0|13.21
江苏博云|301003|3.14|3473730|81349520.00|1.77|8.37|-0.22|23.29|22.98|24.47|22.53|3.47|22.58|3962670|94588704.00|1|0.0000|0.0000|0.0000|0|22.58
嘉益股份|301004|0.40|1947354|142115984.00|-3.75|0.92|-6.24|75.50|72.38|75.89|70.51|1.95|75.20|1738398|132437400.00|1|0.0000|0.0000|0.0000|0|75.20
超捷股份|301005|-0.16|6576260|164829840.00|1.47|4.78|-4.10|25.06|25.47|26.30|24.07|6.58|25.10|7017064|188160512.00|1|0.0000|0.0000|0.0000|0|25.10
迈拓股份|301006|4.96|1819000|21890536.00|1.57|7.65|1.04|12.07|11.68|12.38|11.62|1.82|11.50|2623300|32178304.00|1|0.0000|0.0000|0.0000|0|11.50
德迈仕|301007|-1.27|16725449|271396288.00|-1.57|2.84|-5.92|16.35|16.30|17.03|15.58|16.73|16.56|12223600|210760064.00|1|0.0000|0.0000|0.0000|0|16.56
宏昌科技|301008|-1.41|4051959|71878784.00|1.64|6.28|-4.69|17.43|17.97|18.79|16.85|4.05|17.68|3744575|69992760.00|1|0.0000|0.0000|0.0000|0|17.68
可靠股份|301009|5.89|9572461|93955184.00|3.38|10.69|3.16|9.71|9.48|10.15|9.46|9.57|9.17|8743583|84131152.00|1|0.0000|0.0000|0.0000|0|9.17
晶雪节能|301010|-3.21|8072800|117606416.00|-2.28|2.81|-6.76|14.46|14.60|15.36|13.93|8.07|14.94|7068800|108667072.00|1|0.0000|0.0000|0.0000|0|14.94
华立科技|301011|6.30|6510872|149570320.00|1.90|10.51|1.90|22.96|22.01|23.87|22.01|6.51|21.60|7347399|167890208.00|1|0.0000|0.0000|0.0000|0|21.60
扬电科技|301012|2.54|6660488|143026400.00|1.15|6.60|-0.77|21.43|21.14|22.28|20.74|6.66|20.90|8585052|191552592.00|1|0.0000|0.0000|0.0000|0|20.90
利和兴|301013|3.01|26436250|357473632.00|1.47|9.49|-0.08|13.35|13.15|14.19|12.95|26.44|12.96|25427000|344766944.00|1|0.0000|0.0000|0.0000|0|12.96
百洋医药|301015|5.16|8460700|160728176.00|2.44|8.26|1.94|18.96|18.47|19.52|18.38|8.46|18.03|9273800|175912768.00|1|0.0000|0.0000|0.0000|0|18.03
雷尔伟|301016|10.28|23342151|623795136.00|2.47|12.95|2.47|27.68|25.72|28.35|25.72|23.34|25.10|22619617|585321984.00|1|0.0000|0.0000|0.0000|0|25.10
漱玉平民|301017|7.23|5425201|54369636.00|3.09|10.21|2.23|10.08|9.69|10.36|9.61|5.43|9.40|7440200|74830400.00|1|0.0000|0.0000|0.0000|0|9.40
申菱环境|301018|1.76|8491600|257556784.00|1.16|4.98|-3.22|30.68|30.50|31.65|29.18|8.49|30.15|7614600|242864448.00|1|0.0000|0.0000|0.0000|0|30.15
宁波色母|301019|2.84|2465332|34781836.00|1.75|5.90|-0.07|14.13|13.98|14.55|13.73|2.47|13.74|4254128|61224628.00|1|0.0000|0.0000|0.0000|0|13.74
密封科技|301020|1.96|3544837|60608672.00|0.00|4.86|-2.08|17.19|16.86|17.68|16.51|3.54|16.86|3645700|65696488.00|1|0.0000|0.0000|0.0000|0|16.86
英诺激光|301021|2.58|6784341|172945952.00|5.36|7.57|-1.93|25.46|26.15|26.70|24.34|6.78|24.82|7494098|198786336.00|1|0.0000|0.0000|0.0000|0|24.82
海泰科|301022|2.78|3286733|73350624.00|2.04|8.34|-1.16|22.18|22.02|23.38|21.33|3.29|21.58|3653791|82217464.00|1|0.0000|0.0000|0.0000|0|21.58
奕帆传动|301023|2.08|2263994|119509648.00|0.23|4.70|-1.95|52.96|52.00|54.32|50.87|2.26|51.88|3061722|167451168.00|1|0.0000|0.0000|0.0000|0|51.88
霍普股份|301024|9.13|1737900|38230256.00|1.59|10.19|1.59|22.70|21.13|22.92|21.13|1.74|20.80|1600100|34966036.00|1|0.0000|0.0000|0.0000|0|20.80
读客文化|301025|5.13|28294237|256152608.00|0.00|6.95|-0.68|9.23|8.78|9.39|8.72|28.29|8.78|31485133|291190016.00|1|0.0000|0.0000|0.0000|0|8.78
浩通科技|301026|3.32|2326540|61985348.00|1.27|5.40|0.81|26.80|26.27|27.34|26.15|2.33|25.94|4040500|111885368.00|1|0.0000|0.0000|0.0000|0|25.94
华蓝集团|301027|-0.30|7066400|71380336.00|0.10|5.15|-3.27|10.07|10.11|10.62|9.77|7.07|10.10|6212000|65567404.00|1|0.0000|0.0000|0.0000|0|10.10
东亚机械|301028|2.80|9783200|98366560.00|4.55|8.18|0.00|9.93|10.10|10.45|9.66|9.78|9.66|10302990|105832712.00|1|0.0000|0.0000|0.0000|0|9.66
怡合达|301029|3.98|10719908|224225296.00|4.58|8.91|1.39|20.90|21.02|21.89|20.38|10.72|20.10|10632763|230142800.00|1|0.0000|0.0000|0.0000|0|20.10
仕净科技|301030|4.73|7462620|131669376.00|1.48|7.69|1.48|17.70|17.15|18.20|17.15|7.46|16.90|9463080|170042768.00|1|0.0000|0.0000|0.0000|0|16.90
中熔电气|301031|5.05|1153651|121312960.00|1.19|7.52|1.18|106.01|102.11|108.50|102.10|1.15|100.91|1476200|156338976.00|1|0.0000|0.0000|0.0000|0|100.91
新柴股份|301032|19.96|23483268|302589760.00|6.74|19.96|6.57|13.52|12.03|13.52|12.01|23.48|11.27|18124268|215723680.00|1|0.0000|0.0000|0.0000|0|11.27
迈普医学|301033|1.70|1279800|55984920.00|2.26|5.66|-1.65|43.65|43.89|45.35|42.21|1.28|42.92|2259178|104031200.00|1|0.0000|0.0000|0.0000|0|42.92
润丰股份|301035|6.54|2234638|123011992.00|3.38|9.67|3.38|54.88|53.25|56.49|53.25|2.23|51.51|1950186|105365712.00|1|0.0000|0.0000|0.0000|0|51.51
双乐股份|301036|4.82|4679400|160753008.00|1.94|8.09|1.18|34.61|33.66|35.69|33.41|4.68|33.02|5791600|201407232.00|1|0.0000|0.0000|0.0000|0|33.02
保立佳|301037|0.09|3078340|34572520.00|2.93|2.93|-3.19|11.28|11.60|11.60|10.91|3.08|11.27|5470308|62906688.00|1|0.0000|0.0000|0.0000|0|11.27
深水规院|301038|10.34|9818110|160843136.00|5.31|11.87|1.59|16.64|15.88|16.87|15.32|9.82|15.08|7408400|118878000.00|1|0.0000|0.0000|0.0000|0|15.08
中集车辆|301039|-1.26|23905700|205713120.00|-1.61|0.57|-2.99|8.59|8.56|8.75|8.44|23.91|8.70|44541916|379778656.00|1|0.0000|0.0000|0.0000|0|8.70
中环海陆|301040|6.91|3959400|54703244.00|3.69|8.29|2.92|13.92|13.50|14.10|13.40|3.96|13.02|5866400|82182800.00|1|0.0000|0.0000|0.0000|0|13.02
金百泽|301041|0.60|3234801|64880920.00|1.06|5.38|-3.02|20.01|20.10|20.96|19.29|3.23|19.89|3332900|70304104.00|1|0.0000|0.0000|0.0000|0|19.89
安联锐视|301042|2.51|1461655|44187188.00|5.05|5.90|-0.07|30.25|31.00|31.25|29.49|1.46|29.51|2348579|73949424.00|1|0.0000|0.0000|0.0000|0|29.51
绿岛风|301043|4.29|1037500|26084668.00|0.99|7.17|0.16|25.30|24.50|26.00|24.30|1.04|24.26|1197000|30834594.00|1|0.0000|0.0000|0.0000|0|24.26
天禄科技|301045|3.13|2390800|42854040.00|3.07|7.76|0.29|17.80|17.79|18.60|17.31|2.39|17.26|3378840|63109688.00|1|0.0000|0.0000|0.0000|0|17.26
能辉科技|301046|4.66|2950900|51245632.00|2.36|8.96|2.00|17.29|16.91|18.00|16.85|2.95|16.52|4219500|75393376.00|1|0.0000|0.0000|0.0000|0|16.52
义翘神州|301047|3.33|1461074|88248432.00|0.84|5.83|0.84|60.44|58.98|61.90|58.98|1.46|58.49|2560372|155249952.00|1|0.0000|0.0000|0.0000|0|58.49
金鹰重工|301048|7.57|13955521|120341656.00|1.99|12.28|1.99|8.67|8.22|9.05|8.22|13.96|8.06|15879497|137448480.00|1|0.0000|0.0000|0.0000|0|8.06
超越科技|301049|3.23|1779913|33238408.00|-0.99|5.59|-1.32|18.84|18.07|19.27|18.01|1.78|18.25|1873223|36682352.00|1|0.0000|0.0000|0.0000|0|18.25
雷电微力|301050|4.25|9734420|435776256.00|2.32|6.83|1.23|44.88|44.05|45.99|43.58|9.73|43.05|13572361|621357952.00|1|0.0000|0.0000|0.0000|0|43.05
信濠光电|301051|2.09|2652021|52281812.00|2.98|7.69|0.16|19.51|19.68|20.58|19.14|2.65|19.11|3025546|61993788.00|1|0.0000|0.0000|0.0000|0|19.11
果麦文化|301052|10.27|18711190|607548416.00|1.99|11.90|0.10|33.83|31.29|34.33|30.71|18.71|30.68|19585722|592002560.00|1|0.0000|0.0000|0.0000|0|30.68
远信工业|301053|2.94|3354756|72920824.00|3.46|9.72|-0.53|21.39|21.50|22.80|20.67|3.35|20.78|4282579|93654880.00|1|0.0000|0.0000|0.0000|0|20.78
张小泉|301055|2.55|3983064|52899856.00|3.95|6.04|-0.23|13.25|13.43|13.70|12.89|3.98|12.92|6369204|86134656.00|1|0.0000|0.0000|0.0000|0|12.92
森赫股份|301056|4.26|5230500|38505640.00|2.13|8.94|0.43|7.35|7.20|7.68|7.08|5.23|7.05|7137645|53481228.00|1|0.0000|0.0000|0.0000|0|7.05
汇隆新材|301057|3.75|4782200|60839404.00|1.06|7.08|0.24|12.74|12.41|13.15|12.31|4.78|12.28|6647180|86869648.00|1|0.0000|0.0000|0.0000|0|12.28
中粮科工|301058|20.04|25907300|283436704.00|2.17|20.04|2.17|11.62|9.89|11.62|9.89|25.91|9.68|14571400|147002880.00|1|0.0000|0.0000|0.0000|0|9.68
金三江|301059|4.23|5735524|53638460.00|2.12|8.35|0.22|9.36|9.17|9.73|9.00|5.74|8.98|7430360|69891864.00|1|0.0000|0.0000|0.0000|0|8.98
兰卫医学|301060|4.24|10102100|85515008.00|1.37|9.35|1.37|8.36|8.13|8.77|8.13|10.10|8.02|11596282|99689648.00|1|0.0000|0.0000|0.0000|0|8.02
匠心家居|301061|3.78|3956878|203533088.00|-3.82|5.23|-3.96|52.74|48.88|53.48|48.81|3.96|50.82|3194354|164866192.00|1|0.0000|0.0000|0.0000|0|50.82
上海艾录|301062|4.16|13571750|101899584.00|1.94|7.20|1.52|7.52|7.36|7.74|7.33|13.57|7.22|18033673|138981600.00|1|0.0000|0.0000|0.0000|0|7.22
海锅股份|301063|7.87|9654062|218591696.00|-0.52|11.19|-0.52|22.75|20.98|23.45|20.98|9.65|21.09|10573800|226663520.00|1|0.0000|0.0000|0.0000|0|21.09
本立科技|301065|10.19|7050560|144450640.00|0.51|10.24|0.51|21.41|19.53|21.42|19.53|7.05|19.43|6473895|129341536.00|1|0.0000|0.0000|0.0000|0|19.43
万事利|301066|4.07|5372320|60846696.00|2.04|8.51|0.65|11.25|11.03|11.73|10.88|5.37|10.81|6291371|71797120.00|1|0.0000|0.0000|0.0000|0|10.81
显盈科技|301067|0.04|2944473|66430768.00|-1.72|4.15|-4.37|22.65|22.25|23.58|21.65|2.94|22.64|2844066|67965024.00|1|0.0000|0.0000|0.0000|0|22.64
大地海洋|301068|4.65|953750|29611640.00|1.95|7.31|1.95|31.08|30.28|31.87|30.28|0.95|29.70|1137897|35530332.00|1|0.0000|0.0000|0.0000|0|29.70
凯盛新材|301069|3.20|8277921|104278624.00|1.39|7.62|-0.16|12.59|12.37|13.13|12.18|8.28|12.20|11851008|154977792.00|1|0.0000|0.0000|0.0000|0|12.20
开勒股份|301070|1.48|1344500|66825504.00|-1.24|3.84|-1.85|49.94|48.60|51.10|48.30|1.34|49.21|1921020|94436512.00|1|0.0000|0.0000|0.0000|0|49.21
力量钻石|301071|4.68|6507904|181599008.00|2.90|8.63|2.22|27.76|27.29|28.81|27.11|6.51|26.52|7880906|225084112.00|1|0.0000|0.0000|0.0000|0|26.52
中捷精工|301072|2.39|2316340|37795208.00|-0.63|6.92|-1.13|16.28|15.80|17.00|15.72|2.32|15.90|2652381|44806788.00|1|0.0000|0.0000|0.0000|0|15.90
君亭酒店|301073|7.08|11290250|234489088.00|3.28|9.54|3.18|20.87|20.13|21.35|20.11|11.29|19.49|12028107|245307456.00|1|0.0000|0.0000|0.0000|0|19.49
多瑞医药|301075|-9.66|12491857|305770688.00|-5.30|-0.11|-13.56|23.85|25.00|26.37|22.82|12.49|26.40|9375125|260295136.00|1|0.0000|0.0000|0.0000|0|26.40
新瀚新材|301076|2.50|5282926|114017632.00|0.87|8.23|-0.24|21.31|20.97|22.50|20.74|5.28|20.79|5205770|115875600.00|1|0.0000|0.0000|0.0000|0|20.79
星华新材|301077|3.01|10922002|367054368.00|-0.60|4.22|-3.61|34.20|33.00|34.60|32.00|10.92|33.20|12000433|393614048.00|1|0.0000|0.0000|0.0000|0|33.20
孩子王|301078|19.96|91871472|1073135360.00|6.82|19.96|6.82|12.14|10.81|12.14|10.81|91.87|10.12|95146810|1015269696.00|1|0.0000|0.0000|0.0000|0|10.12
邵阳液压|301079|11.88|23130446|541285120.00|3.14|19.53|3.14|23.54|21.70|25.15|21.70|23.13|21.04|14364908|323085568.00|1|0.0000|0.0000|0.0000|0|21.04
百普赛斯|301080|0.17|2895406|116630200.00|2.34|5.56|-2.77|40.16|41.03|42.32|38.98|2.90|40.09|3988804|169822128.00|1|0.0000|0.0000|0.0000|0|40.09
严牌股份|301081|3.55|3210562|27082520.00|2.69|8.08|-0.12|8.46|8.39|8.83|8.16|3.21|8.17|4338361|36476292.00|1|0.0000|0.0000|0.0000|0|8.17
久盛电气|301082|3.39|24783297|364040864.00|0.00|5.54|-2.70|14.93|14.44|15.24|14.05|24.78|14.44|25062607|377019872.00|1|0.0000|0.0000|0.0000|0|14.44
百胜智能|301083|3.29|5245700|64857872.00|1.94|7.75|0.34|12.26|12.10|12.79|11.91|5.25|11.87|7294316|91967152.00|1|0.0000|0.0000|0.0000|0|11.87
亚康股份|301085|2.64|2915341|147874240.00|0.66|6.40|-1.91|50.98|50.00|52.85|48.72|2.92|49.67|3158200|167127664.00|1|0.0000|0.0000|0.0000|0|49.67
鸿富瀚|301086|3.04|1318073|50605240.00|1.05|6.48|0.81|38.35|37.61|39.63|37.52|1.32|37.22|1944350|77913664.00|1|0.0000|0.0000|0.0000|0|37.22
可孚医疗|301087|5.94|2750149|88433048.00|0.26|7.87|-0.03|32.29|30.56|32.88|30.47|2.75|30.48|3004025|95987728.00|1|0.0000|0.0000|0.0000|0|30.48
戎美股份|301088|6.12|2818300|32697060.00|1.46|9.05|1.46|11.61|11.10|11.93|11.10|2.82|10.94|3598445|42163196.00|1|0.0000|0.0000|0.0000|0|10.94
拓新药业|301089|4.99|6982171|182663744.00|2.21|11.08|2.21|25.68|25.00|27.17|25.00|6.98|24.46|6371600|168445664.00|1|0.0000|0.0000|0.0000|0|24.46
华润材料|301090|5.89|11318498|74549416.00|0.80|7.48|0.16|6.65|6.33|6.75|6.29|11.32|6.28|13165600|86264504.00|1|0.0000|0.0000|0.0000|0|6.28
深城交|301091|6.98|12011868|378289184.00|1.18|8.87|1.18|31.72|30.00|32.28|30.00|12.01|29.65|11550676|357219808.00|1|0.0000|0.0000|0.0000|0|29.65
争光股份|301092|8.81|9638791|263010928.00|0.04|9.77|0.04|28.28|26.00|28.53|26.00|9.64|25.99|7021981|179796320.00|1|0.0000|0.0000|0.0000|0|25.99
华兰股份|301093|4.05|3526500|82857784.00|1.51|8.27|1.02|23.40|22.83|24.35|22.72|3.53|22.49|3558900|85282376.00|1|0.0000|0.0000|0.0000|0|22.49
广立微|301095|4.85|5425085|255086176.00|1.95|7.69|1.95|46.90|45.60|48.17|45.60|5.43|44.73|6107360|289095808.00|1|0.0000|0.0000|0.0000|0|44.73
百诚医药|301096|2.10|3217700|106852576.00|1.76|5.67|-0.09|33.11|33.00|34.27|32.40|3.22|32.43|5165800|176527552.00|1|0.0000|0.0000|0.0000|0|32.43
天益医疗|301097|4.55|818400|26317596.00|2.00|6.40|1.74|32.37|31.58|32.94|31.50|0.82|30.96|1132900|36716680.00|1|0.0000|0.0000|0.0000|0|30.96
金埔园林|301098|3.88|3900665|28109504.00|2.45|6.19|1.15|7.22|7.12|7.38|7.03|3.90|6.95|6595200|47984728.00|1|0.0000|0.0000|0.0000|0|6.95
雅创电子|301099|4.19|4890871|195297248.00|2.38|7.29|0.03|40.30|39.60|41.50|38.69|4.89|38.68|6401574|258861264.00|1|0.0000|0.0000|0.0000|0|38.68
风光股份|301100|7.07|2392300|33845804.00|4.56|11.48|2.66|14.08|13.75|14.66|13.50|2.39|13.15|3156900|44373272.00|1|0.0000|0.0000|0.0000|0|13.15
明月镜片|301101|2.21|7819037|356313664.00|2.14|5.22|-2.10|45.80|45.77|47.15|43.87|7.82|44.81|9157300|428636448.00|1|0.0000|0.0000|0.0000|0|44.81
兆讯传媒|301102|6.56|6492150|58683368.00|1.87|9.25|1.87|9.10|8.70|9.33|8.70|6.49|8.54|8063324|74234024.00|1|0.0000|0.0000|0.0000|0|8.54
何氏眼科|301103|3.92|2504200|43881564.00|1.60|7.19|0.59|17.49|17.10|18.04|16.93|2.50|16.83|3219700|57889692.00|1|0.0000|0.0000|0.0000|0|16.83
鸿铭股份|301105|0.04|1864762|52464116.00|5.02|5.66|-3.68|28.29|29.70|29.88|27.24|1.86|28.28|1321300|39631836.00|1|0.0000|0.0000|0.0000|0|28.28
骏成科技|301106|3.15|1871640|45181324.00|2.13|6.39|0.00|24.20|23.96|24.96|23.46|1.87|23.46|2210582|55041440.00|1|0.0000|0.0000|0.0000|0|23.46
瑜欣电子|301107|1.23|3309537|86787032.00|-2.19|5.85|-2.23|26.30|25.41|27.50|25.40|3.31|25.98|2244700|61788896.00|1|0.0000|0.0000|0.0000|0|25.98
洁雅股份|301108|1.08|2161520|49989984.00|-3.67|2.81|-3.67|23.40|22.30|23.80|22.30|2.16|23.15|3731451|91572624.00|1|0.0000|0.0000|0.0000|0|23.15
军信股份|301109|4.19|7372500|132557752.00|2.73|6.74|1.86|17.92|17.67|18.36|17.52|7.37|17.20|9411850|169102720.00|1|0.0000|0.0000|0.0000|0|17.20
青木科技|301110|3.82|2492560|98162712.00|-0.21|6.55|-0.26|39.44|37.91|40.48|37.89|2.49|37.99|2928240|117631968.00|1|0.0000|0.0000|0.0000|0|37.99
粤万年青|301111|4.00|4287667|57776288.00|1.62|6.92|1.15|13.52|13.21|13.90|13.15|4.29|13.00|6251268|87580104.00|1|0.0000|0.0000|0.0000|0|13.00
信邦智能|301112|0.72|3095100|64563680.00|0.34|4.23|-3.61|20.95|20.87|21.68|20.05|3.10|20.80|3645400|80109728.00|1|0.0000|0.0000|0.0000|0|20.80
雅艺科技|301113|3.59|1106800|23242364.00|-0.15|7.39|-0.59|21.04|20.28|21.81|20.19|1.11|20.31|1853300|39895720.00|1|0.0000|0.0000|0.0000|0|20.31
联检科技|301115|4.02|2377100|30021410.00|1.23|5.00|1.23|12.69|12.35|12.81|12.35|2.38|12.20|3894300|50251884.00|1|0.0000|0.0000|0.0000|0|12.20
益客食品|301116|11.61|41638900|574953088.00|0.77|16.45|-2.15|14.52|13.11|15.15|12.73|41.64|13.01|37459885|477543104.00|1|0.0000|0.0000|0.0000|0|13.01
佳缘科技|301117|5.02|3468400|92029072.00|1.00|9.28|1.00|26.37|25.36|27.44|25.36|3.47|25.11|4408200|118388760.00|1|0.0000|0.0000|0.0000|0|25.11
恒光股份|301118|5.99|15655897|362471520.00|-1.04|8.61|-1.76|23.52|21.96|24.10|21.80|15.66|22.19|12323378|267391856.00|1|0.0000|0.0000|0.0000|0|22.19
正强股份|301119|-3.93|3032473|70317768.00|-0.71|2.84|-7.94|23.00|23.77|24.62|22.04|3.03|23.94|3342110|84328936.00|1|0.0000|0.0000|0.0000|0|23.94
新特电气|301120|3.36|13984150|112292000.00|1.81|6.33|1.16|8.00|7.88|8.23|7.83|13.98|7.74|19461200|160569296.00|1|0.0000|0.0000|0.0000|0|7.74
紫建电子|301121|-0.82|3326702|149447568.00|1.54|3.95|-5.20|44.99|46.06|47.15|43.00|3.33|45.36|3324199|158467248.00|1|0.0000|0.0000|0.0000|0|45.36
采纳股份|301122|0.73|2913263|52648700.00|0.17|5.19|-2.40|18.06|17.96|18.86|17.50|2.91|17.93|3012820|57967928.00|1|0.0000|0.0000|0.0000|0|17.93
奕东电子|301123|1.00|3858343|66256024.00|0.00|5.05|-2.64|17.21|17.04|17.90|16.59|3.86|17.04|5068600|91933664.00|1|0.0000|0.0000|0.0000|0|17.04
腾亚精工|301125|3.98|7398080|73358728.00|2.20|7.76|0.63|9.92|9.75|10.28|9.60|7.40|9.54|8013025|79700144.00|1|0.0000|0.0000|0.0000|0|9.54
达嘉维康|301126|4.41|8188154|79909696.00|1.08|8.49|1.08|9.71|9.40|10.09|9.40|8.19|9.30|10474806|103913480.00|1|0.0000|0.0000|0.0000|0|9.30
武汉天源|301127|1.80|15767846|212910304.00|1.88|5.71|-2.11|13.54|13.55|14.06|13.02|15.77|13.30|21373010|301882272.00|1|0.0000|0.0000|0.0000|0|13.30
强瑞技术|301128|-3.63|4575000|254696416.00|0.02|3.50|-6.69|55.00|57.08|59.07|53.25|4.58|57.07|3315400|201224000.00|1|0.0000|0.0000|0.0000|0|57.07
瑞纳智能|301129|3.97|2308140|40335532.00|0.77|7.53|0.12|17.53|16.99|18.13|16.88|2.31|16.86|2659558|47759556.00|1|0.0000|0.0000|0.0000|0|16.86
西点药业|301130|1.49|1646726|41501424.00|0.53|4.85|-1.01|25.13|24.89|25.96|24.51|1.65|24.76|2551376|66459380.00|1|0.0000|0.0000|0.0000|0|24.76
聚赛龙|301131|1.61|1432032|47114068.00|1.98|6.24|-2.25|32.90|33.02|34.40|31.65|1.43|32.38|1909900|63947016.00|1|0.0000|0.0000|0.0000|0|32.38
满坤科技|301132|1.54|2893800|61013260.00|0.05|5.30|-1.78|21.09|20.78|21.87|20.40|2.89|20.77|3246500|71453160.00|1|0.0000|0.0000|0.0000|0|20.77
金钟股份|301133|3.05|1922994|37637728.00|3.63|6.68|0.00|19.59|19.70|20.28|19.01|1.92|19.01|2793334|57438908.00|1|0.0000|0.0000|0.0000|0|19.01
瑞德智能|301135|-0.70|3639908|73016088.00|0.45|4.78|-3.83|19.95|20.18|21.05|19.32|3.64|20.09|3746600|79470296.00|1|0.0000|0.0000|0.0000|0|20.09
招标股份|301136|5.24|8354400|84300016.00|2.62|7.85|1.05|10.05|9.80|10.30|9.65|8.35|9.55|9770300|100421360.00|1|0.0000|0.0000|0.0000|0|9.55
哈焊华通|301137|7.64|16305960|331147168.00|3.27|11.91|3.27|20.42|19.59|21.23|19.59|16.31|18.97|17245704|340884032.00|1|0.0000|0.0000|0.0000|0|18.97
华研精机|301138|20.01|3406600|91495976.00|11.12|20.01|10.68|27.53|25.49|27.53|25.39|3.41|22.94|2973796|72361240.00|1|0.0000|0.0000|0.0000|0|22.94
元道通信|301139|1.66|12610100|356396704.00|1.19|5.51|-3.57|28.21|28.08|29.28|26.76|12.61|27.75|16920888|489860736.00|1|0.0000|0.0000|0.0000|0|27.75
中科磁业|301141|6.90|8699200|331590464.00|-5.37|9.79|-10.98|39.64|35.09|40.71|33.01|8.70|37.08|7671906|298783136.00|1|0.0000|0.0000|0.0000|0|37.08
嘉戎技术|301148|4.10|2120957|36106420.00|1.65|7.10|1.59|17.00|16.60|17.49|16.59|2.12|16.33|2904640|49046576.00|1|0.0000|0.0000|0.0000|0|16.33
隆华新材|301149|2.82|8915614|81742072.00|1.58|7.33|0.11|9.12|9.01|9.52|8.88|8.92|8.87|11720453|111194336.00|1|0.0000|0.0000|0.0000|0|8.87
中一科技|301150|3.27|2781770|46800012.00|3.52|7.35|0.80|16.72|16.76|17.38|16.32|2.78|16.19|4210586|72904832.00|1|0.0000|0.0000|0.0000|0|16.19
冠龙节能|301151|5.45|3655693|47903388.00|2.49|7.86|2.00|13.15|12.78|13.45|12.72|3.66|12.47|4893993|65089912.00|1|0.0000|0.0000|0.0000|0|12.47
天力锂能|301152|1.48|3715727|73987096.00|0.05|4.95|-2.09|19.90|19.62|20.58|19.20|3.72|19.61|4653757|97308024.00|1|0.0000|0.0000|0.0000|0|19.61
中科江南|301153|5.25|6993497|162601408.00|0.41|9.33|0.32|23.24|22.17|24.14|22.15|6.99|22.08|7937268|184232336.00|1|0.0000|0.0000|0.0000|0|22.08
海力风电|301155|2.04|2913702|164869216.00|1.01|5.24|-0.18|56.43|55.86|58.20|55.20|2.91|55.30|3742557|215378192.00|1|0.0000|0.0000|0.0000|0|55.30
美农生物|301156|19.98|22731141|589532608.00|11.76|19.98|8.99|26.84|25.00|26.84|24.38|22.73|22.37|13670314|305804928.00|1|0.0000|0.0000|0.0000|0|22.37
华塑科技|301157|0.00|1634948|65392572.00|0.00|4.14|-3.06|39.85|39.85|41.50|38.63|1.63|39.85|2123800|88774416.00|1|0.0000|0.0000|0.0000|0|39.85
德石股份|301158|5.39|12253158|173341312.00|2.54|9.13|2.32|14.08|13.70|14.58|13.67|12.25|13.36|13003858|185786816.00|1|0.0000|0.0000|0.0000|0|13.36
三维天地|301159|4.76|2151500|54363880.00|1.41|8.77|0.58|25.31|24.50|26.28|24.30|2.15|24.16|2613900|67801616.00|1|0.0000|0.0000|0.0000|0|24.16
翔楼新材|301160|-1.77|4635265|327511328.00|-0.93|2.51|-5.05|70.40|71.00|73.47|68.05|4.64|71.67|5179461|385928608.00|1|0.0000|0.0000|0.0000|0|71.67
唯万密封|301161|4.13|5588137|101690744.00|1.32|8.60|0.34|18.16|17.67|18.94|17.50|5.59|17.44|6723066|124760168.00|1|0.0000|0.0000|0.0000|0|17.44
国能日新|301162|3.00|2862200|141412352.00|2.23|5.70|-0.42|49.50|49.13|50.80|47.86|2.86|48.06|4503920|219701552.00|1|0.0000|0.0000|0.0000|0|48.06
宏德股份|301163|1.46|2563716|48324432.00|3.03|6.45|-1.95|18.73|19.02|19.65|18.10|2.56|18.46|2773900|54238156.00|1|0.0000|0.0000|0.0000|0|18.46
锐捷网络|301165|1.95|6446506|388500672.00|1.88|6.13|-1.31|60.04|60.00|62.50|58.12|6.45|58.89|8594129|527330240.00|1|0.0000|0.0000|0.0000|0|58.89
优宁维|301166|2.71|1587625|42208028.00|0.81|6.59|0.35|26.50|26.01|27.50|25.89|1.59|25.80|2286000|62633316.00|1|0.0000|0.0000|0.0000|0|25.80
建研设计|301167|4.75|3083907|37225916.00|0.86|7.34|0.60|12.13|11.68|12.43|11.65|3.08|11.58|3739120|44638072.00|1|0.0000|0.0000|0.0000|0|11.58
通灵股份|301168|2.93|2420300|57744120.00|-0.43|5.73|-0.43|23.90|23.12|24.55|23.12|2.42|23.22|3621600|90551328.00|1|0.0000|0.0000|0.0000|0|23.22
零点有数|301169|5.44|2102400|70262040.00|1.73|6.12|0.09|34.10|32.90|34.32|32.37|2.10|32.34|3236000|111722592.00|1|0.0000|0.0000|0.0000|0|32.34
锡南科技|301170|1.99|2135648|43724664.00|2.04|5.51|-0.74|20.54|20.55|21.25|19.99|2.14|20.14|3282000|69514496.00|1|0.0000|0.0000|0.0000|0|20.14
易点天下|301171|2.86|26535073|558886400.00|1.60|4.99|-1.11|21.24|20.98|21.68|20.42|26.54|20.65|23908134|518405472.00|1|0.0000|0.0000|0.0000|0|20.65
君逸数码|301172|4.28|3150640|72898760.00|4.74|9.15|1.14|22.90|23.00|23.97|22.21|3.15|21.96|3651474|85787232.00|1|0.0000|0.0000|0.0000|0|21.96
毓恬冠佳|301173|1.84|1762236|81580456.00|0.91|5.77|-0.47|45.92|45.50|47.69|44.88|1.76|45.09|2752799|134571584.00|1|0.0000|0.0000|0.0000|0|45.09
中科环保|301175|3.10|69183553|367596608.00|0.00|5.43|-0.58|5.32|5.16|5.44|5.13|69.18|5.16|91995070|497646592.00|1|0.0000|0.0000|0.0000|0|5.16
逸豪新材|301176|-1.13|4161357|58667456.00|0.00|3.94|-4.57|14.06|14.22|14.78|13.57|4.16|14.22|3773800|56318592.00|1|0.0000|0.0000|0.0000|0|14.22
迪阿股份|301177|4.90|2365319|57258644.00|1.26|8.33|1.26|24.19|23.35|24.98|23.35|2.37|23.06|3115266|76892656.00|1|0.0000|0.0000|0.0000|0|23.06
天亿马|301178|1.58|3323001|91421408.00|0.22|7.07|-3.50|27.57|27.20|29.06|26.19|3.32|27.14|4743700|138205024.00|1|0.0000|0.0000|0.0000|0|27.14
泽宇智能|301179|4.05|6081232|90970584.00|1.26|7.19|1.26|14.91|14.51|15.36|14.51|6.08|14.33|7639104|117000392.00|1|0.0000|0.0000|0.0000|0|14.33
万祥科技|301180|2.25|5363244|58295936.00|2.72|5.91|-0.38|10.90|10.95|11.29|10.62|5.36|10.66|6008200|67782832.00|1|0.0000|0.0000|0.0000|0|10.66
标榜股份|301181|2.50|2178862|43080792.00|1.62|7.24|0.05|19.67|19.50|20.58|19.20|2.18|19.19|3100100|62670400.00|1|0.0000|0.0000|0.0000|0|19.19
凯旺科技|301182|2.49|2943540|83167912.00|-1.21|7.46|-1.21|28.01|27.00|29.37|27.00|2.94|27.33|2844309|82184520.00|1|0.0000|0.0000|0.0000|0|27.33
东田微|301183|1.49|2586600|102368616.00|-0.15|5.75|-2.21|39.54|38.90|41.20|38.10|2.59|38.96|2789400|115162096.00|1|0.0000|0.0000|0.0000|0|38.96
鸥玛软件|301185|2.97|5247900|79812832.00|1.15|6.62|-0.34|15.24|14.97|15.78|14.75|5.25|14.80|6263167|98574208.00|1|0.0000|0.0000|0.0000|0|14.80
超达装备|301186|1.29|1239961|40865460.00|-0.99|5.73|-1.85|32.90|32.16|34.34|31.88|1.24|32.48|2222222|76572512.00|1|0.0000|0.0000|0.0000|0|32.48
欧圣电气|301187|5.99|5625000|157111264.00|1.77|7.43|1.77|28.12|27.00|28.50|27.00|5.62|26.53|7792276|223649968.00|1|0.0000|0.0000|0.0000|0|26.53
力诺药包|301188|0.80|4479656|72142976.00|0.00|3.77|-3.58|16.31|16.18|16.79|15.60|4.48|16.18|7161525|119401280.00|1|0.0000|0.0000|0.0000|0|16.18
奥尼电子|301189|2.40|1937270|39023544.00|0.51|6.38|-0.31|20.07|19.70|20.85|19.54|1.94|19.60|3308400|68995264.00|1|0.0000|0.0000|0.0000|0|19.60
善水科技|301190|3.05|6992951|131679152.00|0.78|7.36|0.78|18.61|18.20|19.39|18.20|6.99|18.06|8175933|156580064.00|1|0.0000|0.0000|0.0000|0|18.06
菲菱科思|301191|1.21|2035581|168602448.00|0.98|6.71|-2.34|82.20|82.02|86.67|79.32|2.04|81.22|2493987|215665520.00|1|0.0000|0.0000|0.0000|0|81.22
泰祥股份|301192|0.13|2340850|37063572.00|-0.25|3.15|-3.59|15.90|15.84|16.38|15.31|2.34|15.88|2796300|44408884.00|1|0.0000|0.0000|0.0000|0|15.88
家联科技|301193|3.78|1218800|17316848.00|1.82|6.10|0.65|14.28|14.01|14.60|13.85|1.22|13.76|2176060|31427612.00|1|0.0000|0.0000|0.0000|0|13.76
北路智控|301195|3.57|2338236|66426444.00|2.15|7.11|0.15|28.40|28.01|29.37|27.46|2.34|27.42|2975400|86119960.00|1|0.0000|0.0000|0.0000|0|27.42
唯科科技|301196|-2.12|5204737|211181680.00|0.38|2.67|-5.72|40.71|41.75|42.70|39.21|5.20|41.59|3898300|171276592.00|1|0.0000|0.0000|0.0000|0|41.59
工大科雅|301197|5.37|3028462|39086292.00|3.09|8.71|2.61|12.94|12.66|13.35|12.60|3.03|12.28|4369500|57372928.00|1|0.0000|0.0000|0.0000|0|12.28
喜悦智行|301198|2.42|4926694|41812180.00|0.85|6.90|-0.61|8.46|8.33|8.83|8.21|4.93|8.26|5701825|50196828.00|1|0.0000|0.0000|0.0000|0|8.26
迈赫股份|301199|1.84|3370700|91028272.00|2.36|5.32|-2.66|27.17|27.31|28.10|25.97|3.37|26.68|4264500|119258424.00|1|0.0000|0.0000|0.0000|0|26.68
大族数控|301200|2.36|2002241|67243120.00|1.29|6.44|0.21|33.36|33.01|34.69|32.66|2.00|32.59|2444646|84083080.00|1|0.0000|0.0000|0.0000|0|32.59
诚达药业|301201|1.48|11210091|243667424.00|0.42|4.75|-3.37|21.99|21.76|22.70|20.94|11.21|21.67|12851471|280487200.00|1|0.0000|0.0000|0.0000|0|21.67
朗威股份|301202|1.64|4127000|141411248.00|1.19|6.13|-3.10|34.15|34.00|35.66|32.56|4.13|33.60|3663694|130660880.00|1|0.0000|0.0000|0.0000|0|33.60
国泰环保|301203|3.50|688909|18607064.00|1.98|4.07|1.03|27.20|26.80|27.35|26.55|0.69|26.28|1240300|34294936.00|1|0.0000|0.0000|0.0000|0|26.28
联特科技|301205|0.63|2995680|162325264.00|0.00|4.75|-2.11|53.99|53.65|56.20|52.52|3.00|53.65|3440620|194343104.00|1|0.0000|0.0000|0.0000|0|53.65
三元生物|301206|3.25|1865129|45837832.00|0.83|4.17|0.42|24.78|24.20|25.00|24.10|1.87|24.00|3819009|94018408.00|1|0.0000|0.0000|0.0000|0|24.00
华兰疫苗|301207|4.53|5586210|87216992.00|1.20|6.19|1.20|15.70|15.20|15.95|15.20|5.59|15.02|6465760|101610600.00|1|0.0000|0.0000|0.0000|0|15.02
中亦科技|301208|3.81|4805520|149860400.00|1.92|7.42|-0.56|31.34|30.77|32.43|30.02|4.81|30.19|5045760|162807472.00|1|0.0000|0.0000|0.0000|0|30.19
联合化学|301209|14.68|3924693|143742176.00|0.00|14.68|-3.88|38.99|34.00|38.99|32.68|3.92|34.00|2667493|93052272.00|1|0.0000|0.0000|0.0000|0|34.00
金杨精密|301210|1.18|3410405|140774832.00|0.59|5.05|-1.98|41.29|41.05|42.87|40.00|3.41|40.81|4174712|177292688.00|1|0.0000|0.0000|0.0000|0|40.81
亨迪药业|301211|2.71|7502832|113547584.00|0.61|5.83|-0.07|15.16|14.85|15.62|14.75|7.50|14.76|10482125|164471632.00|1|0.0000|0.0000|0.0000|0|14.76
联盛化学|301212|6.43|4072737|81509104.00|1.74|8.75|0.79|20.20|19.31|20.64|19.13|4.07|18.98|3858651|78285440.00|1|0.0000|0.0000|0.0000|0|18.98
观想科技|301213|1.78|1336900|56908608.00|1.88|5.15|0.00|42.28|42.32|43.68|41.54|1.34|41.54|2044600|89116632.00|1|0.0000|0.0000|0.0000|0|41.54
中汽股份|301215|3.05|13859996|70042080.00|0.61|5.08|0.61|5.07|4.95|5.17|4.95|13.86|4.92|25624099|131838288.00|1|0.0000|0.0000|0.0000|0|4.92
万凯新材|301216|4.97|9931970|113822344.00|2.94|10.30|2.48|11.41|11.19|11.99|11.14|9.93|10.87|13733521|160355872.00|1|0.0000|0.0000|0.0000|0|10.87
铜冠铜箔|301217|3.46|9704974|87686072.00|1.38|7.73|1.38|8.97|8.79|9.34|8.79|9.70|8.67|13602136|125520600.00|1|0.0000|0.0000|0.0000|0|8.67
华是科技|301218|3.41|4895250|84882984.00|0.06|8.36|-0.24|17.31|16.75|18.14|16.70|4.90|16.74|5156250|91832080.00|1|0.0000|0.0000|0.0000|0|16.74
腾远钴业|301219|2.67|8551718|370146336.00|1.70|6.20|-0.12|43.41|43.00|44.90|42.23|8.55|42.28|10108496|454171104.00|1|0.0000|0.0000|0.0000|0|42.28
亚香股份|301220|0.94|4488120|310400768.00|3.09|6.77|-2.50|68.54|70.00|72.50|66.20|4.49|67.90|5821420|419359744.00|1|0.0000|0.0000|0.0000|0|67.90
光庭信息|301221|2.48|3020800|118698336.00|0.63|5.80|0.00|39.21|38.50|40.48|38.26|3.02|38.26|3333700|137037408.00|1|0.0000|0.0000|0.0000|0|38.26
浙江恒威|301222|3.35|1108480|25707406.00|2.59|7.01|0.49|23.16|22.99|23.98|22.52|1.11|22.41|2105760|50091732.00|1|0.0000|0.0000|0.0000|0|22.41
中荣股份|301223|2.77|965890|14635264.00|0.14|4.33|0.14|15.19|14.80|15.42|14.80|0.97|14.78|2380625|36730700.00|1|0.0000|0.0000|0.0000|0|14.78
恒勃股份|301225|2.73|3681543|116702128.00|-0.68|6.53|-0.68|31.61|30.56|32.78|30.56|3.68|30.77|4120158|134488096.00|1|0.0000|0.0000|0.0000|0|30.77
祥明智能|301226|0.44|4282700|96840872.00|1.20|5.19|-3.42|22.63|22.80|23.70|21.76|4.28|22.53|3866959|91375208.00|1|0.0000|0.0000|0.0000|0|22.53
森鹰窗业|301227|4.25|1973168|30114810.00|0.00|5.94|-0.20|15.44|14.81|15.69|14.78|1.97|14.81|2736812|42130344.00|1|0.0000|0.0000|0.0000|0|14.81
实朴检测|301228|9.80|6527500|126323920.00|6.44|11.37|5.04|19.60|19.00|19.88|18.75|6.53|17.85|7568467|142713392.00|1|0.0000|0.0000|0.0000|0|17.85
纽泰格|301229|2.18|3971570|79227704.00|4.77|8.50|-1.55|19.72|20.22|20.94|19.00|3.97|19.30|5139822|105596336.00|1|0.0000|0.0000|0.0000|0|19.30
泓博医药|301230|1.11|5369695|136435984.00|0.40|5.43|-3.05|25.50|25.32|26.59|24.45|5.37|25.22|5744094|154708768.00|1|0.0000|0.0000|0.0000|0|25.22
荣信文化|301231|7.69|5655629|115417752.00|-0.97|9.33|-1.23|21.00|19.31|21.32|19.26|5.66|19.50|7414998|155448240.00|1|0.0000|0.0000|0.0000|0|19.50
飞沃科技|301232|3.19|1581100|34408696.00|-0.10|7.57|-0.38|21.67|20.98|22.59|20.92|1.58|21.00|2351453|52144340.00|1|0.0000|0.0000|0.0000|0|21.00
盛帮股份|301233|2.18|1153500|45827344.00|1.14|6.89|-0.54|39.45|39.05|41.27|38.40|1.15|38.61|1888200|76867136.00|1|0.0000|0.0000|0.0000|0|38.61
五洲医疗|301234|1.00|1029500|25015636.00|1.00|4.69|-1.54|24.33|24.33|25.22|23.72|1.03|24.09|1746500|42810852.00|1|0.0000|0.0000|0.0000|0|24.09
华康洁净|301235|1.43|2283041|42002472.00|-0.05|4.40|-1.10|18.45|18.18|18.99|17.99|2.28|18.19|4213700|77381656.00|1|0.0000|0.0000|0.0000|0|18.19
软通动力|301236|3.92|35052448|1742439680.00|1.87|6.35|1.06|49.88|48.90|51.05|48.51|35.05|48.00|48779656|2429060864.00|1|0.0000|0.0000|0.0000|0|48.00
和顺科技|301237|2.20|824700|16896008.00|-0.05|6.05|-0.55|20.44|19.99|21.21|19.89|0.82|20.00|1795609|38937000.00|1|0.0000|0.0000|0.0000|0|20.00
瑞泰新材|301238|4.31|14275236|217298432.00|0.55|7.93|0.55|15.25|14.70|15.78|14.70|14.28|14.62|17493257|270108032.00|1|0.0000|0.0000|0.0000|0|14.62
普瑞眼科|301239|6.21|4368909|178666048.00|1.86|9.39|1.11|41.19|39.50|42.42|39.21|4.37|38.78|4249600|170007808.00|1|0.0000|0.0000|0.0000|0|38.78
宏源药业|301246|5.06|5873340|73180272.00|1.35|7.85|0.84|12.45|12.01|12.78|11.95|5.87|11.85|8512935|108636632.00|1|0.0000|0.0000|0.0000|0|11.85
杰创智能|301248|1.19|8368700|143080528.00|-0.12|7.45|-3.40|16.97|16.75|18.02|16.20|8.37|16.77|8532435|152810576.00|1|0.0000|0.0000|0.0000|0|16.77
威尔高|301251|-1.43|6673901|179721568.00|0.07|3.80|-6.29|26.96|27.37|28.39|25.63|6.67|27.35|5956754|171208816.00|1|0.0000|0.0000|0.0000|0|27.35
同星科技|301252|1.03|2741985|75062312.00|-0.04|4.58|-2.93|27.58|27.29|28.55|26.50|2.74|27.30|2726000|78407136.00|1|0.0000|0.0000|0.0000|0|27.30
通力科技|301255|2.67|3543222|120389064.00|1.32|5.58|-1.38|34.25|33.80|35.22|32.90|3.54|33.36|4323400|154012800.00|1|0.0000|0.0000|0.0000|0|33.36
华融化学|301256|20.00|74384134|1053440832.00|-2.30|20.00|-2.30|15.66|12.75|15.66|12.75|74.38|13.05|69001350|858433216.00|1|0.0000|0.0000|0.0000|0|13.05
普蕊斯|301257|2.43|3446519|93751768.00|1.93|7.96|-0.45|27.03|26.90|28.49|26.27|3.45|26.39|4764210|134601376.00|1|0.0000|0.0000|0.0000|0|26.39
富士莱|301258|2.68|3130714|71382856.00|1.63|6.13|0.86|22.63|22.40|23.39|22.23|3.13|22.04|4452745|102023840.00|1|0.0000|0.0000|0.0000|0|22.04
艾布鲁|301259|0.38|4512783|140145808.00|0.71|4.81|-3.24|31.30|31.40|32.68|30.17|4.51|31.18|4407240|145434544.00|1|0.0000|0.0000|0.0000|0|31.18
格力博|301260|4.45|6958765|83997008.00|0.00|6.25|-0.60|12.20|11.68|12.41|11.61|6.96|11.68|8141700|101164304.00|1|0.0000|0.0000|0.0000|0|11.68
恒工精密|301261|4.14|4985500|363106016.00|2.56|8.24|1.67|72.50|71.40|75.36|70.78|4.99|69.62|6359500|476550880.00|1|0.0000|0.0000|0.0000|0|69.62
海看股份|301262|5.16|3574266|75429608.00|2.76|9.17|2.36|20.98|20.50|21.78|20.42|3.57|19.95|4030666|85607184.00|1|0.0000|0.0000|0.0000|0|19.95
泰恩康|301263|4.47|7192680|128247760.00|0.00|6.22|0.00|17.98|17.21|18.28|17.21|7.19|17.21|11003911|199055344.00|1|0.0000|0.0000|0.0000|0|17.21
华新环保|301265|3.36|3447955|27693586.00|1.29|6.59|1.29|8.00|7.84|8.25|7.84|3.45|7.74|5298782|43256860.00|1|0.0000|0.0000|0.0000|0|7.74
宇邦新材|301266|1.99|3759288|107275560.00|1.99|5.47|-1.99|28.72|28.72|29.70|27.60|3.76|28.16|4286900|128561136.00|1|0.0000|0.0000|0.0000|0|28.16
华厦眼科|301267|4.96|8301900|155282640.00|2.06|5.57|2.06|18.85|18.33|18.96|18.33|8.30|17.96|10969446|202270048.00|1|0.0000|0.0000|0.0000|0|17.96
铭利达|301268|4.18|4793966|72698640.00|2.54|8.16|1.03|15.20|14.96|15.78|14.74|4.79|14.59|4799690|75005744.00|1|0.0000|0.0000|0.0000|0|14.59
华大九天|301269|8.69|10705321|1213765120.00|1.76|9.11|0.93|116.30|108.88|116.75|108.00|10.71|107.00|10350949|1161053952.00|1|0.0000|0.0000|0.0000|0|107.00
汉仪股份|301270|1.25|4087359|115922104.00|3.65|6.43|-3.32|28.33|29.00|29.78|27.05|4.09|27.98|3792859|112029552.00|1|0.0000|0.0000|0.0000|0|27.98
英华特|301272|2.50|2878246|99682440.00|0.88|4.29|-2.82|34.85|34.30|35.46|33.04|2.88|34.00|4575170|163778144.00|1|0.0000|0.0000|0.0000|0|34.00
瑞晨环保|301273|4.87|1393177|25634366.00|0.45|7.36|0.45|18.53|17.75|18.97|17.75|1.39|17.67|1724100|32357596.00|1|0.0000|0.0000|0.0000|0|17.67
汉朔科技|301275|-2.28|5073200|270891296.00|-0.04|3.44|-5.31|52.79|54.00|55.88|51.15|5.07|54.02|5401263|305990400.00|1|0.0000|0.0000|0.0000|0|54.02
嘉曼服饰|301276|-1.53|2692100|52125740.00|0.31|1.22|-3.15|19.37|19.73|19.91|19.05|2.69|19.67|3043745|60163216.00|1|0.0000|0.0000|0.0000|0|19.67
新天地|301277|3.56|16957591|279361632.00|2.61|8.66|0.89|16.27|16.12|17.07|15.85|16.96|15.71|19368855|313444992.00|1|0.0000|0.0000|0.0000|0|15.71
快可电子|301278|4.56|1552790|44309300.00|2.04|7.40|1.90|28.68|27.99|29.46|27.95|1.55|27.43|2527030|73853800.00|1|0.0000|0.0000|0.0000|0|27.43
金道科技|301279|-2.81|4244700|85555376.00|0.99|4.24|-5.27|19.72|20.49|21.15|19.22|4.24|20.29|4473700|93907040.00|1|0.0000|0.0000|0.0000|0|20.29
珠城科技|301280|2.20|3261160|152664352.00|2.00|6.31|-1.32|46.50|46.41|48.37|44.90|3.26|45.50|2930866|143061344.00|1|0.0000|0.0000|0.0000|0|45.50
科源制药|301281|5.49|2879668|78235448.00|0.94|9.82|0.94|27.07|25.90|28.18|25.90|2.88|25.66|3423428|93696392.00|1|0.0000|0.0000|0.0000|0|25.66
金禄电子|301282|0.57|5119600|90875744.00|1.19|4.75|-3.85|17.78|17.89|18.52|17.00|5.12|17.68|6288167|117888616.00|1|0.0000|0.0000|0.0000|0|17.68
聚胶股份|301283|4.13|1158133|26410022.00|2.23|6.68|0.91|22.92|22.50|23.48|22.21|1.16|22.01|2111833|49451704.00|1|0.0000|0.0000|0.0000|0|22.01
鸿日达|301285|-3.18|4816925|124926888.00|0.00|4.47|-5.00|25.56|26.40|27.58|25.08|4.82|26.40|7755674|204888048.00|1|0.0000|0.0000|0.0000|0|26.40
侨源股份|301286|1.79|1385000|34401512.00|3.95|7.98|0.04|24.48|25.00|25.97|24.06|1.39|24.05|2038900|52591528.00|1|0.0000|0.0000|0.0000|0|24.05
康力源|301287|3.01|1187000|30875052.00|0.99|7.59|0.16|26.04|25.53|27.20|25.32|1.19|25.28|1655250|44620600.00|1|0.0000|0.0000|0.0000|0|25.28
*ST清研|301288|5.71|2616915|28029328.00|3.45|8.37|2.66|10.73|10.50|11.00|10.42|2.62|10.15|3148202|34049728.00|1|0.0000|0.0000|0.0000|0|10.15
国缆检测|301289|4.56|2340650|98001520.00|4.24|7.26|1.55|41.93|41.80|43.01|40.72|2.34|40.10|3229438|137628352.00|1|0.0000|0.0000|0.0000|0|40.10
东星医疗|301290|1.91|1614226|34289956.00|-1.57|3.91|-2.05|21.38|20.65|21.80|20.55|1.61|20.98|2772178|60195760.00|1|0.0000|0.0000|0.0000|0|20.98
明阳电气|301291|3.19|4245538|167283984.00|0.65|6.21|0.29|39.41|38.44|40.56|38.30|4.25|38.19|4440159|174948368.00|1|0.0000|0.0000|0.0000|0|38.19
海科新源|301292|4.62|2750800|33253980.00|2.09|10.03|2.01|11.99|11.70|12.61|11.69|2.75|11.46|3708300|45630024.00|1|0.0000|0.0000|0.0000|0|11.46
三博脑科|301293|2.88|10573076|442495936.00|2.32|6.93|0.20|41.74|41.51|43.38|40.65|10.57|40.57|14103337|604246720.00|1|0.0000|0.0000|0.0000|0|40.57
美硕科技|301295|3.89|1411681|26020314.00|2.03|7.26|1.13|18.45|18.12|19.05|17.96|1.41|17.76|2413560|45490256.00|1|0.0000|0.0000|0.0000|0|17.76
新巨丰|301296|2.68|3573727|29838230.00|-0.61|3.53|-1.10|8.43|8.16|8.50|8.12|3.57|8.21|8258271|69742056.00|1|0.0000|0.0000|0.0000|0|8.21
富乐德|301297|6.47|11757238|414705888.00|1.95|8.90|1.92|35.52|34.01|36.33|34.00|11.76|33.36|13028977|467111296.00|1|0.0000|0.0000|0.0000|0|33.36
东利机械|301298|3.24|9375140|122445208.00|2.05|6.55|-0.55|13.08|12.93|13.50|12.60|9.38|12.67|12347108|164146752.00|1|0.0000|0.0000|0.0000|0|12.67
卓创资讯|301299|3.07|2152600|110266624.00|0.77|6.84|0.02|51.11|49.97|52.98|49.60|2.15|49.59|2870300|149786144.00|1|0.0000|0.0000|0.0000|0|49.59
远翔新材|301300|1.30|3312000|92771024.00|1.05|6.41|-2.97|27.98|27.91|29.39|26.80|3.31|27.62|4174265|120511312.00|1|0.0000|0.0000|0.0000|0|27.62
川宁生物|301301|6.20|44245029|531794080.00|2.71|7.85|1.75|12.17|11.77|12.36|11.66|44.25|11.46|54548488|656811968.00|1|0.0000|0.0000|0.0000|0|11.46
华如科技|301302|5.13|5178550|96931424.00|1.02|9.70|1.02|18.64|17.91|19.45|17.91|5.18|17.73|6769742|129381672.00|1|0.0000|0.0000|0.0000|0|17.73
真兰仪表|301303|3.50|3186100|37791748.00|2.01|7.01|0.79|11.82|11.65|12.22|11.51|3.19|11.42|4797560|58133284.00|1|0.0000|0.0000|0.0000|0|11.42
朗坤科技|301305|3.34|3540200|52935636.00|2.51|6.61|1.67|14.85|14.73|15.32|14.61|3.54|14.37|4458453|68684600.00|1|0.0000|0.0000|0.0000|0|14.37
西测测试|301306|8.23|3027738|100571072.00|1.91|9.75|1.91|33.41|31.46|33.88|31.46|3.03|30.87|3373730|111040064.00|1|0.0000|0.0000|0.0000|0|30.87
美利信|301307|4.43|8811800|172664448.00|1.55|9.35|0.96|19.55|19.01|20.47|18.90|8.81|18.72|12894700|257648960.00|1|0.0000|0.0000|0.0000|0|18.72
江波龙|301308|-0.79|11672324|849337728.00|2.36|5.55|-3.41|71.91|74.19|76.50|70.01|11.67|72.48|10693548|830498816.00|1|0.0000|0.0000|0.0000|0|72.48
万得凯|301309|2.80|1511300|33287440.00|1.07|6.35|0.05|22.03|21.66|22.79|21.44|1.51|21.43|2421259|55098764.00|1|0.0000|0.0000|0.0000|0|21.43
鑫宏业|301310|2.72|3269744|83811448.00|2.12|6.81|-0.76|25.65|25.50|26.67|24.78|3.27|24.97|4139755|111334152.00|1|0.0000|0.0000|0.0000|0|24.97
昆船智能|301311|4.50|5697432|85960152.00|1.25|7.62|1.25|15.08|14.61|15.53|14.61|5.70|14.43|7140432|110034384.00|1|0.0000|0.0000|0.0000|0|14.43
智立方|301312|1.77|2437840|84166056.00|1.86|5.14|-0.41|34.44|34.47|35.58|33.70|2.44|33.84|2884380|102368200.00|1|0.0000|0.0000|0.0000|0|33.84
凡拓数创|301313|3.22|3240854|62892896.00|0.59|8.01|0.59|19.21|18.72|20.10|18.72|3.24|18.61|4329300|86307568.00|1|0.0000|0.0000|0.0000|0|18.61
科瑞思|301314|5.81|1026740|30868392.00|3.87|9.82|2.01|30.05|29.50|31.19|28.97|1.03|28.40|1399980|42451048.00|1|0.0000|0.0000|0.0000|0|28.40
威士顿|301315|4.90|3430726|144828192.00|4.35|8.53|1.14|42.20|41.98|43.66|40.69|3.43|40.23|3494740|149483232.00|1|0.0000|0.0000|0.0000|0|40.23
慧博云通|301316|5.68|17650443|353543424.00|0.00|8.23|0.00|20.29|19.20|20.78|19.20|17.65|19.20|17549450|356099072.00|1|0.0000|0.0000|0.0000|0|19.20
鑫磊股份|301317|5.26|1446800|24982664.00|6.84|8.05|1.03|17.40|17.66|17.86|16.70|1.45|16.53|2750036|49776176.00|1|0.0000|0.0000|0.0000|0|16.53
维海德|301318|1.31|2694663|65265764.00|-0.38|5.95|-1.39|24.02|23.62|25.12|23.38|2.69|23.71|2925400|73450384.00|1|0.0000|0.0000|0.0000|0|23.71
唯特偶|301319|-3.23|7139618|214140704.00|-1.68|2.90|-7.14|29.40|29.87|31.26|28.21|7.14|30.38|6172873|199105344.00|1|0.0000|0.0000|0.0000|0|30.38
豪江智能|301320|0.74|6949500|94531392.00|2.23|4.82|-2.45|13.58|13.78|14.13|13.15|6.95|13.48|7242700|103499720.00|1|0.0000|0.0000|0.0000|0|13.48
翰博高新|301321|0.00|6580351|76486904.00|1.47|4.75|-3.63|11.58|11.75|12.13|11.16|6.58|11.58|7791711|94324608.00|1|0.0000|0.0000|0.0000|0|11.58
绿通科技|301322|2.75|2218870|46521972.00|1.52|6.04|-0.10|20.93|20.68|21.60|20.35|2.22|20.37|3493623|75608936.00|1|0.0000|0.0000|0.0000|0|20.37
新莱福|301323|4.95|2545700|84339064.00|0.06|5.20|-0.40|33.91|32.33|33.99|32.18|2.55|32.31|3062489|104541488.00|1|0.0000|0.0000|0.0000|0|32.31
曼恩斯特|301325|-0.09|6208549|291309888.00|-1.17|4.71|-3.98|46.93|46.42|49.18|45.10|6.21|46.97|5781920|287953408.00|1|0.0000|0.0000|0.0000|0|46.97
捷邦科技|301326|-3.56|2222100|108017504.00|-3.52|3.60|-7.22|48.50|48.52|52.10|46.66|2.22|50.29|1258606|66098040.00|1|0.0000|0.0000|0.0000|0|50.29
华宝新能|301327|2.55|1997028|116697104.00|-0.47|3.92|-1.61|59.07|57.33|59.86|56.67|2.00|57.60|2610635|156906816.00|1|0.0000|0.0000|0.0000|0|57.60
维峰电子|301328|1.20|2718997|89193184.00|1.88|4.68|-2.62|32.86|33.08|33.99|31.62|2.72|32.47|3830350|130922240.00|1|0.0000|0.0000|0.0000|0|32.47
信音电子|301329|2.20|3539900|57531952.00|1.64|6.04|-1.19|16.25|16.16|16.86|15.71|3.54|15.90|4869426|81890816.00|1|0.0000|0.0000|0.0000|0|15.90
熵基科技|301330|3.09|4598365|104781000.00|1.86|8.09|0.18|22.67|22.40|23.77|22.03|4.60|21.99|4521726|106216992.00|1|0.0000|0.0000|0.0000|0|21.99
恩威医药|301331|3.36|2625036|62649392.00|1.12|5.51|0.26|24.00|23.48|24.50|23.28|2.63|23.22|4825044|116930640.00|1|0.0000|0.0000|0.0000|0|23.22
德尔玛|301332|2.85|6067100|54886148.00|0.80|5.47|0.23|9.03|8.85|9.26|8.80|6.07|8.78|10436600|97621176.00|1|0.0000|0.0000|0.0000|0|8.78
诺思格|301333|3.08|3654000|167650608.00|1.59|7.13|-1.07|46.15|45.48|47.96|44.29|3.65|44.77|3987581|188870160.00|1|0.0000|0.0000|0.0000|0|44.77
天元宠物|301335|2.13|3717127|71714792.00|1.23|6.34|-0.27|19.17|19.00|19.96|18.72|3.72|18.77|4614307|91301712.00|1|0.0000|0.0000|0.0000|0|18.77
趣睡科技|301336|0.71|2752700|177673904.00|-0.56|4.35|-6.78|65.04|64.22|67.39|60.20|2.75|64.58|2959900|204212304.00|1|0.0000|0.0000|0.0000|0|64.58
亚华电子|301337|3.79|2371000|57106732.00|0.52|7.50|0.52|24.07|23.31|24.93|23.31|2.37|23.19|3116400|77156384.00|1|0.0000|0.0000|0.0000|0|23.19
凯格精机|301338|4.33|2417660|70954160.00|2.36|8.66|1.18|29.16|28.61|30.37|28.28|2.42|27.95|3834808|117155304.00|1|0.0000|0.0000|0.0000|0|27.95
通行宝|301339|2.48|9733159|198810400.00|3.54|8.20|-0.40|20.25|20.46|21.38|19.68|9.73|19.76|13570050|287058080.00|1|0.0000|0.0000|0.0000|0|19.76
涛涛车业|301345|2.80|1764312|97162608.00|1.99|5.64|-0.50|55.40|54.96|56.93|53.62|1.76|53.89|2478747|141031888.00|1|0.0000|0.0000|0.0000|0|53.89
蓝箭电子|301348|2.10|9713292|223372576.00|2.77|6.34|-1.07|22.85|23.00|23.80|22.14|9.71|22.38|11941005|277166912.00|1|0.0000|0.0000|0.0000|0|22.38
信德新材|301349|0.20|1657809|50907076.00|1.09|5.44|-2.08|30.38|30.65|31.97|29.69|1.66|30.32|2460777|77140224.00|1|0.0000|0.0000|0.0000|0|30.32
普莱得|301353|2.62|1140147|27923508.00|3.00|7.22|-0.30|24.31|24.40|25.40|23.62|1.14|23.69|1580500|39641584.00|1|0.0000|0.0000|0.0000|0|23.69
南王科技|301355|3.06|3858900|37459276.00|0.95|5.06|0.11|9.78|9.58|9.97|9.50|3.86|9.49|5647700|56888196.00|1|0.0000|0.0000|0.0000|0|9.49
天振股份|301356|5.22|2760858|34974772.00|0.08|7.95|0.08|12.70|12.08|13.03|12.08|2.76|12.07|3591788|46869836.00|1|0.0000|0.0000|0.0000|0|12.07
北方长龙|301357|5.88|2981155|86616032.00|0.04|9.09|0.04|29.00|27.40|29.88|27.40|2.98|27.39|3221237|93111480.00|1|0.0000|0.0000|0.0000|0|27.39
湖南裕能|301358|3.57|16742610|480919776.00|1.82|4.50|0.36|29.00|28.51|29.26|28.10|16.74|28.00|19896650|580315200.00|1|0.0000|0.0000|0.0000|0|28.00
东南电子|301359|2.89|1712900|35702760.00|2.69|12.66|-0.30|20.64|20.60|22.60|20.00|1.71|20.06|2241962|47024232.00|1|0.0000|0.0000|0.0000|0|20.06
荣旗科技|301360|0.43|1504300|60842984.00|0.85|5.02|-2.03|40.00|40.17|41.83|39.02|1.50|39.83|1684400|71624544.00|1|0.0000|0.0000|0.0000|0|39.83
众智科技|301361|-0.26|3649000|98453992.00|3.38|3.72|-4.93|27.11|28.10|28.19|25.84|3.65|27.18|3332600|97087680.00|1|0.0000|0.0000|0.0000|0|27.18
民爆光电|301362|0.60|1065128|35502432.00|-0.91|2.63|-0.91|33.30|32.80|33.97|32.80|1.07|33.10|1998164|66392128.00|1|0.0000|0.0000|0.0000|0|33.10
美好医疗|301363|7.08|6766577|162000000.00|1.41|8.23|0.57|24.34|23.05|24.60|22.86|6.77|22.73|9137664|216056832.00|1|0.0000|0.0000|0.0000|0|22.73
矩阵股份|301365|9.45|7938826|129525168.00|4.23|9.64|0.07|16.80|16.00|16.83|15.36|7.94|15.35|9641200|156551136.00|1|0.0000|0.0000|0.0000|0|15.35
一博科技|301366|3.01|4201120|177148224.00|1.45|5.79|-0.63|42.50|41.86|43.65|41.00|4.20|41.26|4535645|199583904.00|1|0.0000|0.0000|0.0000|0|41.26
瑞迈特|301367|-1.61|2938780|186200336.00|1.66|7.12|-4.57|62.91|65.00|68.49|61.02|2.94|63.94|3174688|214588624.00|1|0.0000|0.0000|0.0000|0|63.94
丰立智能|301368|0.35|7328900|421037920.00|2.29|6.44|-2.82|56.90|58.00|60.35|55.10|7.33|56.70|7448366|447291264.00|1|0.0000|0.0000|0.0000|0|56.70
联动科技|301369|3.53|1761850|78919280.00|2.09|8.28|0.93|44.62|44.00|46.67|43.50|1.76|43.10|2285950|105615128.00|1|0.0000|0.0000|0.0000|0|43.10
国科恒泰|301370|3.08|7121800|69767968.00|1.80|6.89|0.74|9.72|9.60|10.08|9.50|7.12|9.43|9422405|94081648.00|1|0.0000|0.0000|0.0000|0|9.43
敷尔佳|301371|3.90|2355194|71938232.00|0.88|5.91|0.54|30.61|29.72|31.20|29.62|2.36|29.46|3025800|93921448.00|1|0.0000|0.0000|0.0000|0|29.46
科净源|301372|-1.30|2827104|45436740.00|-3.04|2.61|-3.04|15.91|15.63|16.54|15.63|2.83|16.12|3970700|65850264.00|1|0.0000|0.0000|0.0000|0|16.12
凌玮科技|301373|3.92|1073117|28966678.00|1.92|6.11|1.73|27.03|26.51|27.60|26.46|1.07|26.01|2157725|58309496.00|1|0.0000|0.0000|0.0000|0|26.01
致欧科技|301376|4.81|4799595|74936256.00|0.07|5.08|-1.05|15.90|15.18|15.94|15.01|4.80|15.17|5675437|90633480.00|1|0.0000|0.0000|0.0000|0|15.17
鼎泰高科|301377|-1.55|7333046|157743296.00|0.27|2.55|-5.65|21.60|22.00|22.50|20.70|7.33|21.94|6881199|158703264.00|1|0.0000|0.0000|0.0000|0|21.94
通达海|301378|3.53|2800462|64049340.00|2.40|7.93|0.32|22.85|22.60|23.82|22.14|2.80|22.07|2916600|68409336.00|1|0.0000|0.0000|0.0000|0|22.07
天山电子|301379|-2.75|7325111|159802528.00|0.72|3.07|-5.86|21.57|22.34|22.86|20.88|7.33|22.18|5999400|138287024.00|1|0.0000|0.0000|0.0000|0|22.18
挖金客|301380|0.63|2531664|93237312.00|0.00|5.51|-4.04|36.89|36.66|38.68|35.18|2.53|36.66|2328300|90655312.00|1|0.0000|0.0000|0.0000|0|36.66
赛维时代|301381|1.80|4675126|84328528.00|0.00|5.57|-1.01|18.08|17.76|18.75|17.58|4.68|17.76|6457471|120821504.00|1|0.0000|0.0000|0.0000|0|17.76
蜂助手|301382|5.06|13545068|444151040.00|2.50|8.74|1.22|32.80|32.00|33.95|31.60|13.55|31.22|13961744|467372864.00|1|0.0000|0.0000|0.0000|0|31.22
天键股份|301383|-0.90|5454461|191959056.00|-1.01|2.82|-4.25|35.17|35.13|36.49|33.98|5.45|35.49|5388732|198567856.00|1|0.0000|0.0000|0.0000|0|35.49
未来电器|301386|-2.23|4681491|92281496.00|1.21|5.21|-5.11|19.32|20.00|20.79|18.75|4.68|19.76|5096619|108032032.00|1|0.0000|0.0000|0.0000|0|19.76
光大同创|301387|-1.44|3547471|102159136.00|-0.65|2.77|-5.28|28.77|29.00|30.00|27.65|3.55|29.19|4193540|128578664.00|1|0.0000|0.0000|0.0000|0|29.19
欣灵电气|301388|3.00|1873200|36111348.00|2.09|7.44|0.00|19.24|19.07|20.07|18.68|1.87|18.68|2419900|48387576.00|1|0.0000|0.0000|0.0000|0|18.68
隆扬电子|301389|-6.78|20913659|325801824.00|-2.79|4.06|-9.69|15.39|16.05|17.18|14.91|20.91|16.51|9073501|155539536.00|1|0.0000|0.0000|0.0000|0|16.51
经纬股份|301390|2.10|1192900|36686868.00|0.47|5.73|-0.33|30.66|30.17|31.75|29.93|1.19|30.03|1964554|60835688.00|1|0.0000|0.0000|0.0000|0|30.03
卡莱特|301391|5.83|1408380|45368224.00|4.33|9.67|1.31|32.29|31.83|33.46|30.91|1.41|30.51|2008308|65751912.00|1|0.0000|0.0000|0.0000|0|30.51
汇成真空|301392|2.91|1975750|181660752.00|-1.47|4.65|-4.73|94.00|90.00|95.59|87.02|1.98|91.34|2329477|208783520.00|1|0.0000|0.0000|0.0000|0|91.34
昊帆生物|301393|4.39|2821696|111707664.00|1.02|8.23|1.02|39.72|38.44|41.18|38.44|2.82|38.05|4093764|166416512.00|1|0.0000|0.0000|0.0000|0|38.05
仁信新材|301395|6.87|5440544|58380456.00|1.96|9.03|1.96|10.89|10.39|11.11|10.39|5.44|10.19|7518550|82812872.00|1|0.0000|0.0000|0.0000|0|10.19
宏景科技|301396|-0.25|16773330|1361691520.00|6.10|8.50|-6.19|79.80|84.88|86.80|75.05|16.77|80.00|17690332|1456459776.00|1|0.0000|0.0000|0.0000|0|80.00
溯联股份|301397|-2.79|3658525|100137280.00|0.40|4.35|-5.18|26.83|27.71|28.80|26.17|3.66|27.60|3410514|99253936.00|1|0.0000|0.0000|0.0000|0|27.60
星源卓镁|301398|1.16|1720100|75534952.00|0.00|6.70|-1.95|43.50|43.00|45.88|42.16|1.72|43.00|2736740|123746248.00|1|0.0000|0.0000|0.0000|0|43.00
英特科技|301399|0.66|2157755|42762340.00|-0.97|6.23|-2.81|19.71|19.39|20.80|19.03|2.16|19.58|2493275|51588964.00|1|0.0000|0.0000|0.0000|0|19.58
华人健康|301408|3.24|9051600|95581712.00|1.96|6.37|1.08|10.53|10.40|10.85|10.31|9.05|10.20|12806888|138582320.00|1|0.0000|0.0000|0.0000|0|10.20
安培龙|301413|-1.86|3484163|238844832.00|1.31|2.15|-4.45|68.00|70.20|70.78|66.21|3.48|69.29|2857920|210096992.00|1|0.0000|0.0000|0.0000|0|69.29
协昌科技|301418|3.97|1021401|29345550.00|1.05|7.19|0.72|28.78|27.97|29.67|27.88|1.02|27.68|1615058|47907148.00|1|0.0000|0.0000|0.0000|0|27.68
阿莱德|301419|2.41|2280399|57353856.00|1.84|7.31|-1.14|25.07|24.93|26.27|24.20|2.28|24.48|2642899|68869952.00|1|0.0000|0.0000|0.0000|0|24.48
波长光电|301421|1.34|5462700|240502160.00|3.18|7.03|-1.92|43.71|44.50|46.16|42.30|5.46|43.13|6660137|314675872.00|1|0.0000|0.0000|0.0000|0|43.13
世纪恒通|301428|3.86|5196000|173894560.00|0.62|6.70|-0.22|33.63|32.58|34.55|32.31|5.20|32.38|5182700|179316864.00|1|0.0000|0.0000|0.0000|0|32.38
森泰股份|301429|2.70|1535699|22879310.00|0.90|5.94|0.21|14.86|14.60|15.33|14.50|1.54|14.47|2392400|35759244.00|1|0.0000|0.0000|0.0000|0|14.47
泓淋电力|301439|2.44|7260077|91872912.00|1.06|6.44|0.08|12.57|12.40|13.06|12.28|7.26|12.27|9942859|130294912.00|1|0.0000|0.0000|0.0000|0|12.27
福事特|301446|3.43|1813710|33149594.00|1.01|6.02|0.51|18.38|17.95|18.84|17.86|1.81|17.77|2642800|49159564.00|1|0.0000|0.0000|0.0000|0|17.77
开创电气|301448|0.84|2979940|54102884.00|1.34|5.58|-2.01|18.06|18.15|18.91|17.55|2.98|17.91|3746270|69515104.00|1|0.0000|0.0000|0.0000|0|17.91
盘古智能|301456|3.76|2362351|48550868.00|3.05|8.34|1.17|20.40|20.26|21.30|19.89|2.36|19.66|3861615|80715912.00|1|0.0000|0.0000|0.0000|0|19.66
钧崴电子|301458|-2.12|8044908|227421072.00|0.97|3.66|-6.13|28.11|29.00|29.77|26.96|8.04|28.72|8156482|245855088.00|1|0.0000|0.0000|0.0000|0|28.72
丰茂股份|301459|-1.38|1686569|74206008.00|0.50|3.91|-3.93|43.63|44.46|45.97|42.50|1.69|44.24|2383493|109048080.00|1|0.0000|0.0000|0.0000|0|44.24
博盈特焊|301468|2.46|1482762|29657724.00|1.33|4.40|0.26|20.02|19.80|20.40|19.59|1.48|19.54|2819509|57283108.00|1|0.0000|0.0000|0.0000|0|19.54
恒达新材|301469|4.20|1001300|21700532.00|1.93|6.66|1.93|21.60|21.13|22.11|21.13|1.00|20.73|1572000|34723188.00|1|0.0000|0.0000|0.0000|0|20.73
弘景光电|301479|2.13|2469132|251589440.00|2.34|6.07|0.15|101.00|101.20|104.89|99.04|2.47|98.89|3912395|421542016.00|1|0.0000|0.0000|0.0000|0|98.89
致尚科技|301486|-20.00|6931400|291691968.00|-9.19|-6.39|-20.00|40.04|45.45|46.85|40.04|6.93|50.05|5232650|266799664.00|0|0.0000|0.0000|0.0000|0|50.05
盟固利|301487|4.50|14352390|246478480.00|-0.67|7.17|-0.67|17.20|16.35|17.64|16.35|14.35|16.46|17072885|299560416.00|1|0.0000|0.0000|0.0000|0|16.46
豪恩汽电|301488|3.37|2562984|135038576.00|0.70|5.93|0.02|53.38|52.00|54.70|51.65|2.56|51.64|2326510|128077600.00|1|0.0000|0.0000|0.0000|0|51.64
思泉新材|301489|-2.02|3615991|187731888.00|-1.68|3.50|-5.56|52.03|52.21|54.96|50.15|3.62|53.10|3839300|215762208.00|1|0.0000|0.0000|0.0000|0|53.10
乖宝宠物|301498|2.07|2456360|214101648.00|-0.26|2.53|-2.84|88.80|86.77|89.20|84.53|2.46|87.00|3052816|264382352.00|1|0.0000|0.0000|0.0000|0|87.00
维科精密|301499|0.79|2763100|56355428.00|1.09|5.85|-3.42|20.34|20.40|21.36|19.49|2.76|20.18|3226347|69255256.00|1|0.0000|0.0000|0.0000|0|20.18
飞南资源|301500|4.27|5522840|97273664.00|1.13|6.94|1.13|17.59|17.06|18.04|17.06|5.52|16.87|6715922|119432728.00|1|0.0000|0.0000|0.0000|0|16.87
恒鑫生活|301501|1.78|4493096|203055472.00|1.53|5.26|-0.36|45.11|45.00|46.65|44.16|4.49|44.32|6521859|313999520.00|1|0.0000|0.0000|0.0000|0|44.32
华阳智能|301502|2.02|1558566|50381840.00|1.55|6.71|-1.30|32.25|32.10|33.73|31.20|1.56|31.61|2142500|72103440.00|1|0.0000|0.0000|0.0000|0|31.61
智迪科技|301503|-0.97|2638200|83717256.00|1.88|4.26|-5.96|31.59|32.50|33.26|30.00|2.64|31.90|1726400|58135100.00|1|0.0000|0.0000|0.0000|0|31.90
苏州规划|301505|5.60|2333900|45766924.00|1.72|8.07|1.45|19.62|18.90|20.08|18.85|2.33|18.58|2996768|59774320.00|1|0.0000|0.0000|0.0000|0|18.58
民生健康|301507|5.44|6931667|80070896.00|1.81|7.08|1.81|11.62|11.22|11.80|11.22|6.93|11.02|9963417|116965608.00|1|0.0000|0.0000|0.0000|0|11.02
中机认检|301508|5.65|4133433|117391912.00|1.64|8.51|1.64|28.43|27.35|29.20|27.35|4.13|26.91|5122155|146617872.00|1|0.0000|0.0000|0.0000|0|26.91
金凯生科|301509|7.02|4783193|114442984.00|3.01|11.52|3.01|23.79|22.90|24.79|22.90|4.78|22.23|5443470|132243792.00|1|0.0000|0.0000|0.0000|0|22.23
固高科技|301510|1.27|10058617|288107936.00|0.00|5.43|-1.73|28.70|28.34|29.88|27.85|10.06|28.34|11134490|331918848.00|1|0.0000|0.0000|0.0000|0|28.34
德福科技|301511|4.28|14209382|169808672.00|1.83|7.95|1.31|11.94|11.66|12.36|11.60|14.21|11.45|18476950|224539200.00|1|0.0000|0.0000|0.0000|0|11.45
智信精密|301512|2.52|1157200|38163648.00|0.81|6.66|-0.84|32.95|32.40|34.28|31.87|1.16|32.14|1591094|54318944.00|1|0.0000|0.0000|0.0000|0|32.14
港通医疗|301515|1.48|1721132|29577982.00|0.53|5.33|-0.30|17.13|16.97|17.78|16.83|1.72|16.88|2748732|48154052.00|1|0.0000|0.0000|0.0000|0|16.88
中远通|301516|4.34|5023272|67419664.00|0.85|6.82|0.85|13.47|13.02|13.79|13.02|5.02|12.91|6598027|90649040.00|1|0.0000|0.0000|0.0000|0|12.91
陕西华达|301517|3.46|3577700|154474480.00|3.27|8.00|-1.30|43.08|43.00|44.97|41.10|3.58|41.64|5215785|232253040.00|1|0.0000|0.0000|0.0000|0|41.64
长华化学|301518|5.42|16758567|327101472.00|-2.63|5.94|-2.68|20.04|18.51|20.14|18.50|16.76|19.01|15365046|285615328.00|1|0.0000|0.0000|0.0000|0|19.01
舜禹股份|301519|3.75|3015335|34281860.00|0.73|6.87|0.73|11.33|11.00|11.67|11.00|3.02|10.92|4716100|54836180.00|1|0.0000|0.0000|0.0000|0|10.92
万邦医药|301520|2.31|1314276|47937908.00|1.46|5.40|0.48|36.38|36.08|37.48|35.73|1.31|35.56|2421698|90890976.00|1|0.0000|0.0000|0.0000|0|35.56
上大股份|301522|4.39|4828740|151772864.00|2.11|5.94|1.25|31.63|30.94|32.10|30.68|4.83|30.30|7155863|234123728.00|1|0.0000|0.0000|0.0000|0|30.30
儒竞科技|301525|-1.90|2003552|124148328.00|2.51|6.09|-3.50|60.87|63.61|65.83|59.88|2.00|62.05|2259400|150087264.00|1|0.0000|0.0000|0.0000|0|62.05
国际复材|301526|3.23|34830474|111924240.00|1.29|6.13|0.97|3.20|3.14|3.29|3.13|34.83|3.10|52973593|170895552.00|1|0.0000|0.0000|0.0000|0|3.10
多浦乐|301528|2.85|979220|37352648.00|0.87|7.05|0.33|37.92|37.19|39.47|36.99|0.98|36.87|1516055|59400220.00|1|0.0000|0.0000|0.0000|0|36.87
福赛科技|301529|1.61|1310700|31687842.00|0.93|5.89|-0.34|23.96|23.80|24.97|23.50|1.31|23.58|2176041|54580904.00|1|0.0000|0.0000|0.0000|0|23.58
威马农机|301533|20.02|4613330|137036032.00|7.76|20.02|7.76|30.94|27.78|30.94|27.78|4.61|25.78|4826700|132879984.00|1|0.0000|0.0000|0.0000|0|25.78
浙江华远|301535|-6.85|25717098|459678496.00|-3.61|0.80|-10.03|17.55|18.16|18.99|16.95|25.72|18.84|22286027|444153536.00|1|0.0000|0.0000|0.0000|0|18.84
星宸科技|301536|6.56|6320700|321033056.00|1.50|8.12|1.50|51.15|48.72|51.90|48.72|6.32|48.00|5596793|281303488.00|1|0.0000|0.0000|0.0000|0|48.00
骏鼎达|301538|0.88|910838|53541072.00|0.24|5.20|-0.60|58.37|58.00|60.87|57.51|0.91|57.86|1333474|81272872.00|1|0.0000|0.0000|0.0000|0|57.86
宏鑫科技|301539|3.31|3670039|60789360.00|1.88|6.94|1.00|16.53|16.30|17.11|16.16|3.67|16.00|5555052|92968912.00|1|0.0000|0.0000|0.0000|0|16.00
崇德科技|301548|3.35|2245955|90018800.00|3.58|11.01|0.00|39.81|39.90|42.76|38.52|2.25|38.52|2389075|97999832.00|1|0.0000|0.0000|0.0000|0|38.52
斯菱智驱|301550|-2.91|5884256|475513536.00|0.17|2.55|-5.98|80.00|82.54|84.50|77.47|5.88|82.40|3040619|264515856.00|1|0.0000|0.0000|0.0000|0|82.40
无线传媒|301551|6.86|3423895|148201952.00|0.50|9.65|0.50|43.17|40.60|44.30|40.60|3.42|40.40|3371518|144896464.00|1|0.0000|0.0000|0.0000|0|40.40
科力装备|301552|1.20|1345206|57869212.00|0.05|4.60|-2.14|43.13|42.64|44.58|41.71|1.35|42.62|1964141|88077384.00|1|0.0000|0.0000|0.0000|0|42.62
惠柏新材|301555|5.13|2058200|42712984.00|3.05|8.93|2.03|20.71|20.30|21.46|20.10|2.06|19.70|2547521|54406580.00|1|0.0000|0.0000|0.0000|0|19.70
托普云农|301556|15.76|6532820|630121920.00|5.17|19.78|4.23|100.99|91.75|104.50|90.93|6.53|87.24|3965937|356423456.00|1|0.0000|0.0000|0.0000|0|87.24
常友科技|301557|3.53|1358529|95203944.00|1.72|5.87|-0.31|70.42|69.19|72.01|67.81|1.36|68.02|1999547|142386160.00|1|0.0000|0.0000|0.0000|0|68.02
三态股份|301558|4.45|14274718|97191736.00|2.30|8.14|1.38|6.80|6.66|7.04|6.60|14.27|6.51|17126463|119435928.00|1|0.0000|0.0000|0.0000|0|6.51
中集环科|301559|1.50|6672903|99829280.00|-0.20|4.58|-0.20|14.86|14.61|15.31|14.61|6.67|14.64|8280727|126375112.00|1|0.0000|0.0000|0.0000|0|14.64
中仑新材|301565|7.03|7822926|154941792.00|1.82|9.44|1.66|19.95|18.98|20.40|18.95|7.82|18.64|8919318|177947760.00|1|0.0000|0.0000|0.0000|0|18.64
达利凯普|301566|1.40|10240501|133421576.00|2.42|5.30|-1.17|13.00|13.13|13.50|12.67|10.24|12.82|15750732|216429280.00|1|0.0000|0.0000|0.0000|0|12.82
贝隆精密|301567|1.53|988460|32775364.00|2.20|4.33|-2.14|33.28|33.50|34.20|32.08|0.99|32.78|1488991|51886048.00|1|0.0000|0.0000|0.0000|0|32.78
思泰克|301568|0.80|3365249|101894000.00|1.41|5.39|-1.54|30.10|30.28|31.47|29.40|3.37|29.86|4191423|131440240.00|1|0.0000|0.0000|0.0000|0|29.86
国科天成|301571|4.95|2411690|87035128.00|1.43|7.96|0.87|36.01|34.80|37.04|34.61|2.41|34.31|2762392|100670272.00|1|0.0000|0.0000|0.0000|0|34.31
美信科技|301577|0.43|1025113|45432960.00|1.09|4.14|-1.39|44.20|44.49|45.83|43.40|1.03|44.01|1176290|54841028.00|1|0.0000|0.0000|0.0000|0|44.01
辰奕智能|301578|-0.05|1160644|43983592.00|0.00|3.91|-3.46|37.84|37.86|39.34|36.55|1.16|37.86|1283190|51362576.00|1|0.0000|0.0000|0.0000|0|37.86
爱迪特|301580|3.67|1238707|57900384.00|1.85|7.19|1.20|46.57|45.75|48.15|45.46|1.24|44.92|2382234|114894200.00|1|0.0000|0.0000|0.0000|0|44.92
黄山谷捷|301581|10.46|4651938|232941856.00|1.98|20.00|1.98|49.00|45.24|53.23|45.24|4.65|44.36|2908038|137993744.00|1|0.0000|0.0000|0.0000|0|44.36
蓝宇股份|301585|4.83|2707750|117317544.00|1.48|7.72|1.48|43.17|41.79|44.36|41.79|2.71|41.18|2711964|118140264.00|1|0.0000|0.0000|0.0000|0|41.18
佳力奇|301586|4.92|1530023|66633160.00|3.06|9.09|1.84|43.27|42.50|44.99|42.00|1.53|41.24|2027436|89410000.00|1|0.0000|0.0000|0.0000|0|41.24
中瑞股份|301587|1.01|3241362|61615192.00|2.02|4.16|-0.53|18.96|19.15|19.55|18.67|3.24|18.77|2788552|56013888.00|1|0.0000|0.0000|0.0000|0|18.77
美新科技|301588|1.61|2006501|30716298.00|0.07|6.91|-0.74|15.15|14.92|15.94|14.80|2.01|14.91|2535973|40842096.00|1|0.0000|0.0000|0.0000|0|14.91
诺瓦星云|301589|3.44|718307|98820784.00|1.93|5.70|1.21|138.00|135.99|141.02|135.03|0.72|133.41|992618|142185648.00|1|0.0000|0.0000|0.0000|0|133.41
肯特股份|301591|2.97|2181448|67536344.00|3.24|7.21|-0.13|30.84|30.92|32.11|29.91|2.18|29.95|3348618|107256616.00|1|0.0000|0.0000|0.0000|0|29.95
六九一二|301592|3.14|1051900|124823888.00|0.29|5.82|0.29|119.60|116.30|122.71|116.30|1.05|115.96|1670324|207736976.00|1|0.0000|0.0000|0.0000|0|115.96
瑞迪智驱|301596|2.16|1677200|172679008.00|0.30|6.35|-1.27|102.98|101.10|107.20|99.52|1.68|100.80|1752700|189800352.00|1|0.0000|0.0000|0.0000|0|100.80
博科测试|301598|3.02|1409154|76459888.00|1.60|6.96|0.11|54.21|53.46|56.28|52.68|1.41|52.62|1989254|112675096.00|1|0.0000|0.0000|0.0000|0|52.62
慧翰股份|301600|7.47|2452000|345077120.00|1.01|12.14|1.01|141.51|133.00|147.65|133.00|2.45|131.67|2606050|361611968.00|1|0.0000|0.0000|0.0000|0|131.67
惠通科技|301601|10.46|10776057|399405728.00|2.00|11.69|1.23|38.75|35.78|39.18|35.51|10.78|35.08|8839201|313768384.00|1|0.0000|0.0000|0.0000|0|35.08
超研股份|301602|6.21|8354439|192607072.00|2.58|9.99|2.58|23.08|22.29|23.90|22.29|8.35|21.73|10573252|245519072.00|1|0.0000|0.0000|0.0000|0|21.73
乔锋智能|301603|1.42|2630533|105517192.00|1.65|5.13|-1.68|39.92|40.01|41.38|38.70|2.63|39.36|3880124|161606848.00|1|0.0000|0.0000|0.0000|0|39.36
绿联科技|301606|1.91|2795435|89954504.00|0.00|6.62|-1.30|32.04|31.44|33.52|31.03|2.80|31.44|3249396|108160376.00|1|0.0000|0.0000|0.0000|0|31.44
富特科技|301607|3.11|3547248|134213096.00|1.87|9.19|0.03|37.47|37.02|39.68|36.35|3.55|36.34|3287185|129750232.00|1|0.0000|0.0000|0.0000|0|36.34
博实结|301608|3.22|2182794|141306896.00|1.07|6.26|-1.21|65.46|64.10|67.39|62.65|2.18|63.42|2609999|174811904.00|1|0.0000|0.0000|0.0000|0|63.42
珂玛科技|301611|5.70|5727620|293293344.00|4.99|10.65|3.73|50.44|50.10|52.80|49.50|5.73|47.72|5520693|275842560.00|1|0.0000|0.0000|0.0000|0|47.72
新铝时代|301613|3.95|4500086|292108384.00|0.00|5.14|-1.19|65.75|63.25|66.50|62.50|4.50|63.25|5787361|369133120.00|1|0.0000|0.0000|0.0000|0|63.25
浙江华业|301616|-7.36|10044513|450879936.00|-3.44|2.40|-11.47|43.95|45.81|48.58|42.00|10.04|47.44|9408160|485670528.00|1|0.0000|0.0000|0.0000|0|47.44
博苑股份|301617|2.74|1733960|76786496.00|0.74|5.37|0.74|44.18|43.32|45.31|43.32|1.73|43.00|2545865|115561656.00|1|0.0000|0.0000|0.0000|0|43.00
长联科技|301618|2.74|891090|58905044.00|0.45|5.39|0.45|65.97|64.50|67.67|64.50|0.89|64.21|1277200|87527248.00|1|0.0000|0.0000|0.0000|0|64.21
英思特|301622|6.36|4755053|307233312.00|0.66|9.20|-0.77|66.04|62.50|67.80|61.61|4.76|62.09|4732462|316816416.00|1|0.0000|0.0000|0.0000|0|62.09
苏州天脉|301626|1.03|1165152|79791456.00|0.00|5.29|-2.06|68.60|67.90|71.49|66.50|1.17|67.90|1422333|102220800.00|1|0.0000|0.0000|0.0000|0|67.90
强达电路|301628|1.83|1725137|122038200.00|1.73|4.89|-0.91|70.63|70.56|72.75|68.73|1.73|69.36|2279478|168173856.00|1|0.0000|0.0000|0.0000|0|69.36
矽电股份|301629|-8.90|5277999|878778560.00|0.14|0.14|-14.43|165.58|182.00|182.00|155.53|5.28|181.75|5120773|925876672.00|1|0.0000|0.0000|0.0000|0|181.75
壹连科技|301631|1.56|1046008|103351000.00|1.16|5.39|-0.89|98.37|97.98|102.08|96.00|1.05|96.86|1495504|155470144.00|1|0.0000|0.0000|0.0000|0|96.86
港迪技术|301633|2.39|633600|43686828.00|0.92|4.67|0.61|69.00|68.01|70.54|67.80|0.63|67.39|1235300|90346344.00|1|0.0000|0.0000|0.0000|0|67.39
首航新能|301658|-13.67|25355223|967756096.00|-8.68|-3.31|-17.89|37.50|39.67|42.00|35.67|25.36|43.44|25496321|1153235072.00|1|0.0000|0.0000|0.0000|0|43.44
中航成飞|302132|6.09|12030424|650012096.00|1.36|6.93|1.36|54.51|52.08|54.94|52.08|12.03|51.38|14423402|781893760.00|1|0.0000|0.0000|0.0000|0|51.38
浦发银行|600000|5.70|149422915|1501459328.00|1.24|6.63|1.04|10.20|9.77|10.29|9.75|149.42|9.65|142399646|1395103360.00|1|0.0000|0.0000|0.0000|0|9.65
白云机场|600004|2.72|27574831|237889472.00|0.00|2.84|0.00|8.68|8.45|8.69|8.45|27.57|8.45|45689786|395611712.00|1|0.0000|0.0000|0.0000|0|8.45
东风股份|600006|1.77|69691260|467332672.00|-1.33|3.25|-4.28|6.89|6.68|6.99|6.48|69.69|6.77|48830822|334201760.00|1|0.0000|0.0000|0.0000|0|6.77
中国国贸|600007|6.81|5785275|129744824.00|0.38|6.95|0.38|22.75|21.38|22.78|21.38|5.79|21.30|4252138|92290144.00|1|0.0000|0.0000|0.0000|0|21.30
首创环保|600008|2.71|138486528|419324800.00|0.34|4.07|0.00|3.03|2.96|3.07|2.95|138.49|2.95|208730317|631274944.00|1|0.0000|0.0000|0.0000|0|2.95
上海机场|600009|3.16|17384326|539535872.00|-0.52|3.16|-0.59|31.63|30.50|31.63|30.48|17.38|30.66|24883305|760422400.00|1|0.0000|0.0000|0.0000|0|30.66
包钢股份|600010|3.64|572028579|960100224.00|-0.61|4.24|-1.21|1.71|1.64|1.72|1.63|572.03|1.65|792821766|1333607808.00|1|0.0000|0.0000|0.0000|0|1.65
华能国际|600011|3.09|87951480|608293952.00|0.00|3.09|-0.15|7.00|6.79|7.00|6.78|87.95|6.79|126038128|857364736.00|1|0.0000|0.0000|0.0000|0|6.79
皖通高速|600012|3.73|7848961|134667664.00|0.00|4.75|0.00|17.25|16.63|17.42|16.63|7.85|16.63|7667943|130527016.00|1|0.0000|0.0000|0.0000|0|16.63
华夏银行|600015|1.89|83098475|624029504.00|0.40|2.43|-0.13|7.55|7.44|7.59|7.40|83.10|7.41|112950376|844816640.00|1|0.0000|0.0000|0.0000|0|7.41
民生银行|600016|2.37|289088848|1113144064.00|0.00|2.37|0.00|3.89|3.80|3.89|3.80|289.09|3.80|414485320|1580808576.00|1|0.0000|0.0000|0.0000|0|3.80
日照港|600017|4.48|91761050|272484000.00|-0.69|4.48|-0.69|3.03|2.88|3.03|2.88|91.76|2.90|93158284|278706272.00|1|0.0000|0.0000|0.0000|0|2.90
上港集团|600018|2.75|61797724|341122240.00|0.55|2.75|-0.55|5.60|5.48|5.60|5.42|61.80|5.45|79598744|435822528.00|1|0.0000|0.0000|0.0000|0|5.45
宝钢股份|600019|1.49|120937178|819693504.00|-0.75|2.69|-0.75|6.79|6.64|6.87|6.64|120.94|6.69|158354652|1076440064.00|1|0.0000|0.0000|0.0000|0|6.69
中原高速|600020|2.91|29963847|126659080.00|0.48|3.87|0.48|4.25|4.15|4.29|4.15|29.96|4.13|46140060|193743744.00|1|0.0000|0.0000|0.0000|0|4.13
上海电力|600021|3.46|67481317|581716352.00|0.96|4.42|0.96|8.66|8.45|8.74|8.45|67.48|8.37|92043682|793683072.00|1|0.0000|0.0000|0.0000|0|8.37
山东钢铁|600022|3.25|65974693|83706672.00|2.44|4.07|2.44|1.27|1.26|1.28|1.26|65.97|1.23|124300082|157901200.00|1|0.0000|0.0000|0.0000|0|1.23
浙能电力|600023|0.54|105485391|586906176.00|-0.54|1.80|-1.26|5.58|5.52|5.65|5.48|105.49|5.55|123544986|684609024.00|1|0.0000|0.0000|0.0000|0|5.55
华能水电|600025|3.09|73160912|674792064.00|0.66|3.97|-0.66|9.35|9.13|9.43|9.01|73.16|9.07|90727058|828107456.00|1|0.0000|0.0000|0.0000|0|9.07
中远海能|600026|1.01|35519498|353303168.00|0.00|2.33|-0.71|9.99|9.89|10.12|9.82|35.52|9.89|35480000|354262912.00|1|0.0000|0.0000|0.0000|0|9.89
华电国际|600027|3.78|123437771|668456064.00|-0.19|3.78|-0.19|5.49|5.28|5.49|5.28|123.44|5.29|161924556|855493056.00|1|0.0000|0.0000|0.0000|0|5.29
中国石化|600028|5.39|339001591|1884665472.00|0.74|5.58|0.56|5.67|5.42|5.68|5.41|339.00|5.38|388042554|2097409536.00|1|0.0000|0.0000|0.0000|0|5.38
南方航空|600029|2.76|71819590|397380192.00|0.92|3.13|0.18|5.58|5.48|5.60|5.44|71.82|5.43|116187960|640484032.00|1|0.0000|0.0000|0.0000|0|5.43
中信证券|600030|2.00|171895621|4187725056.00|0.37|2.37|-0.58|24.50|24.11|24.59|23.88|171.90|24.02|227729985|5537982464.00|1|0.0000|0.0000|0.0000|0|24.02
三一重工|600031|3.06|123186250|2249528320.00|1.11|3.06|-1.11|18.55|18.20|18.55|17.80|123.19|18.00|121163753|2174458624.00|1|0.0000|0.0000|0.0000|0|18.00
浙江新能|600032|1.46|90448771|806211648.00|-4.14|3.02|-4.14|9.06|8.56|9.20|8.56|90.45|8.93|105578446|928102272.00|1|0.0000|0.0000|0.0000|0|8.93
福建高速|600033|3.23|46809579|178423872.00|0.27|3.76|0.27|3.84|3.73|3.86|3.73|46.81|3.72|47422352|180194192.00|1|0.0000|0.0000|0.0000|0|3.72
楚天高速|600035|2.65|21904700|92483200.00|-0.24|3.13|-0.48|4.26|4.14|4.28|4.13|21.90|4.15|32013871|135742032.00|1|0.0000|0.0000|0.0000|0|4.15
招商银行|600036|0.78|161047736|6562173440.00|-0.12|0.91|-0.96|41.15|40.78|41.20|40.44|161.05|40.83|181563292|7360169472.00|1|0.0000|0.0000|0.0000|0|40.83
歌华有线|600037|0.75|24420627|162215952.00|0.45|1.50|-1.95|6.70|6.68|6.75|6.52|24.42|6.65|25660401|174967840.00|1|0.0000|0.0000|0.0000|0|6.65
中直股份|600038|2.89|8332565|287466016.00|0.06|3.04|0.06|34.84|33.88|34.89|33.88|8.33|33.86|13972149|485583488.00|1|0.0000|0.0000|0.0000|0|33.86
四川路桥|600039|2.51|59928034|504798656.00|0.60|2.51|-1.20|8.56|8.40|8.56|8.25|59.93|8.35|71124178|596094656.00|1|0.0000|0.0000|0.0000|0|8.35
保利发展|600048|7.19|243871437|2016768640.00|0.13|7.82|0.00|8.50|7.94|8.55|7.93|243.87|7.93|193665728|1539066240.00|1|0.0000|0.0000|0.0000|0|7.93
中国联通|600050|2.69|454845585|2397520640.00|-0.19|2.88|-0.38|5.34|5.19|5.35|5.18|454.85|5.20|654881597|3412855552.00|1|0.0000|0.0000|0.0000|0|5.20
宁波联合|600051|-2.29|5296500|31882148.00|-1.31|1.63|-3.76|5.98|6.04|6.22|5.89|5.30|6.12|5145700|31889872.00|1|0.0000|0.0000|0.0000|0|6.12
东望时代|600052|-3.30|10899700|41388876.00|-1.52|-1.27|-6.09|3.81|3.88|3.89|3.70|10.90|3.94|7901762|31581128.00|1|0.0000|0.0000|0.0000|0|3.94
九鼎投资|600053|-2.41|5777116|67739568.00|-1.33|0.25|-4.90|11.75|11.88|12.07|11.45|5.78|12.04|5477200|66891464.00|1|0.0000|0.0000|0.0000|0|12.04
黄山旅游|600054|3.37|12397145|143899040.00|-0.09|4.26|-0.18|11.65|11.26|11.75|11.25|12.40|11.27|18126361|208831152.00|1|0.0000|0.0000|0.0000|0|11.27
万东医疗|600055|3.10|11424213|181294416.00|0.52|4.20|0.52|15.95|15.55|16.12|15.55|11.42|15.47|14217846|228528768.00|1|0.0000|0.0000|0.0000|0|15.47
中国医药|600056|3.03|19242851|188879104.00|0.94|3.44|0.94|9.87|9.67|9.91|9.67|19.24|9.58|30895938|304045536.00|1|0.0000|0.0000|0.0000|0|9.58
厦门象屿|600057|3.76|25767718|147949152.00|0.89|3.94|0.72|5.80|5.64|5.81|5.63|25.77|5.59|32311360|181739600.00|1|0.0000|0.0000|0.0000|0|5.59
五矿发展|600058|-1.65|20111894|131272768.00|-0.15|1.50|-4.36|6.54|6.64|6.75|6.36|20.11|6.65|11777690|80068496.00|1|0.0000|0.0000|0.0000|0|6.65
古越龙山|600059|2.54|27308714|231374608.00|0.97|4.00|0.85|8.47|8.34|8.59|8.33|27.31|8.26|37015163|316713408.00|1|0.0000|0.0000|0.0000|0|8.26
海信视像|600060|-1.33|20332897|469030816.00|0.00|1.16|-2.66|23.03|23.34|23.61|22.72|20.33|23.34|24420055|567539776.00|1|0.0000|0.0000|0.0000|0|23.34
国投资本|600061|1.71|44078607|286021824.00|0.62|1.87|-0.31|6.53|6.46|6.54|6.40|44.08|6.42|57503230|376917760.00|1|0.0000|0.0000|0.0000|0|6.42
华润双鹤|600062|2.61|18456465|333566976.00|1.36|3.80|1.25|18.09|17.87|18.30|17.85|18.46|17.63|27487422|500388512.00|1|0.0000|0.0000|0.0000|0|17.63
皖维高新|600063|0.96|55178000|233365248.00|0.72|3.85|-0.48|4.20|4.19|4.32|4.14|55.18|4.16|67638086|290020256.00|1|0.0000|0.0000|0.0000|0|4.16
南京高科|600064|1.65|28186221|191187264.00|-0.30|3.16|-0.30|6.76|6.63|6.86|6.63|28.19|6.65|35972768|246311968.00|1|0.0000|0.0000|0.0000|0|6.65
宇通客车|600066|-1.78|37182854|912737728.00|-0.81|1.42|-2.87|24.29|24.53|25.08|24.02|37.18|24.73|33168929|826704448.00|1|0.0000|0.0000|0.0000|0|24.73
冠城新材|600067|-2.78|21334608|44730124.00|-3.70|-0.46|-5.09|2.10|2.08|2.15|2.05|21.33|2.16|17277200|38048444.00|1|0.0000|0.0000|0.0000|0|2.16
凤凰光学|600071|-3.97|6438317|112583208.00|-0.06|1.21|-6.89|17.43|18.14|18.37|16.90|6.44|18.15|3828300|70314592.00|1|0.0000|0.0000|0.0000|0|18.15
中船科技|600072|3.03|30461717|346890112.00|0.00|3.21|-0.54|11.55|11.21|11.57|11.15|30.46|11.21|30775589|353531648.00|1|0.0000|0.0000|0.0000|0|11.21
光明肉业|600073|5.07|73765343|573255424.00|0.13|6.14|0.13|7.87|7.50|7.95|7.50|73.77|7.49|60567426|470191040.00|1|0.0000|0.0000|0.0000|0|7.49
新疆天业|600075|4.05|20600422|83801192.00|1.27|4.30|0.25|4.11|4.00|4.12|3.96|20.60|3.95|21108648|85779560.00|1|0.0000|0.0000|0.0000|0|3.95
康欣新材|600076|-2.62|27420300|51017484.00|-3.14|-0.52|-4.19|1.86|1.85|1.90|1.83|27.42|1.91|20998800|40589520.00|1|0.0000|0.0000|0.0000|0|1.91
澄星股份|600078|-2.64|12447602|59791908.00|-0.61|0.20|-4.87|4.80|4.90|4.94|4.69|12.45|4.93|10722700|53231704.00|1|0.0000|0.0000|0.0000|0|4.93
ST人福|600079|1.10|21730189|436386528.00|0.35|2.81|-0.45|20.15|20.00|20.49|19.84|21.73|19.93|29745936|608658112.00|1|0.0000|0.0000|0.0000|0|19.93
金花股份|600080|-1.73|8835600|60460000.00|-0.58|1.58|-3.45|6.83|6.91|7.06|6.71|8.84|6.95|10082224|72980248.00|1|0.0000|0.0000|0.0000|0|6.95
东风科技|600081|-0.95|43724075|516888512.00|-9.84|2.22|-10.00|12.48|11.36|12.88|11.34|43.72|12.60|5598930|71212808.00|1|0.0000|0.0000|0.0000|0|12.60
海泰发展|600082|-4.51|14737901|37557460.00|-3.76|-1.13|-6.77|2.54|2.56|2.63|2.48|14.74|2.66|10125700|27390792.00|1|0.0000|0.0000|0.0000|0|2.66
中信尼雅|600084|1.60|6257300|31763924.00|0.00|3.39|-2.20|5.09|5.01|5.18|4.90|6.26|5.01|7113700|36440760.00|1|0.0000|0.0000|0.0000|0|5.01
同仁堂|600085|2.62|12584350|442145472.00|0.43|2.62|-0.37|35.70|34.94|35.70|34.66|12.58|34.79|22582941|782407424.00|1|0.0000|0.0000|0.0000|0|34.79
中视传媒|600088|1.55|6832158|105363696.00|-3.04|2.72|-3.04|15.70|14.99|15.88|14.99|6.83|15.46|5599501|88224552.00|1|0.0000|0.0000|0.0000|0|15.46
特变电工|600089|3.77|61344497|690371904.00|-0.09|3.77|-0.18|11.55|11.12|11.55|11.11|61.34|11.13|98909276|1105150720.00|1|0.0000|0.0000|0.0000|0|11.13
大名城|600094|10.07|55752458|169333488.00|0.00|10.07|0.00|3.17|2.88|3.17|2.88|55.75|2.88|30562979|90480360.00|1|0.0000|0.0000|0.0000|0|2.88
湘财股份|600095|-2.65|293589237|2623578112.00|-2.76|3.54|-5.75|8.81|8.80|9.37|8.53|293.59|9.05|310162833|2661121792.00|1|0.0000|0.0000|0.0000|0|9.05
云天化|600096|4.57|46834609|1023298496.00|1.32|4.57|0.80|22.19|21.50|22.19|21.39|46.83|21.22|49107228|1053423424.00|1|0.0000|0.0000|0.0000|0|21.22
开创国际|600097|6.96|14242920|129652296.00|-0.11|6.96|-0.34|9.37|8.75|9.37|8.73|14.24|8.76|12172900|109594768.00|1|0.0000|0.0000|0.0000|0|8.76
广州发展|600098|2.82|28503601|176544848.00|0.50|4.31|0.50|6.20|6.06|6.29|6.06|28.50|6.03|38593641|236241088.00|1|0.0000|0.0000|0.0000|0|6.03
林海股份|600099|-4.98|8382861|71334656.00|0.00|0.57|-7.02|8.39|8.83|8.88|8.21|8.38|8.83|4396300|39110700.00|1|0.0000|0.0000|0.0000|0|8.83
同方股份|600100|-2.02|88285244|593784064.00|-1.01|0.87|-5.35|6.78|6.85|6.98|6.55|88.29|6.92|59562602|415914272.00|1|0.0000|0.0000|0.0000|0|6.92
明星电力|600101|7.06|185923216|2356436480.00|-1.18|10.01|-1.35|12.73|11.75|13.08|11.73|185.92|11.89|143954633|1725405952.00|1|0.0000|0.0000|0.0000|0|11.89
青山纸业|600103|-0.50|46032552|92162720.00|-1.49|1.49|-1.99|2.00|1.98|2.04|1.97|46.03|2.01|58240390|120093112.00|1|0.0000|0.0000|0.0000|0|2.01
上汽集团|600104|5.03|94815810|1364778368.00|0.57|5.46|0.57|14.62|14.00|14.68|14.00|94.82|13.92|90024367|1273515648.00|1|0.0000|0.0000|0.0000|0|13.92
永鼎股份|600105|-9.95|118084420|606205184.00|-9.24|-4.44|-9.95|5.07|5.11|5.38|5.07|118.08|5.63|35559800|200845424.00|1|0.0000|0.0000|0.0000|0|5.63
重庆路桥|600106|-3.04|31750386|152487760.00|-0.81|1.01|-5.87|4.79|4.90|4.99|4.65|31.75|4.94|25979441|130244472.00|1|0.0000|0.0000|0.0000|0|4.94
ST尔雅|600107|-8.25|19837318|87034288.00|0.42|1.27|-9.94|4.34|4.75|4.79|4.26|19.84|4.73|7638900|36701464.00|1|0.0000|0.0000|0.0000|0|4.73
亚盛集团|600108|10.17|212248654|660092224.00|0.34|10.17|-3.73|3.25|2.96|3.25|2.84|212.25|2.95|181817583|538293952.00|1|0.0000|0.0000|0.0000|0|2.95
国金证券|600109|1.31|44806778|346291680.00|0.66|2.62|-0.26|7.73|7.68|7.83|7.61|44.81|7.63|61962111|484381376.00|1|0.0000|0.0000|0.0000|0|7.63
诺德股份|600110|-1.78|39005582|128505904.00|-2.08|1.48|-4.75|3.31|3.30|3.42|3.21|39.01|3.37|25746438|87703096.00|1|0.0000|0.0000|0.0000|0|3.37
北方稀土|600111|5.14|172273964|3976951808.00|-1.67|5.49|-6.63|23.94|22.39|24.02|21.26|172.27|22.77|172711378|4035518720.00|1|0.0000|0.0000|0.0000|0|22.77
浙江东日|600113|3.29|6657710|87353024.00|-0.08|5.02|-0.39|13.17|12.74|13.39|12.70|6.66|12.75|10201750|135415216.00|1|0.0000|0.0000|0.0000|0|12.75
东睦股份|600114|-4.91|34597754|599902784.00|0.00|0.55|-7.72|17.25|18.14|18.24|16.74|34.60|18.14|21869652|398505312.00|1|0.0000|0.0000|0.0000|0|18.14
中国东航|600115|1.97|100796332|362058560.00|0.00|1.97|-0.56|3.63|3.56|3.63|3.54|100.80|3.56|145278528|521310176.00|1|0.0000|0.0000|0.0000|0|3.56
三峡水利|600116|4.84|25201163|167819328.00|0.00|5.15|0.00|6.72|6.41|6.74|6.41|25.20|6.41|30566620|200632528.00|1|0.0000|0.0000|0.0000|0|6.41
西宁特钢|600117|0.00|20171182|40619728.00|-1.97|0.99|-2.46|2.03|1.99|2.05|1.98|20.17|2.03|30587900|63382088.00|1|0.0000|0.0000|0.0000|0|2.03
中国卫星|600118|2.64|14938260|361321568.00|0.00|2.64|0.00|24.50|23.87|24.50|23.87|14.94|23.87|20051121|490669824.00|1|0.0000|0.0000|0.0000|0|23.87
长江投资|600119|0.45|5890607|39530684.00|-1.20|3.89|-1.94|6.72|6.61|6.95|6.56|5.89|6.69|7647400|52133328.00|1|0.0000|0.0000|0.0000|0|6.69
浙江东方|600120|-4.08|131393718|705278464.00|-5.50|-2.48|-7.09|5.41|5.33|5.50|5.24|131.39|5.64|56283305|320089920.00|1|0.0000|0.0000|0.0000|0|5.64
郑州煤电|600121|0.55|36923440|134022976.00|-0.82|1.37|-2.47|3.66|3.61|3.69|3.55|36.92|3.64|31928574|117704160.00|1|0.0000|0.0000|0.0000|0|3.64
兰花科创|600123|4.34|17392430|124667288.00|0.00|4.62|0.00|7.22|6.92|7.24|6.92|17.39|6.92|23403551|168057264.00|1|0.0000|0.0000|0.0000|0|6.92
铁龙物流|600125|4.14|34612112|191869744.00|0.00|6.77|0.00|5.54|5.32|5.68|5.32|34.61|5.32|36727651|201821152.00|1|0.0000|0.0000|0.0000|0|5.32
杭钢股份|600126|2.91|344568584|3802402048.00|1.09|4.19|-5.19|11.30|11.10|11.44|10.41|344.57|10.98|333815412|3766786304.00|1|0.0000|0.0000|0.0000|0|10.98
金健米业|600127|7.91|110938870|802733696.00|-2.16|9.21|-4.32|7.50|6.80|7.59|6.65|110.94|6.95|91254541|632202240.00|1|0.0000|0.0000|0.0000|0|6.95
苏豪弘业|600128|-9.71|34899412|304888960.00|-10.02|-6.40|-10.02|8.74|8.71|9.06|8.71|34.90|9.68|5459100|52987776.00|1|0.0000|0.0000|0.0000|0|9.68
太极集团|600129|4.36|18988725|389653408.00|0.15|5.11|0.15|20.83|19.99|20.98|19.99|18.99|19.96|21940530|455072512.00|1|0.0000|0.0000|0.0000|0|19.96
*ST波导|600130|-4.98|38996822|103806440.00|-6.41|-1.07|-7.83|2.67|2.63|2.78|2.59|39.00|2.81|20233100|57415192.00|1|0.0000|0.0000|0.0000|0|2.81
国网信通|600131|2.29|15063317|260294304.00|0.00|3.17|-0.47|17.40|17.01|17.55|16.93|15.06|17.01|12927586|224713776.00|1|0.0000|0.0000|0.0000|0|17.01
重庆啤酒|600132|3.98|6725968|387147936.00|-0.99|3.98|-1.06|58.75|55.94|58.75|55.90|6.73|56.50|8880778|502376352.00|1|0.0000|0.0000|0.0000|0|56.50
东湖高新|600133|-3.82|37632369|324965504.00|-0.67|1.01|-6.64|8.55|8.83|8.98|8.30|37.63|8.89|24721867|223006672.00|1|0.0000|0.0000|0.0000|0|8.89
乐凯胶片|600135|-1.75|8579419|53573260.00|0.95|2.38|-3.97|6.18|6.35|6.44|6.04|8.58|6.29|12214101|78099320.00|1|0.0000|0.0000|0.0000|0|6.29
ST明诚|600136|-5.13|12921138|24025828.00|-5.13|-2.05|-5.13|1.85|1.85|1.91|1.85|12.92|1.95|4591000|8976219.00|1|0.0000|0.0000|0.0000|0|1.95
浪莎股份|600137|0.07|2814700|38337400.00|1.34|4.60|-2.45|13.48|13.65|14.09|13.14|2.81|13.47|3143500|42973032.00|1|0.0000|0.0000|0.0000|0|13.47
中青旅|600138|3.76|37997744|362768288.00|0.97|3.97|0.43|9.66|9.40|9.68|9.35|38.00|9.31|44567226|427461728.00|1|0.0000|0.0000|0.0000|0|9.31
兴发集团|600141|2.41|20776952|412190912.00|1.69|3.02|-0.10|19.99|19.85|20.11|19.50|20.78|19.52|22236695|445009184.00|1|0.0000|0.0000|0.0000|0|19.52
金发科技|600143|-2.87|82828312|777509184.00|-4.50|-1.23|-6.35|9.49|9.33|9.65|9.15|82.83|9.77|47786760|471248256.00|1|0.0000|0.0000|0.0000|0|9.77
长春一东|600148|-1.87|3080000|48446360.00|-1.31|0.68|-4.17|15.77|15.86|16.18|15.40|3.08|16.07|2940200|48327032.00|1|0.0000|0.0000|0.0000|0|16.07
廊坊发展|600149|-1.54|13468800|51478776.00|-2.31|2.06|-3.86|3.83|3.80|3.97|3.74|13.47|3.89|9850900|38886100.00|1|0.0000|0.0000|0.0000|0|3.89
中国船舶|600150|4.83|87443112|2427807744.00|0.07|4.98|-1.43|28.64|27.34|28.68|26.93|87.44|27.32|74301638|2067085440.00|1|0.0000|0.0000|0.0000|0|27.32
航天机电|600151|-2.94|29677948|176224688.00|-2.61|0.00|-5.38|5.95|5.97|6.13|5.80|29.68|6.13|18806900|117105408.00|1|0.0000|0.0000|0.0000|0|6.13
维科技术|600152|-6.61|16971345|87172712.00|-2.75|-2.39|-7.71|5.09|5.30|5.32|5.03|16.97|5.45|10691200|58807684.00|1|0.0000|0.0000|0.0000|0|5.45
建发股份|600153|3.47|30094103|305077952.00|0.10|4.79|-0.10|10.15|9.82|10.28|9.80|30.09|9.81|36926781|367794176.00|1|0.0000|0.0000|0.0000|0|9.81
华创云信|600155|-0.46|36513100|238552368.00|0.46|1.37|-1.37|6.52|6.58|6.64|6.46|36.51|6.55|40003901|267727152.00|1|0.0000|0.0000|0.0000|0|6.55
华升股份|600156|-9.55|22192401|100880528.00|-2.44|0.00|-9.96|4.45|4.80|4.92|4.43|22.19|4.92|10859600|54019476.00|1|0.0000|0.0000|0.0000|0|4.92
永泰能源|600157|1.53|593276930|787968000.00|-0.76|3.05|-0.76|1.33|1.30|1.35|1.30|593.28|1.31|858032115|1153696640.00|1|0.0000|0.0000|0.0000|0|1.31
中体产业|600158|0.94|29204212|219263248.00|-0.27|2.55|-0.81|7.51|7.42|7.63|7.38|29.20|7.44|37385431|288176384.00|1|0.0000|0.0000|0.0000|0|7.44
大龙地产|600159|-0.47|18300346|38758592.00|-1.41|1.88|-2.35|2.12|2.10|2.17|2.08|18.30|2.13|20216900|44069380.00|1|0.0000|0.0000|0.0000|0|2.13
巨化股份|600160|5.30|37925972|876263872.00|1.96|5.61|-0.62|23.63|22.88|23.70|22.30|37.93|22.44|50550956|1122536320.00|1|0.0000|0.0000|0.0000|0|22.44
天坛生物|600161|5.09|92037814|2085550080.00|-0.05|5.22|-1.23|23.14|22.01|23.17|21.75|92.04|22.02|138943822|3098977024.00|1|0.0000|0.0000|0.0000|0|22.02
香江控股|600162|0.00|34708222|55105900.00|-3.14|1.89|-3.14|1.59|1.54|1.62|1.54|34.71|1.59|37821672|61756868.00|1|0.0000|0.0000|0.0000|0|1.59
中闽能源|600163|3.11|21139065|104692840.00|0.00|4.14|-0.62|4.98|4.83|5.03|4.80|21.14|4.83|24699500|123250432.00|1|0.0000|0.0000|0.0000|0|4.83
*ST宁科|600165|-5.07|12975102|56084620.00|-5.07|-2.64|-5.07|4.31|4.31|4.42|4.31|12.98|4.54|9371100|42635008.00|1|0.0000|0.0000|0.0000|0|4.54
福田汽车|600166|2.62|129830941|301312256.00|0.00|3.06|0.00|2.35|2.29|2.36|2.29|129.83|2.29|210796369|497490432.00|1|0.0000|0.0000|0.0000|0|2.29
联美控股|600167|4.36|9437907|51496968.00|0.57|5.31|0.00|5.50|5.30|5.55|5.27|9.44|5.27|11480281|62709448.00|1|0.0000|0.0000|0.0000|0|5.27
武汉控股|600168|0.46|12944900|56323376.00|-2.06|1.61|-2.06|4.38|4.27|4.43|4.27|12.94|4.36|15771940|70618704.00|1|0.0000|0.0000|0.0000|0|4.36
ST太重|600169|-0.45|51479450|112482624.00|0.00|1.36|-2.73|2.19|2.20|2.23|2.14|51.48|2.20|55639050|124814968.00|1|0.0000|0.0000|0.0000|0|2.20
上海建工|600170|1.23|221084087|544720128.00|0.41|2.47|0.41|2.46|2.44|2.49|2.44|221.08|2.43|321042053|802073664.00|1|0.0000|0.0000|0.0000|0|2.43
上海贝岭|600171|-2.22|33499812|990779200.00|-2.85|1.82|-5.47|29.49|29.30|30.71|28.51|33.50|30.16|19936000|609763840.00|1|0.0000|0.0000|0.0000|0|30.16
黄河旋风|600172|-3.49|44879802|162440960.00|-5.91|2.42|-5.91|3.59|3.50|3.81|3.50|44.88|3.72|41105012|154637680.00|1|0.0000|0.0000|0.0000|0|3.72
卧龙新能|600173|-5.41|42797477|274735008.00|-1.35|1.35|-7.96|6.30|6.57|6.75|6.13|42.80|6.66|44652868|310938112.00|1|0.0000|0.0000|0.0000|0|6.66
中国巨石|600176|1.59|51410542|615610432.00|-0.17|1.92|-2.51|12.16|11.95|12.20|11.67|51.41|11.97|57632361|689218752.00|1|0.0000|0.0000|0.0000|0|11.97
雅戈尔|600177|3.05|50223110|388726848.00|0.26|4.24|0.13|7.78|7.57|7.87|7.56|50.22|7.55|69724729|532194464.00|1|0.0000|0.0000|0.0000|0|7.55
东安动力|600178|-4.98|24651603|239258160.00|-5.37|-0.68|-9.27|9.74|9.70|10.18|9.30|24.65|10.25|16065715|165219712.00|1|0.0000|0.0000|0.0000|0|10.25
安通控股|600179|0.76|59947177|157282592.00|-0.38|2.29|-1.91|2.64|2.61|2.68|2.57|59.95|2.62|61745600|165950768.00|1|0.0000|0.0000|0.0000|0|2.62
瑞茂通|600180|9.90|65763111|295030976.00|0.00|9.90|0.00|4.55|4.14|4.55|4.14|65.76|4.14|29370822|118339544.00|1|0.0000|0.0000|0.0000|0|4.14
S佳通|600182|-5.03|3715400|51958956.00|-5.03|-3.67|-5.03|13.98|13.98|14.18|13.98|3.72|14.72|880800|12965376.00|1|0.0000|0.0000|0.0000|0|14.72
生益科技|600183|-8.08|77029711|1683716096.00|1.57|1.57|-9.99|21.72|24.00|24.00|21.27|77.03|23.63|14546200|344689856.00|1|0.0000|0.0000|0.0000|0|23.63
光电股份|600184|0.00|9105000|102664864.00|0.62|3.92|-2.49|11.23|11.30|11.67|10.95|9.11|11.23|10116506|116092880.00|1|0.0000|0.0000|0.0000|0|11.23
珠免集团|600185|5.18|43733993|242915872.00|0.00|5.55|-0.18|5.69|5.41|5.71|5.40|43.73|5.41|38801396|214965808.00|1|0.0000|0.0000|0.0000|0|5.41
莲花控股|600186|10.02|372147830|2466860032.00|3.18|10.02|0.64|6.92|6.49|6.92|6.33|372.15|6.29|290697749|1884630400.00|1|0.0000|0.0000|0.0000|0|6.29
国中水务|600187|-1.29|42683937|130816912.00|-1.61|1.94|-4.52|3.06|3.05|3.16|2.96|42.68|3.10|39588300|124508768.00|1|0.0000|0.0000|0.0000|0|3.10
兖矿能源|600188|4.71|39319709|491063584.00|0.41|4.71|0.33|12.66|12.14|12.66|12.13|39.32|12.09|59617898|736691968.00|1|0.0000|0.0000|0.0000|0|12.09
泉阳泉|600189|4.52|15483720|98250328.00|-0.16|7.11|-1.13|6.47|6.18|6.63|6.12|15.48|6.19|15837160|100800712.00|1|0.0000|0.0000|0.0000|0|6.19
华资实业|600191|6.67|15488556|110441000.00|1.48|7.85|1.48|7.20|6.85|7.28|6.85|15.49|6.75|15535804|107715496.00|1|0.0000|0.0000|0.0000|0|6.75
长城电工|600192|-5.73|11168954|62625344.00|-3.71|-0.67|-8.94|5.59|5.71|5.89|5.40|11.17|5.93|6539500|39318700.00|1|0.0000|0.0000|0.0000|0|5.93
*ST创兴|600193|10.18|21881775|64273016.00|-0.73|10.18|-2.91|3.03|2.73|3.03|2.67|21.88|2.75|14341600|40303284.00|1|0.0000|0.0000|0.0000|0|2.75
中牧股份|600195|9.30|59871411|410332992.00|2.17|9.30|1.55|7.05|6.59|7.05|6.55|59.87|6.45|46612064|313068800.00|1|0.0000|0.0000|0.0000|0|6.45
复星医药|600196|2.16|25956278|610158144.00|-0.04|2.41|-0.04|23.70|23.19|23.76|23.19|25.96|23.20|40018858|949087872.00|1|0.0000|0.0000|0.0000|0|23.20
伊力特|600197|3.77|8283498|119700376.00|0.21|4.06|0.21|14.58|14.08|14.62|14.08|8.28|14.05|10286872|149104816.00|1|0.0000|0.0000|0.0000|0|14.05
大唐电信|600198|-3.87|31446437|225959024.00|-2.54|0.27|-6.28|7.20|7.30|7.51|7.02|31.45|7.49|18374500|138654272.00|1|0.0000|0.0000|0.0000|0|7.49
金种子酒|600199|0.99|11542568|117413552.00|-1.18|2.07|-1.48|10.23|10.01|10.34|9.98|11.54|10.13|14321110|148640016.00|1|0.0000|0.0000|0.0000|0|10.13
生物股份|600201|4.11|35545080|240657664.00|0.15|4.57|0.15|6.84|6.58|6.87|6.58|35.55|6.57|40075550|273019392.00|1|0.0000|0.0000|0.0000|0|6.57
哈空调|600202|-7.84|48777802|218045728.00|-7.22|-3.30|-9.90|4.47|4.50|4.69|4.37|48.78|4.85|17048000|83270616.00|1|0.0000|0.0000|0.0000|0|4.85
福日电子|600203|-6.59|44808100|343394432.00|-8.30|-0.12|-9.52|7.65|7.51|8.18|7.41|44.81|8.19|15165900|125039928.00|1|0.0000|0.0000|0.0000|0|8.19
有研新材|600206|-1.02|40827400|587212864.00|-3.60|0.75|-4.41|14.58|14.20|14.84|14.08|40.83|14.73|31701100|474678912.00|1|0.0000|0.0000|0.0000|0|14.73
安彩高科|600207|-2.92|17305978|63612984.00|-1.59|0.80|-4.77|3.66|3.71|3.80|3.59|17.31|3.77|16285501|62148220.00|1|0.0000|0.0000|0.0000|0|3.77
衢州发展|600208|1.92|132288390|351443904.00|0.00|3.45|-0.38|2.66|2.61|2.70|2.60|132.29|2.61|189311651|503807104.00|1|0.0000|0.0000|0.0000|0|2.61
紫江企业|600210|-1.60|56834279|349811744.00|-1.28|1.12|-3.99|6.16|6.18|6.33|6.01|56.83|6.26|49030811|311009184.00|1|0.0000|0.0000|0.0000|0|6.26
西藏药业|600211|2.52|7165111|259424272.00|0.85|3.87|0.65|36.26|35.67|36.74|35.60|7.17|35.37|10774098|392386560.00|1|0.0000|0.0000|0.0000|0|35.37
绿能慧充|600212|-8.32|42634328|324594080.00|-8.81|-3.26|-10.01|7.60|7.56|8.02|7.46|42.63|8.29|8474100|70261472.00|1|0.0000|0.0000|0.0000|0|8.29
派斯林|600215|-9.95|48084466|463628576.00|3.52|4.42|-9.95|8.96|10.30|10.39|8.96|48.08|9.95|87584900|884630080.00|1|0.0000|0.0000|0.0000|0|9.95
浙江医药|600216|1.66|25809749|313898688.00|-0.50|2.48|-0.58|12.28|12.02|12.38|12.01|25.81|12.08|27671500|341793888.00|1|0.0000|0.0000|0.0000|0|12.08
中再资环|600217|1.33|27753191|126423520.00|0.00|2.66|-0.89|4.57|4.51|4.63|4.47|27.75|4.51|39202900|180712896.00|1|0.0000|0.0000|0.0000|0|4.51
全柴动力|600218|-4.76|17327122|127777800.00|-4.50|-1.29|-7.46|7.41|7.43|7.68|7.20|17.33|7.78|8613500|67469440.00|1|0.0000|0.0000|0.0000|0|7.78
南山铝业|600219|-0.30|193080101|635294848.00|0.60|0.90|-2.40|3.32|3.35|3.36|3.25|193.08|3.33|172559340|583538304.00|1|0.0000|0.0000|0.0000|0|3.33
海航控股|600221|2.31|431946480|568073728.00|-1.54|3.08|-2.31|1.33|1.28|1.34|1.27|431.95|1.30|489861464|654861824.00|1|0.0000|0.0000|0.0000|0|1.30
太龙药业|600222|-1.60|22938535|112766888.00|-0.20|1.40|-4.01|4.91|4.98|5.06|4.79|22.94|4.99|28474000|145973664.00|1|0.0000|0.0000|0.0000|0|4.99
福瑞达|600223|0.70|24890201|177425120.00|-0.56|2.25|-1.83|7.17|7.08|7.28|6.99|24.89|7.12|27478423|202583296.00|1|0.0000|0.0000|0.0000|0|7.12
亨通股份|600226|-2.33|36961155|93114744.00|1.17|1.17|-5.06|2.51|2.60|2.60|2.44|36.96|2.57|56770430|150540048.00|1|0.0000|0.0000|0.0000|0|2.57
赤天化|600227|-1.91|41753400|84228136.00|-4.78|-0.48|-6.22|2.05|1.99|2.08|1.96|41.75|2.09|34667300|72694032.00|1|0.0000|0.0000|0.0000|0|2.09
*ST返利|600228|-3.25|21015300|94055728.00|-3.47|1.30|-5.86|4.46|4.45|4.67|4.34|21.02|4.61|14887800|69386344.00|1|0.0000|0.0000|0.0000|0|4.61
城市传媒|600229|0.80|9556331|59431188.00|-0.64|1.61|-1.29|6.27|6.18|6.32|6.14|9.56|6.22|11545931|73066608.00|1|0.0000|0.0000|0.0000|0|6.22
沧州大化|600230|1.95|5016941|46888104.00|-0.33|2.71|-0.33|9.41|9.20|9.48|9.20|5.02|9.23|7471182|70498656.00|1|0.0000|0.0000|0.0000|0|9.23
凌钢股份|600231|0.00|15393805|23859060.00|0.00|1.29|-1.29|1.55|1.55|1.57|1.53|15.39|1.55|18865300|29952936.00|1|0.0000|0.0000|0.0000|0|1.55
金鹰股份|600232|-6.37|11304746|55128852.00|-3.28|-0.39|-9.07|4.85|5.01|5.16|4.71|11.30|5.18|6445200|33811900.00|1|0.0000|0.0000|0.0000|0|5.18
圆通速递|600233|2.51|26300906|328396544.00|-0.08|2.67|-0.65|12.65|12.33|12.67|12.26|26.30|12.34|37720910|464457728.00|1|0.0000|0.0000|0.0000|0|12.34
科新发展|600234|-4.98|1448600|8055500.00|-4.64|1.37|-4.98|5.53|5.55|5.90|5.53|1.45|5.82|655800|3827425.00|1|0.0000|0.0000|0.0000|0|5.82
民丰特纸|600235|-0.94|10726600|56621044.00|-0.94|1.69|-3.38|5.28|5.28|5.42|5.15|10.73|5.33|8598300|46965756.00|1|0.0000|0.0000|0.0000|0|5.33
桂冠电力|600236|4.43|21540674|135455792.00|0.33|4.43|0.33|6.37|6.12|6.37|6.12|21.54|6.10|29641723|184164816.00|1|0.0000|0.0000|0.0000|0|6.10
铜峰电子|600237|-3.57|30206500|179611392.00|-0.32|1.30|-7.46|5.95|6.15|6.25|5.71|30.21|6.17|22822500|141432000.00|1|0.0000|0.0000|0.0000|0|6.17
*ST椰岛|600238|9.58|25675600|146033792.00|-3.31|9.94|-3.31|5.95|5.25|5.97|5.25|25.68|5.43|15060689|83170000.00|1|0.0000|0.0000|0.0000|0|5.43
云南城投|600239|-5.53|69080494|154530720.00|-5.96|-2.13|-7.66|2.22|2.21|2.30|2.17|69.08|2.35|55508200|132246360.00|1|0.0000|0.0000|0.0000|0|2.35
时代万恒|600241|-5.60|7156745|42351968.00|-1.60|-0.96|-8.80|5.90|6.15|6.19|5.70|7.16|6.25|3667500|23199764.00|1|0.0000|0.0000|0.0000|0|6.25
*ST海华|600243|-0.84|27469000|64394100.00|-3.77|2.09|-3.77|2.37|2.30|2.44|2.30|27.47|2.39|28689600|69133000.00|1|0.0000|0.0000|0.0000|0|2.39
万通发展|600246|0.40|51184758|254780608.00|-0.79|0.99|-3.37|5.06|5.00|5.09|4.87|51.18|5.04|29718493|151109712.00|1|0.0000|0.0000|0.0000|0|5.04
陕建股份|600248|4.62|47548100|193784880.00|2.05|6.15|2.05|4.08|3.98|4.14|3.98|47.55|3.90|55616985|223343120.00|1|0.0000|0.0000|0.0000|0|3.90
两面针|600249|-1.86|15724621|74730312.00|0.83|1.45|-3.93|4.75|4.88|4.91|4.65|15.72|4.84|12960400|63625148.00|1|0.0000|0.0000|0.0000|0|4.84
南京商旅|600250|-7.16|24561759|199168688.00|-1.64|0.59|-9.86|7.91|8.38|8.57|7.68|24.56|8.52|15158100|130727256.00|1|0.0000|0.0000|0.0000|0|8.52
冠农股份|600251|7.35|43457280|316649984.00|-0.58|8.07|-1.59|7.45|6.90|7.50|6.83|43.46|6.94|32600397|235412352.00|1|0.0000|0.0000|0.0000|0|6.94
中恒集团|600252|1.79|55199433|124771008.00|0.00|3.14|0.00|2.27|2.23|2.30|2.23|55.20|2.23|78517039|180769536.00|1|0.0000|0.0000|0.0000|0|2.23
鑫科材料|600255|-5.61|120964052|343084352.00|-5.94|-1.98|-9.57|2.86|2.85|2.97|2.74|120.96|3.03|56069400|171209600.00|1|0.0000|0.0000|0.0000|0|3.03
广汇能源|600256|2.57|80795118|447199552.00|0.55|2.75|0.18|5.59|5.48|5.60|5.46|80.80|5.45|121561821|677727104.00|1|0.0000|0.0000|0.0000|0|5.45
大湖股份|600257|8.16|33263342|155462096.00|0.23|8.84|0.23|4.77|4.42|4.80|4.42|33.26|4.41|26700661|120814728.00|1|0.0000|0.0000|0.0000|0|4.41
首旅酒店|600258|6.29|41670587|615383552.00|0.99|6.71|0.56|15.05|14.30|15.11|14.24|41.67|14.16|40850532|587075776.00|1|0.0000|0.0000|0.0000|0|14.16
广晟有色|600259|8.31|26601853|937882944.00|-0.41|9.62|-4.39|37.03|34.05|37.48|32.69|26.60|34.19|29885597|1075192320.00|1|0.0000|0.0000|0.0000|0|34.19
阳光照明|600261|-5.61|36421250|105307600.00|-0.99|-0.66|-7.26|2.86|3.00|3.01|2.81|36.42|3.03|21104000|64675140.00|1|0.0000|0.0000|0.0000|0|3.03
北方股份|600262|-2.96|4348699|68708888.00|0.06|1.17|-4.93|15.75|16.24|16.42|15.43|4.35|16.23|3646300|60690556.00|1|0.0000|0.0000|0.0000|0|16.23
ST景谷|600265|4.00|4101536|69784056.00|1.02|4.00|-1.26|17.40|16.90|17.40|16.52|4.10|16.73|3811323|63608940.00|1|0.0000|0.0000|0.0000|0|16.73
城建发展|600266|4.52|40599861|177128464.00|0.00|5.48|-0.24|4.39|4.20|4.43|4.19|40.60|4.20|36033714|155018816.00|1|0.0000|0.0000|0.0000|0|4.20
海正药业|600267|3.58|34640000|298162624.00|1.43|4.54|1.31|8.67|8.49|8.75|8.48|34.64|8.37|38134997|330581664.00|1|0.0000|0.0000|0.0000|0|8.37
国电南自|600268|-0.92|23679416|153106384.00|0.76|1.83|-2.90|6.49|6.60|6.67|6.36|23.68|6.55|22428556|150236096.00|1|0.0000|0.0000|0.0000|0|6.55
赣粤高速|600269|2.34|35471929|170224464.00|1.06|3.62|0.00|4.81|4.75|4.87|4.70|35.47|4.70|41790460|203788112.00|1|0.0000|0.0000|0.0000|0|4.70
航天信息|600271|1.50|20575635|166274832.00|-0.12|2.37|-0.25|8.13|8.00|8.20|7.99|20.58|8.01|26806380|218856944.00|1|0.0000|0.0000|0.0000|0|8.01
开开实业|600272|2.30|6805001|87472680.00|-0.40|3.48|-0.95|12.92|12.58|13.07|12.51|6.81|12.63|7246104|92490608.00|1|0.0000|0.0000|0.0000|0|12.63
嘉化能源|600273|2.28|27550602|209975632.00|1.08|4.03|0.54|7.61|7.52|7.74|7.48|27.55|7.44|41760077|317301888.00|1|0.0000|0.0000|0.0000|0|7.44
恒瑞医药|600276|0.00|98764578|4739095040.00|0.21|1.21|-2.96|48.70|48.80|49.29|47.26|98.76|48.70|115503305|5580749312.00|1|0.0000|0.0000|0.0000|0|48.70
东方创业|600278|-2.69|12429923|71484040.00|-1.85|-0.51|-5.22|5.78|5.83|5.91|5.63|12.43|5.94|8084153|48921564.00|1|0.0000|0.0000|0.0000|0|5.94
重庆港|600279|1.29|13986169|65282580.00|-3.00|1.29|-3.22|4.72|4.52|4.72|4.51|13.99|4.66|17661450|84183960.00|1|0.0000|0.0000|0.0000|0|4.66
中央商场|600280|9.97|51427763|171493456.00|-0.32|9.97|-0.32|3.42|3.10|3.42|3.10|51.43|3.11|35786300|115325776.00|1|0.0000|0.0000|0.0000|0|3.11
华阳新材|600281|-3.09|13571959|42377320.00|-4.32|-0.62|-5.86|3.14|3.10|3.22|3.05|13.57|3.24|9769800|32055900.00|1|0.0000|0.0000|0.0000|0|3.24
南钢股份|600282|1.39|42021792|182496752.00|0.93|2.55|-0.46|4.37|4.35|4.42|4.29|42.02|4.31|51908804|230491408.00|1|0.0000|0.0000|0.0000|0|4.31
钱江水利|600283|3.97|10280259|96191800.00|0.00|5.07|0.00|9.43|9.07|9.53|9.07|10.28|9.07|15144805|141769520.00|1|0.0000|0.0000|0.0000|0|9.07
浦东建设|600284|1.93|18419932|116779256.00|2.09|4.19|0.00|6.33|6.34|6.47|6.21|18.42|6.21|26942076|172672272.00|1|0.0000|0.0000|0.0000|0|6.21
羚锐制药|600285|3.87|13711080|300037760.00|0.65|3.92|0.09|22.28|21.59|22.29|21.47|13.71|21.45|16617504|363752640.00|1|0.0000|0.0000|0.0000|0|21.45
苏豪时尚|600287|-5.03|3719800|15440745.00|-5.03|-4.12|-5.03|4.15|4.15|4.19|4.15|3.72|4.37|2133900|9333774.00|1|0.0000|0.0000|0.0000|0|4.37
大恒科技|600288|-4.42|15085078|118733008.00|-0.12|0.98|-7.37|7.78|8.13|8.22|7.54|15.09|8.14|10185692|83907552.00|1|0.0000|0.0000|0.0000|0|8.14
ST信通|600289|-4.96|1208500|7178490.00|-4.96|-4.96|-4.96|5.94|5.94|5.94|5.94|1.21|6.25|951400|5946250.00|1|0.0000|0.0000|0.0000|0|6.25
远达环保|600292|-3.13|72605288|1008169472.00|-3.62|0.49|-6.05|13.92|13.85|14.44|13.50|72.61|14.37|152547357|2151003392.00|1|0.0000|0.0000|0.0000|0|14.37
三峡新材|600293|-1.88|20266746|52819256.00|0.00|1.13|-4.14|2.61|2.66|2.69|2.55|20.27|2.66|18822300|50875956.00|1|0.0000|0.0000|0.0000|0|2.66
鄂尔多斯|600295|4.59|13079915|115646472.00|0.59|6.12|0.47|8.88|8.54|9.01|8.53|13.08|8.49|17086751|149760064.00|1|0.0000|0.0000|0.0000|0|8.49
安琪酵母|600298|4.68|8580201|288342464.00|0.00|4.78|0.00|34.20|32.67|34.23|32.67|8.58|32.67|11825916|389968576.00|1|0.0000|0.0000|0.0000|0|32.67
安迪苏|600299|1.80|16921507|159646304.00|1.27|1.91|-2.44|9.60|9.55|9.61|9.20|16.92|9.43|13409367|128293616.00|1|0.0000|0.0000|0.0000|0|9.43
维维股份|600300|10.12|197696990|707753216.00|0.89|10.12|-0.60|3.70|3.39|3.70|3.34|197.70|3.36|145157064|495870784.00|1|0.0000|0.0000|0.0000|0|3.36
华锡有色|600301|-3.73|18456420|347120992.00|0.00|0.15|-6.64|18.86|19.59|19.62|18.29|18.46|19.59|14755837|290056608.00|1|0.0000|0.0000|0.0000|0|19.59
标准股份|600302|-6.34|21210887|95158112.00|-2.75|0.63|-8.67|4.43|4.60|4.76|4.32|21.21|4.73|9905900|47165016.00|1|0.0000|0.0000|0.0000|0|4.73
曙光股份|600303|-4.97|8791400|26921152.00|-4.97|-3.73|-4.97|3.06|3.06|3.10|3.06|8.79|3.22|8021400|25839268.00|1|0.0000|0.0000|0.0000|0|3.22
恒顺醋业|600305|5.52|23013560|169996640.00|0.14|5.95|0.14|7.45|7.07|7.48|7.07|23.01|7.06|24466927|178188576.00|1|0.0000|0.0000|0.0000|0|7.06
酒钢宏兴|600307|2.34|53274027|68993968.00|0.00|2.34|-0.78|1.31|1.28|1.31|1.27|53.27|1.28|64238300|84246176.00|1|0.0000|0.0000|0.0000|0|1.28
华泰股份|600308|1.60|11465622|36117204.00|0.64|2.56|-0.64|3.17|3.14|3.20|3.10|11.47|3.12|21913043|70522552.00|1|0.0000|0.0000|0.0000|0|3.12
万华化学|600309|1.83|43535250|2564497664.00|1.74|1.83|-2.18|60.25|60.20|60.25|57.88|43.54|59.17|44923037|2690489600.00|1|0.0000|0.0000|0.0000|0|59.17
广西能源|600310|3.97|62274075|260409280.00|0.00|6.70|0.00|4.19|4.03|4.30|4.03|62.27|4.03|72509512|300416640.00|1|0.0000|0.0000|0.0000|0|4.03
平高电气|600312|8.08|52269091|933183168.00|0.76|8.08|-0.35|18.45|17.20|18.45|17.01|52.27|17.07|39298542|673075072.00|1|0.0000|0.0000|0.0000|0|17.07
农发种业|600313|9.77|167488341|1202291968.00|2.19|9.91|-6.56|7.53|7.01|7.54|6.41|167.49|6.86|127465444|859933888.00|1|0.0000|0.0000|0.0000|0|6.86
上海家化|600315|3.06|9868499|193060176.00|0.62|3.43|-0.21|19.84|19.37|19.91|19.21|9.87|19.25|12204103|235836688.00|1|0.0000|0.0000|0.0000|0|19.25
洪都航空|600316|0.82|14143286|468169952.00|1.52|3.33|-2.73|33.27|33.50|34.10|32.10|14.14|33.00|17808788|596846144.00|1|0.0000|0.0000|0.0000|0|33.00
新力金融|600318|4.49|88822810|829748928.00|2.30|4.70|-4.49|9.55|9.35|9.57|8.73|88.82|9.14|92775083|877884672.00|1|0.0000|0.0000|0.0000|0|9.14
亚星化学|600319|-4.64|12791302|59731268.00|-1.21|-0.20|-8.87|4.73|4.90|4.95|4.52|12.79|4.96|7105800|35432488.00|1|0.0000|0.0000|0.0000|0|4.96
振华重工|600320|2.35|149031569|578566336.00|-0.78|3.66|-1.04|3.92|3.80|3.97|3.79|149.03|3.83|126657327|493355392.00|1|0.0000|0.0000|0.0000|0|3.83
津投城开|600322|0.00|25403833|51916620.00|-3.38|0.97|-3.38|2.07|2.00|2.09|2.00|25.40|2.07|29447970|62177592.00|1|0.0000|0.0000|0.0000|0|2.07
瀚蓝环境|600323|2.61|12676079|297514304.00|1.13|4.39|0.74|23.59|23.25|24.00|23.16|12.68|22.99|22172216|523094496.00|1|0.0000|0.0000|0.0000|0|22.99
华发股份|600325|4.34|44466060|222200160.00|0.41|4.75|0.41|5.05|4.86|5.07|4.86|44.47|4.84|55399509|276464768.00|1|0.0000|0.0000|0.0000|0|4.84
西藏天路|600326|1.17|45997760|276102688.00|0.00|4.01|-3.51|6.05|5.98|6.22|5.77|46.00|5.98|49317550|302792672.00|1|0.0000|0.0000|0.0000|0|5.98
大东方|600327|5.87|40595227|186037200.00|-2.03|6.77|-2.26|4.69|4.34|4.73|4.33|40.60|4.43|28128980|127812584.00|1|0.0000|0.0000|0.0000|0|4.43
中盐化工|600328|4.91|26324316|183366112.00|0.74|5.06|0.74|7.05|6.77|7.06|6.77|26.32|6.72|37091387|258267296.00|1|0.0000|0.0000|0.0000|0|6.72
达仁堂|600329|1.87|7580495|226123024.00|0.10|2.48|0.10|29.97|29.45|30.15|29.45|7.58|29.42|11594616|346252768.00|1|0.0000|0.0000|0.0000|0|29.42
天通股份|600330|-0.63|28745458|181166944.00|-1.10|1.58|-1.89|6.30|6.27|6.44|6.22|28.75|6.34|27150860|175403104.00|1|0.0000|0.0000|0.0000|0|6.34
宏达股份|600331|-4.26|52471064|318430880.00|-3.47|-0.79|-6.15|6.07|6.12|6.29|5.95|52.47|6.34|34001170|219471280.00|1|0.0000|0.0000|0.0000|0|6.34
白云山|600332|2.50|12938269|331874816.00|0.24|2.50|0.12|25.87|25.30|25.87|25.27|12.94|25.24|18549369|472368704.00|1|0.0000|0.0000|0.0000|0|25.24
长春燃气|600333|0.24|13231000|54914592.00|-0.48|0.96|-2.16|4.17|4.14|4.20|4.07|13.23|4.16|16346200|69588408.00|1|0.0000|0.0000|0.0000|0|4.16
国机汽车|600335|-3.29|35492535|207902736.00|-2.80|-0.16|-5.60|5.87|5.90|6.06|5.73|35.49|6.07|22219296|136364768.00|1|0.0000|0.0000|0.0000|0|6.07
澳柯玛|600336|-6.78|24595899|135347040.00|-4.24|-1.69|-10.00|5.50|5.65|5.80|5.31|24.60|5.90|11975100|71182592.00|1|0.0000|0.0000|0.0000|0|5.90
美克家居|600337|3.73|28682753|46722872.00|-2.48|5.59|-2.48|1.67|1.57|1.70|1.57|28.68|1.61|23138900|37744260.00|1|0.0000|0.0000|0.0000|0|1.61
西藏珠峰|600338|-1.32|32132772|283786400.00|-1.66|0.22|-5.08|8.94|8.91|9.08|8.60|32.13|9.06|24278600|222369808.00|1|0.0000|0.0000|0.0000|0|9.06
中油工程|600339|0.65|50159060|153646512.00|-0.33|1.63|-1.63|3.08|3.05|3.11|3.01|50.16|3.06|48334100|149719856.00|1|0.0000|0.0000|0.0000|0|3.06
华夏幸福|600340|-0.99|110736313|218244080.00|-5.91|1.48|-5.91|2.01|1.91|2.06|1.91|110.74|2.03|66191260|135848912.00|1|0.0000|0.0000|0.0000|0|2.03
航天动力|600343|-1.09|13674900|136913136.00|0.20|2.68|-3.17|9.97|10.10|10.35|9.76|13.67|10.08|15147695|156662736.00|1|0.0000|0.0000|0.0000|0|10.08
长江通信|600345|-6.37|8086182|167137616.00|-5.59|-0.09|-8.89|20.43|20.60|21.80|19.88|8.09|21.82|4075300|89404328.00|1|0.0000|0.0000|0.0000|0|21.82
恒力石化|600346|1.22|28686667|424201344.00|-0.27|1.28|-1.28|14.98|14.76|14.99|14.61|28.69|14.80|34731177|511185888.00|1|0.0000|0.0000|0.0000|0|14.80
华阳股份|600348|3.06|49273044|313571776.00|0.32|3.71|0.32|6.39|6.22|6.43|6.22|49.27|6.20|69244930|441683040.00|1|0.0000|0.0000|0.0000|0|6.20
山东高速|600350|2.14|18787412|196168640.00|0.39|2.92|-0.49|10.51|10.33|10.59|10.24|18.79|10.29|24854190|258605168.00|1|0.0000|0.0000|0.0000|0|10.29
亚宝药业|600351|-0.18|24674100|139494992.00|0.53|1.76|-1.76|5.66|5.70|5.77|5.57|24.67|5.67|31745200|185493568.00|1|0.0000|0.0000|0.0000|0|5.67
浙江龙盛|600352|2.36|37426526|337516000.00|0.34|2.59|-0.11|9.10|8.92|9.12|8.88|37.43|8.89|51141033|459630848.00|1|0.0000|0.0000|0.0000|0|8.89
旭光电子|600353|-9.97|72916886|582019456.00|-9.85|-3.44|-9.97|7.86|7.87|8.43|7.86|72.92|8.73|21436660|188050704.00|1|0.0000|0.0000|0.0000|0|8.73
敦煌种业|600354|10.08|151789228|1006310144.00|0.16|10.08|-5.35|6.99|6.36|6.99|6.01|151.79|6.35|141972294|880684800.00|1|0.0000|0.0000|0.0000|0|6.35
*ST精伦|600355|10.18|66944400|196563040.00|-0.73|10.18|-1.45|3.03|2.73|3.03|2.71|66.94|2.75|40030500|111371360.00|1|0.0000|0.0000|0.0000|0|2.75
恒丰纸业|600356|-1.00|6982273|48625996.00|-0.28|1.57|-2.56|6.95|7.00|7.13|6.84|6.98|7.02|7640400|55094504.00|1|0.0000|0.0000|0.0000|0|7.02
ST联合|600358|-3.69|17162165|66575580.00|-4.93|-1.48|-4.93|3.91|3.86|4.00|3.86|17.16|4.06|5404000|21947184.00|1|0.0000|0.0000|0.0000|0|4.06
新农开发|600359|9.57|84637314|652300608.00|0.00|9.97|-9.97|8.24|7.52|8.27|6.77|84.64|7.52|68806624|502813120.00|1|0.0000|0.0000|0.0000|0|7.52
*ST华微|600360|-5.04|5175400|33174314.00|-5.04|-5.04|-5.04|6.41|6.41|6.41|6.41|5.18|6.75|10270900|69387368.00|1|0.0000|0.0000|0.0000|0|6.75
创新新材|600361|-1.34|72292875|266360448.00|-0.54|0.80|-2.68|3.68|3.71|3.76|3.63|72.29|3.73|67692423|259407648.00|1|0.0000|0.0000|0.0000|0|3.73
江西铜业|600362|-1.54|46325858|906612672.00|-0.45|-0.45|-3.98|19.80|20.02|20.02|19.31|46.33|20.11|41992300|846609920.00|1|0.0000|0.0000|0.0000|0|20.11
联创光电|600363|-4.43|22888972|1220868608.00|-3.89|-0.57|-7.84|53.50|53.80|55.66|51.59|22.89|55.98|16204763|918583936.00|1|0.0000|0.0000|0.0000|0|55.98
ST通葡|600365|-3.97|5745080|13902577.00|-3.17|-1.19|-5.16|2.42|2.44|2.49|2.39|5.75|2.52|3942400|9957480.00|1|0.0000|0.0000|0.0000|0|2.52
宁波韵升|600366|2.86|34839272|255758912.00|-0.54|3.81|-3.81|7.56|7.31|7.63|7.07|34.84|7.35|22836992|171930416.00|1|0.0000|0.0000|0.0000|0|7.35
红星发展|600367|-8.78|29360011|354648928.00|-6.66|-3.71|-9.99|12.05|12.33|12.72|11.89|29.36|13.21|6688400|88623232.00|1|0.0000|0.0000|0.0000|0|13.21
五洲交通|600368|6.58|218074597|1122406784.00|-0.62|10.08|-0.62|5.18|4.83|5.35|4.83|218.07|4.86|202090128|1019018624.00|1|0.0000|0.0000|0.0000|0|4.86
XD西南证|600369|1.28|54236785|214727040.00|0.26|2.30|-0.26|3.97|3.93|4.01|3.91|54.24|3.92|73942400|297034208.00|1|0.0000|0.0000|0.0000|0|3.92
三房巷|600370|-8.38|80928557|133210376.00|-8.94|-3.35|-10.06|1.64|1.63|1.73|1.61|80.93|1.79|35568307|64085868.00|1|0.0000|0.0000|0.0000|0|1.79
万向德农|600371|10.03|50027196|531071008.00|10.03|10.03|5.58|10.64|10.64|10.64|10.21|50.03|9.67|40828799|389185024.00|1|0.0000|0.0000|0.0000|0|9.67
中航机载|600372|4.52|45052236|468664544.00|-0.10|4.52|-0.10|10.63|10.16|10.63|10.16|45.05|10.17|65987224|682750144.00|1|0.0000|0.0000|0.0000|0|10.17
中文传媒|600373|4.33|22683128|245022112.00|0.38|5.77|0.29|10.84|10.43|10.99|10.42|22.68|10.39|27781412|292071008.00|1|0.0000|0.0000|0.0000|0|10.39
汉马科技|600375|-4.92|10636505|59698856.00|-4.75|-1.19|-4.92|5.60|5.61|5.82|5.60|10.64|5.89|5672876|33501666.00|1|0.0000|0.0000|0.0000|0|5.89
首开股份|600376|-0.44|27264301|60616344.00|-2.21|0.88|-4.42|2.25|2.21|2.28|2.16|27.26|2.26|25838500|59240264.00|1|0.0000|0.0000|0.0000|0|2.26
宁沪高速|600377|0.65|13678019|209500720.00|-0.72|0.98|-2.09|15.44|15.23|15.49|15.02|13.68|15.34|15469160|234771072.00|1|0.0000|0.0000|0.0000|0|15.34
昊华科技|600378|7.63|5520810|142708960.00|1.70|7.63|1.14|26.53|25.07|26.53|24.93|5.52|24.65|4783973|120225568.00|1|0.0000|0.0000|0.0000|0|24.65
宝光股份|600379|-3.28|8671674|73890880.00|-2.26|-0.34|-5.76|8.56|8.65|8.82|8.34|8.67|8.85|5852900|52464664.00|1|0.0000|0.0000|0.0000|0|8.85
健康元|600380|-0.75|35064609|373181184.00|0.66|3.58|-2.17|10.53|10.68|10.99|10.38|35.06|10.61|35989081|396220576.00|1|0.0000|0.0000|0.0000|0|10.61
*ST春天|600381|-4.90|8684191|37294364.00|-3.12|-1.11|-4.90|4.27|4.35|4.44|4.27|8.68|4.49|3424300|15385403.00|1|0.0000|0.0000|0.0000|0|4.49
广东明珠|600382|-4.53|17243866|69586104.00|-2.15|0.24|-6.92|4.00|4.10|4.20|3.90|17.24|4.19|10349214|44302944.00|1|0.0000|0.0000|0.0000|0|4.19
金地集团|600383|5.87|115341955|512799168.00|0.00|7.28|-0.23|4.51|4.26|4.57|4.25|115.34|4.26|150697611|655845184.00|1|0.0000|0.0000|0.0000|0|4.26
北巴传媒|600386|-2.46|23273300|92154520.00|0.00|0.99|-4.93|3.96|4.06|4.10|3.86|23.27|4.06|17816200|73223832.00|1|0.0000|0.0000|0.0000|0|4.06
龙净环保|600388|2.47|14592228|168765216.00|0.18|3.70|0.18|11.63|11.37|11.77|11.37|14.59|11.35|14776012|173123680.00|1|0.0000|0.0000|0.0000|0|11.35
江山股份|600389|3.17|9130830|132900696.00|0.92|4.08|0.92|14.65|14.33|14.78|14.33|9.13|14.20|13196654|188269280.00|1|0.0000|0.0000|0.0000|0|14.20
五矿资本|600390|1.17|92521472|471620608.00|-2.33|3.31|-3.70|5.20|5.02|5.31|4.95|92.52|5.14|73081702|381585312.00|1|0.0000|0.0000|0.0000|0|5.14
航发科技|600391|-1.62|21155211|430853888.00|0.05|4.36|-3.73|20.06|20.40|21.28|19.63|21.16|20.39|31175732|649115328.00|1|0.0000|0.0000|0.0000|0|20.39
盛和资源|600392|5.00|76316717|790408256.00|0.00|6.17|-5.39|10.72|10.21|10.84|9.66|76.32|10.21|84397175|919805312.00|1|0.0000|0.0000|0.0000|0|10.21
盘江股份|600395|2.20|23920600|110091792.00|0.00|2.42|-0.88|4.64|4.54|4.65|4.50|23.92|4.54|39777709|182240688.00|1|0.0000|0.0000|0.0000|0|4.54
华电辽能|600396|-0.41|36195910|87602808.00|-2.46|2.05|-2.87|2.43|2.38|2.49|2.37|36.20|2.44|32671800|82092984.00|1|0.0000|0.0000|0.0000|0|2.44
江钨装备|600397|-9.98|8743000|41791540.00|-9.98|-9.98|-9.98|4.78|4.78|4.78|4.78|8.74|5.31|5780800|30696048.00|1|0.0000|0.0000|0.0000|0|5.31
海澜之家|600398|6.91|40447524|316391904.00|0.00|7.58|-0.93|8.04|7.52|8.09|7.45|40.45|7.52|39349859|302019776.00|1|0.0000|0.0000|0.0000|0|7.52
抚顺特钢|600399|0.00|62782403|323620192.00|-0.58|1.94|-1.55|5.16|5.13|5.26|5.08|62.78|5.16|70995510|375525376.00|1|0.0000|0.0000|0.0000|0|5.16
红豆股份|600400|-1.43|32865221|68073680.00|-0.48|0.95|-3.33|2.07|2.09|2.12|2.03|32.87|2.10|31734894|67615792.00|1|0.0000|0.0000|0.0000|0|2.10
大有能源|600403|-5.26|46872600|150662144.00|-9.65|-1.46|-9.65|3.24|3.09|3.37|3.09|46.87|3.42|17521900|60953688.00|1|0.0000|0.0000|0.0000|0|3.42
动力源|600405|-5.25|24785556|102750112.00|-8.68|-0.68|-8.68|4.15|4.00|4.35|4.00|24.79|4.38|14842966|65432348.00|1|0.0000|0.0000|0.0000|0|4.38
国电南瑞|600406|5.99|116117868|2634002176.00|0.64|6.36|0.18|23.17|22.00|23.25|21.90|116.12|21.86|88717354|1945818368.00|1|0.0000|0.0000|0.0000|0|21.86
安泰集团|600408|-1.84|23730029|37824444.00|-1.84|1.23|-4.91|1.60|1.60|1.65|1.55|23.73|1.63|25807000|42565396.00|1|0.0000|0.0000|0.0000|0|1.63
三友化工|600409|2.24|31347198|157416688.00|0.41|3.46|0.41|5.02|4.93|5.08|4.93|31.35|4.91|43658633|219488960.00|1|0.0000|0.0000|0.0000|0|4.91
华胜天成|600410|-5.72|82202136|567396416.00|-5.59|-1.36|-9.67|6.92|6.93|7.24|6.63|82.20|7.34|22903920|169594816.00|1|0.0000|0.0000|0.0000|0|7.34
小商品城|600415|-8.16|185102972|2260809728.00|-1.44|0.00|-9.98|12.15|13.04|13.23|11.91|185.10|13.23|18804600|248784864.00|1|0.0000|0.0000|0.0000|0|13.23
湘电股份|600416|-0.62|28927234|278728384.00|0.10|2.57|-2.37|9.65|9.72|9.96|9.48|28.93|9.71|29178142|289851776.00|1|0.0000|0.0000|0.0000|0|9.71
江淮汽车|600418|-3.92|118000769|3536135680.00|-3.26|-1.47|-9.18|30.67|30.88|31.45|28.99|118.00|31.92|66692402|2153232128.00|1|0.0000|0.0000|0.0000|0|31.92
天润乳业|600419|9.11|24297034|248212480.00|0.00|9.11|0.00|10.54|9.66|10.54|9.66|24.30|9.66|18610829|185144192.00|1|0.0000|0.0000|0.0000|0|9.66
国药现代|600420|2.95|25360900|255605552.00|1.02|3.66|0.91|10.13|9.94|10.20|9.93|25.36|9.84|35351046|354274752.00|1|0.0000|0.0000|0.0000|0|9.84
*ST华嵘|600421|-7.52|8927500|47730020.00|-8.92|-1.57|-9.97|5.29|5.21|5.63|5.15|8.93|5.72|4590800|26325908.00|1|0.0000|0.0000|0.0000|0|5.72
昆药集团|600422|5.06|19513129|320740608.00|0.51|5.76|0.51|16.60|15.88|16.71|15.88|19.51|15.80|20019700|327261984.00|1|0.0000|0.0000|0.0000|0|15.80
柳化股份|600423|-3.40|29355000|83435336.00|-4.76|0.34|-5.10|2.84|2.80|2.95|2.79|29.35|2.94|25253000|75432000.00|1|0.0000|0.0000|0.0000|0|2.94
青松建化|600425|4.08|49568100|185930896.00|0.82|4.08|0.00|3.83|3.71|3.83|3.68|49.57|3.68|49031752|184711568.00|1|0.0000|0.0000|0.0000|0|3.68
华鲁恒升|600426|3.99|27747738|583721088.00|0.29|4.09|0.24|21.35|20.59|21.37|20.58|27.75|20.53|33325670|690144000.00|1|0.0000|0.0000|0.0000|0|20.53
中远海特|600428|-1.87|54800996|316688608.00|-1.36|0.68|-3.06|5.77|5.80|5.92|5.70|54.80|5.88|43682621|259607072.00|1|0.0000|0.0000|0.0000|0|5.88
三元股份|600429|6.35|29679856|122546376.00|1.02|6.85|1.02|4.19|3.98|4.21|3.98|29.68|3.94|26817311|109036632.00|1|0.0000|0.0000|0.0000|0|3.94
冠豪高新|600433|0.65|23643199|73208360.00|0.32|1.94|-1.62|3.11|3.10|3.15|3.04|23.64|3.09|21088569|66259240.00|1|0.0000|0.0000|0.0000|0|3.09
北方导航|600435|3.09|23871000|244242032.00|0.00|3.39|-0.30|10.35|10.04|10.38|10.01|23.87|10.04|25603076|266238672.00|1|0.0000|0.0000|0.0000|0|10.04
片仔癀|600436|2.65|4842850|975796800.00|-0.12|2.65|-0.71|204.80|199.28|204.80|198.10|4.84|199.51|6053726|1194877312.00|1|0.0000|0.0000|0.0000|0|199.51
通威股份|600438|1.49|57109339|962818688.00|0.60|2.39|-0.42|17.01|16.86|17.16|16.69|57.11|16.76|60650744|1028927232.00|1|0.0000|0.0000|0.0000|0|16.76
瑞贝卡|600439|-8.07|57018858|170028608.00|-5.28|-2.17|-9.94|2.96|3.05|3.15|2.90|57.02|3.22|16854600|54452872.00|1|0.0000|0.0000|0.0000|0|3.22
国机通用|600444|-6.06|7949300|106355816.00|-0.35|0.00|-9.94|13.32|14.13|14.18|12.77|7.95|14.18|4013600|57820568.00|1|0.0000|0.0000|0.0000|0|14.18
金证股份|600446|-1.62|31610914|461824064.00|-2.56|1.89|-4.32|14.59|14.45|15.11|14.19|31.61|14.83|28218900|421947104.00|1|0.0000|0.0000|0.0000|0|14.83
华纺股份|600448|-3.57|18826920|46358440.00|-1.19|1.19|-5.16|2.43|2.49|2.55|2.39|18.83|2.52|15342600|38907304.00|1|0.0000|0.0000|0.0000|0|2.52
宁夏建材|600449|-4.18|16677370|210490240.00|-0.91|0.23|-6.99|12.62|13.05|13.20|12.25|16.68|13.17|9433200|125927320.00|1|0.0000|0.0000|0.0000|0|13.17
涪陵电力|600452|3.34|40003026|368479552.00|0.67|4.45|0.67|9.28|9.04|9.38|9.04|40.00|8.98|51412573|475044832.00|1|0.0000|0.0000|0.0000|0|8.98
博通股份|600455|-4.32|3248800|66948140.00|0.00|1.02|-7.48|20.58|21.51|21.73|19.90|3.25|21.51|2034200|44012940.00|1|0.0000|0.0000|0.0000|0|21.51
宝钛股份|600456|0.14|19823207|570551488.00|0.87|2.33|-1.84|28.79|29.00|29.42|28.22|19.82|28.75|18078941|526845568.00|1|0.0000|0.0000|0.0000|0|28.75
时代新材|600458|-1.12|13473499|154755392.00|0.00|1.29|-4.03|11.52|11.65|11.80|11.18|13.47|11.65|9490944|112679360.00|1|0.0000|0.0000|0.0000|0|11.65
贵研铂业|600459|-0.32|13782128|171292848.00|0.40|1.52|-1.76|12.45|12.54|12.68|12.27|13.78|12.49|16734132|213184384.00|1|0.0000|0.0000|0.0000|0|12.49
士兰微|600460|0.05|33062822|705088448.00|0.00|2.00|-2.28|21.51|21.50|21.93|21.01|33.06|21.50|28160100|615457600.00|1|0.0000|0.0000|0.0000|0|21.50
洪城环境|600461|3.89|32674033|319952320.00|1.05|4.31|0.63|9.88|9.61|9.92|9.57|32.67|9.51|42551119|406391488.00|1|0.0000|0.0000|0.0000|0|9.51
空港股份|600463|-3.69|4587300|36771616.00|-2.14|0.00|-8.21|8.09|8.22|8.40|7.71|4.59|8.40|2626700|22455336.00|1|0.0000|0.0000|0.0000|0|8.40
好当家|600467|8.26|160958355|366343520.00|-3.21|9.63|-3.21|2.36|2.11|2.39|2.11|160.96|2.18|162718597|371845568.00|1|0.0000|0.0000|0.0000|0|2.18
百利电气|600468|-5.07|65517341|271248032.00|-2.53|0.23|-8.06|4.12|4.23|4.35|3.99|65.52|4.34|41336500|181150800.00|1|0.0000|0.0000|0.0000|0|4.34
风神股份|600469|-4.17|11540600|58543944.00|0.00|0.57|-6.07|5.05|5.27|5.30|4.95|11.54|5.27|7854700|41846916.00|1|0.0000|0.0000|0.0000|0|5.27
六国化工|600470|4.06|54465600|281648480.00|-3.29|4.26|-4.45|5.38|5.00|5.39|4.94|54.47|5.17|22520100|117349840.00|1|0.0000|0.0000|0.0000|0|5.17
华光环能|600475|2.64|9776828|82944760.00|0.84|3.36|-0.36|8.56|8.41|8.62|8.31|9.78|8.34|15691828|133456376.00|1|0.0000|0.0000|0.0000|0|8.34
湘邮科技|600476|-3.79|6531900|88374320.00|-0.86|0.36|-7.00|13.47|13.88|14.05|13.02|6.53|14.00|4968400|70116720.00|1|0.0000|0.0000|0.0000|0|14.00
杭萧钢构|600477|1.59|37332018|94789544.00|-0.40|2.39|-0.40|2.55|2.50|2.57|2.50|37.33|2.51|45484900|117264072.00|1|0.0000|0.0000|0.0000|0|2.51
科力远|600478|-5.07|62371081|269487936.00|-3.08|-0.66|-7.49|4.31|4.40|4.51|4.20|62.37|4.54|29648251|136167616.00|1|0.0000|0.0000|0.0000|0|4.54
千金药业|600479|2.19|8468407|82532184.00|-0.42|2.82|-0.52|9.78|9.53|9.84|9.52|8.47|9.57|13587167|133347728.00|1|0.0000|0.0000|0.0000|0|9.57
凌云股份|600480|-10.02|41807826|548615872.00|-5.71|-4.73|-10.02|12.93|13.55|13.69|12.93|41.81|14.37|7556200|108585304.00|1|0.0000|0.0000|0.0000|0|14.37
双良节能|600481|-6.13|52527407|234207056.00|-4.86|0.00|-9.09|4.44|4.50|4.73|4.30|52.53|4.73|25767700|122925408.00|1|0.0000|0.0000|0.0000|0|4.73
中国动力|600482|4.99|49126223|963294848.00|0.41|5.30|-5.30|20.62|19.72|20.68|18.60|49.13|19.64|23017600|456370976.00|1|0.0000|0.0000|0.0000|0|19.64
福能股份|600483|1.43|22993260|211623536.00|-0.11|1.98|-0.55|9.23|9.09|9.28|9.05|22.99|9.10|39616232|359461088.00|1|0.0000|0.0000|0.0000|0|9.10
扬农化工|600486|5.28|5072219|254971920.00|1.30|5.59|0.33|51.20|49.26|51.35|48.79|5.07|48.63|3581290|176745200.00|1|0.0000|0.0000|0.0000|0|48.63
亨通光电|600487|0.76|65297425|946802112.00|-0.90|1.66|-1.31|14.59|14.35|14.72|14.29|65.30|14.48|69122740|1016366912.00|1|0.0000|0.0000|0.0000|0|14.48
津药药业|600488|-1.54|12895712|49419712.00|-0.51|2.05|-3.85|3.84|3.88|3.98|3.75|12.90|3.90|14076400|55948020.00|1|0.0000|0.0000|0.0000|0|3.90
中金黄金|600489|1.68|95104108|1192753536.00|-0.48|1.76|-1.20|12.71|12.44|12.72|12.35|95.10|12.50|132103492|1659409792.00|1|0.0000|0.0000|0.0000|0|12.50
鹏欣资源|600490|-1.80|73860850|237621232.00|-2.69|-0.60|-6.59|3.28|3.25|3.32|3.12|73.86|3.34|50629500|170449584.00|1|0.0000|0.0000|0.0000|0|3.34
龙元建设|600491|7.95|42390166|150981696.00|-1.70|8.81|-5.11|3.80|3.46|3.83|3.34|42.39|3.52|28000100|99853592.00|1|0.0000|0.0000|0.0000|0|3.52
凤竹纺织|600493|-3.80|10337353|47711892.00|-1.48|0.84|-5.49|4.56|4.67|4.78|4.48|10.34|4.74|7288400|34965416.00|1|0.0000|0.0000|0.0000|0|4.74
晋西车轴|600495|1.69|28124874|100553960.00|-2.25|2.54|-2.25|3.61|3.47|3.64|3.47|28.12|3.55|37688548|136665696.00|1|0.0000|0.0000|0.0000|0|3.55
精工钢构|600496|0.67|35806705|108613768.00|1.01|4.03|0.00|3.00|3.01|3.10|2.98|35.81|2.98|47632865|147442240.00|1|0.0000|0.0000|0.0000|0|2.98
驰宏锌锗|600497|1.02|82354972|405373312.00|0.41|1.64|-0.20|4.94|4.91|4.97|4.88|82.35|4.89|127678956|639036736.00|1|0.0000|0.0000|0.0000|0|4.89
烽火通信|600498|-4.50|43543855|858493184.00|-1.98|0.00|-7.31|19.73|20.25|20.66|19.15|43.54|20.66|20291567|423257376.00|1|0.0000|0.0000|0.0000|0|20.66
科达制造|600499|-4.76|36313780|269790176.00|-1.41|-0.26|-6.68|7.41|7.67|7.76|7.26|36.31|7.78|27873702|221819360.00|1|0.0000|0.0000|0.0000|0|7.78
中化国际|600500|2.58|27465654|97446680.00|-0.57|3.15|-0.86|3.58|3.47|3.60|3.46|27.47|3.49|44362220|158918864.00|1|0.0000|0.0000|0.0000|0|3.49
航天晨光|600501|-5.23|15264213|242298208.00|-2.41|0.30|-8.12|15.75|16.22|16.67|15.27|15.26|16.62|11965600|202211376.00|1|0.0000|0.0000|0.0000|0|16.62
安徽建工|600502|4.70|62977706|291158400.00|1.57|5.82|0.67|4.68|4.54|4.73|4.50|62.98|4.47|52371719|240041376.00|1|0.0000|0.0000|0.0000|0|4.47
华丽家族|600503|-2.21|38800100|85759416.00|-3.54|0.00|-3.98|2.21|2.18|2.26|2.17|38.80|2.26|34853805|79756232.00|1|0.0000|0.0000|0.0000|0|2.26
西昌电力|600505|7.80|40210029|462975904.00|0.00|8.99|-0.18|11.75|10.90|11.88|10.88|40.21|10.90|36087495|408444800.00|1|0.0000|0.0000|0.0000|0|10.90
统一股份|600506|-3.10|17311900|313472288.00|-3.48|0.91|-6.36|18.12|18.05|18.87|17.51|17.31|18.70|11502600|216235408.00|1|0.0000|0.0000|0.0000|0|18.70
方大特钢|600507|4.62|39308935|159755024.00|0.77|6.67|0.77|4.08|3.93|4.16|3.93|39.31|3.90|48166349|194658768.00|1|0.0000|0.0000|0.0000|0|3.90
上海能源|600508|4.20|8052831|90715664.00|0.00|4.20|0.00|11.40|10.94|11.40|10.94|8.05|10.94|8591620|96743136.00|1|0.0000|0.0000|0.0000|0|10.94
天富能源|600509|0.68|40040335|237714688.00|-1.52|1.86|-1.52|5.96|5.83|6.03|5.83|40.04|5.92|42715200|258883936.00|1|0.0000|0.0000|0.0000|0|5.92
黑牡丹|600510|-5.15|21603600|96677544.00|-0.21|-0.21|-6.87|4.42|4.65|4.65|4.34|21.60|4.66|11215100|53153440.00|1|0.0000|0.0000|0.0000|0|4.66
国药股份|600511|2.53|7040820|205873728.00|-0.62|2.53|-0.80|29.60|28.69|29.60|28.64|7.04|28.87|11671777|334856416.00|1|0.0000|0.0000|0.0000|0|28.87
腾达建设|600512|0.95|30595400|64652448.00|0.00|1.90|-0.48|2.12|2.10|2.14|2.09|30.60|2.10|36658800|78998800.00|1|0.0000|0.0000|0.0000|0|2.10
联环药业|600513|-2.65|19021303|174598112.00|-1.70|0.42|-4.78|9.17|9.26|9.46|8.97|19.02|9.42|16771352|162133408.00|1|0.0000|0.0000|0.0000|0|9.42
海南机场|600515|3.65|105884297|357922848.00|1.52|4.26|0.30|3.41|3.34|3.43|3.30|105.88|3.29|131999903|444204352.00|1|0.0000|0.0000|0.0000|0|3.29
方大炭素|600516|2.87|37592958|173871760.00|-0.22|3.31|-0.22|4.66|4.52|4.68|4.52|37.59|4.53|56958142|266063920.00|1|0.0000|0.0000|0.0000|0|4.53
国网英大|600517|0.44|35074226|159529840.00|-0.44|0.44|-2.62|4.60|4.56|4.60|4.46|35.07|4.58|33298290|155153648.00|1|0.0000|0.0000|0.0000|0|4.58
康美药业|600518|1.58|245128732|471036256.00|-0.53|2.63|-0.53|1.93|1.89|1.95|1.89|245.13|1.90|422409619|824016576.00|1|0.0000|0.0000|0.0000|0|1.90
贵州茅台|600519|3.00|7387649|11226977280.00|0.87|3.00|-0.33|1545.00|1513.00|1545.00|1495.00|7.39|1500.00|10195267|15314738176.00|1|0.0000|0.0000|0.0000|0|1500.00
三佳科技|600520|-3.50|8237700|219854832.00|-3.42|1.62|-8.43|26.78|26.80|28.20|25.41|8.24|27.75|4662300|130829728.00|1|0.0000|0.0000|0.0000|0|27.75
华海药业|600521|-1.50|29394808|420807648.00|-0.21|1.09|-4.92|14.41|14.60|14.79|13.91|29.39|14.63|29855300|447416800.00|1|0.0000|0.0000|0.0000|0|14.63
中天科技|600522|0.47|71377500|909724800.00|-0.31|2.35|-1.18|12.80|12.70|13.04|12.59|71.38|12.74|90057474|1167001984.00|1|0.0000|0.0000|0.0000|0|12.74
贵航股份|600523|-5.01|11892801|127045080.00|-1.16|-0.72|-6.80|10.62|11.05|11.10|10.42|11.89|11.18|5303440|59611560.00|1|0.0000|0.0000|0.0000|0|11.18
ST长园|600525|0.85|28434866|101510224.00|0.00|3.10|-1.13|3.58|3.55|3.66|3.51|28.43|3.55|31648600|115328832.00|1|0.0000|0.0000|0.0000|0|3.55
菲达环保|600526|-1.35|14067100|62120640.00|0.45|2.24|-3.81|4.40|4.48|4.56|4.29|14.07|4.46|13277700|60408716.00|1|0.0000|0.0000|0.0000|0|4.46
江南高纤|600527|-2.06|49107900|92865888.00|-3.09|0.52|-4.64|1.90|1.88|1.95|1.85|49.11|1.94|53305680|104907824.00|1|0.0000|0.0000|0.0000|0|1.94
中铁工业|600528|4.43|30992089|246026992.00|0.13|5.08|0.13|8.01|7.68|8.06|7.68|30.99|7.67|36198034|283141472.00|1|0.0000|0.0000|0.0000|0|7.67
山东药玻|600529|2.57|13583663|296255360.00|-0.42|2.89|-0.42|21.97|21.33|22.04|21.33|13.58|21.42|21275203|466987104.00|1|0.0000|0.0000|0.0000|0|21.42
交大昂立|600530|-3.17|11666864|49345156.00|-5.20|-0.68|-6.79|4.28|4.19|4.39|4.12|11.67|4.42|7886350|35405896.00|1|0.0000|0.0000|0.0000|0|4.42
豫光金铅|600531|-6.24|68279065|415154368.00|-0.94|-0.47|-8.27|6.01|6.35|6.38|5.88|68.28|6.41|40717195|262578368.00|1|0.0000|0.0000|0.0000|0|6.41
栖霞建设|600533|0.00|14347011|28251490.00|-1.01|1.52|-3.03|1.98|1.96|2.01|1.92|14.35|1.98|21023301|42434436.00|1|0.0000|0.0000|0.0000|0|1.98
天士力|600535|1.94|20107148|295091264.00|0.48|2.98|0.42|14.73|14.52|14.88|14.51|20.11|14.45|33161597|493335200.00|1|0.0000|0.0000|0.0000|0|14.45
中国软件|600536|9.99|84617994|3984882432.00|0.00|9.99|-2.79|49.75|45.23|49.75|43.97|84.62|45.23|75503041|3469388800.00|1|0.0000|0.0000|0.0000|0|45.23
亿晶光电|600537|-4.86|47069700|129574536.00|-3.47|0.69|-7.29|2.74|2.78|2.90|2.67|47.07|2.88|49917600|145474176.00|1|0.0000|0.0000|0.0000|0|2.88
国发股份|600538|-2.47|18221500|84119648.00|-4.54|-1.44|-8.04|4.73|4.63|4.78|4.46|18.22|4.85|13443800|66147928.00|1|0.0000|0.0000|0.0000|0|4.85
狮头股份|600539|-9.92|9631400|85679120.00|-6.61|-3.93|-10.02|8.72|9.04|9.30|8.71|9.63|9.68|3202600|31056594.00|1|0.0000|0.0000|0.0000|0|9.68
新赛股份|600540|10.02|17819281|91947488.00|10.02|10.02|10.02|5.16|5.16|5.16|5.16|17.82|4.69|29783408|139684176.00|1|0.0000|0.0000|0.0000|0|4.69
莫高股份|600543|1.87|9996700|43195608.00|-0.70|3.50|-1.40|4.36|4.25|4.43|4.22|10.00|4.28|10075000|43824088.00|1|0.0000|0.0000|0.0000|0|4.28
卓郎智能|600545|-3.90|49255100|96543792.00|-6.83|-0.98|-6.83|1.97|1.91|2.03|1.91|49.26|2.05|22566500|46934108.00|1|0.0000|0.0000|0.0000|0|2.05
山煤国际|600546|2.85|24918343|250010144.00|0.00|3.06|-0.20|10.09|9.81|10.11|9.79|24.92|9.81|32351882|326762624.00|1|0.0000|0.0000|0.0000|0|9.81
山东黄金|600547|3.63|50991430|1312000256.00|-0.24|3.67|-2.21|26.28|25.30|26.29|24.80|50.99|25.36|70485557|1771663360.00|1|0.0000|0.0000|0.0000|0|25.36
深高速|600548|3.38|8206036|90119672.00|-0.56|4.41|-0.56|11.02|10.60|11.13|10.60|8.21|10.66|13851951|151209648.00|1|0.0000|0.0000|0.0000|0|10.66
厦门钨业|600549|2.86|31926695|577988928.00|0.06|3.65|-1.18|18.33|17.83|18.47|17.61|31.93|17.82|41913353|776286272.00|1|0.0000|0.0000|0.0000|0|17.82
保变电气|600550|-8.27|87816659|645409984.00|-4.45|0.25|-10.05|7.21|7.51|7.88|7.07|87.82|7.86|46633415|371277728.00|1|0.0000|0.0000|0.0000|0|7.86
时代出版|600551|2.33|7559520|59564212.00|1.42|4.53|0.26|7.90|7.83|8.07|7.74|7.56|7.72|8656661|68523032.00|1|0.0000|0.0000|0.0000|0|7.72
凯盛科技|600552|-4.21|40508996|408683840.00|-1.44|0.29|-6.32|10.01|10.30|10.48|9.79|40.51|10.45|25493600|268836608.00|1|0.0000|0.0000|0.0000|0|10.45
天下秀|600556|-6.13|80903048|347246208.00|-5.69|-1.75|-8.97|4.29|4.31|4.49|4.16|80.90|4.57|32062900|148064576.00|1|0.0000|0.0000|0.0000|0|4.57
康缘药业|600557|1.20|11674151|147452000.00|2.16|3.12|-0.48|12.63|12.75|12.87|12.42|11.67|12.48|14294500|183643296.00|1|0.0000|0.0000|0.0000|0|12.48
大西洋|600558|-6.26|62229188|262597744.00|-3.36|-1.57|-8.95|4.19|4.32|4.40|4.07|62.23|4.47|36146078|163746496.00|1|0.0000|0.0000|0.0000|0|4.47
老白干酒|600559|3.89|24565550|427887136.00|0.59|3.95|0.59|17.61|17.05|17.62|17.05|24.57|16.95|33465581|584555968.00|1|0.0000|0.0000|0.0000|0|16.95
金自天正|600560|-5.11|9383001|129804496.00|-1.38|1.11|-7.46|13.73|14.27|14.63|13.39|9.38|14.47|5307600|77524712.00|1|0.0000|0.0000|0.0000|0|14.47
江西长运|600561|-3.51|7422300|36891900.00|-2.34|0.97|-5.26|4.95|5.01|5.18|4.86|7.42|5.13|4642900|24277960.00|1|0.0000|0.0000|0.0000|0|5.13
国睿科技|600562|1.88|9461890|179654928.00|2.04|4.35|-0.11|18.97|19.00|19.43|18.60|9.46|18.62|15332365|291571936.00|1|0.0000|0.0000|0.0000|0|18.62
法拉电子|600563|0.21|4286558|401289408.00|-2.65|0.78|-2.65|94.70|92.00|95.24|92.00|4.29|94.50|3049336|292867680.00|1|0.0000|0.0000|0.0000|0|94.50
济川药业|600566|2.73|9210513|243905456.00|0.81|3.23|0.08|26.70|26.20|26.83|26.01|9.21|25.99|11094261|290954336.00|1|0.0000|0.0000|0.0000|0|25.99
山鹰国际|600567|0.00|121872750|195578176.00|-0.62|1.86|-1.86|1.61|1.60|1.64|1.58|121.87|1.61|174478232|287302464.00|1|0.0000|0.0000|0.0000|0|1.61
ST中珠|600568|-3.05|20172000|25365180.00|-4.58|-2.29|-5.34|1.27|1.25|1.28|1.24|20.17|1.31|8304600|10903005.00|1|0.0000|0.0000|0.0000|0|1.31
安阳钢铁|600569|0.60|19446000|32369154.00|-4.22|1.81|-4.22|1.67|1.59|1.69|1.59|19.45|1.66|36574950|61841888.00|1|0.0000|0.0000|0.0000|0|1.66
恒生电子|600570|-2.22|60075727|1453482880.00|1.05|1.05|-4.80|24.25|25.06|25.06|23.61|60.08|24.80|47150747|1183080832.00|1|0.0000|0.0000|0.0000|0|24.80
信雅达|600571|-10.00|90013781|1303684864.00|-9.94|-4.91|-10.00|14.31|14.32|15.12|14.31|90.01|15.90|12965783|206576848.00|1|0.0000|0.0000|0.0000|0|15.90
康恩贝|600572|3.80|45534767|197322112.00|0.24|4.51|0.24|4.37|4.22|4.40|4.22|45.53|4.21|61445891|266775760.00|1|0.0000|0.0000|0.0000|0|4.21
惠泉啤酒|600573|1.84|6395391|70760400.00|1.84|3.21|-0.28|11.09|11.09|11.24|10.86|6.40|10.89|8809914|97574296.00|1|0.0000|0.0000|0.0000|0|10.89
淮河能源|600575|4.56|91784403|312010272.00|0.30|5.78|0.30|3.44|3.30|3.48|3.30|91.78|3.29|142829899|488063840.00|1|0.0000|0.0000|0.0000|0|3.29
祥源文旅|600576|2.19|13587199|120143048.00|1.27|4.95|-0.81|8.88|8.80|9.12|8.62|13.59|8.69|19824905|172261264.00|1|0.0000|0.0000|0.0000|0|8.69
精达股份|600577|-9.17|153018679|929015552.00|-2.91|1.53|-9.94|5.94|6.35|6.64|5.89|153.02|6.54|75777084|501546464.00|1|0.0000|0.0000|0.0000|0|6.54
京能电力|600578|2.95|52275273|182184000.00|-0.29|4.72|-0.29|3.49|3.38|3.55|3.38|52.28|3.39|56513652|195015872.00|1|0.0000|0.0000|0.0000|0|3.39
中化装备|600579|-5.22|23155167|145926944.00|-8.81|-2.09|-8.81|6.35|6.11|6.56|6.11|23.16|6.70|8000200|54078032.00|1|0.0000|0.0000|0.0000|0|6.70
卧龙电驱|600580|-9.84|126241351|2687407360.00|-6.86|-2.68|-10.01|20.89|21.58|22.55|20.85|126.24|23.17|33109900|770493184.00|1|0.0000|0.0000|0.0000|0|23.17
八一钢铁|600581|-0.65|36352100|110792096.00|-1.62|1.30|-2.92|3.06|3.03|3.12|2.99|36.35|3.08|39540332|124972520.00|1|0.0000|0.0000|0.0000|0|3.08
天地科技|600582|1.91|60558234|355518144.00|1.73|3.29|0.00|5.88|5.87|5.96|5.77|60.56|5.77|70249316|415978272.00|1|0.0000|0.0000|0.0000|0|5.77
海油工程|600583|2.38|89553357|460808736.00|0.20|3.37|-0.59|5.17|5.06|5.22|5.02|89.55|5.05|89439863|458851296.00|1|0.0000|0.0000|0.0000|0|5.05
长电科技|600584|-3.01|73055334|2177802752.00|0.00|1.16|-5.98|30.00|30.93|31.29|29.08|73.06|30.93|41439780|1293597696.00|1|0.0000|0.0000|0.0000|0|30.93
海螺水泥|600585|4.95|46120065|1128827136.00|1.44|5.12|0.93|24.82|23.99|24.86|23.87|46.12|23.65|43286378|1016490048.00|1|0.0000|0.0000|0.0000|0|23.65
金晶科技|600586|-0.22|25387765|116304544.00|0.00|1.96|-1.96|4.58|4.59|4.68|4.50|25.39|4.59|30623110|143266928.00|1|0.0000|0.0000|0.0000|0|4.59
新华医疗|600587|2.50|12350480|186468688.00|1.29|3.92|0.88|15.15|14.97|15.36|14.91|12.35|14.78|18973433|291928640.00|1|0.0000|0.0000|0.0000|0|14.78
用友网络|600588|-1.73|93713777|1213094272.00|1.28|1.58|-4.95|13.10|13.50|13.54|12.67|93.71|13.33|51625087|697300160.00|1|0.0000|0.0000|0.0000|0|13.33
大位科技|600589|-9.89|199884408|1193278464.00|-7.26|-2.16|-10.05|5.83|6.00|6.33|5.82|199.88|6.47|79562400|517307168.00|1|0.0000|0.0000|0.0000|0|6.47
泰豪科技|600590|-9.95|8406900|72299344.00|-9.95|-9.95|-9.95|8.60|8.60|8.60|8.60|8.41|9.55|71324483|689814080.00|1|0.0000|0.0000|0.0000|0|9.55
龙溪股份|600592|-10.01|28760187|445027168.00|-4.62|-2.84|-10.01|15.19|16.10|16.40|15.19|28.76|16.88|9840500|167346624.00|1|0.0000|0.0000|0.0000|0|16.88
大连圣亚|600593|7.88|23311952|848594048.00|-0.97|9.80|-2.29|37.65|34.56|38.32|34.10|23.31|34.90|24376900|826759808.00|1|0.0000|0.0000|0.0000|0|34.90
益佰制药|600594|-1.25|15608800|49337224.00|-1.56|1.87|-3.43|3.17|3.16|3.27|3.10|15.61|3.21|21994700|72146208.00|1|0.0000|0.0000|0.0000|0|3.21
中孚实业|600595|-6.82|169919092|550802432.00|-0.57|-0.57|-9.94|3.28|3.50|3.50|3.17|169.92|3.52|30199600|106904104.00|1|0.0000|0.0000|0.0000|0|3.52
新安股份|600596|4.65|22692006|176143888.00|0.00|4.65|0.00|7.87|7.52|7.87|7.52|22.69|7.52|23188800|179942560.00|1|0.0000|0.0000|0.0000|0|7.52
光明乳业|600597|6.49|35604702|291800992.00|0.00|6.62|0.00|8.37|7.86|8.38|7.86|35.60|7.86|29258619|233609600.00|1|0.0000|0.0000|0.0000|0|7.86
北大荒|600598|10.01|185094749|3069493248.00|2.36|10.01|-2.42|17.25|16.05|17.25|15.30|185.09|15.68|168922774|2616652544.00|1|0.0000|0.0000|0.0000|0|15.68
*ST熊猫|600599|-5.03|1532000|13901083.00|-5.03|-3.87|-5.03|9.07|9.07|9.18|9.07|1.53|9.55|718900|6868998.00|1|0.0000|0.0000|0.0000|0|9.55
青岛啤酒|600600|1.42|12484210|981461440.00|0.42|1.68|-1.52|79.30|78.52|79.50|77.00|12.48|78.19|14700491|1149547520.00|1|0.0000|0.0000|0.0000|0|78.19
方正科技|600601|-4.42|139346215|574748608.00|-3.26|0.00|-7.67|4.11|4.16|4.30|3.97|139.35|4.30|83618662|362461856.00|1|0.0000|0.0000|0.0000|0|4.30
云赛智联|600602|-7.25|81681585|1597310464.00|-3.29|-0.43|-10.02|19.44|20.27|20.87|18.86|81.68|20.96|38245521|811922752.00|1|0.0000|0.0000|0.0000|0|20.96
广汇物流|600603|-5.01|3956700|25495616.00|-4.87|-3.98|-5.01|6.44|6.45|6.51|6.44|3.96|6.78|1826700|12385621.00|1|0.0000|0.0000|0.0000|0|6.78
市北高新|600604|-0.47|19529196|81764576.00|-1.42|0.94|-3.30|4.22|4.18|4.28|4.10|19.53|4.24|17166720|74065192.00|1|0.0000|0.0000|0.0000|0|4.24
汇通能源|600605|-6.37|6274613|179089216.00|-7.35|-2.47|-10.01|28.80|28.50|30.00|27.68|6.27|30.76|1842100|57081176.00|1|0.0000|0.0000|0.0000|0|30.76
绿地控股|600606|1.83|82160725|136726656.00|0.00|3.05|-0.61|1.67|1.64|1.69|1.63|82.16|1.64|92451272|155098928.00|1|0.0000|0.0000|0.0000|0|1.64
*ST沪科|600608|-3.88|2881013|8517536.00|-4.53|-0.32|-4.85|2.97|2.95|3.08|2.94|2.88|3.09|522400|1614216.00|1|0.0000|0.0000|0.0000|0|3.09
金杯汽车|600609|-10.04|39810181|188548640.00|-6.76|-2.90|-10.04|4.66|4.83|5.03|4.66|39.81|5.18|8969900|46640432.00|1|0.0000|0.0000|0.0000|0|5.18
中毅达|600610|-9.89|133243642|1084044800.00|2.38|5.60|-10.01|7.56|8.59|8.86|7.55|133.24|8.39|76210744|658681984.00|1|0.0000|0.0000|0.0000|0|8.39
大众交通|600611|-2.66|46378952|255074672.00|-2.49|0.71|-4.44|5.48|5.49|5.67|5.38|46.38|5.63|33524800|190042128.00|1|0.0000|0.0000|0.0000|0|5.63
老凤祥|600612|1.19|2069477|98156176.00|0.23|2.68|-0.51|47.50|47.05|48.20|46.70|2.07|46.94|3285020|158149088.00|1|0.0000|0.0000|0.0000|0|46.94
神奇制药|600613|-3.58|14169600|80733736.00|-3.24|1.02|-4.94|5.66|5.68|5.93|5.58|14.17|5.87|11823000|70719008.00|1|0.0000|0.0000|0.0000|0|5.87
鑫源智造|600615|0.82|5221805|57344584.00|-3.00|3.09|-4.18|11.10|10.68|11.35|10.55|5.22|11.01|3826159|42279044.00|1|0.0000|0.0000|0.0000|0|11.01
金枫酒业|600616|1.80|19439101|99529992.00|1.40|4.60|0.00|5.09|5.07|5.23|5.00|19.44|5.00|24005891|124219416.00|1|0.0000|0.0000|0.0000|0|5.00
国新能源|600617|0.00|24415727|54535688.00|0.00|1.33|-2.67|2.25|2.25|2.28|2.19|24.42|2.25|26405060|60653924.00|1|0.0000|0.0000|0.0000|0|2.25
氯碱化工|600618|-0.11|12241879|108009456.00|-1.13|1.47|-2.37|8.85|8.76|8.99|8.65|12.24|8.86|10956800|98654544.00|1|0.0000|0.0000|0.0000|0|8.86
海立股份|600619|-10.03|66022591|703395968.00|-7.55|-2.83|-10.03|10.49|10.78|11.33|10.49|66.02|11.66|29655684|348591520.00|1|0.0000|0.0000|0.0000|0|11.66
天宸股份|600620|-4.57|11668753|51077232.00|-0.87|-0.87|-6.96|4.39|4.56|4.56|4.28|11.67|4.60|5837461|27196108.00|1|0.0000|0.0000|0.0000|0|4.60
华鑫股份|600621|0.00|19546305|248237712.00|1.10|1.97|-1.81|12.71|12.85|12.96|12.48|19.55|12.71|21675000|281299520.00|1|0.0000|0.0000|0.0000|0|12.71
光大嘉宝|600622|-1.90|51664834|132532648.00|-1.90|0.76|-5.70|2.58|2.58|2.65|2.48|51.66|2.63|38050242|101572552.00|1|0.0000|0.0000|0.0000|0|2.63
华谊集团|600623|0.61|28063228|183492288.00|-0.15|1.84|-1.68|6.57|6.52|6.65|6.42|28.06|6.53|31143029|208910464.00|1|0.0000|0.0000|0.0000|0|6.53
ST复华|600624|-3.74|35936923|218724016.00|-6.40|0.00|-9.52|6.17|6.00|6.41|5.80|35.94|6.41|10982000|70960784.00|1|0.0000|0.0000|0.0000|0|6.41
申达股份|600626|-6.01|24280200|76247856.00|-2.40|-1.50|-8.41|3.13|3.25|3.28|3.05|24.28|3.33|13314300|44763036.00|1|0.0000|0.0000|0.0000|0|3.33
新世界|600628|4.15|23574906|163401424.00|-1.34|4.60|-1.63|7.02|6.65|7.05|6.63|23.57|6.74|15173100|105037496.00|1|0.0000|0.0000|0.0000|0|6.74
华建集团|600629|-6.31|26081701|174345856.00|-4.63|-2.24|-9.54|6.68|6.80|6.97|6.45|26.08|7.13|16148200|116016016.00|1|0.0000|0.0000|0.0000|0|7.13
龙头股份|600630|-7.80|22565360|164047376.00|-7.03|-1.92|-9.97|7.21|7.27|7.67|7.04|22.57|7.82|8851900|69571800.00|1|0.0000|0.0000|0.0000|0|7.82
浙数文化|600633|-5.41|59877995|676058944.00|-4.99|-1.00|-8.82|11.37|11.42|11.90|10.96|59.88|12.02|17387100|210960176.00|1|0.0000|0.0000|0.0000|0|12.02
大众公用|600635|0.29|48500374|165557488.00|-0.29|1.46|-2.05|3.43|3.41|3.47|3.35|48.50|3.42|51171350|178272368.00|1|0.0000|0.0000|0.0000|0|3.42
*ST国化|600636|3.88|11195741|69991648.00|-1.29|5.18|-2.75|6.42|6.10|6.50|6.01|11.20|6.18|7393937|46307276.00|1|0.0000|0.0000|0.0000|0|6.18
东方明珠|600637|1.86|30331727|215107504.00|0.29|2.57|0.14|7.13|7.02|7.18|7.01|30.33|7.00|48767403|350453792.00|1|0.0000|0.0000|0.0000|0|7.00
新黄浦|600638|-2.81|11079100|50112920.00|0.43|1.30|-4.55|4.49|4.64|4.68|4.41|11.08|4.62|9861021|46109640.00|1|0.0000|0.0000|0.0000|0|4.62
浦东金桥|600639|3.52|9205091|96556928.00|0.59|4.01|0.59|10.58|10.28|10.63|10.28|9.21|10.22|11421469|120393336.00|1|0.0000|0.0000|0.0000|0|10.22
国脉文化|600640|-1.29|10561005|112700616.00|0.28|1.01|-3.69|10.71|10.88|10.96|10.45|10.56|10.85|9127100|100565208.00|1|0.0000|0.0000|0.0000|0|10.85
先导基电|600641|1.40|17557723|241211472.00|-0.15|3.30|-0.81|13.81|13.60|14.07|13.51|17.56|13.62|23513396|329548384.00|1|0.0000|0.0000|0.0000|0|13.62
申能股份|600642|0.34|32929709|296814880.00|0.45|2.46|-0.67|8.98|8.99|9.17|8.89|32.93|8.95|48917265|440621440.00|1|0.0000|0.0000|0.0000|0|8.95
爱建集团|600643|0.22|21836880|98468336.00|1.33|1.99|-1.99|4.53|4.58|4.61|4.43|21.84|4.52|26441272|122449960.00|1|0.0000|0.0000|0.0000|0|4.52
乐山电力|600644|10.02|24358569|167219936.00|-0.78|10.02|-0.78|7.03|6.34|7.03|6.34|24.36|6.39|33050586|221341328.00|1|0.0000|0.0000|0.0000|0|6.39
中源协和|600645|-2.95|21413801|444790400.00|0.66|1.83|-5.53|20.70|21.47|21.72|20.15|21.41|21.33|20484200|447226560.00|1|0.0000|0.0000|0.0000|0|21.33
外高桥|600648|5.46|10555601|118125120.00|0.83|6.38|0.74|11.40|10.90|11.50|10.89|10.56|10.81|9133691|101836480.00|1|0.0000|0.0000|0.0000|0|10.81
城投控股|600649|7.23|53537926|224436832.00|0.75|7.48|0.00|4.30|4.04|4.31|4.01|53.54|4.01|50533127|208835424.00|1|0.0000|0.0000|0.0000|0|4.01
锦江在线|600650|-0.80|7536791|92270464.00|-1.20|1.04|-3.85|12.36|12.31|12.59|11.98|7.54|12.46|5610900|70674736.00|1|0.0000|0.0000|0.0000|0|12.46
飞乐音响|600651|-1.86|30168402|110967856.00|-1.60|1.06|-4.26|3.69|3.70|3.80|3.60|30.17|3.76|22419100|85690344.00|1|0.0000|0.0000|0.0000|0|3.76
申华控股|600653|-0.55|48151614|86234984.00|-1.10|1.66|-2.76|1.80|1.79|1.84|1.76|48.15|1.81|46617252|85718600.00|1|0.0000|0.0000|0.0000|0|1.81
中安科|600654|-3.12|51294360|142634080.00|-4.17|0.00|-5.90|2.79|2.76|2.88|2.71|51.29|2.88|37702000|109779040.00|1|0.0000|0.0000|0.0000|0|2.88
豫园股份|600655|4.72|23750350|124721688.00|0.00|4.91|0.00|5.33|5.09|5.34|5.09|23.75|5.09|24456843|128442392.00|1|0.0000|0.0000|0.0000|0|5.09
信达地产|600657|3.64|27749853|108913440.00|0.00|4.16|-2.34|3.99|3.85|4.01|3.76|27.75|3.85|24892919|97838992.00|1|0.0000|0.0000|0.0000|0|3.85
电子城|600658|-2.16|16139300|58097620.00|-3.24|-0.27|-5.41|3.62|3.58|3.69|3.50|16.14|3.70|12540948|47134576.00|1|0.0000|0.0000|0.0000|0|3.70
福耀玻璃|600660|0.00|24380550|1294693504.00|0.60|0.84|-2.42|53.68|54.00|54.13|52.38|24.38|53.68|31574083|1674781696.00|1|0.0000|0.0000|0.0000|0|53.68
昂立教育|600661|-2.36|8372914|76216160.00|-0.43|1.18|-4.29|9.10|9.28|9.43|8.92|8.37|9.32|6643601|62595180.00|1|0.0000|0.0000|0.0000|0|9.32
外服控股|600662|-0.20|21421604|104664480.00|1.02|1.83|-2.24|4.90|4.96|5.00|4.80|21.42|4.91|14678527|73495944.00|1|0.0000|0.0000|0.0000|0|4.91
陆家嘴|600663|5.56|14089184|118682984.00|0.00|5.93|0.00|8.55|8.10|8.58|8.10|14.09|8.10|13630708|114291144.00|1|0.0000|0.0000|0.0000|0|8.10
哈药股份|600664|-0.60|74632405|247412480.00|-1.19|1.19|-2.69|3.33|3.31|3.39|3.26|74.63|3.35|77549738|264875600.00|1|0.0000|0.0000|0.0000|0|3.35
天地源|600665|-0.38|11176500|28849016.00|-4.21|1.15|-4.21|2.60|2.50|2.64|2.50|11.18|2.61|12105000|32094274.00|1|0.0000|0.0000|0.0000|0|2.61
奥瑞德|600666|-5.88|117901740|282939200.00|-5.88|-0.39|-9.02|2.40|2.40|2.54|2.32|117.90|2.55|60908740|156602352.00|1|0.0000|0.0000|0.0000|0|2.55
太极实业|600667|-3.09|44852506|268604256.00|-0.16|1.47|-5.54|5.95|6.13|6.23|5.80|44.85|6.14|33932952|211010960.00|1|0.0000|0.0000|0.0000|0|6.14
尖峰集团|600668|3.52|8668746|88402096.00|0.81|4.23|0.70|10.28|10.01|10.35|10.00|8.67|9.93|9912951|100728944.00|1|0.0000|0.0000|0.0000|0|9.93
天目药业|600671|-4.92|2620100|27962960.00|-4.65|-1.79|-5.01|10.63|10.66|10.98|10.62|2.62|11.18|3148701|35551292.00|1|0.0000|0.0000|0.0000|0|11.18
东阳光|600673|2.94|37071743|330075488.00|-0.68|3.17|-1.24|9.10|8.78|9.12|8.73|37.07|8.84|33172945|297751296.00|1|0.0000|0.0000|0.0000|0|8.84
川投能源|600674|1.15|47718190|789476800.00|-0.24|1.51|-2.11|16.78|16.55|16.84|16.24|47.72|16.59|76700348|1264901760.00|1|0.0000|0.0000|0.0000|0|16.59
中华企业|600675|2.81|32058252|82057224.00|0.40|4.42|0.40|2.56|2.50|2.60|2.50|32.06|2.49|35034396|89792224.00|1|0.0000|0.0000|0.0000|0|2.49
交运股份|600676|-1.92|17476401|62002472.00|-0.82|-0.27|-5.75|3.58|3.62|3.64|3.44|17.48|3.65|15585300|57505120.00|1|0.0000|0.0000|0.0000|0|3.65
四川金顶|600678|-3.12|21875551|134083464.00|-4.68|-0.94|-6.71|6.21|6.11|6.35|5.98|21.88|6.41|11060400|71528544.00|1|0.0000|0.0000|0.0000|0|6.41
上海凤凰|600679|-4.03|11772821|126442864.00|-5.10|-0.72|-6.17|10.73|10.61|11.10|10.49|11.77|11.18|7761100|87368008.00|1|0.0000|0.0000|0.0000|0|11.18
百川能源|600681|3.17|15245747|49350456.00|0.32|4.13|0.32|3.25|3.16|3.28|3.16|15.25|3.15|26729992|86000216.00|1|0.0000|0.0000|0.0000|0|3.15
南京新百|600682|1.36|29054041|172448752.00|-0.17|2.20|-2.03|5.98|5.89|6.03|5.78|29.05|5.90|19773183|118973616.00|1|0.0000|0.0000|0.0000|0|5.90
京投发展|600683|2.04|12859899|44451720.00|-1.46|2.33|-1.75|3.50|3.38|3.51|3.37|12.86|3.43|16405500|57561096.00|1|0.0000|0.0000|0.0000|0|3.43
珠江股份|600684|-2.23|23980592|74028776.00|0.32|1.91|-4.46|3.07|3.15|3.20|3.00|23.98|3.14|19144240|61005508.00|1|0.0000|0.0000|0.0000|0|3.14
中船防务|600685|2.65|14016000|293667744.00|-0.72|2.65|-0.77|21.30|20.60|21.30|20.59|14.02|20.75|13018934|275143936.00|1|0.0000|0.0000|0.0000|0|20.75
金龙汽车|600686|-6.04|50504162|550624640.00|-4.51|-1.45|-9.96|11.04|11.22|11.58|10.58|50.50|11.75|10430795|123576392.00|1|0.0000|0.0000|0.0000|0|11.75
上海石化|600688|2.95|49992859|156756000.00|1.31|4.26|0.98|3.14|3.09|3.18|3.08|49.99|3.05|51527665|161552112.00|1|0.0000|0.0000|0.0000|0|3.05
上海三毛|600689|-8.44|10872986|105941472.00|-9.00|-3.13|-9.95|9.66|9.60|10.22|9.50|10.87|10.55|2507600|26696612.00|1|0.0000|0.0000|0.0000|0|10.55
海尔智家|600690|4.96|87251343|2110151296.00|0.34|4.96|0.08|24.75|23.66|24.75|23.60|87.25|23.58|100756311|2408824320.00|1|0.0000|0.0000|0.0000|0|23.58
潞化科技|600691|0.00|23892520|44510356.00|-2.63|0.53|-4.21|1.90|1.85|1.91|1.82|23.89|1.90|24683100|47666708.00|1|0.0000|0.0000|0.0000|0|1.90
亚通股份|600692|0.84|28881638|191620928.00|-4.62|0.84|-9.94|7.20|6.81|7.20|6.43|28.88|7.14|6851200|49331968.00|1|0.0000|0.0000|0.0000|0|7.14
东百集团|600693|10.05|81092808|492985696.00|2.29|10.05|0.35|6.24|5.80|6.24|5.69|81.09|5.67|85286524|508081888.00|1|0.0000|0.0000|0.0000|0|5.67
大商股份|600694|9.99|10362478|256060928.00|0.22|9.99|0.22|25.00|22.78|25.00|22.78|10.36|22.73|5253377|122291328.00|1|0.0000|0.0000|0.0000|0|22.73
*ST岩石|600696|5.25|13938502|117470544.00|-5.98|5.86|-5.98|8.62|7.70|8.67|7.70|13.94|8.19|11647601|96608024.00|1|0.0000|0.0000|0.0000|0|8.19
欧亚集团|600697|5.47|11242800|119292360.00|0.60|10.05|-0.40|10.60|10.11|11.06|10.01|11.24|10.05|5561500|57093656.00|1|0.0000|0.0000|0.0000|0|10.05
湖南天雁|600698|0.00|38216090|204397216.00|-0.37|1.29|-5.72|5.42|5.40|5.49|5.11|38.22|5.42|17302800|94264632.00|1|0.0000|0.0000|0.0000|0|5.42
均胜电子|600699|-7.52|60673761|876180672.00|0.00|0.26|-10.03|14.39|15.56|15.60|14.00|60.67|15.56|18015863|282089504.00|1|0.0000|0.0000|0.0000|0|15.56
舍得酒业|600702|2.67|16131703|929362496.00|2.04|2.92|-1.62|58.36|58.00|58.50|55.92|16.13|56.84|20544483|1176900480.00|1|0.0000|0.0000|0.0000|0|56.84
三安光电|600703|-0.28|48981461|517914240.00|-1.32|1.60|-2.26|10.61|10.50|10.81|10.40|48.98|10.64|53142504|576502208.00|1|0.0000|0.0000|0.0000|0|10.64
物产中大|600704|1.94|88798002|417981472.00|-0.86|2.80|-0.86|4.73|4.60|4.77|4.60|88.80|4.64|106934047|507742016.00|1|0.0000|0.0000|0.0000|0|4.64
曲江文旅|600706|-0.54|14083760|129966792.00|-2.60|1.84|-2.71|9.19|9.00|9.41|8.99|14.08|9.24|12681100|119437664.00|1|0.0000|0.0000|0.0000|0|9.24
彩虹股份|600707|-6.11|71215196|449209568.00|-1.94|-1.34|-8.94|6.30|6.58|6.62|6.11|71.22|6.71|14416500|98076152.00|1|0.0000|0.0000|0.0000|0|6.71
光明地产|600708|-5.46|38914394|108190128.00|-3.75|-0.34|-8.53|2.77|2.82|2.92|2.68|38.91|2.93|25295300|74980192.00|1|0.0000|0.0000|0.0000|0|2.93
苏美达|600710|-6.47|40052554|334927232.00|-0.11|-0.11|-9.15|8.38|8.95|8.95|8.14|40.05|8.96|12448200|112347952.00|1|0.0000|0.0000|0.0000|0|8.96
盛屯矿业|600711|-5.08|70592200|369275264.00|-5.08|-4.54|-5.08|5.23|5.23|5.26|5.23|70.59|5.51|9191700|50646268.00|1|0.0000|0.0000|0.0000|0|5.51
南宁百货|600712|6.12|24116800|119292144.00|0.00|8.86|-2.74|5.03|4.74|5.16|4.61|24.12|4.74|16345700|79253480.00|1|0.0000|0.0000|0.0000|0|4.74
南京医药|600713|3.03|20941031|98710576.00|1.30|3.25|0.22|4.76|4.68|4.77|4.63|20.94|4.62|22790680|108558224.00|1|0.0000|0.0000|0.0000|0|4.62
金瑞矿业|600714|-4.22|14434475|135292240.00|-4.02|0.50|-8.24|9.53|9.55|10.00|9.13|14.43|9.95|5970600|59682132.00|1|0.0000|0.0000|0.0000|0|9.95
文投控股|600715|-4.90|34622700|67815248.00|-2.94|-1.47|-4.90|1.94|1.98|2.01|1.94|34.62|2.04|21589800|44091180.00|1|0.0000|0.0000|0.0000|0|2.04
凤凰股份|600716|-1.32|14164116|42091512.00|-0.66|1.32|-3.64|2.98|3.00|3.06|2.91|14.16|3.02|19500101|59940748.00|1|0.0000|0.0000|0.0000|0|3.02
天津港|600717|1.62|45602005|198719040.00|0.46|2.55|-0.93|4.39|4.34|4.43|4.28|45.60|4.32|42230966|188011680.00|1|0.0000|0.0000|0.0000|0|4.32
东软集团|600718|-3.08|53715459|523377408.00|-0.89|0.69|-5.75|9.77|9.99|10.15|9.50|53.72|10.08|34725883|353797056.00|1|0.0000|0.0000|0.0000|0|10.08
大连热电|600719|0.50|18972808|115725352.00|-1.16|2.48|-1.32|6.09|5.99|6.21|5.98|18.97|6.06|19281000|118630048.00|1|0.0000|0.0000|0.0000|0|6.06
中交设计|600720|3.80|13768168|108319232.00|1.05|4.33|1.05|7.92|7.71|7.96|7.71|13.77|7.63|15139485|118606760.00|1|0.0000|0.0000|0.0000|0|7.63
百花医药|600721|-0.15|45196206|298022048.00|0.60|3.01|-3.92|6.63|6.68|6.84|6.38|45.20|6.64|56351851|390631840.00|1|0.0000|0.0000|0.0000|0|6.64
金牛化工|600722|-2.77|20127846|92430432.00|0.00|1.28|-4.69|4.56|4.69|4.75|4.47|20.13|4.69|15706001|74490136.00|1|0.0000|0.0000|0.0000|0|4.69
宁波富达|600724|-1.63|14345000|59952508.00|-3.49|-0.47|-6.74|4.23|4.15|4.28|4.01|14.34|4.30|10201200|44439348.00|1|0.0000|0.0000|0.0000|0|4.30
云维股份|600725|-1.37|34477710|99350920.00|-2.73|1.37|-3.75|2.89|2.85|2.97|2.82|34.48|2.93|41301300|122852280.00|1|0.0000|0.0000|0.0000|0|2.93
华电能源|600726|2.40|42521000|89804320.00|-0.48|3.37|-0.48|2.13|2.07|2.15|2.07|42.52|2.08|51038800|109547656.00|1|0.0000|0.0000|0.0000|0|2.08
鲁北化工|600727|1.96|53455147|413732096.00|-0.13|4.97|-2.35|7.80|7.64|8.03|7.47|53.46|7.65|50098300|396387200.00|1|0.0000|0.0000|0.0000|0|7.65
佳都科技|600728|-1.98|66658133|297822560.00|0.00|2.20|-5.05|4.46|4.55|4.65|4.32|66.66|4.55|47087200|216948448.00|1|0.0000|0.0000|0.0000|0|4.55
重庆百货|600729|8.72|9360129|282565152.00|3.07|8.86|2.44|30.80|29.20|30.84|29.02|9.36|28.33|7394829|215841744.00|1|0.0000|0.0000|0.0000|0|28.33
中国高科|600730|-4.20|22214719|126564512.00|-1.18|0.17|-7.56|5.70|5.88|5.96|5.50|22.21|5.95|11838519|71364888.00|1|0.0000|0.0000|0.0000|0|5.95
湖南海利|600731|3.18|19388362|118639488.00|1.84|4.85|0.00|6.17|6.09|6.27|5.98|19.39|5.98|17239251|106662608.00|1|0.0000|0.0000|0.0000|0|5.98
爱旭股份|600732|-6.51|56345270|569678592.00|-2.97|0.65|-9.76|10.06|10.44|10.83|9.71|56.35|10.76|24817325|269011072.00|1|0.0000|0.0000|0.0000|0|10.76
北汽蓝谷|600733|-4.85|222018067|1613361408.00|-0.52|0.79|-8.26|7.26|7.59|7.69|7.00|222.02|7.63|131305418|1012544960.00|1|0.0000|0.0000|0.0000|0|7.63
实达集团|600734|-4.39|113740099|444956736.00|-2.20|1.22|-9.51|3.92|4.01|4.15|3.71|113.74|4.10|66106908|275828384.00|1|0.0000|0.0000|0.0000|0|4.10
ST新华锦|600735|-8.75|18560502|86561944.00|-3.58|-2.98|-9.74|4.59|4.85|4.88|4.54|18.56|5.03|10439700|52801960.00|1|0.0000|0.0000|0.0000|0|5.03
苏州高新|600736|-0.79|20483801|102755040.00|-1.18|0.79|-3.54|5.05|5.03|5.13|4.91|20.48|5.09|20405347|105023216.00|1|0.0000|0.0000|0.0000|0|5.09
中粮糖业|600737|5.10|48592465|465840992.00|0.00|5.64|0.00|9.69|9.22|9.74|9.22|48.59|9.22|44502205|417549888.00|1|0.0000|0.0000|0.0000|0|9.22
丽尚国潮|600738|10.02|39293000|186879024.00|1.11|10.02|0.00|4.94|4.54|4.94|4.49|39.29|4.49|26383500|118636992.00|1|0.0000|0.0000|0.0000|0|4.49
辽宁成大|600739|-0.63|19709554|186540416.00|0.21|0.84|-2.10|9.48|9.56|9.62|9.34|19.71|9.54|23191650|225455712.00|1|0.0000|0.0000|0.0000|0|9.54
山西焦化|600740|1.74|29104516|101585600.00|0.29|2.61|0.00|3.51|3.46|3.54|3.45|29.10|3.45|30194039|107356896.00|1|0.0000|0.0000|0.0000|0|3.45
华域汽车|600741|1.19|20093372|338666720.00|1.08|1.97|-0.66|16.94|16.92|17.07|16.63|20.09|16.74|32596114|551487424.00|1|0.0000|0.0000|0.0000|0|16.74
富维股份|600742|-1.59|12682127|101661696.00|0.00|0.86|-3.55|8.05|8.18|8.25|7.89|12.68|8.18|10151228|84637752.00|1|0.0000|0.0000|0.0000|0|8.18
华远控股|600743|0.63|30266670|47634420.00|-5.03|1.26|-5.03|1.60|1.51|1.61|1.51|30.27|1.59|28038434|45398768.00|1|0.0000|0.0000|0.0000|0|1.59
华银电力|600744|10.03|84841087|280312864.00|0.32|10.03|0.32|3.40|3.10|3.40|3.10|84.84|3.09|77300100|247494512.00|1|0.0000|0.0000|0.0000|0|3.09
闻泰科技|600745|-0.66|20590481|589286720.00|0.07|2.26|-3.06|28.61|28.82|29.45|27.92|20.59|28.80|21497438|632681600.00|1|0.0000|0.0000|0.0000|0|28.80
江苏索普|600746|1.82|65840186|585201728.00|-1.82|4.31|-3.41|8.97|8.65|9.19|8.51|65.84|8.81|74207355|637461248.00|1|0.0000|0.0000|0.0000|0|8.81
上实发展|600748|-1.69|13896690|40206716.00|-0.34|1.01|-5.41|2.91|2.95|2.99|2.80|13.90|2.96|16802300|50618656.00|1|0.0000|0.0000|0.0000|0|2.96
西藏旅游|600749|4.10|8935251|97007648.00|-0.10|5.14|-0.10|10.93|10.49|11.04|10.49|8.94|10.50|11226300|121693800.00|1|0.0000|0.0000|0.0000|0|10.50
江中药业|600750|1.35|11213310|251482464.00|-0.63|1.89|-0.67|22.58|22.14|22.70|22.13|11.21|22.28|13750475|307396704.00|1|0.0000|0.0000|0.0000|0|22.28
海航科技|600751|0.40|51924966|130749280.00|-1.58|1.58|-2.37|2.54|2.49|2.57|2.47|51.92|2.53|45102700|115919904.00|1|0.0000|0.0000|0.0000|0|2.53
*ST海钦|600753|-4.93|7880600|39159656.00|0.59|2.56|-5.72|4.82|5.10|5.20|4.78|7.88|5.07|7690500|39575852.00|1|0.0000|0.0000|0.0000|0|5.07
锦江酒店|600754|4.12|11371016|282728864.00|1.17|4.75|1.17|25.01|24.30|25.16|24.30|11.37|24.02|12709134|314842528.00|1|0.0000|0.0000|0.0000|0|24.02
厦门国贸|600755|4.63|26838269|162941888.00|0.34|5.66|0.34|6.10|5.85|6.16|5.85|26.84|5.83|34341139|206305264.00|1|0.0000|0.0000|0.0000|0|5.83
浪潮软件|600756|-5.97|20475500|269584992.00|-6.12|-1.92|-9.67|13.22|13.20|13.79|12.70|20.48|14.06|6208968|87543592.00|1|0.0000|0.0000|0.0000|0|14.06
长江传媒|600757|2.04|31011378|278052768.00|0.45|3.17|-0.23|9.01|8.87|9.11|8.81|31.01|8.83|38227320|338539168.00|1|0.0000|0.0000|0.0000|0|8.83
辽宁能源|600758|-1.49|37042300|121717416.00|-0.30|0.90|-4.48|3.30|3.34|3.38|3.20|37.04|3.35|32861700|111909376.00|1|0.0000|0.0000|0.0000|0|3.35
洲际油气|600759|1.44|137492676|288049376.00|0.00|2.40|-1.44|2.11|2.08|2.13|2.05|137.49|2.08|183777869|388979648.00|1|0.0000|0.0000|0.0000|0|2.08
中航沈飞|600760|1.84|22087158|917403456.00|-0.05|1.84|-0.27|42.00|41.22|42.00|41.13|22.09|41.24|34652243|1428184448.00|1|0.0000|0.0000|0.0000|0|41.24
安徽合力|600761|-8.15|47208483|721314304.00|-0.91|-0.91|-9.79|15.11|16.30|16.30|14.84|47.21|16.45|11572200|190988608.00|1|0.0000|0.0000|0.0000|0|16.45
通策医疗|600763|2.58|6402916|270843456.00|0.48|3.36|0.48|42.47|41.60|42.79|41.60|6.40|41.40|8814420|375544960.00|1|0.0000|0.0000|0.0000|0|41.40
中国海防|600764|1.76|9124911|235713408.00|-2.85|2.61|-2.85|26.08|24.90|26.30|24.90|9.12|25.63|10360899|273717312.00|1|0.0000|0.0000|0.0000|0|25.63
中航重机|600765|3.69|31405588|472413920.00|1.37|4.38|1.30|15.16|14.82|15.26|14.81|31.41|14.62|40339168|603489408.00|1|0.0000|0.0000|0.0000|0|14.62
宁波富邦|600768|-2.85|4493108|36857944.00|-0.83|2.02|-6.17|8.19|8.36|8.60|7.91|4.49|8.43|2455000|20962784.00|1|0.0000|0.0000|0.0000|0|8.43
祥龙电业|600769|-4.83|22242717|208514016.00|1.85|3.18|-9.96|9.27|9.92|10.05|8.77|22.24|9.74|21081700|211573488.00|1|0.0000|0.0000|0.0000|0|9.74
综艺股份|600770|-3.14|21060663|78272696.00|-2.09|1.05|-6.02|3.70|3.74|3.86|3.59|21.06|3.82|14657025|56626572.00|1|0.0000|0.0000|0.0000|0|3.82
广誉远|600771|4.17|10417360|175437536.00|0.31|4.66|0.31|16.98|16.35|17.06|16.35|10.42|16.30|14172021|238899648.00|1|0.0000|0.0000|0.0000|0|16.30
西藏城投|600773|-1.44|15761735|139731888.00|-1.88|0.99|-3.76|8.92|8.88|9.14|8.71|15.76|9.05|12843100|119062760.00|1|0.0000|0.0000|0.0000|0|9.05
汉商集团|600774|-2.36|9403990|66179188.00|0.69|0.69|-4.58|7.03|7.25|7.25|6.87|9.40|7.20|6578800|48110248.00|1|0.0000|0.0000|0.0000|0|7.20
南京熊猫|600775|-3.21|29963876|252782096.00|-1.49|0.92|-6.99|8.45|8.60|8.81|8.12|29.96|8.73|16788400|147673600.00|1|0.0000|0.0000|0.0000|0|8.73
东方通信|600776|-2.43|19501884|186970688.00|-2.13|1.01|-5.07|9.62|9.65|9.96|9.36|19.50|9.86|13736100|137230912.00|1|0.0000|0.0000|0.0000|0|9.86
*ST新潮|600777|-1.86|218743517|581029632.00|0.00|0.37|-2.97|2.64|2.69|2.70|2.61|218.74|2.69|282122059|758344576.00|1|0.0000|0.0000|0.0000|0|2.69
友好集团|600778|9.93|39031095|231341744.00|-1.99|9.93|-2.17|6.09|5.43|6.09|5.42|39.03|5.54|18654600|106426472.00|1|0.0000|0.0000|0.0000|0|5.54
水井坊|600779|2.39|6477866|298555328.00|1.00|3.46|0.82|46.23|45.60|46.71|45.52|6.48|45.15|9210221|423391232.00|1|0.0000|0.0000|0.0000|0|45.15
通宝能源|600780|3.21|19604500|106744192.00|-0.38|5.48|-0.38|5.46|5.27|5.58|5.27|19.60|5.29|19768240|107887072.00|1|0.0000|0.0000|0.0000|0|5.29
新钢股份|600782|0.00|63672500|241426208.00|0.00|1.05|-2.62|3.82|3.82|3.86|3.72|63.67|3.82|52515511|205951632.00|1|0.0000|0.0000|0.0000|0|3.82
鲁信创投|600783|-1.45|8279689|89507264.00|0.00|0.63|-3.81|10.87|11.03|11.10|10.61|8.28|11.03|7060300|79130512.00|1|0.0000|0.0000|0.0000|0|11.03
鲁银投资|600784|-3.55|16673300|91762480.00|-0.53|0.89|-4.80|5.43|5.60|5.68|5.36|16.67|5.63|14790000|84422056.00|1|0.0000|0.0000|0.0000|0|5.63
新华百货|600785|10.00|9634901|112665400.00|2.78|10.00|2.41|11.88|11.10|11.88|11.06|9.63|10.80|15476072|171030384.00|1|0.0000|0.0000|0.0000|0|10.80
中储股份|600787|10.07|90877328|539561792.00|0.55|10.07|0.55|6.01|5.49|6.01|5.49|90.88|5.46|104740082|608231040.00|1|0.0000|0.0000|0.0000|0|5.46
鲁抗医药|600789|-0.69|195040268|1932235264.00|-3.92|1.76|-7.16|10.13|9.80|10.38|9.47|195.04|10.20|135617012|1421894656.00|1|0.0000|0.0000|0.0000|0|10.20
轻纺城|600790|1.85|18251695|60220348.00|0.62|3.08|-0.62|3.31|3.27|3.35|3.23|18.25|3.25|25411967|84947016.00|1|0.0000|0.0000|0.0000|0|3.25
京能置业|600791|-3.49|12038610|43492016.00|0.00|0.54|-5.63|3.60|3.73|3.75|3.52|12.04|3.73|8118100|30846582.00|1|0.0000|0.0000|0.0000|0|3.73
云煤能源|600792|1.37|12741988|37481392.00|-0.68|1.71|-0.68|2.96|2.90|2.97|2.90|12.74|2.92|22975679|68094432.00|1|0.0000|0.0000|0.0000|0|2.92
宜宾纸业|600793|10.03|12524480|192887472.00|-0.34|10.03|-0.61|16.23|14.70|16.23|14.66|12.52|14.75|17434630|285146976.00|1|0.0000|0.0000|0.0000|0|14.75
保税科技|600794|1.91|16285739|51824288.00|0.96|3.18|-0.64|3.20|3.17|3.24|3.12|16.29|3.14|27042790|87507960.00|1|0.0000|0.0000|0.0000|0|3.14
国电电力|600795|2.53|249250707|1098052352.00|-0.23|2.53|-0.46|4.46|4.34|4.46|4.33|249.25|4.35|399353683|1745321728.00|1|0.0000|0.0000|0.0000|0|4.35
钱江生化|600796|-1.55|11091120|55592416.00|-2.72|-0.19|-4.85|5.07|5.01|5.14|4.90|11.09|5.15|8073800|42222668.00|1|0.0000|0.0000|0.0000|0|5.15
浙大网新|600797|-7.73|162688762|1433927680.00|-4.98|-0.53|-9.96|8.71|8.97|9.39|8.50|162.69|9.44|35170900|333681696.00|1|0.0000|0.0000|0.0000|0|9.44
宁波海运|600798|-0.36|21865000|60047792.00|0.36|2.18|-1.45|2.74|2.76|2.81|2.71|21.87|2.75|23990260|67737184.00|1|0.0000|0.0000|0.0000|0|2.75
渤海化学|600800|-6.11|31123811|77412064.00|-4.96|-0.76|-8.40|2.46|2.49|2.60|2.40|31.12|2.62|18223200|48201856.00|1|0.0000|0.0000|0.0000|0|2.62
华新建材|600801|3.66|19679718|272416672.00|-0.07|5.53|-0.07|13.88|13.38|14.13|13.38|19.68|13.39|19136690|260948016.00|1|0.0000|0.0000|0.0000|0|13.39
福建水泥|600802|-3.84|14798500|55612636.00|-1.28|-0.26|-6.39|3.76|3.86|3.90|3.66|14.80|3.91|11141320|43793108.00|1|0.0000|0.0000|0.0000|0|3.91
新奥股份|600803|1.76|16443262|317572384.00|-1.03|1.76|-2.27|19.70|19.16|19.70|18.92|16.44|19.36|23452929|448184320.00|1|0.0000|0.0000|0.0000|0|19.36
悦达投资|600805|-3.35|19123599|77574200.00|0.24|1.20|-5.74|4.04|4.19|4.23|3.94|19.12|4.18|12917952|55047912.00|1|0.0000|0.0000|0.0000|0|4.18
济高发展|600807|-1.64|24443279|58148360.00|-5.74|-0.41|-5.74|2.40|2.30|2.43|2.30|24.44|2.44|19367182|47786364.00|1|0.0000|0.0000|0.0000|0|2.44
马钢股份|600808|-3.16|103222560|284977920.00|0.00|0.00|-5.26|2.76|2.85|2.85|2.70|103.22|2.85|76002180|220682480.00|1|0.0000|0.0000|0.0000|0|2.85
山西汾酒|600809|0.00|8942826|1893647616.00|-0.69|0.00|-3.91|216.50|215.00|216.50|208.04|8.94|216.50|9447972|2011018112.00|1|0.0000|0.0000|0.0000|0|216.50
神马股份|600810|0.00|15982902|113104888.00|-0.84|1.82|-3.07|7.16|7.10|7.29|6.94|15.98|7.16|16559670|121261976.00|1|0.0000|0.0000|0.0000|0|7.16
华北制药|600812|1.59|31247766|177564640.00|-2.65|2.12|-3.18|5.75|5.51|5.78|5.48|31.25|5.66|32866900|191956752.00|1|0.0000|0.0000|0.0000|0|5.66
杭州解百|600814|7.08|22708414|168754416.00|1.84|7.51|0.28|7.56|7.19|7.59|7.08|22.71|7.06|14073700|101463480.00|1|0.0000|0.0000|0.0000|0|7.06
厦工股份|600815|-2.82|22926300|55187144.00|-3.23|-0.40|-4.84|2.41|2.40|2.47|2.36|22.93|2.48|21027000|52931192.00|1|0.0000|0.0000|0.0000|0|2.48
建元信托|600816|1.15|75122340|196565008.00|0.00|1.92|-1.92|2.64|2.61|2.66|2.56|75.12|2.61|60704100|161878640.00|1|0.0000|0.0000|0.0000|0|2.61
宇通重工|600817|-4.69|7975410|83485248.00|0.00|0.37|-6.99|10.36|10.87|10.91|10.11|7.98|10.87|5501800|60768528.00|1|0.0000|0.0000|0.0000|0|10.87
中路股份|600818|-7.18|10971000|108619280.00|-9.73|-2.08|-9.73|9.83|9.56|10.37|9.56|10.97|10.59|6249200|67092156.00|1|0.0000|0.0000|0.0000|0|10.59
耀皮玻璃|600819|-1.05|12815322|59988568.00|-0.63|0.84|-3.99|4.71|4.73|4.80|4.57|12.82|4.76|9952805|48205928.00|1|0.0000|0.0000|0.0000|0|4.76
隧道股份|600820|2.74|39220150|234323232.00|-0.51|3.77|-0.51|5.99|5.80|6.05|5.80|39.22|5.83|51032394|304252608.00|1|0.0000|0.0000|0.0000|0|5.83
金开新能|600821|3.34|47955198|264801760.00|0.37|3.90|0.37|5.57|5.41|5.60|5.41|47.96|5.39|53394800|296964096.00|1|0.0000|0.0000|0.0000|0|5.39
上海物贸|600822|-1.64|6919300|58465244.00|1.29|1.40|-4.21|8.42|8.67|8.68|8.20|6.92|8.56|8336300|72081344.00|1|0.0000|0.0000|0.0000|0|8.56
益民集团|600824|6.12|53497776|210561296.00|0.27|7.71|0.27|3.99|3.77|4.05|3.77|53.50|3.76|44479596|171500656.00|1|0.0000|0.0000|0.0000|0|3.76
新华传媒|600825|-3.07|22156601|126684056.00|-3.41|0.85|-5.96|5.69|5.67|5.92|5.52|22.16|5.87|17260400|102338232.00|1|0.0000|0.0000|0.0000|0|5.87
兰生股份|600826|-1.13|13747961|94474624.00|0.00|0.42|-5.23|6.99|7.07|7.10|6.70|13.75|7.07|9614916|68916328.00|1|0.0000|0.0000|0.0000|0|7.07
百联股份|600827|7.09|28253702|252560144.00|1.42|7.33|1.30|9.06|8.58|9.08|8.57|28.25|8.46|22223889|194987536.00|1|0.0000|0.0000|0.0000|0|8.46
茂业商业|600828|9.86|20226635|61059320.00|3.17|9.86|1.06|3.12|2.93|3.12|2.87|20.23|2.84|13257500|38768460.00|1|0.0000|0.0000|0.0000|0|2.84
人民同泰|600829|-4.47|14020249|99191632.00|-2.44|-0.14|-7.31|7.06|7.21|7.38|6.85|14.02|7.39|8229400|61655036.00|1|0.0000|0.0000|0.0000|0|7.39
香溢融通|600830|-4.92|19198602|152008736.00|-2.04|-0.36|-8.76|7.92|8.16|8.30|7.60|19.20|8.33|11456700|96608864.00|1|0.0000|0.0000|0.0000|0|8.33
广电网络|600831|-4.92|5668100|14232891.00|-4.92|-3.03|-4.92|2.51|2.51|2.56|2.51|5.67|2.64|2814700|7442456.00|1|0.0000|0.0000|0.0000|0|2.64
第一医药|600833|0.78|5432529|62550792.00|0.09|2.09|-1.65|11.58|11.50|11.73|11.30|5.43|11.49|5887100|68495552.00|1|0.0000|0.0000|0.0000|0|11.49
申通地铁|600834|0.68|5063800|37295364.00|1.37|2.32|-1.23|7.37|7.42|7.49|7.23|5.06|7.32|6704957|50330376.00|1|0.0000|0.0000|0.0000|0|7.32
上海机电|600835|-9.83|34946500|629085568.00|-2.74|-1.47|-9.98|17.80|19.20|19.45|17.77|34.95|19.74|10653473|212340256.00|1|0.0000|0.0000|0.0000|0|19.74
上海九百|600838|3.53|21039943|158082016.00|-2.17|5.43|-3.13|7.62|7.20|7.76|7.13|21.04|7.36|10827893|80818864.00|1|0.0000|0.0000|0.0000|0|7.36
四川长虹|600839|-1.00|205461974|1821294720.00|-4.44|0.78|-4.44|8.91|8.60|9.07|8.60|205.46|9.00|160330839|1456860032.00|1|0.0000|0.0000|0.0000|0|9.00
动力新科|600841|-7.89|34053741|160035936.00|-2.37|-1.58|-10.06|4.67|4.95|4.99|4.56|34.05|5.07|15108300|77289776.00|1|0.0000|0.0000|0.0000|0|5.07
上工申贝|600843|-6.74|32779000|326374112.00|-7.30|-0.94|-10.02|9.96|9.90|10.58|9.61|32.78|10.68|10747200|115325360.00|1|0.0000|0.0000|0.0000|0|10.68
金煤科技|600844|4.73|61026781|172808704.00|-1.82|7.64|-2.18|2.88|2.70|2.96|2.69|61.03|2.75|69260101|194922560.00|1|0.0000|0.0000|0.0000|0|2.75
宝信软件|600845|0.42|24304102|631503040.00|-0.15|1.73|-1.88|26.15|26.00|26.49|25.55|24.30|26.04|29879692|786873216.00|1|0.0000|0.0000|0.0000|0|26.04
同济科技|600846|-0.98|9758442|78550040.00|0.61|1.35|-3.44|8.07|8.20|8.26|7.87|9.76|8.15|10717500|88328904.00|1|0.0000|0.0000|0.0000|0|8.15
万里股份|600847|-5.36|3734900|30015196.00|-2.98|0.95|-7.38|7.95|8.15|8.48|7.78|3.73|8.40|1440900|12261344.00|1|0.0000|0.0000|0.0000|0|8.40
上海临港|600848|1.72|13585236|119668688.00|0.23|2.41|-0.34|8.85|8.72|8.91|8.67|13.59|8.70|17353245|156282448.00|1|0.0000|0.0000|0.0000|0|8.70
电科数字|600850|0.18|13942594|304495968.00|-0.59|1.96|-2.14|21.96|21.79|22.35|21.45|13.94|21.92|13936147|311187648.00|1|0.0000|0.0000|0.0000|0|21.92
海欣股份|600851|-4.89|33053244|202512416.00|-6.57|-1.68|-9.94|6.22|6.11|6.43|5.89|33.05|6.54|19526805|129405888.00|1|0.0000|0.0000|0.0000|0|6.54
龙建股份|600853|0.58|36871820|126601936.00|0.00|3.20|-3.20|3.46|3.44|3.55|3.33|36.87|3.44|31738396|111093360.00|1|0.0000|0.0000|0.0000|0|3.44
春兰股份|600854|-3.55|16884000|69173040.00|-0.47|0.00|-5.67|4.08|4.21|4.23|3.99|16.88|4.23|11902700|51224084.00|1|0.0000|0.0000|0.0000|0|4.23
航天长峰|600855|-0.21|8896240|85904928.00|-0.10|1.23|-2.67|9.71|9.72|9.85|9.47|8.90|9.73|10208745|100925800.00|1|0.0000|0.0000|0.0000|0|9.73
宁波中百|600857|5.49|14900300|127560752.00|0.61|6.71|-2.56|8.65|8.25|8.75|7.99|14.90|8.20|11391000|97991976.00|1|0.0000|0.0000|0.0000|0|8.20
银座股份|600858|4.93|23300075|107489440.00|0.00|5.83|-0.67|4.68|4.46|4.72|4.43|23.30|4.46|13181800|60610508.00|1|0.0000|0.0000|0.0000|0|4.46
王府井|600859|7.81|39589492|515841984.00|0.89|7.97|0.64|13.39|12.53|13.41|12.50|39.59|12.42|34947201|447257376.00|1|0.0000|0.0000|0.0000|0|12.42
京城股份|600860|-9.96|23547700|241951920.00|-9.33|-4.44|-9.96|10.13|10.20|10.75|10.13|23.55|11.25|6103800|69179840.00|1|0.0000|0.0000|0.0000|0|11.25
北京人力|600861|5.06|5213349|107272168.00|2.18|7.23|1.42|20.77|20.20|21.20|20.05|5.21|19.77|5288252|107250352.00|1|0.0000|0.0000|0.0000|0|19.77
中航高科|600862|4.23|17817821|394135712.00|0.28|4.51|0.28|22.40|21.55|22.46|21.55|17.82|21.49|20664172|455788960.00|1|0.0000|0.0000|0.0000|0|21.49
内蒙华电|600863|2.33|93985619|369289824.00|0.00|2.58|-0.26|3.96|3.87|3.97|3.86|93.99|3.87|146676026|568276160.00|1|0.0000|0.0000|0.0000|0|3.87
哈投股份|600864|-0.35|42571762|240123200.00|0.35|1.95|-2.48|5.63|5.67|5.76|5.51|42.57|5.65|48249530|279605216.00|1|0.0000|0.0000|0.0000|0|5.65
百大集团|600865|5.30|11702300|96491824.00|-1.52|7.45|-1.52|8.34|7.80|8.51|7.80|11.70|7.92|7202200|57995560.00|1|0.0000|0.0000|0.0000|0|7.92
星湖科技|600866|7.79|53093133|337542336.00|1.16|8.46|0.33|6.50|6.10|6.54|6.05|53.09|6.03|49100180|306854592.00|1|0.0000|0.0000|0.0000|0|6.03
通化东宝|600867|3.54|21329002|155171632.00|1.27|4.25|0.85|7.31|7.15|7.36|7.12|21.33|7.06|32584392|237738576.00|1|0.0000|0.0000|0.0000|0|7.06
梅雁吉祥|600868|-0.36|60783263|169126944.00|-1.08|1.79|-2.51|2.78|2.76|2.84|2.72|60.78|2.79|73035910|207956384.00|1|0.0000|0.0000|0.0000|0|2.79
远东股份|600869|-1.62|34064999|145338192.00|0.46|2.55|-3.01|4.25|4.34|4.43|4.19|34.06|4.32|29178626|127759184.00|1|0.0000|0.0000|0.0000|0|4.32
石化油服|600871|2.89|92787900|163435184.00|0.00|2.89|0.00|1.78|1.73|1.78|1.73|92.79|1.73|156208000|277118944.00|1|0.0000|0.0000|0.0000|0|1.73
中炬高新|600872|5.46|15944918|312105216.00|1.27|5.46|1.11|19.89|19.10|19.89|19.07|15.94|18.86|18915084|369538528.00|1|0.0000|0.0000|0.0000|0|18.86
梅花生物|600873|5.32|83212605|889818048.00|-0.10|6.20|-0.77|10.88|10.32|10.97|10.25|83.21|10.33|67682981|707908288.00|1|0.0000|0.0000|0.0000|0|10.33
创业环保|600874|3.56|18429004|101194288.00|1.13|4.69|0.75|5.52|5.39|5.58|5.37|18.43|5.33|23258291|128214328.00|1|0.0000|0.0000|0.0000|0|5.33
东方电气|600875|3.41|43202353|618228864.00|0.14|3.41|-0.07|14.56|14.10|14.56|14.07|43.20|14.08|50718411|733360320.00|1|0.0000|0.0000|0.0000|0|14.08
凯盛新能|600876|0.46|3997300|34614860.00|-1.50|1.50|-2.08|8.70|8.53|8.79|8.48|4.00|8.66|5140700|45288076.00|1|0.0000|0.0000|0.0000|0|8.66
电科芯片|600877|0.80|14474459|162940896.00|-2.14|2.22|-2.14|11.33|11.00|11.49|11.00|14.47|11.24|14488308|166609904.00|1|0.0000|0.0000|0.0000|0|11.24
航天电子|600879|0.61|55858799|456344960.00|0.25|2.83|-1.11|8.19|8.16|8.37|8.05|55.86|8.14|54326440|456127552.00|1|0.0000|0.0000|0.0000|0|8.14
博瑞传播|600880|-1.93|33422507|134059264.00|-3.38|-0.24|-5.56|4.06|4.00|4.13|3.91|33.42|4.14|23618100|99233824.00|1|0.0000|0.0000|0.0000|0|4.14
亚泰集团|600881|0.66|56024267|84810968.00|-1.99|1.99|-3.31|1.52|1.48|1.54|1.46|56.02|1.51|105174400|160914000.00|1|0.0000|0.0000|0.0000|0|1.51
妙可蓝多|600882|10.01|31600838|786818816.00|1.78|10.01|-0.47|25.94|24.00|25.94|23.47|31.60|23.58|26957029|646141184.00|1|0.0000|0.0000|0.0000|0|23.58
博闻科技|600883|7.85|12229675|81927800.00|0.94|8.95|0.78|6.87|6.43|6.94|6.42|12.23|6.37|10654464|69157752.00|1|0.0000|0.0000|0.0000|0|6.37
杉杉股份|600884|-2.86|56038750|345660704.00|-1.90|1.11|-4.29|6.12|6.18|6.37|6.03|56.04|6.30|48816550|313217760.00|1|0.0000|0.0000|0.0000|0|6.30
宏发股份|600885|1.17|12054849|378841664.00|-0.16|2.12|-2.63|31.90|31.48|32.20|30.70|12.05|31.53|14364810|460417120.00|1|0.0000|0.0000|0.0000|0|31.53
国投电力|600886|0.42|64723766|927206848.00|-0.63|0.42|-1.60|14.45|14.30|14.45|14.16|64.72|14.39|94214671|1354429440.00|1|0.0000|0.0000|0.0000|0|14.39
伊利股份|600887|4.13|113204246|3191082752.00|-0.04|4.13|-1.63|28.73|27.58|28.73|27.14|113.20|27.59|111579948|3074727680.00|1|0.0000|0.0000|0.0000|0|27.59
新疆众和|600888|1.69|23616681|156377376.00|0.61|2.76|0.15|6.63|6.56|6.70|6.53|23.62|6.52|33054086|220334208.00|1|0.0000|0.0000|0.0000|0|6.52
南京化纤|600889|-6.22|15456530|215963920.00|-5.41|0.00|-8.78|13.88|14.00|14.80|13.50|15.46|14.80|6451600|96300440.00|1|0.0000|0.0000|0.0000|0|14.80
*ST大晟|600892|1.45|20518600|56623128.00|-0.73|3.27|-2.55|2.79|2.73|2.84|2.68|20.52|2.75|20801100|57811848.00|1|0.0000|0.0000|0.0000|0|2.75
航发动力|600893|2.87|32448984|1040243392.00|-0.06|3.22|-0.16|32.61|31.68|32.72|31.65|32.45|31.70|48277884|1532441088.00|1|0.0000|0.0000|0.0000|0|31.70
广日股份|600894|4.30|10630349|117136408.00|0.19|4.77|0.19|11.15|10.71|11.20|10.71|10.63|10.69|11061729|122281912.00|1|0.0000|0.0000|0.0000|0|10.69
张江高科|600895|0.99|27325842|605787840.00|-0.27|1.44|-1.89|22.50|22.22|22.60|21.86|27.33|22.28|26008849|589641984.00|1|0.0000|0.0000|0.0000|0|22.28
厦门空港|600897|1.11|3827220|52511464.00|0.00|2.51|-0.37|13.72|13.57|13.91|13.52|3.83|13.57|6322620|87404672.00|1|0.0000|0.0000|0.0000|0|13.57
长江电力|600900|2.54|234119048|6700167168.00|-0.25|3.00|-1.16|29.05|28.26|29.18|28.00|234.12|28.33|325872228|9247372288.00|1|0.0000|0.0000|0.0000|0|28.33
江苏金租|600901|0.00|57608497|291413792.00|0.00|1.39|-0.59|5.05|5.05|5.12|5.02|57.61|5.05|83997755|428408000.00|1|0.0000|0.0000|0.0000|0|5.05
贵州燃气|600903|0.45|9912220|66028728.00|0.00|2.11|-0.60|6.68|6.65|6.79|6.61|9.91|6.65|8554036|57171980.00|0|0.0000|0.0000|0.0000|0|6.65
三峡能源|600905|3.36|262403007|1113224832.00|-0.24|3.36|-0.24|4.31|4.16|4.31|4.16|262.40|4.17|328814125|1377258624.00|1|0.0000|0.0000|0.0000|0|4.17
财达证券|600906|0.65|27862097|171332928.00|0.82|2.13|-0.33|6.15|6.16|6.24|6.09|27.86|6.11|43180754|270761024.00|1|0.0000|0.0000|0.0000|0|6.11
无锡银行|600908|2.82|44255360|240909536.00|-0.38|3.77|-0.38|5.46|5.29|5.51|5.29|44.26|5.31|49424953|270828736.00|1|0.0000|0.0000|0.0000|0|5.31
华安证券|600909|0.00|56659502|286122400.00|-0.39|0.99|-1.38|5.07|5.05|5.12|5.00|56.66|5.07|59837243|310232928.00|1|0.0000|0.0000|0.0000|0|5.07
中国黄金|600916|3.28|34115000|276276768.00|0.00|3.28|0.00|8.18|7.92|8.18|7.92|34.12|7.92|55454206|451482880.00|1|0.0000|0.0000|0.0000|0|7.92
重庆燃气|600917|3.97|7666000|41807564.00|0.38|4.54|0.38|5.50|5.31|5.53|5.31|7.67|5.29|12599700|68688736.00|1|0.0000|0.0000|0.0000|0|5.29
中泰证券|600918|2.07|39805851|235045904.00|1.55|2.93|0.17|5.93|5.90|5.98|5.82|39.81|5.81|58471500|347803616.00|1|0.0000|0.0000|0.0000|0|5.81
江苏银行|600919|0.86|205911048|1922418816.00|-0.43|1.18|-0.97|9.39|9.27|9.42|9.22|205.91|9.31|263135153|2449386496.00|1|0.0000|0.0000|0.0000|0|9.31
苏能股份|600925|1.42|18155700|90241392.00|0.20|2.03|0.00|4.99|4.93|5.02|4.92|18.16|4.92|20712400|103483256.00|1|0.0000|0.0000|0.0000|0|4.92
杭州银行|600926|2.88|63843624|902109376.00|0.00|3.02|-0.22|14.30|13.90|14.32|13.87|63.84|13.90|100647619|1406315520.00|1|0.0000|0.0000|0.0000|0|13.90
永安期货|600927|-0.33|6658292|78917232.00|-0.50|0.33|-2.17|11.92|11.90|12.00|11.70|6.66|11.96|8005099|98303080.00|1|0.0000|0.0000|0.0000|0|11.96
西安银行|600928|2.77|32926182|109672024.00|-0.31|4.00|-0.31|3.34|3.24|3.38|3.24|32.93|3.25|47206588|157463872.00|1|0.0000|0.0000|0.0000|0|3.25
雪天盐业|600929|4.77|23009373|115398944.00|0.00|5.39|0.00|5.05|4.82|5.08|4.82|23.01|4.82|25576667|127912048.00|1|0.0000|0.0000|0.0000|0|4.82
爱柯迪|600933|-9.97|39221500|517228832.00|-4.78|-3.60|-9.97|13.01|13.76|13.93|13.01|39.22|14.45|9047300|131129888.00|1|0.0000|0.0000|0.0000|0|14.45
华塑股份|600935|1.41|17573122|37722156.00|-0.94|1.88|-0.94|2.16|2.11|2.17|2.11|17.57|2.13|25820600|56628604.00|1|0.0000|0.0000|0.0000|0|2.13
广西广电|600936|1.25|18233976|58476264.00|-3.44|4.06|-3.44|3.24|3.09|3.33|3.09|18.23|3.20|21998300|71471192.00|1|0.0000|0.0000|0.0000|0|3.20
中国海油|600938|4.78|67251554|1600804608.00|0.99|4.82|0.47|24.34|23.46|24.35|23.34|67.25|23.23|105193284|2456603904.00|1|0.0000|0.0000|0.0000|0|23.23
重庆建工|600939|2.51|16089120|39093696.00|-0.42|3.35|-0.42|2.45|2.38|2.47|2.38|16.09|2.39|17719800|43251908.00|1|0.0000|0.0000|0.0000|0|2.39
中国移动|600941|2.90|32276570|3549051648.00|-0.42|3.00|-0.88|111.60|107.99|111.70|107.50|32.28|108.45|36828474|3965124096.00|1|0.0000|0.0000|0.0000|0|108.45
维远股份|600955|1.40|2993126|40966476.00|0.00|2.29|-1.11|13.74|13.55|13.86|13.40|2.99|13.55|4754600|65891176.00|1|0.0000|0.0000|0.0000|0|13.55
新天绿能|600956|4.12|10837600|76088648.00|0.00|4.71|0.00|7.08|6.80|7.12|6.80|10.84|6.80|15103670|104246016.00|1|0.0000|0.0000|0.0000|0|6.80
东方证券|600958|2.84|76922167|663549376.00|0.71|3.07|0.24|8.70|8.52|8.72|8.48|76.92|8.46|88687691|764819904.00|1|0.0000|0.0000|0.0000|0|8.46
江苏有线|600959|0.33|49917780|151285296.00|-0.66|1.66|-0.66|3.03|3.00|3.07|3.00|49.92|3.02|69806380|215083040.00|1|0.0000|0.0000|0.0000|0|3.02
渤海汽车|600960|-2.56|30469308|92948344.00|-2.56|0.64|-4.47|3.05|3.05|3.15|2.99|30.47|3.13|24479600|77564808.00|1|0.0000|0.0000|0.0000|0|3.13
株冶集团|600961|-2.81|30771347|252282096.00|-3.05|-1.41|-5.98|8.29|8.27|8.41|8.02|30.77|8.53|25195725|217152528.00|1|0.0000|0.0000|0.0000|0|8.53
国投中鲁|600962|1.11|11225823|129607568.00|0.00|6.69|-7.46|11.79|11.66|12.44|10.79|11.23|11.66|3417401|40484048.00|1|0.0000|0.0000|0.0000|0|11.66
岳阳林纸|600963|0.00|26753200|112567128.00|-1.42|1.18|-2.83|4.24|4.18|4.29|4.12|26.75|4.24|26504342|114448104.00|1|0.0000|0.0000|0.0000|0|4.24
福成股份|600965|9.93|100239491|617945728.00|-0.51|9.93|-5.72|6.53|5.91|6.53|5.60|100.24|5.94|78808215|466128576.00|1|0.0000|0.0000|0.0000|0|5.94
博汇纸业|600966|2.18|12823000|53796864.00|0.00|3.40|0.00|4.21|4.12|4.26|4.12|12.82|4.12|17244512|72789352.00|1|0.0000|0.0000|0.0000|0|4.12
内蒙一机|600967|0.41|33493900|331204960.00|-0.61|2.94|-1.62|9.90|9.80|10.15|9.70|33.49|9.86|26715300|270652288.00|1|0.0000|0.0000|0.0000|0|9.86
海油发展|600968|4.27|77876559|281611392.00|0.28|5.13|0.00|3.66|3.52|3.69|3.51|77.88|3.51|88213400|313617920.00|1|0.0000|0.0000|0.0000|0|3.51
郴电国际|600969|2.59|13729382|86292776.00|-1.13|4.86|-1.78|6.33|6.10|6.47|6.06|13.73|6.17|12494280|78679256.00|1|0.0000|0.0000|0.0000|0|6.17
中材国际|600970|1.99|29426423|253773552.00|-0.12|2.11|-0.82|8.71|8.53|8.72|8.47|29.43|8.54|35080850|306248128.00|1|0.0000|0.0000|0.0000|0|8.54
恒源煤电|600971|4.37|15623988|122860368.00|0.79|6.23|0.79|7.88|7.61|8.02|7.61|15.62|7.55|17348346|135102112.00|1|0.0000|0.0000|0.0000|0|7.55
宝胜股份|600973|-9.66|92290367|402900320.00|-2.31|-0.84|-10.08|4.30|4.65|4.72|4.28|92.29|4.76|38933259|186686864.00|1|0.0000|0.0000|0.0000|0|4.76
新五丰|600975|9.93|125209895|790700992.00|-0.17|9.93|-0.17|6.53|5.93|6.53|5.93|125.21|5.94|84465187|515797728.00|1|0.0000|0.0000|0.0000|0|5.94
健民集团|600976|7.44|4905104|228218336.00|2.28|7.87|1.52|47.50|45.22|47.69|44.88|4.91|44.21|3994706|182407216.00|1|0.0000|0.0000|0.0000|0|44.21
中国电影|600977|3.84|18399580|186541552.00|1.11|3.84|0.40|10.27|10.00|10.27|9.93|18.40|9.89|25432623|256881360.00|1|0.0000|0.0000|0.0000|0|9.89
广安爱众|600979|6.67|151564472|876247424.00|0.54|7.03|0.36|5.92|5.58|5.94|5.57|151.56|5.55|164032296|942393216.00|1|0.0000|0.0000|0.0000|0|5.55
北矿科技|600980|-0.13|8304616|125759112.00|-0.65|1.23|-4.68|15.38|15.30|15.59|14.68|8.30|15.40|5173200|81301256.00|1|0.0000|0.0000|0.0000|0|15.40
苏豪汇鸿|600981|-3.51|26956700|59532580.00|-3.07|0.44|-5.70|2.20|2.21|2.29|2.15|26.96|2.28|21832200|50616100.00|1|0.0000|0.0000|0.0000|0|2.28
宁波能源|600982|1.85|56185838|247313488.00|-0.23|3.93|-0.46|4.41|4.32|4.50|4.31|56.19|4.33|59681792|263833904.00|1|0.0000|0.0000|0.0000|0|4.33
惠而浦|600983|-5.40|7329248|60278028.00|-1.72|-0.92|-8.04|8.24|8.56|8.63|8.01|7.33|8.71|5091500|44911332.00|1|0.0000|0.0000|0.0000|0|8.71
建设机械|600984|2.55|22703855|71615712.00|-3.82|2.87|-3.82|3.22|3.02|3.23|3.02|22.70|3.14|19524402|62410768.00|1|0.0000|0.0000|0.0000|0|3.14
淮北矿业|600985|3.32|21718578|268430384.00|0.17|3.48|0.17|12.46|12.08|12.48|12.08|21.72|12.06|31796742|392707328.00|1|0.0000|0.0000|0.0000|0|12.06
浙文互联|600986|-7.02|136326379|958342208.00|-4.64|-1.99|-9.93|7.02|7.20|7.40|6.80|136.33|7.55|30068100|227874784.00|1|0.0000|0.0000|0.0000|0|7.55
航民股份|600987|2.07|21390910|148352256.00|0.00|4.58|-0.15|6.91|6.77|7.08|6.76|21.39|6.77|20626266|140199280.00|1|0.0000|0.0000|0.0000|0|6.77
赤峰黄金|600988|0.33|82391353|1747459456.00|-0.33|3.02|-2.78|21.27|21.13|21.84|20.61|82.39|21.20|104617307|2229473792.00|1|0.0000|0.0000|0.0000|0|21.20
宝丰能源|600989|4.90|68908845|1010229376.00|0.98|4.90|-1.26|15.00|14.44|15.00|14.12|68.91|14.30|70541404|1005371904.00|1|0.0000|0.0000|0.0000|0|14.30
四创电子|600990|-3.92|8092874|143487104.00|-0.87|1.36|-7.14|17.63|18.19|18.60|17.04|8.09|18.35|4842471|90133848.00|1|0.0000|0.0000|0.0000|0|18.35
贵绳股份|600992|-2.51|6081818|76070864.00|-2.82|0.70|-4.15|12.45|12.41|12.86|12.24|6.08|12.77|7989478|103503936.00|1|0.0000|0.0000|0.0000|0|12.77
马应龙|600993|3.18|18551731|469683232.00|0.68|3.38|0.16|25.67|25.05|25.72|24.92|18.55|24.88|21012060|529895648.00|1|0.0000|0.0000|0.0000|0|24.88
南网储能|600995|4.54|19513942|178615536.00|0.79|4.65|0.79|9.22|8.89|9.23|8.89|19.51|8.82|23775723|216088928.00|1|0.0000|0.0000|0.0000|0|8.82
贵广网络|600996|-4.62|26802390|221973344.00|-3.23|0.58|-8.43|8.26|8.38|8.71|7.93|26.80|8.66|16296118|143003376.00|1|0.0000|0.0000|0.0000|0|8.66
开滦股份|600997|1.28|16293313|103724712.00|0.00|4.15|-0.16|6.34|6.26|6.52|6.25|16.29|6.26|17740051|116295016.00|1|0.0000|0.0000|0.0000|0|6.26
九州通|600998|4.80|44164866|210390944.00|0.87|5.46|0.87|4.80|4.62|4.83|4.62|44.16|4.58|54964964|258472912.00|1|0.0000|0.0000|0.0000|0|4.58
招商证券|600999|2.82|40530398|685035456.00|0.12|3.00|-1.74|17.14|16.69|17.17|16.38|40.53|16.67|52781598|883507328.00|1|0.0000|0.0000|0.0000|0|16.67
唐山港|601000|2.57|70175538|306422176.00|0.47|3.27|0.23|4.39|4.30|4.42|4.29|70.18|4.28|93145012|405591584.00|1|0.0000|0.0000|0.0000|0|4.28
晋控煤业|601001|4.68|22188512|251407104.00|0.83|5.88|0.83|11.40|10.98|11.53|10.98|22.19|10.89|29066707|325222848.00|1|0.0000|0.0000|0.0000|0|10.89
晋亿实业|601002|-5.08|29755000|117116112.00|-3.15|-0.48|-7.75|3.92|4.00|4.11|3.81|29.75|4.13|13381900|55814340.00|1|0.0000|0.0000|0.0000|0|4.13
柳钢股份|601003|-1.80|19431159|52870516.00|0.00|0.36|-3.96|2.73|2.78|2.79|2.67|19.43|2.78|18903000|53681080.00|1|0.0000|0.0000|0.0000|0|2.78
重庆钢铁|601005|1.67|106216135|129142680.00|-0.83|2.50|-0.83|1.22|1.19|1.23|1.19|106.22|1.20|131748850|162373680.00|1|0.0000|0.0000|0.0000|0|1.20
大秦铁路|601006|4.02|177186701|1169471232.00|-0.31|4.17|-0.62|6.73|6.45|6.74|6.43|177.19|6.47|183971840|1187358080.00|1|0.0000|0.0000|0.0000|0|6.47
金陵饭店|601007|2.68|11572102|75357376.00|1.10|4.41|0.63|6.52|6.42|6.63|6.39|11.57|6.35|15984360|103972544.00|1|0.0000|0.0000|0.0000|0|6.35
连云港|601008|10.04|54241132|273456064.00|5.77|10.04|4.27|5.15|4.95|5.15|4.88|54.24|4.68|173184782|792189568.00|1|0.0000|0.0000|0.0000|0|4.68
南京银行|601009|1.38|55505505|567919936.00|0.00|1.38|-0.39|10.30|10.16|10.30|10.12|55.51|10.16|75827141|768847616.00|1|0.0000|0.0000|0.0000|0|10.16
文峰股份|601010|7.95|66640362|186597616.00|1.14|9.85|-1.52|2.85|2.67|2.90|2.60|66.64|2.64|34419400|92367944.00|1|0.0000|0.0000|0.0000|0|2.64
宝泰隆|601011|-2.18|37560108|83951392.00|-3.49|-0.44|-3.93|2.24|2.21|2.28|2.20|37.56|2.29|42787900|99328712.00|1|0.0000|0.0000|0.0000|0|2.29
隆基绿能|601012|2.40|120651323|1736527360.00|1.48|3.31|0.49|14.52|14.39|14.65|14.25|120.65|14.18|153699632|2208421120.00|1|0.0000|0.0000|0.0000|0|14.18
陕西黑猫|601015|1.07|23534093|66591896.00|-0.36|2.49|-1.07|2.84|2.80|2.88|2.78|23.53|2.81|33596305|96471312.00|1|0.0000|0.0000|0.0000|0|2.81
节能风电|601016|4.06|88027706|245865856.00|0.00|4.06|0.00|2.82|2.71|2.82|2.71|88.03|2.71|139932383|390696640.00|1|0.0000|0.0000|0.0000|0|2.71
宁波港|601018|4.36|52457321|185803232.00|0.29|4.36|0.29|3.59|3.45|3.59|3.45|52.46|3.44|60313617|211944112.00|1|0.0000|0.0000|0.0000|0|3.44
山东出版|601019|5.44|21035930|208546240.00|0.21|8.86|0.21|9.88|9.39|10.20|9.39|21.04|9.37|18612368|180856272.00|1|0.0000|0.0000|0.0000|0|9.37
华钰矿业|601020|-2.06|79971221|1333299328.00|0.53|1.65|-5.31|16.61|17.05|17.24|16.06|79.97|16.96|72493277|1253063296.00|1|0.0000|0.0000|0.0000|0|16.96
春秋航空|601021|3.75|5921590|298919168.00|1.38|4.04|0.87|51.15|49.98|51.29|49.73|5.92|49.30|9704219|481915680.00|1|0.0000|0.0000|0.0000|0|49.30
宁波远洋|601022|-0.95|15922900|115902672.00|-0.54|1.22|-2.17|7.29|7.32|7.45|7.20|15.92|7.36|14257833|106841744.00|1|0.0000|0.0000|0.0000|0|7.36
永兴股份|601033|0.39|16103396|245863904.00|-0.85|2.56|-1.97|15.31|15.12|15.64|14.95|16.10|15.25|21414455|335069696.00|1|0.0000|0.0000|0.0000|0|15.25
一拖股份|601038|9.98|12985238|176317632.00|8.62|9.98|6.68|13.66|13.49|13.66|13.25|12.99|12.42|11097000|142157120.00|1|0.0000|0.0000|0.0000|0|12.42
赛轮轮胎|601058|-1.32|83933979|983196544.00|2.88|2.96|-6.17|11.99|12.50|12.51|11.40|83.93|12.15|97989931|1170776576.00|1|0.0000|0.0000|0.0000|0|12.15
信达证券|601059|-0.07|39938019|570720704.00|1.68|2.30|-2.03|14.31|14.56|14.65|14.03|39.94|14.32|47780127|691611520.00|1|0.0000|0.0000|0.0000|0|14.32
中信金属|601061|0.44|22254139|152990000.00|1.45|1.45|-1.60|6.92|6.99|6.99|6.78|22.25|6.89|31971001|222596256.00|1|0.0000|0.0000|0.0000|0|6.89
江盐集团|601065|1.85|8602600|70613840.00|0.25|2.97|0.25|8.24|8.11|8.33|8.11|8.60|8.09|14817913|122436264.00|1|0.0000|0.0000|0.0000|0|8.09
中信建投|601066|-0.98|22659222|525528032.00|0.00|0.38|-2.69|23.20|23.43|23.52|22.80|22.66|23.43|38685023|899346560.00|1|0.0000|0.0000|0.0000|0|23.43
中铝国际|601068|-0.24|21131500|88331592.00|0.24|2.63|-1.91|4.18|4.20|4.30|4.11|21.13|4.19|26169900|112530040.00|1|0.0000|0.0000|0.0000|0|4.19
西部黄金|601069|-1.50|53409163|799802816.00|-5.54|0.98|-5.54|15.12|14.50|15.50|14.50|53.41|15.35|57324458|888524608.00|1|0.0000|0.0000|0.0000|0|15.35
渝农商行|601077|3.65|97596907|580196928.00|0.35|4.69|-0.17|5.97|5.78|6.03|5.75|97.60|5.76|82931466|485394336.00|1|0.0000|0.0000|0.0000|0|5.76
锦江航运|601083|2.71|13410728|122533152.00|1.24|4.51|0.90|9.11|8.98|9.27|8.95|13.41|8.87|16632605|152307888.00|1|0.0000|0.0000|0.0000|0|8.87
国芳集团|601086|10.07|6574800|41684232.00|10.07|10.07|10.07|6.34|6.34|6.34|6.34|6.57|5.76|62846500|357586688.00|1|0.0000|0.0000|0.0000|0|5.76
中国神华|601088|4.93|64116748|2457862912.00|1.10|4.93|0.11|39.18|37.75|39.18|37.38|64.12|37.34|71366078|2684872960.00|1|0.0000|0.0000|0.0000|0|37.34
福元医药|601089|1.18|3965984|57967744.00|0.42|3.41|0.21|14.56|14.45|14.88|14.42|3.97|14.39|6358716|94042792.00|1|0.0000|0.0000|0.0000|0|14.39
宏盛华源|601096|1.55|25678900|99517408.00|0.00|2.33|-1.30|3.92|3.86|3.95|3.81|25.68|3.86|30179400|119801088.00|1|0.0000|0.0000|0.0000|0|3.86
中南传媒|601098|2.52|23102002|336252320.00|-0.91|3.50|-0.91|14.66|14.17|14.80|14.17|23.10|14.30|31677471|453117120.00|1|0.0000|0.0000|0.0000|0|14.30
太平洋|601099|0.29|180515029|626487808.00|0.29|2.02|-1.73|3.48|3.48|3.54|3.41|180.52|3.47|235763715|836105152.00|1|0.0000|0.0000|0.0000|0|3.47
恒立液压|601100|0.07|21470622|1480310912.00|3.02|3.02|-4.74|70.88|72.97|72.97|67.47|21.47|70.83|11260125|798108736.00|1|0.0000|0.0000|0.0000|0|70.83
昊华能源|601101|3.16|14249889|97134736.00|0.00|4.07|0.00|6.85|6.64|6.91|6.64|14.25|6.64|18949891|128901152.00|1|0.0000|0.0000|0.0000|0|6.64
中国一重|601106|1.20|61037800|153552784.00|0.00|1.99|-1.99|2.54|2.51|2.56|2.46|61.04|2.51|79172400|202939296.00|1|0.0000|0.0000|0.0000|0|2.51
四川成渝|601107|4.26|47473975|253101408.00|0.97|5.80|0.58|5.39|5.22|5.47|5.20|47.47|5.17|40719676|213183488.00|1|0.0000|0.0000|0.0000|0|5.17
财通证券|601108|0.28|60932292|432851552.00|1.13|1.84|-0.99|7.09|7.15|7.20|7.00|60.93|7.07|86284908|625596096.00|1|0.0000|0.0000|0.0000|0|7.07
中国国航|601111|1.16|115249001|795316096.00|-0.29|1.16|-1.59|7.00|6.90|7.00|6.81|115.25|6.92|131384246|905471168.00|1|0.0000|0.0000|0.0000|0|6.92
华鼎股份|601113|-4.68|38103007|141321248.00|-2.60|0.78|-6.49|3.67|3.75|3.88|3.60|38.10|3.85|28958000|113376088.00|1|0.0000|0.0000|0.0000|0|3.85
三江购物|601116|4.92|22332313|239146736.00|-2.99|6.08|-2.99|10.88|10.06|11.00|10.06|22.33|10.37|12770433|135555456.00|1|0.0000|0.0000|0.0000|0|10.37
中国化学|601117|5.33|98710787|690616832.00|0.15|5.33|0.15|7.12|6.77|7.12|6.77|98.71|6.76|102923923|702193664.00|1|0.0000|0.0000|0.0000|0|6.76
海南橡胶|601118|2.21|99415379|454255072.00|0.22|2.87|-1.10|4.63|4.54|4.66|4.48|99.42|4.53|69031300|317636832.00|1|0.0000|0.0000|0.0000|0|4.53
宝地矿业|601121|-0.73|8136800|44069268.00|-0.18|0.92|-2.20|5.41|5.44|5.50|5.33|8.14|5.45|10793832|60122264.00|1|0.0000|0.0000|0.0000|0|5.45
四方股份|601126|5.29|25909348|414916960.00|1.10|5.42|1.10|16.32|15.67|16.34|15.67|25.91|15.50|25641852|404555776.00|1|0.0000|0.0000|0.0000|0|15.50
赛力斯|601127|7.03|39334168|4602523136.00|0.62|7.91|0.62|121.80|114.50|122.80|114.50|39.33|113.80|46300966|5371513344.00|1|0.0000|0.0000|0.0000|0|113.80
常熟银行|601128|2.23|43840403|298786304.00|0.00|2.38|0.00|6.88|6.73|6.89|6.73|43.84|6.73|103859598|705968000.00|1|0.0000|0.0000|0.0000|0|6.73
柏诚股份|601133|-5.90|10389200|103736752.00|-2.86|-0.10|-8.29|9.88|10.20|10.49|9.63|10.39|10.50|5276400|56178420.00|1|0.0000|0.0000|0.0000|0|10.50
首创证券|601136|1.09|28338649|554416832.00|3.06|3.42|-0.41|19.51|19.89|19.96|19.22|28.34|19.30|37718718|741163648.00|1|0.0000|0.0000|0.0000|0|19.30
博威合金|601137|-5.02|29332056|483693280.00|-1.38|0.00|-7.38|16.47|17.10|17.34|16.06|29.33|17.34|15662450|273774624.00|1|0.0000|0.0000|0.0000|0|17.34
工业富联|601138|-9.97|214740384|3376376576.00|-5.01|-2.97|-9.97|15.44|16.29|16.64|15.44|214.74|17.15|33166200|568800320.00|1|0.0000|0.0000|0.0000|0|17.15
深圳燃气|601139|3.02|22034266|142053392.00|0.48|3.50|0.48|6.48|6.32|6.51|6.32|22.03|6.29|33981253|217450032.00|1|0.0000|0.0000|0.0000|0|6.29
新城控股|601155|4.73|20515698|237612400.00|1.25|5.26|0.00|11.74|11.35|11.80|11.21|20.52|11.21|26052541|297504800.00|1|0.0000|0.0000|0.0000|0|11.21
东航物流|601156|-2.48|37416919|450253888.00|-3.04|-0.56|-5.76|12.19|12.12|12.43|11.78|37.42|12.50|26160300|330167872.00|1|0.0000|0.0000|0.0000|0|12.50
重庆水务|601158|4.91|23003773|111756784.00|-0.21|5.34|-0.21|4.91|4.67|4.93|4.67|23.00|4.68|26019104|124048976.00|1|0.0000|0.0000|0.0000|0|4.68
天风证券|601162|-0.53|249334644|938385600.00|0.00|2.39|-2.65|3.75|3.77|3.86|3.67|249.33|3.77|247592531|953546304.00|1|0.0000|0.0000|0.0000|0|3.77
三角轮胎|601163|0.96|7472814|101886704.00|1.33|1.92|-0.67|13.66|13.71|13.79|13.44|7.47|13.53|9713585|134392400.00|1|0.0000|0.0000|0.0000|0|13.53
兴业银行|601166|3.38|156377486|3205975040.00|0.00|3.73|-0.50|20.81|20.13|20.88|20.03|156.38|20.13|174139850|3514105856.00|1|0.0000|0.0000|0.0000|0|20.13
西部矿业|601168|-3.00|76560665|1102941824.00|-2.14|-0.87|-6.07|14.53|14.66|14.85|14.07|76.56|14.98|43902378|657852864.00|1|0.0000|0.0000|0.0000|0|14.98
北京银行|601169|2.03|154253809|920627904.00|0.00|2.20|-0.17|6.02|5.90|6.03|5.89|154.25|5.90|226975078|1356073216.00|1|0.0000|0.0000|0.0000|0|5.90
杭齿前进|601177|-7.94|36091577|507089120.00|-4.79|-2.82|-9.98|14.02|14.50|14.80|13.71|36.09|15.23|6608400|101433360.00|1|0.0000|0.0000|0.0000|0|15.23
中国西电|601179|3.10|92377609|575589248.00|-0.16|3.76|-0.65|6.31|6.11|6.35|6.08|92.38|6.12|75793979|475489856.00|1|0.0000|0.0000|0.0000|0|6.12
中国铁建|601186|5.79|104774022|827408704.00|-0.13|5.92|-0.13|8.04|7.59|8.05|7.59|104.77|7.60|98078522|744976576.00|1|0.0000|0.0000|0.0000|0|7.60
厦门银行|601187|3.53|39575244|231637952.00|-0.18|4.94|-0.35|5.87|5.66|5.95|5.65|39.58|5.67|39434443|227274768.00|1|0.0000|0.0000|0.0000|0|5.67
龙江交通|601188|8.28|107101850|373404704.00|0.00|10.12|-0.31|3.53|3.26|3.59|3.25|107.10|3.26|68944458|233127984.00|1|0.0000|0.0000|0.0000|0|3.26
东兴证券|601198|-1.63|59624461|609051520.00|-0.29|0.67|-3.27|10.23|10.37|10.47|10.06|59.62|10.40|55727307|587079104.00|1|0.0000|0.0000|0.0000|0|10.40
江南水务|601199|2.45|12199029|60862132.00|0.00|3.07|0.00|5.01|4.89|5.04|4.89|12.20|4.89|15423000|78205600.00|1|0.0000|0.0000|0.0000|0|4.89
上海环境|601200|2.85|15413405|116203528.00|-0.14|3.52|-0.14|7.59|7.37|7.64|7.37|15.41|7.38|22770097|172716592.00|1|0.0000|0.0000|0.0000|0|7.38
东材科技|601208|-3.37|28646420|226165840.00|-4.93|-1.93|-7.58|8.03|7.90|8.15|7.68|28.65|8.31|12338200|102995784.00|1|0.0000|0.0000|0.0000|0|8.31
国泰海通|601211|3.82|134386282|2132394624.00|2.40|3.89|0.65|16.03|15.81|16.04|15.54|134.39|15.44|141853245|2240748800.00|1|0.0000|0.0000|0.0000|0|15.44
白银有色|601212|-0.76|89070730|231114048.00|-0.76|0.38|-2.29|2.60|2.60|2.63|2.56|89.07|2.62|100395500|266905136.00|1|0.0000|0.0000|0.0000|0|2.62
君正集团|601216|-0.81|93853184|459618784.00|-1.61|0.60|-3.02|4.92|4.88|4.99|4.81|93.85|4.96|84735119|426835200.00|1|0.0000|0.0000|0.0000|0|4.96
吉鑫科技|601218|-2.73|25854959|74384680.00|-2.73|1.02|-4.44|2.85|2.85|2.96|2.80|25.85|2.93|28429900|84810120.00|1|0.0000|0.0000|0.0000|0|2.93
林洋能源|601222|1.00|41743471|253178880.00|-1.34|3.34|-1.34|6.04|5.90|6.18|5.90|41.74|5.98|44630878|273926624.00|1|0.0000|0.0000|0.0000|0|5.98
陕西煤业|601225|3.31|56798045|1098505088.00|1.89|3.31|0.21|19.66|19.39|19.66|19.07|56.80|19.03|82294574|1570031360.00|1|0.0000|0.0000|0.0000|0|19.03
华电科工|601226|-1.22|21521950|121127680.00|-2.43|0.35|-4.00|5.68|5.61|5.77|5.52|21.52|5.75|19747382|114930296.00|1|0.0000|0.0000|0.0000|0|5.75
广州港|601228|2.97|54516102|168716688.00|0.66|3.30|0.66|3.12|3.05|3.13|3.05|54.52|3.03|73327300|227331136.00|1|0.0000|0.0000|0.0000|0|3.03
上海银行|601229|1.20|120952719|1200646784.00|-0.30|2.30|-2.81|10.10|9.95|10.21|9.70|120.95|9.98|121012661|1203987456.00|1|0.0000|0.0000|0.0000|0|9.98
环旭电子|601231|-9.64|43956659|563126144.00|-2.88|-2.09|-10.00|12.56|13.50|13.61|12.51|43.96|13.90|10954177|153809904.00|1|0.0000|0.0000|0.0000|0|13.90
桐昆股份|601233|-3.16|55844615|565237248.00|-2.78|0.10|-5.56|10.11|10.15|10.45|9.86|55.84|10.44|29550500|312387808.00|1|0.0000|0.0000|0.0000|0|10.44
红塔证券|601236|0.99|26296990|188626560.00|0.70|2.39|-0.28|7.17|7.15|7.27|7.08|26.30|7.10|43794770|316769600.00|1|0.0000|0.0000|0.0000|0|7.10
广汽集团|601238|2.80|39586861|300238752.00|0.00|2.94|-0.80|7.70|7.49|7.71|7.43|39.59|7.49|48119879|366117856.00|1|0.0000|0.0000|0.0000|0|7.49
英利汽车|601279|-3.96|25289682|79707160.00|-0.91|0.30|-6.10|3.15|3.25|3.29|3.08|25.29|3.28|12793500|42441916.00|1|0.0000|0.0000|0.0000|0|3.28
农业银行|601288|1.59|740559077|3761019136.00|-0.20|1.99|-0.20|5.11|5.02|5.13|5.02|740.56|5.03|1099362749|5559714304.00|1|0.0000|0.0000|0.0000|0|5.03
青岛港|601298|-0.44|32840148|293946304.00|0.44|1.77|-2.88|8.98|9.06|9.18|8.76|32.84|9.02|29646974|276980928.00|1|0.0000|0.0000|0.0000|0|9.02
骆驼股份|601311|-3.37|41203553|295494496.00|-0.27|0.13|-4.85|7.17|7.40|7.43|7.06|41.20|7.42|21581300|162309360.00|1|0.0000|0.0000|0.0000|0|7.42
中国平安|601318|1.44|111752977|5446468096.00|-0.02|1.44|-0.95|49.26|48.55|49.26|48.10|111.75|48.56|172755841|8362219520.00|1|0.0000|0.0000|0.0000|0|48.56
中国人保|601319|2.32|100717385|659122368.00|0.00|2.78|-0.46|6.62|6.47|6.65|6.44|100.72|6.47|121910600|803518656.00|1|0.0000|0.0000|0.0000|0|6.47
秦港股份|601326|4.21|40381100|129162672.00|1.29|5.18|0.32|3.22|3.13|3.25|3.10|40.38|3.09|43367152|139448576.00|1|0.0000|0.0000|0.0000|0|3.09
交通银行|601328|0.69|302416802|2204488704.00|0.00|1.37|-0.96|7.34|7.29|7.39|7.22|302.42|7.29|424856449|3121283072.00|1|0.0000|0.0000|0.0000|0|7.29
绿色动力|601330|5.41|49892488|350784832.00|-0.58|6.43|-2.19|7.21|6.80|7.28|6.69|49.89|6.84|43963827|302237440.00|1|0.0000|0.0000|0.0000|0|6.84
广深铁路|601333|3.65|75986841|214034176.00|0.00|4.01|0.00|2.84|2.74|2.85|2.74|75.99|2.74|101242207|282147552.00|1|0.0000|0.0000|0.0000|0|2.74
新华保险|601336|0.40|28638724|1351298816.00|0.74|0.99|-1.65|47.52|47.68|47.80|46.55|28.64|47.33|40570676|1920837632.00|1|0.0000|0.0000|0.0000|0|47.33
百隆东方|601339|-4.30|12814000|59996408.00|-0.20|-0.20|-6.97|4.67|4.87|4.87|4.54|12.81|4.88|7851300|38919816.00|1|0.0000|0.0000|0.0000|0|4.88
三六零|601360|-0.11|132016048|1213870848.00|-0.32|1.18|-3.54|9.32|9.30|9.44|9.00|132.02|9.33|105105908|992071168.00|1|0.0000|0.0000|0.0000|0|9.33
利群股份|601366|4.15|9555857|42890648.00|0.92|5.53|0.23|4.52|4.38|4.58|4.35|9.56|4.34|12806200|56262160.00|1|0.0000|0.0000|0.0000|0|4.34
绿城水务|601368|2.46|10946300|50188664.00|0.89|3.79|0.45|4.59|4.52|4.65|4.50|10.95|4.48|16487600|75370480.00|1|0.0000|0.0000|0.0000|0|4.48
陕鼓动力|601369|4.09|25403939|213217888.00|0.00|5.95|0.00|8.40|8.07|8.55|8.07|25.40|8.07|24137186|200402752.00|1|0.0000|0.0000|0.0000|0|8.07
中原证券|601375|1.08|60173663|225552624.00|0.54|2.15|-0.27|3.76|3.74|3.80|3.71|60.17|3.72|80770300|308073504.00|1|0.0000|0.0000|0.0000|0|3.72
兴业证券|601377|1.65|81476020|447333760.00|-0.18|1.65|-0.55|5.54|5.44|5.54|5.42|81.48|5.45|128036570|705409792.00|1|0.0000|0.0000|0.0000|0|5.45
怡球资源|601388|-3.78|86686300|200501184.00|-1.26|0.00|-5.46|2.29|2.35|2.38|2.25|86.69|2.38|96601820|239151168.00|1|0.0000|0.0000|0.0000|0|2.38
中国中铁|601390|5.43|186766975|1035151744.00|-0.19|5.81|-0.37|5.63|5.33|5.65|5.32|186.77|5.34|179583143|953670720.00|1|0.0000|0.0000|0.0000|0|5.34
工商银行|601398|0.89|671267831|4544166400.00|-0.89|1.18|-1.18|6.82|6.70|6.84|6.68|671.27|6.76|849156726|5702039040.00|1|0.0000|0.0000|0.0000|0|6.76
国机重装|601399|-1.74|137333172|389026144.00|-0.35|1.74|-4.18|2.82|2.86|2.92|2.75|137.33|2.87|154429332|460052928.00|1|0.0000|0.0000|0.0000|0|2.87
国联民生|601456|0.32|34931957|324704832.00|0.43|1.29|-0.86|9.31|9.32|9.40|9.20|34.93|9.28|45404984|429116224.00|1|0.0000|0.0000|0.0000|0|9.28
通用股份|601500|-4.64|64665226|295825472.00|-1.90|0.21|-6.54|4.52|4.65|4.75|4.43|64.67|4.74|52641276|251319728.00|1|0.0000|0.0000|0.0000|0|4.74
中新集团|601512|1.59|3546700|24866282.00|0.43|2.02|-0.29|7.05|6.97|7.08|6.92|3.55|6.94|6323100|44632004.00|1|0.0000|0.0000|0.0000|0|6.94
衢州东峰|601515|-0.35|31856276|91513056.00|-2.09|4.53|-2.09|2.86|2.81|3.00|2.81|31.86|2.87|43131212|127613480.00|1|0.0000|0.0000|0.0000|0|2.87
吉林高速|601518|4.20|23911929|64560688.00|0.76|5.34|0.38|2.73|2.64|2.76|2.63|23.91|2.62|33764207|90757600.00|1|0.0000|0.0000|0.0000|0|2.62
大智慧|601519|-4.90|123405800|1100131584.00|-1.63|-0.54|-5.77|8.73|9.03|9.13|8.65|123.41|9.18|189015611|1726652416.00|1|0.0000|0.0000|0.0000|0|9.18
瑞丰银行|601528|2.45|35063578|175780480.00|0.41|3.88|0.41|5.02|4.92|5.09|4.92|35.06|4.90|42228054|211682352.00|1|0.0000|0.0000|0.0000|0|4.90
东吴证券|601555|1.56|52824237|375934560.00|0.28|1.84|-0.14|7.16|7.07|7.18|7.04|52.82|7.05|102473203|742275584.00|1|0.0000|0.0000|0.0000|0|7.05
九牧王|601566|-3.16|6207733|47424964.00|-1.39|-0.38|-5.31|7.66|7.80|7.88|7.49|6.21|7.91|4284300|34349856.00|1|0.0000|0.0000|0.0000|0|7.91
三星医疗|601567|-0.58|16397907|415231712.00|0.35|0.90|-3.43|25.51|25.75|25.89|24.78|16.40|25.66|14058064|371952320.00|1|0.0000|0.0000|0.0000|0|25.66
北元集团|601568|3.25|26719669|101306736.00|0.00|4.07|-0.27|3.81|3.69|3.84|3.68|26.72|3.69|34291964|129658848.00|1|0.0000|0.0000|0.0000|0|3.69
长沙银行|601577|1.57|34158952|307032192.00|0.00|1.91|0.00|9.05|8.91|9.08|8.91|34.16|8.91|44644508|401908480.00|1|0.0000|0.0000|0.0000|0|8.91
会稽山|601579|-0.65|40117494|494594464.00|-2.03|3.17|-2.52|12.22|12.05|12.69|11.99|40.12|12.30|42801763|523558304.00|1|0.0000|0.0000|0.0000|0|12.30
北辰实业|601588|0.64|25448310|39904400.00|0.00|1.92|-1.28|1.57|1.56|1.59|1.54|25.45|1.56|35196100|55978984.00|1|0.0000|0.0000|0.0000|0|1.56
上海电影|601595|-1.59|14551690|399080416.00|0.00|0.00|-7.55|27.90|28.35|28.35|26.21|14.55|28.35|6206826|179969184.00|1|0.0000|0.0000|0.0000|0|28.35
中国外运|601598|3.45|40062589|189563376.00|0.00|3.88|-0.43|4.80|4.64|4.82|4.62|40.06|4.64|35284210|168385584.00|1|0.0000|0.0000|0.0000|0|4.64
浙文影业|601599|-3.04|21086800|67408424.00|-1.82|0.00|-4.86|3.19|3.23|3.29|3.13|21.09|3.29|19895301|66799004.00|1|0.0000|0.0000|0.0000|0|3.29
中国铝业|601600|-2.64|358227054|2236635392.00|1.24|1.71|-4.96|6.28|6.53|6.56|6.13|358.23|6.45|176584500|1143802496.00|1|0.0000|0.0000|0.0000|0|6.45
中国太保|601601|2.65|62731188|1846855424.00|0.55|3.06|-1.34|29.86|29.25|29.98|28.70|62.73|29.09|81891766|2427836928.00|1|0.0000|0.0000|0.0000|0|29.09
长城军工|601606|2.78|17807000|194580784.00|-0.19|3.24|-0.83|11.09|10.77|11.14|10.70|17.81|10.79|14940800|165165056.00|1|0.0000|0.0000|0.0000|0|10.79
上海医药|601607|3.88|21238828|387086432.00|0.00|3.88|-0.17|18.49|17.80|18.49|17.77|21.24|17.80|24087519|429789824.00|1|0.0000|0.0000|0.0000|0|17.80
中信重工|601608|0.24|179668336|734502976.00|-1.45|0.97|-3.87|4.14|4.07|4.17|3.97|179.67|4.13|107965073|449088864.00|1|0.0000|0.0000|0.0000|0|4.13
金田股份|601609|-1.42|22749870|126200608.00|-0.71|0.53|-3.55|5.56|5.60|5.67|5.44|22.75|5.64|18885715|107681528.00|1|0.0000|0.0000|0.0000|0|5.64
中国核建|601611|2.19|53759264|446755264.00|0.00|2.80|-1.34|8.40|8.22|8.45|8.11|53.76|8.22|66680944|566429440.00|1|0.0000|0.0000|0.0000|0|8.22
明阳智能|601615|-1.23|37874348|363269856.00|-1.33|1.02|-4.20|9.65|9.64|9.87|9.36|37.87|9.77|37590273|371900128.00|1|0.0000|0.0000|0.0000|0|9.77
广电电气|601616|-6.00|46166561|173051424.00|-4.50|-1.75|-9.75|3.76|3.82|3.93|3.61|46.17|4.00|21834400|87799712.00|1|0.0000|0.0000|0.0000|0|4.00
中国中冶|601618|5.02|173117187|501680928.00|0.72|5.38|0.72|2.93|2.81|2.94|2.81|173.12|2.79|207703286|589588288.00|1|0.0000|0.0000|0.0000|0|2.79
嘉泽新能|601619|3.71|91160759|328983232.00|1.43|5.14|0.86|3.63|3.55|3.68|3.53|91.16|3.50|123233291|444416928.00|1|0.0000|0.0000|0.0000|0|3.50
中国人寿|601628|2.61|25005851|878015936.00|-1.21|2.78|-1.75|35.74|34.41|35.80|34.22|25.01|34.83|31926570|1109364992.00|1|0.0000|0.0000|0.0000|0|34.83
长城汽车|601633|1.91|35073832|791518144.00|1.02|2.93|-1.64|22.95|22.75|23.18|22.15|35.07|22.52|30482345|697003904.00|1|0.0000|0.0000|0.0000|0|22.52
旗滨集团|601636|2.08|20025276|108336896.00|-0.94|3.21|-0.94|5.41|5.25|5.47|5.25|20.03|5.30|34787288|186844496.00|1|0.0000|0.0000|0.0000|0|5.30
邮储银行|601658|0.99|301724867|1529232000.00|-0.79|0.99|-0.99|5.12|5.03|5.12|5.02|301.72|5.07|480821560|2435527424.00|1|0.0000|0.0000|0.0000|0|5.07
齐鲁银行|601665|1.37|48685219|286024832.00|0.00|2.75|-0.69|5.90|5.82|5.98|5.78|48.69|5.82|60069601|350569472.00|1|0.0000|0.0000|0.0000|0|5.82
平煤股份|601666|3.33|27322514|227957024.00|0.62|4.32|0.62|8.37|8.15|8.45|8.15|27.32|8.10|37803404|312087136.00|1|0.0000|0.0000|0.0000|0|8.10
中国建筑|601668|4.92|504620971|2647831552.00|0.20|4.92|0.00|5.33|5.09|5.33|5.08|504.62|5.08|507343176|2572821504.00|1|0.0000|0.0000|0.0000|0|5.08
中国电建|601669|4.85|193584968|905912000.00|0.00|4.85|0.00|4.76|4.54|4.76|4.54|193.58|4.54|212421435|965768832.00|1|0.0000|0.0000|0.0000|0|4.54
明泰铝业|601677|-0.09|29666851|335570432.00|0.97|1.67|-1.76|11.35|11.47|11.55|11.16|29.67|11.36|34619695|399320608.00|1|0.0000|0.0000|0.0000|0|11.36
滨化股份|601678|3.32|57302184|213262128.00|0.55|5.26|0.55|3.73|3.63|3.80|3.63|57.30|3.61|77237746|286272608.00|1|0.0000|0.0000|0.0000|0|3.61
友发集团|601686|0.98|6220400|32069700.00|0.39|2.55|-0.79|5.14|5.11|5.22|5.05|6.22|5.09|8439780|43124356.00|1|0.0000|0.0000|0.0000|0|5.09
华泰证券|601688|1.29|93345705|1386846592.00|1.42|1.63|-0.14|14.93|14.95|14.98|14.72|93.35|14.74|156983622|2335898368.00|1|0.0000|0.0000|0.0000|0|14.74
拓普集团|601689|-9.99|50877861|2369775616.00|-5.00|-4.02|-9.99|45.86|48.40|48.90|45.86|50.88|50.95|12793500|652512576.00|1|0.0000|0.0000|0.0000|0|50.95
中银证券|601696|0.74|31663272|300805632.00|0.11|1.80|-0.74|9.54|9.48|9.64|9.40|31.66|9.47|43151000|418442304.00|1|0.0000|0.0000|0.0000|0|9.47
中国卫通|601698|4.38|32611731|595629824.00|0.11|4.38|0.11|18.58|17.82|18.58|17.82|32.61|17.80|43502629|795014656.00|1|0.0000|0.0000|0.0000|0|17.80
潞安环能|601699|4.13|25862951|298668384.00|0.00|4.66|0.00|11.61|11.15|11.67|11.15|25.86|11.15|33722006|384842496.00|1|0.0000|0.0000|0.0000|0|11.15
风范股份|601700|1.46|17697507|72578496.00|-0.24|2.20|-1.95|4.16|4.09|4.19|4.02|17.70|4.10|17612520|73449920.00|1|0.0000|0.0000|0.0000|0|4.10
华峰铝业|601702|-0.52|10341408|173736672.00|2.97|2.97|-3.97|17.06|17.66|17.66|16.47|10.34|17.15|6009200|105422232.00|1|0.0000|0.0000|0.0000|0|17.15
中创智领|601717|0.29|59304129|834540224.00|1.51|2.80|-0.72|13.97|14.14|14.32|13.83|59.30|13.93|69794442|983518464.00|1|0.0000|0.0000|0.0000|0|13.93
际华集团|601718|2.90|54476252|133931008.00|0.41|2.90|0.41|2.48|2.42|2.48|2.42|54.48|2.41|80466535|198524832.00|1|0.0000|0.0000|0.0000|0|2.41
上海电气|601727|-1.45|171714803|1159942400.00|-3.34|1.45|-3.63|6.78|6.65|6.98|6.63|171.71|6.88|170730386|1193371008.00|1|0.0000|0.0000|0.0000|0|6.88
中国电信|601728|4.45|246797667|1981596416.00|-0.13|4.45|-0.64|8.22|7.86|8.22|7.82|246.80|7.87|255495936|1993771264.00|1|0.0000|0.0000|0.0000|0|7.87
中国中车|601766|10.03|316961707|2192347904.00|4.86|10.03|4.86|7.02|6.69|7.02|6.69|316.96|6.38|235474545|1521748096.00|1|0.0000|0.0000|0.0000|0|6.38
千里科技|601777|-1.47|76065630|558955072.00|0.13|2.00|-4.67|7.39|7.51|7.65|7.15|76.07|7.50|61689301|470778944.00|1|0.0000|0.0000|0.0000|0|7.50
晶科科技|601778|1.56|77775300|202548128.00|0.00|3.52|0.00|2.60|2.56|2.65|2.56|77.78|2.56|82198100|216800288.00|1|0.0000|0.0000|0.0000|0|2.56
光大证券|601788|2.13|36602437|574386496.00|1.16|2.13|-0.71|15.85|15.70|15.85|15.41|36.60|15.52|54434498|859785856.00|1|0.0000|0.0000|0.0000|0|15.52
宁波建工|601789|-3.04|69626930|332630944.00|-4.86|0.20|-5.67|4.79|4.70|4.95|4.66|69.63|4.94|46768779|233665664.00|1|0.0000|0.0000|0.0000|0|4.94
蓝科高新|601798|-2.57|17229498|97134456.00|-3.42|-0.34|-5.82|5.69|5.64|5.82|5.50|17.23|5.84|10482100|61825544.00|1|0.0000|0.0000|0.0000|0|5.84
星宇股份|601799|3.38|2613605|313869600.00|-0.47|3.56|-2.00|122.39|117.83|122.61|116.02|2.61|118.39|2449589|296089632.00|1|0.0000|0.0000|0.0000|0|118.39
中国交建|601800|6.57|89609100|815045184.00|-0.23|7.26|-0.35|9.25|8.66|9.31|8.65|89.61|8.68|80490805|701475840.00|1|0.0000|0.0000|0.0000|0|8.68
皖新传媒|601801|3.55|23317994|155463360.00|-0.62|4.48|-0.62|6.71|6.44|6.77|6.44|23.32|6.48|32243799|212393216.00|1|0.0000|0.0000|0.0000|0|6.48
中海油服|601808|1.74|21724043|274684192.00|-0.32|1.90|-1.82|12.86|12.60|12.88|12.41|21.72|12.64|26222991|335197440.00|1|0.0000|0.0000|0.0000|0|12.64
新华文轩|601811|3.08|10556562|162006208.00|0.40|4.62|0.33|15.40|15.00|15.63|14.99|10.56|14.94|13021559|197679264.00|1|0.0000|0.0000|0.0000|0|14.94
京沪高铁|601816|4.85|384485958|2190882048.00|0.00|5.75|-0.90|5.84|5.57|5.89|5.52|384.49|5.57|318766123|1766130048.00|1|0.0000|0.0000|0.0000|0|5.57
光大银行|601818|1.95|265379613|962595200.00|-0.56|1.95|-0.56|3.66|3.57|3.66|3.57|265.38|3.59|344035545|1248404096.00|1|0.0000|0.0000|0.0000|0|3.59
沪农商行|601825|0.84|29861731|249175664.00|-0.24|1.44|-1.08|8.40|8.31|8.45|8.24|29.86|8.33|39950765|332797056.00|1|0.0000|0.0000|0.0000|0|8.33
三峰环境|601827|5.04|11865581|95726696.00|0.65|5.68|0.65|8.13|7.79|8.18|7.79|11.87|7.74|12433100|98771008.00|1|0.0000|0.0000|0.0000|0|7.74
美凯龙|601828|-1.08|31470528|86416592.00|-1.08|1.44|-3.61|2.74|2.74|2.81|2.67|31.47|2.77|28693165|81213696.00|1|0.0000|0.0000|0.0000|0|2.77
成都银行|601838|0.78|33584848|561568320.00|-0.24|0.90|-0.54|16.83|16.66|16.85|16.61|33.58|16.70|47076458|783809920.00|1|0.0000|0.0000|0.0000|0|16.70
中国石油|601857|4.90|336643808|2532699648.00|0.95|5.59|-0.14|7.70|7.41|7.75|7.33|336.64|7.34|395567456|2938412800.00|1|0.0000|0.0000|0.0000|0|7.34
中国科传|601858|-2.85|5783295|100587976.00|-7.03|-0.22|-7.03|17.41|16.66|17.88|16.66|5.78|17.92|4310500|78427280.00|1|0.0000|0.0000|0.0000|0|17.92
紫金银行|601860|1.91|78024695|207708448.00|0.00|2.67|0.00|2.67|2.62|2.69|2.62|78.02|2.62|109238098|292718944.00|1|0.0000|0.0000|0.0000|0|2.62
福莱特|601865|-1.78|26040305|399226816.00|0.32|1.90|-5.40|15.47|15.80|16.05|14.90|26.04|15.75|12417234|196341904.00|1|0.0000|0.0000|0.0000|0|15.75
中远海发|601866|2.36|101540880|218493120.00|0.00|3.30|-0.47|2.17|2.12|2.19|2.11|101.54|2.12|111497371|241958384.00|1|0.0000|0.0000|0.0000|0|2.12
中国能建|601868|4.61|453678422|1012170176.00|0.00|4.61|0.00|2.27|2.17|2.27|2.17|453.68|2.17|581213112|1273864960.00|1|0.0000|0.0000|0.0000|0|2.17
长飞光纤|601869|-2.16|6100001|182064032.00|-0.03|1.27|-5.33|29.94|30.59|30.99|28.97|6.10|30.60|6044800|190237024.00|1|0.0000|0.0000|0.0000|0|30.60
招商轮船|601872|3.96|83870329|492086528.00|-0.34|3.96|-1.20|6.04|5.79|6.04|5.74|83.87|5.81|97186187|572512640.00|1|0.0000|0.0000|0.0000|0|5.81
正泰电器|601877|0.05|23933934|504293664.00|1.56|1.56|-2.41|21.18|21.50|21.50|20.66|23.93|21.17|22346100|482468864.00|1|0.0000|0.0000|0.0000|0|21.17
浙商证券|601878|0.68|68396053|706224832.00|1.46|2.04|-0.78|10.34|10.42|10.48|10.19|68.40|10.27|98681680|1035264704.00|1|0.0000|0.0000|0.0000|0|10.27
辽港股份|601880|6.47|166405943|240112432.00|-0.72|6.47|-0.72|1.48|1.38|1.48|1.38|166.41|1.39|167536126|240763056.00|1|0.0000|0.0000|0.0000|0|1.39
中国银河|601881|0.61|101335061|1497456128.00|1.01|1.96|-1.28|14.88|14.94|15.08|14.60|101.34|14.79|124169248|1870504576.00|1|0.0000|0.0000|0.0000|0|14.79
海天精工|601882|-2.66|8294873|154947696.00|-0.05|0.89|-4.59|18.67|19.17|19.35|18.30|8.29|19.18|4956500|96072992.00|1|0.0000|0.0000|0.0000|0|19.18
江河集团|601886|-1.79|28750500|157127312.00|0.00|1.08|-3.94|5.48|5.58|5.64|5.36|28.75|5.58|25423589|146008096.00|1|0.0000|0.0000|0.0000|0|5.58
中国中免|601888|7.46|34491573|2029881088.00|0.00|8.45|-0.02|60.79|56.57|61.35|56.56|34.49|56.57|31385364|1784184576.00|1|0.0000|0.0000|0.0000|0|56.57
亚星锚链|601890|1.25|89125043|719511360.00|-1.25|3.26|-1.25|8.08|7.88|8.24|7.88|89.13|7.98|64745915|525825728.00|1|0.0000|0.0000|0.0000|0|7.98
中煤能源|601898|3.39|47709831|473254752.00|-1.34|3.70|-1.34|10.06|9.60|10.09|9.60|47.71|9.73|58108602|566666112.00|1|0.0000|0.0000|0.0000|0|9.73
紫金矿业|601899|3.50|373360740|5849552896.00|0.84|3.50|-1.30|15.95|15.54|15.95|15.21|373.36|15.41|488035941|7566671872.00|1|0.0000|0.0000|0.0000|0|15.41
南方传媒|601900|5.47|13472200|211782016.00|0.47|7.88|0.13|15.80|15.05|16.16|15.00|13.47|14.98|15612655|243855152.00|1|0.0000|0.0000|0.0000|0|14.98
方正证券|601901|0.99|75801845|535821472.00|1.28|1.42|-0.43|7.11|7.13|7.14|7.01|75.80|7.04|101813811|729454656.00|1|0.0000|0.0000|0.0000|0|7.04
京运通|601908|0.84|33826657|81019176.00|-1.67|2.51|-1.67|2.41|2.35|2.45|2.35|33.83|2.39|42755800|104432992.00|1|0.0000|0.0000|0.0000|0|2.39
浙商银行|601916|1.05|243547752|697388800.00|-0.35|1.05|-0.70|2.88|2.84|2.88|2.83|243.55|2.85|378095586|1081447296.00|1|0.0000|0.0000|0.0000|0|2.85
新集能源|601918|3.65|37536299|243239136.00|0.00|4.29|-0.16|6.53|6.30|6.57|6.29|37.54|6.30|45751640|290840384.00|1|0.0000|0.0000|0.0000|0|6.30
中远海控|601919|4.32|187157234|2470778880.00|2.28|4.55|1.73|13.29|13.03|13.32|12.96|187.16|12.74|221371899|2846381824.00|1|0.0000|0.0000|0.0000|0|12.74
浙版传媒|601921|3.55|26412573|200250928.00|0.82|4.91|0.82|7.59|7.39|7.69|7.39|26.41|7.33|36626594|273116416.00|1|0.0000|0.0000|0.0000|0|7.33
凤凰传媒|601928|1.94|30181609|346491040.00|-0.09|3.09|-0.71|11.55|11.32|11.68|11.25|30.18|11.33|51135886|578892736.00|1|0.0000|0.0000|0.0000|0|11.33
吉视传媒|601929|-0.60|85969741|141462704.00|-3.59|1.20|-4.19|1.66|1.61|1.69|1.60|85.97|1.67|99914610|168847232.00|1|0.0000|0.0000|0.0000|0|1.67
永辉超市|601933|10.04|526095441|2927295232.00|2.12|10.04|-1.54|5.70|5.29|5.70|5.10|526.10|5.18|867427487|4485031936.00|1|0.0000|0.0000|0.0000|0|5.18
建设银行|601939|1.01|249345941|2207982336.00|-0.90|1.69|-2.14|8.97|8.80|9.03|8.69|249.35|8.88|253628365|2228281344.00|1|0.0000|0.0000|0.0000|0|8.88
中国出版|601949|1.74|28476523|180732448.00|-0.47|2.06|-2.37|6.43|6.29|6.45|6.17|28.48|6.32|29710800|192078592.00|1|0.0000|0.0000|0.0000|0|6.32
苏垦农发|601952|10.02|93120238|1014747712.00|0.96|10.02|-4.53|11.42|10.48|11.42|9.91|93.12|10.38|80381775|827295232.00|1|0.0000|0.0000|0.0000|0|10.38
东贝集团|601956|-6.02|20187880|92404408.00|-2.07|-0.41|-7.88|4.53|4.72|4.80|4.44|20.19|4.82|9980100|48445168.00|1|0.0000|0.0000|0.0000|0|4.82
金钼股份|601958|1.50|32664287|305702240.00|0.00|2.68|-1.61|9.47|9.33|9.58|9.18|32.66|9.33|43650792|415867840.00|1|0.0000|0.0000|0.0000|0|9.33
重庆银行|601963|3.38|16635360|157017248.00|0.00|4.80|-0.11|9.47|9.16|9.60|9.15|16.64|9.16|18144181|170466896.00|1|0.0000|0.0000|0.0000|0|9.16
中国汽研|601965|1.31|8195420|144242000.00|0.00|1.88|-2.56|17.78|17.55|17.88|17.10|8.20|17.55|12203001|215363232.00|1|0.0000|0.0000|0.0000|0|17.55
玲珑轮胎|601966|-2.17|28584757|425003136.00|-0.86|0.26|-3.75|14.87|15.07|15.24|14.63|28.58|15.20|23206959|358382688.00|1|0.0000|0.0000|0.0000|0|15.20
宝钢包装|601968|0.93|9806500|42015232.00|-0.70|1.40|-1.86|4.33|4.26|4.35|4.21|9.81|4.29|11554900|50620820.00|1|0.0000|0.0000|0.0000|0|4.29
海南矿业|601969|5.51|29949300|206312784.00|1.53|7.81|1.53|6.89|6.63|7.04|6.63|29.95|6.53|38022094|263351840.00|1|0.0000|0.0000|0.0000|0|6.53
招商南油|601975|1.12|108992490|294213920.00|-0.37|1.87|-0.75|2.71|2.67|2.73|2.66|108.99|2.68|158878866|436827872.00|1|0.0000|0.0000|0.0000|0|2.68
中国核电|601985|2.34|149884253|1359943680.00|-0.11|2.34|-0.44|9.20|8.98|9.20|8.95|149.88|8.99|226698392|2036111232.00|1|0.0000|0.0000|0.0000|0|8.99
中国银行|601988|0.55|383322869|2086605824.00|-0.74|0.92|-1.10|5.47|5.40|5.49|5.38|383.32|5.44|458647782|2506689536.00|1|0.0000|0.0000|0.0000|0|5.44
南京证券|601990|1.87|33524441|253486432.00|0.54|2.14|0.27|7.61|7.51|7.63|7.49|33.52|7.47|51553622|396589216.00|1|0.0000|0.0000|0.0000|0|7.47
大唐发电|601991|3.64|144486033|408604480.00|0.36|4.36|0.36|2.85|2.76|2.87|2.76|144.49|2.75|195047235|547608256.00|1|0.0000|0.0000|0.0000|0|2.75
金隅集团|601992|2.70|70375809|105439976.00|-0.68|2.70|-1.35|1.52|1.47|1.52|1.46|70.38|1.48|73895304|112620000.00|1|0.0000|0.0000|0.0000|0|1.48
中金公司|601995|1.33|24776448|788356032.00|1.23|1.58|-0.95|32.03|32.00|32.11|31.31|24.78|31.61|38412366|1225787392.00|1|0.0000|0.0000|0.0000|0|31.61
丰林集团|601996|-2.14|26811099|49485740.00|0.00|1.07|-3.21|1.83|1.87|1.89|1.81|26.81|1.87|29317200|55586704.00|1|0.0000|0.0000|0.0000|0|1.87
贵阳银行|601997|2.15|51578520|292999392.00|-0.36|2.50|-0.54|5.71|5.57|5.73|5.56|51.58|5.59|86117209|489511520.00|1|0.0000|0.0000|0.0000|0|5.59
中信银行|601998|1.45|126708405|880698304.00|-0.44|2.18|-1.16|6.99|6.86|7.04|6.81|126.71|6.89|117523529|806006784.00|1|0.0000|0.0000|0.0000|0|6.89
出版传媒|601999|-0.52|12483800|71336192.00|-2.43|1.74|-3.13|5.72|5.61|5.85|5.57|12.48|5.75|12870800|76032056.00|1|0.0000|0.0000|0.0000|0|5.75
人民网|603000|0.42|16935734|320016672.00|-1.16|1.47|-2.52|19.10|18.80|19.30|18.54|16.94|19.02|18958091|365513312.00|1|0.0000|0.0000|0.0000|0|19.02
奥康国际|603001|-0.83|5620048|26761178.00|-1.03|1.03|-3.72|4.80|4.79|4.89|4.66|5.62|4.84|7385600|36517272.00|1|0.0000|0.0000|0.0000|0|4.84
宏昌电子|603002|-4.28|31114343|154338288.00|-0.78|0.78|-6.61|4.92|5.10|5.18|4.80|31.11|5.14|20253100|105215024.00|1|0.0000|0.0000|0.0000|0|5.14
鼎龙科技|603004|-6.90|7018385|123979832.00|-1.54|-0.74|-9.98|17.54|18.55|18.70|16.96|7.02|18.84|2534500|48133960.00|1|0.0000|0.0000|0.0000|0|18.84
晶方科技|603005|-4.76|47619284|1224123392.00|-0.59|1.30|-7.47|25.62|26.74|27.25|24.89|47.62|26.90|23284954|632028992.00|1|0.0000|0.0000|0.0000|0|26.90
联明股份|603006|-9.96|7547400|76414608.00|-7.61|-2.36|-9.96|9.94|10.20|10.78|9.94|7.55|11.04|3650500|40709696.00|1|0.0000|0.0000|0.0000|0|11.04
*ST花王|603007|-5.07|696500|3127285.00|-5.07|-5.07|-5.07|4.49|4.49|4.49|4.49|0.70|4.73|849400|4017662.00|1|0.0000|0.0000|0.0000|0|4.73
喜临门|603008|-0.33|7421399|114028624.00|0.98|3.32|-1.63|15.30|15.50|15.86|15.10|7.42|15.35|6651098|103981304.00|1|0.0000|0.0000|0.0000|0|15.35
北特科技|603009|-10.00|14569550|525469440.00|-10.00|-5.08|-10.00|35.64|35.64|37.59|35.64|14.57|39.60|3806900|151012528.00|1|0.0000|0.0000|0.0000|0|39.60
万盛股份|603010|-1.41|6557956|59642940.00|0.43|2.39|-2.93|9.09|9.26|9.44|8.95|6.56|9.22|7360740|68986512.00|1|0.0000|0.0000|0.0000|0|9.22
合锻智能|603011|-10.00|67241500|678742016.00|-10.00|-7.14|-10.00|10.08|10.08|10.40|10.08|67.24|11.20|3523800|39466560.00|1|0.0000|0.0000|0.0000|0|11.20
创力集团|603012|-4.95|25971900|130829680.00|-2.48|-0.38|-6.86|4.99|5.12|5.23|4.89|25.97|5.25|13255000|70298008.00|1|0.0000|0.0000|0.0000|0|5.25
亚普股份|603013|-4.88|11195600|155355808.00|1.72|1.72|-6.60|13.84|14.80|14.80|13.59|11.20|14.55|5269449|77389384.00|1|0.0000|0.0000|0.0000|0|14.55
弘讯科技|603015|-9.98|31136694|366277440.00|-9.90|-4.41|-9.98|11.64|11.65|12.36|11.64|31.14|12.93|7432200|96262344.00|1|0.0000|0.0000|0.0000|0|12.93
新宏泰|603016|-7.14|3555300|85307992.00|-6.49|-0.39|-9.96|24.05|24.22|25.80|23.32|3.56|25.90|928800|24267116.00|1|0.0000|0.0000|0.0000|0|25.90
中衡设计|603017|-1.17|4228880|32104608.00|0.00|1.43|-3.64|7.60|7.69|7.80|7.41|4.23|7.69|4602000|36017164.00|1|0.0000|0.0000|0.0000|0|7.69
华设集团|603018|-0.81|17811200|130460488.00|-4.71|0.40|-4.71|7.37|7.08|7.46|7.08|17.81|7.43|22383570|168470576.00|1|0.0000|0.0000|0.0000|0|7.43
中科曙光|603019|3.11|48730253|2939822080.00|0.34|3.65|0.30|61.25|59.60|61.57|59.58|48.73|59.40|65996064|3979161600.00|1|0.0000|0.0000|0.0000|0|59.40
爱普股份|603020|-2.12|8928600|70385288.00|-1.87|1.99|-3.99|7.86|7.88|8.19|7.71|8.93|8.03|11649100|95272152.00|1|0.0000|0.0000|0.0000|0|8.03
ST华鹏|603021|-2.57|12208660|41224072.00|-2.29|-0.29|-6.86|3.41|3.42|3.49|3.26|12.21|3.50|7355300|26083112.00|1|0.0000|0.0000|0.0000|0|3.50
新通联|603022|-6.94|6676938|48582900.00|-1.83|0.39|-7.98|7.11|7.50|7.67|7.03|6.68|7.64|4595600|35427932.00|1|0.0000|0.0000|0.0000|0|7.64
威帝股份|603023|-4.75|13231176|37075244.00|-5.08|-2.37|-5.08|2.81|2.80|2.88|2.80|13.23|2.95|2407300|7105134.00|1|0.0000|0.0000|0.0000|0|2.95
大豪科技|603025|-2.74|11641519|139916512.00|-0.16|1.29|-5.00|12.05|12.37|12.55|11.77|11.64|12.39|9342064|117664392.00|1|0.0000|0.0000|0.0000|0|12.39
石大胜华|603026|3.04|3491900|114328760.00|-0.37|3.13|-0.37|33.21|32.11|33.24|32.11|3.49|32.23|4265275|140055472.00|1|0.0000|0.0000|0.0000|0|32.23
千禾味业|603027|5.67|23945691|259261376.00|0.00|5.77|0.00|10.99|10.40|11.00|10.40|23.95|10.40|25480988|272771936.00|1|0.0000|0.0000|0.0000|0|10.40
赛福天|603028|-0.72|15655710|85962144.00|-1.62|1.08|-3.25|5.50|5.45|5.60|5.36|15.66|5.54|14885850|83596496.00|1|0.0000|0.0000|0.0000|0|5.54
天鹅股份|603029|10.01|5076370|85820800.00|3.94|10.01|3.29|17.04|16.10|17.04|16.00|5.08|15.49|3924300|62237560.00|1|0.0000|0.0000|0.0000|0|15.49
全筑股份|603030|-5.78|28476158|60347088.00|-1.33|-0.89|-9.78|2.12|2.22|2.23|2.03|28.48|2.25|16957100|38645248.00|1|0.0000|0.0000|0.0000|0|2.25
安孚科技|603031|-3.30|7049453|179089008.00|0.00|0.99|-7.58|25.50|26.37|26.63|24.37|7.05|26.37|3888790|103457776.00|1|0.0000|0.0000|0.0000|0|26.37
德新科技|603032|-3.23|5471418|65263672.00|-6.54|-0.40|-6.54|11.99|11.58|12.34|11.58|5.47|12.39|4715820|58884932.00|1|0.0000|0.0000|0.0000|0|12.39
三维股份|603033|2.42|6387254|65978724.00|-0.87|2.42|-2.22|10.59|10.25|10.59|10.11|6.39|10.34|4821038|50863672.00|1|0.0000|0.0000|0.0000|0|10.34
常熟汽饰|603035|-2.61|13239828|168454832.00|0.92|1.38|-3.92|12.67|13.13|13.19|12.50|13.24|13.01|10212000|133924856.00|1|0.0000|0.0000|0.0000|0|13.01
如通股份|603036|-5.98|6827200|85313544.00|-1.66|-1.66|-8.40|12.43|13.00|13.00|12.11|6.83|13.22|3538300|47044448.00|1|0.0000|0.0000|0.0000|0|13.22
凯众股份|603037|-6.12|10145928|138556112.00|-2.57|-0.56|-8.21|13.50|14.01|14.30|13.20|10.15|14.38|6679111|96769376.00|1|0.0000|0.0000|0.0000|0|14.38
华立股份|603038|-10.02|12557205|155258640.00|-9.87|-5.60|-10.02|12.21|12.23|12.81|12.21|12.56|13.57|4709927|64285596.00|1|0.0000|0.0000|0.0000|0|13.57
泛微网络|603039|-3.38|4209548|241649488.00|0.00|2.19|-6.30|57.37|59.38|60.68|55.64|4.21|59.38|2216941|134811440.00|1|0.0000|0.0000|0.0000|0|59.38
新坐标|603040|-7.94|4367706|101294600.00|-3.55|-0.28|-10.01|23.08|24.18|25.00|22.56|4.37|25.07|1394000|35102336.00|1|0.0000|0.0000|0.0000|0|25.07
美思德|603041|-1.78|3125900|32404716.00|-0.47|0.75|-4.98|10.46|10.60|10.73|10.12|3.13|10.65|4111260|44600276.00|1|0.0000|0.0000|0.0000|0|10.65
华脉科技|603042|-6.69|11846913|130444480.00|-4.20|-0.17|-9.61|10.88|11.17|11.64|10.54|11.85|11.66|5757700|67601032.00|1|0.0000|0.0000|0.0000|0|11.66
广州酒家|603043|5.34|6807750|103557088.00|-1.03|5.68|-1.03|15.39|14.46|15.44|14.46|6.81|14.61|7148721|107067648.00|1|0.0000|0.0000|0.0000|0|14.61
福达合金|603045|-9.95|13125220|183009808.00|-4.78|-2.16|-10.01|13.76|14.55|14.95|13.75|13.13|15.28|3267700|50614636.00|1|0.0000|0.0000|0.0000|0|15.28
浙江黎明|603048|-8.72|5384799|77505720.00|-4.43|-1.86|-10.01|14.23|14.90|15.30|14.03|5.38|15.59|1492500|23379628.00|1|0.0000|0.0000|0.0000|0|15.59
科林电气|603050|1.34|3357112|44838144.00|-1.42|2.24|-2.76|13.57|13.20|13.69|13.02|3.36|13.39|4140087|56977736.00|1|0.0000|0.0000|0.0000|0|13.39
鹿山新材|603051|-3.46|2925002|63905152.00|-1.46|1.46|-5.95|21.75|22.20|22.86|21.19|2.93|22.53|2303579|52513296.00|1|0.0000|0.0000|0.0000|0|22.53
可川科技|603052|-9.90|2496540|74804144.00|-5.33|-1.48|-9.99|29.23|30.71|31.96|29.20|2.50|32.44|776700|25458492.00|1|0.0000|0.0000|0.0000|0|32.44
成都燃气|603053|3.36|6150900|56615152.00|0.11|4.47|-0.11|9.24|8.95|9.34|8.93|6.15|8.94|7272621|66374428.00|1|0.0000|0.0000|0.0000|0|8.94
台华新材|603055|-9.90|20305516|188546736.00|-5.64|-2.18|-10.00|9.10|9.53|9.88|9.09|20.31|10.10|8685625|88341208.00|1|0.0000|0.0000|0.0000|0|10.10
德邦股份|603056|0.92|8859362|115578960.00|-0.08|1.84|-1.00|13.13|13.00|13.25|12.88|8.86|13.01|9234550|123701312.00|1|0.0000|0.0000|0.0000|0|13.01
紫燕食品|603057|2.25|5049900|97471616.00|2.25|2.51|-3.61|19.55|19.55|19.60|18.43|5.05|19.12|4304482|82097480.00|1|0.0000|0.0000|0.0000|0|19.12
永吉股份|603058|-2.85|12359788|88382536.00|-1.90|0.68|-4.89|7.15|7.22|7.41|7.00|12.36|7.36|8830600|65646788.00|1|0.0000|0.0000|0.0000|0|7.36
倍加洁|603059|-7.44|1952200|38897916.00|0.56|0.56|-9.98|19.67|21.37|21.37|19.13|1.95|21.25|586200|12544710.00|1|0.0000|0.0000|0.0000|0|21.25
国检集团|603060|-0.80|7274914|45177340.00|-0.32|0.80|-3.19|6.22|6.25|6.32|6.07|7.27|6.27|6130466|39261872.00|1|0.0000|0.0000|0.0000|0|6.27
金海通|603061|-2.39|1956300|134031192.00|1.67|1.88|-8.14|70.13|73.05|73.20|66.00|1.96|71.85|940400|68303288.00|1|0.0000|0.0000|0.0000|0|71.85
麦加芯彩|603062|-6.69|5768321|269551840.00|-1.75|0.00|-10.01|47.00|49.49|50.37|45.33|5.77|50.37|2571195|130483568.00|1|0.0000|0.0000|0.0000|0|50.37
禾望电气|603063|-9.99|22321400|576354368.00|-9.99|-5.06|-9.99|25.60|25.60|27.00|25.60|22.32|28.44|2346700|66740148.00|1|0.0000|0.0000|0.0000|0|28.44
宿迁联盛|603065|0.00|3600504|24927850.00|-0.43|1.59|-1.59|6.93|6.90|7.04|6.82|3.60|6.93|4088081|28911208.00|1|0.0000|0.0000|0.0000|0|6.93
音飞储存|603066|-4.57|9819500|96950128.00|-1.95|0.00|-6.61|9.81|10.08|10.28|9.60|9.82|10.28|6263900|64915504.00|1|0.0000|0.0000|0.0000|0|10.28
振华股份|603067|0.26|14827348|230302800.00|0.51|3.97|-3.46|15.64|15.68|16.22|15.06|14.83|15.60|18035386|285920864.00|1|0.0000|0.0000|0.0000|0|15.60
博通集成|603068|-8.77|8043000|234061776.00|-6.44|-0.92|-10.01|28.61|29.34|31.07|28.22|8.04|31.36|2398300|76004336.00|1|0.0000|0.0000|0.0000|0|31.36
海汽集团|603069|5.10|8691351|138739424.00|0.00|5.23|-2.81|16.48|15.68|16.50|15.24|8.69|15.68|5556893|88605848.00|1|0.0000|0.0000|0.0000|0|15.68
万控智造|603070|-6.16|6982200|78987752.00|-4.49|0.00|-8.65|11.28|11.48|12.02|10.98|6.98|12.02|3654900|44382144.00|1|0.0000|0.0000|0.0000|0|12.02
物产环能|603071|-0.51|4120640|48034964.00|-0.69|1.97|-1.63|11.60|11.58|11.89|11.47|4.12|11.66|4115800|49185068.00|1|0.0000|0.0000|0.0000|0|11.66
天和磁材|603072|10.00|33596966|1900855168.00|-7.14|10.00|-7.14|59.29|50.05|59.29|50.05|33.60|53.90|39439538|2198846208.00|1|0.0000|0.0000|0.0000|0|53.90
彩蝶实业|603073|-3.99|4352531|59901144.00|-3.78|-0.41|-7.91|13.96|13.99|14.48|13.39|4.35|14.54|1848000|27103332.00|1|0.0000|0.0000|0.0000|0|14.54
热威股份|603075|-1.85|3320903|58948560.00|-1.80|-0.05|-5.67|18.00|18.01|18.33|17.30|3.32|18.34|2653600|48912952.00|1|0.0000|0.0000|0.0000|0|18.34
乐惠国际|603076|-0.15|2296814|45723932.00|-1.19|2.04|-3.93|20.09|19.88|20.53|19.33|2.30|20.12|3169940|65550564.00|1|0.0000|0.0000|0.0000|0|20.12
和邦生物|603077|3.03|95917413|161778432.00|-0.61|3.64|-0.61|1.70|1.64|1.71|1.64|95.92|1.65|136315033|230345824.00|1|0.0000|0.0000|0.0000|0|1.65
江化微|603078|-6.86|32715356|545467840.00|-0.46|2.71|-9.51|16.16|17.27|17.82|15.70|32.72|17.35|25580883|451995232.00|1|0.0000|0.0000|0.0000|0|17.35
圣达生物|603079|5.45|26918053|396395072.00|-9.42|5.99|-9.42|15.67|13.46|15.75|13.46|26.92|14.86|29855368|458346848.00|1|0.0000|0.0000|0.0000|0|14.86
新疆火炬|603080|-1.82|3504200|51247200.00|-2.76|0.74|-3.36|14.60|14.46|14.98|14.37|3.50|14.87|3856500|58777856.00|1|0.0000|0.0000|0.0000|0|14.87
大丰实业|603081|-1.72|20080950|192056976.00|-3.65|-0.61|-5.37|9.70|9.51|9.81|9.34|20.08|9.87|12178527|121252760.00|1|0.0000|0.0000|0.0000|0|9.87
北自科技|603082|-10.00|2016220|70614064.00|-8.81|-5.88|-10.00|34.74|35.20|36.33|34.74|2.02|38.60|1565640|60892964.00|0|0.0000|0.0000|0.0000|0|38.60
剑桥科技|603083|-7.63|18631325|575748928.00|-0.42|0.33|-9.99|30.61|33.00|33.25|29.83|18.63|33.14|5273600|175943568.00|1|0.0000|0.0000|0.0000|0|33.14
天成自控|603085|-6.75|17681916|161663088.00|-2.86|-0.31|-9.41|9.12|9.50|9.75|8.86|17.68|9.78|5295000|52082736.00|1|0.0000|0.0000|0.0000|0|9.78
先达股份|603086|1.61|23006240|112676376.00|-2.41|1.61|-6.63|5.06|4.86|5.06|4.65|23.01|4.98|9680120|48817064.00|1|0.0000|0.0000|0.0000|0|4.98
甘李药业|603087|1.98|9253352|388696128.00|1.18|3.54|-0.12|42.32|41.99|42.97|41.45|9.25|41.50|16960348|726846144.00|1|0.0000|0.0000|0.0000|0|41.50
宁波精达|603088|-9.97|24739254|249133728.00|-9.25|-4.08|-9.97|9.93|10.01|10.58|9.93|24.74|11.03|8265900|91376288.00|1|0.0000|0.0000|0.0000|0|11.03
正裕工业|603089|-9.89|11725190|96319632.00|-6.22|-3.89|-10.00|8.11|8.44|8.65|8.10|11.73|9.00|1588700|14398948.00|1|0.0000|0.0000|0.0000|0|9.00
宏盛股份|603090|-8.36|5375543|97298384.00|-9.67|-4.28|-9.97|18.19|17.93|19.00|17.87|5.38|19.85|1350600|26903516.00|1|0.0000|0.0000|0.0000|0|19.85
众鑫股份|603091|-7.04|2114812|81782688.00|-2.17|0.17|-9.09|38.05|40.04|41.00|37.21|2.11|40.93|1892806|78510648.00|1|0.0000|0.0000|0.0000|0|40.93
南华期货|603093|-7.20|16808100|189146688.00|0.00|0.99|-10.01|11.22|12.09|12.21|10.88|16.81|12.09|8532600|104615904.00|1|0.0000|0.0000|0.0000|0|12.09
越剑智能|603095|-7.46|3586570|71422816.00|-3.80|0.61|-10.00|19.72|20.50|21.44|19.18|3.59|21.31|1951100|42222512.00|1|0.0000|0.0000|0.0000|0|21.31
新经典|603096|0.00|3217120|56446660.00|1.01|1.24|-2.92|17.78|17.96|18.00|17.26|3.22|17.78|3005400|54320464.00|1|0.0000|0.0000|0.0000|0|17.78
江苏华辰|603097|0.95|1327800|26805940.00|-0.40|2.29|-1.05|20.28|20.01|20.55|19.88|1.33|20.09|2517800|51070468.00|1|0.0000|0.0000|0.0000|0|20.09
森特股份|603098|-6.77|13175300|118388720.00|-0.74|-0.53|-9.63|8.81|9.38|9.40|8.54|13.18|9.45|8765300|83327288.00|1|0.0000|0.0000|0.0000|0|9.45
长白山|603099|3.48|16360603|537124160.00|2.35|4.39|1.19|33.03|32.67|33.32|32.30|16.36|31.92|20778099|684654848.00|1|0.0000|0.0000|0.0000|0|31.92
川仪股份|603100|4.69|18417649|395283168.00|-0.48|5.17|-0.48|21.88|20.80|21.98|20.80|18.42|20.90|19499634|417269184.00|1|0.0000|0.0000|0.0000|0|20.90
汇嘉时代|603101|4.27|10999723|70705680.00|-2.21|4.27|-2.21|6.60|6.19|6.60|6.19|11.00|6.33|6661489|43291516.00|1|0.0000|0.0000|0.0000|0|6.33
百合股份|603102|6.58|2267400|87044448.00|0.16|7.72|0.00|39.20|36.84|39.62|36.78|2.27|36.78|2282900|87165312.00|1|0.0000|0.0000|0.0000|0|36.78
横店影视|603103|7.29|13417255|180903024.00|-0.54|10.01|-3.72|13.83|12.82|14.18|12.41|13.42|12.89|6371264|83945288.00|1|0.0000|0.0000|0.0000|0|12.89
芯能科技|603105|-0.49|10446855|84281640.00|-1.98|2.10|-1.98|8.05|7.93|8.26|7.93|10.45|8.09|16188400|133590600.00|1|0.0000|0.0000|0.0000|0|8.09
恒银科技|603106|-7.60|16403679|114491088.00|-4.27|-0.53|-10.00|6.93|7.18|7.46|6.75|16.40|7.50|6583250|49588968.00|1|0.0000|0.0000|0.0000|0|7.50
上海汽配|603107|-1.16|4019300|58173528.00|-1.29|0.41|-2.86|14.54|14.52|14.77|14.29|4.02|14.71|4961800|74163248.00|1|0.0000|0.0000|0.0000|0|14.71
润达医疗|603108|-5.04|34221631|584928640.00|-0.06|1.29|-7.22|16.97|17.86|18.10|16.58|34.22|17.87|9090716|164046160.00|1|0.0000|0.0000|0.0000|0|17.87
神驰机电|603109|-10.01|6909240|122131616.00|-10.01|-6.54|-10.01|17.62|17.62|18.30|17.62|6.91|19.58|1272900|24923382.00|1|0.0000|0.0000|0.0000|0|19.58
东方材料|603110|-6.16|10670740|144967856.00|-6.23|-2.19|-9.59|13.70|13.69|14.28|13.20|10.67|14.60|2941600|43264964.00|1|0.0000|0.0000|0.0000|0|14.60
康尼机电|603111|-3.25|21440500|128074008.00|-4.71|0.32|-4.87|5.96|5.87|6.18|5.86|21.44|6.16|14571500|91357864.00|1|0.0000|0.0000|0.0000|0|6.16
华翔股份|603112|-2.58|13229800|175739840.00|0.00|2.51|-4.87|13.20|13.55|13.89|12.89|13.23|13.55|23209240|318414176.00|1|0.0000|0.0000|0.0000|0|13.55
金能科技|603113|-3.23|15188543|77530928.00|0.76|0.95|-4.94|5.09|5.30|5.31|5.00|15.19|5.26|9619776|51396516.00|1|0.0000|0.0000|0.0000|0|5.26
海星股份|603115|-7.07|4781670|59291124.00|0.08|0.38|-9.42|12.23|13.17|13.21|11.92|4.78|13.16|1899071|25258586.00|1|0.0000|0.0000|0.0000|0|13.16
红蜻蜓|603116|-8.15|20679780|93358936.00|-6.31|-2.65|-9.98|4.51|4.60|4.78|4.42|20.68|4.91|3841900|19079864.00|1|0.0000|0.0000|0.0000|0|4.91
万林物流|603117|6.24|31662120|176384224.00|-2.57|6.61|-3.30|5.79|5.31|5.81|5.27|31.66|5.45|28897897|164675072.00|1|0.0000|0.0000|0.0000|0|5.45
共进股份|603118|-9.97|47775080|390758432.00|-5.94|-3.47|-9.97|8.04|8.40|8.62|8.04|47.78|8.93|8847400|79204408.00|1|0.0000|0.0000|0.0000|0|8.93
浙江荣泰|603119|-10.01|4941700|156113680.00|-10.01|-9.01|-10.01|31.57|31.57|31.92|31.57|4.94|35.08|1596500|56005220.00|1|0.0000|0.0000|0.0000|0|35.08
华培动力|603121|-9.54|18843319|326332160.00|-1.36|-0.11|-9.98|16.68|18.19|18.42|16.60|18.84|18.44|11416606|215084768.00|1|0.0000|0.0000|0.0000|0|18.44
合富中国|603122|-3.67|9693250|58639348.00|-0.96|0.32|-6.07|6.03|6.20|6.28|5.88|9.69|6.26|6559600|41624232.00|1|0.0000|0.0000|0.0000|0|6.26
翠微股份|603123|-3.08|16079140|110911896.00|-3.50|0.00|-6.29|6.93|6.90|7.15|6.70|16.08|7.15|10512300|76286408.00|1|0.0000|0.0000|0.0000|0|7.15
江南新材|603124|-7.91|6523887|258209424.00|-3.60|-2.50|-9.98|39.11|40.94|41.41|38.23|6.52|42.47|4252458|182480480.00|1|0.0000|0.0000|0.0000|0|42.47
常青科技|603125|-5.50|7889779|145093776.00|-1.35|1.14|-8.88|18.20|19.00|19.48|17.55|7.89|19.26|5976086|117503384.00|1|0.0000|0.0000|0.0000|0|19.26
中材节能|603126|-2.27|21069400|116645368.00|-3.15|-0.52|-5.59|5.59|5.54|5.69|5.40|21.07|5.72|11325400|65772948.00|1|0.0000|0.0000|0.0000|0|5.72
昭衍新药|603127|-3.14|24826752|424747936.00|1.01|1.91|-6.29|17.26|18.00|18.16|16.70|24.83|17.82|8177852|147038688.00|1|0.0000|0.0000|0.0000|0|17.82
华贸物流|603128|1.12|32707850|176053248.00|0.00|2.43|-1.31|5.40|5.34|5.47|5.27|32.71|5.34|39554114|217943504.00|1|0.0000|0.0000|0.0000|0|5.34
春风动力|603129|-10.00|5753707|812462272.00|-8.64|-5.13|-10.00|139.46|141.57|147.00|139.46|5.75|154.95|520600|80666968.00|1|0.0000|0.0000|0.0000|0|154.95
云中马|603130|-6.18|4495848|96142032.00|0.00|0.04|-8.05|21.10|22.49|22.50|20.68|4.50|22.49|2838200|64664660.00|1|0.0000|0.0000|0.0000|0|22.49
上海沪工|603131|-2.74|10239700|156718112.00|-3.37|1.40|-5.92|15.29|15.19|15.94|14.79|10.24|15.72|7188900|114145160.00|1|0.0000|0.0000|0.0000|0|15.72
金徽股份|603132|-0.38|5234106|54736420.00|-0.47|0.38|-2.75|10.51|10.50|10.59|10.26|5.23|10.55|5703000|61522616.00|1|0.0000|0.0000|0.0000|0|10.55
中重科技|603135|-7.07|10383324|88757656.00|-1.99|0.00|-8.73|8.41|8.87|9.05|8.26|10.38|9.05|4585400|42104592.00|1|0.0000|0.0000|0.0000|0|9.05
天目湖|603136|6.89|9684918|111785264.00|0.27|7.25|0.09|11.79|11.06|11.83|11.04|9.68|11.03|8659720|98270104.00|1|0.0000|0.0000|0.0000|0|11.03
恒尚节能|603137|0.81|2737788|30305386.00|0.63|1.99|-1.36|11.14|11.12|11.27|10.90|2.74|11.05|3395400|37570816.00|1|0.0000|0.0000|0.0000|0|11.05
海量数据|603138|-5.04|9457859|117705880.00|-4.50|0.31|-8.40|12.44|12.51|13.14|12.00|9.46|13.10|4872200|64603548.00|1|0.0000|0.0000|0.0000|0|13.10
康惠股份|603139|-1.88|5045900|84768016.00|0.00|1.76|-5.88|16.68|17.00|17.30|16.00|5.05|17.00|2835700|48452896.00|1|0.0000|0.0000|0.0000|0|17.00
万朗磁塑|603150|-8.40|5279300|143736288.00|-2.16|-1.48|-9.99|27.15|29.00|29.20|26.68|5.28|29.64|710600|21179168.00|1|0.0000|0.0000|0.0000|0|29.64
邦基科技|603151|6.53|8378600|103276160.00|-0.43|7.82|-0.43|12.40|11.59|12.55|11.59|8.38|11.64|7794145|97093728.00|1|0.0000|0.0000|0.0000|0|11.64
上海建科|603153|-2.45|6100600|97135480.00|-0.49|0.80|-4.35|15.91|16.23|16.44|15.60|6.10|16.31|4397850|72726192.00|1|0.0000|0.0000|0.0000|0|16.31
新亚强|603155|-5.70|7291411|89333712.00|-2.39|-0.77|-9.31|12.25|12.68|12.89|11.78|7.29|12.99|4759117|62922920.00|1|0.0000|0.0000|0.0000|0|12.99
养元饮品|603156|3.66|7087776|166307824.00|-0.35|4.22|-0.87|23.81|22.89|23.94|22.77|7.09|22.97|6782374|154831696.00|1|0.0000|0.0000|0.0000|0|22.97
腾龙股份|603158|-6.65|33893635|260055552.00|-4.47|-1.57|-10.04|7.72|7.90|8.14|7.44|33.89|8.27|8212300|68325056.00|1|0.0000|0.0000|0.0000|0|8.27
上海亚虹|603159|-7.83|3207620|38743396.00|-5.84|-1.84|-9.98|12.00|12.26|12.78|11.72|3.21|13.02|1202000|15828840.00|1|0.0000|0.0000|0.0000|0|13.02
汇顶科技|603160|-2.20|6886024|447328064.00|-2.58|1.31|-3.72|64.85|64.60|67.18|63.84|6.89|66.31|5444164|367643328.00|1|0.0000|0.0000|0.0000|0|66.31
科华控股|603161|-7.84|8650392|84538416.00|-4.59|-2.87|-9.94|9.64|9.98|10.16|9.42|8.65|10.46|3995352|42080084.00|1|0.0000|0.0000|0.0000|0|10.46
海通发展|603162|0.25|9453294|75416760.00|-0.38|1.50|-1.62|8.02|7.97|8.12|7.87|9.45|8.00|13058066|106308960.00|1|0.0000|0.0000|0.0000|0|8.00
圣晖集成|603163|-2.38|1815275|40028072.00|-2.77|0.31|-5.98|22.19|22.10|22.80|21.37|1.82|22.73|1304025|30079466.00|1|0.0000|0.0000|0.0000|0|22.73
荣晟环保|603165|1.52|5197428|58575276.00|0.09|2.24|-1.52|11.35|11.19|11.43|11.01|5.20|11.18|6773376|77680448.00|1|0.0000|0.0000|0.0000|0|11.18
福达股份|603166|-10.00|35332795|397400704.00|-10.00|-5.40|-10.00|11.16|11.16|11.73|11.16|35.33|12.40|8055500|99987088.00|1|0.0000|0.0000|0.0000|0|12.40
渤海轮渡|603167|1.76|19009401|154432368.00|0.50|4.03|0.50|8.09|7.99|8.27|7.99|19.01|7.95|29422965|239906800.00|1|0.0000|0.0000|0.0000|0|7.95
莎普爱思|603168|-1.74|9090491|56091196.00|-2.38|0.95|-3.65|6.20|6.16|6.37|6.08|9.09|6.31|9244230|59247280.00|1|0.0000|0.0000|0.0000|0|6.31
兰石重装|603169|3.98|201569000|1733492608.00|4.55|7.05|-10.00|9.15|9.20|9.42|7.92|201.57|8.80|250701440|2352380416.00|1|0.0000|0.0000|0.0000|0|8.80
宝立食品|603170|5.46|4486600|56780112.00|1.16|6.70|0.83|12.75|12.23|12.90|12.19|4.49|12.09|4458742|55810644.00|1|0.0000|0.0000|0.0000|0|12.09
税友股份|603171|-3.73|4774458|184205424.00|4.63|4.63|-7.04|38.43|41.77|41.77|37.11|4.77|39.92|2857600|115578056.00|1|0.0000|0.0000|0.0000|0|39.92
万丰股份|603172|-4.84|2536800|31824562.00|-1.00|0.77|-6.53|12.38|12.88|13.11|12.16|2.54|13.01|2017800|26559514.00|1|0.0000|0.0000|0.0000|0|13.01
福斯达|603173|-5.61|3674488|80638136.00|-0.61|1.48|-7.52|21.71|22.86|23.34|21.27|3.67|23.00|2511800|59192164.00|1|0.0000|0.0000|0.0000|0|23.00
汇通集团|603176|-6.18|9065269|37473816.00|-3.66|-1.60|-8.01|4.10|4.21|4.30|4.02|9.07|4.37|4108300|18232500.00|1|0.0000|0.0000|0.0000|0|4.37
德创环保|603177|-5.51|10636224|73667856.00|-4.96|-1.24|-7.30|6.86|6.90|7.17|6.73|10.64|7.26|8649585|63110456.00|1|0.0000|0.0000|0.0000|0|7.26
圣龙股份|603178|-8.92|12447154|203953456.00|-8.58|-4.68|-9.98|16.34|16.40|17.10|16.15|12.45|17.94|6562000|119330624.00|1|0.0000|0.0000|0.0000|0|17.94
新泉股份|603179|-3.19|9333091|366144448.00|-2.92|-1.46|-7.54|39.79|39.90|40.50|38.00|9.33|41.10|3193200|132926584.00|1|0.0000|0.0000|0.0000|0|41.10
金牌家居|603180|3.22|2369960|41603972.00|1.58|4.51|0.76|17.62|17.34|17.84|17.20|2.37|17.07|2982798|51893320.00|1|0.0000|0.0000|0.0000|0|17.07
皇马科技|603181|-3.56|11005720|116813328.00|-2.19|0.09|-5.93|10.57|10.72|10.97|10.31|11.01|10.96|8413038|93484072.00|1|0.0000|0.0000|0.0000|0|10.96
嘉华股份|603182|10.04|6675192|80744592.00|-0.45|10.04|-0.72|12.28|11.11|12.28|11.08|6.68|11.16|4216800|49576400.00|1|0.0000|0.0000|0.0000|0|11.16
建研院|603183|-1.61|19207200|70514792.00|-1.88|1.61|-4.29|3.67|3.66|3.79|3.57|19.21|3.73|16668100|63293016.00|1|0.0000|0.0000|0.0000|0|3.73
弘元绿能|603185|-3.26|12869877|164685280.00|-0.53|2.13|-5.01|12.74|13.10|13.45|12.51|12.87|13.17|8090945|108354968.00|1|0.0000|0.0000|0.0000|0|13.17
华正新材|603186|-8.90|9111419|190772720.00|-6.90|-1.20|-10.01|20.48|20.93|22.21|20.23|9.11|22.48|2698800|61256016.00|1|0.0000|0.0000|0.0000|0|22.48
海容冷链|603187|-1.76|8236642|83251808.00|0.29|1.85|-3.32|10.07|10.28|10.44|9.91|8.24|10.25|9528932|99303168.00|1|0.0000|0.0000|0.0000|0|10.25
亚邦股份|603188|-7.43|62844700|218729760.00|-9.81|-2.12|-10.08|3.49|3.40|3.69|3.39|62.84|3.77|13783800|52121048.00|1|0.0000|0.0000|0.0000|0|3.77
网达软件|603189|1.21|15398046|237151408.00|-3.69|4.71|-6.37|15.90|15.13|16.45|14.71|15.40|15.71|7660700|121030544.00|1|0.0000|0.0000|0.0000|0|15.71
亚通精工|603190|-6.56|2757100|52705288.00|-3.18|-0.60|-8.25|18.80|19.48|20.00|18.46|2.76|20.12|1620100|32946000.00|1|0.0000|0.0000|0.0000|0|20.12
望变电气|603191|-5.24|8620586|100058728.00|-1.91|1.16|-6.32|11.40|11.80|12.17|11.27|8.62|12.03|5985900|73353744.00|1|0.0000|0.0000|0.0000|0|12.03
汇得科技|603192|-9.63|6266790|97480840.00|-3.90|-2.60|-9.98|15.30|16.27|16.49|15.24|6.27|16.93|3575480|61141412.00|1|0.0000|0.0000|0.0000|0|16.93
润本股份|603193|6.99|5484403|187879232.00|0.06|8.29|-0.36|35.37|33.08|35.80|32.94|5.48|33.06|4179771|140333760.00|1|0.0000|0.0000|0.0000|0|33.06
中力股份|603194|-5.67|5152382|160459392.00|-2.35|0.21|-8.63|30.92|32.01|32.85|29.95|5.15|32.78|3541752|117517520.00|1|0.0000|0.0000|0.0000|0|32.78
公牛集团|603195|0.91|5040229|340932480.00|0.00|0.91|-1.59|68.60|67.98|68.60|66.90|5.04|67.98|4361486|295283200.00|1|0.0000|0.0000|0.0000|0|67.98
日播时尚|603196|-5.49|5345000|65626472.00|-4.95|-0.62|-7.88|12.23|12.30|12.86|11.92|5.34|12.94|3137800|40899624.00|1|0.0000|0.0000|0.0000|0|12.94
保隆科技|603197|-6.97|9998150|349605216.00|-2.61|-2.34|-9.58|34.96|36.60|36.70|33.98|10.00|37.58|3597490|136403312.00|1|0.0000|0.0000|0.0000|0|37.58
迎驾贡酒|603198|2.93|7388853|383167552.00|0.18|3.28|-0.31|52.72|51.31|52.90|51.06|7.39|51.22|7212200|374809600.00|1|0.0000|0.0000|0.0000|0|51.22
九华旅游|603199|3.07|7861200|297157344.00|1.09|5.95|-0.46|37.93|37.20|38.99|36.63|7.86|36.80|8868020|330683904.00|1|0.0000|0.0000|0.0000|0|36.80
上海洗霸|603200|1.42|13214002|410637376.00|0.09|2.14|-7.15|32.22|31.80|32.45|29.50|13.21|31.77|10673093|343953728.00|1|0.0000|0.0000|0.0000|0|31.77
常润股份|603201|-9.93|3991156|57795428.00|-4.93|-0.76|-9.99|14.24|15.03|15.69|14.23|3.99|15.81|1169700|18560730.00|1|0.0000|0.0000|0.0000|0|15.81
快克智能|603203|-4.70|4902542|101034632.00|0.00|1.16|-7.95|20.50|21.51|21.76|19.80|4.90|21.51|2568244|56073008.00|1|0.0000|0.0000|0.0000|0|21.51
健尔康|603205|-4.81|2641800|87551904.00|-1.30|0.55|-7.24|32.85|34.06|34.70|32.01|2.64|34.51|2389910|84452952.00|1|0.0000|0.0000|0.0000|0|34.51
嘉环科技|603206|-4.33|7983011|123738720.00|-5.14|0.87|-7.49|15.46|15.33|16.30|14.95|7.98|16.16|6334400|103702712.00|1|0.0000|0.0000|0.0000|0|16.16
小方制药|603207|-5.41|5573956|137847872.00|-4.53|-1.07|-7.21|24.65|24.88|25.78|24.18|5.57|26.06|4494861|118959960.00|1|0.0000|0.0000|0.0000|0|26.06
江山欧派|603208|-0.14|2874765|39703756.00|0.00|2.01|-2.44|13.90|13.92|14.20|13.58|2.87|13.92|2905931|41281664.00|1|0.0000|0.0000|0.0000|0|13.92
兴通股份|603209|-1.21|5138974|71754776.00|0.07|1.42|-3.12|13.93|14.11|14.30|13.66|5.14|14.10|5869680|84499088.00|1|0.0000|0.0000|0.0000|0|14.10
晋拓股份|603211|-8.18|12529974|182996368.00|-4.88|-1.78|-10.02|14.48|15.00|15.49|14.19|12.53|15.77|3131800|49601184.00|1|0.0000|0.0000|0.0000|0|15.77
赛伍技术|603212|-2.32|10061604|93543856.00|-3.05|1.05|-4.00|9.28|9.21|9.60|9.12|10.06|9.50|8866800|85335456.00|1|0.0000|0.0000|0.0000|0|9.50
镇洋发展|603213|-5.48|8919617|75698680.00|-3.36|0.22|-8.28|8.45|8.64|8.96|8.20|8.92|8.94|6343900|57308080.00|1|0.0000|0.0000|0.0000|0|8.94
爱婴室|603214|10.01|14064050|298907616.00|-0.41|10.01|-0.41|21.54|19.50|21.54|19.50|14.06|19.58|9689400|192110928.00|1|0.0000|0.0000|0.0000|0|19.58
比依股份|603215|-9.99|9441300|128500136.00|-6.84|-4.76|-9.99|13.42|13.89|14.20|13.42|9.44|14.91|2306600|34484556.00|1|0.0000|0.0000|0.0000|0|14.91
梦天家居|603216|-3.03|3898333|40023612.00|-0.09|1.14|-5.02|10.23|10.54|10.67|10.02|3.90|10.55|2093900|22482556.00|1|0.0000|0.0000|0.0000|0|10.55
元利科技|603217|-5.90|5300534|82755872.00|-0.92|1.41|-7.32|15.30|16.11|16.49|15.07|5.30|16.26|5736440|94917888.00|1|0.0000|0.0000|0.0000|0|16.26
日月股份|603218|-1.39|14653384|167938832.00|0.95|2.60|-2.60|11.36|11.63|11.82|11.22|14.65|11.52|12770677|149694912.00|1|0.0000|0.0000|0.0000|0|11.52
富佳股份|603219|-8.51|10621538|139489968.00|-5.98|-2.25|-9.99|13.01|13.37|13.90|12.80|10.62|14.22|2351500|33618112.00|1|0.0000|0.0000|0.0000|0|14.22
中贝通信|603220|-7.82|33960600|758626880.00|-3.49|0.50|-10.01|21.92|22.95|23.90|21.40|33.96|23.78|17702262|428039552.00|1|0.0000|0.0000|0.0000|0|23.78
爱丽家居|603221|9.97|31049751|374298464.00|0.00|9.97|-1.99|12.68|11.53|12.68|11.30|31.05|11.53|7969350|91886608.00|1|0.0000|0.0000|0.0000|0|11.53
济民健康|603222|0.00|12562270|71561896.00|1.06|3.87|-2.11|5.68|5.74|5.90|5.56|12.56|5.68|16985840|98371920.00|1|0.0000|0.0000|0.0000|0|5.68
恒通股份|603223|-4.42|9839489|77179176.00|-1.96|0.61|-7.48|7.79|7.99|8.20|7.54|9.84|8.15|5272884|43852676.00|1|0.0000|0.0000|0.0000|0|8.15
新凤鸣|603225|-2.48|21248306|214803280.00|-1.62|-0.10|-5.06|10.21|10.30|10.46|9.94|21.25|10.47|13434800|143029376.00|1|0.0000|0.0000|0.0000|0|10.47
菲林格尔|603226|-9.63|7244754|40658464.00|0.17|1.00|-9.97|5.44|6.03|6.08|5.42|7.24|6.02|4924890|29918846.00|1|0.0000|0.0000|0.0000|0|6.02
雪峰科技|603227|4.11|27928865|250689680.00|0.00|4.69|-0.11|9.11|8.75|9.16|8.74|27.93|8.75|47093471|425599712.00|1|0.0000|0.0000|0.0000|0|8.75
景旺电子|603228|-0.21|35090739|931500992.00|-4.00|0.11|-9.95|28.18|27.11|28.27|25.43|35.09|28.24|7025600|198503136.00|1|0.0000|0.0000|0.0000|0|28.24
奥翔药业|603229|-1.30|15962694|121558768.00|0.65|2.34|-3.38|7.60|7.75|7.88|7.44|15.96|7.70|14818200|116398944.00|1|0.0000|0.0000|0.0000|0|7.70
内蒙新华|603230|0.72|4696807|52688996.00|-0.36|2.42|-1.08|11.24|11.12|11.43|11.04|4.70|11.16|8003207|90734208.00|1|0.0000|0.0000|0.0000|0|11.16
索宝蛋白|603231|7.21|4789719|72245432.00|0.14|8.19|0.14|15.31|14.30|15.45|14.30|4.79|14.28|4128709|60877116.00|1|0.0000|0.0000|0.0000|0|14.28
格尔软件|603232|-3.85|8909791|106834184.00|-2.33|0.72|-7.62|11.99|12.18|12.56|11.52|8.91|12.47|5808642|73194192.00|1|0.0000|0.0000|0.0000|0|12.47
大参林|603233|5.30|12177209|200873008.00|0.63|5.99|0.63|16.69|15.95|16.80|15.95|12.18|15.85|13244635|210978976.00|1|0.0000|0.0000|0.0000|0|15.85
天新药业|603235|0.91|2556912|67779816.00|-1.51|2.38|-1.51|26.70|26.06|27.09|26.06|2.56|26.46|3228200|85324472.00|1|0.0000|0.0000|0.0000|0|26.46
移远通信|603236|-9.82|20380924|1268446976.00|-6.83|-1.73|-10.00|60.98|63.00|66.45|60.86|20.38|67.62|3606000|243867424.00|1|0.0000|0.0000|0.0000|0|67.62
五芳斋|603237|4.94|3842921|69040368.00|2.09|5.87|0.46|18.07|17.58|18.23|17.30|3.84|17.22|4095838|72911648.00|1|0.0000|0.0000|0.0000|0|17.22
诺邦股份|603238|-9.99|5911200|82610112.00|-9.99|-8.63|-9.99|13.97|13.97|14.18|13.97|5.91|15.52|2655600|41355148.00|1|0.0000|0.0000|0.0000|0|15.52
浙江仙通|603239|-2.12|5159800|62278700.00|0.00|1.14|-3.91|12.03|12.29|12.43|11.81|5.16|12.29|6090300|75852112.00|1|0.0000|0.0000|0.0000|0|12.29
鼎际得|603255|1.91|761700|22164852.00|1.56|3.82|-0.69|29.35|29.25|29.90|28.60|0.76|28.80|1257400|36306232.00|1|0.0000|0.0000|0.0000|0|28.80
宏和科技|603256|-6.81|10177800|74308032.00|-4.88|-1.16|-9.90|7.25|7.40|7.69|7.01|10.18|7.78|4132100|32554948.00|1|0.0000|0.0000|0.0000|0|7.78
中国瑞林|603257|0.00|21088292|1458622976.00|0.00|0.00|0.00|99.90|61.05|165.00|58.50|21.09|99.90|21088292|1458622976.00|1|0.0000|0.0000|0.0000|0|99.90
电魂网络|603258|-7.31|9709184|180180592.00|-4.31|-0.30|-9.77|18.50|19.10|19.90|18.01|9.71|19.96|3749423|75365536.00|1|0.0000|0.0000|0.0000|0|19.96
药明康德|603259|-9.73|127288498|6716310528.00|1.59|1.70|-10.01|51.61|58.08|58.14|51.45|127.29|57.17|42101088|2413603072.00|1|0.0000|0.0000|0.0000|0|57.17
合盛硅业|603260|4.99|4301508|224739824.00|-0.04|4.99|-1.28|54.07|51.48|54.07|50.84|4.30|51.50|4557685|233625728.00|1|0.0000|0.0000|0.0000|0|51.50
*ST立航|603261|-5.04|2971396|48265420.00|-5.51|-0.47|-7.68|16.20|16.12|16.98|15.75|2.97|17.06|1361700|23435480.00|1|0.0000|0.0000|0.0000|0|17.06
天龙股份|603266|4.40|18744060|343633312.00|2.17|4.73|-0.89|18.75|18.35|18.81|17.80|18.74|17.96|19866404|358439936.00|1|0.0000|0.0000|0.0000|0|17.96
鸿远电子|603267|0.15|10169050|529118144.00|-0.31|5.32|-2.75|51.80|51.56|54.47|50.30|10.17|51.72|12991407|690952192.00|1|0.0000|0.0000|0.0000|0|51.72
*ST松发|603268|2.72|1443800|45673960.00|-0.50|3.35|-6.10|32.83|31.80|33.03|30.01|1.44|31.96|1363300|44174576.00|1|0.0000|0.0000|0.0000|0|31.96
海鸥股份|603269|-3.67|9493252|93312416.00|0.00|2.78|-6.75|9.70|10.07|10.35|9.39|9.49|10.07|6450420|65689600.00|1|0.0000|0.0000|0.0000|0|10.07
金帝股份|603270|-6.99|10069573|201785584.00|-7.36|-1.71|-10.00|20.08|20.00|21.22|19.43|10.07|21.59|1939900|42310028.00|1|0.0000|0.0000|0.0000|0|21.59
永杰新材|603271|-5.15|4749514|163350544.00|-1.90|0.64|-7.56|33.89|35.05|35.96|33.03|4.75|35.73|4261245|155006848.00|1|0.0000|0.0000|0.0000|0|35.73
联翔股份|603272|-9.50|2250000|29913060.00|-8.60|-1.05|-9.99|12.95|13.08|14.16|12.88|2.25|14.31|2018500|29416700.00|1|0.0000|0.0000|0.0000|0|14.31
天元智能|603273|-3.49|4046554|59556376.00|-1.25|0.07|-6.06|14.66|15.00|15.20|14.27|4.05|15.19|2788000|42782904.00|1|0.0000|0.0000|0.0000|0|15.19
众辰科技|603275|-9.71|3208497|104574120.00|-3.43|0.88|-10.00|31.88|34.10|35.62|31.78|3.21|35.31|1131500|40443720.00|1|0.0000|0.0000|0.0000|0|35.31
恒兴新材|603276|-2.22|6559046|77932048.00|-0.82|0.91|-4.53|11.88|12.05|12.26|11.60|6.56|12.15|6289292|77611024.00|1|0.0000|0.0000|0.0000|0|12.15
银都股份|603277|-9.98|5605500|106633944.00|-2.84|-1.69|-9.98|18.68|20.16|20.40|18.68|5.61|20.75|1871600|38883168.00|1|0.0000|0.0000|0.0000|0|20.75
大业股份|603278|-4.36|15403842|121775584.00|-3.03|-0.85|-6.67|7.89|8.00|8.18|7.70|15.40|8.25|10213500|84698096.00|1|0.0000|0.0000|0.0000|0|8.25
景津装备|603279|2.59|6644499|104695536.00|1.94|4.14|0.32|15.85|15.75|16.09|15.50|6.64|15.45|7502764|119371320.00|1|0.0000|0.0000|0.0000|0|15.45
南方路机|603280|-3.54|4375600|89819528.00|-2.03|-0.05|-5.43|20.42|20.74|21.16|20.02|4.38|21.17|3074200|65605096.00|1|0.0000|0.0000|0.0000|0|21.17
江瀚新材|603281|3.45|2971920|68482920.00|0.04|4.48|0.04|23.09|22.33|23.32|22.33|2.97|22.32|2928440|67465656.00|1|0.0000|0.0000|0.0000|0|22.32
亚光股份|603282|-3.67|1878912|25781056.00|-1.69|0.42|-6.14|13.66|13.94|14.24|13.31|1.88|14.18|1934400|28133816.00|1|0.0000|0.0000|0.0000|0|14.18
赛腾股份|603283|-10.00|9659178|446969952.00|-6.47|-3.60|-10.00|45.47|47.25|48.70|45.47|9.66|50.52|2205325|111489272.00|1|0.0000|0.0000|0.0000|0|50.52
键邦股份|603285|-4.26|7770760|157502528.00|-2.89|0.57|-7.48|20.21|20.50|21.23|19.53|7.77|21.11|5478663|116986664.00|1|0.0000|0.0000|0.0000|0|21.11
日盈电子|603286|-9.99|6980800|176124416.00|-6.34|-1.57|-9.99|24.69|25.69|27.00|24.69|6.98|27.43|4816600|132481528.00|1|0.0000|0.0000|0.0000|0|27.43
海天味业|603288|4.83|33536039|1337388160.00|-0.25|5.17|-1.27|41.20|39.20|41.33|38.80|33.54|39.30|32467484|1280961536.00|1|0.0000|0.0000|0.0000|0|39.30
泰瑞机器|603289|-6.29|13618153|102268448.00|-3.77|-1.01|-8.81|7.45|7.65|7.87|7.25|13.62|7.95|7398300|59398220.00|1|0.0000|0.0000|0.0000|0|7.95
斯达半导|603290|-0.64|3648638|288951744.00|-2.08|2.30|-2.66|79.15|78.00|81.49|77.54|3.65|79.66|3727500|303106816.00|1|0.0000|0.0000|0.0000|0|79.66
联合水务|603291|-7.93|6133388|68679176.00|-0.92|-0.17|-9.85|11.03|11.87|11.96|10.80|6.13|11.98|3712600|44708264.00|1|0.0000|0.0000|0.0000|0|11.98
华勤技术|603296|-9.26|23234184|1387373056.00|-0.14|-0.14|-10.00|58.70|64.60|64.60|58.22|23.23|64.69|5440680|352881376.00|1|0.0000|0.0000|0.0000|0|64.69
永新光学|603297|-5.21|2206901|160891872.00|-4.44|-0.81|-8.82|72.77|73.36|76.15|70.00|2.21|76.77|1299900|100463952.00|1|0.0000|0.0000|0.0000|0|76.77
杭叉集团|603298|-4.52|22722612|373134240.00|-1.98|-0.57|-10.01|16.88|17.33|17.58|15.91|22.72|17.68|5491500|97094968.00|1|0.0000|0.0000|0.0000|0|17.68
苏盐井神|603299|4.92|18312381|189826480.00|0.90|6.23|0.90|10.44|10.04|10.57|10.04|18.31|9.95|18532153|190007168.00|1|0.0000|0.0000|0.0000|0|9.95
海南华铁|603300|-9.01|336688810|3114003200.00|-1.40|0.00|-10.01|9.09|9.85|9.99|8.99|336.69|9.99|199420771|2007076864.00|1|0.0000|0.0000|0.0000|0|9.99
振德医疗|603301|0.00|5709350|114073032.00|-0.35|2.16|-1.46|19.90|19.83|20.33|19.61|5.71|19.90|4842200|98915392.00|1|0.0000|0.0000|0.0000|0|19.90
得邦照明|603303|-1.40|2518460|28413626.00|0.00|1.67|-2.80|11.25|11.41|11.60|11.09|2.52|11.41|2887120|33722656.00|1|0.0000|0.0000|0.0000|0|11.41
旭升集团|603305|-9.97|37781909|421430432.00|-4.28|-1.81|-9.97|10.93|11.62|11.92|10.93|37.78|12.14|10919668|133737864.00|1|0.0000|0.0000|0.0000|0|12.14
华懋科技|603306|-7.38|13643726|408484512.00|-4.39|-0.82|-9.10|29.51|30.46|31.60|28.96|13.64|31.86|7131178|230390512.00|1|0.0000|0.0000|0.0000|0|31.86
扬州金泉|603307|-2.64|1881746|63211060.00|0.95|2.37|-3.41|32.86|34.07|34.55|32.60|1.88|33.75|1562274|53424508.00|1|0.0000|0.0000|0.0000|0|33.75
应流股份|603308|-7.47|27766952|453811200.00|1.97|1.97|-9.91|15.97|17.60|17.60|15.55|27.77|17.26|15940050|284563296.00|1|0.0000|0.0000|0.0000|0|17.26
维力医疗|603309|-4.90|8723200|91917416.00|-5.62|-0.73|-6.89|10.49|10.41|10.95|10.27|8.72|11.03|5558637|62290004.00|1|0.0000|0.0000|0.0000|0|11.03
巍华新材|603310|-5.90|5691753|92651272.00|-0.64|0.06|-9.00|16.11|17.01|17.13|15.58|5.69|17.12|3587600|62106228.00|1|0.0000|0.0000|0.0000|0|17.12
金海高科|603311|-8.38|7320100|62479932.00|-3.16|-0.76|-10.01|8.42|8.90|9.12|8.27|7.32|9.19|2809200|26125314.00|1|0.0000|0.0000|0.0000|0|9.19
西典新能|603312|2.10|3158109|112424600.00|0.06|3.92|-1.17|35.93|35.21|36.57|34.78|3.16|35.19|4783533|170945328.00|1|0.0000|0.0000|0.0000|0|35.19
梦百合|603313|10.01|58559184|409874816.00|-2.65|10.01|-3.09|7.47|6.61|7.47|6.58|58.56|6.79|62736675|441595072.00|1|0.0000|0.0000|0.0000|0|6.79
福鞍股份|603315|-7.77|19285431|213263536.00|-2.87|-0.93|-9.97|10.92|11.50|11.73|10.66|19.29|11.84|6481532|77144048.00|1|0.0000|0.0000|0.0000|0|11.84
诚邦股份|603316|-4.48|11067530|53901712.00|-2.34|-0.58|-7.60|4.90|5.01|5.10|4.74|11.07|5.13|3374100|17507864.00|1|0.0000|0.0000|0.0000|0|5.13
天味食品|603317|7.61|22324451|318816064.00|0.37|7.69|0.37|14.56|13.58|14.57|13.58|22.32|13.53|18136178|253989936.00|1|0.0000|0.0000|0.0000|0|13.53
水发燃气|603318|-0.68|12712200|73998056.00|-1.69|1.36|-3.22|5.86|5.80|5.98|5.71|12.71|5.90|10790600|64712572.00|1|0.0000|0.0000|0.0000|0|5.90
美湖股份|603319|-10.01|15886670|431095104.00|-5.66|-3.00|-10.01|26.71|28.00|28.79|26.71|15.89|29.68|1796200|53311216.00|1|0.0000|0.0000|0.0000|0|29.68
迪贝电气|603320|-7.51|6562217|96162824.00|-5.73|-0.32|-9.99|14.53|14.81|15.66|14.14|6.56|15.71|2681100|42351508.00|1|0.0000|0.0000|0.0000|0|15.71
梅轮电梯|603321|-5.82|10883989|72612136.00|-1.99|-1.42|-8.37|6.64|6.91|6.95|6.46|10.88|7.05|6277300|44886540.00|1|0.0000|0.0000|0.0000|0|7.05
超讯通信|603322|-9.99|10562924|418134944.00|-2.06|0.28|-9.99|38.39|41.77|42.77|38.39|10.56|42.65|4532120|195140336.00|1|0.0000|0.0000|0.0000|0|42.65
苏农银行|603323|2.04|51651950|258239504.00|1.02|3.47|1.02|5.00|4.95|5.07|4.95|51.65|4.90|76686768|386150432.00|1|0.0000|0.0000|0.0000|0|4.90
盛剑科技|603324|-2.00|3843520|88175592.00|-2.00|0.54|-7.71|23.50|23.50|24.11|22.13|3.84|23.98|2642100|63936664.00|1|0.0000|0.0000|0.0000|0|23.98
博隆技术|603325|0.12|782387|67782624.00|0.55|2.69|-2.20|86.60|86.98|88.83|84.60|0.78|86.50|1368423|120173232.00|1|0.0000|0.0000|0.0000|0|86.50
我乐家居|603326|5.39|21568550|160331296.00|1.24|8.99|-4.98|7.62|7.32|7.88|6.87|21.57|7.23|18349469|137580320.00|1|0.0000|0.0000|0.0000|0|7.23
福蓉科技|603327|-5.50|12220276|126700480.00|-1.01|0.09|-7.42|10.31|10.80|10.92|10.10|12.22|10.91|6370994|70083392.00|1|0.0000|0.0000|0.0000|0|10.91
依顿电子|603328|-9.50|37641279|294890112.00|-5.28|-2.11|-9.96|7.72|8.08|8.35|7.68|37.64|8.53|12232500|105304144.00|1|0.0000|0.0000|0.0000|0|8.53
上海雅仕|603329|7.00|11363850|155683952.00|-2.01|7.00|-4.10|14.36|13.15|14.36|12.87|11.36|13.42|8292700|115590336.00|1|0.0000|0.0000|0.0000|0|13.42
天洋新材|603330|-6.53|55243036|444627328.00|-2.98|-2.63|-9.97|8.16|8.47|8.50|7.86|55.24|8.73|64307204|576984512.00|0|0.0000|0.0000|0.0000|0|8.73
百达精工|603331|-4.18|8890730|73514272.00|-0.93|0.12|-6.38|8.26|8.54|8.63|8.07|8.89|8.62|4568000|39737868.00|1|0.0000|0.0000|0.0000|0|8.62
苏州龙杰|603332|-6.42|12224750|99192744.00|0.47|1.05|-8.98|8.02|8.61|8.66|7.80|12.22|8.57|4773900|41166508.00|1|0.0000|0.0000|0.0000|0|8.57
尚纬股份|603333|-3.12|17333333|81422312.00|-2.50|2.08|-4.79|4.65|4.68|4.90|4.57|17.33|4.80|19719200|97492472.00|1|0.0000|0.0000|0.0000|0|4.80
迪生力|603335|-8.44|28272241|104765304.00|-3.23|-1.99|-9.93|3.69|3.90|3.95|3.63|28.27|4.03|22621740|92521456.00|1|0.0000|0.0000|0.0000|0|4.03
宏辉果蔬|603336|10.07|102382593|624935296.00|3.82|10.07|-4.17|6.34|5.98|6.34|5.52|102.38|5.76|90160686|504840096.00|1|0.0000|0.0000|0.0000|0|5.76
杰克科技|603337|-4.13|7829863|198428928.00|-0.30|-0.22|-9.23|25.77|26.80|26.82|24.40|7.83|26.88|2612400|70512440.00|1|0.0000|0.0000|0.0000|0|26.88
浙江鼎力|603338|-10.00|16380224|734878848.00|-9.94|-5.09|-10.00|44.55|44.58|46.98|44.55|16.38|49.50|3130400|155192656.00|1|0.0000|0.0000|0.0000|0|49.50
四方科技|603339|-7.20|8839264|90423056.00|-4.28|-1.82|-9.75|10.18|10.50|10.77|9.90|8.84|10.97|3527080|38877412.00|1|0.0000|0.0000|0.0000|0|10.97
龙旗科技|603341|-9.74|9304498|325529664.00|-3.09|-0.50|-10.01|34.46|37.00|37.99|34.36|9.30|38.18|1749400|67296536.00|1|0.0000|0.0000|0.0000|0|38.18
星德胜|603344|-7.07|6841267|143458464.00|0.00|0.00|-9.87|20.91|22.50|22.50|20.28|6.84|22.50|2669900|60398004.00|1|0.0000|0.0000|0.0000|0|22.50
安井食品|603345|6.67|6071743|466005216.00|0.69|6.71|0.69|78.70|74.29|78.73|74.29|6.07|73.78|5807946|435904128.00|1|0.0000|0.0000|0.0000|0|73.78
文灿股份|603348|-4.21|11630995|232836880.00|-0.10|0.67|-7.61|20.01|20.87|21.03|19.30|11.63|20.89|7184868|151830128.00|1|0.0000|0.0000|0.0000|0|20.89
安乃达|603350|-6.93|2871275|85743904.00|-3.46|-0.79|-9.64|29.55|30.65|31.50|28.69|2.87|31.75|1167400|37419668.00|1|0.0000|0.0000|0.0000|0|31.75
威尔药业|603351|-5.68|2140000|46689672.00|2.21|2.51|-8.19|21.77|23.59|23.66|21.19|2.14|23.08|972000|22944360.00|1|0.0000|0.0000|0.0000|0|23.08
XD和顺石|603353|-9.58|15015048|210837568.00|-8.74|-5.61|-9.97|13.87|14.00|14.48|13.81|15.02|15.34|2536000|38915424.00|1|0.0000|0.0000|0.0000|0|15.34
莱克电气|603355|-5.69|8056758|164977680.00|-2.06|-0.92|-8.03|20.56|21.35|21.60|20.05|8.06|21.80|2339200|51346784.00|1|0.0000|0.0000|0.0000|0|21.80
华菱精工|603356|-2.14|3194800|36886968.00|0.00|2.65|-3.76|11.44|11.69|12.00|11.25|3.19|11.69|5371100|63319976.00|1|0.0000|0.0000|0.0000|0|11.69
设计总院|603357|3.05|16262720|148109280.00|-0.11|4.51|-0.11|9.13|8.85|9.26|8.85|16.26|8.86|22774676|208560608.00|1|0.0000|0.0000|0.0000|0|8.86
华达科技|603358|5.41|4820312|159254208.00|2.38|5.50|-2.20|34.49|33.50|34.52|32.00|4.82|32.72|3634400|120237744.00|1|0.0000|0.0000|0.0000|0|32.72
东珠生态|603359|-3.61|30732780|139268240.00|-2.76|-0.85|-6.58|4.54|4.58|4.67|4.40|30.73|4.71|15074418|71602192.00|1|0.0000|0.0000|0.0000|0|4.71
百傲化学|603360|-0.73|14333516|364816672.00|-3.33|2.11|-4.94|25.90|25.22|26.64|24.80|14.33|26.09|10394991|277470848.00|1|0.0000|0.0000|0.0000|0|26.09
傲农生物|603363|2.45|18732520|61876768.00|-2.14|3.06|-2.14|3.35|3.20|3.37|3.20|18.73|3.27|19003350|63227728.00|1|0.0000|0.0000|0.0000|0|3.27
水星家纺|603365|-0.34|2134000|31258956.00|-0.95|1.50|-2.11|14.66|14.57|14.93|14.40|2.13|14.71|2573346|37529196.00|1|0.0000|0.0000|0.0000|0|14.71
日出东方|603366|-4.97|30242943|258841696.00|-2.87|-1.99|-7.73|8.61|8.80|8.88|8.36|30.24|9.06|16576910|150651440.00|1|0.0000|0.0000|0.0000|0|9.06
辰欣药业|603367|3.95|8955100|119544560.00|0.54|5.74|0.47|13.41|12.97|13.64|12.96|8.96|12.90|9124679|120608920.00|1|0.0000|0.0000|0.0000|0|12.90
柳药集团|603368|2.94|11727784|192325328.00|1.38|3.63|0.94|16.44|16.19|16.55|16.12|11.73|15.97|19178291|316761440.00|1|0.0000|0.0000|0.0000|0|15.97
今世缘|603369|5.26|9791840|513144512.00|0.00|6.14|-1.44|54.01|51.31|54.46|50.57|9.79|51.31|8659147|442758112.00|1|0.0000|0.0000|0.0000|0|51.31
安邦护卫|603373|0.59|1461400|39359128.00|0.41|1.88|-2.51|27.25|27.20|27.60|26.41|1.46|27.09|1716323|48083520.00|1|0.0000|0.0000|0.0000|0|27.09
盛景微|603375|-2.83|2795768|85853408.00|-0.83|1.46|-4.96|30.55|31.18|31.90|29.88|2.80|31.44|2135200|67804568.00|1|0.0000|0.0000|0.0000|0|31.44
ST东时|603377|-5.05|9959300|28199374.00|-5.05|-1.35|-5.05|2.82|2.82|2.93|2.82|9.96|2.97|2218700|6589539.00|1|0.0000|0.0000|0.0000|0|2.97
亚士创能|603378|-3.51|12050059|69699488.00|-3.67|0.17|-5.34|5.78|5.77|6.00|5.67|12.05|5.99|4318275|26275008.00|1|0.0000|0.0000|0.0000|0|5.99
三美股份|603379|5.70|10667095|409232992.00|1.16|6.48|-0.40|39.29|37.60|39.58|37.02|10.67|37.17|8505809|315597312.00|1|0.0000|0.0000|0.0000|0|37.17
易德龙|603380|-9.95|3466353|68028192.00|-0.56|-0.56|-10.00|19.36|21.38|21.38|19.35|3.47|21.50|800500|17210816.00|1|0.0000|0.0000|0.0000|0|21.50
永臻股份|603381|-0.56|2012317|38922488.00|0.00|1.28|-1.79|19.39|19.50|19.75|19.15|2.01|19.50|3022362|59646304.00|1|0.0000|0.0000|0.0000|0|19.50
顶点软件|603383|1.99|10489774|386430880.00|0.41|3.75|-2.45|36.99|36.42|37.63|35.38|10.49|36.27|10140420|373211360.00|1|0.0000|0.0000|0.0000|0|36.27
惠达卫浴|603385|-2.00|7738860|45002424.00|0.00|1.83|-5.33|5.88|6.00|6.11|5.68|7.74|6.00|3884634|23667116.00|1|0.0000|0.0000|0.0000|0|6.00
骏亚科技|603386|-9.94|15526660|143044416.00|-1.61|-0.90|-10.04|8.97|9.80|9.87|8.96|15.53|9.96|6129900|61562572.00|1|0.0000|0.0000|0.0000|0|9.96
基蛋生物|603387|-0.64|8040760|62084068.00|1.92|1.92|-2.95|7.75|7.95|7.95|7.57|8.04|7.80|9210832|73374424.00|1|0.0000|0.0000|0.0000|0|7.80
*ST亚振|603389|7.49|16677740|83276184.00|-4.71|10.06|-4.71|5.02|4.45|5.14|4.45|16.68|4.67|6590840|31141826.00|1|0.0000|0.0000|0.0000|0|4.67
通达电气|603390|-3.64|10748100|93457672.00|-5.18|0.00|-7.39|8.74|8.60|9.07|8.40|10.75|9.07|8367500|76265864.00|1|0.0000|0.0000|0.0000|0|9.07
力聚热能|603391|4.49|2137074|88699440.00|2.94|6.40|2.23|41.62|41.00|42.38|40.72|2.14|39.83|2779802|115788344.00|1|0.0000|0.0000|0.0000|0|39.83
万泰生物|603392|3.48|5818032|370898912.00|-0.03|3.48|-1.88|65.50|63.28|65.50|62.11|5.82|63.30|6262858|391474976.00|1|0.0000|0.0000|0.0000|0|63.30
新天然气|603393|2.46|7809249|208845312.00|-0.69|3.72|-0.69|26.70|25.88|27.03|25.88|7.81|26.06|10082997|271573312.00|1|0.0000|0.0000|0.0000|0|26.06
红四方|603395|9.99|5350177|235167392.00|-1.28|9.99|-1.28|45.68|41.00|45.68|41.00|5.35|41.53|4311100|183364848.00|1|0.0000|0.0000|0.0000|0|41.53
金辰股份|603396|-3.14|3484800|79227384.00|-1.91|1.02|-5.44|22.79|23.08|23.77|22.25|3.48|23.53|2484500|59265176.00|1|0.0000|0.0000|0.0000|0|23.53
*ST沐邦|603398|-4.60|36046680|376897824.00|-4.07|-0.53|-10.00|10.78|10.84|11.24|10.17|36.05|11.30|5126300|58495772.00|1|0.0000|0.0000|0.0000|0|11.30
永杉锂业|603399|-5.51|12925008|99864960.00|-6.98|-0.49|-7.96|7.72|7.60|8.13|7.52|12.93|8.17|8953300|73757664.00|1|0.0000|0.0000|0.0000|0|8.17
建霖家居|603408|-6.12|5287100|58508924.00|1.12|1.12|-7.41|10.90|11.74|11.74|10.75|5.29|11.61|2789800|32702226.00|1|0.0000|0.0000|0.0000|0|11.61
汇通控股|603409|-4.62|4046587|138924432.00|-2.24|1.48|-7.65|34.05|34.90|36.23|32.97|4.05|35.70|3755307|136396864.00|1|0.0000|0.0000|0.0000|0|35.70
信捷电气|603416|-10.00|2767700|135514800.00|-9.89|-1.90|-10.00|48.32|48.38|52.67|48.32|2.77|53.69|1752400|95691488.00|1|0.0000|0.0000|0.0000|0|53.69
鼎信通讯|603421|-5.59|16268346|93375920.00|0.33|0.33|-9.54|5.74|6.10|6.10|5.50|16.27|6.08|7674000|47174080.00|1|0.0000|0.0000|0.0000|0|6.08
集友股份|603429|-4.79|13377556|98126672.00|-3.89|-0.26|-8.29|7.35|7.42|7.70|7.08|13.38|7.72|14967780|118166752.00|1|0.0000|0.0000|0.0000|0|7.72
三力制药|603439|2.02|7503400|90647728.00|1.26|3.54|0.25|12.12|12.03|12.30|11.91|7.50|11.88|9353871|115010608.00|1|0.0000|0.0000|0.0000|0|11.88
吉比特|603444|1.39|1130559|231732112.00|0.31|3.55|0.00|204.80|202.63|209.17|202.01|1.13|202.00|1572046|327079744.00|1|0.0000|0.0000|0.0000|0|202.00
九洲药业|603456|-1.69|31298596|400910688.00|0.00|1.46|-3.08|12.78|13.00|13.19|12.60|31.30|13.00|31827570|423101024.00|1|0.0000|0.0000|0.0000|0|13.00
勘设股份|603458|-4.31|12186674|68106816.00|-2.76|0.17|-6.90|5.55|5.64|5.81|5.40|12.19|5.80|9103034|53440228.00|1|0.0000|0.0000|0.0000|0|5.80
风语筑|603466|-7.92|37068239|304958048.00|-3.85|-1.47|-9.95|8.14|8.50|8.71|7.96|37.07|8.84|8780220|78447952.00|1|0.0000|0.0000|0.0000|0|8.84
巨星农牧|603477|10.00|58312790|1287859456.00|0.05|10.00|-2.38|23.10|21.01|23.10|20.50|58.31|21.00|53770423|1130533504.00|1|0.0000|0.0000|0.0000|0|21.00
科沃斯|603486|-6.13|11874919|546652928.00|-4.79|-0.59|-9.28|46.22|46.88|48.95|44.67|11.87|49.24|3237600|160861760.00|1|0.0000|0.0000|0.0000|0|49.24
展鹏科技|603488|-3.99|3879874|25501018.00|-1.62|-0.15|-5.61|6.50|6.66|6.76|6.39|3.88|6.77|4426500|30371698.00|1|0.0000|0.0000|0.0000|0|6.77
八方股份|603489|-7.17|6288421|142969088.00|-0.50|0.50|-9.49|22.39|24.00|24.24|21.83|6.29|24.12|2792957|68099336.00|1|0.0000|0.0000|0.0000|0|24.12
恒为科技|603496|-4.33|25243356|599127872.00|-3.85|-0.76|-8.21|23.88|24.00|24.77|22.91|25.24|24.96|10248200|257585616.00|1|0.0000|0.0000|0.0000|0|24.96
翔港科技|603499|-6.41|11579510|256989568.00|-9.99|-3.08|-9.99|22.48|21.62|23.28|21.62|11.58|24.02|2327400|55997736.00|1|0.0000|0.0000|0.0000|0|24.02
祥和实业|603500|-1.02|10082692|67871880.00|-2.05|1.46|-3.80|6.77|6.70|6.94|6.58|10.08|6.84|8875820|61390504.00|1|0.0000|0.0000|0.0000|0|6.84
豪威集团|603501|-1.72|30658501|3537972480.00|1.56|1.68|-3.64|115.15|119.00|119.14|112.91|30.66|117.17|23228491|2763355904.00|1|0.0000|0.0000|0.0000|0|117.17
金石资源|603505|1.87|6675631|147587712.00|-0.41|3.01|-0.64|22.37|21.87|22.62|21.82|6.68|21.96|6951043|157954464.00|1|0.0000|0.0000|0.0000|0|21.96
南都物业|603506|-5.65|8239195|77212560.00|0.60|0.81|-8.87|9.36|9.98|10.00|9.04|8.24|9.92|5767540|58380344.00|1|0.0000|0.0000|0.0000|0|9.92
振江股份|603507|-9.99|3560700|84068128.00|-9.99|-9.99|-9.99|23.61|23.61|23.61|23.61|3.56|26.23|2513800|65936976.00|1|0.0000|0.0000|0.0000|0|26.23
思维列控|603508|4.19|7905488|172553728.00|0.00|6.95|0.00|21.90|21.02|22.48|21.02|7.91|21.02|5848492|126253344.00|1|0.0000|0.0000|0.0000|0|21.02
爱慕股份|603511|-2.80|3529000|42484512.00|-2.64|-0.56|-5.76|12.14|12.16|12.42|11.77|3.53|12.49|2385800|30080600.00|1|0.0000|0.0000|0.0000|0|12.49
欧普照明|603515|3.09|2973196|45369016.00|0.40|4.23|0.34|15.36|14.96|15.53|14.95|2.97|14.90|3924438|60338248.00|1|0.0000|0.0000|0.0000|0|14.90
淳中科技|603516|-8.01|13996320|507290144.00|-1.53|0.10|-10.00|35.50|38.00|38.63|34.73|14.00|38.59|2612250|100969712.00|1|0.0000|0.0000|0.0000|0|38.59
ST绝味|603517|7.08|24313366|371449888.00|0.69|7.15|0.69|15.58|14.65|15.59|14.65|24.31|14.55|28308751|425065088.00|1|0.0000|0.0000|0.0000|0|14.55
锦泓集团|603518|-3.30|15078015|123563464.00|-1.18|0.00|-6.48|8.21|8.39|8.49|7.94|15.08|8.49|8894300|76341896.00|1|0.0000|0.0000|0.0000|0|8.49
立霸股份|603519|-4.16|5238463|55628584.00|-3.62|-0.09|-6.43|10.59|10.65|11.04|10.34|5.24|11.05|2779752|31259642.00|1|0.0000|0.0000|0.0000|0|11.05
司太立|603520|1.25|11179505|89396192.00|0.12|2.25|-1.50|8.10|8.01|8.18|7.88|11.18|8.00|16296049|134473200.00|1|0.0000|0.0000|0.0000|0|8.00
众源新材|603527|-8.00|18791965|153067152.00|-2.74|-1.14|-9.94|8.05|8.51|8.65|7.88|18.79|8.75|5814900|51319888.00|1|0.0000|0.0000|0.0000|0|8.75
多伦科技|603528|-8.82|25720567|178715520.00|-4.95|-1.60|-10.03|6.82|7.11|7.36|6.73|25.72|7.48|9266054|69874984.00|1|0.0000|0.0000|0.0000|0|7.48
爱玛科技|603529|0.84|6362304|276193312.00|0.00|4.56|-1.78|43.09|42.73|44.68|41.97|6.36|42.73|8014791|349811168.00|1|0.0000|0.0000|0.0000|0|42.73
神马电力|603530|-2.87|4844400|112054264.00|-0.13|1.44|-4.18|22.99|23.64|24.01|22.68|4.84|23.67|3737317|90294376.00|1|0.0000|0.0000|0.0000|0|23.67
掌阅科技|603533|-4.07|12250982|199798112.00|-4.96|0.00|-5.67|16.25|16.10|16.94|15.98|12.25|16.94|7020700|120114912.00|1|0.0000|0.0000|0.0000|0|16.94
嘉诚国际|603535|-4.48|7807648|57955320.00|-4.48|-1.54|-7.68|7.46|7.46|7.69|7.21|7.81|7.81|5570861|44234988.00|1|0.0000|0.0000|0.0000|0|7.81
惠发食品|603536|5.61|14830920|126335768.00|-2.44|7.20|-2.44|8.66|8.00|8.79|8.00|14.83|8.20|8522380|71236632.00|1|0.0000|0.0000|0.0000|0|8.20
美诺华|603538|-5.80|12678662|161710592.00|-2.01|-0.37|-8.63|12.66|13.17|13.39|12.28|12.68|13.44|10959367|152186448.00|1|0.0000|0.0000|0.0000|0|13.44
奥普科技|603551|0.20|2873400|28516500.00|0.00|2.02|-1.92|9.92|9.90|10.10|9.71|2.87|9.90|5258100|51889800.00|1|0.0000|0.0000|0.0000|0|9.90
海兴电力|603556|2.92|5407321|166297168.00|-0.43|3.12|-1.28|31.36|30.34|31.42|30.08|5.41|30.47|5646584|177647056.00|1|0.0000|0.0000|0.0000|0|30.47
ST起步|603557|-4.78|9166084|18333822.00|-4.78|-0.48|-4.78|1.99|1.99|2.08|1.99|9.17|2.09|3786300|7952757.50|1|0.0000|0.0000|0.0000|0|2.09
健盛集团|603558|0.12|7515162|62123980.00|1.44|2.04|-2.88|8.33|8.44|8.49|8.08|7.52|8.32|7673800|64623516.00|1|0.0000|0.0000|0.0000|0|8.32
ST通脉|603559|-4.98|2042600|14097101.00|-4.98|-1.94|-4.98|6.87|6.87|7.09|6.87|2.04|7.23|1588200|11542461.00|1|0.0000|0.0000|0.0000|0|7.23
中谷物流|603565|1.33|39849716|397730080.00|0.92|4.90|-0.10|9.92|9.88|10.27|9.78|39.85|9.79|42457312|428516448.00|1|0.0000|0.0000|0.0000|0|9.79
普莱柯|603566|10.04|22006222|283778912.00|1.22|10.04|1.22|13.48|12.40|13.48|12.40|22.01|12.25|16613903|210194160.00|1|0.0000|0.0000|0.0000|0|12.25
珍宝岛|603567|1.87|7270321|75072432.00|0.00|3.35|0.00|10.35|10.16|10.50|10.16|7.27|10.16|11294600|118849104.00|1|0.0000|0.0000|0.0000|0|10.16
伟明环保|603568|1.13|11717693|219173216.00|-1.51|2.15|-1.51|18.80|18.31|18.99|18.31|11.72|18.59|13834044|262910608.00|1|0.0000|0.0000|0.0000|0|18.59
长久物流|603569|7.58|57608373|472259136.00|-2.02|8.59|-3.41|8.52|7.76|8.60|7.65|57.61|7.92|58221331|459275616.00|1|0.0000|0.0000|0.0000|0|7.92
汇金通|603577|-7.50|12870420|96586616.00|0.37|0.63|-9.75|7.40|8.03|8.05|7.22|12.87|8.00|5808800|47136616.00|1|0.0000|0.0000|0.0000|0|8.00
三星新材|603578|-9.18|11028180|142976576.00|-6.10|-5.82|-10.02|12.96|13.40|13.44|12.84|11.03|14.27|5088978|72771880.00|1|0.0000|0.0000|0.0000|0|14.27
荣泰健康|603579|-10.00|10375802|199535648.00|-9.86|-7.52|-10.00|19.16|19.19|19.69|19.16|10.38|21.29|3504000|74753560.00|1|0.0000|0.0000|0.0000|0|21.29
*ST艾艾|603580|-3.04|2510891|39468528.00|-5.83|1.99|-5.83|15.63|15.18|16.44|15.18|2.51|16.12|2387660|38960340.00|1|0.0000|0.0000|0.0000|0|16.12
捷昌驱动|603583|-9.99|11983782|381576480.00|-6.57|-5.00|-9.99|31.35|32.54|33.09|31.35|11.98|34.83|3733590|130693384.00|1|0.0000|0.0000|0.0000|0|34.83
苏利股份|603585|2.21|7036700|100093648.00|-1.28|4.34|-1.28|14.36|13.87|14.66|13.87|7.04|14.05|4972400|71085576.00|1|0.0000|0.0000|0.0000|0|14.05
金麒麟|603586|-7.85|5636300|69966840.00|-1.66|-1.21|-9.81|12.21|13.03|13.09|11.95|5.64|13.25|2714400|36179408.00|1|0.0000|0.0000|0.0000|0|13.25
地素时尚|603587|1.52|3304042|37406524.00|0.18|2.14|-0.98|11.38|11.23|11.45|11.10|3.30|11.21|5773260|65858656.00|1|0.0000|0.0000|0.0000|0|11.21
高能环境|603588|-2.56|66159971|328142624.00|-0.59|0.59|-4.33|4.95|5.05|5.11|4.86|66.16|5.08|49329664|255051232.00|1|0.0000|0.0000|0.0000|0|5.08
口子窖|603589|3.19|7221500|250382976.00|0.62|3.51|0.62|34.94|34.07|35.05|34.07|7.22|33.86|11393141|394824416.00|1|0.0000|0.0000|0.0000|0|33.86
康辰药业|603590|4.53|5109696|128473416.00|0.61|5.19|-1.96|25.60|24.64|25.76|24.01|5.11|24.49|5736889|145804880.00|1|0.0000|0.0000|0.0000|0|24.49
ST东尼|603595|-9.97|5450435|89700616.00|-6.54|-4.71|-9.97|16.25|16.87|17.20|16.25|5.45|18.05|1062000|19169100.00|1|0.0000|0.0000|0.0000|0|18.05
伯特利|603596|-4.63|16712643|841782016.00|-0.02|-0.02|-8.33|51.08|53.55|53.55|49.10|16.71|53.56|4314720|233696912.00|1|0.0000|0.0000|0.0000|0|53.56
引力传媒|603598|-7.59|16239008|245927184.00|-8.51|-2.45|-9.98|15.10|14.95|15.94|14.71|16.24|16.34|4340300|71292288.00|1|0.0000|0.0000|0.0000|0|16.34
广信股份|603599|3.59|13945327|155744064.00|1.38|4.98|1.29|11.24|11.00|11.39|10.99|13.95|10.85|18942026|208660912.00|1|0.0000|0.0000|0.0000|0|10.85
永艺股份|603600|-9.17|15339947|135392352.00|-3.23|-2.08|-10.00|8.72|9.29|9.40|8.64|15.34|9.60|3669000|35370716.00|1|0.0000|0.0000|0.0000|0|9.60
再升科技|603601|-5.23|30113174|94001136.00|0.62|0.92|-7.08|3.08|3.27|3.28|3.02|30.11|3.25|20880340|68819112.00|1|0.0000|0.0000|0.0000|0|3.25
纵横通信|603602|-2.05|9182055|130818632.00|-0.20|1.09|-5.12|14.35|14.62|14.81|13.90|9.18|14.65|8936998|133853504.00|1|0.0000|0.0000|0.0000|0|14.65
珀莱雅|603605|1.43|5911797|452316128.00|-0.31|1.44|-0.75|77.34|76.01|77.35|75.68|5.91|76.25|7709880|595725632.00|1|0.0000|0.0000|0.0000|0|76.25
东方电缆|603606|3.63|10081462|478169632.00|1.45|3.63|0.63|48.00|46.99|48.00|46.61|10.08|46.32|11473898|542425344.00|1|0.0000|0.0000|0.0000|0|46.32
京华激光|603607|-6.53|7833936|122847192.00|-4.53|-0.54|-9.13|15.46|15.79|16.45|15.03|7.83|16.54|5100181|85400048.00|1|0.0000|0.0000|0.0000|0|16.54
天创时尚|603608|-4.98|970700|4098316.00|-3.85|-0.68|-4.98|4.20|4.25|4.39|4.20|0.97|4.42|1865200|8247821.00|1|0.0000|0.0000|0.0000|0|4.42
禾丰股份|603609|8.61|29919827|256631456.00|0.61|9.09|-2.06|8.96|8.30|9.00|8.08|29.92|8.25|20440735|166428400.00|1|0.0000|0.0000|0.0000|0|8.25
麒盛科技|603610|-9.99|10689374|99456952.00|-7.64|-3.04|-9.99|9.19|9.43|9.90|9.19|10.69|10.21|2301100|23528072.00|1|0.0000|0.0000|0.0000|0|10.21
诺力股份|603611|-6.10|11894900|183167536.00|-2.59|-1.36|-7.58|15.23|15.80|16.00|14.99|11.89|16.22|6973900|113669976.00|1|0.0000|0.0000|0.0000|0|16.22
索通发展|603612|-5.44|22465135|331413440.00|-1.94|0.00|-7.57|14.61|15.15|15.45|14.28|22.47|15.45|14029860|219486080.00|1|0.0000|0.0000|0.0000|0|15.45
国联股份|603613|-5.53|18242601|411526784.00|-2.64|-0.43|-7.74|22.22|22.90|23.42|21.70|18.24|23.52|10788534|255838528.00|1|0.0000|0.0000|0.0000|0|23.52
茶花股份|603615|-6.70|6401100|138205504.00|0.00|4.41|-9.88|21.15|22.67|23.67|20.43|6.40|22.67|2796300|64208516.00|1|0.0000|0.0000|0.0000|0|22.67
韩建河山|603616|-0.66|23309100|71099680.00|-2.97|8.58|-2.97|3.01|2.94|3.29|2.94|23.31|3.03|10152600|31211600.00|1|0.0000|0.0000|0.0000|0|3.03
君禾股份|603617|-9.71|25604120|154213744.00|-7.44|-3.79|-10.02|5.95|6.10|6.34|5.93|25.60|6.59|5615400|37251196.00|1|0.0000|0.0000|0.0000|0|6.59
杭电股份|603618|-6.67|33310561|192592192.00|-3.90|-1.14|-9.27|5.74|5.91|6.08|5.58|33.31|6.15|17842700|110705952.00|1|0.0000|0.0000|0.0000|0|6.15
中曼石油|603619|-3.47|22829549|351610336.00|-2.48|-1.55|-6.01|15.57|15.73|15.88|15.16|22.83|16.13|7128600|115072192.00|1|0.0000|0.0000|0.0000|0|16.13
科森科技|603626|-6.52|39134620|259046432.00|0.00|0.57|-9.92|6.60|7.06|7.10|6.36|39.13|7.06|12427800|88301432.00|1|0.0000|0.0000|0.0000|0|7.06
清源股份|603628|-5.28|9664973|105998800.00|-6.57|-2.25|-8.65|10.95|10.80|11.30|10.56|9.66|11.56|11706115|137822128.00|1|0.0000|0.0000|0.0000|0|11.56
利通电子|603629|-9.99|8676400|196072304.00|-4.08|-2.12|-9.99|22.07|23.52|24.00|22.07|8.68|24.52|4250800|104872048.00|1|0.0000|0.0000|0.0000|0|24.52
拉芳家化|603630|4.26|20519670|339437920.00|3.00|6.63|1.06|16.66|16.46|17.04|16.15|20.52|15.98|18145880|305801056.00|1|0.0000|0.0000|0.0000|0|15.98
徕木股份|603633|-6.19|16598499|113910112.00|-1.65|-0.41|-9.49|6.82|7.15|7.24|6.58|16.60|7.27|10241484|75198912.00|1|0.0000|0.0000|0.0000|0|7.27
南威软件|603636|-8.10|30386132|327491456.00|-4.31|-1.55|-9.99|10.67|11.11|11.43|10.45|30.39|11.61|9587005|112081536.00|1|0.0000|0.0000|0.0000|0|11.61
镇海股份|603637|-2.44|9173302|75481536.00|-2.44|-1.51|-9.06|8.40|8.40|8.48|7.83|9.17|8.61|4674300|40875664.00|1|0.0000|0.0000|0.0000|0|8.61
艾迪精密|603638|-3.35|12490260|219133904.00|-0.05|1.54|-6.26|17.60|18.20|18.49|17.07|12.49|18.21|8343100|154878064.00|1|0.0000|0.0000|0.0000|0|18.21
海利尔|603639|5.56|2679331|30614780.00|1.91|5.83|1.37|11.58|11.18|11.61|11.12|2.68|10.97|3752314|42164104.00|1|0.0000|0.0000|0.0000|0|10.97
畅联股份|603648|-0.11|6395800|55293192.00|0.00|1.14|-3.88|8.75|8.76|8.86|8.42|6.40|8.76|6453500|57484324.00|1|0.0000|0.0000|0.0000|0|8.76
彤程新材|603650|1.66|7563362|222893648.00|1.91|4.92|0.07|29.34|29.41|30.28|28.88|7.56|28.86|9092500|271277056.00|1|0.0000|0.0000|0.0000|0|28.86
朗博科技|603655|3.03|2001522|44493748.00|0.00|3.77|0.00|22.43|21.77|22.59|21.77|2.00|21.77|2539300|56038424.00|1|0.0000|0.0000|0.0000|0|21.77
泰禾智能|603656|3.21|5493656|93479192.00|-0.12|5.45|-1.33|17.05|16.50|17.42|16.30|5.49|16.52|5295200|88369064.00|1|0.0000|0.0000|0.0000|0|16.52
春光科技|603657|-10.00|4056300|60295472.00|-10.00|-8.48|-10.00|14.85|14.85|15.10|14.85|4.06|16.50|1600900|26421634.00|1|0.0000|0.0000|0.0000|0|16.50
安图生物|603658|2.80|3788421|154805936.00|0.35|3.20|0.17|41.14|40.16|41.30|40.09|3.79|40.02|5427893|221658064.00|1|0.0000|0.0000|0.0000|0|40.02
璞泰来|603659|-1.37|34142799|528898976.00|0.50|0.81|-5.66|15.85|16.15|16.20|15.16|34.14|16.07|12972620|211346864.00|1|0.0000|0.0000|0.0000|0|16.07
苏州科达|603660|-6.61|31357982|187387664.00|-5.51|-0.31|-8.66|5.93|6.00|6.33|5.80|31.36|6.35|9498400|60911632.00|1|0.0000|0.0000|0.0000|0|6.35
恒林股份|603661|-7.92|2790740|69054128.00|-0.68|-0.42|-8.98|24.30|26.21|26.28|24.02|2.79|26.39|1073940|28769230.00|1|0.0000|0.0000|0.0000|0|26.39
柯力传感|603662|-5.48|14880430|791642752.00|-2.86|-1.27|-8.95|53.52|55.00|55.90|51.55|14.88|56.62|5564451|317149920.00|1|0.0000|0.0000|0.0000|0|56.62
三祥新材|603663|-2.91|21683059|433512352.00|-3.72|-0.57|-8.77|20.37|20.20|20.86|19.14|21.68|20.98|9182145|193234640.00|1|0.0000|0.0000|0.0000|0|20.98
康隆达|603665|-6.56|5408940|74765000.00|-6.36|-1.51|-9.97|14.24|14.27|15.01|13.72|5.41|15.24|1248500|19120832.00|1|0.0000|0.0000|0.0000|0|15.24
亿嘉和|603666|-7.49|13086380|380824640.00|-6.38|-0.03|-10.00|29.15|29.50|31.50|28.36|13.09|31.51|4713000|149827760.00|1|0.0000|0.0000|0.0000|0|31.51
五洲新春|603667|-9.99|14359311|448581440.00|-9.99|-5.14|-9.99|30.81|30.81|32.47|30.81|14.36|34.23|3328500|113968768.00|1|0.0000|0.0000|0.0000|0|34.23
天马科技|603668|5.26|11643730|133370416.00|-0.27|5.62|-0.98|11.80|11.18|11.84|11.10|11.64|11.21|8606304|99626960.00|1|0.0000|0.0000|0.0000|0|11.21
灵康药业|603669|-6.65|20748876|78410136.00|-2.71|-1.97|-10.10|3.79|3.95|3.98|3.65|20.75|4.06|6699600|27610278.00|1|0.0000|0.0000|0.0000|0|4.06
卫信康|603676|-4.77|6752100|59933244.00|-2.06|0.11|-6.29|8.78|9.03|9.23|8.64|6.75|9.22|3940100|36964904.00|1|0.0000|0.0000|0.0000|0|9.22
奇精机械|603677|-6.20|19744796|336963456.00|-6.75|-1.32|-9.05|17.10|17.00|17.99|16.58|19.74|18.23|2707318|49376368.00|1|0.0000|0.0000|0.0000|0|18.23
火炬电子|603678|0.32|10992118|411587936.00|1.67|3.15|-1.94|37.32|37.82|38.37|36.48|10.99|37.20|15969393|607332160.00|1|0.0000|0.0000|0.0000|0|37.20
华体科技|603679|-8.36|8585880|91225376.00|-3.34|-0.70|-10.03|10.42|10.99|11.29|10.23|8.59|11.37|3252000|37250932.00|1|0.0000|0.0000|0.0000|0|11.37
今创集团|603680|-4.13|4918632|35527952.00|1.73|1.73|-6.40|7.19|7.63|7.63|7.02|4.92|7.50|3885304|29582958.00|1|0.0000|0.0000|0.0000|0|7.50
永冠新材|603681|-9.26|9507100|110718384.00|-8.00|-2.22|-9.98|11.46|11.62|12.35|11.37|9.51|12.63|2929800|37522972.00|1|0.0000|0.0000|0.0000|0|12.63
锦和商管|603682|-0.63|18062525|84144304.00|-4.85|2.74|-5.49|4.71|4.51|4.87|4.48|18.06|4.74|8627100|41427036.00|1|0.0000|0.0000|0.0000|0|4.74
晶华新材|603683|-4.25|11125588|112842056.00|0.00|1.51|-6.79|10.15|10.60|10.76|9.88|11.13|10.60|14939980|159420496.00|1|0.0000|0.0000|0.0000|0|10.60
晨丰科技|603685|1.93|2538540|27355502.00|-0.92|2.29|-4.40|11.11|10.80|11.15|10.42|2.54|10.90|2288300|25354090.00|1|0.0000|0.0000|0.0000|0|10.90
福龙马|603686|-7.44|58859057|636615808.00|-5.73|-2.99|-10.00|10.83|11.03|11.35|10.53|58.86|11.70|20223700|237713744.00|1|0.0000|0.0000|0.0000|0|11.70
大胜达|603687|-3.46|12158500|75327616.00|0.00|1.57|-5.20|6.13|6.35|6.45|6.02|12.16|6.35|10391804|66904796.00|1|0.0000|0.0000|0.0000|0|6.35
石英股份|603688|1.24|32240819|1025055104.00|0.64|3.88|-1.84|31.85|31.66|32.68|30.88|32.24|31.46|44938818|1395237504.00|1|0.0000|0.0000|0.0000|0|31.46
皖天然气|603689|2.78|5363178|43424232.00|0.00|3.28|-0.13|8.14|7.92|8.18|7.91|5.36|7.92|8428561|69016240.00|1|0.0000|0.0000|0.0000|0|7.92
至纯科技|603690|2.83|67977853|1949087616.00|3.19|4.89|-3.26|29.02|29.12|29.60|27.30|67.98|28.22|79889903|2310792448.00|1|0.0000|0.0000|0.0000|0|28.22
江苏新能|603693|4.29|61377673|948588032.00|-4.29|7.06|-4.29|15.80|14.50|16.22|14.50|61.38|15.15|71525726|1078279040.00|1|0.0000|0.0000|0.0000|0|15.15
安记食品|603696|3.60|10278849|82313768.00|-0.90|7.72|-1.29|8.05|7.70|8.37|7.67|10.28|7.77|8630916|70005048.00|1|0.0000|0.0000|0.0000|0|7.77
有友食品|603697|9.09|21523045|222226464.00|0.20|9.09|0.00|10.68|9.81|10.68|9.79|21.52|9.79|10884227|107239784.00|1|0.0000|0.0000|0.0000|0|9.79
航天工程|603698|1.04|4149382|64083200.00|-0.91|2.07|-1.62|15.59|15.29|15.75|15.18|4.15|15.43|6755602|106157272.00|1|0.0000|0.0000|0.0000|0|15.43
纽威股份|603699|-4.75|14987250|335024576.00|0.00|0.00|-8.25|22.64|23.77|23.77|21.81|14.99|23.77|3776400|90567672.00|1|0.0000|0.0000|0.0000|0|23.77
宁水集团|603700|-4.49|6789200|68657816.00|-1.53|1.34|-6.21|9.99|10.30|10.60|9.81|6.79|10.46|5515190|58521956.00|1|0.0000|0.0000|0.0000|0|10.46
德宏股份|603701|-3.73|4981690|67152672.00|-0.29|1.08|-6.74|13.43|13.91|14.10|13.01|4.98|13.95|3190765|44986108.00|1|0.0000|0.0000|0.0000|0|13.95
盛洋科技|603703|-9.05|14514683|134953696.00|-4.28|0.30|-9.95|9.14|9.62|10.08|9.05|14.51|10.05|4933640|50019152.00|1|0.0000|0.0000|0.0000|0|10.05
东方环宇|603706|-0.76|1778789|29929298.00|1.18|1.18|-5.24|16.87|17.20|17.20|16.11|1.78|17.00|2107800|36409324.00|1|0.0000|0.0000|0.0000|0|17.00
健友股份|603707|-6.49|28381996|328419008.00|-1.05|-1.05|-8.27|11.53|12.20|12.20|11.31|28.38|12.33|16175926|203738816.00|1|0.0000|0.0000|0.0000|0|12.33
家家悦|603708|10.05|14031737|138276592.00|0.00|10.05|-0.32|10.18|9.25|10.18|9.22|14.03|9.25|9675560|93329736.00|1|0.0000|0.0000|0.0000|0|9.25
中源家居|603709|10.05|7295376|79994072.00|0.60|10.05|0.60|11.06|10.11|11.06|10.11|7.30|10.05|4816056|45870552.00|1|0.0000|0.0000|0.0000|0|10.05
香飘飘|603711|6.40|8037549|104337824.00|0.16|6.40|0.16|13.30|12.52|13.30|12.52|8.04|12.50|6523200|83802784.00|1|0.0000|0.0000|0.0000|0|12.50
七一二|603712|-0.39|11630877|207099264.00|0.17|3.81|-2.75|17.76|17.86|18.51|17.34|11.63|17.83|18924580|343046464.00|1|0.0000|0.0000|0.0000|0|17.83
密尔克卫|603713|-0.92|2275400|102450480.00|-1.57|1.66|-3.30|45.30|45.00|46.48|44.21|2.28|45.72|2234244|104662448.00|1|0.0000|0.0000|0.0000|0|45.72
塞力医疗|603716|-6.15|23753524|213287008.00|-8.24|-1.98|-9.28|9.00|8.80|9.40|8.70|23.75|9.59|7157500|69109424.00|1|0.0000|0.0000|0.0000|0|9.59
天域生物|603717|4.64|28306842|198261968.00|-2.90|6.52|-6.23|7.22|6.70|7.35|6.47|28.31|6.90|16784040|118418160.00|1|0.0000|0.0000|0.0000|0|6.90
海利生物|603718|6.43|54433430|418195104.00|0.00|7.37|-1.07|7.94|7.46|8.01|7.38|54.43|7.46|59248514|450764160.00|1|0.0000|0.0000|0.0000|0|7.46
良品铺子|603719|8.33|13123556|151328704.00|-0.36|8.42|-0.54|11.96|11.00|11.97|10.98|13.12|11.04|9579949|108945424.00|1|0.0000|0.0000|0.0000|0|11.04
*ST天择|603721|-2.64|4031100|87703456.00|-5.96|1.07|-5.96|21.74|21.00|22.57|21.00|4.03|22.33|2793300|62901832.00|1|0.0000|0.0000|0.0000|0|22.33
阿科力|603722|-4.85|1897429|68193360.00|-3.48|1.53|-7.05|35.50|36.01|37.88|34.68|1.90|37.31|1136300|42907552.00|1|0.0000|0.0000|0.0000|0|37.31
天安新材|603725|-3.04|8685496|53007760.00|-4.15|0.64|-4.31|6.07|6.00|6.30|5.99|8.69|6.26|8538964|54578004.00|1|0.0000|0.0000|0.0000|0|6.26
朗迪集团|603726|-6.51|4186145|56899392.00|-1.11|-0.35|-9.41|13.51|14.29|14.40|13.09|4.19|14.45|2285400|33286340.00|1|0.0000|0.0000|0.0000|0|14.45
博迈科|603727|-5.44|7823800|96392280.00|-0.16|0.08|-7.47|12.16|12.84|12.87|11.90|7.82|12.86|5380033|69807232.00|1|0.0000|0.0000|0.0000|0|12.86
鸣志电器|603728|-9.99|12849758|698232704.00|-3.75|-3.01|-9.99|53.49|57.20|57.64|53.49|12.85|59.43|2525400|151598528.00|1|0.0000|0.0000|0.0000|0|59.43
龙韵股份|603729|-4.61|5127400|68585848.00|-2.45|2.09|-6.91|13.25|13.55|14.18|12.93|5.13|13.89|2650700|37232580.00|1|0.0000|0.0000|0.0000|0|13.89
岱美股份|603730|-1.06|10083982|74447776.00|0.00|0.27|-3.86|7.44|7.52|7.54|7.23|10.08|7.52|7461940|57193724.00|1|0.0000|0.0000|0.0000|0|7.52
仙鹤股份|603733|0.35|6735900|134523456.00|-0.70|1.86|-2.01|19.98|19.77|20.28|19.51|6.74|19.91|6939288|142375872.00|1|0.0000|0.0000|0.0000|0|19.91
三棵树|603737|8.41|5328431|270920032.00|0.15|9.74|0.13|51.96|48.00|52.60|47.99|5.33|47.93|3820444|183577024.00|1|0.0000|0.0000|0.0000|0|47.93
泰晶科技|603738|-5.71|18221668|240052960.00|-1.30|-0.14|-8.53|13.04|13.65|13.81|12.65|18.22|13.83|9785596|136588016.00|1|0.0000|0.0000|0.0000|0|13.83
蔚蓝生物|603739|0.99|49608400|777745920.00|-9.99|7.83|-9.99|16.37|14.59|17.48|14.59|49.61|16.21|56175629|876616768.00|1|0.0000|0.0000|0.0000|0|16.21
日辰股份|603755|1.08|1318100|32990792.00|0.00|1.97|-1.65|25.18|24.91|25.40|24.50|1.32|24.91|1246200|31858512.00|1|0.0000|0.0000|0.0000|0|24.91
大元泵业|603757|-1.76|2884100|56109036.00|-3.66|-0.05|-4.11|19.58|19.20|19.92|19.11|2.88|19.93|2546700|50996268.00|1|0.0000|0.0000|0.0000|0|19.93
秦安股份|603758|-9.96|7025800|69470960.00|-6.46|-5.17|-9.96|9.76|10.14|10.28|9.76|7.03|10.84|2977700|32816560.00|1|0.0000|0.0000|0.0000|0|10.84
海天股份|603759|-2.22|8841828|66548352.00|-0.26|1.17|-4.04|7.50|7.65|7.76|7.36|8.84|7.67|8565536|67126752.00|1|0.0000|0.0000|0.0000|0|7.67
隆鑫通用|603766|-3.41|54063267|528680576.00|0.80|2.81|-5.42|9.63|10.05|10.25|9.43|54.06|9.97|59719970|607699328.00|1|0.0000|0.0000|0.0000|0|9.97
中马传动|603767|-9.51|24172460|296432544.00|-2.05|-0.23|-9.96|11.90|12.88|13.12|11.84|24.17|13.15|9780300|130315032.00|1|0.0000|0.0000|0.0000|0|13.15
常青股份|603768|-8.73|7048289|74195304.00|-6.53|-1.50|-9.96|10.35|10.60|11.17|10.21|7.05|11.34|2691500|30794594.00|1|0.0000|0.0000|0.0000|0|11.34
沃格光电|603773|-10.00|9781620|204757280.00|-4.91|-0.53|-10.00|20.35|21.50|22.49|20.35|9.78|22.61|5868097|133796328.00|1|0.0000|0.0000|0.0000|0|22.61
永安行|603776|1.95|9797117|152103664.00|1.50|4.04|-1.30|15.65|15.58|15.97|15.15|9.80|15.35|16228504|253604016.00|1|0.0000|0.0000|0.0000|0|15.35
来伊份|603777|4.35|17843580|222911744.00|-5.09|6.24|-5.09|12.70|11.55|12.93|11.55|17.84|12.17|9553339|117780752.00|1|0.0000|0.0000|0.0000|0|12.17
国晟科技|603778|-2.91|18172300|48681464.00|0.00|0.36|-4.73|2.67|2.75|2.76|2.62|18.17|2.75|13128800|36498284.00|1|0.0000|0.0000|0.0000|0|2.75
威龙股份|603779|-1.01|15394707|103803856.00|-1.30|0.87|-5.20|6.85|6.83|6.98|6.56|15.39|6.92|10918300|76634504.00|1|0.0000|0.0000|0.0000|0|6.92
科博达|603786|-3.59|2017052|103503488.00|-7.53|0.00|-7.53|51.50|49.40|53.42|49.40|2.02|53.42|1295642|70298544.00|1|0.0000|0.0000|0.0000|0|53.42
新日股份|603787|-5.82|7100896|65231540.00|-0.52|0.00|-7.38|9.06|9.57|9.62|8.91|7.10|9.62|4404000|42843108.00|1|0.0000|0.0000|0.0000|0|9.62
宁波高发|603788|-7.31|12116800|163149024.00|-1.95|-0.07|-8.84|13.31|14.08|14.35|13.09|12.12|14.36|5459739|79024816.00|1|0.0000|0.0000|0.0000|0|14.36
*ST星农|603789|9.93|9037140|61000696.00|9.93|9.93|9.93|6.75|6.75|6.75|6.75|9.04|6.14|18441021|116059304.00|1|0.0000|0.0000|0.0000|0|6.14
雅运股份|603790|-7.26|5520630|74570800.00|-1.27|4.09|-10.01|13.15|14.00|14.76|12.76|5.52|14.18|3663760|53048796.00|1|0.0000|0.0000|0.0000|0|14.18
联泰环保|603797|1.63|6693420|24911582.00|-0.54|2.72|-0.54|3.74|3.66|3.78|3.66|6.69|3.68|10447440|39621236.00|1|0.0000|0.0000|0.0000|0|3.68
康普顿|603798|-3.22|5375355|42013288.00|-2.48|-0.12|-5.45|7.82|7.88|8.07|7.64|5.38|8.08|5657200|46150000.00|1|0.0000|0.0000|0.0000|0|8.08
华友钴业|603799|-3.28|68194544|1960392704.00|-1.84|-0.13|-5.45|28.93|29.36|29.87|28.28|68.19|29.91|40168816|1208075648.00|1|0.0000|0.0000|0.0000|0|29.91
洪田股份|603800|-4.69|7679649|205569952.00|-0.62|-0.52|-10.00|27.46|28.63|28.66|25.93|7.68|28.81|2999600|86650368.00|1|0.0000|0.0000|0.0000|0|28.81
志邦家居|603801|6.29|9536649|101875216.00|0.10|7.54|-0.19|10.99|10.35|11.12|10.32|9.54|10.34|7381583|78031056.00|1|0.0000|0.0000|0.0000|0|10.34
瑞斯康达|603803|-9.53|23418900|191262496.00|-6.95|-2.91|-9.98|8.07|8.30|8.66|8.03|23.42|8.92|3682000|33106152.00|1|0.0000|0.0000|0.0000|0|8.92
福斯特|603806|0.48|24939217|307434272.00|0.89|2.01|-2.42|12.47|12.52|12.66|12.11|24.94|12.41|30639286|389230560.00|1|0.0000|0.0000|0.0000|0|12.41
歌力思|603808|-2.06|7811917|48168400.00|-1.58|0.00|-3.96|6.18|6.21|6.31|6.06|7.81|6.31|5752500|36755876.00|1|0.0000|0.0000|0.0000|0|6.31
豪能股份|603809|-8.58|35744275|492691648.00|-4.83|-1.47|-9.99|13.64|14.20|14.70|13.43|35.74|14.92|13330668|200089664.00|1|0.0000|0.0000|0.0000|0|14.92
丰山集团|603810|1.32|3580600|41081020.00|-0.35|3.78|-1.32|11.54|11.35|11.82|11.24|3.58|11.39|3955595|45691508.00|1|0.0000|0.0000|0.0000|0|11.39
诚意药业|603811|-2.38|10920708|85480936.00|-2.38|0.50|-4.37|7.81|7.81|8.04|7.65|10.92|8.00|10132860|82874456.00|1|0.0000|0.0000|0.0000|0|8.00
*ST原尚|603813|-3.45|2362257|28511000.00|-10.02|-0.08|-10.02|12.33|11.49|12.76|11.49|2.36|12.77|1520400|19586876.00|1|0.0000|0.0000|0.0000|0|12.77
交建股份|603815|4.17|16962252|122206632.00|1.15|9.93|1.15|7.24|7.03|7.64|7.03|16.96|6.95|25346921|183618400.00|1|0.0000|0.0000|0.0000|0|6.95
顾家家居|603816|2.83|10963952|250571056.00|0.31|3.28|-0.80|23.22|22.65|23.32|22.40|10.96|22.58|11408827|261978720.00|1|0.0000|0.0000|0.0000|0|22.58
海峡环保|603817|0.98|12302037|63686632.00|0.59|4.31|-0.20|5.15|5.13|5.32|5.09|12.30|5.10|22973507|124024152.00|1|0.0000|0.0000|0.0000|0|5.10
曲美家居|603818|-5.38|26779000|66524112.00|-2.69|0.00|-6.92|2.46|2.53|2.60|2.42|26.78|2.60|13865900|36480144.00|1|0.0000|0.0000|0.0000|0|2.60
神力股份|603819|1.01|5048548|68817744.00|-5.79|2.82|-5.87|13.95|13.01|14.20|13.00|5.05|13.81|4289300|61232112.00|1|0.0000|0.0000|0.0000|0|13.81
ST嘉澳|603822|-1.87|2381982|119027768.00|-3.76|0.92|-9.42|52.00|51.00|53.48|48.00|2.38|52.99|1459274|78209728.00|1|0.0000|0.0000|0.0000|0|52.99
百合花|603823|-3.96|11664125|108040920.00|-0.73|1.15|-7.29|9.22|9.53|9.71|8.90|11.66|9.60|9340700|91425312.00|1|0.0000|0.0000|0.0000|0|9.60
ST华扬|603825|-4.15|7935837|84586656.00|-4.78|-0.09|-6.05|10.62|10.55|11.07|10.41|7.94|11.08|5469400|60814940.00|1|0.0000|0.0000|0.0000|0|11.08
坤彩科技|603826|-1.09|5125049|92645056.00|-1.80|0.93|-3.38|18.13|18.00|18.50|17.71|5.13|18.33|6477447|121079832.00|1|0.0000|0.0000|0.0000|0|18.33
ST柯利达|603828|-4.94|8171076|36770396.00|-3.86|0.86|-4.94|4.43|4.48|4.70|4.43|8.17|4.66|11808484|55462172.00|1|0.0000|0.0000|0.0000|0|4.66
洛凯股份|603829|-1.56|2469300|32784644.00|-2.45|2.00|-4.60|13.27|13.15|13.75|12.86|2.47|13.48|3084150|42516640.00|1|0.0000|0.0000|0.0000|0|13.48
欧派家居|603833|10.00|5168683|333779840.00|0.13|10.00|0.13|66.68|60.70|66.68|60.70|5.17|60.62|3217843|197866208.00|1|0.0000|0.0000|0.0000|0|60.62
海程邦达|603836|4.05|20579349|277888864.00|-4.13|4.57|-8.99|14.12|13.01|14.19|12.35|20.58|13.57|22003972|310511328.00|1|0.0000|0.0000|0.0000|0|13.57
*ST四通|603838|-3.78|4244700|18168838.00|-7.78|0.44|-7.78|4.33|4.15|4.52|4.15|4.24|4.50|2644800|12035932.00|1|0.0000|0.0000|0.0000|0|4.50
安正时尚|603839|-4.61|6983663|33306232.00|-3.81|-1.80|-6.61|4.76|4.80|4.90|4.66|6.98|4.99|2820200|14177071.00|1|0.0000|0.0000|0.0000|0|4.99
*ST正平|603843|-6.69|28571312|88466712.00|-8.51|-2.13|-9.12|3.07|3.01|3.22|2.99|28.57|3.29|17376500|57650560.00|1|0.0000|0.0000|0.0000|0|3.29
好太太|603848|1.23|2291200|30280680.00|-0.92|3.38|-0.92|13.19|12.91|13.47|12.91|2.29|13.03|3678649|48430216.00|1|0.0000|0.0000|0.0000|0|13.03
华荣股份|603855|-3.38|10434326|184701984.00|0.16|1.09|-6.10|17.75|18.40|18.57|17.25|10.43|18.37|6032800|111725464.00|1|0.0000|0.0000|0.0000|0|18.37
东宏股份|603856|1.44|2292690|24141332.00|-0.19|2.50|-0.19|10.57|10.40|10.68|10.40|2.29|10.42|4837150|50704532.00|1|0.0000|0.0000|0.0000|0|10.42
步长制药|603858|3.22|8122787|116292544.00|0.21|3.29|0.21|14.44|14.02|14.45|14.02|8.12|13.99|14182619|203205504.00|1|0.0000|0.0000|0.0000|0|13.99
能科科技|603859|-8.91|13573332|355916704.00|-9.09|-0.03|-10.00|26.06|26.01|28.60|25.75|13.57|28.61|3484900|100236392.00|1|0.0000|0.0000|0.0000|0|28.61
中公高科|603860|0.60|2264020|60558156.00|-0.07|2.46|-2.98|26.98|26.80|27.48|26.02|2.26|26.82|1593600|43549036.00|1|0.0000|0.0000|0.0000|0|26.82
白云电器|603861|-4.88|16373451|134841632.00|-0.81|0.00|-6.86|8.18|8.53|8.60|8.01|16.37|8.60|8443700|73666280.00|1|0.0000|0.0000|0.0000|0|8.60
松炀资源|603863|-7.94|12480411|135566976.00|-7.01|-2.70|-9.97|10.90|11.01|11.52|10.66|12.48|11.84|4541800|54081184.00|1|0.0000|0.0000|0.0000|0|11.84
桃李面包|603866|6.26|40817213|224721056.00|0.38|6.26|0.38|5.60|5.29|5.60|5.29|40.82|5.27|39304328|214469584.00|1|0.0000|0.0000|0.0000|0|5.27
新化股份|603867|0.83|4724480|110239352.00|1.35|4.66|-0.70|23.17|23.29|24.05|22.82|4.72|22.98|6475005|152483936.00|1|0.0000|0.0000|0.0000|0|22.98
飞科电器|603868|4.59|1930479|65865880.00|0.00|6.50|-0.24|34.60|33.08|35.23|33.00|1.93|33.08|2125750|71945832.00|1|0.0000|0.0000|0.0000|0|33.08
ST智知|603869|-3.96|2497145|13532171.00|-1.98|0.54|-4.68|5.34|5.45|5.59|5.30|2.50|5.56|2172400|12083857.00|1|0.0000|0.0000|0.0000|0|5.56
嘉友国际|603871|4.23|15023203|206553728.00|-2.37|4.75|-2.37|14.05|13.16|14.12|13.16|15.02|13.48|14937846|205792704.00|1|0.0000|0.0000|0.0000|0|13.48
鼎胜新材|603876|-2.77|23991333|187281248.00|0.00|1.26|-4.15|7.73|7.95|8.05|7.62|23.99|7.95|18926313|153252272.00|1|0.0000|0.0000|0.0000|0|7.95
太平鸟|603877|7.03|6885200|112965784.00|0.00|8.65|-0.58|16.59|15.50|16.84|15.41|6.89|15.50|5747771|89802688.00|1|0.0000|0.0000|0.0000|0|15.50
武进不锈|603878|0.79|7466870|38255084.00|1.18|2.56|-0.59|5.12|5.14|5.21|5.05|7.47|5.08|14408734|75444784.00|1|0.0000|0.0000|0.0000|0|5.08
永悦科技|603879|-0.72|15684428|64830924.00|0.00|1.92|-3.37|4.13|4.16|4.24|4.02|15.68|4.16|28459322|123837608.00|1|0.0000|0.0000|0.0000|0|4.16
南卫股份|603880|-5.04|5900676|26776798.00|-7.56|0.42|-7.56|4.52|4.40|4.78|4.40|5.90|4.76|2806680|13622769.00|1|0.0000|0.0000|0.0000|0|4.76
数据港|603881|-7.87|55831062|1555298560.00|-4.74|-1.33|-10.01|27.61|28.55|29.57|26.97|55.83|29.97|18826926|567577536.00|1|0.0000|0.0000|0.0000|0|29.97
金域医学|603882|1.12|14897993|418191744.00|-1.65|1.86|-4.66|28.85|28.06|29.06|27.20|14.90|28.53|8302770|240112064.00|1|0.0000|0.0000|0.0000|0|28.53
老百姓|603883|4.47|25459427|455245472.00|1.05|5.34|1.05|17.99|17.40|18.14|17.40|25.46|17.22|36658555|647998208.00|1|0.0000|0.0000|0.0000|0|17.22
吉祥航空|603885|2.79|13965257|173152608.00|-0.58|3.04|-0.58|12.51|12.10|12.54|12.10|13.97|12.17|25200681|310437472.00|1|0.0000|0.0000|0.0000|0|12.17
元祖股份|603886|4.62|5334218|73290560.00|-0.08|5.22|-0.08|13.82|13.20|13.90|13.20|5.33|13.21|7049443|95667352.00|1|0.0000|0.0000|0.0000|0|13.21
城地香江|603887|-3.56|47302257|790869760.00|-0.80|1.49|-8.15|16.80|17.28|17.68|16.00|47.30|17.42|31030874|551910912.00|1|0.0000|0.0000|0.0000|0|17.42
新华网|603888|1.45|8825351|183795520.00|0.10|2.62|-0.34|20.94|20.66|21.18|20.57|8.83|20.64|10198500|215882080.00|1|0.0000|0.0000|0.0000|0|20.64
新澳股份|603889|-7.33|23162454|126717912.00|-1.36|-1.36|-8.86|5.44|5.79|5.79|5.35|23.16|5.87|6872900|40893512.00|1|0.0000|0.0000|0.0000|0|5.87
春秋电子|603890|-9.52|22309293|213598368.00|-7.90|-4.76|-10.00|9.50|9.67|10.00|9.45|22.31|10.50|4455500|46867528.00|1|0.0000|0.0000|0.0000|0|10.50
瑞芯微|603893|-8.48|14943931|2035304832.00|-4.09|-0.22|-10.00|134.55|141.00|146.70|132.32|14.94|147.02|7784095|1162735360.00|1|0.0000|0.0000|0.0000|0|147.02
天永智能|603895|-3.47|1301075|28893794.00|-2.42|3.16|-4.61|21.98|22.22|23.49|21.72|1.30|22.77|1368700|31739588.00|1|0.0000|0.0000|0.0000|0|22.77
寿仙谷|603896|2.31|2677034|50618248.00|0.05|2.96|0.05|19.03|18.61|19.15|18.61|2.68|18.60|5910761|113006136.00|1|0.0000|0.0000|0.0000|0|18.60
长城科技|603897|-4.80|8342010|175941472.00|-1.68|-0.41|-8.07|21.01|21.70|21.98|20.29|8.34|22.07|5220500|116668200.00|1|0.0000|0.0000|0.0000|0|22.07
好莱客|603898|-1.77|2609093|23312802.00|2.11|2.55|-3.66|8.86|9.21|9.25|8.69|2.61|9.02|2890880|26693710.00|1|0.0000|0.0000|0.0000|0|9.02
晨光股份|603899|3.94|9026469|265435824.00|0.28|4.78|0.28|29.56|28.52|29.80|28.52|9.03|28.44|12469335|367055680.00|1|0.0000|0.0000|0.0000|0|28.44
莱绅通灵|603900|-7.02|33605537|183883776.00|-10.03|-5.35|-10.03|5.56|5.38|5.66|5.38|33.61|5.98|5000100|29919756.00|1|0.0000|0.0000|0.0000|0|5.98
永创智能|603901|-7.50|25896100|204134608.00|-6.57|-2.93|-9.96|7.89|7.97|8.28|7.68|25.90|8.53|7458800|63887484.00|1|0.0000|0.0000|0.0000|0|8.53
中持股份|603903|-1.61|4934480|30095676.00|-2.09|1.45|-4.35|6.11|6.08|6.30|5.94|4.93|6.21|5286188|33218882.00|1|0.0000|0.0000|0.0000|0|6.21
龙蟠科技|603906|-5.89|20151630|179950432.00|-6.11|-1.05|-8.63|8.94|8.92|9.40|8.68|20.15|9.50|8768014|84062400.00|1|0.0000|0.0000|0.0000|0|9.50
牧高笛|603908|-9.99|4762796|108922688.00|-6.38|-2.17|-9.99|22.44|23.34|24.39|22.44|4.76|24.93|1691000|42415320.00|1|0.0000|0.0000|0.0000|0|24.93
建发合诚|603909|-0.25|3680398|29335854.00|-0.12|1.24|-3.48|8.03|8.04|8.15|7.77|3.68|8.05|3344980|27182578.00|1|0.0000|0.0000|0.0000|0|8.05
佳力图|603912|-7.38|28883425|220696624.00|-3.08|-0.37|-9.96|7.53|7.88|8.10|7.32|28.88|8.13|12369916|101339336.00|1|0.0000|0.0000|0.0000|0|8.13
国茂股份|603915|-8.50|27463042|375513248.00|-1.36|-0.68|-10.00|13.45|14.50|14.60|13.23|27.46|14.70|6601000|98303072.00|1|0.0000|0.0000|0.0000|0|14.70
苏博特|603916|-0.99|7467600|52440416.00|-0.28|1.98|-2.54|7.01|7.06|7.22|6.90|7.47|7.08|9602691|69644728.00|1|0.0000|0.0000|0.0000|0|7.08
合力科技|603917|-5.92|9016367|97389400.00|-1.77|0.62|-8.39|10.65|11.12|11.39|10.37|9.02|11.32|4933100|56423088.00|1|0.0000|0.0000|0.0000|0|11.32
金桥信息|603918|-4.17|25471705|339397856.00|-4.45|1.65|-7.76|13.34|13.30|14.15|12.84|25.47|13.92|13895238|195439536.00|1|0.0000|0.0000|0.0000|0|13.92
金徽酒|603919|4.61|7852713|150222160.00|2.39|5.32|1.41|19.27|18.86|19.40|18.68|7.85|18.42|8436229|158149616.00|1|0.0000|0.0000|0.0000|0|18.42
世运电路|603920|-9.99|13559400|316470368.00|-9.99|-7.13|-9.99|23.24|23.24|23.98|23.24|13.56|25.82|2935800|75802352.00|1|0.0000|0.0000|0.0000|0|25.82
金鸿顺|603922|-3.69|5795340|117846992.00|-3.51|0.05|-9.55|20.88|20.92|21.69|19.61|5.80|21.68|2907789|64401460.00|1|0.0000|0.0000|0.0000|0|21.68
铁流股份|603926|-6.43|5271835|45600156.00|-1.31|-0.87|-8.51|8.58|9.05|9.09|8.39|5.27|9.17|2354420|21799414.00|1|0.0000|0.0000|0.0000|0|9.17
中科软|603927|-2.25|19296579|360607968.00|0.00|1.94|-4.45|18.65|19.08|19.45|18.23|19.30|19.08|13194000|256180784.00|1|0.0000|0.0000|0.0000|0|19.08
兴业股份|603928|-10.01|12821820|120097992.00|-9.04|-5.15|-10.01|9.26|9.36|9.76|9.26|12.82|10.29|5174990|53392568.00|1|0.0000|0.0000|0.0000|0|10.29
亚翔集成|603929|-5.66|8617389|249415056.00|-3.16|-1.32|-7.89|28.68|29.44|30.00|28.00|8.62|30.40|4074800|124772672.00|1|0.0000|0.0000|0.0000|0|30.40
格林达|603931|-5.63|6113440|143138560.00|0.00|0.36|-8.46|23.30|24.69|24.78|22.60|6.11|24.69|3798847|95272360.00|1|0.0000|0.0000|0.0000|0|24.69
睿能科技|603933|-8.18|6884599|90462288.00|-3.74|-1.41|-10.01|13.02|13.65|13.98|12.76|6.88|14.18|2681800|38226748.00|1|0.0000|0.0000|0.0000|0|14.18
博敏电子|603936|-5.33|24805621|168125968.00|-3.93|-0.70|-8.13|6.75|6.85|7.08|6.55|24.81|7.13|14815100|106396320.00|1|0.0000|0.0000|0.0000|0|7.13
丽岛新材|603937|-4.80|3613499|28375624.00|-2.71|0.74|-6.64|7.74|7.91|8.19|7.59|3.61|8.13|2750400|22525712.00|1|0.0000|0.0000|0.0000|0|8.13
三孚股份|603938|-9.60|21130476|280801376.00|0.00|1.91|-10.02|12.81|14.17|14.44|12.75|21.13|14.17|19113105|278922080.00|1|0.0000|0.0000|0.0000|0|14.17
益丰药房|603939|2.37|15591341|408715488.00|-0.31|2.80|-0.74|26.30|25.61|26.41|25.50|15.59|25.69|11673593|297927552.00|1|0.0000|0.0000|0.0000|0|25.69
建业股份|603948|-2.89|1841000|29893292.00|0.00|1.50|-4.87|16.14|16.62|16.87|15.81|1.84|16.62|1696600|28509820.00|1|0.0000|0.0000|0.0000|0|16.62
雪龙集团|603949|-9.76|18620021|324585792.00|-2.48|-1.27|-9.97|17.10|18.48|18.71|17.06|18.62|18.95|6217600|118377776.00|1|0.0000|0.0000|0.0000|0|18.95
长源东谷|603950|-7.08|12180780|258035360.00|-8.18|-1.89|-9.99|21.12|20.87|22.30|20.46|12.18|22.73|4525234|103363728.00|1|0.0000|0.0000|0.0000|0|22.73
大千生态|603955|-5.61|5993957|98221272.00|-4.46|-1.79|-7.93|16.31|16.51|16.97|15.91|5.99|17.28|2803200|48996552.00|1|0.0000|0.0000|0.0000|0|17.28
威派格|603956|-1.49|24001509|141166896.00|-2.64|-0.17|-5.28|5.97|5.90|6.05|5.74|24.00|6.06|18811310|114588928.00|1|0.0000|0.0000|0.0000|0|6.06
哈森股份|603958|-3.96|10004100|166241488.00|-2.74|0.70|-6.29|16.50|16.71|17.30|16.10|10.00|17.18|7547000|132564032.00|1|0.0000|0.0000|0.0000|0|17.18
百利科技|603959|-5.11|7303896|24475848.00|-5.11|-2.27|-5.11|3.34|3.34|3.44|3.34|7.30|3.52|3065200|10805765.00|1|0.0000|0.0000|0.0000|0|3.52
克来机电|603960|-6.66|15635100|257635648.00|-2.47|-0.06|-9.70|16.27|17.00|17.42|15.74|15.64|17.43|8098300|141784864.00|1|0.0000|0.0000|0.0000|0|17.43
法兰泰克|603966|-6.53|20016662|152933600.00|-2.71|-0.74|-8.74|7.59|7.90|8.06|7.41|20.02|8.12|4078600|33269858.00|1|0.0000|0.0000|0.0000|0|8.12
中创物流|603967|3.95|64819853|868216896.00|-5.36|8.19|-8.19|13.96|12.71|14.53|12.33|64.82|13.43|42955360|575347328.00|1|0.0000|0.0000|0.0000|0|13.43
醋化股份|603968|-6.26|5669800|52523080.00|-1.95|0.62|-8.62|9.13|9.55|9.80|8.90|5.67|9.74|2855800|28250624.00|1|0.0000|0.0000|0.0000|0|9.74
银龙股份|603969|-4.42|22825443|126458560.00|-0.88|2.12|-5.65|5.41|5.61|5.78|5.34|22.83|5.66|31473841|179734992.00|1|0.0000|0.0000|0.0000|0|5.66
中农立华|603970|10.01|4228507|56000240.00|3.01|10.01|2.36|13.52|12.66|13.52|12.58|4.23|12.29|4845400|61534968.00|1|0.0000|0.0000|0.0000|0|12.29
正川股份|603976|-0.37|1913637|30519900.00|1.12|1.12|-3.91|16.05|16.29|16.29|15.48|1.91|16.11|2050100|33695128.00|1|0.0000|0.0000|0.0000|0|16.11
国泰集团|603977|0.31|11135400|144274928.00|-0.70|3.75|-1.25|12.83|12.70|13.27|12.63|11.14|12.79|24577734|320578944.00|1|0.0000|0.0000|0.0000|0|12.79
深圳新星|603978|-5.63|5816800|66245208.00|-6.46|0.25|-8.94|11.40|11.30|12.11|11.00|5.82|12.08|2817600|34333036.00|1|0.0000|0.0000|0.0000|0|12.08
金诚信|603979|-5.50|16833755|568784256.00|-4.07|-1.97|-7.47|33.65|34.16|34.91|32.95|16.83|35.61|7333400|261162560.00|1|0.0000|0.0000|0.0000|0|35.61
吉华集团|603980|-5.31|19720435|77528640.00|-3.14|-0.97|-7.97|3.92|4.01|4.10|3.81|19.72|4.14|10480400|43879396.00|1|0.0000|0.0000|0.0000|0|4.14
泉峰汽车|603982|-7.83|13362620|92632288.00|-0.94|-0.40|-9.85|6.83|7.34|7.38|6.68|13.36|7.41|5959733|44707140.00|1|0.0000|0.0000|0.0000|0|7.41
丸美生物|603983|7.45|2903135|102276432.00|0.00|7.86|0.00|36.36|33.84|36.50|33.84|2.90|33.84|2492800|85858464.00|1|0.0000|0.0000|0.0000|0|33.84
恒润股份|603985|-7.30|56448091|773069888.00|-9.97|-5.09|-9.97|13.85|13.45|14.18|13.45|56.45|14.94|7706900|115177344.00|1|0.0000|0.0000|0.0000|0|14.94
兆易创新|603986|-0.69|26951963|2785586688.00|1.59|2.36|-3.19|103.48|105.86|106.66|100.88|26.95|104.20|25454171|2710485248.00|1|0.0000|0.0000|0.0000|0|104.20
康德莱|603987|-4.21|14170971|94597816.00|-1.31|0.87|-5.95|6.60|6.80|6.95|6.48|14.17|6.89|10312001|72192848.00|1|0.0000|0.0000|0.0000|0|6.89
中电电机|603988|-3.45|4929240|83986712.00|-0.62|1.24|-7.12|17.09|17.59|17.92|16.44|4.93|17.70|4695252|83734816.00|1|0.0000|0.0000|0.0000|0|17.70
艾华集团|603989|-3.39|8288242|111220752.00|0.94|1.44|-5.19|13.39|13.99|14.06|13.14|8.29|13.86|6239196|88162896.00|1|0.0000|0.0000|0.0000|0|13.86
麦迪科技|603990|-7.00|19744304|218264064.00|-7.17|-1.52|-9.96|11.02|11.00|11.67|10.67|19.74|11.85|6569085|78403752.00|1|0.0000|0.0000|0.0000|0|11.85
至正股份|603991|-4.30|4822484|212484464.00|-1.11|0.38|-9.51|45.00|46.50|47.20|42.55|4.82|47.02|1046300|49547504.00|1|0.0000|0.0000|0.0000|0|47.02
松霖科技|603992|-7.79|5778273|106295376.00|-4.52|-3.62|-9.60|18.34|18.99|19.17|17.98|5.78|19.89|2637276|52690744.00|1|0.0000|0.0000|0.0000|0|19.89
洛阳钼业|603993|-4.61|542242540|3366228736.00|0.00|0.00|-6.61|6.21|6.51|6.51|6.08|542.24|6.51|251079218|1635430528.00|1|0.0000|0.0000|0.0000|0|6.51
甬金股份|603995|-7.66|12630050|217474624.00|0.00|0.71|-9.47|16.87|18.27|18.40|16.54|12.63|18.27|4933800|91311776.00|1|0.0000|0.0000|0.0000|0|18.27
继峰股份|603997|5.95|23551745|239007456.00|-2.12|7.67|-2.32|10.50|9.70|10.67|9.68|23.55|9.91|10210100|102515064.00|1|0.0000|0.0000|0.0000|0|9.91
方盛制药|603998|0.76|16070020|147557328.00|0.11|2.07|-1.53|9.24|9.18|9.36|9.03|16.07|9.17|19817900|186865392.00|1|0.0000|0.0000|0.0000|0|9.17
读者传媒|603999|-9.95|62985588|371807488.00|-9.95|-6.58|-9.95|5.88|5.88|6.10|5.88|62.99|6.53|14866804|98587080.00|1|0.0000|0.0000|0.0000|0|6.53
威奥股份|605001|-3.40|11647950|69726952.00|-3.57|0.16|-5.51|5.96|5.95|6.18|5.83|11.65|6.17|8843000|55013688.00|1|0.0000|0.0000|0.0000|0|6.17
众望布艺|605003|-1.41|1523725|25557396.00|-1.94|2.70|-3.75|16.81|16.72|17.51|16.41|1.52|17.05|1811975|31636762.00|1|0.0000|0.0000|0.0000|0|17.05
合兴股份|605005|-0.68|4327480|62551320.00|-2.04|0.20|-2.93|14.57|14.37|14.70|14.24|4.33|14.67|5894900|88107200.00|1|0.0000|0.0000|0.0000|0|14.67
山东玻纤|605006|-5.36|14273392|75626536.00|-4.29|-1.96|-8.04|5.30|5.36|5.49|5.15|14.27|5.60|5675900|32161228.00|1|0.0000|0.0000|0.0000|0|5.60
五洲特纸|605007|1.66|2365000|27166880.00|-1.49|2.28|-1.49|11.61|11.25|11.68|11.25|2.37|11.42|3969700|46788476.00|1|0.0000|0.0000|0.0000|0|11.42
长鸿高科|605008|-2.99|5934733|81111296.00|-1.21|1.14|-5.56|13.62|13.87|14.20|13.26|5.93|14.04|2354000|33542174.00|1|0.0000|0.0000|0.0000|0|14.04
豪悦护理|605009|4.04|5752910|269406304.00|-0.17|4.04|-1.95|47.91|45.97|47.91|45.15|5.75|46.05|5342989|247295824.00|1|0.0000|0.0000|0.0000|0|46.05
杭州热电|605011|3.01|11767500|288040672.00|0.00|4.90|-0.84|24.62|23.90|25.07|23.70|11.77|23.90|11222700|276987776.00|1|0.0000|0.0000|0.0000|0|23.90
百龙创园|605016|-4.48|14152275|224515232.00|-1.16|-1.16|-10.00|16.43|17.00|17.00|15.48|14.15|17.20|4772953|82299480.00|1|0.0000|0.0000|0.0000|0|17.20
长华集团|605018|-9.23|10030000|92513888.00|-1.40|-0.80|-10.03|9.05|9.83|9.89|8.97|10.03|9.97|3043500|30661252.00|1|0.0000|0.0000|0.0000|0|9.97
永和股份|605020|4.18|10584765|220259696.00|2.41|4.23|0.29|21.19|20.83|21.20|20.40|10.58|20.34|5069006|104351152.00|1|0.0000|0.0000|0.0000|0|20.34
世茂能源|605028|-3.19|3706600|56327780.00|0.00|0.83|-5.55|15.17|15.67|15.80|14.80|3.71|15.67|2448300|38882784.00|1|0.0000|0.0000|0.0000|0|15.67
美邦股份|605033|-1.68|3783400|59009368.00|0.06|0.06|-5.35|15.81|16.09|16.09|15.22|3.78|16.08|1987300|32272432.00|1|0.0000|0.0000|0.0000|0|16.08
福然德|605050|-3.31|6793000|63301480.00|-0.83|-0.10|-7.02|9.36|9.60|9.67|9.00|6.79|9.68|5809000|58001464.00|1|0.0000|0.0000|0.0000|0|9.68
迎丰股份|605055|-5.89|10090500|46706928.00|-2.44|-1.22|-8.74|4.63|4.80|4.86|4.49|10.09|4.92|4170100|20781328.00|1|0.0000|0.0000|0.0000|0|4.92
咸亨国际|605056|-3.64|7676096|92357248.00|0.00|0.00|-7.28|12.18|12.64|12.64|11.72|7.68|12.64|3857400|49327832.00|1|0.0000|0.0000|0.0000|0|12.64
澳弘电子|605058|-8.46|5138459|101014384.00|-0.62|0.52|-9.98|19.26|20.91|21.15|18.94|5.14|21.04|3402199|72149352.00|1|0.0000|0.0000|0.0000|0|21.04
联德股份|605060|-10.01|4338900|67121432.00|-7.74|-0.60|-10.01|15.11|15.49|16.69|15.11|4.34|16.79|2111200|35862088.00|1|0.0000|0.0000|0.0000|0|16.79
天正电气|605066|-2.34|25594050|169343936.00|-1.46|0.29|-5.12|6.67|6.73|6.85|6.48|25.59|6.83|21319400|147465376.00|1|0.0000|0.0000|0.0000|0|6.83
明新旭腾|605068|-8.74|5619700|73947328.00|-4.94|-1.55|-10.01|12.94|13.48|13.96|12.76|5.62|14.18|2211500|31440058.00|1|0.0000|0.0000|0.0000|0|14.18
正和生态|605069|2.38|17245377|137701024.00|-1.88|5.14|-5.14|8.17|7.83|8.39|7.57|17.25|7.98|5239660|42071264.00|1|0.0000|0.0000|0.0000|0|7.98
华康股份|605077|0.07|5613542|76803136.00|0.87|2.18|-2.32|13.79|13.90|14.08|13.46|5.61|13.78|5680476|79315824.00|1|0.0000|0.0000|0.0000|0|13.78
浙江自然|605080|-10.00|1744580|39051140.00|-10.00|-7.98|-10.00|22.32|22.32|22.82|22.32|1.74|24.80|265000|6572000.00|1|0.0000|0.0000|0.0000|0|24.80
*ST太和|605081|10.05|2396914|25718888.00|10.05|10.05|10.05|10.73|10.73|10.73|10.73|2.40|9.75|8742260|87485512.00|1|0.0000|0.0000|0.0000|0|9.75
龙高股份|605086|-8.40|4410790|102074432.00|-9.76|-2.03|-10.00|23.00|22.66|24.60|22.60|4.41|25.11|1596960|40722504.00|1|0.0000|0.0000|0.0000|0|25.11
冠盛股份|605088|-10.01|6773431|189816640.00|-4.28|-4.28|-10.01|27.78|29.55|29.55|27.78|6.77|30.87|2131798|66245724.00|1|0.0000|0.0000|0.0000|0|30.87
味知香|605089|6.05|1469330|33041022.00|0.60|6.19|0.09|22.97|21.79|23.00|21.68|1.47|21.66|1159788|25677754.00|1|0.0000|0.0000|0.0000|0|21.66
九丰能源|605090|2.64|5477797|131177784.00|0.04|3.28|0.04|24.12|23.51|24.27|23.51|5.48|23.50|8176946|194978768.00|1|0.0000|0.0000|0.0000|0|23.50
行动教育|605098|2.53|1575700|56900992.00|0.00|3.06|-0.25|36.49|35.59|36.68|35.50|1.58|35.59|2547400|91571888.00|1|0.0000|0.0000|0.0000|0|35.59
共创草坪|605099|-0.56|2026424|35263584.00|-0.28|0.23|-5.35|17.65|17.70|17.79|16.80|2.03|17.75|1539400|27820788.00|1|0.0000|0.0000|0.0000|0|17.75
华丰股份|605100|2.20|13341969|271903488.00|0.24|3.42|-4.94|20.91|20.51|21.16|19.45|13.34|20.46|15589430|318181664.00|1|0.0000|0.0000|0.0000|0|20.46
同庆楼|605108|8.44|5568550|111419296.00|0.00|9.08|0.00|20.43|18.84|20.55|18.84|5.57|18.84|5340629|104181072.00|1|0.0000|0.0000|0.0000|0|18.84
新洁能|605111|-1.70|14532620|436569184.00|-0.88|2.00|-4.00|30.00|30.25|31.13|29.30|14.53|30.52|12227173|379670912.00|1|0.0000|0.0000|0.0000|0|30.52
奥锐特|605116|2.84|4116400|82047544.00|2.01|5.83|0.62|19.92|19.76|20.50|19.49|4.12|19.37|3750700|75220968.00|1|0.0000|0.0000|0.0000|0|19.37
德业股份|605117|-0.97|10174449|819688768.00|1.45|1.79|-5.70|82.00|84.00|84.28|78.08|10.17|82.80|6040916|505439968.00|1|0.0000|0.0000|0.0000|0|82.80
力鼎光电|605118|-10.01|4799800|78807744.00|-7.77|-2.85|-10.01|16.10|16.50|17.38|16.10|4.80|17.89|1989900|35781116.00|1|0.0000|0.0000|0.0000|0|17.89
四方新材|605122|-0.63|3055120|29179360.00|-1.15|1.77|-2.61|9.53|9.48|9.76|9.34|3.06|9.59|2506700|24283312.00|1|0.0000|0.0000|0.0000|0|9.59
派克新材|605123|2.96|2729448|142093840.00|1.54|4.52|1.44|52.13|51.41|52.92|51.36|2.73|50.63|3331224|173980928.00|1|0.0000|0.0000|0.0000|0|50.63
上海沿浦|605128|-4.07|3530098|126699736.00|-1.50|0.00|-7.31|35.83|36.79|37.35|34.62|3.53|37.35|2472462|93583288.00|1|0.0000|0.0000|0.0000|0|37.35
嵘泰股份|605133|-5.99|6725276|179213520.00|-7.71|-1.19|-9.99|26.82|26.33|28.19|25.68|6.73|28.53|2429551|69599728.00|1|0.0000|0.0000|0.0000|0|28.53
丽人丽妆|605136|-2.16|11249800|71141416.00|-2.47|0.46|-4.48|6.34|6.32|6.51|6.19|11.25|6.48|7426700|48762984.00|1|0.0000|0.0000|0.0000|0|6.48
盛泰集团|605138|-6.81|7439137|37891880.00|-3.68|-0.92|-8.66|5.06|5.23|5.38|4.96|7.44|5.43|2081000|11508142.00|1|0.0000|0.0000|0.0000|0|5.43
西上海|605151|-6.86|3460981|50961456.00|-3.94|-3.11|-8.45|14.66|15.12|15.25|14.41|3.46|15.74|1656200|26355600.00|1|0.0000|0.0000|0.0000|0|15.74
西大门|605155|-2.76|6124120|65052900.00|-0.09|2.12|-4.97|10.56|10.85|11.09|10.32|6.12|10.86|5455663|60486612.00|1|0.0000|0.0000|0.0000|0|10.86
华达新材|605158|-5.48|6408518|48147856.00|-1.79|0.00|-7.91|7.41|7.70|7.84|7.22|6.41|7.84|3380100|26769216.00|1|0.0000|0.0000|0.0000|0|7.84
新中港|605162|-1.56|8756796|60783992.00|0.00|1.42|-3.27|6.92|7.03|7.13|6.80|8.76|7.03|6510300|46515712.00|1|0.0000|0.0000|0.0000|0|7.03
聚合顺|605166|-7.80|14226474|149838208.00|1.95|1.95|-10.02|10.40|11.50|11.50|10.15|14.23|11.28|4357200|49597648.00|1|0.0000|0.0000|0.0000|0|11.28
利柏特|605167|-7.84|14508100|122971680.00|-2.76|-1.10|-9.93|8.35|8.81|8.96|8.16|14.51|9.06|11107300|102702384.00|1|0.0000|0.0000|0.0000|0|9.06
三人行|605168|-3.35|4863097|122694256.00|-1.08|2.08|-5.70|25.11|25.70|26.52|24.50|4.86|25.98|2921207|76677720.00|1|0.0000|0.0000|0.0000|0|25.98
洪通燃气|605169|-1.74|3824326|34434976.00|-0.22|0.44|-3.71|9.01|9.15|9.21|8.83|3.82|9.17|2949300|27499600.00|1|0.0000|0.0000|0.0000|0|9.17
东亚药业|605177|-2.91|3871200|62357772.00|0.43|1.28|-4.43|15.99|16.54|16.68|15.74|3.87|16.47|4024000|67164368.00|1|0.0000|0.0000|0.0000|0|16.47
时空科技|605178|-6.59|2528755|36038184.00|-6.26|-1.71|-9.56|14.17|14.22|14.91|13.72|2.53|15.17|1296800|19767664.00|1|0.0000|0.0000|0.0000|0|15.17
一鸣食品|605179|9.98|16900300|325522592.00|-2.99|9.98|-2.99|19.84|17.50|19.84|17.50|16.90|18.04|15556000|299592032.00|1|0.0000|0.0000|0.0000|0|18.04
华生科技|605180|-7.87|4275443|49345908.00|-2.03|0.00|-9.89|11.36|12.08|12.33|11.11|4.28|12.33|1594400|19923786.00|1|0.0000|0.0000|0.0000|0|12.33
确成股份|605183|-7.54|7913800|112471760.00|-0.93|0.00|-9.39|13.98|14.98|15.12|13.70|7.91|15.12|3363700|51015448.00|1|0.0000|0.0000|0.0000|0|15.12
健麾信息|605186|-3.90|3488200|61890296.00|-5.41|0.27|-6.66|17.76|17.48|18.53|17.25|3.49|18.48|1959000|36638384.00|1|0.0000|0.0000|0.0000|0|18.48
国光连锁|605188|7.28|17882900|135146208.00|3.00|9.99|0.71|7.52|7.22|7.71|7.06|17.88|7.01|7789300|54019636.00|1|0.0000|0.0000|0.0000|0|7.01
富春染织|605189|-2.25|3964772|47546400.00|2.34|3.75|-3.50|11.72|12.27|12.44|11.57|3.96|11.99|2043200|24876816.00|1|0.0000|0.0000|0.0000|0|11.99
华通线缆|605196|-1.33|14080100|165975472.00|0.00|2.49|-4.56|11.90|12.06|12.36|11.51|14.08|12.06|25825200|314483616.00|1|0.0000|0.0000|0.0000|0|12.06
安德利|605198|3.84|1700033|60627932.00|-0.81|5.49|-0.81|35.93|34.32|36.50|34.32|1.70|34.60|3026200|108766592.00|1|0.0000|0.0000|0.0000|0|34.60
ST葫芦娃|605199|0.00|8393050|111544488.00|-2.07|0.59|-4.80|13.55|13.27|13.63|12.90|8.39|13.55|7559700|103960336.00|1|0.0000|0.0000|0.0000|0|13.55
永茂泰|605208|-10.00|3498900|33064604.00|-10.00|-10.00|-10.00|9.45|9.45|9.45|9.45|3.50|10.50|4076100|42869484.00|1|0.0000|0.0000|0.0000|0|10.50
伟时电子|605218|-9.82|6052200|106625440.00|-6.04|-1.52|-9.97|17.18|17.90|18.76|17.15|6.05|19.05|1932600|37079748.00|1|0.0000|0.0000|0.0000|0|19.05
起帆电缆|605222|1.72|3208051|45470940.00|0.00|2.94|-0.22|14.18|13.94|14.35|13.91|3.21|13.94|6188255|88846696.00|1|0.0000|0.0000|0.0000|0|13.94
神通科技|605228|-9.99|17575743|158860368.00|-6.22|-2.34|-9.99|8.83|9.20|9.58|8.83|17.58|9.81|7246500|71437088.00|1|0.0000|0.0000|0.0000|0|9.81
天普股份|605255|-9.97|6912500|95684320.00|-2.84|-1.19|-9.97|13.63|14.71|14.96|13.63|6.91|15.14|3464000|52585584.00|1|0.0000|0.0000|0.0000|0|15.14
协和电子|605258|-8.00|3415979|86430128.00|-1.83|-0.44|-10.01|25.08|26.76|27.14|24.53|3.42|27.26|1282300|35195504.00|1|0.0000|0.0000|0.0000|0|27.26
绿田机械|605259|-6.34|5405022|73932016.00|-0.82|0.00|-10.02|13.74|14.55|14.67|13.20|5.41|14.67|2080076|30819608.00|1|0.0000|0.0000|0.0000|0|14.67
健之佳|605266|1.55|3682312|71371984.00|0.98|1.76|-1.61|19.61|19.50|19.65|19.00|3.68|19.31|3697456|72563304.00|1|0.0000|0.0000|0.0000|0|19.31
王力安防|605268|-3.93|5257800|38620928.00|-3.14|-0.13|-6.68|7.34|7.40|7.63|7.13|5.26|7.64|3359000|26135988.00|1|0.0000|0.0000|0.0000|0|7.64
新亚电子|605277|-7.31|18467287|259047792.00|-6.23|-0.07|-9.85|13.83|13.99|14.91|13.45|18.47|14.92|6584552|98609496.00|1|0.0000|0.0000|0.0000|0|14.92
同力天启|605286|-1.81|3905700|136064048.00|0.31|1.09|-5.54|35.24|36.00|36.28|33.90|3.91|35.89|1864900|67744168.00|1|0.0000|0.0000|0.0000|0|35.89
德才股份|605287|-6.76|6568560|72505680.00|0.00|0.00|-9.88|11.04|11.84|11.84|10.67|6.57|11.84|2485600|29709908.00|1|0.0000|0.0000|0.0000|0|11.84
凯迪股份|605288|-1.99|918100|31683042.00|-0.28|1.37|-3.70|34.40|35.00|35.58|33.80|0.92|35.10|1526500|54521272.00|1|0.0000|0.0000|0.0000|0|35.10
罗曼股份|605289|-6.40|3189593|64593564.00|-0.70|-0.23|-9.74|20.17|21.40|21.50|19.45|3.19|21.55|1628400|35694276.00|1|0.0000|0.0000|0.0000|0|21.55
神农集团|605296|8.17|12593067|389079680.00|0.14|9.49|-1.76|31.91|29.54|32.30|28.98|12.59|29.50|10066485|298887744.00|1|0.0000|0.0000|0.0000|0|29.50
必得科技|605298|-10.03|5356024|61390784.00|-4.14|-3.98|-10.03|11.30|12.04|12.06|11.30|5.36|12.56|1214100|15327841.00|1|0.0000|0.0000|0.0000|0|12.56
舒华体育|605299|-3.48|6823300|51217000.00|-0.13|0.52|-6.06|7.49|7.75|7.80|7.29|6.82|7.76|5044800|39558480.00|1|0.0000|0.0000|0.0000|0|7.76
佳禾食品|605300|4.99|5592884|72794672.00|0.00|4.99|-0.08|13.25|12.62|13.25|12.61|5.59|12.62|4872784|62772752.00|1|0.0000|0.0000|0.0000|0|12.62
园林股份|605303|-4.32|4956217|39854332.00|-1.92|0.00|-6.00|7.98|8.18|8.34|7.84|4.96|8.34|3934400|33221284.00|1|0.0000|0.0000|0.0000|0|8.34
中际联合|605305|-7.60|10596346|243426736.00|-0.33|-0.12|-9.23|22.72|24.51|24.56|22.32|10.60|24.59|5150300|128230264.00|1|0.0000|0.0000|0.0000|0|24.59
法狮龙|605318|1.05|1768020|49053624.00|0.11|3.51|-2.35|27.95|27.69|28.63|27.01|1.77|27.66|2406500|66990556.00|1|0.0000|0.0000|0.0000|0|27.66
无锡振华|605319|-0.30|6213000|163918384.00|-1.63|2.53|-2.99|26.35|26.00|27.10|25.64|6.21|26.43|5286400|140619088.00|1|0.0000|0.0000|0.0000|0|26.43
沪光股份|605333|-5.13|12287041|324239264.00|-1.78|-0.64|-8.65|26.64|27.58|27.90|25.65|12.29|28.08|3160880|89195088.00|1|0.0000|0.0000|0.0000|0|28.08
帅丰电器|605336|-5.63|4748920|79350176.00|-4.28|-0.17|-8.90|16.76|17.00|17.73|16.18|4.75|17.76|4116030|74261376.00|1|0.0000|0.0000|0.0000|0|17.76
李子园|605337|9.99|11267995|132695576.00|2.20|9.99|2.11|12.00|11.15|12.00|11.14|11.27|10.91|18422836|209468784.00|1|0.0000|0.0000|0.0000|0|10.91
巴比食品|605338|10.01|9185148|163099312.00|1.32|10.01|1.32|18.35|16.90|18.35|16.90|9.19|16.68|7038200|120836112.00|1|0.0000|0.0000|0.0000|0|16.68
南侨食品|605339|4.39|1911310|29503008.00|0.20|4.66|0.13|15.68|15.05|15.72|15.04|1.91|15.02|1867000|29109048.00|1|0.0000|0.0000|0.0000|0|15.02
立昂微|605358|-2.89|10614931|220277776.00|-0.62|1.66|-3.93|20.52|21.00|21.48|20.30|10.61|21.13|8286710|178056032.00|1|0.0000|0.0000|0.0000|0|21.13
立达信|605365|-7.28|6058287|77222040.00|-2.87|-1.32|-8.39|12.60|13.20|13.41|12.45|6.06|13.59|2048000|28215088.00|1|0.0000|0.0000|0.0000|0|13.59
宏柏新材|605366|-4.32|9001892|46198252.00|-4.13|-0.19|-5.82|5.10|5.11|5.32|5.02|9.00|5.33|6239900|33724320.00|1|0.0000|0.0000|0.0000|0|5.33
蓝天燃气|605368|3.25|9442795|101339136.00|0.10|3.92|0.10|10.81|10.48|10.88|10.48|9.44|10.47|11863190|126379472.00|1|0.0000|0.0000|0.0000|0|10.47
拱东医疗|605369|-3.00|1744151|42914276.00|-1.19|0.04|-4.70|24.54|25.00|25.31|24.11|1.74|25.30|1499851|38475060.00|1|0.0000|0.0000|0.0000|0|25.30
博迁新材|605376|-10.00|8279404|247398464.00|1.14|1.14|-10.00|29.16|32.77|32.77|29.16|8.28|32.40|2100600|69483976.00|1|0.0000|0.0000|0.0000|0|32.40
华旺科技|605377|2.49|2800680|32157978.00|2.22|3.47|0.80|11.53|11.50|11.64|11.34|2.80|11.25|4839417|55183960.00|1|0.0000|0.0000|0.0000|0|11.25
野马电池|605378|-5.05|6051576|115759392.00|-4.50|-1.09|-8.51|19.19|19.30|19.99|18.49|6.05|20.21|2387540|48634168.00|1|0.0000|0.0000|0.0000|0|20.21
均瑶健康|605388|4.01|12277722|72032584.00|-3.14|4.01|-3.14|5.97|5.56|5.97|5.56|12.28|5.74|9276700|54887460.00|1|0.0000|0.0000|0.0000|0|5.74
长龄液压|605389|-3.94|2655360|71829672.00|0.00|0.04|-8.48|27.29|28.41|28.42|26.00|2.66|28.41|1453640|42081964.00|1|0.0000|0.0000|0.0000|0|28.41
新炬网络|605398|-5.66|7272123|192722112.00|-1.98|-0.50|-9.62|26.67|27.71|28.13|25.55|7.27|28.27|2145000|61945604.00|1|0.0000|0.0000|0.0000|0|28.27
晨光新材|605399|-5.82|6370283|67584000.00|-3.23|-0.09|-8.33|10.51|10.80|11.15|10.23|6.37|11.16|3574399|40389180.00|1|0.0000|0.0000|0.0000|0|11.16
福莱新材|605488|-10.01|7271543|254487360.00|-6.11|-3.33|-10.01|34.63|36.13|37.20|34.63|7.27|38.48|1817968|70444072.00|1|0.0000|0.0000|0.0000|0|38.48
东鹏饮料|605499|0.39|3148909|792221504.00|-0.00|0.77|-3.73|256.00|254.99|256.96|245.50|3.15|255.00|4343485|1109555712.00|1|0.0000|0.0000|0.0000|0|255.00
森林包装|605500|-2.95|3821114|23953010.00|-2.02|0.00|-4.20|6.24|6.30|6.43|6.16|3.82|6.43|4003169|26195888.00|1|0.0000|0.0000|0.0000|0|6.43
国邦医药|605507|2.03|8555690|167756160.00|1.09|3.95|0.16|19.61|19.43|19.98|19.25|8.56|19.22|10337133|206719328.00|1|0.0000|0.0000|0.0000|0|19.22
德昌股份|605555|-10.00|9465656|174891552.00|-5.94|-2.62|-10.00|18.19|19.01|19.68|18.19|9.47|20.21|2161020|43701528.00|1|0.0000|0.0000|0.0000|0|20.21
福莱蒽特|605566|-1.92|1429950|22865142.00|-0.87|2.42|-7.01|15.82|15.99|16.52|15.00|1.43|16.13|1443100|23629218.00|1|0.0000|0.0000|0.0000|0|16.13
春雪食品|605567|6.06|12526563|105537024.00|-0.49|6.06|-0.49|8.58|8.05|8.58|8.05|12.53|8.09|10949829|90964328.00|1|0.0000|0.0000|0.0000|0|8.09
龙版传媒|605577|-3.34|9429000|114397448.00|-0.48|1.67|-6.05|12.14|12.50|12.77|11.80|9.43|12.56|5924300|75365808.00|1|0.0000|0.0000|0.0000|0|12.56
恒盛能源|605580|-3.85|6850600|66882888.00|-1.19|-0.20|-6.62|9.73|10.00|10.10|9.45|6.85|10.12|4097560|41896172.00|1|0.0000|0.0000|0.0000|0|10.12
冠石科技|605588|1.14|6927717|306765824.00|2.65|3.79|-1.82|44.34|45.00|45.50|43.04|6.93|43.84|7971700|364207712.00|1|0.0000|0.0000|0.0000|0|43.84
圣泉集团|605589|-3.30|26392098|627888896.00|0.00|1.88|-5.91|23.72|24.53|24.99|23.08|26.39|24.53|22548965|562401920.00|1|0.0000|0.0000|0.0000|0|24.53
上海港湾|605598|-2.06|2016180|36484200.00|-3.58|1.14|-3.74|18.06|17.78|18.65|17.75|2.02|18.44|1897683|35480944.00|1|0.0000|0.0000|0.0000|0|18.44
菜百股份|605599|3.91|7752987|90537064.00|0.00|6.31|-0.44|11.70|11.26|11.97|11.21|7.75|11.26|10404434|118933576.00|1|0.0000|0.0000|0.0000|0|11.26
华兴源创|688001|1.97|5147463|119554048.00|1.80|6.54|-0.92|23.24|23.20|24.28|22.58|5.15|22.79|6741712|164507520.00|1|0.0000|0.0000|0.0000|0|22.79
睿创微纳|688002|-2.46|7760242|415923040.00|1.65|2.18|-4.39|53.16|55.40|55.69|52.11|7.76|54.50|11368924|620109824.00|1|0.0000|0.0000|0.0000|0|54.50
天准科技|688003|0.24|5169669|215136800.00|2.44|6.83|-2.34|41.10|42.00|43.80|40.04|5.17|41.00|6977979|300045408.00|1|0.0000|0.0000|0.0000|0|41.00
博汇科技|688004|5.15|2051829|27823584.00|3.69|7.23|1.23|13.68|13.49|13.95|13.17|2.05|13.01|2399307|33968644.00|1|0.0000|0.0000|0.0000|0|13.01
容百科技|688005|3.21|18893647|354674496.00|2.32|7.30|1.38|18.66|18.50|19.40|18.33|18.89|18.08|21346807|415020704.00|1|0.0000|0.0000|0.0000|0|18.08
杭可科技|688006|3.28|4812382|77496176.00|2.83|5.85|1.67|16.06|15.99|16.46|15.81|4.81|15.55|7862502|125129608.00|1|0.0000|0.0000|0.0000|0|15.55
光峰科技|688007|3.03|12786210|178577360.00|-0.07|6.58|-0.07|13.93|13.51|14.41|13.51|12.79|13.52|16073392|230495872.00|1|0.0000|0.0000|0.0000|0|13.52
澜起科技|688008|0.46|35771034|2342395648.00|0.76|2.44|-2.24|65.80|66.00|67.10|64.03|35.77|65.50|55171909|3644560384.00|1|0.0000|0.0000|0.0000|0|65.50
中国通号|688009|8.03|86733534|463186048.00|1.81|10.04|1.81|5.38|5.07|5.48|5.07|86.73|4.98|65412497|335972672.00|1|0.0000|0.0000|0.0000|0|4.98
福光股份|688010|1.44|1996733|69622088.00|1.41|5.80|-0.56|34.48|34.47|35.96|33.80|2.00|33.99|3815256|137150112.00|1|0.0000|0.0000|0.0000|0|33.99
新光光电|688011|4.48|1185763|16980902.00|7.56|8.30|1.47|14.23|14.65|14.75|13.82|1.19|13.62|1518084|22112164.00|1|0.0000|0.0000|0.0000|0|13.62
中微公司|688012|0.08|11776738|2064270592.00|0.00|1.37|-1.93|176.14|176.00|178.41|172.60|11.78|176.00|13913568|2486137856.00|1|0.0000|0.0000|0.0000|0|176.00
天臣医疗|688013|2.93|1145660|20529014.00|0.00|5.75|0.00|17.91|17.40|18.40|17.40|1.15|17.40|1650026|29952486.00|1|0.0000|0.0000|0.0000|0|17.40
交控科技|688015|3.11|2326252|41578088.00|1.33|5.82|0.46|17.88|17.57|18.35|17.42|2.33|17.34|2850105|51743144.00|1|0.0000|0.0000|0.0000|0|17.34
心脉医疗|688016|-3.18|4550085|402750592.00|0.51|3.83|-5.60|87.18|90.50|93.49|85.00|4.55|90.04|5943937|555775168.00|1|0.0000|0.0000|0.0000|0|90.04
绿的谐波|688017|1.91|6456782|773768064.00|1.70|6.14|-1.77|119.44|119.19|124.40|115.12|6.46|117.20|8033316|1005960320.00|1|0.0000|0.0000|0.0000|0|117.20
乐鑫科技|688018|2.67|4730082|825512064.00|1.42|6.00|-0.74|174.80|172.66|180.46|168.99|4.73|170.25|5761222|1027051712.00|1|0.0000|0.0000|0.0000|0|170.25
安集科技|688019|-1.32|3345848|507449760.00|1.31|3.95|-2.50|150.00|153.99|158.00|148.20|3.35|152.00|5071017|790579712.00|1|0.0000|0.0000|0.0000|0|152.00
方邦股份|688020|1.30|644944|18135502.00|2.82|4.98|-0.51|28.06|28.48|29.08|27.56|0.64|27.70|1726327|50798824.00|1|0.0000|0.0000|0.0000|0|27.70
奥福科技|688021|5.01|1299312|13090251.00|0.94|8.03|0.94|10.07|9.68|10.36|9.68|1.30|9.59|1801169|18421886.00|1|0.0000|0.0000|0.0000|0|9.59
瀚川智能|688022|2.28|4732673|54991324.00|0.00|5.61|-1.32|11.66|11.40|12.04|11.25|4.73|11.40|7199147|87599768.00|1|0.0000|0.0000|0.0000|0|11.40
安恒信息|688023|4.96|4237749|188553712.00|0.47|6.94|0.47|44.61|42.70|45.45|42.70|4.24|42.50|5371591|241710288.00|1|0.0000|0.0000|0.0000|0|42.50
杰普特|688025|-1.37|4217662|171912336.00|1.25|2.56|-5.09|40.90|41.99|42.53|39.36|4.22|41.47|4851717|207977648.00|1|0.0000|0.0000|0.0000|0|41.47
洁特生物|688026|3.44|4271754|54146808.00|1.80|7.94|1.31|12.64|12.44|13.19|12.38|4.27|12.22|5522657|72617616.00|1|0.0000|0.0000|0.0000|0|12.22
国盾量子|688027|4.75|2175037|498234720.00|0.05|4.87|0.05|232.49|222.07|232.77|222.07|2.18|221.95|3098508|720837568.00|1|0.0000|0.0000|0.0000|0|221.95
沃尔德|688028|2.18|5563306|110813680.00|1.57|4.77|-3.05|20.13|20.01|20.64|19.10|5.56|19.70|9269802|193400752.00|1|0.0000|0.0000|0.0000|0|19.70
南微医学|688029|0.21|4155190|238282288.00|0.30|3.77|-1.46|57.10|57.15|59.13|56.15|4.16|56.98|6188747|370028448.00|1|0.0000|0.0000|0.0000|0|56.98
山石网科|688030|3.37|2448545|34517312.00|2.64|7.56|0.51|14.09|13.99|14.66|13.70|2.45|13.63|2857956|41586312.00|1|0.0000|0.0000|0.0000|0|13.63
星环科技|688031|4.21|5291025|223334688.00|1.80|6.19|-0.39|42.79|41.80|43.60|40.90|5.29|41.06|4832088|211732672.00|1|0.0000|0.0000|0.0000|0|41.06
禾迈股份|688032|4.48|1822634|176357216.00|2.56|5.11|1.67|97.79|96.00|98.38|95.16|1.82|93.60|2376171|232361168.00|1|0.0000|0.0000|0.0000|0|93.60
天宜新材|688033|3.17|10120938|49315052.00|2.33|5.07|1.06|4.88|4.84|4.97|4.78|10.12|4.73|16611945|82772128.00|1|0.0000|0.0000|0.0000|0|4.73
德邦科技|688035|0.27|3113570|105921456.00|2.07|6.51|-1.89|33.40|34.00|35.48|32.68|3.11|33.31|3954337|139550000.00|1|0.0000|0.0000|0.0000|0|33.31
传音控股|688036|4.28|11020269|912327104.00|0.00|4.30|-1.26|84.49|81.02|84.50|80.00|11.02|81.02|14113814|1145591424.00|1|0.0000|0.0000|0.0000|0|81.02
芯源微|688037|2.54|7086304|643344320.00|0.95|4.92|0.93|90.50|89.10|92.60|89.08|7.09|88.26|9244840|842646144.00|1|0.0000|0.0000|0.0000|0|88.26
中科通达|688038|-0.09|2684457|31676700.00|-0.09|5.05|-2.14|11.68|11.68|12.28|11.44|2.68|11.69|4695064|58461720.00|1|0.0000|0.0000|0.0000|0|11.69
当虹科技|688039|2.47|3943924|107628440.00|0.27|7.48|-0.68|26.98|26.40|28.30|26.15|3.94|26.33|4224940|118676384.00|1|0.0000|0.0000|0.0000|0|26.33
海光信息|688041|-1.63|28559669|3809132544.00|1.13|1.83|-4.33|134.23|138.00|138.96|130.55|28.56|136.46|37756549|5125057024.00|1|0.0000|0.0000|0.0000|0|136.46
必易微|688045|1.16|1971867|57083664.00|1.34|6.30|-2.25|28.75|28.80|30.21|27.78|1.97|28.42|2132140|64346428.00|1|0.0000|0.0000|0.0000|0|28.42
药康生物|688046|-1.15|6855463|76050288.00|0.80|3.36|-4.42|11.18|11.40|11.69|10.81|6.86|11.31|8648737|104077984.00|1|0.0000|0.0000|0.0000|0|11.31
龙芯中科|688047|3.59|4305866|539583552.00|2.28|4.65|0.29|126.50|124.90|127.80|122.48|4.31|122.12|6333601|812666304.00|1|0.0000|0.0000|0.0000|0|122.12
长光华芯|688048|5.41|6806363|308815616.00|3.50|9.14|2.64|45.19|44.37|46.79|44.00|6.81|42.87|7659103|349938528.00|1|0.0000|0.0000|0.0000|0|42.87
炬芯科技|688049|-2.47|9747834|348174496.00|0.00|3.18|-4.74|35.60|36.50|37.66|34.77|9.75|36.50|7587284|293482304.00|1|0.0000|0.0000|0.0000|0|36.50
爱博医疗|688050|-0.72|4919057|492816000.00|-2.24|0.31|-4.33|100.95|99.40|102.00|97.28|4.92|101.68|5963513|581104896.00|1|0.0000|0.0000|0.0000|0|101.68
佳华科技|688051|1.85|965916|19537614.00|2.93|7.09|0.31|19.83|20.04|20.85|19.53|0.97|19.47|1115233|23233274.00|1|0.0000|0.0000|0.0000|0|19.47
纳芯微|688052|-2.59|3492960|533136480.00|-0.91|1.25|-5.75|152.96|155.60|158.99|148.00|3.49|157.03|5898425|924274368.00|1|0.0000|0.0000|0.0000|0|157.03
ST思科瑞|688053|7.75|1376596|32973936.00|3.76|11.06|3.76|24.06|23.17|24.80|23.17|1.38|22.33|2090994|51247356.00|1|0.0000|0.0000|0.0000|0|22.33
龙腾光电|688055|3.81|13736023|41552320.00|4.84|8.65|2.08|3.00|3.03|3.14|2.95|13.74|2.89|17374232|53162764.00|1|0.0000|0.0000|0.0000|0|2.89
莱伯泰科|688056|3.03|1054772|30150106.00|0.90|6.49|-0.18|28.59|28.00|29.55|27.70|1.05|27.75|1580496|47080436.00|1|0.0000|0.0000|0.0000|0|27.75
金达莱|688057|1.66|2411641|23674414.00|0.00|4.36|0.00|9.80|9.64|10.06|9.64|2.41|9.64|5233743|52086476.00|1|0.0000|0.0000|0.0000|0|9.64
宝兰德|688058|5.41|1477865|36299564.00|3.34|7.22|-0.89|24.96|24.47|25.39|23.47|1.48|23.68|2110347|53128244.00|1|0.0000|0.0000|0.0000|0|23.68
华锐精密|688059|-0.41|2225559|114614872.00|3.50|7.01|-3.34|51.00|53.00|54.80|49.50|2.23|51.21|2442329|133463312.00|1|0.0000|0.0000|0.0000|0|51.21
云涌科技|688060|2.50|376041|11551214.00|4.01|5.08|0.17|30.70|31.15|31.47|30.00|0.38|29.95|563989|17275614.00|1|0.0000|0.0000|0.0000|0|29.95
灿瑞科技|688061|3.39|920715|23166118.00|1.10|6.42|0.70|25.28|24.72|26.02|24.62|0.92|24.45|1342706|34931160.00|1|0.0000|0.0000|0.0000|0|24.45
迈威生物|688062|1.73|12499101|245643360.00|3.62|7.50|-0.79|19.40|19.76|20.50|18.92|12.50|19.07|13091814|264747872.00|1|0.0000|0.0000|0.0000|0|19.07
派能科技|688063|3.14|5877110|206027840.00|1.32|5.41|0.62|35.10|34.48|35.87|34.24|5.88|34.03|7715965|276267968.00|1|0.0000|0.0000|0.0000|0|34.03
凯赛生物|688065|7.12|9119371|428373856.00|2.08|8.01|0.54|47.99|45.73|48.39|45.04|9.12|44.80|8018024|362138272.00|1|0.0000|0.0000|0.0000|0|44.80
航天宏图|688066|5.20|8897437|141220096.00|2.63|7.24|0.72|15.99|15.60|16.30|15.31|8.90|15.20|11191299|178359024.00|1|0.0000|0.0000|0.0000|0|15.20
爱威科技|688067|3.25|1080882|17568862.00|0.89|7.02|0.38|16.18|15.81|16.77|15.73|1.08|15.67|1324906|22315124.00|1|0.0000|0.0000|0.0000|0|15.67
热景生物|688068|-2.00|3222294|308087840.00|0.95|5.19|-4.29|94.08|96.91|100.98|91.88|3.22|96.00|3658540|345775552.00|1|0.0000|0.0000|0.0000|0|96.00
德林海|688069|4.38|1119637|14648584.00|-0.08|5.08|-0.08|13.35|12.78|13.44|12.78|1.12|12.79|1269018|17009466.00|1|0.0000|0.0000|0.0000|0|12.79
纵横股份|688070|1.66|1244635|45008384.00|5.00|7.85|-1.03|35.61|36.78|37.78|34.67|1.24|35.03|1676983|62386224.00|1|0.0000|0.0000|0.0000|0|35.03
华依科技|688071|-0.57|2352518|65906848.00|-1.97|5.16|-3.62|27.77|27.38|29.37|26.92|2.35|27.93|1969717|58645596.00|1|0.0000|0.0000|0.0000|0|27.93
拓荆科技|688072|1.77|4059911|635481984.00|1.66|4.87|-0.97|156.73|156.55|161.50|152.50|4.06|154.00|5359358|849938048.00|1|0.0000|0.0000|0.0000|0|154.00
毕得医药|688073|2.25|1640704|63214920.00|3.09|6.59|-1.59|38.66|38.98|40.30|37.21|1.64|37.81|2255821|91339896.00|1|0.0000|0.0000|0.0000|0|37.81
安旭生物|688075|2.79|615890|21908360.00|0.09|4.49|0.09|35.75|34.81|36.34|34.81|0.62|34.78|1324842|47786092.00|1|0.0000|0.0000|0.0000|0|34.78
ST诺泰|688076|0.04|7580185|366921984.00|1.04|4.26|-1.86|47.94|48.42|49.96|47.03|7.58|47.92|10732576|538183808.00|1|0.0000|0.0000|0.0000|0|47.92
大地熊|688077|8.40|8119351|184005120.00|0.14|10.59|-4.52|23.74|21.93|24.22|20.91|8.12|21.90|6544484|155483952.00|1|0.0000|0.0000|0.0000|0|21.90
龙软科技|688078|6.25|1515784|42850452.00|0.48|8.67|0.48|28.55|27.00|29.20|27.00|1.52|26.87|1774505|50042656.00|1|0.0000|0.0000|0.0000|0|26.87
美迪凯|688079|4.64|6492906|51386240.00|4.64|8.49|-0.53|7.89|7.89|8.18|7.50|6.49|7.54|6409076|51791212.00|1|0.0000|0.0000|0.0000|0|7.54
映翰通|688080|0.81|2898321|109108384.00|0.13|4.78|-2.42|37.50|37.25|38.98|36.30|2.90|37.20|4026362|157491216.00|1|0.0000|0.0000|0.0000|0|37.20
兴图新科|688081|3.62|1294879|22662974.00|1.75|7.94|-2.51|17.75|17.43|18.49|16.70|1.29|17.13|1944711|35407984.00|1|0.0000|0.0000|0.0000|0|17.13
盛美上海|688082|1.00|2021373|190518400.00|1.85|4.73|-0.30|93.53|94.31|96.98|92.32|2.02|92.60|2791777|266922640.00|1|0.0000|0.0000|0.0000|0|92.60
中望软件|688083|2.86|2243678|190404688.00|0.85|5.79|-0.76|85.64|83.97|88.08|82.63|2.24|83.26|2625928|229103888.00|1|0.0000|0.0000|0.0000|0|83.26
晶品特装|688084|4.40|1077401|59025564.00|0.06|4.93|-1.59|55.72|53.40|56.00|52.52|1.08|53.37|1802540|97787240.00|1|0.0000|0.0000|0.0000|0|53.37
三友医疗|688085|-1.74|2972906|48662020.00|1.92|2.94|-5.10|16.37|16.98|17.15|15.81|2.97|16.66|3708926|63152540.00|1|0.0000|0.0000|0.0000|0|16.66
英科再生|688087|4.25|4650625|96662680.00|3.05|6.40|1.10|20.84|20.60|21.27|20.21|4.65|19.99|7359285|154053376.00|1|0.0000|0.0000|0.0000|0|19.99
虹软科技|688088|5.77|13113594|510822944.00|2.46|10.64|2.46|38.66|37.45|40.44|37.45|13.11|36.55|10722163|423942752.00|1|0.0000|0.0000|0.0000|0|36.55
嘉必优|688089|11.18|7027757|147714016.00|1.97|11.53|1.97|21.98|20.16|22.05|20.16|7.03|19.77|6451569|136675760.00|1|0.0000|0.0000|0.0000|0|19.77
瑞松科技|688090|-0.39|4116826|125476448.00|-2.53|3.83|-5.43|30.65|29.99|31.95|29.10|4.12|30.77|3519379|112949968.00|1|0.0000|0.0000|0.0000|0|30.77
上海谊众|688091|4.08|3390648|133567560.00|0.16|4.08|0.16|40.01|38.50|40.01|38.50|3.39|38.44|4337203|173260672.00|1|0.0000|0.0000|0.0000|0|38.44
爱科科技|688092|2.92|1164867|21689132.00|3.58|5.17|-0.44|18.71|18.83|19.12|18.10|1.16|18.18|2114231|40449820.00|1|0.0000|0.0000|0.0000|0|18.18
世华科技|688093|-3.14|4605547|88202240.00|1.55|5.00|-5.41|18.79|19.70|20.37|18.35|4.61|19.40|4263082|87231920.00|1|0.0000|0.0000|0.0000|0|19.40
福昕软件|688095|5.77|2262110|118395032.00|1.98|7.92|1.98|52.76|50.87|53.83|50.87|2.26|49.88|2915475|155535856.00|1|0.0000|0.0000|0.0000|0|49.88
京源环保|688096|-1.02|8837207|130640000.00|6.80|6.80|-4.15|14.55|15.70|15.70|14.09|8.84|14.70|15268659|237252704.00|1|0.0000|0.0000|0.0000|0|14.70
博众精工|688097|0.50|10695642|235839680.00|2.46|4.42|-2.78|22.07|22.50|22.93|21.35|10.70|21.96|12012885|279300640.00|1|0.0000|0.0000|0.0000|0|21.96
申联生物|688098|5.49|6144769|32430356.00|-0.98|7.06|-0.98|5.38|5.05|5.46|5.05|6.14|5.10|6895681|37198796.00|1|0.0000|0.0000|0.0000|0|5.10
晶晨股份|688099|0.85|12559501|812078464.00|2.38|5.21|-1.09|64.03|65.00|66.80|62.80|12.56|63.49|18777663|1226434432.00|1|0.0000|0.0000|0.0000|0|63.49
威胜信息|688100|1.66|3904330|133295976.00|-1.45|3.46|-1.45|34.36|33.31|34.97|33.31|3.90|33.80|4338193|147838432.00|1|0.0000|0.0000|0.0000|0|33.80
三达膜|688101|3.33|1960875|24067476.00|1.00|3.83|0.17|12.40|12.12|12.46|12.02|1.96|12.00|4121151|51182584.00|1|0.0000|0.0000|0.0000|0|12.00
斯瑞新材|688102|7.22|48924376|550349760.00|1.90|12.82|1.90|11.29|10.73|11.88|10.73|48.92|10.53|54317690|582035904.00|1|0.0000|0.0000|0.0000|0|10.53
国力电子|688103|-1.12|3396156|150674784.00|2.13|5.29|-4.28|44.10|45.55|46.96|42.69|3.40|44.60|4176194|192275856.00|1|0.0000|0.0000|0.0000|0|44.60
诺唯赞|688105|4.61|3455694|75861880.00|4.04|7.22|1.71|22.02|21.90|22.57|21.41|3.46|21.05|4153007|92296552.00|1|0.0000|0.0000|0.0000|0|21.05
金宏气体|688106|5.71|7858970|130523960.00|0.82|6.21|0.82|16.84|16.06|16.92|16.06|7.86|15.93|9268364|153924320.00|1|0.0000|0.0000|0.0000|0|15.93
安路科技|688107|2.45|4747439|123442664.00|0.32|5.33|-0.04|25.94|25.40|26.67|25.31|4.75|25.32|6332758|167622992.00|1|0.0000|0.0000|0.0000|0|25.32
赛诺医疗|688108|0.00|13314119|119527656.00|0.56|5.27|-1.68|8.92|8.97|9.39|8.77|13.31|8.92|18365151|173044896.00|1|0.0000|0.0000|0.0000|0|8.92
品茗科技|688109|5.75|1612301|36974672.00|2.16|8.32|2.16|23.00|22.22|23.56|22.22|1.61|21.75|1493059|35171924.00|1|0.0000|0.0000|0.0000|0|21.75
东芯股份|688110|3.73|15370756|382780000.00|3.15|7.16|-0.21|25.05|24.91|25.88|24.10|15.37|24.15|19659408|504809536.00|1|0.0000|0.0000|0.0000|0|24.15
金山办公|688111|1.88|6972072|1976325376.00|0.19|2.33|-1.07|286.30|281.55|287.58|278.02|6.97|281.03|8581504|2461968640.00|1|0.0000|0.0000|0.0000|0|281.03
鼎阳科技|688112|-1.48|1911683|47586868.00|2.84|4.81|-3.60|24.60|25.68|26.17|24.07|1.91|24.97|2131856|55405236.00|1|0.0000|0.0000|0.0000|0|24.97
联测科技|688113|1.12|647680|16968446.00|1.70|4.53|-0.81|26.12|26.27|27.00|25.62|0.65|25.83|699756|19050670.00|1|0.0000|0.0000|0.0000|0|25.83
华大智造|688114|-0.64|7067573|543751744.00|2.65|5.78|-3.23|75.60|78.11|80.49|73.63|7.07|76.09|8733805|675247296.00|1|0.0000|0.0000|0.0000|0|76.09
思林杰|688115|5.84|686715|21692684.00|4.34|8.41|3.37|31.71|31.26|32.48|30.97|0.69|29.96|1021269|32491848.00|1|0.0000|0.0000|0.0000|0|29.96
天奈科技|688116|4.13|13790397|502386432.00|3.08|7.53|1.20|36.53|36.16|37.72|35.50|13.79|35.08|19664395|726439040.00|1|0.0000|0.0000|0.0000|0|35.08
圣诺生物|688117|5.19|13250319|374557824.00|1.04|5.87|-2.27|29.20|28.05|29.39|27.13|13.25|27.76|14329081|388534016.00|1|0.0000|0.0000|0.0000|0|27.76
普元信息|688118|0.84|4469873|95961816.00|1.74|5.58|-3.52|21.49|21.68|22.50|20.56|4.47|21.31|4629874|106775800.00|1|0.0000|0.0000|0.0000|0|21.31
中钢洛耐|688119|4.37|6135506|20328222.00|-0.31|5.31|-0.31|3.34|3.19|3.37|3.19|6.14|3.20|9863336|32919242.00|1|0.0000|0.0000|0.0000|0|3.20
华海清科|688120|-0.54|3844773|605312320.00|1.98|3.79|-1.81|155.64|159.59|162.42|153.65|3.84|156.49|5555603|903052864.00|1|0.0000|0.0000|0.0000|0|156.49
卓然股份|688121|1.53|3519519|34904536.00|-0.10|3.26|-1.02|9.98|9.82|10.15|9.73|3.52|9.83|4792508|48599524.00|1|0.0000|0.0000|0.0000|0|9.83
西部超导|688122|1.30|12071567|527961472.00|0.60|3.34|-0.28|43.68|43.38|44.56|43.00|12.07|43.12|17423769|769599168.00|1|0.0000|0.0000|0.0000|0|43.12
聚辰股份|688123|6.35|7858732|493476736.00|2.89|7.38|2.20|63.67|61.60|64.29|61.19|7.86|59.87|8313379|534422368.00|1|0.0000|0.0000|0.0000|0|59.87
安达智能|688125|4.69|917563|27736964.00|5.00|6.39|-0.78|30.80|30.89|31.30|29.19|0.92|29.42|887822|27773794.00|1|0.0000|0.0000|0.0000|0|29.42
沪硅产业|688126|4.79|28703920|492391456.00|1.82|5.88|1.82|17.29|16.80|17.47|16.80|28.70|16.50|38561756|659234176.00|1|0.0000|0.0000|0.0000|0|16.50
蓝特光学|688127|-4.13|15193907|306533856.00|1.30|4.66|-6.82|19.97|21.10|21.80|19.41|15.19|20.83|16411902|356149568.00|1|0.0000|0.0000|0.0000|0|20.83
中国电研|688128|2.54|4680266|88974336.00|1.24|5.95|0.65|18.97|18.73|19.60|18.62|4.68|18.50|5802471|112480512.00|1|0.0000|0.0000|0.0000|0|18.50
东来技术|688129|3.06|1123469|20022198.00|0.52|4.62|0.52|17.85|17.41|18.12|17.41|1.12|17.32|1861933|32706360.00|1|0.0000|0.0000|0.0000|0|17.32
晶华微|688130|5.71|1370672|31475916.00|0.87|8.54|0.87|23.14|22.08|23.76|22.08|1.37|21.89|1879017|43546312.00|1|0.0000|0.0000|0.0000|0|21.89
皓元医药|688131|0.78|5502839|193170368.00|0.61|5.93|-1.88|34.82|34.76|36.60|33.90|5.50|34.55|5747250|205105648.00|1|0.0000|0.0000|0.0000|0|34.55
邦彦技术|688132|1.34|2441268|42966640.00|0.99|7.22|-1.11|17.41|17.35|18.42|16.99|2.44|17.18|4232853|79651328.00|1|0.0000|0.0000|0.0000|0|17.18
泰坦科技|688133|8.47|6840199|136496016.00|0.63|8.47|0.63|20.50|19.02|20.50|19.02|6.84|18.90|8072368|159130384.00|1|0.0000|0.0000|0.0000|0|18.90
利扬芯片|688135|4.34|5753648|85046608.00|1.21|8.96|1.21|14.68|14.24|15.33|14.24|5.75|14.07|6200040|93036120.00|1|0.0000|0.0000|0.0000|0|14.07
科兴制药|688136|6.88|6460734|157281968.00|0.83|10.92|0.83|24.38|23.00|25.30|23.00|6.46|22.81|8508241|202162256.00|1|0.0000|0.0000|0.0000|0|22.81
近岸蛋白|688137|2.20|494923|14783040.00|1.29|3.39|-0.31|30.15|29.88|30.50|29.41|0.49|29.50|894728|27524524.00|1|0.0000|0.0000|0.0000|0|29.50
清溢光电|688138|0.94|3698847|84227864.00|1.43|5.09|-1.70|22.59|22.70|23.52|22.00|3.70|22.38|5235440|121698760.00|1|0.0000|0.0000|0.0000|0|22.38
海尔生物|688139|1.72|5148345|165799088.00|0.70|5.15|0.10|32.02|31.70|33.10|31.51|5.15|31.48|7783059|252297232.00|1|0.0000|0.0000|0.0000|0|31.48
杰华特|688141|5.13|13967604|377989984.00|3.68|9.35|2.97|26.86|26.49|27.94|26.31|13.97|25.55|18782184|502928192.00|1|0.0000|0.0000|0.0000|0|25.55
长盈通|688143|1.70|3360065|93659320.00|1.88|6.31|0.04|27.55|27.60|28.80|27.10|3.36|27.09|6256735|173791808.00|1|0.0000|0.0000|0.0000|0|27.09
中船特气|688146|5.43|4521179|119643904.00|0.32|6.97|0.32|26.61|25.32|27.00|25.32|4.52|25.24|5182168|137072480.00|1|0.0000|0.0000|0.0000|0|25.24
微导纳米|688147|3.90|4891941|130608704.00|2.46|6.63|1.99|26.66|26.29|27.36|26.17|4.89|25.66|5795840|155825408.00|1|0.0000|0.0000|0.0000|0|25.66
芳源股份|688148|2.96|10926643|41624428.00|0.81|5.66|0.00|3.82|3.74|3.92|3.71|10.93|3.71|13830508|54182116.00|1|0.0000|0.0000|0.0000|0|3.71
莱特光电|688150|2.17|6468749|120137360.00|2.17|8.22|-0.06|18.40|18.40|19.49|18.00|6.47|18.01|6985069|134364096.00|1|0.0000|0.0000|0.0000|0|18.01
华强科技|688151|3.02|2270522|35361188.00|1.58|4.73|-0.13|15.69|15.47|15.95|15.21|2.27|15.23|3851579|61551272.00|1|0.0000|0.0000|0.0000|0|15.23
麒麟信安|688152|6.06|2374216|131015064.00|3.13|6.25|0.38|56.50|54.94|56.60|53.47|2.37|53.27|2994021|170520816.00|1|0.0000|0.0000|0.0000|0|53.27
唯捷创芯|688153|2.93|3118078|90249584.00|2.29|6.71|0.57|28.82|28.64|29.88|28.16|3.12|28.00|4016134|117390288.00|1|0.0000|0.0000|0.0000|0|28.00
先惠技术|688155|2.38|3325865|122101496.00|0.81|7.00|-0.84|36.55|35.99|38.20|35.40|3.33|35.70|5029496|190306560.00|1|0.0000|0.0000|0.0000|0|35.70
路德科技|688156|20.02|9637152|134092160.00|3.50|20.02|0.75|14.39|12.41|14.39|12.08|9.64|11.99|5566937|73173768.00|1|0.0000|0.0000|0.0000|0|11.99
松井股份|688157|3.46|1111959|42354688.00|-0.21|4.67|-2.47|39.44|38.04|39.90|37.18|1.11|38.12|1411008|56043392.00|1|0.0000|0.0000|0.0000|0|38.12
优刻得|688158|0.87|37463262|724965696.00|0.00|3.86|-4.48|19.60|19.43|20.18|18.56|37.46|19.43|30434739|631085568.00|1|0.0000|0.0000|0.0000|0|19.43
有方科技|688159|2.00|4561104|134090888.00|1.52|4.99|-2.58|29.61|29.47|30.48|28.28|4.56|29.03|5980779|183662224.00|1|0.0000|0.0000|0.0000|0|29.03
步科股份|688160|-5.65|3558607|259148272.00|1.03|2.08|-9.36|72.14|77.25|78.05|69.30|3.56|76.46|2084673|170099040.00|1|0.0000|0.0000|0.0000|0|76.46
威高骨科|688161|1.61|2294307|60858892.00|2.27|5.54|-0.50|26.43|26.60|27.45|25.88|2.29|26.01|3056045|85211192.00|1|0.0000|0.0000|0.0000|0|26.01
巨一科技|688162|1.58|1998040|41205292.00|1.18|4.54|-0.44|20.58|20.50|21.18|20.17|2.00|20.26|2869504|62243228.00|1|0.0000|0.0000|0.0000|0|20.26
赛伦生物|688163|3.69|1152515|17974918.00|0.20|6.13|0.20|15.73|15.20|16.10|15.20|1.15|15.17|2369305|38301304.00|1|0.0000|0.0000|0.0000|0|15.17
埃夫特|688165|2.85|17640655|367165216.00|0.00|6.74|-1.62|20.91|20.33|21.70|20.00|17.64|20.33|18984080|408154592.00|1|0.0000|0.0000|0.0000|0|20.33
博瑞医药|688166|0.75|11350569|413164192.00|0.28|6.15|-0.78|36.05|35.88|37.98|35.50|11.35|35.78|13265692|492278752.00|1|0.0000|0.0000|0.0000|0|35.78
炬光科技|688167|0.87|4246925|257398960.00|0.65|6.93|-2.46|60.25|60.12|63.87|58.26|4.25|59.73|4760785|303805472.00|1|0.0000|0.0000|0.0000|0|59.73
安博通|688168|4.35|2734417|146600736.00|-0.46|4.88|-1.73|54.93|52.40|55.21|51.73|2.73|52.64|2287329|129653808.00|1|0.0000|0.0000|0.0000|0|52.64
石头科技|688169|-1.89|5426458|1001091328.00|0.22|2.62|-5.00|184.52|188.49|193.00|178.67|5.43|188.07|6976177|1350908032.00|1|0.0000|0.0000|0.0000|0|188.07
德龙激光|688170|3.44|1322609|24868350.00|0.16|5.96|0.05|18.93|18.33|19.39|18.31|1.32|18.30|2202669|42672224.00|1|0.0000|0.0000|0.0000|0|18.30
纬德信息|688171|3.50|1234937|19537990.00|0.39|6.03|0.19|15.97|15.49|16.36|15.46|1.23|15.43|1276026|21334056.00|1|0.0000|0.0000|0.0000|0|15.43
燕东微|688172|5.83|6935260|118188648.00|1.18|7.76|0.99|17.05|16.30|17.36|16.27|6.94|16.11|8575288|147179424.00|1|0.0000|0.0000|0.0000|0|16.11
希荻微|688173|0.18|5894441|64846708.00|-0.27|3.64|-2.64|11.01|10.96|11.39|10.70|5.89|10.99|10606208|115605992.00|1|0.0000|0.0000|0.0000|0|10.99
高凌信息|688175|3.41|927705|13519537.00|1.78|6.04|0.92|14.56|14.33|14.93|14.21|0.93|14.08|1765044|26221776.00|1|0.0000|0.0000|0.0000|0|14.08
亚虹医药|688176|0.97|10003174|73208744.00|0.97|4.29|-0.97|7.29|7.29|7.53|7.15|10.00|7.22|12248933|92545456.00|1|0.0000|0.0000|0.0000|0|7.22
百奥泰|688177|2.64|4695100|94509744.00|-0.41|5.95|-0.41|20.20|19.60|20.85|19.60|4.70|19.68|5657669|118133008.00|1|0.0000|0.0000|0.0000|0|19.68
万德斯|688178|-2.72|3396548|64127208.00|0.00|4.45|-4.92|18.60|19.12|19.97|18.18|3.40|19.12|3799688|74848496.00|1|0.0000|0.0000|0.0000|0|19.12
阿拉丁|688179|2.07|5204701|69463144.00|0.99|6.20|-1.45|13.34|13.20|13.88|12.88|5.20|13.07|8286287|112857888.00|1|0.0000|0.0000|0.0000|0|13.07
君实生物|688180|4.17|11739015|326779680.00|1.71|5.44|1.19|27.96|27.30|28.30|27.16|11.74|26.84|16796084|475023104.00|1|0.0000|0.0000|0.0000|0|26.84
八亿时空|688181|1.27|3236121|74814552.00|1.14|5.27|-0.62|23.05|23.02|23.96|22.62|3.24|22.76|4231360|102751008.00|1|0.0000|0.0000|0.0000|0|22.76
灿勤科技|688182|-1.78|13226993|272212864.00|0.00|4.13|-4.80|20.45|20.82|21.68|19.82|13.23|20.82|11626786|259005696.00|1|0.0000|0.0000|0.0000|0|20.82
生益电子|688183|0.37|25023081|537955072.00|-1.06|1.75|-3.26|21.85|21.54|22.15|21.06|25.02|21.77|20351141|457488448.00|1|0.0000|0.0000|0.0000|0|21.77
ST帕瓦|688184|5.14|818784|8975722.00|2.76|5.71|0.10|11.04|10.79|11.10|10.51|0.82|10.50|1240331|13826656.00|1|0.0000|0.0000|0.0000|0|10.50
康希诺|688185|5.63|2946411|153935312.00|4.00|8.64|2.18|52.31|51.50|53.80|50.60|2.95|49.52|3382326|180041344.00|1|0.0000|0.0000|0.0000|0|49.52
广大特材|688186|-1.67|8390383|183442304.00|0.68|3.84|-5.24|21.78|22.30|23.00|20.99|8.39|22.15|9655974|219199376.00|1|0.0000|0.0000|0.0000|0|22.15
时代电气|688187|5.04|10412607|450834688.00|0.70|5.47|0.41|43.75|41.94|43.93|41.82|10.41|41.65|11824771|501631104.00|1|0.0000|0.0000|0.0000|0|41.65
柏楚电子|688188|5.59|1476363|246663200.00|1.33|5.59|0.02|170.87|163.99|170.88|161.87|1.48|161.83|1495533|248676432.00|1|0.0000|0.0000|0.0000|0|161.83
南新制药|688189|0.86|7365150|43227132.00|0.86|4.83|-1.03|5.85|5.85|6.08|5.74|7.37|5.80|11257257|67580752.00|1|0.0000|0.0000|0.0000|0|5.80
云路股份|688190|-2.08|1300299|114188072.00|0.93|4.33|-4.20|86.35|89.00|92.00|84.48|1.30|88.18|1611390|143414672.00|1|0.0000|0.0000|0.0000|0|88.18
智洋创新|688191|1.18|4009507|82576080.00|-1.23|5.16|-1.72|20.59|20.10|21.40|20.00|4.01|20.35|7157752|151398880.00|1|0.0000|0.0000|0.0000|0|20.35
迪哲医药|688192|3.72|5995213|277993248.00|0.36|5.92|0.24|46.61|45.10|47.60|45.05|6.00|44.94|8429525|397552256.00|1|0.0000|0.0000|0.0000|0|44.94
仁度生物|688193|1.99|271374|9014242.00|0.00|5.54|-0.34|33.33|32.68|34.49|32.57|0.27|32.68|496175|17326222.00|1|0.0000|0.0000|0.0000|0|32.68
腾景科技|688195|2.99|4858247|154457776.00|3.73|7.63|-0.88|31.72|31.95|33.15|30.53|4.86|30.80|6570765|216117120.00|1|0.0000|0.0000|0.0000|0|30.80
卓越新能|688196|5.82|1856233|70720464.00|1.67|9.18|1.50|38.03|36.54|39.24|36.48|1.86|35.94|2527097|95439776.00|1|0.0000|0.0000|0.0000|0|35.94
首药控股|688197|2.98|1430385|40322468.00|3.31|6.25|-0.37|28.01|28.10|28.90|27.10|1.43|27.20|2747350|77670864.00|1|0.0000|0.0000|0.0000|0|27.20
佰仁医疗|688198|5.10|460896|46966592.00|1.40|6.08|1.40|103.00|99.37|103.96|99.37|0.46|98.00|645319|65139624.00|1|0.0000|0.0000|0.0000|0|98.00
久日新材|688199|1.56|4279221|61224584.00|2.42|5.12|-1.07|14.29|14.41|14.79|13.92|4.28|14.07|7104645|104593208.00|1|0.0000|0.0000|0.0000|0|14.07
华峰测控|688200|-1.28|3042562|408270432.00|0.74|4.91|-3.70|133.27|136.00|141.63|130.00|3.04|135.00|4052265|558347456.00|1|0.0000|0.0000|0.0000|0|135.00
信安世纪|688201|5.28|6003903|46271936.00|1.49|6.90|0.95|7.78|7.50|7.90|7.46|6.00|7.39|9138058|71243712.00|1|0.0000|0.0000|0.0000|0|7.39
美迪西|688202|3.00|3715025|102098312.00|1.39|7.39|0.26|27.45|27.02|28.62|26.72|3.72|26.65|6035640|172553264.00|1|0.0000|0.0000|0.0000|0|26.65
海正生材|688203|2.46|1382931|12623768.00|1.12|5.03|0.56|9.17|9.05|9.40|9.00|1.38|8.95|2405758|22646542.00|1|0.0000|0.0000|0.0000|0|8.95
德科立|688205|2.58|5854754|270108992.00|0.09|4.90|-0.42|46.45|45.32|47.50|45.09|5.85|45.28|7208794|347329504.00|1|0.0000|0.0000|0.0000|0|45.28
概伦电子|688206|0.51|3686869|87712976.00|0.21|2.50|-1.40|23.75|23.68|24.22|23.30|3.69|23.63|4621526|109010976.00|0|0.0000|0.0000|0.0000|0|23.63
格灵深瞳|688207|2.59|8706255|106994576.00|1.84|6.43|-0.33|12.29|12.20|12.75|11.94|8.71|11.98|10997844|141161344.00|1|0.0000|0.0000|0.0000|0|11.98
道通科技|688208|-0.53|20262859|614308672.00|0.10|3.15|-3.87|30.31|30.50|31.43|29.29|20.26|30.47|28590992|908979968.00|1|0.0000|0.0000|0.0000|0|30.47
英集芯|688209|8.19|11918019|198754384.00|0.00|10.38|0.00|16.78|15.51|17.12|15.51|11.92|15.51|9515704|154858816.00|1|0.0000|0.0000|0.0000|0|15.51
统联精密|688210|-4.93|7562750|120961904.00|1.08|1.62|-7.76|15.80|16.80|16.89|15.33|7.56|16.62|8097990|139695408.00|1|0.0000|0.0000|0.0000|0|16.62
中科微至|688211|3.27|621352|16166824.00|0.20|3.94|-0.20|26.18|25.40|26.35|25.30|0.62|25.35|993785|26060638.00|1|0.0000|0.0000|0.0000|0|25.35
澳华内镜|688212|0.15|1286891|52579692.00|1.03|3.36|-1.67|40.78|41.14|42.09|40.04|1.29|40.72|1833981|76808216.00|1|0.0000|0.0000|0.0000|0|40.72
思特威|688213|3.41|7549696|640281088.00|1.88|6.01|1.16|84.85|83.59|86.98|83.00|7.55|82.05|8974134|767398080.00|1|0.0000|0.0000|0.0000|0|82.05
瑞晟智能|688215|4.95|707370|15048857.00|1.96|8.24|0.74|21.41|20.80|22.08|20.55|0.71|20.40|1071054|23341160.00|1|0.0000|0.0000|0.0000|0|20.40
气派科技|688216|2.03|1994868|31201958.00|3.99|6.61|-1.24|15.60|15.90|16.30|15.10|1.99|15.29|3128214|50731544.00|1|0.0000|0.0000|0.0000|0|15.29
睿昂基因|688217|-0.11|2013441|37961544.00|0.00|5.91|-2.71|18.77|18.79|19.90|18.28|2.01|18.79|1337342|26074216.00|1|0.0000|0.0000|0.0000|0|18.79
江苏北人|688218|2.03|6377315|119447352.00|1.65|7.03|-0.82|18.59|18.52|19.50|18.07|6.38|18.22|8115198|158646640.00|1|0.0000|0.0000|0.0000|0|18.22
会通股份|688219|3.10|10538160|105589816.00|2.58|6.81|0.21|9.99|9.94|10.35|9.71|10.54|9.69|16651238|170113136.00|1|0.0000|0.0000|0.0000|0|9.69
翱捷科技|688220|-4.33|18221711|1414112000.00|1.98|4.24|-6.89|75.99|81.00|82.80|73.96|18.22|79.43|17965532|1485510784.00|1|0.0000|0.0000|0.0000|0|79.43
前沿生物|688221|2.19|5112948|40859024.00|3.21|7.20|-0.64|7.95|8.03|8.34|7.73|5.11|7.78|8322469|69639912.00|1|0.0000|0.0000|0.0000|0|7.78
成都先导|688222|2.96|15619159|204441008.00|1.48|6.86|-1.64|13.20|13.01|13.70|12.61|15.62|12.82|18608247|250743888.00|1|0.0000|0.0000|0.0000|0|12.82
晶科能源|688223|4.04|84849988|475668160.00|0.92|4.22|0.92|5.67|5.50|5.68|5.50|84.85|5.45|114338204|638495936.00|1|0.0000|0.0000|0.0000|0|5.45
亚信安全|688225|3.91|6210680|119306976.00|-2.17|8.59|-2.17|19.12|18.00|19.98|18.00|6.21|18.40|4195118|82935328.00|1|0.0000|0.0000|0.0000|0|18.40
威腾电气|688226|-2.74|5735790|169137040.00|0.00|3.69|-8.62|29.80|30.64|31.77|28.00|5.74|30.64|5890929|193090944.00|1|0.0000|0.0000|0.0000|0|30.64
品高股份|688227|3.15|1886022|51954864.00|-7.12|6.34|-7.12|27.83|25.06|28.69|25.06|1.89|26.98|2466166|71643952.00|1|0.0000|0.0000|0.0000|0|26.98
开普云|688228|-0.11|2965836|156492688.00|0.40|5.10|-3.79|52.73|53.00|55.48|50.79|2.97|52.79|3535585|202016848.00|1|0.0000|0.0000|0.0000|0|52.79
博睿数据|688229|5.07|1392768|56892312.00|2.73|8.45|2.01|40.80|39.89|42.11|39.61|1.39|38.83|1340047|55983184.00|1|0.0000|0.0000|0.0000|0|38.83
芯导科技|688230|3.93|1203605|46034068.00|0.00|9.47|0.00|37.85|36.42|39.87|36.42|1.20|36.42|1354415|52252252.00|1|0.0000|0.0000|0.0000|0|36.42
隆达股份|688231|3.53|1791567|25045858.00|1.10|4.56|0.66|14.07|13.74|14.21|13.68|1.79|13.59|3650894|52169864.00|1|0.0000|0.0000|0.0000|0|13.59
新点软件|688232|2.89|4658666|137033520.00|1.01|4.53|0.10|29.53|28.99|30.00|28.73|4.66|28.70|4437612|129590240.00|1|0.0000|0.0000|0.0000|0|28.70
神工股份|688233|1.76|4281636|84676280.00|-0.10|6.89|-1.40|19.64|19.28|20.63|19.03|4.28|19.30|5364213|109733088.00|1|0.0000|0.0000|0.0000|0|19.30
天岳先进|688234|1.96|7634588|402041824.00|-0.02|4.93|-0.64|52.57|51.55|54.10|51.23|7.63|51.56|11979162|641880064.00|1|0.0000|0.0000|0.0000|0|51.56
百济神州|688235|5.26|5081746|1106769920.00|-1.44|6.83|-1.44|220.00|206.00|223.28|206.00|5.08|209.00|5369329|1162308992.00|1|0.0000|0.0000|0.0000|0|209.00
春立医疗|688236|5.79|4202786|54455316.00|3.43|9.05|1.96|12.97|12.68|13.37|12.50|4.20|12.26|6296386|83239176.00|1|0.0000|0.0000|0.0000|0|12.26
超卓航科|688237|2.59|798341|16610292.00|0.40|7.57|0.40|20.60|20.16|21.60|20.16|0.80|20.08|939163|20387204.00|1|0.0000|0.0000|0.0000|0|20.08
和元生物|688238|-0.80|24862690|124420128.00|-0.20|4.58|-3.78|4.98|5.01|5.25|4.83|24.86|5.02|45263932|237677888.00|1|0.0000|0.0000|0.0000|0|5.02
航宇科技|688239|-0.93|3610750|136826768.00|3.61|4.64|-3.50|37.35|39.06|39.45|36.38|3.61|37.70|4228993|164918064.00|1|0.0000|0.0000|0.0000|0|37.70
永信至诚|688244|0.87|2228876|78129728.00|0.35|4.41|-1.60|34.76|34.58|35.98|33.91|2.23|34.46|2629447|95522328.00|1|0.0000|0.0000|0.0000|0|34.46
嘉和美康|688246|-0.50|3290972|90861240.00|0.00|3.92|-4.39|27.65|27.79|28.88|26.57|3.29|27.79|4871335|136396672.00|1|0.0000|0.0000|0.0000|0|27.79
宣泰医药|688247|3.31|6004539|55765248.00|0.33|5.30|-0.33|9.36|9.09|9.54|9.03|6.00|9.06|10250930|98996656.00|1|0.0000|0.0000|0.0000|0|9.06
南网科技|688248|5.53|3838122|105622664.00|1.98|7.48|1.79|27.65|26.72|28.16|26.67|3.84|26.20|4457679|123252256.00|1|0.0000|0.0000|0.0000|0|26.20
晶合集成|688249|3.53|20444610|396508896.00|2.25|6.42|1.87|19.34|19.10|19.88|19.03|20.44|18.68|26886181|523595360.00|1|0.0000|0.0000|0.0000|0|18.68
井松智能|688251|2.65|1803574|29438382.00|1.76|6.99|0.06|16.29|16.15|16.98|15.88|1.80|15.87|2572446|43420412.00|1|0.0000|0.0000|0.0000|0|15.87
天德钰|688252|7.25|13974039|304508608.00|7.25|14.25|3.28|21.60|21.60|23.01|20.80|13.97|20.14|9909829|210429200.00|1|0.0000|0.0000|0.0000|0|20.14
英诺特|688253|2.72|3274756|97723480.00|0.96|6.03|0.48|29.81|29.30|30.77|29.16|3.27|29.02|5968830|184433600.00|1|0.0000|0.0000|0.0000|0|29.02
凯尔达|688255|0.18|5644283|158852400.00|0.00|4.35|-3.93|28.32|28.27|29.50|27.16|5.64|28.27|4407602|132767280.00|1|0.0000|0.0000|0.0000|0|28.27
寒武纪|688256|0.14|8197315|4692949504.00|1.74|3.73|-1.69|565.96|575.00|586.25|555.59|8.20|565.16|12378667|7160071680.00|1|0.0000|0.0000|0.0000|0|565.16
新锐股份|688257|0.69|2184340|41412148.00|1.65|4.79|-2.02|18.93|19.11|19.70|18.42|2.18|18.80|3956493|76749144.00|1|0.0000|0.0000|0.0000|0|18.80
卓易信息|688258|1.28|8837829|283905120.00|1.13|6.26|-3.91|32.36|32.31|33.95|30.70|8.84|31.95|6308454|212290832.00|1|0.0000|0.0000|0.0000|0|31.95
创耀科技|688259|-2.00|6390369|221124816.00|1.46|5.17|-5.17|34.29|35.50|36.80|33.18|6.39|34.99|6679581|247089296.00|1|0.0000|0.0000|0.0000|0|34.99
昀冢科技|688260|3.87|4348683|50088912.00|2.34|7.19|0.45|11.55|11.38|11.92|11.17|4.35|11.12|5613893|67989432.00|1|0.0000|0.0000|0.0000|0|11.12
东微半导|688261|5.85|3436657|120673232.00|1.18|9.01|1.18|35.12|33.57|36.17|33.57|3.44|33.18|4254942|149937840.00|1|0.0000|0.0000|0.0000|0|33.18
国芯科技|688262|5.20|11362568|270175904.00|0.79|7.75|0.79|23.89|22.89|24.47|22.89|11.36|22.71|12999723|314865184.00|1|0.0000|0.0000|0.0000|0|22.71
南模生物|688265|1.08|755822|17822934.00|-1.26|6.75|-1.26|23.35|22.81|24.66|22.81|0.76|23.10|763406|18775574.00|1|0.0000|0.0000|0.0000|0|23.10
泽璟制药|688266|-1.03|6371461|626997952.00|1.03|4.35|-2.39|97.00|99.02|102.27|95.67|6.37|98.01|8083194|814634752.00|1|0.0000|0.0000|0.0000|0|98.01
中触媒|688267|-2.06|2339075|50318280.00|1.60|2.47|-3.52|21.40|22.20|22.39|21.08|2.34|21.85|2971257|67110784.00|1|0.0000|0.0000|0.0000|0|21.85
华特气体|688268|2.83|5342509|260607696.00|0.54|4.68|-1.54|49.40|48.30|50.29|47.30|5.34|48.04|6957513|341431680.00|1|0.0000|0.0000|0.0000|0|48.04
凯立新材|688269|4.21|2242742|56903240.00|0.65|4.78|0.61|25.74|24.86|25.88|24.85|2.24|24.70|2868084|73198976.00|1|0.0000|0.0000|0.0000|0|24.70
臻镭科技|688270|4.42|6847917|249995648.00|0.83|5.98|0.23|36.65|35.39|37.20|35.18|6.85|35.10|9433816|347507296.00|1|0.0000|0.0000|0.0000|0|35.10
联影医疗|688271|4.44|10984151|1418310528.00|-1.56|4.44|-1.58|131.60|124.03|131.60|124.01|10.98|126.00|13016738|1646356224.00|1|0.0000|0.0000|0.0000|0|126.00
富吉瑞|688272|3.17|1727716|37509256.00|-0.24|7.00|-1.65|21.82|21.10|22.63|20.80|1.73|21.15|2235265|49422712.00|1|0.0000|0.0000|0.0000|0|21.15
麦澜德|688273|7.98|2710717|67525608.00|2.10|11.55|2.10|25.16|23.79|25.99|23.79|2.71|23.30|3151110|79986248.00|1|0.0000|0.0000|0.0000|0|23.30
万润新能|688275|0.89|2704769|93668848.00|2.17|6.58|0.63|33.90|34.33|35.81|33.81|2.70|33.60|2521806|89309552.00|1|0.0000|0.0000|0.0000|0|33.60
百克生物|688276|-0.09|5514057|120086104.00|0.37|3.96|-2.03|21.70|21.80|22.58|21.28|5.51|21.72|9794249|225719296.00|1|0.0000|0.0000|0.0000|0|21.72
天智航|688277|4.45|7983844|86327240.00|3.87|8.81|1.36|10.79|10.73|11.24|10.47|7.98|10.33|11857596|130298800.00|1|0.0000|0.0000|0.0000|0|10.33
特宝生物|688278|2.42|3205632|236048944.00|2.36|3.40|-0.88|74.19|74.15|74.90|71.80|3.21|72.44|4584282|336385664.00|1|0.0000|0.0000|0.0000|0|72.44
峰岹科技|688279|2.38|2497580|456671552.00|-0.01|5.76|-2.48|183.72|179.44|189.79|175.00|2.50|179.45|2475449|479371744.00|1|0.0000|0.0000|0.0000|0|179.45
精进电动|688280|1.18|12232617|53006688.00|2.83|6.84|-2.36|4.29|4.36|4.53|4.14|12.23|4.24|15486715|69595504.00|1|0.0000|0.0000|0.0000|0|4.24
华秦科技|688281|2.11|2338082|169451088.00|-0.01|3.48|-0.70|72.50|70.99|73.47|70.50|2.34|71.00|3490408|258256528.00|1|0.0000|0.0000|0.0000|0|71.00
理工导航|688282|7.27|978397|38143588.00|1.25|7.73|1.23|40.26|38.00|40.43|37.99|0.98|37.53|1805624|71411272.00|1|0.0000|0.0000|0.0000|0|37.53
坤恒顺维|688283|1.41|405995|8984851.00|3.82|3.82|-1.68|22.30|22.83|22.83|21.62|0.41|21.99|730784|16084456.00|1|0.0000|0.0000|0.0000|0|21.99
高铁电气|688285|3.64|3419845|24003378.00|0.44|4.08|-1.02|7.12|6.90|7.15|6.80|3.42|6.87|3902934|27964592.00|1|0.0000|0.0000|0.0000|0|6.87
敏芯股份|688286|-0.90|2227131|124372384.00|0.02|5.10|-4.28|55.33|55.84|58.68|53.44|2.23|55.83|2218593|131501312.00|1|0.0000|0.0000|0.0000|0|55.83
*ST观典|688287|2.28|2996826|13523289.00|0.46|7.76|0.46|4.48|4.40|4.72|4.40|3.00|4.38|5712607|26773700.00|1|0.0000|0.0000|0.0000|0|4.38
鸿泉技术|688288|11.99|7235830|213880096.00|-0.19|14.64|-0.19|29.99|26.73|30.70|26.73|7.24|26.78|8232579|228909136.00|1|0.0000|0.0000|0.0000|0|26.78
圣湘生物|688289|2.21|11448580|218742288.00|2.48|6.53|0.00|18.95|19.00|19.75|18.54|11.45|18.54|15339130|300818528.00|1|0.0000|0.0000|0.0000|0|18.54
景业智能|688290|1.72|2813702|120551752.00|1.37|5.25|-3.04|43.20|43.05|44.70|41.18|2.81|42.47|2625488|118948800.00|1|0.0000|0.0000|0.0000|0|42.47
金橙子|688291|3.32|1305342|22718174.00|1.07|7.17|0.30|17.43|17.05|18.08|16.92|1.31|16.87|1754017|31608022.00|1|0.0000|0.0000|0.0000|0|16.87
浩瀚深度|688292|2.79|2301484|42626376.00|2.46|7.15|0.61|18.39|18.33|19.17|18.00|2.30|17.89|4463564|84932256.00|1|0.0000|0.0000|0.0000|0|17.89
奥浦迈|688293|5.89|954639|32501060.00|-1.29|6.76|-1.62|35.39|32.99|35.68|32.88|0.95|33.42|1371086|48327300.00|1|0.0000|0.0000|0.0000|0|33.42
中复神鹰|688295|5.69|3365172|62013604.00|1.71|6.65|1.71|18.59|17.89|18.76|17.89|3.37|17.59|5177525|95338600.00|1|0.0000|0.0000|0.0000|0|17.59
和达科技|688296|1.68|2926321|31818406.00|2.15|6.07|-2.06|10.88|10.93|11.35|10.48|2.93|10.70|3397152|37280900.00|1|0.0000|0.0000|0.0000|0|10.70
中无人机|688297|4.03|10507349|364120096.00|-0.09|6.53|-0.09|34.57|33.20|35.40|33.20|10.51|33.23|11566479|406515360.00|1|0.0000|0.0000|0.0000|0|33.23
东方生物|688298|4.09|4118020|93268752.00|2.00|5.91|0.82|22.90|22.44|23.30|22.18|4.12|22.00|6529403|146420544.00|1|0.0000|0.0000|0.0000|0|22.00
长阳科技|688299|4.01|12095245|177844752.00|1.48|7.17|0.56|14.79|14.43|15.24|14.30|12.10|14.22|20455681|313387456.00|1|0.0000|0.0000|0.0000|0|14.22
联瑞新材|688300|2.65|3181254|156058944.00|-0.06|5.93|-0.23|49.18|47.88|50.75|47.80|3.18|47.91|4270743|212554336.00|1|0.0000|0.0000|0.0000|0|47.91
奕瑞科技|688301|4.39|5543616|681112704.00|1.87|8.50|1.87|122.19|119.24|127.00|119.24|5.54|117.05|7811834|937733248.00|1|0.0000|0.0000|0.0000|0|117.05
海创药业|688302|7.49|5002822|179315184.00|0.92|10.34|0.92|36.29|34.07|37.25|34.07|5.00|33.76|6074674|219388096.00|1|0.0000|0.0000|0.0000|0|33.76
大全能源|688303|4.56|13277795|240260464.00|2.11|4.91|0.00|18.33|17.90|18.39|17.53|13.28|17.53|15898226|277665600.00|1|0.0000|0.0000|0.0000|0|17.53
科德数控|688305|1.71|1989127|141482320.00|2.71|4.35|-1.24|71.30|72.00|73.15|69.23|1.99|70.10|2962109|211026608.00|1|0.0000|0.0000|0.0000|0|70.10
均普智能|688306|0.77|39057501|356037152.00|3.42|6.95|-4.52|9.14|9.38|9.70|8.66|39.06|9.07|34035255|321395616.00|1|0.0000|0.0000|0.0000|0|9.07
中润光学|688307|2.80|1958878|43587844.00|3.12|6.11|-2.02|22.38|22.45|23.10|21.33|1.96|21.77|2724883|62237108.00|1|0.0000|0.0000|0.0000|0|21.77
欧科亿|688308|1.34|2461242|39249244.00|0.19|5.68|-0.38|15.87|15.69|16.55|15.60|2.46|15.66|3210242|52983452.00|1|0.0000|0.0000|0.0000|0|15.66
恒誉环保|688309|1.53|1009564|13457195.00|0.38|5.80|-0.69|13.31|13.16|13.87|13.02|1.01|13.11|967475|13388766.00|1|0.0000|0.0000|0.0000|0|13.11
迈得医疗|688310|4.89|2165600|22035112.00|0.00|5.91|0.00|10.30|9.82|10.40|9.82|2.17|9.82|2746718|28234814.00|1|0.0000|0.0000|0.0000|0|9.82
盟升电子|688311|3.02|3003077|97026376.00|-0.03|8.83|-0.03|32.08|31.13|33.89|31.13|3.00|31.14|3985530|132190320.00|1|0.0000|0.0000|0.0000|0|31.14
燕麦科技|688312|-2.55|3458819|78327376.00|2.60|4.58|-5.71|22.53|23.72|24.18|21.80|3.46|23.12|3828215|95164768.00|1|0.0000|0.0000|0.0000|0|23.12
仕佳光子|688313|2.83|18633885|264089536.00|-0.22|6.74|-1.38|14.19|13.77|14.73|13.61|18.63|13.80|19477558|284718144.00|1|0.0000|0.0000|0.0000|0|13.80
康拓医疗|688314|0.70|1073062|28074762.00|1.48|7.15|-0.82|25.79|25.99|27.44|25.40|1.07|25.61|1671587|43482360.00|1|0.0000|0.0000|0.0000|0|25.61
诺禾致源|688315|6.07|12251793|160960720.00|2.83|9.55|2.11|13.10|12.70|13.53|12.61|12.25|12.35|9865884|129993640.00|1|0.0000|0.0000|0.0000|0|12.35
青云科技|688316|0.31|3223540|166036560.00|-2.13|3.97|-3.88|51.76|50.50|53.65|49.60|3.22|51.60|3089993|168164944.00|1|0.0000|0.0000|0.0000|0|51.60
之江生物|688317|3.34|1868843|29380942.00|1.90|4.78|0.00|15.77|15.55|15.99|15.26|1.87|15.26|4232293|67330432.00|1|0.0000|0.0000|0.0000|0|15.26
财富趋势|688318|3.78|3270297|421238464.00|0.95|5.00|0.95|129.78|126.24|131.30|126.24|3.27|125.05|4682565|609685568.00|1|0.0000|0.0000|0.0000|0|125.05
欧林生物|688319|4.77|7397492|96318640.00|2.35|5.55|-2.19|13.40|13.09|13.50|12.51|7.40|12.79|9955807|134077456.00|1|0.0000|0.0000|0.0000|0|12.79
禾川科技|688320|0.16|7234024|222935200.00|0.00|5.87|-3.42|30.73|30.68|32.48|29.63|7.23|30.68|7218302|234375552.00|1|0.0000|0.0000|0.0000|0|30.68
微芯生物|688321|4.73|8206089|131399872.00|1.25|8.48|1.25|15.93|15.40|16.50|15.40|8.21|15.21|11850534|195196096.00|1|0.0000|0.0000|0.0000|0|15.21
奥比中光|688322|3.40|12369542|551566400.00|0.30|6.44|0.30|44.65|43.31|45.96|43.31|12.37|43.18|13685686|632954944.00|1|0.0000|0.0000|0.0000|0|43.18
瑞华泰|688323|7.02|4010914|48968256.00|2.05|7.53|0.86|12.50|11.92|12.56|11.78|4.01|11.68|5163538|64216320.00|1|0.0000|0.0000|0.0000|0|11.68
赛微微电|688325|6.87|1521456|59942688.00|0.97|7.45|0.00|40.75|38.50|40.97|38.13|1.52|38.13|1258752|50928840.00|1|0.0000|0.0000|0.0000|0|38.13
经纬恒润|688326|6.70|2177963|154985408.00|1.95|7.65|1.95|72.35|69.13|73.00|69.13|2.18|67.81|2225997|159499856.00|1|0.0000|0.0000|0.0000|0|67.81
云从科技|688327|3.82|46476650|577978752.00|2.16|7.31|-0.75|12.50|12.30|12.92|11.95|46.48|12.04|50769302|647560256.00|1|0.0000|0.0000|0.0000|0|12.04
深科达|688328|4.27|2766518|37106324.00|1.01|7.61|0.70|13.43|13.01|13.86|12.97|2.77|12.88|3364389|45770028.00|1|0.0000|0.0000|0.0000|0|12.88
艾隆科技|688329|2.40|1420982|19617328.00|0.52|6.90|0.52|13.66|13.41|14.26|13.41|1.42|13.34|1994716|28069520.00|1|0.0000|0.0000|0.0000|0|13.34
宏力达|688330|1.61|1158814|29142298.00|0.73|4.64|-0.73|25.20|24.98|25.95|24.62|1.16|24.80|2094324|54098472.00|1|0.0000|0.0000|0.0000|0|24.80
荣昌生物|688331|-1.27|7127526|287675776.00|-0.29|2.00|-5.00|40.48|40.88|41.82|38.95|7.13|41.00|8022681|321640832.00|1|0.0000|0.0000|0.0000|0|41.00
中科蓝讯|688332|-0.03|5357258|520626016.00|0.08|3.80|-6.94|99.49|99.60|103.30|92.61|5.36|99.52|4801212|490272448.00|1|0.0000|0.0000|0.0000|0|99.52
铂力特|688333|0.18|10414747|567581888.00|-0.02|3.00|-3.00|54.81|54.70|56.35|53.07|10.41|54.71|14094690|799019136.00|1|0.0000|0.0000|0.0000|0|54.71
西高院|688334|0.20|5203305|78808448.00|0.99|2.19|-2.05|15.13|15.25|15.43|14.79|5.20|15.10|4617069|72777904.00|1|0.0000|0.0000|0.0000|0|15.10
复洁科技|688335|3.99|1897801|15898805.00|5.99|7.98|1.37|8.34|8.50|8.66|8.13|1.90|8.02|2270534|19584996.00|1|0.0000|0.0000|0.0000|0|8.02
三生国健|688336|2.37|5235745|131297848.00|2.16|5.59|0.00|25.08|25.03|25.87|24.50|5.24|24.50|7020978|176704704.00|1|0.0000|0.0000|0.0000|0|24.50
普源精电|688337|3.29|5240741|167902208.00|2.61|7.35|0.00|32.02|31.81|33.28|31.00|5.24|31.00|6564536|215736368.00|1|0.0000|0.0000|0.0000|0|31.00
赛科希德|688338|2.49|1171876|26423234.00|0.86|4.34|0.32|22.66|22.30|23.07|22.18|1.17|22.11|2058684|47922232.00|1|0.0000|0.0000|0.0000|0|22.11
亿华通|688339|1.44|4104691|80994712.00|1.18|4.69|-0.31|19.70|19.65|20.33|19.36|4.10|19.42|6827629|138855760.00|1|0.0000|0.0000|0.0000|0|19.42
云天励飞|688343|5.23|15862398|759302592.00|1.89|7.08|0.35|48.48|46.94|49.33|46.23|15.86|46.07|17457815|871053760.00|1|0.0000|0.0000|0.0000|0|46.07
博力威|688345|3.43|783655|12897048.00|-0.19|5.43|-0.19|16.58|16.00|16.90|16.00|0.78|16.03|1188554|20330012.00|1|0.0000|0.0000|0.0000|0|16.03
华虹公司|688347|1.72|17099423|713955456.00|0.00|4.76|-0.12|41.46|40.76|42.70|40.71|17.10|40.76|23511025|994586560.00|1|0.0000|0.0000|0.0000|0|40.76
昱能科技|688348|2.64|3228784|129335008.00|3.23|4.88|-0.92|40.38|40.61|41.26|38.98|3.23|39.34|4591667|193059808.00|1|0.0000|0.0000|0.0000|0|39.34
三一重能|688349|2.79|3280983|79795008.00|-0.38|4.44|-0.38|24.30|23.55|24.69|23.55|3.28|23.64|4649857|111652440.00|1|0.0000|0.0000|0.0000|0|23.64
富淼科技|688350|3.90|1275187|15534028.00|0.34|6.45|-0.68|12.25|11.83|12.55|11.71|1.28|11.79|1714456|20758326.00|1|0.0000|0.0000|0.0000|0|11.79
微电生理|688351|1.10|6621080|128335704.00|-0.05|5.25|-1.94|19.26|19.04|20.05|18.68|6.62|19.05|8860541|173463792.00|1|0.0000|0.0000|0.0000|0|19.05
颀中科技|688352|5.14|13892458|148264960.00|0.40|8.51|0.40|10.63|10.15|10.97|10.15|13.89|10.11|16503175|178294256.00|1|0.0000|0.0000|0.0000|0|10.11
华盛锂电|688353|2.03|1015209|18849710.00|0.27|5.92|-1.37|18.62|18.30|19.33|18.00|1.02|18.25|1960598|38081712.00|1|0.0000|0.0000|0.0000|0|18.25
明志科技|688355|6.31|1581352|24333428.00|1.97|7.32|1.63|15.68|15.04|15.83|14.99|1.58|14.75|2134423|33286918.00|1|0.0000|0.0000|0.0000|0|14.75
键凯科技|688356|-2.24|1077646|56073468.00|0.47|3.37|-4.85|51.58|53.01|54.54|50.20|1.08|52.76|1628069|92259520.00|1|0.0000|0.0000|0.0000|0|52.76
建龙微纳|688357|4.24|1406680|31925392.00|3.06|5.56|1.05|22.86|22.60|23.15|22.16|1.41|21.93|2173964|50520100.00|1|0.0000|0.0000|0.0000|0|21.93
祥生医疗|688358|2.11|1855693|49757604.00|0.08|7.10|-0.19|26.61|26.08|27.91|26.01|1.86|26.06|2436185|66567516.00|1|0.0000|0.0000|0.0000|0|26.06
三孚新科|688359|7.51|2816559|120851144.00|0.00|7.51|-1.99|44.94|41.80|44.94|40.97|2.82|41.80|3809269|167281744.00|1|0.0000|0.0000|0.0000|0|41.80
德马科技|688360|1.85|5038514|85626872.00|1.37|5.67|-2.21|17.07|16.99|17.71|16.39|5.04|16.76|7444331|132239120.00|1|0.0000|0.0000|0.0000|0|16.76
中科飞测|688361|-2.15|6131133|485272640.00|2.17|5.41|-4.78|78.80|82.28|84.89|76.68|6.13|80.53|10220725|851139584.00|1|0.0000|0.0000|0.0000|0|80.53
甬矽电子|688362|2.99|13600815|335043200.00|3.37|6.48|-1.91|24.78|24.87|25.62|23.60|13.60|24.06|14566281|372374560.00|1|0.0000|0.0000|0.0000|0|24.06
华熙生物|688363|5.18|4198154|191479488.00|0.64|5.23|0.64|46.08|44.09|46.10|44.09|4.20|43.81|5699266|259517632.00|1|0.0000|0.0000|0.0000|0|43.81
光云科技|688365|3.16|12028155|124613624.00|-0.69|5.63|-0.69|10.45|10.06|10.70|10.06|12.03|10.13|12223285|131171520.00|1|0.0000|0.0000|0.0000|0|10.13
昊海生科|688366|-0.91|1763743|96125704.00|-3.01|1.75|-3.28|54.40|53.25|55.86|53.10|1.76|54.90|1757975|94483832.00|1|0.0000|0.0000|0.0000|0|54.90
工大高科|688367|3.48|1257964|17550442.00|3.48|6.14|1.41|13.99|13.99|14.35|13.71|1.26|13.52|2199104|31136006.00|1|0.0000|0.0000|0.0000|0|13.52
晶丰明源|688368|2.04|948790|77826168.00|2.61|5.08|-1.01|82.49|82.95|84.95|80.02|0.95|80.84|1800118|151862832.00|1|0.0000|0.0000|0.0000|0|80.84
致远互联|688369|-5.62|7670022|207920240.00|2.67|6.30|-6.88|26.20|28.50|29.51|25.85|7.67|27.76|5099514|154400624.00|1|0.0000|0.0000|0.0000|0|27.76
丛麟科技|688370|1.26|782473|13820828.00|0.75|4.20|-0.29|17.62|17.53|18.13|17.35|0.78|17.40|1358735|24324500.00|1|0.0000|0.0000|0.0000|0|17.40
菲沃泰|688371|2.99|2991423|42262000.00|0.66|6.94|0.66|14.10|13.78|14.64|13.78|2.99|13.69|4815190|71426344.00|1|0.0000|0.0000|0.0000|0|13.69
伟测科技|688372|0.44|4714361|340650816.00|2.50|3.88|-2.43|72.32|73.80|74.79|70.25|4.71|72.00|5230750|387434304.00|1|0.0000|0.0000|0.0000|0|72.00
盟科药业|688373|-2.12|9792741|50581960.00|1.16|3.67|-3.67|5.07|5.24|5.37|4.99|9.79|5.18|22134453|116633432.00|1|0.0000|0.0000|0.0000|0|5.18
国博电子|688375|2.87|2056725|101482096.00|0.70|6.75|0.70|48.74|47.71|50.58|47.71|2.06|47.38|2122559|105069584.00|1|0.0000|0.0000|0.0000|0|47.38
美埃科技|688376|0.91|903369|30152316.00|-0.33|4.27|-1.24|33.29|32.88|34.40|32.58|0.90|32.99|1728899|58282960.00|1|0.0000|0.0000|0.0000|0|32.99
迪威尔|688377|2.37|4032546|64057088.00|0.00|5.38|-0.96|15.99|15.62|16.46|15.47|4.03|15.62|4503861|74055832.00|1|0.0000|0.0000|0.0000|0|15.62
奥来德|688378|-0.63|5695456|100268400.00|2.98|5.79|-2.81|17.33|17.96|18.45|16.95|5.70|17.44|9309573|171709952.00|1|0.0000|0.0000|0.0000|0|17.44
华光新材|688379|0.82|2097310|41144904.00|1.03|4.59|-1.80|19.57|19.61|20.30|19.06|2.10|19.41|3239105|66695664.00|1|0.0000|0.0000|0.0000|0|19.41
中微半导|688380|3.76|9154172|221619472.00|0.51|6.06|0.51|24.30|23.54|24.84|23.54|9.15|23.42|12479982|312326176.00|1|0.0000|0.0000|0.0000|0|23.42
帝奥微|688381|3.43|5797417|103736752.00|1.51|7.26|1.10|17.80|17.47|18.46|17.40|5.80|17.21|7126550|131978784.00|1|0.0000|0.0000|0.0000|0|17.21
益方生物|688382|4.34|14426399|235843888.00|2.04|8.04|0.45|16.36|16.00|16.94|15.75|14.43|15.68|18585697|313798016.00|1|0.0000|0.0000|0.0000|0|15.68
新益昌|688383|4.41|980021|38278008.00|2.46|8.24|1.60|39.05|38.32|40.48|38.00|0.98|37.40|1141366|45962700.00|1|0.0000|0.0000|0.0000|0|37.40
复旦微电|688385|0.66|13659340|631958784.00|2.30|5.69|-0.62|45.48|46.22|47.75|44.90|13.66|45.18|17269920|801613952.00|1|0.0000|0.0000|0.0000|0|45.18
泛亚微透|688386|5.29|2106873|85755664.00|6.69|6.69|0.76|41.38|41.93|41.93|39.60|2.11|39.30|3062032|122635968.00|1|0.0000|0.0000|0.0000|0|39.30
信科移动|688387|4.71|26728479|135258240.00|0.00|5.12|0.00|5.11|4.88|5.13|4.88|26.73|4.88|39328359|199172176.00|1|0.0000|0.0000|0.0000|0|4.88
嘉元科技|688388|-1.28|11129189|172918336.00|-4.34|3.57|-4.34|15.48|15.00|16.24|15.00|11.13|15.68|12743590|212976656.00|1|0.0000|0.0000|0.0000|0|15.68
普门科技|688389|3.93|10226191|140478016.00|2.65|6.43|1.74|13.74|13.57|14.07|13.45|10.23|13.22|16182622|224783376.00|1|0.0000|0.0000|0.0000|0|13.22
固德威|688390|3.28|7289684|286840448.00|10.32|10.32|0.34|39.32|42.00|42.00|38.20|7.29|38.07|10602801|431458528.00|1|0.0000|0.0000|0.0000|0|38.07
钜泉科技|688391|3.08|1837087|47381160.00|0.00|6.41|-0.16|25.75|24.98|26.58|24.94|1.84|24.98|2561239|69002088.00|1|0.0000|0.0000|0.0000|0|24.98
骄成超声|688392|-0.10|1986646|83113912.00|0.00|3.55|-3.62|41.98|42.02|43.51|40.50|1.99|42.02|2510203|106918656.00|1|0.0000|0.0000|0.0000|0|42.02
安必平|688393|1.87|6111597|185503120.00|5.26|7.98|-1.80|30.00|31.00|31.80|28.92|6.11|29.45|7223294|226029904.00|1|0.0000|0.0000|0.0000|0|29.45
正弦电气|688395|-0.99|3338130|56952544.00|-1.17|2.98|-3.39|16.93|16.90|17.61|16.52|3.34|17.10|4150501|74737544.00|1|0.0000|0.0000|0.0000|0|17.10
华润微|688396|6.36|10888980|448401088.00|1.78|6.36|1.27|41.80|40.00|41.80|39.80|10.89|39.30|11615820|472529792.00|1|0.0000|0.0000|0.0000|0|39.30
赛特新材|688398|2.35|1581559|22894364.00|1.00|6.69|-0.36|14.39|14.20|15.00|14.01|1.58|14.06|2998159|45278520.00|1|0.0000|0.0000|0.0000|0|14.06
硕世生物|688399|2.15|598192|36844724.00|0.96|5.03|0.66|61.70|60.98|63.44|60.80|0.60|60.40|1091914|69021640.00|1|0.0000|0.0000|0.0000|0|60.40
凌云光|688400|2.26|13182705|307746112.00|0.71|7.41|0.22|23.06|22.71|24.22|22.60|13.18|22.55|14238523|343173984.00|1|0.0000|0.0000|0.0000|0|22.55
路维光电|688401|-1.70|6215443|194401200.00|0.50|3.31|-4.72|31.21|31.91|32.80|30.25|6.22|31.75|11298164|364751840.00|1|0.0000|0.0000|0.0000|0|31.75
汇成股份|688403|5.87|27381625|220486752.00|1.57|7.05|1.44|8.11|7.78|8.20|7.77|27.38|7.66|29642749|244788864.00|1|0.0000|0.0000|0.0000|0|7.66
中信博|688408|2.49|5701289|262071904.00|1.42|5.28|-0.53|46.18|45.70|47.44|44.82|5.70|45.06|6979441|323314496.00|1|0.0000|0.0000|0.0000|0|45.06
富创精密|688409|1.47|7114409|342237504.00|1.05|5.29|-1.81|48.16|47.96|49.97|46.60|7.11|47.46|9308397|465767840.00|1|0.0000|0.0000|0.0000|0|47.46
山外山|688410|3.07|3622172|37648172.00|0.20|5.94|-0.99|10.41|10.12|10.70|10.00|3.62|10.10|5900913|62397608.00|1|0.0000|0.0000|0.0000|0|10.10
海博思创|688411|3.47|2779553|187142592.00|0.87|4.65|0.72|67.60|65.90|68.37|65.80|2.78|65.33|3896471|263492112.00|1|0.0000|0.0000|0.0000|0|65.33
恒烁股份|688416|4.90|2449453|81992312.00|1.16|7.84|0.00|33.60|32.40|34.54|32.03|2.45|32.03|3491859|119617768.00|1|0.0000|0.0000|0.0000|0|32.03
震有科技|688418|8.32|9184563|256624944.00|2.25|9.46|2.25|28.39|26.80|28.69|26.80|9.18|26.21|11718993|328284832.00|1|0.0000|0.0000|0.0000|0|26.21
耐科装备|688419|4.31|789318|21964312.00|2.88|8.20|1.57|27.85|27.47|28.89|27.12|0.79|26.70|1159698|32588114.00|1|0.0000|0.0000|0.0000|0|26.70
美腾科技|688420|2.38|442748|8739982.00|0.83|4.40|0.00|19.80|19.50|20.19|19.34|0.44|19.34|933855|19088612.00|1|0.0000|0.0000|0.0000|0|19.34
铁建重工|688425|4.65|57435299|231427808.00|1.29|5.94|0.78|4.05|3.92|4.10|3.90|57.44|3.87|62259178|248116336.00|1|0.0000|0.0000|0.0000|0|3.87
康为世纪|688426|2.64|1742684|28664024.00|3.34|7.93|-1.38|16.31|16.42|17.15|15.67|1.74|15.89|1380852|23265554.00|1|0.0000|0.0000|0.0000|0|15.89
诺诚健华|688428|-5.13|9357519|153998368.00|-0.06|1.46|-7.41|16.27|17.14|17.40|15.88|9.36|17.15|11504322|193769248.00|1|0.0000|0.0000|0.0000|0|17.15
时创能源|688429|3.77|1936754|23658466.00|0.42|4.85|-2.93|12.40|12.00|12.53|11.60|1.94|11.95|2935099|36256248.00|1|0.0000|0.0000|0.0000|0|11.95
有研硅|688432|5.95|10971359|113753296.00|1.74|9.03|1.74|10.33|9.92|10.63|9.92|10.97|9.75|12573396|130295936.00|1|0.0000|0.0000|0.0000|0|9.75
华曙高科|688433|-4.43|5745108|180507376.00|0.46|2.76|-7.55|31.50|33.11|33.87|30.47|5.75|32.96|4904048|169372624.00|1|0.0000|0.0000|0.0000|0|32.96
英方软件|688435|3.77|1666047|45557644.00|3.20|7.23|-0.23|27.27|27.12|28.18|26.22|1.67|26.28|2504738|69933608.00|1|0.0000|0.0000|0.0000|0|26.28
振华风光|688439|0.83|2585633|159098752.00|-0.48|6.63|-0.48|60.50|59.71|63.98|59.71|2.59|60.00|3638698|225438128.00|1|0.0000|0.0000|0.0000|0|60.00
智翔金泰|688443|3.31|4595382|117745376.00|0.16|6.33|0.16|25.62|24.84|26.37|24.84|4.60|24.80|4395329|112937856.00|1|0.0000|0.0000|0.0000|0|24.80
磁谷科技|688448|3.27|1105372|26799882.00|-0.51|8.19|-0.51|24.33|23.44|25.49|23.44|1.11|23.56|1322805|33543112.00|1|0.0000|0.0000|0.0000|0|23.56
联芸科技|688449|4.72|5405956|217821056.00|1.88|6.30|1.39|40.58|39.48|41.19|39.29|5.41|38.75|6843008|275967680.00|1|0.0000|0.0000|0.0000|0|38.75
光格科技|688450|5.09|612277|12650519.00|2.02|6.35|1.31|20.85|20.24|21.10|20.10|0.61|19.84|1198887|26013474.00|1|0.0000|0.0000|0.0000|0|19.84
科捷智能|688455|0.80|1507994|15054710.00|-0.30|4.10|-2.70|10.08|9.97|10.41|9.73|1.51|10.00|1785783|18326144.00|1|0.0000|0.0000|0.0000|0|10.00
有研粉材|688456|-0.68|2567280|79166712.00|0.13|3.54|-2.63|30.60|30.85|31.90|30.00|2.57|30.81|3969979|127056032.00|1|0.0000|0.0000|0.0000|0|30.81
美芯晟|688458|5.22|1629199|51824344.00|-1.02|6.76|-1.02|32.05|30.15|32.52|30.15|1.63|30.46|2710606|86904528.00|1|0.0000|0.0000|0.0000|0|30.46
哈铁科技|688459|0.00|3774100|35393116.00|0.00|1.60|-1.39|9.38|9.38|9.53|9.25|3.77|9.38|5665438|53481792.00|1|0.0000|0.0000|0.0000|0|9.38
金科环境|688466|3.44|681736|10076574.00|1.61|6.24|0.98|14.75|14.49|15.15|14.40|0.68|14.26|1302270|19177220.00|1|0.0000|0.0000|0.0000|0|14.26
科美诊断|688468|2.50|9059377|59495940.00|1.72|6.57|0.31|6.55|6.50|6.81|6.41|9.06|6.39|12186161|82700064.00|1|0.0000|0.0000|0.0000|0|6.39
芯联集成|688469|4.32|89902567|389509568.00|0.48|5.76|0.48|4.35|4.19|4.41|4.19|89.90|4.17|121156783|523700256.00|1|0.0000|0.0000|0.0000|0|4.17
阿特斯|688472|4.07|35920833|321506784.00|0.58|5.70|0.58|8.95|8.65|9.09|8.65|35.92|8.60|44709593|393777664.00|1|0.0000|0.0000|0.0000|0|8.60
萤石网络|688475|3.09|4899144|171166560.00|1.24|5.33|0.06|35.04|34.41|35.80|34.01|4.90|33.99|6566545|234142656.00|1|0.0000|0.0000|0.0000|0|33.99
晶升股份|688478|-1.34|2927774|73882824.00|-0.99|2.68|-3.24|25.00|25.09|26.02|24.52|2.93|25.34|3519637|95709136.00|1|0.0000|0.0000|0.0000|0|25.34
友车科技|688479|3.44|1160257|20426198.00|1.42|7.24|1.42|17.44|17.10|18.08|17.10|1.16|16.86|1366024|24221390.00|1|0.0000|0.0000|0.0000|0|16.86
赛恩斯|688480|2.28|850806|25555578.00|0.51|4.53|0.51|30.00|29.48|30.66|29.48|0.85|29.33|1932887|59337884.00|1|0.0000|0.0000|0.0000|0|29.33
南芯科技|688484|2.30|7668515|229505024.00|1.61|5.21|-0.24|29.86|29.66|30.71|29.12|7.67|29.19|11876976|355837568.00|1|0.0000|0.0000|0.0000|0|29.19
九州一轨|688485|2.77|1794191|16138471.00|1.15|7.27|1.15|8.91|8.77|9.30|8.77|1.79|8.67|2813078|25744140.00|1|0.0000|0.0000|0.0000|0|8.67
龙迅股份|688486|1.32|1190895|112846280.00|0.32|6.01|-1.47|93.72|92.80|98.06|91.14|1.19|92.50|2099764|195612096.00|1|0.0000|0.0000|0.0000|0|92.50
艾迪药业|688488|6.94|12397102|124466408.00|0.95|9.15|0.95|10.17|9.60|10.38|9.60|12.40|9.51|16443151|163794080.00|1|0.0000|0.0000|0.0000|0|9.51
三未信安|688489|1.00|1259495|38568760.00|0.07|6.67|-0.27|30.27|29.99|31.97|29.89|1.26|29.97|1544918|49093632.00|1|0.0000|0.0000|0.0000|0|29.97
清越科技|688496|2.31|7310377|48703988.00|0.92|7.09|-1.85|6.64|6.55|6.95|6.37|7.31|6.49|7916836|54901492.00|1|0.0000|0.0000|0.0000|0|6.49
源杰科技|688498|3.25|3298888|308887872.00|-0.01|4.96|-1.53|95.00|92.00|96.57|90.60|3.30|92.01|3664569|362447424.00|1|0.0000|0.0000|0.0000|0|92.01
利元亨|688499|4.04|6399276|137947392.00|0.96|6.83|0.96|21.64|21.00|22.22|21.00|6.40|20.80|8818867|196760736.00|1|0.0000|0.0000|0.0000|0|20.80
慧辰股份|688500|3.84|1578638|36190976.00|2.98|7.50|0.41|22.98|22.79|23.79|22.22|1.58|22.13|2203575|51973384.00|1|0.0000|0.0000|0.0000|0|22.13
青达环保|688501|-0.88|4753560|86285776.00|1.54|5.62|-4.63|18.00|18.44|19.18|17.32|4.75|18.16|7723856|142024560.00|1|0.0000|0.0000|0.0000|0|18.16
茂莱光学|688502|1.24|1066889|260399888.00|1.24|5.33|-4.71|245.00|245.00|254.90|230.59|1.07|242.00|1263999|328254720.00|1|0.0000|0.0000|0.0000|0|242.00
聚和材料|688503|3.28|8721473|267559024.00|0.27|6.27|0.00|30.82|29.92|31.71|29.84|8.72|29.84|7849465|251958272.00|1|0.0000|0.0000|0.0000|0|29.84
复旦张江|688505|4.02|5156341|37293056.00|2.15|6.17|1.87|7.25|7.12|7.40|7.10|5.16|6.97|9979179|73513504.00|1|0.0000|0.0000|0.0000|0|6.97
百利天恒|688506|1.54|1903733|422158016.00|1.26|2.56|-3.72|225.74|225.10|228.00|214.04|1.90|222.31|2058892|468157024.00|1|0.0000|0.0000|0.0000|0|222.31
索辰科技|688507|-0.73|1967778|137945136.00|0.17|4.75|-2.98|69.37|70.00|73.20|67.80|1.97|69.88|3259854|236300704.00|1|0.0000|0.0000|0.0000|0|69.88
芯朋微|688508|1.50|4336221|185143648.00|0.55|5.70|-1.67|42.53|42.13|44.29|41.20|4.34|41.90|6381279|275748448.00|1|0.0000|0.0000|0.0000|0|41.90
正元地信|688509|1.90|12872759|41228996.00|0.95|5.08|-1.27|3.21|3.18|3.31|3.11|12.87|3.15|16946460|55863864.00|1|0.0000|0.0000|0.0000|0|3.15
航亚科技|688510|1.21|5060584|76896784.00|0.00|5.56|-1.47|15.10|14.92|15.75|14.70|5.06|14.92|9681862|150411904.00|1|0.0000|0.0000|0.0000|0|14.92
*ST天微|688511|1.31|1674147|19372506.00|5.17|5.17|-1.58|11.57|12.01|12.01|11.24|1.67|11.42|2561519|30467930.00|1|0.0000|0.0000|0.0000|0|11.42
慧智微|688512|5.03|11936464|97670544.00|1.29|10.71|1.29|8.14|7.85|8.58|7.85|11.94|7.75|13925388|114786280.00|1|0.0000|0.0000|0.0000|0|7.75
苑东生物|688513|-1.39|3762587|122862952.00|1.27|3.48|-4.06|32.54|33.42|34.15|31.66|3.76|33.00|8277480|279613120.00|1|0.0000|0.0000|0.0000|0|33.00
裕太微|688515|1.85|1507512|133816312.00|2.22|5.43|-1.23|88.68|89.00|91.80|86.00|1.51|87.07|1899249|172347520.00|1|0.0000|0.0000|0.0000|0|87.07
奥特维|688516|3.31|5871929|203501472.00|2.41|6.60|1.54|34.30|34.00|35.39|33.71|5.87|33.20|7234708|254381200.00|1|0.0000|0.0000|0.0000|0|33.20
金冠电气|688517|3.68|2657535|31894090.00|1.29|6.08|0.86|12.10|11.82|12.38|11.77|2.66|11.67|4818695|59573664.00|1|0.0000|0.0000|0.0000|0|11.67
联赢激光|688518|-1.52|8638293|123987512.00|-0.42|2.91|-2.84|14.23|14.39|14.87|14.04|8.64|14.45|17723960|255452240.00|1|0.0000|0.0000|0.0000|0|14.45
南亚新材|688519|2.90|6576647|181427536.00|2.90|8.48|0.04|27.29|27.29|28.77|26.53|6.58|26.52|7374345|212712224.00|1|0.0000|0.0000|0.0000|0|26.52
神州细胞|688520|2.10|3238582|120230720.00|1.44|5.25|0.06|36.94|36.70|38.08|36.20|3.24|36.18|5030996|189666048.00|1|0.0000|0.0000|0.0000|0|36.18
芯原股份|688521|-0.22|15705582|1373506560.00|1.91|3.69|-2.20|86.61|88.46|90.00|84.89|15.71|86.80|21190626|1895941504.00|1|0.0000|0.0000|0.0000|0|86.80
纳睿雷达|688522|0.81|3896560|244866768.00|1.44|3.97|-2.20|63.21|63.60|65.19|61.32|3.90|62.70|5325031|342572256.00|1|0.0000|0.0000|0.0000|0|62.70
航天环宇|688523|5.47|2606402|47998468.00|2.53|10.37|2.07|18.31|17.80|19.16|17.72|2.61|17.36|3369868|62984156.00|1|0.0000|0.0000|0.0000|0|17.36
佰维存储|688525|0.84|19164677|1110883456.00|2.63|4.56|-1.61|57.48|58.50|59.60|56.08|19.16|57.00|25943063|1532400768.00|1|0.0000|0.0000|0.0000|0|57.00
科前生物|688526|4.05|7749694|120028072.00|0.00|7.62|0.00|15.42|14.82|15.95|14.82|7.75|14.82|7678756|117322744.00|1|0.0000|0.0000|0.0000|0|14.82
秦川物联|688528|5.42|1131692|8976435.00|3.17|8.47|1.46|7.97|7.80|8.20|7.67|1.13|7.56|1689024|13651563.00|1|0.0000|0.0000|0.0000|0|7.56
豪森智能|688529|0.68|4659865|69525672.00|-0.68|6.17|-2.37|14.85|14.65|15.66|14.40|4.66|14.75|6812656|106058016.00|1|0.0000|0.0000|0.0000|0|14.75
欧莱新材|688530|4.53|1279680|18878446.00|2.05|7.65|2.05|14.76|14.41|15.20|14.41|1.28|14.12|1902942|28755662.00|1|0.0000|0.0000|0.0000|0|14.12
日联科技|688531|2.43|2534426|133699152.00|1.23|6.07|-1.09|52.62|52.00|54.49|50.81|2.53|51.37|3985757|213879840.00|1|0.0000|0.0000|0.0000|0|51.37
上声电子|688533|0.83|3021644|77391400.00|0.55|5.94|-1.07|25.45|25.38|26.74|24.97|3.02|25.24|3046310|82460248.00|1|0.0000|0.0000|0.0000|0|25.24
华海诚科|688535|-0.03|3020333|200880320.00|1.92|4.39|-1.71|66.08|67.37|69.00|64.97|3.02|66.10|3810267|270596160.00|1|0.0000|0.0000|0.0000|0|66.10
思瑞浦|688536|-6.69|4656717|555298624.00|0.00|4.68|-8.65|115.70|124.00|129.80|113.27|4.66|124.00|7187284|917051264.00|1|0.0000|0.0000|0.0000|0|124.00
和辉光电|688538|3.55|81987092|165863232.00|0.51|4.06|0.51|2.04|1.98|2.05|1.98|81.99|1.97|122758372|250634176.00|1|0.0000|0.0000|0.0000|0|1.97
高华科技|688539|2.25|1764471|39357936.00|1.83|4.86|0.55|22.29|22.20|22.86|21.92|1.76|21.80|2944806|67398224.00|1|0.0000|0.0000|0.0000|0|21.80
国科军工|688543|4.81|4912492|223971600.00|0.34|5.99|0.25|46.00|44.04|46.52|44.00|4.91|43.89|7158709|330076128.00|1|0.0000|0.0000|0.0000|0|43.89
兴福电子|688545|3.72|7848147|203706256.00|1.84|7.29|0.00|25.91|25.44|26.80|24.98|7.85|24.98|8711281|221911488.00|1|0.0000|0.0000|0.0000|0|24.98
广钢气体|688548|0.28|12965176|142177952.00|2.12|4.89|-1.85|10.86|11.06|11.36|10.63|12.97|10.83|15235230|167762672.00|1|0.0000|0.0000|0.0000|0|10.83
中巨芯|688549|6.26|20355840|136971552.00|-0.63|7.82|-0.63|6.79|6.35|6.89|6.35|20.36|6.39|23842810|161083696.00|1|0.0000|0.0000|0.0000|0|6.39
瑞联新材|688550|-2.50|5505432|186917568.00|1.31|3.52|-4.42|33.52|34.83|35.59|32.86|5.51|34.38|5187980|182747136.00|1|0.0000|0.0000|0.0000|0|34.38
科威尔|688551|2.45|1021575|25203422.00|2.16|4.94|0.17|24.67|24.60|25.27|24.12|1.02|24.08|1578044|39425220.00|1|0.0000|0.0000|0.0000|0|24.08
航天南湖|688552|5.05|2748103|49921368.00|2.13|6.38|1.55|18.29|17.78|18.52|17.68|2.75|17.41|3117218|56960476.00|1|0.0000|0.0000|0.0000|0|17.41
汇宇制药|688553|2.62|7421897|104197784.00|0.95|5.69|0.07|14.08|13.85|14.50|13.73|7.42|13.72|10841950|158428048.00|1|0.0000|0.0000|0.0000|0|13.72
高测股份|688556|2.89|14135798|120352456.00|-0.60|5.54|-0.60|8.54|8.25|8.76|8.25|14.14|8.30|23103671|203594928.00|1|0.0000|0.0000|0.0000|0|8.30
兰剑智能|688557|0.69|2764307|52303576.00|1.33|5.07|-2.83|18.88|19.00|19.70|18.22|2.76|18.75|4012484|79638608.00|1|0.0000|0.0000|0.0000|0|18.75
国盛智科|688558|-0.70|2099962|42053176.00|2.26|6.13|-2.46|19.76|20.35|21.12|19.41|2.10|19.90|2293329|47996580.00|1|0.0000|0.0000|0.0000|0|19.90
海目星|688559|1.64|7139592|181731088.00|2.08|5.68|-0.12|25.39|25.50|26.40|24.95|7.14|24.98|8825145|234869632.00|1|0.0000|0.0000|0.0000|0|24.98
明冠新材|688560|3.34|3286470|38645976.00|2.28|6.94|1.14|11.76|11.64|12.17|11.51|3.29|11.38|5813123|71299320.00|1|0.0000|0.0000|0.0000|0|11.38
奇安信|688561|4.27|10260939|299520928.00|1.42|6.62|0.04|29.30|28.50|29.96|28.11|10.26|28.10|12686965|377303072.00|1|0.0000|0.0000|0.0000|0|28.10
航天软件|688562|4.92|3835592|52337088.00|0.23|5.91|0.00|13.85|13.23|13.98|13.20|3.84|13.20|5713787|78668720.00|1|0.0000|0.0000|0.0000|0|13.20
航材股份|688563|3.67|2161669|106313024.00|0.10|3.96|0.08|49.45|47.75|49.59|47.74|2.16|47.70|3627422|178196272.00|1|0.0000|0.0000|0.0000|0|47.70
力源科技|688565|1.87|3689214|21950784.00|0.17|4.93|-2.04|5.99|5.89|6.17|5.76|3.69|5.88|3288548|20050618.00|1|0.0000|0.0000|0.0000|0|5.88
吉贝尔|688566|2.40|2296820|50658820.00|0.83|4.88|-0.37|22.22|21.88|22.76|21.62|2.30|21.70|4650195|106250152.00|1|0.0000|0.0000|0.0000|0|21.70
孚能科技|688567|2.28|20363128|238118720.00|3.42|5.17|0.26|11.67|11.80|12.00|11.44|20.36|11.41|29509130|354873792.00|1|0.0000|0.0000|0.0000|0|11.41
中科星图|688568|3.29|9413875|455595584.00|0.62|5.65|0.62|48.29|47.04|49.39|47.04|9.41|46.75|13192809|640692480.00|1|0.0000|0.0000|0.0000|0|46.75
铁科轨道|688569|15.50|6224187|139824864.00|1.38|16.88|0.59|23.47|20.60|23.75|20.44|6.22|20.32|3576590|76315472.00|1|0.0000|0.0000|0.0000|0|20.32
天玛智控|688570|3.88|1491323|26312504.00|0.65|6.12|0.65|17.65|17.10|18.03|17.10|1.49|16.99|3218916|58062140.00|1|0.0000|0.0000|0.0000|0|16.99
杭华股份|688571|1.59|6556873|41919656.00|0.00|4.13|-0.32|6.40|6.30|6.56|6.28|6.56|6.30|8969561|58844172.00|1|0.0000|0.0000|0.0000|0|6.30
信宇人|688573|4.34|2741745|40678988.00|0.35|7.21|0.35|14.90|14.33|15.31|14.33|2.74|14.28|3144950|48178412.00|1|0.0000|0.0000|0.0000|0|14.28
亚辉龙|688575|3.51|7839201|117617824.00|0.55|5.92|0.55|15.03|14.60|15.38|14.60|7.84|14.52|10101032|153338992.00|1|0.0000|0.0000|0.0000|0|14.52
西山科技|688576|1.90|333150|20271596.00|0.82|4.12|-0.57|61.15|60.50|62.48|59.67|0.33|60.01|825367|51485364.00|1|0.0000|0.0000|0.0000|0|60.01
浙海德曼|688577|0.15|1610313|78591624.00|2.22|5.74|-2.43|48.16|49.16|50.85|46.92|1.61|48.09|2298457|117975480.00|1|0.0000|0.0000|0.0000|0|48.09
艾力斯|688578|-2.84|8938354|730538816.00|0.00|1.11|-4.64|81.20|83.57|84.50|79.69|8.94|83.57|10497417|885044544.00|1|0.0000|0.0000|0.0000|0|83.57
山大地纬|688579|2.14|7824205|67676264.00|1.30|6.41|-0.83|8.61|8.54|8.97|8.36|7.82|8.43|11120123|99122176.00|1|0.0000|0.0000|0.0000|0|8.43
伟思医疗|688580|-2.95|7601425|278432608.00|0.00|2.76|-8.63|36.88|38.00|39.05|34.72|7.60|38.00|9579765|367828864.00|1|0.0000|0.0000|0.0000|0|38.00
安杰思|688581|0.15|972471|57433796.00|0.36|4.39|-2.53|58.88|59.00|61.37|57.30|0.97|58.79|1522160|92586424.00|1|0.0000|0.0000|0.0000|0|58.79
芯动联科|688582|-2.08|10100873|523371232.00|1.09|4.78|-5.66|51.38|53.04|54.98|49.50|10.10|52.47|10162560|561776448.00|1|0.0000|0.0000|0.0000|0|52.47
思看科技|688583|-0.85|1212464|116823088.00|1.26|3.49|-4.00|96.06|98.10|100.26|93.00|1.21|96.88|1870403|188097888.00|1|0.0000|0.0000|0.0000|0|96.88
上海合晶|688584|4.31|4129193|59147224.00|1.02|7.52|1.02|14.28|13.83|14.72|13.83|4.13|13.69|6202130|90390504.00|1|0.0000|0.0000|0.0000|0|13.69
上纬新材|688585|1.77|2781589|17676402.00|1.45|6.28|-0.81|6.32|6.30|6.60|6.16|2.78|6.21|4201338|27440324.00|1|0.0000|0.0000|0.0000|0|6.21
江航装备|688586|3.48|9102967|81181600.00|0.81|4.87|0.23|8.93|8.70|9.05|8.65|9.10|8.63|18417883|168585264.00|1|0.0000|0.0000|0.0000|0|8.63
凌志软件|688588|4.72|8658769|96173944.00|2.92|8.49|1.42|11.10|10.91|11.50|10.75|8.66|10.60|10315554|116987488.00|1|0.0000|0.0000|0.0000|0|10.60
力合微|688589|2.45|4632203|110877728.00|1.55|6.28|0.39|23.81|23.60|24.70|23.33|4.63|23.24|7140544|175262640.00|1|0.0000|0.0000|0.0000|0|23.24
新致软件|688590|3.14|8320986|142737344.00|1.96|5.99|-1.90|17.40|17.20|17.88|16.55|8.32|16.87|10500479|185700736.00|1|0.0000|0.0000|0.0000|0|16.87
泰凌微|688591|1.11|18832038|619053056.00|2.95|5.53|-3.01|32.90|33.50|34.34|31.56|18.83|32.54|18384586|631528256.00|1|0.0000|0.0000|0.0000|0|32.54
司南导航|688592|1.24|944831|34107732.00|1.81|5.59|0.31|35.83|36.03|37.37|35.50|0.94|35.39|1358245|50188160.00|1|0.0000|0.0000|0.0000|0|35.39
新相微|688593|1.16|6130349|90433696.00|0.00|5.25|-3.14|14.84|14.67|15.44|14.21|6.13|14.67|4858339|76575912.00|1|0.0000|0.0000|0.0000|0|14.67
芯海科技|688595|4.38|7110462|223604432.00|2.69|9.43|2.02|31.00|30.50|32.50|30.30|7.11|29.70|6965067|224630688.00|1|0.0000|0.0000|0.0000|0|29.70
正帆科技|688596|-1.68|8211746|303220768.00|-0.22|4.11|-3.19|36.36|36.90|38.50|35.80|8.21|36.98|12398035|461835072.00|1|0.0000|0.0000|0.0000|0|36.98
煜邦电力|688597|2.78|7329709|73931280.00|2.16|6.80|0.52|9.97|9.91|10.36|9.75|7.33|9.70|10807806|111057176.00|1|0.0000|0.0000|0.0000|0|9.70
金博股份|688598|0.92|7370867|170369536.00|2.20|5.63|-1.85|22.93|23.22|24.00|22.30|7.37|22.72|13072123|304577696.00|1|0.0000|0.0000|0.0000|0|22.72
天合光能|688599|3.11|38923013|527868608.00|1.59|5.00|0.76|13.60|13.40|13.85|13.29|38.92|13.19|49120211|677688704.00|1|0.0000|0.0000|0.0000|0|13.19
皖仪科技|688600|7.98|3267820|51234440.00|2.82|8.45|2.75|16.11|15.34|16.18|15.33|3.27|14.92|3306499|52246236.00|1|0.0000|0.0000|0.0000|0|14.92
力芯微|688601|2.58|3340442|112806584.00|1.19|5.89|0.00|33.76|33.30|34.85|32.91|3.34|32.91|4562925|158631952.00|1|0.0000|0.0000|0.0000|0|32.91
康鹏科技|688602|2.81|3571151|20782134.00|1.05|5.27|0.18|5.85|5.75|5.99|5.70|3.57|5.69|6478950|39153948.00|1|0.0000|0.0000|0.0000|0|5.69
天承科技|688603|2.01|1077731|60961208.00|-0.02|4.93|-4.49|57.93|56.78|59.59|54.24|1.08|56.79|1562993|95283280.00|1|0.0000|0.0000|0.0000|0|56.79
先锋精科|688605|2.74|3231104|206496784.00|4.03|6.10|-0.02|63.70|64.50|65.78|61.99|3.23|62.00|4843212|327295008.00|1|0.0000|0.0000|0.0000|0|62.00
奥泰生物|688606|2.25|703421|46028080.00|0.00|4.38|-0.19|65.34|63.90|66.70|63.78|0.70|63.90|1131071|75542880.00|1|0.0000|0.0000|0.0000|0|63.90
康众医疗|688607|5.68|1970762|30194766.00|2.64|7.91|0.00|15.64|15.19|15.97|14.80|1.97|14.80|3545593|56897152.00|1|0.0000|0.0000|0.0000|0|14.80
恒玄科技|688608|-1.43|3212808|1014224576.00|0.18|3.92|-4.16|314.93|320.05|332.00|306.20|3.21|319.49|4324776|1410843648.00|1|0.0000|0.0000|0.0000|0|319.49
九联科技|688609|5.55|14530181|123795160.00|1.85|7.77|1.85|8.56|8.26|8.74|8.26|14.53|8.11|21782098|189064784.00|1|0.0000|0.0000|0.0000|0|8.11
埃科光电|688610|2.04|394113|12378897.00|0.13|4.99|-0.19|31.49|30.90|32.40|30.80|0.39|30.86|659102|21540626.00|1|0.0000|0.0000|0.0000|0|30.86
杭州柯林|688611|2.49|2029025|78018848.00|1.10|6.04|0.13|38.33|37.81|39.66|37.45|2.03|37.40|3275087|130170104.00|1|0.0000|0.0000|0.0000|0|37.40
威迈斯|688612|0.64|5314419|118495168.00|1.23|5.22|-0.95|22.18|22.31|23.19|21.83|5.31|22.04|5529487|126423880.00|1|0.0000|0.0000|0.0000|0|22.04
奥精医疗|688613|4.01|1851025|25824458.00|0.00|7.36|0.00|14.00|13.46|14.45|13.46|1.85|13.46|3122794|44287580.00|1|0.0000|0.0000|0.0000|0|13.46
合合信息|688615|1.93|1106468|210167440.00|1.35|5.94|-0.55|188.58|187.50|196.00|184.00|1.11|185.01|1507173|288208480.00|1|0.0000|0.0000|0.0000|0|185.01
西力科技|688616|1.53|2278993|22689116.00|0.00|4.79|-0.82|9.96|9.81|10.28|9.73|2.28|9.81|3339937|33965216.00|1|0.0000|0.0000|0.0000|0|9.81
惠泰医疗|688617|5.48|1388392|574267904.00|-0.72|5.48|-0.96|424.98|400.00|424.99|399.07|1.39|402.92|1428792|585246016.00|1|0.0000|0.0000|0.0000|0|402.92
三旺通信|688618|2.87|1569393|29155208.00|2.10|6.35|-0.28|18.63|18.49|19.26|18.06|1.57|18.11|2803374|54618896.00|1|0.0000|0.0000|0.0000|0|18.11
罗普特|688619|4.42|2923372|21843162.00|3.59|5.94|0.55|7.56|7.50|7.67|7.28|2.92|7.24|3613380|28064688.00|1|0.0000|0.0000|0.0000|0|7.24
安凯微|688620|3.51|16634757|182427248.00|0.66|7.88|0.57|10.90|10.60|11.36|10.59|16.63|10.53|17648357|198274352.00|1|0.0000|0.0000|0.0000|0|10.53
阳光诺和|688621|2.16|3938747|149485840.00|3.10|6.07|-0.65|37.85|38.20|39.30|36.81|3.94|37.05|6359518|254163744.00|1|0.0000|0.0000|0.0000|0|37.05
禾信仪器|688622|8.33|1982750|164325568.00|-0.68|12.75|-1.29|84.52|77.49|87.97|77.01|1.98|78.02|1769064|147987088.00|1|0.0000|0.0000|0.0000|0|78.02
双元科技|688623|1.46|642086|35537496.00|0.02|2.00|-3.56|56.40|55.60|56.70|53.61|0.64|55.59|1057286|59197160.00|1|0.0000|0.0000|0.0000|0|55.59
呈和科技|688625|6.31|4764099|217689424.00|4.25|9.78|1.92|46.00|45.11|47.50|44.10|4.76|43.27|5685137|254828896.00|1|0.0000|0.0000|0.0000|0|43.27
翔宇医疗|688626|4.46|2311906|75754920.00|0.92|7.47|0.92|33.00|31.88|33.95|31.88|2.31|31.59|3260772|110860880.00|1|0.0000|0.0000|0.0000|0|31.59
精智达|688627|-5.34|2013303|126756344.00|1.01|3.80|-8.12|62.00|66.16|67.99|60.18|2.01|65.50|1625695|106401528.00|1|0.0000|0.0000|0.0000|0|65.50
优利德|688628|-0.15|1363911|45094664.00|0.12|3.79|-2.43|32.90|32.99|34.20|32.15|1.36|32.95|1888820|63463220.00|1|0.0000|0.0000|0.0000|0|32.95
华丰科技|688629|3.50|14917822|636916352.00|0.82|5.84|0.14|42.91|41.80|43.88|41.52|14.92|41.46|17986564|781627456.00|1|0.0000|0.0000|0.0000|0|41.46
芯碁微装|688630|3.42|7264311|440338720.00|2.40|8.19|1.08|60.21|59.62|62.99|58.85|7.26|58.22|9130032|566178752.00|1|0.0000|0.0000|0.0000|0|58.22
莱斯信息|688631|4.57|4084585|300629280.00|0.17|7.71|0.17|73.63|70.53|75.84|70.53|4.08|70.41|4201182|317212288.00|1|0.0000|0.0000|0.0000|0|70.41
星球石墨|688633|5.25|1607314|36697000.00|5.02|8.06|2.95|22.84|22.79|23.45|22.34|1.61|21.70|2056776|48372252.00|1|0.0000|0.0000|0.0000|0|21.70
智明达|688636|0.38|4238831|159992128.00|0.00|5.20|-2.96|37.25|37.11|39.04|36.01|4.24|37.11|4720027|181600768.00|1|0.0000|0.0000|0.0000|0|37.11
誉辰智能|688638|2.10|204772|5392217.00|0.86|5.84|0.86|26.23|25.91|27.19|25.91|0.20|25.69|355023|9559913.00|1|0.0000|0.0000|0.0000|0|25.69
华恒生物|688639|11.21|6964858|196593376.00|0.60|12.03|0.60|29.57|26.75|29.79|26.75|6.96|26.59|5828528|164869296.00|1|0.0000|0.0000|0.0000|0|26.59
ST逸飞|688646|2.02|2051543|65491536.00|1.27|5.25|-1.96|32.26|32.02|33.28|31.00|2.05|31.62|4750472|155541888.00|1|0.0000|0.0000|0.0000|0|31.62
中邮科技|688648|1.43|1405359|28943856.00|0.10|5.26|-0.20|20.64|20.37|21.42|20.31|1.41|20.35|2630477|54496716.00|1|0.0000|0.0000|0.0000|0|20.35
盛邦安全|688651|0.00|844724|25801886.00|-0.03|4.93|-1.89|30.20|30.19|31.69|29.63|0.84|30.20|1874189|58456368.00|1|0.0000|0.0000|0.0000|0|30.20
京仪装备|688652|-3.75|3263887|182444160.00|1.99|4.48|-7.65|55.25|58.54|59.97|53.01|3.26|57.40|2391917|144306032.00|1|0.0000|0.0000|0.0000|0|57.40
康希通信|688653|4.59|5651698|59372908.00|2.99|7.48|1.99|10.49|10.33|10.78|10.23|5.65|10.03|7315192|78993616.00|1|0.0000|0.0000|0.0000|0|10.03
迅捷兴|688655|6.54|10451480|149073968.00|3.20|11.08|0.59|14.33|13.88|14.94|13.53|10.45|13.45|5423699|72996456.00|0|0.0000|0.0000|0.0000|0|13.45
浩欧博|688656|5.14|1016489|81204632.00|0.08|7.46|0.08|81.00|77.10|82.79|77.10|1.02|77.04|1206654|101197744.00|1|0.0000|0.0000|0.0000|0|77.04
浩辰软件|688657|3.36|822965|31443242.00|2.01|5.56|0.21|38.50|38.00|39.32|37.33|0.82|37.25|1774693|70755472.00|1|0.0000|0.0000|0.0000|0|37.25
悦康药业|688658|4.13|9917516|126656736.00|1.21|5.59|0.81|12.86|12.50|13.04|12.45|9.92|12.35|18053583|235609776.00|1|0.0000|0.0000|0.0000|0|12.35
元琛科技|688659|3.59|3225881|19456230.00|0.17|7.01|0.17|6.06|5.86|6.26|5.86|3.23|5.85|4666948|29051062.00|1|0.0000|0.0000|0.0000|0|5.85
电气风电|688660|5.22|29468704|182076800.00|-0.67|6.73|-1.01|6.25|5.90|6.34|5.88|29.47|5.94|32686896|206843632.00|1|0.0000|0.0000|0.0000|0|5.94
和林微纳|688661|1.69|7124620|260138208.00|2.67|7.76|-1.97|36.15|36.50|38.31|34.85|7.12|35.55|6916099|263172768.00|1|0.0000|0.0000|0.0000|0|35.55
富信科技|688662|2.80|2808836|88627328.00|-1.85|4.81|-2.18|31.60|30.17|32.22|30.07|2.81|30.74|2813135|92767168.00|1|0.0000|0.0000|0.0000|0|30.74
新风光|688663|0.97|2534262|55644296.00|0.88|4.35|-1.30|21.82|21.80|22.55|21.33|2.53|21.61|5238576|115528128.00|1|0.0000|0.0000|0.0000|0|21.61
四方光电|688665|0.56|1565630|48326852.00|1.35|6.69|-1.38|30.53|30.77|32.39|29.94|1.57|30.36|2126136|69487184.00|1|0.0000|0.0000|0.0000|0|30.36
菱电电控|688667|1.96|444968|19083404.00|4.45|5.67|-0.05|42.65|43.69|44.20|41.81|0.44|41.83|866177|39085176.00|1|0.0000|0.0000|0.0000|0|41.83
鼎通科技|688668|1.55|5206597|186602544.00|1.27|5.90|-1.84|35.95|35.85|37.49|34.75|5.21|35.40|6236249|234935072.00|1|0.0000|0.0000|0.0000|0|35.40
聚石化学|688669|1.73|2939520|39849300.00|2.11|6.86|-1.51|13.50|13.55|14.18|13.07|2.94|13.27|5514618|80003056.00|1|0.0000|0.0000|0.0000|0|13.27
金迪克|688670|-0.09|1595613|17384076.00|1.29|4.41|-3.21|10.88|11.03|11.37|10.54|1.60|10.89|2859648|31709448.00|1|0.0000|0.0000|0.0000|0|10.89
碧兴物联|688671|6.17|727985|11400831.00|1.76|9.08|1.76|15.67|15.02|16.10|15.02|0.73|14.76|1028074|16391987.00|1|0.0000|0.0000|0.0000|0|14.76
金盘科技|688676|-0.95|17058470|521119584.00|0.56|4.52|-2.95|30.23|30.69|31.90|29.62|17.06|30.52|17705460|567729344.00|1|0.0000|0.0000|0.0000|0|30.52
海泰新光|688677|1.36|1895710|56831844.00|-0.41|5.78|-0.61|29.80|29.28|31.10|29.22|1.90|29.40|2586302|80058112.00|1|0.0000|0.0000|0.0000|0|29.40
福立旺|688678|-7.28|15792107|266308768.00|0.00|1.98|-11.74|16.82|18.14|18.50|16.01|15.79|18.14|10905115|206717440.00|1|0.0000|0.0000|0.0000|0|18.14
通源环境|688679|8.29|3127355|27949208.00|0.00|11.37|-0.95|9.14|8.44|9.40|8.36|3.13|8.44|2166526|19734140.00|1|0.0000|0.0000|0.0000|0|8.44
海优新材|688680|2.31|2092891|68305064.00|1.97|5.35|-0.53|32.71|32.60|33.68|31.80|2.09|31.97|2295994|78442856.00|1|0.0000|0.0000|0.0000|0|31.97
科汇股份|688681|1.28|2876198|31790688.00|0.82|5.22|-2.20|11.06|11.01|11.49|10.68|2.88|10.92|3526801|39718804.00|1|0.0000|0.0000|0.0000|0|10.92
霍莱沃|688682|5.98|943458|26522098.00|1.98|7.85|1.64|28.36|27.29|28.86|27.20|0.94|26.76|1464858|42036176.00|1|0.0000|0.0000|0.0000|0|26.76
莱尔科技|688683|2.08|919825|17967608.00|-0.36|5.10|-0.36|19.62|19.15|20.20|19.15|0.92|19.22|1729385|34171380.00|1|0.0000|0.0000|0.0000|0|19.22
迈信林|688685|2.46|5860610|264716096.00|-0.02|6.59|-0.39|44.96|43.87|46.77|43.71|5.86|43.88|7026825|319947488.00|1|0.0000|0.0000|0.0000|0|43.88
奥普特|688686|5.03|2309573|155466256.00|0.42|7.32|0.42|68.02|65.03|69.50|65.03|2.31|64.76|2817739|193039664.00|1|0.0000|0.0000|0.0000|0|64.76
凯因科技|688687|7.63|12298761|315391808.00|3.09|10.10|0.21|26.10|25.00|26.70|24.30|12.30|24.25|10758710|269803520.00|1|0.0000|0.0000|0.0000|0|24.25
银河微电|688689|1.53|2115222|41039800.00|3.42|6.53|-1.42|19.29|19.65|20.24|18.73|2.12|19.00|2391240|49024720.00|1|0.0000|0.0000|0.0000|0|19.00
纳微科技|688690|3.74|6461022|121096696.00|1.15|5.99|1.15|18.87|18.40|19.28|18.40|6.46|18.19|10602503|209380704.00|1|0.0000|0.0000|0.0000|0|18.19
灿芯股份|688691|3.56|2542761|147043328.00|0.96|7.02|-0.46|57.95|56.50|59.89|55.70|2.54|55.96|2160070|129448088.00|1|0.0000|0.0000|0.0000|0|55.96
达梦数据|688692|4.34|1077634|378012256.00|1.99|4.84|-1.74|358.95|350.84|360.65|338.01|1.08|344.01|2054010|722131328.00|1|0.0000|0.0000|0.0000|0|344.01
锴威特|688693|4.61|1987885|54292964.00|1.55|5.70|0.11|27.69|26.88|27.98|26.50|1.99|26.47|2900838|81461328.00|1|0.0000|0.0000|0.0000|0|26.47
中创股份|688695|3.03|1124015|28549894.00|2.54|5.53|-0.69|25.51|25.39|26.13|24.59|1.12|24.76|1467672|38510104.00|1|0.0000|0.0000|0.0000|0|24.76
极米科技|688696|-3.33|2392942|266216320.00|0.00|1.27|-8.44|113.10|117.00|118.49|107.12|2.39|117.00|1989868|229125520.00|1|0.0000|0.0000|0.0000|0|117.00
纽威数控|688697|2.78|4420179|72264304.00|2.59|6.57|-0.19|16.27|16.24|16.87|15.80|4.42|15.83|6691321|110183992.00|1|0.0000|0.0000|0.0000|0|15.83
伟创电气|688698|1.65|6914864|286130880.00|-0.12|4.52|-2.29|41.80|41.07|42.98|40.18|6.91|41.12|6043258|264237872.00|1|0.0000|0.0000|0.0000|0|41.12
明微电子|688699|4.70|1345438|38675444.00|2.49|7.05|1.30|28.97|28.36|29.62|28.03|1.35|27.67|1822064|53904236.00|1|0.0000|0.0000|0.0000|0|27.67
东威科技|688700|5.67|10172760|308336736.00|0.76|8.69|0.76|30.40|28.99|31.27|28.99|10.17|28.77|8102854|258123920.00|1|0.0000|0.0000|0.0000|0|28.77
卓锦股份|688701|0.78|2921852|15305806.00|0.00|6.99|-2.33|5.19|5.15|5.51|5.03|2.92|5.15|2965217|16152507.00|1|0.0000|0.0000|0.0000|0|5.15
盛科通信|688702|5.92|3459451|204777280.00|4.11|6.61|0.96|59.80|58.78|60.19|57.00|3.46|56.46|3170231|184840736.00|1|0.0000|0.0000|0.0000|0|56.46
振华新材|688707|4.86|8032165|82550184.00|1.42|7.19|1.21|10.36|10.02|10.59|10.00|8.03|9.88|10367091|107524264.00|1|0.0000|0.0000|0.0000|0|9.88
佳驰科技|688708|0.39|1976177|97590488.00|1.82|3.82|-1.49|49.13|49.83|50.81|48.21|1.98|48.94|4386940|227234320.00|1|0.0000|0.0000|0.0000|0|48.94
成都华微|688709|3.65|6832259|194958752.00|0.77|7.46|0.77|28.36|27.57|29.40|27.57|6.83|27.36|8185364|238260416.00|1|0.0000|0.0000|0.0000|0|27.36
益诺思|688710|0.06|1645377|53197920.00|1.21|5.20|-2.52|32.13|32.50|33.78|31.30|1.65|32.11|2750685|92288832.00|1|0.0000|0.0000|0.0000|0|32.11
宏微科技|688711|2.23|5449568|72894992.00|2.38|6.84|0.08|13.31|13.33|13.91|13.03|5.45|13.02|7576123|105420176.00|1|0.0000|0.0000|0.0000|0|13.02
中研股份|688716|2.42|3957814|108195176.00|-0.15|7.25|-0.23|27.12|26.44|28.40|26.42|3.96|26.48|5285952|147664800.00|1|0.0000|0.0000|0.0000|0|26.48
艾罗能源|688717|2.95|3273477|144657984.00|1.31|6.56|1.24|43.95|43.25|45.49|43.22|3.27|42.69|5073337|227343360.00|1|0.0000|0.0000|0.0000|0|42.69
唯赛勃|688718|3.97|1206617|11974489.00|4.81|6.27|1.36|9.95|10.03|10.17|9.70|1.21|9.57|1619395|16394182.00|1|0.0000|0.0000|0.0000|0|9.57
爱科赛博|688719|1.29|1608191|40718844.00|0.20|6.63|-1.41|25.07|24.80|26.39|24.40|1.61|24.75|2669739|69941840.00|1|0.0000|0.0000|0.0000|0|24.75
艾森股份|688720|2.57|1441172|48142484.00|3.50|7.16|1.33|33.10|33.40|34.58|32.70|1.44|32.27|2053277|71274728.00|1|0.0000|0.0000|0.0000|0|32.27
龙图光罩|688721|5.13|1864732|78543200.00|2.82|10.19|1.66|41.80|40.88|43.81|40.42|1.86|39.76|1817173|77733952.00|1|0.0000|0.0000|0.0000|0|39.76
同益中|688722|-0.41|10834193|159243952.00|2.67|5.82|-2.88|14.54|14.99|15.45|14.18|10.83|14.60|12552763|192214880.00|1|0.0000|0.0000|0.0000|0|14.60
拉普拉斯|688726|3.65|1763270|63300832.00|0.20|5.75|0.20|36.05|34.85|36.78|34.85|1.76|34.78|2251476|84523872.00|1|0.0000|0.0000|0.0000|0|34.78
格科微|688728|3.38|12517951|164471872.00|0.63|5.90|0.55|13.15|12.80|13.47|12.79|12.52|12.72|19150800|251940256.00|1|0.0000|0.0000|0.0000|0|12.72
壹石通|688733|2.98|2940555|43800612.00|2.78|7.43|1.18|14.84|14.81|15.48|14.58|2.94|14.41|3587333|55285732.00|1|0.0000|0.0000|0.0000|0|14.41
中自科技|688737|1.02|2773745|42091080.00|2.99|7.94|-0.27|14.89|15.18|15.91|14.70|2.77|14.74|3233936|51122152.00|1|0.0000|0.0000|0.0000|0|14.74
成大生物|688739|-10.12|8751938|217562784.00|-7.54|-6.45|-11.97|24.79|25.50|25.80|24.28|8.75|27.58|2627845|72363128.00|1|0.0000|0.0000|0.0000|0|27.58
金天钛业|688750|3.81|4959529|91286896.00|0.45|5.27|0.45|18.52|17.92|18.78|17.92|4.96|17.84|9432964|180589664.00|1|0.0000|0.0000|0.0000|0|17.84
胜科纳米|688757|7.00|7210294|155041056.00|2.15|8.07|2.15|21.87|20.88|22.09|20.88|7.21|20.44|10181538|223495808.00|1|0.0000|0.0000|0.0000|0|20.44
赛分科技|688758|7.83|5405499|82153272.00|3.26|9.01|1.59|15.56|14.90|15.73|14.66|5.41|14.43|6331720|98297296.00|1|0.0000|0.0000|0.0000|0|14.43
普冉股份|688766|2.40|3807155|338918112.00|2.23|4.94|-0.62|89.15|89.00|91.36|86.52|3.81|87.06|5605688|507585792.00|1|0.0000|0.0000|0.0000|0|87.06
博拓生物|688767|6.61|1392017|46928904.00|2.42|7.60|0.37|34.36|33.01|34.68|32.35|1.39|32.23|1654743|56781072.00|1|0.0000|0.0000|0.0000|0|32.23
容知日新|688768|1.00|1270929|57798120.00|0.51|4.21|-3.61|45.55|45.33|47.00|43.47|1.27|45.10|1717445|80971056.00|1|0.0000|0.0000|0.0000|0|45.10
珠海冠宇|688772|0.58|30194994|368709920.00|0.25|4.86|-1.90|12.20|12.16|12.72|11.90|30.19|12.13|27426557|351247488.00|1|0.0000|0.0000|0.0000|0|12.13
国光电气|688776|-7.47|9340559|645106944.00|-0.04|0.01|-10.83|68.50|74.00|74.04|66.01|9.34|74.03|6217644|493885344.00|1|0.0000|0.0000|0.0000|0|74.03
中控技术|688777|2.22|17380809|785529600.00|0.76|3.02|-0.22|45.62|44.97|45.98|44.53|17.38|44.63|25509415|1175778560.00|1|0.0000|0.0000|0.0000|0|44.63
厦钨新能|688778|-1.09|3954920|161841680.00|-0.27|4.33|-3.16|40.66|41.00|42.89|39.81|3.95|41.11|5209215|221990864.00|1|0.0000|0.0000|0.0000|0|41.11
五矿新能|688779|4.44|26817833|119090168.00|0.47|5.61|0.47|4.47|4.30|4.52|4.30|26.82|4.28|39892661|179753648.00|1|0.0000|0.0000|0.0000|0|4.28
悦安新材|688786|2.98|907292|19937630.00|1.58|4.46|-0.60|22.15|21.85|22.47|21.38|0.91|21.51|2043468|46637660.00|1|0.0000|0.0000|0.0000|0|21.51
海天瑞声|688787|3.10|2324766|179627728.00|1.10|6.43|-0.73|77.50|76.00|80.00|74.62|2.32|75.17|2612074|206416016.00|1|0.0000|0.0000|0.0000|0|75.17
科思科技|688788|-0.66|2885175|190261184.00|3.36|6.51|-5.14|64.97|67.60|69.66|62.04|2.89|65.40|3543847|249304144.00|1|0.0000|0.0000|0.0000|0|65.40
宏华数科|688789|-4.57|3647938|228629872.00|0.38|2.86|-6.85|62.16|65.39|67.00|60.68|3.65|65.14|4489703|292560544.00|1|0.0000|0.0000|0.0000|0|65.14
倍轻松|688793|1.30|2254981|59813000.00|0.00|4.90|-2.26|26.44|26.10|27.38|25.51|2.25|26.10|4560225|126411712.00|1|0.0000|0.0000|0.0000|0|26.10
艾为电子|688798|-1.23|3840410|238022048.00|0.94|5.24|-4.71|61.23|62.57|65.24|59.07|3.84|61.99|3842696|253101104.00|1|0.0000|0.0000|0.0000|0|61.99
华纳药厂|688799|3.48|1667665|58153468.00|0.03|4.22|0.03|35.35|34.17|35.60|34.17|1.67|34.16|3767508|135664544.00|1|0.0000|0.0000|0.0000|0|34.16
瑞可达|688800|2.50|7332258|279001536.00|0.91|5.38|-0.70|38.09|37.50|39.16|36.90|7.33|37.16|7879845|311729600.00|1|0.0000|0.0000|0.0000|0|37.16
天能股份|688819|4.26|3878165|92671912.00|1.57|5.70|1.43|23.98|23.36|24.31|23.33|3.88|23.00|6181963|149001584.00|1|0.0000|0.0000|0.0000|0|23.00
中芯国际|688981|1.19|53816947|4544056320.00|0.00|2.24|-1.19|85.00|84.00|85.88|83.00|53.82|84.00|85368449|7116307968.00|1|0.0000|0.0000|0.0000|0|84.00
九号公司|689009|1.93|11844274|650396416.00|0.92|5.97|0.92|54.32|53.78|56.47|53.78|11.84|53.29|18499622|1006334016.00|1|0.0000|0.0000|0.0000|0|53.29
安徽凤凰|920000|5.03|2841158|49396336.00|4.43|6.40|1.74|17.55|17.45|17.78|17.00|2.84|16.71|3733249|68969464.00|1|0.0000|0.0000|0.0000|0|16.71
纬达光电|920001|5.30|5660033|94660056.00|-0.37|5.67|-0.37|17.10|16.18|17.16|16.18|5.66|16.24|5786322|103464504.00|1|0.0000|0.0000|0.0000|0|16.24
万达轴承|920002|6.92|1046755|152422272.00|3.10|10.99|2.23|146.43|141.20|152.00|140.00|1.05|136.95|1235974|186723088.00|1|0.0000|0.0000|0.0000|0|136.95
晟楠科技|920006|14.87|8123542|209781408.00|0.91|14.95|0.33|27.66|24.30|27.68|24.16|8.12|24.08|6189655|159228688.00|1|0.0000|0.0000|0.0000|0|24.08
成电光信|920008|5.88|2528305|84157984.00|3.16|5.94|1.63|33.87|33.00|33.89|32.51|2.53|31.99|3363853|116934912.00|1|0.0000|0.0000|0.0000|0|31.99
凯添燃气|920010|8.51|13486941|148467200.00|5.07|9.46|2.20|11.35|10.99|11.45|10.69|13.49|10.46|16258903|190824608.00|1|0.0000|0.0000|0.0000|0|10.46
特瑞斯|920014|6.35|1526448|16469536.00|1.73|6.44|1.25|11.06|10.58|11.07|10.53|1.53|10.40|2441728|26858024.00|1|0.0000|0.0000|0.0000|0|10.40
中草香料|920016|11.52|3059181|68120320.00|1.85|11.81|1.85|22.94|20.95|23.00|20.95|3.06|20.57|3473016|78162032.00|1|0.0000|0.0000|0.0000|0|20.57
星昊医药|920017|6.63|8639614|146543632.00|2.35|6.63|-2.11|17.70|16.99|17.70|16.25|8.64|16.60|10570602|183875440.00|1|0.0000|0.0000|0.0000|0|16.60
铜冠矿建|920019|4.05|4253112|76647464.00|2.05|4.74|0.23|18.23|17.88|18.35|17.56|4.25|17.52|6200196|116713128.00|1|0.0000|0.0000|0.0000|0|17.52
流金科技|920021|9.35|18059431|99908944.00|1.72|9.73|1.72|5.73|5.33|5.75|5.33|18.06|5.24|19908398|111216488.00|1|0.0000|0.0000|0.0000|0|5.24
田野股份|920023|18.02|73973628|452612480.00|-1.44|19.46|-5.59|6.55|5.47|6.63|5.24|73.97|5.55|47435057|269206368.00|1|0.0000|0.0000|0.0000|0|5.55
卓兆点胶|920026|5.11|2034260|41309844.00|2.63|5.16|0.46|20.79|20.30|20.80|19.87|2.03|19.78|2513850|54384568.00|1|0.0000|0.0000|0.0000|0|19.78
开发科技|920029|-3.56|9189514|766577216.00|2.25|4.00|-6.44|83.00|88.00|89.50|80.52|9.19|86.06|11915746|1043004800.00|1|0.0000|0.0000|0.0000|0|86.06
德众汽车|920030|5.17|4736303|28432802.00|2.76|6.55|0.52|6.10|5.96|6.18|5.83|4.74|5.80|8522362|52149068.00|1|0.0000|0.0000|0.0000|0|5.80
康普化学|920033|3.74|1542836|25876040.00|1.29|6.44|0.06|16.91|16.51|17.35|16.31|1.54|16.30|2513804|43319668.00|1|0.0000|0.0000|0.0000|0|16.30
国义招标|920039|7.90|2053376|17118210.00|1.00|7.90|1.00|8.60|8.05|8.60|8.05|2.05|7.97|2582798|21899236.00|1|0.0000|0.0000|0.0000|0|7.97
亿能电力|920046|7.35|4887972|67933784.00|0.00|9.17|0.00|14.16|13.19|14.40|13.19|4.89|13.19|5886994|83282952.00|1|0.0000|0.0000|0.0000|0|13.19
诺思兰德|920047|1.33|5619027|76046144.00|-0.07|3.92|-2.59|13.70|13.51|14.05|13.17|5.62|13.52|8522704|118800064.00|1|0.0000|0.0000|0.0000|0|13.52
百甲科技|920057|5.70|4366465|24638860.00|3.86|7.35|0.18|5.75|5.65|5.84|5.45|4.37|5.44|4889817|27914862.00|1|0.0000|0.0000|0.0000|0|5.44
华洋赛车|920058|4.64|709359|17544512.00|0.92|5.77|0.92|25.02|24.13|25.29|24.13|0.71|23.91|1324406|33855408.00|1|0.0000|0.0000|0.0000|0|23.91
万源通|920060|3.50|3711789|97592864.00|1.77|6.92|0.75|26.32|25.88|27.19|25.62|3.71|25.43|5966081|168390384.00|1|0.0000|0.0000|0.0000|0|25.43
西磁科技|920061|16.36|11168855|425026912.00|-10.97|19.40|-11.02|41.69|31.90|42.78|31.88|11.17|35.83|9656006|383108896.00|1|0.0000|0.0000|0.0000|0|35.83
科润智控|920062|6.31|6938958|53853652.00|0.94|6.71|0.94|7.92|7.52|7.95|7.52|6.94|7.45|10633601|83187824.00|1|0.0000|0.0000|0.0000|0|7.45
科拜尔|920066|3.06|757242|26402566.00|0.09|5.82|0.09|35.06|34.05|36.00|34.05|0.76|34.02|1075713|37905132.00|1|0.0000|0.0000|0.0000|0|34.02
柏星龙|920075|5.67|2462799|54024860.00|1.79|6.28|1.70|22.37|21.55|22.50|21.53|2.46|21.17|3505244|80993568.00|1|0.0000|0.0000|0.0000|0|21.17
吉林碳谷|920077|3.83|5733862|61427432.00|0.77|4.98|-0.86|10.84|10.52|10.96|10.35|5.73|10.44|9412181|100367160.00|1|0.0000|0.0000|0.0000|0|10.44
方正阀门|920082|7.85|6415485|101622776.00|1.06|8.11|1.06|16.22|15.20|16.26|15.20|6.42|15.04|6726757|107395208.00|1|0.0000|0.0000|0.0000|0|15.04
秋乐种业|920087|29.98|35213007|677365696.00|5.74|29.98|-6.21|21.98|17.88|21.98|15.86|35.21|16.91|36120459|561728000.00|1|0.0000|0.0000|0.0000|0|16.91
科力股份|920088|4.50|1956660|41450036.00|2.74|6.12|0.78|21.36|21.00|21.69|20.60|1.96|20.44|2674388|60259220.00|1|0.0000|0.0000|0.0000|0|20.44
禾昌聚合|920089|4.39|3986758|49641248.00|1.82|5.71|0.99|12.61|12.30|12.77|12.20|3.99|12.08|6361774|82253392.00|1|0.0000|0.0000|0.0000|0|12.08
同辉信息|920090|7.52|9792561|50879996.00|1.22|8.54|1.22|5.29|4.98|5.34|4.98|9.79|4.92|11929013|63807528.00|1|0.0000|0.0000|0.0000|0|4.92
汉鑫科技|920092|5.46|1556684|51851988.00|0.50|5.96|0.50|33.81|32.22|33.97|32.22|1.56|32.06|1814930|62293940.00|1|0.0000|0.0000|0.0000|0|32.06
科隆新材|920098|4.44|2035337|52016360.00|0.97|5.01|0.97|25.86|25.00|26.00|25.00|2.04|24.76|2854080|75147256.00|1|0.0000|0.0000|0.0000|0|24.76
瑞华技术|920099|4.42|2445605|63344200.00|1.99|4.93|0.29|28.37|27.71|28.51|27.25|2.45|27.17|2625712|74905256.00|1|0.0000|0.0000|0.0000|0|27.17
林泰新材|920106|7.29|910793|71925528.00|3.24|7.29|-0.55|82.10|79.00|82.10|76.10|0.91|76.52|1130419|86875592.00|1|0.0000|0.0000|0.0000|0|76.52
宏海科技|920108|4.82|2787058|56313836.00|1.49|6.67|1.49|20.43|19.78|20.79|19.78|2.79|19.49|3995193|83947984.00|1|0.0000|0.0000|0.0000|0|19.49
雷特科技|920110|7.14|1097777|31121674.00|1.83|7.25|1.83|29.25|27.80|29.28|27.80|1.10|27.30|1591514|47710280.00|1|0.0000|0.0000|0.0000|0|27.30
聚星科技|920111|5.00|3459560|81278232.00|1.99|6.11|1.50|23.73|23.05|23.98|22.94|3.46|22.60|4631403|111024760.00|1|0.0000|0.0000|0.0000|0|22.60
星图测控|920116|4.03|3652119|279699328.00|3.52|6.90|0.03|77.15|76.77|79.28|74.18|3.65|74.16|5027943|391921984.00|1|0.0000|0.0000|0.0000|0|74.16
太湖远大|920118|4.87|928701|22345958.00|2.50|5.17|0.43|24.33|23.78|24.40|23.30|0.93|23.20|1528354|38546068.00|1|0.0000|0.0000|0.0000|0|23.20
中纺标|920122|22.27|3254698|144351536.00|8.93|26.73|3.00|46.01|40.99|47.69|38.76|3.25|37.63|1507499|61126596.00|1|0.0000|0.0000|0.0000|0|37.63
芭薇股份|920123|15.85|8280948|159476800.00|-1.70|15.85|-1.70|20.39|17.30|20.39|17.30|8.28|17.60|6277444|110106136.00|1|0.0000|0.0000|0.0000|0|17.60
胜业电气|920128|3.27|1872530|50284792.00|-0.23|5.67|-0.23|27.13|26.21|27.76|26.21|1.87|26.27|2452755|68372176.00|1|0.0000|0.0000|0.0000|0|26.27
立方控股|920130|5.38|7324476|206477904.00|2.74|8.27|0.15|28.41|27.70|29.19|27.00|7.32|26.96|8207277|238508928.00|1|0.0000|0.0000|0.0000|0|26.96
泰鹏智能|920132|6.05|2027594|27205300.00|1.47|6.43|0.85|13.68|13.09|13.73|13.01|2.03|12.90|2988879|40499268.00|1|0.0000|0.0000|0.0000|0|12.90
华岭股份|920139|4.97|8340800|161226128.00|4.21|8.96|0.97|19.44|19.30|20.18|18.70|8.34|18.52|10720820|213597392.00|1|0.0000|0.0000|0.0000|0|18.52
恒合股份|920145|3.39|1214276|21808344.00|0.85|3.90|-2.77|18.30|17.85|18.39|17.21|1.21|17.70|2217932|38578908.00|1|0.0000|0.0000|0.0000|0|17.70
华阳变速|920146|7.99|7490008|48821340.00|2.77|8.97|2.77|6.62|6.30|6.68|6.30|7.49|6.13|8624446|57753832.00|1|0.0000|0.0000|0.0000|0|6.13
旭杰科技|920149|9.51|3855890|41875676.00|4.06|11.99|0.20|11.05|10.50|11.30|10.11|3.86|10.09|4538800|48341340.00|1|0.0000|0.0000|0.0000|0|10.09
昆工科技|920152|6.40|2937236|49961836.00|1.30|8.57|1.30|17.13|16.31|17.48|16.31|2.94|16.10|3802383|66435500.00|1|0.0000|0.0000|0.0000|0|16.10
方大新材|920163|8.73|2162466|25480526.00|1.26|10.44|1.26|12.08|11.25|12.27|11.25|2.16|11.11|3166097|39303296.00|1|0.0000|0.0000|0.0000|0|11.11
同享科技|920167|4.85|2530174|42541476.00|3.30|8.40|2.05|16.86|16.61|17.43|16.41|2.53|16.08|3594416|63247792.00|1|0.0000|0.0000|0.0000|0|16.08
七丰精工|920169|7.55|3485400|43570676.00|0.67|8.05|0.67|12.82|12.00|12.88|12.00|3.49|11.92|4152208|53954920.00|1|0.0000|0.0000|0.0000|0|11.92
志晟信息|920171|4.57|10604248|303225376.00|1.57|4.57|-1.29|29.28|28.44|29.28|27.64|10.60|28.00|11479308|306237984.00|1|0.0000|0.0000|0.0000|0|28.00
五新隧装|920174|5.29|2221272|58837616.00|0.39|6.59|0.39|26.85|25.60|27.18|25.60|2.22|25.50|3008935|80995568.00|1|0.0000|0.0000|0.0000|0|25.50
东方碳素|920175|12.90|8221467|86550760.00|0.00|13.81|-1.21|11.20|9.92|11.29|9.80|8.22|9.92|7474152|77789760.00|1|0.0000|0.0000|0.0000|0|9.92
凯德石英|920179|4.35|2805112|73168112.00|5.39|7.39|1.44|26.14|26.40|26.90|25.41|2.81|25.05|3639356|97627312.00|1|0.0000|0.0000|0.0000|0|25.05
国源科技|920184|18.20|6014268|73243440.00|2.85|18.38|2.76|12.86|11.19|12.88|11.18|6.01|10.88|4618853|55366856.00|1|0.0000|0.0000|0.0000|0|10.88
贝特瑞|920185|4.93|6678498|118122696.00|1.76|6.39|1.58|17.89|17.35|18.14|17.32|6.68|17.05|10858077|199860976.00|1|0.0000|0.0000|0.0000|0|17.05
雷神科技|920190|4.52|5363758|127035136.00|3.09|5.87|-0.17|24.04|23.71|24.35|22.96|5.36|23.00|6974485|175503744.00|1|0.0000|0.0000|0.0000|0|23.00
三祥科技|920195|4.72|3088220|37127676.00|1.97|5.32|0.34|12.20|11.88|12.27|11.69|3.09|11.65|4475323|56417932.00|1|0.0000|0.0000|0.0000|0|11.65
微创光电|920198|4.92|5312264|53686212.00|2.36|6.15|1.64|10.23|9.98|10.35|9.91|5.31|9.75|5903371|62142748.00|1|0.0000|0.0000|0.0000|0|9.75
倍益康|920199|9.52|3568409|77428080.00|2.67|11.05|0.38|23.00|21.56|23.32|21.08|3.57|21.00|5474305|125661152.00|1|0.0000|0.0000|0.0000|0|21.00
沪江材料|920204|6.07|2676052|41356348.00|2.70|6.81|1.82|15.73|15.23|15.84|15.10|2.68|14.83|3416452|55600732.00|1|0.0000|0.0000|0.0000|0|14.83
众诚科技|920207|5.97|3970334|78622984.00|2.09|7.17|1.31|20.24|19.50|20.47|19.35|3.97|19.10|4749911|99605736.00|1|0.0000|0.0000|0.0000|0|19.10
青矩技术|920208|6.75|1492415|45813228.00|3.42|7.53|3.22|31.17|30.20|31.40|30.14|1.49|29.20|2322503|71685368.00|1|0.0000|0.0000|0.0000|0|29.20
智新电子|920212|5.63|3440091|43719796.00|2.45|5.63|0.82|12.95|12.56|12.95|12.36|3.44|12.26|4909548|65680028.00|1|0.0000|0.0000|0.0000|0|12.26
易实精密|920221|4.76|2968643|44640272.00|4.14|6.21|0.83|15.19|15.10|15.40|14.62|2.97|14.50|4235346|65962812.00|1|0.0000|0.0000|0.0000|0|14.50
荣亿精密|920223|8.80|4607960|40056080.00|1.71|9.41|1.71|8.90|8.32|8.95|8.32|4.61|8.18|4886010|43701940.00|1|0.0000|0.0000|0.0000|0|8.18
利通科技|920225|6.33|3659434|49131972.00|2.03|9.07|1.80|13.60|13.05|13.95|13.02|3.66|12.79|6004289|83482488.00|1|0.0000|0.0000|0.0000|0|12.79
美登科技|920227|5.03|654345|29702474.00|1.42|6.77|1.42|45.90|44.32|46.66|44.32|0.65|43.70|984604|47715064.00|1|0.0000|0.0000|0.0000|0|43.70
欧康医药|920230|15.35|10326732|216001328.00|0.80|17.25|-2.75|23.07|20.16|23.45|19.45|10.33|20.00|9920297|232899712.00|1|0.0000|0.0000|0.0000|0|20.00
力佳科技|920237|5.28|1657564|41814484.00|1.51|5.56|0.37|25.73|24.81|25.80|24.53|1.66|24.44|2095100|55090564.00|1|0.0000|0.0000|0.0000|0|24.44
长虹能源|920239|5.33|3874989|127460792.00|1.20|6.88|0.35|33.39|32.08|33.88|31.81|3.87|31.70|5169145|173876320.00|1|0.0000|0.0000|0.0000|0|31.70
建邦科技|920242|4.05|1348137|33410230.00|6.17|6.17|0.00|24.94|25.45|25.45|23.97|1.35|23.97|2453581|64130052.00|1|0.0000|0.0000|0.0000|0|23.97
威博液压|920245|5.07|2312007|59449120.00|2.19|6.57|1.42|25.91|25.20|26.28|25.01|2.31|24.66|2879483|79596360.00|1|0.0000|0.0000|0.0000|0|24.66
华密新材|920247|5.37|2007944|35717652.00|4.42|7.96|2.42|17.86|17.70|18.30|17.36|2.01|16.95|3123236|58569912.00|1|0.0000|0.0000|0.0000|0|16.95
利尔达|920249|7.73|12267864|134047008.00|4.35|8.31|2.13|11.15|10.80|11.21|10.57|12.27|10.35|14865115|168889232.00|1|0.0000|0.0000|0.0000|0|10.35
天宏锂电|920252|7.89|3143938|42135748.00|2.60|8.76|1.82|13.67|13.00|13.78|12.90|3.14|12.67|4450466|62515988.00|1|0.0000|0.0000|0.0000|0|12.67
中寰股份|920260|4.44|1850836|19788010.00|0.77|5.69|0.77|10.82|10.44|10.95|10.44|1.85|10.36|2385217|26052354.00|1|0.0000|0.0000|0.0000|0|10.36
一诺威|920261|4.70|3294341|33866036.00|1.50|4.70|0.60|10.46|10.14|10.46|10.05|3.29|9.99|5368113|55715704.00|1|0.0000|0.0000|0.0000|0|9.99
太湖雪|920262|13.43|2108065|43111728.00|1.28|13.43|1.28|21.28|19.00|21.28|19.00|2.11|18.76|1947781|39402708.00|1|0.0000|0.0000|0.0000|0|18.76
中航泰达|920263|10.70|5431570|55687900.00|3.29|11.63|2.06|10.76|10.04|10.85|9.92|5.43|9.72|6859756|73245984.00|1|0.0000|0.0000|0.0000|0|9.72
生物谷|920266|5.47|3030606|27468984.00|1.59|5.69|0.11|9.26|8.92|9.28|8.79|3.03|8.78|5303162|48325940.00|1|0.0000|0.0000|0.0000|0|8.78
鑫汇科|920267|6.71|1452398|30535744.00|2.20|7.51|2.20|21.32|20.42|21.48|20.42|1.45|19.98|1864085|40446060.00|1|0.0000|0.0000|0.0000|0|19.98
天铭科技|920270|4.50|2064754|29344638.00|3.70|5.15|0.80|14.40|14.29|14.49|13.89|2.06|13.78|3364684|49443160.00|1|0.0000|0.0000|0.0000|0|13.78
邦德股份|920271|5.62|2114486|29325436.00|2.25|6.52|1.72|14.10|13.65|14.22|13.58|2.11|13.35|3154818|45382436.00|1|0.0000|0.0000|0.0000|0|13.35
一致魔芋|920273|10.44|7536540|319917952.00|2.30|15.09|0.38|43.17|39.99|44.99|39.24|7.54|39.09|6621707|258904016.00|1|0.0000|0.0000|0.0000|0|39.09
宏裕包材|920274|6.04|2149194|25825966.00|0.95|6.65|0.95|12.28|11.69|12.35|11.69|2.15|11.58|2774629|32632704.00|1|0.0000|0.0000|0.0000|0|11.58
驱动力|920275|11.01|21703725|251073824.00|-4.78|17.15|-9.03|12.30|10.55|12.98|10.08|21.70|11.08|23849389|266625312.00|1|0.0000|0.0000|0.0000|0|11.08
鹿得医疗|920278|7.03|4141596|35521956.00|1.70|7.64|0.12|8.83|8.39|8.88|8.26|4.14|8.25|5307104|46419644.00|1|0.0000|0.0000|0.0000|0|8.25
灵鸽科技|920284|11.18|8550415|151557200.00|2.16|12.38|1.02|18.50|17.00|18.70|16.81|8.55|16.64|8545073|154277056.00|1|0.0000|0.0000|0.0000|0|16.64
灿能电力|920299|6.59|6457710|97833768.00|0.56|8.54|0.56|15.36|14.49|15.64|14.49|6.46|14.41|7085610|110364160.00|1|0.0000|0.0000|0.0000|0|14.41
辰光医疗|920300|12.84|14170218|259705120.00|-0.28|12.84|-6.08|20.04|17.71|20.04|16.68|14.17|17.76|13076910|229246208.00|1|0.0000|0.0000|0.0000|0|17.76
迪尔化工|920304|11.13|13091134|167821216.00|2.43|11.38|2.43|13.28|12.24|13.31|12.24|13.09|11.95|14645735|192892096.00|1|0.0000|0.0000|0.0000|0|11.95
*ST云创|920305|4.33|5076916|116011888.00|0.90|6.05|0.00|23.11|22.35|23.49|22.15|5.08|22.15|6713250|158716544.00|1|0.0000|0.0000|0.0000|0|22.15
恒太照明|920339|4.23|1195193|11375588.00|1.08|7.04|0.98|9.62|9.33|9.88|9.32|1.20|9.23|2098091|20633114.00|1|0.0000|0.0000|0.0000|0|9.23
三元基因|920344|4.58|4019648|80767024.00|1.06|5.04|-3.73|20.76|20.06|20.85|19.11|4.02|19.85|4899690|103303152.00|1|0.0000|0.0000|0.0000|0|19.85
威贸电子|920346|5.08|2551982|50271004.00|2.10|7.65|0.47|20.06|19.49|20.55|19.18|2.55|19.09|4022984|83746184.00|1|0.0000|0.0000|0.0000|0|19.09
华光源海|920351|11.40|20015381|355538400.00|0.00|18.09|-8.90|19.15|17.19|20.30|15.66|20.02|17.19|19981823|347191104.00|1|0.0000|0.0000|0.0000|0|17.19
雅葆轩|920357|4.88|1839146|31481596.00|1.46|7.44|0.67|17.19|16.63|17.61|16.50|1.84|16.39|2361510|43136948.00|1|0.0000|0.0000|0.0000|0|16.39
莱赛激光|920363|10.58|5044290|76663608.00|3.62|11.42|1.95|15.88|14.88|16.00|14.64|5.04|14.36|6079190|95417960.00|1|0.0000|0.0000|0.0000|0|14.36
新赣江|920367|6.68|3292613|69514920.00|2.38|7.52|2.23|21.56|20.69|21.73|20.66|3.29|20.21|3957719|88331912.00|1|0.0000|0.0000|0.0000|0|20.21
连城数控|920368|4.32|4581836|109955576.00|1.08|7.03|1.08|24.17|23.42|24.80|23.42|4.58|23.17|6347263|160383040.00|1|0.0000|0.0000|0.0000|0|23.17
新安洁|920370|10.68|11019697|39600020.00|0.89|11.28|0.89|3.73|3.40|3.75|3.40|11.02|3.37|12876016|46297028.00|1|0.0000|0.0000|0.0000|0|3.37
欧福蛋业|920371|15.99|42363351|589518720.00|-1.71|28.11|-7.76|14.94|12.66|16.50|11.88|42.36|12.88|38990588|466552192.00|1|0.0000|0.0000|0.0000|0|12.88
云里物里|920374|6.38|2500112|61975380.00|1.65|7.78|1.65|25.16|24.04|25.49|24.04|2.50|23.65|3450821|89790344.00|1|0.0000|0.0000|0.0000|0|23.65
派诺科技|920375|5.19|3988715|72113216.00|1.99|5.41|0.57|18.46|17.90|18.50|17.65|3.99|17.55|6048486|114969320.00|1|0.0000|0.0000|0.0000|0|17.55
泰德股份|920378|8.28|6937746|73198720.00|2.89|8.28|1.80|10.85|10.31|10.85|10.20|6.94|10.02|7805358|87154440.00|1|0.0000|0.0000|0.0000|0|10.02
佳合科技|920392|7.38|1209552|20280180.00|4.90|8.00|0.43|17.32|16.92|17.42|16.20|1.21|16.13|1625831|28247708.00|1|0.0000|0.0000|0.0000|0|16.13
民士达|920394|8.74|10847788|338772288.00|0.40|12.03|-4.25|32.73|30.22|33.72|28.82|10.85|30.10|15216874|487540384.00|1|0.0000|0.0000|0.0000|0|30.10
朗鸿科技|920395|5.99|2768920|41523200.00|3.06|6.89|1.04|15.22|14.80|15.35|14.51|2.77|14.36|3562318|52620596.00|1|0.0000|0.0000|0.0000|0|14.36
常辅股份|920396|6.50|10139701|318966240.00|0.32|7.41|-3.56|32.91|31.00|33.19|29.80|10.14|30.90|10541792|326847360.00|1|0.0000|0.0000|0.0000|0|30.90
硅烷科技|920402|6.22|6805919|54695916.00|2.20|7.38|2.07|8.20|7.89|8.29|7.88|6.81|7.72|10296255|84915360.00|1|0.0000|0.0000|0.0000|0|7.72
康农种业|920403|30.00|17508479|660745344.00|0.00|30.00|-17.29|44.20|34.00|44.20|28.12|17.51|34.00|14010447|440729312.00|1|0.0000|0.0000|0.0000|0|34.00
海希通讯|920405|6.83|3411247|52297956.00|5.31|9.93|2.90|15.49|15.27|15.94|14.92|3.41|14.50|4736031|78544176.00|1|0.0000|0.0000|0.0000|0|14.50
驰诚股份|920407|7.56|1669247|29532512.00|3.24|8.04|3.24|17.92|17.20|18.00|17.20|1.67|16.66|1949562|36319532.00|1|0.0000|0.0000|0.0000|0|16.66
欧普泰|920414|5.65|3699777|39697148.00|3.12|7.89|1.46|10.85|10.59|11.08|10.42|3.70|10.27|3787341|41422960.00|1|0.0000|0.0000|0.0000|0|10.27
恒拓开源|920415|6.31|4677012|59646948.00|4.83|7.86|1.39|12.98|12.80|13.17|12.38|4.68|12.21|6276137|84365208.00|1|0.0000|0.0000|0.0000|0|12.21
苏轴股份|920418|8.29|6599430|196831840.00|3.36|9.96|3.21|30.32|28.94|30.79|28.90|6.60|28.00|7265068|217717568.00|1|0.0000|0.0000|0.0000|0|28.00
路斯股份|920419|12.08|4721795|77446992.00|1.51|12.87|0.00|17.07|15.46|17.19|15.23|4.72|15.23|4682902|75159896.00|1|0.0000|0.0000|0.0000|0|15.23
润普食品|920422|29.95|12449358|187361664.00|2.33|29.95|1.50|15.62|12.30|15.62|12.20|12.45|12.02|8280504|103881480.00|1|0.0000|0.0000|0.0000|0|12.02
乐创技术|920425|7.92|3126724|63854320.00|0.72|8.48|0.72|20.99|19.59|21.10|19.59|3.13|19.45|3518865|75941432.00|1|0.0000|0.0000|0.0000|0|19.45
华维设计|920427|11.66|4313569|48354484.00|2.64|21.45|0.88|11.40|10.48|12.40|10.30|4.31|10.21|3886991|42965148.00|1|0.0000|0.0000|0.0000|0|10.21
康比特|920429|15.03|11371560|227698272.00|-1.89|15.03|-2.81|21.28|18.15|21.28|17.98|11.37|18.50|7242750|136560016.00|1|0.0000|0.0000|0.0000|0|18.50
大唐药业|920433|7.15|10665510|73219296.00|2.59|8.07|1.22|7.04|6.74|7.10|6.65|10.67|6.57|13626780|95529584.00|1|0.0000|0.0000|0.0000|0|6.57
大地电气|920436|6.65|3136212|47453968.00|3.19|7.96|1.66|15.40|14.90|15.59|14.68|3.14|14.44|3285072|51228308.00|1|0.0000|0.0000|0.0000|0|14.44
戈碧迦|920438|5.04|3648049|56115216.00|1.28|6.18|0.74|15.63|15.07|15.80|14.99|3.65|14.88|5812204|92861992.00|1|0.0000|0.0000|0.0000|0|14.88
龙竹科技|920445|6.98|4704791|34945920.00|4.99|8.69|2.56|7.51|7.37|7.63|7.20|4.70|7.02|6705857|52848612.00|1|0.0000|0.0000|0.0000|0|7.02
同心传动|920454|7.25|3403143|39560800.00|1.54|8.16|1.54|11.83|11.20|11.93|11.20|3.40|11.03|4918161|58248820.00|1|0.0000|0.0000|0.0000|0|11.03
汇隆活塞|920455|7.29|2823766|24393506.00|1.46|7.29|1.46|8.83|8.35|8.83|8.35|2.82|8.23|3591493|31640550.00|1|0.0000|0.0000|0.0000|0|8.23
富恒新材|920469|4.29|4833473|52858292.00|3.43|7.14|0.86|10.95|10.86|11.25|10.59|4.83|10.50|7535348|86335224.00|1|0.0000|0.0000|0.0000|0|10.50
美邦科技|920471|7.54|3606653|47788844.00|1.98|8.17|1.98|13.55|12.85|13.63|12.85|3.61|12.60|4763810|65851848.00|1|0.0000|0.0000|0.0000|0|12.60
三友科技|920475|6.77|2234970|32952296.00|1.92|7.98|1.92|14.98|14.30|15.15|14.30|2.23|14.03|2903567|45670800.00|1|0.0000|0.0000|0.0000|0|14.03
海能技术|920476|8.92|5801082|73131016.00|-0.50|9.58|-1.42|13.07|11.94|13.15|11.83|5.80|12.00|7186366|87069608.00|1|0.0000|0.0000|0.0000|0|12.00
峆一药业|920478|5.87|3982316|82914976.00|1.08|6.26|-0.84|21.47|20.50|21.55|20.11|3.98|20.28|5665382|121822360.00|1|0.0000|0.0000|0.0000|0|20.28
佳先股份|920489|8.04|13872205|297975680.00|3.00|8.53|-0.44|22.30|21.26|22.40|20.55|13.87|20.64|14370880|316405024.00|1|0.0000|0.0000|0.0000|0|20.64
奥迪威|920491|4.33|7692539|182281280.00|1.08|5.89|-0.43|24.10|23.35|24.46|23.00|7.69|23.10|10018853|247525808.00|1|0.0000|0.0000|0.0000|0|23.10
并行科技|920493|5.23|3391408|438242016.00|4.38|6.73|0.99|131.01|129.95|132.88|125.73|3.39|124.50|4640715|620781248.00|1|0.0000|0.0000|0.0000|0|124.50
许昌智能|920496|4.86|7181508|67278680.00|2.10|5.96|1.32|9.50|9.25|9.60|9.18|7.18|9.06|9876288|96036896.00|1|0.0000|0.0000|0.0000|0|9.06
博迅生物|920504|14.98|2761058|58313904.00|5.52|14.98|4.06|22.10|20.28|22.10|20.00|2.76|19.22|2162698|42517060.00|1|0.0000|0.0000|0.0000|0|19.22
九菱科技|920505|29.99|9906841|354926272.00|-4.93|29.99|-8.67|41.70|30.50|41.70|29.30|9.91|32.08|9620830|324213248.00|1|0.0000|0.0000|0.0000|0|32.08
殷图网联|920508|5.17|1258411|32173206.00|2.95|8.20|0.94|25.65|25.11|26.39|24.62|1.26|24.39|1817723|47939400.00|1|0.0000|0.0000|0.0000|0|24.39
同惠电子|920509|8.84|17856947|477911616.00|-0.91|8.84|-5.22|28.57|26.01|28.57|24.88|17.86|26.25|17734907|491103072.00|1|0.0000|0.0000|0.0000|0|26.25
丰光精密|920510|6.88|4173403|75750120.00|3.97|8.34|3.09|18.33|17.83|18.58|17.68|4.17|17.15|6600582|124421864.00|1|0.0000|0.0000|0.0000|0|17.15
万德股份|920519|8.57|3163199|33519108.00|1.00|9.07|1.00|10.89|10.13|10.94|10.13|3.16|10.03|3824836|40605924.00|1|0.0000|0.0000|0.0000|0|10.03
纳科诺尔|920522|3.58|3974101|182458304.00|4.14|5.82|-0.67|46.30|46.55|47.30|44.40|3.97|44.70|5404519|262607648.00|1|0.0000|0.0000|0.0000|0|44.70
德瑞锂电|920523|3.00|2615976|54743996.00|2.65|5.50|-0.25|20.96|20.89|21.47|20.30|2.62|20.35|4223499|91652856.00|1|0.0000|0.0000|0.0000|0|20.35
凯华材料|920526|5.45|1707653|38777180.00|3.02|7.56|1.79|23.02|22.49|23.48|22.22|1.71|21.83|2247499|53088152.00|1|0.0000|0.0000|0.0000|0|21.83
夜光明|920527|14.07|2283730|33522842.00|2.96|14.81|2.81|15.40|13.90|15.50|13.88|2.28|13.50|2457441|35185220.00|1|0.0000|0.0000|0.0000|0|13.50
骏创科技|920533|5.43|4391023|158675152.00|2.17|9.25|0.84|36.48|35.35|37.80|34.89|4.39|34.60|5135040|193214272.00|1|0.0000|0.0000|0.0000|0|34.60
铁大科技|920541|16.46|10766304|149334336.00|1.96|16.61|1.80|14.86|13.01|14.88|12.99|10.77|12.76|12526660|175983568.00|1|0.0000|0.0000|0.0000|0|12.76
无锡晶海|920547|9.51|3005522|54883792.00|2.92|10.15|2.51|18.77|17.64|18.88|17.57|3.01|17.14|3342677|61147780.00|1|0.0000|0.0000|0.0000|0|17.14
凯腾精工|920553|8.71|4873697|40119680.00|3.71|8.83|2.43|8.49|8.10|8.50|8.00|4.87|7.81|5744735|48963564.00|1|0.0000|0.0000|0.0000|0|7.81
雅达股份|920556|6.29|7305480|60498136.00|2.26|6.42|2.01|8.45|8.13|8.46|8.11|7.31|7.95|8567980|74101336.00|1|0.0000|0.0000|0.0000|0|7.95
天润科技|920564|8.51|3063246|52639172.00|4.66|10.57|3.48|17.46|16.84|17.79|16.65|3.06|16.09|3241982|57353312.00|1|0.0000|0.0000|0.0000|0|16.09
梓橦宫|920566|5.15|7581925|80070712.00|0.97|5.53|-0.10|10.83|10.40|10.87|10.29|7.58|10.30|9767768|104463320.00|1|0.0000|0.0000|0.0000|0|10.30
坤博精工|920570|10.11|2852461|89799200.00|2.86|10.62|2.86|32.67|30.52|32.82|30.52|2.85|29.67|2679928|87544944.00|1|0.0000|0.0000|0.0000|0|29.67
国航远洋|920571|7.26|29987865|178255456.00|-0.18|8.14|-0.18|6.06|5.64|6.11|5.64|29.99|5.65|36209476|225243408.00|1|0.0000|0.0000|0.0000|0|5.65
康乐卫士|920575|2.28|2502353|36931748.00|3.03|4.83|-1.38|14.83|14.94|15.20|14.30|2.50|14.50|3783377|57864508.00|1|0.0000|0.0000|0.0000|0|14.50
天力复合|920576|14.78|7691401|259366880.00|2.71|14.78|-6.63|36.88|33.00|36.88|30.00|7.69|32.13|6404771|211473200.00|1|0.0000|0.0000|0.0000|0|32.13
巨能股份|920578|4.68|2286856|50771868.00|2.90|7.58|0.61|22.38|22.00|23.00|21.51|2.29|21.38|3127155|71651392.00|1|0.0000|0.0000|0.0000|0|21.38
机科股份|920579|7.10|5041584|115224576.00|2.76|8.29|2.40|23.24|22.30|23.50|22.22|5.04|21.70|6395008|150938880.00|1|0.0000|0.0000|0.0000|0|21.70
科创新材|920580|8.76|2449260|25281320.00|2.37|10.31|2.27|10.55|9.93|10.70|9.92|2.45|9.70|2984236|31105594.00|1|0.0000|0.0000|0.0000|0|9.70
华信永道|920592|2.87|1872635|97791968.00|3.52|5.94|0.48|51.95|52.28|53.50|50.74|1.87|50.50|2503018|129932984.00|1|0.0000|0.0000|0.0000|0|50.50
鼎智科技|920593|3.80|4303625|162909488.00|2.06|6.61|-1.60|38.29|37.65|39.33|36.30|4.30|36.89|5987098|231865888.00|1|0.0000|0.0000|0.0000|0|36.89
同力股份|920599|3.06|7833854|133105176.00|1.14|3.65|0.00|17.20|16.88|17.30|16.69|7.83|16.69|13148492|230664272.00|1|0.0000|0.0000|0.0000|0|16.69
丰安股份|920608|29.95|7964614|152595728.00|6.52|29.95|6.52|20.74|17.00|20.74|17.00|7.96|15.96|2618046|42179388.00|1|0.0000|0.0000|0.0000|0|15.96
力王股份|920627|7.18|3405916|72615152.00|2.80|8.01|0.10|21.80|20.91|21.97|20.36|3.41|20.34|3670303|80959024.00|1|0.0000|0.0000|0.0000|0|20.34
新威凌|920634|10.33|3935243|87716768.00|4.62|11.95|-0.05|23.18|21.98|23.52|21.00|3.94|21.01|4353312|102226488.00|1|0.0000|0.0000|0.0000|0|21.01
晨光电缆|920639|6.44|16592982|122004000.00|2.29|8.15|2.29|7.44|7.15|7.56|7.15|16.59|6.99|21349303|159281632.00|1|0.0000|0.0000|0.0000|0|6.99
富士达|920640|5.28|4184196|91959544.00|5.00|7.38|1.21|22.53|22.47|22.98|21.66|4.18|21.40|5207900|120847352.00|1|0.0000|0.0000|0.0000|0|21.40
格利尔|920641|11.73|2551765|29667198.00|3.75|13.88|3.75|11.91|11.06|12.14|11.06|2.55|10.66|2619805|31546422.00|1|0.0000|0.0000|0.0000|0|10.66
通易航天|920642|8.61|4537515|48321572.00|0.00|9.01|0.00|10.97|10.10|11.01|10.10|4.54|10.10|4566580|49560792.00|1|0.0000|0.0000|0.0000|0|10.10
天罡股份|920651|4.64|1524631|37458756.00|1.44|6.16|0.93|24.79|24.03|25.15|23.91|1.52|23.69|2076253|51857016.00|1|0.0000|0.0000|0.0000|0|23.69
海昇药业|920656|13.01|7170870|150601824.00|-2.91|13.83|-7.77|23.28|20.00|23.45|19.00|7.17|20.60|7800575|176991424.00|1|0.0000|0.0000|0.0000|0|20.60
方盛股份|920662|4.94|1919515|35088512.00|2.16|7.72|1.14|18.49|18.00|18.98|17.82|1.92|17.62|2780053|52683364.00|1|0.0000|0.0000|0.0000|0|17.62
明阳科技|920663|10.59|3228932|62748732.00|2.66|10.81|1.58|20.36|18.90|20.40|18.70|3.23|18.41|3362967|67412672.00|1|0.0000|0.0000|0.0000|0|18.41
科强股份|920665|5.44|1622440|18665802.00|4.26|7.52|2.09|11.63|11.50|11.86|11.26|1.62|11.03|2258501|26673608.00|1|0.0000|0.0000|0.0000|0|11.03
数字人|920670|8.42|4270754|57333920.00|1.49|8.42|1.49|13.78|12.90|13.78|12.90|4.27|12.71|5440389|76025680.00|1|0.0000|0.0000|0.0000|0|12.71
秉扬科技|920675|8.15|3046253|27895294.00|2.38|8.27|0.00|9.55|9.04|9.56|8.83|3.05|8.83|3247628|29816550.00|1|0.0000|0.0000|0.0000|0|8.83
前进科技|920679|8.96|1071417|17283500.00|1.46|9.96|1.46|16.41|15.28|16.56|15.28|1.07|15.06|1299675|21171856.00|1|0.0000|0.0000|0.0000|0|15.06
广道退|920680|8.13|6267204|66204416.00|0.40|9.34|0.40|10.77|10.00|10.89|10.00|6.27|9.96|7117028|73694032.00|1|0.0000|0.0000|0.0000|0|9.96
球冠电缆|920682|6.94|16900944|180355744.00|0.68|8.02|0.68|10.94|10.30|11.05|10.30|16.90|10.23|19521716|217042864.00|1|0.0000|0.0000|0.0000|0|10.23
新芝生物|920685|8.34|3548632|44145952.00|-0.25|8.34|-0.25|12.86|11.84|12.86|11.84|3.55|11.87|4195597|51680652.00|1|0.0000|0.0000|0.0000|0|11.87
克莱特|920689|17.48|10525474|370175776.00|4.16|19.64|4.16|36.97|32.78|37.65|32.78|10.53|31.47|7979335|275688192.00|1|0.0000|0.0000|0.0000|0|31.47
捷众科技|920690|4.52|1081113|20553180.00|0.93|5.55|0.93|19.20|18.54|19.39|18.54|1.08|18.37|1958890|38885096.00|1|0.0000|0.0000|0.0000|0|18.37
阿为特|920693|7.32|2526522|93271720.00|1.09|7.43|0.11|38.26|36.04|38.30|35.69|2.53|35.65|2544114|98668120.00|1|0.0000|0.0000|0.0000|0|35.65
中裕科技|920694|5.75|2046260|33420970.00|1.39|5.75|1.07|16.73|16.04|16.73|15.99|2.05|15.82|3103454|53158568.00|1|0.0000|0.0000|0.0000|0|15.82
海达尔|920699|3.34|854548|32778972.00|2.00|5.64|-0.03|38.66|38.16|39.52|37.40|0.85|37.41|1284469|51475268.00|1|0.0000|0.0000|0.0000|0|37.41
豪声电子|920701|8.69|2536348|61834824.00|3.06|9.56|0.87|24.89|23.60|25.09|23.10|2.54|22.90|2846216|71139056.00|1|0.0000|0.0000|0.0000|0|22.90
广厦环能|920703|3.91|2023077|44594556.00|2.05|5.16|0.51|22.34|21.94|22.61|21.61|2.02|21.50|3135842|69817080.00|1|0.0000|0.0000|0.0000|0|21.50
铁拓机械|920706|11.50|3878051|56214504.00|1.58|16.24|1.58|14.83|13.51|15.46|13.51|3.88|13.30|3526990|51494884.00|1|0.0000|0.0000|0.0000|0|13.30
瑞星股份|920717|10.06|1971123|18593136.00|2.82|10.51|2.49|9.74|9.10|9.78|9.07|1.97|8.85|2804977|26955102.00|1|0.0000|0.0000|0.0000|0|8.85
合肥高科|920718|6.32|1697383|24882304.00|2.13|6.39|1.56|14.97|14.38|14.98|14.30|1.70|14.08|2583161|38370452.00|1|0.0000|0.0000|0.0000|0|14.08
宁新新材|920719|10.06|6668820|65816068.00|2.36|10.60|-0.54|10.28|9.56|10.33|9.29|6.67|9.34|7142062|71120816.00|1|0.0000|0.0000|0.0000|0|9.34
吉冈精密|920720|4.43|4052378|59720220.00|2.53|6.90|0.56|14.84|14.57|15.19|14.29|4.05|14.21|5870624|90724200.00|1|0.0000|0.0000|0.0000|0|14.21
惠丰钻石|920725|7.14|2784436|70483648.00|2.46|9.98|2.34|25.65|24.53|26.33|24.50|2.78|23.94|3506781|93720632.00|1|0.0000|0.0000|0.0000|0|23.94
朱老六|920726|18.55|13214601|310539488.00|-0.89|18.88|-1.41|25.24|21.10|25.31|20.99|13.21|21.29|8671376|190587680.00|1|0.0000|0.0000|0.0000|0|21.29
永顺生物|920729|7.08|33565783|394563488.00|-9.01|9.52|-11.88|12.71|10.80|13.00|10.46|33.57|11.87|36270506|453875904.00|1|0.0000|0.0000|0.0000|0|11.87
德源药业|920735|-0.52|4972654|207887184.00|0.71|3.10|-5.52|41.98|42.50|43.51|39.87|4.97|42.20|5524110|238399328.00|1|0.0000|0.0000|0.0000|0|42.20
路桥信息|920748|5.14|1616772|33549562.00|4.14|5.79|0.90|21.07|20.87|21.20|20.22|1.62|20.04|2066419|45164660.00|1|0.0000|0.0000|0.0000|0|20.04
惠同新材|920751|6.18|3671114|45650496.00|2.44|7.32|0.81|13.05|12.59|13.19|12.39|3.67|12.29|4257093|55481992.00|1|0.0000|0.0000|0.0000|0|12.29
天纺标|920753|12.27|3763569|97395960.00|4.70|20.27|4.39|25.81|24.07|27.65|24.00|3.76|22.99|2215601|55553832.00|1|0.0000|0.0000|0.0000|0|22.99
美之高|920765|8.47|1891885|31059038.00|1.85|8.59|0.95|17.04|16.00|17.06|15.86|1.89|15.71|2763523|48056820.00|1|0.0000|0.0000|0.0000|0|15.71
拾比佰|920768|19.35|6067445|48681640.00|2.71|19.89|1.49|8.82|7.59|8.86|7.50|6.07|7.39|4351575|34452284.00|1|0.0000|0.0000|0.0000|0|7.39
艾能聚|920770|5.39|5891095|79518048.00|4.01|7.09|1.93|13.68|13.50|13.90|13.23|5.89|12.98|8250651|116683960.00|1|0.0000|0.0000|0.0000|0|12.98
武汉蓝电|920779|8.25|1903078|86093568.00|1.93|8.25|1.93|46.60|43.88|46.60|43.88|1.90|43.05|2134164|98134736.00|1|0.0000|0.0000|0.0000|0|43.05
瑞奇智造|920781|5.14|9660521|100566560.00|2.18|5.64|0.20|10.63|10.33|10.68|10.13|9.66|10.11|12363622|129712104.00|1|0.0000|0.0000|0.0000|0|10.11
骑士乳业|920786|22.92|53910359|585882368.00|1.56|26.56|-4.06|11.80|9.75|12.15|9.21|53.91|9.60|40756393|395768992.00|1|0.0000|0.0000|0.0000|0|9.60
联迪信息|920790|2.83|3111765|104991896.00|2.50|5.43|-1.99|34.11|34.00|34.97|32.51|3.11|33.17|3820703|125811136.00|1|0.0000|0.0000|0.0000|0|33.17
东和新材|920792|9.17|6176589|54737280.00|1.64|11.57|1.64|10.00|9.31|10.22|9.31|6.18|9.16|5093204|49408760.00|1|0.0000|0.0000|0.0000|0|9.16
艾融软件|920799|3.11|5858773|286347456.00|2.83|5.96|0.15|49.12|48.99|50.48|47.71|5.86|47.64|7739758|377353056.00|1|0.0000|0.0000|0.0000|0|47.64
保丽洁|920802|7.12|1395152|23843080.00|2.11|9.66|1.55|17.30|16.49|17.71|16.40|1.40|16.15|1875901|32694220.00|1|0.0000|0.0000|0.0000|0|16.15
云星宇|920806|4.04|5595946|70407784.00|2.14|5.94|1.40|12.62|12.39|12.85|12.30|5.60|12.13|8815370|111547144.00|1|0.0000|0.0000|0.0000|0|12.13
奔朗新材|920807|18.48|22788797|244432384.00|-9.19|20.51|-9.19|11.73|8.99|11.93|8.99|22.79|9.90|18347354|202943376.00|1|0.0000|0.0000|0.0000|0|9.90
曙光数创|920808|3.46|3098633|147096528.00|2.02|6.50|0.41|47.60|46.94|49.00|46.20|3.10|46.01|4345819|212589456.00|1|0.0000|0.0000|0.0000|0|46.01
安达科技|920809|5.69|9174916|43524612.00|-0.66|6.35|-0.66|4.83|4.54|4.86|4.54|9.17|4.57|14555521|70272128.00|1|0.0000|0.0000|0.0000|0|4.57
春光智能|920810|8.11|3856703|51505692.00|1.59|12.88|0.95|13.60|12.78|14.20|12.70|3.86|12.58|5035071|68961392.00|1|0.0000|0.0000|0.0000|0|12.58
颖泰生物|920819|17.32|54690600|215909680.00|0.56|19.27|0.56|4.20|3.60|4.27|3.60|54.69|3.58|29904532|110456568.00|1|0.0000|0.0000|0.0000|0|3.58
则成电子|920821|3.81|3034420|82931896.00|3.06|6.23|0.42|27.50|27.30|28.14|26.60|3.03|26.49|4677363|135230080.00|1|0.0000|0.0000|0.0000|0|26.49
盖世食品|920826|16.18|25632039|343132256.00|-2.07|20.33|-3.57|14.00|11.80|14.50|11.62|25.63|12.05|17564191|209797168.00|1|0.0000|0.0000|0.0000|0|12.05
齐鲁华信|920832|6.09|3689666|24598724.00|3.59|6.72|0.94|6.79|6.63|6.83|6.46|3.69|6.40|5749709|38541692.00|1|0.0000|0.0000|0.0000|0|6.40
美心翼申|920833|6.25|5930661|98598320.00|1.50|8.31|0.37|17.00|16.24|17.33|16.06|5.93|16.00|8195600|139389808.00|1|0.0000|0.0000|0.0000|0|16.00
三维装备|920834|11.45|6250774|60529828.00|2.20|13.44|1.10|10.12|9.28|10.30|9.18|6.25|9.08|6869071|66987452.00|1|0.0000|0.0000|0.0000|0|9.08
华原股份|920837|8.54|5633101|74352712.00|1.34|8.54|1.34|13.73|12.82|13.73|12.82|5.63|12.65|6244263|84623816.00|1|0.0000|0.0000|0.0000|0|12.65
万通液压|920839|7.01|2498909|59853784.00|3.46|7.41|2.76|24.41|23.60|24.50|23.44|2.50|22.81|3377579|81089744.00|1|0.0000|0.0000|0.0000|0|22.81
浙江大农|920855|29.94|6253522|118488928.00|3.61|29.94|3.61|20.18|16.09|20.18|16.09|6.25|15.53|2953505|49941032.00|1|0.0000|0.0000|0.0000|0|15.53
浩淼科技|920856|6.58|4062675|64781340.00|3.29|9.08|2.37|16.20|15.70|16.58|15.56|4.06|15.20|4971746|84216104.00|1|0.0000|0.0000|0.0000|0|15.20
泓禧科技|920857|6.17|845433|11981924.00|0.37|6.90|0.37|14.46|13.67|14.56|13.67|0.85|13.62|1368449|20040676.00|1|0.0000|0.0000|0.0000|0|13.62
绿亨科技|920866|29.98|29504152|320825152.00|2.75|29.98|-4.66|12.27|9.70|12.27|9.00|29.50|9.44|20612377|195209184.00|1|0.0000|0.0000|0.0000|0|9.44
恒进感应|920870|5.97|4769013|69215000.00|3.52|6.40|1.51|14.74|14.40|14.80|14.12|4.77|13.91|6563674|100755272.00|1|0.0000|0.0000|0.0000|0|13.91
派特尔|920871|5.95|2356300|37475088.00|3.27|7.06|-3.20|16.21|15.80|16.38|14.81|2.36|15.30|2930421|43600724.00|1|0.0000|0.0000|0.0000|0|15.30
中设咨询|920873|6.90|11056742|52780100.00|1.56|11.80|1.56|4.80|4.56|5.02|4.56|11.06|4.49|12862440|59990808.00|1|0.0000|0.0000|0.0000|0|4.49
慧为智能|920876|5.97|2828123|54661936.00|3.34|6.30|1.56|19.69|19.20|19.75|18.87|2.83|18.58|3259007|66179936.00|1|0.0000|0.0000|0.0000|0|18.58
基康技术|920879|5.97|2799206|44697604.00|1.28|5.97|-0.51|16.51|15.78|16.51|15.50|2.80|15.58|3910640|64379948.00|1|0.0000|0.0000|0.0000|0|15.58
星辰科技|920885|8.60|4735184|57288304.00|2.19|9.21|2.19|12.38|11.65|12.45|11.65|4.74|11.40|6892890|86923408.00|1|0.0000|0.0000|0.0000|0|11.40
广咨国际|920892|9.88|2834721|38213368.00|0.71|11.62|0.71|13.90|12.74|14.12|12.74|2.83|12.65|2590408|34389412.00|1|0.0000|0.0000|0.0000|0|12.65
花溪科技|920895|29.97|8279978|147868464.00|17.09|29.97|13.15|18.78|16.92|18.78|16.35|8.28|14.45|2554309|37679084.00|1|0.0000|0.0000|0.0000|0|14.45
旺成科技|920896|9.49|3987179|58285536.00|6.00|13.79|4.60|14.77|14.30|15.35|14.11|3.99|13.49|4166693|60319352.00|1|0.0000|0.0000|0.0000|0|13.49
舜宇精工|920906|5.33|2636620|50010956.00|3.74|7.14|0.82|19.17|18.88|19.50|18.35|2.64|18.20|3299589|65636968.00|1|0.0000|0.0000|0.0000|0|18.20
远航精密|920914|5.19|2806615|44777236.00|3.12|5.84|1.04|16.20|15.88|16.30|15.56|2.81|15.40|4296553|71260288.00|1|0.0000|0.0000|0.0000|0|15.40
广脉科技|920924|5.02|4595326|96190704.00|2.39|7.41|0.94|21.12|20.59|21.60|20.30|4.60|20.11|4714784|105488424.00|1|0.0000|0.0000|0.0000|0|20.11
锦好医疗|920925|2.57|3880722|47529564.00|-2.73|3.23|-2.73|12.39|11.75|12.47|11.75|3.88|12.08|4321936|52845272.00|1|0.0000|0.0000|0.0000|0|12.08
鸿智科技|920926|5.54|1671687|30194314.00|4.38|6.34|1.79|18.30|18.10|18.44|17.65|1.67|17.34|2262765|43758812.00|1|0.0000|0.0000|0.0000|0|17.34
无锡鼎邦|920931|10.61|1706501|20692404.00|0.88|10.96|0.88|12.61|11.50|12.65|11.50|1.71|11.40|2119708|26148440.00|1|0.0000|0.0000|0.0000|0|11.40
科达自控|920932|4.65|2927889|65349128.00|2.14|7.07|1.12|22.50|21.96|23.02|21.74|2.93|21.50|4082523|93898232.00|1|0.0000|0.0000|0.0000|0|21.50
恒立钻具|920942|8.16|1686533|25809354.00|1.92|8.22|1.92|15.78|14.87|15.79|14.87|1.69|14.59|1884569|28982692.00|1|0.0000|0.0000|0.0000|0|14.59
优机股份|920943|4.91|1886045|27853294.00|2.60|6.53|1.19|14.95|14.62|15.18|14.42|1.89|14.25|2702924|42203532.00|1|0.0000|0.0000|0.0000|0|14.25
森萱医药|920946|3.74|8136943|77676856.00|-1.07|5.56|-1.50|9.71|9.26|9.88|9.22|8.14|9.36|11907973|118680904.00|1|0.0000|0.0000|0.0000|0|9.36
迅安科技|920950|3.39|978641|17077278.00|1.58|4.03|-0.64|17.69|17.38|17.80|17.00|0.98|17.11|1359310|24453630.00|1|0.0000|0.0000|0.0000|0|17.11
国子软件|920953|16.14|3351944|132141896.00|2.89|24.03|1.16|42.96|38.06|45.88|37.42|3.35|36.99|3422375|132987280.00|1|0.0000|0.0000|0.0000|0|36.99
汉维科技|920957|8.55|3284621|39334788.00|0.97|10.31|0.97|12.32|11.46|12.52|11.46|3.28|11.35|4201975|49997428.00|1|0.0000|0.0000|0.0000|0|11.35
创远信科|920961|5.07|5250891|76258968.00|2.43|5.57|1.28|14.72|14.35|14.79|14.19|5.25|14.01|7906231|117913432.00|1|0.0000|0.0000|0.0000|0|14.01
润农节水|920964|29.90|54540256|472071872.00|4.87|29.90|4.87|9.34|7.54|9.34|7.54|54.54|7.19|19047904|140618768.00|1|0.0000|0.0000|0.0000|0|7.19
大禹生物|920970|9.13|23894559|225630144.00|-1.35|19.28|-7.67|9.68|8.75|10.58|8.19|23.89|8.87|23175254|208813872.00|1|0.0000|0.0000|0.0000|0|8.87
天马新材|920971|5.31|3007546|70705720.00|1.77|6.86|1.59|23.80|23.00|24.15|22.96|3.01|22.60|3826899|96394848.00|1|0.0000|0.0000|0.0000|0|22.60
凯大催化|920974|4.20|3893104|26935636.00|2.25|6.60|1.05|6.95|6.82|7.11|6.74|3.89|6.67|6004062|41334700.00|1|0.0000|0.0000|0.0000|0|6.67
视声智能|920976|4.20|2250063|43110100.00|2.31|6.08|0.91|19.36|19.01|19.71|18.75|2.25|18.58|2660606|53584860.00|1|0.0000|0.0000|0.0000|0|18.58
开特股份|920978|3.45|3867602|68133032.00|1.17|4.96|-0.06|17.71|17.32|17.97|17.11|3.87|17.12|5561598|101095016.00|1|0.0000|0.0000|0.0000|0|17.12
晶赛科技|920981|4.53|3157125|90618432.00|3.88|7.52|0.65|29.07|28.89|29.90|27.99|3.16|27.81|4028604|123845552.00|1|0.0000|0.0000|0.0000|0|27.81
锦波生物|920982|-0.00|892420|253036304.00|0.03|0.88|-3.10|286.89|287.00|289.43|278.01|0.89|286.90|1513699|434515488.00|1|0.0000|0.0000|0.0000|0|286.90
海泰新能|920985|4.33|6640101|65191604.00|1.90|6.23|1.37|9.88|9.65|10.06|9.60|6.64|9.47|12323945|123678344.00|1|0.0000|0.0000|0.0000|0|9.47
中科美菱|920992|10.15|3909370|59707164.00|0.07|10.57|-0.21|15.73|14.29|15.79|14.25|3.91|14.28|4541220|70183136.00|1|0.0000|0.0000|0.0000|0|14.28
