平安银行|000001|-0.26|64391391|730375808.00|-0.53|0.18|-0.62|11.34|11.31|11.39|11.30|64.39|11.37|93264176|1058747264.00|1|0.0000|0.0000|0.0000|0|11.37
万  科Ａ|000002|1.42|91433005|653013888.00|-0.57|2.70|-0.71|7.14|7.00|7.23|6.99|91.43|7.04|50685328|357827616.00|1|0.0000|0.0000|0.0000|0|7.04
*ST国华|000004|-1.31|3474900|34174048.00|-0.40|0.10|-2.01|9.82|9.91|9.96|9.75|3.47|9.95|3922000|39304872.00|1|0.0000|0.0000|0.0000|0|9.95
深振业Ａ|000006|-1.27|39693104|277495328.00|-0.14|1.27|-2.55|6.97|7.05|7.15|6.88|39.69|7.06|55702569|396509600.00|1|0.0000|0.0000|0.0000|0|7.06
全新好|000007|0.98|3108999|19206392.00|-0.33|1.30|-0.65|6.20|6.12|6.22|6.10|3.11|6.14|2477300|15210813.00|1|0.0000|0.0000|0.0000|0|6.14
神州高铁|000008|10.20|143248677|396243008.00|-0.78|10.20|-1.18|2.81|2.53|2.81|2.52|143.25|2.55|24805700|63545608.00|1|0.0000|0.0000|0.0000|0|2.55
中国宝安|000009|-0.24|8177440|66906492.00|-0.73|0.49|-0.98|8.18|8.14|8.24|8.12|8.18|8.20|9043019|74565168.00|1|0.0000|0.0000|0.0000|0|8.20
美丽生态|000010|0.36|15626500|43862640.00|0.00|1.42|-1.42|2.82|2.81|2.85|2.77|15.63|2.81|12565500|35544544.00|1|0.0000|0.0000|0.0000|0|2.81
深物业A|000011|1.07|4248315|36114984.00|-0.71|1.30|-0.95|8.53|8.38|8.55|8.36|4.25|8.44|2500443|21141340.00|1|0.0000|0.0000|0.0000|0|8.44
南  玻Ａ|000012|0.80|12232121|61317908.00|-0.60|1.00|-0.60|5.03|4.96|5.04|4.96|12.23|4.99|6209300|30888370.00|1|0.0000|0.0000|0.0000|0|4.99
沙河股份|000014|0.74|4612300|50428440.00|-1.01|2.31|-1.38|10.92|10.73|11.09|10.69|4.61|10.84|5148900|56265740.00|1|0.0000|0.0000|0.0000|0|10.84
深康佳Ａ|000016|0.00|35959590|163742064.00|-1.10|2.42|-1.54|4.55|4.50|4.66|4.48|35.96|4.55|27023360|122755568.00|1|0.0000|0.0000|0.0000|0|4.55
深中华A|000017|-1.13|19042700|117249568.00|0.00|0.48|-1.93|6.14|6.21|6.24|6.09|19.04|6.21|28823191|180430576.00|1|0.0000|0.0000|0.0000|0|6.21
深粮控股|000019|1.53|8471588|55946060.00|-0.15|1.68|-0.31|6.65|6.54|6.66|6.53|8.47|6.55|5323000|34902424.00|1|0.0000|0.0000|0.0000|0|6.55
深华发Ａ|000020|-0.57|1381100|16762737.00|-1.47|0.57|-1.80|12.15|12.04|12.29|12.00|1.38|12.22|1570001|19303924.00|1|0.0000|0.0000|0.0000|0|12.22
深科技|000021|-0.86|16982743|315266624.00|-1.02|0.75|-1.39|18.50|18.47|18.80|18.40|16.98|18.66|11282156|210957472.00|1|0.0000|0.0000|0.0000|0|18.66
特  力Ａ|000025|0.05|31780558|583049408.00|-2.02|5.85|-2.68|18.31|17.93|19.37|17.81|31.78|18.30|32021993|582363712.00|1|0.0000|0.0000|0.0000|0|18.30
飞亚达|000026|-0.81|3884000|42586132.00|-0.99|-0.18|-1.72|10.98|10.96|11.05|10.88|3.88|11.07|3574200|39491336.00|1|0.0000|0.0000|0.0000|0|11.07
深圳能源|000027|0.47|11865990|76154576.00|-0.47|0.94|-0.63|6.43|6.37|6.46|6.36|11.87|6.40|11670542|74708672.00|1|0.0000|0.0000|0.0000|0|6.40
国药一致|000028|0.08|2596398|67055540.00|-0.54|0.66|-0.85|25.84|25.68|25.99|25.60|2.60|25.82|1737990|44926260.00|1|0.0000|0.0000|0.0000|0|25.82
深深房Ａ|000029|0.94|2786200|41723424.00|-0.87|2.02|-0.87|15.00|14.73|15.16|14.73|2.79|14.86|2030538|30135464.00|1|0.0000|0.0000|0.0000|0|14.86
富奥股份|000030|-1.87|11558800|67079148.00|-1.36|0.85|-2.73|5.76|5.79|5.92|5.71|11.56|5.87|13815756|80976392.00|1|0.0000|0.0000|0.0000|0|5.87
大悦城|000031|1.52|12352111|32984674.00|-0.76|1.89|-1.14|2.68|2.62|2.69|2.61|12.35|2.64|9559000|25154832.00|1|0.0000|0.0000|0.0000|0|2.64
深桑达Ａ|000032|-1.69|33975649|798197568.00|-2.07|1.81|-3.16|23.31|23.22|24.14|22.96|33.98|23.71|60720769|1430081408.00|1|0.0000|0.0000|0.0000|0|23.71
神州数码|000034|-0.10|27069394|1103564288.00|-1.06|2.65|-1.24|40.39|40.00|41.50|39.93|27.07|40.43|15705609|636340544.00|1|0.0000|0.0000|0.0000|0|40.43
中国天楹|000035|0.00|16297167|77395792.00|-0.63|1.05|-0.84|4.74|4.71|4.79|4.70|16.30|4.74|15311900|72813544.00|1|0.0000|0.0000|0.0000|0|4.74
华联控股|000036|0.52|17643961|67844416.00|-1.04|1.31|-1.57|3.85|3.79|3.88|3.77|17.64|3.83|6449035|24712978.00|1|0.0000|0.0000|0.0000|0|3.83
深南电A|000037|1.20|6884600|57498492.00|-0.96|1.33|-0.96|8.40|8.22|8.41|8.22|6.88|8.30|7163000|59547604.00|1|0.0000|0.0000|0.0000|0|8.30
中集集团|000039|-2.10|46775936|395117600.00|-0.93|0.00|-2.34|8.38|8.48|8.56|8.36|46.78|8.56|50280501|432442976.00|1|0.0000|0.0000|0.0000|0|8.56
中洲控股|000042|5.03|15241200|96636672.00|-0.81|6.82|-0.97|6.47|6.11|6.58|6.10|15.24|6.16|6380200|39523592.00|1|0.0000|0.0000|0.0000|0|6.16
深纺织Ａ|000045|-3.44|16500618|186602976.00|-1.72|0.00|-5.08|11.22|11.42|11.62|11.03|16.50|11.62|18546300|217480560.00|1|0.0000|0.0000|0.0000|0|11.62
京基智农|000048|0.28|18796707|333201888.00|0.28|4.23|-3.27|17.80|17.80|18.50|17.17|18.80|17.75|17208597|308593216.00|1|0.0000|0.0000|0.0000|0|17.75
德赛电池|000049|-1.34|4379939|99896856.00|-0.74|-0.17|-2.16|22.80|22.94|23.07|22.61|4.38|23.11|2339420|53988472.00|1|0.0000|0.0000|0.0000|0|23.11
深天马Ａ|000050|-0.85|9772393|79866512.00|-0.85|0.61|-1.58|8.15|8.15|8.27|8.09|9.77|8.22|7487422|61799744.00|1|0.0000|0.0000|0.0000|0|8.22
方大集团|000055|1.23|6453752|26437056.00|-0.74|1.23|-0.74|4.13|4.05|4.13|4.05|6.45|4.08|4437800|18146218.00|1|0.0000|0.0000|0.0000|0|4.08
皇庭国际|000056|-1.19|66631700|221567408.00|-1.48|0.89|-2.67|3.33|3.32|3.40|3.28|66.63|3.37|65462976|223987072.00|1|0.0000|0.0000|0.0000|0|3.37
深 赛 格|000058|0.85|7240100|60017288.00|-0.97|1.09|-1.45|8.33|8.18|8.35|8.14|7.24|8.26|7756932|64360956.00|1|0.0000|0.0000|0.0000|0|8.26
华锦股份|000059|-0.59|43467100|223923888.00|0.00|5.33|-1.38|5.04|5.07|5.34|5.00|43.47|5.07|40417711|200635584.00|1|0.0000|0.0000|0.0000|0|5.07
中金岭南|000060|-0.61|34913606|170449168.00|-0.61|0.20|-1.22|4.88|4.88|4.92|4.85|34.91|4.91|31009803|153099296.00|1|0.0000|0.0000|0.0000|0|4.91
农 产 品|000061|2.96|18719262|122672208.00|-0.62|3.74|-1.09|6.61|6.38|6.66|6.35|18.72|6.42|7340700|47186288.00|1|0.0000|0.0000|0.0000|0|6.42
深圳华强|000062|3.99|49320238|1176902784.00|-1.39|6.34|-1.43|23.96|22.72|24.50|22.71|49.32|23.04|17333368|399388704.00|1|0.0000|0.0000|0.0000|0|23.04
中兴通讯|000063|-0.80|69427051|2408579584.00|-1.26|-0.26|-2.03|34.76|34.60|34.95|34.33|69.43|35.04|89385312|3122760192.00|1|0.0000|0.0000|0.0000|0|35.04
北方国际|000065|1.14|19690625|208627232.00|-0.95|1.80|-1.42|10.69|10.47|10.76|10.42|19.69|10.57|11784811|124646024.00|1|0.0000|0.0000|0.0000|0|10.57
中国长城|000066|0.71|53146203|751838144.00|-1.00|2.21|-1.71|14.14|13.90|14.35|13.80|53.15|14.04|23942794|337016544.00|1|0.0000|0.0000|0.0000|0|14.04
华控赛格|000068|1.14|10385900|36737056.00|-0.57|1.70|-1.14|3.56|3.50|3.58|3.48|10.39|3.52|11510400|40505472.00|1|0.0000|0.0000|0.0000|0|3.52
华侨城Ａ|000069|2.45|54424673|135627456.00|-0.41|2.86|-0.82|2.51|2.44|2.52|2.43|54.42|2.45|41673600|102887680.00|1|0.0000|0.0000|0.0000|0|2.45
特发信息|000070|-0.68|5333060|31356076.00|-0.68|0.34|-1.18|5.87|5.87|5.93|5.84|5.33|5.91|6568000|38679340.00|1|0.0000|0.0000|0.0000|0|5.91
海王生物|000078|0.81|20653500|50987692.00|-0.81|1.22|-1.63|2.48|2.44|2.49|2.42|20.65|2.46|30191550|74511944.00|1|0.0000|0.0000|0.0000|0|2.46
盐 田 港|000088|1.04|13785670|66500892.00|-0.63|1.25|-1.04|4.84|4.76|4.85|4.74|13.79|4.79|7583663|36367160.00|1|0.0000|0.0000|0.0000|0|4.79
深圳机场|000089|1.18|15052601|102477328.00|-0.30|1.33|-0.44|6.84|6.74|6.85|6.73|15.05|6.76|5884400|39705768.00|1|0.0000|0.0000|0.0000|0|6.76
天健集团|000090|1.05|15732634|60519480.00|-0.52|1.84|-0.79|3.85|3.79|3.88|3.78|15.73|3.81|10653000|40564896.00|1|0.0000|0.0000|0.0000|0|3.81
广聚能源|000096|-1.61|6919300|130571352.00|-1.77|-0.52|-3.48|18.95|18.92|19.16|18.59|6.92|19.26|9037700|175551072.00|1|0.0000|0.0000|0.0000|0|19.26
中信海直|000099|-1.23|10580680|247062800.00|-0.98|0.68|-1.45|23.21|23.27|23.66|23.16|10.58|23.50|9406900|221252096.00|1|0.0000|0.0000|0.0000|0|23.50
TCL科技|000100|-2.66|256983644|1136142976.00|-0.67|-0.22|-3.10|4.39|4.48|4.50|4.37|256.98|4.51|180233311|810950720.00|1|0.0000|0.0000|0.0000|0|4.51
中成股份|000151|0.21|4252920|60830992.00|-0.28|1.40|-1.12|14.33|14.26|14.50|14.14|4.25|14.30|2777600|39740548.00|1|0.0000|0.0000|0.0000|0|14.30
丰原药业|000153|0.78|13263500|84982672.00|-0.63|1.57|-0.63|6.42|6.33|6.47|6.33|13.26|6.37|10826300|69175560.00|1|0.0000|0.0000|0.0000|0|6.37
川能动力|000155|0.00|20657950|235203056.00|-0.79|1.06|-1.06|11.37|11.28|11.49|11.25|20.66|11.37|26162672|298903200.00|1|0.0000|0.0000|0.0000|0|11.37
华数传媒|000156|-0.24|12436100|102916200.00|-1.21|0.84|-1.21|8.27|8.19|8.36|8.19|12.44|8.29|13615800|112944160.00|1|0.0000|0.0000|0.0000|0|8.29
中联重科|000157|-0.92|41866854|317590272.00|-0.66|0.66|-1.31|7.55|7.57|7.67|7.52|41.87|7.62|55497201|422158208.00|1|0.0000|0.0000|0.0000|0|7.62
常山北明|000158|-1.89|37845536|814814080.00|-1.15|0.46|-2.07|21.34|21.50|21.85|21.30|37.85|21.75|31335325|683615744.00|1|0.0000|0.0000|0.0000|0|21.75
国际实业|000159|0.74|6587502|35539932.00|-2.03|1.11|-2.03|5.45|5.30|5.47|5.30|6.59|5.41|6956500|37407840.00|1|0.0000|0.0000|0.0000|0|5.41
申万宏源|000166|0.20|69865769|346264512.00|-0.61|0.81|-0.81|4.96|4.92|4.99|4.91|69.87|4.95|55519412|274514464.00|1|0.0000|0.0000|0.0000|0|4.95
东方盛虹|000301|-0.85|7707013|63272800.00|-0.61|0.36|-1.21|8.18|8.20|8.28|8.15|7.71|8.25|6933354|56997692.00|1|0.0000|0.0000|0.0000|0|8.25
美的集团|000333|-3.42|56598874|4179849984.00|-1.79|-1.49|-3.70|73.36|74.60|74.83|73.15|56.60|75.96|26853625|2036925184.00|1|0.0000|0.0000|0.0000|0|75.96
潍柴动力|000338|-2.13|43290246|680772032.00|-1.13|-0.19|-2.57|15.64|15.80|15.95|15.57|43.29|15.98|39139848|625576512.00|1|0.0000|0.0000|0.0000|0|15.98
许继电气|000400|1.74|18033271|440821792.00|-0.58|2.65|-0.87|24.56|24.00|24.78|23.93|18.03|24.14|12707932|307173888.00|1|0.0000|0.0000|0.0000|0|24.14
金隅冀东|000401|2.20|15085623|76740280.00|-0.80|3.01|-0.80|5.10|4.95|5.14|4.95|15.09|4.99|12956018|65039700.00|1|0.0000|0.0000|0.0000|0|4.99
金 融 街|000402|1.79|23379100|66460632.00|-0.71|2.86|-1.07|2.85|2.78|2.88|2.77|23.38|2.80|8644400|24220692.00|1|0.0000|0.0000|0.0000|0|2.80
派林生物|000403|0.32|7554135|164942176.00|-0.64|1.05|-0.64|21.91|21.70|22.07|21.70|7.55|21.84|9891877|216991952.00|1|0.0000|0.0000|0.0000|0|21.84
长虹华意|000404|-3.61|21421847|161082240.00|-0.77|-0.52|-4.90|7.48|7.70|7.72|7.38|21.42|7.76|8536125|66032704.00|1|0.0000|0.0000|0.0000|0|7.76
胜利股份|000407|1.53|13865742|45518488.00|-0.92|1.84|-0.92|3.31|3.23|3.32|3.23|13.87|3.26|11785600|38531360.00|1|0.0000|0.0000|0.0000|0|3.26
藏格矿业|000408|-0.60|9226188|333485664.00|-0.74|0.14|-1.46|36.15|36.10|36.42|35.84|9.23|36.37|11871306|438866240.00|1|0.0000|0.0000|0.0000|0|36.37
云鼎科技|000409|-2.04|28778798|332989024.00|-2.13|0.17|-2.81|11.51|11.50|11.77|11.42|28.78|11.75|25689365|302310688.00|1|0.0000|0.0000|0.0000|0|11.75
沈阳机床|000410|-2.54|19640472|144250768.00|-2.14|-0.13|-2.81|7.28|7.31|7.46|7.26|19.64|7.47|27145683|203480992.00|1|0.0000|0.0000|0.0000|0|7.47
英特集团|000411|0.28|3155600|33968284.00|-0.47|0.84|-1.12|10.78|10.70|10.84|10.63|3.16|10.75|3463125|37313864.00|1|0.0000|0.0000|0.0000|0|10.75
渤海租赁|000415|-8.21|243135797|763904960.00|-5.87|-5.57|-9.68|3.13|3.21|3.22|3.08|243.14|3.41|114666289|390496704.00|1|0.0000|0.0000|0.0000|0|3.41
合百集团|000417|1.81|16248763|91311432.00|-0.72|2.89|-1.27|5.63|5.49|5.69|5.46|16.25|5.53|9062400|50200864.00|1|0.0000|0.0000|0.0000|0|5.53
通程控股|000419|1.58|9244720|53184040.00|-1.05|1.75|-1.58|5.80|5.65|5.81|5.62|9.24|5.71|6875340|39508816.00|1|0.0000|0.0000|0.0000|0|5.71
吉林化纤|000420|-0.53|44777900|167365536.00|-1.06|1.33|-1.86|3.74|3.72|3.81|3.69|44.78|3.76|53765376|201847056.00|1|0.0000|0.0000|0.0000|0|3.76
南京公用|000421|1.00|10566100|63855148.00|-0.66|1.16|-1.16|6.08|5.98|6.09|5.95|10.57|6.02|6884901|41559560.00|1|0.0000|0.0000|0.0000|0|6.02
湖北宜化|000422|-5.73|97089816|1256993280.00|-4.79|-3.77|-8.34|13.00|13.13|13.27|12.64|97.09|13.79|43361850|598407616.00|1|0.0000|0.0000|0.0000|0|13.79
东阿阿胶|000423|2.12|6243499|387621600.00|-0.44|2.48|-0.98|62.58|61.01|62.80|60.68|6.24|61.28|3479850|213477920.00|1|0.0000|0.0000|0.0000|0|61.28
徐工机械|000425|-1.82|40689835|351804096.00|-1.14|-0.80|-3.19|8.63|8.69|8.72|8.51|40.69|8.79|50510088|445953600.00|1|0.0000|0.0000|0.0000|0|8.79
兴业银锡|000426|-4.73|56074349|754007616.00|-1.94|-0.65|-5.52|13.28|13.67|13.85|13.17|56.07|13.94|47896100|665776448.00|1|0.0000|0.0000|0.0000|0|13.94
华天酒店|000428|2.82|25703110|84034280.00|-0.63|4.39|-0.94|3.28|3.17|3.33|3.16|25.70|3.19|11894754|38067868.00|1|0.0000|0.0000|0.0000|0|3.19
粤高速Ａ|000429|-1.57|12537126|171824912.00|-0.50|0.00|-4.15|13.75|13.90|13.97|13.39|12.54|13.97|11894801|168830560.00|1|0.0000|0.0000|0.0000|0|13.97
*ST张股|000430|4.70|58782080|495750688.00|-0.99|10.02|-2.10|8.46|8.00|8.89|7.91|58.78|8.08|31616461|249402528.00|1|0.0000|0.0000|0.0000|0|8.08
ST晨鸣|000488|-0.52|41863895|78809952.00|-1.57|-0.52|-2.62|1.90|1.88|1.90|1.86|41.86|1.91|66515705|127631624.00|1|0.0000|0.0000|0.0000|0|1.91
山东路桥|000498|0.67|11002042|65785580.00|-0.34|1.35|-1.01|5.98|5.92|6.02|5.88|11.00|5.94|8485268|50304048.00|1|0.0000|0.0000|0.0000|0|5.94
武商集团|000501|2.75|35036860|325399968.00|-0.77|3.30|-0.88|9.35|9.03|9.40|9.02|35.04|9.10|25288429|230053680.00|1|0.0000|0.0000|0.0000|0|9.10
国新健康|000503|-2.85|49615550|593114880.00|-1.17|3.02|-3.69|11.60|11.80|12.30|11.50|49.62|11.94|69372124|822041920.00|1|0.0000|0.0000|0.0000|0|11.94
*ST生物|000504|0.60|5708751|56959808.00|-0.70|2.41|-0.80|10.00|9.87|10.18|9.86|5.71|9.94|11147101|112035664.00|1|0.0000|0.0000|0.0000|0|9.94
京粮控股|000505|3.35|10542100|64330988.00|-0.34|3.85|-1.01|6.17|5.95|6.20|5.91|10.54|5.97|4498400|26904288.00|1|0.0000|0.0000|0.0000|0|5.97
招金黄金|000506|2.71|24760844|141102096.00|2.17|4.15|1.08|5.69|5.66|5.77|5.60|24.76|5.54|16959100|94032664.00|1|0.0000|0.0000|0.0000|0|5.54
珠海港|000507|1.55|19486950|101256848.00|-1.55|2.52|-1.55|5.23|5.07|5.28|5.07|19.49|5.15|14078368|72711808.00|1|0.0000|0.0000|0.0000|0|5.15
华塑控股|000509|0.63|7957500|25457322.00|-0.94|1.57|-0.94|3.21|3.16|3.24|3.16|7.96|3.19|6734100|21619790.00|1|0.0000|0.0000|0.0000|0|3.19
新金路|000510|-0.48|15497600|63305792.00|-0.97|0.00|-2.42|4.11|4.09|4.13|4.03|15.50|4.13|16179021|66706372.00|1|0.0000|0.0000|0.0000|0|4.13
丽珠集团|000513|0.00|4566106|165142016.00|-0.50|0.53|-0.83|36.19|36.01|36.38|35.89|4.57|36.19|5472908|198389184.00|1|0.0000|0.0000|0.0000|0|36.19
渝 开 发|000514|0.51|11049201|44067736.00|0.00|2.03|-1.27|3.97|3.95|4.03|3.90|11.05|3.95|5386500|21391830.00|1|0.0000|0.0000|0.0000|0|3.95
国际医学|000516|1.08|18978450|106335432.00|-1.08|2.53|-1.08|5.60|5.48|5.68|5.48|18.98|5.54|18333800|101935792.00|1|0.0000|0.0000|0.0000|0|5.54
荣安地产|000517|1.55|21002030|41099872.00|-0.52|1.55|-0.52|1.97|1.93|1.97|1.93|21.00|1.94|10399896|20183750.00|1|0.0000|0.0000|0.0000|0|1.94
*ST四环|000518|1.56|70414702|180422656.00|-0.78|5.47|-3.52|2.60|2.54|2.70|2.47|70.41|2.56|81107839|211659232.00|1|0.0000|0.0000|0.0000|0|2.56
中兵红箭|000519|-0.88|27610727|468904480.00|-1.12|2.00|-2.53|16.86|16.82|17.35|16.58|27.61|17.01|24837427|424795808.00|1|0.0000|0.0000|0.0000|0|17.01
凤凰航运|000520|2.95|20131500|89771480.00|-1.59|3.86|-2.05|4.53|4.33|4.57|4.31|20.13|4.40|11441501|50365940.00|1|0.0000|0.0000|0.0000|0|4.40
长虹美菱|000521|-5.31|51787088|409408192.00|-2.29|-2.17|-5.80|7.84|8.09|8.10|7.80|51.79|8.28|17571463|145423680.00|1|0.0000|0.0000|0.0000|0|8.28
红棉股份|000523|0.59|24133320|82201544.00|-0.88|0.88|-1.47|3.42|3.37|3.43|3.35|24.13|3.40|25907940|88370928.00|1|0.0000|0.0000|0.0000|0|3.40
岭南控股|000524|9.97|86011981|1147357696.00|2.31|9.97|0.08|13.79|12.83|13.79|12.55|86.01|12.54|42906528|515842688.00|1|0.0000|0.0000|0.0000|0|12.54
红太阳|000525|-1.80|24007527|158558656.00|-1.20|0.90|-2.84|6.56|6.60|6.74|6.49|24.01|6.68|27170988|180649584.00|1|0.0000|0.0000|0.0000|0|6.68
学大教育|000526|6.20|3141900|157078672.00|-1.09|6.74|-1.09|50.74|47.26|51.00|47.26|3.14|47.78|469700|22506488.00|1|0.0000|0.0000|0.0000|0|47.78
柳    工|000528|-2.84|25775454|293027488.00|-1.29|0.43|-3.45|11.27|11.45|11.65|11.20|25.78|11.60|26746106|308918336.00|1|0.0000|0.0000|0.0000|0|11.60
广弘控股|000529|2.50|13993775|85502720.00|-0.33|3.00|-0.67|6.15|5.98|6.18|5.96|13.99|6.00|3763480|22640552.00|1|0.0000|0.0000|0.0000|0|6.00
冰山冷热|000530|-4.97|48297462|273255904.00|-2.05|0.00|-4.97|5.55|5.72|5.84|5.55|48.30|5.84|40170230|235169248.00|1|0.0000|0.0000|0.0000|0|5.84
穗恒运Ａ|000531|0.63|7130400|45467304.00|-1.10|1.26|-1.57|6.41|6.30|6.45|6.27|7.13|6.37|10256928|65515664.00|1|0.0000|0.0000|0.0000|0|6.37
华金资本|000532|-1.03|7212100|111512184.00|-0.71|0.96|-2.18|15.42|15.47|15.73|15.24|7.21|15.58|6233200|97439560.00|1|0.0000|0.0000|0.0000|0|15.58
顺钠股份|000533|-4.59|53467200|339508928.00|-2.14|0.31|-5.20|6.24|6.40|6.56|6.20|53.47|6.54|57408000|381349600.00|1|0.0000|0.0000|0.0000|0|6.54
万泽股份|000534|-0.90|6422613|100180888.00|-0.77|2.19|-1.16|15.40|15.42|15.88|15.36|6.42|15.54|7679166|120523880.00|1|0.0000|0.0000|0.0000|0|15.54
华映科技|000536|-1.28|47573819|220366368.00|-1.07|0.43|-1.92|4.62|4.63|4.70|4.59|47.57|4.68|46239420|217692752.00|1|0.0000|0.0000|0.0000|0|4.68
中绿电|000537|1.15|13189137|114975144.00|-0.69|1.15|-1.04|8.77|8.61|8.77|8.58|13.19|8.67|9030058|78252728.00|1|0.0000|0.0000|0.0000|0|8.67
云南白药|000538|0.26|7664248|435956224.00|-0.23|0.51|-0.42|56.96|56.68|57.10|56.57|7.66|56.81|7511636|425610976.00|1|0.0000|0.0000|0.0000|0|56.81
粤电力Ａ|000539|-0.43|60745319|282012576.00|-2.13|-0.43|-2.55|4.68|4.60|4.68|4.58|60.75|4.70|81737591|381927616.00|1|0.0000|0.0000|0.0000|0|4.70
佛山照明|000541|-2.60|63650782|430041664.00|-1.88|-0.43|-3.76|6.73|6.78|6.88|6.65|63.65|6.91|65150894|452501088.00|1|0.0000|0.0000|0.0000|0|6.91
皖能电力|000543|1.05|43547269|334995328.00|-0.52|1.44|-0.79|7.72|7.60|7.75|7.58|43.55|7.64|42738755|327086400.00|1|0.0000|0.0000|0.0000|0|7.64
中原环保|000544|0.81|4333810|37555148.00|-0.12|1.51|-0.46|8.68|8.60|8.74|8.57|4.33|8.61|3633185|31316106.00|1|0.0000|0.0000|0.0000|0|8.61
金浦钛业|000545|1.85|24094360|52200012.00|-0.93|2.31|-1.39|2.20|2.14|2.21|2.13|24.09|2.16|33676030|73619112.00|1|0.0000|0.0000|0.0000|0|2.16
金圆股份|000546|1.56|10640209|48155156.00|-0.45|2.01|-1.34|4.55|4.46|4.57|4.42|10.64|4.48|10396900|47003080.00|1|0.0000|0.0000|0.0000|0|4.48
航天发展|000547|-0.14|10491326|76440376.00|-0.82|0.82|-0.96|7.28|7.23|7.35|7.22|10.49|7.29|9717000|70860816.00|1|0.0000|0.0000|0.0000|0|7.29
湖南投资|000548|-3.49|20050900|104711456.00|-2.75|-2.75|-5.50|5.26|5.30|5.30|5.15|20.05|5.45|11044202|60586564.00|1|0.0000|0.0000|0.0000|0|5.45
江铃汽车|000550|-3.10|6400995|143197168.00|-1.18|-0.65|-3.49|22.20|22.64|22.76|22.11|6.40|22.91|8528756|194055792.00|1|0.0000|0.0000|0.0000|0|22.91
创元科技|000551|-2.38|6287167|78075400.00|-0.95|0.87|-3.33|12.33|12.51|12.74|12.21|6.29|12.63|6266612|79478368.00|1|0.0000|0.0000|0.0000|0|12.63
甘肃能化|000552|0.79|26117016|66263952.00|-0.40|0.79|-0.79|2.55|2.52|2.55|2.51|26.12|2.53|22953000|58261604.00|1|0.0000|0.0000|0.0000|0|2.53
安道麦A|000553|0.85|3758301|22288576.00|-0.17|1.69|-1.02|5.96|5.90|6.01|5.85|3.76|5.91|3129200|18542728.00|1|0.0000|0.0000|0.0000|0|5.91
泰山石油|000554|-0.65|10735800|66106496.00|-0.97|0.16|-1.77|6.16|6.14|6.21|6.09|10.74|6.20|17140700|106405392.00|1|0.0000|0.0000|0.0000|0|6.20
神州信息|000555|-2.40|25160199|289479136.00|-1.54|0.60|-2.99|11.41|11.51|11.76|11.34|25.16|11.69|22055545|259442112.00|1|0.0000|0.0000|0.0000|0|11.69
西部创业|000557|-0.18|12237025|67850672.00|-0.72|0.72|-1.26|5.55|5.52|5.60|5.49|12.24|5.56|10151436|56091260.00|1|0.0000|0.0000|0.0000|0|5.56
天府文旅|000558|4.60|170079974|689227968.00|-1.28|8.44|-1.53|4.09|3.86|4.24|3.85|170.08|3.91|130730773|502226624.00|1|0.0000|0.0000|0.0000|0|3.91
万向钱潮|000559|3.62|236812700|1788818944.00|-0.13|6.71|-1.34|7.72|7.44|7.95|7.35|236.81|7.45|169652121|1242683904.00|1|0.0000|0.0000|0.0000|0|7.45
我爱我家|000560|4.73|217806318|673473664.00|-1.01|7.43|-1.01|3.10|2.93|3.18|2.93|217.81|2.96|50246674|148929296.00|1|0.0000|0.0000|0.0000|0|2.96
烽火电子|000561|0.38|6855500|54267276.00|-0.38|1.52|-0.89|7.91|7.85|8.00|7.81|6.86|7.88|9822862|77799272.00|1|0.0000|0.0000|0.0000|0|7.88
陕国投Ａ|000563|0.86|63293518|222565888.00|-0.57|1.72|-0.86|3.52|3.47|3.55|3.46|63.29|3.49|30842415|107634144.00|1|0.0000|0.0000|0.0000|0|3.49
供销大集|000564|3.75|319280089|878402752.00|-0.37|4.87|-0.75|2.77|2.66|2.80|2.65|319.28|2.67|129023405|346374176.00|1|0.0000|0.0000|0.0000|0|2.67
渝三峡Ａ|000565|1.12|5341800|28566368.00|-0.75|1.31|-1.50|5.40|5.30|5.41|5.26|5.34|5.34|2595573|13910893.00|1|0.0000|0.0000|0.0000|0|5.34
海南海药|000566|-0.22|9826000|45038080.00|-1.09|1.53|-1.53|4.57|4.53|4.65|4.51|9.83|4.58|10382203|47794948.00|1|0.0000|0.0000|0.0000|0|4.58
海德股份|000567|-0.17|7847632|45988384.00|-0.85|0.68|-1.36|5.86|5.82|5.91|5.79|7.85|5.87|6191623|36286704.00|1|0.0000|0.0000|0.0000|0|5.87
泸州老窖|000568|2.21|8646909|1139812224.00|-1.19|2.52|-1.26|132.58|128.17|132.98|128.08|8.65|129.71|5768268|751703360.00|1|0.0000|0.0000|0.0000|0|129.71
苏常柴Ａ|000570|0.73|18997153|104488416.00|0.36|1.28|-1.28|5.53|5.51|5.56|5.42|19.00|5.49|14063500|77809216.00|1|0.0000|0.0000|0.0000|0|5.49
新大洲A|000571|-2.74|17307437|74422816.00|-0.46|0.91|-4.11|4.26|4.36|4.42|4.20|17.31|4.38|21080931|92730440.00|1|0.0000|0.0000|0.0000|0|4.38
海马汽车|000572|-0.99|26819481|107330496.00|-0.74|0.25|-1.24|3.99|4.00|4.04|3.98|26.82|4.03|37527400|151086560.00|1|0.0000|0.0000|0.0000|0|4.03
粤宏远Ａ|000573|-2.61|49306771|222918304.00|-1.52|2.39|-4.13|4.48|4.53|4.71|4.41|49.31|4.60|50835051|235558352.00|1|0.0000|0.0000|0.0000|0|4.60
甘化科工|000576|-0.81|4381300|32046672.00|-1.09|0.54|-2.31|7.31|7.29|7.41|7.20|4.38|7.37|4483300|33103480.00|1|0.0000|0.0000|0.0000|0|7.37
威孚高科|000581|-2.27|16103000|335313920.00|-1.84|-0.19|-2.88|20.71|20.80|21.15|20.58|16.10|21.19|13431425|284560128.00|1|0.0000|0.0000|0.0000|0|21.19
北部湾港|000582|5.58|56838449|507343744.00|-1.05|5.93|-1.28|9.08|8.51|9.11|8.49|56.84|8.60|17327300|148903248.00|1|0.0000|0.0000|0.0000|0|8.60
汇源通信|000586|-1.38|4383300|40826940.00|-0.95|0.21|-2.97|9.31|9.35|9.46|9.16|4.38|9.44|3581300|34055056.00|1|0.0000|0.0000|0.0000|0|9.44
贵州轮胎|000589|-0.41|19270810|93223400.00|-0.82|0.21|-1.23|4.85|4.83|4.88|4.81|19.27|4.87|10374400|50538728.00|1|0.0000|0.0000|0.0000|0|4.87
古汉医药|000590|1.25|3442200|30432256.00|-1.02|1.70|-1.02|8.91|8.71|8.95|8.71|3.44|8.80|3275300|29067316.00|1|0.0000|0.0000|0.0000|0|8.80
太阳能|000591|0.89|29917600|134696768.00|-0.22|1.34|-0.45|4.51|4.46|4.53|4.45|29.92|4.47|21342681|95668552.00|1|0.0000|0.0000|0.0000|0|4.47
平潭发展|000592|-3.47|157101022|483432800.00|-4.42|0.00|-5.05|3.06|3.03|3.17|3.01|157.10|3.17|245716922|772144256.00|1|0.0000|0.0000|0.0000|0|3.17
德龙汇能|000593|1.47|7942100|43579708.00|-0.55|1.65|-0.55|5.52|5.41|5.53|5.41|7.94|5.44|4099800|22355756.00|1|0.0000|0.0000|0.0000|0|5.44
*ST宝实|000595|-2.64|18564100|103547240.00|-0.88|0.00|-2.82|5.53|5.63|5.68|5.52|18.56|5.68|19573300|111254384.00|1|0.0000|0.0000|0.0000|0|5.68
古井贡酒|000596|2.21|1893702|328947712.00|-0.80|2.80|-1.25|174.47|169.34|175.48|168.56|1.89|170.70|771889|132021088.00|1|0.0000|0.0000|0.0000|0|170.70
东北制药|000597|8.75|116288007|655785472.00|4.56|10.08|4.37|5.72|5.50|5.79|5.49|116.29|5.26|29302917|155011616.00|1|0.0000|0.0000|0.0000|0|5.26
兴蓉环境|000598|3.20|51494401|365308160.00|0.15|4.80|-0.15|7.10|6.89|7.21|6.87|51.49|6.88|10422665|71723784.00|1|0.0000|0.0000|0.0000|0|6.88
青岛双星|000599|10.09|28079139|131177696.00|0.00|10.09|-1.15|4.80|4.36|4.80|4.31|28.08|4.36|8229783|35948692.00|1|0.0000|0.0000|0.0000|0|4.36
建投能源|000600|1.34|65705208|397763616.00|-1.17|2.50|-1.34|6.07|5.92|6.14|5.91|65.71|5.99|56400063|336587552.00|1|0.0000|0.0000|0.0000|0|5.99
韶能股份|000601|0.51|158176561|943821888.00|0.00|3.37|-2.70|5.96|5.93|6.13|5.77|158.18|5.93|187046217|1088902272.00|1|0.0000|0.0000|0.0000|0|5.93
盛达资源|000603|-2.47|9439500|142751552.00|-0.39|0.46|-2.67|14.98|15.30|15.43|14.95|9.44|15.36|12023371|185105152.00|1|0.0000|0.0000|0.0000|0|15.36
渤海股份|000605|1.92|6216730|45923776.00|-1.50|2.19|-1.50|7.45|7.20|7.47|7.20|6.22|7.31|4434395|32468682.00|1|0.0000|0.0000|0.0000|0|7.31
华媒控股|000607|0.75|7208201|28791956.00|-1.01|1.51|-1.51|4.01|3.94|4.04|3.92|7.21|3.98|7501300|29863552.00|1|0.0000|0.0000|0.0000|0|3.98
*ST阳光|000608|0.00|19107802|32307242.00|-1.18|1.78|-1.18|1.69|1.67|1.72|1.67|19.11|1.69|20036526|34154320.00|1|0.0000|0.0000|0.0000|0|1.69
ST中迪|000609|-2.06|3148000|7509797.00|-1.23|0.00|-2.47|2.38|2.40|2.43|2.37|3.15|2.43|3165510|7663216.00|1|0.0000|0.0000|0.0000|0|2.43
西安旅游|000610|3.22|20234608|275272480.00|-0.15|3.22|-1.20|13.79|13.34|13.79|13.20|20.23|13.36|9650194|128394288.00|1|0.0000|0.0000|0.0000|0|13.36
焦作万方|000612|-0.67|28505980|209450192.00|-1.21|-0.27|-2.55|7.40|7.36|7.43|7.26|28.51|7.45|25090962|187948848.00|1|0.0000|0.0000|0.0000|0|7.45
*ST美谷|000615|1.93|10106902|37078940.00|0.00|2.75|-0.83|3.70|3.63|3.73|3.60|10.11|3.63|16140800|58875392.00|1|0.0000|0.0000|0.0000|0|3.63
中油资本|000617|2.01|181563800|1194744576.00|-0.93|6.48|-1.85|6.61|6.42|6.90|6.36|181.56|6.48|46194685|297435040.00|1|0.0000|0.0000|0.0000|0|6.48
海螺新材|000619|0.33|6782861|40794912.00|-0.50|1.84|-0.67|6.01|5.96|6.10|5.95|6.78|5.99|5446000|32528540.00|1|0.0000|0.0000|0.0000|0|5.99
盈新发展|000620|-0.59|42199651|71567608.00|-1.18|1.18|-1.76|1.69|1.68|1.72|1.67|42.20|1.70|55718969|93357600.00|1|0.0000|0.0000|0.0000|0|1.70
吉林敖东|000623|0.30|8842833|148718624.00|-0.60|0.71|-0.71|16.84|16.69|16.91|16.67|8.84|16.79|7707991|129338992.00|1|0.0000|0.0000|0.0000|0|16.79
长安汽车|000625|-0.69|48442735|624252672.00|-0.77|-0.08|-1.00|12.88|12.87|12.96|12.84|48.44|12.97|61796671|800664704.00|1|0.0000|0.0000|0.0000|0|12.97
远大控股|000626|1.31|4319102|23138800.00|-0.93|1.50|-1.12|5.42|5.30|5.43|5.29|4.32|5.35|3739884|19973776.00|1|0.0000|0.0000|0.0000|0|5.35
高新发展|000628|-1.82|3987200|183984416.00|-1.54|0.06|-2.27|45.87|46.00|46.75|45.66|3.99|46.72|2727800|127607584.00|1|0.0000|0.0000|0.0000|0|46.72
钒钛股份|000629|-0.35|47162865|134637680.00|-0.70|0.35|-1.05|2.85|2.84|2.87|2.83|47.16|2.86|38119206|109074800.00|1|0.0000|0.0000|0.0000|0|2.86
铜陵有色|000630|-2.05|189264992|637182464.00|-1.17|-0.58|-2.34|3.35|3.38|3.40|3.34|189.26|3.42|116835266|401008288.00|1|0.0000|0.0000|0.0000|0|3.42
顺发恒能|000631|0.70|7444559|21489178.00|-0.35|1.39|-0.70|2.89|2.86|2.91|2.85|7.44|2.87|5970200|17086536.00|1|0.0000|0.0000|0.0000|0|2.87
三木集团|000632|0.60|7959801|26501166.00|-1.20|1.20|-1.80|3.35|3.29|3.37|3.27|7.96|3.33|9605800|31994366.00|1|0.0000|0.0000|0.0000|0|3.33
合金投资|000633|0.80|31472824|156971728.00|-0.60|1.81|-1.81|5.02|4.95|5.07|4.89|31.47|4.98|35197132|175847936.00|1|0.0000|0.0000|0.0000|0|4.98
英 力 特|000635|2.50|4928720|39860288.00|-0.25|2.63|-1.00|8.19|7.97|8.20|7.91|4.93|7.99|3582600|28836052.00|1|0.0000|0.0000|0.0000|0|7.99
风华高科|000636|-2.14|11526300|164820816.00|-0.76|0.14|-2.48|14.20|14.40|14.53|14.15|11.53|14.51|6645415|96531728.00|1|0.0000|0.0000|0.0000|0|14.51
茂化实华|000637|-0.29|10004100|34800908.00|-1.15|0.86|-1.43|3.48|3.45|3.52|3.44|10.00|3.49|10675330|37305432.00|1|0.0000|0.0000|0.0000|0|3.49
*ST万方|000638|1.01|7178000|35491288.00|0.61|1.62|-1.42|4.99|4.97|5.02|4.87|7.18|4.94|4456100|22068044.00|1|0.0000|0.0000|0.0000|0|4.94
西王食品|000639|1.09|28435400|78653008.00|-2.17|1.81|-2.17|2.79|2.70|2.81|2.70|28.44|2.76|16012654|44239880.00|1|0.0000|0.0000|0.0000|0|2.76
仁和药业|000650|0.54|18388225|103222688.00|-0.54|0.71|-0.54|5.63|5.57|5.64|5.57|18.39|5.60|14250485|79796632.00|1|0.0000|0.0000|0.0000|0|5.60
格力电器|000651|0.40|40141606|1808260608.00|-0.93|0.51|-1.37|45.35|44.75|45.40|44.55|40.14|45.17|31611956|1435118592.00|1|0.0000|0.0000|0.0000|0|45.17
泰达股份|000652|1.30|18067180|70933160.00|-0.78|4.68|-0.78|3.90|3.82|4.03|3.82|18.07|3.85|9785400|37724968.00|1|0.0000|0.0000|0.0000|0|3.85
金岭矿业|000655|-0.29|5835390|39645408.00|-0.88|0.29|-1.46|6.81|6.77|6.85|6.73|5.84|6.83|6896100|47286068.00|1|0.0000|0.0000|0.0000|0|6.83
*ST金科|000656|2.27|69752064|93119984.00|-0.76|2.27|-0.76|1.35|1.31|1.35|1.31|69.75|1.32|133083824|177227344.00|1|0.0000|0.0000|0.0000|0|1.32
中钨高新|000657|-1.39|17574249|175288800.00|0.00|0.59|-2.08|9.95|10.09|10.15|9.88|17.57|10.09|16296867|164862912.00|1|0.0000|0.0000|0.0000|0|10.09
珠海中富|000659|3.30|32494771|100854648.00|-0.99|4.62|-0.99|3.13|3.00|3.17|3.00|32.49|3.03|14464972|44327968.00|1|0.0000|0.0000|0.0000|0|3.03
长春高新|000661|0.41|4213305|428220640.00|-1.07|1.13|-1.08|101.92|100.41|102.65|100.40|4.21|101.50|3493363|354723616.00|1|0.0000|0.0000|0.0000|0|101.50
永安林业|000663|0.53|4029250|22896110.00|-1.23|0.88|-1.23|5.70|5.60|5.72|5.60|4.03|5.67|4867000|27605096.00|1|0.0000|0.0000|0.0000|0|5.67
湖北广电|000665|-0.99|46387099|230748736.00|-1.79|0.40|-2.39|4.98|4.94|5.05|4.91|46.39|5.03|46856362|236812176.00|1|0.0000|0.0000|0.0000|0|5.03
*ST荣控|000668|-0.39|2745700|14033038.00|-1.36|0.78|-1.94|5.13|5.08|5.19|5.05|2.75|5.15|2541300|13035513.00|1|0.0000|0.0000|0.0000|0|5.15
ST金鸿|000669|0.54|3782300|6993214.00|0.00|1.08|-1.08|1.86|1.85|1.87|1.83|3.78|1.85|2486300|4588113.00|1|0.0000|0.0000|0.0000|0|1.85
盈方微|000670|-1.27|15125500|94621032.00|-2.06|0.47|-2.06|6.24|6.19|6.35|6.19|15.13|6.32|16625200|106063560.00|1|0.0000|0.0000|0.0000|0|6.32
上峰水泥|000672|3.54|19708631|160284608.00|0.13|4.56|-0.51|8.18|7.91|8.26|7.86|19.71|7.90|6589916|52332164.00|1|0.0000|0.0000|0.0000|0|7.90
智度股份|000676|-0.74|12472100|101275888.00|-1.10|0.74|-1.60|8.09|8.06|8.21|8.02|12.47|8.15|9647377|78791248.00|1|0.0000|0.0000|0.0000|0|8.15
恒天海龙|000677|10.10|55630171|233124528.00|0.00|10.10|-0.52|4.25|3.86|4.25|3.84|55.63|3.86|17172088|66439636.00|1|0.0000|0.0000|0.0000|0|3.86
襄阳轴承|000678|-4.77|63178897|722309248.00|-1.59|0.33|-8.03|11.38|11.76|11.99|10.99|63.18|11.95|49783744|595399936.00|1|0.0000|0.0000|0.0000|0|11.95
大连友谊|000679|1.29|9363475|59420572.00|-1.62|4.85|-1.94|6.26|6.08|6.48|6.06|9.36|6.18|7279300|45498040.00|1|0.0000|0.0000|0.0000|0|6.18
山推股份|000680|-2.80|24813773|216063936.00|-1.01|-1.01|-4.03|8.69|8.85|8.85|8.58|24.81|8.94|26954800|242966464.00|1|0.0000|0.0000|0.0000|0|8.94
视觉中国|000681|-1.89|20270199|424867968.00|-1.23|0.42|-2.03|20.78|20.92|21.27|20.75|20.27|21.18|15829468|336495712.00|1|0.0000|0.0000|0.0000|0|21.18
东方电子|000682|-1.60|14602123|145120400.00|-1.70|0.80|-1.90|9.86|9.85|10.10|9.83|14.60|10.02|11747266|117634872.00|1|0.0000|0.0000|0.0000|0|10.02
博源化工|000683|-0.54|24809472|137056432.00|-0.72|0.36|-1.44|5.53|5.52|5.58|5.48|24.81|5.56|20394542|113350176.00|1|0.0000|0.0000|0.0000|0|5.56
中山公用|000685|0.45|6826410|61252204.00|-0.78|1.23|-0.89|8.98|8.87|9.05|8.86|6.83|8.94|5709600|51029704.00|1|0.0000|0.0000|0.0000|0|8.94
东北证券|000686|-0.75|14864300|119026944.00|-0.87|0.50|-1.37|7.99|7.98|8.09|7.94|14.86|8.05|13022382|104109072.00|1|0.0000|0.0000|0.0000|0|8.05
国城矿业|000688|-1.34|3551362|41841524.00|-0.42|0.08|-2.18|11.78|11.89|11.95|11.68|3.55|11.94|3320938|39658768.00|1|0.0000|0.0000|0.0000|0|11.94
宝新能源|000690|0.96|42304343|177926288.00|-0.24|1.68|-0.48|4.21|4.16|4.24|4.15|42.30|4.17|19656000|81901624.00|1|0.0000|0.0000|0.0000|0|4.17
*ST亚太|000691|-0.68|14443000|41931900.00|-1.36|0.68|-2.72|2.92|2.90|2.96|2.86|14.44|2.94|10604127|30871952.00|1|0.0000|0.0000|0.0000|0|2.94
惠天热电|000692|1.20|7577200|25340190.00|-0.90|1.50|-1.20|3.37|3.30|3.38|3.29|7.58|3.33|5301200|17631356.00|1|0.0000|0.0000|0.0000|0|3.33
滨海能源|000695|1.01|2412050|23786858.00|-1.72|1.01|-1.72|9.98|9.71|9.98|9.71|2.41|9.88|2759800|27560208.00|1|0.0000|0.0000|0.0000|0|9.88
ST炼石|000697|0.13|5556900|44339180.00|-0.75|1.51|-1.38|7.97|7.90|8.08|7.85|5.56|7.96|6819700|54563960.00|1|0.0000|0.0000|0.0000|0|7.96
ST沈化|000698|1.79|15026882|50784776.00|0.00|2.38|-2.08|3.42|3.36|3.44|3.29|15.03|3.36|12940000|43770808.00|1|0.0000|0.0000|0.0000|0|3.36
模塑科技|000700|-3.80|26974400|207160480.00|-1.14|0.13|-4.44|7.59|7.80|7.90|7.54|26.97|7.89|19350887|153174528.00|1|0.0000|0.0000|0.0000|0|7.89
厦门信达|000701|0.21|9724100|46428756.00|-1.05|0.63|-1.88|4.79|4.73|4.81|4.69|9.72|4.78|10697300|51324136.00|1|0.0000|0.0000|0.0000|0|4.78
正虹科技|000702|1.49|13055400|90846672.00|-0.59|8.92|-1.93|6.83|6.69|7.33|6.60|13.06|6.73|3538100|23839392.00|1|0.0000|0.0000|0.0000|0|6.73
恒逸石化|000703|0.17|9605192|57755216.00|-0.50|0.33|-0.83|6.03|5.99|6.04|5.97|9.61|6.02|6683300|40299056.00|1|0.0000|0.0000|0.0000|0|6.02
浙江震元|000705|0.74|8731262|71385728.00|-0.74|0.98|-0.86|8.20|8.08|8.22|8.07|8.73|8.14|4998100|40698288.00|1|0.0000|0.0000|0.0000|0|8.14
双环科技|000707|0.14|8394300|59030536.00|-0.71|0.57|-0.99|7.06|7.00|7.09|6.98|8.39|7.05|5836400|41348480.00|1|0.0000|0.0000|0.0000|0|7.05
中信特钢|000708|-0.80|7699571|96050872.00|-0.48|0.08|-1.19|12.47|12.51|12.58|12.42|7.70|12.57|8002740|100687680.00|1|0.0000|0.0000|0.0000|0|12.57
河钢股份|000709|0.45|62630769|140592576.00|-0.45|0.89|-0.45|2.25|2.23|2.26|2.23|62.63|2.24|47117343|105906552.00|1|0.0000|0.0000|0.0000|0|2.24
贝瑞基因|000710|-0.94|19012300|263364528.00|-1.45|2.97|-1.88|13.67|13.60|14.21|13.54|19.01|13.80|19668200|271717984.00|1|0.0000|0.0000|0.0000|0|13.80
ST京蓝|000711|1.12|20380760|36331764.00|-1.12|1.69|-2.25|1.80|1.76|1.81|1.74|20.38|1.78|18626800|33052580.00|1|0.0000|0.0000|0.0000|0|1.78
锦龙股份|000712|-0.08|10040702|126240992.00|-0.87|0.95|-1.27|12.58|12.48|12.71|12.43|10.04|12.59|11601541|146380288.00|1|0.0000|0.0000|0.0000|0|12.59
国投丰乐|000713|3.82|32530212|235394128.00|0.85|3.96|0.42|7.34|7.13|7.35|7.10|32.53|7.07|6108420|43191512.00|1|0.0000|0.0000|0.0000|0|7.07
中兴商业|000715|3.13|42136020|301759040.00|-1.71|4.13|-1.99|7.24|6.90|7.31|6.88|42.14|7.02|31213358|216842704.00|1|0.0000|0.0000|0.0000|0|7.02
黑芝麻|000716|-0.77|23049300|148862768.00|-2.00|1.23|-2.16|6.44|6.36|6.57|6.35|23.05|6.49|41406599|269004928.00|1|0.0000|0.0000|0.0000|0|6.49
中南股份|000717|0.00|12229800|32927044.00|-0.37|0.74|-0.74|2.69|2.68|2.71|2.67|12.23|2.69|20039301|53939064.00|1|0.0000|0.0000|0.0000|0|2.69
苏宁环球|000718|0.92|26620067|58150972.00|-0.92|1.38|-1.38|2.19|2.15|2.20|2.14|26.62|2.17|15232845|33026234.00|1|0.0000|0.0000|0.0000|0|2.17
中原传媒|000719|1.65|13278615|155647344.00|-1.30|3.03|-1.30|11.74|11.40|11.90|11.40|13.28|11.55|7926059|91698208.00|1|0.0000|0.0000|0.0000|0|11.55
新能泰山|000720|1.05|8101200|23347732.00|-0.35|1.75|-1.05|2.89|2.85|2.91|2.83|8.10|2.86|6147400|17626874.00|1|0.0000|0.0000|0.0000|0|2.86
西安饮食|000721|1.21|20612633|189033296.00|-0.55|2.32|-1.32|9.18|9.02|9.28|8.95|20.61|9.07|15893149|142962128.00|1|0.0000|0.0000|0.0000|0|9.07
湖南发展|000722|10.02|58451503|762475008.00|10.02|10.02|5.89|13.07|13.07|13.07|12.58|58.45|11.88|3262101|38753760.00|1|0.0000|0.0000|0.0000|0|11.88
美锦能源|000723|0.00|28449344|128447208.00|-0.66|0.66|-1.11|4.52|4.49|4.55|4.47|28.45|4.52|32730704|148251824.00|1|0.0000|0.0000|0.0000|0|4.52
京东方Ａ|000725|-1.19|321169939|1336103552.00|-0.71|-0.24|-1.90|4.16|4.18|4.20|4.13|321.17|4.21|218232835|917505792.00|1|0.0000|0.0000|0.0000|0|4.21
鲁  泰Ａ|000726|-0.16|5745591|35539980.00|-0.81|0.48|-1.13|6.19|6.15|6.23|6.13|5.75|6.20|6092837|37574264.00|1|0.0000|0.0000|0.0000|0|6.20
冠捷科技|000727|-0.74|54376478|146721040.00|-0.74|0.74|-1.85|2.69|2.69|2.73|2.66|54.38|2.71|40676700|110324448.00|1|0.0000|0.0000|0.0000|0|2.71
国元证券|000728|-0.38|26313839|206584032.00|-0.89|0.38|-1.14|7.84|7.80|7.90|7.78|26.31|7.87|20039616|157532256.00|1|0.0000|0.0000|0.0000|0|7.87
燕京啤酒|000729|2.07|21290384|271163488.00|-0.72|2.23|-0.88|12.80|12.45|12.82|12.43|21.29|12.54|12025666|151695936.00|1|0.0000|0.0000|0.0000|0|12.54
四川美丰|000731|1.11|7225422|52423944.00|-0.55|1.52|-0.83|7.31|7.19|7.34|7.17|7.23|7.23|5918604|42855680.00|1|0.0000|0.0000|0.0000|0|7.23
振华科技|000733|3.93|19189132|1100195200.00|-1.04|5.13|-1.04|58.13|55.35|58.80|55.35|19.19|55.93|14605257|817664320.00|1|0.0000|0.0000|0.0000|0|55.93
罗 牛 山|000735|1.48|25108143|154778304.00|-0.66|2.30|-1.31|6.18|6.05|6.23|6.01|25.11|6.09|11055734|67196352.00|1|0.0000|0.0000|0.0000|0|6.09
*ST中地|000736|1.33|15921886|84860168.00|-0.38|2.86|-1.14|5.32|5.23|5.40|5.19|15.92|5.25|13785904|72466048.00|1|0.0000|0.0000|0.0000|0|5.25
北方铜业|000737|-3.19|83732284|841132992.00|-3.29|-0.87|-4.26|10.01|10.00|10.25|9.90|83.73|10.34|84701128|879514944.00|1|0.0000|0.0000|0.0000|0|10.34
航发控制|000738|-0.43|11370551|209917088.00|-0.86|0.32|-1.08|18.47|18.39|18.61|18.35|11.37|18.55|27324411|508010592.00|1|0.0000|0.0000|0.0000|0|18.55
普洛药业|000739|0.65|9764171|149734432.00|-0.65|0.92|-1.05|15.39|15.19|15.43|15.13|9.76|15.29|8802000|135106352.00|1|0.0000|0.0000|0.0000|0|15.29
国海证券|000750|0.50|50570009|205066336.00|-0.50|1.24|-0.74|4.05|4.01|4.08|4.00|50.57|4.03|58098742|234538208.00|1|0.0000|0.0000|0.0000|0|4.03
锌业股份|000751|0.34|12197398|35631684.00|-0.68|0.68|-1.37|2.94|2.91|2.95|2.89|12.20|2.93|10024300|29330664.00|1|0.0000|0.0000|0.0000|0|2.93
ST西发|000752|0.88|1276100|10195335.00|-0.13|1.26|-0.75|8.03|7.95|8.06|7.90|1.28|7.96|1208700|9594936.00|1|0.0000|0.0000|0.0000|0|7.96
漳州发展|000753|0.00|136906588|759608192.00|-3.08|3.62|-4.17|5.52|5.35|5.72|5.29|136.91|5.52|162941116|889303680.00|1|0.0000|0.0000|0.0000|0|5.52
山西高速|000755|2.26|15430601|76336736.00|-0.82|3.29|-2.46|4.98|4.83|5.03|4.75|15.43|4.87|6805200|33275586.00|1|0.0000|0.0000|0.0000|0|4.87
新华制药|000756|0.13|10627737|162543072.00|-1.11|1.18|-1.11|15.29|15.10|15.45|15.10|10.63|15.27|14788570|226497072.00|1|0.0000|0.0000|0.0000|0|15.27
浩物股份|000757|-0.26|16258200|62568400.00|-1.03|0.78|-2.07|3.86|3.83|3.90|3.79|16.26|3.87|10397210|40336220.00|1|0.0000|0.0000|0.0000|0|3.87
中色股份|000758|-0.20|18130940|91008376.00|-0.80|0.40|-1.19|5.02|4.99|5.05|4.97|18.13|5.03|15874800|80038608.00|1|0.0000|0.0000|0.0000|0|5.03
中百集团|000759|3.93|81174566|621304384.00|-1.76|6.64|-2.30|7.67|7.25|7.87|7.21|81.17|7.38|31636941|234415696.00|1|0.0000|0.0000|0.0000|0|7.38
本钢板材|000761|0.00|9356751|35250584.00|-1.59|0.79|-2.38|3.78|3.72|3.81|3.69|9.36|3.78|7480462|28198198.00|1|0.0000|0.0000|0.0000|0|3.78
西藏矿业|000762|-1.22|7050102|143626128.00|-1.46|0.00|-1.70|20.30|20.25|20.55|20.20|7.05|20.55|10437402|214057824.00|1|0.0000|0.0000|0.0000|0|20.55
通化金马|000766|0.55|13794301|250941920.00|-0.50|0.94|-0.94|18.25|18.06|18.32|17.98|13.79|18.15|14751800|269482144.00|1|0.0000|0.0000|0.0000|0|18.15
晋控电力|000767|1.49|31464501|84906496.00|-0.37|1.49|-0.75|2.72|2.67|2.72|2.66|31.46|2.68|23547084|63081156.00|1|0.0000|0.0000|0.0000|0|2.68
中航西飞|000768|-0.64|16274041|380776064.00|-1.02|0.26|-1.11|23.35|23.26|23.56|23.24|16.27|23.50|34064651|805080768.00|1|0.0000|0.0000|0.0000|0|23.50
广发证券|000776|0.43|33022249|533918688.00|-0.68|0.74|-0.74|16.20|16.02|16.25|16.01|33.02|16.13|30827948|499354016.00|1|0.0000|0.0000|0.0000|0|16.13
中核科技|000777|-0.23|11943902|213592192.00|-0.91|4.65|-1.14|17.58|17.46|18.44|17.42|11.94|17.62|10022922|177251520.00|1|0.0000|0.0000|0.0000|0|17.62
新兴铸管|000778|0.86|24916532|87144112.00|-0.57|1.15|-0.57|3.51|3.46|3.52|3.46|24.92|3.48|17441202|60872536.00|1|0.0000|0.0000|0.0000|0|3.48
甘咨询|000779|-1.29|14620600|134466640.00|-1.61|0.54|-2.15|9.17|9.14|9.34|9.09|14.62|9.29|17365284|162934096.00|1|0.0000|0.0000|0.0000|0|9.29
恒申新材|000782|0.39|7992600|40489172.00|-0.59|0.98|-1.57|5.10|5.05|5.13|5.00|7.99|5.08|9942500|50928096.00|1|0.0000|0.0000|0.0000|0|5.08
长江证券|000783|0.31|26570640|172285392.00|-0.77|0.77|-0.93|6.49|6.42|6.52|6.41|26.57|6.47|27038427|174619312.00|1|0.0000|0.0000|0.0000|0|6.47
居然智家|000785|-0.95|59705520|250663408.00|-1.19|0.95|-1.66|4.17|4.16|4.25|4.14|59.71|4.21|46103155|193970624.00|1|0.0000|0.0000|0.0000|0|4.21
北新建材|000786|0.44|11480937|341045696.00|-0.85|1.83|-1.43|29.59|29.21|30.00|29.04|11.48|29.46|7673357|228418496.00|1|0.0000|0.0000|0.0000|0|29.46
北大医药|000788|0.83|14811999|90053472.00|-0.66|1.66|-0.83|6.08|5.99|6.13|5.98|14.81|6.03|14106601|85255696.00|1|0.0000|0.0000|0.0000|0|6.03
万年青|000789|0.56|8543500|46184116.00|-0.74|1.30|-0.74|5.40|5.33|5.44|5.33|8.54|5.37|6412113|34289556.00|1|0.0000|0.0000|0.0000|0|5.37
华神科技|000790|1.04|14882177|57756588.00|-1.04|1.56|-1.04|3.89|3.81|3.91|3.81|14.88|3.85|12293760|47347360.00|1|0.0000|0.0000|0.0000|0|3.85
甘肃能源|000791|2.38|75514089|522149344.00|0.00|5.95|-0.60|6.88|6.72|7.12|6.68|75.51|6.72|43259101|291510816.00|1|0.0000|0.0000|0.0000|0|6.72
盐湖股份|000792|-0.60|27982035|462141952.00|-0.54|0.18|-0.84|16.49|16.50|16.62|16.45|27.98|16.59|22729971|377235360.00|1|0.0000|0.0000|0.0000|0|16.59
ST华闻|000793|2.10|52426237|126036424.00|-0.84|4.62|-1.26|2.43|2.36|2.49|2.35|52.43|2.38|52918452|125012024.00|1|0.0000|0.0000|0.0000|0|2.38
英洛华|000795|3.23|55256263|613558528.00|1.48|3.78|0.65|11.19|11.00|11.25|10.91|55.26|10.84|20390660|220691968.00|1|0.0000|0.0000|0.0000|0|10.84
凯撒旅业|000796|2.85|70066547|276898432.00|-1.04|4.66|-1.55|3.97|3.82|4.04|3.80|70.07|3.86|37583024|145010032.00|1|0.0000|0.0000|0.0000|0|3.86
中国武夷|000797|1.05|28126946|81146200.00|-1.39|1.39|-1.39|2.90|2.83|2.91|2.83|28.13|2.87|28663173|82541744.00|1|0.0000|0.0000|0.0000|0|2.87
中水渔业|000798|2.30|6704601|47239640.00|-0.43|2.45|-1.01|7.11|6.92|7.12|6.88|6.70|6.95|3588400|25023432.00|1|0.0000|0.0000|0.0000|0|6.95
酒鬼酒|000799|2.24|8710520|416083456.00|-0.43|4.65|-0.71|47.54|46.30|48.66|46.17|8.71|46.50|3359800|156288640.00|1|0.0000|0.0000|0.0000|0|46.50
一汽解放|000800|-0.63|11741656|93131552.00|-0.75|0.25|-1.00|7.92|7.91|7.99|7.89|11.74|7.97|14144205|112347696.00|1|0.0000|0.0000|0.0000|0|7.97
四川九洲|000801|-1.52|25347055|399680064.00|-1.64|2.21|-2.21|15.59|15.57|16.18|15.48|25.35|15.83|21533207|342193792.00|1|0.0000|0.0000|0.0000|0|15.83
北京文化|000802|0.43|9585802|44299468.00|-0.22|1.08|-0.87|4.63|4.60|4.66|4.57|9.59|4.61|8669000|40273748.00|1|0.0000|0.0000|0.0000|0|4.61
山高环能|000803|0.18|7307240|40305676.00|0.18|1.64|-1.27|5.51|5.51|5.59|5.43|7.31|5.50|10393052|57779252.00|1|0.0000|0.0000|0.0000|0|5.50
云铝股份|000807|-3.33|45361004|766698624.00|-1.49|-0.40|-4.19|16.85|17.17|17.36|16.70|45.36|17.43|22995182|404092256.00|1|0.0000|0.0000|0.0000|0|17.43
和展能源|000809|0.00|15007200|49414056.00|0.00|3.36|-1.22|3.27|3.27|3.38|3.23|15.01|3.27|7154100|23379596.00|1|0.0000|0.0000|0.0000|0|3.27
创维数字|000810|-1.24|11823690|151013856.00|-1.47|0.47|-2.33|12.73|12.70|12.95|12.59|11.82|12.89|9493706|122483160.00|1|0.0000|0.0000|0.0000|0|12.89
冰轮环境|000811|-1.53|10688678|130933232.00|-1.53|0.16|-2.42|12.22|12.22|12.43|12.11|10.69|12.41|8889623|110655024.00|1|0.0000|0.0000|0.0000|0|12.41
陕西金叶|000812|0.66|11105290|50227916.00|-1.11|0.88|-1.33|4.55|4.47|4.56|4.46|11.11|4.52|12536620|56916076.00|1|0.0000|0.0000|0.0000|0|4.52
德展健康|000813|1.79|37368690|127393904.00|-1.49|2.98|-1.49|3.42|3.31|3.46|3.31|37.37|3.36|26954050|90807608.00|1|0.0000|0.0000|0.0000|0|3.36
美利云|000815|-1.65|33090000|415478400.00|-1.26|1.73|-3.15|12.50|12.55|12.93|12.31|33.09|12.71|31935390|410882752.00|1|0.0000|0.0000|0.0000|0|12.71
智慧农业|000816|0.31|37088500|120757040.00|-1.23|1.85|-1.85|3.25|3.20|3.30|3.18|37.09|3.24|28773301|93834056.00|1|0.0000|0.0000|0.0000|0|3.24
航锦科技|000818|-1.46|26782443|689513216.00|-1.39|0.92|-2.27|25.59|25.61|26.21|25.38|26.78|25.97|24724250|644655552.00|1|0.0000|0.0000|0.0000|0|25.97
岳阳兴长|000819|-0.13|6247175|97727448.00|-1.08|0.38|-2.41|15.78|15.63|15.86|15.42|6.25|15.80|5409081|85790064.00|1|0.0000|0.0000|0.0000|0|15.80
*ST节能|000820|-0.40|7644200|19025678.00|-1.59|0.00|-1.59|2.50|2.47|2.51|2.47|7.64|2.51|11178912|28423492.00|1|0.0000|0.0000|0.0000|0|2.51
京山轻机|000821|-1.13|6650914|81953656.00|-1.45|0.40|-1.93|12.30|12.26|12.49|12.20|6.65|12.44|5678630|70819896.00|1|0.0000|0.0000|0.0000|0|12.44
山东海化|000822|10.05|81275647|480750784.00|-1.21|10.05|-4.68|6.35|5.70|6.35|5.50|81.28|5.77|30625001|177236032.00|1|0.0000|0.0000|0.0000|0|5.77
超声电子|000823|-3.83|17546433|182906416.00|-1.12|0.19|-4.67|10.29|10.58|10.72|10.20|17.55|10.70|9965751|107048912.00|1|0.0000|0.0000|0.0000|0|10.70
太钢不锈|000825|0.86|19811476|69633568.00|-0.86|1.14|-0.86|3.53|3.47|3.54|3.47|19.81|3.50|19768904|69367544.00|1|0.0000|0.0000|0.0000|0|3.50
启迪环境|000826|0.00|14764400|26751072.00|-1.10|0.55|-1.10|1.82|1.80|1.83|1.80|14.76|1.82|16316460|29741120.00|1|0.0000|0.0000|0.0000|0|1.82
东莞控股|000828|0.98|6811372|70009608.00|-0.68|1.08|-0.78|10.33|10.16|10.34|10.15|6.81|10.23|4110100|42035152.00|1|0.0000|0.0000|0.0000|0|10.23
天音控股|000829|-1.66|14359400|154342688.00|-1.75|0.18|-2.03|10.68|10.67|10.88|10.64|14.36|10.86|15726691|170842496.00|1|0.0000|0.0000|0.0000|0|10.86
鲁西化工|000830|0.00|15776100|190151728.00|-0.99|0.16|-1.57|12.13|12.01|12.15|11.94|15.78|12.13|11173989|135616704.00|1|0.0000|0.0000|0.0000|0|12.13
中国稀土|000831|0.74|41608775|1367142144.00|1.30|3.15|-0.25|32.62|32.80|33.40|32.30|41.61|32.38|25595711|827568192.00|1|0.0000|0.0000|0.0000|0|32.38
粤桂股份|000833|-0.94|17331180|199769920.00|-2.05|-0.17|-2.82|11.58|11.45|11.67|11.36|17.33|11.69|14761299|172916704.00|1|0.0000|0.0000|0.0000|0|11.69
秦川机床|000837|-4.48|127590406|1794233600.00|-0.14|0.48|-5.79|13.85|14.48|14.57|13.66|127.59|14.50|160645221|2308025856.00|1|0.0000|0.0000|0.0000|0|14.50
财信发展|000838|1.26|10651091|25497332.00|-1.26|2.10|-1.68|2.41|2.35|2.43|2.34|10.65|2.38|8581250|20465588.00|1|0.0000|0.0000|0.0000|0|2.38
国安股份|000839|0.72|27522965|76774624.00|-1.08|1.08|-1.80|2.80|2.75|2.81|2.73|27.52|2.78|27171785|75976448.00|1|0.0000|0.0000|0.0000|0|2.78
承德露露|000848|1.27|8709992|75998936.00|-0.92|1.39|-0.92|8.77|8.58|8.78|8.58|8.71|8.66|6081139|52771968.00|1|0.0000|0.0000|0.0000|0|8.66
华茂股份|000850|-0.47|9839000|42084684.00|-0.93|0.93|-1.40|4.27|4.25|4.33|4.23|9.84|4.29|7540200|32340484.00|1|0.0000|0.0000|0.0000|0|4.29
石化机械|000852|-1.30|46094953|318146112.00|-1.45|2.02|-1.73|6.83|6.82|7.06|6.80|46.09|6.92|49710876|342176288.00|1|0.0000|0.0000|0.0000|0|6.92
冀东装备|000856|-1.47|6305700|67941184.00|0.00|0.64|-2.21|10.72|10.88|10.95|10.64|6.31|10.88|6678270|72772288.00|1|0.0000|0.0000|0.0000|0|10.88
五 粮 液|000858|0.65|16562264|2187566592.00|-1.22|1.78|-1.34|132.00|129.55|133.48|129.39|16.56|131.15|10102473|1328718336.00|1|0.0000|0.0000|0.0000|0|131.15
国风新材|000859|2.24|136772190|829113152.00|2.93|8.28|1.90|5.93|5.97|6.28|5.91|136.77|5.80|136468139|804136000.00|1|0.0000|0.0000|0.0000|0|5.80
顺鑫农业|000860|0.94|9491440|162136896.00|-0.41|1.47|-0.88|17.11|16.88|17.20|16.80|9.49|16.95|4133040|70128408.00|1|0.0000|0.0000|0.0000|0|16.95
银星能源|000862|5.48|81040621|442236864.00|-1.51|6.05|-1.70|5.58|5.21|5.61|5.20|81.04|5.29|65531067|348924064.00|1|0.0000|0.0000|0.0000|0|5.29
三湘印象|000863|2.51|23245900|84980760.00|-0.56|2.79|-0.84|3.68|3.57|3.69|3.56|23.25|3.59|8228900|29542872.00|1|0.0000|0.0000|0.0000|0|3.59
安凯客车|000868|-3.41|34395240|216193872.00|-1.70|-0.77|-4.49|6.24|6.35|6.41|6.17|34.40|6.46|49846239|321426880.00|1|0.0000|0.0000|0.0000|0|6.46
张  裕Ａ|000869|1.18|1830698|40663964.00|-0.45|1.27|-0.77|22.31|21.95|22.33|21.88|1.83|22.05|1273200|28060904.00|1|0.0000|0.0000|0.0000|0|22.05
吉电股份|000875|0.56|39203165|211310640.00|-0.74|0.93|-0.74|5.40|5.33|5.42|5.33|39.20|5.37|30013180|160670192.00|1|0.0000|0.0000|0.0000|0|5.37
新 希 望|000876|4.40|80966743|780451008.00|1.93|4.94|1.29|9.73|9.50|9.78|9.44|80.97|9.32|12767400|119306288.00|1|0.0000|0.0000|0.0000|0|9.32
天山股份|000877|3.57|15469202|88693152.00|-0.71|4.11|-0.89|5.80|5.56|5.83|5.55|15.47|5.60|11427900|64531192.00|1|0.0000|0.0000|0.0000|0|5.60
云南铜业|000878|-1.70|41044245|523507776.00|-1.62|-0.54|-2.24|12.73|12.74|12.88|12.66|41.04|12.95|43304261|564623616.00|1|0.0000|0.0000|0.0000|0|12.95
潍柴重机|000880|1.94|57290425|2025821952.00|-4.44|7.78|-8.33|36.70|34.40|38.80|33.00|57.29|36.00|50649075|1793005952.00|1|0.0000|0.0000|0.0000|0|36.00
中广核技|000881|0.85|9911400|70415960.00|-0.43|2.99|-0.85|7.09|7.00|7.24|6.97|9.91|7.03|9058046|64052764.00|1|0.0000|0.0000|0.0000|0|7.03
华联股份|000882|1.82|148442700|333120800.00|-1.36|3.64|-1.82|2.24|2.17|2.28|2.16|148.44|2.20|73477601|162268672.00|1|0.0000|0.0000|0.0000|0|2.20
湖北能源|000883|1.24|30539882|149409088.00|-0.41|1.44|-0.41|4.91|4.83|4.92|4.83|30.54|4.85|29020524|140742432.00|1|0.0000|0.0000|0.0000|0|4.85
城发环境|000885|0.61|4822910|64035896.00|-0.53|2.05|-0.99|13.26|13.11|13.45|13.05|4.82|13.18|3729870|49069316.00|1|0.0000|0.0000|0.0000|0|13.18
海南高速|000886|1.31|21358108|131259440.00|-0.98|1.47|-1.47|6.19|6.05|6.20|6.02|21.36|6.11|23508514|144611648.00|1|0.0000|0.0000|0.0000|0|6.11
中鼎股份|000887|-3.32|45305550|843436288.00|-1.53|0.95|-3.53|18.36|18.70|19.17|18.32|45.31|18.99|42429008|806829952.00|1|0.0000|0.0000|0.0000|0|18.99
峨眉山Ａ|000888|3.34|48850536|719212800.00|-1.18|4.73|-1.74|14.87|14.22|15.07|14.14|48.85|14.39|30752978|440767168.00|1|0.0000|0.0000|0.0000|0|14.39
中嘉博创|000889|-2.33|17145200|43465132.00|-0.78|0.39|-2.33|2.51|2.55|2.58|2.51|17.15|2.57|21911067|56187820.00|1|0.0000|0.0000|0.0000|0|2.57
法尔胜|000890|0.00|9528586|31046960.00|-0.92|0.92|-2.14|3.27|3.24|3.30|3.20|9.53|3.27|10038601|32962440.00|1|0.0000|0.0000|0.0000|0|3.27
欢瑞世纪|000892|0.84|21487750|77220232.00|-1.12|1.68|-1.12|3.60|3.53|3.63|3.53|21.49|3.57|22909663|82639936.00|1|0.0000|0.0000|0.0000|0|3.57
亚钾国际|000893|-0.16|7340600|182071824.00|-0.80|0.52|-2.08|24.96|24.80|25.13|24.48|7.34|25.00|5812652|145433248.00|1|0.0000|0.0000|0.0000|0|25.00
双汇发展|000895|1.26|8999312|245419264.00|0.11|1.55|-0.78|27.40|27.09|27.48|26.85|9.00|27.06|9740383|264670048.00|1|0.0000|0.0000|0.0000|0|27.06
津滨发展|000897|1.30|32706720|75808936.00|-0.87|2.17|-1.30|2.33|2.28|2.35|2.27|32.71|2.30|17409940|40073080.00|1|0.0000|0.0000|0.0000|0|2.30
鞍钢股份|000898|1.24|30029993|73038448.00|-0.41|1.24|-0.83|2.45|2.41|2.45|2.40|30.03|2.42|23156278|56007648.00|1|0.0000|0.0000|0.0000|0|2.42
赣能股份|000899|4.10|48586515|450415360.00|-0.66|4.21|-1.11|9.40|8.97|9.41|8.93|48.59|9.03|23212300|210880352.00|1|0.0000|0.0000|0.0000|0|9.03
现代投资|000900|-2.38|27312363|111993584.00|-1.19|-1.19|-3.10|4.10|4.15|4.15|4.07|27.31|4.20|8890196|37413460.00|1|0.0000|0.0000|0.0000|0|4.20
航天科技|000901|-1.26|11701911|129492080.00|-0.99|1.44|-1.89|10.98|11.01|11.28|10.91|11.70|11.12|9885300|110085816.00|1|0.0000|0.0000|0.0000|0|11.12
新洋丰|000902|0.71|5982500|76560376.00|-0.94|1.33|-1.10|12.85|12.64|12.93|12.62|5.98|12.76|3965451|50557144.00|1|0.0000|0.0000|0.0000|0|12.76
ST云动|000903|-2.35|49825946|166437776.00|-1.76|0.00|-3.23|3.33|3.35|3.41|3.30|49.83|3.41|37407671|127306880.00|1|0.0000|0.0000|0.0000|0|3.41
厦门港务|000905|-1.61|33486349|265141216.00|-2.60|-0.87|-3.46|7.96|7.88|8.02|7.81|33.49|8.09|56212827|446689824.00|1|0.0000|0.0000|0.0000|0|8.09
浙商中拓|000906|1.31|7271721|44554140.00|-0.82|1.48|-1.15|6.18|6.05|6.19|6.03|7.27|6.10|4638700|28376000.00|1|0.0000|0.0000|0.0000|0|6.10
*ST景峰|000908|-4.91|26203900|114356064.00|-0.89|0.89|-4.91|4.26|4.44|4.52|4.26|26.20|4.48|9923270|44617236.00|1|0.0000|0.0000|0.0000|0|4.48
ST数源|000909|0.36|4493401|25148366.00|-0.36|2.33|-0.54|5.59|5.55|5.70|5.54|4.49|5.57|1828801|10239011.00|1|0.0000|0.0000|0.0000|0|5.57
大亚圣象|000910|1.13|4197400|33499660.00|0.00|1.77|-1.01|8.02|7.93|8.07|7.85|4.20|7.93|2755033|21828622.00|1|0.0000|0.0000|0.0000|0|7.93
广农糖业|000911|1.37|6223600|45803620.00|-0.68|1.78|-0.68|7.41|7.26|7.44|7.26|6.22|7.31|4431702|32497002.00|1|0.0000|0.0000|0.0000|0|7.31
泸天化|000912|1.28|9685400|45761300.00|-0.21|1.49|-0.85|4.76|4.69|4.77|4.66|9.69|4.70|7401700|34688948.00|1|0.0000|0.0000|0.0000|0|4.70
钱江摩托|000913|-4.03|8997934|155667952.00|-1.06|0.11|-4.14|17.15|17.68|17.89|17.13|9.00|17.87|4675482|83672304.00|1|0.0000|0.0000|0.0000|0|17.87
华特达因|000915|-0.07|6192900|178448304.00|-0.38|0.59|-1.38|28.89|28.80|29.08|28.51|6.19|28.91|5169207|149326256.00|1|0.0000|0.0000|0.0000|0|28.91
电广传媒|000917|-2.13|56666431|445792064.00|-1.88|1.00|-2.51|7.80|7.82|8.05|7.77|56.67|7.97|93611616|742451264.00|1|0.0000|0.0000|0.0000|0|7.97
金陵药业|000919|0.88|9191301|62664172.00|-0.59|1.33|-0.88|6.84|6.74|6.87|6.72|9.19|6.78|5911100|40270276.00|1|0.0000|0.0000|0.0000|0|6.78
沃顿科技|000920|-0.75|4535900|42006824.00|-1.07|0.00|-1.93|9.27|9.24|9.34|9.16|4.54|9.34|4985000|46531548.00|1|0.0000|0.0000|0.0000|0|9.34
海信家电|000921|-5.41|23261593|641058752.00|-1.54|-1.27|-7.27|27.60|28.73|28.81|27.06|23.26|29.18|8313974|242999888.00|1|0.0000|0.0000|0.0000|0|29.18
佳电股份|000922|-1.48|10360940|118770080.00|-1.04|2.26|-2.17|11.34|11.39|11.77|11.26|10.36|11.51|10289821|118627680.00|1|0.0000|0.0000|0.0000|0|11.51
河钢资源|000923|-3.63|19170030|293202336.00|-1.15|-0.13|-4.40|15.12|15.51|15.67|15.00|19.17|15.69|11756100|185171568.00|1|0.0000|0.0000|0.0000|0|15.69
众合科技|000925|0.25|15504640|126091672.00|-0.87|1.98|-1.36|8.10|8.01|8.24|7.97|15.50|8.08|10676826|86543448.00|1|0.0000|0.0000|0.0000|0|8.08
福星股份|000926|0.43|21855280|51109548.00|-0.86|2.16|-1.29|2.33|2.30|2.37|2.29|21.86|2.32|20879860|48587024.00|1|0.0000|0.0000|0.0000|0|2.32
中国铁物|000927|1.59|60756324|154711264.00|-0.40|1.98|-0.79|2.56|2.51|2.57|2.50|60.76|2.52|28393033|71703472.00|1|0.0000|0.0000|0.0000|0|2.52
中钢国际|000928|-0.77|14528340|93813240.00|-1.39|0.31|-1.39|6.44|6.40|6.51|6.40|14.53|6.49|10842100|70465024.00|1|0.0000|0.0000|0.0000|0|6.49
*ST兰黄|000929|0.00|3303135|22181314.00|-2.22|0.74|-2.22|6.76|6.61|6.81|6.61|3.30|6.76|2507459|17056106.00|1|0.0000|0.0000|0.0000|0|6.76
中粮科技|000930|1.64|13244901|73435968.00|-0.55|2.00|-0.73|5.58|5.46|5.60|5.45|13.24|5.49|7307700|40065664.00|1|0.0000|0.0000|0.0000|0|5.49
中 关 村|000931|0.20|9658796|47874360.00|-1.21|1.82|-1.62|4.95|4.88|5.03|4.86|9.66|4.94|6578652|32487578.00|1|0.0000|0.0000|0.0000|0|4.94
华菱钢铁|000932|2.76|81744985|421527424.00|-0.79|2.95|-0.98|5.22|5.04|5.23|5.03|81.74|5.08|53131499|269648608.00|1|0.0000|0.0000|0.0000|0|5.08
神火股份|000933|-1.24|16972528|310103520.00|-0.43|0.05|-2.42|18.35|18.50|18.59|18.13|16.97|18.58|17591335|330792192.00|1|0.0000|0.0000|0.0000|0|18.58
四川双马|000935|0.19|2949037|47426980.00|0.44|1.37|-0.44|16.05|16.09|16.24|15.95|2.95|16.02|2333799|37410772.00|1|0.0000|0.0000|0.0000|0|16.02
华西股份|000936|-0.56|14080600|100027536.00|-0.98|0.70|-1.40|7.10|7.07|7.19|7.04|14.08|7.14|13598298|97218016.00|1|0.0000|0.0000|0.0000|0|7.14
冀中能源|000937|0.34|9049620|53931344.00|-0.50|0.50|-0.50|5.98|5.93|5.99|5.93|9.05|5.96|8240380|49225748.00|1|0.0000|0.0000|0.0000|0|5.96
紫光股份|000938|-2.54|52070895|1429032960.00|-1.47|0.32|-3.19|27.19|27.49|27.99|27.01|52.07|27.90|63391132|1778224128.00|1|0.0000|0.0000|0.0000|0|27.90
南天信息|000948|0.11|7059800|124105936.00|-1.19|0.45|-1.70|17.64|17.41|17.70|17.32|7.06|17.62|5508276|97037600.00|1|0.0000|0.0000|0.0000|0|17.62
新乡化纤|000949|0.47|37752200|162595792.00|-0.93|1.64|-1.40|4.30|4.24|4.35|4.22|37.75|4.28|29549100|126679344.00|1|0.0000|0.0000|0.0000|0|4.28
重药控股|000950|1.17|19172679|98805720.00|-0.59|1.37|-0.59|5.18|5.09|5.19|5.09|19.17|5.12|10831700|55485504.00|1|0.0000|0.0000|0.0000|0|5.12
中国重汽|000951|-1.84|18170928|362052736.00|-1.79|0.15|-2.48|19.78|19.79|20.18|19.65|18.17|20.15|17232934|343612768.00|1|0.0000|0.0000|0.0000|0|20.15
广济药业|000952|1.60|5550342|31725132.00|-0.36|3.37|-0.36|5.72|5.61|5.82|5.61|5.55|5.63|3737340|21218016.00|1|0.0000|0.0000|0.0000|0|5.63
河化股份|000953|-5.10|86435327|514271776.00|-9.89|-0.32|-9.89|5.95|5.65|6.25|5.65|86.44|6.27|73962574|472855168.00|1|0.0000|0.0000|0.0000|0|6.27
欣龙控股|000955|1.46|14611079|61093352.00|-0.73|3.64|-1.21|4.18|4.09|4.27|4.07|14.61|4.12|9336800|38571328.00|1|0.0000|0.0000|0.0000|0|4.12
中通客车|000957|-2.46|17452242|193707280.00|-2.20|-0.88|-4.05|11.08|11.11|11.26|10.90|17.45|11.36|20971026|238714640.00|1|0.0000|0.0000|0.0000|0|11.36
电投产融|000958|3.79|438562785|3376457216.00|0.68|9.49|0.54|7.66|7.43|8.08|7.42|438.56|7.38|289009010|1982589312.00|1|0.0000|0.0000|0.0000|0|7.38
首钢股份|000959|0.90|28672128|95840056.00|-0.30|1.50|-0.90|3.36|3.32|3.38|3.30|28.67|3.33|24261326|81598512.00|1|0.0000|0.0000|0.0000|0|3.33
锡业股份|000960|-4.13|70598259|1096760960.00|-2.25|-0.81|-4.31|15.34|15.64|15.87|15.31|70.60|16.00|83645302|1343048960.00|1|0.0000|0.0000|0.0000|0|16.00
东方钽业|000962|-2.84|11938300|189570672.00|-1.11|0.00|-3.58|15.74|16.02|16.20|15.62|11.94|16.20|13722300|224093872.00|1|0.0000|0.0000|0.0000|0|16.20
华东医药|000963|0.03|12151916|472451456.00|-1.39|1.57|-1.39|38.75|38.20|39.35|38.20|12.15|38.74|15456458|600100160.00|1|0.0000|0.0000|0.0000|0|38.74
天保基建|000965|2.34|21892600|66787332.00|-0.67|3.34|-1.00|3.06|2.97|3.09|2.96|21.89|2.99|12298800|36814104.00|1|0.0000|0.0000|0.0000|0|2.99
长源电力|000966|2.97|53099986|255275168.00|-0.64|3.61|-0.85|4.85|4.68|4.88|4.67|53.10|4.71|22978952|108309120.00|1|0.0000|0.0000|0.0000|0|4.71
盈峰环境|000967|-1.02|36653962|215169696.00|-2.03|1.02|-2.03|5.85|5.79|5.97|5.79|36.65|5.91|51058439|306465376.00|1|0.0000|0.0000|0.0000|0|5.91
蓝焰控股|000968|0.77|5533161|36225104.00|-0.31|0.92|-0.77|6.58|6.51|6.59|6.48|5.53|6.53|5310800|34831896.00|1|0.0000|0.0000|0.0000|0|6.53
安泰科技|000969|-1.41|52727721|711571456.00|-1.70|2.44|-1.92|13.33|13.29|13.85|13.26|52.73|13.52|65716502|890768384.00|1|0.0000|0.0000|0.0000|0|13.52
中科三环|000970|0.00|20164386|257404032.00|-0.93|0.39|-2.41|12.86|12.74|12.91|12.55|20.16|12.86|12553201|161947136.00|1|0.0000|0.0000|0.0000|0|12.86
*ST中基|000972|-2.64|27177480|79608496.00|-4.62|-1.65|-4.95|2.95|2.89|2.98|2.88|27.18|3.03|38384780|117906592.00|1|0.0000|0.0000|0.0000|0|3.03
佛塑科技|000973|-0.89|17094587|114363472.00|-0.59|0.30|-2.37|6.70|6.72|6.78|6.60|17.09|6.76|10467024|70796576.00|1|0.0000|0.0000|0.0000|0|6.76
山金国际|000975|-1.14|30083181|557056064.00|1.84|2.98|-1.30|18.24|18.79|19.00|18.21|30.08|18.45|25860238|480002848.00|1|0.0000|0.0000|0.0000|0|18.45
浪潮信息|000977|-1.66|29664752|1556437760.00|-1.47|0.21|-2.26|52.20|52.30|53.19|51.88|29.66|53.08|22864485|1217533952.00|1|0.0000|0.0000|0.0000|0|53.08
桂林旅游|000978|1.40|11970988|77987504.00|-0.47|2.48|-0.78|6.53|6.41|6.60|6.39|11.97|6.44|7895000|50871040.00|1|0.0000|0.0000|0.0000|0|6.44
众泰汽车|000980|-0.45|65253268|145313328.00|-0.90|0.90|-1.35|2.22|2.21|2.25|2.20|65.25|2.23|80600799|180250944.00|1|0.0000|0.0000|0.0000|0|2.23
山子高科|000981|-0.50|127766146|256194544.00|-0.99|0.50|-1.98|2.01|2.00|2.03|1.98|127.77|2.02|187859001|381657408.00|1|0.0000|0.0000|0.0000|0|2.02
山西焦煤|000983|0.00|21380383|149816208.00|-0.43|0.00|-0.99|7.04|7.01|7.04|6.97|21.38|7.04|18922639|133338512.00|1|0.0000|0.0000|0.0000|0|7.04
大庆华科|000985|0.23|1337400|22990880.00|-0.23|0.87|-1.80|17.26|17.18|17.37|16.91|1.34|17.22|1075607|18533080.00|1|0.0000|0.0000|0.0000|0|17.22
越秀资本|000987|0.46|21608784|139872768.00|-0.77|0.77|-1.08|6.51|6.43|6.53|6.41|21.61|6.48|12220095|79320040.00|1|0.0000|0.0000|0.0000|0|6.48
华工科技|000988|-4.73|27410525|1111775360.00|-1.00|-0.19|-4.85|39.84|41.40|41.74|39.79|27.41|41.82|17365451|726188672.00|1|0.0000|0.0000|0.0000|0|41.82
九芝堂|000989|0.24|9847121|81823136.00|-0.84|0.84|-0.96|8.32|8.23|8.37|8.22|9.85|8.30|7817800|64935344.00|1|0.0000|0.0000|0.0000|0|8.30
诚志股份|000990|1.07|9318404|70375640.00|-0.53|1.46|-0.67|7.59|7.47|7.62|7.46|9.32|7.51|7781700|58626408.00|1|0.0000|0.0000|0.0000|0|7.51
闽东电力|000993|3.18|31654247|296189312.00|-1.10|4.93|-1.32|9.41|9.02|9.57|9.00|31.65|9.12|15654065|142911968.00|1|0.0000|0.0000|0.0000|0|9.12
皇台酒业|000995|1.77|8270311|108298080.00|-0.46|2.31|-0.93|13.20|12.91|13.27|12.85|8.27|12.97|8563801|110383960.00|1|0.0000|0.0000|0.0000|0|12.97
新 大 陆|000997|-1.69|15435234|442120160.00|-2.00|0.28|-2.34|28.52|28.43|29.09|28.33|15.44|29.01|17147351|501903008.00|1|0.0000|0.0000|0.0000|0|29.01
隆平高科|000998|1.68|18151764|185555824.00|0.00|1.68|0.00|10.29|10.12|10.29|10.12|18.15|10.12|7360800|74507320.00|1|0.0000|0.0000|0.0000|0|10.12
华润三九|000999|2.41|13399384|591567040.00|-0.37|2.57|-0.39|44.58|43.37|44.65|43.36|13.40|43.53|8249815|359470432.00|1|0.0000|0.0000|0.0000|0|43.53
东瑞股份|001201|1.83|5271228|78909536.00|-0.68|2.44|-0.88|15.05|14.68|15.14|14.65|5.27|14.78|2101180|30861068.00|1|0.0000|0.0000|0.0000|0|14.78
炬申股份|001202|1.07|7215100|115222784.00|-2.02|2.91|-2.02|15.99|15.50|16.28|15.50|7.22|15.82|3544949|55957108.00|1|0.0000|0.0000|0.0000|0|15.82
大中矿业|001203|-0.23|3393900|29681904.00|-0.68|0.34|-1.03|8.76|8.72|8.81|8.69|3.39|8.78|4020038|35355616.00|1|0.0000|0.0000|0.0000|0|8.78
盛航股份|001205|-0.27|2058533|37653060.00|-1.36|0.05|-1.52|18.35|18.15|18.41|18.12|2.06|18.40|4057264|74810528.00|1|0.0000|0.0000|0.0000|0|18.40
依依股份|001206|-3.52|3512356|66690888.00|-2.50|-0.51|-4.65|18.90|19.10|19.49|18.68|3.51|19.59|1993036|38927060.00|1|0.0000|0.0000|0.0000|0|19.59
联科科技|001207|-6.29|6835604|142229056.00|-0.73|-0.32|-6.61|20.40|21.61|21.70|20.33|6.84|21.77|2477700|54183284.00|1|0.0000|0.0000|0.0000|0|21.77
华菱线缆|001208|-0.83|13412500|145531744.00|-0.37|1.84|-2.30|10.78|10.83|11.07|10.62|13.41|10.87|13439600|147001712.00|1|0.0000|0.0000|0.0000|0|10.87
洪兴股份|001209|-0.79|1756284|28674636.00|-0.55|0.18|-1.70|16.31|16.35|16.47|16.16|1.76|16.44|1638685|26810990.00|1|0.0000|0.0000|0.0000|0|16.44
金房能源|001210|0.14|1661536|24238948.00|-0.61|0.55|-1.77|14.69|14.58|14.75|14.41|1.66|14.67|1061620|15606386.00|1|0.0000|0.0000|0.0000|0|14.67
双枪科技|001211|0.05|861300|18633714.00|2.46|2.46|-3.19|21.97|22.50|22.50|21.26|0.86|21.96|748700|16401830.00|1|0.0000|0.0000|0.0000|0|21.96
中旗新材|001212|9.99|1362862|53097104.00|9.99|9.99|9.99|38.96|38.96|38.96|38.96|1.36|35.42|315200|11164384.00|1|0.0000|0.0000|0.0000|0|35.42
中铁特货|001213|1.23|18589000|75892696.00|-0.25|1.48|-0.74|4.10|4.04|4.11|4.02|18.59|4.05|8998300|36455744.00|1|0.0000|0.0000|0.0000|0|4.05
千味央厨|001215|1.18|1586600|44575984.00|-0.61|1.76|-0.97|28.20|27.70|28.36|27.60|1.59|27.87|1162600|32549128.00|1|0.0000|0.0000|0.0000|0|27.87
华瓷股份|001216|-2.88|4640238|63437960.00|-0.72|0.65|-3.81|13.50|13.80|13.99|13.37|4.64|13.90|3583331|49522020.00|1|0.0000|0.0000|0.0000|0|13.90
华尔泰|001217|-3.83|29230700|348545344.00|1.14|1.39|-5.22|11.79|12.40|12.43|11.62|29.23|12.26|35057810|428885824.00|1|0.0000|0.0000|0.0000|0|12.26
丽臣实业|001218|1.18|2986869|50235688.00|-0.71|1.24|-2.54|17.10|16.78|17.11|16.47|2.99|16.90|3060668|52122684.00|1|0.0000|0.0000|0.0000|0|16.90
青岛食品|001219|3.04|9316306|125020544.00|-0.38|5.63|-0.68|13.55|13.10|13.89|13.06|9.32|13.15|1975734|26092404.00|1|0.0000|0.0000|0.0000|0|13.15
源飞宠物|001222|-4.99|4966780|74857120.00|-1.77|-1.45|-6.13|15.03|15.54|15.59|14.85|4.97|15.82|2080120|32992130.00|1|0.0000|0.0000|0.0000|0|15.82
欧克科技|001223|-3.37|1107800|59161744.00|0.00|2.21|-6.70|53.35|55.21|56.43|51.51|1.11|55.21|1209800|67600912.00|1|0.0000|0.0000|0.0000|0|55.21
和泰机电|001225|-1.07|693200|22586316.00|-0.76|0.76|-1.67|32.50|32.60|33.10|32.30|0.69|32.85|1000400|33255988.00|1|0.0000|0.0000|0.0000|0|32.85
拓山重工|001226|0.04|1192100|32435334.00|-0.40|0.07|-2.22|27.52|27.40|27.53|26.90|1.19|27.51|1018000|28041648.00|1|0.0000|0.0000|0.0000|0|27.51
兰州银行|001227|0.85|70811498|167102944.00|0.00|1.28|-0.43|2.37|2.35|2.38|2.34|70.81|2.35|81218609|190393888.00|1|0.0000|0.0000|0.0000|0|2.35
永泰运|001228|1.94|2272800|49738560.00|-0.42|2.59|-1.02|22.04|21.53|22.18|21.40|2.27|21.62|743506|16185907.00|1|0.0000|0.0000|0.0000|0|21.62
魅视科技|001229|-1.28|1003100|32377446.00|-0.67|0.09|-2.38|32.30|32.50|32.75|31.94|1.00|32.72|790200|26004772.00|1|0.0000|0.0000|0.0000|0|32.72
劲旅环境|001230|-2.78|2404811|46452568.00|-1.01|-0.20|-4.30|19.21|19.56|19.72|18.91|2.40|19.76|1866060|37041744.00|1|0.0000|0.0000|0.0000|0|19.76
农心科技|001231|-0.34|1338600|23038556.00|-1.15|0.29|-2.36|17.34|17.20|17.45|16.99|1.34|17.40|1156700|20261204.00|1|0.0000|0.0000|0.0000|0|17.40
泰慕士|001234|-2.16|1656800|30154138.00|-1.51|-0.32|-2.86|18.16|18.28|18.50|18.03|1.66|18.56|2170700|40455008.00|1|0.0000|0.0000|0.0000|0|18.56
弘业期货|001236|-1.77|29668859|299373344.00|-1.67|0.79|-2.06|9.99|10.00|10.25|9.96|29.67|10.17|37760459|382670336.00|1|0.0000|0.0000|0.0000|0|10.17
浙江正特|001238|-2.13|668700|20652788.00|0.00|0.41|-3.72|30.80|31.47|31.60|30.30|0.67|31.47|503905|15863315.00|1|0.0000|0.0000|0.0000|0|31.47
永达股份|001239|-0.73|5017589|75295368.00|-0.93|0.46|-1.39|14.95|14.92|15.13|14.85|5.02|15.06|4407063|66450152.00|1|0.0000|0.0000|0.0000|0|15.06
博菲电气|001255|-0.33|648100|17596822.00|0.51|0.51|-2.34|27.31|27.54|27.54|26.76|0.65|27.40|587100|16155004.00|1|0.0000|0.0000|0.0000|0|27.40
炜冈科技|001256|-2.07|2514799|71624080.00|-1.28|1.07|-3.55|28.40|28.63|29.31|27.97|2.51|29.00|3049676|88691552.00|1|0.0000|0.0000|0.0000|0|29.00
立新能源|001258|9.97|85354131|695104320.00|-1.68|9.97|-1.68|8.49|7.59|8.49|7.59|85.35|7.72|103637608|833385344.00|1|0.0000|0.0000|0.0000|0|7.72
利仁科技|001259|-0.41|804100|17582104.00|-1.04|-0.05|-2.04|21.99|21.85|22.07|21.63|0.80|22.08|804400|17791768.00|1|0.0000|0.0000|0.0000|0|22.08
坤泰股份|001260|-0.81|1038904|17800560.00|-0.12|0.23|-3.11|17.24|17.36|17.42|16.84|1.04|17.38|1322604|23079356.00|1|0.0000|0.0000|0.0000|0|17.38
宏英智能|001266|-1.29|1525800|36278580.00|-1.38|1.08|-2.09|23.66|23.64|24.23|23.47|1.53|23.97|1498600|36068812.00|1|0.0000|0.0000|0.0000|0|23.97
汇绿生态|001267|-0.43|4525700|41996748.00|-0.96|0.75|-1.29|9.29|9.24|9.40|9.21|4.53|9.33|6677550|62624176.00|1|0.0000|0.0000|0.0000|0|9.33
联合精密|001268|-1.48|3641100|78109576.00|0.14|1.06|-3.18|21.37|21.72|21.92|21.00|3.64|21.69|3265600|70606512.00|1|0.0000|0.0000|0.0000|0|21.69
欧晶科技|001269|-3.78|4982384|124476416.00|-1.44|0.00|-4.87|24.70|25.30|25.67|24.42|4.98|25.67|5315880|137553072.00|1|0.0000|0.0000|0.0000|0|25.67
*ST铖昌|001270|-1.44|2496160|73818504.00|-1.68|1.31|-2.21|29.41|29.34|30.23|29.18|2.50|29.84|2782136|83261616.00|1|0.0000|0.0000|0.0000|0|29.84
速达股份|001277|2.04|2114088|77511872.00|-0.52|2.62|-2.10|37.45|36.51|37.66|35.93|2.11|36.70|1652338|60942184.00|1|0.0000|0.0000|0.0000|0|36.70
一彬科技|001278|-2.20|1810400|29865768.00|-0.89|0.54|-3.45|16.44|16.66|16.90|16.23|1.81|16.81|1535600|25857712.00|1|0.0000|0.0000|0.0000|0|16.81
强邦新材|001279|0.51|1254658|49275904.00|-0.56|0.74|-1.30|39.42|39.00|39.51|38.71|1.25|39.22|1274972|50268956.00|1|0.0000|0.0000|0.0000|0|39.22
三联锻造|001282|-3.27|3869470|103967080.00|-1.78|-0.22|-4.43|26.62|27.03|27.46|26.30|3.87|27.52|3932483|107544168.00|1|0.0000|0.0000|0.0000|0|27.52
豪鹏科技|001283|-4.31|1066600|57775940.00|-1.47|-0.48|-4.58|53.51|55.10|55.65|53.36|1.07|55.92|669700|37616384.00|1|0.0000|0.0000|0.0000|0|55.92
陕西能源|001286|0.43|12628341|118345360.00|-0.43|0.75|-0.53|9.39|9.31|9.42|9.30|12.63|9.35|15695396|147122192.00|1|0.0000|0.0000|0.0000|0|9.35
中电港|001287|-0.98|5016786|91029776.00|-1.09|0.49|-1.59|18.11|18.09|18.38|18.00|5.02|18.29|4147200|76008864.00|1|0.0000|0.0000|0.0000|0|18.29
运机集团|001288|-1.95|2163588|64152628.00|-1.13|-0.20|-3.38|29.63|29.88|30.16|29.20|2.16|30.22|1890764|57292528.00|1|0.0000|0.0000|0.0000|0|30.22
龙源电力|001289|5.32|19583682|336560096.00|-0.91|6.41|-1.33|17.41|16.38|17.59|16.31|19.58|16.53|12596225|208415440.00|1|0.0000|0.0000|0.0000|0|16.53
长江材料|001296|-0.51|1172780|20534494.00|-0.34|0.11|-1.76|17.57|17.60|17.68|17.35|1.17|17.66|1022954|18147454.00|1|0.0000|0.0000|0.0000|0|17.66
好上好|001298|-1.99|3793320|97483528.00|-1.07|0.31|-3.26|25.58|25.82|26.18|25.25|3.79|26.10|3178636|82806824.00|1|0.0000|0.0000|0.0000|0|26.10
美能能源|001299|0.77|6556200|94592928.00|0.28|1.25|-0.49|14.48|14.41|14.55|14.30|6.56|14.37|10320311|150548960.00|1|0.0000|0.0000|0.0000|0|14.37
三柏硕|001300|1.34|2899200|34706224.00|-0.58|1.50|-2.01|12.13|11.90|12.15|11.73|2.90|11.97|1848700|22095716.00|1|0.0000|0.0000|0.0000|0|11.97
尚太科技|001301|-2.22|4542825|262495856.00|-2.07|0.24|-4.21|58.06|58.15|59.52|56.88|4.54|59.38|5547505|323827392.00|1|0.0000|0.0000|0.0000|0|59.38
夏厦精密|001306|-3.70|1129682|86117448.00|-2.00|0.51|-3.70|75.01|76.33|78.29|75.01|1.13|77.89|1312064|102829552.00|1|0.0000|0.0000|0.0000|0|77.89
康冠科技|001308|-2.41|3402400|76270752.00|-1.40|-0.48|-2.98|22.30|22.53|22.74|22.17|3.40|22.85|1769692|40334356.00|1|0.0000|0.0000|0.0000|0|22.85
德明利|001309|-2.11|4053180|515816800.00|-1.07|0.84|-3.31|126.66|128.00|130.48|125.11|4.05|129.39|5637135|732880320.00|1|0.0000|0.0000|0.0000|0|129.39
多利科技|001311|-2.52|2300889|64545304.00|-1.19|0.00|-3.29|27.88|28.26|28.60|27.66|2.30|28.60|2077613|59355780.00|1|0.0000|0.0000|0.0000|0|28.60
粤海饲料|001313|2.27|7359800|65277172.00|0.00|2.49|-1.93|9.03|8.83|9.05|8.66|7.36|8.83|3256581|28591300.00|1|0.0000|0.0000|0.0000|0|8.83
亿道信息|001314|-2.69|3457100|162159872.00|-1.69|-0.35|-4.40|46.68|47.16|47.80|45.86|3.46|47.97|1810500|87113912.00|1|0.0000|0.0000|0.0000|0|47.97
润贝航科|001316|0.91|1914600|61622312.00|-1.58|4.48|-1.58|32.00|31.21|33.13|31.21|1.91|31.71|1276000|40574236.00|1|0.0000|0.0000|0.0000|0|31.71
三羊马|001317|4.93|7009453|247528928.00|-0.48|10.01|-2.08|35.34|33.52|37.05|32.98|7.01|33.68|3569958|121928800.00|1|0.0000|0.0000|0.0000|0|33.68
阳光乳业|001318|0.53|11560533|152562176.00|-1.68|1.83|-1.68|13.19|12.90|13.36|12.90|11.56|13.12|6975159|91746936.00|1|0.0000|0.0000|0.0000|0|13.12
铭科精技|001319|-3.06|3422500|90029168.00|-1.98|0.26|-3.32|25.99|26.28|26.88|25.92|3.42|26.81|3823942|102835888.00|1|0.0000|0.0000|0.0000|0|26.81
箭牌家居|001322|-0.24|2880700|23404002.00|-0.98|0.24|-1.59|8.16|8.10|8.20|8.05|2.88|8.18|2741100|22469084.00|1|0.0000|0.0000|0.0000|0|8.18
慕思股份|001323|-1.08|1279500|41419368.00|0.03|1.94|-1.85|32.15|32.51|33.13|31.90|1.28|32.50|2204309|72045168.00|1|0.0000|0.0000|0.0000|0|32.50
长青科技|001324|0.55|2454700|45250140.00|-1.15|2.51|-1.15|18.42|18.11|18.78|18.11|2.45|18.32|1825200|33532352.00|1|0.0000|0.0000|0.0000|0|18.32
联域股份|001326|-0.91|547325|17842606.00|-0.64|0.52|-2.16|32.61|32.70|33.08|32.20|0.55|32.91|529496|17471130.00|1|0.0000|0.0000|0.0000|0|32.91
登康口腔|001328|-2.97|2554900|106971072.00|-1.65|2.09|-7.10|41.81|42.38|43.99|40.03|2.55|43.09|1627012|69455280.00|1|0.0000|0.0000|0.0000|0|43.09
博纳影业|001330|0.22|12538900|56999768.00|-1.10|1.32|-1.55|4.54|4.48|4.59|4.46|12.54|4.53|8336699|37852468.00|1|0.0000|0.0000|0.0000|0|4.53
胜通能源|001331|1.95|2612128|33873372.00|-1.01|2.89|-1.01|13.07|12.69|13.19|12.69|2.61|12.82|2558691|32971492.00|1|0.0000|0.0000|0.0000|0|12.82
锡装股份|001332|2.16|6345603|267473504.00|-3.18|8.20|-3.18|42.09|39.89|44.58|39.89|6.35|41.20|6223458|263290192.00|1|0.0000|0.0000|0.0000|0|41.20
光华股份|001333|-9.99|13472289|319253856.00|-8.12|-6.32|-9.99|23.51|24.00|24.47|23.51|13.47|26.12|15832671|428267232.00|1|0.0000|0.0000|0.0000|0|26.12
楚环科技|001336|-10.02|8726945|172339776.00|-6.77|-5.57|-10.02|19.40|20.10|20.36|19.40|8.73|21.56|8490568|184395968.00|1|0.0000|0.0000|0.0000|0|21.56
四川黄金|001337|4.89|30143805|717410112.00|2.21|6.11|0.35|24.22|23.60|24.50|23.17|30.14|23.09|18134177|424178752.00|1|0.0000|0.0000|0.0000|0|23.09
永顺泰|001338|1.12|8310600|97327736.00|-1.21|1.89|-1.46|11.74|11.47|11.83|11.44|8.31|11.61|5033300|58526504.00|1|0.0000|0.0000|0.0000|0|11.61
智微智能|001339|-2.41|5179400|257645296.00|-1.58|0.43|-3.55|49.48|49.90|50.92|48.90|5.18|50.70|4875400|248058832.00|1|0.0000|0.0000|0.0000|0|50.70
富岭股份|001356|10.01|42657928|772140992.00|-0.47|10.01|-0.47|18.57|16.80|18.57|16.80|42.66|16.88|54022514|879106048.00|1|0.0000|0.0000|0.0000|0|16.88
兴欣新材|001358|-1.58|1208952|27834198.00|-1.02|0.17|-3.33|23.08|23.21|23.49|22.67|1.21|23.45|918320|21544110.00|1|0.0000|0.0000|0.0000|0|23.45
平安电工|001359|-5.78|7709726|256967664.00|-2.15|1.22|-6.77|32.43|33.68|34.84|32.09|7.71|34.42|9503484|328808992.00|1|0.0000|0.0000|0.0000|0|34.42
南矿集团|001360|0.95|1702622|23254076.00|-0.95|1.02|-1.54|13.79|13.53|13.80|13.45|1.70|13.66|1530300|20791194.00|1|0.0000|0.0000|0.0000|0|13.66
播恩集团|001366|1.38|2490900|27428364.00|-0.92|2.57|-1.01|11.04|10.79|11.17|10.78|2.49|10.89|1665596|18183484.00|1|0.0000|0.0000|0.0000|0|10.89
海森药业|001367|0.83|2117813|61547900.00|-0.45|2.33|-0.56|29.05|28.68|29.48|28.65|2.12|28.81|1789046|51883576.00|1|0.0000|0.0000|0.0000|0|28.81
通达创智|001368|-0.36|1483500|33137848.00|-0.49|0.62|-2.00|22.42|22.39|22.64|22.05|1.48|22.50|997223|22428242.00|1|0.0000|0.0000|0.0000|0|22.50
翔腾新材|001373|-0.98|782800|22869620.00|-0.07|0.10|-2.81|29.30|29.57|29.62|28.76|0.78|29.59|851800|25183742.00|1|0.0000|0.0000|0.0000|0|29.59
百通能源|001376|-0.29|5320418|73381656.00|-0.87|0.43|-1.16|13.78|13.70|13.88|13.66|5.32|13.82|7074688|97894224.00|1|0.0000|0.0000|0.0000|0|13.82
德冠新材|001378|-1.50|1516805|33946112.00|-0.57|0.00|-2.12|22.29|22.50|22.63|22.15|1.52|22.63|1530400|34632304.00|1|0.0000|0.0000|0.0000|0|22.63
腾达科技|001379|-1.38|2498165|51940352.00|-1.76|0.28|-2.80|20.79|20.71|21.14|20.49|2.50|21.08|1967530|41616284.00|1|0.0000|0.0000|0.0000|0|21.08
华纬科技|001380|-0.80|2060014|63787252.00|-0.86|0.70|-2.43|31.02|31.00|31.49|30.51|2.06|31.27|2078786|65081772.00|1|0.0000|0.0000|0.0000|0|31.27
新亚电缆|001382|10.02|33997466|863334976.00|0.00|10.02|-3.37|27.13|24.66|27.13|23.83|34.00|24.66|20167260|498400512.00|1|0.0000|0.0000|0.0000|0|24.66
雪祺电气|001387|-1.82|2634709|35601092.00|-0.80|0.00|-2.91|13.49|13.63|13.74|13.34|2.63|13.74|2111876|29080742.00|1|0.0000|0.0000|0.0000|0|13.74
广合科技|001389|-6.35|5655233|291393568.00|-1.91|-0.80|-7.44|50.60|53.00|53.60|50.01|5.66|54.03|6442033|350004832.00|1|0.0000|0.0000|0.0000|0|54.03
国货航|001391|3.67|150202514|1063230592.00|-0.73|8.80|-1.03|7.07|6.77|7.42|6.75|150.20|6.82|58774813|402503872.00|1|0.0000|0.0000|0.0000|0|6.82
亚联机械|001395|4.56|7777668|351129536.00|-0.76|9.65|-0.99|45.20|42.90|47.40|42.80|7.78|43.23|3013239|129285536.00|1|0.0000|0.0000|0.0000|0|43.23
宗申动力|001696|-2.21|22591634|484463872.00|-1.01|0.41|-2.26|21.23|21.49|21.80|21.22|22.59|21.71|23568599|511870304.00|1|0.0000|0.0000|0.0000|0|21.71
招商港口|001872|-3.16|11463790|227138736.00|-1.07|-1.07|-5.79|19.92|20.35|20.35|19.38|11.46|20.57|4411851|91063600.00|1|0.0000|0.0000|0.0000|0|20.57
豫能控股|001896|2.24|30487836|124213216.00|-0.75|2.99|-1.00|4.11|3.99|4.14|3.98|30.49|4.02|15599784|62829916.00|1|0.0000|0.0000|0.0000|0|4.02
招商积余|001914|0.00|6252101|76217592.00|-0.82|1.56|-1.31|12.17|12.07|12.36|12.01|6.25|12.17|5282100|64140256.00|1|0.0000|0.0000|0.0000|0|12.17
招商公路|001965|-3.58|44185599|560474048.00|-3.95|-2.54|-8.50|12.93|12.88|13.07|12.27|44.19|13.41|13898780|187487152.00|1|0.0000|0.0000|0.0000|0|13.41
招商蛇口|001979|3.10|102161900|978245504.00|-0.43|3.64|-0.86|9.63|9.30|9.68|9.26|102.16|9.34|30510180|283965376.00|1|0.0000|0.0000|0.0000|0|9.34
新 和 成|002001|-1.54|21573451|468335232.00|-0.36|-0.23|-2.09|21.69|21.95|21.98|21.57|21.57|22.03|21297156|471778688.00|1|0.0000|0.0000|0.0000|0|22.03
伟星股份|002003|-3.80|17621906|209301888.00|-1.86|-1.45|-6.14|11.91|12.15|12.20|11.62|17.62|12.38|13154284|160636736.00|1|0.0000|0.0000|0.0000|0|12.38
华邦健康|002004|2.72|51794891|215003120.00|-0.49|4.94|-0.99|4.16|4.03|4.25|4.01|51.79|4.05|12904700|52269152.00|1|0.0000|0.0000|0.0000|0|4.05
ST德豪|002005|2.23|19575100|35840820.00|1.68|4.47|-0.56|1.83|1.82|1.87|1.78|19.58|1.79|7681300|13672438.00|1|0.0000|0.0000|0.0000|0|1.79
精工科技|002006|6.38|69752013|1330040576.00|5.59|9.51|3.75|19.02|18.88|19.58|18.55|69.75|17.88|24536783|428417504.00|1|0.0000|0.0000|0.0000|0|17.88
华兰生物|002007|1.50|11136392|179633680.00|-0.62|1.50|-0.81|16.25|15.91|16.25|15.88|11.14|16.01|8233964|132010104.00|1|0.0000|0.0000|0.0000|0|16.01
大族激光|002008|-1.69|30378396|831722112.00|-0.54|0.65|-3.63|27.38|27.70|28.03|26.84|30.38|27.85|14572367|406690880.00|1|0.0000|0.0000|0.0000|0|27.85
天奇股份|002009|-3.05|12770800|184212480.00|-2.04|0.27|-3.53|14.28|14.43|14.77|14.21|12.77|14.73|13549100|199924960.00|1|0.0000|0.0000|0.0000|0|14.73
传化智联|002010|0.00|22117325|119108480.00|-0.92|0.55|-2.03|5.42|5.37|5.45|5.31|22.12|5.42|21551600|116663408.00|1|0.0000|0.0000|0.0000|0|5.42
盾安环境|002011|-0.82|11705095|140492784.00|-1.57|-0.16|-2.64|12.04|11.95|12.12|11.82|11.71|12.14|10110147|122034464.00|1|0.0000|0.0000|0.0000|0|12.14
凯恩股份|002012|1.06|9605420|45439588.00|-0.63|1.48|-1.48|4.78|4.70|4.80|4.66|9.61|4.73|12171615|57592640.00|1|0.0000|0.0000|0.0000|0|4.73
永新股份|002014|-2.99|8085264|94952808.00|-0.50|0.00|-3.82|11.69|11.99|12.05|11.59|8.09|12.05|5879200|70700560.00|1|0.0000|0.0000|0.0000|0|12.05
协鑫能科|002015|0.13|14400500|109117864.00|-1.19|0.66|-1.45|7.60|7.50|7.64|7.48|14.40|7.59|15329593|116596200.00|1|0.0000|0.0000|0.0000|0|7.59
世荣兆业|002016|-0.34|11041800|65896484.00|-0.84|1.01|-1.17|5.95|5.92|6.03|5.90|11.04|5.97|17277161|102922040.00|1|0.0000|0.0000|0.0000|0|5.97
东信和平|002017|-2.39|13281958|136017008.00|-1.81|-0.67|-3.53|10.22|10.28|10.40|10.10|13.28|10.47|23577803|245664544.00|1|0.0000|0.0000|0.0000|0|10.47
亿帆医药|002019|0.60|9260259|108883896.00|-0.43|1.79|-0.60|11.77|11.65|11.91|11.63|9.26|11.70|10102304|119286960.00|1|0.0000|0.0000|0.0000|0|11.70
京新药业|002020|-3.34|27460507|389044704.00|-1.16|-0.48|-4.98|14.17|14.49|14.59|13.93|27.46|14.66|13457652|196294608.00|1|0.0000|0.0000|0.0000|0|14.66
中捷资源|002021|0.00|17534501|39036556.00|-1.35|0.90|-2.24|2.23|2.20|2.25|2.18|17.53|2.23|19708400|44053720.00|1|0.0000|0.0000|0.0000|0|2.23
科华生物|002022|0.51|5017130|29788524.00|-0.51|2.39|-0.68|5.90|5.84|6.01|5.83|5.02|5.87|4304700|25293846.00|1|0.0000|0.0000|0.0000|0|5.87
海特高新|002023|-0.60|7417143|74200360.00|-0.60|0.90|-1.20|9.98|9.98|10.13|9.92|7.42|10.04|6451843|64670024.00|1|0.0000|0.0000|0.0000|0|10.04
ST易购|002024|-2.58|61786161|116779384.00|-3.09|-1.55|-3.61|1.89|1.88|1.91|1.87|61.79|1.94|94771664|183762032.00|1|0.0000|0.0000|0.0000|0|1.94
航天电器|002025|3.00|6230851|354349344.00|-0.89|5.00|-1.54|56.70|54.56|57.80|54.20|6.23|55.05|5537850|303311840.00|1|0.0000|0.0000|0.0000|0|55.05
山东威达|002026|-3.93|20307056|231284432.00|-1.88|0.77|-4.53|11.24|11.48|11.79|11.17|20.31|11.70|31892717|369192800.00|1|0.0000|0.0000|0.0000|0|11.70
分众传媒|002027|1.88|104393589|726369600.00|-0.87|2.17|-1.30|7.04|6.85|7.06|6.82|104.39|6.91|85108520|587815808.00|1|0.0000|0.0000|0.0000|0|6.91
思源电气|002028|0.09|3799640|286855776.00|-0.63|0.74|-2.00|76.00|75.45|76.49|74.41|3.80|75.93|2968211|225970624.00|1|0.0000|0.0000|0.0000|0|75.93
七 匹 狼|002029|-0.31|7426200|48024664.00|-0.92|0.15|-1.54|6.48|6.44|6.51|6.40|7.43|6.50|4774700|30962130.00|1|0.0000|0.0000|0.0000|0|6.50
达安基因|002030|0.33|12101044|73216472.00|-0.17|2.00|-0.50|6.03|6.00|6.13|5.98|12.10|6.01|13596340|82137928.00|1|0.0000|0.0000|0.0000|0|6.01
巨轮智能|002031|0.57|191013886|1681746944.00|-1.49|3.56|-1.95|8.77|8.59|9.03|8.55|191.01|8.72|190499350|1651766912.00|1|0.0000|0.0000|0.0000|0|8.72
苏 泊 尔|002032|-0.91|2146562|126675552.00|-0.83|0.19|-1.16|58.75|58.80|59.40|58.60|2.15|59.29|2136588|126634872.00|1|0.0000|0.0000|0.0000|0|59.29
丽江股份|002033|0.63|18517637|177460352.00|-1.05|2.11|-1.05|9.56|9.40|9.70|9.40|18.52|9.50|15034379|142933648.00|1|0.0000|0.0000|0.0000|0|9.50
旺能环境|002034|0.60|5748122|105056344.00|-0.82|1.09|-2.18|18.44|18.18|18.53|17.93|5.75|18.33|5552730|102799464.00|1|0.0000|0.0000|0.0000|0|18.33
华帝股份|002035|-1.78|14334002|103217120.00|-1.09|-0.27|-2.46|7.18|7.23|7.29|7.13|14.33|7.31|11622718|84955912.00|1|0.0000|0.0000|0.0000|0|7.31
联创电子|002036|-3.95|40236130|446646464.00|-1.75|-0.44|-4.39|10.95|11.20|11.35|10.90|40.24|11.40|23801273|272753088.00|1|0.0000|0.0000|0.0000|0|11.40
保利联合|002037|1.76|8814400|71171256.00|-1.01|3.27|-1.13|8.08|7.86|8.20|7.85|8.81|7.94|3958300|31519324.00|1|0.0000|0.0000|0.0000|0|7.94
双鹭药业|002038|0.44|8922825|61217528.00|-0.88|1.02|-1.17|6.87|6.78|6.91|6.76|8.92|6.84|8738875|59864352.00|1|0.0000|0.0000|0.0000|0|6.84
黔源电力|002039|1.73|18159540|287148704.00|-0.83|2.43|-1.09|15.89|15.49|16.00|15.45|18.16|15.62|29106417|457951360.00|1|0.0000|0.0000|0.0000|0|15.62
南 京 港|002040|2.58|10192785|68275704.00|0.00|2.89|-0.91|6.75|6.58|6.77|6.52|10.19|6.58|2377910|15692193.00|1|0.0000|0.0000|0.0000|0|6.58
登海种业|002041|1.08|11130935|114421720.00|0.49|1.47|-0.29|10.31|10.25|10.35|10.17|11.13|10.20|6932403|70456560.00|1|0.0000|0.0000|0.0000|0|10.20
华孚时尚|002042|2.33|55492246|341028256.00|-1.16|5.98|-1.66|6.16|5.95|6.38|5.92|55.49|6.02|43404753|261269664.00|1|0.0000|0.0000|0.0000|0|6.02
兔 宝 宝|002043|-0.38|7451426|78503648.00|-1.04|1.33|-1.14|10.49|10.42|10.67|10.41|7.45|10.53|9708291|102312336.00|1|0.0000|0.0000|0.0000|0|10.53
美年健康|002044|0.00|60785552|344656736.00|-1.23|0.88|-1.58|5.69|5.62|5.74|5.60|60.79|5.69|66111670|376025056.00|1|0.0000|0.0000|0.0000|0|5.69
国光电器|002045|-6.21|42404923|678848768.00|-4.06|-1.49|-7.04|15.72|16.08|16.51|15.58|42.40|16.76|18870100|318439712.00|1|0.0000|0.0000|0.0000|0|16.76
国机精工|002046|-1.54|17674701|276003264.00|-0.90|3.07|-2.18|15.38|15.48|16.10|15.28|17.67|15.62|15532000|243774992.00|1|0.0000|0.0000|0.0000|0|15.62
*ST宝鹰|002047|3.02|22852800|54448348.00|-0.86|5.17|-0.86|2.39|2.30|2.44|2.30|22.85|2.32|10810900|24986926.00|1|0.0000|0.0000|0.0000|0|2.32
宁波华翔|002048|-3.14|18455341|275751616.00|-1.57|0.07|-3.92|14.83|15.07|15.32|14.71|18.46|15.31|12478300|191964480.00|1|0.0000|0.0000|0.0000|0|15.31
紫光国微|002049|0.49|18620883|1269024128.00|-0.96|2.47|-1.07|67.86|66.88|69.20|66.81|18.62|67.53|18123291|1226658432.00|1|0.0000|0.0000|0.0000|0|67.53
三花智控|002050|-2.88|65663311|1858099840.00|-2.32|0.07|-3.12|28.01|28.17|28.86|27.94|65.66|28.84|55569109|1601720320.00|1|0.0000|0.0000|0.0000|0|28.84
中工国际|002051|0.98|10001591|82444312.00|-0.86|1.71|-0.86|8.25|8.10|8.31|8.10|10.00|8.17|6702577|54729996.00|1|0.0000|0.0000|0.0000|0|8.17
同洲电子|002052|1.07|15071200|100289416.00|-2.14|4.58|-2.29|6.62|6.41|6.85|6.40|15.07|6.55|21596989|141555008.00|1|0.0000|0.0000|0.0000|0|6.55
云南能投|002053|1.04|6445235|74548808.00|-1.04|1.65|-1.30|11.62|11.38|11.69|11.35|6.45|11.50|3758000|43182200.00|1|0.0000|0.0000|0.0000|0|11.50
德美化工|002054|-1.73|21513685|134237904.00|-1.26|0.00|-3.31|6.24|6.27|6.35|6.14|21.51|6.35|30020408|190494880.00|1|0.0000|0.0000|0.0000|0|6.35
得润电子|002055|0.18|14622300|80972392.00|-1.62|0.90|-1.80|5.58|5.48|5.62|5.47|14.62|5.57|10441094|58373528.00|1|0.0000|0.0000|0.0000|0|5.57
横店东磁|002056|-5.11|35055540|509041920.00|-4.13|-3.08|-6.10|14.47|14.62|14.78|14.32|35.06|15.25|16511585|252663760.00|1|0.0000|0.0000|0.0000|0|15.25
中钢天源|002057|-1.10|21283087|172656304.00|-1.10|0.85|-2.44|8.11|8.11|8.27|8.00|21.28|8.20|22931900|189240976.00|1|0.0000|0.0000|0.0000|0|8.20
*ST威尔|002058|0.59|22446824|268543488.00|-1.77|8.02|-6.16|11.92|11.64|12.80|11.12|22.45|11.85|5418250|63149884.00|1|0.0000|0.0000|0.0000|0|11.85
云南旅游|002059|1.61|19051925|107786464.00|-0.72|2.68|-1.43|5.68|5.55|5.74|5.51|19.05|5.59|12615204|70554768.00|1|0.0000|0.0000|0.0000|0|5.59
广东建工|002060|1.99|18881600|67274760.00|-0.57|1.99|-0.57|3.59|3.50|3.59|3.50|18.88|3.52|11054166|39042212.00|1|0.0000|0.0000|0.0000|0|3.52
浙江交科|002061|1.02|26664020|105216368.00|-0.26|1.53|-0.77|3.96|3.91|3.98|3.89|26.66|3.92|20205489|79388232.00|1|0.0000|0.0000|0.0000|0|3.92
宏润建设|002062|-1.94|38495301|215560688.00|-3.17|0.88|-4.75|5.57|5.50|5.73|5.41|38.50|5.68|40110430|229133504.00|1|0.0000|0.0000|0.0000|0|5.68
远光软件|002063|-0.48|31085921|192334176.00|-0.97|0.81|-1.45|6.18|6.15|6.26|6.12|31.09|6.21|23920936|148864960.00|1|0.0000|0.0000|0.0000|0|6.21
华峰化学|002064|-2.09|25363881|190454448.00|-0.52|-0.13|-3.00|7.51|7.63|7.66|7.44|25.36|7.67|17418146|134078728.00|1|0.0000|0.0000|0.0000|0|7.67
东华软件|002065|-1.63|63676689|655310144.00|-1.44|0.77|-2.40|10.23|10.25|10.48|10.15|63.68|10.40|67697097|705580032.00|1|0.0000|0.0000|0.0000|0|10.40
瑞泰科技|002066|0.83|6397580|71019456.00|-0.09|3.95|-0.83|10.98|10.88|11.32|10.80|6.40|10.89|2647500|28976232.00|1|0.0000|0.0000|0.0000|0|10.89
景兴纸业|002067|-1.04|30711000|116994256.00|-1.04|0.52|-1.82|3.80|3.80|3.86|3.77|30.71|3.84|54286991|209727616.00|1|0.0000|0.0000|0.0000|0|3.84
黑猫股份|002068|-2.46|23420848|282242816.00|-0.90|1.72|-3.28|11.90|12.09|12.41|11.80|23.42|12.20|38287874|462750944.00|1|0.0000|0.0000|0.0000|0|12.20
獐子岛|002069|1.11|6119400|22166982.00|-0.56|1.95|-0.56|3.63|3.57|3.66|3.57|6.12|3.59|5704099|20592458.00|1|0.0000|0.0000|0.0000|0|3.59
凯瑞德|002072|0.48|6929900|28947928.00|-0.24|0.71|-2.38|4.23|4.20|4.24|4.11|6.93|4.21|5110800|21621076.00|1|0.0000|0.0000|0.0000|0|4.21
软控股份|002073|-5.57|52082275|457672416.00|-1.42|-0.44|-6.12|8.64|9.02|9.11|8.59|52.08|9.15|19786243|181279584.00|1|0.0000|0.0000|0.0000|0|9.15
国轩高科|002074|-1.05|8766001|189989776.00|-1.28|0.37|-1.51|21.60|21.55|21.91|21.50|8.77|21.83|8179107|178992848.00|1|0.0000|0.0000|0.0000|0|21.83
沙钢股份|002075|2.75|56204010|333385376.00|-0.69|3.61|-1.20|5.98|5.78|6.03|5.75|56.20|5.82|48656000|281831968.00|1|0.0000|0.0000|0.0000|0|5.82
*ST星光|002076|-3.86|47158400|154875776.00|-0.89|0.00|-4.45|3.24|3.34|3.37|3.22|47.16|3.37|28683300|96360496.00|1|0.0000|0.0000|0.0000|0|3.37
大港股份|002077|-0.97|7001800|99822048.00|-1.18|0.56|-1.74|14.23|14.20|14.45|14.12|7.00|14.37|8733300|126040296.00|1|0.0000|0.0000|0.0000|0|14.37
太阳纸业|002078|-1.28|9276853|136003168.00|-0.74|0.07|-1.49|14.60|14.68|14.80|14.57|9.28|14.79|6752641|99733144.00|1|0.0000|0.0000|0.0000|0|14.79
苏州固锝|002079|-1.30|9249116|91496592.00|-0.60|0.60|-1.90|9.85|9.92|10.04|9.79|9.25|9.98|6002476|60020780.00|1|0.0000|0.0000|0.0000|0|9.98
中材科技|002080|-2.76|18098500|270332864.00|-0.99|0.59|-3.69|14.77|15.04|15.28|14.63|18.10|15.19|18022342|276618112.00|1|0.0000|0.0000|0.0000|0|15.19
金 螳 螂|002081|1.19|16693950|56786968.00|-0.59|1.78|-0.89|3.41|3.35|3.43|3.34|16.69|3.37|9072850|30519644.00|1|0.0000|0.0000|0.0000|0|3.37
万邦德|002082|0.16|6896702|42321568.00|-0.49|1.31|-1.79|6.14|6.10|6.21|6.02|6.90|6.13|6050200|37023688.00|1|0.0000|0.0000|0.0000|0|6.13
孚日股份|002083|-0.80|13074439|64776972.00|-1.00|0.00|-1.80|4.96|4.95|5.00|4.91|13.07|5.00|10381830|51882656.00|1|0.0000|0.0000|0.0000|0|5.00
海鸥住工|002084|9.87|84221995|274685888.00|0.00|9.87|-3.18|3.45|3.14|3.45|3.04|84.22|3.14|20992498|64880548.00|1|0.0000|0.0000|0.0000|0|3.14
万丰奥威|002085|-2.40|38124282|657744256.00|-1.71|0.23|-2.80|17.11|17.23|17.57|17.04|38.12|17.53|31991910|559703424.00|1|0.0000|0.0000|0.0000|0|17.53
东方海洋|002086|-0.75|71135655|190050080.00|-1.12|1.50|-1.87|2.65|2.64|2.71|2.62|71.14|2.67|83923705|225792624.00|1|0.0000|0.0000|0.0000|0|2.67
鲁阳节能|002088|-1.71|3114392|41407496.00|-1.19|0.07|-2.67|13.23|13.30|13.47|13.10|3.11|13.46|5391198|72394864.00|1|0.0000|0.0000|0.0000|0|13.46
金智科技|002090|0.00|19747067|194616272.00|-1.94|2.86|-2.04|9.78|9.59|10.06|9.58|19.75|9.78|28385297|277560512.00|1|0.0000|0.0000|0.0000|0|9.78
江苏国泰|002091|-0.26|13566510|105770072.00|-0.90|0.51|-1.41|7.79|7.74|7.85|7.70|13.57|7.81|15919052|123619320.00|1|0.0000|0.0000|0.0000|0|7.81
中泰化学|002092|0.66|11969400|54759388.00|-0.66|0.88|-0.88|4.59|4.53|4.60|4.52|11.97|4.56|8779500|40029072.00|1|0.0000|0.0000|0.0000|0|4.56
国脉科技|002093|-4.61|74537143|798911488.00|-1.72|0.54|-5.61|10.55|10.87|11.12|10.44|74.54|11.06|73764115|826999616.00|1|0.0000|0.0000|0.0000|0|11.06
青岛金王|002094|9.94|116271996|667381888.00|-1.31|9.94|-1.50|5.86|5.26|5.86|5.25|116.27|5.33|25140100|132778560.00|1|0.0000|0.0000|0.0000|0|5.33
生 意 宝|002095|-2.48|3197700|55574616.00|-2.59|-0.56|-2.93|17.29|17.27|17.63|17.21|3.20|17.73|3240200|57009628.00|1|0.0000|0.0000|0.0000|0|17.73
易普力|002096|0.43|9045303|105915936.00|-0.69|3.72|-1.04|11.61|11.48|11.99|11.44|9.05|11.56|7647566|88770128.00|1|0.0000|0.0000|0.0000|0|11.56
山河智能|002097|-0.93|10122100|76022432.00|-1.46|0.79|-1.85|7.49|7.45|7.62|7.42|10.12|7.56|8653384|65757536.00|1|0.0000|0.0000|0.0000|0|7.56
浔兴股份|002098|-0.12|2029400|16649237.00|-0.36|0.36|-2.18|8.25|8.23|8.29|8.08|2.03|8.26|2050600|16957246.00|1|0.0000|0.0000|0.0000|0|8.26
海翔药业|002099|0.00|11950600|62245496.00|-0.77|1.54|-0.96|5.20|5.16|5.28|5.15|11.95|5.20|15574800|81649352.00|1|0.0000|0.0000|0.0000|0|5.20
天康生物|002100|2.08|33728777|214130144.00|-0.32|2.40|-0.32|6.38|6.23|6.40|6.23|33.73|6.25|11561200|72322656.00|1|0.0000|0.0000|0.0000|0|6.25
广东鸿图|002101|-1.64|15348722|203601952.00|-1.49|0.52|-2.16|13.18|13.20|13.47|13.11|15.35|13.40|26230771|355184544.00|1|0.0000|0.0000|0.0000|0|13.40
能特科技|002102|-8.20|102525655|296680800.00|-1.31|0.33|-8.85|2.80|3.01|3.06|2.78|102.53|3.05|50938502|153492080.00|1|0.0000|0.0000|0.0000|0|3.05
广博股份|002103|0.21|11637200|108959600.00|-1.39|1.71|-1.71|9.36|9.21|9.50|9.18|11.64|9.34|7185481|67454448.00|1|0.0000|0.0000|0.0000|0|9.34
恒宝股份|002104|0.39|79062555|596839168.00|-2.10|2.23|-2.76|7.64|7.45|7.78|7.40|79.06|7.61|51388379|384690784.00|1|0.0000|0.0000|0.0000|0|7.61
信隆健康|002105|-6.55|46025492|374687552.00|-2.46|-0.58|-7.60|7.99|8.34|8.50|7.90|46.03|8.55|47297718|401677376.00|1|0.0000|0.0000|0.0000|0|8.55
莱宝高科|002106|-2.74|19032408|204213728.00|-1.19|0.09|-3.47|10.65|10.82|10.96|10.57|19.03|10.95|11845200|130346432.00|1|0.0000|0.0000|0.0000|0|10.95
沃华医药|002107|-2.41|41909193|205639728.00|-0.40|1.00|-3.61|4.86|4.96|5.03|4.80|41.91|4.98|44032712|218745664.00|1|0.0000|0.0000|0.0000|0|4.98
沧州明珠|002108|0.87|21152884|73899904.00|-0.58|2.31|-1.16|3.49|3.44|3.54|3.42|21.15|3.46|11595930|40290164.00|1|0.0000|0.0000|0.0000|0|3.46
兴化股份|002109|1.23|7942050|26035548.00|-0.31|2.15|-0.92|3.30|3.25|3.33|3.23|7.94|3.26|6288150|20658334.00|1|0.0000|0.0000|0.0000|0|3.26
三钢闽光|002110|2.86|23992950|93836824.00|-0.78|4.69|-1.04|3.95|3.81|4.02|3.80|23.99|3.84|12125997|46597444.00|1|0.0000|0.0000|0.0000|0|3.84
威海广泰|002111|-2.69|14711596|160993616.00|-1.26|0.63|-3.32|10.84|11.00|11.21|10.77|14.71|11.14|12837720|143945184.00|1|0.0000|0.0000|0.0000|0|11.14
三变科技|002112|-3.57|11222913|158740064.00|-1.86|0.07|-4.54|14.03|14.28|14.56|13.89|11.22|14.55|6486330|94858160.00|1|0.0000|0.0000|0.0000|0|14.55
罗平锌电|002114|1.56|13254500|85666672.00|-0.94|2.81|-1.40|6.51|6.35|6.59|6.32|13.25|6.41|8448600|54590692.00|1|0.0000|0.0000|0.0000|0|6.41
三维通信|002115|-7.01|122892197|1022910912.00|-2.87|0.46|-7.70|8.09|8.45|8.74|8.03|122.89|8.70|119635537|1064267264.00|1|0.0000|0.0000|0.0000|0|8.70
中国海诚|002116|0.39|4442537|45332772.00|-0.59|0.88|-1.08|10.21|10.11|10.26|10.06|4.44|10.17|3648537|37080104.00|1|0.0000|0.0000|0.0000|0|10.17
东港股份|002117|-4.09|37807800|505767776.00|-0.95|2.99|-5.77|13.13|13.56|14.10|12.90|37.81|13.69|28937100|400471296.00|1|0.0000|0.0000|0.0000|0|13.69
康强电子|002119|-4.29|13760274|225160416.00|-1.91|0.00|-4.29|16.06|16.46|16.78|16.06|13.76|16.78|9121400|154700704.00|1|0.0000|0.0000|0.0000|0|16.78
韵达股份|002120|0.72|31315352|219340384.00|-0.72|1.00|-1.00|7.03|6.93|7.05|6.91|31.32|6.98|22771890|158421968.00|1|0.0000|0.0000|0.0000|0|6.98
科陆电子|002121|-0.23|9882948|42412280.00|-0.70|0.70|-1.16|4.30|4.28|4.34|4.26|9.88|4.31|15505600|67486312.00|1|0.0000|0.0000|0.0000|0|4.31
ST汇洲|002122|-2.29|55666900|238889584.00|-1.38|0.69|-2.52|4.26|4.30|4.39|4.25|55.67|4.36|56316900|245803296.00|1|0.0000|0.0000|0.0000|0|4.36
梦网科技|002123|-2.53|25561700|368266752.00|-0.96|0.41|-3.01|14.27|14.50|14.70|14.20|25.56|14.64|20107500|294120768.00|1|0.0000|0.0000|0.0000|0|14.64
天邦食品|002124|0.33|31055603|93125808.00|-1.00|0.67|-1.33|3.01|2.97|3.02|2.96|31.06|3.00|35546880|106422320.00|1|0.0000|0.0000|0.0000|0|3.00
湘潭电化|002125|-0.93|8206860|87427664.00|-0.83|0.00|-2.59|10.69|10.70|10.79|10.51|8.21|10.79|9030860|97840960.00|1|0.0000|0.0000|0.0000|0|10.79
银轮股份|002126|-3.55|24327710|661593472.00|-2.01|0.00|-4.09|26.87|27.30|27.86|26.72|24.33|27.86|21456672|594415488.00|1|0.0000|0.0000|0.0000|0|27.86
南极电商|002127|-0.51|26921656|105059016.00|-1.02|1.02|-1.53|3.89|3.87|3.95|3.85|26.92|3.91|28483138|111031408.00|1|0.0000|0.0000|0.0000|0|3.91
电投能源|002128|-0.72|8075591|154969888.00|-0.83|0.00|-2.17|19.23|19.21|19.37|18.95|8.08|19.37|7404213|144133824.00|1|0.0000|0.0000|0.0000|0|19.37
TCL中环|002129|-1.55|47468124|423969216.00|-1.66|0.11|-1.99|8.90|8.89|9.05|8.86|47.47|9.04|61458445|558365824.00|1|0.0000|0.0000|0.0000|0|9.04
沃尔核材|002130|-2.65|36233336|723908800.00|-2.41|-0.05|-2.95|19.81|19.86|20.34|19.75|36.23|20.35|33192217|678176512.00|1|0.0000|0.0000|0.0000|0|20.35
利欧股份|002131|-1.97|203535795|715728512.00|-1.40|0.56|-2.53|3.49|3.51|3.58|3.47|203.54|3.56|193515767|690592640.00|1|0.0000|0.0000|0.0000|0|3.56
恒星科技|002132|-9.95|185428838|658089216.00|-7.85|0.00|-9.95|3.44|3.52|3.82|3.44|185.43|3.82|236067077|916497728.00|1|0.0000|0.0000|0.0000|0|3.82
广宇集团|002133|1.58|9898400|25264380.00|-0.40|1.98|-1.19|2.57|2.52|2.58|2.50|9.90|2.53|7376642|18729020.00|1|0.0000|0.0000|0.0000|0|2.53
天津普林|002134|-1.47|5345400|100556968.00|-0.79|1.26|-2.62|18.77|18.90|19.29|18.55|5.35|19.05|5996101|115619192.00|1|0.0000|0.0000|0.0000|0|19.05
东南网架|002135|1.62|18124498|79412896.00|-0.23|2.55|-0.46|4.39|4.31|4.43|4.30|18.12|4.32|27405800|119626392.00|1|0.0000|0.0000|0.0000|0|4.32
安 纳 达|002136|0.10|6247600|62435508.00|-0.70|0.89|-2.49|10.07|9.99|10.15|9.81|6.25|10.06|4507800|45439924.00|1|0.0000|0.0000|0.0000|0|10.06
实益达|002137|-0.90|9670510|74631584.00|-1.03|0.77|-1.67|7.70|7.69|7.83|7.64|9.67|7.77|9164600|71573776.00|1|0.0000|0.0000|0.0000|0|7.77
顺络电子|002138|-5.17|19106756|531944864.00|-1.17|-1.17|-5.99|27.54|28.70|28.70|27.30|19.11|29.04|5527178|160037856.00|1|0.0000|0.0000|0.0000|0|29.04
拓邦股份|002139|-5.37|49754971|723922816.00|-1.79|-0.27|-5.57|14.28|14.82|15.05|14.25|49.75|15.09|32082299|481413280.00|1|0.0000|0.0000|0.0000|0|15.09
东华科技|002140|1.13|20820840|222648976.00|-1.22|2.16|-2.25|10.77|10.52|10.88|10.41|20.82|10.65|22402438|235172128.00|1|0.0000|0.0000|0.0000|0|10.65
贤丰控股|002141|0.59|10551950|17689154.00|0.00|1.78|-4.14|1.70|1.69|1.72|1.62|10.55|1.69|8519200|14496394.00|1|0.0000|0.0000|0.0000|0|1.69
宁波银行|002142|-1.74|27576237|701492672.00|-1.01|0.00|-2.01|25.36|25.55|25.81|25.29|27.58|25.81|17739827|457342528.00|1|0.0000|0.0000|0.0000|0|25.81
宏达高科|002144|-0.53|2608777|29042370.00|-0.80|0.71|-2.14|11.16|11.13|11.30|10.98|2.61|11.22|2122200|23849130.00|1|0.0000|0.0000|0.0000|0|11.22
钛能化学|002145|-0.23|33500382|148315520.00|-0.90|0.90|-1.35|4.43|4.40|4.48|4.38|33.50|4.44|35149160|156042464.00|1|0.0000|0.0000|0.0000|0|4.44
荣盛发展|002146|0.68|94834045|141836848.00|-0.68|2.70|-1.35|1.49|1.47|1.52|1.46|94.83|1.48|85246091|126719336.00|1|0.0000|0.0000|0.0000|0|1.48
北纬科技|002148|-0.58|8028280|55200168.00|-0.87|0.87|-1.74|6.86|6.84|6.96|6.78|8.03|6.90|9623600|66782840.00|1|0.0000|0.0000|0.0000|0|6.90
西部材料|002149|-1.03|7954800|161220112.00|-1.57|2.06|-2.36|20.17|20.06|20.80|19.90|7.95|20.38|8609960|175712592.00|1|0.0000|0.0000|0.0000|0|20.38
通润装备|002150|-2.57|5790000|77693704.00|-1.39|0.37|-2.93|13.29|13.45|13.69|13.24|5.79|13.64|7076491|96598224.00|1|0.0000|0.0000|0.0000|0|13.64
北斗星通|002151|-0.20|3428763|87460840.00|-0.47|0.82|-0.78|25.47|25.40|25.73|25.32|3.43|25.52|2727000|69669624.00|1|0.0000|0.0000|0.0000|0|25.52
广电运通|002152|-1.52|23562355|308124160.00|-0.91|0.61|-1.90|12.99|13.07|13.27|12.94|23.56|13.19|19161088|253192976.00|1|0.0000|0.0000|0.0000|0|13.19
石基信息|002153|-0.51|13231309|103577672.00|-1.15|1.53|-1.79|7.79|7.74|7.95|7.69|13.23|7.83|11736235|92187760.00|1|0.0000|0.0000|0.0000|0|7.83
报 喜 鸟|002154|0.00|17504600|72715264.00|-0.96|0.48|-1.44|4.17|4.13|4.19|4.11|17.50|4.17|24006030|100248696.00|1|0.0000|0.0000|0.0000|0|4.17
湖南黄金|002155|-2.54|48513167|1060072576.00|0.54|1.45|-2.67|21.50|22.18|22.38|21.47|48.51|22.06|37916477|842517248.00|1|0.0000|0.0000|0.0000|0|22.06
通富微电|002156|-1.26|22067881|589280000.00|-1.12|1.15|-2.23|26.54|26.58|27.19|26.28|22.07|26.88|14371150|386836096.00|1|0.0000|0.0000|0.0000|0|26.88
正邦科技|002157|1.43|69438663|195969104.00|-0.36|2.15|-0.36|2.83|2.78|2.85|2.78|69.44|2.79|30580753|85330520.00|1|0.0000|0.0000|0.0000|0|2.79
汉钟精机|002158|-2.29|8372887|162245696.00|-0.76|-0.05|-2.44|19.24|19.54|19.68|19.21|8.37|19.69|7397115|146020816.00|1|0.0000|0.0000|0.0000|0|19.69
三特索道|002159|1.09|8466080|132368608.00|-0.52|1.93|-0.52|15.70|15.45|15.83|15.45|8.47|15.53|7716200|119559248.00|1|0.0000|0.0000|0.0000|0|15.53
常铝股份|002160|-0.25|19386300|76163568.00|-0.76|1.01|-1.77|3.94|3.92|3.99|3.88|19.39|3.95|26217900|103597312.00|1|0.0000|0.0000|0.0000|0|3.95
远 望 谷|002161|-0.68|9072400|53104164.00|-1.02|0.85|-1.70|5.85|5.83|5.94|5.79|9.07|5.89|7700066|45680036.00|1|0.0000|0.0000|0.0000|0|5.89
悦心健康|002162|-0.25|23028966|92834432.00|-0.99|1.24|-1.49|4.03|4.00|4.09|3.98|23.03|4.04|18334500|74361744.00|1|0.0000|0.0000|0.0000|0|4.04
海南发展|002163|-3.16|31287740|232882304.00|-3.03|1.05|-3.82|7.35|7.36|7.67|7.30|31.29|7.59|56228953|412772320.00|1|0.0000|0.0000|0.0000|0|7.59
宁波东力|002164|-3.12|30211050|236122352.00|-1.37|0.12|-4.24|7.76|7.90|8.02|7.67|30.21|8.01|25095800|201512352.00|1|0.0000|0.0000|0.0000|0|8.01
红 宝 丽|002165|10.02|247622161|1658040960.00|-1.88|10.02|-3.29|7.03|6.27|7.03|6.18|247.62|6.39|246235720|1532488320.00|1|0.0000|0.0000|0.0000|0|6.39
莱茵生物|002166|2.64|37651370|306975008.00|-0.88|4.02|-1.38|8.17|7.89|8.28|7.85|37.65|7.96|19556155|156199728.00|1|0.0000|0.0000|0.0000|0|7.96
东方锆业|002167|-0.77|33994500|307695488.00|-1.31|0.88|-2.19|9.06|9.01|9.21|8.93|33.99|9.13|31560057|289393728.00|1|0.0000|0.0000|0.0000|0|9.13
*ST惠程|002168|-1.69|7849793|18263292.00|-1.27|0.42|-3.39|2.32|2.33|2.37|2.28|7.85|2.36|6188400|14593000.00|1|0.0000|0.0000|0.0000|0|2.36
智光电气|002169|0.51|7084900|41883784.00|-0.17|1.36|-1.19|5.93|5.89|5.98|5.83|7.08|5.90|4341900|25710776.00|1|0.0000|0.0000|0.0000|0|5.90
芭田股份|002170|0.47|19543800|203893840.00|-1.04|1.04|-2.75|10.58|10.42|10.64|10.24|19.54|10.53|19177904|203727936.00|1|0.0000|0.0000|0.0000|0|10.53
楚江新材|002171|-0.33|15350565|138519056.00|-0.55|0.33|-2.09|9.07|9.05|9.13|8.91|15.35|9.10|23404050|215224800.00|1|0.0000|0.0000|0.0000|0|9.10
澳洋健康|002172|0.87|13649000|47180464.00|-0.87|1.74|-0.87|3.47|3.41|3.50|3.41|13.65|3.44|13739900|47441260.00|1|0.0000|0.0000|0.0000|0|3.44
创新医疗|002173|-1.57|35428100|336017728.00|-1.67|2.09|-2.92|9.43|9.42|9.78|9.30|35.43|9.58|64578800|628234496.00|1|0.0000|0.0000|0.0000|0|9.58
游族网络|002174|-0.11|10118700|95752752.00|-0.95|1.16|-1.48|9.44|9.36|9.56|9.31|10.12|9.45|9733892|91805112.00|1|0.0000|0.0000|0.0000|0|9.45
东方智造|002175|-0.83|34526441|165386416.00|-1.04|0.62|-1.66|4.78|4.77|4.85|4.74|34.53|4.82|35491594|171917728.00|1|0.0000|0.0000|0.0000|0|4.82
江特电机|002176|-1.06|16955300|126813000.00|-1.19|0.53|-1.86|7.46|7.45|7.58|7.40|16.96|7.54|16029195|120844728.00|1|0.0000|0.0000|0.0000|0|7.54
御银股份|002177|0.23|13050658|57218188.00|-1.37|1.14|-1.60|4.39|4.32|4.43|4.31|13.05|4.38|11349600|49938604.00|1|0.0000|0.0000|0.0000|0|4.38
延华智能|002178|-0.16|11805000|72777568.00|-0.97|0.81|-1.94|6.17|6.12|6.23|6.06|11.80|6.18|10433146|64723040.00|1|0.0000|0.0000|0.0000|0|6.18
中航光电|002179|0.22|10567794|434782368.00|-0.73|1.56|-0.83|41.04|40.65|41.59|40.61|10.57|40.95|17828471|727260288.00|1|0.0000|0.0000|0.0000|0|40.95
纳思达|002180|0.25|13720725|332366208.00|-1.20|1.28|-1.28|24.23|23.88|24.48|23.86|13.72|24.17|15933883|383114784.00|1|0.0000|0.0000|0.0000|0|24.17
粤 传 媒|002181|2.38|28217340|156888480.00|-0.91|2.93|-1.28|5.60|5.42|5.63|5.40|28.22|5.47|13456561|73272672.00|1|0.0000|0.0000|0.0000|0|5.47
宝武镁业|002182|0.15|21100455|273889728.00|-0.77|1.70|-1.39|12.97|12.85|13.17|12.77|21.10|12.95|27344301|356448480.00|1|0.0000|0.0000|0.0000|0|12.95
怡 亚 通|002183|0.43|44126151|204635328.00|-0.87|2.83|-1.52|4.62|4.56|4.73|4.53|44.13|4.60|19115300|88144592.00|1|0.0000|0.0000|0.0000|0|4.60
海得控制|002184|-1.36|13798205|172662832.00|-0.24|2.71|-2.15|12.36|12.50|12.87|12.26|13.80|12.53|19652600|246217696.00|1|0.0000|0.0000|0.0000|0|12.53
华天科技|002185|-1.42|29722162|311679296.00|-0.94|0.47|-1.98|10.44|10.49|10.64|10.38|29.72|10.59|23818402|252664064.00|1|0.0000|0.0000|0.0000|0|10.59
全 聚 德|002186|2.22|9096090|100036864.00|-0.65|3.34|-1.76|11.03|10.72|11.15|10.60|9.10|10.79|4978394|53533604.00|1|0.0000|0.0000|0.0000|0|10.79
广百股份|002187|2.25|24201156|165312512.00|-0.90|4.80|-1.50|6.81|6.60|6.98|6.56|24.20|6.66|9126300|60986164.00|1|0.0000|0.0000|0.0000|0|6.66
中天服务|002188|1.12|9670300|43217544.00|-0.67|1.57|-1.12|4.50|4.42|4.52|4.40|9.67|4.45|7788100|34792808.00|1|0.0000|0.0000|0.0000|0|4.45
中光学|002189|-1.20|2598518|49279800.00|-1.36|0.47|-1.88|18.88|18.85|19.20|18.75|2.60|19.11|2472100|47432816.00|1|0.0000|0.0000|0.0000|0|19.11
成飞集成|002190|-1.02|3325300|55334020.00|-0.72|0.78|-1.26|16.55|16.60|16.85|16.51|3.33|16.72|4050820|67832184.00|1|0.0000|0.0000|0.0000|0|16.72
劲嘉股份|002191|1.58|22420671|86216056.00|-0.79|2.63|-1.32|3.86|3.77|3.90|3.75|22.42|3.80|17227140|65290540.00|1|0.0000|0.0000|0.0000|0|3.80
融捷股份|002192|-0.30|2617648|78680824.00|-0.79|0.30|-1.03|30.12|29.97|30.30|29.90|2.62|30.21|1890200|57202328.00|1|0.0000|0.0000|0.0000|0|30.21
如意集团|002193|0.36|5380700|29480360.00|-0.18|0.73|-1.28|5.50|5.47|5.52|5.41|5.38|5.48|4262498|23410852.00|1|0.0000|0.0000|0.0000|0|5.48
武汉凡谷|002194|-2.46|14154777|164097856.00|-1.36|0.42|-2.89|11.49|11.62|11.83|11.44|14.15|11.78|10150836|119788064.00|1|0.0000|0.0000|0.0000|0|11.78
岩山科技|002195|-2.50|307786076|1694834176.00|-1.79|0.36|-3.39|5.46|5.50|5.62|5.41|307.79|5.60|499237818|2788226304.00|1|0.0000|0.0000|0.0000|0|5.60
方正电机|002196|-4.54|47501770|415949024.00|-2.54|-0.44|-4.98|8.63|8.81|9.00|8.59|47.50|9.04|58406720|526132544.00|1|0.0000|0.0000|0.0000|0|9.04
证通电子|002197|-1.71|19394520|100444120.00|-2.48|0.19|-2.67|5.16|5.12|5.26|5.11|19.39|5.25|26561469|140411968.00|1|0.0000|0.0000|0.0000|0|5.25
嘉应制药|002198|-0.14|5662967|40319340.00|-0.56|0.28|-1.12|7.14|7.11|7.17|7.07|5.66|7.15|5793859|41591116.00|1|0.0000|0.0000|0.0000|0|7.15
*ST东晶|002199|-3.85|23020966|122250624.00|-1.28|1.83|-4.95|5.25|5.39|5.56|5.19|23.02|5.46|27762735|152847440.00|1|0.0000|0.0000|0.0000|0|5.46
*ST交投|002200|1.07|773300|4354596.00|-0.36|1.60|-1.60|5.68|5.60|5.71|5.53|0.77|5.62|748500|4230734.00|1|0.0000|0.0000|0.0000|0|5.62
九鼎新材|002201|2.01|70243166|427276256.00|-1.34|5.37|-2.52|6.08|5.88|6.28|5.81|70.24|5.96|26319662|154846864.00|1|0.0000|0.0000|0.0000|0|5.96
金风科技|002202|-0.67|34260584|304824096.00|-0.78|0.45|-1.12|8.88|8.87|8.98|8.84|34.26|8.94|52506037|466449568.00|1|0.0000|0.0000|0.0000|0|8.94
海亮股份|002203|-0.32|4210014|39434044.00|-0.43|0.21|-0.85|9.37|9.36|9.42|9.32|4.21|9.40|3148600|29646308.00|1|0.0000|0.0000|0.0000|0|9.40
大连重工|002204|-2.29|159749619|960007616.00|-1.80|0.00|-3.11|5.97|6.00|6.11|5.92|159.75|6.11|195006237|1193780608.00|1|0.0000|0.0000|0.0000|0|6.11
国统股份|002205|-0.63|7615280|71231464.00|-2.01|-0.11|-2.54|9.40|9.27|9.45|9.22|7.62|9.46|11677169|111502360.00|1|0.0000|0.0000|0.0000|0|9.46
海 利 得|002206|-2.82|85309820|419375360.00|0.60|5.63|-4.63|4.83|5.00|5.25|4.74|85.31|4.97|66158086|331163296.00|1|0.0000|0.0000|0.0000|0|4.97
准油股份|002207|-0.53|11584200|65203104.00|-1.58|0.00|-3.34|5.66|5.60|5.69|5.50|11.58|5.69|21090300|119523744.00|1|0.0000|0.0000|0.0000|0|5.69
合肥城建|002208|0.61|8414968|55075916.00|-0.46|1.69|-1.08|6.55|6.48|6.62|6.44|8.41|6.51|5239000|34179920.00|1|0.0000|0.0000|0.0000|0|6.51
达 意 隆|002209|-2.10|4959600|55544976.00|-0.96|0.09|-3.77|11.17|11.30|11.42|10.98|4.96|11.41|6452500|73200368.00|1|0.0000|0.0000|0.0000|0|11.41
飞马国际|002210|2.01|143693217|368404512.00|0.40|4.82|0.40|2.54|2.50|2.61|2.50|143.69|2.49|94802090|237481168.00|1|0.0000|0.0000|0.0000|0|2.49
ST宏达|002211|0.82|7644902|27939452.00|-0.55|1.37|-1.64|3.69|3.64|3.71|3.60|7.64|3.66|6943500|25436878.00|1|0.0000|0.0000|0.0000|0|3.66
天融信|002212|0.00|29059242|236162928.00|-1.23|1.36|-1.36|8.10|8.00|8.21|7.99|29.06|8.10|23536820|189913360.00|1|0.0000|0.0000|0.0000|0|8.10
大为股份|002213|-1.55|6062502|88790200.00|-1.89|0.47|-2.76|14.61|14.56|14.91|14.43|6.06|14.84|4867200|72398856.00|1|0.0000|0.0000|0.0000|0|14.84
*ST大立|002214|-0.90|3885000|38544820.00|0.10|0.70|-1.30|9.88|9.98|10.04|9.84|3.89|9.97|4964840|49793108.00|1|0.0000|0.0000|0.0000|0|9.97
诺 普 信|002215|0.11|14063600|128015128.00|-0.55|1.54|-0.99|9.09|9.03|9.22|8.99|14.06|9.08|12729100|115265416.00|1|0.0000|0.0000|0.0000|0|9.08
三全食品|002216|1.52|4027929|45549256.00|-1.61|1.96|-1.61|11.38|11.03|11.43|11.03|4.03|11.21|2289550|25715812.00|1|0.0000|0.0000|0.0000|0|11.21
合力泰|002217|1.40|18881300|40951216.00|0.00|1.86|-0.93|2.18|2.15|2.19|2.13|18.88|2.15|23631500|51030664.00|1|0.0000|0.0000|0.0000|0|2.15
拓日新能|002218|-0.30|12526412|42038956.00|-0.89|0.30|-1.48|3.36|3.34|3.38|3.32|12.53|3.37|18359336|61712624.00|1|0.0000|0.0000|0.0000|0|3.37
新里程|002219|0.00|32567700|81333664.00|-0.80|1.20|-1.20|2.50|2.48|2.53|2.47|32.57|2.50|23778800|59367756.00|1|0.0000|0.0000|0.0000|0|2.50
东华能源|002221|1.72|27186900|272893504.00|-0.71|3.54|-1.82|10.05|9.81|10.23|9.70|27.19|9.88|11841400|117640552.00|1|0.0000|0.0000|0.0000|0|9.88
福晶科技|002222|-1.51|8739835|303326720.00|-1.25|0.51|-3.13|34.59|34.68|35.30|34.02|8.74|35.12|7449082|262146048.00|1|0.0000|0.0000|0.0000|0|35.12
鱼跃医疗|002223|-0.50|7493146|267801760.00|-0.75|0.17|-2.14|35.86|35.77|36.10|35.27|7.49|36.04|6814227|244918848.00|1|0.0000|0.0000|0.0000|0|36.04
三 力 士|002224|1.75|14981011|69065728.00|-1.75|1.97|-1.75|4.65|4.49|4.66|4.49|14.98|4.57|11948900|54503824.00|1|0.0000|0.0000|0.0000|0|4.57
濮耐股份|002225|1.86|26218400|145461440.00|0.19|5.76|-0.37|5.48|5.39|5.69|5.36|26.22|5.38|10506800|56449600.00|1|0.0000|0.0000|0.0000|0|5.38
江南化工|002226|-1.05|23523559|133114272.00|-0.87|0.17|-2.27|5.67|5.68|5.74|5.60|23.52|5.73|19735183|112276136.00|1|0.0000|0.0000|0.0000|0|5.73
奥 特 迅|002227|-2.62|9057400|112065080.00|-1.59|0.40|-3.65|12.28|12.41|12.66|12.15|9.06|12.61|11602400|146610576.00|1|0.0000|0.0000|0.0000|0|12.61
合兴包装|002228|-0.32|15289972|48294596.00|-0.63|0.63|-1.89|3.16|3.15|3.19|3.11|15.29|3.17|15100044|47670080.00|1|0.0000|0.0000|0.0000|0|3.17
鸿博股份|002229|-1.58|10052050|119574504.00|-1.33|0.25|-2.16|11.85|11.88|12.07|11.78|10.05|12.04|7236600|87553856.00|1|0.0000|0.0000|0.0000|0|12.04
科大讯飞|002230|-0.08|16168300|778357632.00|-0.52|0.27|-0.77|48.21|48.00|48.38|47.88|16.17|48.25|15122705|729023552.00|1|0.0000|0.0000|0.0000|0|48.25
*ST奥维|002231|0.00|6437210|33686408.00|-0.57|0.76|-2.09|5.26|5.23|5.30|5.15|6.44|5.26|6628700|35189476.00|1|0.0000|0.0000|0.0000|0|5.26
启明信息|002232|-0.93|3762604|68877064.00|-1.63|0.76|-1.69|18.19|18.06|18.50|18.05|3.76|18.36|3737700|69224424.00|1|0.0000|0.0000|0.0000|0|18.36
塔牌集团|002233|0.24|8033953|66024448.00|-0.73|1.22|-0.73|8.20|8.12|8.28|8.12|8.03|8.18|5024300|41102300.00|1|0.0000|0.0000|0.0000|0|8.18
民和股份|002234|2.96|13599002|127100848.00|-0.77|3.62|-0.99|9.39|9.05|9.45|9.03|13.60|9.12|8004300|73570168.00|1|0.0000|0.0000|0.0000|0|9.12
安妮股份|002235|0.19|9974600|51335152.00|-1.55|0.78|-1.75|5.16|5.07|5.19|5.06|9.97|5.15|9120614|47211544.00|1|0.0000|0.0000|0.0000|0|5.15
大华股份|002236|-2.66|54069598|896955712.00|-1.48|-0.71|-2.96|16.47|16.67|16.80|16.42|54.07|16.92|38388104|651115136.00|1|0.0000|0.0000|0.0000|0|16.92
恒邦股份|002237|-0.45|29244792|323315712.00|0.73|2.18|-0.91|10.96|11.09|11.25|10.91|29.24|11.01|24743923|274963040.00|1|0.0000|0.0000|0.0000|0|11.01
天威视讯|002238|-0.35|6614730|55972176.00|-0.83|0.94|-1.30|8.44|8.40|8.55|8.36|6.61|8.47|8361421|71188264.00|1|0.0000|0.0000|0.0000|0|8.47
奥特佳|002239|-1.01|48718592|144203072.00|-1.01|0.34|-1.34|2.95|2.95|2.99|2.94|48.72|2.98|52481563|157029792.00|1|0.0000|0.0000|0.0000|0|2.98
盛新锂能|002240|-0.16|5868821|75189488.00|-0.86|0.70|-1.01|12.80|12.71|12.91|12.69|5.87|12.82|5200381|66612660.00|1|0.0000|0.0000|0.0000|0|12.82
歌尔股份|002241|-10.00|173411025|4132566784.00|-4.77|-4.58|-10.00|23.39|24.75|24.80|23.39|173.41|25.99|40486005|1046510848.00|1|0.0000|0.0000|0.0000|0|25.99
九阳股份|002242|-2.07|6453200|64347416.00|-1.18|-0.39|-2.47|9.92|10.01|10.09|9.88|6.45|10.13|4873895|49143476.00|1|0.0000|0.0000|0.0000|0|10.13
力合科创|002243|0.12|6929701|59884668.00|-1.15|0.69|-1.27|8.67|8.56|8.72|8.55|6.93|8.66|5370900|46622324.00|1|0.0000|0.0000|0.0000|0|8.66
滨江集团|002244|2.36|34756716|360818688.00|-0.39|4.93|-1.28|10.39|10.11|10.65|10.02|34.76|10.15|21892135|220130960.00|1|0.0000|0.0000|0.0000|0|10.15
蔚蓝锂芯|002245|-2.16|36397900|513175968.00|-1.95|-0.35|-2.58|14.02|14.05|14.28|13.96|36.40|14.33|52090800|745156672.00|1|0.0000|0.0000|0.0000|0|14.33
北化股份|002246|1.06|6470000|67378248.00|-0.77|1.54|-1.54|10.49|10.30|10.54|10.22|6.47|10.38|5934100|62170264.00|1|0.0000|0.0000|0.0000|0|10.38
聚力文化|002247|0.41|14008700|34125128.00|-1.23|0.82|-1.64|2.45|2.41|2.46|2.40|14.01|2.44|10671500|25957826.00|1|0.0000|0.0000|0.0000|0|2.44
华东数控|002248|-4.32|25498335|219115056.00|-2.73|0.80|-4.44|8.41|8.55|8.86|8.40|25.50|8.79|35208935|313463584.00|1|0.0000|0.0000|0.0000|0|8.79
大洋电机|002249|-3.46|199202414|1462931072.00|-1.33|0.27|-4.26|7.26|7.42|7.54|7.20|199.20|7.52|276143323|2076903040.00|1|0.0000|0.0000|0.0000|0|7.52
联化科技|002250|-1.00|15865874|110400560.00|-0.85|0.57|-2.28|6.96|6.97|7.07|6.87|15.87|7.03|14447100|102136672.00|1|0.0000|0.0000|0.0000|0|7.03
步步高|002251|2.54|24086114|96630952.00|-0.76|3.55|-1.02|4.04|3.91|4.08|3.90|24.09|3.94|17552744|69037664.00|1|0.0000|0.0000|0.0000|0|3.94
上海莱士|002252|0.28|32971347|232902560.00|-0.42|0.57|-0.85|7.08|7.03|7.10|7.00|32.97|7.06|42131282|296932160.00|1|0.0000|0.0000|0.0000|0|7.06
*ST智胜|002253|-3.66|12122550|130250368.00|-5.62|-1.69|-6.51|10.80|10.58|11.02|10.48|12.12|11.21|4439200|50117696.00|1|0.0000|0.0000|0.0000|0|11.21
泰和新材|002254|-0.79|8682719|87373208.00|-0.89|0.49|-1.38|10.04|10.03|10.17|9.98|8.68|10.12|8002000|81459432.00|1|0.0000|0.0000|0.0000|0|10.12
海陆重工|002255|5.96|198976153|1795758592.00|-0.35|10.06|-0.35|9.06|8.52|9.41|8.52|198.98|8.55|182662781|1547602560.00|1|0.0000|0.0000|0.0000|0|8.55
兆新股份|002256|0.43|16560100|38481040.00|0.43|1.30|0.00|2.32|2.32|2.34|2.31|16.56|2.31|15021200|34926712.00|1|0.0000|0.0000|0.0000|0|2.31
利尔化学|002258|0.79|7384802|65472236.00|-0.45|0.90|-1.13|8.92|8.81|8.93|8.75|7.38|8.85|6173428|54767512.00|1|0.0000|0.0000|0.0000|0|8.85
升达林业|002259|0.85|5111100|12127878.00|-0.42|1.69|-0.85|2.38|2.35|2.40|2.34|5.11|2.36|2820140|6652009.50|1|0.0000|0.0000|0.0000|0|2.36
拓维信息|002261|-1.82|69264287|1953608064.00|-1.96|0.38|-2.62|28.07|28.03|28.70|27.84|69.26|28.59|82986100|2383084800.00|1|0.0000|0.0000|0.0000|0|28.59
恩华药业|002262|-1.20|8961600|200052336.00|-1.02|0.62|-1.38|22.19|22.23|22.60|22.15|8.96|22.46|8422893|190049088.00|1|0.0000|0.0000|0.0000|0|22.46
大东南|002263|1.63|23144302|57219892.00|-0.82|2.45|-0.82|2.49|2.43|2.51|2.43|23.14|2.45|18723645|45877936.00|1|0.0000|0.0000|0.0000|0|2.45
新 华 都|002264|1.31|13261300|81918128.00|-0.65|1.79|-0.98|6.21|6.09|6.24|6.07|13.26|6.13|14006458|85796392.00|1|0.0000|0.0000|0.0000|0|6.13
建设工业|002265|-2.08|9755549|203578128.00|-0.80|0.43|-2.51|20.69|20.96|21.22|20.60|9.76|21.13|9495706|201035424.00|1|0.0000|0.0000|0.0000|0|21.13
浙富控股|002266|-0.60|31714555|105525904.00|-0.90|0.90|-1.20|3.31|3.30|3.36|3.29|31.71|3.33|20857511|69520288.00|1|0.0000|0.0000|0.0000|0|3.33
陕天然气|002267|0.47|8950500|76036640.00|-0.47|1.30|-1.07|8.49|8.41|8.56|8.36|8.95|8.45|11495268|96280128.00|1|0.0000|0.0000|0.0000|0|8.45
电科网安|002268|-0.92|5580900|90949392.00|-1.22|0.79|-1.41|16.22|16.17|16.50|16.14|5.58|16.37|4422720|72444552.00|1|0.0000|0.0000|0.0000|0|16.37
美邦服饰|002269|1.11|76496638|138958208.00|-1.11|2.78|-1.67|1.82|1.78|1.85|1.77|76.50|1.80|61731710|111051152.00|1|0.0000|0.0000|0.0000|0|1.80
华明装备|002270|-2.37|6442381|95740032.00|-0.99|-0.20|-3.10|14.80|15.01|15.13|14.69|6.44|15.16|5591894|84864584.00|1|0.0000|0.0000|0.0000|0|15.16
东方雨虹|002271|0.75|17408804|211182064.00|-0.33|1.41|-0.66|12.15|12.02|12.23|11.98|17.41|12.06|20605748|249347808.00|1|0.0000|0.0000|0.0000|0|12.06
川润股份|002272|-0.44|15004600|134830320.00|-1.00|0.66|-1.44|8.99|8.94|9.09|8.90|15.00|9.03|16876294|152987568.00|1|0.0000|0.0000|0.0000|0|9.03
水晶光电|002273|-9.98|94811083|2021553280.00|-2.79|-1.87|-9.98|20.65|22.30|22.51|20.65|94.81|22.94|22367038|512334848.00|1|0.0000|0.0000|0.0000|0|22.94
华昌化工|002274|0.00|11082813|87071024.00|-0.89|0.25|-1.01|7.89|7.82|7.91|7.81|11.08|7.89|10658863|84255488.00|1|0.0000|0.0000|0.0000|0|7.89
桂林三金|002275|0.00|2096800|30038102.00|-0.98|0.84|-0.98|14.33|14.19|14.45|14.19|2.10|14.33|2418600|34735844.00|1|0.0000|0.0000|0.0000|0|14.33
万马股份|002276|-1.98|88830939|1228663808.00|-2.20|0.35|-3.61|13.83|13.80|14.16|13.60|88.83|14.11|91704587|1305339776.00|1|0.0000|0.0000|0.0000|0|14.11
友阿股份|002277|0.97|39276402|205338016.00|-1.35|2.51|-1.55|5.22|5.10|5.30|5.09|39.28|5.17|18359700|95014000.00|1|0.0000|0.0000|0.0000|0|5.17
神开股份|002278|-4.15|64545110|498786624.00|-1.89|-0.13|-4.65|7.62|7.80|7.94|7.58|64.55|7.95|75457499|598233408.00|1|0.0000|0.0000|0.0000|0|7.95
久其软件|002279|-1.08|14434461|93536080.00|-0.92|0.92|-1.54|6.44|6.45|6.57|6.41|14.43|6.51|14684821|95539472.00|1|0.0000|0.0000|0.0000|0|6.51
光迅科技|002281|0.67|21221463|1013511488.00|-1.66|1.66|-1.98|47.90|46.79|48.37|46.64|21.22|47.58|25043725|1178922496.00|1|0.0000|0.0000|0.0000|0|47.58
博深股份|002282|1.55|11574300|91705008.00|-0.52|6.19|-0.77|7.87|7.71|8.23|7.69|11.57|7.75|3275201|25620508.00|1|0.0000|0.0000|0.0000|0|7.75
天润工业|002283|-3.30|30978015|201987968.00|-1.65|0.45|-4.35|6.45|6.56|6.70|6.38|30.98|6.67|28421900|187942464.00|1|0.0000|0.0000|0.0000|0|6.67
亚太股份|002284|-1.87|43421544|444385216.00|-1.57|4.33|-2.07|9.97|10.00|10.60|9.95|43.42|10.16|37933338|387899392.00|1|0.0000|0.0000|0.0000|0|10.16
世联行|002285|2.15|36213900|85693376.00|-0.86|3.00|-1.29|2.38|2.31|2.40|2.30|36.21|2.33|12823660|29979748.00|1|0.0000|0.0000|0.0000|0|2.33
保龄宝|002286|0.00|6335200|50501880.00|0.38|0.88|-1.13|7.97|8.00|8.04|7.88|6.34|7.97|5609100|44451404.00|1|0.0000|0.0000|0.0000|0|7.97
奇正藏药|002287|-0.44|1261331|28748572.00|-0.83|0.66|-0.92|22.76|22.67|23.01|22.65|1.26|22.86|1751047|40111036.00|1|0.0000|0.0000|0.0000|0|22.86
*ST宇顺|002289|4.93|21547902|118275424.00|4.93|4.93|0.57|5.53|5.53|5.53|5.30|21.55|5.27|950500|5009135.00|1|0.0000|0.0000|0.0000|0|5.27
禾盛新材|002290|-2.84|4710283|120361888.00|-2.19|0.04|-3.22|25.34|25.51|26.09|25.24|4.71|26.08|4557502|118609584.00|1|0.0000|0.0000|0.0000|0|26.08
遥望科技|002291|0.16|16933243|107518848.00|-0.94|0.79|-1.73|6.37|6.30|6.41|6.25|16.93|6.36|20424133|130043768.00|1|0.0000|0.0000|0.0000|0|6.36
奥飞娱乐|002292|-2.80|49047602|462956960.00|-2.80|0.10|-3.83|9.38|9.38|9.66|9.28|49.05|9.65|57199001|554619520.00|1|0.0000|0.0000|0.0000|0|9.65
罗莱生活|002293|-0.95|3627883|30173870.00|-1.66|-0.36|-2.49|8.36|8.30|8.41|8.23|3.63|8.44|4941410|41439360.00|1|0.0000|0.0000|0.0000|0|8.44
信立泰|002294|-0.56|6160738|207861248.00|-0.77|0.92|-1.21|33.67|33.60|34.17|33.45|6.16|33.86|7210677|244123232.00|1|0.0000|0.0000|0.0000|0|33.86
精艺股份|002295|0.00|3019300|22580510.00|-0.93|0.53|-2.26|7.53|7.46|7.57|7.36|3.02|7.53|2671600|20177166.00|1|0.0000|0.0000|0.0000|0|7.53
辉煌科技|002296|-0.62|14434700|162229888.00|-1.51|1.42|-1.60|11.16|11.06|11.39|11.05|14.43|11.23|11344600|126595928.00|1|0.0000|0.0000|0.0000|0|11.23
博云新材|002297|0.00|10688332|71348104.00|-0.60|2.40|-1.35|6.66|6.62|6.82|6.57|10.69|6.66|9077757|60731176.00|1|0.0000|0.0000|0.0000|0|6.66
中电鑫龙|002298|-0.74|16807501|89980656.00|-1.12|1.12|-1.49|5.34|5.32|5.44|5.30|16.81|5.38|18369900|99462792.00|1|0.0000|0.0000|0.0000|0|5.38
圣农发展|002299|2.61|16343100|255276720.00|0.00|3.33|-0.13|15.73|15.33|15.84|15.31|16.34|15.33|7434523|114655800.00|1|0.0000|0.0000|0.0000|0|15.33
太阳电缆|002300|-0.98|59753262|359241984.00|-1.48|0.00|-3.44|6.04|6.01|6.10|5.89|59.75|6.10|64326928|393514560.00|1|0.0000|0.0000|0.0000|0|6.10
齐心集团|002301|-1.10|5338800|38460488.00|-1.10|0.41|-1.79|7.18|7.18|7.29|7.13|5.34|7.26|7714921|56024892.00|1|0.0000|0.0000|0.0000|0|7.26
西部建设|002302|2.34|18124200|110757808.00|-0.33|4.52|-0.50|6.12|5.96|6.25|5.95|18.12|5.98|6004949|36016200.00|1|0.0000|0.0000|0.0000|0|5.98
美盈森|002303|-0.28|17234800|60350848.00|-0.85|0.57|-1.42|3.51|3.49|3.54|3.47|17.23|3.52|17831000|62647852.00|1|0.0000|0.0000|0.0000|0|3.52
洋河股份|002304|0.44|3920138|300558208.00|-0.38|0.93|-0.56|76.75|76.12|77.12|75.98|3.92|76.41|2220464|169627872.00|1|0.0000|0.0000|0.0000|0|76.41
*ST南置|002305|0.00|31710100|44220412.00|0.00|1.44|-1.44|1.39|1.39|1.41|1.37|31.71|1.39|23511300|32799622.00|1|0.0000|0.0000|0.0000|0|1.39
*ST云网|002306|10.14|100130218|231731568.00|0.00|10.14|0.00|2.39|2.17|2.39|2.17|100.13|2.17|86536592|190034496.00|1|0.0000|0.0000|0.0000|0|2.17
北新路桥|002307|1.05|19097900|73078600.00|-1.32|1.58|-1.32|3.84|3.75|3.86|3.75|19.10|3.80|9538100|36277212.00|1|0.0000|0.0000|0.0000|0|3.80
中利集团|002309|0.75|7477441|20086562.00|-0.75|3.00|-1.50|2.69|2.65|2.75|2.63|7.48|2.67|6188000|16534124.00|1|0.0000|0.0000|0.0000|0|2.67
东方园林|002310|4.02|49175227|100809824.00|1.01|4.52|0.50|2.07|2.01|2.08|2.00|49.18|1.99|43406579|86691352.00|1|0.0000|0.0000|0.0000|0|1.99
海大集团|002311|2.32|13335805|682758080.00|-0.64|4.11|-1.24|51.24|49.76|52.14|49.46|13.34|50.08|5076964|253125840.00|1|0.0000|0.0000|0.0000|0|50.08
川发龙蟒|002312|-1.86|32158498|374474336.00|-0.93|0.17|-2.54|11.59|11.70|11.83|11.51|32.16|11.81|27396846|324106624.00|1|0.0000|0.0000|0.0000|0|11.81
日海智能|002313|-0.84|7933500|75327136.00|0.11|1.79|-1.69|9.41|9.50|9.66|9.33|7.93|9.49|6898610|65668600.00|1|0.0000|0.0000|0.0000|0|9.49
南山控股|002314|1.79|20012720|45471316.00|-0.45|2.68|-1.34|2.28|2.23|2.30|2.21|20.01|2.24|11283570|25295880.00|1|0.0000|0.0000|0.0000|0|2.24
焦点科技|002315|-6.30|10789830|461952128.00|-1.55|-0.02|-6.71|41.78|43.90|44.58|41.60|10.79|44.59|11655585|517792352.00|1|0.0000|0.0000|0.0000|0|44.59
亚联发展|002316|1.98|6188004|21990078.00|-0.85|2.55|-1.42|3.60|3.50|3.62|3.48|6.19|3.53|4650238|16342962.00|1|0.0000|0.0000|0.0000|0|3.53
众生药业|002317|3.11|36484209|418563424.00|-0.53|3.91|-0.62|11.61|11.20|11.70|11.19|36.48|11.26|21754044|247466496.00|1|0.0000|0.0000|0.0000|0|11.26
久立特材|002318|-0.51|6791125|173356848.00|0.04|1.38|-1.45|25.32|25.46|25.80|25.08|6.79|25.45|9122525|234452592.00|1|0.0000|0.0000|0.0000|0|25.45
乐通股份|002319|-0.56|2125300|22488382.00|-1.13|0.66|-1.51|10.57|10.51|10.70|10.47|2.13|10.63|2534200|27113108.00|1|0.0000|0.0000|0.0000|0|10.63
海峡股份|002320|1.47|23777911|146339488.00|-0.98|1.64|-1.31|6.20|6.05|6.21|6.03|23.78|6.11|19801302|120252712.00|1|0.0000|0.0000|0.0000|0|6.11
华英农业|002321|2.56|34181200|81898464.00|-1.28|4.27|-1.28|2.40|2.31|2.44|2.31|34.18|2.34|15749600|37012296.00|1|0.0000|0.0000|0.0000|0|2.34
理工能科|002322|-1.67|3793000|51757940.00|-0.72|0.14|-2.32|13.58|13.71|13.83|13.49|3.79|13.81|3492000|48223084.00|1|0.0000|0.0000|0.0000|0|13.81
雅博股份|002323|-0.64|33920231|53024000.00|-1.27|0.64|-1.91|1.56|1.55|1.58|1.54|33.92|1.57|38939975|61042952.00|1|0.0000|0.0000|0.0000|0|1.57
普利特|002324|-0.94|8837300|84286024.00|-1.56|0.52|-1.77|9.51|9.45|9.65|9.43|8.84|9.60|7528640|72413056.00|1|0.0000|0.0000|0.0000|0|9.60
永太科技|002326|-1.81|13134593|136469344.00|-0.86|0.67|-2.28|10.32|10.42|10.58|10.27|13.13|10.51|15079843|158761040.00|1|0.0000|0.0000|0.0000|0|10.51
富安娜|002327|-1.39|4790000|40788632.00|-0.58|0.35|-1.86|8.50|8.57|8.65|8.46|4.79|8.62|8961678|76795504.00|1|0.0000|0.0000|0.0000|0|8.62
新朋股份|002328|-1.65|9332345|55675876.00|-1.16|0.66|-2.64|5.95|5.98|6.09|5.89|9.33|6.05|7120170|43162040.00|1|0.0000|0.0000|0.0000|0|6.05
皇氏集团|002329|0.00|107210827|332135072.00|-2.89|3.86|-2.89|3.11|3.02|3.23|3.02|107.21|3.11|8197100|25492980.00|1|0.0000|0.0000|0.0000|0|3.11
得利斯|002330|3.06|16377898|70886944.00|-0.71|4.00|-0.94|4.38|4.22|4.42|4.21|16.38|4.25|8565700|36434972.00|1|0.0000|0.0000|0.0000|0|4.25
皖通科技|002331|0.00|6277120|48353352.00|-1.56|1.56|-1.69|7.70|7.58|7.82|7.57|6.28|7.70|7142600|55099752.00|1|0.0000|0.0000|0.0000|0|7.70
仙琚制药|002332|0.10|21117601|214577040.00|-0.69|0.89|-0.99|10.16|10.08|10.24|10.05|21.12|10.15|16902247|171951744.00|1|0.0000|0.0000|0.0000|0|10.15
罗普斯金|002333|0.00|6437954|35401368.00|-1.08|0.36|-1.63|5.53|5.47|5.55|5.44|6.44|5.53|7132300|39865164.00|1|0.0000|0.0000|0.0000|0|5.53
英威腾|002334|-2.32|18170300|154720992.00|-1.51|0.70|-2.55|8.43|8.50|8.69|8.41|18.17|8.63|18692100|161861440.00|1|0.0000|0.0000|0.0000|0|8.63
科华数据|002335|-2.27|20666846|890158720.00|-2.15|1.44|-3.00|42.65|42.70|44.27|42.33|20.67|43.64|21331189|936275072.00|1|0.0000|0.0000|0.0000|0|43.64
赛象科技|002337|5.11|72441396|427350656.00|-0.55|10.04|-1.09|5.76|5.45|6.03|5.42|72.44|5.48|17392510|96072448.00|1|0.0000|0.0000|0.0000|0|5.48
奥普光电|002338|-5.43|15965500|652545024.00|-2.40|-0.66|-6.75|40.21|41.50|42.24|39.65|15.97|42.52|21154547|911827584.00|1|0.0000|0.0000|0.0000|0|42.52
积成电子|002339|0.00|9335500|66192384.00|-1.13|0.85|-1.27|7.10|7.02|7.16|7.01|9.34|7.10|9666140|68876576.00|1|0.0000|0.0000|0.0000|0|7.10
格林美|002340|-0.61|44854836|292092160.00|-0.46|0.31|-0.92|6.50|6.51|6.56|6.48|44.85|6.54|31748847|207902352.00|1|0.0000|0.0000|0.0000|0|6.54
巨力索具|002342|-7.97|156803301|746088896.00|-2.79|-1.39|-8.37|4.62|4.88|4.95|4.60|156.80|5.02|224413995|1113883392.00|1|0.0000|0.0000|0.0000|0|5.02
慈文传媒|002343|0.75|9942860|67059392.00|-1.04|1.94|-1.64|6.75|6.63|6.83|6.59|9.94|6.70|8287500|55808076.00|1|0.0000|0.0000|0.0000|0|6.70
海宁皮城|002344|1.20|12228900|51247792.00|-0.72|1.68|-1.20|4.21|4.13|4.23|4.11|12.23|4.16|7345700|30539576.00|1|0.0000|0.0000|0.0000|0|4.16
潮宏基|002345|-0.45|26959384|236976688.00|-1.58|1.13|-2.15|8.81|8.71|8.95|8.66|26.96|8.85|44667340|393358368.00|1|0.0000|0.0000|0.0000|0|8.85
柘中股份|002346|-1.70|2786100|32330396.00|-1.02|0.00|-2.29|11.57|11.65|11.77|11.50|2.79|11.77|2246102|26483614.00|1|0.0000|0.0000|0.0000|0|11.77
泰尔股份|002347|-4.17|76454714|487013536.00|-9.97|1.64|-9.97|6.44|6.05|6.83|6.05|76.45|6.72|5870900|39452448.00|1|0.0000|0.0000|0.0000|0|6.72
高乐股份|002348|-1.82|17301100|56304336.00|-1.52|0.00|-2.42|3.24|3.25|3.30|3.22|17.30|3.30|12204300|40562336.00|1|0.0000|0.0000|0.0000|0|3.30
精华制药|002349|0.95|10938257|81371736.00|-0.54|1.35|-0.95|7.46|7.35|7.49|7.32|10.94|7.39|10217489|75735064.00|1|0.0000|0.0000|0.0000|0|7.39
北京科锐|002350|-0.15|5981517|38690592.00|-1.08|0.92|-1.69|6.48|6.42|6.55|6.38|5.98|6.49|4731942|30716962.00|1|0.0000|0.0000|0.0000|0|6.49
漫步者|002351|-3.74|14681550|209894384.00|-1.16|-0.41|-4.36|14.14|14.52|14.63|14.05|14.68|14.69|11246754|163382544.00|1|0.0000|0.0000|0.0000|0|14.69
顺丰控股|002352|0.23|17763115|767560064.00|-1.66|0.48|-1.71|43.42|42.60|43.53|42.58|17.76|43.32|15371526|669678848.00|1|0.0000|0.0000|0.0000|0|43.32
杰瑞股份|002353|-4.82|12622173|445594112.00|-1.20|-0.98|-5.06|34.97|36.30|36.38|34.88|12.62|36.74|3515795|129564840.00|1|0.0000|0.0000|0.0000|0|36.74
天娱数科|002354|-1.62|56198347|344830880.00|-0.65|0.97|-2.42|6.09|6.15|6.25|6.04|56.20|6.19|51616994|320433344.00|1|0.0000|0.0000|0.0000|0|6.19
兴民智通|002355|-0.94|11477800|72862040.00|-0.94|0.94|-2.50|6.35|6.35|6.47|6.25|11.48|6.41|9702501|62571788.00|1|0.0000|0.0000|0.0000|0|6.41
赫美集团|002356|-1.36|9822100|28888852.00|0.00|1.36|-1.36|2.91|2.95|2.99|2.91|9.82|2.95|12138700|35967032.00|1|0.0000|0.0000|0.0000|0|2.95
富临运业|002357|0.26|4835300|36669508.00|-0.92|0.66|-1.45|7.62|7.53|7.65|7.49|4.84|7.60|5167800|39246872.00|1|0.0000|0.0000|0.0000|0|7.60
森源电气|002358|-1.42|25706900|142804992.00|-1.06|0.18|-3.19|5.56|5.58|5.65|5.46|25.71|5.64|18553100|104985360.00|1|0.0000|0.0000|0.0000|0|5.64
同德化工|002360|0.20|5256868|26741306.00|-0.20|0.59|-1.18|5.11|5.09|5.13|5.04|5.26|5.10|3881300|19934372.00|1|0.0000|0.0000|0.0000|0|5.10
神剑股份|002361|-2.80|93949027|633537280.00|-1.77|2.65|-4.12|6.60|6.67|6.97|6.51|93.95|6.79|100023900|688278464.00|1|0.0000|0.0000|0.0000|0|6.79
汉王科技|002362|-1.89|3666600|80461296.00|-1.26|0.13|-2.61|21.82|21.96|22.27|21.66|3.67|22.24|3247500|72488088.00|1|0.0000|0.0000|0.0000|0|22.24
隆基机械|002363|-3.06|13200882|97260704.00|-1.20|0.80|-3.86|7.29|7.43|7.58|7.23|13.20|7.52|14649160|110605632.00|1|0.0000|0.0000|0.0000|0|7.52
中恒电气|002364|-0.39|42403000|659857152.00|-2.19|2.78|-2.19|15.43|15.15|15.92|15.15|42.40|15.49|52005062|792088640.00|1|0.0000|0.0000|0.0000|0|15.49
永安药业|002365|5.08|19884776|175779744.00|-0.59|9.68|-0.59|8.90|8.42|9.29|8.42|19.88|8.47|3684100|31282864.00|1|0.0000|0.0000|0.0000|0|8.47
融发核电|002366|0.19|133456766|722116032.00|-1.69|4.12|-2.06|5.35|5.25|5.56|5.23|133.46|5.34|121993359|653765056.00|1|0.0000|0.0000|0.0000|0|5.34
康力电梯|002367|-1.74|16020800|118002992.00|-1.34|0.94|-2.68|7.33|7.36|7.53|7.26|16.02|7.46|24211680|179782912.00|1|0.0000|0.0000|0.0000|0|7.46
太极股份|002368|1.13|14478882|365541760.00|-1.29|3.51|-1.29|25.10|24.50|25.69|24.50|14.48|24.82|13784620|343345536.00|1|0.0000|0.0000|0.0000|0|24.82
卓翼科技|002369|-3.45|32943200|316589024.00|-1.32|-0.20|-4.06|9.51|9.72|9.83|9.45|32.94|9.85|27467200|271957152.00|1|0.0000|0.0000|0.0000|0|9.85
亚太药业|002370|5.92|151358519|554774400.00|-1.18|10.06|-1.18|3.58|3.34|3.72|3.34|151.36|3.38|59073741|201816944.00|1|0.0000|0.0000|0.0000|0|3.38
北方华创|002371|2.51|6538796|2884780800.00|-0.96|4.50|-1.02|439.98|425.10|448.50|424.83|6.54|429.20|3753898|1604366336.00|1|0.0000|0.0000|0.0000|0|429.20
伟星新材|002372|-1.07|6895154|83043712.00|-0.25|0.74|-1.40|11.99|12.09|12.21|11.95|6.90|12.12|5173600|63170824.00|1|0.0000|0.0000|0.0000|0|12.12
千方科技|002373|-0.65|12093854|111785544.00|-0.97|0.86|-1.62|9.20|9.17|9.34|9.11|12.09|9.26|11062628|102672904.00|1|0.0000|0.0000|0.0000|0|9.26
中锐股份|002374|1.62|11269200|28056564.00|-0.40|2.02|-1.21|2.51|2.46|2.52|2.44|11.27|2.47|6678060|16624370.00|1|0.0000|0.0000|0.0000|0|2.47
亚厦股份|002375|0.26|12047585|46280408.00|-0.52|1.31|-1.05|3.83|3.80|3.87|3.78|12.05|3.82|6605000|25219436.00|1|0.0000|0.0000|0.0000|0|3.82
新北洋|002376|-0.29|11657998|78990120.00|-0.88|0.88|-1.77|6.76|6.72|6.84|6.66|11.66|6.78|13145240|89506448.00|1|0.0000|0.0000|0.0000|0|6.78
国创高新|002377|0.37|8354900|22522584.00|-0.37|0.74|-1.11|2.71|2.69|2.72|2.67|8.35|2.70|7195700|19432164.00|1|0.0000|0.0000|0.0000|0|2.70
章源钨业|002378|-0.43|21889654|153293680.00|1.86|4.00|-1.86|6.97|7.13|7.28|6.87|21.89|7.00|23429475|164363504.00|1|0.0000|0.0000|0.0000|0|7.00
宏创控股|002379|-2.78|24270635|271691168.00|-0.87|-0.17|-5.30|11.20|11.42|11.50|10.91|24.27|11.52|10100200|115322624.00|1|0.0000|0.0000|0.0000|0|11.52
科远智慧|002380|-1.58|4807934|119714872.00|-1.11|0.00|-3.12|24.90|25.02|25.30|24.51|4.81|25.30|4641989|117015904.00|1|0.0000|0.0000|0.0000|0|25.30
双箭股份|002381|-3.02|10983753|74189368.00|-1.72|-0.29|-4.60|6.75|6.84|6.94|6.64|10.98|6.96|3622501|25269114.00|1|0.0000|0.0000|0.0000|0|6.96
蓝帆医疗|002382|-0.59|8353814|42322292.00|-0.98|0.98|-1.38|5.05|5.03|5.13|5.01|8.35|5.08|4882954|24854072.00|1|0.0000|0.0000|0.0000|0|5.08
合众思壮|002383|-0.26|7749668|59087872.00|-1.18|0.92|-1.44|7.63|7.56|7.72|7.54|7.75|7.65|8165800|62946528.00|1|0.0000|0.0000|0.0000|0|7.65
东山精密|002384|-10.01|77838116|2351528960.00|-3.22|-3.22|-10.01|29.66|31.90|31.90|29.66|77.84|32.96|25898327|856026240.00|1|0.0000|0.0000|0.0000|0|32.96
大北农|002385|1.50|62378751|252202560.00|0.00|1.75|-0.25|4.06|4.00|4.07|3.99|62.38|4.00|25748233|103055648.00|1|0.0000|0.0000|0.0000|0|4.00
天原股份|002386|0.22|9568402|42710152.00|-0.67|0.67|-1.34|4.49|4.45|4.51|4.42|9.57|4.48|8679330|38796496.00|1|0.0000|0.0000|0.0000|0|4.48
维信诺|002387|-0.97|12389900|113565360.00|-1.62|0.22|-1.73|9.16|9.10|9.27|9.09|12.39|9.25|17656450|163724560.00|1|0.0000|0.0000|0.0000|0|9.25
ST新亚|002388|0.60|6531400|21830154.00|-2.09|0.60|-2.39|3.37|3.28|3.37|3.27|6.53|3.35|6817600|22927588.00|1|0.0000|0.0000|0.0000|0|3.35
航天彩虹|002389|0.15|13763400|272482240.00|-1.02|1.99|-1.33|19.65|19.42|20.01|19.36|13.76|19.62|19286844|379288960.00|1|0.0000|0.0000|0.0000|0|19.62
信邦制药|002390|0.26|15017150|57164176.00|-0.53|1.32|-1.06|3.80|3.77|3.84|3.75|15.02|3.79|13395076|50830924.00|1|0.0000|0.0000|0.0000|0|3.79
长青股份|002391|1.19|9057950|46027896.00|-0.59|1.58|-0.79|5.11|5.02|5.13|5.01|9.06|5.05|5509900|27835588.00|1|0.0000|0.0000|0.0000|0|5.05
北京利尔|002392|0.20|7827100|39073560.00|-1.00|0.60|-1.80|5.01|4.95|5.03|4.91|7.83|5.00|7349600|36684448.00|1|0.0000|0.0000|0.0000|0|5.00
力生制药|002393|0.76|2523097|43477296.00|-0.41|2.69|-0.53|17.22|17.02|17.55|17.00|2.52|17.09|1312142|22435870.00|1|0.0000|0.0000|0.0000|0|17.09
联发股份|002394|-0.26|3642700|28056868.00|-0.52|0.39|-1.03|7.71|7.69|7.76|7.65|3.64|7.73|3550100|27484656.00|1|0.0000|0.0000|0.0000|0|7.73
双象股份|002395|0.67|7906477|143533344.00|-1.11|2.34|-1.56|18.10|17.78|18.40|17.70|7.91|17.98|6642851|119518296.00|1|0.0000|0.0000|0.0000|0|17.98
星网锐捷|002396|-0.90|12403700|247288640.00|-0.50|0.55|-2.24|19.92|20.00|20.21|19.65|12.40|20.10|7396503|148565040.00|1|0.0000|0.0000|0.0000|0|20.10
梦洁股份|002397|1.23|19256310|78873128.00|-1.23|2.96|-1.48|4.10|4.00|4.17|3.99|19.26|4.05|26145596|105785528.00|1|0.0000|0.0000|0.0000|0|4.05
垒知集团|002398|0.40|13075958|64769052.00|-1.82|1.21|-2.42|4.97|4.86|5.01|4.83|13.08|4.95|11266313|55955608.00|1|0.0000|0.0000|0.0000|0|4.95
海普瑞|002399|-0.09|4906700|56639524.00|-0.95|1.47|-1.21|11.55|11.45|11.73|11.42|4.91|11.56|5261429|61129916.00|1|0.0000|0.0000|0.0000|0|11.56
省广集团|002400|-0.25|71372164|564074624.00|-1.77|2.03|-2.03|7.88|7.76|8.06|7.74|71.37|7.90|76175324|600161088.00|1|0.0000|0.0000|0.0000|0|7.90
中远海科|002401|-2.85|10793400|170672752.00|-1.86|-0.19|-2.98|15.66|15.82|16.09|15.64|10.79|16.12|8512532|137642608.00|1|0.0000|0.0000|0.0000|0|16.12
和而泰|002402|-1.97|28206350|554116160.00|-1.56|1.31|-2.37|19.43|19.51|20.08|19.35|28.21|19.82|26243908|520835584.00|1|0.0000|0.0000|0.0000|0|19.82
爱仕达|002403|-0.94|5084420|74905928.00|-1.28|0.88|-1.82|14.70|14.65|14.97|14.57|5.08|14.84|6424150|95657952.00|1|0.0000|0.0000|0.0000|0|14.84
嘉欣丝绸|002404|-0.97|7292301|44837544.00|-0.81|-0.16|-1.77|6.15|6.16|6.20|6.10|7.29|6.21|9285299|57432532.00|1|0.0000|0.0000|0.0000|0|6.21
四维图新|002405|1.14|48096461|426018336.00|-0.91|3.19|-1.14|8.89|8.71|9.07|8.69|48.10|8.79|19776173|174131824.00|1|0.0000|0.0000|0.0000|0|8.79
远东传动|002406|-3.02|54229471|404389376.00|-1.71|0.13|-3.67|7.39|7.49|7.63|7.34|54.23|7.62|52790943|404522272.00|1|0.0000|0.0000|0.0000|0|7.62
多氟多|002407|0.00|6550140|78109080.00|-0.50|0.50|-1.17|11.95|11.89|12.01|11.81|6.55|11.95|5582541|66814240.00|1|0.0000|0.0000|0.0000|0|11.95
齐翔腾达|002408|0.41|14174277|68342376.00|-0.83|0.83|-1.04|4.84|4.78|4.86|4.77|14.17|4.82|10031848|48335040.00|1|0.0000|0.0000|0.0000|0|4.82
雅克科技|002409|-2.73|8138619|490923744.00|-1.06|0.28|-3.88|59.92|60.95|61.77|59.21|8.14|61.60|9921046|613661824.00|1|0.0000|0.0000|0.0000|0|61.60
广联达|002410|0.55|28574849|421738528.00|-1.03|2.53|-1.50|14.70|14.47|14.99|14.40|28.57|14.62|30231035|445982240.00|1|0.0000|0.0000|0.0000|0|14.62
汉森制药|002412|0.47|7639900|48486440.00|-0.95|1.11|-1.11|6.36|6.27|6.40|6.26|7.64|6.33|9950940|63056412.00|1|0.0000|0.0000|0.0000|0|6.33
雷科防务|002413|-0.44|15365200|69087488.00|-0.67|0.89|-1.33|4.49|4.48|4.55|4.45|15.37|4.51|14390600|65129980.00|1|0.0000|0.0000|0.0000|0|4.51
高德红外|002414|-1.99|22838882|180993120.00|-0.87|0.00|-2.48|7.89|7.98|8.05|7.85|22.84|8.05|22591573|181746064.00|1|0.0000|0.0000|0.0000|0|8.05
海康威视|002415|-1.38|31997100|958766016.00|-0.69|-0.16|-1.75|29.91|30.12|30.28|29.80|32.00|30.33|22738957|689268736.00|1|0.0000|0.0000|0.0000|0|30.33
爱施德|002416|1.36|23755917|298994976.00|-1.52|3.21|-1.76|12.65|12.29|12.88|12.26|23.76|12.48|15286911|191322416.00|1|0.0000|0.0000|0.0000|0|12.48
康盛股份|002418|-1.57|31301903|99103656.00|-0.94|1.25|-2.19|3.14|3.16|3.23|3.12|31.30|3.19|52448803|167898208.00|1|0.0000|0.0000|0.0000|0|3.19
天虹股份|002419|2.83|16283763|82477072.00|-0.40|3.44|-0.61|5.08|4.92|5.11|4.91|16.28|4.94|6504700|32158700.00|1|0.0000|0.0000|0.0000|0|4.94
毅昌科技|002420|-2.80|20894800|131846560.00|-0.16|0.47|-3.58|6.25|6.42|6.46|6.20|20.89|6.43|24258890|157712896.00|1|0.0000|0.0000|0.0000|0|6.43
达实智能|002421|-0.55|35838600|130276256.00|-0.82|1.37|-1.37|3.62|3.61|3.69|3.59|35.84|3.64|29598600|107641432.00|1|0.0000|0.0000|0.0000|0|3.64
科伦药业|002422|-0.43|24861441|907831680.00|-0.03|0.27|-2.70|36.84|36.99|37.10|36.00|24.86|37.00|46363938|1698329472.00|1|0.0000|0.0000|0.0000|0|37.00
中粮资本|002423|0.96|41876800|534144064.00|-1.19|3.66|-1.43|12.68|12.41|13.02|12.38|41.88|12.56|24471387|305703808.00|1|0.0000|0.0000|0.0000|0|12.56
ST百灵|002424|0.24|17914542|76115032.00|-0.71|1.42|-0.94|4.25|4.21|4.30|4.20|17.91|4.24|22848220|96954480.00|1|0.0000|0.0000|0.0000|0|4.24
凯撒文化|002425|0.46|8077100|17443408.00|-0.46|0.93|-0.93|2.17|2.15|2.18|2.14|8.08|2.16|9535360|20671120.00|1|0.0000|0.0000|0.0000|0|2.16
胜利精密|002426|-0.98|93769552|284232704.00|-1.31|0.33|-1.96|3.03|3.02|3.07|3.00|93.77|3.06|96023199|294760544.00|1|0.0000|0.0000|0.0000|0|3.06
尤夫股份|002427|2.16|153382758|811308864.00|-0.20|10.02|-1.18|5.20|5.08|5.60|5.03|153.38|5.09|128075894|614812288.00|1|0.0000|0.0000|0.0000|0|5.09
云南锗业|002428|2.78|31419486|645652480.00|0.05|3.77|-0.30|20.70|20.15|20.90|20.08|31.42|20.14|13874951|279932640.00|1|0.0000|0.0000|0.0000|0|20.14
兆驰股份|002429|-1.72|48473183|250032368.00|-1.53|-0.19|-2.29|5.14|5.15|5.22|5.11|48.47|5.23|27221477|142545936.00|1|0.0000|0.0000|0.0000|0|5.23
杭氧股份|002430|-0.49|6108921|123852744.00|-1.23|1.28|-1.48|20.22|20.07|20.58|20.02|6.11|20.32|10413523|214221488.00|1|0.0000|0.0000|0.0000|0|20.32
棕榈股份|002431|1.50|14906396|30217366.00|0.00|2.50|-1.00|2.03|2.00|2.05|1.98|14.91|2.00|7447459|14945374.00|1|0.0000|0.0000|0.0000|0|2.00
九安医疗|002432|-1.82|7891724|329851264.00|-0.66|0.54|-2.01|41.51|42.00|42.51|41.43|7.89|42.28|6370200|269182304.00|1|0.0000|0.0000|0.0000|0|42.28
万里扬|002434|-1.52|24262884|190286624.00|-1.78|1.91|-3.18|7.75|7.73|8.02|7.62|24.26|7.87|20871984|164427872.00|1|0.0000|0.0000|0.0000|0|7.87
兴森科技|002436|-2.77|35445113|427350944.00|-1.30|0.57|-3.18|11.93|12.11|12.34|11.88|35.45|12.27|20973983|258393808.00|1|0.0000|0.0000|0.0000|0|12.27
誉衡药业|002437|1.53|167931679|450089984.00|-0.38|4.96|-0.38|2.66|2.61|2.75|2.61|167.93|2.62|209602842|553967680.00|1|0.0000|0.0000|0.0000|0|2.62
江苏神通|002438|-0.09|11723046|136882320.00|-1.20|2.05|-1.63|11.68|11.55|11.93|11.50|11.72|11.69|8487726|99581984.00|1|0.0000|0.0000|0.0000|0|11.69
启明星辰|002439|-0.79|12475257|204817024.00|-2.19|0.79|-2.19|16.33|16.10|16.59|16.10|12.48|16.46|9349803|153964720.00|1|0.0000|0.0000|0.0000|0|16.46
闰土股份|002440|0.14|4957100|34338252.00|-1.01|0.43|-1.58|6.97|6.89|6.99|6.85|4.96|6.96|5220003|36280848.00|1|0.0000|0.0000|0.0000|0|6.96
众业达|002441|-3.27|15293700|132637824.00|-0.90|0.56|-4.62|8.59|8.80|8.93|8.47|15.29|8.88|12220900|109249512.00|1|0.0000|0.0000|0.0000|0|8.88
龙星科技|002442|-2.48|13092768|82461424.00|0.00|0.62|-4.34|6.29|6.45|6.49|6.17|13.09|6.45|11126900|72203032.00|1|0.0000|0.0000|0.0000|0|6.45
金洲管道|002443|0.66|9399336|56665640.00|-0.17|0.66|-1.49|6.09|6.04|6.09|5.96|9.40|6.05|4725500|28696850.00|1|0.0000|0.0000|0.0000|0|6.05
巨星科技|002444|-10.00|16307500|447324896.00|-8.03|-7.86|-10.00|27.35|27.95|28.00|27.35|16.31|30.39|13651197|413224960.00|1|0.0000|0.0000|0.0000|0|30.39
中南文化|002445|1.28|30775670|72721176.00|-0.85|1.70|-1.70|2.38|2.33|2.39|2.31|30.78|2.35|25787610|61040024.00|1|0.0000|0.0000|0.0000|0|2.35
盛路通信|002446|-0.48|14496744|90359648.00|-1.12|1.12|-1.91|6.24|6.20|6.34|6.15|14.50|6.27|13326812|83811864.00|1|0.0000|0.0000|0.0000|0|6.27
中原内配|002448|-3.21|23460900|185513200.00|-1.73|0.12|-4.08|7.83|7.95|8.10|7.76|23.46|8.09|19331843|156566784.00|1|0.0000|0.0000|0.0000|0|8.09
国星光电|002449|-1.50|15563440|143469488.00|-0.96|0.21|-2.47|9.19|9.24|9.35|9.10|15.56|9.33|11411050|106924632.00|1|0.0000|0.0000|0.0000|0|9.33
摩恩电气|002451|0.75|8424644|56594616.00|-1.65|1.65|-1.65|6.73|6.57|6.79|6.57|8.42|6.68|8132600|54582424.00|1|0.0000|0.0000|0.0000|0|6.68
长高电新|002452|0.91|21276200|164335296.00|-1.04|1.69|-1.17|7.76|7.61|7.82|7.60|21.28|7.69|8212400|63271592.00|1|0.0000|0.0000|0.0000|0|7.69
华软科技|002453|-2.31|45911988|257301888.00|-2.31|3.02|-3.02|5.50|5.50|5.80|5.46|45.91|5.63|33995846|186568624.00|1|0.0000|0.0000|0.0000|0|5.63
松芝股份|002454|-2.56|13034950|90245408.00|-1.42|0.28|-3.41|6.86|6.94|7.06|6.80|13.03|7.04|17773902|125523040.00|1|0.0000|0.0000|0.0000|0|7.04
百川股份|002455|0.00|18514900|147811376.00|-1.00|1.12|-2.49|8.03|7.95|8.12|7.83|18.51|8.03|19721389|159732000.00|1|0.0000|0.0000|0.0000|0|8.03
欧菲光|002456|-1.37|78290133|952365568.00|-0.97|-0.40|-2.98|12.23|12.28|12.35|12.03|78.29|12.40|59235400|739257664.00|0|0.0000|0.0000|0.0000|0|12.40
青龙管业|002457|0.84|10177400|122101952.00|-1.34|1.59|-1.76|12.05|11.79|12.14|11.74|10.18|11.95|7334300|87936496.00|1|0.0000|0.0000|0.0000|0|11.95
益生股份|002458|2.90|18617792|177571648.00|-0.75|3.33|-1.07|9.59|9.25|9.63|9.22|18.62|9.32|11650180|109050552.00|1|0.0000|0.0000|0.0000|0|9.32
晶澳科技|002459|-2.27|39530901|445745568.00|-1.92|0.61|-2.36|11.17|11.21|11.50|11.16|39.53|11.43|27271885|312446336.00|1|0.0000|0.0000|0.0000|0|11.43
赣锋锂业|002460|-0.71|9461022|319647744.00|-0.80|0.35|-1.27|33.70|33.67|34.06|33.51|9.46|33.94|9896693|335800864.00|1|0.0000|0.0000|0.0000|0|33.94
珠江啤酒|002461|1.47|7367592|76001056.00|-0.39|1.76|-0.98|10.36|10.17|10.39|10.11|7.37|10.21|6222563|63554572.00|1|0.0000|0.0000|0.0000|0|10.21
嘉事堂|002462|0.39|2859400|36999024.00|-0.77|0.54|-0.93|13.00|12.85|13.02|12.83|2.86|12.95|2198650|28367462.00|1|0.0000|0.0000|0.0000|0|12.95
沪电股份|002463|-7.48|87143791|2753641216.00|-2.97|-2.10|-7.69|30.79|32.29|32.58|30.72|87.14|33.28|40582584|1345419520.00|1|0.0000|0.0000|0.0000|0|33.28
海格通信|002465|-1.14|27973578|317882272.00|-0.79|1.49|-2.02|11.27|11.31|11.57|11.17|27.97|11.40|18327100|207826688.00|1|0.0000|0.0000|0.0000|0|11.40
天齐锂业|002466|-1.21|8549101|259555616.00|-1.40|-0.07|-1.47|30.26|30.20|30.61|30.18|8.55|30.63|9063214|277076864.00|1|0.0000|0.0000|0.0000|0|30.63
二六三|002467|-1.24|23602723|132154880.00|-0.88|0.53|-1.95|5.58|5.60|5.68|5.54|23.60|5.65|24822143|140800768.00|1|0.0000|0.0000|0.0000|0|5.65
申通快递|002468|-0.66|15635500|186672576.00|-0.99|-0.08|-2.32|12.00|11.96|12.07|11.80|15.64|12.08|10174400|122786216.00|1|0.0000|0.0000|0.0000|0|12.08
三维化学|002469|1.67|35221400|297586208.00|-1.44|3.23|-1.91|8.50|8.24|8.63|8.20|35.22|8.36|33404742|279909632.00|1|0.0000|0.0000|0.0000|0|8.36
金正大|002470|0.00|34894150|62017380.00|-1.12|0.56|-1.69|1.78|1.76|1.79|1.75|34.89|1.78|23548955|41679524.00|1|0.0000|0.0000|0.0000|0|1.78
中超控股|002471|9.87|94956132|312287168.00|5.26|9.87|3.95|3.34|3.20|3.34|3.16|94.96|3.04|157727831|468748352.00|1|0.0000|0.0000|0.0000|0|3.04
双环传动|002472|-3.00|13865514|469809504.00|-1.85|0.00|-3.29|33.60|34.00|34.64|33.50|13.87|34.64|14710417|509447936.00|1|0.0000|0.0000|0.0000|0|34.64
榕基软件|002474|-0.45|10396200|68859520.00|-0.90|1.21|-1.36|6.60|6.57|6.71|6.54|10.40|6.63|11147800|74375648.00|1|0.0000|0.0000|0.0000|0|6.63
立讯精密|002475|-9.99|223302734|8003539968.00|-5.39|-4.88|-9.99|35.42|37.23|37.43|35.42|223.30|39.35|102838106|4058599168.00|1|0.0000|0.0000|0.0000|0|39.35
宝莫股份|002476|1.12|10660160|47758860.00|-0.45|1.35|-1.12|4.51|4.44|4.52|4.41|10.66|4.46|9378449|42027092.00|1|0.0000|0.0000|0.0000|0|4.46
常宝股份|002478|0.17|29406163|171019744.00|-0.69|1.37|-1.37|5.83|5.78|5.90|5.74|29.41|5.82|38504086|227957232.00|1|0.0000|0.0000|0.0000|0|5.82
富春环保|002479|1.40|12057510|60611764.00|-0.60|1.60|-0.80|5.07|4.97|5.08|4.96|12.06|5.00|10192060|50849448.00|1|0.0000|0.0000|0.0000|0|5.00
新筑股份|002480|-1.79|25307617|141632528.00|-0.54|2.50|-1.79|5.50|5.57|5.74|5.50|25.31|5.60|28978140|160715984.00|1|0.0000|0.0000|0.0000|0|5.60
双塔食品|002481|1.94|30826929|160814096.00|-1.16|2.71|-1.36|5.26|5.10|5.30|5.09|30.83|5.16|13958600|72331304.00|1|0.0000|0.0000|0.0000|0|5.16
广田集团|002482|1.65|31149400|57180260.00|-0.55|1.65|-0.55|1.85|1.81|1.85|1.81|31.15|1.82|27912941|50932808.00|1|0.0000|0.0000|0.0000|0|1.82
润邦股份|002483|-2.46|22067100|150151792.00|-1.16|0.43|-3.18|6.75|6.84|6.95|6.70|22.07|6.92|23073842|159958416.00|1|0.0000|0.0000|0.0000|0|6.92
江海股份|002484|-4.43|24591700|487094496.00|-2.14|-1.17|-5.26|19.63|20.10|20.30|19.46|24.59|20.54|19634840|405104192.00|1|0.0000|0.0000|0.0000|0|20.54
ST雪发|002485|-1.83|4701000|12580757.00|-1.10|-0.73|-3.30|2.68|2.70|2.71|2.64|4.70|2.73|7136194|19016354.00|1|0.0000|0.0000|0.0000|0|2.73
嘉麟杰|002486|0.50|17703100|35730848.00|0.00|0.99|-0.99|2.03|2.02|2.04|2.00|17.70|2.02|24566769|49607464.00|1|0.0000|0.0000|0.0000|0|2.02
大金重工|002487|-2.77|6674818|153938704.00|-0.34|-0.09|-2.90|22.83|23.40|23.46|22.80|6.67|23.48|6772154|159901984.00|1|0.0000|0.0000|0.0000|0|23.48
金固股份|002488|0.00|8320750|104126608.00|-0.88|1.36|-1.04|12.50|12.39|12.67|12.37|8.32|12.50|7446505|93100736.00|1|0.0000|0.0000|0.0000|0|12.50
浙江永强|002489|-4.77|85810465|312125536.00|-2.39|-0.53|-5.84|3.59|3.68|3.75|3.55|85.81|3.77|82942995|312836704.00|1|0.0000|0.0000|0.0000|0|3.77
山东墨龙|002490|3.67|21279900|76826656.00|0.28|4.52|0.00|3.67|3.55|3.70|3.54|21.28|3.54|16398000|57219096.00|1|0.0000|0.0000|0.0000|0|3.54
通鼎互联|002491|-1.09|9280750|42095528.00|-0.87|0.44|-1.97|4.53|4.54|4.60|4.49|9.28|4.58|9312100|42988680.00|1|0.0000|0.0000|0.0000|0|4.58
恒基达鑫|002492|1.74|8607859|44788196.00|-0.39|1.94|-0.97|5.25|5.14|5.26|5.11|8.61|5.16|4290100|22216936.00|1|0.0000|0.0000|0.0000|0|5.16
荣盛石化|002493|-0.46|14728421|126405160.00|-0.58|0.35|-0.81|8.58|8.57|8.65|8.55|14.73|8.62|11150946|95900912.00|1|0.0000|0.0000|0.0000|0|8.62
华斯股份|002494|0.71|8081500|34078532.00|-1.19|1.19|-1.19|4.24|4.16|4.26|4.16|8.08|4.21|7228300|30633778.00|1|0.0000|0.0000|0.0000|0|4.21
佳隆股份|002495|2.53|38408320|92348264.00|-0.84|2.95|-1.27|2.43|2.35|2.44|2.34|38.41|2.37|20761800|49170744.00|1|0.0000|0.0000|0.0000|0|2.37
*ST辉丰|002496|1.44|21181840|29524842.00|-0.72|1.44|-1.44|1.41|1.38|1.41|1.37|21.18|1.39|19463400|27049168.00|1|0.0000|0.0000|0.0000|0|1.39
雅化集团|002497|-0.99|9241827|110719280.00|-0.99|0.50|-1.82|11.95|11.95|12.13|11.85|9.24|12.07|11684045|140843488.00|1|0.0000|0.0000|0.0000|0|12.07
汉缆股份|002498|-0.82|35925420|129654608.00|-1.10|0.55|-1.92|3.61|3.60|3.66|3.57|35.93|3.64|32256660|117677296.00|1|0.0000|0.0000|0.0000|0|3.64
山西证券|002500|0.50|20111523|122065952.00|-0.66|1.32|-0.66|6.07|6.00|6.12|6.00|20.11|6.04|15015102|90482120.00|1|0.0000|0.0000|0.0000|0|6.04
利源股份|002501|-1.39|76591200|163753120.00|-0.93|0.93|-1.85|2.13|2.14|2.18|2.12|76.59|2.16|90887300|197336384.00|1|0.0000|0.0000|0.0000|0|2.16
协鑫集成|002506|0.00|48431600|116464976.00|-0.83|1.25|-1.25|2.40|2.38|2.43|2.37|48.43|2.40|40669987|97761648.00|1|0.0000|0.0000|0.0000|0|2.40
涪陵榨菜|002507|0.59|12451585|168259328.00|-0.45|1.26|-0.74|13.53|13.39|13.62|13.35|12.45|13.45|7827550|105532488.00|1|0.0000|0.0000|0.0000|0|13.45
老板电器|002508|-1.23|4678100|105483408.00|-0.40|0.35|-1.58|22.49|22.68|22.85|22.41|4.68|22.77|2851866|64921240.00|1|0.0000|0.0000|0.0000|0|22.77
天汽模|002510|2.42|27826630|150869760.00|-0.93|2.42|-1.68|5.50|5.32|5.50|5.28|27.83|5.37|15886000|85745568.00|1|0.0000|0.0000|0.0000|0|5.37
中顺洁柔|002511|1.07|9037957|59414324.00|-0.46|1.69|-0.77|6.59|6.49|6.63|6.47|9.04|6.52|5557253|36137900.00|1|0.0000|0.0000|0.0000|0|6.52
达华智能|002512|0.21|22064400|103833488.00|-0.85|0.85|-1.69|4.73|4.68|4.76|4.64|22.06|4.72|22090300|104814784.00|1|0.0000|0.0000|0.0000|0|4.72
蓝丰生化|002513|0.71|5126900|21783162.00|-1.18|1.18|-1.88|4.28|4.20|4.30|4.17|5.13|4.25|5443700|23327476.00|1|0.0000|0.0000|0.0000|0|4.25
宝馨科技|002514|-3.68|15025030|96185656.00|-1.07|0.46|-3.68|6.28|6.45|6.55|6.28|15.03|6.52|18782894|123070416.00|1|0.0000|0.0000|0.0000|0|6.52
金字火腿|002515|1.63|36410828|204012800.00|-0.18|2.71|-1.45|5.62|5.52|5.68|5.45|36.41|5.53|41402858|228913040.00|1|0.0000|0.0000|0.0000|0|5.53
旷达科技|002516|-1.74|13729800|70236256.00|-1.16|0.19|-2.32|5.09|5.12|5.19|5.06|13.73|5.18|9685328|50256280.00|1|0.0000|0.0000|0.0000|0|5.18
恺英网络|002517|1.36|35156777|577727744.00|-1.23|2.28|-1.36|16.45|16.03|16.60|16.01|35.16|16.23|25901713|424407136.00|1|0.0000|0.0000|0.0000|0|16.23
科士达|002518|-1.47|10468755|258555840.00|-2.03|-0.12|-3.42|24.74|24.60|25.08|24.25|10.47|25.11|7829800|197207872.00|1|0.0000|0.0000|0.0000|0|25.11
银河电子|002519|-0.41|19564010|95789544.00|-0.61|0.81|-1.02|4.89|4.88|4.95|4.86|19.56|4.91|17683677|86712536.00|1|0.0000|0.0000|0.0000|0|4.91
日发精机|002520|-4.50|58802548|378764768.00|-1.50|0.45|-5.11|6.36|6.56|6.69|6.32|58.80|6.66|65765184|441357216.00|1|0.0000|0.0000|0.0000|0|6.66
齐峰新材|002521|0.31|3423236|32979140.00|-1.04|1.04|-1.56|9.64|9.51|9.71|9.46|3.42|9.61|6384500|62047412.00|1|0.0000|0.0000|0.0000|0|9.61
浙江众成|002522|-0.42|18667400|87978936.00|-1.27|1.27|-2.11|4.72|4.68|4.80|4.64|18.67|4.74|13593900|64326604.00|1|0.0000|0.0000|0.0000|0|4.74
天桥起重|002523|-2.47|40028614|143135168.00|-1.65|0.27|-3.30|3.55|3.58|3.65|3.52|40.03|3.64|38100488|139943648.00|1|0.0000|0.0000|0.0000|0|3.64
光正眼科|002524|0.99|8761300|35562224.00|-1.49|1.49|-1.49|4.08|3.98|4.10|3.98|8.76|4.04|6996700|28278908.00|1|0.0000|0.0000|0.0000|0|4.04
山东矿机|002526|-1.01|45536184|178785504.00|-0.76|1.01|-2.03|3.91|3.92|3.99|3.87|45.54|3.95|56955600|225692016.00|1|0.0000|0.0000|0.0000|0|3.95
新时达|002527|-1.23|23993300|333526080.00|-0.07|2.96|-1.30|13.67|13.83|14.25|13.66|23.99|13.84|23356272|326647232.00|1|0.0000|0.0000|0.0000|0|13.84
ST英飞拓|002528|-0.83|6490008|15525483.00|-0.83|0.83|-1.67|2.38|2.38|2.42|2.36|6.49|2.40|8133884|19366654.00|1|0.0000|0.0000|0.0000|0|2.40
*ST海源|002529|-9.08|28115501|192440448.00|-4.20|-2.03|-10.03|6.71|7.07|7.23|6.64|28.12|7.38|28558796|215554640.00|1|0.0000|0.0000|0.0000|0|7.38
金财互联|002530|-1.11|17832827|176213296.00|-1.21|0.80|-1.91|9.83|9.82|10.02|9.75|17.83|9.94|15415480|153946704.00|1|0.0000|0.0000|0.0000|0|9.94
天顺风能|002531|-0.68|12163515|89448360.00|-0.81|0.00|-1.08|7.35|7.34|7.40|7.32|12.16|7.40|12201757|90420512.00|1|0.0000|0.0000|0.0000|0|7.40
天山铝业|002532|-3.62|42063030|362705632.00|-0.45|-0.34|-3.73|8.52|8.80|8.81|8.51|42.06|8.84|23151811|206700784.00|1|0.0000|0.0000|0.0000|0|8.84
金杯电工|002533|-2.25|18032400|189617616.00|-1.12|0.28|-2.91|10.43|10.55|10.70|10.36|18.03|10.67|25278500|272668800.00|1|0.0000|0.0000|0.0000|0|10.67
西子洁能|002534|-4.13|11209418|143152688.00|-2.06|0.54|-4.20|12.54|12.81|13.15|12.53|11.21|13.08|9975319|131184720.00|1|0.0000|0.0000|0.0000|0|13.08
林州重机|002535|-0.99|89352764|442738976.00|-2.98|0.99|-2.98|4.98|4.88|5.08|4.88|89.35|5.03|150136579|749963072.00|1|0.0000|0.0000|0.0000|0|5.03
飞龙股份|002536|-1.89|11577550|169058352.00|-1.48|0.34|-2.90|14.54|14.60|14.87|14.39|11.58|14.82|11502050|171059584.00|1|0.0000|0.0000|0.0000|0|14.82
海联金汇|002537|1.57|24982749|145180080.00|-1.22|4.55|-1.22|5.81|5.65|5.98|5.65|24.98|5.72|8047060|46106820.00|1|0.0000|0.0000|0.0000|0|5.72
司尔特|002538|0.16|13517600|81785832.00|-0.82|0.49|-1.32|6.08|6.02|6.10|5.99|13.52|6.07|14786474|89749128.00|1|0.0000|0.0000|0.0000|0|6.07
云图控股|002539|-0.26|11332223|88324960.00|-0.77|0.64|-1.28|7.81|7.77|7.88|7.73|11.33|7.83|9963018|78305672.00|1|0.0000|0.0000|0.0000|0|7.83
亚太科技|002540|0.47|13517453|86133144.00|-0.94|1.42|-1.57|6.39|6.30|6.45|6.26|13.52|6.36|8904427|56653176.00|1|0.0000|0.0000|0.0000|0|6.36
鸿路钢构|002541|-1.38|13430154|282176256.00|-2.14|2.48|-2.76|20.69|20.53|21.50|20.40|13.43|20.98|20089941|416537696.00|1|0.0000|0.0000|0.0000|0|20.98
中化岩土|002542|0.29|27849450|94795200.00|-0.88|1.47|-1.77|3.40|3.36|3.44|3.33|27.85|3.39|20695600|70358672.00|1|0.0000|0.0000|0.0000|0|3.39
万和电气|002543|-9.54|20528093|228559312.00|-2.34|-1.34|-9.79|10.81|11.67|11.79|10.78|20.53|11.95|14149663|167512112.00|1|0.0000|0.0000|0.0000|0|11.95
普天科技|002544|-0.91|6135461|134186872.00|-0.77|1.14|-1.73|21.76|21.79|22.21|21.58|6.14|21.96|6238964|137034128.00|1|0.0000|0.0000|0.0000|0|21.96
东方铁塔|002545|0.53|15178300|114875392.00|-0.92|1.45|-1.72|7.62|7.51|7.69|7.45|15.18|7.58|11747800|89150736.00|1|0.0000|0.0000|0.0000|0|7.58
新联电子|002546|-0.83|16533400|79632904.00|0.00|1.24|-2.07|4.80|4.84|4.90|4.74|16.53|4.84|15799703|76935304.00|1|0.0000|0.0000|0.0000|0|4.84
春兴精工|002547|-2.04|32255022|140211840.00|-1.36|0.23|-3.17|4.33|4.36|4.43|4.28|32.26|4.42|38150800|169662848.00|1|0.0000|0.0000|0.0000|0|4.42
金新农|002548|3.41|36763358|143669824.00|-0.26|3.67|-0.26|3.94|3.80|3.95|3.80|36.76|3.81|12546650|47922824.00|1|0.0000|0.0000|0.0000|0|3.81
凯美特气|002549|0.00|228721447|2375898368.00|-2.08|9.99|-6.03|10.11|9.90|11.12|9.50|228.72|10.11|215550862|2122664320.00|1|0.0000|0.0000|0.0000|0|10.11
千红制药|002550|0.16|23876706|146142928.00|-1.31|0.82|-1.47|6.14|6.05|6.18|6.04|23.88|6.13|44063092|271844256.00|1|0.0000|0.0000|0.0000|0|6.13
尚荣医疗|002551|3.92|71122580|249691696.00|-0.90|9.94|-0.90|3.45|3.29|3.65|3.29|71.12|3.32|34442770|116393176.00|1|0.0000|0.0000|0.0000|0|3.32
宝鼎科技|002552|-2.56|4974400|72804328.00|-0.20|0.67|-2.76|14.45|14.80|14.93|14.42|4.97|14.83|5904900|87825128.00|1|0.0000|0.0000|0.0000|0|14.83
南方精工|002553|-6.68|74001088|1439471104.00|-2.75|-0.79|-7.22|19.00|19.80|20.20|18.89|74.00|20.36|75307954|1549246080.00|1|0.0000|0.0000|0.0000|0|20.36
惠博普|002554|0.00|26554400|67155944.00|-0.79|0.79|-1.57|2.54|2.52|2.56|2.50|26.55|2.54|28036000|71368320.00|1|0.0000|0.0000|0.0000|0|2.54
三七互娱|002555|0.13|19444289|290292768.00|-0.94|0.67|-1.20|14.96|14.80|15.04|14.76|19.44|14.94|18819506|282514528.00|1|0.0000|0.0000|0.0000|0|14.94
辉隆股份|002556|1.67|15288210|83358512.00|-0.74|2.23|-1.12|5.47|5.34|5.50|5.32|15.29|5.38|9482351|51040920.00|1|0.0000|0.0000|0.0000|0|5.38
洽洽食品|002557|0.80|5105380|135212576.00|-0.64|0.95|-1.02|26.60|26.22|26.64|26.12|5.11|26.39|4175027|110300648.00|1|0.0000|0.0000|0.0000|0|26.39
巨人网络|002558|1.23|26167455|363124128.00|-1.01|1.88|-1.45|13.97|13.66|14.06|13.60|26.17|13.80|33469400|466718528.00|1|0.0000|0.0000|0.0000|0|13.80
亚威股份|002559|-3.33|40320100|402348832.00|-1.67|0.00|-4.31|9.87|10.04|10.21|9.77|40.32|10.21|43101950|446030976.00|1|0.0000|0.0000|0.0000|0|10.21
通达股份|002560|-0.62|12133865|78166552.00|-0.93|1.55|-1.70|6.42|6.40|6.56|6.35|12.13|6.46|11396500|74346256.00|1|0.0000|0.0000|0.0000|0|6.46
徐家汇|002561|2.25|9999203|81194536.00|-0.13|2.75|-0.50|8.17|7.98|8.21|7.95|10.00|7.99|3899400|31205716.00|1|0.0000|0.0000|0.0000|0|7.99
兄弟科技|002562|0.99|26474282|108608632.00|-0.25|4.68|-1.23|4.10|4.05|4.25|4.01|26.47|4.06|13598680|55551536.00|1|0.0000|0.0000|0.0000|0|4.06
森马服饰|002563|1.23|24639116|181152208.00|1.10|2.47|-1.23|7.38|7.37|7.47|7.20|24.64|7.29|54319047|398122528.00|1|0.0000|0.0000|0.0000|0|7.29
天沃科技|002564|-1.45|8812100|36147540.00|-0.72|-0.24|-1.93|4.09|4.12|4.14|4.07|8.81|4.15|11447000|47663832.00|1|0.0000|0.0000|0.0000|0|4.15
顺灏股份|002565|-1.18|81208399|270396352.00|-2.66|0.00|-5.03|3.34|3.29|3.38|3.21|81.21|3.38|122965932|415869504.00|1|0.0000|0.0000|0.0000|0|3.38
益盛药业|002566|1.39|5035200|36529844.00|-0.69|1.66|-0.97|7.31|7.16|7.33|7.14|5.04|7.21|3218000|23175424.00|1|0.0000|0.0000|0.0000|0|7.21
唐人神|002567|2.02|52143582|261026336.00|-0.61|2.23|-0.81|5.04|4.91|5.05|4.90|52.14|4.94|21607366|106481160.00|1|0.0000|0.0000|0.0000|0|4.94
百润股份|002568|-0.69|5307401|139593584.00|-0.92|2.25|-1.68|26.03|25.97|26.80|25.77|5.31|26.21|4564238|120727672.00|1|0.0000|0.0000|0.0000|0|26.21
*ST步森|002569|0.14|2340100|17197950.00|-1.50|2.05|-1.50|7.32|7.20|7.46|7.20|2.34|7.31|2871200|20630552.00|1|0.0000|0.0000|0.0000|0|7.31
贝因美|002570|4.26|172528595|838742336.00|-0.21|5.96|-0.85|4.90|4.69|4.98|4.66|172.53|4.70|89788402|423550560.00|1|0.0000|0.0000|0.0000|0|4.70
德力股份|002571|2.62|30652700|200335520.00|-0.31|4.16|-3.08|6.66|6.47|6.76|6.29|30.65|6.49|14925600|93295112.00|1|0.0000|0.0000|0.0000|0|6.49
索菲亚|002572|1.36|9656400|157591248.00|-0.56|1.61|-1.73|16.40|16.09|16.44|15.90|9.66|16.18|9165317|149070112.00|1|0.0000|0.0000|0.0000|0|16.18
清新环境|002573|1.03|9389820|36594532.00|-0.78|1.55|-1.03|3.91|3.84|3.93|3.83|9.39|3.87|10117202|39247988.00|1|0.0000|0.0000|0.0000|0|3.87
明牌珠宝|002574|-0.75|95218183|638865280.00|-1.81|6.63|-3.77|6.59|6.52|7.08|6.39|95.22|6.64|85389946|538543872.00|1|0.0000|0.0000|0.0000|0|6.64
群兴玩具|002575|-0.11|17237748|156713152.00|-1.10|1.32|-1.32|9.09|9.00|9.22|8.98|17.24|9.10|18052098|165001184.00|1|0.0000|0.0000|0.0000|0|9.10
通达动力|002576|-1.25|3990450|59771940.00|-0.92|0.73|-2.51|14.95|15.00|15.25|14.76|3.99|15.14|3882880|59024936.00|1|0.0000|0.0000|0.0000|0|15.14
雷柏科技|002577|-2.57|4352427|94860456.00|-2.21|0.23|-3.25|21.60|21.68|22.22|21.45|4.35|22.17|4732315|105143400.00|1|0.0000|0.0000|0.0000|0|22.17
闽发铝业|002578|0.62|46680144|151737024.00|-1.23|2.46|-1.85|3.27|3.21|3.33|3.19|46.68|3.25|46950648|154548528.00|1|0.0000|0.0000|0.0000|0|3.25
中京电子|002579|-1.85|13484460|107741424.00|-1.23|0.25|-2.72|7.95|8.00|8.12|7.88|13.48|8.10|9162600|74375160.00|1|0.0000|0.0000|0.0000|0|8.10
圣阳股份|002580|-5.05|36078563|470825760.00|-3.88|-1.90|-6.89|12.96|13.12|13.39|12.71|36.08|13.65|32572659|445045760.00|1|0.0000|0.0000|0.0000|0|13.65
ST未名|002581|-0.11|7426545|67747984.00|-3.48|1.09|-4.24|9.19|8.88|9.30|8.81|7.43|9.20|11383300|105594264.00|1|0.0000|0.0000|0.0000|0|9.20
好想你|002582|3.74|85978063|876454144.00|-0.51|6.16|-1.82|10.27|9.85|10.51|9.72|85.98|9.90|53148409|511673152.00|1|0.0000|0.0000|0.0000|0|9.90
海能达|002583|-0.43|34565214|400300448.00|-0.35|1.56|-1.47|11.52|11.53|11.75|11.40|34.57|11.57|24259220|280875296.00|1|0.0000|0.0000|0.0000|0|11.57
西陇科学|002584|2.40|94506126|798440896.00|-2.28|4.79|-2.99|8.55|8.16|8.75|8.10|94.51|8.35|69850800|579053440.00|1|0.0000|0.0000|0.0000|0|8.35
双星新材|002585|-0.39|12000839|61435752.00|-0.98|0.98|-1.17|5.10|5.07|5.17|5.06|12.00|5.12|8171901|41957172.00|1|0.0000|0.0000|0.0000|0|5.12
ST围海|002586|4.33|10257100|28916640.00|0.36|5.05|-1.81|2.89|2.78|2.91|2.72|10.26|2.77|4149330|11552066.00|1|0.0000|0.0000|0.0000|0|2.77
奥拓电子|002587|0.86|12562950|73401616.00|-1.21|2.07|-1.21|5.84|5.72|5.91|5.72|12.56|5.79|7913300|46080868.00|1|0.0000|0.0000|0.0000|0|5.79
史丹利|002588|1.08|14729960|109724752.00|-0.54|1.35|-1.08|7.51|7.39|7.53|7.35|14.73|7.43|10230800|76331792.00|1|0.0000|0.0000|0.0000|0|7.43
瑞康医药|002589|1.61|89199237|282448864.00|0.96|3.54|0.00|3.16|3.14|3.22|3.11|89.20|3.11|80874347|251185056.00|1|0.0000|0.0000|0.0000|0|3.11
万安科技|002590|-1.06|7890602|103137472.00|-0.99|0.99|-2.05|13.02|13.03|13.29|12.89|7.89|13.16|8721055|115094112.00|1|0.0000|0.0000|0.0000|0|13.16
恒大高新|002591|0.39|8556000|43683668.00|-0.98|1.76|-1.57|5.12|5.05|5.19|5.02|8.56|5.10|8977800|46238660.00|1|0.0000|0.0000|0.0000|0|5.10
ST八菱|002592|-0.99|2173200|10922410.00|-1.38|0.39|-1.78|5.02|5.00|5.09|4.98|2.17|5.07|1881805|9513339.00|1|0.0000|0.0000|0.0000|0|5.07
日上集团|002593|-0.62|16211300|77565368.00|-1.87|0.62|-1.87|4.78|4.72|4.84|4.72|16.21|4.81|15615000|75631592.00|1|0.0000|0.0000|0.0000|0|4.81
比亚迪|002594|-0.83|10102322|3618676992.00|-1.39|0.29|-1.73|357.51|355.50|361.53|354.26|10.10|360.50|11710041|4226638848.00|1|0.0000|0.0000|0.0000|0|360.50
豪迈科技|002595|-6.39|7858475|450968896.00|-2.35|-1.45|-8.48|56.99|59.45|60.00|55.72|7.86|60.88|3539624|214688512.00|1|0.0000|0.0000|0.0000|0|60.88
海南瑞泽|002596|1.76|27188271|94218672.00|-0.29|3.23|-0.88|3.47|3.40|3.52|3.38|27.19|3.41|16990500|58360480.00|1|0.0000|0.0000|0.0000|0|3.41
金禾实业|002597|-2.89|7228305|178359552.00|-0.99|-0.79|-3.75|24.57|25.05|25.10|24.35|7.23|25.30|5374689|135772800.00|1|0.0000|0.0000|0.0000|0|25.30
山东章鼓|002598|-1.82|15443404|165756912.00|-1.09|0.36|-4.83|10.78|10.86|11.02|10.45|15.44|10.98|20247404|223822800.00|1|0.0000|0.0000|0.0000|0|10.98
盛通股份|002599|-2.91|16221003|153144848.00|-1.56|0.42|-3.84|9.35|9.48|9.67|9.26|16.22|9.63|15969137|154279312.00|1|0.0000|0.0000|0.0000|0|9.63
领益智造|002600|-7.25|200640004|1724375168.00|-1.98|-1.54|-8.24|8.44|8.92|8.96|8.35|200.64|9.10|61166785|555754688.00|1|0.0000|0.0000|0.0000|0|9.10
龙佰集团|002601|-2.34|16705385|293978176.00|-0.67|-0.56|-2.84|17.53|17.83|17.85|17.44|16.71|17.95|6309693|113342096.00|1|0.0000|0.0000|0.0000|0|17.95
世纪华通|002602|1.04|78813796|531487520.00|-1.64|1.94|-1.79|6.78|6.60|6.84|6.59|78.81|6.71|60888131|405036160.00|1|0.0000|0.0000|0.0000|0|6.71
以岭药业|002603|0.00|10238967|146055568.00|-0.56|0.63|-0.84|14.27|14.19|14.36|14.15|10.24|14.27|13351873|191084736.00|1|0.0000|0.0000|0.0000|0|14.27
姚记科技|002605|-1.19|5099000|144261616.00|-1.54|0.24|-1.82|28.24|28.14|28.65|28.06|5.10|28.58|10413512|299012256.00|1|0.0000|0.0000|0.0000|0|28.58
大连电瓷|002606|-2.21|9704500|91067016.00|-1.58|0.63|-2.74|9.29|9.35|9.56|9.24|9.70|9.50|14975600|142587120.00|1|0.0000|0.0000|0.0000|0|9.50
中公教育|002607|1.90|167381341|534231712.00|-0.63|2.22|-1.27|3.22|3.14|3.23|3.12|167.38|3.16|80120100|253917936.00|1|0.0000|0.0000|0.0000|0|3.16
江苏国信|002608|0.77|10606034|82772056.00|-0.39|1.16|-0.52|7.82|7.73|7.85|7.72|10.61|7.76|10111134|78615816.00|1|0.0000|0.0000|0.0000|0|7.76
捷顺科技|002609|-1.38|13090736|121155680.00|-1.27|-0.32|-3.29|9.29|9.30|9.39|9.11|13.09|9.42|17709975|167815552.00|1|0.0000|0.0000|0.0000|0|9.42
东方精工|002611|-2.79|50168125|581558656.00|-2.71|0.17|-3.38|11.49|11.50|11.84|11.42|50.17|11.82|51373304|612814016.00|1|0.0000|0.0000|0.0000|0|11.82
朗姿股份|002612|3.98|17389909|280241024.00|-0.32|6.04|-0.58|16.18|15.51|16.50|15.47|17.39|15.56|4845405|75137624.00|1|0.0000|0.0000|0.0000|0|15.56
北玻股份|002613|0.24|9168250|38946592.00|-1.18|1.41|-1.65|4.26|4.20|4.31|4.18|9.17|4.25|10027920|42590160.00|1|0.0000|0.0000|0.0000|0|4.25
奥佳华|002614|-6.21|33107712|239674864.00|-2.25|-1.59|-6.61|7.10|7.40|7.45|7.07|33.11|7.57|36594159|274364992.00|1|0.0000|0.0000|0.0000|0|7.57
哈尔斯|002615|-2.11|11362500|89570520.00|-0.75|0.00|-3.23|7.87|7.98|8.04|7.78|11.36|8.04|11471025|92116928.00|1|0.0000|0.0000|0.0000|0|8.04
长青集团|002616|0.00|15508500|93363984.00|-0.17|2.51|-1.17|5.97|5.96|6.12|5.90|15.51|5.97|8768400|51858176.00|1|0.0000|0.0000|0.0000|0|5.97
露笑科技|002617|-3.44|57088572|438313216.00|-1.15|-0.13|-3.83|7.57|7.75|7.83|7.54|57.09|7.84|37124107|291879200.00|1|0.0000|0.0000|0.0000|0|7.84
ST瑞和|002620|1.10|8972500|32753806.00|-0.27|1.64|-1.92|3.69|3.64|3.71|3.58|8.97|3.65|8965700|33000264.00|1|0.0000|0.0000|0.0000|0|3.65
皓宸医疗|002622|0.00|12196000|33896616.00|-1.08|1.08|-1.44|2.78|2.75|2.81|2.74|12.20|2.78|13577906|38063112.00|1|0.0000|0.0000|0.0000|0|2.78
亚玛顿|002623|-0.60|1864714|27628148.00|-0.60|0.54|-1.54|14.83|14.83|15.00|14.69|1.86|14.92|1389600|20827256.00|1|0.0000|0.0000|0.0000|0|14.92
完美世界|002624|1.02|23796479|281515264.00|-1.36|1.62|-1.36|11.85|11.57|11.92|11.57|23.80|11.73|27427629|324820640.00|1|0.0000|0.0000|0.0000|0|11.73
光启技术|002625|2.44|32184925|1168789504.00|-0.45|2.88|-0.90|36.59|35.56|36.75|35.40|32.18|35.72|34914365|1242567424.00|1|0.0000|0.0000|0.0000|0|35.72
金达威|002626|-0.20|4609300|69814288.00|-1.19|0.92|-1.39|15.13|14.98|15.30|14.95|4.61|15.16|4740500|71904088.00|1|0.0000|0.0000|0.0000|0|15.16
三峡旅游|002627|2.48|22780124|122096680.00|-0.38|4.00|-0.95|5.38|5.23|5.46|5.20|22.78|5.25|9304115|48892684.00|1|0.0000|0.0000|0.0000|0|5.25
成都路桥|002628|0.72|12986000|54139736.00|-0.96|1.68|-1.68|4.19|4.12|4.23|4.09|12.99|4.16|10073900|41830896.00|1|0.0000|0.0000|0.0000|0|4.16
仁智股份|002629|-0.17|24145515|144907584.00|-1.00|1.33|-2.66|6.01|5.96|6.10|5.86|24.15|6.02|38768350|229972912.00|1|0.0000|0.0000|0.0000|0|6.02
ST华西|002630|-10.02|179878833|850720256.00|-2.36|-0.79|-10.02|4.58|4.97|5.05|4.58|179.88|5.09|104660840|542302656.00|1|0.0000|0.0000|0.0000|0|5.09
德尔未来|002631|2.17|45459441|210226768.00|-1.30|3.48|-2.61|4.70|4.54|4.76|4.48|45.46|4.60|33777474|154879424.00|1|0.0000|0.0000|0.0000|0|4.60
道明光学|002632|0.00|7390500|65118288.00|-0.56|0.56|-1.81|8.86|8.81|8.91|8.70|7.39|8.86|6733400|59813736.00|1|0.0000|0.0000|0.0000|0|8.86
申科股份|002633|-0.62|6577300|73006416.00|-1.06|0.71|-3.72|11.21|11.16|11.36|10.86|6.58|11.28|5399108|61505992.00|1|0.0000|0.0000|0.0000|0|11.28
棒杰股份|002634|0.58|16498500|55832144.00|-2.03|0.87|-5.81|3.46|3.37|3.47|3.24|16.50|3.44|8679100|29978900.00|1|0.0000|0.0000|0.0000|0|3.44
安洁科技|002635|-2.97|12122802|183305424.00|-1.03|-0.06|-3.81|15.01|15.31|15.46|14.88|12.12|15.47|5940350|92073376.00|1|0.0000|0.0000|0.0000|0|15.47
金安国纪|002636|-2.84|7763700|66992132.00|-1.14|0.11|-3.52|8.55|8.70|8.81|8.49|7.76|8.80|7791860|68843784.00|1|0.0000|0.0000|0.0000|0|8.80
赞宇科技|002637|-0.53|4879000|45784432.00|-0.42|0.74|-1.69|9.39|9.40|9.51|9.28|4.88|9.44|5389600|51083488.00|1|0.0000|0.0000|0.0000|0|9.44
勤上股份|002638|-0.93|17692800|38106168.00|-0.93|1.39|-1.39|2.14|2.14|2.19|2.13|17.69|2.16|23300250|50374132.00|1|0.0000|0.0000|0.0000|0|2.16
雪人集团|002639|-5.61|158682161|1451500928.00|-3.81|0.42|-6.89|8.91|9.08|9.48|8.79|158.68|9.44|215243908|1949910400.00|1|0.0000|0.0000|0.0000|0|9.44
跨境通|002640|-5.41|178611014|529829920.00|-9.24|-0.64|-9.24|2.97|2.85|3.12|2.85|178.61|3.14|224329200|678986048.00|1|0.0000|0.0000|0.0000|0|3.14
公元股份|002641|0.45|9528418|42443756.00|-1.12|0.90|-1.79|4.48|4.41|4.50|4.38|9.53|4.46|6521360|29084008.00|1|0.0000|0.0000|0.0000|0|4.46
荣联科技|002642|-1.02|25496950|198369008.00|-1.02|0.38|-2.29|7.77|7.77|7.88|7.67|25.50|7.85|39619452|310310176.00|1|0.0000|0.0000|0.0000|0|7.85
万润股份|002643|-1.61|12262700|135118448.00|-1.52|0.36|-2.78|10.99|11.00|11.21|10.86|12.26|11.17|8691600|97389008.00|1|0.0000|0.0000|0.0000|0|11.17
佛慈制药|002644|0.87|4516202|36521856.00|-0.75|0.99|-0.99|8.12|7.99|8.13|7.97|4.52|8.05|4107000|33061426.00|1|0.0000|0.0000|0.0000|0|8.05
华宏科技|002645|-1.19|37568428|343942240.00|-0.76|3.02|-3.99|9.16|9.20|9.55|8.90|37.57|9.27|43964983|409626016.00|1|0.0000|0.0000|0.0000|0|9.27
天佑德酒|002646|0.76|4440689|41407784.00|-0.76|1.29|-0.86|9.34|9.20|9.39|9.19|4.44|9.27|3237984|30043052.00|1|0.0000|0.0000|0.0000|0|9.27
*ST仁东|002647|0.87|7151500|41315712.00|-1.04|1.21|-1.04|5.82|5.71|5.84|5.71|7.15|5.77|11276100|64112852.00|1|0.0000|0.0000|0.0000|0|5.77
卫星化学|002648|-3.20|44065186|953405760.00|-0.80|-0.80|-5.96|21.78|22.32|22.32|21.16|44.07|22.50|18418853|414550688.00|1|0.0000|0.0000|0.0000|0|22.50
博彦科技|002649|-1.20|8905233|117614488.00|-0.98|0.83|-1.81|13.13|13.16|13.40|13.05|8.91|13.29|9999549|132949280.00|1|0.0000|0.0000|0.0000|0|13.29
ST加加|002650|0.20|2678455|13212071.00|1.21|1.21|-1.01|4.96|5.01|5.01|4.90|2.68|4.95|3770218|18764754.00|1|0.0000|0.0000|0.0000|0|4.95
利君股份|002651|-0.75|7968244|53229724.00|-1.19|1.49|-1.79|6.65|6.62|6.80|6.58|7.97|6.70|8520900|57102344.00|1|0.0000|0.0000|0.0000|0|6.70
扬子新材|002652|1.12|12891620|34648112.00|-0.75|1.87|-1.87|2.71|2.66|2.73|2.63|12.89|2.68|11212400|30030382.00|1|0.0000|0.0000|0.0000|0|2.68
海思科|002653|5.64|5975470|251862416.00|0.47|8.31|-0.27|42.72|40.63|43.80|40.33|5.98|40.44|2910714|117874544.00|1|0.0000|0.0000|0.0000|0|40.44
万润科技|002654|0.23|45488300|589627456.00|-1.02|3.75|-1.56|12.83|12.67|13.28|12.60|45.49|12.80|47376054|596472000.00|1|0.0000|0.0000|0.0000|0|12.80
共达电声|002655|-10.02|82547702|1143768576.00|-4.84|-2.22|-10.02|13.38|14.15|14.54|13.38|82.55|14.87|99927202|1544534400.00|1|0.0000|0.0000|0.0000|0|14.87
*ST摩登|002656|0.00|7537656|16735093.00|-0.45|0.90|-0.90|2.22|2.21|2.24|2.20|7.54|2.22|7784700|17126388.00|1|0.0000|0.0000|0.0000|0|2.22
中科金财|002657|-2.12|17904100|355701216.00|-1.68|0.54|-3.66|19.81|19.90|20.35|19.50|17.90|20.24|27263417|555310848.00|1|0.0000|0.0000|0.0000|0|20.24
雪迪龙|002658|-3.66|18190190|125516144.00|-1.69|-0.28|-4.79|6.84|6.98|7.08|6.76|18.19|7.10|18754526|133476472.00|1|0.0000|0.0000|0.0000|0|7.10
凯文教育|002659|0.89|6742200|30292852.00|-0.89|1.34|-1.34|4.51|4.43|4.53|4.41|6.74|4.47|5281000|23699632.00|1|0.0000|0.0000|0.0000|0|4.47
茂硕电源|002660|-1.43|8534000|82402336.00|-1.63|-0.10|-3.16|9.66|9.64|9.79|9.49|8.53|9.80|5693700|55838008.00|1|0.0000|0.0000|0.0000|0|9.80
克明食品|002661|0.73|2887366|27742118.00|-1.05|1.26|-1.05|9.62|9.45|9.67|9.45|2.89|9.55|2039766|19549684.00|1|0.0000|0.0000|0.0000|0|9.55
峰璟股份|002662|-1.56|18450100|69785512.00|-0.78|0.00|-2.86|3.78|3.81|3.84|3.73|18.45|3.84|17793700|68321456.00|1|0.0000|0.0000|0.0000|0|3.84
普邦股份|002663|-0.58|22964401|38554968.00|-3.51|0.00|-5.26|1.70|1.65|1.71|1.62|22.96|1.71|8592347|14769028.00|1|0.0000|0.0000|0.0000|0|1.71
信质集团|002664|-2.99|11207499|183221056.00|-2.04|0.78|-3.71|16.20|16.36|16.83|16.08|11.21|16.70|9040200|152538352.00|1|0.0000|0.0000|0.0000|0|16.70
德联集团|002666|-1.41|15274500|74338816.00|-1.21|-0.20|-3.83|4.89|4.90|4.95|4.77|15.27|4.96|23025301|113345792.00|1|0.0000|0.0000|0.0000|0|4.96
威领股份|002667|-1.04|20671811|260762368.00|-0.48|2.39|-1.35|12.43|12.50|12.86|12.39|20.67|12.56|31947719|403126176.00|1|0.0000|0.0000|0.0000|0|12.56
TCL智家|002668|-5.22|23766863|257526368.00|-0.97|-0.97|-6.19|10.71|11.19|11.19|10.60|23.77|11.30|12093700|135890080.00|1|0.0000|0.0000|0.0000|0|11.30
康达新材|002669|-0.21|4135801|38882992.00|0.00|1.49|-1.38|9.40|9.42|9.56|9.29|4.14|9.42|4327301|40997388.00|1|0.0000|0.0000|0.0000|0|9.42
国盛证券|002670|-0.69|21187433|275766688.00|-1.61|0.54|-1.99|12.98|12.86|13.14|12.81|21.19|13.07|16581735|217074416.00|1|0.0000|0.0000|0.0000|0|13.07
龙泉股份|002671|0.93|9673500|41913168.00|-1.16|1.39|-1.39|4.35|4.26|4.37|4.25|9.67|4.31|10006300|43269096.00|1|0.0000|0.0000|0.0000|0|4.31
东江环保|002672|1.75|6644850|26923402.00|-0.75|2.50|-1.25|4.07|3.97|4.10|3.95|6.64|4.00|7363250|29635228.00|1|0.0000|0.0000|0.0000|0|4.00
西部证券|002673|0.25|24227852|190804096.00|-0.64|0.51|-0.89|7.89|7.82|7.91|7.80|24.23|7.87|21544253|169432688.00|1|0.0000|0.0000|0.0000|0|7.87
兴业科技|002674|-0.92|2736300|26382492.00|-1.03|0.31|-1.75|9.64|9.63|9.76|9.56|2.74|9.73|1674000|16298507.00|1|0.0000|0.0000|0.0000|0|9.73
东诚药业|002675|-0.52|4822000|65289336.00|-0.52|1.18|-1.32|13.52|13.52|13.75|13.41|4.82|13.59|4505200|61075648.00|1|0.0000|0.0000|0.0000|0|13.59
顺威股份|002676|-0.46|19948680|128770576.00|-1.23|1.38|-2.76|6.48|6.43|6.60|6.33|19.95|6.51|22457603|146933280.00|1|0.0000|0.0000|0.0000|0|6.51
浙江美大|002677|-2.42|6929700|53303988.00|-0.89|-0.89|-3.31|7.67|7.79|7.79|7.60|6.93|7.86|8022220|62935752.00|1|0.0000|0.0000|0.0000|0|7.86
珠江钢琴|002678|0.46|2426745|10693642.00|-0.91|1.14|-1.14|4.41|4.35|4.44|4.34|2.43|4.39|2450700|10777719.00|1|0.0000|0.0000|0.0000|0|4.39
福建金森|002679|0.68|3509200|30812116.00|0.68|1.71|-1.37|8.82|8.82|8.91|8.64|3.51|8.76|3938900|34391192.00|1|0.0000|0.0000|0.0000|0|8.76
奋达科技|002681|-3.60|73925095|541346432.00|-1.33|0.27|-4.27|7.23|7.40|7.52|7.18|73.93|7.50|60464369|453197216.00|1|0.0000|0.0000|0.0000|0|7.50
龙洲股份|002682|0.23|52366907|229614400.00|-0.92|5.07|-2.53|4.35|4.30|4.56|4.23|52.37|4.34|61157035|270813792.00|1|0.0000|0.0000|0.0000|0|4.34
广东宏大|002683|-1.65|3922500|114876592.00|-0.10|0.78|-1.86|29.12|29.58|29.84|29.06|3.92|29.61|4814103|143017936.00|1|0.0000|0.0000|0.0000|0|29.61
华东重机|002685|-0.81|16109600|98748072.00|-1.29|0.65|-1.78|6.13|6.10|6.22|6.07|16.11|6.18|12240500|76319256.00|1|0.0000|0.0000|0.0000|0|6.18
亿利达|002686|-1.67|23308091|137453728.00|-1.17|0.67|-3.51|5.89|5.92|6.03|5.78|23.31|5.99|33310130|198433072.00|1|0.0000|0.0000|0.0000|0|5.99
乔治白|002687|-0.22|6286059|28016624.00|-0.45|0.22|-1.78|4.48|4.47|4.50|4.41|6.29|4.49|6746751|30302806.00|1|0.0000|0.0000|0.0000|0|4.49
金河生物|002688|10.00|25714580|152744608.00|10.00|10.00|10.00|5.94|5.94|5.94|5.94|25.71|5.40|113471988|596132480.00|1|0.0000|0.0000|0.0000|0|5.40
ST远智|002689|-0.80|12722418|47300328.00|-1.07|0.80|-1.87|3.71|3.70|3.77|3.67|12.72|3.74|12578820|47154756.00|1|0.0000|0.0000|0.0000|0|3.74
美亚光电|002690|-1.49|10846594|187148672.00|-1.09|0.29|-2.46|17.20|17.27|17.51|17.03|10.85|17.46|13643333|240214656.00|1|0.0000|0.0000|0.0000|0|17.46
冀凯股份|002691|-1.40|5403220|45983756.00|-1.05|0.82|-2.21|8.46|8.49|8.65|8.39|5.40|8.58|7217950|62103044.00|1|0.0000|0.0000|0.0000|0|8.58
远程股份|002692|-6.63|46100760|246393968.00|-2.33|0.72|-7.17|5.21|5.45|5.62|5.18|46.10|5.58|43247600|241339472.00|1|0.0000|0.0000|0.0000|0|5.58
*ST双成|002693|-1.05|10862400|93043064.00|-1.63|1.40|-2.10|8.50|8.45|8.71|8.41|10.86|8.59|16177926|139946672.00|1|0.0000|0.0000|0.0000|0|8.59
顾地科技|002694|0.46|3645860|15876029.00|-0.46|1.14|-1.37|4.39|4.35|4.42|4.31|3.65|4.37|4398320|19384018.00|1|0.0000|0.0000|0.0000|0|4.37
煌上煌|002695|-0.57|12942000|135907632.00|-1.15|2.39|-1.82|10.39|10.33|10.70|10.26|12.94|10.45|20563526|219458016.00|1|0.0000|0.0000|0.0000|0|10.45
百洋股份|002696|1.94|6667610|34875268.00|0.58|2.52|-0.78|5.26|5.19|5.29|5.12|6.67|5.16|6556250|34069236.00|1|0.0000|0.0000|0.0000|0|5.16
红旗连锁|002697|1.90|39859162|214109600.00|-0.95|4.37|-1.14|5.36|5.21|5.49|5.20|39.86|5.26|14339342|75370200.00|1|0.0000|0.0000|0.0000|0|5.26
博实股份|002698|-2.64|11732421|205194912.00|-1.46|0.34|-2.76|17.30|17.51|17.83|17.28|11.73|17.77|9452905|168305776.00|1|0.0000|0.0000|0.0000|0|17.77
万憬能源|002700|-2.88|7266500|65995848.00|-0.64|0.21|-5.34|9.10|9.31|9.39|8.87|7.27|9.37|4561600|42380484.00|1|0.0000|0.0000|0.0000|0|9.37
奥瑞金|002701|-0.38|18980301|98967368.00|-0.95|0.00|-1.71|5.23|5.20|5.25|5.16|18.98|5.25|28068100|147795152.00|1|0.0000|0.0000|0.0000|0|5.25
海欣食品|002702|2.33|17427900|68391960.00|-1.03|2.58|-1.03|3.96|3.83|3.97|3.83|17.43|3.87|11132100|43161336.00|1|0.0000|0.0000|0.0000|0|3.87
浙江世宝|002703|-2.40|13419409|159037920.00|-1.49|0.08|-2.90|11.77|11.88|12.07|11.71|13.42|12.06|11838600|143126304.00|1|0.0000|0.0000|0.0000|0|12.06
新宝股份|002705|-7.99|18502337|282304544.00|-1.29|-1.29|-8.17|14.97|16.06|16.06|14.94|18.50|16.27|3673043|59655416.00|1|0.0000|0.0000|0.0000|0|16.27
良信股份|002706|-3.85|28744100|247069760.00|-1.02|-0.23|-4.86|8.50|8.75|8.82|8.41|28.74|8.84|21396653|190934416.00|1|0.0000|0.0000|0.0000|0|8.84
众信旅游|002707|1.00|40087138|325118432.00|-0.75|3.50|-1.25|8.08|7.94|8.28|7.90|40.09|8.00|26141870|209327328.00|1|0.0000|0.0000|0.0000|0|8.00
光洋股份|002708|-3.49|38766700|490442656.00|-3.10|1.24|-4.57|12.46|12.51|13.07|12.32|38.77|12.91|51667700|667447680.00|1|0.0000|0.0000|0.0000|0|12.91
天赐材料|002709|-1.12|11931918|222215264.00|-1.17|0.27|-1.70|18.58|18.57|18.84|18.47|11.93|18.79|11135243|209158784.00|1|0.0000|0.0000|0.0000|0|18.79
思美传媒|002712|0.19|12107000|65041936.00|-1.68|1.87|-1.68|5.36|5.26|5.45|5.26|12.11|5.35|14064073|75802992.00|1|0.0000|0.0000|0.0000|0|5.35
*ST东易|002713|-0.85|18645500|87220504.00|0.21|1.69|-3.18|4.68|4.73|4.80|4.57|18.65|4.72|32304132|155241376.00|1|0.0000|0.0000|0.0000|0|4.72
牧原股份|002714|1.15|36821985|1450500736.00|-0.87|1.61|-0.87|39.49|38.70|39.67|38.70|36.82|39.04|26366688|1028632576.00|1|0.0000|0.0000|0.0000|0|39.04
登云股份|002715|-4.14|5364750|86202776.00|-0.30|1.34|-4.14|15.76|16.39|16.66|15.76|5.36|16.44|4435850|73716256.00|1|0.0000|0.0000|0.0000|0|16.44
湖南白银|002716|-0.79|85832988|324905376.00|-0.53|1.58|-1.58|3.77|3.78|3.86|3.74|85.83|3.80|92212692|354596320.00|1|0.0000|0.0000|0.0000|0|3.80
ST岭南|002717|-1.27|70604453|219651440.00|-1.27|0.00|-2.22|3.11|3.11|3.15|3.08|70.60|3.15|70901410|223227680.00|1|0.0000|0.0000|0.0000|0|3.15
友邦吊顶|002718|-0.07|1280000|16937352.00|-1.12|0.07|-3.06|13.40|13.26|13.42|13.00|1.28|13.41|1166900|15675801.00|1|0.0000|0.0000|0.0000|0|13.41
麦趣尔|002719|0.99|5481400|38896748.00|-1.42|1.70|-1.70|7.12|6.95|7.17|6.93|5.48|7.05|4478345|31760448.00|1|0.0000|0.0000|0.0000|0|7.05
金一文化|002721|-0.38|14977236|39301884.00|-1.14|0.00|-1.52|2.63|2.61|2.64|2.60|14.98|2.64|16389752|43012448.00|1|0.0000|0.0000|0.0000|0|2.64
物产金轮|002722|-1.20|3072500|45513944.00|-0.67|0.20|-2.60|14.81|14.89|15.02|14.60|3.07|14.99|2355401|35398112.00|1|0.0000|0.0000|0.0000|0|14.99
小崧股份|002723|0.00|13051960|105400832.00|-0.74|2.11|-2.11|8.06|8.00|8.23|7.89|13.05|8.06|14147103|111398024.00|1|0.0000|0.0000|0.0000|0|8.06
海洋王|002724|-1.78|29752906|180290816.00|-2.43|-0.49|-3.72|6.07|6.03|6.15|5.95|29.75|6.18|33044428|202382112.00|1|0.0000|0.0000|0.0000|0|6.18
跃岭股份|002725|-0.34|6828300|80239408.00|-1.02|2.82|-1.71|11.68|11.60|12.05|11.52|6.83|11.72|4229100|49623372.00|1|0.0000|0.0000|0.0000|0|11.72
龙大美食|002726|0.81|10566084|65858028.00|-0.64|0.81|-0.81|6.26|6.17|6.26|6.16|10.57|6.21|7271500|45102040.00|1|0.0000|0.0000|0.0000|0|6.21
一心堂|002727|0.61|4663800|61176220.00|-0.77|1.46|-0.92|13.12|12.94|13.23|12.92|4.66|13.04|3209654|41866340.00|1|0.0000|0.0000|0.0000|0|13.04
特一药业|002728|-0.12|7130780|58192716.00|-0.25|0.74|-0.74|8.15|8.14|8.22|8.10|7.13|8.16|10525899|85922224.00|1|0.0000|0.0000|0.0000|0|8.16
好利科技|002729|-0.30|3224700|42994604.00|-1.04|0.37|-2.16|13.40|13.30|13.49|13.15|3.22|13.44|3437785|46341720.00|1|0.0000|0.0000|0.0000|0|13.44
电光科技|002730|-2.63|8302490|130016720.00|-1.50|-0.06|-3.26|15.55|15.73|15.96|15.45|8.30|15.97|5862400|93733584.00|1|0.0000|0.0000|0.0000|0|15.97
萃华珠宝|002731|-1.64|10272300|105579024.00|-0.87|1.16|-1.93|10.18|10.26|10.47|10.15|10.27|10.35|13906053|143774848.00|1|0.0000|0.0000|0.0000|0|10.35
燕塘乳业|002732|2.38|3320200|53971096.00|-1.06|3.06|-1.06|16.37|15.82|16.48|15.82|3.32|15.99|1528400|24475474.00|1|0.0000|0.0000|0.0000|0|15.99
雄韬股份|002733|-4.27|12930600|214285088.00|-1.75|-0.70|-5.26|16.37|16.80|16.98|16.20|12.93|17.10|13043368|223733600.00|1|0.0000|0.0000|0.0000|0|17.10
利民股份|002734|5.22|58510116|670706496.00|1.77|9.98|0.84|11.28|10.91|11.79|10.81|58.51|10.72|20261766|217052672.00|1|0.0000|0.0000|0.0000|0|10.72
王子新材|002735|-5.94|53475201|570328384.00|-1.19|2.37|-6.21|10.30|10.82|11.21|10.27|53.48|10.95|69776050|777958912.00|1|0.0000|0.0000|0.0000|0|10.95
国信证券|002736|-0.48|10075142|104475728.00|-0.77|0.48|-1.15|10.35|10.32|10.45|10.28|10.08|10.40|12957471|134318864.00|1|0.0000|0.0000|0.0000|0|10.40
葵花药业|002737|0.17|4156787|75077360.00|-0.83|0.44|-1.00|18.11|17.93|18.16|17.90|4.16|18.08|4674435|84620840.00|1|0.0000|0.0000|0.0000|0|18.08
中矿资源|002738|-0.96|5703414|182100000.00|-0.72|0.16|-1.21|31.83|31.91|32.19|31.75|5.70|32.14|5789791|186328160.00|1|0.0000|0.0000|0.0000|0|32.14
万达电影|002739|0.00|20471110|238173520.00|-0.77|1.46|-0.95|11.63|11.54|11.80|11.52|20.47|11.63|13857267|161559392.00|1|0.0000|0.0000|0.0000|0|11.63
光华科技|002741|-0.87|5357700|85771880.00|-2.17|0.25|-2.17|16.02|15.81|16.20|15.81|5.36|16.16|5994300|97362408.00|1|0.0000|0.0000|0.0000|0|16.16
*ST三圣|002742|0.27|4152250|15358174.00|-0.27|1.08|-2.15|3.73|3.71|3.76|3.64|4.15|3.72|5669500|21351536.00|1|0.0000|0.0000|0.0000|0|3.72
富煌钢构|002743|0.53|5748000|32793296.00|-0.88|1.41|-1.06|5.71|5.63|5.76|5.62|5.75|5.68|4866160|27828056.00|1|0.0000|0.0000|0.0000|0|5.68
木林森|002745|-3.48|27709189|248435216.00|-1.52|0.44|-4.13|8.87|9.05|9.23|8.81|27.71|9.19|27259105|251753296.00|1|0.0000|0.0000|0.0000|0|9.19
仙坛股份|002746|1.82|21305640|130297912.00|-0.33|2.16|-0.66|6.14|6.01|6.16|5.99|21.31|6.03|10699776|64705284.00|1|0.0000|0.0000|0.0000|0|6.03
埃斯顿|002747|-2.02|17267700|364360800.00|-1.50|1.03|-2.25|20.89|21.00|21.54|20.84|17.27|21.32|16257120|345559712.00|1|0.0000|0.0000|0.0000|0|21.32
世龙实业|002748|0.78|1219000|9354915.00|-0.92|1.05|-0.92|7.71|7.58|7.73|7.58|1.22|7.65|1215500|9351886.00|1|0.0000|0.0000|0.0000|0|7.65
国光股份|002749|1.07|7775138|117581384.00|-1.00|2.47|-1.13|15.15|14.84|15.36|14.82|7.78|14.99|5249746|78166272.00|1|0.0000|0.0000|0.0000|0|14.99
昇兴股份|002752|-0.17|13616150|81219016.00|-1.01|1.01|-1.34|5.96|5.91|6.03|5.89|13.62|5.97|17120330|102377576.00|1|0.0000|0.0000|0.0000|0|5.97
永东股份|002753|-0.15|4978600|33030828.00|0.00|1.05|-1.65|6.65|6.66|6.73|6.55|4.98|6.66|3547800|23705092.00|1|0.0000|0.0000|0.0000|0|6.66
奥赛康|002755|-4.79|12229353|232279312.00|-2.14|0.97|-5.71|18.68|19.20|19.81|18.50|12.23|19.62|14631598|282963680.00|1|0.0000|0.0000|0.0000|0|19.62
永兴材料|002756|-0.93|4669351|154326256.00|-0.84|0.09|-1.14|32.97|33.00|33.31|32.90|4.67|33.28|3499339|116766400.00|1|0.0000|0.0000|0.0000|0|33.28
南兴股份|002757|-1.91|14195546|285302784.00|-2.06|0.78|-3.23|20.03|20.00|20.58|19.76|14.20|20.42|13225600|272730048.00|1|0.0000|0.0000|0.0000|0|20.42
浙农股份|002758|1.14|3058434|27047050.00|0.11|1.37|-0.23|8.88|8.79|8.90|8.76|3.06|8.78|1834400|16130848.00|1|0.0000|0.0000|0.0000|0|8.78
天际股份|002759|-0.26|5543700|42208052.00|-0.92|1.05|-1.44|7.60|7.55|7.70|7.51|5.54|7.62|6390300|48569552.00|1|0.0000|0.0000|0.0000|0|7.62
凤形股份|002760|-1.67|3152300|57699568.00|-1.02|0.00|-2.42|18.25|18.37|18.56|18.11|3.15|18.56|3225500|60334688.00|1|0.0000|0.0000|0.0000|0|18.56
浙江建投|002761|0.36|9240404|78282576.00|-0.83|1.30|-1.19|8.46|8.36|8.54|8.33|9.24|8.43|6162334|51862276.00|1|0.0000|0.0000|0.0000|0|8.43
*ST金比|002762|0.90|8970174|50090272.00|-1.26|1.62|-1.62|5.60|5.48|5.64|5.46|8.97|5.55|7494500|41734500.00|1|0.0000|0.0000|0.0000|0|5.55
汇洁股份|002763|0.29|2871600|19463530.00|-0.29|0.59|-1.62|6.82|6.78|6.84|6.69|2.87|6.80|3317421|22532072.00|1|0.0000|0.0000|0.0000|0|6.80
蓝黛科技|002765|3.09|87590438|1308803968.00|-1.71|4.25|-1.71|15.03|14.33|15.20|14.33|87.59|14.58|85729596|1222923008.00|1|0.0000|0.0000|0.0000|0|14.58
索菱股份|002766|-1.71|12235626|70924864.00|-0.85|0.51|-2.39|5.76|5.81|5.89|5.72|12.24|5.86|10987426|64545016.00|1|0.0000|0.0000|0.0000|0|5.86
先锋电子|002767|-3.08|12537427|199050496.00|-1.23|0.31|-4.80|15.76|16.06|16.31|15.48|12.54|16.26|15262010|247858784.00|1|0.0000|0.0000|0.0000|0|16.26
国恩股份|002768|-0.56|3465730|85873208.00|-1.35|-0.16|-3.06|25.00|24.80|25.10|24.37|3.47|25.14|2613834|65932416.00|1|0.0000|0.0000|0.0000|0|25.14
普路通|002769|1.28|4779098|33969392.00|-0.71|2.13|-1.42|7.14|7.00|7.20|6.95|4.78|7.05|2942062|20861578.00|1|0.0000|0.0000|0.0000|0|7.05
真视通|002771|-0.78|4738300|79043184.00|-0.90|1.38|-1.61|16.59|16.57|16.95|16.45|4.74|16.72|4744452|79496944.00|1|0.0000|0.0000|0.0000|0|16.72
众兴菌业|002772|1.36|6540439|48716872.00|-0.14|1.76|-0.68|7.48|7.37|7.51|7.33|6.54|7.38|4521526|33253370.00|1|0.0000|0.0000|0.0000|0|7.38
康弘药业|002773|-1.08|17491973|468035488.00|0.00|2.68|-2.65|26.54|26.83|27.55|26.12|17.49|26.83|19093134|513646848.00|1|0.0000|0.0000|0.0000|0|26.83
快意电梯|002774|-1.59|5080500|41011256.00|-0.49|0.12|-2.69|8.06|8.15|8.20|7.97|5.08|8.19|6815700|56051284.00|1|0.0000|0.0000|0.0000|0|8.19
文科股份|002775|0.89|4184080|14140584.00|-0.59|1.48|-1.19|3.40|3.35|3.42|3.33|4.18|3.37|3502600|11823815.00|1|0.0000|0.0000|0.0000|0|3.37
久远银海|002777|-1.10|7498700|134848096.00|-1.66|1.27|-1.99|17.90|17.80|18.33|17.74|7.50|18.10|9138298|165307504.00|1|0.0000|0.0000|0.0000|0|18.10
中晟高科|002778|-2.37|1697000|29637764.00|-0.79|0.56|-2.54|17.28|17.56|17.80|17.25|1.70|17.70|1363040|24258876.00|1|0.0000|0.0000|0.0000|0|17.70
中坚科技|002779|-4.27|3409950|339743072.00|0.51|3.44|-4.33|97.16|102.01|104.98|97.10|3.41|101.49|5402207|547050112.00|1|0.0000|0.0000|0.0000|0|101.49
三夫户外|002780|-0.18|4805290|53560680.00|-1.17|1.70|-1.97|11.13|11.02|11.34|10.93|4.81|11.15|6261682|69937080.00|1|0.0000|0.0000|0.0000|0|11.15
可立克|002782|-3.18|8241351|109010336.00|-0.81|0.22|-4.14|13.11|13.43|13.57|12.98|8.24|13.54|6720297|91136800.00|1|0.0000|0.0000|0.0000|0|13.54
凯龙股份|002783|0.49|8402289|68141984.00|-1.11|0.49|-1.35|8.18|8.05|8.18|8.03|8.40|8.14|6891706|56203524.00|1|0.0000|0.0000|0.0000|0|8.14
万里石|002785|-0.76|2899230|83121560.00|-0.80|0.35|-1.84|28.66|28.65|28.98|28.35|2.90|28.88|2976800|86911064.00|1|0.0000|0.0000|0.0000|0|28.88
银宝山新|002786|-0.66|7102518|63792712.00|-1.77|0.33|-1.88|8.99|8.89|9.08|8.88|7.10|9.05|5142600|46723824.00|1|0.0000|0.0000|0.0000|0|9.05
华源控股|002787|-2.98|9720213|86101344.00|-2.09|0.11|-3.64|8.80|8.88|9.08|8.74|9.72|9.07|13669305|124528200.00|1|0.0000|0.0000|0.0000|0|9.07
鹭燕医药|002788|0.24|4677073|39524532.00|-0.59|0.71|-1.18|8.47|8.40|8.51|8.35|4.68|8.45|4832470|40786744.00|1|0.0000|0.0000|0.0000|0|8.45
*ST建艺|002789|-2.49|11061297|86460008.00|-0.62|0.12|-4.61|7.82|7.97|8.03|7.65|11.06|8.02|20864583|171184960.00|1|0.0000|0.0000|0.0000|0|8.02
瑞尔特|002790|0.51|4338000|34031308.00|-1.27|1.14|-1.52|7.91|7.77|7.96|7.75|4.34|7.87|4077296|32036288.00|1|0.0000|0.0000|0.0000|0|7.87
坚朗五金|002791|5.08|22448538|553485504.00|-1.09|6.59|-1.09|25.05|23.58|25.41|23.58|22.45|23.84|14078217|338436192.00|1|0.0000|0.0000|0.0000|0|23.84
通宇通讯|002792|-1.28|11663030|170700128.00|-1.01|0.47|-2.64|14.60|14.64|14.86|14.40|11.66|14.79|26701782|397717728.00|1|0.0000|0.0000|0.0000|0|14.79
罗欣药业|002793|2.00|30790660|125136696.00|-0.75|3.24|-1.50|4.09|3.98|4.14|3.95|30.79|4.01|40842600|164277584.00|1|0.0000|0.0000|0.0000|0|4.01
永和智控|002795|-0.40|23361420|118789600.00|1.39|4.58|-1.79|5.00|5.09|5.25|4.93|23.36|5.02|25886532|127974216.00|1|0.0000|0.0000|0.0000|0|5.02
世嘉科技|002796|-1.34|5520372|65387632.00|-0.75|0.50|-2.67|11.82|11.89|12.04|11.66|5.52|11.98|4853500|58376920.00|1|0.0000|0.0000|0.0000|0|11.98
第一创业|002797|0.00|55257833|414366848.00|-1.07|1.34|-1.20|7.48|7.40|7.58|7.39|55.26|7.48|45843049|342827392.00|1|0.0000|0.0000|0.0000|0|7.48
帝欧水华|002798|1.57|6936200|26630984.00|-1.05|2.10|-1.05|3.87|3.77|3.89|3.77|6.94|3.81|5733675|21789892.00|1|0.0000|0.0000|0.0000|0|3.81
环球印务|002799|-0.26|3935488|29568554.00|-0.93|0.40|-1.72|7.53|7.48|7.58|7.42|3.94|7.55|4643952|35094864.00|1|0.0000|0.0000|0.0000|0|7.55
天顺股份|002800|9.96|11239514|124162416.00|-0.58|9.96|-1.45|11.37|10.28|11.37|10.19|11.24|10.34|2929328|30507040.00|1|0.0000|0.0000|0.0000|0|10.34
微光股份|002801|-10.01|11235723|413481248.00|-1.55|-0.61|-10.01|35.34|38.66|39.03|35.34|11.24|39.27|9414093|368757504.00|1|0.0000|0.0000|0.0000|0|39.27
洪汇新材|002802|0.49|2567999|36830988.00|-1.04|1.25|-1.67|14.44|14.22|14.55|14.13|2.57|14.37|3245646|47288992.00|1|0.0000|0.0000|0.0000|0|14.37
吉宏股份|002803|0.88|7150539|90545992.00|-0.56|2.88|-0.96|12.63|12.45|12.88|12.40|7.15|12.52|9676000|122950384.00|1|0.0000|0.0000|0.0000|0|12.52
丰元股份|002805|1.28|5229316|63065176.00|-0.77|8.68|-0.77|11.90|11.66|12.77|11.66|5.23|11.75|2382120|28252336.00|1|0.0000|0.0000|0.0000|0|11.75
华锋股份|002806|-1.20|3262200|37575892.00|-1.12|0.69|-2.32|11.49|11.50|11.71|11.36|3.26|11.63|3900646|45391780.00|1|0.0000|0.0000|0.0000|0|11.63
江阴银行|002807|0.22|47419621|214704704.00|-0.66|1.33|-0.66|4.53|4.49|4.58|4.49|47.42|4.52|57720788|259978480.00|1|0.0000|0.0000|0.0000|0|4.52
*ST恒久|002808|-4.26|10208415|32217496.00|-4.86|-2.13|-4.86|3.15|3.13|3.22|3.13|10.21|3.29|16083223|54285504.00|1|0.0000|0.0000|0.0000|0|3.29
红墙股份|002809|-0.36|4598980|38018456.00|-0.96|0.36|-2.51|8.32|8.27|8.38|8.14|4.60|8.35|4457000|37509816.00|1|0.0000|0.0000|0.0000|0|8.35
山东赫达|002810|-1.97|3896900|48645976.00|-0.63|0.08|-2.99|12.45|12.62|12.71|12.32|3.90|12.70|2619970|33315994.00|1|0.0000|0.0000|0.0000|0|12.70
郑中设计|002811|-0.62|2713419|25905202.00|-0.73|0.31|-1.87|9.56|9.55|9.65|9.44|2.71|9.62|2523370|24266950.00|1|0.0000|0.0000|0.0000|0|9.62
恩捷股份|002812|-0.61|5333532|165736336.00|-0.93|0.67|-1.60|31.00|30.90|31.40|30.69|5.33|31.19|4786805|148720016.00|1|0.0000|0.0000|0.0000|0|31.19
路畅科技|002813|-0.96|960000|21765378.00|-1.01|0.48|-2.05|22.66|22.65|22.99|22.41|0.96|22.88|1242500|28482302.00|1|0.0000|0.0000|0.0000|0|22.88
崇达技术|002815|-2.83|12086122|129919024.00|-2.10|0.09|-3.11|10.64|10.72|10.96|10.61|12.09|10.95|7547862|82813392.00|1|0.0000|0.0000|0.0000|0|10.95
*ST和科|002816|-2.33|2304800|27141972.00|-1.17|-0.17|-3.33|11.72|11.86|11.98|11.60|2.30|12.00|3069100|36977608.00|1|0.0000|0.0000|0.0000|0|12.00
黄山胶囊|002817|0.59|5708900|38871376.00|-0.88|0.88|-1.32|6.84|6.74|6.86|6.71|5.71|6.80|4402012|29923566.00|1|0.0000|0.0000|0.0000|0|6.80
富森美|002818|-6.43|3834146|50632428.00|-6.57|-5.44|-7.56|13.25|13.23|13.39|13.09|3.83|14.16|3364136|47634576.00|1|6.8000|0.0000|0.0000|0|13.48
东方中科|002819|0.15|1984000|51297512.00|-0.97|1.51|-1.28|25.87|25.58|26.22|25.50|1.98|25.83|2011690|52381196.00|1|0.0000|0.0000|0.0000|0|25.83
桂发祥|002820|1.43|6230422|65815268.00|-1.14|1.52|-1.81|10.65|10.38|10.66|10.31|6.23|10.50|4701202|49430972.00|1|0.0000|0.0000|0.0000|0|10.50
凯莱英|002821|-2.14|4611751|365142432.00|-0.94|2.58|-2.37|77.72|78.67|81.47|77.54|4.61|79.42|4415150|356459040.00|1|0.0000|0.0000|0.0000|0|79.42
*ST中装|002822|0.59|4305783|14651062.00|0.00|2.67|-0.30|3.39|3.37|3.46|3.36|4.31|3.37|3775906|12839851.00|1|0.0000|0.0000|0.0000|0|3.37
凯中精密|002823|-3.82|8450248|122730520.00|-1.74|-0.34|-4.69|14.35|14.66|14.87|14.22|8.45|14.92|9159897|136523840.00|1|0.0000|0.0000|0.0000|0|14.92
和胜股份|002824|-0.86|3784944|61349516.00|-0.80|0.43|-1.65|16.19|16.20|16.40|16.06|3.78|16.33|3277079|53642356.00|1|0.0000|0.0000|0.0000|0|16.33
纳尔股份|002825|-0.82|4188180|35614564.00|-1.05|0.47|-2.45|8.51|8.49|8.62|8.37|4.19|8.58|3527288|30247690.00|1|0.0000|0.0000|0.0000|0|8.58
易明医药|002826|-0.36|4289400|47988424.00|-1.16|1.43|-1.43|11.14|11.05|11.34|11.02|4.29|11.18|4521700|50481528.00|1|0.0000|0.0000|0.0000|0|11.18
高争民爆|002827|3.26|7417800|189790064.00|0.00|4.99|-0.89|25.66|24.85|26.09|24.63|7.42|24.85|2125900|52997520.00|1|0.0000|0.0000|0.0000|0|24.85
贝肯能源|002828|0.00|6012900|50657616.00|-1.07|0.71|-1.66|8.45|8.36|8.51|8.31|6.01|8.45|5403090|45671984.00|1|0.0000|0.0000|0.0000|0|8.45
星网宇达|002829|-0.88|4990340|90088016.00|-1.60|0.99|-1.98|18.01|17.88|18.35|17.81|4.99|18.17|5287160|96416760.00|1|0.0000|0.0000|0.0000|0|18.17
名雕股份|002830|-0.08|1341100|16938428.00|-1.02|0.78|-2.90|12.74|12.62|12.85|12.38|1.34|12.75|1765000|22555360.00|1|0.0000|0.0000|0.0000|0|12.75
裕同科技|002831|-7.26|13663029|324383424.00|-0.95|0.00|-8.72|23.49|25.09|25.33|23.12|13.66|25.33|1880862|47619784.00|1|0.0000|0.0000|0.0000|0|25.33
比音勒芬|002832|-1.58|5674300|106495992.00|-0.84|-0.11|-2.05|18.72|18.86|19.00|18.63|5.67|19.02|7280000|138145424.00|1|0.0000|0.0000|0.0000|0|19.02
弘亚数控|002833|-3.96|6951280|126242880.00|-1.28|-0.43|-4.60|17.94|18.44|18.60|17.82|6.95|18.68|7841820|147483440.00|1|0.0000|0.0000|0.0000|0|18.68
同为股份|002835|-3.59|4056600|76943592.00|-1.85|-0.87|-4.62|18.80|19.14|19.33|18.60|4.06|19.50|2536900|49721328.00|1|0.0000|0.0000|0.0000|0|19.50
新宏泽|002836|-0.12|3201400|25821224.00|-1.47|0.12|-3.06|8.15|8.04|8.17|7.91|3.20|8.16|3396484|27774862.00|1|0.0000|0.0000|0.0000|0|8.16
英维克|002837|-3.58|16641365|629545472.00|-2.29|0.18|-4.12|37.41|37.91|38.87|37.20|16.64|38.80|11760222|457924832.00|1|0.0000|0.0000|0.0000|0|38.80
道恩股份|002838|-7.73|24580637|391754016.00|-2.60|-0.35|-9.62|15.63|16.50|16.88|15.31|24.58|16.94|22695543|387314560.00|1|0.0000|0.0000|0.0000|0|16.94
张家港行|002839|-0.23|33799460|147102352.00|-0.46|0.46|-0.69|4.35|4.34|4.38|4.33|33.80|4.36|54959070|238615680.00|1|0.0000|0.0000|0.0000|0|4.36
华统股份|002840|0.89|14115840|159901904.00|-0.98|1.60|-0.98|11.37|11.16|11.45|11.16|14.12|11.27|13961283|158454592.00|1|0.0000|0.0000|0.0000|0|11.27
视源股份|002841|-2.80|3292986|124688912.00|-1.55|-0.13|-3.11|37.52|38.00|38.55|37.40|3.29|38.60|2956969|113486616.00|1|0.0000|0.0000|0.0000|0|38.60
翔鹭钨业|002842|-0.69|11435700|82680672.00|1.79|3.31|-1.52|7.20|7.38|7.49|7.14|11.44|7.25|24646601|178982896.00|1|0.0000|0.0000|0.0000|0|7.25
泰嘉股份|002843|0.00|7538500|169223168.00|-1.03|2.60|-1.08|22.30|22.07|22.88|22.06|7.54|22.30|5465700|122325504.00|1|0.0000|0.0000|0.0000|0|22.30
同兴达|002845|-1.65|5183777|77162232.00|-1.46|0.00|-2.91|14.87|14.90|15.12|14.68|5.18|15.12|3784640|57440008.00|1|0.0000|0.0000|0.0000|0|15.12
英联股份|002846|-1.24|6376700|56147004.00|-2.03|0.79|-2.03|8.77|8.70|8.95|8.70|6.38|8.88|9635080|86759360.00|1|0.0000|0.0000|0.0000|0|8.88
盐津铺子|002847|7.84|5847470|411279456.00|-1.05|8.13|-2.15|72.80|66.80|73.00|66.06|5.85|67.51|4741276|322901280.00|1|0.0000|0.0000|0.0000|0|67.51
*ST高斯|002848|-0.36|7012200|39128336.00|-1.60|1.07|-2.14|5.60|5.53|5.68|5.50|7.01|5.62|6815800|38940588.00|1|0.0000|0.0000|0.0000|0|5.62
威星智能|002849|0.53|3048200|46151116.00|-0.53|1.12|-2.11|15.26|15.10|15.35|14.86|3.05|15.18|3065542|46872564.00|1|0.0000|0.0000|0.0000|0|15.18
科达利|002850|-4.44|2786684|333336672.00|-1.58|-0.59|-4.69|117.99|121.52|122.74|117.68|2.79|123.47|2617987|321870944.00|1|0.0000|0.0000|0.0000|0|123.47
麦格米特|002851|-8.82|35630726|2071258752.00|-5.21|-3.62|-9.70|56.75|59.00|59.99|56.20|35.63|62.24|27997754|1738265344.00|1|0.0000|0.0000|0.0000|0|62.24
道道全|002852|2.00|8031324|73384152.00|0.44|2.11|-0.11|9.19|9.05|9.20|9.00|8.03|9.01|4022178|36115548.00|1|0.0000|0.0000|0.0000|0|9.01
皮阿诺|002853|-2.96|3035500|42815392.00|-0.14|-0.14|-5.15|14.12|14.53|14.53|13.80|3.04|14.55|3113900|44979564.00|1|0.0000|0.0000|0.0000|0|14.55
捷荣技术|002855|-1.42|1835200|33207526.00|-0.60|0.22|-2.29|18.05|18.20|18.35|17.89|1.84|18.31|1632000|29983252.00|1|0.0000|0.0000|0.0000|0|18.31
美芝股份|002856|0.12|3479720|29279786.00|-1.18|0.83|-2.01|8.46|8.35|8.52|8.28|3.48|8.45|4929496|41909100.00|1|0.0000|0.0000|0.0000|0|8.45
三晖电气|002857|-0.40|2753500|41519080.00|-0.40|0.66|-2.18|15.09|15.09|15.25|14.82|2.75|15.15|2339800|35380472.00|1|0.0000|0.0000|0.0000|0|15.15
力盛体育|002858|-0.35|3436800|39620364.00|-1.04|0.69|-1.55|11.54|11.46|11.66|11.40|3.44|11.58|3710500|43163928.00|1|0.0000|0.0000|0.0000|0|11.58
洁美科技|002859|-3.11|5440427|107833888.00|-0.94|0.49|-3.60|19.65|20.09|20.38|19.55|5.44|20.28|2776121|56421596.00|1|0.0000|0.0000|0.0000|0|20.28
星帅尔|002860|-4.09|14879922|155279312.00|-0.93|-0.74|-5.39|10.32|10.66|10.68|10.18|14.88|10.76|18693782|199623344.00|1|0.0000|0.0000|0.0000|0|10.76
瀛通通讯|002861|-3.93|14632830|194668368.00|-2.98|-0.87|-5.38|13.21|13.34|13.63|13.01|14.63|13.75|16816670|231471296.00|1|0.0000|0.0000|0.0000|0|13.75
实丰文化|002862|-6.00|8024309|216077760.00|-3.44|-1.74|-6.46|26.49|27.21|27.69|26.36|8.02|28.18|8447749|240627968.00|1|0.0000|0.0000|0.0000|0|28.18
今飞凯达|002863|-4.86|43489537|233659104.00|-3.24|0.00|-5.04|5.29|5.38|5.56|5.28|43.49|5.56|51526632|285293728.00|1|0.0000|0.0000|0.0000|0|5.56
盘龙药业|002864|0.25|3143899|88788832.00|-0.81|1.03|-1.20|28.30|28.00|28.52|27.89|3.14|28.23|3119100|88117264.00|1|0.0000|0.0000|0.0000|0|28.23
钧达股份|002865|-2.10|6549504|294413472.00|-1.57|0.13|-2.95|44.76|45.00|45.78|44.37|6.55|45.72|7498076|343404064.00|1|0.0000|0.0000|0.0000|0|45.72
传艺科技|002866|-1.25|3176000|50382252.00|-1.12|0.50|-1.81|15.80|15.82|16.08|15.71|3.18|16.00|3406200|54929144.00|1|0.0000|0.0000|0.0000|0|16.00
周大生|002867|-2.69|8536954|114804848.00|-0.58|-0.58|-3.42|13.38|13.67|13.67|13.28|8.54|13.75|9846106|135463680.00|1|0.0000|0.0000|0.0000|0|13.75
*ST绿康|002868|9.98|3090000|50173856.00|3.44|9.98|3.44|16.31|15.34|16.31|15.34|3.09|14.83|1319050|19630936.00|1|0.0000|0.0000|0.0000|0|14.83
金溢科技|002869|-0.60|2888150|76957480.00|-2.13|1.23|-2.24|26.57|26.16|27.06|26.13|2.89|26.73|3286367|87919384.00|1|0.0000|0.0000|0.0000|0|26.73
香山股份|002870|-4.18|2469000|84163296.00|-1.73|-0.34|-4.83|33.73|34.59|35.08|33.50|2.47|35.20|2687200|93899616.00|1|0.0000|0.0000|0.0000|0|35.20
伟隆股份|002871|-0.41|2198163|21400962.00|-1.02|0.10|-2.24|9.78|9.72|9.83|9.60|2.20|9.82|2162966|21350632.00|1|0.0000|0.0000|0.0000|0|9.82
ST天圣|002872|-0.96|810000|3359234.00|-0.24|0.24|-1.67|4.14|4.17|4.19|4.11|0.81|4.18|744430|3109980.25|1|0.0000|0.0000|0.0000|0|4.18
新天药业|002873|-1.66|5084870|48418648.00|0.52|1.25|-2.91|9.47|9.68|9.75|9.35|5.08|9.63|4305310|41680648.00|1|0.0000|0.0000|0.0000|0|9.63
安奈儿|002875|1.03|6630025|84259920.00|-0.95|3.18|-1.67|12.71|12.46|12.98|12.37|6.63|12.58|4811175|60190432.00|1|0.0000|0.0000|0.0000|0|12.58
三利谱|002876|-2.07|3444642|91003432.00|-1.11|-0.70|-3.89|26.44|26.70|26.81|25.95|3.44|27.00|3311000|89464384.00|1|0.0000|0.0000|0.0000|0|27.00
智能自控|002877|-3.31|8639372|73879304.00|-0.91|0.34|-4.22|8.48|8.69|8.80|8.40|8.64|8.77|7088698|62092680.00|1|0.0000|0.0000|0.0000|0|8.77
元隆雅图|002878|-0.89|2959200|43150168.00|-1.57|0.61|-1.77|14.52|14.42|14.74|14.39|2.96|14.65|3063100|44951504.00|1|0.0000|0.0000|0.0000|0|14.65
长缆科技|002879|-0.53|2251340|37728136.00|-0.71|0.47|-1.84|16.78|16.75|16.95|16.56|2.25|16.87|2535500|42922408.00|1|0.0000|0.0000|0.0000|0|16.87
卫光生物|002880|0.04|917960|25434628.00|-0.54|0.69|-0.79|27.74|27.58|27.92|27.51|0.92|27.73|1334310|37164064.00|1|0.0000|0.0000|0.0000|0|27.73
美格智能|002881|-3.94|8900224|406435040.00|-1.83|-0.43|-4.51|45.15|46.14|46.80|44.88|8.90|47.00|5802115|273046560.00|1|0.0000|0.0000|0.0000|0|47.00
金龙羽|002882|1.97|14903241|264434064.00|4.99|4.99|0.93|17.59|18.11|18.11|17.41|14.90|17.25|3685600|63675508.00|1|0.0000|0.0000|0.0000|0|17.25
中设股份|002883|-0.29|2396200|25123472.00|-0.95|0.48|-1.33|10.49|10.42|10.57|10.38|2.40|10.52|1769800|18621810.00|1|0.0000|0.0000|0.0000|0|10.52
凌霄泵业|002884|-4.44|8465165|148758944.00|-1.21|-1.21|-5.15|17.44|18.03|18.03|17.31|8.47|18.25|2558572|46617884.00|1|0.0000|0.0000|0.0000|0|18.25
京泉华|002885|-1.46|6044420|81682648.00|-1.68|0.22|-2.41|13.49|13.46|13.72|13.36|6.04|13.69|5715720|78683824.00|1|0.0000|0.0000|0.0000|0|13.69
沃特股份|002886|-2.80|6490275|120837528.00|-1.79|0.47|-3.59|18.42|18.61|19.04|18.27|6.49|18.95|5804830|110474608.00|1|0.0000|0.0000|0.0000|0|18.95
绿茵生态|002887|0.41|3015000|22013106.00|-0.55|1.10|-1.10|7.32|7.25|7.37|7.21|3.02|7.29|2523700|18461332.00|1|0.0000|0.0000|0.0000|0|7.29
惠威科技|002888|-0.63|1705389|29407680.00|-1.21|0.34|-2.35|17.31|17.21|17.48|17.01|1.71|17.42|1597000|27894416.00|1|0.0000|0.0000|0.0000|0|17.42
东方嘉盛|002889|3.51|13080396|287631424.00|-1.78|10.01|-2.20|22.12|20.99|23.51|20.90|13.08|21.37|6524332|140264896.00|1|0.0000|0.0000|0.0000|0|21.37
弘宇股份|002890|-1.19|2099792|22728738.00|-0.55|0.91|-3.38|10.83|10.90|11.06|10.59|2.10|10.96|2175286|23799090.00|1|0.0000|0.0000|0.0000|0|10.96
中宠股份|002891|-2.91|10119955|407928256.00|-1.63|-0.78|-7.37|41.09|41.63|41.99|39.20|10.12|42.32|3945508|167721968.00|1|0.0000|0.0000|0.0000|0|42.32
科力尔|002892|-3.07|15238793|248563376.00|-1.26|0.42|-3.13|16.12|16.42|16.70|16.11|15.24|16.63|12678427|211423312.00|1|0.0000|0.0000|0.0000|0|16.63
京能热力|002893|0.40|4616300|46694996.00|-0.20|0.89|-1.09|10.14|10.08|10.19|9.99|4.62|10.10|4193800|42544820.00|1|0.0000|0.0000|0.0000|0|10.10
川恒股份|002895|-1.34|5459741|131842984.00|-1.06|-0.41|-3.58|24.23|24.30|24.46|23.68|5.46|24.56|7261717|177559232.00|1|0.0000|0.0000|0.0000|0|24.56
中大力德|002896|-4.15|9315743|786699072.00|-1.65|0.40|-4.44|83.05|85.22|87.00|82.80|9.32|86.65|7450284|646583680.00|1|0.0000|0.0000|0.0000|0|86.65
意华股份|002897|-1.58|3856931|158728640.00|-1.13|0.05|-2.42|41.00|41.19|41.68|40.65|3.86|41.66|4185873|174627040.00|1|0.0000|0.0000|0.0000|0|41.66
*ST赛隆|002898|-0.25|3379920|26730872.00|-0.38|1.13|-1.51|7.91|7.90|8.02|7.81|3.38|7.93|4240830|33734232.00|1|0.0000|0.0000|0.0000|0|7.93
英派斯|002899|-5.93|5496900|118694080.00|-2.17|-1.02|-7.12|21.27|22.12|22.38|21.00|5.50|22.61|4103218|92363352.00|1|0.0000|0.0000|0.0000|0|22.61
哈三联|002900|10.02|8969490|120101472.00|10.02|10.02|10.02|13.39|13.39|13.39|13.39|8.97|12.17|4961800|60385104.00|1|0.0000|0.0000|0.0000|0|12.17
大博医疗|002901|-0.14|2142194|76490056.00|-0.89|1.01|-1.81|35.77|35.50|36.18|35.17|2.14|35.82|2474700|88098832.00|1|0.0000|0.0000|0.0000|0|35.82
铭普光磁|002902|-1.37|4250244|79771224.00|-1.11|0.11|-1.95|18.72|18.77|19.00|18.61|4.25|18.98|4436900|85152240.00|1|0.0000|0.0000|0.0000|0|18.98
宇环数控|002903|-0.52|16899450|358546848.00|-2.17|3.97|-2.65|21.05|20.70|22.00|20.60|16.90|21.16|17081588|362209632.00|1|0.0000|0.0000|0.0000|0|21.16
金逸影视|002905|1.18|9923100|76238424.00|-1.05|2.10|-1.44|7.71|7.54|7.78|7.51|9.92|7.62|6586565|50432260.00|1|0.0000|0.0000|0.0000|0|7.62
华阳集团|002906|-5.28|12005112|395882080.00|-1.22|-1.19|-5.77|32.50|33.89|33.90|32.33|12.01|34.31|5117329|175781088.00|1|0.0000|0.0000|0.0000|0|34.31
华森制药|002907|1.00|6776933|95511840.00|-0.64|2.65|-1.07|14.10|13.87|14.33|13.81|6.78|13.96|6706321|93754568.00|1|0.0000|0.0000|0.0000|0|13.96
德生科技|002908|-2.07|9154184|82370400.00|-1.42|-0.22|-3.28|8.97|9.03|9.14|8.86|9.15|9.16|12024658|110627304.00|1|0.0000|0.0000|0.0000|0|9.16
集泰股份|002909|-0.34|10410900|60487040.00|-1.36|0.17|-2.72|5.86|5.80|5.89|5.72|10.41|5.88|12398154|73282736.00|1|0.0000|0.0000|0.0000|0|5.88
庄园牧场|002910|1.05|5493300|47444692.00|-1.05|1.05|-1.28|8.70|8.52|8.70|8.50|5.49|8.61|4071300|35271196.00|1|0.0000|0.0000|0.0000|0|8.61
佛燃能源|002911|0.71|3087826|34809540.00|-0.53|1.16|-0.71|11.31|11.17|11.36|11.15|3.09|11.23|3355544|37912772.00|1|0.0000|0.0000|0.0000|0|11.23
中新赛克|002912|-1.76|2781700|75080304.00|-1.21|1.25|-2.61|26.73|26.88|27.55|26.50|2.78|27.21|2446140|66369392.00|1|0.0000|0.0000|0.0000|0|27.21
奥士康|002913|-3.90|3501617|90111144.00|-0.60|-0.60|-5.33|25.60|26.48|26.48|25.22|3.50|26.64|1923958|51174164.00|1|0.0000|0.0000|0.0000|0|26.64
中欣氟材|002915|-2.07|4708020|60569200.00|-1.15|0.77|-3.37|12.80|12.92|13.17|12.63|4.71|13.07|6416040|84086392.00|1|0.0000|0.0000|0.0000|0|13.07
深南电路|002916|-4.50|9972677|1224617216.00|-1.23|-0.85|-6.46|121.83|126.00|126.49|119.33|9.97|127.57|5102077|650927232.00|1|0.0000|0.0000|0.0000|0|127.57
金奥博|002917|-2.76|15547200|203118352.00|-3.51|-0.97|-3.51|13.02|12.92|13.26|12.92|15.55|13.39|25322364|344678400.00|1|0.0000|0.0000|0.0000|0|13.39
蒙娜丽莎|002918|1.91|21765899|228504656.00|-1.43|2.96|-2.49|10.66|10.31|10.77|10.20|21.77|10.46|19876202|204575744.00|1|0.0000|0.0000|0.0000|0|10.46
名臣健康|002919|0.49|4046426|66348880.00|-0.98|1.84|-2.08|16.40|16.16|16.62|15.98|4.05|16.32|3447100|56410848.00|1|0.0000|0.0000|0.0000|0|16.32
德赛西威|002920|-3.69|6962898|747644160.00|-1.42|0.00|-4.44|106.33|108.83|110.40|105.50|6.96|110.40|3982377|439517568.00|1|0.0000|0.0000|0.0000|0|110.40
联诚精密|002921|-2.08|3923518|53808968.00|-1.36|0.36|-3.16|13.65|13.75|13.99|13.50|3.92|13.94|5076359|70719272.00|1|0.0000|0.0000|0.0000|0|13.94
伊戈尔|002922|-5.72|23423097|418022624.00|-1.94|-0.59|-6.15|17.48|18.18|18.43|17.40|23.42|18.54|9882780|184574160.00|1|0.0000|0.0000|0.0000|0|18.54
润都股份|002923|9.22|60319055|1150414208.00|-5.51|10.01|-5.51|19.42|16.80|19.56|16.80|60.32|17.78|36504331|623298304.00|1|0.0000|0.0000|0.0000|0|17.78
盈趣科技|002925|-3.05|7352602|113343352.00|-1.71|-0.70|-3.17|15.27|15.48|15.64|15.25|7.35|15.75|5547196|87821696.00|1|0.0000|0.0000|0.0000|0|15.75
华西证券|002926|1.49|32608800|287435680.00|-0.69|2.64|-1.15|8.85|8.66|8.95|8.62|32.61|8.72|18384472|159819584.00|1|0.0000|0.0000|0.0000|0|8.72
泰永长征|002927|-2.54|9152768|130941936.00|-1.51|-0.21|-3.09|14.20|14.35|14.54|14.12|9.15|14.57|7948561|116374448.00|1|0.0000|0.0000|0.0000|0|14.57
华夏航空|002928|0.54|8939587|67092372.00|-0.67|2.14|-1.07|7.50|7.41|7.62|7.38|8.94|7.46|7632832|56745408.00|1|0.0000|0.0000|0.0000|0|7.46
润建股份|002929|-1.56|10081737|529921184.00|-1.92|1.96|-2.71|52.26|52.07|54.13|51.65|10.08|53.09|12520500|670098112.00|1|0.0000|0.0000|0.0000|0|53.09
宏川智慧|002930|0.82|7875562|86754952.00|-0.46|1.83|-1.19|11.02|10.88|11.13|10.80|7.88|10.93|6299700|69202656.00|1|0.0000|0.0000|0.0000|0|10.93
锋龙股份|002931|-0.60|4874258|87885016.00|-0.11|0.55|-2.96|18.13|18.22|18.34|17.70|4.87|18.24|7542172|135205184.00|1|0.0000|0.0000|0.0000|0|18.24
明德生物|002932|-0.58|1383635|26005416.00|-0.48|0.85|-1.48|18.78|18.80|19.05|18.61|1.38|18.89|1622095|30583234.00|1|0.0000|0.0000|0.0000|0|18.89
新兴装备|002933|0.33|7804001|265445488.00|-1.91|3.28|-1.91|33.66|32.91|34.65|32.91|7.80|33.55|8654824|287690944.00|1|0.0000|0.0000|0.0000|0|33.55
天奥电子|002935|-3.34|17793884|260703616.00|-1.14|0.20|-4.14|14.47|14.80|15.00|14.35|17.79|14.97|26829366|410567072.00|1|0.0000|0.0000|0.0000|0|14.97
郑州银行|002936|0.00|74471889|144900752.00|-0.51|0.51|-1.03|1.95|1.94|1.96|1.93|74.47|1.95|69650976|135103360.00|1|0.0000|0.0000|0.0000|0|1.95
兴瑞科技|002937|-4.01|4085200|78187744.00|-1.02|-0.20|-4.32|18.90|19.49|19.65|18.84|4.09|19.69|1930430|38116972.00|1|0.0000|0.0000|0.0000|0|19.69
鹏鼎控股|002938|-10.00|38094476|1308527360.00|-1.24|-0.49|-10.00|33.38|36.63|36.91|33.38|38.09|37.09|10105365|372230208.00|1|0.0000|0.0000|0.0000|0|37.09
长城证券|002939|0.12|20601222|168371792.00|-0.61|0.74|-0.98|8.17|8.11|8.22|8.08|20.60|8.16|22307551|181771952.00|1|0.0000|0.0000|0.0000|0|8.16
昂利康|002940|-0.77|4633390|66027348.00|-1.05|1.12|-1.54|14.19|14.15|14.46|14.08|4.63|14.30|5693538|81263000.00|1|0.0000|0.0000|0.0000|0|14.30
新疆交建|002941|1.76|8072132|88618648.00|-0.46|3.05|-1.02|11.00|10.76|11.14|10.70|8.07|10.81|2943900|31929644.00|1|0.0000|0.0000|0.0000|0|10.81
新农股份|002942|0.44|1324810|20898888.00|-1.07|0.82|-2.15|15.89|15.65|15.95|15.48|1.32|15.82|1255800|19868790.00|1|0.0000|0.0000|0.0000|0|15.82
宇晶股份|002943|-0.40|8301283|203655568.00|-1.37|0.89|-2.82|24.69|24.45|25.01|24.09|8.30|24.79|11351587|287807904.00|1|0.0000|0.0000|0.0000|0|24.79
华林证券|002945|0.99|17293241|248652256.00|-1.20|2.40|-1.34|14.31|14.00|14.51|13.98|17.29|14.17|16421487|232413344.00|1|0.0000|0.0000|0.0000|0|14.17
新乳业|002946|2.65|7620900|114305848.00|-0.34|3.81|-1.29|15.09|14.65|15.26|14.51|7.62|14.70|3663781|54331824.00|1|0.0000|0.0000|0.0000|0|14.70
恒铭达|002947|-10.00|16081725|567618688.00|-2.91|-2.13|-10.00|34.29|36.99|37.29|34.29|16.08|38.10|3853459|147322464.00|1|0.0000|0.0000|0.0000|0|38.10
青岛银行|002948|0.00|24530865|103530320.00|-0.47|0.47|-0.95|4.23|4.21|4.25|4.19|24.53|4.23|36630712|154369632.00|1|0.0000|0.0000|0.0000|0|4.23
华阳国际|002949|-1.05|1743800|29578552.00|0.82|0.82|-1.81|16.98|17.30|17.30|16.85|1.74|17.16|4689414|79212488.00|1|0.0000|0.0000|0.0000|0|17.16
奥美医疗|002950|0.22|4755300|43927616.00|-0.87|0.87|-1.19|9.26|9.16|9.32|9.13|4.76|9.24|4696794|43305392.00|1|0.0000|0.0000|0.0000|0|9.24
金时科技|002951|0.42|209100|1488306.00|-0.28|0.70|-0.98|7.15|7.10|7.17|7.05|0.21|7.12|308700|2209257.00|1|0.0000|0.0000|0.0000|0|7.12
亚世光电|002952|-1.60|2939300|54587952.00|-1.28|-0.11|-2.45|18.50|18.56|18.78|18.34|2.94|18.80|3811858|71424952.00|1|0.0000|0.0000|0.0000|0|18.80
日丰股份|002953|-1.02|7454782|79803496.00|-0.56|0.65|-2.31|10.70|10.75|10.88|10.56|7.45|10.81|6893380|74886304.00|1|0.0000|0.0000|0.0000|0|10.81
鸿合科技|002955|-2.52|3795387|93249888.00|-0.32|1.04|-3.84|24.37|24.92|25.26|24.04|3.80|25.00|4561809|113930240.00|1|0.0000|0.0000|0.0000|0|25.00
西麦食品|002956|0.53|3636320|61999492.00|0.00|1.23|-1.41|17.10|17.01|17.22|16.77|3.64|17.01|4923099|84132720.00|1|0.0000|0.0000|0.0000|0|17.01
科瑞技术|002957|-1.88|4226800|66840504.00|-0.88|0.44|-2.50|15.70|15.86|16.07|15.60|4.23|16.00|3772800|60664424.00|1|0.0000|0.0000|0.0000|0|16.00
青农商行|002958|0.00|58410012|184747264.00|-0.32|0.63|-0.95|3.17|3.16|3.19|3.14|58.41|3.17|81274014|256318592.00|1|0.0000|0.0000|0.0000|0|3.17
小熊电器|002959|-2.24|1378600|59883080.00|-0.75|-0.61|-2.67|43.23|43.89|43.95|43.04|1.38|44.22|1190546|52472984.00|1|0.0000|0.0000|0.0000|0|44.22
青鸟消防|002960|-2.29|7688372|92328592.00|-1.64|-0.41|-2.78|11.94|12.02|12.17|11.88|7.69|12.22|7737652|94644976.00|1|0.0000|0.0000|0.0000|0|12.22
瑞达期货|002961|3.88|25503859|426960416.00|-0.25|5.29|-2.15|16.88|16.21|17.11|15.90|25.50|16.25|14416937|234552448.00|1|0.0000|0.0000|0.0000|0|16.25
五方光电|002962|-2.43|5812180|91682336.00|-1.31|-0.12|-3.11|15.68|15.86|16.05|15.57|5.81|16.07|5634444|90358640.00|1|0.0000|0.0000|0.0000|0|16.07
豪尔赛|002963|-0.09|1841700|20785552.00|-0.09|1.06|-1.68|11.31|11.31|11.44|11.13|1.84|11.32|1470500|16733815.00|1|0.0000|0.0000|0.0000|0|11.32
祥鑫科技|002965|-4.64|13138651|659243904.00|-3.01|-0.04|-6.40|49.75|50.60|52.15|48.83|13.14|52.17|12476400|651281024.00|1|0.0000|0.0000|0.0000|0|52.17
苏州银行|002966|1.49|61862442|500923264.00|-0.37|1.62|-0.62|8.15|8.00|8.16|7.98|61.86|8.03|35133180|281390688.00|1|0.0000|0.0000|0.0000|0|8.03
广电计量|002967|-1.62|14223278|303302880.00|-2.17|-0.37|-2.95|21.32|21.20|21.59|21.03|14.22|21.67|20900571|451383104.00|1|0.0000|0.0000|0.0000|0|21.67
新大正|002968|0.53|2330380|22090734.00|-0.42|1.38|-1.38|9.50|9.41|9.58|9.32|2.33|9.45|1617426|15330491.00|1|0.0000|0.0000|0.0000|0|9.45
嘉美包装|002969|0.58|14143805|48624188.00|-1.16|0.58|-1.45|3.47|3.41|3.47|3.40|14.14|3.45|16240040|55977808.00|1|0.0000|0.0000|0.0000|0|3.45
锐明技术|002970|-10.00|7284345|381622208.00|-3.59|-2.99|-10.00|51.46|55.13|55.47|51.46|7.28|57.18|4827186|274840960.00|1|0.0000|0.0000|0.0000|0|57.18
和远气体|002971|-2.22|8563820|168780608.00|-4.98|0.64|-5.27|19.85|19.29|20.43|19.23|8.56|20.30|11331776|229556592.00|1|0.0000|0.0000|0.0000|0|20.30
科安达|002972|2.68|10869014|125570872.00|-0.80|6.34|-1.52|11.49|11.10|11.90|11.02|10.87|11.19|3114160|35029264.00|1|0.0000|0.0000|0.0000|0|11.19
侨银股份|002973|-1.66|2891298|34332948.00|0.00|0.25|-2.74|11.84|12.04|12.07|11.71|2.89|12.04|2289800|27572336.00|1|0.0000|0.0000|0.0000|0|12.04
博杰股份|002975|-5.07|4232276|145373216.00|-1.27|-0.23|-5.71|33.73|35.08|35.45|33.50|4.23|35.53|4821015|172590896.00|1|0.0000|0.0000|0.0000|0|35.53
瑞玛精密|002976|-2.34|1489300|31286420.00|-1.54|0.61|-3.46|20.86|21.03|21.49|20.62|1.49|21.36|1608660|34431152.00|1|0.0000|0.0000|0.0000|0|21.36
天箭科技|002977|-0.33|825080|22290462.00|-0.81|0.85|-1.77|27.10|26.97|27.42|26.71|0.83|27.19|1058404|28977948.00|1|0.0000|0.0000|0.0000|0|27.19
安宁股份|002978|0.86|2323476|75788256.00|-0.31|1.07|-1.29|32.88|32.50|32.95|32.18|2.32|32.60|2129294|69848704.00|1|0.0000|0.0000|0.0000|0|32.60
雷赛智能|002979|-4.42|13543500|633130624.00|-0.73|1.71|-4.74|45.81|47.58|48.75|45.66|13.54|47.93|13651745|654294464.00|1|0.0000|0.0000|0.0000|0|47.93
华盛昌|002980|-2.20|2136200|57428452.00|-1.14|0.33|-3.48|26.71|27.00|27.40|26.36|2.14|27.31|1865200|51015996.00|1|0.0000|0.0000|0.0000|0|27.31
朝阳科技|002981|-2.32|1402140|30773704.00|-1.47|-0.18|-3.61|21.90|22.09|22.38|21.61|1.40|22.42|1377760|31083636.00|1|0.0000|0.0000|0.0000|0|22.42
湘佳股份|002982|10.01|11252494|235984256.00|3.20|10.01|0.83|21.33|20.01|21.33|19.55|11.25|19.39|5704520|111482720.00|1|0.0000|0.0000|0.0000|0|19.39
芯瑞达|002983|-1.52|1154837|20191422.00|-2.20|0.28|-2.37|17.47|17.35|17.79|17.32|1.15|17.74|1382742|24669216.00|1|0.0000|0.0000|0.0000|0|17.74
森麒麟|002984|-5.11|25153303|580662144.00|-1.12|-1.12|-5.69|22.84|23.80|23.80|22.70|25.15|24.07|13441053|324063328.00|1|0.0000|0.0000|0.0000|0|24.07
北摩高科|002985|0.00|2483335|60737140.00|-0.37|2.10|-0.62|24.34|24.25|24.85|24.19|2.48|24.34|2882807|70447992.00|1|0.0000|0.0000|0.0000|0|24.34
宇新股份|002986|0.00|2745712|30226778.00|-0.72|0.27|-0.90|11.05|10.97|11.08|10.95|2.75|11.05|3251240|36057860.00|1|0.0000|0.0000|0.0000|0|11.05
京北方|002987|-1.02|11229610|207945616.00|-1.50|0.59|-2.41|18.49|18.40|18.79|18.23|11.23|18.68|8750891|164427360.00|1|0.0000|0.0000|0.0000|0|18.68
豪美新材|002988|0.46|3707886|89221288.00|-1.50|1.87|-1.87|24.11|23.64|24.45|23.55|3.71|24.00|3339571|80022688.00|1|0.0000|0.0000|0.0000|0|24.00
中天精装|002989|-1.19|10043386|279227328.00|-2.38|0.10|-5.76|28.29|27.95|28.66|26.98|10.04|28.63|14449143|425411360.00|1|0.0000|0.0000|0.0000|0|28.63
盛视科技|002990|-2.37|3929789|115432688.00|-2.14|0.47|-3.94|29.23|29.30|30.08|28.76|3.93|29.94|7968704|235786784.00|1|0.0000|0.0000|0.0000|0|29.94
甘源食品|002991|2.93|2740610|208593536.00|-0.47|4.91|-1.38|76.34|73.82|77.81|73.15|2.74|74.17|1981370|148998320.00|1|0.0000|0.0000|0.0000|0|74.17
宝明科技|002992|0.45|1783100|127086784.00|-0.99|0.91|-2.93|71.92|70.89|72.25|69.50|1.78|71.60|1790994|131160360.00|1|0.0000|0.0000|0.0000|0|71.60
奥海科技|002993|-6.84|5529831|213879152.00|-4.03|-0.39|-6.89|37.88|39.02|40.50|37.86|5.53|40.66|1925991|78702496.00|1|0.0000|0.0000|0.0000|0|40.66
天地在线|002995|-1.64|2238096|41990264.00|-0.95|0.42|-2.01|18.64|18.77|19.03|18.57|2.24|18.95|1822500|34769864.00|1|0.0000|0.0000|0.0000|0|18.95
顺博合金|002996|-1.35|15040097|99764328.00|0.15|1.20|-2.39|6.60|6.70|6.77|6.53|15.04|6.69|20895243|140605888.00|1|0.0000|0.0000|0.0000|0|6.69
瑞鹄模具|002997|-3.60|5630992|222132480.00|-1.12|0.75|-3.85|38.80|39.80|40.55|38.70|5.63|40.25|5002724|201263584.00|1|0.0000|0.0000|0.0000|0|40.25
优彩资源|002998|-0.30|3587300|23974956.00|-0.89|0.74|-2.08|6.70|6.66|6.77|6.58|3.59|6.72|4086300|27461104.00|1|0.0000|0.0000|0.0000|0|6.72
天禾股份|002999|2.12|5946700|36952280.00|-0.33|2.61|-0.81|6.27|6.12|6.30|6.09|5.95|6.14|3479839|21434176.00|1|0.0000|0.0000|0.0000|0|6.14
劲仔食品|003000|3.69|23714000|301769408.00|-1.28|5.70|-1.28|12.92|12.30|13.17|12.30|23.71|12.46|17062480|213470256.00|1|0.0000|0.0000|0.0000|0|12.46
中岩大地|003001|10.00|6273838|230590672.00|-0.63|10.00|-1.78|38.39|34.68|38.39|34.28|6.27|34.90|4342553|151905568.00|1|0.0000|0.0000|0.0000|0|34.90
壶化股份|003002|-0.83|1373000|32744560.00|-1.08|0.87|-2.49|23.86|23.80|24.27|23.46|1.37|24.06|953300|23033700.00|1|0.0000|0.0000|0.0000|0|24.06
天元股份|003003|0.00|3154300|31356824.00|-0.10|1.30|-2.50|10.01|10.00|10.14|9.76|3.15|10.01|2755100|27675800.00|1|0.0000|0.0000|0.0000|0|10.01
*ST声迅|003004|-1.22|1211500|26622294.00|-1.26|0.99|-3.02|21.92|21.91|22.41|21.52|1.21|22.19|1036899|23193314.00|1|0.0000|0.0000|0.0000|0|22.19
竞业达|003005|-1.01|1996000|64699100.00|-1.89|0.31|-2.26|32.41|32.12|32.84|32.00|2.00|32.74|2107290|69254960.00|1|0.0000|0.0000|0.0000|0|32.74
百亚股份|003006|-1.97|3704624|92049000.00|-0.67|-0.63|-3.20|24.85|25.18|25.19|24.54|3.70|25.35|4961427|124919440.00|1|0.0000|0.0000|0.0000|0|25.35
直真科技|003007|-1.88|2471100|77551144.00|-2.73|0.09|-2.73|31.27|31.00|31.90|31.00|2.47|31.87|3028200|97595744.00|1|0.0000|0.0000|0.0000|0|31.87
开普检测|003008|-0.52|1112517|23496688.00|-0.61|0.23|-1.88|21.17|21.15|21.33|20.88|1.11|21.28|1377256|29248448.00|1|0.0000|0.0000|0.0000|0|21.28
中天火箭|003009|-0.64|955297|35466708.00|-0.83|0.29|-0.96|37.07|37.00|37.42|36.95|0.96|37.31|921303|34373628.00|1|0.0000|0.0000|0.0000|0|37.31
若羽臣|003010|5.97|6880660|305025952.00|-1.08|7.29|-2.00|45.09|42.09|45.65|41.70|6.88|42.55|3662443|156213280.00|1|0.0000|0.0000|0.0000|0|42.55
海象新材|003011|-2.34|3050440|45784332.00|-2.66|-0.26|-4.61|15.05|15.00|15.37|14.70|3.05|15.41|2118854|32539736.00|1|0.0000|0.0000|0.0000|0|15.41
东鹏控股|003012|1.40|7106400|46117248.00|-0.47|1.71|-0.93|6.53|6.41|6.55|6.38|7.11|6.44|4915885|31667622.00|1|0.0000|0.0000|0.0000|0|6.44
地铁设计|003013|-0.68|4140425|66946920.00|-0.80|0.61|-1.60|16.16|16.14|16.37|16.01|4.14|16.27|6215888|100639520.00|1|0.0000|0.0000|0.0000|0|16.27
日久光电|003015|-2.72|44664087|700934144.00|-3.53|0.00|-5.38|15.73|15.60|16.17|15.30|44.66|16.17|72078659|1156890368.00|1|0.0000|0.0000|0.0000|0|16.17
欣贺股份|003016|-0.55|2626900|18896228.00|-1.52|0.55|-1.52|7.19|7.12|7.27|7.12|2.63|7.23|3436300|24885508.00|1|0.0000|0.0000|0.0000|0|7.23
大洋生物|003017|0.46|1344160|28982444.00|-1.02|1.39|-2.08|21.75|21.43|21.95|21.20|1.34|21.65|1100640|23812008.00|1|0.0000|0.0000|0.0000|0|21.65
金富科技|003018|-0.56|1958400|20781440.00|-1.58|-0.28|-2.70|10.68|10.57|10.71|10.45|1.96|10.74|2130900|22719136.00|1|0.0000|0.0000|0.0000|0|10.74
宸展光电|003019|-5.66|6232710|223335808.00|-1.26|-0.59|-6.06|35.16|36.80|37.05|35.01|6.23|37.27|7525299|276139872.00|1|0.0000|0.0000|0.0000|0|37.27
立方制药|003020|0.41|1447732|28185102.00|-0.51|1.23|-1.85|19.56|19.38|19.72|19.12|1.45|19.48|1777992|34664380.00|1|0.0000|0.0000|0.0000|0|19.48
兆威机电|003021|-3.55|4986376|617702784.00|-1.58|0.63|-3.93|122.20|124.70|127.50|121.72|4.99|126.70|5458340|692748736.00|1|0.0000|0.0000|0.0000|0|126.70
联泓新科|003022|-1.19|4223075|63490580.00|-0.73|0.86|-2.04|14.98|15.05|15.29|14.85|4.22|15.16|3634366|55341512.00|1|0.0000|0.0000|0.0000|0|15.16
彩虹集团|003023|1.29|2128190|39806160.00|-1.18|1.66|-1.18|18.86|18.40|18.93|18.40|2.13|18.62|1421600|26349036.00|1|0.0000|0.0000|0.0000|0|18.62
思进智能|003025|-2.87|12513957|229613856.00|-1.97|-0.64|-4.36|18.26|18.43|18.68|17.98|12.51|18.80|18219021|339006880.00|1|0.0000|0.0000|0.0000|0|18.80
中晶科技|003026|-1.28|1148110|33750688.00|-1.38|0.54|-2.22|29.31|29.28|29.85|29.03|1.15|29.69|1510510|44987448.00|1|0.0000|0.0000|0.0000|0|29.69
同兴科技|003027|0.46|1491700|22660538.00|-0.99|0.72|-1.38|15.29|15.07|15.33|15.01|1.49|15.22|1444050|22105432.00|1|0.0000|0.0000|0.0000|0|15.22
振邦智能|003028|-3.96|4828224|231762096.00|-0.49|0.47|-4.02|46.83|48.52|48.99|46.80|4.83|48.76|7255195|349373504.00|1|0.0000|0.0000|0.0000|0|48.76
吉大正元|003029|-0.81|2280299|50317988.00|-1.49|0.81|-1.67|22.04|21.89|22.40|21.85|2.28|22.22|3090500|68194440.00|1|0.0000|0.0000|0.0000|0|22.22
祖名股份|003030|9.99|7592000|132271848.00|-0.61|9.99|-1.40|18.05|16.31|18.05|16.18|7.59|16.41|1669600|27365672.00|1|0.0000|0.0000|0.0000|0|16.41
中瓷电子|003031|-1.30|1459445|66501744.00|-1.11|0.43|-1.98|45.41|45.50|46.21|45.10|1.46|46.01|1347890|62190940.00|1|0.0000|0.0000|0.0000|0|46.01
*ST传智|003032|-0.53|5185200|39278988.00|-0.39|0.39|-1.31|7.57|7.58|7.64|7.51|5.19|7.61|5319100|40741456.00|1|0.0000|0.0000|0.0000|0|7.61
征和工业|003033|-4.03|2876800|121277664.00|-0.99|-0.99|-5.38|41.89|43.22|43.22|41.30|2.88|43.65|2123500|93621368.00|1|0.0000|0.0000|0.0000|0|43.65
南网能源|003035|0.94|10803505|46385900.00|-0.47|1.41|-0.70|4.30|4.24|4.32|4.23|10.80|4.26|9866073|42172260.00|1|0.0000|0.0000|0.0000|0|4.26
泰坦股份|003036|-2.07|3064200|37707012.00|-0.40|-0.40|-3.26|12.31|12.52|12.52|12.16|3.06|12.57|3660249|45881532.00|1|0.0000|0.0000|0.0000|0|12.57
三和管桩|003037|1.14|5355400|32923846.00|-0.49|1.31|-1.63|6.19|6.09|6.20|6.02|5.36|6.12|3738100|22944936.00|1|0.0000|0.0000|0.0000|0|6.12
鑫铂股份|003038|-4.09|6580121|139740608.00|-2.00|-0.05|-5.82|21.10|21.56|21.99|20.72|6.58|22.00|6030824|132158576.00|1|0.0000|0.0000|0.0000|0|22.00
顺控发展|003039|2.62|11110916|155400928.00|-0.87|3.13|-1.31|14.10|13.62|14.17|13.56|11.11|13.74|9453817|130889064.00|1|0.0000|0.0000|0.0000|0|13.74
楚天龙|003040|0.63|6359115|80764968.00|-0.79|1.34|-1.10|12.75|12.57|12.84|12.53|6.36|12.67|4930730|62647148.00|1|0.0000|0.0000|0.0000|0|12.67
真爱美家|003041|-0.07|1172200|33765976.00|-1.21|1.63|-1.21|28.83|28.50|29.32|28.50|1.17|28.85|857272|24710298.00|1|0.0000|0.0000|0.0000|0|28.85
中农联合|003042|1.03|2816100|40954520.00|-1.03|1.31|-1.10|14.65|14.35|14.69|14.34|2.82|14.50|2792730|40677604.00|1|0.0000|0.0000|0.0000|0|14.50
华亚智能|003043|0.67|2756580|144848272.00|-1.05|2.32|-1.79|52.90|52.00|53.77|51.61|2.76|52.55|3526200|183225536.00|1|0.0000|0.0000|0.0000|0|52.55
中国广核|003816|1.37|183751143|674858176.00|-0.55|1.65|-0.82|3.69|3.62|3.70|3.61|183.75|3.64|174997400|639072256.00|1|0.0000|0.0000|0.0000|0|3.64
特锐德|300001|-0.94|21105913|531166656.00|-0.90|0.16|-2.31|25.25|25.26|25.53|24.90|21.11|25.49|20456387|522974560.00|1|0.0000|0.0000|0.0000|0|25.49
神州泰岳|300002|-2.29|53520568|688610112.00|-1.07|-0.08|-2.98|12.78|12.94|13.07|12.69|53.52|13.08|40938630|536910400.00|1|0.0000|0.0000|0.0000|0|13.08
乐普医疗|300003|-0.42|17595233|209082528.00|-0.34|1.26|-1.18|11.84|11.85|12.04|11.75|17.60|11.89|15196258|180542000.00|1|0.0000|0.0000|0.0000|0|11.89
南风股份|300004|6.78|60449503|479097440.00|0.80|8.64|0.40|8.03|7.58|8.17|7.55|60.45|7.52|42836696|326800512.00|1|0.0000|0.0000|0.0000|0|7.52
探路者|300005|10.72|198601651|1823900544.00|4.08|14.80|0.35|9.50|8.93|9.85|8.61|198.60|8.58|123896140|1082311424.00|1|0.0000|0.0000|0.0000|0|8.58
莱美药业|300006|1.99|19085480|68223784.00|-0.57|2.84|-1.14|3.59|3.50|3.62|3.48|19.09|3.52|14263800|50425024.00|1|0.0000|0.0000|0.0000|0|3.52
汉威科技|300007|-2.86|19350942|710367488.00|-1.53|1.02|-3.43|36.28|36.78|37.73|36.07|19.35|37.35|21847107|821599744.00|1|0.0000|0.0000|0.0000|0|37.35
天海防务|300008|-2.40|150647124|874953024.00|0.86|2.40|-2.91|5.70|5.89|5.98|5.67|150.65|5.84|146452303|860453824.00|1|0.0000|0.0000|0.0000|0|5.84
安科生物|300009|0.35|15465083|135097104.00|-0.69|2.07|-0.69|8.71|8.62|8.86|8.62|15.47|8.68|14623424|127899944.00|1|0.0000|0.0000|0.0000|0|8.68
豆神教育|300010|0.39|39776884|306925024.00|-0.13|1.17|-1.30|7.74|7.70|7.80|7.61|39.78|7.71|50822800|396822016.00|1|0.0000|0.0000|0.0000|0|7.71
鼎汉技术|300011|1.47|26942083|224384896.00|-1.35|4.67|-1.35|8.26|8.03|8.52|8.03|26.94|8.14|12574404|101975488.00|1|0.0000|0.0000|0.0000|0|8.14
华测检测|300012|0.46|38473667|497418624.00|-0.93|2.17|-1.24|12.97|12.79|13.19|12.75|38.47|12.91|16860242|218464256.00|1|0.0000|0.0000|0.0000|0|12.91
新宁物流|300013|2.45|16840688|63575264.00|-1.63|4.89|-1.90|3.77|3.62|3.86|3.61|16.84|3.68|10890150|39938168.00|1|0.0000|0.0000|0.0000|0|3.68
亿纬锂能|300014|-1.63|13115875|603510592.00|-0.80|0.19|-1.74|45.77|46.16|46.62|45.72|13.12|46.53|14776586|689554048.00|1|0.0000|0.0000|0.0000|0|46.53
爱尔眼科|300015|0.83|38012591|506358592.00|-0.60|1.21|-0.90|13.37|13.18|13.42|13.14|38.01|13.26|39348069|523156672.00|1|0.0000|0.0000|0.0000|0|13.26
北陆药业|300016|0.57|12683300|89849984.00|-1.13|1.99|-1.13|7.09|6.97|7.19|6.97|12.68|7.05|10988400|77724592.00|1|0.0000|0.0000|0.0000|0|7.05
网宿科技|300017|-1.99|62896367|747534400.00|-1.08|0.41|-3.23|11.83|11.94|12.12|11.68|62.90|12.07|59034678|710014912.00|1|0.0000|0.0000|0.0000|0|12.07
中元股份|300018|-0.56|9343095|66521340.00|-0.84|0.84|-1.82|7.12|7.10|7.22|7.03|9.34|7.16|8894400|63995768.00|1|0.0000|0.0000|0.0000|0|7.16
硅宝科技|300019|-0.90|11635451|205052640.00|-1.96|1.12|-3.08|17.69|17.50|18.05|17.30|11.64|17.85|10679100|190411568.00|1|0.0000|0.0000|0.0000|0|17.85
ST银江|300020|3.67|22341720|74977960.00|-0.31|4.89|-0.92|3.39|3.26|3.43|3.24|22.34|3.27|18874333|62288568.00|1|0.0000|0.0000|0.0000|0|3.27
大禹节水|300021|-0.22|18807700|83968944.00|0.00|1.80|-0.67|4.44|4.45|4.53|4.42|18.81|4.45|25210302|113226520.00|1|0.0000|0.0000|0.0000|0|4.45
吉峰科技|300022|1.30|15563548|107707296.00|-1.30|1.30|-2.31|7.03|6.85|7.03|6.78|15.56|6.94|17662548|122226904.00|1|0.0000|0.0000|0.0000|0|6.94
机器人|300024|-1.06|24040340|428703040.00|-1.28|1.17|-1.84|17.75|17.71|18.15|17.61|24.04|17.94|24118230|431851776.00|1|0.0000|0.0000|0.0000|0|17.94
华星创业|300025|-2.62|12003025|85617216.00|-1.79|-0.41|-3.03|7.07|7.13|7.23|7.04|12.00|7.26|19590779|143567264.00|1|0.0000|0.0000|0.0000|0|7.26
红日药业|300026|0.56|38837275|140889520.00|-0.83|1.67|-0.83|3.62|3.57|3.66|3.57|38.84|3.60|44614500|160899968.00|1|0.0000|0.0000|0.0000|0|3.60
华谊兄弟|300027|1.22|60876499|151288800.00|-0.81|2.03|-0.81|2.49|2.44|2.51|2.44|60.88|2.46|53474910|131844472.00|1|0.0000|0.0000|0.0000|0|2.46
*ST天龙|300029|-0.60|1150400|5678624.00|-0.81|0.20|-1.21|4.93|4.92|4.97|4.90|1.15|4.96|1804400|8957315.00|1|0.0000|0.0000|0.0000|0|4.96
阳普医疗|300030|1.55|7384910|43512176.00|0.17|3.61|-0.52|5.90|5.82|6.02|5.78|7.38|5.81|5473500|31889224.00|1|0.0000|0.0000|0.0000|0|5.81
宝通科技|300031|-1.75|14268153|378289216.00|-1.97|0.34|-2.46|26.38|26.32|26.94|26.19|14.27|26.85|15193622|409026016.00|1|0.0000|0.0000|0.0000|0|26.85
金龙机电|300032|-1.13|13534600|59204800.00|-1.13|0.68|-1.81|4.36|4.36|4.44|4.33|13.53|4.41|12898100|57253080.00|1|0.0000|0.0000|0.0000|0|4.41
同花顺|300033|0.13|5782662|1623946496.00|-1.12|1.26|-1.12|280.32|276.84|283.50|276.84|5.78|279.97|7158618|1994327808.00|1|0.0000|0.0000|0.0000|0|279.97
钢研高纳|300034|-1.35|10120440|164519856.00|-1.16|1.28|-1.47|16.13|16.16|16.56|16.11|10.12|16.35|16467857|269846112.00|1|0.0000|0.0000|0.0000|0|16.35
中科电气|300035|-2.27|20663300|331496224.00|-1.90|0.61|-3.37|15.94|16.00|16.41|15.76|20.66|16.31|16780200|275009792.00|1|0.0000|0.0000|0.0000|0|16.31
超图软件|300036|0.00|8442862|133606288.00|-1.01|2.22|-1.27|15.77|15.61|16.12|15.57|8.44|15.77|7695293|122036744.00|1|0.0000|0.0000|0.0000|0|15.77
新宙邦|300037|-2.50|8870300|292433312.00|-1.40|-0.24|-3.36|32.80|33.17|33.56|32.51|8.87|33.64|6069103|203555584.00|1|0.0000|0.0000|0.0000|0|33.64
上海凯宝|300039|-0.15|41273469|276014560.00|-0.45|2.11|-0.75|6.64|6.62|6.79|6.60|41.27|6.65|48895056|326024992.00|1|0.0000|0.0000|0.0000|0|6.65
九洲集团|300040|0.30|40620530|273317568.00|-1.20|1.80|-1.80|6.70|6.60|6.80|6.56|40.62|6.68|41833489|280424096.00|1|0.0000|0.0000|0.0000|0|6.68
回天新材|300041|-1.09|22872150|206697888.00|-1.31|1.09|-3.06|9.04|9.02|9.24|8.86|22.87|9.14|25152168|233681328.00|1|0.0000|0.0000|0.0000|0|9.14
朗科科技|300042|1.25|22945200|628891520.00|-1.43|4.89|-2.20|27.56|26.83|28.55|26.62|22.95|27.22|25121281|676504768.00|1|0.0000|0.0000|0.0000|0|27.22
星辉娱乐|300043|-0.80|23487620|87309032.00|-1.34|0.80|-1.88|3.70|3.68|3.76|3.66|23.49|3.73|23289920|86809328.00|1|0.0000|0.0000|0.0000|0|3.73
ST赛为|300044|0.00|56603867|374100096.00|-2.76|3.22|-3.22|6.52|6.34|6.73|6.31|56.60|6.52|56109993|363745216.00|1|0.0000|0.0000|0.0000|0|6.52
华力创通|300045|-1.67|7975081|150944000.00|-1.36|0.68|-2.51|18.82|18.88|19.27|18.66|7.98|19.14|8503787|164012704.00|1|0.0000|0.0000|0.0000|0|19.14
台基股份|300046|-0.99|5852747|176277120.00|-1.02|1.09|-2.18|29.97|29.96|30.60|29.61|5.85|30.27|4435243|134340016.00|1|0.0000|0.0000|0.0000|0|30.27
天源迪科|300047|-1.24|19466501|249715920.00|-1.93|1.01|-2.17|12.77|12.68|13.06|12.65|19.47|12.93|17646200|228891488.00|1|0.0000|0.0000|0.0000|0|12.93
合康新能|300048|-1.99|22084760|119882536.00|-1.81|0.00|-2.90|5.41|5.42|5.52|5.36|22.08|5.52|30631006|170170688.00|1|0.0000|0.0000|0.0000|0|5.52
福瑞医科|300049|-1.38|3158799|104340352.00|-1.11|1.14|-2.31|32.91|33.00|33.75|32.60|3.16|33.37|2831200|94607520.00|1|0.0000|0.0000|0.0000|0|33.37
世纪鼎利|300050|-1.49|8374669|44521448.00|-1.49|0.37|-2.23|5.29|5.29|5.39|5.25|8.37|5.37|11083700|59572136.00|1|0.0000|0.0000|0.0000|0|5.37
琏升科技|300051|-0.64|6034853|37793672.00|-0.96|1.92|-1.12|6.22|6.20|6.38|6.19|6.03|6.26|3802359|23935438.00|1|0.0000|0.0000|0.0000|0|6.26
ST中青宝|300052|-2.10|10571600|114449056.00|-1.28|0.91|-2.65|10.71|10.80|11.04|10.65|10.57|10.94|11089502|122237792.00|1|0.0000|0.0000|0.0000|0|10.94
航宇微|300053|-0.85|8199000|104930336.00|-1.55|0.85|-1.86|12.76|12.67|12.98|12.63|8.20|12.87|8734600|113087472.00|1|0.0000|0.0000|0.0000|0|12.87
鼎龙股份|300054|-1.79|15150048|427340992.00|-1.23|1.02|-2.49|27.95|28.11|28.75|27.75|15.15|28.46|21136880|602481664.00|1|0.0000|0.0000|0.0000|0|28.46
万邦达|300055|1.16|7534304|39517096.00|-0.58|2.70|-1.16|5.24|5.15|5.32|5.12|7.53|5.18|7819488|40838248.00|1|0.0000|0.0000|0.0000|0|5.18
中创环保|300056|0.80|6324347|87139672.00|-0.94|1.82|-1.89|13.87|13.63|14.01|13.50|6.32|13.76|7449600|104329208.00|1|0.0000|0.0000|0.0000|0|13.76
万顺新材|300057|0.00|11690405|57575168.00|-1.01|1.42|-1.42|4.93|4.88|5.00|4.86|11.69|4.93|8495700|42113240.00|1|0.0000|0.0000|0.0000|0|4.93
蓝色光标|300058|-1.30|69616767|635505984.00|-2.06|0.54|-2.06|9.09|9.02|9.26|9.02|69.62|9.21|66889499|618292864.00|1|0.0000|0.0000|0.0000|0|9.21
东方财富|300059|0.04|194445587|4368318464.00|-1.11|0.94|-1.20|22.45|22.19|22.65|22.17|194.45|22.44|223695421|5025251840.00|1|0.0000|0.0000|0.0000|0|22.44
旗天科技|300061|-0.17|15802990|191921024.00|-0.91|1.90|-1.24|12.09|12.00|12.34|11.96|15.80|12.11|12057360|145070544.00|1|0.0000|0.0000|0.0000|0|12.11
中能电气|300062|0.37|7221280|38601432.00|0.00|1.12|-1.31|5.37|5.35|5.41|5.28|7.22|5.35|7033580|38044836.00|1|0.0000|0.0000|0.0000|0|5.35
天龙集团|300063|-2.52|28754600|269006368.00|-1.26|0.21|-2.94|9.27|9.39|9.53|9.23|28.75|9.51|40910200|387368256.00|1|0.0000|0.0000|0.0000|0|9.51
海兰信|300065|-4.30|88361205|1296261248.00|-1.92|0.33|-4.83|14.45|14.81|15.15|14.37|88.36|15.10|89959296|1377910784.00|1|0.0000|0.0000|0.0000|0|15.10
三川智慧|300066|-0.48|9620000|40107196.00|0.00|0.72|-1.20|4.16|4.18|4.21|4.13|9.62|4.18|6706700|28143772.00|1|0.0000|0.0000|0.0000|0|4.18
安诺其|300067|4.84|126845253|739218688.00|1.25|6.63|1.25|5.85|5.65|5.95|5.65|126.85|5.58|66977183|376327296.00|1|0.0000|0.0000|0.0000|0|5.58
南都电源|300068|-1.48|25996207|432341440.00|-2.32|0.36|-2.43|16.59|16.45|16.90|16.43|26.00|16.84|21128407|357197536.00|1|0.0000|0.0000|0.0000|0|16.84
金利华电|300069|8.48|7691272|134813504.00|-1.03|14.18|-1.70|17.90|16.33|18.84|16.22|7.69|16.50|1433200|23800016.00|1|0.0000|0.0000|0.0000|0|16.50
碧水源|300070|0.85|23949917|113035296.00|-0.64|1.49|-1.28|4.73|4.66|4.76|4.63|23.95|4.69|18642594|87841328.00|1|0.0000|0.0000|0.0000|0|4.69
福石控股|300071|-0.39|23615100|121844088.00|-1.74|0.77|-1.93|5.15|5.08|5.21|5.07|23.62|5.17|26680260|138960672.00|1|0.0000|0.0000|0.0000|0|5.17
海新能科|300072|0.64|11883212|37399812.00|-1.27|1.59|-1.59|3.16|3.10|3.19|3.09|11.88|3.14|13277340|41957344.00|1|0.0000|0.0000|0.0000|0|3.14
当升科技|300073|-1.87|8145610|331663936.00|-1.04|0.51|-2.48|40.43|40.77|41.41|40.18|8.15|41.20|8809700|365729920.00|1|0.0000|0.0000|0.0000|0|41.20
华平股份|300074|-0.66|11539600|52123880.00|-0.88|1.32|-1.55|4.50|4.49|4.59|4.46|11.54|4.53|9590900|43691448.00|1|0.0000|0.0000|0.0000|0|4.53
数字政通|300075|-1.09|12428598|216757840.00|-1.20|1.89|-1.66|17.25|17.23|17.77|17.15|12.43|17.44|9923670|173599520.00|1|0.0000|0.0000|0.0000|0|17.44
GQY视讯|300076|3.40|24264916|183355648.00|-1.22|5.98|-1.22|7.61|7.27|7.80|7.27|24.26|7.36|15151300|112107432.00|1|0.0000|0.0000|0.0000|0|7.36
国民技术|300077|-1.23|14190701|333112128.00|-1.95|1.02|-2.37|23.35|23.18|23.88|23.08|14.19|23.64|11528799|272860064.00|1|0.0000|0.0000|0.0000|0|23.64
思创医惠|300078|-0.86|27657300|95647504.00|-0.86|1.73|-1.73|3.44|3.44|3.53|3.41|27.66|3.47|34846720|121843816.00|1|0.0000|0.0000|0.0000|0|3.47
数码视讯|300079|-0.37|16584375|89441888.00|-0.93|1.11|-1.30|5.38|5.35|5.46|5.33|16.58|5.40|13653186|73800368.00|1|0.0000|0.0000|0.0000|0|5.40
易成新能|300080|-0.26|9226200|35035320.00|-1.05|1.32|-1.32|3.79|3.76|3.85|3.75|9.23|3.80|8415880|32110130.00|1|0.0000|0.0000|0.0000|0|3.80
恒信东方|300081|-1.45|15969944|108674016.00|-1.02|0.73|-2.33|6.78|6.81|6.93|6.72|15.97|6.88|14861400|103037920.00|1|0.0000|0.0000|0.0000|0|6.88
奥克股份|300082|0.16|8165762|51043884.00|-0.32|1.12|-1.91|6.28|6.25|6.34|6.15|8.17|6.27|8511439|53881904.00|1|0.0000|0.0000|0.0000|0|6.27
创世纪|300083|-2.21|77383500|688189952.00|-1.88|0.78|-3.32|8.83|8.86|9.10|8.73|77.38|9.03|103198577|939132608.00|1|0.0000|0.0000|0.0000|0|9.03
海默科技|300084|-5.50|54862765|391283072.00|-3.09|-1.07|-6.44|7.04|7.22|7.37|6.97|54.86|7.45|62385917|473182336.00|1|0.0000|0.0000|0.0000|0|7.45
银之杰|300085|0.11|25050700|880622208.00|-2.21|3.08|-2.21|34.83|34.02|35.86|34.02|25.05|34.79|22182287|770220928.00|1|0.0000|0.0000|0.0000|0|34.79
康芝药业|300086|0.78|16473705|85121912.00|-0.39|2.34|-1.37|5.16|5.10|5.24|5.05|16.47|5.12|16042700|82084992.00|1|0.0000|0.0000|0.0000|0|5.12
荃银高科|300087|3.17|30222615|292550528.00|2.12|4.02|0.53|9.75|9.65|9.83|9.50|30.22|9.45|14018458|131948648.00|1|0.0000|0.0000|0.0000|0|9.45
长信科技|300088|-1.62|35090817|213713456.00|-0.97|0.49|-2.44|6.06|6.10|6.19|6.01|35.09|6.16|23004773|141985216.00|1|0.0000|0.0000|0.0000|0|6.16
金通灵|300091|-1.49|93055453|238547744.00|-2.24|0.00|-8.96|2.64|2.62|2.68|2.44|93.06|2.68|66123888|175754480.00|1|0.0000|0.0000|0.0000|0|2.68
科新机电|300092|1.48|23910550|316815616.00|-1.32|5.92|-1.87|13.03|12.67|13.60|12.60|23.91|12.84|12731250|164418736.00|1|0.0000|0.0000|0.0000|0|12.84
*ST金刚|300093|-2.04|10366600|99498248.00|-2.04|1.12|-3.27|9.58|9.58|9.89|9.46|10.37|9.78|9723500|96033568.00|1|0.0000|0.0000|0.0000|0|9.78
国联水产|300094|2.01|38147200|135471744.00|-1.43|3.15|-1.43|3.56|3.44|3.60|3.44|38.15|3.49|23511110|82824880.00|1|0.0000|0.0000|0.0000|0|3.49
华伍股份|300095|-1.44|11904954|81682544.00|-1.44|1.88|-3.17|6.83|6.83|7.06|6.71|11.90|6.93|11504400|80071264.00|1|0.0000|0.0000|0.0000|0|6.93
ST易联众|300096|-3.79|17685600|77147600.00|-1.56|0.89|-4.91|4.31|4.41|4.52|4.26|17.69|4.48|20259900|88969000.00|1|0.0000|0.0000|0.0000|0|4.48
ST智云|300097|-0.21|6080000|28281626.00|-1.29|0.86|-1.72|4.65|4.60|4.70|4.58|6.08|4.66|4656200|21643664.00|1|0.0000|0.0000|0.0000|0|4.66
高新兴|300098|-0.77|25285831|131333000.00|-1.15|0.77|-1.92|5.18|5.16|5.26|5.12|25.29|5.22|21993900|115547480.00|1|0.0000|0.0000|0.0000|0|5.22
尤洛卡|300099|0.30|10768150|72016848.00|-1.05|0.75|-1.49|6.71|6.62|6.74|6.59|10.77|6.69|9902408|66160084.00|1|0.0000|0.0000|0.0000|0|6.69
双林股份|300100|-5.02|38271112|2455313152.00|-1.91|0.76|-5.03|62.50|64.54|66.30|62.49|38.27|65.80|55241340|3621842432.00|1|0.0000|0.0000|0.0000|0|65.80
振芯科技|300101|-0.72|8365264|151346864.00|-0.83|1.21|-1.49|18.01|17.99|18.36|17.87|8.37|18.14|7923383|143897824.00|1|0.0000|0.0000|0.0000|0|18.14
乾照光电|300102|-0.61|18782002|216010672.00|-0.95|1.12|-1.73|11.49|11.45|11.69|11.36|18.78|11.56|20793100|240772096.00|1|0.0000|0.0000|0.0000|0|11.56
达刚控股|300103|0.00|2888950|17347430.00|-0.99|0.33|-1.66|6.04|5.98|6.06|5.94|2.89|6.04|3323450|20209524.00|1|0.0000|0.0000|0.0000|0|6.04
龙源技术|300105|0.14|9334200|65796964.00|-1.27|0.99|-1.84|7.07|6.97|7.13|6.93|9.33|7.06|8103349|57284380.00|1|0.0000|0.0000|0.0000|0|7.06
西部牧业|300106|3.22|18386004|175520224.00|-0.43|3.86|-1.07|9.62|9.28|9.68|9.22|18.39|9.32|9970600|93501624.00|1|0.0000|0.0000|0.0000|0|9.32
建新股份|300107|-0.70|4579100|38904564.00|-1.29|0.47|-1.87|8.50|8.45|8.60|8.40|4.58|8.56|4821111|41417932.00|1|0.0000|0.0000|0.0000|0|8.56
新开源|300109|-2.36|13326900|222837360.00|-1.71|1.30|-3.48|16.57|16.68|17.19|16.38|13.33|16.97|14625025|249601008.00|1|0.0000|0.0000|0.0000|0|16.97
华仁药业|300110|2.20|27040980|87589904.00|-0.63|2.83|-0.63|3.25|3.16|3.27|3.16|27.04|3.18|15528200|49494556.00|1|0.0000|0.0000|0.0000|0|3.18
向日葵|300111|0.33|15931494|48448328.00|-0.66|1.98|-0.99|3.04|3.01|3.09|3.00|15.93|3.03|14009800|42440088.00|1|0.0000|0.0000|0.0000|0|3.03
万讯自控|300112|-1.59|5203101|45239600.00|-1.02|1.02|-3.07|8.66|8.71|8.89|8.53|5.20|8.80|4209999|37238364.00|1|0.0000|0.0000|0.0000|0|8.80
顺网科技|300113|-1.33|15948918|308705472.00|-1.53|0.46|-2.15|19.29|19.25|19.64|19.13|15.95|19.55|14746741|289642656.00|1|0.0000|0.0000|0.0000|0|19.55
长盈精密|300115|-6.80|104241799|2486187776.00|-2.80|-1.28|-6.96|23.31|24.31|24.69|23.27|104.24|25.01|57090516|1426650624.00|1|0.0000|0.0000|0.0000|0|25.01
东方日升|300118|-1.52|11586363|120961312.00|-1.42|0.66|-1.80|10.38|10.39|10.61|10.35|11.59|10.54|9749500|103612800.00|1|0.0000|0.0000|0.0000|0|10.54
瑞普生物|300119|5.86|25396896|472747616.00|-1.12|7.59|-1.12|18.97|17.72|19.28|17.72|25.40|17.92|4268200|77000400.00|1|0.0000|0.0000|0.0000|0|17.92
经纬辉开|300120|-0.35|7986100|68415664.00|-1.74|0.93|-2.09|8.57|8.45|8.68|8.42|7.99|8.60|6652800|57389572.00|1|0.0000|0.0000|0.0000|0|8.60
阳谷华泰|300121|-1.61|7741795|89661416.00|-2.37|-0.34|-3.14|11.60|11.51|11.75|11.42|7.74|11.79|7368756|87393120.00|1|0.0000|0.0000|0.0000|0|11.79
智飞生物|300122|0.36|20158151|509260352.00|-0.88|1.71|-1.04|25.21|24.90|25.55|24.86|20.16|25.12|20138119|508145696.00|1|0.0000|0.0000|0.0000|0|25.12
亚光科技|300123|-1.69|18036200|105491480.00|-1.53|1.02|-2.20|5.80|5.81|5.96|5.77|18.04|5.90|21320680|126434416.00|1|0.0000|0.0000|0.0000|0|5.90
汇川技术|300124|1.62|30920122|2159072000.00|0.86|3.19|0.00|69.80|69.28|70.88|68.69|30.92|68.69|14760583|1005886336.00|1|0.0000|0.0000|0.0000|0|68.69
*ST聆达|300125|-8.63|26272738|223469056.00|0.79|2.16|-9.65|8.05|8.88|9.00|7.96|26.27|8.81|22686988|200859984.00|1|0.0000|0.0000|0.0000|0|8.81
锐奇股份|300126|-0.90|6053500|39757216.00|0.00|1.20|-3.31|6.59|6.65|6.73|6.43|6.05|6.65|5071000|33914896.00|1|0.0000|0.0000|0.0000|0|6.65
银河磁体|300127|2.98|18041660|445031840.00|4.70|6.83|0.96|24.56|24.97|25.48|24.08|18.04|23.85|5554100|133280776.00|1|0.0000|0.0000|0.0000|0|23.85
锦富技术|300128|-1.72|35752873|202649648.00|-1.72|0.69|-5.34|5.71|5.71|5.85|5.50|35.75|5.81|28660000|167893888.00|1|0.0000|0.0000|0.0000|0|5.81
泰胜风能|300129|-2.34|16423100|117276984.00|-1.10|0.00|-2.75|7.09|7.18|7.26|7.06|16.42|7.26|12323400|89760568.00|1|0.0000|0.0000|0.0000|0|7.26
新国都|300130|-1.05|14929487|310538784.00|-1.43|0.62|-2.43|20.78|20.70|21.13|20.49|14.93|21.00|26975374|568328384.00|1|0.0000|0.0000|0.0000|0|21.00
英唐智控|300131|-1.65|18340213|143517296.00|-1.27|0.25|-1.77|7.77|7.80|7.92|7.76|18.34|7.90|17749737|141235024.00|1|0.0000|0.0000|0.0000|0|7.90
青松股份|300132|-0.18|9884900|54580020.00|0.00|2.00|-1.09|5.49|5.50|5.61|5.44|9.88|5.50|13072800|72276552.00|1|0.0000|0.0000|0.0000|0|5.50
华策影视|300133|-1.21|48277000|356128416.00|-2.29|0.67|-2.29|7.34|7.26|7.48|7.26|48.28|7.43|48598360|362677408.00|1|0.0000|0.0000|0.0000|0|7.43
大富科技|300134|-2.18|13926500|163854016.00|-1.01|0.84|-2.93|11.67|11.81|12.03|11.58|13.93|11.93|16806700|202235424.00|1|0.0000|0.0000|0.0000|0|11.93
宝利国际|300135|0.25|9899400|39700212.00|-0.75|1.00|-1.00|4.02|3.98|4.05|3.97|9.90|4.01|9829700|39587944.00|1|0.0000|0.0000|0.0000|0|4.01
信维通信|300136|-3.94|23859325|557462528.00|-1.01|0.63|-4.03|22.91|23.61|24.00|22.89|23.86|23.85|17076261|408407264.00|1|0.0000|0.0000|0.0000|0|23.85
先河环保|300137|0.16|1909100|12225228.00|0.16|0.31|-0.78|6.42|6.42|6.43|6.36|1.91|6.41|2035340|13086278.00|1|0.0000|0.0000|0.0000|0|6.41
晨光生物|300138|1.02|14801296|147998048.00|-1.43|4.28|-1.83|9.92|9.68|10.24|9.64|14.80|9.82|14821022|146374528.00|1|0.0000|0.0000|0.0000|0|9.82
晓程科技|300139|5.02|59462252|1073689664.00|3.18|6.81|1.56|18.19|17.87|18.50|17.59|59.46|17.32|38583334|681876416.00|1|0.0000|0.0000|0.0000|0|17.32
节能环境|300140|0.51|7137931|41923740.00|-0.68|1.71|-0.68|5.87|5.80|5.94|5.80|7.14|5.84|7206013|42448108.00|1|0.0000|0.0000|0.0000|0|5.84
和顺电气|300141|0.35|3537200|30473156.00|-0.58|0.81|-1.51|8.66|8.58|8.70|8.50|3.54|8.63|3424600|29726996.00|1|0.0000|0.0000|0.0000|0|8.63
沃森生物|300142|0.43|22435514|260854032.00|-0.78|2.25|-1.13|11.59|11.45|11.80|11.41|22.44|11.54|20668640|239336048.00|1|0.0000|0.0000|0.0000|0|11.54
盈康生命|300143|-1.45|7301600|75218504.00|-0.77|1.64|-2.03|10.21|10.28|10.53|10.15|7.30|10.36|10322990|107600184.00|1|0.0000|0.0000|0.0000|0|10.36
宋城演艺|300144|1.39|50527915|479970880.00|-0.75|2.77|-1.28|9.50|9.30|9.63|9.25|50.53|9.37|27008133|253019536.00|1|0.0000|0.0000|0.0000|0|9.37
南方泵业|300145|-3.32|48299900|185357888.00|-1.02|0.00|-3.57|3.79|3.88|3.92|3.78|48.30|3.92|34202100|134450288.00|1|0.0000|0.0000|0.0000|0|3.92
汤臣倍健|300146|0.00|7745400|90759800.00|-0.43|0.85|-0.68|11.70|11.65|11.80|11.62|7.75|11.70|5965900|69910752.00|1|0.0000|0.0000|0.0000|0|11.70
ST香雪|300147|3.08|24702844|147677760.00|-0.68|4.28|-0.68|6.02|5.80|6.09|5.80|24.70|5.84|24045139|141866800.00|1|0.0000|0.0000|0.0000|0|5.84
天舟文化|300148|0.23|34431016|152696304.00|-1.36|1.81|-2.04|4.43|4.36|4.50|4.33|34.43|4.42|33117569|147228576.00|1|0.0000|0.0000|0.0000|0|4.42
睿智医药|300149|1.05|26979480|184276752.00|0.75|4.64|-0.15|6.75|6.73|6.99|6.67|26.98|6.68|33458440|225860544.00|1|0.0000|0.0000|0.0000|0|6.68
世纪瑞尔|300150|-0.21|7513200|34873952.00|-0.64|0.64|-1.50|4.65|4.63|4.69|4.59|7.51|4.66|6663500|31143656.00|1|0.0000|0.0000|0.0000|0|4.66
昌红科技|300151|-1.98|5167044|77533496.00|-0.86|0.99|-2.31|14.88|15.05|15.33|14.83|5.17|15.18|4560800|69661368.00|1|0.0000|0.0000|0.0000|0|15.18
ST新动力|300152|-0.26|17183494|66552488.00|-0.77|1.03|-1.80|3.88|3.86|3.93|3.82|17.18|3.89|16584900|64849688.00|1|0.0000|0.0000|0.0000|0|3.89
科泰电源|300153|-4.73|41512303|1573469056.00|-1.53|1.59|-7.39|37.25|38.50|39.72|36.21|41.51|39.10|35922000|1420778752.00|1|0.0000|0.0000|0.0000|0|39.10
瑞凌股份|300154|-4.40|12704900|135404048.00|-1.56|0.64|-4.76|10.44|10.75|10.99|10.40|12.70|10.92|8737670|95095264.00|1|0.0000|0.0000|0.0000|0|10.92
安居宝|300155|0.44|5810657|26385086.00|-1.32|1.55|-1.32|4.55|4.47|4.60|4.47|5.81|4.53|4780283|21722292.00|1|0.0000|0.0000|0.0000|0|4.53
新锦动力|300157|-0.98|23178148|70128280.00|1.31|1.31|-2.62|3.02|3.09|3.09|2.97|23.18|3.05|22099800|67985128.00|1|0.0000|0.0000|0.0000|0|3.05
振东制药|300158|2.20|31986654|133270992.00|-0.98|2.68|-1.22|4.19|4.06|4.21|4.05|31.99|4.10|20868458|85936192.00|1|0.0000|0.0000|0.0000|0|4.10
*ST新研|300159|0.57|40861504|71922208.00|-1.14|1.70|-1.14|1.77|1.74|1.79|1.74|40.86|1.76|81957100|145605040.00|1|0.0000|0.0000|0.0000|0|1.76
秀强股份|300160|0.36|9886561|54534352.00|-0.54|1.27|-0.91|5.53|5.48|5.58|5.46|9.89|5.51|10135503|56112928.00|1|0.0000|0.0000|0.0000|0|5.51
华中数控|300161|-3.40|4402420|129612848.00|-1.67|0.87|-3.70|28.98|29.50|30.26|28.89|4.40|30.00|4333600|131429904.00|1|0.0000|0.0000|0.0000|0|30.00
雷曼光电|300162|-0.15|6217000|42734824.00|-1.31|1.02|-2.03|6.88|6.80|6.96|6.75|6.22|6.89|6799500|47237720.00|1|0.0000|0.0000|0.0000|0|6.89
先锋新材|300163|-0.64|10684200|33502040.00|-1.27|2.23|-1.59|3.12|3.10|3.21|3.09|10.68|3.14|12719700|38953064.00|1|0.0000|0.0000|0.0000|0|3.14
通源石油|300164|-0.91|53904000|233090736.00|-2.05|-0.23|-2.51|4.34|4.29|4.37|4.27|53.90|4.38|81326856|358553504.00|1|0.0000|0.0000|0.0000|0|4.38
ST天瑞|300165|1.57|9101700|29345360.00|-0.63|2.51|-0.94|3.24|3.17|3.27|3.16|9.10|3.19|8506820|26993664.00|1|0.0000|0.0000|0.0000|0|3.19
东方国信|300166|-1.57|27026978|291345536.00|-1.10|1.38|-2.39|10.69|10.74|11.01|10.60|27.03|10.86|23460458|256280912.00|1|0.0000|0.0000|0.0000|0|10.86
ST迪威迅|300167|-1.04|14528442|54907068.00|-0.52|0.52|-4.16|3.81|3.83|3.87|3.69|14.53|3.85|22025500|84519680.00|1|0.0000|0.0000|0.0000|0|3.85
万达信息|300168|-0.49|14551398|118467920.00|-0.98|1.23|-1.60|8.11|8.07|8.25|8.02|14.55|8.15|13893603|113282872.00|1|0.0000|0.0000|0.0000|0|8.15
天晟新材|300169|-0.89|7292500|48728276.00|-1.34|1.04|-2.23|6.67|6.64|6.80|6.58|7.29|6.73|6996600|47126784.00|1|0.0000|0.0000|0.0000|0|6.73
汉得信息|300170|-2.28|49770600|924737984.00|-1.96|1.11|-2.76|18.41|18.47|19.05|18.32|49.77|18.84|52311002|992763328.00|1|0.0000|0.0000|0.0000|0|18.84
东富龙|300171|-0.22|6509000|87344104.00|-1.27|1.94|-1.27|13.34|13.20|13.63|13.20|6.51|13.37|5829236|77781216.00|1|0.0000|0.0000|0.0000|0|13.37
中电环保|300172|0.39|14269830|73070760.00|-0.20|0.98|-0.78|5.13|5.10|5.16|5.07|14.27|5.11|18224250|93759984.00|1|0.0000|0.0000|0.0000|0|5.11
ST福能|300173|-1.02|16279511|95025472.00|-1.69|0.68|-2.37|5.84|5.80|5.94|5.76|16.28|5.90|18773100|111753728.00|1|0.0000|0.0000|0.0000|0|5.90
元力股份|300174|-1.52|4729287|73899408.00|-1.14|0.06|-2.28|15.58|15.64|15.83|15.46|4.73|15.82|2800800|44347836.00|1|0.0000|0.0000|0.0000|0|15.82
ST朗源|300175|0.86|8982000|41830020.00|-1.29|1.51|-1.29|4.69|4.59|4.72|4.59|8.98|4.65|12902302|60490912.00|1|0.0000|0.0000|0.0000|0|4.65
鸿特科技|300176|-1.28|8451261|58552760.00|-0.85|0.57|-3.13|6.93|6.96|7.06|6.80|8.45|7.02|6452100|45591760.00|1|0.0000|0.0000|0.0000|0|7.02
中海达|300177|-1.63|18654944|192323568.00|-1.44|0.77|-2.40|10.24|10.26|10.49|10.16|18.65|10.41|16078050|168687600.00|1|0.0000|0.0000|0.0000|0|10.41
四方达|300179|-1.99|19212342|180011712.00|-1.05|0.10|-3.36|9.34|9.43|9.54|9.21|19.21|9.53|17165700|164135424.00|1|0.0000|0.0000|0.0000|0|9.53
华峰超纤|300180|2.86|131412155|890493888.00|-1.96|7.68|-2.11|6.83|6.51|7.15|6.50|131.41|6.64|60072718|401670144.00|1|0.0000|0.0000|0.0000|0|6.64
佐力药业|300181|0.85|18664813|310362464.00|-0.61|1.88|-0.61|16.65|16.41|16.82|16.41|18.66|16.51|17574031|292065472.00|1|0.0000|0.0000|0.0000|0|16.51
捷成股份|300182|-0.88|39028055|220780768.00|-1.58|0.53|-1.76|5.64|5.60|5.72|5.59|39.03|5.69|39862798|227331072.00|1|0.0000|0.0000|0.0000|0|5.69
东软载波|300183|-2.21|10578134|194200032.00|-1.40|0.86|-2.80|18.16|18.31|18.73|18.05|10.58|18.57|13120060|244284384.00|1|0.0000|0.0000|0.0000|0|18.57
力源信息|300184|0.10|29603380|291454528.00|-1.22|1.32|-1.63|9.84|9.71|9.96|9.67|29.60|9.83|24216008|238894720.00|1|0.0000|0.0000|0.0000|0|9.83
通裕重工|300185|0.00|65117553|165212336.00|-0.79|1.58|-1.19|2.53|2.51|2.57|2.50|65.12|2.53|57542403|146569232.00|1|0.0000|0.0000|0.0000|0|2.53
永清环保|300187|0.58|5460700|28261804.00|-0.77|0.97|-1.16|5.20|5.13|5.22|5.11|5.46|5.17|4634000|24026616.00|1|0.0000|0.0000|0.0000|0|5.17
国投智能|300188|-1.34|7969339|112305888.00|-1.13|0.56|-1.48|13.99|14.02|14.26|13.97|7.97|14.18|5870399|83223240.00|1|0.0000|0.0000|0.0000|0|14.18
神农种业|300189|4.97|86735100|309677440.00|2.05|6.43|2.05|3.59|3.49|3.64|3.49|86.74|3.42|26225043|90197592.00|1|0.0000|0.0000|0.0000|0|3.42
维尔利|300190|0.94|6079360|19442148.00|-0.94|1.57|-0.94|3.21|3.15|3.23|3.15|6.08|3.18|6546300|20853030.00|1|0.0000|0.0000|0.0000|0|3.18
潜能恒信|300191|-1.17|4938601|83561440.00|-1.46|-0.23|-1.99|16.91|16.86|17.07|16.77|4.94|17.11|9444251|163527584.00|1|0.0000|0.0000|0.0000|0|17.11
科德教育|300192|-1.10|8480500|137682864.00|-1.77|0.49|-2.56|16.21|16.10|16.47|15.97|8.48|16.39|9598758|158334400.00|1|0.0000|0.0000|0.0000|0|16.39
佳士科技|300193|-1.35|55098840|613036672.00|0.00|2.06|-2.33|10.99|11.14|11.37|10.88|55.10|11.14|63613226|704866304.00|1|0.0000|0.0000|0.0000|0|11.14
福安药业|300194|1.53|54257425|251405408.00|-0.66|2.84|-0.88|4.64|4.54|4.70|4.53|54.26|4.57|33464602|153064480.00|1|0.0000|0.0000|0.0000|0|4.57
长荣股份|300195|-1.23|10404000|67150416.00|-1.69|1.39|-2.47|6.41|6.38|6.58|6.33|10.40|6.49|10658100|69344528.00|1|0.0000|0.0000|0.0000|0|6.49
长海股份|300196|-0.18|1586800|17821304.00|-0.27|0.62|-1.51|11.25|11.24|11.34|11.10|1.59|11.27|1727500|19554456.00|1|0.0000|0.0000|0.0000|0|11.27
节能铁汉|300197|-0.49|20907140|42670004.00|-0.98|0.98|-1.46|2.04|2.03|2.07|2.02|20.91|2.05|26351573|53871384.00|1|0.0000|0.0000|0.0000|0|2.05
ST纳川|300198|-2.17|90440700|245402432.00|-3.99|2.54|-5.43|2.70|2.65|2.83|2.61|90.44|2.76|106898950|303433056.00|1|0.0000|0.0000|0.0000|0|2.76
翰宇药业|300199|1.36|80145100|1256131328.00|-1.30|5.13|-1.30|15.60|15.19|16.18|15.19|80.15|15.39|74594341|1155670400.00|1|0.0000|0.0000|0.0000|0|15.39
高盟新材|300200|-2.52|47982518|492697696.00|-3.20|3.98|-3.88|10.05|9.98|10.72|9.91|47.98|10.31|51422060|519595456.00|1|0.0000|0.0000|0.0000|0|10.31
海伦哲|300201|0.55|19470691|106513800.00|-1.09|0.91|-1.82|5.52|5.43|5.54|5.39|19.47|5.49|15931300|87885976.00|1|0.0000|0.0000|0.0000|0|5.49
聚光科技|300203|2.13|12872411|220967344.00|-0.18|3.37|-1.54|17.29|16.90|17.50|16.67|12.87|16.93|4611900|78160512.00|1|0.0000|0.0000|0.0000|0|16.93
舒泰神|300204|1.07|8139758|61856680.00|-1.07|4.02|-1.21|7.54|7.38|7.76|7.37|8.14|7.46|6386800|47994480.00|1|0.0000|0.0000|0.0000|0|7.46
*ST天喻|300205|-0.71|3823200|15929883.00|-1.19|0.00|-1.90|4.17|4.15|4.20|4.12|3.82|4.20|3365300|14117805.00|1|0.0000|0.0000|0.0000|0|4.20
理邦仪器|300206|-2.39|5805600|71659216.00|-1.59|0.56|-3.19|12.25|12.35|12.62|12.15|5.81|12.55|5994600|75005624.00|1|0.0000|0.0000|0.0000|0|12.55
欣旺达|300207|-5.22|43038977|912072320.00|-0.95|-0.45|-5.99|20.88|21.82|21.93|20.71|43.04|22.03|11897351|261873008.00|1|0.0000|0.0000|0.0000|0|22.03
有棵树|300209|1.23|4584049|22513770.00|-1.02|1.84|-1.02|4.94|4.83|4.97|4.83|4.58|4.88|6283500|30761896.00|1|0.0000|0.0000|0.0000|0|4.88
森远股份|300210|-1.81|7595179|79282528.00|-0.86|1.33|-2.10|10.30|10.40|10.63|10.27|7.60|10.49|12924420|138851152.00|1|0.0000|0.0000|0.0000|0|10.49
*ST亿通|300211|-2.63|10527282|105844640.00|-1.56|-0.10|-3.89|10.01|10.12|10.27|9.88|10.53|10.28|9802800|100824928.00|1|0.0000|0.0000|0.0000|0|10.28
易华录|300212|0.12|11864487|291507680.00|-1.52|2.59|-1.64|24.40|24.00|25.00|23.97|11.86|24.37|9205197|224841904.00|1|0.0000|0.0000|0.0000|0|24.37
佳讯飞鸿|300213|-1.50|20948826|179599456.00|-1.50|0.81|-2.77|8.53|8.53|8.73|8.42|20.95|8.66|16834300|146616512.00|1|0.0000|0.0000|0.0000|0|8.66
日科化学|300214|-0.77|7651300|49550240.00|-1.68|0.61|-2.45|6.48|6.42|6.57|6.37|7.65|6.53|5842500|38346840.00|1|0.0000|0.0000|0.0000|0|6.53
电科院|300215|0.62|14470000|94422456.00|-0.62|2.17|-1.39|6.50|6.42|6.60|6.37|14.47|6.46|14406800|93347416.00|1|0.0000|0.0000|0.0000|0|6.46
东方电热|300217|-1.59|21962135|109120864.00|-1.59|0.20|-2.19|4.95|4.95|5.04|4.92|21.96|5.03|17253000|87329584.00|1|0.0000|0.0000|0.0000|0|5.03
安利股份|300218|-3.07|5446925|87922056.00|-1.20|-0.72|-4.22|16.09|16.40|16.48|15.90|5.45|16.60|2498000|41419316.00|1|0.0000|0.0000|0.0000|0|16.60
鸿利智汇|300219|-0.72|11083904|75759512.00|-0.87|0.43|-2.32|6.85|6.84|6.93|6.74|11.08|6.90|17127000|120164112.00|1|0.0000|0.0000|0.0000|0|6.90
金运激光|300220|-1.44|3499220|52897580.00|-0.98|0.20|-2.29|15.08|15.15|15.33|14.95|3.50|15.30|3664520|56737400.00|1|0.0000|0.0000|0.0000|0|15.30
银禧科技|300221|-2.44|52670523|462007008.00|-2.99|-1.00|-4.66|8.80|8.75|8.93|8.60|52.67|9.02|99205801|889246016.00|1|0.0000|0.0000|0.0000|0|9.02
科大智能|300222|-3.45|19685365|200993664.00|-1.54|0.86|-3.55|10.06|10.26|10.51|10.05|19.69|10.42|14094300|147194352.00|1|0.0000|0.0000|0.0000|0|10.42
北京君正|300223|-0.81|8933008|631296960.00|-1.08|0.65|-2.21|70.60|70.41|71.64|69.61|8.93|71.18|5896436|420905792.00|1|0.0000|0.0000|0.0000|0|71.18
正海磁材|300224|2.11|37104546|503079552.00|-0.38|5.05|-0.38|13.55|13.22|13.94|13.22|37.10|13.27|18425768|246413776.00|1|0.0000|0.0000|0.0000|0|13.27
*ST金泰|300225|-0.27|16914900|124913992.00|-0.54|1.35|-1.76|7.37|7.35|7.49|7.26|16.91|7.39|25514418|192344992.00|1|0.0000|0.0000|0.0000|0|7.39
上海钢联|300226|-2.11|7692502|171384192.00|-1.10|-0.31|-2.82|22.22|22.45|22.63|22.06|7.69|22.70|5029476|114734640.00|1|0.0000|0.0000|0.0000|0|22.70
光韵达|300227|1.22|9951700|83440984.00|-0.97|5.10|-1.34|8.33|8.15|8.65|8.12|9.95|8.23|8154974|67273576.00|1|0.0000|0.0000|0.0000|0|8.23
富瑞特装|300228|-2.52|28448348|210460304.00|-1.59|0.40|-3.32|7.34|7.41|7.56|7.28|28.45|7.53|23382850|176615312.00|1|0.0000|0.0000|0.0000|0|7.53
拓尔思|300229|-1.76|16249535|337983712.00|-1.90|0.43|-2.66|20.69|20.66|21.15|20.50|16.25|21.06|13810500|291552736.00|1|0.0000|0.0000|0.0000|0|21.06
永利股份|300230|-3.16|78475960|413799616.00|-1.86|1.12|-4.28|5.21|5.28|5.44|5.15|78.48|5.38|106810488|585024576.00|1|0.0000|0.0000|0.0000|0|5.38
银信科技|300231|-0.36|7286130|81673016.00|-1.07|1.43|-1.61|11.17|11.09|11.37|11.03|7.29|11.21|7003909|79098448.00|1|0.0000|0.0000|0.0000|0|11.21
洲明科技|300232|-2.73|21372900|153183440.00|-2.05|-0.14|-3.41|7.13|7.18|7.32|7.08|21.37|7.33|27221800|199489584.00|1|0.0000|0.0000|0.0000|0|7.33
金城医药|300233|-3.94|87756802|1905917696.00|-5.46|6.51|-5.87|20.94|20.61|23.22|20.52|87.76|21.80|71236653|1493483520.00|1|0.0000|0.0000|0.0000|0|21.80
开尔新材|300234|0.41|4860100|23698062.00|-0.82|1.23|-1.23|4.89|4.83|4.93|4.81|4.86|4.87|4764600|23240544.00|1|0.0000|0.0000|0.0000|0|4.87
方直科技|300235|0.37|3486750|37484056.00|-1.02|0.93|-1.21|10.78|10.63|10.84|10.61|3.49|10.74|3131365|33818588.00|1|0.0000|0.0000|0.0000|0|10.74
上海新阳|300236|-0.92|3337600|119127256.00|-1.06|1.11|-2.23|35.57|35.52|36.30|35.10|3.34|35.90|2500986|90109064.00|1|0.0000|0.0000|0.0000|0|35.90
ST美晨|300237|-2.90|187026277|256238704.00|-1.45|3.62|-3.62|1.34|1.36|1.43|1.33|187.03|1.38|277128427|375107936.00|1|0.0000|0.0000|0.0000|0|1.38
冠昊生物|300238|0.55|33727444|500508960.00|0.14|4.25|-0.89|14.66|14.60|15.20|14.45|33.73|14.58|29724200|428316320.00|1|0.0000|0.0000|0.0000|0|14.58
东宝生物|300239|0.55|12176300|67106572.00|-1.28|2.38|-1.83|5.49|5.39|5.59|5.36|12.18|5.46|11355952|61847020.00|1|0.0000|0.0000|0.0000|0|5.46
飞力达|300240|20.00|75517467|544080000.00|-0.64|20.00|-0.96|7.50|6.21|7.50|6.19|75.52|6.25|5003800|31511306.00|1|0.0000|0.0000|0.0000|0|6.25
瑞丰光电|300241|-0.57|12489704|65354672.00|-0.95|0.95|-2.09|5.24|5.22|5.32|5.16|12.49|5.27|12543600|66485988.00|1|0.0000|0.0000|0.0000|0|5.27
佳云科技|300242|-1.62|13349900|56969424.00|-1.62|0.46|-2.31|4.25|4.25|4.34|4.22|13.35|4.32|12117200|52888620.00|1|0.0000|0.0000|0.0000|0|4.32
瑞丰高材|300243|-0.41|2859430|27809104.00|-0.51|0.71|-2.24|9.76|9.75|9.87|9.58|2.86|9.80|2274800|22327332.00|1|0.0000|0.0000|0.0000|0|9.80
迪安诊断|300244|-1.27|12055900|188936896.00|-1.21|1.08|-2.35|15.56|15.57|15.93|15.39|12.06|15.76|13872400|218713456.00|1|0.0000|0.0000|0.0000|0|15.76
天玑科技|300245|-2.82|16576250|288777024.00|-1.80|0.85|-3.61|17.23|17.41|17.88|17.09|16.58|17.73|13071000|233590016.00|1|0.0000|0.0000|0.0000|0|17.73
宝莱特|300246|-0.14|5539200|39633080.00|-0.84|1.54|-1.40|7.14|7.09|7.26|7.05|5.54|7.15|4496350|32154478.00|1|0.0000|0.0000|0.0000|0|7.15
融捷健康|300247|-0.52|19617900|74805248.00|-1.82|1.04|-2.08|3.82|3.77|3.88|3.76|19.62|3.84|28265600|108961080.00|1|0.0000|0.0000|0.0000|0|3.84
新开普|300248|-2.79|27814712|419732384.00|-2.59|-0.26|-4.08|15.00|15.03|15.39|14.80|27.81|15.43|32587325|506815360.00|1|0.0000|0.0000|0.0000|0|15.43
依米康|300249|-1.16|17605200|256070432.00|-1.71|1.85|-2.12|14.46|14.38|14.90|14.32|17.61|14.63|19545000|288244608.00|1|0.0000|0.0000|0.0000|0|14.63
初灵信息|300250|-1.28|4289200|66580528.00|-1.02|0.89|-2.23|15.46|15.50|15.80|15.31|4.29|15.66|4708400|73838928.00|1|0.0000|0.0000|0.0000|0|15.66
光线传媒|300251|0.19|71452676|1510960128.00|-0.66|1.32|-1.14|21.18|21.00|21.42|20.90|71.45|21.14|100972359|2162177536.00|1|0.0000|0.0000|0.0000|0|21.14
金信诺|300252|-3.05|26981509|286601408.00|-1.39|0.74|-3.70|10.48|10.66|10.89|10.41|26.98|10.81|30661226|337086368.00|1|0.0000|0.0000|0.0000|0|10.81
卫宁健康|300253|-2.68|46365346|494751104.00|-2.12|0.92|-2.95|10.54|10.60|10.93|10.51|46.37|10.83|38404498|415458112.00|1|0.0000|0.0000|0.0000|0|10.83
仟源医药|300254|1.32|19515632|194212608.00|-0.51|2.34|-0.81|9.98|9.80|10.08|9.77|19.52|9.85|22357623|220559776.00|1|0.0000|0.0000|0.0000|0|9.85
常山药业|300255|-0.76|10095780|197400640.00|-1.02|0.91|-1.88|19.55|19.50|19.88|19.33|10.10|19.70|11344900|224633088.00|1|0.0000|0.0000|0.0000|0|19.70
星星科技|300256|-1.96|48713454|221284048.00|-2.17|0.00|-2.17|4.51|4.50|4.60|4.50|48.71|4.60|74608453|340919168.00|1|0.0000|0.0000|0.0000|0|4.60
开山股份|300257|-0.43|5713700|52764184.00|-0.54|0.54|-1.51|9.25|9.24|9.34|9.15|5.71|9.29|4938600|46160264.00|1|0.0000|0.0000|0.0000|0|9.29
精锻科技|300258|-4.68|26185275|342136064.00|-2.83|1.04|-4.83|12.82|13.07|13.59|12.80|26.19|13.45|21006141|283861696.00|1|0.0000|0.0000|0.0000|0|13.45
新天科技|300259|-0.56|9820400|34657680.00|-0.56|0.85|-1.97|3.53|3.53|3.58|3.48|9.82|3.55|8891600|31594340.00|1|0.0000|0.0000|0.0000|0|3.55
新莱应材|300260|-6.94|67653809|2429102080.00|-3.85|1.42|-8.20|34.85|36.01|37.98|34.38|67.65|37.45|77964307|2997179136.00|1|0.0000|0.0000|0.0000|0|37.45
雅本化学|300261|-0.45|18334800|122349456.00|-0.90|1.80|-1.35|6.63|6.60|6.78|6.57|18.33|6.66|21007039|140811536.00|1|0.0000|0.0000|0.0000|0|6.66
隆华科技|300263|-0.93|24270070|183846112.00|-1.72|2.39|-2.25|7.47|7.41|7.72|7.37|24.27|7.54|22875357|174332624.00|1|0.0000|0.0000|0.0000|0|7.54
佳创视讯|300264|-0.38|7746000|40495680.00|-0.95|0.76|-1.72|5.22|5.19|5.28|5.15|7.75|5.24|8077680|42634048.00|1|0.0000|0.0000|0.0000|0|5.24
通光线缆|300265|-2.33|27409148|230783216.00|-2.21|0.93|-3.61|8.38|8.39|8.66|8.27|27.41|8.58|24793288|214656336.00|1|0.0000|0.0000|0.0000|0|8.58
兴源环境|300266|0.00|17725350|41873396.00|-0.43|1.70|-0.85|2.35|2.34|2.39|2.33|17.73|2.35|17261300|40725064.00|1|0.0000|0.0000|0.0000|0|2.35
尔康制药|300267|1.14|22044386|58596388.00|-0.76|2.28|-1.14|2.66|2.61|2.69|2.60|22.04|2.63|19003944|50192664.00|1|0.0000|0.0000|0.0000|0|2.63
*ST佳沃|300268|-0.83|2269406|21682678.00|-1.76|0.10|-3.62|9.60|9.51|9.69|9.33|2.27|9.68|5138296|48496452.00|1|0.0000|0.0000|0.0000|0|9.68
联建光电|300269|0.54|10145105|37316596.00|-0.82|1.36|-1.36|3.69|3.64|3.72|3.62|10.15|3.67|8989000|33291416.00|1|0.0000|0.0000|0.0000|0|3.67
中威电子|300270|-0.96|5024800|36510716.00|-0.41|1.09|-2.19|7.25|7.29|7.40|7.16|5.02|7.32|4899500|36202272.00|1|0.0000|0.0000|0.0000|0|7.32
华宇软件|300271|-0.39|9946100|75574208.00|-1.45|1.05|-1.58|7.58|7.50|7.69|7.49|9.95|7.61|7764452|59333204.00|1|0.0000|0.0000|0.0000|0|7.61
开能健康|300272|-1.38|15336082|98558496.00|-1.54|2.00|-3.08|6.41|6.40|6.63|6.30|15.34|6.50|14900329|96712368.00|1|0.0000|0.0000|0.0000|0|6.50
阳光电源|300274|-7.27|81835826|5557831680.00|-2.80|-2.77|-7.51|67.20|70.44|70.46|67.03|81.84|72.47|25461837|1843438464.00|1|0.0000|0.0000|0.0000|0|72.47
梅安森|300275|-2.54|7645880|109537080.00|-0.96|0.69|-3.29|14.20|14.43|14.67|14.09|7.65|14.57|4544183|66516456.00|1|0.0000|0.0000|0.0000|0|14.57
三丰智能|300276|-1.75|69353736|899732992.00|-2.21|1.75|-3.51|12.89|12.83|13.35|12.66|69.35|13.12|85728103|1136648832.00|1|0.0000|0.0000|0.0000|0|13.12
海联讯|300277|1.67|9585900|121890688.00|-1.67|2.63|-1.67|12.78|12.36|12.90|12.36|9.59|12.57|9376000|118281712.00|1|0.0000|0.0000|0.0000|0|12.57
华昌达|300278|0.65|23470029|144156656.00|-1.14|1.47|-2.28|6.17|6.06|6.22|5.99|23.47|6.13|25682900|158336208.00|1|0.0000|0.0000|0.0000|0|6.13
和晶科技|300279|-0.94|6459700|40848516.00|-1.25|0.63|-2.51|6.32|6.30|6.42|6.22|6.46|6.38|5844100|37366584.00|1|0.0000|0.0000|0.0000|0|6.38
金明精机|300281|13.92|99446488|710174528.00|0.32|20.06|0.32|7.04|6.20|7.42|6.20|99.45|6.18|36272703|223490448.00|1|0.0000|0.0000|0.0000|0|6.18
温州宏丰|300283|-0.17|9178100|53366836.00|-1.20|1.37|-1.89|5.81|5.75|5.90|5.71|9.18|5.82|10415295|61042844.00|1|0.0000|0.0000|0.0000|0|5.82
苏交科|300284|0.00|9185326|88875968.00|-1.03|0.93|-1.55|9.69|9.59|9.78|9.54|9.19|9.69|9298743|90455856.00|1|0.0000|0.0000|0.0000|0|9.69
国瓷材料|300285|-3.99|18609381|335719648.00|-0.86|-0.27|-4.53|17.81|18.39|18.50|17.71|18.61|18.55|6918124|128982784.00|1|0.0000|0.0000|0.0000|0|18.55
安科瑞|300286|-1.12|2517500|57496596.00|-1.21|0.00|-2.98|22.93|22.91|23.19|22.50|2.52|23.19|2881027|67129400.00|1|0.0000|0.0000|0.0000|0|23.19
飞利信|300287|-1.68|42975200|252261552.00|-2.36|0.67|-2.36|5.84|5.80|5.98|5.80|42.98|5.94|42991000|255511760.00|1|0.0000|0.0000|0.0000|0|5.94
朗玛信息|300288|-0.33|5100600|76580992.00|-1.47|1.33|-1.67|14.96|14.79|15.21|14.76|5.10|15.01|6819500|102898216.00|1|0.0000|0.0000|0.0000|0|15.01
利德曼|300289|0.41|11318083|56338132.00|-1.43|3.05|-1.43|4.93|4.84|5.06|4.84|11.32|4.91|9506253|46767652.00|1|0.0000|0.0000|0.0000|0|4.91
荣科科技|300290|1.06|15425154|265593520.00|-1.41|2.99|-1.41|17.23|16.81|17.56|16.81|15.43|17.05|9563597|163388832.00|1|0.0000|0.0000|0.0000|0|17.05
百纳千成|300291|-0.39|62268594|323660064.00|-1.74|1.93|-1.93|5.16|5.09|5.28|5.08|62.27|5.18|76017296|395891808.00|1|0.0000|0.0000|0.0000|0|5.18
吴通控股|300292|-0.60|23354400|115554960.00|-1.01|0.60|-1.61|4.94|4.92|5.00|4.89|23.35|4.97|23867400|119423304.00|1|0.0000|0.0000|0.0000|0|4.97
蓝英装备|300293|-2.83|8500500|194388992.00|-1.33|0.69|-3.90|22.66|23.01|23.48|22.41|8.50|23.32|11242300|267705776.00|1|0.0000|0.0000|0.0000|0|23.32
博雅生物|300294|-0.11|3073950|83629344.00|-0.37|0.51|-0.73|27.21|27.14|27.38|27.04|3.07|27.24|3590700|98125504.00|1|0.0000|0.0000|0.0000|0|27.24
三六五网|300295|2.30|5732140|86767392.00|-1.83|4.60|-1.89|15.13|14.52|15.47|14.51|5.73|14.79|2802600|41703136.00|1|0.0000|0.0000|0.0000|0|14.79
利亚德|300296|-3.32|88903100|575941184.00|-1.66|0.15|-3.63|6.40|6.51|6.63|6.38|88.90|6.62|89224959|590639552.00|1|0.0000|0.0000|0.0000|0|6.62
三诺生物|300298|0.46|3479899|83891920.00|-0.42|1.92|-0.75|24.12|23.91|24.47|23.83|3.48|24.01|3469925|83335616.00|1|0.0000|0.0000|0.0000|0|24.01
富春股份|300299|0.17|20056331|118917632.00|-1.69|2.20|-2.54|5.91|5.80|6.03|5.75|20.06|5.90|18143249|107871104.00|1|0.0000|0.0000|0.0000|0|5.90
海峡创新|300300|-1.64|9259500|27746422.00|-1.97|-0.33|-2.96|2.99|2.98|3.03|2.95|9.26|3.04|13195212|39990520.00|1|0.0000|0.0000|0.0000|0|3.04
ST长方|300301|-0.50|12801530|25436266.00|-1.00|1.00|-1.50|1.99|1.98|2.02|1.97|12.80|2.00|18477190|36903864.00|1|0.0000|0.0000|0.0000|0|2.00
同有科技|300302|-1.89|10859311|176237136.00|-2.19|0.91|-2.74|16.10|16.05|16.56|15.96|10.86|16.41|9176000|151571120.00|1|0.0000|0.0000|0.0000|0|16.41
聚飞光电|300303|-0.95|23918063|150411344.00|-0.95|0.63|-1.58|6.27|6.27|6.37|6.23|23.92|6.33|21501835|136384000.00|1|0.0000|0.0000|0.0000|0|6.33
云意电气|300304|-2.93|20630600|173057568.00|-1.29|1.17|-3.52|8.27|8.41|8.62|8.22|20.63|8.52|27602640|233875344.00|1|0.0000|0.0000|0.0000|0|8.52
裕兴股份|300305|0.73|4147210|22620664.00|-0.92|0.92|-1.47|5.50|5.41|5.51|5.38|4.15|5.46|3790222|20737302.00|1|0.0000|0.0000|0.0000|0|5.46
远方信息|300306|-1.99|3372100|41704972.00|-0.88|0.40|-3.11|12.30|12.44|12.60|12.16|3.37|12.55|3028000|38055516.00|1|0.0000|0.0000|0.0000|0|12.55
慈星股份|300307|-3.39|32076908|297378944.00|-2.22|1.06|-3.39|9.12|9.23|9.54|9.12|32.08|9.44|29061344|279584864.00|1|0.0000|0.0000|0.0000|0|9.44
中际旭创|300308|-5.89|42498548|4056901376.00|-2.89|-1.80|-6.35|93.88|96.88|97.96|93.43|42.50|99.76|21827933|2188265984.00|1|0.0000|0.0000|0.0000|0|99.76
宜通世纪|300310|-0.74|15690600|105721208.00|-1.47|0.88|-2.06|6.73|6.68|6.84|6.64|15.69|6.78|14380099|98084680.00|1|0.0000|0.0000|0.0000|0|6.78
ST任子行|300311|-0.81|12743500|78568744.00|-0.81|0.97|-1.45|6.14|6.14|6.25|6.10|12.74|6.19|12002999|74620096.00|1|0.0000|0.0000|0.0000|0|6.19
*ST天山|300313|1.36|3994500|21115292.00|-0.39|5.62|-0.78|5.23|5.14|5.45|5.12|3.99|5.16|1547700|7986950.00|1|0.0000|0.0000|0.0000|0|5.16
戴维医疗|300314|-0.93|7752212|99333544.00|-1.40|0.85|-2.02|12.78|12.72|13.01|12.64|7.75|12.90|11223512|144262992.00|1|0.0000|0.0000|0.0000|0|12.90
掌趣科技|300315|-0.56|39117200|209803152.00|-1.30|0.74|-1.49|5.35|5.31|5.42|5.30|39.12|5.38|34592187|186831760.00|1|0.0000|0.0000|0.0000|0|5.38
晶盛机电|300316|-1.65|7275408|231960416.00|-0.71|0.34|-1.68|31.64|31.94|32.28|31.63|7.28|32.17|5228643|168976144.00|1|0.0000|0.0000|0.0000|0|32.17
珈伟新能|300317|1.59|36703075|140160080.00|-0.79|3.17|-1.85|3.84|3.75|3.90|3.71|36.70|3.78|30628969|116727064.00|1|0.0000|0.0000|0.0000|0|3.78
博晖创新|300318|0.87|6687366|38775428.00|0.35|2.62|-1.22|5.78|5.75|5.88|5.66|6.69|5.73|4439600|25431512.00|1|0.0000|0.0000|0.0000|0|5.73
麦捷科技|300319|-2.73|15613231|180051344.00|-1.02|0.43|-3.07|11.40|11.60|11.77|11.36|15.61|11.72|10760178|126723144.00|1|0.0000|0.0000|0.0000|0|11.72
海达股份|300320|-2.28|12354500|133278992.00|-1.00|0.46|-3.47|10.70|10.84|11.00|10.57|12.35|10.95|11853682|129111496.00|1|0.0000|0.0000|0.0000|0|10.95
同大股份|300321|0.74|2902700|94026096.00|-0.46|0.92|-2.82|32.89|32.50|32.95|31.73|2.90|32.65|3428200|110024680.00|1|0.0000|0.0000|0.0000|0|32.65
硕贝德|300322|-1.55|9217351|117578448.00|-1.32|0.54|-2.64|12.70|12.73|12.97|12.56|9.22|12.90|7914215|102988864.00|1|0.0000|0.0000|0.0000|0|12.90
华灿光电|300323|-1.39|13170800|93790472.00|-1.11|0.70|-1.67|7.09|7.11|7.24|7.07|13.17|7.19|9550315|68738520.00|1|0.0000|0.0000|0.0000|0|7.19
旋极信息|300324|-1.23|51492521|207463984.00|-1.48|0.74|-2.22|4.01|4.00|4.09|3.97|51.49|4.06|49388500|201719232.00|1|0.0000|0.0000|0.0000|0|4.06
ST凯利|300326|-0.31|9883400|63803024.00|-0.62|1.24|-1.09|6.42|6.40|6.52|6.37|9.88|6.44|12067900|77377952.00|1|0.0000|0.0000|0.0000|0|6.44
中颖电子|300327|-1.27|7170270|170188432.00|-0.17|1.98|-1.73|23.41|23.67|24.18|23.30|7.17|23.71|3530347|83776936.00|1|0.0000|0.0000|0.0000|0|23.71
宜安科技|300328|-5.61|74174926|836371648.00|-1.61|0.17|-7.39|11.11|11.58|11.79|10.90|74.17|11.77|106132815|1243004416.00|1|0.0000|0.0000|0.0000|0|11.77
海伦钢琴|300329|-1.12|3624100|22375952.00|-0.64|0.80|-2.89|6.16|6.19|6.28|6.05|3.62|6.23|3348080|20871814.00|1|0.0000|0.0000|0.0000|0|6.23
苏大维格|300331|-1.55|3139700|62198284.00|-1.20|0.25|-2.25|19.73|19.80|20.09|19.59|3.14|20.04|3408600|68751760.00|1|0.0000|0.0000|0.0000|0|20.04
天壕能源|300332|1.01|13142700|65041752.00|-0.81|1.42|-1.62|4.98|4.89|5.00|4.85|13.14|4.93|11144800|55082228.00|1|0.0000|0.0000|0.0000|0|4.93
兆日科技|300333|-1.02|9196800|108472560.00|-1.18|1.78|-2.54|11.70|11.68|12.03|11.52|9.20|11.82|7985090|94297984.00|1|0.0000|0.0000|0.0000|0|11.82
津膜科技|300334|1.31|4079000|25107000.00|-1.14|1.63|-1.14|6.21|6.06|6.23|6.06|4.08|6.13|3124500|19261068.00|1|0.0000|0.0000|0.0000|0|6.13
迪森股份|300335|1.54|21043900|111052616.00|-1.15|2.88|-1.35|5.28|5.14|5.35|5.13|21.04|5.20|12938700|67611704.00|1|0.0000|0.0000|0.0000|0|5.20
银邦股份|300337|-1.71|15178190|174801040.00|-1.37|0.17|-2.99|11.50|11.54|11.72|11.35|15.18|11.70|11898678|139573056.00|1|0.0000|0.0000|0.0000|0|11.70
ST开元|300338|-1.87|13084902|62460956.00|-0.63|3.13|-2.71|4.71|4.77|4.95|4.67|13.08|4.80|24504677|117281360.00|1|0.0000|0.0000|0.0000|0|4.80
润和软件|300339|-0.19|19011176|983794112.00|-1.35|1.35|-1.45|51.60|51.00|52.40|50.95|19.01|51.70|15313052|793145536.00|1|0.0000|0.0000|0.0000|0|51.70
科恒股份|300340|-0.30|2993223|29466270.00|-1.01|0.71|-1.82|9.87|9.80|9.97|9.72|2.99|9.90|2578900|25731480.00|1|0.0000|0.0000|0.0000|0|9.90
麦克奥迪|300341|-0.73|4691700|76776432.00|-1.22|1.16|-1.65|16.28|16.20|16.59|16.13|4.69|16.40|5209044|85835896.00|1|0.0000|0.0000|0.0000|0|16.40
天银机电|300342|-1.06|12064209|204273664.00|-1.06|1.76|-2.41|16.83|16.83|17.31|16.60|12.06|17.01|11419697|194016160.00|1|0.0000|0.0000|0.0000|0|17.01
ST联创|300343|-1.24|22997800|91478712.00|-1.49|0.25|-2.24|3.97|3.96|4.03|3.93|23.00|4.02|28502893|115747472.00|1|0.0000|0.0000|0.0000|0|4.02
*ST立方|300344|-14.75|112244774|1040845184.00|-13.89|-6.23|-14.94|8.90|8.99|9.79|8.88|112.24|10.44|104388962|1091001728.00|1|0.0000|0.0000|0.0000|0|10.44
华民股份|300345|0.58|4976400|25776970.00|-0.58|1.55|-0.97|5.19|5.13|5.24|5.11|4.98|5.16|3262600|16837336.00|1|0.0000|0.0000|0.0000|0|5.16
南大光电|300346|0.32|15464614|575791552.00|-0.16|2.20|-1.56|37.38|37.20|38.08|36.68|15.46|37.26|14025578|521875584.00|1|0.0000|0.0000|0.0000|0|37.26
泰格医药|300347|0.25|6532180|335570944.00|-0.76|2.29|-1.06|51.30|50.78|52.34|50.63|6.53|51.17|10161035|527275296.00|1|0.0000|0.0000|0.0000|0|51.17
长亮科技|300348|-0.54|20076512|260902720.00|-1.39|1.85|-1.39|12.91|12.80|13.22|12.80|20.08|12.98|26068912|338984032.00|1|0.0000|0.0000|0.0000|0|12.98
金卡智能|300349|-1.19|5630100|74943504.00|-1.04|0.30|-2.30|13.30|13.32|13.50|13.15|5.63|13.46|5200252|70355184.00|1|0.0000|0.0000|0.0000|0|13.46
华鹏飞|300350|10.19|56509160|316136064.00|-0.77|12.50|-1.35|5.73|5.16|5.85|5.13|56.51|5.20|7769500|40727388.00|1|0.0000|0.0000|0.0000|0|5.20
永贵电器|300351|-1.09|7526374|130372120.00|-1.37|0.40|-1.83|17.27|17.22|17.53|17.14|7.53|17.46|6920140|120903112.00|1|0.0000|0.0000|0.0000|0|17.46
北信源|300352|-0.79|18855298|95540760.00|-0.79|0.98|-1.38|5.05|5.05|5.14|5.02|18.86|5.09|19054900|97225864.00|1|0.0000|0.0000|0.0000|0|5.09
东土科技|300353|-2.19|137976808|3216213248.00|2.49|3.09|-2.36|22.77|23.86|24.00|22.73|137.98|23.28|176212596|4041432064.00|1|0.0000|0.0000|0.0000|0|23.28
东华测试|300354|-1.17|2762334|118706496.00|-1.26|0.71|-3.73|43.18|43.14|44.00|42.06|2.76|43.69|2476000|108671968.00|1|0.0000|0.0000|0.0000|0|43.69
蒙草生态|300355|-0.65|21994580|101190424.00|-1.52|0.87|-1.74|4.58|4.54|4.65|4.53|21.99|4.61|33279400|154600192.00|1|0.0000|0.0000|0.0000|0|4.61
我武生物|300357|1.17|12839731|288498688.00|-0.68|3.12|-1.04|22.39|21.98|22.82|21.90|12.84|22.13|6986100|155299248.00|1|0.0000|0.0000|0.0000|0|22.13
楚天科技|300358|0.65|32244681|254649504.00|-0.13|5.94|-0.78|7.79|7.73|8.20|7.68|32.24|7.74|25406858|195177296.00|1|0.0000|0.0000|0.0000|0|7.74
全通教育|300359|0.51|7921440|46761512.00|-1.19|1.19|-1.19|5.92|5.82|5.96|5.82|7.92|5.89|7029540|41594008.00|1|0.0000|0.0000|0.0000|0|5.89
炬华科技|300360|-3.35|14112030|250662944.00|-1.10|-0.33|-3.90|17.59|18.00|18.14|17.49|14.11|18.20|10918500|198436992.00|1|0.0000|0.0000|0.0000|0|18.20
博腾股份|300363|-0.63|24612025|469677248.00|-1.05|3.80|-2.43|18.84|18.76|19.68|18.50|24.61|18.96|26444171|499838048.00|1|0.0000|0.0000|0.0000|0|18.96
中文在线|300364|-0.39|11788500|273380768.00|-1.64|1.16|-1.64|23.09|22.80|23.45|22.80|11.79|23.18|12856300|300816416.00|1|0.0000|0.0000|0.0000|0|23.18
恒华科技|300365|0.00|8144424|49598576.00|-0.66|0.99|-1.31|6.09|6.05|6.15|6.01|8.14|6.09|6923500|42511644.00|1|0.0000|0.0000|0.0000|0|6.09
ST创意|300366|0.00|39945706|265141808.00|-1.07|2.89|-1.37|6.57|6.50|6.76|6.48|39.95|6.57|67674298|449177824.00|1|0.0000|0.0000|0.0000|0|6.57
汇金股份|300368|0.00|6646600|32230614.00|-0.62|1.65|-1.03|4.84|4.81|4.92|4.79|6.65|4.84|7535700|36491764.00|1|0.0000|0.0000|0.0000|0|4.84
绿盟科技|300369|-0.27|9238100|68300000.00|-1.22|1.22|-1.76|7.37|7.30|7.48|7.26|9.24|7.39|7543986|55582856.00|1|0.0000|0.0000|0.0000|0|7.39
安控科技|300370|0.00|18445600|54251320.00|0.68|1.71|-1.02|2.93|2.95|2.98|2.90|18.45|2.93|17387100|51290764.00|1|0.0000|0.0000|0.0000|0|2.93
汇中股份|300371|0.65|2941006|31576082.00|-0.56|1.40|-1.40|10.79|10.66|10.87|10.57|2.94|10.72|2632252|28343468.00|1|0.0000|0.0000|0.0000|0|10.72
扬杰科技|300373|-2.39|11616175|544960448.00|-1.34|0.90|-3.57|46.50|47.00|48.07|45.94|11.62|47.64|13182891|627775040.00|1|0.0000|0.0000|0.0000|0|47.64
中铁装配|300374|1.58|6688673|111754064.00|-1.16|2.92|-1.16|16.70|16.25|16.92|16.25|6.69|16.44|3753210|61994244.00|1|0.0000|0.0000|0.0000|0|16.44
鹏翎股份|300375|-3.42|29541507|143181856.00|-1.61|0.60|-4.43|4.80|4.89|5.00|4.75|29.54|4.97|19632920|97986904.00|1|0.0000|0.0000|0.0000|0|4.97
ST易事特|300376|0.59|8089000|27531758.00|-0.88|0.59|-1.18|3.42|3.37|3.42|3.36|8.09|3.40|4785900|16339471.00|1|0.0000|0.0000|0.0000|0|3.40
赢时胜|300377|0.33|37269862|913265600.00|-1.28|3.42|-1.53|24.33|23.94|25.08|23.88|37.27|24.25|33851604|818652992.00|1|0.0000|0.0000|0.0000|0|24.25
鼎捷数智|300378|-2.28|10881101|399401184.00|-2.01|0.59|-3.24|36.48|36.58|37.55|36.12|10.88|37.33|12021600|451039584.00|1|0.0000|0.0000|0.0000|0|37.33
东通退|300379|1.44|11903580|184294704.00|-0.72|2.48|-1.50|15.52|15.19|15.68|15.07|11.90|15.30|7233388|111404880.00|1|0.0000|0.0000|0.0000|0|15.30
安硕信息|300380|5.66|19314327|998561728.00|-1.80|11.26|-1.80|51.15|47.54|53.86|47.54|19.31|48.41|10524000|513312352.00|1|0.0000|0.0000|0.0000|0|48.41
溢多利|300381|8.33|43451572|358196864.00|-1.04|14.19|-1.69|8.32|7.60|8.77|7.55|43.45|7.68|12216669|94774248.00|1|0.0000|0.0000|0.0000|0|7.68
斯莱克|300382|-1.88|15169316|183040304.00|-1.14|1.31|-2.86|12.00|12.09|12.39|11.88|15.17|12.23|17988263|221986816.00|1|0.0000|0.0000|0.0000|0|12.23
光环新网|300383|-0.61|45986097|761116352.00|-1.82|2.00|-2.12|16.41|16.21|16.84|16.16|45.99|16.51|42796195|710803264.00|1|0.0000|0.0000|0.0000|0|16.51
三联虹普|300384|-2.31|5841600|114407168.00|-1.21|0.75|-3.32|19.43|19.65|20.04|19.23|5.84|19.89|6136799|123711384.00|1|0.0000|0.0000|0.0000|0|19.89
雪浪环境|300385|0.43|3234172|15129398.00|-0.85|1.07|-1.49|4.71|4.65|4.74|4.62|3.23|4.69|2870400|13551680.00|1|0.0000|0.0000|0.0000|0|4.69
飞天诚信|300386|-1.22|6320429|92675792.00|-0.68|0.75|-1.90|14.58|14.66|14.87|14.48|6.32|14.76|6596021|97331528.00|1|0.0000|0.0000|0.0000|0|14.76
富邦科技|300387|1.03|8431200|74251512.00|-0.92|2.75|-1.03|8.83|8.66|8.98|8.65|8.43|8.74|8441200|74112552.00|1|0.0000|0.0000|0.0000|0|8.74
节能国祯|300388|1.24|4428335|32543506.00|-0.27|1.92|-0.82|7.37|7.26|7.42|7.22|4.43|7.28|3267620|23914800.00|1|0.0000|0.0000|0.0000|0|7.28
艾比森|300389|-1.35|3673400|40343920.00|-1.26|0.00|-2.60|11.00|11.01|11.15|10.86|3.67|11.15|2701839|30296436.00|1|0.0000|0.0000|0.0000|0|11.15
天华新能|300390|-0.56|5257962|112326000.00|-0.70|0.47|-1.03|21.33|21.30|21.55|21.23|5.26|21.45|5431294|116992816.00|1|0.0000|0.0000|0.0000|0|21.45
*ST长药|300391|-2.90|14252050|76621512.00|-2.17|0.36|-5.62|5.36|5.40|5.54|5.21|14.25|5.52|14320946|77738296.00|1|0.0000|0.0000|0.0000|0|5.52
中来股份|300393|-0.34|10444901|60487228.00|-0.69|1.21|-1.38|5.78|5.76|5.87|5.72|10.44|5.80|10868048|63256876.00|1|0.0000|0.0000|0.0000|0|5.80
天孚通信|300394|-6.80|22756648|1836563840.00|-2.64|-2.05|-9.08|79.45|83.00|83.50|77.51|22.76|85.25|9858456|843009664.00|1|0.0000|0.0000|0.0000|0|85.25
菲利华|300395|1.76|6705037|313569632.00|0.00|2.95|-1.02|46.92|46.11|47.47|45.64|6.71|46.11|4014800|185461344.00|1|0.0000|0.0000|0.0000|0|46.11
迪瑞医疗|300396|-1.81|6591219|97579056.00|-1.00|1.20|-1.87|14.67|14.79|15.12|14.66|6.59|14.94|7264510|108948080.00|1|0.0000|0.0000|0.0000|0|14.94
天和防务|300397|-2.05|21595460|261620912.00|-1.31|1.81|-2.05|11.92|12.01|12.39|11.92|21.60|12.17|21214861|259086928.00|1|0.0000|0.0000|0.0000|0|12.17
飞凯材料|300398|2.86|56438149|1043231360.00|-2.20|5.06|-2.59|18.70|17.78|19.10|17.71|56.44|18.18|42911498|777058944.00|1|0.0000|0.0000|0.0000|0|18.18
天利科技|300399|-0.34|5086400|105736008.00|-1.93|2.22|-2.80|20.67|20.34|21.20|20.16|5.09|20.74|4454900|92992768.00|1|0.0000|0.0000|0.0000|0|20.74
劲拓股份|300400|-1.15|3869800|63171956.00|-1.45|0.36|-2.42|16.32|16.27|16.57|16.11|3.87|16.51|4135300|68687480.00|1|0.0000|0.0000|0.0000|0|16.51
花园生物|300401|0.50|11798300|167422464.00|-0.57|1.77|-1.34|14.20|14.05|14.38|13.94|11.80|14.13|9294400|130885088.00|1|0.0000|0.0000|0.0000|0|14.13
宝色股份|300402|-3.39|16489101|295318336.00|-1.59|1.15|-4.26|17.67|18.00|18.50|17.51|16.49|18.29|15749800|291916448.00|1|0.0000|0.0000|0.0000|0|18.29
汉宇集团|300403|-3.42|31430988|504655872.00|0.24|0.85|-4.45|15.83|16.43|16.53|15.66|31.43|16.39|32960786|542238592.00|1|0.0000|0.0000|0.0000|0|16.39
博济医药|300404|-0.39|19025820|196406080.00|-0.97|2.33|-1.75|10.27|10.21|10.55|10.13|19.03|10.31|23328664|240473168.00|1|0.0000|0.0000|0.0000|0|10.31
科隆股份|300405|1.98|8352400|38279300.00|-0.88|2.42|-1.32|4.63|4.50|4.65|4.48|8.35|4.54|6533676|30005032.00|1|0.0000|0.0000|0.0000|0|4.54
九强生物|300406|-1.03|4472393|73260008.00|-0.85|1.52|-1.89|16.26|16.29|16.68|16.12|4.47|16.43|5119332|84327840.00|1|0.0000|0.0000|0.0000|0|16.43
凯发电气|300407|2.38|7287500|80827960.00|-1.47|3.12|-1.47|11.17|10.75|11.25|10.75|7.29|10.91|3793900|41600276.00|1|0.0000|0.0000|0.0000|0|10.91
三环集团|300408|-3.62|15287315|587471424.00|0.61|0.61|-4.33|38.08|39.75|39.75|37.80|15.29|39.51|5891266|232502800.00|1|0.0000|0.0000|0.0000|0|39.51
道氏技术|300409|-3.47|36475763|564075968.00|-1.83|0.00|-3.98|15.29|15.55|15.84|15.21|36.48|15.84|46549327|740350336.00|1|0.0000|0.0000|0.0000|0|15.84
正业科技|300410|0.19|12440707|64403292.00|-1.17|4.28|-2.53|5.15|5.08|5.36|5.01|12.44|5.14|6601535|34105216.00|1|0.0000|0.0000|0.0000|0|5.14
金盾股份|300411|-1.19|7502260|93476048.00|-1.59|0.56|-2.23|12.43|12.38|12.65|12.30|7.50|12.58|9302600|117760664.00|1|0.0000|0.0000|0.0000|0|12.58
迦南科技|300412|-1.08|14268210|78335096.00|-1.45|1.45|-2.53|5.47|5.45|5.61|5.39|14.27|5.53|19215790|105732608.00|1|0.0000|0.0000|0.0000|0|5.53
芒果超媒|300413|1.57|10015071|283865920.00|-0.97|2.58|-1.22|28.38|27.67|28.66|27.60|10.02|27.94|7159817|201885616.00|1|0.0000|0.0000|0.0000|0|27.94
中光防雷|300414|-0.51|4295600|33410584.00|-0.51|1.28|-2.18|7.77|7.77|7.91|7.64|4.30|7.81|3889060|30551794.00|1|0.0000|0.0000|0.0000|0|7.81
伊之密|300415|-4.17|14318164|320515360.00|-1.30|-0.48|-4.77|22.08|22.74|22.93|21.94|14.32|23.04|8552212|197472032.00|1|0.0000|0.0000|0.0000|0|23.04
苏试试验|300416|-2.12|28487887|482180960.00|-2.34|-0.57|-5.37|17.12|17.08|17.39|16.55|28.49|17.49|25703941|444009120.00|1|0.0000|0.0000|0.0000|0|17.49
南华仪器|300417|-0.45|1935273|21574894.00|0.00|0.45|-2.23|11.18|11.23|11.28|10.98|1.94|11.23|1586100|17903176.00|1|0.0000|0.0000|0.0000|0|11.23
昆仑万维|300418|-0.58|15265174|519755392.00|-1.55|0.70|-2.02|34.04|33.71|34.48|33.55|15.27|34.24|11378544|390841760.00|1|0.0000|0.0000|0.0000|0|34.24
ST浩丰|300419|0.74|9291500|50409016.00|-1.11|1.29|-1.48|5.45|5.35|5.48|5.33|9.29|5.41|8285600|44900216.00|1|0.0000|0.0000|0.0000|0|5.41
五洋自控|300420|-0.34|18463512|54228048.00|-0.68|1.36|-1.36|2.93|2.92|2.98|2.90|18.46|2.94|16672224|49381576.00|1|0.0000|0.0000|0.0000|0|2.94
力星股份|300421|-3.58|48482506|856358784.00|-1.93|6.87|-4.94|16.97|17.26|18.81|16.73|48.48|17.60|58589894|1063189760.00|1|0.0000|0.0000|0.0000|0|17.60
博世科|300422|0.96|7206840|30092984.00|-0.24|1.20|-1.44|4.20|4.15|4.21|4.10|7.21|4.16|7499211|31299306.00|1|0.0000|0.0000|0.0000|0|4.16
昇辉科技|300423|-0.95|11910596|99378936.00|-2.02|0.71|-2.38|8.32|8.23|8.46|8.20|11.91|8.40|18927765|156084080.00|1|0.0000|0.0000|0.0000|0|8.40
航新科技|300424|-0.20|2936200|44023180.00|-0.73|1.33|-1.40|14.97|14.89|15.20|14.79|2.94|15.00|3269900|49245136.00|1|0.0000|0.0000|0.0000|0|15.00
中建环能|300425|0.99|10886655|55500596.00|-0.99|2.18|-1.19|5.10|5.00|5.16|4.99|10.89|5.05|11525623|58383284.00|1|0.0000|0.0000|0.0000|0|5.05
华智数媒|300426|0.36|17343400|196565744.00|-1.96|3.65|-2.58|11.28|11.02|11.65|10.95|17.34|11.24|16241380|181430224.00|1|0.0000|0.0000|0.0000|0|11.24
红相股份|300427|-0.38|6107751|32092558.00|-0.19|0.76|-1.52|5.25|5.26|5.31|5.19|6.11|5.27|5311216|28060220.00|1|0.0000|0.0000|0.0000|0|5.27
立中集团|300428|-2.02|6224520|112413288.00|-1.26|0.27|-2.35|17.94|18.08|18.36|17.88|6.22|18.31|8039285|147881584.00|1|0.0000|0.0000|0.0000|0|18.31
强力新材|300429|-4.03|25559455|322346912.00|-1.71|1.40|-5.35|12.38|12.68|13.08|12.21|25.56|12.90|33586338|438232960.00|1|0.0000|0.0000|0.0000|0|12.90
诚益通|300430|-0.75|13522710|253869760.00|-0.69|2.35|-2.35|18.60|18.61|19.18|18.30|13.52|18.74|14741710|277790176.00|1|0.0000|0.0000|0.0000|0|18.74
富临精工|300432|-2.04|30758917|591203776.00|-2.40|0.20|-3.32|19.16|19.09|19.60|18.91|30.76|19.56|37149891|721044416.00|1|0.0000|0.0000|0.0000|0|19.56
蓝思科技|300433|-10.68|111753337|2589225472.00|-2.29|-1.90|-10.88|22.58|24.70|24.80|22.53|111.75|25.28|29432076|738599168.00|1|0.0000|0.0000|0.0000|0|25.28
金石亚药|300434|0.71|7904900|67895632.00|-0.59|2.59|-1.06|8.57|8.46|8.73|8.42|7.90|8.51|7142500|61253480.00|1|0.0000|0.0000|0.0000|0|8.51
中泰股份|300435|-2.63|6427600|86069816.00|-0.73|0.29|-4.24|13.32|13.58|13.72|13.10|6.43|13.68|6495100|89457288.00|1|0.0000|0.0000|0.0000|0|13.68
广生堂|300436|-4.70|3873842|126178120.00|-3.06|0.03|-4.85|32.05|32.60|33.64|32.00|3.87|33.63|2658400|90128672.00|1|0.0000|0.0000|0.0000|0|33.63
清水源|300437|-0.76|4516801|35463804.00|-1.01|0.51|-1.90|7.85|7.83|7.95|7.76|4.52|7.91|5046849|40235836.00|1|0.0000|0.0000|0.0000|0|7.91
鹏辉能源|300438|-1.04|5330600|142496448.00|-1.26|0.41|-2.08|26.70|26.64|27.09|26.42|5.33|26.98|5432481|146815888.00|1|0.0000|0.0000|0.0000|0|26.98
美康生物|300439|-0.75|17297160|206207504.00|-1.01|2.35|-1.76|11.85|11.82|12.22|11.73|17.30|11.94|25402520|301731008.00|1|0.0000|0.0000|0.0000|0|11.94
运达科技|300440|-1.01|15876200|140567072.00|-0.90|1.35|-1.80|8.79|8.80|9.00|8.72|15.88|8.88|17716388|159091952.00|1|0.0000|0.0000|0.0000|0|8.88
鲍斯股份|300441|-2.80|19043060|186677296.00|-1.20|0.30|-3.60|9.72|9.88|10.03|9.64|19.04|10.00|23728748|238335392.00|1|0.0000|0.0000|0.0000|0|10.00
润泽科技|300442|-1.87|13239727|743933120.00|-1.19|0.37|-3.20|56.06|56.45|57.34|55.30|13.24|57.13|16029509|908374912.00|1|0.0000|0.0000|0.0000|0|57.13
金雷股份|300443|-3.79|9574900|202013344.00|-1.11|-0.05|-4.02|20.83|21.41|21.64|20.78|9.57|21.65|10723280|233648720.00|1|0.0000|0.0000|0.0000|0|21.65
双杰电气|300444|-1.98|33537666|249320416.00|-1.32|0.53|-3.44|7.41|7.46|7.60|7.30|33.54|7.56|33593758|255542928.00|1|0.0000|0.0000|0.0000|0|7.56
康斯特|300445|-5.83|10067140|205305344.00|-1.18|-0.09|-7.29|20.02|21.01|21.24|19.71|10.07|21.26|8433540|181053280.00|1|0.0000|0.0000|0.0000|0|21.26
航天智造|300446|1.27|35065820|723551616.00|0.24|3.14|-1.57|20.67|20.46|21.05|20.09|35.07|20.41|36224544|748301184.00|1|0.0000|0.0000|0.0000|0|20.41
全信股份|300447|-1.09|3521000|47973128.00|-1.88|0.87|-2.54|13.65|13.54|13.92|13.45|3.52|13.80|4477790|61806160.00|1|0.0000|0.0000|0.0000|0|13.80
浩云科技|300448|0.44|10943557|73903912.00|-1.19|1.04|-1.33|6.78|6.67|6.82|6.66|10.94|6.75|7777670|52518352.00|1|0.0000|0.0000|0.0000|0|6.75
汉邦高科|300449|-2.45|19536783|148857152.00|-1.29|0.65|-3.10|7.56|7.65|7.80|7.51|19.54|7.75|29184853|229617168.00|1|0.0000|0.0000|0.0000|0|7.75
先导智能|300450|-0.95|13090695|272704704.00|-1.19|1.10|-1.62|20.75|20.70|21.18|20.61|13.09|20.95|10164174|213600176.00|1|0.0000|0.0000|0.0000|0|20.95
创业慧康|300451|0.16|56764919|354183808.00|-1.13|2.42|-1.78|6.20|6.12|6.34|6.08|56.76|6.19|56352310|349451392.00|1|0.0000|0.0000|0.0000|0|6.19
山河药辅|300452|1.24|5571518|68155872.00|-0.66|1.40|-0.99|12.29|12.06|12.31|12.02|5.57|12.14|3829273|46477500.00|1|0.0000|0.0000|0.0000|0|12.14
三鑫医疗|300453|0.37|9679254|79124920.00|-0.25|1.59|-1.23|8.19|8.14|8.29|8.06|9.68|8.16|8523264|69408096.00|1|0.0000|0.0000|0.0000|0|8.16
深信服|300454|-0.53|4865620|498947424.00|-1.28|1.99|-1.73|101.76|100.99|104.34|100.53|4.87|102.30|5601784|575150656.00|1|0.0000|0.0000|0.0000|0|102.30
航天智装|300455|0.08|11099828|148496480.00|-1.13|3.93|-1.36|13.23|13.07|13.74|13.04|11.10|13.22|7180023|94809304.00|1|0.0000|0.0000|0.0000|0|13.22
赛微电子|300456|-0.89|8215600|138592400.00|-1.00|1.30|-1.77|16.78|16.76|17.15|16.63|8.22|16.93|9236100|157672848.00|1|0.0000|0.0000|0.0000|0|16.93
赢合科技|300457|-2.39|8639380|167420880.00|-1.47|0.05|-3.05|19.23|19.41|19.71|19.10|8.64|19.70|7053929|139328448.00|1|0.0000|0.0000|0.0000|0|19.70
全志科技|300458|-3.73|29440534|1486746112.00|-1.67|1.42|-3.97|49.52|50.58|52.17|49.40|29.44|51.44|16553600|855408448.00|1|0.0000|0.0000|0.0000|0|51.44
汤姆猫|300459|-1.08|121876194|672295488.00|-1.62|0.90|-2.51|5.51|5.48|5.62|5.43|121.88|5.57|233109110|1309305984.00|1|0.0000|0.0000|0.0000|0|5.57
ST惠伦|300460|-1.76|4361645|51663704.00|-0.84|1.00|-2.26|11.75|11.86|12.08|11.69|4.36|11.96|5524752|66676800.00|1|0.0000|0.0000|0.0000|0|11.96
田中精机|300461|-2.42|4685440|94372368.00|-1.07|0.00|-4.36|20.12|20.40|20.62|19.72|4.69|20.62|5189580|108774952.00|1|0.0000|0.0000|0.0000|0|20.62
ST华铭|300462|0.23|5566800|48874692.00|-1.36|1.36|-2.27|8.85|8.71|8.95|8.63|5.57|8.83|5139200|45820088.00|1|0.0000|0.0000|0.0000|0|8.83
迈克生物|300463|0.53|6115700|81992024.00|-0.68|2.10|-1.20|13.39|13.23|13.60|13.16|6.12|13.32|5465498|73192064.00|1|0.0000|0.0000|0.0000|0|13.32
星徽股份|300464|1.08|5732900|26559008.00|-0.43|2.16|-1.52|4.67|4.60|4.72|4.55|5.73|4.62|4022464|18675952.00|1|0.0000|0.0000|0.0000|0|4.62
高伟达|300465|0.48|12457600|183890656.00|-1.16|2.32|-1.23|14.71|14.47|14.98|14.46|12.46|14.64|18421000|269545472.00|1|0.0000|0.0000|0.0000|0|14.64
赛摩智能|300466|-7.01|64035600|715483264.00|-4.10|-0.26|-7.35|10.88|11.22|11.67|10.84|64.04|11.70|82857940|950911616.00|1|0.0000|0.0000|0.0000|0|11.70
迅游科技|300467|0.30|7419400|147212496.00|-1.07|2.44|-1.42|19.74|19.47|20.16|19.40|7.42|19.68|7617600|152379968.00|1|0.0000|0.0000|0.0000|0|19.68
四方精创|300468|6.84|40151939|655487424.00|-1.94|12.00|-2.19|16.56|15.20|17.36|15.16|40.15|15.50|8108704|125770816.00|1|0.0000|0.0000|0.0000|0|15.50
信息发展|300469|0.03|13044934|395037504.00|1.58|2.81|-2.28|30.30|30.77|31.14|29.60|13.04|30.29|33133083|998274176.00|1|0.0000|0.0000|0.0000|0|30.29
中密控股|300470|-1.94|3451999|129557136.00|-1.00|0.18|-2.91|37.38|37.74|38.19|37.01|3.45|38.12|3493314|133765792.00|1|0.0000|0.0000|0.0000|0|38.12
厚普股份|300471|-0.89|4314300|38403492.00|-1.00|0.67|-1.89|8.90|8.89|9.04|8.81|4.31|8.98|3788600|34115696.00|1|0.0000|0.0000|0.0000|0|8.98
*ST新元|300472|1.86|19464500|96194224.00|-0.62|4.13|-1.03|4.93|4.81|5.04|4.79|19.46|4.84|22140759|107713880.00|1|0.0000|0.0000|0.0000|0|4.84
德尔股份|300473|-2.50|7928876|223232656.00|-2.74|-0.17|-4.13|28.07|28.00|28.74|27.60|7.93|28.79|8839780|253637216.00|1|0.0000|0.0000|0.0000|0|28.79
景嘉微|300474|0.14|5329889|414557408.00|-1.04|1.00|-1.38|77.88|76.96|78.55|76.70|5.33|77.77|4558100|356045408.00|1|0.0000|0.0000|0.0000|0|77.77
香农芯创|300475|-7.04|31516449|1094567040.00|-2.55|0.27|-7.94|33.96|35.60|36.63|33.63|31.52|36.53|17148293|631460480.00|1|0.0000|0.0000|0.0000|0|36.53
胜宏科技|300476|-9.52|56758623|4253617152.00|-4.31|-3.25|-9.94|73.00|77.20|78.06|72.66|56.76|80.68|29075768|2357164544.00|1|0.0000|0.0000|0.0000|0|80.68
ST合纵|300477|-0.98|56012404|170013360.00|-1.31|1.97|-1.97|3.02|3.01|3.11|2.99|56.01|3.05|77390713|241462288.00|1|0.0000|0.0000|0.0000|0|3.05
杭州高新|300478|-0.25|3305200|39619960.00|-1.25|1.08|-1.91|12.00|11.88|12.16|11.80|3.31|12.03|3344100|40428388.00|1|0.0000|0.0000|0.0000|0|12.03
神思电子|300479|-1.14|6102613|127416416.00|-1.33|0.24|-2.18|20.82|20.78|21.11|20.60|6.10|21.06|8329276|177240928.00|1|0.0000|0.0000|0.0000|0|21.06
光力科技|300480|-3.77|6286742|87921080.00|-0.91|0.49|-4.33|13.79|14.20|14.40|13.71|6.29|14.33|3850200|55650056.00|1|0.0000|0.0000|0.0000|0|14.33
濮阳惠成|300481|-1.46|5231602|77796128.00|-0.93|0.46|-2.85|14.85|14.93|15.14|14.64|5.23|15.07|4830150|73177464.00|1|0.0000|0.0000|0.0000|0|15.07
万孚生物|300482|-0.08|5594130|133072224.00|-1.13|1.22|-1.64|23.77|23.52|24.08|23.40|5.59|23.79|4028997|95800608.00|1|0.0000|0.0000|0.0000|0|23.79
首华燃气|300483|0.12|5161849|43137464.00|-0.24|1.31|-1.43|8.38|8.35|8.48|8.25|5.16|8.37|7125149|59894812.00|1|0.0000|0.0000|0.0000|0|8.37
蓝海华腾|300484|0.25|4901400|98499728.00|-1.79|1.04|-1.79|20.21|19.80|20.37|19.80|4.90|20.16|6567500|133332552.00|1|0.0000|0.0000|0.0000|0|20.16
赛升药业|300485|13.90|50352204|447272128.00|-0.91|20.00|-0.91|8.77|7.63|9.24|7.63|50.35|7.70|22065938|174826416.00|1|0.0000|0.0000|0.0000|0|7.70
东杰智能|300486|0.60|7689100|51536184.00|-0.75|1.35|-0.75|6.70|6.61|6.75|6.61|7.69|6.66|5535200|37120500.00|1|0.0000|0.0000|0.0000|0|6.66
蓝晓科技|300487|-1.65|2283983|105933480.00|-0.74|0.32|-2.65|46.37|46.80|47.30|45.90|2.28|47.15|2021011|95130840.00|1|0.0000|0.0000|0.0000|0|47.15
恒锋工具|300488|-3.02|2381109|86774656.00|-1.00|1.32|-3.96|35.99|36.74|37.60|35.64|2.38|37.11|2687797|100230208.00|1|0.0000|0.0000|0.0000|0|37.11
光智科技|300489|-2.77|2275450|112688128.00|-1.55|0.80|-2.79|48.81|49.42|50.60|48.80|2.28|50.20|1642900|82503072.00|1|0.0000|0.0000|0.0000|0|50.20
华自科技|300490|-1.12|6388000|51295300.00|-0.25|1.12|-1.49|7.98|8.05|8.16|7.95|6.39|8.07|5732500|46676120.00|1|0.0000|0.0000|0.0000|0|8.07
通合科技|300491|-2.80|5092900|90705384.00|-1.26|0.00|-3.90|17.69|17.97|18.20|17.49|5.09|18.20|3423372|62489620.00|1|0.0000|0.0000|0.0000|0|18.20
华图山鼎|300492|-2.31|577500|50015256.00|-0.63|0.43|-2.63|85.76|87.24|88.17|85.48|0.58|87.79|376000|33190512.00|1|0.0000|0.0000|0.0000|0|87.79
润欣科技|300493|-3.66|22240475|485710848.00|-1.78|-0.04|-4.82|21.59|22.01|22.40|21.33|22.24|22.41|18829030|424576096.00|1|0.0000|0.0000|0.0000|0|22.41
盛天网络|300494|1.35|14059426|169742864.00|-1.43|3.54|-1.43|12.03|11.70|12.29|11.70|14.06|11.87|7355541|87928680.00|1|0.0000|0.0000|0.0000|0|11.87
中科创达|300496|-1.47|7904381|453321536.00|-0.80|0.99|-2.70|56.96|57.35|58.38|56.25|7.90|57.81|5653734|327243648.00|1|0.0000|0.0000|0.0000|0|57.81
富祥药业|300497|-0.81|10499251|89948088.00|-1.16|1.51|-2.44|8.53|8.50|8.73|8.39|10.50|8.60|17441687|153325600.00|1|0.0000|0.0000|0.0000|0|8.60
温氏股份|300498|1.97|60699842|1029250688.00|-0.18|2.09|-0.42|17.06|16.70|17.08|16.66|60.70|16.73|25171108|421634496.00|1|0.0000|0.0000|0.0000|0|16.73
高澜股份|300499|-1.10|15632789|308829056.00|-2.60|1.10|-3.90|19.80|19.50|20.24|19.24|15.63|20.02|20050661|406803488.00|1|0.0000|0.0000|0.0000|0|20.02
启迪设计|300500|0.27|2637500|28789320.00|-0.82|1.28|-1.37|10.95|10.83|11.06|10.77|2.64|10.92|2028600|22181464.00|1|0.0000|0.0000|0.0000|0|10.92
海顺新材|300501|-3.34|6629435|103752784.00|-1.24|-0.12|-5.26|15.61|15.95|16.13|15.30|6.63|16.15|7770410|125347448.00|1|0.0000|0.0000|0.0000|0|16.15
新易盛|300502|-6.78|46570455|4341704704.00|-4.55|-3.56|-9.91|92.78|95.00|95.99|89.67|46.57|99.53|29975537|2991293696.00|1|0.0000|0.0000|0.0000|0|99.53
昊志机电|300503|-2.24|10299200|253735424.00|-1.60|1.56|-3.36|24.43|24.59|25.38|24.15|10.30|24.99|11947100|299744544.00|1|0.0000|0.0000|0.0000|0|24.99
天邑股份|300504|-1.10|2168000|33297924.00|-1.29|0.52|-2.13|15.34|15.31|15.59|15.18|2.17|15.51|2038400|31759376.00|1|0.0000|0.0000|0.0000|0|15.51
川金诺|300505|1.45|19619612|314621344.00|-0.95|3.60|-0.95|16.08|15.70|16.42|15.70|19.62|15.85|14003406|223630800.00|1|0.0000|0.0000|0.0000|0|15.85
*ST名家|300506|-2.32|4410180|14883005.00|-0.87|0.00|-4.06|3.37|3.42|3.45|3.31|4.41|3.45|4808675|16693850.00|1|0.0000|0.0000|0.0000|0|3.45
苏奥传感|300507|-3.32|29073500|222668160.00|-1.28|0.64|-4.34|7.58|7.74|7.89|7.50|29.07|7.84|29564620|232518688.00|1|0.0000|0.0000|0.0000|0|7.84
维宏股份|300508|-6.53|4918752|165890384.00|-1.99|-0.71|-6.70|32.90|34.50|34.95|32.84|4.92|35.20|6414252|224171184.00|1|0.0000|0.0000|0.0000|0|35.20
新美星|300509|0.00|5122492|39986236.00|-0.64|0.64|-1.91|7.85|7.80|7.90|7.70|5.12|7.85|5061900|39933068.00|1|0.0000|0.0000|0.0000|0|7.85
金冠股份|300510|-0.68|27452581|120163488.00|-1.37|1.59|-2.05|4.36|4.33|4.46|4.30|27.45|4.39|33931881|148453568.00|1|0.0000|0.0000|0.0000|0|4.39
雪榕生物|300511|2.40|32630757|152141888.00|-0.87|3.49|-1.31|4.69|4.54|4.74|4.52|32.63|4.58|26835051|124281792.00|1|0.0000|0.0000|0.0000|0|4.58
中亚股份|300512|-2.25|3526283|27722308.00|-0.87|0.12|-3.87|7.83|7.94|8.02|7.70|3.53|8.01|2853950|22846420.00|1|0.0000|0.0000|0.0000|0|8.01
恒实科技|300513|1.69|17387437|148773888.00|1.21|8.11|-0.12|8.40|8.36|8.93|8.25|17.39|8.26|7517436|62185076.00|1|0.0000|0.0000|0.0000|0|8.26
友讯达|300514|-1.76|5368300|84346720.00|-1.25|0.56|-3.45|15.67|15.75|16.04|15.40|5.37|15.95|6794000|108851088.00|1|0.0000|0.0000|0.0000|0|15.95
三德科技|300515|-2.37|4326100|71900664.00|-1.01|0.59|-3.09|16.45|16.68|16.95|16.33|4.33|16.85|5057900|85660504.00|1|0.0000|0.0000|0.0000|0|16.85
久之洋|300516|-1.07|1683350|57464744.00|-1.28|0.90|-2.44|34.07|34.00|34.75|33.60|1.68|34.44|1586350|54810264.00|1|0.0000|0.0000|0.0000|0|34.44
海波重科|300517|3.11|4829400|45878228.00|-0.21|3.76|-1.39|9.61|9.30|9.67|9.19|4.83|9.32|2941400|27651744.00|1|0.0000|0.0000|0.0000|0|9.32
新迅达|300518|-0.10|2684320|26440994.00|-0.30|1.11|-1.82|9.87|9.85|9.99|9.70|2.68|9.88|1985836|19748254.00|1|0.0000|0.0000|0.0000|0|9.88
新光药业|300519|0.91|4583340|66016916.00|-0.42|2.24|-0.42|14.40|14.21|14.59|14.21|4.58|14.27|4092830|58686656.00|1|0.0000|0.0000|0.0000|0|14.27
科大国创|300520|-1.38|7491500|183406304.00|-1.46|1.18|-1.95|24.26|24.24|24.89|24.12|7.49|24.60|7542856|186061008.00|1|0.0000|0.0000|0.0000|0|24.60
爱司凯|300521|-3.01|2377800|55510888.00|-1.31|1.40|-3.18|22.90|23.30|23.94|22.86|2.38|23.61|2807520|66289732.00|1|0.0000|0.0000|0.0000|0|23.61
世名科技|300522|1.86|9573728|131488112.00|-0.37|6.32|-0.37|13.70|13.40|14.30|13.40|9.57|13.45|7440790|100233432.00|1|0.0000|0.0000|0.0000|0|13.45
辰安科技|300523|2.86|5552400|117964472.00|-1.36|5.67|-1.45|21.22|20.35|21.80|20.33|5.55|20.63|1295900|26806160.00|1|0.0000|0.0000|0.0000|0|20.63
博思软件|300525|-2.08|12608181|211208640.00|-1.42|1.90|-2.19|16.51|16.62|17.18|16.49|12.61|16.86|8772646|148149808.00|1|0.0000|0.0000|0.0000|0|16.86
ST应急|300527|-0.63|11596970|91554344.00|-0.88|1.01|-1.14|7.86|7.84|7.99|7.82|11.60|7.91|11976823|94790272.00|1|0.0000|0.0000|0.0000|0|7.91
幸福蓝海|300528|-0.24|6011300|50237236.00|-1.32|1.80|-1.56|8.32|8.23|8.49|8.21|6.01|8.34|5008620|41891396.00|1|0.0000|0.0000|0.0000|0|8.34
健帆生物|300529|-0.19|6655899|175282976.00|-0.38|0.68|-1.36|26.37|26.32|26.60|26.06|6.66|26.42|6210852|164522016.00|1|0.0000|0.0000|0.0000|0|26.42
领湃科技|300530|-1.26|3432175|77918656.00|-1.95|0.30|-3.47|22.79|22.63|23.15|22.28|3.43|23.08|3798500|88529728.00|1|0.0000|0.0000|0.0000|0|23.08
优博讯|300531|-0.74|3308200|44609872.00|-0.88|0.96|-1.84|13.46|13.44|13.69|13.31|3.31|13.56|3007100|40975856.00|1|0.0000|0.0000|0.0000|0|13.56
今天国际|300532|-2.07|6730625|83069816.00|-1.12|0.48|-3.11|12.28|12.40|12.60|12.15|6.73|12.54|5874951|73859224.00|1|0.0000|0.0000|0.0000|0|12.54
冰川网络|300533|1.48|7618575|198508304.00|-2.91|4.43|-3.34|26.12|24.99|26.88|24.88|7.62|25.74|8319825|216353952.00|1|0.0000|0.0000|0.0000|0|25.74
陇神戎发|300534|-1.60|47724909|479169824.00|-0.50|3.91|-2.01|9.81|9.92|10.36|9.77|47.72|9.97|68644807|699033024.00|1|0.0000|0.0000|0.0000|0|9.97
达威股份|300535|0.81|2339906|34694420.00|-1.35|1.83|-1.69|14.90|14.58|15.05|14.53|2.34|14.78|2217036|32736296.00|1|0.0000|0.0000|0.0000|0|14.78
农尚环境|300536|0.00|6608400|56263524.00|-0.23|0.81|-3.82|8.64|8.62|8.71|8.31|6.61|8.64|6470800|57175372.00|1|0.0000|0.0000|0.0000|0|8.64
广信材料|300537|-1.52|8875300|161409568.00|0.00|1.19|-3.64|18.15|18.43|18.65|17.76|8.88|18.43|9457400|177607760.00|1|0.0000|0.0000|0.0000|0|18.43
同益股份|300538|-2.89|7187286|111539040.00|0.69|0.82|-4.78|15.43|16.00|16.02|15.13|7.19|15.89|9498891|151265344.00|1|0.0000|0.0000|0.0000|0|15.89
横河精密|300539|-3.20|8014700|112800144.00|-1.53|0.49|-4.38|13.93|14.17|14.46|13.76|8.01|14.39|13817600|200657424.00|1|0.0000|0.0000|0.0000|0|14.39
蜀道装备|300540|-0.47|2145100|50128176.00|-0.60|1.53|-2.55|23.41|23.38|23.88|22.92|2.15|23.52|1825900|43336068.00|1|0.0000|0.0000|0.0000|0|23.52
先进数通|300541|-2.44|22902747|295128032.00|-1.53|1.07|-4.04|12.79|12.91|13.25|12.58|22.90|13.11|24957174|330806400.00|1|0.0000|0.0000|0.0000|0|13.11
新晨科技|300542|1.05|9816100|170111520.00|-1.64|4.91|-1.64|17.28|16.82|17.94|16.82|9.82|17.10|4254100|73174544.00|1|0.0000|0.0000|0.0000|0|17.10
朗科智能|300543|-2.52|8669322|97863992.00|-1.74|0.09|-3.65|11.21|11.30|11.51|11.08|8.67|11.50|10133095|116651144.00|1|0.0000|0.0000|0.0000|0|11.50
联得装备|300545|-6.81|10032900|329520000.00|-1.36|0.00|-9.06|32.31|34.20|34.67|31.53|10.03|34.67|5519400|193266400.00|1|0.0000|0.0000|0.0000|0|34.67
雄帝科技|300546|-0.28|3546610|63421644.00|0.95|1.85|-1.23|17.79|18.01|18.17|17.62|3.55|17.84|2912450|52236432.00|1|0.0000|0.0000|0.0000|0|17.84
川环科技|300547|-4.50|9878225|327315776.00|-2.22|0.20|-5.55|32.71|33.49|34.32|32.35|9.88|34.25|7254080|248848336.00|1|0.0000|0.0000|0.0000|0|34.25
长芯博创|300548|-4.18|13258274|499031072.00|-3.77|-2.20|-5.18|37.39|37.55|38.16|37.00|13.26|39.02|11121835|436116256.00|1|0.0000|0.0000|0.0000|0|39.02
优德精密|300549|-2.22|15036916|308905920.00|0.05|3.18|-3.52|20.27|20.74|21.39|20.00|15.04|20.73|20252890|431221568.00|1|0.0000|0.0000|0.0000|0|20.73
和仁科技|300550|-0.82|1974200|26194072.00|-1.12|0.52|-1.95|13.25|13.21|13.43|13.10|1.97|13.36|1445672|19341954.00|1|0.0000|0.0000|0.0000|0|13.36
古鳌科技|300551|-0.76|5897950|54257724.00|-0.43|0.86|-2.16|9.19|9.22|9.34|9.06|5.90|9.26|4343300|40401548.00|1|0.0000|0.0000|0.0000|0|9.26
万集科技|300552|-2.76|5397113|160850592.00|-3.08|-0.62|-3.71|29.65|29.55|30.30|29.36|5.40|30.49|8904605|279006240.00|1|0.0000|0.0000|0.0000|0|30.49
集智股份|300553|-3.38|5195740|239518496.00|-0.99|-0.86|-5.97|46.00|47.14|47.20|44.77|5.20|47.61|8673781|404846400.00|1|0.0000|0.0000|0.0000|0|47.61
三超新材|300554|-1.54|1729500|35520756.00|-1.25|0.38|-2.65|20.47|20.53|20.87|20.24|1.73|20.79|1629900|34087740.00|1|0.0000|0.0000|0.0000|0|20.79
ST路通|300555|-0.10|2193950|21839916.00|0.00|0.30|-2.19|10.04|10.05|10.08|9.83|2.19|10.05|1977050|19891744.00|1|0.0000|0.0000|0.0000|0|10.05
丝路视觉|300556|-0.85|2709100|50677808.00|-1.17|0.80|-1.54|18.64|18.58|18.95|18.51|2.71|18.80|2548200|48139124.00|1|0.0000|0.0000|0.0000|0|18.80
理工光科|300557|-0.73|1293720|41942176.00|-1.10|0.67|-1.96|32.42|32.30|32.88|32.02|1.29|32.66|1060890|34888240.00|1|0.0000|0.0000|0.0000|0|32.66
贝达药业|300558|-0.47|6324800|344026976.00|-0.47|1.84|-2.34|54.52|54.52|55.79|53.50|6.32|54.78|8276349|455467456.00|1|0.0000|0.0000|0.0000|0|54.78
佳发教育|300559|-1.06|3850900|43317436.00|-1.86|0.71|-1.86|11.20|11.11|11.40|11.11|3.85|11.32|3361800|38212484.00|1|0.0000|0.0000|0.0000|0|11.32
中富通|300560|-0.47|4177600|52632328.00|-0.47|0.95|-1.66|12.60|12.60|12.78|12.45|4.18|12.66|2758500|35145792.00|1|0.0000|0.0000|0.0000|0|12.66
*ST汇科|300561|-0.91|79324894|1618018816.00|-15.14|15.28|-15.14|21.66|18.55|25.20|18.55|79.32|21.86|1343600|29371096.00|1|0.0000|0.0000|0.0000|0|21.86
乐心医疗|300562|-2.43|15168005|248058080.00|-1.03|2.37|-2.91|16.07|16.30|16.86|15.99|15.17|16.47|16918105|277769152.00|1|0.0000|0.0000|0.0000|0|16.47
神宇股份|300563|-1.92|4563558|178169472.00|-1.47|0.61|-3.44|38.82|39.00|39.82|38.22|4.56|39.58|3402340|135606528.00|1|0.0000|0.0000|0.0000|0|39.58
筑博设计|300564|1.83|3293080|40094792.00|-1.50|4.07|-1.50|12.25|11.85|12.52|11.85|3.29|12.03|1866620|22439226.00|1|0.0000|0.0000|0.0000|0|12.03
科信技术|300565|-2.49|9005000|106329680.00|-1.41|0.00|-3.16|11.73|11.86|12.03|11.65|9.01|12.03|7934880|96696144.00|1|0.0000|0.0000|0.0000|0|12.03
激智科技|300566|-2.96|6944500|137938464.00|-1.28|0.39|-3.70|19.66|20.00|20.34|19.51|6.94|20.26|4586150|93668288.00|1|0.0000|0.0000|0.0000|0|20.26
精测电子|300567|-1.60|7767051|527226944.00|-0.99|0.67|-3.73|67.74|68.16|69.30|66.27|7.77|68.84|9720195|674478144.00|1|0.0000|0.0000|0.0000|0|68.84
星源材质|300568|-1.93|17880071|182481584.00|-0.97|0.39|-2.42|10.14|10.24|10.38|10.09|17.88|10.34|13360352|138259744.00|1|0.0000|0.0000|0.0000|0|10.34
天能重工|300569|-1.98|40666994|202774592.00|-0.79|0.59|-2.77|4.95|5.01|5.08|4.91|40.67|5.05|39116440|199148880.00|1|0.0000|0.0000|0.0000|0|5.05
太辰光|300570|-5.56|13774910|1098169472.00|-3.34|-2.18|-6.75|78.88|80.73|81.70|77.88|13.77|83.52|12406986|1042368128.00|1|0.0000|0.0000|0.0000|0|83.52
平治信息|300571|-1.53|3318800|99072176.00|-1.13|0.70|-2.46|29.68|29.80|30.35|29.40|3.32|30.14|3902700|118903824.00|1|0.0000|0.0000|0.0000|0|30.14
安车检测|300572|-1.40|2764700|48458648.00|-1.68|-0.28|-3.03|17.60|17.55|17.80|17.31|2.76|17.85|3005601|53318748.00|1|0.0000|0.0000|0.0000|0|17.85
兴齐眼药|300573|-1.11|4103125|322065984.00|-1.39|1.06|-1.95|78.16|77.94|79.88|77.50|4.10|79.04|6955735|556061440.00|1|0.0000|0.0000|0.0000|0|79.04
中旗股份|300575|-0.77|15552131|100743168.00|-0.92|2.62|-1.69|6.44|6.43|6.66|6.38|15.55|6.49|17303282|111241104.00|1|0.0000|0.0000|0.0000|0|6.49
容大感光|300576|-1.35|5750260|250882496.00|-1.02|0.81|-3.43|43.72|43.87|44.68|42.80|5.75|44.32|6232169|277950528.00|1|0.0000|0.0000|0.0000|0|44.32
开润股份|300577|-8.02|9023300|203103184.00|-1.33|-1.29|-8.60|22.14|23.75|23.76|22.00|9.02|24.07|7260500|174493232.00|1|0.0000|0.0000|0.0000|0|24.07
会畅科技|300578|-0.41|2940900|56529672.00|-1.19|0.62|-1.56|19.20|19.05|19.40|18.98|2.94|19.28|2698100|52083276.00|1|0.0000|0.0000|0.0000|0|19.28
数字认证|300579|-0.56|2826320|80450600.00|-1.05|0.74|-1.54|28.39|28.25|28.76|28.11|2.83|28.55|3332600|95064144.00|1|0.0000|0.0000|0.0000|0|28.55
贝斯特|300580|-2.84|12936368|372237184.00|-1.71|1.71|-3.39|28.40|28.73|29.73|28.24|12.94|29.23|17293027|507626880.00|1|0.0000|0.0000|0.0000|0|29.23
晨曦航空|300581|-0.71|6494086|63359940.00|-0.51|1.02|-1.63|9.73|9.75|9.90|9.64|6.49|9.80|8753576|86173584.00|1|0.0000|0.0000|0.0000|0|9.80
英飞特|300582|1.62|3863100|50398268.00|-1.08|2.16|-1.08|13.15|12.80|13.22|12.80|3.86|12.94|2882860|37518964.00|1|0.0000|0.0000|0.0000|0|12.94
赛托生物|300583|0.20|2390020|59248584.00|-1.29|1.94|-2.43|24.77|24.40|25.20|24.12|2.39|24.72|1591900|39548476.00|1|0.0000|0.0000|0.0000|0|24.72
海辰药业|300584|-0.63|3343100|69197912.00|-1.31|1.84|-1.50|20.51|20.37|21.02|20.33|3.34|20.64|4837300|100297072.00|1|0.0000|0.0000|0.0000|0|20.64
奥联电子|300585|-2.47|3976700|58135200.00|-1.20|0.33|-4.21|14.60|14.79|15.02|14.34|3.98|14.97|2284900|34375848.00|1|0.0000|0.0000|0.0000|0|14.97
美联新材|300586|-0.11|9041630|79267536.00|-1.14|0.68|-2.05|8.79|8.70|8.86|8.62|9.04|8.80|10330630|92114304.00|1|0.0000|0.0000|0.0000|0|8.80
天铁科技|300587|-0.59|55791735|280040800.00|-1.97|0.99|-3.16|5.04|4.97|5.12|4.91|55.79|5.07|82387074|418364896.00|1|0.0000|0.0000|0.0000|0|5.07
熙菱信息|300588|-0.57|3019620|37191936.00|-0.65|0.81|-1.94|12.30|12.29|12.47|12.13|3.02|12.37|2182980|26967978.00|1|0.0000|0.0000|0.0000|0|12.37
江龙船艇|300589|-3.07|14100452|179566976.00|-0.38|0.08|-3.99|12.62|12.97|13.03|12.50|14.10|13.02|17783642|231806640.00|1|0.0000|0.0000|0.0000|0|13.02
移为通信|300590|-2.36|7302958|100483600.00|-1.50|0.79|-3.01|13.63|13.75|14.07|13.54|7.30|13.96|6195080|86927144.00|1|0.0000|0.0000|0.0000|0|13.96
万里马|300591|-2.34|16629250|77223144.00|-1.06|1.70|-2.97|4.60|4.66|4.79|4.57|16.63|4.71|13777200|65291436.00|1|0.0000|0.0000|0.0000|0|4.71
华凯易佰|300592|-0.97|3799130|46461072.00|-1.05|0.49|-2.11|12.21|12.20|12.39|12.07|3.80|12.33|3131200|38816128.00|1|0.0000|0.0000|0.0000|0|12.33
新雷能|300593|-0.70|8753099|123995704.00|-0.99|2.32|-2.25|14.11|14.07|14.54|13.89|8.75|14.21|7855107|112477600.00|1|0.0000|0.0000|0.0000|0|14.21
朗进科技|300594|0.24|2058700|34048104.00|-0.18|2.49|-2.00|16.53|16.46|16.90|16.16|2.06|16.49|1393600|23195536.00|1|0.0000|0.0000|0.0000|0|16.49
欧普康视|300595|-0.44|6469955|103690920.00|-0.93|1.25|-1.06|15.98|15.90|16.25|15.88|6.47|16.05|5606294|90270512.00|1|0.0000|0.0000|0.0000|0|16.05
利安隆|300596|-2.95|3364802|100479848.00|-1.77|-0.23|-3.47|29.62|29.98|30.45|29.46|3.36|30.52|1918700|58692280.00|1|0.0000|0.0000|0.0000|0|30.52
吉大通信|300597|-0.44|4590400|41928200.00|-1.09|0.65|-1.96|9.15|9.09|9.25|9.01|4.59|9.19|4780817|44051432.00|1|0.0000|0.0000|0.0000|0|9.19
诚迈科技|300598|0.70|4004261|185090240.00|-0.98|1.55|-1.39|46.24|45.47|46.63|45.28|4.00|45.92|2216840|101753088.00|1|0.0000|0.0000|0.0000|0|45.92
雄塑科技|300599|-0.86|3473601|24039086.00|-0.86|1.15|-2.01|6.90|6.90|7.04|6.82|3.47|6.96|2648150|18563842.00|1|0.0000|0.0000|0.0000|0|6.96
国瑞科技|300600|0.24|2188100|18010000.00|-0.73|0.36|-1.93|8.29|8.21|8.30|8.11|2.19|8.27|1691448|13955571.00|1|0.0000|0.0000|0.0000|0|8.27
康泰生物|300601|0.39|13305564|207520944.00|-0.84|2.25|-1.09|15.59|15.40|15.88|15.36|13.31|15.53|12404340|193725776.00|1|0.0000|0.0000|0.0000|0|15.53
飞荣达|300602|-2.82|8853065|185301872.00|-1.13|0.56|-3.48|20.64|21.00|21.36|20.50|8.85|21.24|9571812|203623040.00|1|0.0000|0.0000|0.0000|0|21.24
立昂技术|300603|-1.42|13059562|154530208.00|-2.01|1.26|-2.43|11.77|11.70|12.09|11.65|13.06|11.94|13621655|163636768.00|1|0.0000|0.0000|0.0000|0|11.94
长川科技|300604|0.52|10849008|459795904.00|-0.59|1.49|-0.81|42.37|41.90|42.78|41.81|10.85|42.15|7929214|334168000.00|1|0.0000|0.0000|0.0000|0|42.15
恒锋信息|300605|-1.02|4160600|56900620.00|-1.67|1.31|-2.04|13.61|13.52|13.93|13.47|4.16|13.75|3389900|47028296.00|1|0.0000|0.0000|0.0000|0|13.75
金太阳|300606|-1.77|1926600|35338524.00|-1.13|0.48|-2.90|18.28|18.40|18.70|18.07|1.93|18.61|1376700|25625332.00|1|0.0000|0.0000|0.0000|0|18.61
拓斯达|300607|-2.53|14087871|412016736.00|-1.66|1.32|-2.97|28.85|29.11|29.99|28.72|14.09|29.60|13941388|415333824.00|1|0.0000|0.0000|0.0000|0|29.60
思特奇|300608|-2.59|10429892|122703544.00|-1.34|0.50|-3.26|11.65|11.80|12.02|11.57|10.43|11.96|16469829|198437904.00|1|0.0000|0.0000|0.0000|0|11.96
汇纳科技|300609|-0.28|4332800|124022808.00|-0.97|0.76|-1.49|28.70|28.50|29.00|28.35|4.33|28.78|4963570|141248480.00|1|0.0000|0.0000|0.0000|0|28.78
晨化股份|300610|-1.85|9344678|98793568.00|-1.48|-0.19|-4.54|10.60|10.64|10.78|10.31|9.34|10.80|12012630|129975840.00|1|0.0000|0.0000|0.0000|0|10.80
美力科技|300611|-8.76|35677384|1025480640.00|-3.66|1.24|-9.18|27.92|29.48|30.98|27.79|35.68|30.60|36557313|1143494784.00|1|0.0000|0.0000|0.0000|0|30.60
宣亚国际|300612|0.07|3509200|50899416.00|-1.10|0.83|-1.52|14.53|14.36|14.64|14.30|3.51|14.52|3220000|46876044.00|1|0.0000|0.0000|0.0000|0|14.52
富瀚微|300613|-2.72|3841933|212750768.00|-1.37|0.78|-3.25|54.79|55.55|56.76|54.49|3.84|56.32|2990797|168739392.00|1|0.0000|0.0000|0.0000|0|56.32
百川畅银|300614|0.08|3246616|38431172.00|-0.76|1.94|-1.86|11.84|11.74|12.06|11.61|3.25|11.83|3603768|42571996.00|1|0.0000|0.0000|0.0000|0|11.83
欣天科技|300615|-1.03|3712800|46218988.00|-0.40|0.16|-2.38|12.46|12.54|12.61|12.29|3.71|12.59|3608000|45458984.00|1|0.0000|0.0000|0.0000|0|12.59
尚品宅配|300616|0.00|2270100|28468728.00|-1.04|1.28|-1.04|12.51|12.38|12.67|12.38|2.27|12.51|2419300|30318712.00|1|0.0000|0.0000|0.0000|0|12.51
安靠智电|300617|-0.40|2108800|62736796.00|-0.57|1.01|-1.54|29.73|29.68|30.15|29.39|2.11|29.85|1592990|47736572.00|1|0.0000|0.0000|0.0000|0|29.85
寒锐钴业|300618|-1.14|4373240|156465120.00|-1.47|0.30|-1.58|35.67|35.55|36.19|35.51|4.37|36.08|3164400|114604560.00|1|0.0000|0.0000|0.0000|0|36.08
金银河|300619|-3.27|3209503|87646448.00|-0.57|-0.36|-4.56|27.18|27.94|28.00|26.82|3.21|28.10|4853773|136606064.00|1|0.0000|0.0000|0.0000|0|28.10
光库科技|300620|-4.17|5562283|249067024.00|-2.66|-0.50|-5.56|44.30|45.00|46.00|43.66|5.56|46.23|3745000|174432592.00|1|0.0000|0.0000|0.0000|0|46.23
维业股份|300621|-0.34|3178365|27582610.00|-1.03|0.34|-1.60|8.71|8.65|8.77|8.60|3.18|8.74|3121615|27280834.00|1|0.0000|0.0000|0.0000|0|8.74
博士眼镜|300622|-2.97|6431079|281069760.00|-1.01|0.38|-3.26|43.13|44.00|44.62|43.00|6.43|44.45|5093300|226534064.00|1|0.0000|0.0000|0.0000|0|44.45
捷捷微电|300623|-2.24|11982490|374294112.00|-0.85|0.73|-2.62|30.92|31.36|31.86|30.80|11.98|31.63|9108156|286766624.00|1|0.0000|0.0000|0.0000|0|31.63
万兴科技|300624|-1.55|3714509|228538592.00|-1.76|0.19|-2.61|61.41|61.28|62.50|60.75|3.71|62.38|5906411|368713728.00|1|0.0000|0.0000|0.0000|0|62.38
三雄极光|300625|-0.34|1251462|14452264.00|-0.69|0.52|-2.32|11.59|11.55|11.69|11.36|1.25|11.63|1161500|13501449.00|1|0.0000|0.0000|0.0000|0|11.63
华瑞股份|300626|-2.27|5790000|57636240.00|-1.48|1.09|-4.05|9.90|9.98|10.24|9.72|5.79|10.13|4477740|45489936.00|1|0.0000|0.0000|0.0000|0|10.13
华测导航|300627|-2.76|5915327|238220624.00|-0.80|0.70|-3.73|40.20|41.01|41.63|39.80|5.92|41.34|5115857|211670160.00|1|0.0000|0.0000|0.0000|0|41.34
亿联网络|300628|-6.32|16985916|645358208.00|-1.19|-1.19|-6.79|37.83|39.90|39.90|37.64|16.99|40.38|5092897|206174912.00|1|0.0000|0.0000|0.0000|0|40.38
新劲刚|300629|-0.60|4697750|92860072.00|-1.36|0.96|-1.76|19.75|19.60|20.06|19.52|4.70|19.87|4973433|99112296.00|1|0.0000|0.0000|0.0000|0|19.87
久吾高科|300631|-0.82|1347700|29210954.00|0.00|0.27|-2.47|21.68|21.86|21.92|21.32|1.35|21.86|999869|21885932.00|1|0.0000|0.0000|0.0000|0|21.86
光莆股份|300632|-1.87|4344011|54998760.00|-1.63|0.00|-2.88|12.61|12.64|12.85|12.48|4.34|12.85|3365100|43380856.00|1|0.0000|0.0000|0.0000|0|12.85
开立医疗|300633|-1.69|4856666|149043344.00|0.45|2.11|-2.37|30.33|30.99|31.50|30.12|4.86|30.85|4656300|143826576.00|1|0.0000|0.0000|0.0000|0|30.85
彩讯股份|300634|-2.06|8523374|220242096.00|-1.41|0.53|-2.48|25.63|25.80|26.31|25.52|8.52|26.17|8602147|225636128.00|1|0.0000|0.0000|0.0000|0|26.17
中达安|300635|0.30|2331888|23298164.00|-1.20|1.00|-1.60|10.01|9.86|10.08|9.82|2.33|9.98|1998388|19964304.00|1|0.0000|0.0000|0.0000|0|9.98
同和药业|300636|-0.12|10373505|83074048.00|-0.75|1.37|-1.25|8.00|7.95|8.12|7.91|10.37|8.01|9821870|78356368.00|1|0.0000|0.0000|0.0000|0|8.01
扬帆新材|300637|-1.15|5549300|52511212.00|-1.04|1.04|-2.93|9.46|9.47|9.67|9.29|5.55|9.57|5741600|55547344.00|1|0.0000|0.0000|0.0000|0|9.57
广和通|300638|-8.85|60293228|1804802048.00|-3.11|-1.38|-9.50|29.06|30.89|31.44|28.85|60.29|31.88|34317922|1098328448.00|1|0.0000|0.0000|0.0000|0|31.88
凯普生物|300639|0.35|6657175|38633532.00|-0.87|2.43|-0.87|5.77|5.70|5.89|5.70|6.66|5.75|4686015|27077156.00|1|0.0000|0.0000|0.0000|0|5.75
德艺文创|300640|-0.55|7266350|39441212.00|-1.65|0.92|-1.65|5.43|5.37|5.51|5.37|7.27|5.46|5082250|27897676.00|1|0.0000|0.0000|0.0000|0|5.46
正丹股份|300641|4.15|42725523|1171968000.00|-0.95|8.88|-1.33|27.34|26.00|28.58|25.90|42.73|26.25|16704500|440663616.00|1|0.0000|0.0000|0.0000|0|26.25
透景生命|300642|-0.87|2567500|38364644.00|0.00|1.33|-1.93|14.86|14.99|15.19|14.70|2.57|14.99|2868700|43149128.00|1|0.0000|0.0000|0.0000|0|14.99
万通智控|300643|-5.54|16473543|265197920.00|-1.61|0.42|-7.74|15.87|16.53|16.87|15.50|16.47|16.80|21742844|364506144.00|1|0.0000|0.0000|0.0000|0|16.80
南京聚隆|300644|-2.99|3340200|77341064.00|-0.88|0.42|-4.13|23.02|23.52|23.83|22.75|3.34|23.73|2174600|51727264.00|1|0.0000|0.0000|0.0000|0|23.73
正元智慧|300645|-0.87|2550000|37734060.00|-0.47|0.87|-2.22|14.76|14.82|15.02|14.56|2.55|14.89|2537099|37891204.00|1|0.0000|0.0000|0.0000|0|14.89
超频三|300647|0.00|7522100|43167184.00|-0.87|0.87|-1.91|5.75|5.70|5.80|5.64|7.52|5.75|8414600|48846912.00|1|0.0000|0.0000|0.0000|0|5.75
星云股份|300648|-3.90|4072700|103186976.00|-1.64|0.73|-6.20|25.12|25.71|26.33|24.52|4.07|26.14|4391827|115608280.00|1|0.0000|0.0000|0.0000|0|26.14
杭州园林|300649|-0.27|2016569|22518832.00|-0.89|0.98|-1.87|11.19|11.12|11.33|11.01|2.02|11.22|2380369|27005300.00|1|0.0000|0.0000|0.0000|0|11.22
太龙股份|300650|0.44|9573570|131185384.00|-1.31|1.23|-2.32|13.84|13.60|13.95|13.46|9.57|13.78|7309860|101077136.00|1|0.0000|0.0000|0.0000|0|13.78
金陵体育|300651|-1.23|2439100|33336336.00|-1.15|0.29|-3.03|13.69|13.70|13.90|13.44|2.44|13.86|2873510|39840108.00|1|0.0000|0.0000|0.0000|0|13.86
雷迪克|300652|0.04|5548151|254203088.00|1.16|3.12|-2.60|45.80|46.31|47.21|44.59|5.55|45.78|6930317|314485408.00|1|0.0000|0.0000|0.0000|0|45.78
正海生物|300653|-0.60|2231640|51708712.00|-0.69|0.82|-1.68|23.13|23.11|23.46|22.88|2.23|23.27|2925850|68027464.00|1|0.0000|0.0000|0.0000|0|23.27
世纪天鸿|300654|0.00|8529127|92132840.00|-1.58|1.67|-2.04|10.76|10.59|10.94|10.54|8.53|10.76|8367897|90610240.00|1|0.0000|0.0000|0.0000|0|10.76
晶瑞电材|300655|-2.61|26149698|216553312.00|-1.42|0.59|-3.67|8.22|8.32|8.49|8.13|26.15|8.44|25579996|219246432.00|1|0.0000|0.0000|0.0000|0|8.44
民德电子|300656|-1.49|1047283|24356258.00|-1.70|0.47|-2.51|23.16|23.11|23.62|22.92|1.05|23.51|910483|21506820.00|1|0.0000|0.0000|0.0000|0|23.51
弘信电子|300657|-3.40|39608925|1315613568.00|-2.08|0.94|-4.61|32.91|33.36|34.39|32.50|39.61|34.07|34228871|1173894272.00|1|0.0000|0.0000|0.0000|0|34.07
延江股份|300658|-0.34|6685260|39517268.00|0.17|2.03|-1.52|5.89|5.92|6.03|5.82|6.69|5.91|6727480|39756512.00|1|0.0000|0.0000|0.0000|0|5.91
中孚信息|300659|-1.66|4721556|76123208.00|-1.60|0.74|-2.33|16.03|16.04|16.42|15.92|4.72|16.30|4856860|79808048.00|1|0.0000|0.0000|0.0000|0|16.30
江苏雷利|300660|-3.84|5763510|309375840.00|-2.20|0.65|-4.04|52.86|53.76|55.33|52.75|5.76|54.97|5453073|300231520.00|1|0.0000|0.0000|0.0000|0|54.97
圣邦股份|300661|3.67|12132332|1120955520.00|-0.85|6.50|-0.95|91.85|87.85|94.36|87.76|12.13|88.60|4203383|370931456.00|1|0.0000|0.0000|0.0000|0|88.60
科锐国际|300662|-2.54|3953000|127797744.00|-1.60|0.27|-4.20|32.22|32.53|33.15|31.67|3.95|33.06|3290720|109280104.00|1|0.0000|0.0000|0.0000|0|33.06
科蓝软件|300663|-0.25|8217806|129800128.00|-1.14|1.46|-1.77|15.74|15.60|16.01|15.50|8.22|15.78|5956445|94262624.00|1|0.0000|0.0000|0.0000|0|15.78
鹏鹞环保|300664|1.17|8603150|44540696.00|-0.78|1.56|-1.17|5.20|5.10|5.22|5.08|8.60|5.14|6109050|31503608.00|1|0.0000|0.0000|0.0000|0|5.14
飞鹿股份|300665|0.00|4390240|28935764.00|-0.91|0.76|-1.96|6.62|6.56|6.67|6.49|4.39|6.62|4075800|27102594.00|1|0.0000|0.0000|0.0000|0|6.62
江丰电子|300666|-0.74|7449400|542712832.00|-1.30|1.07|-3.68|73.46|73.05|74.80|71.29|7.45|74.01|5070071|376711648.00|1|0.0000|0.0000|0.0000|0|74.01
必创科技|300667|0.73|6119643|100647832.00|-0.37|2.38|-1.22|16.48|16.30|16.75|16.16|6.12|16.36|8504400|143114656.00|1|0.0000|0.0000|0.0000|0|16.36
杰恩设计|300668|0.06|625200|11063229.00|-0.67|0.39|-1.46|17.83|17.70|17.89|17.56|0.63|17.82|707100|12654188.00|1|0.0000|0.0000|0.0000|0|17.82
沪宁股份|300669|2.88|1526650|32040012.00|-0.34|3.37|-1.39|21.40|20.73|21.50|20.51|1.53|20.80|817590|17117440.00|1|0.0000|0.0000|0.0000|0|20.80
大烨智能|300670|-0.63|4587800|28743960.00|-1.27|0.63|-2.37|6.28|6.24|6.36|6.17|4.59|6.32|3810750|24267386.00|1|0.0000|0.0000|0.0000|0|6.32
富满微|300671|-0.50|4406785|122575304.00|-0.04|1.98|-1.26|27.64|27.77|28.33|27.43|4.41|27.78|4447540|123784312.00|1|0.0000|0.0000|0.0000|0|27.78
国科微|300672|-1.71|3501350|239210416.00|-0.87|1.00|-2.44|67.66|68.24|69.53|67.16|3.50|68.84|2564700|176654352.00|1|0.0000|0.0000|0.0000|0|68.84
佩蒂股份|300673|-12.14|20720995|325765728.00|-4.84|-4.84|-13.68|15.42|16.70|16.70|15.15|20.72|17.55|5504650|97076192.00|1|0.0000|0.0000|0.0000|0|17.55
宇信科技|300674|-1.62|13094093|313565792.00|-1.49|0.95|-1.78|23.72|23.75|24.34|23.68|13.09|24.11|11610146|280576800.00|1|0.0000|0.0000|0.0000|0|24.11
建科院|300675|0.41|1698067|24770914.00|-0.82|0.82|-1.37|14.67|14.49|14.73|14.41|1.70|14.61|1535300|22509304.00|1|0.0000|0.0000|0.0000|0|14.61
华大基因|300676|-2.55|4094499|214726848.00|-1.28|0.53|-2.76|51.92|52.60|53.56|51.81|4.09|53.28|3770097|200283296.00|1|0.0000|0.0000|0.0000|0|53.28
英科医疗|300677|-2.14|11526274|279503168.00|-0.89|0.16|-2.87|24.18|24.49|24.75|24.00|11.53|24.71|8413501|208392960.00|1|0.0000|0.0000|0.0000|0|24.71
中科信息|300678|-1.27|4131016|135986560.00|-0.70|1.30|-1.69|32.64|32.83|33.49|32.50|4.13|33.06|3325454|110428864.00|1|0.0000|0.0000|0.0000|0|33.06
电连技术|300679|-3.69|8606189|462326784.00|-1.80|-0.64|-6.43|54.06|55.12|55.77|52.52|8.61|56.13|5622455|320146560.00|1|0.0000|0.0000|0.0000|0|56.13
隆盛科技|300680|-4.45|10236766|407397440.00|-2.30|1.00|-4.94|39.10|39.98|41.33|38.90|10.24|40.92|12740343|514775168.00|1|0.0000|0.0000|0.0000|0|40.92
英搏尔|300681|-3.84|12115000|396515168.00|-2.01|-0.03|-5.74|32.52|33.14|33.81|31.88|12.12|33.82|11608979|396546688.00|1|0.0000|0.0000|0.0000|0|33.82
朗新集团|300682|-1.94|9871250|130978848.00|-0.90|1.27|-2.62|13.12|13.26|13.55|13.03|9.87|13.38|16172627|215333152.00|1|0.0000|0.0000|0.0000|0|13.38
海特生物|300683|2.39|5025222|125988928.00|-0.66|7.54|-0.66|24.86|24.12|26.11|24.12|5.03|24.28|2606525|62761892.00|1|0.0000|0.0000|0.0000|0|24.28
中石科技|300684|1.26|16169657|422460544.00|-1.64|1.83|-2.29|26.51|25.75|26.66|25.58|16.17|26.18|9670078|252156432.00|1|0.0000|0.0000|0.0000|0|26.18
艾德生物|300685|-1.08|4359634|100467392.00|-0.61|1.69|-1.43|22.89|23.00|23.53|22.81|4.36|23.14|4067240|94283480.00|1|0.0000|0.0000|0.0000|0|23.14
智动力|300686|-0.84|3938900|32387018.00|-1.21|0.60|-2.29|8.22|8.19|8.34|8.10|3.94|8.29|3169800|26408500.00|1|0.0000|0.0000|0.0000|0|8.29
赛意信息|300687|-5.41|37687978|1128922240.00|-0.68|0.77|-6.37|29.40|30.87|31.32|29.10|37.69|31.08|40035581|1255186560.00|1|0.0000|0.0000|0.0000|0|31.08
创业黑马|300688|-1.17|2834201|81310432.00|-1.35|0.14|-2.18|28.61|28.56|28.99|28.32|2.83|28.95|2645904|76795696.00|1|0.0000|0.0000|0.0000|0|28.95
澄天伟业|300689|-1.62|600100|19602894.00|-0.99|-0.09|-3.52|32.70|32.91|33.21|32.07|0.60|33.24|600730|19854086.00|1|0.0000|0.0000|0.0000|0|33.24
双一科技|300690|-2.00|2382100|51681836.00|-1.23|0.50|-2.55|21.53|21.70|22.08|21.41|2.38|21.97|2720100|59896204.00|1|0.0000|0.0000|0.0000|0|21.97
联合光电|300691|-2.60|6776392|132387832.00|-1.25|0.00|-4.70|19.48|19.75|20.00|19.06|6.78|20.00|4407500|88758464.00|1|0.0000|0.0000|0.0000|0|20.00
中环环保|300692|-1.07|6200440|40116728.00|-1.68|0.31|-2.75|6.48|6.44|6.57|6.37|6.20|6.55|7530460|49021772.00|1|0.0000|0.0000|0.0000|0|6.55
盛弘股份|300693|-8.52|19040673|640856320.00|-1.14|0.19|-9.49|32.87|35.52|36.00|32.52|19.04|35.93|7859465|282616992.00|1|0.0000|0.0000|0.0000|0|35.93
蠡湖股份|300694|-1.20|3384788|47591812.00|-1.55|0.14|-2.04|14.04|13.99|14.23|13.92|3.38|14.21|4199100|60173516.00|1|0.0000|0.0000|0.0000|0|14.21
兆丰股份|300695|-4.07|1562300|104677800.00|-1.18|-0.04|-4.33|66.01|68.00|68.78|65.83|1.56|68.81|1707809|117866024.00|1|0.0000|0.0000|0.0000|0|68.81
爱乐达|300696|-0.76|2401840|37694116.00|-1.02|1.33|-1.59|15.63|15.59|15.96|15.50|2.40|15.75|3072640|48596912.00|1|0.0000|0.0000|0.0000|0|15.75
电工合金|300697|-2.03|16388872|253635216.00|-1.40|0.32|-3.69|15.41|15.51|15.78|15.15|16.39|15.73|18047564|285894624.00|1|0.0000|0.0000|0.0000|0|15.73
万马科技|300698|-2.42|1893200|72118984.00|-1.18|0.23|-3.78|37.90|38.38|38.93|37.37|1.89|38.84|1642500|64006416.00|1|0.0000|0.0000|0.0000|0|38.84
光威复材|300699|-0.39|6825482|211488864.00|-1.10|0.74|-1.23|30.90|30.68|31.25|30.64|6.83|31.02|8221720|255763088.00|1|0.0000|0.0000|0.0000|0|31.02
岱勒新材|300700|-1.86|17704760|170382608.00|-0.10|4.04|-4.45|9.48|9.65|10.05|9.23|17.70|9.66|17019190|165787872.00|1|0.0000|0.0000|0.0000|0|9.66
森霸传感|300701|-2.04|5625900|59347220.00|-0.93|0.19|-4.00|10.54|10.66|10.78|10.33|5.63|10.76|4719975|50933528.00|1|0.0000|0.0000|0.0000|0|10.76
天宇股份|300702|-1.92|3945080|79070520.00|-1.48|1.43|-3.00|19.91|20.00|20.59|19.69|3.95|20.30|5150520|104643936.00|1|0.0000|0.0000|0.0000|0|20.30
创源股份|300703|-1.50|4095500|56897896.00|-2.28|0.43|-2.28|13.81|13.70|14.08|13.70|4.10|14.02|4287275|60859600.00|1|0.0000|0.0000|0.0000|0|14.02
九典制药|300705|0.32|26684032|498960096.00|-0.69|1.18|-1.50|18.78|18.59|18.94|18.44|26.68|18.72|28710812|538307200.00|1|0.0000|0.0000|0.0000|0|18.72
阿石创|300706|-1.65|2311500|51078716.00|-1.29|0.27|-3.07|22.07|22.15|22.50|21.75|2.31|22.44|2040700|46061244.00|1|0.0000|0.0000|0.0000|0|22.44
威唐工业|300707|3.20|19559960|317683136.00|-1.13|4.51|-2.88|16.47|15.78|16.68|15.50|19.56|15.96|11877860|190723872.00|1|0.0000|0.0000|0.0000|0|15.96
聚灿光电|300708|2.69|22816949|278349120.00|-0.59|3.70|-1.01|12.21|11.82|12.33|11.77|22.82|11.89|8408689|99935616.00|1|0.0000|0.0000|0.0000|0|11.89
精研科技|300709|-2.76|4671640|181411536.00|-1.72|-0.33|-2.83|38.44|38.85|39.40|38.41|4.67|39.53|5437434|214677536.00|1|0.0000|0.0000|0.0000|0|39.53
万隆光电|300710|-1.49|2373420|42413112.00|-0.99|0.72|-3.04|17.84|17.93|18.24|17.56|2.37|18.11|2774565|51275796.00|1|0.0000|0.0000|0.0000|0|18.11
广哈通信|300711|-1.65|2829988|62861040.00|-0.80|0.49|-2.54|22.11|22.30|22.59|21.91|2.83|22.48|3046200|69136456.00|1|0.0000|0.0000|0.0000|0|22.48
永福股份|300712|-1.14|1643862|40139204.00|-0.81|0.37|-2.11|24.33|24.41|24.70|24.09|1.64|24.61|1593750|39110952.00|1|0.0000|0.0000|0.0000|0|24.61
英可瑞|300713|-1.34|4408700|68485472.00|-0.76|0.32|-2.67|15.50|15.59|15.76|15.29|4.41|15.71|3752600|59305840.00|1|0.0000|0.0000|0.0000|0|15.71
凯伦股份|300715|-13.91|20416754|241112432.00|1.09|2.41|-14.22|11.08|13.01|13.18|11.04|20.42|12.87|14660559|184630448.00|1|0.0000|0.0000|0.0000|0|12.87
ST泉为|300716|0.96|2451850|25434594.00|-0.58|1.06|-2.02|10.51|10.35|10.52|10.20|2.45|10.41|2004350|21039274.00|1|0.0000|0.0000|0.0000|0|10.41
华信新材|300717|0.58|1763600|27241372.00|1.94|2.07|-1.81|15.54|15.75|15.77|15.17|1.76|15.45|1278600|19843028.00|1|0.0000|0.0000|0.0000|0|15.45
长盛轴承|300718|-2.50|13273093|1077571968.00|0.13|1.78|-2.67|79.84|82.00|83.35|79.70|13.27|81.89|12607169|1040216960.00|1|0.0000|0.0000|0.0000|0|81.89
安达维尔|300719|-0.85|2310900|37857664.00|-1.03|0.79|-1.64|16.33|16.30|16.60|16.20|2.31|16.47|2959600|49060496.00|1|0.0000|0.0000|0.0000|0|16.47
海川智能|300720|-3.39|4239300|86651216.00|-1.19|0.05|-4.39|20.23|20.69|20.95|20.02|4.24|20.94|3717374|78180392.00|1|0.0000|0.0000|0.0000|0|20.94
怡达股份|300721|2.33|24782640|354208992.00|-0.92|4.31|-2.61|14.48|14.02|14.76|13.78|24.78|14.15|18287874|261105520.00|1|0.0000|0.0000|0.0000|0|14.15
新余国科|300722|0.18|4846768|133907240.00|-0.90|1.63|-1.34|27.68|27.38|28.08|27.26|4.85|27.63|4586658|127337288.00|1|0.0000|0.0000|0.0000|0|27.63
一品红|300723|3.83|17193648|508112448.00|-2.90|7.98|-2.90|30.06|28.11|31.26|28.11|17.19|28.95|14803979|427980160.00|1|0.0000|0.0000|0.0000|0|28.95
捷佳伟创|300724|-2.42|6186758|376578208.00|-0.87|-0.08|-2.96|60.40|61.36|61.85|60.07|6.19|61.90|3702791|229717920.00|1|0.0000|0.0000|0.0000|0|61.90
药石科技|300725|-2.80|6915017|253546224.00|-1.24|1.78|-3.18|36.04|36.62|37.74|35.90|6.92|37.08|6267160|230833072.00|1|0.0000|0.0000|0.0000|0|37.08
宏达电子|300726|-0.55|10922700|442152832.00|1.72|3.21|-0.97|39.99|40.90|41.50|39.82|10.92|40.21|11691490|468426880.00|1|0.0000|0.0000|0.0000|0|40.21
润禾材料|300727|-6.23|4461820|171956528.00|-1.71|-0.17|-6.67|37.80|39.62|40.24|37.62|4.46|40.31|1729901|70041848.00|1|0.0000|0.0000|0.0000|0|40.31
乐歌股份|300729|-5.11|10362505|153206576.00|-2.13|-2.13|-5.82|14.67|15.13|15.13|14.56|10.36|15.46|2870401|44327500.00|1|0.0000|0.0000|0.0000|0|15.46
科创信息|300730|-0.91|3328200|43743856.00|-1.14|0.91|-1.89|13.08|13.05|13.32|12.95|3.33|13.20|3983750|52836816.00|1|0.0000|0.0000|0.0000|0|13.20
科创新源|300731|-3.37|7169400|184646432.00|-1.48|-0.08|-4.69|25.55|26.05|26.42|25.20|7.17|26.44|7679600|206650464.00|1|0.0000|0.0000|0.0000|0|26.44
设研院|300732|0.77|3925386|25613406.00|-0.77|0.92|-1.23|6.56|6.46|6.57|6.43|3.93|6.51|3189560|20776152.00|1|0.0000|0.0000|0.0000|0|6.51
西菱动力|300733|0.80|5999729|98093408.00|-1.16|1.96|-2.02|16.48|16.16|16.67|16.02|6.00|16.35|5490380|88737128.00|1|0.0000|0.0000|0.0000|0|16.35
光弘科技|300735|-2.32|11094949|296668000.00|-1.66|0.22|-2.80|26.54|26.72|27.23|26.41|11.09|27.17|8222824|223883216.00|1|0.0000|0.0000|0.0000|0|27.17
百邦科技|300736|-0.46|4150060|35651728.00|-0.69|1.04|-2.42|8.62|8.60|8.75|8.45|4.15|8.66|2740900|23825740.00|1|0.0000|0.0000|0.0000|0|8.66
科顺股份|300737|1.84|12258895|60904276.00|-0.61|2.65|-1.22|4.99|4.87|5.03|4.84|12.26|4.90|7938517|39033640.00|1|0.0000|0.0000|0.0000|0|4.90
奥飞数据|300738|0.50|69034603|1648497024.00|-2.44|2.90|-2.44|23.93|23.23|24.50|23.23|69.03|23.81|69666437|1684203904.00|1|0.0000|0.0000|0.0000|0|23.81
明阳电路|300739|-2.38|6127934|80940688.00|-1.34|0.22|-3.35|13.13|13.27|13.48|13.00|6.13|13.45|4224782|57151788.00|1|0.0000|0.0000|0.0000|0|13.45
水羊股份|300740|1.26|5897500|70891240.00|-0.92|2.44|-1.43|12.05|11.79|12.19|11.73|5.90|11.90|2881000|34269348.00|1|0.0000|0.0000|0.0000|0|11.90
华宝股份|300741|2.36|4575400|76122352.00|-1.80|7.26|-2.17|16.50|15.83|17.29|15.77|4.58|16.12|3576184|57642832.00|1|0.0000|0.0000|0.0000|0|16.12
天地数码|300743|-1.78|2961700|47361284.00|-0.80|0.12|-3.57|15.97|16.13|16.28|15.68|2.96|16.26|3735742|60758292.00|1|0.0000|0.0000|0.0000|0|16.26
欣锐科技|300745|-1.51|2294496|43494832.00|-1.09|0.42|-2.09|18.89|18.97|19.26|18.78|2.29|19.18|1864600|35861636.00|1|0.0000|0.0000|0.0000|0|19.18
汉嘉设计|300746|-0.49|3101400|37456944.00|-1.40|0.49|-2.30|12.10|11.99|12.22|11.88|3.10|12.16|3628200|44089104.00|1|0.0000|0.0000|0.0000|0|12.16
锐科激光|300747|-1.67|9690000|195252160.00|-0.98|0.98|-2.55|20.06|20.20|20.60|19.88|9.69|20.40|10604478|218149664.00|1|0.0000|0.0000|0.0000|0|20.40
金力永磁|300748|5.20|55142715|1141307008.00|2.58|7.88|1.06|20.82|20.30|21.35|20.00|55.14|19.79|11499594|227724592.00|1|0.0000|0.0000|0.0000|0|19.79
顶固集创|300749|1.76|9018560|67019488.00|0.00|2.17|-0.95|7.51|7.38|7.54|7.31|9.02|7.38|6543972|48042716.00|1|0.0000|0.0000|0.0000|0|7.38
宁德时代|300750|-2.43|23281639|5693962752.00|-1.66|-0.58|-2.65|243.08|245.00|247.70|242.55|23.28|249.14|13732112|3433096960.00|1|0.0000|0.0000|0.0000|0|249.14
迈为股份|300751|-0.63|1898143|155912336.00|-0.74|0.41|-1.30|82.08|81.99|82.94|81.53|1.90|82.60|2085793|173548032.00|1|0.0000|0.0000|0.0000|0|82.60
隆利科技|300752|-3.55|4921600|98602928.00|-2.77|0.29|-4.67|19.84|20.00|20.63|19.61|4.92|20.57|4084921|84780656.00|1|0.0000|0.0000|0.0000|0|20.57
爱朋医疗|300753|-3.28|12927492|311102976.00|-1.07|2.22|-3.82|23.56|24.10|24.90|23.43|12.93|24.36|15114723|367185472.00|1|0.0000|0.0000|0.0000|0|24.36
华致酒行|300755|2.07|4608199|77508560.00|-1.16|4.63|-1.16|16.76|16.23|17.18|16.23|4.61|16.42|1486000|24459252.00|1|0.0000|0.0000|0.0000|0|16.42
金马游乐|300756|-0.87|3215774|55599968.00|-0.75|1.68|-1.73|17.15|17.17|17.59|17.00|3.22|17.30|2440600|42423304.00|1|0.0000|0.0000|0.0000|0|17.30
罗博特科|300757|-1.41|2308286|416701152.00|-1.87|-0.24|-2.54|180.84|180.00|182.99|178.78|2.31|183.43|2398850|441738944.00|1|0.0000|0.0000|0.0000|0|183.43
七彩化学|300758|1.47|31492400|432505216.00|-0.81|3.09|-2.28|13.79|13.48|14.01|13.28|31.49|13.59|21993844|298932832.00|1|0.0000|0.0000|0.0000|0|13.59
康龙化成|300759|-1.96|33670127|925997952.00|-0.14|2.79|-2.21|27.05|27.55|28.36|26.98|33.67|27.59|35395968|986846208.00|1|0.0000|0.0000|0.0000|0|27.59
迈瑞医疗|300760|-2.00|10704404|2428158976.00|-0.81|0.27|-2.07|225.27|228.00|230.49|225.11|10.70|229.86|9288801|2161650688.00|1|0.0000|0.0000|0.0000|0|229.86
立华股份|300761|3.15|19314463|378389664.00|-1.21|4.88|-1.21|19.64|18.81|19.97|18.81|19.31|19.04|8304497|157627184.00|1|0.0000|0.0000|0.0000|0|19.04
上海瀚讯|300762|-2.58|18995400|423091872.00|-0.98|1.82|-2.93|21.91|22.27|22.90|21.83|19.00|22.49|23672622|523973856.00|1|0.0000|0.0000|0.0000|0|22.49
锦浪科技|300763|-3.78|17052223|993130368.00|-1.60|-0.38|-4.56|57.82|59.13|59.86|57.35|17.05|60.09|16735241|1004648896.00|1|0.0000|0.0000|0.0000|0|60.09
新诺威|300765|-2.79|8356707|329959136.00|-0.97|1.09|-3.98|39.08|39.81|40.64|38.60|8.36|40.20|13147728|532888224.00|1|0.0000|0.0000|0.0000|0|40.20
每日互动|300766|-2.68|31640800|1263108096.00|-0.98|0.37|-3.76|39.64|40.33|40.88|39.20|31.64|40.73|27815300|1127055488.00|1|0.0000|0.0000|0.0000|0|40.73
震安科技|300767|0.19|14720512|156339424.00|-1.67|0.37|-3.71|10.80|10.60|10.82|10.38|14.72|10.78|18541802|202351296.00|1|0.0000|0.0000|0.0000|0|10.78
迪普科技|300768|-0.86|3702000|68338936.00|-0.54|1.41|-1.51|18.34|18.40|18.76|18.22|3.70|18.50|3592300|66574068.00|1|0.0000|0.0000|0.0000|0|18.50
德方纳米|300769|-1.04|3494420|109448912.00|-1.96|0.06|-2.02|31.31|31.02|31.66|31.00|3.49|31.64|2849781|90433624.00|1|0.0000|0.0000|0.0000|0|31.64
新媒股份|300770|-0.59|2443800|97674712.00|-1.04|-0.32|-1.86|40.16|39.98|40.27|39.65|2.44|40.40|2579700|104484656.00|1|0.0000|0.0000|0.0000|0|40.40
智莱科技|300771|-0.19|4605376|48944636.00|-0.28|1.12|-2.53|10.66|10.65|10.80|10.41|4.61|10.68|4672800|50085120.00|1|0.0000|0.0000|0.0000|0|10.68
运达股份|300772|-2.39|14856104|178050256.00|-0.58|0.58|-2.72|11.86|12.08|12.22|11.82|14.86|12.15|12955440|158518944.00|1|0.0000|0.0000|0.0000|0|12.15
拉卡拉|300773|0.23|12433400|215805584.00|-1.44|1.09|-1.61|17.40|17.11|17.55|17.08|12.43|17.36|12477300|217320624.00|1|0.0000|0.0000|0.0000|0|17.36
倍杰特|300774|0.22|3334800|29637438.00|-0.56|1.46|-1.57|8.91|8.84|9.02|8.75|3.33|8.89|2447200|21816352.00|1|0.0000|0.0000|0.0000|0|8.89
三角防务|300775|0.21|7681853|181385200.00|-0.89|1.36|-1.40|23.61|23.35|23.88|23.23|7.68|23.56|7268225|170930960.00|1|0.0000|0.0000|0.0000|0|23.56
帝尔激光|300776|-3.43|3421477|228196800.00|-1.34|0.81|-3.72|65.60|67.02|68.48|65.40|3.42|67.93|2274456|153829104.00|1|0.0000|0.0000|0.0000|0|67.93
中简科技|300777|-0.58|8798405|305346592.00|-1.18|1.70|-1.44|34.51|34.30|35.30|34.21|8.80|34.71|8517780|295307808.00|1|0.0000|0.0000|0.0000|0|34.71
新城市|300778|-0.90|4071224|45035684.00|0.00|0.45|-1.71|11.02|11.12|11.17|10.93|4.07|11.12|6189008|68053992.00|1|0.0000|0.0000|0.0000|0|11.12
惠城环保|300779|-4.37|3138253|447084960.00|-0.62|0.23|-5.56|140.35|145.85|147.10|138.60|3.14|146.76|2366204|347328832.00|1|0.0000|0.0000|0.0000|0|146.76
德恩精工|300780|-1.97|5716200|88672512.00|-0.13|1.02|-3.44|15.41|15.70|15.88|15.18|5.72|15.72|11017895|174614176.00|1|0.0000|0.0000|0.0000|0|15.72
因赛集团|300781|-0.52|2222500|120082032.00|-2.18|0.87|-2.49|53.90|53.00|54.65|52.83|2.22|54.18|2411000|130783744.00|1|0.0000|0.0000|0.0000|0|54.18
卓胜微|300782|-0.50|4031597|324500480.00|-0.74|1.12|-1.14|80.20|80.00|81.50|79.68|4.03|80.60|2769390|222855216.00|1|0.0000|0.0000|0.0000|0|80.60
三只松鼠|300783|0.66|11326840|310212640.00|-1.22|2.10|-1.36|27.31|26.80|27.70|26.76|11.33|27.13|9842545|267339104.00|1|0.0000|0.0000|0.0000|0|27.13
利安科技|300784|-1.40|483200|26463360.00|-0.95|0.09|-2.67|54.75|55.00|55.58|54.05|0.48|55.53|449100|25107856.00|1|0.0000|0.0000|0.0000|0|55.53
值得买|300785|-0.76|3190575|99883168.00|-1.48|0.19|-2.43|31.43|31.20|31.73|30.90|3.19|31.67|2123800|67336712.00|1|0.0000|0.0000|0.0000|0|31.67
国林科技|300786|-5.94|24520309|360109632.00|-1.96|0.72|-7.84|14.40|15.01|15.42|14.11|24.52|15.31|26065903|404732672.00|1|0.0000|0.0000|0.0000|0|15.31
海能实业|300787|-2.98|7164702|97119056.00|-1.09|1.46|-3.49|13.33|13.59|13.94|13.26|7.16|13.74|6816835|92684400.00|1|0.0000|0.0000|0.0000|0|13.74
中信出版|300788|0.57|3250703|104443680.00|-0.88|3.22|-1.36|31.86|31.40|32.70|31.25|3.25|31.68|1697600|54179804.00|1|0.0000|0.0000|0.0000|0|31.68
唐源电气|300789|-1.74|4122786|97911496.00|-0.04|0.25|-3.93|23.73|24.14|24.21|23.20|4.12|24.15|4683582|114099880.00|1|0.0000|0.0000|0.0000|0|24.15
宇瞳光学|300790|-3.95|13525660|319973184.00|-2.92|-0.66|-4.81|23.36|23.61|24.16|23.15|13.53|24.32|15705459|385009856.00|1|0.0000|0.0000|0.0000|0|24.32
仙乐健康|300791|0.07|2412270|65754012.00|0.84|1.43|-1.69|27.28|27.49|27.65|26.80|2.41|27.26|2106560|57627608.00|1|0.0000|0.0000|0.0000|0|27.26
壹网壹创|300792|2.73|8906251|230959152.00|-2.46|4.14|-2.93|26.32|24.99|26.68|24.87|8.91|25.62|6136450|159565056.00|1|0.0000|0.0000|0.0000|0|25.62
佳禾智能|300793|-3.04|9749121|169475344.00|-1.63|0.22|-4.10|17.25|17.50|17.83|17.06|9.75|17.79|6840537|122254240.00|1|0.0000|0.0000|0.0000|0|17.79
米奥会展|300795|1.42|2604244|53891924.00|-0.68|2.25|-1.27|20.73|20.30|20.90|20.18|2.60|20.44|1647044|33750324.00|1|0.0000|0.0000|0.0000|0|20.44
贝斯美|300796|-0.10|2641120|26300792.00|-0.20|0.40|-0.80|9.97|9.96|10.02|9.90|2.64|9.98|2723512|27293258.00|1|0.0000|0.0000|0.0000|0|9.98
钢研纳克|300797|2.94|27956511|404542880.00|1.29|7.18|0.50|14.34|14.11|14.93|14.00|27.96|13.93|22934650|323857632.00|1|0.0000|0.0000|0.0000|0|13.93
锦鸡股份|300798|-4.33|39174569|308652320.00|-1.36|1.24|-5.44|7.74|7.98|8.19|7.65|39.17|8.09|48362424|398769824.00|1|0.0000|0.0000|0.0000|0|8.09
力合科技|300800|-0.94|1802750|18941940.00|-1.13|0.66|-2.26|10.50|10.48|10.67|10.36|1.80|10.60|1771750|18843516.00|1|0.0000|0.0000|0.0000|0|10.60
泰和科技|300801|0.06|4506500|78065032.00|-2.06|0.29|-2.24|17.45|17.08|17.49|17.05|4.51|17.44|6784120|118544272.00|1|0.0000|0.0000|0.0000|0|17.44
矩子科技|300802|-3.39|2853240|51820708.00|-1.24|-0.43|-3.61|17.93|18.33|18.48|17.89|2.85|18.56|2321628|42646956.00|1|0.0000|0.0000|0.0000|0|18.56
指南针|300803|0.86|14752375|869267328.00|-0.71|3.15|-0.95|58.55|57.64|59.88|57.50|14.75|58.05|16902811|982246272.00|1|0.0000|0.0000|0.0000|0|58.05
广康生化|300804|2.21|1681650|42296724.00|-0.16|2.37|-1.12|25.45|24.86|25.49|24.62|1.68|24.90|848400|21067152.00|1|0.0000|0.0000|0.0000|0|24.90
电声股份|300805|0.50|3960600|40103500.00|-0.70|1.29|-1.19|10.12|10.00|10.20|9.95|3.96|10.07|3779500|38333760.00|1|0.0000|0.0000|0.0000|0|10.07
斯迪克|300806|-2.38|6468825|109385928.00|-1.28|-0.17|-3.31|16.80|16.99|17.18|16.64|6.47|17.21|6527964|112886160.00|1|0.0000|0.0000|0.0000|0|17.21
天迈科技|300807|-2.28|1493200|52272496.00|-0.98|0.48|-3.04|34.77|35.23|35.75|34.50|1.49|35.58|1562800|55747036.00|1|0.0000|0.0000|0.0000|0|35.58
久量股份|300808|-2.15|1092200|29563138.00|-0.76|0.22|-2.87|26.91|27.29|27.56|26.71|1.09|27.50|832400|23023496.00|1|0.0000|0.0000|0.0000|0|27.50
华辰装备|300809|-11.71|27326656|1306109952.00|-2.09|1.39|-12.41|45.16|50.08|51.86|44.80|27.33|51.15|27382146|1443921536.00|1|0.0000|0.0000|0.0000|0|51.15
中科海讯|300810|-5.22|10385706|351155232.00|-4.44|-2.40|-8.84|33.97|34.25|34.98|32.67|10.39|35.84|12640649|453905024.00|1|0.0000|0.0000|0.0000|0|35.84
铂科新材|300811|-2.56|3700158|170689264.00|-0.87|0.45|-3.07|45.74|46.53|47.15|45.50|3.70|46.94|2948480|139065616.00|1|0.0000|0.0000|0.0000|0|46.94
易天股份|300812|-2.37|3311140|64466632.00|-0.91|0.30|-3.18|19.34|19.63|19.87|19.18|3.31|19.81|3431580|68666432.00|1|0.0000|0.0000|0.0000|0|19.81
泰林生物|300813|-1.18|1719863|33410878.00|-0.97|1.13|-2.40|19.32|19.36|19.77|19.08|1.72|19.55|1878899|36930508.00|1|0.0000|0.0000|0.0000|0|19.55
中富电路|300814|-3.90|4209018|129037472.00|-1.87|-0.25|-4.56|30.33|30.97|31.48|30.12|4.21|31.56|2559525|80842040.00|1|0.0000|0.0000|0.0000|0|31.56
玉禾田|300815|-1.86|4404856|74546440.00|-1.22|0.06|-2.74|16.85|16.96|17.18|16.70|4.40|17.17|3545788|60970948.00|1|0.0000|0.0000|0.0000|0|17.17
艾可蓝|300816|-3.36|4190600|128359184.00|-0.22|-0.22|-5.45|30.50|31.49|31.49|29.84|4.19|31.56|3030000|96251856.00|1|0.0000|0.0000|0.0000|0|31.56
双飞集团|300817|-4.00|14969400|382012480.00|1.30|2.10|-5.79|25.20|26.59|26.80|24.73|14.97|26.25|16542427|438122016.00|1|0.0000|0.0000|0.0000|0|26.25
耐普矿机|300818|-5.80|8551685|192698016.00|-3.99|-3.36|-6.60|22.41|22.84|22.99|22.22|8.55|23.79|3221746|76689176.00|1|0.0000|0.0000|0.0000|0|23.79
聚杰微纤|300819|-1.20|5837600|153969360.00|0.15|2.18|-2.85|26.31|26.67|27.21|25.87|5.84|26.63|7183543|192662688.00|1|0.0000|0.0000|0.0000|0|26.63
英杰电气|300820|-1.66|1740717|86108712.00|-1.32|0.36|-2.20|49.27|49.44|50.28|49.00|1.74|50.10|2031200|102328104.00|1|0.0000|0.0000|0.0000|0|50.10
东岳硅材|300821|-1.32|6675976|54860528.00|-0.96|0.24|-2.52|8.21|8.24|8.34|8.11|6.68|8.32|6718899|55893768.00|1|0.0000|0.0000|0.0000|0|8.32
贝仕达克|300822|-1.24|2745732|54935604.00|-0.79|0.89|-2.43|19.93|20.02|20.36|19.69|2.75|20.18|1936907|39112600.00|1|0.0000|0.0000|0.0000|0|20.18
建科智能|300823|0.82|5014540|73779224.00|-0.68|2.18|-1.70|14.82|14.60|15.02|14.45|5.01|14.70|3231746|47534900.00|1|0.0000|0.0000|0.0000|0|14.70
北鼎股份|300824|0.10|11130150|113711808.00|-1.74|1.45|-3.68|10.34|10.15|10.48|9.95|11.13|10.33|12884612|134757104.00|1|0.0000|0.0000|0.0000|0|10.33
阿尔特|300825|-3.85|14504400|161398848.00|-1.05|0.35|-4.20|11.00|11.32|11.48|10.96|14.50|11.44|7856830|89858136.00|1|0.0000|0.0000|0.0000|0|11.44
测绘股份|300826|0.25|2470172|39325208.00|-1.20|1.83|-1.32|15.93|15.70|16.18|15.68|2.47|15.89|2657072|42399544.00|1|0.0000|0.0000|0.0000|0|15.89
上能电气|300827|-4.66|21442991|694486400.00|-1.28|-0.69|-4.99|31.92|33.05|33.25|31.81|21.44|33.48|20714786|693444992.00|1|0.0000|0.0000|0.0000|0|33.48
锐新科技|300828|-7.77|14707278|245809824.00|-2.65|-2.48|-10.03|16.37|17.28|17.31|15.97|14.71|17.75|15602828|278978752.00|1|0.0000|0.0000|0.0000|0|17.75
金丹科技|300829|-0.24|1547882|26056338.00|-1.19|1.66|-1.78|16.82|16.66|17.14|16.56|1.55|16.86|1376261|23193404.00|1|0.0000|0.0000|0.0000|0|16.86
金现代|300830|-1.31|5443200|45507040.00|-0.95|1.07|-1.55|8.30|8.33|8.50|8.28|5.44|8.41|4739300|40058136.00|1|0.0000|0.0000|0.0000|0|8.41
派瑞股份|300831|-0.53|4726292|70762912.00|-1.26|1.13|-2.00|14.94|14.83|15.19|14.72|4.73|15.02|4501200|68101952.00|1|0.0000|0.0000|0.0000|0|15.02
新产业|300832|-4.50|4243207|248648928.00|-0.51|0.55|-4.50|57.51|59.91|60.55|57.51|4.24|60.22|3033765|181779552.00|1|0.0000|0.0000|0.0000|0|60.22
浩洋股份|300833|-4.25|1982000|75556576.00|-1.68|-0.20|-4.76|37.60|38.61|39.19|37.40|1.98|39.27|473050|18671720.00|1|0.0000|0.0000|0.0000|0|39.27
星辉环材|300834|-0.37|2250300|48222840.00|-1.26|1.58|-1.63|21.40|21.21|21.82|21.13|2.25|21.48|3494128|75137936.00|1|0.0000|0.0000|0.0000|0|21.48
龙磁科技|300835|-0.24|2548910|96017472.00|-1.19|1.11|-1.69|37.67|37.31|38.18|37.12|2.55|37.76|1586600|60138340.00|1|0.0000|0.0000|0.0000|0|37.76
佰奥智能|300836|-1.54|403610|19590254.00|-0.39|-0.02|-2.84|48.48|49.05|49.23|47.84|0.40|49.24|464600|23087640.00|1|0.0000|0.0000|0.0000|0|49.24
浙矿股份|300837|-0.14|1004800|21864052.00|-1.77|0.50|-2.41|21.96|21.60|22.10|21.46|1.00|21.99|697800|15305322.00|1|0.0000|0.0000|0.0000|0|21.99
浙江力诺|300838|0.78|2950009|48659348.00|-0.54|0.78|-1.63|16.70|16.48|16.70|16.30|2.95|16.57|2029200|33696516.00|1|0.0000|0.0000|0.0000|0|16.57
博汇股份|300839|-1.09|3777010|30650892.00|0.00|0.00|-2.31|8.13|8.22|8.22|8.03|3.78|8.22|5656415|47204876.00|1|0.0000|0.0000|0.0000|0|8.22
酷特智能|300840|-2.67|12022008|268374720.00|-2.37|-0.18|-3.55|22.20|22.27|22.77|22.00|12.02|22.81|12051295|277474560.00|1|0.0000|0.0000|0.0000|0|22.81
康华生物|300841|2.79|5097638|322991552.00|-0.48|2.86|-0.79|64.04|62.00|64.08|61.81|5.10|62.30|2621900|163396480.00|1|0.0000|0.0000|0.0000|0|62.30
帝科股份|300842|-5.53|6483236|295700896.00|-0.85|-0.04|-6.14|44.59|46.80|47.18|44.30|6.48|47.20|6719540|315837696.00|1|0.0000|0.0000|0.0000|0|47.20
胜蓝股份|300843|-3.12|3016600|89832520.00|-1.45|0.23|-3.94|29.47|29.98|30.49|29.22|3.02|30.42|2184719|66938748.00|1|0.0000|0.0000|0.0000|0|30.42
山水比德|300844|-2.19|7216624|383995712.00|1.62|4.96|-3.88|51.90|53.92|55.69|51.00|7.22|53.06|8413598|417721024.00|1|0.0000|0.0000|0.0000|0|53.06
捷安高科|300845|0.77|3889452|50932120.00|-0.77|1.30|-1.38|13.17|12.97|13.24|12.89|3.89|13.07|3114188|40913964.00|1|0.0000|0.0000|0.0000|0|13.07
首都在线|300846|-2.57|45472833|970833856.00|-1.38|1.01|-3.68|21.20|21.46|21.98|20.96|45.47|21.76|44070300|968343168.00|1|0.0000|0.0000|0.0000|0|21.76
中船汉光|300847|-0.41|2329350|39676916.00|-1.17|0.47|-1.52|17.06|16.93|17.21|16.87|2.33|17.13|2537400|43516440.00|1|0.0000|0.0000|0.0000|0|17.13
美瑞新材|300848|2.25|6612715|127134984.00|-1.94|2.88|-2.46|19.50|18.70|19.62|18.60|6.61|19.07|4312703|82383208.00|1|0.0000|0.0000|0.0000|0|19.07
锦盛新材|300849|-0.76|4608744|73652912.00|-0.13|3.93|-1.08|15.66|15.76|16.40|15.61|4.61|15.78|4573150|72357888.00|1|0.0000|0.0000|0.0000|0|15.78
新强联|300850|-1.86|5399690|147430256.00|-1.97|-0.11|-3.23|27.38|27.35|27.87|27.00|5.40|27.90|4941728|137672192.00|1|0.0000|0.0000|0.0000|0|27.90
交大思诺|300851|3.17|2512300|70680152.00|-0.37|6.99|-1.55|28.03|27.07|29.07|26.75|2.51|27.17|831700|22796000.00|1|0.0000|0.0000|0.0000|0|27.17
四会富仕|300852|-4.03|2106594|63170828.00|-1.84|-0.26|-5.19|29.77|30.45|30.94|29.41|2.11|31.02|1439756|44675272.00|1|0.0000|0.0000|0.0000|0|31.02
申昊科技|300853|-4.02|6547100|149221200.00|-1.28|0.64|-4.41|22.42|23.06|23.51|22.33|6.55|23.36|5376440|126385936.00|1|0.0000|0.0000|0.0000|0|23.36
中兰环保|300854|0.54|1857600|24185588.00|-1.23|0.92|-1.99|13.13|12.90|13.18|12.80|1.86|13.06|1709200|22397220.00|1|0.0000|0.0000|0.0000|0|13.06
图南股份|300855|0.80|5642800|128611336.00|-1.06|2.52|-1.51|22.77|22.35|23.16|22.25|5.64|22.59|4252480|96406248.00|1|0.0000|0.0000|0.0000|0|22.59
科思股份|300856|-0.93|2869436|70599608.00|-1.09|0.36|-1.73|24.59|24.55|24.91|24.39|2.87|24.82|2283900|56923256.00|1|0.0000|0.0000|0.0000|0|24.82
协创数据|300857|-0.86|7671121|885922624.00|0.61|1.00|-3.05|115.68|117.39|117.85|113.12|7.67|116.68|8025461|928175296.00|1|0.0000|0.0000|0.0000|0|116.68
科拓生物|300858|1.40|6330178|82845792.00|-0.39|3.35|-1.01|13.03|12.80|13.28|12.72|6.33|12.85|4236245|54745820.00|1|0.0000|0.0000|0.0000|0|12.85
西域旅游|300859|2.07|10300300|394623520.00|-1.14|4.49|-1.14|38.39|37.18|39.30|37.18|10.30|37.61|6456900|241055424.00|1|0.0000|0.0000|0.0000|0|37.61
锋尚文化|300860|2.54|5151522|140535680.00|-1.79|4.07|-2.20|27.47|26.31|27.88|26.20|5.15|26.79|2987765|80252592.00|1|0.0000|0.0000|0.0000|0|26.79
美畅股份|300861|-0.72|1929740|37100364.00|-0.67|0.78|-1.45|19.19|19.20|19.48|19.05|1.93|19.33|1954730|37910720.00|1|0.0000|0.0000|0.0000|0|19.33
蓝盾光电|300862|-0.65|2246980|58115744.00|-1.00|0.65|-3.03|25.94|25.85|26.28|25.32|2.25|26.11|1936900|50670624.00|1|0.0000|0.0000|0.0000|0|26.11
卡倍亿|300863|-1.56|2130580|99773672.00|-0.06|0.97|-2.59|46.69|47.40|47.89|46.20|2.13|47.43|2387288|113652280.00|1|0.0000|0.0000|0.0000|0|47.43
南大环境|300864|0.23|950817|20457902.00|-0.23|0.93|-1.07|21.55|21.45|21.70|21.27|0.95|21.50|1091920|23618310.00|1|0.0000|0.0000|0.0000|0|21.50
大宏立|300865|1.62|2516400|56946792.00|-0.90|4.22|-2.07|22.62|22.06|23.20|21.80|2.52|22.26|1487400|33168100.00|1|0.0000|0.0000|0.0000|0|22.26
安克创新|300866|-11.09|10436177|990822976.00|-3.76|-3.76|-14.40|94.00|101.75|101.75|90.50|10.44|105.72|2640220|277492864.00|1|0.0000|0.0000|0.0000|0|105.72
圣元环保|300867|0.67|2632300|35393120.00|0.07|1.19|-0.82|13.50|13.42|13.57|13.30|2.63|13.41|2038800|27448936.00|1|0.0000|0.0000|0.0000|0|13.41
杰美特|300868|-1.66|3321302|103948664.00|-1.44|-0.53|-4.06|31.49|31.56|31.85|30.72|3.32|32.02|6030801|186415088.00|1|0.0000|0.0000|0.0000|0|32.02
康泰医学|300869|0.28|7182516|106183568.00|0.00|4.26|-0.62|14.58|14.54|15.16|14.45|7.18|14.54|5955906|86183824.00|1|0.0000|0.0000|0.0000|0|14.54
欧陆通|300870|-4.07|2968515|351042560.00|-1.60|0.04|-4.88|116.99|120.00|122.00|116.00|2.97|121.95|2981734|366681152.00|1|0.0000|0.0000|0.0000|0|121.95
回盛生物|300871|19.83|38058497|1229481984.00|4.59|19.83|0.68|34.99|30.54|34.99|29.40|38.06|29.20|37538811|1069989184.00|1|0.0000|0.0000|0.0000|0|29.20
天阳科技|300872|-0.87|6903740|110812312.00|-1.73|0.62|-1.92|16.02|15.88|16.26|15.85|6.90|16.16|7445700|120534160.00|1|0.0000|0.0000|0.0000|0|16.16
海晨股份|300873|-1.64|4918915|103957016.00|-0.98|0.28|-2.34|21.03|21.17|21.44|20.88|4.92|21.38|3348980|71986312.00|1|0.0000|0.0000|0.0000|0|21.38
捷强装备|300875|-1.38|1772400|48194992.00|-1.02|0.77|-2.48|27.06|27.16|27.65|26.76|1.77|27.44|2698960|74598120.00|1|0.0000|0.0000|0.0000|0|27.44
蒙泰高新|300876|0.11|736100|20356796.00|-1.33|0.54|-1.98|27.86|27.46|27.98|27.28|0.74|27.83|865900|24259448.00|1|0.0000|0.0000|0.0000|0|27.83
金春股份|300877|0.34|3927550|58694576.00|-0.94|3.57|-1.48|14.91|14.72|15.39|14.64|3.93|14.86|4719372|70315808.00|1|0.0000|0.0000|0.0000|0|14.86
维康药业|300878|4.67|5974099|104626816.00|0.06|5.85|-0.83|17.70|16.92|17.90|16.77|5.97|16.91|3409959|58108332.00|1|0.0000|0.0000|0.0000|0|16.91
大叶股份|300879|-2.94|8570045|156470592.00|-1.87|0.00|-4.71|18.15|18.35|18.70|17.82|8.57|18.70|7351520|138246048.00|1|0.0000|0.0000|0.0000|0|18.70
迦南智能|300880|-0.58|4188100|100220152.00|-1.54|0.83|-2.54|23.92|23.69|24.26|23.45|4.19|24.06|4326440|104520128.00|1|0.0000|0.0000|0.0000|0|24.06
盛德鑫泰|300881|-1.06|1835410|60064980.00|-0.76|0.70|-2.21|32.70|32.80|33.28|32.32|1.84|33.05|1820400|60563380.00|1|0.0000|0.0000|0.0000|0|33.05
万胜智能|300882|1.41|5674540|93364768.00|-1.34|2.02|-1.95|16.60|16.15|16.70|16.05|5.67|16.37|4201482|69354384.00|1|0.0000|0.0000|0.0000|0|16.37
龙利得|300883|0.18|5166008|29415954.00|-0.88|1.40|-1.93|5.72|5.66|5.79|5.60|5.17|5.71|4717900|27025532.00|1|0.0000|0.0000|0.0000|0|5.71
狄耐克|300884|-1.58|3846300|43254696.00|-1.31|0.00|-2.89|11.23|11.26|11.41|11.08|3.85|11.41|3325160|38245072.00|1|0.0000|0.0000|0.0000|0|11.41
海昌新材|300885|-5.40|14797336|203245520.00|-2.53|0.35|-6.53|13.48|13.89|14.30|13.32|14.80|14.25|13140389|186573008.00|1|0.0000|0.0000|0.0000|0|14.25
华业香料|300886|1.29|2877500|61331588.00|-1.77|5.68|-1.77|21.21|20.57|22.13|20.57|2.88|20.94|1389280|29028530.00|1|0.0000|0.0000|0.0000|0|20.94
谱尼测试|300887|0.76|7547439|60347160.00|-0.38|2.40|-1.01|7.99|7.90|8.12|7.85|7.55|7.93|6497800|51716696.00|1|0.0000|0.0000|0.0000|0|7.93
稳健医疗|300888|-2.00|3517561|153230928.00|-0.81|-0.20|-3.02|43.55|44.08|44.35|43.10|3.52|44.44|3547460|157437632.00|1|0.0000|0.0000|0.0000|0|44.44
爱克股份|300889|-1.46|2241700|34804360.00|-0.70|-0.38|-2.28|15.53|15.65|15.70|15.40|2.24|15.76|1596300|25072728.00|1|0.0000|0.0000|0.0000|0|15.76
翔丰华|300890|-1.33|3121700|90478216.00|-1.57|0.24|-2.53|28.91|28.84|29.37|28.56|3.12|29.30|3183507|94549984.00|1|0.0000|0.0000|0.0000|0|29.30
惠云钛业|300891|1.93|10354300|92107800.00|-1.47|3.40|-1.47|8.99|8.69|9.12|8.69|10.35|8.82|8032391|71697128.00|1|0.0000|0.0000|0.0000|0|8.82
品渥食品|300892|3.32|4270800|117448720.00|-0.97|5.67|-1.16|27.70|26.55|28.33|26.50|4.27|26.81|1880500|50562308.00|1|0.0000|0.0000|0.0000|0|26.81
松原安全|300893|-1.84|956225|31616132.00|-1.75|-0.39|-2.50|33.03|33.06|33.52|32.81|0.96|33.65|947525|31873802.00|1|0.0000|0.0000|0.0000|0|33.65
火星人|300894|-2.75|6303302|89947440.00|-1.65|0.21|-3.23|14.14|14.30|14.57|14.07|6.30|14.54|6859600|99612768.00|1|0.0000|0.0000|0.0000|0|14.54
铜牛信息|300895|-5.86|15833878|815298240.00|-2.32|1.57|-6.62|50.31|52.20|54.28|49.90|15.83|53.44|18549832|1000477184.00|1|0.0000|0.0000|0.0000|0|53.44
爱美客|300896|0.38|2886826|523806336.00|-1.38|1.80|-1.40|181.17|178.00|183.73|177.97|2.89|180.49|2326901|418979200.00|1|0.0000|0.0000|0.0000|0|180.49
山科智能|300897|0.67|3586599|96167992.00|0.93|1.67|-3.26|27.18|27.25|27.45|26.12|3.59|27.00|4101645|109437928.00|1|0.0000|0.0000|0.0000|0|27.00
熊猫乳品|300898|2.40|10042846|293769632.00|-0.97|2.85|-1.25|29.45|28.48|29.58|28.40|10.04|28.76|5282494|152404912.00|1|0.0000|0.0000|0.0000|0|28.76
*ST凯鑫|300899|0.32|1041800|22824734.00|-0.18|1.96|-1.51|21.99|21.88|22.35|21.59|1.04|21.92|857800|18943202.00|1|0.0000|0.0000|0.0000|0|21.92
广联航空|300900|-1.29|5065432|101336712.00|-0.75|1.29|-1.79|19.87|19.98|20.39|19.77|5.07|20.13|5135732|103839808.00|1|0.0000|0.0000|0.0000|0|20.13
中胤时尚|300901|-0.38|5964700|78119224.00|-0.90|1.06|-4.60|13.21|13.14|13.40|12.65|5.96|13.26|6734200|89151784.00|1|0.0000|0.0000|0.0000|0|13.26
国安达|300902|-1.06|4247640|83730800.00|-2.33|2.18|-2.33|19.55|19.30|20.19|19.30|4.25|19.76|4830020|97114080.00|1|0.0000|0.0000|0.0000|0|19.76
科翔股份|300903|-1.27|8335700|65057228.00|-0.51|1.02|-2.04|7.75|7.81|7.93|7.69|8.34|7.85|5761280|45444964.00|1|0.0000|0.0000|0.0000|0|7.85
威力传动|300904|0.90|1898550|109659688.00|-1.14|1.79|-1.66|58.18|57.00|58.69|56.70|1.90|57.66|1705900|97313744.00|1|0.0000|0.0000|0.0000|0|57.66
宝丽迪|300905|-4.28|5539300|146301936.00|-1.24|-0.26|-6.36|26.17|27.00|27.27|25.60|5.54|27.34|3877000|107122072.00|1|0.0000|0.0000|0.0000|0|27.34
日月明|300906|2.76|3494200|89911936.00|-0.76|4.71|-1.72|25.73|24.85|26.22|24.61|3.49|25.04|993801|24894362.00|1|0.0000|0.0000|0.0000|0|25.04
康平科技|300907|-1.59|3434286|88660592.00|-1.97|-0.19|-4.06|25.96|25.86|26.33|25.31|3.43|26.38|3834587|101120536.00|1|0.0000|0.0000|0.0000|0|26.38
仲景食品|300908|2.09|1269803|36230084.00|-0.18|2.09|-0.64|28.85|28.21|28.85|28.08|1.27|28.26|789134|22332332.00|1|0.0000|0.0000|0.0000|0|28.26
汇创达|300909|-2.01|2579800|68971672.00|-1.28|-0.66|-4.17|26.80|27.00|27.17|26.21|2.58|27.35|1355450|37165352.00|1|0.0000|0.0000|0.0000|0|27.35
瑞丰新材|300910|-3.03|3602200|194434016.00|-1.60|-0.88|-3.95|53.81|54.60|55.00|53.30|3.60|55.49|5019529|281751136.00|1|0.0000|0.0000|0.0000|0|55.49
亿田智能|300911|-6.66|9802696|469947744.00|-1.43|2.95|-7.67|46.50|49.11|51.29|46.00|9.80|49.82|8620384|411773728.00|1|0.0000|0.0000|0.0000|0|49.82
凯龙高科|300912|-0.68|2633300|30785702.00|0.08|1.27|-2.12|11.69|11.78|11.92|11.52|2.63|11.77|2240600|26590564.00|1|0.0000|0.0000|0.0000|0|11.77
兆龙互连|300913|-2.58|3015000|144107056.00|-0.70|0.27|-3.14|47.20|48.11|48.58|46.93|3.02|48.45|2668600|129936456.00|1|0.0000|0.0000|0.0000|0|48.45
海融科技|300915|1.61|1229750|42673412.00|-0.47|2.19|-0.90|34.81|34.10|35.01|33.95|1.23|34.26|679500|23351580.00|1|0.0000|0.0000|0.0000|0|34.26
朗特智能|300916|0.03|1689204|51888448.00|-1.37|0.91|-1.37|30.76|30.33|31.03|30.33|1.69|30.75|1385500|42629264.00|1|0.0000|0.0000|0.0000|0|30.75
特发服务|300917|3.61|8912903|409533216.00|-0.80|7.43|-0.80|45.58|43.64|47.26|43.64|8.91|43.99|2526454|111261616.00|1|0.0000|0.0000|0.0000|0|43.99
南山智尚|300918|-3.02|14380324|243486032.00|-1.80|1.92|-3.77|16.71|16.92|17.56|16.58|14.38|17.23|11700994|202589840.00|1|0.0000|0.0000|0.0000|0|17.23
中伟股份|300919|-1.48|4751820|167658560.00|-0.92|0.00|-2.07|35.18|35.38|35.71|34.97|4.75|35.71|3161095|113036632.00|1|0.0000|0.0000|0.0000|0|35.71
润阳科技|300920|5.35|7285467|158754304.00|-1.07|5.40|-2.93|22.65|21.27|22.66|20.87|7.29|21.50|5270300|112993680.00|1|0.0000|0.0000|0.0000|0|21.50
南凌科技|300921|-2.07|2480900|67281696.00|-1.02|1.05|-3.37|27.00|27.29|27.86|26.64|2.48|27.57|2708615|75218088.00|1|0.0000|0.0000|0.0000|0|27.57
天秦装备|300922|1.81|7863980|141470256.00|-1.24|3.44|-2.37|18.04|17.50|18.33|17.30|7.86|17.72|4937060|88113616.00|1|0.0000|0.0000|0.0000|0|17.72
研奥股份|300923|5.07|4775378|104806752.00|-0.95|6.49|-1.75|22.18|20.91|22.48|20.74|4.78|21.11|956400|20207928.00|1|0.0000|0.0000|0.0000|0|21.11
法本信息|300925|-1.54|7074830|163186720.00|-0.99|0.60|-2.40|22.96|23.09|23.46|22.76|7.07|23.32|5824210|136472256.00|1|0.0000|0.0000|0.0000|0|23.32
博俊科技|300926|-4.34|6074742|165734016.00|-1.71|-0.28|-4.62|26.92|27.66|28.06|26.84|6.07|28.14|4795045|135623504.00|1|0.0000|0.0000|0.0000|0|28.14
江天化学|300927|-2.30|19783353|524359168.00|-4.24|1.53|-7.96|26.75|26.22|27.80|25.20|19.78|27.38|19044273|519796448.00|1|0.0000|0.0000|0.0000|0|27.38
华安鑫创|300928|-1.58|1318300|48643876.00|-1.02|0.51|-2.65|36.82|37.03|37.60|36.42|1.32|37.41|1322300|49783208.00|1|0.0000|0.0000|0.0000|0|37.41
华骐环保|300929|0.00|2974380|25271724.00|-0.70|1.29|-1.53|8.52|8.46|8.63|8.39|2.97|8.52|2269624|19415968.00|1|0.0000|0.0000|0.0000|0|8.52
屹通新材|300930|-2.44|1957500|49343700.00|-0.66|-0.54|-4.21|25.24|25.70|25.73|24.78|1.96|25.87|1666000|43104784.00|1|0.0000|0.0000|0.0000|0|25.87
通用电梯|300931|-2.68|10480586|68885704.00|-0.15|0.45|-4.61|6.54|6.71|6.75|6.41|10.48|6.72|14125256|95227216.00|1|0.0000|0.0000|0.0000|0|6.72
三友联众|300932|0.19|3832664|60149844.00|-0.51|1.59|-1.47|15.71|15.60|15.93|15.45|3.83|15.68|2378418|37387088.00|1|0.0000|0.0000|0.0000|0|15.68
中辰股份|300933|-0.41|12650081|91774280.00|-1.37|1.10|-2.33|7.26|7.19|7.37|7.12|12.65|7.29|13467173|99019608.00|1|0.0000|0.0000|0.0000|0|7.29
盈建科|300935|-0.82|955380|19532242.00|-1.70|0.10|-2.38|20.46|20.28|20.65|20.14|0.96|20.63|1028340|21164096.00|1|0.0000|0.0000|0.0000|0|20.63
中英科技|300936|-1.14|1119821|44905236.00|-1.31|0.49|-1.78|39.96|39.89|40.62|39.70|1.12|40.42|1224200|49595396.00|1|0.0000|0.0000|0.0000|0|40.42
药易购|300937|0.63|1490454|40437584.00|-1.11|1.78|-1.11|27.19|26.72|27.50|26.72|1.49|27.02|1344046|36409048.00|1|0.0000|0.0000|0.0000|0|27.02
信测标准|300938|-1.48|7989162|277923936.00|-2.05|1.08|-3.35|34.68|34.48|35.58|34.02|7.99|35.20|9205831|324238592.00|1|0.0000|0.0000|0.0000|0|35.20
秋田微|300939|-1.31|1277100|38343336.00|-0.85|0.07|-2.37|30.02|30.16|30.44|29.70|1.28|30.42|860200|26191800.00|1|0.0000|0.0000|0.0000|0|30.42
南极光|300940|-8.94|11292080|182308880.00|-1.97|-1.80|-9.69|15.69|16.89|16.92|15.56|11.29|17.23|5845394|101812088.00|1|0.0000|0.0000|0.0000|0|17.23
创识科技|300941|-1.54|2501600|54438280.00|-1.09|0.41|-2.81|21.70|21.80|22.13|21.42|2.50|22.04|1951000|43323872.00|1|0.0000|0.0000|0.0000|0|22.04
易瑞生物|300942|1.55|6767999|62330816.00|-1.00|3.54|-1.00|9.18|8.95|9.36|8.95|6.77|9.04|4059991|36835448.00|1|0.0000|0.0000|0.0000|0|9.04
春晖智控|300943|-3.22|6632150|92437560.00|-0.84|0.07|-4.48|13.83|14.17|14.30|13.65|6.63|14.29|6812871|97905120.00|1|0.0000|0.0000|0.0000|0|14.29
曼卡龙|300945|-1.35|21314933|269756896.00|0.63|3.49|-1.74|12.45|12.70|13.06|12.40|21.31|12.62|21449700|271358208.00|1|0.0000|0.0000|0.0000|0|12.62
恒而达|300946|-7.29|4162000|136649744.00|-2.62|-0.64|-7.64|31.90|33.51|34.19|31.78|4.16|34.41|3801000|130834144.00|1|0.0000|0.0000|0.0000|0|34.41
德必集团|300947|0.46|2584280|45568800.00|-0.97|2.87|-0.97|17.53|17.28|17.95|17.28|2.58|17.45|2093400|36708476.00|1|0.0000|0.0000|0.0000|0|17.45
冠中生态|300948|-0.42|2677600|25364576.00|-0.74|0.84|-1.89|9.47|9.44|9.59|9.33|2.68|9.51|1724100|16481265.00|1|0.0000|0.0000|0.0000|0|9.51
奥雅股份|300949|-0.53|621800|19987062.00|-0.87|0.80|-1.73|32.14|32.03|32.57|31.75|0.62|32.31|592600|19187160.00|1|0.0000|0.0000|0.0000|0|32.31
德固特|300950|2.82|8286117|149429776.00|-0.79|3.61|-1.58|18.21|17.57|18.35|17.43|8.29|17.71|2589150|45871588.00|1|0.0000|0.0000|0.0000|0|17.71
博硕科技|300951|-3.02|1673900|51588520.00|-1.05|0.22|-3.91|30.48|31.10|31.50|30.20|1.67|31.43|1659600|52084936.00|1|0.0000|0.0000|0.0000|0|31.43
恒辉安防|300952|-7.54|7301283|200888688.00|-1.79|0.52|-8.41|26.84|28.51|29.18|26.59|7.30|29.03|3467437|100802192.00|1|0.0000|0.0000|0.0000|0|29.03
震裕科技|300953|-1.26|6014604|946661696.00|-2.16|4.58|-2.16|153.50|152.10|162.58|152.10|6.01|155.46|3952253|611743488.00|1|0.0000|0.0000|0.0000|0|155.46
嘉亨家化|300955|0.19|2994300|48755192.00|-1.06|5.04|-1.87|16.10|15.90|16.88|15.77|2.99|16.07|1096500|17646176.00|1|0.0000|0.0000|0.0000|0|16.07
英力股份|300956|-3.46|6562627|169279536.00|-1.92|-1.13|-4.18|25.65|26.06|26.27|25.46|6.56|26.57|8618261|219926400.00|1|0.0000|0.0000|0.0000|0|26.57
贝泰妮|300957|0.59|2699508|119146752.00|-0.89|1.46|-1.05|44.22|43.57|44.60|43.50|2.70|43.96|2474119|108895520.00|1|0.0000|0.0000|0.0000|0|43.96
建工修复|300958|0.00|2507000|29379150.00|-0.85|1.19|-1.28|11.75|11.65|11.89|11.60|2.51|11.75|1989574|23455806.00|1|0.0000|0.0000|0.0000|0|11.75
线上线下|300959|-0.56|769900|31807932.00|-1.81|1.23|-1.81|41.18|40.66|41.92|40.66|0.77|41.41|951000|39695592.00|1|0.0000|0.0000|0.0000|0|41.41
通业科技|300960|6.76|8199560|217621392.00|-1.07|11.02|-1.31|26.83|24.86|27.90|24.80|8.20|25.13|2122900|53372540.00|1|0.0000|0.0000|0.0000|0|25.13
深水海纳|300961|-3.61|14937900|237401904.00|-0.86|-0.43|-4.40|15.76|16.21|16.28|15.63|14.94|16.35|18416023|305480000.00|1|0.0000|0.0000|0.0000|0|16.35
中金辐照|300962|-0.25|2250800|35231092.00|-0.95|0.57|-2.16|15.70|15.59|15.83|15.40|2.25|15.74|2500600|39560196.00|1|0.0000|0.0000|0.0000|0|15.74
中洲特材|300963|3.71|68331097|1014690560.00|0.78|13.11|0.78|14.55|14.14|15.87|14.14|68.33|14.03|73698348|1074004352.00|1|0.0000|0.0000|0.0000|0|14.03
本川智能|300964|-1.81|2199300|88000568.00|-1.01|1.31|-3.02|39.67|39.99|40.93|39.18|2.20|40.40|2555100|103536776.00|1|0.0000|0.0000|0.0000|0|40.40
恒宇信通|300965|3.93|307105|12122189.00|-0.62|4.08|-0.90|40.20|38.44|40.26|38.33|0.31|38.68|393400|15317158.00|1|0.0000|0.0000|0.0000|0|38.68
共同药业|300966|0.89|2461426|41803972.00|-0.77|1.78|-1.24|17.03|16.75|17.18|16.67|2.46|16.88|2390726|40458672.00|1|0.0000|0.0000|0.0000|0|16.88
晓鸣股份|300967|7.32|26887992|494144768.00|-1.50|11.75|-1.79|18.63|17.10|19.40|17.05|26.89|17.36|18611596|323434336.00|1|0.0000|0.0000|0.0000|0|17.36
格林精密|300968|-2.45|4869200|82429528.00|-0.87|0.52|-2.85|16.75|17.02|17.26|16.68|4.87|17.17|3992115|68681416.00|1|0.0000|0.0000|0.0000|0|17.17
恒帅股份|300969|-3.69|1167166|96069912.00|-0.95|-0.95|-5.03|82.39|84.74|84.74|81.25|1.17|85.55|570330|49044724.00|1|0.0000|0.0000|0.0000|0|85.55
华绿生物|300970|3.33|5535000|68608368.00|-0.67|5.24|-0.67|12.43|11.95|12.66|11.95|5.54|12.03|2194000|26358168.00|1|0.0000|0.0000|0.0000|0|12.03
博亚精工|300971|-3.17|5001800|116349840.00|-1.14|1.14|-3.72|22.93|23.41|23.95|22.80|5.00|23.68|4321045|103121816.00|1|0.0000|0.0000|0.0000|0|23.68
万辰集团|300972|2.70|2190248|220026464.00|-0.22|3.93|-2.32|102.62|99.70|103.85|97.60|2.19|99.92|2896400|286041056.00|1|0.0000|0.0000|0.0000|0|99.92
立高食品|300973|0.41|1357000|56677352.00|-1.20|1.78|-1.47|41.67|41.00|42.24|40.89|1.36|41.50|1248600|52110204.00|1|0.0000|0.0000|0.0000|0|41.50
商络电子|300975|-2.97|17051900|191171648.00|-2.71|-0.35|-3.58|11.12|11.15|11.42|11.05|17.05|11.46|22309057|258637056.00|1|0.0000|0.0000|0.0000|0|11.46
达瑞电子|300976|-8.90|3021392|188582896.00|-1.00|-0.50|-9.10|60.40|65.64|65.97|60.27|3.02|66.30|554960|36979516.00|1|0.0000|0.0000|0.0000|0|66.30
深圳瑞捷|300977|-0.57|1214563|21077474.00|-0.74|0.46|-2.06|17.37|17.34|17.55|17.11|1.21|17.47|1305019|22906494.00|1|0.0000|0.0000|0.0000|0|17.47
东箭科技|300978|-2.54|3708354|41375600.00|-1.75|0.00|-3.77|11.11|11.20|11.40|10.97|3.71|11.40|4193000|47908240.00|1|0.0000|0.0000|0.0000|0|11.40
华利集团|300979|-13.80|13905446|727297792.00|-4.77|-4.29|-19.65|53.48|59.08|59.38|49.85|13.91|62.04|1710829|106001880.00|1|0.0000|0.0000|0.0000|0|62.04
祥源新材|300980|-2.24|2260492|56555488.00|-1.26|0.98|-4.00|24.91|25.16|25.73|24.46|2.26|25.48|2293200|58409264.00|1|0.0000|0.0000|0.0000|0|25.48
中红医疗|300981|0.00|3202584|40157928.00|-0.88|1.84|-0.88|12.49|12.38|12.72|12.38|3.20|12.49|3001763|37525584.00|1|0.0000|0.0000|0.0000|0|12.49
苏文电能|300982|0.46|1582924|27598820.00|-0.69|0.97|-1.26|17.52|17.32|17.61|17.22|1.58|17.44|1553544|27223016.00|1|0.0000|0.0000|0.0000|0|17.44
尤安设计|300983|-0.06|476813|8216631.50|0.00|0.93|-1.10|17.24|17.25|17.41|17.06|0.48|17.25|291117|5035280.00|1|0.0000|0.0000|0.0000|0|17.25
金沃股份|300984|-3.65|1971992|132022280.00|-1.40|0.58|-4.81|66.29|67.84|69.20|65.49|1.97|68.80|2022420|139223296.00|1|0.0000|0.0000|0.0000|0|68.80
致远新能|300985|-1.36|1536328|25721890.00|-0.94|0.24|-2.77|16.74|16.81|17.01|16.50|1.54|16.97|1375833|23498674.00|1|0.0000|0.0000|0.0000|0|16.97
志特新材|300986|-1.02|6051214|112798088.00|-1.07|1.07|-1.82|18.51|18.50|18.90|18.36|6.05|18.70|6481488|122054840.00|1|0.0000|0.0000|0.0000|0|18.70
川网传媒|300987|-3.26|27662367|471692032.00|0.86|2.92|-4.58|16.90|17.62|17.98|16.67|27.66|17.47|31926671|576702720.00|1|0.0000|0.0000|0.0000|0|17.47
津荣天宇|300988|-3.08|3483580|69688592.00|-1.42|0.59|-4.30|19.85|20.19|20.60|19.60|3.48|20.48|3030060|62393056.00|1|0.0000|0.0000|0.0000|0|20.48
蕾奥规划|300989|3.84|12187643|207180576.00|-1.98|6.06|-3.60|17.30|16.33|17.67|16.06|12.19|16.66|12527658|207379968.00|1|0.0000|0.0000|0.0000|0|16.66
同飞股份|300990|-1.43|1155780|49125056.00|-1.46|-0.05|-3.79|42.61|42.60|43.21|41.59|1.16|43.23|1366400|59370448.00|1|0.0000|0.0000|0.0000|0|43.23
创益通|300991|-1.36|2052680|38959912.00|-0.63|0.68|-2.45|18.91|19.05|19.30|18.70|2.05|19.17|2342560|45157592.00|1|0.0000|0.0000|0.0000|0|19.17
泰福泵业|300992|-1.62|1494911|31646558.00|-1.67|0.00|-3.20|21.20|21.19|21.55|20.86|1.49|21.55|1831511|39459620.00|1|0.0000|0.0000|0.0000|0|21.55
玉马科技|300993|-2.38|9030035|96892904.00|-1.28|0.37|-3.11|10.68|10.80|10.98|10.60|9.03|10.94|8881276|96837712.00|1|0.0000|0.0000|0.0000|0|10.94
久祺股份|300994|7.03|15863122|222582288.00|2.52|13.53|0.15|14.00|13.41|14.85|13.10|15.86|13.08|4125860|53780064.00|1|0.0000|0.0000|0.0000|0|13.08
奇德新材|300995|-7.10|9088226|224391120.00|-1.95|-0.92|-9.89|24.34|25.69|25.96|23.61|9.09|26.20|9071407|237174160.00|1|0.0000|0.0000|0.0000|0|26.20
普联软件|300996|1.82|11476283|286134112.00|-1.74|2.62|-1.74|25.23|24.35|25.43|24.35|11.48|24.78|9891529|246607104.00|1|0.0000|0.0000|0.0000|0|24.78
欢乐家|300997|0.93|3780269|53538580.00|-1.50|2.07|-1.57|14.16|13.82|14.32|13.81|3.78|14.03|3706679|52677624.00|1|0.0000|0.0000|0.0000|0|14.03
宁波方正|300998|-3.28|2732900|48232344.00|-1.00|0.33|-3.67|17.41|17.82|18.06|17.34|2.73|18.00|5586800|99982888.00|1|0.0000|0.0000|0.0000|0|18.00
金龙鱼|300999|1.01|5675902|182072032.00|-0.03|1.32|-0.31|32.15|31.82|32.25|31.73|5.68|31.83|5176001|165686272.00|1|0.0000|0.0000|0.0000|0|31.83
肇民科技|301000|-6.22|17480063|748712896.00|-0.71|-0.51|-7.69|42.18|44.66|44.75|41.52|17.48|44.98|23180536|1007072448.00|1|0.0000|0.0000|0.0000|0|44.98
凯淳股份|301001|-3.45|1575900|45987256.00|-3.91|-1.56|-5.47|29.11|28.97|29.68|28.50|1.58|30.15|1563482|47098264.00|1|0.0000|0.0000|0.0000|0|30.15
崧盛股份|301002|-1.02|1116900|18371518.00|-0.66|1.32|-3.24|16.48|16.54|16.87|16.11|1.12|16.65|1130570|18930584.00|1|0.0000|0.0000|0.0000|0|16.65
江苏博云|301003|-4.45|3962180|111053104.00|-1.14|0.03|-6.28|27.70|28.66|29.00|27.17|3.96|28.99|2655700|77759584.00|1|0.0000|0.0000|0.0000|0|28.99
嘉益股份|301004|-10.39|2080854|202221600.00|-3.00|-2.99|-11.00|94.00|101.75|101.76|93.36|2.08|104.90|1226602|127145336.00|1|0.0000|0.0000|0.0000|0|104.90
超捷股份|301005|-2.33|4427530|140875264.00|-1.03|1.12|-3.14|31.37|31.79|32.48|31.11|4.43|32.12|3870358|124198992.00|1|0.0000|0.0000|0.0000|0|32.12
迈拓股份|301006|-0.42|1167900|16425513.00|-0.57|1.34|-2.34|14.07|14.05|14.32|13.80|1.17|14.13|1020300|14501624.00|1|0.0000|0.0000|0.0000|0|14.13
德迈仕|301007|-4.70|9312000|196277024.00|-0.83|0.37|-5.43|20.70|21.54|21.80|20.54|9.31|21.72|8511303|184613168.00|1|0.0000|0.0000|0.0000|0|21.72
宏昌科技|301008|-3.70|2470229|55408516.00|-1.39|0.70|-4.31|22.10|22.63|23.11|21.96|2.47|22.95|2659134|61379792.00|1|0.0000|0.0000|0.0000|0|22.95
可靠股份|301009|0.64|4000200|44172168.00|-0.45|1.18|-1.36|11.09|10.97|11.15|10.87|4.00|11.02|3728200|41191740.00|1|0.0000|0.0000|0.0000|0|11.02
晶雪节能|301010|4.36|10691689|196342192.00|0.00|5.59|-1.23|18.68|17.90|18.90|17.68|10.69|17.90|9262500|163170832.00|1|0.0000|0.0000|0.0000|0|17.90
华立科技|301011|2.36|7385520|201774432.00|-2.24|9.62|-2.89|26.93|25.72|28.84|25.55|7.39|26.31|3874722|103292752.00|1|0.0000|0.0000|0.0000|0|26.31
扬电科技|301012|-3.30|4851786|128301584.00|-1.81|0.48|-4.15|26.11|26.51|27.13|25.88|4.85|27.00|5066051|136909008.00|1|0.0000|0.0000|0.0000|0|27.00
利和兴|301013|-1.52|19443100|315551488.00|-0.61|1.22|-3.47|16.20|16.35|16.65|15.88|19.44|16.45|28146428|469007392.00|1|0.0000|0.0000|0.0000|0|16.45
百洋医药|301015|-0.97|4295619|91960896.00|-0.79|0.46|-2.22|21.37|21.41|21.68|21.10|4.30|21.58|6181400|133791480.00|1|0.0000|0.0000|0.0000|0|21.58
雷尔伟|301016|20.02|20566450|522826688.00|-0.80|20.02|-0.80|27.10|22.40|27.10|22.40|20.57|22.58|7497639|170732160.00|1|0.0000|0.0000|0.0000|0|22.58
漱玉平民|301017|1.57|2620225|30358504.00|-1.22|2.88|-1.22|11.62|11.30|11.77|11.30|2.62|11.44|1743825|20103354.00|1|0.0000|0.0000|0.0000|0|11.44
申菱环境|301018|-2.79|3523136|134029624.00|-1.99|0.26|-3.38|37.69|38.00|38.87|37.46|3.52|38.77|3631100|141506688.00|1|0.0000|0.0000|0.0000|0|38.77
宁波色母|301019|-1.22|2651014|42521040.00|-0.86|0.43|-3.86|16.13|16.19|16.40|15.70|2.65|16.33|1949205|32009842.00|1|0.0000|0.0000|0.0000|0|16.33
密封科技|301020|-1.73|1816400|38366648.00|-2.01|0.28|-2.99|21.07|21.01|21.50|20.80|1.82|21.44|1682996|36359340.00|1|0.0000|0.0000|0.0000|0|21.44
英诺激光|301021|-3.15|5787200|180667024.00|-1.78|0.47|-5.49|31.03|31.47|32.19|30.28|5.79|32.04|6687620|217259376.00|1|0.0000|0.0000|0.0000|0|32.04
海泰科|301022|-2.82|1784414|47615924.00|-1.83|0.40|-4.11|26.50|26.77|27.38|26.15|1.78|27.27|2295062|62621644.00|1|0.0000|0.0000|0.0000|0|27.27
奕帆传动|301023|-1.55|1942999|127257952.00|0.67|2.47|-2.99|64.85|66.31|67.50|63.90|1.94|65.87|3185300|210170960.00|1|0.0000|0.0000|0.0000|0|65.87
霍普股份|301024|-0.85|974500|25154532.00|-0.77|2.51|-2.63|25.63|25.65|26.50|25.17|0.97|25.85|1083700|28239264.00|1|0.0000|0.0000|0.0000|0|25.85
读客文化|301025|4.98|43063259|470273024.00|-0.67|10.05|-2.58|10.97|10.38|11.50|10.18|43.06|10.45|28531063|307273888.00|1|0.0000|0.0000|0.0000|0|10.45
浩通科技|301026|0.98|2703900|83016152.00|-0.82|2.13|-0.82|30.85|30.30|31.20|30.30|2.70|30.55|1422500|43459352.00|1|0.0000|0.0000|0.0000|0|30.55
华蓝集团|301027|-0.86|2622824|33364118.00|-1.02|1.18|-1.57|12.63|12.61|12.89|12.54|2.62|12.74|2116100|27183852.00|1|0.0000|0.0000|0.0000|0|12.74
东亚机械|301028|-4.32|5413081|65791632.00|-0.88|0.32|-5.04|11.97|12.40|12.55|11.88|5.41|12.51|4065919|51250040.00|1|0.0000|0.0000|0.0000|0|12.51
怡合达|301029|-1.34|3312324|83552208.00|-0.94|0.71|-2.08|25.11|25.21|25.63|24.92|3.31|25.45|3391140|86231280.00|1|0.0000|0.0000|0.0000|0|25.45
仕净科技|301030|-0.85|4473780|93422336.00|-0.85|0.52|-2.46|20.95|20.95|21.24|20.61|4.47|21.13|4507760|95855856.00|1|0.0000|0.0000|0.0000|0|21.13
中熔电气|301031|-2.88|896232|108040864.00|-1.47|-0.83|-4.44|120.50|122.24|123.04|118.56|0.90|124.07|868500|108670952.00|1|0.0000|0.0000|0.0000|0|124.07
新柴股份|301032|-1.61|21367900|296892832.00|-2.66|0.42|-5.80|14.07|13.92|14.36|13.47|21.37|14.30|19344200|279129920.00|1|0.0000|0.0000|0.0000|0|14.30
迈普医学|301033|-1.93|952500|47633120.00|-0.97|1.22|-2.94|49.71|50.20|51.31|49.20|0.95|50.69|1070200|54326812.00|1|0.0000|0.0000|0.0000|0|50.69
润丰股份|301035|-2.11|582636|32528122.00|0.26|0.26|-2.87|55.64|56.99|56.99|55.21|0.58|56.84|506300|28313378.00|1|0.0000|0.0000|0.0000|0|56.84
双乐股份|301036|-3.97|5083177|200261408.00|-1.91|0.00|-6.57|39.18|40.02|40.80|38.12|5.08|40.80|4570200|188008896.00|1|0.0000|0.0000|0.0000|0|40.80
保立佳|301037|-0.32|4030214|50223028.00|1.59|1.67|-3.11|12.52|12.76|12.77|12.17|4.03|12.56|3898988|49921656.00|1|0.0000|0.0000|0.0000|0|12.56
深水规院|301038|-1.87|3991830|75456304.00|-2.29|-0.10|-3.18|18.85|18.77|19.19|18.60|3.99|19.21|5012300|97369976.00|1|0.0000|0.0000|0.0000|0|19.21
中集车辆|301039|-1.16|19815682|186064864.00|-1.37|0.42|-1.58|9.36|9.34|9.51|9.32|19.82|9.47|38193618|358777856.00|1|0.0000|0.0000|0.0000|0|9.47
中环海陆|301040|3.70|5105200|81943568.00|-1.21|3.89|-1.21|16.27|15.50|16.30|15.50|5.11|15.69|1790369|28108182.00|1|0.0000|0.0000|0.0000|0|15.69
金百泽|301041|-2.47|1550600|38714520.00|-1.41|-0.04|-3.73|24.86|25.13|25.48|24.54|1.55|25.49|1530200|39307876.00|1|0.0000|0.0000|0.0000|0|25.49
安联锐视|301042|-2.10|1073500|39775256.00|-0.99|0.56|-2.88|36.76|37.18|37.76|36.47|1.07|37.55|1355839|51150212.00|1|0.0000|0.0000|0.0000|0|37.55
绿岛风|301043|-0.20|611800|17911300.00|-1.56|0.27|-1.90|29.45|29.05|29.59|28.95|0.61|29.51|494300|14584405.00|1|0.0000|0.0000|0.0000|0|29.51
天禄科技|301045|-1.28|1056871|22815408.00|-1.65|-0.27|-2.24|21.57|21.49|21.79|21.36|1.06|21.85|1162600|25388692.00|1|0.0000|0.0000|0.0000|0|21.85
能辉科技|301046|-1.20|1188600|24548422.00|-1.77|0.48|-2.34|20.65|20.53|21.00|20.41|1.19|20.90|1389300|29129814.00|1|0.0000|0.0000|0.0000|0|20.90
义翘神州|301047|-1.40|1377090|92043848.00|-0.49|1.74|-1.82|66.14|66.75|68.25|65.86|1.38|67.08|1322181|88524904.00|1|0.0000|0.0000|0.0000|0|67.08
金鹰重工|301048|6.03|18974659|185361360.00|-0.86|8.84|-0.86|9.84|9.20|10.10|9.20|18.97|9.28|5680100|52848968.00|1|0.0000|0.0000|0.0000|0|9.28
超越科技|301049|0.62|1310485|29926678.00|-0.49|2.78|-1.99|22.81|22.56|23.30|22.22|1.31|22.67|836500|18843216.00|1|0.0000|0.0000|0.0000|0|22.67
雷电微力|301050|-1.05|4363255|227300336.00|-0.92|1.57|-1.72|51.73|51.80|53.10|51.38|4.36|52.28|3147140|164385328.00|1|0.0000|0.0000|0.0000|0|52.28
信濠光电|301051|-0.91|1002042|23902142.00|-1.20|0.21|-1.95|23.89|23.82|24.16|23.64|1.00|24.11|1324200|31844064.00|1|0.0000|0.0000|0.0000|0|24.11
果麦文化|301052|5.93|25017539|848475520.00|-0.24|8.78|-3.06|34.64|32.62|35.57|31.70|25.02|32.70|19611924|659792192.00|1|0.0000|0.0000|0.0000|0|32.70
远信工业|301053|-2.79|2180466|56574100.00|-0.83|-0.11|-4.15|25.76|26.28|26.47|25.40|2.18|26.50|1819964|48459396.00|1|0.0000|0.0000|0.0000|0|26.50
张小泉|301055|-6.90|6542100|100549504.00|-2.93|-2.75|-8.49|15.25|15.90|15.93|14.99|6.54|16.38|4358652|71068072.00|1|0.0000|0.0000|0.0000|0|16.38
森赫股份|301056|-2.14|3494649|30366722.00|-1.24|-0.45|-4.05|8.70|8.78|8.85|8.53|3.49|8.89|2803100|25031736.00|1|0.0000|0.0000|0.0000|0|8.89
汇隆新材|301057|2.48|6634980|97673576.00|-0.21|3.16|-3.30|14.90|14.51|15.00|14.06|6.63|14.54|5577608|80609816.00|1|0.0000|0.0000|0.0000|0|14.54
中粮科工|301058|0.63|4781500|53373024.00|-0.54|1.44|-0.99|11.16|11.03|11.25|10.98|4.78|11.09|3949000|44002472.00|1|0.0000|0.0000|0.0000|0|11.09
金三江|301059|-1.15|3216880|35933304.00|-1.15|0.62|-3.18|11.20|11.20|11.40|10.97|3.22|11.33|3427140|39140116.00|1|0.0000|0.0000|0.0000|0|11.33
兰卫医学|301060|-0.30|5002600|50404300.00|-0.50|1.99|-1.29|10.02|10.00|10.25|9.92|5.00|10.05|4515700|45394608.00|1|0.0000|0.0000|0.0000|0|10.05
匠心家居|301061|-20.00|3804354|243696288.00|-6.06|-6.06|-20.00|63.53|74.60|74.60|63.53|3.80|79.41|882000|69173488.00|1|0.0000|0.0000|0.0000|0|79.41
上海艾录|301062|-1.44|6772200|60524176.00|-0.44|0.44|-2.33|8.89|8.98|9.06|8.81|6.77|9.02|4516300|40922948.00|1|0.0000|0.0000|0.0000|0|9.02
海锅股份|301063|-3.64|8171500|201491616.00|-1.02|0.20|-6.43|24.59|25.26|25.57|23.88|8.17|25.52|9118450|234135584.00|1|0.0000|0.0000|0.0000|0|25.52
本立科技|301065|3.86|6611550|140787136.00|-1.16|4.88|-2.32|21.50|20.46|21.71|20.22|6.61|20.70|3748000|78053792.00|1|0.0000|0.0000|0.0000|0|20.70
万事利|301066|-0.15|1544080|20635982.00|-0.15|0.75|-1.27|13.37|13.37|13.49|13.22|1.54|13.39|1514600|20326914.00|1|0.0000|0.0000|0.0000|0|13.39
显盈科技|301067|-2.95|2125720|60684324.00|-1.89|-0.24|-3.53|28.30|28.61|29.09|28.13|2.13|29.16|2567440|76165632.00|1|0.0000|0.0000|0.0000|0|29.16
大地海洋|301068|-1.13|983450|34279080.00|-0.37|-0.06|-3.21|35.07|35.34|35.45|34.33|0.98|35.47|988720|35301060.00|1|0.0000|0.0000|0.0000|0|35.47
凯盛新材|301069|-3.99|7172700|110215488.00|-1.08|0.32|-5.06|15.17|15.63|15.85|15.00|7.17|15.80|6403602|101679488.00|1|0.0000|0.0000|0.0000|0|15.80
开勒股份|301070|4.68|2638420|146079792.00|-1.38|6.60|-1.38|55.48|52.27|56.50|52.27|2.64|53.00|1203700|63187468.00|1|0.0000|0.0000|0.0000|0|53.00
力量钻石|301071|0.45|4440881|145861472.00|-1.24|1.55|-2.48|33.15|32.59|33.51|32.18|4.44|33.00|1749000|57930060.00|1|0.0000|0.0000|0.0000|0|33.00
中捷精工|301072|-3.17|1445600|29044316.00|-0.78|0.05|-4.24|19.88|20.37|20.54|19.66|1.45|20.53|1500401|31024034.00|1|0.0000|0.0000|0.0000|0|20.53
君亭酒店|301073|3.38|10982854|248328816.00|-1.41|6.16|-1.41|22.65|21.60|23.26|21.60|10.98|21.91|3834114|84165808.00|1|0.0000|0.0000|0.0000|0|21.91
多瑞医药|301075|9.67|16759642|535445856.00|-1.89|14.66|-4.45|33.00|29.52|34.50|28.75|16.76|30.09|16937735|508507232.00|1|0.0000|0.0000|0.0000|0|30.09
新瀚新材|301076|-2.88|2206500|57965404.00|-1.87|0.71|-3.40|25.99|26.26|26.95|25.85|2.21|26.76|2072800|55487604.00|1|0.0000|0.0000|0.0000|0|26.76
星华新材|301077|4.01|11049676|354513888.00|-4.14|6.39|-4.82|33.20|30.60|33.96|30.38|11.05|31.92|11731744|371468992.00|1|0.0000|0.0000|0.0000|0|31.92
孩子王|301078|-1.28|41430699|517018880.00|-2.00|1.36|-2.00|12.35|12.26|12.68|12.26|41.43|12.51|29436905|368595712.00|1|0.0000|0.0000|0.0000|0|12.51
邵阳液压|301079|-6.44|17738829|476025056.00|-0.50|0.00|-7.22|26.30|27.97|28.11|26.08|17.74|28.11|19483200|552898048.00|1|0.0000|0.0000|0.0000|0|28.11
百普赛斯|301080|-7.38|3638049|185046416.00|-1.04|0.19|-8.97|50.06|53.49|54.15|49.20|3.64|54.05|1261550|68327208.00|1|0.0000|0.0000|0.0000|0|54.05
严牌股份|301081|0.52|2340242|22380088.00|-0.63|1.57|-2.31|9.59|9.48|9.69|9.32|2.34|9.54|1709559|16348358.00|1|0.0000|0.0000|0.0000|0|9.54
久盛电气|301082|-4.14|30563423|563438016.00|-3.45|2.97|-7.01|18.05|18.18|19.39|17.51|30.56|18.83|38884817|726374080.00|1|0.0000|0.0000|0.0000|0|18.83
百胜智能|301083|-2.11|3759900|56119528.00|-1.39|0.66|-3.17|14.84|14.95|15.26|14.68|3.76|15.16|2890974|44075380.00|1|0.0000|0.0000|0.0000|0|15.16
亚康股份|301085|-1.55|1366300|85064144.00|-1.44|0.49|-2.98|62.09|62.16|63.38|61.19|1.37|63.07|1395800|88535832.00|1|0.0000|0.0000|0.0000|0|63.07
鸿富瀚|301086|-2.76|859650|40359332.00|-1.42|0.29|-3.55|46.51|47.15|47.97|46.13|0.86|47.83|653300|31421400.00|1|0.0000|0.0000|0.0000|0|47.83
可孚医疗|301087|-0.51|1012930|35944576.00|-0.20|1.07|-1.57|35.39|35.50|35.95|35.01|1.01|35.57|929270|33048688.00|1|0.0000|0.0000|0.0000|0|35.57
戎美股份|301088|-0.07|1033700|13787059.00|-0.82|0.45|-1.35|13.36|13.26|13.43|13.19|1.03|13.37|1048800|14046567.00|1|0.0000|0.0000|0.0000|0|13.37
拓新药业|301089|0.40|5611867|168201024.00|-0.44|2.60|-0.44|29.75|29.50|30.40|29.50|5.61|29.63|7657701|229052816.00|1|0.0000|0.0000|0.0000|0|29.63
华润材料|301090|-0.68|3606500|26393244.00|-0.68|0.54|-1.63|7.32|7.32|7.41|7.25|3.61|7.37|4512298|33301692.00|1|0.0000|0.0000|0.0000|0|7.37
深城交|301091|-1.14|4158711|152097584.00|-1.99|1.28|-1.99|36.31|36.00|37.20|36.00|4.16|36.73|4088581|151035328.00|1|0.0000|0.0000|0.0000|0|36.73
争光股份|301092|-1.15|2863286|75921200.00|-1.27|1.56|-2.64|26.55|26.52|27.28|26.15|2.86|26.86|3701100|99370776.00|1|0.0000|0.0000|0.0000|0|26.86
华兰股份|301093|-1.42|1464700|41002256.00|0.11|2.07|-2.24|27.68|28.11|28.66|27.45|1.46|28.08|1450700|40652528.00|1|0.0000|0.0000|0.0000|0|28.08
广立微|301095|-0.17|2831240|149209312.00|-1.17|2.51|-1.32|52.20|51.68|53.60|51.60|2.83|52.29|2139832|112375152.00|1|0.0000|0.0000|0.0000|0|52.29
百诚医药|301096|-0.68|2982488|114174384.00|-1.04|1.17|-1.46|38.10|37.96|38.81|37.80|2.98|38.36|3587608|137104096.00|1|0.0000|0.0000|0.0000|0|38.36
天益医疗|301097|-1.05|368400|13969722.00|-0.13|0.89|-2.20|37.82|38.17|38.56|37.38|0.37|38.22|361700|13932364.00|1|0.0000|0.0000|0.0000|0|38.22
金埔园林|301098|0.50|3348136|27026326.00|0.00|0.87|-1.36|8.12|8.08|8.15|7.97|3.35|8.08|1965361|15954210.00|1|0.0000|0.0000|0.0000|0|8.08
雅创电子|301099|-0.66|3131657|151247952.00|-1.48|1.96|-3.09|48.18|47.78|49.45|47.00|3.13|48.50|3164609|153828992.00|1|0.0000|0.0000|0.0000|0|48.50
风光股份|301100|-0.12|1026500|16668155.00|-0.43|1.04|-1.72|16.29|16.24|16.48|16.03|1.03|16.31|1138700|18617092.00|1|0.0000|0.0000|0.0000|0|16.31
明月镜片|301101|-3.69|7048150|380692352.00|-2.44|0.90|-5.33|53.31|54.00|55.85|52.40|7.05|55.35|7566615|415289760.00|1|0.0000|0.0000|0.0000|0|55.35
兆讯传媒|301102|-0.09|3376645|36082372.00|-1.03|1.50|-1.96|10.68|10.58|10.85|10.48|3.38|10.69|2816091|30326808.00|1|0.0000|0.0000|0.0000|0|10.69
何氏眼科|301103|-0.05|877930|18040752.00|-0.54|1.76|-0.88|20.48|20.38|20.85|20.31|0.88|20.49|1012800|20768278.00|1|0.0000|0.0000|0.0000|0|20.49
鸿铭股份|301105|-0.70|879904|31121104.00|-1.40|0.87|-2.36|35.35|35.10|35.91|34.76|0.88|35.60|1371704|49129252.00|1|0.0000|0.0000|0.0000|0|35.60
骏成科技|301106|-1.11|873140|25613444.00|-0.94|0.51|-2.73|29.33|29.38|29.81|28.85|0.87|29.66|792280|23661292.00|1|0.0000|0.0000|0.0000|0|29.66
瑜欣电子|301107|-2.08|1586971|51628428.00|-0.30|0.99|-4.13|32.48|33.07|33.50|31.80|1.59|33.17|1902056|63792856.00|1|0.0000|0.0000|0.0000|0|33.17
洁雅股份|301108|9.37|4923310|140405296.00|0.15|15.23|-1.02|28.94|26.50|30.49|26.19|4.92|26.46|467500|12360339.00|1|0.0000|0.0000|0.0000|0|26.46
军信股份|301109|-0.70|5521798|109995984.00|-1.25|0.75|-2.49|19.93|19.82|20.22|19.57|5.52|20.07|7212570|146266768.00|1|0.0000|0.0000|0.0000|0|20.07
青木科技|301110|-2.38|1445040|69006976.00|-2.03|0.04|-2.98|47.49|47.66|48.67|47.20|1.45|48.65|1613900|79111792.00|1|0.0000|0.0000|0.0000|0|48.65
粤万年青|301111|-0.31|3141000|51162524.00|-1.23|1.47|-1.72|16.25|16.10|16.54|16.02|3.14|16.30|4130500|67284272.00|1|0.0000|0.0000|0.0000|0|16.30
信邦智能|301112|-1.48|1574000|41093084.00|-0.99|1.10|-2.92|26.00|26.13|26.68|25.62|1.57|26.39|2492600|65882540.00|1|0.0000|0.0000|0.0000|0|26.39
雅艺科技|301113|0.04|1047500|25833824.00|-1.56|1.04|-3.05|24.96|24.56|25.21|24.19|1.05|24.95|1429366|35532196.00|1|0.0000|0.0000|0.0000|0|24.95
联检科技|301115|0.57|1497614|21195122.00|-0.64|0.85|-1.06|14.20|14.03|14.24|13.97|1.50|14.12|1080114|15239142.00|1|0.0000|0.0000|0.0000|0|14.12
益客食品|301116|3.84|12813556|151170112.00|-1.22|4.45|-1.22|11.89|11.31|11.96|11.31|12.81|11.45|5755300|66616988.00|1|0.0000|0.0000|0.0000|0|11.45
佳缘科技|301117|0.10|1655056|51747460.00|-1.47|1.44|-1.53|31.34|30.85|31.76|30.83|1.66|31.31|1995300|63160136.00|1|0.0000|0.0000|0.0000|0|31.31
恒光股份|301118|3.68|14751353|334632128.00|0.00|5.48|-4.35|23.10|22.28|23.50|21.31|14.75|22.28|13180498|295995776.00|1|0.0000|0.0000|0.0000|0|22.28
正强股份|301119|-4.10|1841940|55719356.00|-0.77|0.48|-5.71|29.92|30.96|31.35|29.42|1.84|31.20|1776561|56280988.00|1|0.0000|0.0000|0.0000|0|31.20
新特电气|301120|0.83|14189550|136981744.00|-0.73|2.50|-0.73|9.67|9.52|9.83|9.52|14.19|9.59|11932900|115264240.00|1|0.0000|0.0000|0.0000|0|9.59
紫建电子|301121|-4.77|2482742|143203632.00|-1.61|0.37|-5.68|56.70|58.58|59.76|56.16|2.48|59.54|2158400|130153880.00|1|0.0000|0.0000|0.0000|0|59.54
采纳股份|301122|-0.84|1151410|25886176.00|-0.49|1.19|-1.77|22.41|22.49|22.87|22.20|1.15|22.60|1170840|26478820.00|1|0.0000|0.0000|0.0000|0|22.60
奕东电子|301123|-1.30|2017200|43053916.00|-1.76|0.14|-2.36|21.30|21.20|21.61|21.07|2.02|21.58|1628000|35358872.00|1|0.0000|0.0000|0.0000|0|21.58
腾亚精工|301125|-1.50|3018759|35704764.00|-1.25|1.42|-3.09|11.80|11.83|12.15|11.61|3.02|11.98|3599196|43238672.00|1|0.0000|0.0000|0.0000|0|11.98
达嘉维康|301126|0.09|4303900|49368128.00|-1.57|1.22|-1.75|11.46|11.27|11.59|11.25|4.30|11.45|5542800|63430232.00|1|0.0000|0.0000|0.0000|0|11.45
武汉天源|301127|0.30|6506255|107725480.00|-1.58|1.94|-1.58|16.51|16.20|16.78|16.20|6.51|16.46|6229184|103565304.00|1|0.0000|0.0000|0.0000|0|16.46
强瑞技术|301128|-3.92|2362601|171178080.00|-1.78|0.84|-4.50|71.34|72.93|74.87|70.91|2.36|74.25|2353600|176940112.00|1|0.0000|0.0000|0.0000|0|74.25
瑞纳智能|301129|-1.40|1259120|26643632.00|0.47|1.12|-3.04|21.08|21.48|21.62|20.73|1.26|21.38|1159500|24807240.00|1|0.0000|0.0000|0.0000|0|21.38
西点药业|301130|1.22|2057250|57788664.00|-0.72|1.25|-1.14|28.29|27.75|28.30|27.63|2.06|27.95|1596176|44483748.00|1|0.0000|0.0000|0.0000|0|27.95
聚赛龙|301131|-2.04|1092600|41963548.00|-0.92|-0.03|-3.85|38.43|38.87|39.22|37.72|1.09|39.23|1311600|51283796.00|1|0.0000|0.0000|0.0000|0|39.23
满坤科技|301132|-1.93|1624200|42367536.00|-1.10|0.23|-2.98|25.96|26.18|26.53|25.68|1.62|26.47|1078768|28678304.00|1|0.0000|0.0000|0.0000|0|26.47
金钟股份|301133|-2.91|1757600|41748124.00|-0.78|-0.78|-3.81|23.68|24.20|24.20|23.46|1.76|24.39|1665047|40425872.00|1|0.0000|0.0000|0.0000|0|24.39
瑞德智能|301135|-2.49|1726200|43607128.00|-0.97|0.00|-3.69|25.11|25.50|25.75|24.80|1.73|25.75|1835200|47323956.00|1|0.0000|0.0000|0.0000|0|25.75
招标股份|301136|-1.32|6007500|71740112.00|-1.65|-0.08|-2.73|11.94|11.90|12.09|11.77|6.01|12.10|7309500|88026840.00|1|0.0000|0.0000|0.0000|0|12.10
哈焊华通|301137|-5.43|19432570|469726432.00|-2.65|5.22|-6.30|22.81|23.48|25.38|22.60|19.43|24.12|17436702|418999296.00|1|0.0000|0.0000|0.0000|0|24.12
华研精机|301138|-2.99|1454800|41900740.00|-1.26|-0.03|-3.90|28.57|29.08|29.44|28.30|1.45|29.45|1271300|37424240.00|1|0.0000|0.0000|0.0000|0|29.45
元道通信|301139|-1.36|14724600|497591392.00|-0.61|2.41|-4.61|34.00|34.26|35.30|32.88|14.72|34.47|20701600|722063168.00|1|0.0000|0.0000|0.0000|0|34.47
中科磁业|301141|4.27|4763280|181651488.00|3.10|7.67|0.71|38.32|37.89|39.57|37.01|4.76|36.75|1349520|49909252.00|1|0.0000|0.0000|0.0000|0|36.75
嘉戎技术|301148|-0.36|1299000|25371816.00|-0.20|0.30|-2.49|19.63|19.66|19.76|19.21|1.30|19.70|1953137|38665276.00|1|0.0000|0.0000|0.0000|0|19.70
隆华新材|301149|-0.72|3128000|34480908.00|-0.09|0.36|-2.16|11.03|11.10|11.15|10.87|3.13|11.11|3052100|34079672.00|1|0.0000|0.0000|0.0000|0|11.11
中一科技|301150|-1.72|1544949|31029302.00|-1.27|0.00|-2.65|20.05|20.14|20.40|19.86|1.54|20.40|1261716|25803022.00|1|0.0000|0.0000|0.0000|0|20.40
冠龙节能|301151|-0.45|1544007|23764578.00|-0.39|0.06|-2.06|15.43|15.44|15.51|15.18|1.54|15.50|1337200|20807196.00|1|0.0000|0.0000|0.0000|0|15.50
天力锂能|301152|-4.30|3583707|89250088.00|-1.37|-0.35|-4.33|24.51|25.26|25.52|24.50|3.58|25.61|1423800|36882424.00|1|0.0000|0.0000|0.0000|0|25.61
中科江南|301153|-0.22|3719632|100011840.00|-0.97|1.75|-1.57|26.77|26.57|27.30|26.41|3.72|26.83|3280967|88045152.00|1|0.0000|0.0000|0.0000|0|26.83
海力风电|301155|-2.31|1495376|92019248.00|-0.67|0.19|-2.42|60.95|61.97|62.51|60.88|1.50|62.39|1936900|120857736.00|1|0.0000|0.0000|0.0000|0|62.39
美农生物|301156|20.03|12827940|226724112.00|-2.70|20.03|-3.22|18.64|15.11|18.64|15.03|12.83|15.53|10236752|154121840.00|1|0.0000|0.0000|0.0000|0|15.53
华塑科技|301157|-0.14|868500|43143504.00|-0.76|1.02|-1.90|49.81|49.50|50.39|48.93|0.87|49.88|650700|32596232.00|1|0.0000|0.0000|0.0000|0|49.88
德石股份|301158|-1.88|11171900|186994688.00|-0.53|0.94|-4.23|16.70|16.93|17.18|16.30|11.17|17.02|11652464|202984000.00|1|0.0000|0.0000|0.0000|0|17.02
三维天地|301159|-1.31|1211000|36641052.00|-0.82|0.82|-2.35|30.20|30.35|30.85|29.88|1.21|30.60|1325558|40435684.00|1|0.0000|0.0000|0.0000|0|30.60
翔楼新材|301160|-5.12|2374600|216168080.00|-1.74|0.69|-5.71|89.59|92.78|95.07|89.03|2.37|94.42|1884700|179543776.00|1|0.0000|0.0000|0.0000|0|94.42
唯万密封|301161|-1.71|3542400|77074640.00|-1.40|0.27|-3.88|21.78|21.85|22.22|21.30|3.54|22.16|2927700|65120368.00|1|0.0000|0.0000|0.0000|0|22.16
国能日新|301162|-1.99|3798383|195583904.00|-2.25|-0.11|-5.07|51.80|51.66|52.79|50.17|3.80|52.85|5400320|284827488.00|1|0.0000|0.0000|0.0000|0|52.85
宏德股份|301163|-2.45|1948800|45251424.00|-0.17|0.34|-3.93|23.08|23.62|23.74|22.73|1.95|23.66|2292900|54208976.00|1|0.0000|0.0000|0.0000|0|23.66
锐捷网络|301165|3.13|8478785|600549504.00|-0.61|4.81|-1.33|71.18|68.60|72.34|68.10|8.48|69.02|3296587|227580624.00|1|0.0000|0.0000|0.0000|0|69.02
优宁维|301166|-0.75|828000|25201072.00|-0.82|1.25|-1.57|30.27|30.25|30.88|30.02|0.83|30.50|986200|30304092.00|1|0.0000|0.0000|0.0000|0|30.50
建研设计|301167|0.00|1931180|25828108.00|-0.97|0.97|-1.93|13.44|13.31|13.57|13.18|1.93|13.44|2273320|30537600.00|1|0.0000|0.0000|0.0000|0|13.44
通灵股份|301168|-1.63|1738621|50899404.00|-1.59|0.64|-2.37|29.02|29.03|29.69|28.80|1.74|29.50|3132400|92406128.00|1|0.0000|0.0000|0.0000|0|29.50
零点有数|301169|-1.54|995300|37735864.00|-1.04|0.00|-2.50|37.80|37.99|38.39|37.43|1.00|38.39|1845500|70570376.00|1|0.0000|0.0000|0.0000|0|38.39
锡南科技|301170|-2.66|1786750|44569684.00|-1.53|-0.35|-4.18|24.89|25.18|25.48|24.50|1.79|25.57|1291700|33105664.00|1|0.0000|0.0000|0.0000|0|25.57
易点天下|301171|-2.60|12204645|318515808.00|-1.13|0.34|-2.94|25.81|26.20|26.59|25.72|12.20|26.50|14537999|384980896.00|1|0.0000|0.0000|0.0000|0|26.50
君逸数码|301172|-0.69|1207187|32898478.00|-1.60|0.55|-1.90|27.25|27.00|27.59|26.92|1.21|27.44|1017732|28044890.00|1|0.0000|0.0000|0.0000|0|27.44
毓恬冠佳|301173|1.39|2015261|112458912.00|-1.19|1.48|-1.39|56.34|54.91|56.39|54.80|2.02|55.57|1559584|87146728.00|1|0.0000|0.0000|0.0000|0|55.57
中科环保|301175|1.94|71749949|416554624.00|0.00|4.41|-0.35|5.78|5.67|5.92|5.65|71.75|5.67|38715033|220494192.00|1|0.0000|0.0000|0.0000|0|5.67
逸豪新材|301176|-2.20|2658182|47340188.00|-1.10|-0.06|-3.69|17.77|17.97|18.16|17.50|2.66|18.17|2036816|37330172.00|1|0.0000|0.0000|0.0000|0|18.17
迪阿股份|301177|-2.64|1585800|45031836.00|-0.66|1.18|-3.09|28.08|28.65|29.18|27.95|1.59|28.84|1848100|53890360.00|1|0.0000|0.0000|0.0000|0|28.84
天亿马|301178|-1.57|1713200|58256336.00|-1.36|0.06|-2.70|33.93|34.00|34.49|33.54|1.71|34.47|2568200|88327376.00|1|0.0000|0.0000|0.0000|0|34.47
泽宇智能|301179|-0.56|2248620|40204560.00|-1.00|1.11|-2.17|17.89|17.81|18.19|17.60|2.25|17.99|2420260|43714888.00|1|0.0000|0.0000|0.0000|0|17.99
万祥科技|301180|-1.04|2835568|37704832.00|-0.97|0.07|-2.60|13.32|13.33|13.47|13.11|2.84|13.46|1980242|26664474.00|1|0.0000|0.0000|0.0000|0|13.46
标榜股份|301181|-3.06|1718330|41262364.00|-0.49|0.45|-3.87|23.78|24.41|24.64|23.58|1.72|24.53|1754830|43191856.00|1|0.0000|0.0000|0.0000|0|24.53
凯旺科技|301182|-2.87|1435309|49686640.00|-0.48|0.74|-3.10|34.16|35.00|35.43|34.08|1.44|35.17|1876400|66594096.00|1|0.0000|0.0000|0.0000|0|35.17
东田微|301183|-1.93|1278200|62675756.00|-0.93|0.26|-2.60|48.70|49.20|49.79|48.37|1.28|49.66|1126500|56085256.00|1|0.0000|0.0000|0.0000|0|49.66
鸥玛软件|301185|-0.33|2069200|37075100.00|-0.61|0.89|-1.83|17.93|17.88|18.15|17.66|2.07|17.99|2407300|43243556.00|1|0.0000|0.0000|0.0000|0|17.99
超达装备|301186|-1.87|593492|23781706.00|-0.37|0.37|-2.83|39.89|40.50|40.80|39.50|0.59|40.65|537600|21920384.00|1|0.0000|0.0000|0.0000|0|40.65
欧圣电气|301187|-13.03|8870150|297849664.00|-1.52|-1.23|-19.98|33.16|37.55|37.66|30.51|8.87|38.13|1855318|70776360.00|1|0.0000|0.0000|0.0000|0|38.13
力诺药包|301188|-1.89|4294200|78517984.00|-1.78|1.46|-2.97|18.18|18.20|18.80|17.98|4.29|18.53|6102628|111971600.00|1|0.0000|0.0000|0.0000|0|18.53
奥尼电子|301189|-3.32|1729800|42727096.00|-0.99|-0.04|-4.50|24.49|25.08|25.32|24.19|1.73|25.33|2007370|50833336.00|1|0.0000|0.0000|0.0000|0|25.33
善水科技|301190|1.34|9185351|193844080.00|-3.38|4.07|-6.75|21.91|20.89|22.50|20.16|9.19|21.62|8638550|184536176.00|1|0.0000|0.0000|0.0000|0|21.62
菲菱科思|301191|-3.33|1365060|140336240.00|-1.72|0.69|-4.48|101.52|103.21|105.74|100.31|1.37|105.02|1666800|175927888.00|1|0.0000|0.0000|0.0000|0|105.02
泰祥股份|301192|-0.47|1605100|30205868.00|-0.89|-0.47|-3.08|19.08|19.00|19.08|18.58|1.61|19.17|1285104|24575022.00|1|0.0000|0.0000|0.0000|0|19.17
家联科技|301193|-0.73|877300|14198915.00|-1.41|-0.06|-1.65|16.21|16.10|16.32|16.06|0.88|16.33|956200|15662302.00|1|0.0000|0.0000|0.0000|0|16.33
北路智控|301195|-1.41|1084150|36578268.00|-0.50|0.76|-2.58|33.60|33.91|34.34|33.20|1.08|34.08|1015500|34780528.00|1|0.0000|0.0000|0.0000|0|34.08
唯科科技|301196|-3.63|2533100|133369568.00|-1.50|0.59|-4.87|51.99|53.14|54.27|51.32|2.53|53.95|3314478|178757600.00|1|0.0000|0.0000|0.0000|0|53.95
工大科雅|301197|0.13|1645400|24634932.00|-0.27|1.33|-1.73|15.01|14.95|15.19|14.73|1.65|14.99|1654400|24914760.00|1|0.0000|0.0000|0.0000|0|14.99
喜悦智行|301198|-0.67|2547200|26256938.00|-0.58|1.15|-2.60|10.32|10.33|10.51|10.12|2.55|10.39|1424540|14861452.00|1|0.0000|0.0000|0.0000|0|10.39
迈赫股份|301199|-2.49|3627600|123136568.00|-0.23|2.54|-3.92|33.35|34.12|35.07|32.86|3.63|34.20|4351300|147896384.00|1|0.0000|0.0000|0.0000|0|34.20
大族数控|301200|-2.18|1227000|48176752.00|0.08|0.28|-3.28|39.05|39.95|40.03|38.61|1.23|39.92|909300|36546076.00|1|0.0000|0.0000|0.0000|0|39.92
诚达药业|301201|4.68|17399098|422705312.00|-0.17|9.36|-0.17|24.15|23.03|25.23|23.03|17.40|23.07|16573822|387026080.00|1|0.0000|0.0000|0.0000|0|23.07
朗威股份|301202|-3.98|2668054|113631536.00|-1.76|-0.16|-4.64|42.00|42.97|43.67|41.71|2.67|43.74|2033900|89314352.00|1|0.0000|0.0000|0.0000|0|43.74
国泰环保|301203|0.07|355585|10862233.00|-1.50|0.33|-1.50|30.70|30.22|30.78|30.22|0.36|30.68|353537|10858903.00|1|0.0000|0.0000|0.0000|0|30.68
联特科技|301205|-2.90|2312172|156154560.00|-1.53|-0.26|-4.26|67.06|68.00|68.88|66.12|2.31|69.06|2122713|146701504.00|1|0.0000|0.0000|0.0000|0|69.06
三元生物|301206|2.86|3717535|100311952.00|0.11|4.47|0.04|26.93|26.21|27.35|26.19|3.72|26.18|697752|18334634.00|1|0.0000|0.0000|0.0000|0|26.18
华兰疫苗|301207|0.29|2712142|47246384.00|-0.58|1.96|-0.75|17.38|17.23|17.67|17.20|2.71|17.33|2760045|48134328.00|1|0.0000|0.0000|0.0000|0|17.33
中亦科技|301208|-1.72|2169940|82344920.00|-2.08|0.73|-2.89|37.74|37.60|38.68|37.29|2.17|38.40|1763640|67989392.00|1|0.0000|0.0000|0.0000|0|38.40
联合化学|301209|0.75|1403500|52295080.00|-0.86|1.96|-1.82|37.58|36.98|38.03|36.62|1.40|37.30|1064200|39829940.00|1|0.0000|0.0000|0.0000|0|37.30
金杨精密|301210|-5.40|2569740|133751440.00|-0.54|0.15|-6.16|51.01|53.63|54.00|50.60|2.57|53.92|3126500|168659232.00|1|0.0000|0.0000|0.0000|0|53.92
亨迪药业|301211|-1.02|8490040|158109936.00|0.11|1.88|-1.72|18.45|18.66|18.99|18.32|8.49|18.64|9626285|180674160.00|1|0.0000|0.0000|0.0000|0|18.64
联盛化学|301212|-0.67|4446551|105814328.00|0.46|2.13|-3.73|23.73|24.00|24.40|23.00|4.45|23.89|4061700|97604144.00|1|0.0000|0.0000|0.0000|0|23.89
观想科技|301213|-0.45|749700|36340052.00|-0.97|1.32|-1.54|48.33|48.08|49.19|47.80|0.75|48.55|648000|31589654.00|1|0.0000|0.0000|0.0000|0|48.55
中汽股份|301215|-0.34|6676400|39059600.00|-0.68|0.68|-1.19|5.85|5.83|5.91|5.80|6.68|5.87|6313377|37142128.00|1|0.0000|0.0000|0.0000|0|5.87
万凯新材|301216|0.23|5221691|69177192.00|-0.60|2.03|-2.03|13.36|13.25|13.60|13.06|5.22|13.33|4641134|61569760.00|1|0.0000|0.0000|0.0000|0|13.33
铜冠铜箔|301217|-1.31|4298772|45477660.00|-1.21|0.28|-2.43|10.57|10.58|10.74|10.45|4.30|10.71|3886711|41818024.00|1|0.0000|0.0000|0.0000|0|10.71
华是科技|301218|-0.24|1695500|35378820.00|-1.62|0.95|-1.95|20.93|20.64|21.18|20.57|1.70|20.98|1783300|37454612.00|1|0.0000|0.0000|0.0000|0|20.98
腾远钴业|301219|-2.80|4377436|228143456.00|-1.41|-0.26|-3.36|51.76|52.50|53.11|51.46|4.38|53.25|2916149|155643792.00|1|0.0000|0.0000|0.0000|0|53.25
亚香股份|301220|-7.97|7474503|569328192.00|-3.00|-2.02|-12.30|75.90|80.00|80.80|72.33|7.47|82.47|2911700|241640112.00|1|0.0000|0.0000|0.0000|0|82.47
光庭信息|301221|-0.35|1227530|58763656.00|-1.65|1.04|-2.00|47.82|47.20|48.49|47.03|1.23|47.99|1451410|70155288.00|1|0.0000|0.0000|0.0000|0|47.99
浙江恒威|301222|-1.74|999340|27689236.00|-1.03|0.43|-3.30|27.71|27.91|28.32|27.27|1.00|28.20|1119200|31568308.00|1|0.0000|0.0000|0.0000|0|28.20
中荣股份|301223|-0.12|1025110|17326560.00|-0.71|0.24|-1.35|16.98|16.88|17.04|16.77|1.03|17.00|1125770|19057930.00|1|0.0000|0.0000|0.0000|0|17.00
恒勃股份|301225|-4.21|2748875|106908744.00|-1.62|-0.12|-5.85|38.46|39.50|40.10|37.80|2.75|40.15|3925175|157637776.00|1|0.0000|0.0000|0.0000|0|40.15
祥明智能|301226|-2.86|3135400|89140408.00|-1.48|0.69|-4.14|28.16|28.56|29.19|27.79|3.14|28.99|4304240|123817440.00|1|0.0000|0.0000|0.0000|0|28.99
森鹰窗业|301227|0.95|1261500|21315196.00|-1.07|1.07|-1.30|17.05|16.71|17.07|16.67|1.26|16.89|1094912|18469664.00|1|0.0000|0.0000|0.0000|0|16.89
实朴检测|301228|-2.04|6016780|125585448.00|-0.99|2.13|-3.98|20.68|20.90|21.56|20.27|6.02|21.11|7614243|165187120.00|1|0.0000|0.0000|0.0000|0|21.11
纽泰格|301229|-3.13|2296297|55878572.00|-1.36|-0.08|-4.01|24.13|24.57|24.89|23.91|2.30|24.91|2250833|56462676.00|1|0.0000|0.0000|0.0000|0|24.91
泓博医药|301230|-2.26|4035190|129473808.00|-1.12|2.33|-2.51|31.52|31.89|33.00|31.44|4.04|32.25|4666522|150952112.00|1|0.0000|0.0000|0.0000|0|32.25
荣信文化|301231|0.92|4168398|100383120.00|-0.08|3.48|-1.89|24.07|23.83|24.68|23.40|4.17|23.85|4451929|106486864.00|1|0.0000|0.0000|0.0000|0|23.85
飞沃科技|301232|-1.88|988800|25382262.00|1.11|1.11|-3.87|25.62|26.40|26.40|25.10|0.99|26.11|942413|24553154.00|1|0.0000|0.0000|0.0000|0|26.11
盛帮股份|301233|-2.18|949603|44120584.00|-1.08|0.59|-3.47|46.26|46.78|47.57|45.65|0.95|47.29|905700|43027968.00|1|0.0000|0.0000|0.0000|0|47.29
五洲医疗|301234|-0.14|800200|22039430.00|-0.22|1.34|-2.14|27.56|27.54|27.97|27.01|0.80|27.60|771700|21391436.00|1|0.0000|0.0000|0.0000|0|27.60
华康洁净|301235|0.39|1763606|36600376.00|-0.63|1.75|-1.02|20.71|20.50|20.99|20.42|1.76|20.63|1583200|32603720.00|1|0.0000|0.0000|0.0000|0|20.63
软通动力|301236|-1.33|14681143|839933248.00|-1.18|0.76|-2.32|56.91|57.00|58.12|56.34|14.68|57.68|12067496|698743040.00|1|0.0000|0.0000|0.0000|0|57.68
和顺科技|301237|-1.30|599400|14071009.00|-0.29|0.38|-2.77|23.51|23.75|23.91|23.16|0.60|23.82|629100|14982902.00|1|0.0000|0.0000|0.0000|0|23.82
瑞泰新材|301238|-1.80|6332024|114619408.00|-1.74|0.44|-2.67|18.04|18.05|18.45|17.88|6.33|18.37|6778276|125138312.00|1|0.0000|0.0000|0.0000|0|18.37
普瑞眼科|301239|5.16|4589900|198766512.00|-0.57|6.07|-1.22|43.99|41.59|44.37|41.32|4.59|41.83|1551800|65161184.00|1|0.0000|0.0000|0.0000|0|41.83
宏源药业|301246|1.21|4044100|57639948.00|-0.21|1.70|-0.64|14.27|14.07|14.34|14.01|4.04|14.10|2879300|40745260.00|1|0.0000|0.0000|0.0000|0|14.10
杰创智能|301248|0.62|11288450|235218656.00|-2.59|2.64|-2.59|20.96|20.29|21.38|20.29|11.29|20.83|11834704|241081584.00|1|0.0000|0.0000|0.0000|0|20.83
威尔高|301251|-6.10|4972160|172735712.00|-2.22|-0.25|-7.14|34.19|35.60|36.32|33.81|4.97|36.41|1755181|64071048.00|1|0.0000|0.0000|0.0000|0|36.41
同星科技|301252|-2.18|1226283|42105340.00|-0.97|0.34|-2.84|34.12|34.54|35.00|33.89|1.23|34.88|1310320|45650244.00|1|0.0000|0.0000|0.0000|0|34.88
通力科技|301255|-3.81|2408300|101701144.00|-1.27|0.72|-4.73|41.70|42.80|43.66|41.30|2.41|43.35|2899200|126184888.00|1|0.0000|0.0000|0.0000|0|43.35
华融化学|301256|3.97|73044533|901444864.00|-3.48|14.24|-4.97|12.56|11.66|13.80|11.48|73.04|12.08|74845158|922013888.00|1|0.0000|0.0000|0.0000|0|12.08
普蕊斯|301257|-0.49|3367270|110994216.00|-0.58|3.80|-1.19|32.48|32.45|33.88|32.25|3.37|32.64|3467607|114340920.00|1|0.0000|0.0000|0.0000|0|32.64
富士莱|301258|0.57|5216187|139750688.00|-0.45|2.94|-1.47|26.65|26.38|27.28|26.11|5.22|26.50|4793900|125662704.00|1|0.0000|0.0000|0.0000|0|26.50
艾布鲁|301259|-2.79|2775240|109326800.00|-1.02|1.32|-4.61|38.97|39.68|40.62|38.24|2.78|40.09|4852650|196768288.00|1|0.0000|0.0000|0.0000|0|40.09
格力博|301260|-0.82|3721800|54110952.00|-1.77|0.48|-2.31|14.60|14.46|14.79|14.38|3.72|14.72|3104200|45547204.00|1|0.0000|0.0000|0.0000|0|14.72
恒工精密|301261|-2.68|4430800|393299808.00|-2.27|2.38|-3.49|87.02|87.39|91.55|86.30|4.43|89.42|5197575|467769952.00|1|0.0000|0.0000|0.0000|0|89.42
海看股份|301262|-0.40|1298248|31908498.00|-0.81|0.53|-1.58|24.60|24.50|24.83|24.31|1.30|24.70|1910499|47235808.00|1|0.0000|0.0000|0.0000|0|24.70
泰恩康|301263|-0.54|4015612|80456904.00|-0.45|0.35|-1.93|20.08|20.10|20.26|19.80|4.02|20.19|3178100|64380960.00|1|0.0000|0.0000|0.0000|0|20.19
华新环保|301265|0.22|1765500|16344569.00|-0.11|0.54|-1.62|9.30|9.27|9.33|9.13|1.77|9.28|1746279|16312898.00|1|0.0000|0.0000|0.0000|0|9.28
宇邦新材|301266|-1.87|1945071|69313608.00|-1.25|2.12|-2.56|35.20|35.42|36.63|34.95|1.95|35.87|1524934|54795320.00|1|0.0000|0.0000|0.0000|0|35.87
华厦眼科|301267|0.60|5038970|101580784.00|-1.14|1.44|-1.19|20.24|19.89|20.41|19.88|5.04|20.12|4515200|91017184.00|1|0.0000|0.0000|0.0000|0|20.12
铭利达|301268|-2.36|2304800|42269272.00|-1.28|0.64|-3.48|18.24|18.44|18.80|18.03|2.30|18.68|2500500|46863776.00|1|0.0000|0.0000|0.0000|0|18.68
华大九天|301269|2.45|6014524|678036864.00|-0.92|5.36|-0.94|111.69|108.02|114.86|108.00|6.01|109.02|2939935|322432992.00|1|0.0000|0.0000|0.0000|0|109.02
汉仪股份|301270|-2.32|1399900|49467936.00|-0.03|0.53|-2.82|34.98|35.80|36.00|34.80|1.40|35.81|1404600|50612592.00|1|0.0000|0.0000|0.0000|0|35.81
英华特|301272|5.99|6076519|250829856.00|-0.87|6.93|-2.49|42.50|39.75|42.88|39.10|6.08|40.10|4095397|165250000.00|1|0.0000|0.0000|0.0000|0|40.10
瑞晨环保|301273|-2.13|807000|17903756.00|-0.49|0.75|-3.72|22.09|22.46|22.74|21.73|0.81|22.57|630200|14269532.00|1|0.0000|0.0000|0.0000|0|22.57
汉朔科技|301275|0.60|3768025|254253728.00|-1.18|2.32|-1.50|67.52|66.33|68.68|66.11|3.77|67.12|3564854|240030816.00|1|0.0000|0.0000|0.0000|0|67.12
嘉曼服饰|301276|0.28|1781600|38709912.00|-0.69|0.88|-1.15|21.76|21.55|21.89|21.45|1.78|21.70|2215979|47696516.00|1|0.0000|0.0000|0.0000|0|21.70
新天地|301277|-1.16|15777002|283459648.00|-0.83|1.38|-2.71|17.89|17.95|18.35|17.61|15.78|18.10|20855065|383532800.00|1|0.0000|0.0000|0.0000|0|18.10
快可电子|301278|-1.24|874530|29965430.00|-1.19|0.67|-2.37|34.15|34.17|34.81|33.76|0.87|34.58|793930|27606498.00|1|0.0000|0.0000|0.0000|0|34.58
金道科技|301279|-4.48|5139900|130859312.00|-1.88|-0.38|-7.12|25.36|26.05|26.45|24.66|5.14|26.55|6667852|178875648.00|1|0.0000|0.0000|0.0000|0|26.55
珠城科技|301280|-4.26|2296875|132234840.00|-1.72|-0.17|-5.12|56.88|58.39|59.31|56.37|2.30|59.41|2602991|155918256.00|1|0.0000|0.0000|0.0000|0|59.41
科源制药|301281|-1.84|1982211|64317768.00|-1.10|1.96|-2.51|32.06|32.30|33.30|31.84|1.98|32.66|1997699|65524380.00|1|0.0000|0.0000|0.0000|0|32.66
金禄电子|301282|-2.94|3121769|69451248.00|-1.49|0.09|-4.04|22.10|22.43|22.79|21.85|3.12|22.77|2742403|62573756.00|1|0.0000|0.0000|0.0000|0|22.77
聚胶股份|301283|-1.13|735800|19910602.00|-0.69|0.33|-3.03|27.12|27.24|27.52|26.60|0.74|27.43|782900|21563708.00|1|0.0000|0.0000|0.0000|0|27.43
鸿日达|301285|-2.98|2230427|63834080.00|-1.61|0.03|-3.81|28.30|28.70|29.18|28.06|2.23|29.17|2903900|85053384.00|1|0.0000|0.0000|0.0000|0|29.17
侨源股份|301286|-3.59|1570100|45333988.00|-2.52|-0.91|-5.54|28.73|29.05|29.53|28.15|1.57|29.80|1364847|40826820.00|1|0.0000|0.0000|0.0000|0|29.80
康力源|301287|-0.42|515200|15985982.00|-1.02|0.38|-2.20|31.18|30.99|31.43|30.62|0.52|31.31|663900|20779748.00|1|0.0000|0.0000|0.0000|0|31.31
*ST清研|301288|0.24|1656315|20613502.00|0.32|1.37|-1.45|12.47|12.48|12.61|12.26|1.66|12.44|2148501|27293162.00|1|0.0000|0.0000|0.0000|0|12.44
国缆检测|301289|-3.15|2400397|118927352.00|-1.05|1.03|-4.20|48.94|50.00|51.05|48.41|2.40|50.53|2407885|123004216.00|1|0.0000|0.0000|0.0000|0|50.53
东星医疗|301290|0.54|1081782|26150930.00|-0.75|0.91|-1.45|24.28|23.97|24.37|23.80|1.08|24.15|969300|23355008.00|1|0.0000|0.0000|0.0000|0|24.15
明阳电气|301291|-2.25|2762175|123683704.00|-1.66|-0.15|-4.03|44.82|45.09|45.78|44.00|2.76|45.85|2845559|130465936.00|1|0.0000|0.0000|0.0000|0|45.85
海科新源|301292|-0.14|1821564|25963950.00|-1.18|0.35|-1.95|14.33|14.18|14.40|14.07|1.82|14.35|1776400|25517362.00|1|0.0000|0.0000|0.0000|0|14.35
三博脑科|301293|-0.86|6401040|312487392.00|-1.00|1.80|-2.16|48.60|48.53|49.90|47.96|6.40|49.02|7897866|388037536.00|1|0.0000|0.0000|0.0000|0|49.02
美硕科技|301295|-0.72|1086420|23933468.00|-0.81|0.45|-3.23|22.13|22.11|22.39|21.57|1.09|22.29|1519540|34069764.00|1|0.0000|0.0000|0.0000|0|22.29
新巨丰|301296|-1.33|3132600|30422544.00|-0.71|0.61|-2.24|9.67|9.73|9.86|9.58|3.13|9.80|1919300|18904808.00|1|0.0000|0.0000|0.0000|0|9.80
富乐德|301297|-0.34|9919177|411484704.00|-1.81|2.32|-1.93|41.21|40.60|42.31|40.55|9.92|41.35|14936976|619420352.00|1|0.0000|0.0000|0.0000|0|41.35
东利机械|301298|-2.22|7608622|120690968.00|-2.10|-0.56|-3.70|15.84|15.86|16.11|15.60|7.61|16.20|8549155|138598800.00|1|0.0000|0.0000|0.0000|0|16.20
卓创资讯|301299|-2.09|1198300|74330352.00|-1.27|0.46|-2.60|61.50|62.01|63.10|61.18|1.20|62.81|1012000|63860196.00|1|0.0000|0.0000|0.0000|0|62.81
远翔新材|301300|-0.27|5160615|171085936.00|-1.90|2.29|-3.70|33.14|32.60|33.99|32.00|5.16|33.23|5345576|173921568.00|1|0.0000|0.0000|0.0000|0|33.23
川宁生物|301301|1.30|43960279|585255424.00|-0.15|3.28|-0.69|13.29|13.10|13.55|13.03|43.96|13.12|22445695|294776800.00|1|0.0000|0.0000|0.0000|0|13.12
华如科技|301302|-1.34|1991124|44443316.00|-0.98|1.16|-2.00|22.16|22.24|22.72|22.01|1.99|22.46|1890700|42628900.00|1|0.0000|0.0000|0.0000|0|22.46
真兰仪表|301303|-0.86|1195259|16510808.00|-0.50|0.43|-1.58|13.80|13.85|13.98|13.70|1.20|13.92|1308160|18255118.00|1|0.0000|0.0000|0.0000|0|13.92
朗坤科技|301305|-0.46|1206300|21146248.00|-1.31|0.46|-1.31|17.49|17.34|17.65|17.34|1.21|17.57|1553100|27351856.00|1|0.0000|0.0000|0.0000|0|17.57
西测测试|301306|-1.65|1133943|43725792.00|-0.36|1.31|-2.27|38.20|38.70|39.35|37.96|1.13|38.84|1878543|73630496.00|1|0.0000|0.0000|0.0000|0|38.84
美利信|301307|-1.61|7617100|178518016.00|0.76|2.63|-3.18|23.17|23.73|24.17|22.80|7.62|23.55|11648300|273649024.00|1|0.0000|0.0000|0.0000|0|23.55
江波龙|301308|-2.40|5053467|458575072.00|-1.50|0.55|-4.26|90.60|91.44|93.34|88.88|5.05|92.83|3800169|352952032.00|1|0.0000|0.0000|0.0000|0|92.83
万得凯|301309|-1.87|1155239|30932670.00|-0.77|0.07|-3.99|26.79|27.09|27.32|26.21|1.16|27.30|1303757|35741920.00|1|0.0000|0.0000|0.0000|0|27.30
鑫宏业|301310|-3.34|2202860|69591272.00|-0.93|0.62|-4.30|31.21|31.99|32.49|30.90|2.20|32.29|2355100|76712904.00|1|0.0000|0.0000|0.0000|0|32.29
昆船智能|301311|-0.83|2897400|51720636.00|-1.44|0.83|-2.55|17.88|17.77|18.18|17.57|2.90|18.03|2498305|45342704.00|1|0.0000|0.0000|0.0000|0|18.03
智立方|301312|-2.76|1617381|68973632.00|-1.79|-0.07|-3.77|42.30|42.72|43.47|41.86|1.62|43.50|1199460|52445056.00|1|0.0000|0.0000|0.0000|0|43.50
凡拓数创|301313|-0.64|1569660|36548492.00|-1.62|1.28|-1.75|23.26|23.03|23.71|23.00|1.57|23.41|1441380|33950596.00|1|0.0000|0.0000|0.0000|0|23.41
科瑞思|301314|-0.90|526000|18539868.00|-0.36|0.48|-2.67|35.31|35.50|35.80|34.68|0.53|35.63|530050|18942578.00|1|0.0000|0.0000|0.0000|0|35.63
威士顿|301315|-2.48|1853800|94908224.00|-0.68|1.69|-2.62|50.28|51.21|52.43|50.21|1.85|51.56|1108800|57316124.00|1|0.0000|0.0000|0.0000|0|51.56
慧博云通|301316|-3.34|10830250|263797200.00|-1.53|1.01|-3.75|24.00|24.45|25.08|23.90|10.83|24.83|8563443|214170096.00|1|0.0000|0.0000|0.0000|0|24.83
鑫磊股份|301317|-0.63|1426036|29376916.00|-0.92|0.87|-1.16|20.56|20.50|20.87|20.45|1.43|20.69|1766200|36817136.00|1|0.0000|0.0000|0.0000|0|20.69
维海德|301318|-2.18|1143100|34142964.00|-1.06|0.33|-3.14|29.64|29.98|30.40|29.35|1.14|30.30|894020|27167812.00|1|0.0000|0.0000|0.0000|0|30.30
唯特偶|301319|-2.37|8787755|329133472.00|-4.76|-1.16|-7.07|37.98|37.05|38.45|36.15|8.79|38.90|12966432|497141344.00|1|0.0000|0.0000|0.0000|0|38.90
豪江智能|301320|-2.99|3892300|66250976.00|-0.69|0.58|-3.97|16.85|17.25|17.47|16.68|3.89|17.37|3978400|69659088.00|1|0.0000|0.0000|0.0000|0|17.37
翰博高新|301321|-5.85|8764208|129436216.00|-2.47|-0.72|-6.44|14.48|15.00|15.27|14.39|8.76|15.38|10181575|157905392.00|1|0.0000|0.0000|0.0000|0|15.38
绿通科技|301322|-4.45|2520567|63402804.00|-1.84|-0.12|-6.40|24.92|25.60|26.05|24.41|2.52|26.08|2122330|55954328.00|1|0.0000|0.0000|0.0000|0|26.08
新莱福|301323|-6.49|2226012|91230032.00|-2.56|0.02|-6.96|40.20|41.89|43.00|40.00|2.23|42.99|608902|26367088.00|1|0.0000|0.0000|0.0000|0|42.99
曼恩斯特|301325|-3.39|4669896|277932864.00|-2.58|1.46|-4.39|58.71|59.20|61.66|58.10|4.67|60.77|7861363|482925760.00|1|0.0000|0.0000|0.0000|0|60.77
捷邦科技|301326|0.02|709161|44623220.00|0.00|1.32|-1.18|62.86|62.85|63.68|62.11|0.71|62.85|691400|43670796.00|1|0.0000|0.0000|0.0000|0|62.85
华宝新能|301327|-12.54|3683941|272471872.00|-1.60|-0.63|-14.33|72.00|81.00|81.80|70.52|3.68|82.32|1051656|85928048.00|1|0.0000|0.0000|0.0000|0|82.32
维峰电子|301328|-2.85|1775200|72689720.00|-1.48|0.24|-3.73|40.59|41.16|41.88|40.22|1.78|41.78|1221950|51254396.00|1|0.0000|0.0000|0.0000|0|41.78
信音电子|301329|-1.10|2047500|40676184.00|-0.80|0.25|-2.64|19.87|19.93|20.14|19.56|2.05|20.09|1444900|29219202.00|1|0.0000|0.0000|0.0000|0|20.09
熵基科技|301330|-1.93|2152540|59334388.00|-0.61|0.43|-3.28|27.48|27.85|28.14|27.10|2.15|28.02|2361760|66616084.00|1|0.0000|0.0000|0.0000|0|28.02
恩威医药|301331|4.51|5298379|141969920.00|-0.65|6.08|-0.65|27.14|25.80|27.55|25.80|5.30|25.97|2519120|65940584.00|1|0.0000|0.0000|0.0000|0|25.97
德尔玛|301332|-0.99|5097500|55750120.00|-1.17|-0.27|-2.08|10.97|10.95|11.05|10.85|5.10|11.08|5409417|59540724.00|1|0.0000|0.0000|0.0000|0|11.08
诺思格|301333|2.94|5062031|282868672.00|0.00|6.33|-0.92|55.96|54.36|57.80|53.86|5.06|54.36|4380681|239868032.00|1|0.0000|0.0000|0.0000|0|54.36
天元宠物|301335|-2.53|2479663|57443292.00|-1.18|-0.63|-3.76|23.10|23.42|23.55|22.81|2.48|23.70|1232395|29393912.00|1|0.0000|0.0000|0.0000|0|23.70
趣睡科技|301336|-4.81|2597500|211865568.00|-1.19|-0.25|-6.44|80.73|83.80|84.60|79.35|2.60|84.81|3378000|294027008.00|1|0.0000|0.0000|0.0000|0|84.81
亚华电子|301337|-0.21|1170500|33746500.00|-1.10|0.52|-2.51|28.99|28.73|29.20|28.32|1.17|29.05|922400|26943616.00|1|0.0000|0.0000|0.0000|0|29.05
凯格精机|301338|2.34|2799400|95574992.00|-0.70|2.87|-3.31|34.94|33.90|35.12|33.01|2.80|34.14|1586400|54629056.00|1|0.0000|0.0000|0.0000|0|34.14
通行宝|301339|-0.76|9991500|234277360.00|-0.34|0.59|-3.00|23.51|23.61|23.83|22.98|9.99|23.69|16492605|391310592.00|1|0.0000|0.0000|0.0000|0|23.69
涛涛车业|301345|-10.99|4622697|306310720.00|-2.94|-2.94|-13.04|65.11|71.00|71.00|63.61|4.62|73.15|2051905|149591360.00|1|0.0000|0.0000|0.0000|0|73.15
蓝箭电子|301348|-0.64|7612682|201957200.00|-2.00|1.74|-2.42|26.27|25.91|26.90|25.80|7.61|26.44|10386913|278485216.00|1|0.0000|0.0000|0.0000|0|26.44
信德新材|301349|-0.99|1169650|41877152.00|-1.74|1.35|-3.39|35.90|35.63|36.75|35.03|1.17|36.26|1123300|40968152.00|1|0.0000|0.0000|0.0000|0|36.26
普莱得|301353|-2.86|760300|22345816.00|-0.80|-0.03|-3.95|29.23|29.85|30.08|28.90|0.76|30.09|961800|28925356.00|1|0.0000|0.0000|0.0000|0|30.09
南王科技|301355|0.09|1530200|17594588.00|-0.17|0.43|-1.04|11.53|11.50|11.57|11.40|1.53|11.52|1757200|20241942.00|1|0.0000|0.0000|0.0000|0|11.52
天振股份|301356|-6.23|3440841|52393056.00|-2.81|-1.56|-7.11|15.04|15.59|15.79|14.90|3.44|16.04|783700|12672377.00|1|0.0000|0.0000|0.0000|0|16.04
北方长龙|301357|-1.05|2000780|66599548.00|-1.26|2.36|-2.63|33.06|32.99|34.20|32.53|2.00|33.41|2980620|100874112.00|1|0.0000|0.0000|0.0000|0|33.41
湖南裕能|301358|-1.69|6555277|226016736.00|-1.46|-0.17|-2.57|34.41|34.49|34.94|34.10|6.56|35.00|10557161|370475456.00|1|0.0000|0.0000|0.0000|0|35.00
东南电子|301359|-0.45|1147800|27983306.00|-1.02|0.90|-2.40|24.44|24.30|24.77|23.96|1.15|24.55|893200|22044654.00|1|0.0000|0.0000|0.0000|0|24.55
荣旗科技|301360|-1.25|860200|42912224.00|-0.83|0.46|-2.58|49.79|50.00|50.65|49.12|0.86|50.42|1004400|51137288.00|1|0.0000|0.0000|0.0000|0|50.42
众智科技|301361|-0.35|3808671|128231088.00|-1.00|1.44|-4.72|33.98|33.76|34.59|32.49|3.81|34.10|2817800|95737984.00|1|0.0000|0.0000|0.0000|0|34.10
民爆光电|301362|-1.85|1129854|43899316.00|-0.64|0.58|-2.92|38.63|39.11|39.59|38.21|1.13|39.36|1179384|46751808.00|1|0.0000|0.0000|0.0000|0|39.36
美好医疗|301363|-5.66|5343076|152104000.00|-1.07|0.37|-7.51|28.15|29.52|29.95|27.60|5.34|29.84|1999600|59669248.00|1|0.0000|0.0000|0.0000|0|29.84
矩阵股份|301365|4.29|8890028|171389952.00|-1.20|10.05|-1.52|19.19|18.18|20.25|18.12|8.89|18.40|5293350|96679936.00|1|0.0000|0.0000|0.0000|0|18.40
一博科技|301366|-2.97|2415375|125702544.00|-2.16|0.19|-3.82|51.57|52.00|53.25|51.12|2.42|53.15|2198635|117693976.00|1|0.0000|0.0000|0.0000|0|53.15
瑞迈特|301367|-1.45|3106972|235630992.00|-0.64|0.37|-4.63|76.67|77.30|78.09|74.20|3.11|77.80|4093162|317837920.00|1|0.0000|0.0000|0.0000|0|77.80
丰立智能|301368|-3.33|4507191|324971584.00|-1.00|1.39|-3.56|70.87|72.58|74.33|70.70|4.51|73.31|7109800|525046240.00|1|0.0000|0.0000|0.0000|0|73.31
联动科技|301369|-1.46|714800|38750812.00|-0.64|1.10|-2.47|53.88|54.33|55.28|53.33|0.71|54.68|624700|34390348.00|1|0.0000|0.0000|0.0000|0|54.68
国科恒泰|301370|0.18|3361100|37969112.00|-0.27|1.51|-0.89|11.30|11.25|11.45|11.18|3.36|11.28|2982800|33767784.00|1|0.0000|0.0000|0.0000|0|11.28
敷尔佳|301371|-0.99|790004|27697840.00|-0.99|0.40|-1.45|34.91|34.91|35.40|34.75|0.79|35.26|742581|26160582.00|1|0.0000|0.0000|0.0000|0|35.26
科净源|301372|-0.25|1149300|23125824.00|-0.05|0.89|-1.73|20.15|20.19|20.38|19.85|1.15|20.20|1283500|26036648.00|1|0.0000|0.0000|0.0000|0|20.20
凌玮科技|301373|-1.27|800500|23621220.00|-0.87|0.00|-2.38|29.50|29.62|29.88|29.17|0.80|29.88|670751|20132990.00|1|0.0000|0.0000|0.0000|0|29.88
致欧科技|301376|-4.19|2351993|45347920.00|-1.31|0.05|-4.50|18.96|19.53|19.80|18.90|2.35|19.79|2102900|41285852.00|1|0.0000|0.0000|0.0000|0|19.79
鼎泰高科|301377|-2.56|4587482|126682944.00|-0.53|0.71|-4.09|27.43|28.00|28.35|27.00|4.59|28.15|5367343|151502816.00|1|0.0000|0.0000|0.0000|0|28.15
通达海|301378|-0.54|1357150|37502776.00|-1.26|0.90|-2.45|27.58|27.38|27.98|27.05|1.36|27.73|1239590|34530700.00|1|0.0000|0.0000|0.0000|0|27.73
天山电子|301379|-2.67|3119360|86773400.00|-0.77|-0.04|-4.00|27.72|28.26|28.47|27.34|3.12|28.48|2201552|63242512.00|1|0.0000|0.0000|0.0000|0|28.48
挖金客|301380|-1.53|847300|39064532.00|-0.62|0.45|-2.43|45.82|46.24|46.74|45.40|0.85|46.53|1036715|48352804.00|1|0.0000|0.0000|0.0000|0|46.53
赛维时代|301381|-1.68|1930052|43101848.00|-1.20|0.04|-2.08|22.20|22.31|22.59|22.11|1.93|22.58|1899800|42862572.00|1|0.0000|0.0000|0.0000|0|22.58
蜂助手|301382|-2.62|7255140|284977440.00|-1.50|0.10|-3.57|39.03|39.48|40.12|38.65|7.26|40.08|6358960|255760432.00|1|0.0000|0.0000|0.0000|0|40.08
天键股份|301383|-9.67|6838737|313886432.00|-1.65|-0.77|-10.87|44.36|48.30|48.73|43.77|6.84|49.11|3144592|154290048.00|1|0.0000|0.0000|0.0000|0|49.11
未来电器|301386|2.34|6650026|152389104.00|-1.50|3.53|-2.39|23.17|22.30|23.44|22.10|6.65|22.64|4586422|103119456.00|1|0.0000|0.0000|0.0000|0|22.64
光大同创|301387|1.11|6043499|223045712.00|-3.02|4.66|-3.02|36.49|35.00|37.77|35.00|6.04|36.09|5073619|181985600.00|1|0.0000|0.0000|0.0000|0|36.09
欣灵电气|301388|0.13|1286400|29926632.00|-0.69|0.90|-1.42|23.35|23.16|23.53|22.99|1.29|23.32|1207500|28328584.00|1|0.0000|0.0000|0.0000|0|23.32
隆扬电子|301389|-5.32|7127000|149590864.00|-2.16|-0.09|-6.42|20.64|21.33|21.78|20.40|7.13|21.80|3075400|67514952.00|1|0.0000|0.0000|0.0000|0|21.80
经纬股份|301390|-0.62|1076467|38008384.00|-0.84|0.62|-2.52|35.43|35.35|35.87|34.75|1.08|35.65|1473299|52286536.00|1|0.0000|0.0000|0.0000|0|35.65
卡莱特|301391|-0.66|733500|27443086.00|-0.08|0.29|-2.12|37.50|37.72|37.86|36.95|0.73|37.75|682400|25821754.00|1|0.0000|0.0000|0.0000|0|37.75
汇成真空|301392|2.87|2043550|185797552.00|-2.03|4.10|-2.22|90.90|86.57|91.98|86.40|2.04|88.36|1639059|144033072.00|1|0.0000|0.0000|0.0000|0|88.36
昊帆生物|301393|-1.32|3473152|164230976.00|-1.51|1.88|-3.43|47.20|47.11|48.73|46.19|3.47|47.83|4257577|205452928.00|1|0.0000|0.0000|0.0000|0|47.83
仁信新材|301395|0.08|4611060|58013368.00|-1.11|1.59|-1.19|12.61|12.46|12.80|12.45|4.61|12.60|4141146|52268728.00|1|0.0000|0.0000|0.0000|0|12.60
宏景科技|301396|-2.10|16179820|1522310656.00|0.93|3.92|-3.84|92.40|95.26|98.08|90.76|16.18|94.38|16045722|1544099584.00|1|0.0000|0.0000|0.0000|0|94.38
溯联股份|301397|-1.68|1422000|49255756.00|-0.20|0.68|-3.08|34.50|35.02|35.33|34.01|1.42|35.09|1038680|36575456.00|1|0.0000|0.0000|0.0000|0|35.09
星源卓镁|301398|-3.76|2101765|112785328.00|2.64|4.39|-5.05|52.21|55.68|56.63|51.51|2.10|54.25|1126400|60654296.00|1|0.0000|0.0000|0.0000|0|54.25
英特科技|301399|-1.81|1074137|26346314.00|-2.09|-0.08|-2.85|24.47|24.40|24.90|24.21|1.07|24.92|1385300|34642884.00|1|0.0000|0.0000|0.0000|0|24.92
华人健康|301408|2.23|12484000|153914944.00|-0.66|3.64|-1.24|12.36|12.01|12.53|11.94|12.48|12.09|8494900|103233480.00|1|0.0000|0.0000|0.0000|0|12.09
安培龙|301413|-5.08|1751533|154833728.00|-0.81|0.81|-5.75|86.61|90.51|91.99|86.00|1.75|91.25|2178930|196758016.00|1|0.0000|0.0000|0.0000|0|91.25
协昌科技|301418|-0.21|655000|22110140.00|-1.38|0.77|-2.06|33.90|33.50|34.23|33.27|0.66|33.97|726567|24749998.00|1|0.0000|0.0000|0.0000|0|33.97
阿莱德|301419|-2.27|1373800|42273428.00|-1.53|0.73|-3.74|30.60|30.83|31.54|30.14|1.37|31.31|1167099|36780168.00|1|0.0000|0.0000|0.0000|0|31.31
波长光电|301421|0.49|5440000|285738496.00|-1.06|2.63|-4.14|53.20|52.38|54.33|50.75|5.44|52.94|5103650|273324736.00|1|0.0000|0.0000|0.0000|0|52.94
世纪恒通|301428|-1.20|2778500|112842488.00|-1.61|0.68|-2.37|40.48|40.31|41.25|40.00|2.78|40.97|2338204|96489808.00|1|0.0000|0.0000|0.0000|0|40.97
森泰股份|301429|-0.98|1250191|21491878.00|-0.52|0.00|-2.30|17.19|17.27|17.36|16.96|1.25|17.36|1159900|20191978.00|1|0.0000|0.0000|0.0000|0|17.36
泓淋电力|301439|-3.10|5063607|78515648.00|-1.52|0.44|-3.35|15.34|15.59|15.90|15.30|5.06|15.83|3145900|49885992.00|1|0.0000|0.0000|0.0000|0|15.83
福事特|301446|-1.78|1051750|23195756.00|-1.25|0.31|-3.21|22.06|22.18|22.53|21.74|1.05|22.46|1155729|26100428.00|1|0.0000|0.0000|0.0000|0|22.46
开创电气|301448|-2.27|1404390|31568356.00|-1.40|0.35|-3.54|22.38|22.58|22.98|22.09|1.40|22.90|1192830|27378512.00|1|0.0000|0.0000|0.0000|0|22.90
盘古智能|301456|-2.00|1382182|34102776.00|-1.64|1.00|-2.84|24.49|24.58|25.24|24.28|1.38|24.99|1391300|34785776.00|1|0.0000|0.0000|0.0000|0|24.99
钧崴电子|301458|0.17|3579416|128231416.00|-0.98|0.95|-1.45|35.90|35.49|36.18|35.32|3.58|35.84|3290689|118556040.00|1|0.0000|0.0000|0.0000|0|35.84
丰茂股份|301459|-1.23|1089600|60533812.00|-0.38|1.41|-2.45|55.29|55.77|56.77|54.61|1.09|55.98|898908|50049344.00|1|0.0000|0.0000|0.0000|0|55.98
博盈特焊|301468|-0.65|1511148|34765640.00|-0.74|1.00|-1.82|22.92|22.90|23.30|22.65|1.51|23.07|1860869|43172020.00|1|0.0000|0.0000|0.0000|0|23.07
恒达新材|301469|-0.60|708107|17710064.00|-0.99|0.60|-1.71|25.05|24.95|25.35|24.77|0.71|25.20|944138|23714438.00|1|0.0000|0.0000|0.0000|0|25.20
弘景光电|301479|-2.89|3337812|410538016.00|-2.35|-0.97|-5.05|123.33|124.01|125.77|120.59|3.34|127.00|4032476|506954528.00|1|0.0000|0.0000|0.0000|0|127.00
致尚科技|301486|-5.97|5232650|266799664.00|-3.06|-1.75|-6.26|50.05|51.60|52.30|49.90|5.23|53.23|3044900|161362688.00|1|0.0000|0.0000|0.0000|0|53.23
盟固利|301487|0.93|8086400|165970352.00|-0.83|2.40|-1.47|20.58|20.22|20.88|20.09|8.09|20.39|5817773|119228736.00|1|0.0000|0.0000|0.0000|0|20.39
豪恩汽电|301488|-3.47|1062764|69444048.00|-2.65|0.63|-4.23|64.55|65.10|67.29|64.04|1.06|66.87|1122700|75590456.00|1|0.0000|0.0000|0.0000|0|66.87
思泉新材|301489|-4.06|3262551|219362928.00|-1.79|0.01|-4.83|66.38|67.95|69.20|65.85|3.26|69.19|4013592|276991904.00|1|0.0000|0.0000|0.0000|0|69.19
乖宝宠物|301498|0.65|1712431|154251376.00|-0.49|0.72|-3.75|92.04|91.00|92.11|88.02|1.71|91.45|831602|76504536.00|1|0.0000|0.0000|0.0000|0|91.45
维科精密|301499|-3.11|2272200|57753368.00|-2.04|-0.12|-4.42|25.22|25.50|26.00|24.88|2.27|26.03|3014948|79582664.00|1|0.0000|0.0000|0.0000|0|26.03
飞南资源|301500|0.05|3284058|67532928.00|-0.98|1.71|-1.46|20.51|20.30|20.85|20.20|3.28|20.50|4499255|92717056.00|1|0.0000|0.0000|0.0000|0|20.50
恒鑫生活|301501|5.33|6993217|381653024.00|-1.14|6.06|-1.18|55.30|51.90|55.68|51.88|6.99|52.50|3717501|193135648.00|1|0.0000|0.0000|0.0000|0|52.50
华阳智能|301502|-1.50|809715|32031214.00|-0.90|0.45|-2.84|39.51|39.75|40.29|38.97|0.81|40.11|793575|31975898.00|1|0.0000|0.0000|0.0000|0|40.11
智迪科技|301503|-2.14|1024305|40764752.00|-1.03|-0.47|-4.10|39.87|40.32|40.55|39.07|1.02|40.74|846200|34439568.00|1|0.0000|0.0000|0.0000|0|40.74
苏州规划|301505|0.79|1246000|28301274.00|-0.26|1.32|-1.02|22.84|22.60|22.96|22.43|1.25|22.66|981900|22286880.00|1|0.0000|0.0000|0.0000|0|22.66
民生健康|301507|0.30|3648280|48919424.00|-0.15|0.97|-0.97|13.43|13.37|13.52|13.26|3.65|13.39|3257251|43648880.00|1|0.0000|0.0000|0.0000|0|13.39
中机认检|301508|-0.43|1083950|35548544.00|-0.97|0.73|-1.28|32.79|32.61|33.17|32.51|1.08|32.93|1172600|38758000.00|1|0.0000|0.0000|0.0000|0|32.93
金凯生科|301509|-0.75|3887908|109418392.00|-2.18|2.50|-2.18|27.79|27.39|28.70|27.39|3.89|28.00|5235820|147224320.00|1|0.0000|0.0000|0.0000|0|28.00
固高科技|301510|-2.59|4489800|160750960.00|-1.02|0.94|-3.25|35.42|35.99|36.70|35.18|4.49|36.36|4585844|167343328.00|1|0.0000|0.0000|0.0000|0|36.36
德福科技|301511|-1.49|5219985|72583528.00|-0.71|0.78|-2.28|13.84|13.95|14.16|13.73|5.22|14.05|3612260|50873616.00|1|0.0000|0.0000|0.0000|0|14.05
智信精密|301512|-0.62|681100|27248508.00|-1.06|0.25|-2.55|40.18|40.00|40.53|39.40|0.68|40.43|461500|18733212.00|1|0.0000|0.0000|0.0000|0|40.43
港通医疗|301515|-0.05|1542700|30288132.00|-0.66|1.22|-1.17|19.60|19.48|19.85|19.38|1.54|19.61|2134475|41596268.00|1|0.0000|0.0000|0.0000|0|19.61
中远通|301516|-1.04|1907576|30925434.00|-1.72|0.74|-1.72|16.12|16.01|16.41|16.01|1.91|16.29|1433612|23528360.00|1|0.0000|0.0000|0.0000|0|16.29
陕西华达|301517|-2.00|2803750|146997744.00|-1.07|0.73|-3.62|52.01|52.50|53.46|51.15|2.80|53.07|2649854|141980016.00|1|0.0000|0.0000|0.0000|0|53.07
长华化学|301518|2.09|9874720|180470048.00|-1.70|4.07|-3.13|18.58|17.89|18.94|17.63|9.87|18.20|8787620|159298208.00|1|0.0000|0.0000|0.0000|0|18.20
舜禹股份|301519|-0.82|2135700|28404592.00|-0.97|0.52|-2.16|13.32|13.30|13.50|13.14|2.14|13.43|2617835|35200800.00|1|0.0000|0.0000|0.0000|0|13.43
万邦医药|301520|-0.61|1353100|57769416.00|-1.05|1.80|-1.62|42.43|42.24|43.46|42.00|1.35|42.69|1347685|57604796.00|1|0.0000|0.0000|0.0000|0|42.69
上大股份|301522|0.81|3191800|119733416.00|-0.92|2.07|-1.08|37.43|36.79|37.90|36.73|3.19|37.13|3878389|145463840.00|1|0.0000|0.0000|0.0000|0|37.13
儒竞科技|301525|-7.67|2773200|216569856.00|-1.31|0.46|-9.56|76.88|82.18|83.65|75.31|2.77|83.27|1480500|123143688.00|1|0.0000|0.0000|0.0000|0|83.27
国际复材|301526|2.01|41726813|148987376.00|-0.57|3.72|-0.86|3.56|3.47|3.62|3.46|41.73|3.49|20123600|69816416.00|1|0.0000|0.0000|0.0000|0|3.49
多浦乐|301528|0.07|978884|43494356.00|-1.43|1.27|-2.93|44.77|44.10|45.31|43.43|0.98|44.74|1006243|45404884.00|1|0.0000|0.0000|0.0000|0|44.74
福赛科技|301529|-0.03|801900|23578048.00|-0.64|0.64|-1.39|29.48|29.30|29.68|29.08|0.80|29.49|966082|28616050.00|1|0.0000|0.0000|0.0000|0|29.49
威马农机|301533|0.66|2560979|82295712.00|-0.81|3.03|-1.94|32.23|31.76|32.99|31.40|2.56|32.02|2197800|71139232.00|1|0.0000|0.0000|0.0000|0|32.02
浙江华远|301535|4.81|32084866|742098752.00|-1.34|13.17|-6.05|23.55|22.17|25.43|21.11|32.08|22.47|26467518|591363776.00|1|0.0000|0.0000|0.0000|0|22.47
星宸科技|301536|-1.02|3018481|176703056.00|-1.14|1.76|-1.74|58.03|57.96|59.66|57.61|3.02|58.63|3718760|218791536.00|1|0.0000|0.0000|0.0000|0|58.63
骏鼎达|301538|-4.82|1243265|88651976.00|-2.80|-1.15|-6.01|70.46|71.96|73.18|69.58|1.24|74.03|622600|46266648.00|1|0.0000|0.0000|0.0000|0|74.03
宏鑫科技|301539|-6.81|5890171|120097224.00|-2.07|-0.85|-7.28|19.85|20.86|21.12|19.75|5.89|21.30|5048853|109435576.00|1|0.0000|0.0000|0.0000|0|21.30
崇德科技|301548|-4.84|1573857|76937880.00|-0.99|-0.02|-5.67|48.15|50.10|50.59|47.73|1.57|50.60|1848439|92995856.00|1|0.0000|0.0000|0.0000|0|50.60
斯菱智驱|301550|-1.64|2440400|255810816.00|-0.44|3.11|-2.18|103.00|104.26|107.98|102.44|2.44|104.72|3129678|326874048.00|1|0.0000|0.0000|0.0000|0|104.72
无线传媒|301551|0.40|1226857|61529316.00|-0.32|1.60|-1.10|50.25|49.89|50.85|49.50|1.23|50.05|1184837|59634392.00|1|0.0000|0.0000|0.0000|0|50.05
科力装备|301552|-2.22|727058|39041516.00|-1.12|0.00|-2.55|53.28|53.88|54.49|53.10|0.73|54.49|559865|30563114.00|1|0.0000|0.0000|0.0000|0|54.49
惠柏新材|301555|-1.23|820417|19915204.00|-1.39|1.10|-2.25|24.18|24.14|24.75|23.93|0.82|24.48|1233124|30255178.00|1|0.0000|0.0000|0.0000|0|24.48
托普云农|301556|0.35|1702260|151786240.00|-1.26|1.21|-1.78|89.47|88.04|90.24|87.57|1.70|89.16|2064400|182420416.00|1|0.0000|0.0000|0.0000|0|89.16
常友科技|301557|0.00|1172700|94291320.00|-0.88|1.12|-1.67|80.70|79.99|81.60|79.35|1.17|80.70|1585400|127282696.00|1|0.0000|0.0000|0.0000|0|80.70
三态股份|301558|-0.73|4431600|36083868.00|-1.22|0.24|-1.59|8.13|8.09|8.21|8.06|4.43|8.19|4160115|34275692.00|1|0.0000|0.0000|0.0000|0|8.19
中集环科|301559|0.60|3294220|54678852.00|-0.85|0.97|-1.09|16.65|16.41|16.71|16.37|3.29|16.55|2123577|35094968.00|1|0.0000|0.0000|0.0000|0|16.55
中仑新材|301565|-1.06|7656914|178940144.00|-1.49|1.83|-2.46|23.30|23.20|23.98|22.97|7.66|23.55|11216105|262780816.00|1|0.0000|0.0000|0.0000|0|23.55
达利凯普|301566|-2.85|6631600|107036056.00|-1.64|0.00|-4.00|16.03|16.23|16.50|15.84|6.63|16.50|7203376|119884400.00|1|0.0000|0.0000|0.0000|0|16.50
贝隆精密|301567|-1.11|473300|19394892.00|-0.94|0.56|-2.39|40.98|41.05|41.67|40.45|0.47|41.44|309100|12856648.00|1|0.0000|0.0000|0.0000|0|41.44
思泰克|301568|-1.53|1624433|61110104.00|-1.13|0.76|-2.19|37.33|37.48|38.20|37.08|1.62|37.91|1780502|67984640.00|1|0.0000|0.0000|0.0000|0|37.91
国科天成|301571|-0.81|795989|33392990.00|-0.76|0.73|-1.78|41.88|41.90|42.53|41.47|0.80|42.22|787432|33385916.00|1|0.0000|0.0000|0.0000|0|42.22
美信科技|301577|-1.82|583300|32123888.00|-1.64|-0.20|-2.94|55.01|55.11|55.92|54.38|0.58|56.03|457166|25733952.00|1|0.0000|0.0000|0.0000|0|56.03
辰奕智能|301578|-1.78|543683|25857816.00|-0.39|0.46|-2.70|47.33|48.00|48.41|46.89|0.54|48.19|436110|21172164.00|1|0.0000|0.0000|0.0000|0|48.19
爱迪特|301580|-1.27|728691|40890276.00|-0.95|0.83|-2.45|55.95|56.13|57.14|55.28|0.73|56.67|743391|42193692.00|1|0.0000|0.0000|0.0000|0|56.67
黄山谷捷|301581|0.60|1537000|85051720.00|-0.83|1.27|-1.09|55.45|54.66|55.82|54.52|1.54|55.12|1252013|68996632.00|1|0.0000|0.0000|0.0000|0|55.12
蓝宇股份|301585|-0.12|1032642|52297896.00|-1.13|1.36|-1.42|50.51|50.00|51.26|49.85|1.03|50.57|1055122|53850584.00|1|0.0000|0.0000|0.0000|0|50.57
佳力奇|301586|-1.37|587390|30246274.00|-0.64|0.83|-2.23|51.22|51.60|52.36|50.77|0.59|51.93|722340|37612276.00|1|0.0000|0.0000|0.0000|0|51.93
中瑞股份|301587|-0.93|711806|16622431.00|-0.04|0.51|-2.46|23.40|23.61|23.74|23.04|0.71|23.62|629983|14950579.00|1|0.0000|0.0000|0.0000|0|23.62
美新科技|301588|-1.06|865600|16200620.00|-0.74|0.74|-1.80|18.64|18.70|18.98|18.50|0.87|18.84|817689|15444162.00|1|0.0000|0.0000|0.0000|0|18.84
诺瓦星云|301589|-1.29|329361|53313908.00|-0.77|0.15|-1.59|161.15|162.00|163.49|160.66|0.33|163.25|232280|38006704.00|1|0.0000|0.0000|0.0000|0|163.25
肯特股份|301591|-1.21|1547000|58239856.00|-0.16|0.84|-1.87|37.44|37.84|38.22|37.19|1.55|37.90|1252200|47549840.00|1|0.0000|0.0000|0.0000|0|37.90
六九一二|301592|1.83|987000|135320368.00|-0.67|3.17|-1.14|137.51|134.13|139.32|133.50|0.99|135.04|647800|87126152.00|1|0.0000|0.0000|0.0000|0|135.04
瑞迪智驱|301596|-4.78|1313439|169307712.00|-2.14|1.26|-5.00|126.00|129.50|134.00|125.72|1.31|132.33|1917900|252613744.00|1|0.0000|0.0000|0.0000|0|132.33
博科测试|301598|-0.90|924300|60651264.00|-1.61|0.17|-2.61|65.77|65.30|66.48|64.64|0.92|66.37|720000|48064104.00|1|0.0000|0.0000|0.0000|0|66.37
慧翰股份|301600|-6.85|1837100|307954080.00|-3.36|-1.53|-7.76|164.59|170.77|174.00|162.98|1.84|176.70|2027200|361908224.00|1|0.0000|0.0000|0.0000|0|176.70
惠通科技|301601|2.14|8694587|330015744.00|-2.20|4.50|-2.95|38.12|36.50|39.00|36.22|8.69|37.32|7375340|267982704.00|1|0.0000|0.0000|0.0000|0|37.32
超研股份|301602|1.19|9404744|253571296.00|-0.89|1.71|-1.90|27.15|26.59|27.29|26.32|9.40|26.83|9583147|252408960.00|1|0.0000|0.0000|0.0000|0|26.83
乔锋智能|301603|-1.82|1490042|73742648.00|-1.42|0.26|-2.77|49.20|49.40|50.24|48.72|1.49|50.11|2138988|108132144.00|1|0.0000|0.0000|0.0000|0|50.11
绿联科技|301606|-3.63|1566767|62434908.00|-1.91|-0.51|-3.63|39.30|40.00|40.57|39.30|1.57|40.78|1133816|46331412.00|1|0.0000|0.0000|0.0000|0|40.78
富特科技|301607|-2.97|2594308|118043608.00|-0.66|1.11|-5.51|45.42|46.50|47.33|44.23|2.59|46.81|2012827|94950344.00|1|0.0000|0.0000|0.0000|0|46.81
博实结|301608|-4.62|1799729|144191872.00|-1.97|-0.37|-6.16|79.28|81.48|82.81|78.00|1.80|83.12|1115684|93122552.00|1|0.0000|0.0000|0.0000|0|83.12
珂玛科技|301611|-0.36|1725308|99296744.00|-1.16|0.85|-2.12|57.68|57.22|58.38|56.66|1.73|57.89|1651446|95382776.00|1|0.0000|0.0000|0.0000|0|57.89
新铝时代|301613|-5.31|6086174|454247008.00|-5.42|-0.66|-5.61|73.58|73.50|77.20|73.35|6.09|77.71|8798025|676007104.00|1|0.0000|0.0000|0.0000|0|77.71
浙江华业|301616|2.58|12829885|741611456.00|6.66|6.66|-6.42|59.30|61.66|61.66|54.10|12.83|57.81|12918805|722518784.00|1|0.0000|0.0000|0.0000|0|57.81
博苑股份|301617|0.47|1260500|64072328.00|-1.18|1.69|-1.67|51.16|50.32|51.78|50.07|1.26|50.92|1756724|90561096.00|1|0.0000|0.0000|0.0000|0|50.92
长联科技|301618|0.09|456000|36399684.00|-0.74|0.60|-1.61|80.26|79.60|80.67|78.90|0.46|80.19|305700|24551814.00|1|0.0000|0.0000|0.0000|0|80.19
英思特|301622|2.53|3834569|277125664.00|-0.74|3.37|-1.40|73.00|70.67|73.60|70.20|3.83|71.20|2529259|180566192.00|1|0.0000|0.0000|0.0000|0|71.20
苏州天脉|301626|-1.31|537314|45603568.00|-1.01|-0.16|-2.26|84.87|85.13|85.86|84.06|0.54|86.00|452970|39095464.00|1|0.0000|0.0000|0.0000|0|86.00
强达电路|301628|-3.43|1024400|89910064.00|-1.65|-0.14|-3.59|86.70|88.30|89.65|86.56|1.02|89.78|802500|72315320.00|1|0.0000|0.0000|0.0000|0|89.78
矽电股份|301629|-0.82|4255469|771097536.00|-2.19|2.00|-3.89|181.50|179.00|186.66|175.88|4.26|183.00|5656647|1048158144.00|1|0.0000|0.0000|0.0000|0|183.00
壹连科技|301631|-0.98|523255|63181600.00|-1.21|0.29|-2.11|120.70|120.43|122.25|119.33|0.52|121.90|425941|52104748.00|1|0.0000|0.0000|0.0000|0|121.90
港迪技术|301633|-0.75|474610|39723500.00|-1.03|0.18|-1.47|83.62|83.38|84.40|83.01|0.47|84.25|561800|47756600.00|1|0.0000|0.0000|0.0000|0|84.25
首航新能|301658|5.90|27958472|1206635008.00|-6.52|19.31|-6.54|43.05|38.00|48.50|37.99|27.96|40.65|31452310|1210347008.00|1|0.0000|0.0000|0.0000|0|40.65
中航成飞|302132|-0.62|3462775|206805264.00|-0.78|0.42|-0.99|59.52|59.42|60.14|59.30|3.46|59.89|4555029|273463648.00|1|0.0000|0.0000|0.0000|0|59.89
浦发银行|600000|0.19|36919313|384886880.00|-1.63|0.38|-1.63|10.48|10.29|10.50|10.29|36.92|10.46|45625673|477144608.00|1|0.0000|0.0000|0.0000|0|10.46
白云机场|600004|0.22|14997309|136423776.00|-0.44|0.77|-0.55|9.10|9.04|9.15|9.03|15.00|9.08|8000699|72616416.00|1|0.0000|0.0000|0.0000|0|9.08
东风股份|600006|-3.22|56331105|427906656.00|-1.54|-0.26|-3.86|7.52|7.65|7.75|7.47|56.33|7.77|81186386|629749696.00|1|0.0000|0.0000|0.0000|0|7.77
中国国贸|600007|0.17|2531671|57840708.00|0.00|0.17|-1.52|23.01|22.97|23.01|22.62|2.53|22.97|4419542|102516976.00|1|0.0000|0.0000|0.0000|0|22.97
首创环保|600008|1.59|115540286|367229632.00|-0.32|1.91|-0.32|3.19|3.13|3.20|3.13|115.54|3.14|57588816|181646976.00|1|0.0000|0.0000|0.0000|0|3.14
上海机场|600009|-0.03|6672767|216314336.00|-0.56|0.65|-0.59|32.38|32.21|32.60|32.20|6.67|32.39|6736200|218081856.00|1|0.0000|0.0000|0.0000|0|32.39
包钢股份|600010|0.56|193430729|348004320.00|0.00|1.12|-0.56|1.80|1.79|1.81|1.78|193.43|1.79|160283265|288164032.00|1|0.0000|0.0000|0.0000|0|1.79
华能国际|600011|1.14|57476422|406598496.00|-0.57|1.28|-0.71|7.10|6.98|7.11|6.97|57.48|7.02|45838292|320718976.00|1|0.0000|0.0000|0.0000|0|7.02
皖通高速|600012|0.75|3644272|63161708.00|-0.06|0.92|-1.73|17.49|17.35|17.52|17.06|3.64|17.36|6408221|111493352.00|1|0.0000|0.0000|0.0000|0|17.36
华夏银行|600015|0.00|29946645|236774880.00|-0.38|0.25|-0.88|7.93|7.90|7.95|7.86|29.95|7.93|44913118|355405632.00|1|0.0000|0.0000|0.0000|0|7.93
民生银行|600016|-0.50|130665716|521380288.00|-0.25|0.25|-1.00|3.99|4.00|4.02|3.97|130.67|4.01|172927459|690345728.00|1|0.0000|0.0000|0.0000|0|4.01
日照港|600017|4.89|128665609|409309184.00|-0.65|7.49|-1.30|3.22|3.05|3.30|3.03|128.67|3.07|25267133|77627032.00|1|0.0000|0.0000|0.0000|0|3.07
上港集团|600018|1.41|45269535|258835568.00|-0.70|1.76|-1.23|5.76|5.64|5.78|5.61|45.27|5.68|34402511|196361056.00|1|0.0000|0.0000|0.0000|0|5.68
宝钢股份|600019|0.41|34460170|250025136.00|-0.41|1.11|-0.69|7.26|7.20|7.31|7.18|34.46|7.23|36921279|268214544.00|1|0.0000|0.0000|0.0000|0|7.23
中原高速|600020|0.22|13471147|60725724.00|-0.67|1.34|-0.89|4.50|4.46|4.55|4.45|13.47|4.49|16674569|74738320.00|1|0.0000|0.0000|0.0000|0|4.49
上海电力|600021|0.87|36733827|338289504.00|-0.55|0.98|-0.87|9.25|9.12|9.26|9.09|36.73|9.17|40457801|371284160.00|1|0.0000|0.0000|0.0000|0|9.17
山东钢铁|600022|0.74|37842023|51073236.00|-0.74|0.74|-1.48|1.36|1.34|1.36|1.33|37.84|1.35|37843909|51053616.00|1|0.0000|0.0000|0.0000|0|1.35
浙能电力|600023|0.52|70187118|406142112.00|-0.52|1.74|-0.69|5.79|5.73|5.86|5.72|70.19|5.76|73661936|424504160.00|1|0.0000|0.0000|0.0000|0|5.76
华能水电|600025|2.07|47700358|444064800.00|-0.44|2.51|-0.65|9.36|9.13|9.40|9.11|47.70|9.17|22515800|206287264.00|1|0.0000|0.0000|0.0000|0|9.17
中远海能|600026|-1.70|29941822|329889440.00|-0.72|-0.72|-1.79|10.99|11.10|11.10|10.98|29.94|11.18|14458800|161835728.00|1|0.0000|0.0000|0.0000|0|11.18
华电国际|600027|0.54|101480171|567500032.00|-1.25|1.25|-1.43|5.61|5.51|5.65|5.50|101.48|5.58|137682057|766029312.00|1|0.0000|0.0000|0.0000|0|5.58
中国石化|600028|0.52|111757087|643880640.00|-0.70|0.70|-0.70|5.78|5.71|5.79|5.71|111.76|5.75|78806985|452404032.00|1|0.0000|0.0000|0.0000|0|5.75
南方航空|600029|1.58|60754655|348588448.00|-0.70|1.75|-0.88|5.79|5.66|5.80|5.65|60.75|5.70|33448684|190858576.00|1|0.0000|0.0000|0.0000|0|5.70
中信证券|600030|-0.38|55867758|1479533312.00|-0.90|0.68|-0.90|26.44|26.30|26.72|26.30|55.87|26.54|45671867|1211260800.00|1|0.0000|0.0000|0.0000|0|26.54
三一重工|600031|-1.34|41131369|786068096.00|-0.83|-0.21|-2.43|19.10|19.20|19.32|18.89|41.13|19.36|53594834|1034269248.00|1|0.0000|0.0000|0.0000|0|19.36
浙江新能|600032|9.96|58330274|481275264.00|-0.78|9.96|-0.91|8.50|7.67|8.50|7.66|58.33|7.73|8955600|69224440.00|1|0.0000|0.0000|0.0000|0|7.73
福建高速|600033|0.25|20223806|81034384.00|-0.25|0.75|-0.75|4.01|3.99|4.03|3.97|20.22|4.00|30034022|120061560.00|1|0.0000|0.0000|0.0000|0|4.00
楚天高速|600035|0.90|18558692|83116016.00|-0.45|1.12|-0.90|4.50|4.44|4.51|4.42|18.56|4.46|15472605|68926096.00|1|0.0000|0.0000|0.0000|0|4.46
招商银行|600036|-0.19|46416550|1977833088.00|-1.66|0.28|-1.66|42.65|42.02|42.85|42.02|46.42|42.73|33120189|1420244352.00|1|0.0000|0.0000|0.0000|0|42.73
歌华有线|600037|0.82|10705117|78947488.00|-0.82|1.36|-1.09|7.39|7.27|7.43|7.25|10.71|7.33|7410800|54304440.00|1|0.0000|0.0000|0.0000|0|7.33
中直股份|600038|0.71|5203200|192598560.00|-0.68|1.09|-0.87|37.10|36.59|37.24|36.52|5.20|36.84|6159094|226546336.00|1|0.0000|0.0000|0.0000|0|36.84
四川路桥|600039|2.77|49792396|425268576.00|-1.20|4.10|-1.20|8.53|8.20|8.64|8.20|49.79|8.30|52506172|435098272.00|1|0.0000|0.0000|0.0000|0|8.30
保利发展|600048|1.21|138055075|1165729792.00|-0.60|3.26|-0.72|8.39|8.24|8.56|8.23|138.06|8.29|71208015|586792640.00|1|0.0000|0.0000|0.0000|0|8.29
中国联通|600050|0.18|271696716|1520933248.00|-0.72|1.08|-1.08|5.59|5.54|5.64|5.52|271.70|5.58|194960665|1086587776.00|1|0.0000|0.0000|0.0000|0|5.58
宁波联合|600051|0.59|3511400|23769996.00|-0.74|1.04|-1.04|6.80|6.71|6.83|6.69|3.51|6.76|3314001|22517650.00|1|0.0000|0.0000|0.0000|0|6.76
东望时代|600052|1.15|4340901|18930858.00|0.92|1.62|-0.69|4.38|4.37|4.40|4.30|4.34|4.33|3278354|14278088.00|1|0.0000|0.0000|0.0000|0|4.33
九鼎投资|600053|0.15|3979201|53073264.00|-1.05|0.97|-1.35|13.38|13.22|13.49|13.18|3.98|13.36|3148600|42038256.00|1|0.0000|0.0000|0.0000|0|13.36
黄山旅游|600054|0.66|13154189|161143872.00|-0.58|2.55|-0.91|12.22|12.07|12.45|12.03|13.15|12.14|6329290|76650384.00|1|0.0000|0.0000|0.0000|0|12.14
万东医疗|600055|-0.41|4974300|85663792.00|-0.41|1.74|-1.51|17.19|17.19|17.56|17.00|4.97|17.26|4644500|80602768.00|1|0.0000|0.0000|0.0000|0|17.26
中国医药|600056|0.00|7375125|78549720.00|-0.38|0.75|-0.56|10.64|10.60|10.72|10.58|7.38|10.64|9208780|98261472.00|1|0.0000|0.0000|0.0000|0|10.64
厦门象屿|600057|0.84|9239453|55002856.00|-0.34|1.01|-0.51|5.98|5.91|5.99|5.90|9.24|5.93|5701377|33834644.00|1|0.0000|0.0000|0.0000|0|5.93
五矿发展|600058|0.54|4717985|34730520.00|-0.95|0.95|-1.09|7.39|7.28|7.42|7.27|4.72|7.35|4756800|34927928.00|1|0.0000|0.0000|0.0000|0|7.35
古越龙山|600059|0.80|31708787|281043968.00|-0.46|3.20|-1.03|8.82|8.71|9.03|8.66|31.71|8.75|29654275|259984832.00|1|0.0000|0.0000|0.0000|0|8.75
海信视像|600060|-3.75|19390115|477439648.00|-1.17|-1.17|-5.23|24.64|25.30|25.30|24.26|19.39|25.60|14609032|373403776.00|1|0.0000|0.0000|0.0000|0|25.60
国投资本|600061|0.28|23796766|169481024.00|-0.56|0.85|-0.56|7.12|7.06|7.16|7.06|23.80|7.10|16512947|117054456.00|1|0.0000|0.0000|0.0000|0|7.10
华润双鹤|600062|0.88|15587992|303915136.00|-0.67|1.03|-0.77|19.58|19.28|19.61|19.26|15.59|19.41|12319792|239241088.00|1|0.0000|0.0000|0.0000|0|19.41
皖维高新|600063|-1.07|33839700|156521088.00|-1.29|0.64|-1.93|4.61|4.60|4.69|4.57|33.84|4.66|41823233|196052976.00|1|0.0000|0.0000|0.0000|0|4.66
南京高科|600064|0.41|11674412|85899704.00|-0.41|1.09|-0.55|7.36|7.30|7.41|7.29|11.67|7.33|9779862|71943328.00|1|0.0000|0.0000|0.0000|0|7.33
宇通客车|600066|-2.26|22423334|595899712.00|-0.85|0.07|-3.55|26.40|26.78|27.03|26.05|22.42|27.01|22585283|603996288.00|1|0.0000|0.0000|0.0000|0|27.01
冠城新材|600067|0.42|11655301|27902822.00|-0.42|1.26|-1.26|2.40|2.38|2.42|2.36|11.66|2.39|8605400|20554174.00|1|0.0000|0.0000|0.0000|0|2.39
凤凰光学|600071|-0.35|2760700|55642284.00|-1.04|0.89|-1.63|20.17|20.03|20.42|19.91|2.76|20.24|2685100|54799444.00|1|0.0000|0.0000|0.0000|0|20.24
中船科技|600072|-1.03|13250664|165471152.00|-0.79|0.56|-1.83|12.45|12.48|12.65|12.35|13.25|12.58|11368631|142941248.00|1|0.0000|0.0000|0.0000|0|12.58
光明肉业|600073|2.75|36711319|284627936.00|1.44|4.71|-1.18|7.85|7.75|8.00|7.55|36.71|7.64|39248844|305556800.00|1|0.0000|0.0000|0.0000|0|7.64
新疆天业|600075|0.92|8778399|38356056.00|-0.46|1.38|-0.46|4.39|4.33|4.41|4.33|8.78|4.35|6849052|29893552.00|1|0.0000|0.0000|0.0000|0|4.35
康欣新材|600076|0.00|12227100|25856504.00|-0.94|0.94|-1.89|2.12|2.10|2.14|2.08|12.23|2.12|9406400|19964146.00|1|0.0000|0.0000|0.0000|0|2.12
澄星股份|600078|0.74|12877300|71113288.00|2.02|3.68|-0.55|5.48|5.55|5.64|5.41|12.88|5.44|4977900|27112904.00|1|0.0000|0.0000|0.0000|0|5.44
ST人福|600079|0.23|16763101|363011520.00|-1.25|1.53|-1.25|21.64|21.32|21.92|21.32|16.76|21.59|26109405|570126464.00|1|0.0000|0.0000|0.0000|0|21.59
金花股份|600080|0.39|3580200|27550244.00|0.00|0.78|-0.91|7.72|7.69|7.75|7.62|3.58|7.69|4703700|36325296.00|1|0.0000|0.0000|0.0000|0|7.69
东风科技|600081|-5.02|40512531|578435776.00|-1.56|2.71|-7.26|14.00|14.51|15.14|13.67|40.51|14.74|44750632|656449088.00|1|0.0000|0.0000|0.0000|0|14.74
海泰发展|600082|1.72|7590100|22181302.00|-0.69|2.07|-1.03|2.95|2.88|2.96|2.87|7.59|2.90|4398800|12776060.00|1|0.0000|0.0000|0.0000|0|2.90
中信尼雅|600084|1.09|3016038|16735525.00|-0.91|1.63|-1.81|5.57|5.46|5.60|5.41|3.02|5.51|2244100|12447737.00|1|0.0000|0.0000|0.0000|0|5.51
同仁堂|600085|0.19|7697433|283312704.00|-0.43|0.52|-0.54|36.88|36.65|37.00|36.61|7.70|36.81|6752541|249095280.00|1|0.0000|0.0000|0.0000|0|36.81
中视传媒|600088|0.41|4914840|84108080.00|-0.41|1.52|-1.46|17.18|17.04|17.37|16.86|4.91|17.11|4094800|70294568.00|1|0.0000|0.0000|0.0000|0|17.11
特变电工|600089|0.00|25528150|307266560.00|-0.66|0.17|-0.83|12.06|11.98|12.08|11.96|25.53|12.06|26841723|323713088.00|1|0.0000|0.0000|0.0000|0|12.06
大名城|600094|0.31|22527306|72703368.00|-0.63|3.45|-0.94|3.20|3.17|3.30|3.16|22.53|3.19|12291803|39224288.00|1|0.0000|0.0000|0.0000|0|3.19
湘财股份|600095|1.82|233734192|1998363136.00|-1.46|8.37|-1.70|8.39|8.12|8.93|8.10|233.73|8.24|254480713|2082089344.00|1|0.0000|0.0000|0.0000|0|8.24
云天化|600096|-0.92|19339104|439213216.00|-0.61|-0.22|-1.31|22.69|22.76|22.85|22.60|19.34|22.90|19474890|447723040.00|1|0.0000|0.0000|0.0000|0|22.90
开创国际|600097|0.93|7751100|75058448.00|-1.04|1.66|-1.14|9.73|9.54|9.80|9.53|7.75|9.64|5567100|53626552.00|1|0.0000|0.0000|0.0000|0|9.64
广州发展|600098|0.62|13967007|90704592.00|-0.77|1.08|-0.77|6.51|6.42|6.54|6.42|13.97|6.47|14896353|96621080.00|1|0.0000|0.0000|0.0000|0|6.47
林海股份|600099|-0.81|5062800|49549556.00|-0.81|0.20|-2.43|9.81|9.81|9.91|9.65|5.06|9.89|5563753|54813332.00|1|0.0000|0.0000|0.0000|0|9.89
同方股份|600100|-0.77|31880750|245701616.00|-0.90|0.52|-1.68|7.69|7.68|7.79|7.62|31.88|7.75|27583164|214243360.00|1|0.0000|0.0000|0.0000|0|7.75
明星电力|600101|4.08|132332299|1615507200.00|-0.59|6.80|-0.59|12.25|11.70|12.57|11.70|132.33|11.77|123923016|1472850048.00|1|0.0000|0.0000|0.0000|0|11.77
青山纸业|600103|0.45|26880143|59747760.00|-0.45|0.90|-0.90|2.23|2.21|2.24|2.20|26.88|2.22|19422951|43114456.00|1|0.0000|0.0000|0.0000|0|2.22
上汽集团|600104|-1.21|32234912|500002400.00|-1.02|0.13|-1.85|15.47|15.50|15.68|15.37|32.23|15.66|30502634|477401440.00|1|0.0000|0.0000|0.0000|0|15.66
永鼎股份|600105|-4.14|160742262|1026473344.00|-2.91|2.91|-7.21|6.25|6.33|6.71|6.05|160.74|6.52|157483988|1038953344.00|1|0.0000|0.0000|0.0000|0|6.52
重庆路桥|600106|2.43|23389445|128413056.00|-0.75|5.04|-0.93|5.49|5.32|5.63|5.31|23.39|5.36|9939751|53141100.00|1|0.0000|0.0000|0.0000|0|5.36
ST尔雅|600107|0.77|9911300|51621800.00|-1.73|2.11|-2.88|5.25|5.12|5.32|5.06|9.91|5.21|10095000|52339916.00|1|0.0000|0.0000|0.0000|0|5.21
亚盛集团|600108|2.52|42245550|119467064.00|0.00|2.88|-0.72|2.85|2.78|2.86|2.76|42.25|2.78|10293500|28682012.00|1|0.0000|0.0000|0.0000|0|2.78
国金证券|600109|-0.12|15067034|127962208.00|-0.47|0.59|-0.82|8.48|8.45|8.54|8.42|15.07|8.49|15138016|128324032.00|1|0.0000|0.0000|0.0000|0|8.49
诺德股份|600110|-0.53|13707799|51388880.00|-0.53|0.80|-1.06|3.74|3.74|3.79|3.72|13.71|3.76|12563199|47409876.00|1|0.0000|0.0000|0.0000|0|3.76
北方稀土|600111|0.75|31069460|711855232.00|0.79|1.80|-0.04|22.89|22.90|23.13|22.71|31.07|22.72|16345454|372729856.00|1|0.0000|0.0000|0.0000|0|22.72
浙江东日|600113|-0.42|5079900|71705488.00|-0.28|0.84|-2.39|14.17|14.19|14.35|13.89|5.08|14.23|7213630|102819016.00|1|0.0000|0.0000|0.0000|0|14.23
东睦股份|600114|-3.13|23781563|481371936.00|-1.92|0.72|-4.95|20.15|20.40|20.95|19.77|23.78|20.80|19044917|394973792.00|1|0.0000|0.0000|0.0000|0|20.80
中国东航|600115|2.17|87879847|328367648.00|-0.27|2.44|-0.81|3.77|3.68|3.78|3.66|87.88|3.69|60530366|223504736.00|1|0.0000|0.0000|0.0000|0|3.69
三峡水利|600116|1.02|13075357|90088152.00|-0.15|1.17|-0.44|6.91|6.83|6.92|6.81|13.08|6.84|7551800|51693220.00|1|0.0000|0.0000|0.0000|0|6.84
西宁特钢|600117|1.80|21877900|49115988.00|-0.90|3.15|-0.90|2.26|2.20|2.29|2.20|21.88|2.22|12877217|28624794.00|1|0.0000|0.0000|0.0000|0|2.22
中国卫星|600118|-0.08|7133453|189075968.00|-0.98|0.41|-1.24|26.52|26.28|26.65|26.21|7.13|26.54|9592066|254146304.00|1|0.0000|0.0000|0.0000|0|26.54
长江投资|600119|3.48|5503000|40023456.00|-1.53|3.48|-1.53|7.43|7.07|7.43|7.07|5.50|7.18|3805649|27293770.00|1|0.0000|0.0000|0.0000|0|7.18
浙江东方|600120|-1.42|48225810|303650816.00|-1.10|0.31|-2.20|6.27|6.29|6.38|6.22|48.23|6.36|41032131|260682992.00|1|0.0000|0.0000|0.0000|0|6.36
郑州煤电|600121|-0.25|21293600|86017256.00|-0.49|0.49|-0.99|4.04|4.03|4.07|4.01|21.29|4.05|25750400|104742696.00|1|0.0000|0.0000|0.0000|0|4.05
兰花科创|600123|0.13|7118060|54502416.00|-0.26|0.13|-0.78|7.69|7.66|7.69|7.62|7.12|7.68|4996600|38407176.00|1|0.0000|0.0000|0.0000|0|7.68
铁龙物流|600125|1.57|21103897|122526920.00|-0.70|2.44|-1.05|5.83|5.70|5.88|5.68|21.10|5.74|7499770|42959076.00|1|0.0000|0.0000|0.0000|0|5.74
杭钢股份|600126|6.36|425889866|5049333248.00|-1.48|9.85|-2.35|12.20|11.30|12.60|11.20|425.89|11.47|268138137|3134746880.00|1|0.0000|0.0000|0.0000|0|11.47
金健米业|600127|3.09|33788375|224375728.00|0.00|4.48|-0.15|6.68|6.48|6.77|6.47|33.79|6.48|6592000|42751648.00|1|0.0000|0.0000|0.0000|0|6.48
苏豪弘业|600128|1.32|34316675|366867456.00|-2.64|3.58|-2.64|10.75|10.33|10.99|10.33|34.32|10.61|26232443|275122816.00|1|0.0000|0.0000|0.0000|0|10.61
太极集团|600129|1.70|19459809|431020160.00|-0.83|3.21|-0.83|22.15|21.60|22.48|21.60|19.46|21.78|19323383|420599744.00|1|0.0000|0.0000|0.0000|0|21.78
*ST波导|600130|-0.64|14738100|46128952.00|-0.64|0.96|-1.27|3.12|3.12|3.17|3.10|14.74|3.14|13989335|44271508.00|1|0.0000|0.0000|0.0000|0|3.14
国网信通|600131|-0.26|6595016|124346816.00|-1.27|1.06|-1.64|18.90|18.71|19.15|18.64|6.60|18.95|7601181|144830592.00|1|0.0000|0.0000|0.0000|0|18.95
重庆啤酒|600132|0.71|5030336|298537856.00|-1.25|0.94|-2.22|59.82|58.66|59.96|58.08|5.03|59.40|3424558|204918368.00|1|0.0000|0.0000|0.0000|0|59.40
东湖高新|600133|-0.10|14566740|144047840.00|-0.71|0.91|-1.21|9.88|9.82|9.98|9.77|14.57|9.89|18204951|179315360.00|1|0.0000|0.0000|0.0000|0|9.89
乐凯胶片|600135|1.60|7768200|53999976.00|-1.60|2.62|-1.74|6.99|6.77|7.06|6.76|7.77|6.88|4259800|29330976.00|1|0.0000|0.0000|0.0000|0|6.88
ST明诚|600136|-1.44|8172200|16656846.00|-2.88|0.00|-3.37|2.05|2.02|2.08|2.01|8.17|2.08|14398600|30007782.00|1|0.0000|0.0000|0.0000|0|2.08
浪莎股份|600137|-0.13|1031200|15358811.00|-0.93|0.40|-1.60|14.97|14.85|15.05|14.75|1.03|14.99|1079900|16173532.00|1|0.0000|0.0000|0.0000|0|14.99
中青旅|600138|-1.15|25266563|264335776.00|-0.86|1.72|-1.34|10.34|10.37|10.64|10.32|25.27|10.46|14206800|148556064.00|1|0.0000|0.0000|0.0000|0|10.46
兴发集团|600141|-1.09|11191600|243172848.00|-0.96|0.09|-1.46|21.69|21.72|21.95|21.61|11.19|21.93|13510820|296872992.00|1|0.0000|0.0000|0.0000|0|21.93
金发科技|600143|-1.90|27519321|300079808.00|-1.27|0.00|-2.53|10.85|10.92|11.06|10.78|27.52|11.06|27590986|304452640.00|1|0.0000|0.0000|0.0000|0|11.06
长春一东|600148|-0.17|1342200|23793736.00|-0.78|1.12|-2.68|17.85|17.74|18.08|17.40|1.34|17.88|1333401|23857950.00|1|0.0000|0.0000|0.0000|0|17.88
廊坊发展|600149|1.41|8726701|37418056.00|-1.88|1.88|-1.88|4.32|4.18|4.34|4.18|8.73|4.26|6178700|26444476.00|1|0.0000|0.0000|0.0000|0|4.26
中国船舶|600150|-1.20|25212658|767740992.00|-0.98|-0.26|-1.27|30.35|30.42|30.64|30.33|25.21|30.72|20687100|633553856.00|1|0.0000|0.0000|0.0000|0|30.72
航天机电|600151|-1.02|9010101|61635836.00|0.00|1.02|-1.60|6.81|6.88|6.95|6.77|9.01|6.88|9809850|67678064.00|1|0.0000|0.0000|0.0000|0|6.88
维科技术|600152|-1.63|9681600|58673376.00|-1.46|0.16|-3.09|6.05|6.06|6.16|5.96|9.68|6.15|15055700|92999936.00|1|0.0000|0.0000|0.0000|0|6.15
建发股份|600153|2.74|32116783|336792992.00|-0.39|3.62|-0.68|10.50|10.18|10.59|10.15|32.12|10.22|15193900|156211072.00|1|0.0000|0.0000|0.0000|0|10.22
华创云信|600155|-0.68|19679956|143572128.00|-0.41|0.82|-1.50|7.28|7.30|7.39|7.22|19.68|7.33|38183081|278278112.00|1|0.0000|0.0000|0.0000|0|7.33
华升股份|600156|-0.73|17345422|94364856.00|-1.81|0.91|-2.90|5.47|5.41|5.56|5.35|17.35|5.51|19960100|110606032.00|1|0.0000|0.0000|0.0000|0|5.51
永泰能源|600157|0.69|259493525|376607584.00|-0.69|0.69|-0.69|1.46|1.44|1.46|1.44|259.49|1.45|229903080|333630272.00|1|0.0000|0.0000|0.0000|0|1.45
中体产业|600158|0.61|16376645|135129648.00|-0.73|1.09|-1.09|8.27|8.16|8.31|8.13|16.38|8.22|26295870|217461136.00|1|0.0000|0.0000|0.0000|0|8.22
大龙地产|600159|0.85|11683500|27630492.00|-0.85|1.70|-1.70|2.37|2.33|2.39|2.31|11.68|2.35|6692900|15713295.00|1|0.0000|0.0000|0.0000|0|2.35
巨化股份|600160|-3.90|24833512|611770688.00|-0.91|-0.91|-4.73|24.40|25.16|25.16|24.19|24.83|25.39|24426451|618591040.00|1|0.0000|0.0000|0.0000|0|25.39
天坛生物|600161|1.03|13866714|285368192.00|-0.63|1.32|-0.78|20.69|20.35|20.75|20.32|13.87|20.48|12231678|251125936.00|1|0.0000|0.0000|0.0000|0|20.48
香江控股|600162|1.72|28574420|50342736.00|0.00|2.30|-0.57|1.77|1.74|1.78|1.73|28.57|1.74|12103363|21103354.00|1|0.0000|0.0000|0.0000|0|1.74
中闽能源|600163|2.68|20938055|111059152.00|0.19|2.87|-0.76|5.37|5.24|5.38|5.19|20.94|5.23|17395500|91146432.00|1|0.0000|0.0000|0.0000|0|5.23
*ST宁科|600165|3.24|26977100|126773776.00|1.51|3.89|-1.73|4.78|4.70|4.81|4.55|26.98|4.63|15783067|72231232.00|1|0.0000|0.0000|0.0000|0|4.63
福田汽车|600166|0.00|124534984|314236992.00|-0.79|0.39|-1.57|2.54|2.52|2.55|2.50|124.53|2.54|160396266|402799712.00|1|0.0000|0.0000|0.0000|0|2.54
联美控股|600167|0.86|6717475|39341916.00|-0.86|1.55|-0.86|5.86|5.76|5.90|5.76|6.72|5.81|5606162|32437846.00|1|0.0000|0.0000|0.0000|0|5.81
武汉控股|600168|0.83|7264864|35055276.00|-0.83|1.25|-0.83|4.84|4.76|4.86|4.76|7.26|4.80|8062556|38866952.00|1|0.0000|0.0000|0.0000|0|4.80
ST太重|600169|0.00|29341934|71860280.00|-0.82|1.64|-0.82|2.44|2.42|2.48|2.42|29.34|2.44|28711000|69947664.00|1|0.0000|0.0000|0.0000|0|2.44
上海建工|600170|1.52|190821243|506636032.00|-1.14|1.90|-1.14|2.67|2.60|2.68|2.60|190.82|2.63|210323473|551763200.00|1|0.0000|0.0000|0.0000|0|2.63
上海贝岭|600171|-1.15|13316165|448211232.00|-1.77|0.53|-1.77|33.51|33.30|34.08|33.30|13.32|33.90|10700301|363242400.00|1|0.0000|0.0000|0.0000|0|33.90
黄河旋风|600172|0.98|40421186|165636176.00|-1.47|2.44|-1.96|4.13|4.03|4.19|4.01|40.42|4.09|32218500|132856280.00|1|0.0000|0.0000|0.0000|0|4.09
卧龙新能|600173|9.96|42461706|308920672.00|0.74|9.96|0.00|7.40|6.78|7.40|6.73|42.46|6.73|27997340|189867584.00|1|0.0000|0.0000|0.0000|0|6.73
中国巨石|600176|-0.54|14890954|190059392.00|-0.78|0.16|-1.48|12.78|12.75|12.87|12.66|14.89|12.85|19362738|249380224.00|1|0.0000|0.0000|0.0000|0|12.85
雅戈尔|600177|-1.22|33966908|275220288.00|-0.49|0.00|-1.59|8.09|8.15|8.19|8.06|33.97|8.19|21201348|173918656.00|1|0.0000|0.0000|0.0000|0|8.19
东安动力|600178|-4.61|23591899|272351968.00|-1.42|0.00|-5.44|11.39|11.77|11.94|11.29|23.59|11.94|19894484|239327552.00|1|0.0000|0.0000|0.0000|0|11.94
安通控股|600179|0.34|32413263|94180632.00|-1.03|1.03|-1.38|2.91|2.87|2.93|2.86|32.41|2.90|27614794|79935528.00|1|0.0000|0.0000|0.0000|0|2.90
瑞茂通|600180|2.16|10272700|43361004.00|-0.72|2.64|-0.96|4.25|4.13|4.27|4.12|10.27|4.16|5712191|23883614.00|1|0.0000|0.0000|0.0000|0|4.16
S佳通|600182|-0.45|1674700|25866708.00|-0.45|-0.13|-1.48|15.49|15.49|15.54|15.33|1.67|15.56|1059900|16570799.00|1|0.0000|0.0000|0.0000|0|15.56
生益科技|600183|-5.30|37514404|989070400.00|-3.03|-1.66|-6.46|26.25|26.88|27.26|25.93|37.51|27.72|15804048|439182752.00|1|0.0000|0.0000|0.0000|0|27.72
光电股份|600184|-1.65|5817600|72660840.00|-2.21|0.47|-2.76|12.48|12.41|12.75|12.34|5.82|12.69|4454970|56618952.00|1|0.0000|0.0000|0.0000|0|12.69
珠免集团|600185|0.33|18549303|111179432.00|-0.83|1.00|-1.17|6.01|5.94|6.05|5.92|18.55|5.99|15584169|93435264.00|1|0.0000|0.0000|0.0000|0|5.99
莲花控股|600186|1.46|97861340|606007104.00|-1.30|2.27|-1.95|6.25|6.08|6.30|6.04|97.86|6.16|50901500|313907712.00|1|0.0000|0.0000|0.0000|0|6.16
国中水务|600187|0.88|24572552|83764792.00|-0.88|1.17|-1.47|3.44|3.38|3.45|3.36|24.57|3.41|27214201|92333088.00|1|0.0000|0.0000|0.0000|0|3.41
兖矿能源|600188|-0.53|18343253|242764048.00|-0.53|0.30|-0.75|13.21|13.21|13.32|13.18|18.34|13.28|22429354|298061664.00|1|0.0000|0.0000|0.0000|0|13.28
泉阳泉|600189|0.44|6022991|41260788.00|-0.73|0.73|-1.17|6.88|6.80|6.90|6.77|6.02|6.85|5584833|38210552.00|1|0.0000|0.0000|0.0000|0|6.85
华资实业|600191|0.98|6107108|43826644.00|-0.14|1.26|-1.54|7.23|7.15|7.25|7.05|6.11|7.16|5232800|37300776.00|1|0.0000|0.0000|0.0000|0|7.16
长城电工|600192|0.76|4604613|30120930.00|-0.31|1.22|-1.53|6.59|6.52|6.62|6.44|4.60|6.54|4820538|31678334.00|1|0.0000|0.0000|0.0000|0|6.54
*ST创兴|600193|1.33|8046320|24628672.00|0.00|3.65|-0.33|3.05|3.01|3.12|3.00|8.05|3.01|8008115|23990406.00|1|0.0000|0.0000|0.0000|0|3.01
中牧股份|600195|3.29|28889818|199881040.00|-0.60|5.39|-0.60|6.90|6.64|7.04|6.64|28.89|6.68|14097881|94017032.00|1|0.0000|0.0000|0.0000|0|6.68
复星医药|600196|0.20|16689601|425833728.00|-0.71|1.10|-0.94|25.51|25.28|25.74|25.22|16.69|25.46|18673769|476948672.00|1|0.0000|0.0000|0.0000|0|25.46
伊力特|600197|0.71|4443161|69172048.00|0.00|1.10|-0.97|15.59|15.48|15.65|15.33|4.44|15.48|2409755|37270464.00|1|0.0000|0.0000|0.0000|0|15.48
大唐电信|600198|-0.48|10713137|89012496.00|-0.96|0.48|-1.91|8.32|8.28|8.40|8.20|10.71|8.36|7894100|66284816.00|1|0.0000|0.0000|0.0000|0|8.36
金种子酒|600199|0.63|5135690|57764428.00|-0.63|1.43|-0.81|11.25|11.11|11.34|11.09|5.14|11.18|3778494|42303128.00|1|0.0000|0.0000|0.0000|0|11.18
生物股份|600201|1.53|23743908|174429408.00|-1.11|3.89|-1.11|7.30|7.11|7.47|7.11|23.74|7.19|13102700|94831640.00|1|0.0000|0.0000|0.0000|0|7.19
哈空调|600202|-4.77|51719694|284055200.00|-2.30|2.12|-6.18|5.39|5.53|5.78|5.31|51.72|5.66|83602997|487604032.00|1|0.0000|0.0000|0.0000|0|5.66
福日电子|600203|-1.62|19302500|176140576.00|-1.62|0.11|-2.49|9.10|9.10|9.26|9.02|19.30|9.25|19510201|181574752.00|1|0.0000|0.0000|0.0000|0|9.25
有研新材|600206|-1.44|17990152|295650560.00|-1.26|0.42|-2.17|16.37|16.40|16.68|16.25|17.99|16.61|17295300|288315392.00|1|0.0000|0.0000|0.0000|0|16.61
安彩高科|600207|0.72|7826706|32547400.00|-1.20|1.20|-1.44|4.19|4.11|4.21|4.10|7.83|4.16|7473900|31145674.00|1|0.0000|0.0000|0.0000|0|4.16
衢州发展|600208|-1.02|87712464|255212784.00|-1.71|0.68|-2.05|2.90|2.88|2.95|2.87|87.71|2.93|143162350|421042112.00|1|0.0000|0.0000|0.0000|0|2.93
紫江企业|600210|-1.83|42845901|300675616.00|-0.99|0.28|-2.26|6.96|7.02|7.11|6.93|42.85|7.09|56606736|400842624.00|1|0.0000|0.0000|0.0000|0|7.09
西藏药业|600211|-0.08|4475973|173127120.00|-0.54|0.77|-0.88|38.70|38.52|39.03|38.39|4.48|38.73|4732599|183855200.00|1|0.0000|0.0000|0.0000|0|38.73
绿能慧充|600212|-2.33|43319629|412986816.00|1.06|5.20|-4.56|9.21|9.53|9.92|9.00|43.32|9.43|46183701|446107584.00|1|0.0000|0.0000|0.0000|0|9.43
派斯林|600215|10.05|78976812|797272640.00|0.11|10.05|-1.39|10.29|9.36|10.29|9.22|78.98|9.35|15830650|147580000.00|1|0.0000|0.0000|0.0000|0|9.35
浙江医药|600216|-0.59|13950000|187182880.00|-0.96|0.44|-1.41|13.42|13.37|13.56|13.31|13.95|13.50|19124744|258850672.00|1|0.0000|0.0000|0.0000|0|13.50
中再资环|600217|0.80|16263243|80820464.00|-1.01|1.21|-1.61|5.01|4.92|5.03|4.89|16.26|4.97|12773217|63690096.00|1|0.0000|0.0000|0.0000|0|4.97
全柴动力|600218|-0.46|8379113|72268624.00|-0.92|0.69|-2.19|8.64|8.60|8.74|8.49|8.38|8.68|5572112|48548652.00|1|0.0000|0.0000|0.0000|0|8.68
南山铝业|600219|-2.37|165897756|617127552.00|-0.53|-0.53|-2.90|3.70|3.77|3.77|3.68|165.90|3.79|95128155|362000160.00|1|0.0000|0.0000|0.0000|0|3.79
海航控股|600221|0.70|192073675|274390528.00|-1.40|0.70|-1.40|1.44|1.41|1.44|1.41|192.07|1.43|162754763|232216048.00|1|0.0000|0.0000|0.0000|0|1.43
太龙药业|600222|2.21|22374700|122971048.00|-0.74|2.58|-1.11|5.54|5.38|5.56|5.36|22.37|5.42|16472500|89779936.00|1|0.0000|0.0000|0.0000|0|5.42
福瑞达|600223|2.46|29531180|230858672.00|-1.04|2.46|-1.42|7.91|7.64|7.91|7.61|29.53|7.72|20208049|155661984.00|1|0.0000|0.0000|0.0000|0|7.72
亨通股份|600226|1.78|36544074|104748456.00|0.36|3.20|0.00|2.86|2.82|2.90|2.81|36.54|2.81|20784795|58801752.00|1|0.0000|0.0000|0.0000|0|2.81
赤天化|600227|-0.85|31206878|72461072.00|-1.28|1.28|-2.14|2.32|2.31|2.37|2.29|31.21|2.34|34470401|80897000.00|1|0.0000|0.0000|0.0000|0|2.34
*ST返利|600228|0.59|16482200|83316656.00|-1.57|0.59|-2.36|5.12|5.01|5.12|4.97|16.48|5.09|21805300|111970600.00|1|0.0000|0.0000|0.0000|0|5.09
城市传媒|600229|0.29|7221800|49963476.00|-0.44|1.74|-0.58|6.91|6.86|7.01|6.85|7.22|6.89|3646400|25216348.00|1|0.0000|0.0000|0.0000|0|6.89
沧州大化|600230|0.29|3044980|31049314.00|-0.88|0.49|-0.98|10.25|10.13|10.27|10.12|3.04|10.22|3153138|32438510.00|1|0.0000|0.0000|0.0000|0|10.22
凌钢股份|600231|1.18|12771234|21812846.00|-0.59|1.76|-0.59|1.72|1.69|1.73|1.69|12.77|1.70|11905000|20295698.00|1|0.0000|0.0000|0.0000|0|1.70
金鹰股份|600232|-1.03|6962701|39995360.00|-1.72|0.52|-2.58|5.75|5.71|5.84|5.66|6.96|5.81|9574900|55842416.00|1|0.0000|0.0000|0.0000|0|5.81
圆通速递|600233|0.47|14856805|191253216.00|-0.86|0.93|-1.24|12.92|12.75|12.98|12.70|14.86|12.86|11742920|150363792.00|1|0.0000|0.0000|0.0000|0|12.86
科新发展|600234|-0.49|419300|2568307.00|0.00|0.81|-1.30|6.13|6.16|6.21|6.08|0.42|6.16|711900|4389956.00|1|0.0000|0.0000|0.0000|0|6.16
民丰特纸|600235|0.51|5587100|32827748.00|-1.02|1.02|-1.70|5.92|5.83|5.95|5.79|5.59|5.89|3553400|21019952.00|1|0.0000|0.0000|0.0000|0|5.89
桂冠电力|600236|1.55|13256482|86554520.00|-0.15|1.70|-0.46|6.56|6.45|6.57|6.43|13.26|6.46|14822033|96002560.00|1|0.0000|0.0000|0.0000|0|6.46
铜峰电子|600237|-2.28|17022700|117222384.00|-0.71|0.43|-3.28|6.85|6.96|7.04|6.78|17.02|7.01|11754100|82742608.00|1|0.0000|0.0000|0.0000|0|7.01
*ST椰岛|600238|-0.66|9789501|59302128.00|-1.32|1.32|-1.81|6.03|5.99|6.15|5.96|9.79|6.07|13918450|85019200.00|1|0.0000|0.0000|0.0000|0|6.07
云南城投|600239|-1.88|71293195|187296336.00|0.00|1.50|-3.01|2.61|2.66|2.70|2.58|71.29|2.66|98875322|268096800.00|1|0.0000|0.0000|0.0000|0|2.66
时代万恒|600241|1.02|2912900|20037876.00|-1.02|1.46|-1.60|6.94|6.80|6.97|6.76|2.91|6.87|2279584|15641396.00|1|0.0000|0.0000|0.0000|0|6.87
*ST海华|600243|-0.75|19730958|52425328.00|-0.37|1.12|-1.87|2.65|2.66|2.70|2.62|19.73|2.67|22548910|60479572.00|1|0.0000|0.0000|0.0000|0|2.67
万通发展|600246|0.18|28595330|160627488.00|0.54|1.97|-1.79|5.60|5.62|5.70|5.49|28.60|5.59|28849900|162484288.00|1|0.0000|0.0000|0.0000|0|5.59
陕建股份|600248|0.70|20840000|89970592.00|-0.47|1.40|-0.70|4.32|4.27|4.35|4.26|20.84|4.29|15086104|64939848.00|1|0.0000|0.0000|0.0000|0|4.29
两面针|600249|0.75|10977601|58656240.00|-0.94|1.12|-1.50|5.38|5.29|5.40|5.26|10.98|5.34|12449850|66269812.00|1|0.0000|0.0000|0.0000|0|5.34
南京商旅|600250|3.61|21072101|197314128.00|-1.20|4.16|-1.64|9.47|9.03|9.52|8.99|21.07|9.14|10013833|92190352.00|1|0.0000|0.0000|0.0000|0|9.14
冠农股份|600251|1.27|9304764|66240868.00|-0.99|1.83|-1.27|7.19|7.03|7.23|7.01|9.30|7.10|3528365|25171232.00|1|0.0000|0.0000|0.0000|0|7.10
中恒集团|600252|0.81|44008200|108757720.00|-0.81|1.22|-1.22|2.48|2.44|2.49|2.43|44.01|2.46|42162300|103527064.00|1|0.0000|0.0000|0.0000|0|2.46
鑫科材料|600255|-0.59|46914600|158497712.00|-0.88|0.59|-1.77|3.37|3.36|3.41|3.33|46.91|3.39|41044930|139116320.00|1|0.0000|0.0000|0.0000|0|3.39
广汇能源|600256|-0.98|59722925|362082944.00|-0.49|0.00|-1.63|6.06|6.09|6.12|6.02|59.72|6.12|25111950|153747136.00|1|0.0000|0.0000|0.0000|0|6.12
大湖股份|600257|0.63|7993100|38137764.00|-1.05|1.05|-1.05|4.77|4.69|4.79|4.69|7.99|4.74|7629900|36276596.00|1|0.0000|0.0000|0.0000|0|4.74
首旅酒店|600258|2.74|28596634|415535840.00|-0.84|3.45|-1.13|14.60|14.09|14.70|14.05|28.60|14.21|25352368|360796160.00|1|0.0000|0.0000|0.0000|0|14.21
广晟有色|600259|3.52|17859719|637137728.00|0.97|4.69|-1.06|36.19|35.30|36.60|34.59|17.86|34.96|10351789|362368992.00|1|0.0000|0.0000|0.0000|0|34.96
阳光照明|600261|0.30|12358400|41382172.00|-0.60|0.60|-1.19|3.37|3.34|3.38|3.32|12.36|3.36|13584500|45672720.00|1|0.0000|0.0000|0.0000|0|3.36
北方股份|600262|0.39|1895819|33945060.00|-0.89|1.06|-1.39|18.03|17.80|18.15|17.71|1.90|17.96|2063319|36968520.00|1|0.0000|0.0000|0.0000|0|17.96
ST景谷|600265|1.23|3620800|61659772.00|-1.47|1.64|-1.76|17.26|16.80|17.33|16.75|3.62|17.05|3397292|57281216.00|1|0.0000|0.0000|0.0000|0|17.05
城建发展|600266|1.31|28395306|132236944.00|-0.88|3.28|-1.09|4.63|4.53|4.72|4.52|28.40|4.57|18643786|85061856.00|1|0.0000|0.0000|0.0000|0|4.57
海正药业|600267|0.00|25318898|236098384.00|-1.29|1.72|-1.29|9.30|9.18|9.46|9.18|25.32|9.30|33815298|317165216.00|1|0.0000|0.0000|0.0000|0|9.30
国电南自|600268|-0.14|11065812|80531224.00|-0.55|0.82|-1.37|7.28|7.25|7.35|7.19|11.07|7.29|8199816|59874476.00|1|0.0000|0.0000|0.0000|0|7.29
赣粤高速|600269|1.17|20789098|107683040.00|-0.58|1.36|-0.97|5.21|5.12|5.22|5.10|20.79|5.15|18496400|95558744.00|1|0.0000|0.0000|0.0000|0|5.15
航天信息|600271|0.45|7629904|67782000.00|-0.79|1.02|-1.13|8.90|8.79|8.95|8.76|7.63|8.86|7338016|65181620.00|1|0.0000|0.0000|0.0000|0|8.86
开开实业|600272|0.36|3475819|48813716.00|-0.57|1.50|-0.93|14.03|13.90|14.19|13.85|3.48|13.98|3217004|44916416.00|1|0.0000|0.0000|0.0000|0|13.98
嘉化能源|600273|0.00|13495501|109231464.00|-0.74|0.37|-1.23|8.12|8.06|8.15|8.02|13.50|8.12|11530200|93779808.00|1|0.0000|0.0000|0.0000|0|8.12
恒瑞医药|600276|0.37|51785846|2643033088.00|-0.87|1.47|-0.87|51.04|50.41|51.60|50.41|51.79|50.85|63187882|3230471936.00|1|0.0000|0.0000|0.0000|0|50.85
东方创业|600278|1.38|6197813|40623256.00|-1.23|1.54|-1.38|6.60|6.43|6.61|6.42|6.20|6.51|6550746|42532648.00|1|0.0000|0.0000|0.0000|0|6.51
重庆港|600279|1.97|11574362|59501668.00|-0.39|2.17|-0.98|5.18|5.06|5.19|5.03|11.57|5.08|5409012|27481044.00|1|0.0000|0.0000|0.0000|0|5.08
中央商场|600280|2.06|21160000|72958856.00|-0.59|2.65|-0.88|3.46|3.37|3.48|3.36|21.16|3.39|10241300|34903408.00|1|0.0000|0.0000|0.0000|0|3.39
华阳新材|600281|0.84|8762700|31279372.00|-0.28|0.84|-1.40|3.60|3.56|3.60|3.52|8.76|3.57|8489426|30473438.00|1|0.0000|0.0000|0.0000|0|3.57
南钢股份|600282|0.64|19382873|90647296.00|-0.64|0.86|-1.07|4.70|4.64|4.71|4.62|19.38|4.67|21585600|101124976.00|1|0.0000|0.0000|0.0000|0|4.67
钱江水利|600283|2.44|10309740|103054920.00|-0.41|2.44|-0.71|10.08|9.80|10.08|9.77|10.31|9.84|5974440|59108508.00|1|0.0000|0.0000|0.0000|0|9.84
浦东建设|600284|0.73|18700603|128921128.00|-0.44|2.19|-1.17|6.89|6.81|6.99|6.76|18.70|6.84|33252193|228132160.00|1|0.0000|0.0000|0.0000|0|6.84
羚锐制药|600285|2.40|10106207|226408816.00|-0.05|2.85|-0.54|22.60|22.06|22.70|21.95|10.11|22.07|7360500|163015824.00|1|0.0000|0.0000|0.0000|0|22.07
苏豪时尚|600287|-1.08|1530400|7051606.00|-1.08|0.22|-1.94|4.60|4.60|4.66|4.56|1.53|4.65|1436300|6689265.00|1|0.0000|0.0000|0.0000|0|4.65
大恒科技|600288|-0.88|6793932|61433364.00|-1.43|0.66|-2.19|9.04|8.99|9.18|8.92|6.79|9.12|8070500|73640928.00|1|0.0000|0.0000|0.0000|0|9.12
ST信通|600289|-5.05|26429016|174243072.00|-5.05|-0.72|-5.05|6.58|6.58|6.88|6.58|26.43|6.93|2828600|19602198.00|1|0.0000|0.0000|0.0000|0|6.93
远达环保|600292|10.04|66512790|890158336.00|2.83|10.04|1.21|13.59|12.70|13.59|12.50|66.51|12.35|43425333|530184896.00|1|0.0000|0.0000|0.0000|0|12.35
三峡新材|600293|0.68|10343200|30402352.00|-0.68|1.02|-1.02|2.95|2.91|2.96|2.90|10.34|2.93|6985400|20480888.00|1|0.0000|0.0000|0.0000|0|2.93
鄂尔多斯|600295|0.53|7021436|65711340.00|-0.75|0.96|-1.60|9.40|9.28|9.44|9.20|7.02|9.35|3984008|37185080.00|1|0.0000|0.0000|0.0000|0|9.35
安琪酵母|600298|-0.95|4180556|144523440.00|-0.66|0.63|-1.81|34.52|34.62|35.07|34.22|4.18|34.85|2918008|101640352.00|1|0.0000|0.0000|0.0000|0|34.85
安迪苏|600299|-0.85|7803150|81683008.00|-0.85|-0.19|-1.61|10.48|10.48|10.55|10.40|7.80|10.57|7654000|80744048.00|1|0.0000|0.0000|0.0000|0|10.57
维维股份|600300|3.27|70580638|243241792.00|-0.89|4.46|-1.49|3.47|3.33|3.51|3.31|70.58|3.36|29829900|100379640.00|1|0.0000|0.0000|0.0000|0|3.36
华锡有色|600301|-4.18|14698000|323892480.00|-2.51|-1.28|-4.45|21.77|22.15|22.43|21.71|14.70|22.72|21800339|496531520.00|1|0.0000|0.0000|0.0000|0|22.72
标准股份|600302|-2.05|23753700|124234496.00|-1.49|0.56|-4.29|5.25|5.28|5.39|5.13|23.75|5.36|25681877|139073328.00|1|0.0000|0.0000|0.0000|0|5.36
曙光股份|600303|1.80|14987700|50892728.00|-0.60|3.60|-0.60|3.39|3.31|3.45|3.31|14.99|3.33|9128700|30133904.00|1|0.0000|0.0000|0.0000|0|3.33
恒顺醋业|600305|1.33|10809147|81789936.00|-0.27|1.47|-0.53|7.60|7.48|7.61|7.46|10.81|7.50|4305754|32356740.00|1|0.0000|0.0000|0.0000|0|7.50
酒钢宏兴|600307|0.00|23902800|33929560.00|-0.70|0.70|-0.70|1.42|1.41|1.43|1.41|23.90|1.42|18639100|26488714.00|1|0.0000|0.0000|0.0000|0|1.42
华泰股份|600308|0.87|7467181|25767944.00|0.00|1.17|-0.58|3.46|3.43|3.47|3.41|7.47|3.43|5446048|18766030.00|1|0.0000|0.0000|0.0000|0|3.43
万华化学|600309|-1.28|19527941|1282027392.00|-1.50|-0.89|-1.79|65.74|65.59|66.00|65.40|19.53|66.59|17074298|1138587264.00|1|0.0000|0.0000|0.0000|0|66.59
广西能源|600310|0.68|40675012|181789008.00|-0.68|1.80|-0.90|4.47|4.41|4.52|4.40|40.68|4.44|42789794|190460080.00|1|0.0000|0.0000|0.0000|0|4.44
平高电气|600312|-0.63|16816257|295558656.00|-1.20|1.54|-1.48|17.46|17.36|17.84|17.31|16.82|17.57|22462091|392299616.00|1|0.0000|0.0000|0.0000|0|17.57
农发种业|600313|1.76|18274906|115751256.00|0.96|2.24|0.64|6.35|6.30|6.38|6.28|18.27|6.24|6872605|42752668.00|1|0.0000|0.0000|0.0000|0|6.24
上海家化|600315|0.44|6089848|124183152.00|-0.69|1.53|-1.18|20.38|20.15|20.60|20.05|6.09|20.29|4641850|93731976.00|1|0.0000|0.0000|0.0000|0|20.29
洪都航空|600316|-1.69|7523200|264298080.00|-1.29|0.34|-2.17|34.94|35.08|35.66|34.77|7.52|35.54|9176564|326715328.00|1|0.0000|0.0000|0.0000|0|35.54
新力金融|600318|2.84|122975911|1232970752.00|-2.94|5.78|-2.94|10.15|9.58|10.44|9.58|122.98|9.87|112758172|1119777024.00|1|0.0000|0.0000|0.0000|0|9.87
亚星化学|600319|1.29|11655747|63794556.00|-0.55|4.78|-1.84|5.51|5.41|5.70|5.34|11.66|5.44|10424020|57008448.00|1|0.0000|0.0000|0.0000|0|5.44
振华重工|600320|-2.30|112295342|480663552.00|-1.15|0.46|-2.99|4.25|4.30|4.37|4.22|112.30|4.35|117197265|510240640.00|1|0.0000|0.0000|0.0000|0|4.35
津投城开|600322|0.88|12615340|29077436.00|-0.88|2.19|-0.88|2.30|2.26|2.33|2.26|12.62|2.28|8098600|18517972.00|1|0.0000|0.0000|0.0000|0|2.28
瀚蓝环境|600323|0.87|13920510|341783552.00|-0.33|3.11|-0.79|24.34|24.05|24.88|23.94|13.92|24.13|4857640|117695512.00|1|0.0000|0.0000|0.0000|0|24.13
华发股份|600325|0.56|26377107|141826160.00|-0.56|1.88|-0.75|5.36|5.30|5.43|5.29|26.38|5.33|17777620|95088456.00|1|0.0000|0.0000|0.0000|0|5.33
西藏天路|600326|3.91|48061533|315796864.00|-0.63|5.01|-1.41|6.64|6.35|6.71|6.30|48.06|6.39|12944965|83278464.00|1|0.0000|0.0000|0.0000|0|6.39
大东方|600327|0.82|15974380|78548096.00|-0.61|1.64|-1.43|4.92|4.85|4.96|4.81|15.97|4.88|14728100|72285112.00|1|0.0000|0.0000|0.0000|0|4.88
中盐化工|600328|0.40|13191773|97750696.00|-0.40|0.54|-0.94|7.45|7.39|7.46|7.35|13.19|7.42|9321310|69191024.00|1|0.0000|0.0000|0.0000|0|7.42
达仁堂|600329|0.48|3995434|125521728.00|-0.58|1.31|-0.77|31.44|31.11|31.70|31.05|4.00|31.29|3720989|117177224.00|1|0.0000|0.0000|0.0000|0|31.29
天通股份|600330|-0.85|13429076|94597424.00|-0.85|0.28|-1.55|7.04|7.04|7.12|6.99|13.43|7.10|9350712|66447180.00|1|0.0000|0.0000|0.0000|0|7.10
宏达股份|600331|-0.85|17792506|125444840.00|-0.42|0.14|-1.27|7.04|7.07|7.11|7.01|17.79|7.10|14201316|100960640.00|1|0.0000|0.0000|0.0000|0|7.10
白云山|600332|0.15|5296363|142326288.00|-0.52|0.60|-0.71|26.88|26.70|27.00|26.65|5.30|26.84|4362700|117237280.00|1|0.0000|0.0000|0.0000|0|26.84
长春燃气|600333|1.54|8044700|36913424.00|-0.66|1.54|-0.88|4.62|4.52|4.62|4.51|8.04|4.55|7489100|34271472.00|1|0.0000|0.0000|0.0000|0|4.55
国机汽车|600335|-2.74|31489361|214204320.00|-1.01|0.14|-3.32|6.74|6.86|6.94|6.70|31.49|6.93|33906613|235456768.00|1|0.0000|0.0000|0.0000|0|6.93
澳柯玛|600336|0.61|8574500|56015352.00|-1.08|1.84|-1.69|6.55|6.44|6.63|6.40|8.57|6.51|7309600|47990560.00|1|0.0000|0.0000|0.0000|0|6.51
美克家居|600337|2.29|27184500|48169196.00|-0.57|5.14|-1.14|1.79|1.74|1.84|1.73|27.18|1.75|9041280|15830867.00|1|0.0000|0.0000|0.0000|0|1.75
西藏珠峰|600338|0.00|11654230|117242344.00|-0.60|0.50|-0.79|10.07|10.01|10.12|9.99|11.65|10.07|9488500|95792856.00|1|0.0000|0.0000|0.0000|0|10.07
中油工程|600339|0.89|24948757|84301592.00|-0.89|1.19|-0.89|3.40|3.34|3.41|3.34|24.95|3.37|25493444|86031424.00|1|0.0000|0.0000|0.0000|0|3.37
华夏幸福|600340|0.45|46870580|105606056.00|-0.89|1.79|-1.34|2.25|2.22|2.28|2.21|46.87|2.24|43908600|98497736.00|1|0.0000|0.0000|0.0000|0|2.24
航天动力|600343|-1.15|7604100|85504000.00|-0.97|1.06|-2.21|11.20|11.22|11.45|11.08|7.60|11.33|14971700|171159840.00|1|0.0000|0.0000|0.0000|0|11.33
长江通信|600345|-3.73|7622200|186656624.00|-2.14|0.91|-5.16|24.24|24.64|25.41|23.88|7.62|25.18|5063700|127638320.00|1|0.0000|0.0000|0.0000|0|25.18
恒力石化|600346|-0.26|8369514|130020440.00|-0.32|1.03|-0.58|15.46|15.45|15.66|15.41|8.37|15.50|6764560|104477344.00|1|0.0000|0.0000|0.0000|0|15.50
华阳股份|600348|0.29|27663761|189410560.00|-0.87|0.44|-1.16|6.89|6.81|6.90|6.79|27.66|6.87|33277595|230370784.00|1|0.0000|0.0000|0.0000|0|6.87
山东高速|600350|-0.48|15105390|154801568.00|-0.86|-0.29|-3.54|10.41|10.37|10.43|10.09|15.11|10.46|20939509|220387456.00|1|0.0000|0.0000|0.0000|0|10.46
亚宝药业|600351|0.64|15691895|98595808.00|-0.64|1.12|-0.80|6.30|6.22|6.33|6.21|15.69|6.26|12769006|80104008.00|1|0.0000|0.0000|0.0000|0|6.26
浙江龙盛|600352|0.63|21505065|204507760.00|-0.42|1.16|-0.74|9.55|9.45|9.60|9.42|21.51|9.49|11426200|108305008.00|1|0.0000|0.0000|0.0000|0|9.49
旭光电子|600353|1.68|112344305|1076180608.00|-0.52|2.10|-3.46|9.70|9.49|9.74|9.21|112.34|9.54|174536363|1702989696.00|1|0.0000|0.0000|0.0000|0|9.54
敦煌种业|600354|3.41|30898522|177863824.00|0.36|6.99|0.36|5.77|5.60|5.97|5.60|30.90|5.58|6349641|35399204.00|1|0.0000|0.0000|0.0000|0|5.58
*ST精伦|600355|-0.33|22661200|69142360.00|-1.63|1.31|-2.29|3.05|3.01|3.10|2.99|22.66|3.06|36694318|113048760.00|1|0.0000|0.0000|0.0000|0|3.06
恒丰纸业|600356|0.26|3855733|29929496.00|-1.03|0.51|-1.29|7.80|7.70|7.82|7.68|3.86|7.78|3687180|28683186.00|1|0.0000|0.0000|0.0000|0|7.78
ST联合|600358|0.00|16073133|68437024.00|0.94|3.51|-3.28|4.27|4.31|4.42|4.13|16.07|4.27|24683100|105675352.00|1|0.0000|0.0000|0.0000|0|4.27
新农开发|600359|2.22|12623882|86292976.00|-0.59|2.37|-0.74|6.90|6.71|6.91|6.70|12.62|6.75|8854681|59684576.00|1|0.0000|0.0000|0.0000|0|6.75
*ST华微|600360|3.05|26775836|187409808.00|-0.73|4.35|-1.16|7.10|6.84|7.19|6.81|26.78|6.89|26506564|183253312.00|1|0.0000|0.0000|0.0000|0|6.89
创新新材|600361|-0.24|41493631|171754400.00|-0.96|0.72|-1.45|4.14|4.11|4.18|4.09|41.49|4.15|32767258|136000896.00|1|0.0000|0.0000|0.0000|0|4.15
江西铜业|600362|-2.27|28939074|649546368.00|-1.53|-0.83|-2.45|22.34|22.51|22.67|22.30|28.94|22.86|22051998|506128864.00|1|0.0000|0.0000|0.0000|0|22.86
联创光电|600363|-3.72|13087035|825855168.00|-1.70|0.54|-4.02|62.20|63.50|64.95|62.00|13.09|64.60|12779810|831533888.00|1|0.0000|0.0000|0.0000|0|64.60
ST通葡|600365|0.76|2640702|6959693.50|-0.76|1.52|-0.76|2.65|2.61|2.67|2.61|2.64|2.63|2490580|6547572.00|1|0.0000|0.0000|0.0000|0|2.63
宁波韵升|600366|-0.37|12477910|101648840.00|-0.98|0.24|-1.46|8.17|8.12|8.22|8.08|12.48|8.20|10058555|82686672.00|1|0.0000|0.0000|0.0000|0|8.20
红星发展|600367|-0.14|15214300|223154848.00|-1.50|1.90|-1.97|14.68|14.48|14.98|14.41|15.21|14.70|16205300|239347600.00|1|0.0000|0.0000|0.0000|0|14.70
五洲交通|600368|9.96|124994957|612660672.00|-1.08|9.96|-1.08|5.08|4.57|5.08|4.57|124.99|4.62|66457876|301883776.00|1|0.0000|0.0000|0.0000|0|4.62
XD西南证|600369|-0.23|33516079|146065776.00|-0.46|0.92|-0.92|4.35|4.34|4.40|4.32|33.52|4.36|20239060|88202448.00|1|0.0000|0.0000|0.0000|0|4.36
三房巷|600370|-4.78|73133810|146981504.00|-2.39|0.00|-5.26|1.99|2.04|2.09|1.98|73.13|2.09|93605318|191067520.00|1|0.0000|0.0000|0.0000|0|2.09
万向德农|600371|2.57|8872350|77418112.00|0.35|3.03|0.23|8.79|8.60|8.83|8.59|8.87|8.57|2213599|18937920.00|1|0.0000|0.0000|0.0000|0|8.57
中航机载|600372|0.36|20799785|230176512.00|-0.81|0.63|-0.90|11.09|10.96|11.12|10.95|20.80|11.05|30079170|331756896.00|1|0.0000|0.0000|0.0000|0|11.05
中文传媒|600373|1.36|10988414|122465960.00|-0.45|1.63|-0.72|11.20|11.00|11.23|10.97|10.99|11.05|5174393|57286696.00|1|0.0000|0.0000|0.0000|0|11.05
汉马科技|600375|0.65|4919755|30403288.00|-0.65|1.46|-0.81|6.20|6.12|6.25|6.11|4.92|6.16|7050945|43322072.00|1|0.0000|0.0000|0.0000|0|6.16
首开股份|600376|0.40|15079500|37951356.00|-1.20|2.00|-1.60|2.51|2.47|2.55|2.46|15.08|2.50|15341300|38392412.00|1|0.0000|0.0000|0.0000|0|2.50
宁沪高速|600377|-0.06|10012981|151864384.00|-0.65|0.32|-2.86|15.39|15.30|15.45|14.96|10.01|15.40|13231590|205324640.00|1|0.0000|0.0000|0.0000|0|15.40
昊华科技|600378|-2.73|2478482|66454292.00|-0.87|0.00|-3.39|26.69|27.20|27.44|26.51|2.48|27.44|3067034|84535544.00|1|0.0000|0.0000|0.0000|0|27.44
宝光股份|600379|0.20|3495060|34185604.00|-0.82|0.51|-1.33|9.83|9.73|9.86|9.68|3.50|9.81|3267686|32178872.00|1|0.0000|0.0000|0.0000|0|9.81
健康元|600380|0.08|19640831|231488848.00|-0.59|0.93|-0.76|11.78|11.70|11.88|11.68|19.64|11.77|22362852|264854800.00|1|0.0000|0.0000|0.0000|0|11.77
*ST春天|600381|-1.46|7537102|35622080.00|0.63|0.63|-2.71|4.73|4.83|4.83|4.67|7.54|4.80|11902914|56521020.00|1|0.0000|0.0000|0.0000|0|4.80
广东明珠|600382|0.00|4706225|21775044.00|-0.22|0.65|-1.51|4.65|4.64|4.68|4.58|4.71|4.65|3528420|16426170.00|1|0.0000|0.0000|0.0000|0|4.65
金地集团|600383|3.09|143171882|676423488.00|-1.10|7.28|-1.77|4.67|4.48|4.86|4.45|143.17|4.53|90585698|403574720.00|1|0.0000|0.0000|0.0000|0|4.53
北巴传媒|600386|0.00|11830000|53093992.00|-1.33|0.44|-1.77|4.51|4.45|4.53|4.43|11.83|4.51|17063700|77232512.00|1|0.0000|0.0000|0.0000|0|4.51
龙净环保|600388|-0.24|7736310|97894328.00|-0.47|0.95|-0.87|12.61|12.58|12.76|12.53|7.74|12.64|5827692|73232632.00|1|0.0000|0.0000|0.0000|0|12.64
江山股份|600389|0.87|4541987|67531688.00|-0.67|1.14|-0.94|14.99|14.76|15.03|14.72|4.54|14.86|3453613|51338872.00|1|0.0000|0.0000|0.0000|0|14.86
五矿资本|600390|0.88|50110316|285231840.00|-0.88|1.41|-1.24|5.71|5.61|5.74|5.59|50.11|5.66|38511334|216143904.00|1|0.0000|0.0000|0.0000|0|5.66
航发科技|600391|0.95|11028461|232333920.00|-0.95|1.62|-1.43|21.20|20.80|21.34|20.70|11.03|21.00|12361252|258885072.00|1|0.0000|0.0000|0.0000|0|21.00
盛和资源|600392|0.64|21526510|236464256.00|1.28|1.74|-0.27|10.99|11.06|11.11|10.89|21.53|10.92|17828577|196120096.00|1|0.0000|0.0000|0.0000|0|10.92
盘江股份|600395|0.20|9243900|45257556.00|-0.41|0.82|-0.61|4.90|4.87|4.93|4.86|9.24|4.89|7139600|35019892.00|1|0.0000|0.0000|0.0000|0|4.89
华电辽能|600396|2.65|24923100|66815624.00|-0.76|3.03|-0.76|2.71|2.62|2.72|2.62|24.92|2.64|16007400|42155424.00|1|0.0000|0.0000|0.0000|0|2.64
江钨装备|600397|-10.06|90574453|551357184.00|-0.91|-0.91|-10.06|5.90|6.50|6.50|5.90|90.57|6.56|44053891|288869280.00|1|0.0000|0.0000|0.0000|0|6.56
海澜之家|600398|-1.09|13958158|113302456.00|-1.21|-0.24|-2.67|8.15|8.14|8.22|8.02|13.96|8.24|18851518|154230544.00|1|0.0000|0.0000|0.0000|0|8.24
抚顺特钢|600399|-0.69|39874694|229026896.00|-1.04|0.52|-1.21|5.73|5.71|5.80|5.70|39.87|5.77|47920600|275883360.00|1|0.0000|0.0000|0.0000|0|5.77
红豆股份|600400|0.43|14885838|34565284.00|-1.29|0.86|-1.72|2.33|2.29|2.34|2.28|14.89|2.32|18419154|43003680.00|1|0.0000|0.0000|0.0000|0|2.32
大有能源|600403|-5.00|47280018|179476224.00|-2.75|-1.00|-7.75|3.80|3.89|3.96|3.69|47.28|4.00|32147418|127942088.00|1|0.0000|0.0000|0.0000|0|4.00
动力源|600405|-1.02|13181220|64303836.00|-0.20|0.20|-2.03|4.87|4.91|4.93|4.82|13.18|4.92|10936475|53705928.00|1|0.0000|0.0000|0.0000|0|4.92
国电南瑞|600406|1.96|41989439|931835776.00|-1.37|2.37|-1.37|22.33|21.60|22.42|21.60|41.99|21.90|19401856|426989920.00|1|0.0000|0.0000|0.0000|0|21.90
安泰集团|600408|1.12|16103902|28976028.00|-0.56|1.68|-1.12|1.81|1.78|1.82|1.77|16.10|1.79|18676800|33581852.00|1|0.0000|0.0000|0.0000|0|1.79
三友化工|600409|-0.55|18807599|102524176.00|-0.91|0.36|-1.46|5.45|5.43|5.50|5.40|18.81|5.48|15532981|85395880.00|1|0.0000|0.0000|0.0000|0|5.48
华胜天成|600410|-0.61|30924041|253583328.00|-1.22|1.46|-1.71|8.15|8.10|8.32|8.06|30.92|8.20|30263537|248126720.00|1|0.0000|0.0000|0.0000|0|8.20
小商品城|600415|-4.17|93328543|1378408704.00|-2.35|-1.11|-4.95|14.70|14.98|15.17|14.58|93.33|15.34|48662809|750128704.00|1|0.0000|0.0000|0.0000|0|15.34
湘电股份|600416|-1.37|13111434|142799888.00|-0.73|1.55|-1.92|10.79|10.86|11.11|10.73|13.11|10.94|8115325|89056360.00|1|0.0000|0.0000|0.0000|0|10.94
江淮汽车|600418|-0.17|43459856|1545247488.00|-1.07|1.32|-1.46|35.47|35.15|36.00|35.01|43.46|35.53|53028958|1882872704.00|1|0.0000|0.0000|0.0000|0|35.53
天润乳业|600419|3.87|9663660|97218680.00|-0.31|4.18|-0.71|10.19|9.78|10.22|9.74|9.66|9.81|3323199|32512598.00|1|0.0000|0.0000|0.0000|0|9.81
国药现代|600420|0.28|14460971|155403472.00|-0.74|0.93|-1.02|10.77|10.66|10.84|10.63|14.46|10.74|12918366|138831520.00|1|0.0000|0.0000|0.0000|0|10.74
*ST华嵘|600421|-2.46|7041000|44961824.00|-0.92|0.46|-4.15|6.35|6.45|6.54|6.24|7.04|6.51|11390821|76415784.00|1|0.0000|0.0000|0.0000|0|6.51
昆药集团|600422|-0.06|9687212|168855728.00|-0.97|0.34|-1.65|17.55|17.39|17.62|17.27|9.69|17.56|8161176|142584336.00|1|0.0000|0.0000|0.0000|0|17.56
柳化股份|600423|0.62|24286200|78825936.00|-1.54|1.54|-2.15|3.27|3.20|3.30|3.18|24.29|3.25|18473700|60268856.00|1|0.0000|0.0000|0.0000|0|3.25
青松建化|600425|1.52|22991404|91696656.00|-0.76|1.52|-0.76|4.02|3.93|4.02|3.93|22.99|3.96|16479500|65581968.00|1|0.0000|0.0000|0.0000|0|3.96
华鲁恒升|600426|-2.08|15222947|339609440.00|-0.84|0.09|-2.34|22.14|22.42|22.63|22.08|15.22|22.61|18382947|414223456.00|1|0.0000|0.0000|0.0000|0|22.61
中远海特|600428|-3.12|42237789|277788064.00|-1.78|-1.04|-3.41|6.53|6.62|6.67|6.51|42.24|6.74|25255058|170687520.00|1|0.0000|0.0000|0.0000|0|6.74
三元股份|600429|1.86|11012500|47737092.00|-0.70|1.86|-0.93|4.37|4.26|4.37|4.25|11.01|4.29|6017361|25850630.00|1|0.0000|0.0000|0.0000|0|4.29
冠豪高新|600433|0.29|13129405|44873632.00|-0.58|0.58|-1.46|3.43|3.40|3.44|3.37|13.13|3.42|10079809|34512388.00|1|0.0000|0.0000|0.0000|0|3.42
北方导航|600435|1.55|17990428|200719344.00|-0.91|2.91|-1.00|11.15|10.88|11.30|10.87|17.99|10.98|13806400|152066528.00|1|0.0000|0.0000|0.0000|0|10.98
片仔癀|600436|-0.21|1355028|274995968.00|-0.32|0.41|-0.57|202.72|202.50|203.99|202.00|1.36|203.15|1139909|231895024.00|1|0.0000|0.0000|0.0000|0|203.15
通威股份|600438|-1.43|29590998|556132800.00|-1.75|1.06|-1.96|18.62|18.56|19.09|18.52|29.59|18.89|25413274|482901184.00|1|0.0000|0.0000|0.0000|0|18.89
瑞贝卡|600439|-0.83|16111100|57782472.00|-1.11|0.83|-1.66|3.58|3.57|3.64|3.55|16.11|3.61|29822001|108011168.00|1|0.0000|0.0000|0.0000|0|3.61
国机通用|600444|0.51|2777500|43479416.00|-0.51|1.34|-1.47|15.75|15.59|15.88|15.44|2.78|15.67|2985900|47141096.00|1|0.0000|0.0000|0.0000|0|15.67
金证股份|600446|-2.08|16051250|266632256.00|-1.90|0.71|-2.55|16.48|16.51|16.95|16.40|16.05|16.83|16232800|273796512.00|1|0.0000|0.0000|0.0000|0|16.83
华纺股份|600448|0.00|9160728|25533514.00|-0.71|0.36|-1.79|2.80|2.78|2.81|2.75|9.16|2.80|8568440|23895496.00|1|0.0000|0.0000|0.0000|0|2.80
宁夏建材|600449|0.27|7053085|103014512.00|-1.30|0.89|-1.92|14.63|14.40|14.72|14.31|7.05|14.59|4737500|69246232.00|1|0.0000|0.0000|0.0000|0|14.59
涪陵电力|600452|0.92|35112421|346830528.00|0.00|1.84|-0.61|9.89|9.80|9.98|9.74|35.11|9.80|27693116|271633568.00|1|0.0000|0.0000|0.0000|0|9.80
博通股份|600455|-0.25|1758900|41846696.00|0.00|0.63|-2.67|23.90|23.96|24.11|23.32|1.76|23.96|1925900|45853412.00|1|0.0000|0.0000|0.0000|0|23.96
宝钛股份|600456|-1.42|12125532|388243328.00|-0.93|-0.03|-2.16|31.94|32.10|32.39|31.70|12.13|32.40|13052906|425653600.00|1|0.0000|0.0000|0.0000|0|32.40
时代新材|600458|-1.22|5514600|71845080.00|-0.84|0.92|-1.53|12.94|12.99|13.22|12.90|5.51|13.10|5833700|76662696.00|1|0.0000|0.0000|0.0000|0|13.10
贵研铂业|600459|0.00|6685493|92466952.00|-0.22|0.29|-1.08|13.88|13.85|13.92|13.73|6.69|13.88|6589122|91756088.00|1|0.0000|0.0000|0.0000|0|13.88
士兰微|600460|-0.21|13613105|324998848.00|-0.75|0.75|-1.09|23.89|23.76|24.12|23.68|13.61|23.94|12532968|301008800.00|1|0.0000|0.0000|0.0000|0|23.94
洪城环境|600461|3.39|37706359|366466368.00|0.11|4.66|-0.42|9.77|9.46|9.89|9.41|37.71|9.45|21276954|200052496.00|1|0.0000|0.0000|0.0000|0|9.45
空港股份|600463|0.76|2194800|20408932.00|-0.32|1.51|-1.62|9.33|9.23|9.40|9.11|2.19|9.26|1850800|17203712.00|1|0.0000|0.0000|0.0000|0|9.26
好当家|600467|1.78|46625200|105882328.00|-0.89|2.22|-0.89|2.29|2.23|2.30|2.23|46.63|2.25|39985600|90649968.00|1|0.0000|0.0000|0.0000|0|2.25
百利电气|600468|-2.23|57705280|280912128.00|-0.61|1.42|-3.85|4.82|4.90|5.00|4.74|57.71|4.93|76057082|374596512.00|1|0.0000|0.0000|0.0000|0|4.93
风神股份|600469|-0.17|5815300|33897256.00|-0.85|0.51|-1.54|5.85|5.81|5.89|5.77|5.82|5.86|5678182|33465572.00|1|0.0000|0.0000|0.0000|0|5.86
六国化工|600470|-1.03|34622200|197882896.00|-1.72|0.17|-3.45|5.74|5.70|5.81|5.60|34.62|5.80|31712902|183386960.00|1|0.0000|0.0000|0.0000|0|5.80
华光环能|600475|0.00|4467528|41358736.00|-0.65|0.76|-0.86|9.27|9.21|9.34|9.19|4.47|9.27|7274717|67831072.00|1|0.0000|0.0000|0.0000|0|9.27
湘邮科技|600476|-0.96|2792800|43560040.00|-1.15|0.64|-1.78|15.55|15.52|15.80|15.42|2.79|15.70|2661401|41893084.00|1|0.0000|0.0000|0.0000|0|15.70
杭萧钢构|600477|1.45|17857729|49476552.00|-0.73|1.45|-1.09|2.79|2.73|2.79|2.72|17.86|2.75|10977766|30287068.00|1|0.0000|0.0000|0.0000|0|2.75
科力远|600478|-0.79|28179021|141850112.00|-1.18|0.20|-1.97|5.04|5.02|5.09|4.98|28.18|5.08|24568797|124828864.00|1|0.0000|0.0000|0.0000|0|5.08
千金药业|600479|0.19|4505667|46881284.00|-0.38|0.48|-0.67|10.43|10.37|10.46|10.34|4.51|10.41|4021840|41879628.00|1|0.0000|0.0000|0.0000|0|10.41
凌云股份|600480|-5.22|50253923|841921088.00|-2.08|6.71|-5.34|15.97|16.50|17.98|15.95|50.25|16.85|40880353|670714432.00|1|0.0000|0.0000|0.0000|0|16.85
双良节能|600481|-1.69|19003008|100274504.00|-1.50|0.19|-2.06|5.25|5.26|5.35|5.23|19.00|5.34|13215200|70633880.00|1|0.0000|0.0000|0.0000|0|5.34
中国动力|600482|-0.46|8033355|175110608.00|-0.73|0.00|-0.96|21.82|21.76|21.92|21.71|8.03|21.92|11302165|247793328.00|1|0.0000|0.0000|0.0000|0|21.92
福能股份|600483|2.37|30285055|285161984.00|-0.11|2.69|-0.32|9.50|9.27|9.53|9.25|30.29|9.28|12311561|114545064.00|1|0.0000|0.0000|0.0000|0|9.28
扬农化工|600486|-0.77|2159339|113315264.00|-0.83|0.23|-1.98|52.55|52.52|53.08|51.91|2.16|52.96|1230680|65100056.00|1|0.0000|0.0000|0.0000|0|52.96
亨通光电|600487|-2.48|53128957|860631360.00|-0.97|-0.06|-3.39|16.09|16.34|16.49|15.94|53.13|16.50|35659899|590329664.00|1|0.0000|0.0000|0.0000|0|16.50
津药药业|600488|0.47|7471950|32207796.00|-0.23|1.40|-1.16|4.32|4.29|4.36|4.25|7.47|4.30|8425200|36411140.00|1|0.0000|0.0000|0.0000|0|4.30
中金黄金|600489|-0.51|80602129|1105527424.00|1.69|2.50|-0.66|13.53|13.83|13.94|13.51|80.60|13.60|69499170|954895936.00|1|0.0000|0.0000|0.0000|0|13.60
鹏欣资源|600490|1.37|62484002|231734960.00|1.37|2.73|0.27|3.71|3.71|3.76|3.67|62.48|3.66|43020400|157466144.00|1|0.0000|0.0000|0.0000|0|3.66
龙元建设|600491|1.30|11260200|43755636.00|-0.26|1.55|-0.78|3.91|3.85|3.92|3.83|11.26|3.86|11000100|42313624.00|1|0.0000|0.0000|0.0000|0|3.86
凤竹纺织|600493|0.00|6161602|32193842.00|-1.14|0.57|-2.28|5.27|5.21|5.30|5.15|6.16|5.27|5572100|29307778.00|1|0.0000|0.0000|0.0000|0|5.27
晋西车轴|600495|0.51|16380646|64556900.00|-0.77|1.53|-1.02|3.94|3.89|3.98|3.88|16.38|3.92|11999000|47250196.00|1|0.0000|0.0000|0.0000|0|3.92
精工钢构|600496|1.23|29767504|97784168.00|-0.61|1.53|-0.92|3.30|3.24|3.31|3.23|29.77|3.26|16164100|52597332.00|1|0.0000|0.0000|0.0000|0|3.26
驰宏锌锗|600497|-0.55|56546903|306626976.00|-0.55|-0.18|-1.10|5.43|5.43|5.45|5.40|56.55|5.46|43330723|237021024.00|1|0.0000|0.0000|0.0000|0|5.46
烽火通信|600498|1.86|34510522|792452480.00|0.84|2.97|0.80|22.95|22.72|23.20|22.71|34.51|22.53|13365498|300827200.00|1|0.0000|0.0000|0.0000|0|22.53
科达制造|600499|-1.03|17712482|152195936.00|-1.03|0.00|-2.75|8.64|8.64|8.73|8.49|17.71|8.73|25359290|221594432.00|1|0.0000|0.0000|0.0000|0|8.73
中化国际|600500|0.52|19117780|73522584.00|-1.04|0.78|-1.30|3.87|3.81|3.88|3.80|19.12|3.85|18845623|72791696.00|1|0.0000|0.0000|0.0000|0|3.85
航天晨光|600501|1.04|16185400|304498880.00|-1.42|5.96|-1.48|18.47|18.02|19.37|18.01|16.19|18.28|11799302|215029840.00|1|0.0000|0.0000|0.0000|0|18.28
安徽建工|600502|0.00|24403694|117763776.00|0.42|1.04|-0.42|4.81|4.83|4.86|4.79|24.40|4.81|21441418|103370488.00|1|0.0000|0.0000|0.0000|0|4.81
华丽家族|600503|0.80|21147037|53011588.00|-0.80|1.61|-1.20|2.51|2.47|2.53|2.46|21.15|2.49|17185900|42943204.00|1|0.0000|0.0000|0.0000|0|2.49
西昌电力|600505|4.54|32837906|388386208.00|0.09|7.07|-0.09|11.97|11.46|12.26|11.44|32.84|11.45|21480101|248672832.00|1|0.0000|0.0000|0.0000|0|11.45
统一股份|600506|-2.81|19289291|406132672.00|-1.78|2.01|-4.07|20.78|21.00|21.81|20.51|19.29|21.38|27605632|596124928.00|1|0.0000|0.0000|0.0000|0|21.38
方大特钢|600507|0.94|14113945|60612660.00|-0.70|1.17|-0.94|4.31|4.24|4.32|4.23|14.11|4.27|17117509|72730080.00|1|0.0000|0.0000|0.0000|0|4.27
上海能源|600508|0.08|2513002|30512056.00|-0.74|0.58|-0.91|12.15|12.05|12.21|12.03|2.51|12.14|2931767|35581700.00|1|0.0000|0.0000|0.0000|0|12.14
天富能源|600509|0.15|23307801|153002128.00|-1.22|0.91|-1.67|6.58|6.49|6.63|6.46|23.31|6.57|22343000|147152256.00|1|0.0000|0.0000|0.0000|0|6.57
黑牡丹|600510|1.37|7277266|37671272.00|0.00|2.15|-0.78|5.18|5.11|5.22|5.07|7.28|5.11|5715400|29285792.00|1|0.0000|0.0000|0.0000|0|5.11
国药股份|600511|0.80|4454489|134979920.00|-0.47|1.53|-0.63|30.33|29.95|30.55|29.90|4.45|30.09|3638700|109578720.00|1|0.0000|0.0000|0.0000|0|30.09
腾达建设|600512|1.30|22744600|52787652.00|-0.87|1.74|-0.87|2.33|2.28|2.34|2.28|22.74|2.30|11381300|26208196.00|1|0.0000|0.0000|0.0000|0|2.30
联环药业|600513|0.48|16309178|171026000.00|0.10|1.82|-0.38|10.47|10.43|10.61|10.38|16.31|10.42|26458371|277380672.00|1|0.0000|0.0000|0.0000|0|10.42
海南机场|600515|0.83|59635649|217076288.00|-0.83|1.66|-1.11|3.64|3.58|3.67|3.57|59.64|3.61|37561272|135915248.00|1|0.0000|0.0000|0.0000|0|3.61
方大炭素|600516|0.00|11997469|60310368.00|-0.60|0.60|-0.80|5.03|5.00|5.06|4.99|12.00|5.03|9028966|45432148.00|1|0.0000|0.0000|0.0000|0|5.03
国网英大|600517|0.00|15298861|77890288.00|-0.59|0.79|-1.18|5.09|5.06|5.13|5.03|15.30|5.09|19024222|96210016.00|1|0.0000|0.0000|0.0000|0|5.09
康美药业|600518|0.00|129385369|273294080.00|-0.95|0.95|-0.95|2.11|2.09|2.13|2.09|129.39|2.11|87586302|185601408.00|1|0.0000|0.0000|0.0000|0|2.11
贵州茅台|600519|1.28|3548050|5557442048.00|-1.23|2.39|-1.29|1568.88|1530.00|1586.00|1529.01|3.55|1549.02|2167401|3371883008.00|1|0.0000|0.0000|0.0000|0|1549.02
三佳科技|600520|0.03|3155101|97611216.00|-0.45|1.62|-0.71|30.83|30.68|31.32|30.60|3.16|30.82|2448500|75742024.00|1|0.0000|0.0000|0.0000|0|30.82
华海药业|600521|-0.67|19811756|323012672.00|-1.04|1.28|-1.28|16.25|16.19|16.57|16.15|19.81|16.36|20086060|330583520.00|1|0.0000|0.0000|0.0000|0|16.36
中天科技|600522|-1.80|54759343|776817792.00|-1.11|-0.28|-2.78|14.15|14.25|14.37|14.01|54.76|14.41|41989401|607319936.00|1|0.0000|0.0000|0.0000|0|14.41
贵航股份|600523|-1.51|4100700|51179772.00|-0.48|0.48|-2.14|12.42|12.55|12.67|12.34|4.10|12.61|3370359|42671004.00|1|0.0000|0.0000|0.0000|0|12.61
ST长园|600525|-0.76|14889620|58987348.00|-1.01|1.01|-1.01|3.94|3.93|4.01|3.93|14.89|3.97|16880800|67432448.00|1|0.0000|0.0000|0.0000|0|3.97
菲达环保|600526|-0.60|9609420|47639032.00|-0.60|0.20|-1.40|4.96|4.96|5.00|4.92|9.61|4.99|7650100|38304400.00|1|0.0000|0.0000|0.0000|0|4.99
江南高纤|600527|0.94|23422740|50034192.00|-0.47|0.94|-0.94|2.15|2.12|2.15|2.11|23.42|2.13|18226660|38810660.00|1|0.0000|0.0000|0.0000|0|2.13
中铁工业|600528|0.73|15428743|128233864.00|-0.73|1.33|-0.85|8.32|8.20|8.37|8.19|15.43|8.26|11739007|97107960.00|1|0.0000|0.0000|0.0000|0|8.26
山东药玻|600529|-0.55|6316604|148737872.00|-0.76|0.21|-1.31|23.55|23.50|23.73|23.37|6.32|23.68|5998700|142153792.00|1|0.0000|0.0000|0.0000|0|23.68
交大昂立|600530|0.61|5234799|25533584.00|-0.20|1.02|-1.23|4.91|4.87|4.93|4.82|5.23|4.88|4946299|24273370.00|1|0.0000|0.0000|0.0000|0|4.88
豫光金铅|600531|-1.93|26170600|187930144.00|-1.10|0.55|-2.20|7.12|7.18|7.30|7.10|26.17|7.26|18591018|135321200.00|1|0.0000|0.0000|0.0000|0|7.26
栖霞建设|600533|0.92|18775200|41292032.00|0.00|1.83|-0.46|2.20|2.18|2.22|2.17|18.78|2.18|18102035|39717516.00|1|0.0000|0.0000|0.0000|0|2.18
天士力|600535|0.84|13741427|213521600.00|-0.65|1.10|-0.71|15.60|15.37|15.64|15.36|13.74|15.47|12295100|190447584.00|1|0.0000|0.0000|0.0000|0|15.47
中国软件|600536|3.29|31527914|1411333376.00|-0.88|5.12|-0.88|44.56|42.76|45.35|42.76|31.53|43.14|7248825|312366720.00|1|0.0000|0.0000|0.0000|0|43.14
亿晶光电|600537|-0.62|49063300|156360464.00|0.00|0.93|-2.48|3.20|3.22|3.25|3.14|49.06|3.22|84840630|274300256.00|1|0.0000|0.0000|0.0000|0|3.22
国发股份|600538|-1.46|8534200|46239720.00|-0.55|0.55|-2.01|5.39|5.44|5.50|5.36|8.53|5.47|8588201|47434356.00|1|0.0000|0.0000|0.0000|0|5.47
狮头股份|600539|0.00|4283500|45946312.00|-1.21|0.74|-1.77|10.76|10.63|10.84|10.57|4.28|10.76|8087200|87730456.00|1|0.0000|0.0000|0.0000|0|10.76
新赛股份|600540|10.08|29122162|121458704.00|0.00|10.08|-0.52|4.26|3.87|4.26|3.85|29.12|3.87|4674700|18163032.00|1|0.0000|0.0000|0.0000|0|3.87
莫高股份|600543|0.21|3818600|18125470.00|-1.26|0.84|-1.26|4.76|4.69|4.79|4.69|3.82|4.75|2999600|14273362.00|1|0.0000|0.0000|0.0000|0|4.75
卓郎智能|600545|0.00|20921900|47698168.00|-0.88|1.32|-2.63|2.28|2.26|2.31|2.22|20.92|2.28|19795000|45374488.00|1|0.0000|0.0000|0.0000|0|2.28
山煤国际|600546|-0.46|8672300|94153720.00|-0.73|-0.27|-1.28|10.89|10.86|10.91|10.80|8.67|10.94|9447404|103251656.00|1|0.0000|0.0000|0.0000|0|10.94
山东黄金|600547|1.04|42803846|1128927232.00|1.77|2.85|0.77|26.19|26.38|26.66|26.12|42.80|25.92|26875992|703920320.00|1|0.0000|0.0000|0.0000|0|25.92
深高速|600548|1.62|6578400|73725520.00|-0.09|2.53|-0.90|11.26|11.07|11.36|10.98|6.58|11.08|5366000|59761564.00|1|0.0000|0.0000|0.0000|0|11.08
厦门钨业|600549|-0.20|15956051|310975840.00|1.18|1.18|-1.13|19.51|19.78|19.78|19.33|15.96|19.55|8609050|168687824.00|1|0.0000|0.0000|0.0000|0|19.55
保变电气|600550|-0.46|61166815|536462528.00|-1.25|1.82|-1.82|8.73|8.66|8.93|8.61|61.17|8.77|77955557|687857024.00|1|0.0000|0.0000|0.0000|0|8.77
时代出版|600551|0.96|4581479|38567908.00|-0.84|1.44|-1.20|8.44|8.29|8.48|8.26|4.58|8.36|3549510|29737914.00|1|0.0000|0.0000|0.0000|0|8.36
凯盛科技|600552|-1.44|15869200|184805024.00|-1.95|0.34|-2.21|11.61|11.55|11.82|11.52|15.87|11.78|16322200|192756224.00|1|0.0000|0.0000|0.0000|0|11.78
天下秀|600556|0.79|34944318|176765984.00|-0.99|1.39|-1.79|5.08|4.99|5.11|4.95|34.94|5.04|23658600|119341192.00|1|0.0000|0.0000|0.0000|0|5.04
康缘药业|600557|-4.80|20654655|287037408.00|-3.23|-3.23|-6.11|13.87|14.10|14.10|13.68|20.65|14.57|6975198|102243656.00|1|0.0000|0.0000|0.0000|0|14.57
大西洋|600558|0.40|55311713|277774848.00|-1.41|4.04|-2.02|4.97|4.88|5.15|4.85|55.31|4.95|51870868|256876592.00|1|0.0000|0.0000|0.0000|0|4.95
老白干酒|600559|0.70|13190290|245515360.00|-0.43|1.57|-0.43|18.60|18.39|18.76|18.39|13.19|18.47|8740400|161686352.00|1|0.0000|0.0000|0.0000|0|18.47
金自天正|600560|-0.56|4193700|67698624.00|-1.30|1.30|-1.48|16.08|15.96|16.38|15.93|4.19|16.17|3863700|62599300.00|1|0.0000|0.0000|0.0000|0|16.17
江西长运|600561|0.18|3920299|22233154.00|0.00|0.35|-1.41|5.70|5.69|5.71|5.61|3.92|5.69|2832800|16190647.00|1|0.0000|0.0000|0.0000|0|5.69
国睿科技|600562|-1.85|4849224|98150704.00|0.00|0.88|-2.93|20.13|20.51|20.69|19.91|4.85|20.51|4176450|85621408.00|1|0.0000|0.0000|0.0000|0|20.51
法拉电子|600563|-3.47|2577475|273576256.00|-0.71|-0.43|-3.76|105.00|108.01|108.31|104.69|2.58|108.78|1949944|212041920.00|1|0.0000|0.0000|0.0000|0|108.78
济川药业|600566|-0.64|5188076|145047824.00|-0.57|0.61|-0.79|27.84|27.86|28.19|27.80|5.19|28.02|5281660|148762944.00|1|0.0000|0.0000|0.0000|0|28.02
山鹰国际|600567|-0.56|106364759|190509712.00|-1.11|1.11|-2.22|1.79|1.78|1.82|1.76|106.36|1.80|89329706|160674000.00|1|0.0000|0.0000|0.0000|0|1.80
ST中珠|600568|0.73|11918840|16137276.00|-1.46|0.73|-2.92|1.38|1.35|1.38|1.33|11.92|1.37|11848300|16173727.00|1|0.0000|0.0000|0.0000|0|1.37
安阳钢铁|600569|1.10|13088561|23910850.00|-0.55|1.10|-1.10|1.84|1.81|1.84|1.80|13.09|1.82|7433400|13535891.00|1|0.0000|0.0000|0.0000|0|1.82
恒生电子|600570|-1.04|19331026|535818944.00|-1.08|0.79|-1.26|27.56|27.55|28.07|27.50|19.33|27.85|18401145|511499904.00|1|0.0000|0.0000|0.0000|0|27.85
信雅达|600571|-3.12|119328927|2099172096.00|-7.02|-0.44|-7.46|17.67|16.96|18.16|16.88|119.33|18.24|99734799|1797596160.00|1|0.0000|0.0000|0.0000|0|18.24
康恩贝|600572|0.22|21032686|96650440.00|-0.65|0.87|-0.87|4.60|4.56|4.63|4.55|21.03|4.59|19804600|91046904.00|1|0.0000|0.0000|0.0000|0|4.59
惠泉啤酒|600573|1.40|4805531|55085044.00|0.18|1.58|-1.14|11.57|11.43|11.59|11.28|4.81|11.41|2656111|30286278.00|1|0.0000|0.0000|0.0000|0|11.41
淮河能源|600575|2.63|98008700|340363872.00|-0.58|3.22|-1.46|3.51|3.40|3.53|3.37|98.01|3.42|64176725|218662720.00|1|0.0000|0.0000|0.0000|0|3.42
祥源文旅|600576|-1.20|9417992|86319272.00|-2.73|1.85|-2.73|9.06|8.92|9.34|8.92|9.42|9.17|9797737|89505136.00|1|0.0000|0.0000|0.0000|0|9.17
精达股份|600577|-1.62|68563182|499038848.00|-1.49|0.41|-2.98|7.27|7.28|7.42|7.17|68.56|7.39|70295982|521753792.00|1|0.0000|0.0000|0.0000|0|7.39
京能电力|600578|1.10|26676826|97417848.00|0.28|1.38|-0.55|3.67|3.64|3.68|3.61|26.68|3.63|33252296|121641848.00|1|0.0000|0.0000|0.0000|0|3.63
中化装备|600579|-2.49|18281800|135968048.00|-2.49|-0.39|-4.46|7.44|7.44|7.60|7.29|18.28|7.63|15818500|121462256.00|1|0.0000|0.0000|0.0000|0|7.63
卧龙电驱|600580|-1.27|81427190|2119640832.00|-1.76|1.57|-1.76|25.74|25.61|26.48|25.61|81.43|26.07|90068639|2356390144.00|1|0.0000|0.0000|0.0000|0|26.07
八一钢铁|600581|2.70|35198810|119851584.00|0.00|4.80|-0.90|3.42|3.33|3.49|3.30|35.20|3.33|19590010|65313876.00|1|0.0000|0.0000|0.0000|0|3.33
天地科技|600582|0.00|36160620|231353024.00|-0.31|0.62|-0.94|6.41|6.39|6.45|6.35|36.16|6.41|31662669|203109552.00|1|0.0000|0.0000|0.0000|0|6.41
海油工程|600583|-1.23|46587647|261319392.00|-1.06|-0.53|-1.94|5.61|5.62|5.65|5.57|46.59|5.68|48832998|277249600.00|1|0.0000|0.0000|0.0000|0|5.68
长电科技|600584|-2.44|27634501|958376832.00|-0.71|0.20|-3.29|34.37|34.98|35.30|34.07|27.63|35.23|15112534|531221248.00|1|0.0000|0.0000|0.0000|0|35.23
海螺水泥|600585|0.37|23339250|567510912.00|-0.25|2.78|-0.42|24.16|24.01|24.74|23.97|23.34|24.07|11079428|267634512.00|1|0.0000|0.0000|0.0000|0|24.07
金晶科技|600586|0.59|13395000|68142328.00|-0.79|0.79|-0.99|5.10|5.03|5.11|5.02|13.40|5.07|24046862|122606272.00|1|0.0000|0.0000|0.0000|0|5.07
新华医疗|600587|-0.42|6620952|108990696.00|-0.79|0.61|-0.79|16.41|16.35|16.58|16.35|6.62|16.48|8826149|145060480.00|1|0.0000|0.0000|0.0000|0|16.48
用友网络|600588|-1.20|37531435|560125120.00|-1.20|0.60|-1.47|14.81|14.81|15.08|14.77|37.53|14.99|37198111|556962880.00|1|0.0000|0.0000|0.0000|0|14.99
大位科技|600589|-0.83|219208600|1564299904.00|-5.10|2.48|-5.10|7.19|6.88|7.43|6.88|219.21|7.25|212147900|1562758528.00|1|0.0000|0.0000|0.0000|0|7.25
泰豪科技|600590|-4.60|71324483|689814080.00|-1.60|-0.70|-5.59|9.55|9.85|9.94|9.45|71.32|10.01|97531960|997511552.00|0|0.0000|0.0000|0.0000|0|10.01
龙溪股份|600592|1.96|55739500|1057486720.00|-1.63|6.52|-2.17|18.76|18.10|19.60|18.00|55.74|18.40|42029600|788169024.00|1|0.0000|0.0000|0.0000|0|18.40
大连圣亚|600593|10.01|16625681|548734464.00|-1.28|10.01|-1.80|34.28|30.76|34.28|30.60|16.63|31.16|12964720|409495488.00|1|0.0000|0.0000|0.0000|0|31.16
益佰制药|600594|0.56|12481600|44705136.00|-1.13|2.25|-1.13|3.57|3.51|3.63|3.51|12.48|3.55|11296000|40318620.00|1|0.0000|0.0000|0.0000|0|3.55
中孚实业|600595|-2.74|56555481|222396000.00|0.00|0.00|-3.23|3.91|4.02|4.02|3.89|56.56|4.02|31758238|128296528.00|1|0.0000|0.0000|0.0000|0|4.02
新安股份|600596|-0.12|7290249|60699032.00|-0.60|0.48|-1.08|8.35|8.31|8.40|8.27|7.29|8.36|6229030|52179296.00|1|0.0000|0.0000|0.0000|0|8.36
光明乳业|600597|0.96|12021913|101053936.00|-0.60|1.20|-0.72|8.44|8.31|8.46|8.30|12.02|8.36|7125200|59559192.00|1|0.0000|0.0000|0.0000|0|8.36
北大荒|600598|2.30|36061494|512048800.00|0.50|3.09|0.50|14.25|14.00|14.36|14.00|36.06|13.93|9184991|127574496.00|1|0.0000|0.0000|0.0000|0|13.93
*ST熊猫|600599|0.70|702902|7041631.00|-0.40|2.30|-0.80|10.05|9.94|10.21|9.90|0.70|9.98|837000|8332378.00|1|0.0000|0.0000|0.0000|0|9.98
青岛啤酒|600600|1.54|5939352|471094656.00|-0.57|1.89|-0.64|79.72|78.06|79.99|78.01|5.94|78.51|3487088|274018784.00|1|0.0000|0.0000|0.0000|0|78.51
方正科技|600601|-1.24|64459135|309984960.00|-1.86|1.03|-2.69|4.78|4.75|4.89|4.71|64.46|4.84|50104106|243697680.00|1|0.0000|0.0000|0.0000|0|4.84
云赛智联|600602|1.17|49961725|1158221568.00|-1.82|2.56|-2.22|23.29|22.60|23.61|22.51|49.96|23.02|40194045|933527360.00|1|0.0000|0.0000|0.0000|0|23.02
广汇物流|600603|-2.19|4683900|33471512.00|-0.82|-0.68|-3.01|7.14|7.24|7.25|7.08|4.68|7.30|4461100|32859116.00|1|0.0000|0.0000|0.0000|0|7.30
市北高新|600604|0.43|7858597|37072572.00|-0.85|1.71|-1.49|4.71|4.65|4.77|4.62|7.86|4.69|6482001|30466266.00|1|0.0000|0.0000|0.0000|0|4.69
汇通能源|600605|-3.42|2647633|91864128.00|-0.51|0.85|-3.93|34.18|35.21|35.69|34.00|2.65|35.39|1440800|51330328.00|1|0.0000|0.0000|0.0000|0|35.39
绿地控股|600606|1.11|53993372|98240328.00|-0.56|2.22|-1.11|1.82|1.79|1.84|1.78|53.99|1.80|26786848|48472276.00|1|0.0000|0.0000|0.0000|0|1.80
*ST沪科|600608|-0.91|1859892|6038759.00|-0.30|0.61|-2.13|3.25|3.27|3.30|3.21|1.86|3.28|2748110|9087558.00|1|0.0000|0.0000|0.0000|0|3.28
金杯汽车|600609|-5.88|46377686|269135424.00|-1.47|-1.14|-8.82|5.76|6.03|6.05|5.58|46.38|6.12|14444950|88035632.00|1|0.0000|0.0000|0.0000|0|6.12
中毅达|600610|7.37|140906942|1251541248.00|-1.84|9.91|-3.69|9.32|8.52|9.54|8.36|140.91|8.68|153363776|1299837312.00|1|0.0000|0.0000|0.0000|0|8.68
大众交通|600611|-0.79|23815083|149095104.00|-1.11|0.32|-1.59|6.25|6.23|6.32|6.20|23.82|6.30|19117312|121284984.00|1|0.0000|0.0000|0.0000|0|6.30
老凤祥|600612|-0.16|1171400|60210352.00|-0.89|0.43|-1.09|51.51|51.13|51.81|51.03|1.17|51.59|2112742|108858248.00|1|0.0000|0.0000|0.0000|0|51.59
神奇制药|600613|1.09|6856200|44626672.00|-0.62|1.55|-0.93|6.52|6.41|6.55|6.39|6.86|6.45|6030600|38989536.00|1|0.0000|0.0000|0.0000|0|6.45
鑫源智造|600615|-0.73|1986244|24284774.00|-0.41|0.41|-2.19|12.23|12.27|12.37|12.05|1.99|12.32|2208605|27384494.00|1|0.0000|0.0000|0.0000|0|12.32
金枫酒业|600616|0.54|17843101|99010336.00|-1.27|1.99|-1.45|5.55|5.45|5.63|5.44|17.84|5.52|20617696|113870520.00|1|0.0000|0.0000|0.0000|0|5.52
国新能源|600617|0.81|14875739|37053388.00|-0.81|1.21|-0.81|2.50|2.46|2.51|2.46|14.88|2.48|8802020|21951326.00|1|0.0000|0.0000|0.0000|0|2.48
氯碱化工|600618|-0.71|9918484|97015960.00|-0.81|-0.20|-2.42|9.84|9.83|9.89|9.67|9.92|9.91|6618805|65755188.00|1|0.0000|0.0000|0.0000|0|9.91
海立股份|600619|-5.75|66142964|873991936.00|-2.40|-0.15|-6.76|12.96|13.42|13.73|12.82|66.14|13.75|77719054|1074476160.00|1|0.0000|0.0000|0.0000|0|13.75
天宸股份|600620|0.39|4506427|23018824.00|-1.38|1.18|-1.38|5.11|5.02|5.15|5.02|4.51|5.09|4246900|21571296.00|1|0.0000|0.0000|0.0000|0|5.09
华鑫股份|600621|-0.63|9949727|140823008.00|-1.48|0.56|-1.48|14.12|14.00|14.29|14.00|9.95|14.21|7661403|108886664.00|1|0.0000|0.0000|0.0000|0|14.21
光大嘉宝|600622|1.74|48001069|140746336.00|-1.05|4.18|-1.39|2.92|2.84|2.99|2.83|48.00|2.87|28511093|82134936.00|1|0.0000|0.0000|0.0000|0|2.87
华谊集团|600623|-0.95|11817561|85757840.00|-0.82|0.00|-1.77|7.26|7.27|7.33|7.20|11.82|7.33|9914121|72831120.00|1|0.0000|0.0000|0.0000|0|7.33
ST复华|600624|-1.25|12961385|92858072.00|-1.11|0.83|-1.66|7.12|7.13|7.27|7.09|12.96|7.21|13627647|98855496.00|1|0.0000|0.0000|0.0000|0|7.21
申达股份|600626|0.00|8719000|32184576.00|-0.54|0.54|-1.35|3.70|3.68|3.72|3.65|8.72|3.70|6669320|24663736.00|1|0.0000|0.0000|0.0000|0|3.70
新世界|600628|1.63|8375420|62433556.00|-0.81|2.17|-1.22|7.49|7.31|7.53|7.28|8.38|7.37|5012209|36986660.00|1|0.0000|0.0000|0.0000|0|7.37
华建集团|600629|-1.25|10647528|84549976.00|-0.75|0.37|-2.24|7.92|7.96|8.05|7.84|10.65|8.02|14723457|118193856.00|1|0.0000|0.0000|0.0000|0|8.02
龙头股份|600630|-0.69|6767108|58828344.00|-1.71|0.11|-1.71|8.69|8.60|8.76|8.60|6.77|8.75|6548300|57479232.00|1|0.0000|0.0000|0.0000|0|8.75
浙数文化|600633|-0.74|19106753|256269520.00|-1.04|0.74|-1.56|13.36|13.32|13.56|13.25|19.11|13.46|23093227|311801856.00|1|0.0000|0.0000|0.0000|0|13.46
大众公用|600635|0.53|19927232|75519544.00|-0.53|0.79|-1.06|3.80|3.76|3.81|3.74|19.93|3.78|15079108|57112532.00|1|0.0000|0.0000|0.0000|0|3.78
*ST国化|600636|-0.43|4665200|31996982.00|-1.01|0.14|-1.45|6.87|6.83|6.91|6.80|4.67|6.90|3846040|26644750.00|1|0.0000|0.0000|0.0000|0|6.90
东方明珠|600637|0.39|15865589|123311720.00|-0.65|0.90|-1.03|7.78|7.70|7.82|7.67|15.87|7.75|11740661|90936936.00|1|0.0000|0.0000|0.0000|0|7.75
新黄浦|600638|0.99|5289200|26963972.00|-0.59|1.58|-0.79|5.11|5.03|5.14|5.02|5.29|5.06|2945947|14908963.00|1|0.0000|0.0000|0.0000|0|5.06
浦东金桥|600639|1.34|6422508|72602432.00|-0.36|1.34|-0.54|11.36|11.17|11.36|11.15|6.42|11.21|4123800|46409380.00|1|0.0000|0.0000|0.0000|0|11.21
国脉文化|600640|0.17|5702876|69047032.00|-1.99|1.58|-1.99|12.06|11.80|12.23|11.80|5.70|12.04|4580423|55403612.00|1|0.0000|0.0000|0.0000|0|12.04
先导基电|600641|0.53|15258539|230639088.00|-0.66|2.26|-1.26|15.13|14.95|15.39|14.86|15.26|15.05|9181700|138554144.00|1|0.0000|0.0000|0.0000|0|15.05
申能股份|600642|1.20|19093096|176014816.00|-0.11|1.42|-0.66|9.26|9.14|9.28|9.09|19.09|9.15|20796001|190060912.00|1|0.0000|0.0000|0.0000|0|9.15
爱建集团|600643|1.41|16340683|81832480.00|-0.81|2.22|-1.01|5.02|4.91|5.06|4.90|16.34|4.95|11097943|54715340.00|1|0.0000|0.0000|0.0000|0|4.95
乐山电力|600644|3.06|27855802|194537808.00|-1.17|3.21|-1.60|7.07|6.78|7.08|6.75|27.86|6.86|18021508|123717448.00|1|0.0000|0.0000|0.0000|0|6.86
中源协和|600645|-1.66|20436514|497307552.00|-1.58|4.40|-1.87|23.70|23.72|25.16|23.65|20.44|24.10|15354123|370260352.00|1|0.0000|0.0000|0.0000|0|24.10
外高桥|600648|-0.08|4641352|55747040.00|-1.08|0.83|-1.08|12.01|11.89|12.12|11.89|4.64|12.02|5707087|68422112.00|1|0.0000|0.0000|0.0000|0|12.02
城投控股|600649|1.14|38764859|174624000.00|-0.45|5.00|-0.45|4.45|4.38|4.62|4.38|38.76|4.40|18198210|79732640.00|1|0.0000|0.0000|0.0000|0|4.40
锦江在线|600650|-0.43|3108318|43089080.00|-0.72|0.29|-1.37|13.84|13.80|13.94|13.71|3.11|13.90|2770400|38437752.00|1|0.0000|0.0000|0.0000|0|13.90
飞乐音响|600651|-0.48|15224396|63955320.00|-0.48|1.43|-0.95|4.18|4.18|4.26|4.16|15.22|4.20|9161164|38399848.00|1|0.0000|0.0000|0.0000|0|4.20
申华控股|600653|0.50|24984120|50039828.00|-0.50|1.00|-1.00|2.01|1.99|2.02|1.98|24.98|2.00|19687172|39628248.00|1|0.0000|0.0000|0.0000|0|2.00
中安科|600654|0.63|18644305|59489624.00|-0.94|1.26|-0.94|3.20|3.15|3.22|3.15|18.64|3.18|16551366|52930052.00|1|0.0000|0.0000|0.0000|0|3.18
豫园股份|600655|0.53|10326615|58496236.00|-0.18|1.24|-0.36|5.66|5.62|5.70|5.61|10.33|5.63|9027947|50941916.00|1|0.0000|0.0000|0.0000|0|5.63
信达地产|600657|0.94|16487229|70717376.00|-0.94|2.83|-1.42|4.28|4.20|4.36|4.18|16.49|4.24|8164500|34501400.00|1|0.0000|0.0000|0.0000|0|4.24
电子城|600658|0.24|6863000|28180618.00|-1.22|1.22|-1.22|4.11|4.05|4.15|4.05|6.86|4.10|5040420|20728286.00|1|0.0000|0.0000|0.0000|0|4.10
福耀玻璃|600660|-0.78|11134282|633683136.00|-0.96|-0.02|-1.97|56.90|56.80|57.34|56.22|11.13|57.35|13183901|753306816.00|1|0.0000|0.0000|0.0000|0|57.35
昂立教育|600661|1.27|4545107|46709724.00|-0.59|1.56|-0.98|10.36|10.17|10.39|10.13|4.55|10.23|2786801|28663448.00|1|0.0000|0.0000|0.0000|0|10.23
外服控股|600662|0.74|10510327|57367980.00|-0.55|1.66|-0.74|5.46|5.39|5.51|5.38|10.51|5.42|7652172|41437316.00|1|0.0000|0.0000|0.0000|0|5.42
陆家嘴|600663|1.13|8515999|76356808.00|-0.56|1.69|-0.56|8.98|8.83|9.03|8.83|8.52|8.88|5561225|49237504.00|1|0.0000|0.0000|0.0000|0|8.88
哈药股份|600664|0.00|54112570|201898512.00|-0.81|1.61|-1.08|3.72|3.69|3.78|3.68|54.11|3.72|57270278|213994144.00|1|0.0000|0.0000|0.0000|0|3.72
天地源|600665|1.75|9123332|26337664.00|0.00|2.11|-1.05|2.90|2.85|2.91|2.82|9.12|2.85|6746118|19290424.00|1|0.0000|0.0000|0.0000|0|2.85
奥瑞德|600666|-0.35|43235380|122855944.00|-1.06|1.41|-1.41|2.83|2.81|2.88|2.80|43.24|2.84|45098720|128913624.00|1|0.0000|0.0000|0.0000|0|2.84
太极实业|600667|-0.58|14864198|101504936.00|-1.17|0.73|-1.46|6.82|6.78|6.91|6.76|14.86|6.86|10372920|71333392.00|1|0.0000|0.0000|0.0000|0|6.86
尖峰集团|600668|0.65|5468600|59101288.00|-0.83|1.30|-1.48|10.88|10.72|10.95|10.65|5.47|10.81|5671601|61537112.00|1|0.0000|0.0000|0.0000|0|10.81
天目药业|600671|5.00|4360382|50640780.00|-0.89|5.00|-0.89|11.77|11.11|11.77|11.11|4.36|11.21|1834500|20576344.00|1|0.0000|0.0000|0.0000|0|11.21
东阳光|600673|-2.48|21746785|215278944.00|-0.99|0.30|-2.88|9.82|9.97|10.10|9.78|21.75|10.07|14371409|144424144.00|1|0.0000|0.0000|0.0000|0|10.07
川投能源|600674|3.02|38451678|636624640.00|-0.31|3.27|-0.31|16.70|16.16|16.74|16.16|38.45|16.21|15988605|258688096.00|1|0.0000|0.0000|0.0000|0|16.21
中华企业|600675|1.85|22394539|61276728.00|-0.37|2.22|-0.37|2.75|2.69|2.76|2.69|22.39|2.70|9818308|26514052.00|1|0.0000|0.0000|0.0000|0|2.70
交运股份|600676|0.50|8771118|35662468.00|-1.24|2.23|-1.49|4.06|3.99|4.13|3.98|8.77|4.04|8541600|34383148.00|1|0.0000|0.0000|0.0000|0|4.04
四川金顶|600678|0.42|8029751|56990656.00|-1.83|0.85|-1.97|7.12|6.96|7.15|6.95|8.03|7.09|7172286|51005656.00|1|0.0000|0.0000|0.0000|0|7.09
上海凤凰|600679|-0.80|4665100|58006940.00|-0.96|0.24|-1.76|12.42|12.40|12.55|12.30|4.67|12.52|5080250|63820324.00|1|0.0000|0.0000|0.0000|0|12.52
百川能源|600681|0.88|12925702|44112572.00|-0.29|1.18|-0.59|3.42|3.38|3.43|3.37|12.93|3.39|6550200|22247654.00|1|0.0000|0.0000|0.0000|0|3.39
南京新百|600682|1.39|11119000|72835280.00|-0.93|2.16|-1.08|6.56|6.41|6.61|6.40|11.12|6.47|7090572|45848836.00|1|0.0000|0.0000|0.0000|0|6.47
京投发展|600683|2.14|8667800|32884842.00|-0.27|2.68|-0.80|3.81|3.72|3.83|3.70|8.67|3.73|7048028|26304508.00|1|0.0000|0.0000|0.0000|0|3.73
珠江股份|600684|1.45|15278124|53424800.00|-0.29|2.91|-0.87|3.49|3.43|3.54|3.41|15.28|3.44|8124340|28040892.00|1|0.0000|0.0000|0.0000|0|3.44
中船防务|600685|-0.47|5800281|133624944.00|-0.73|0.04|-1.08|23.05|22.99|23.17|22.91|5.80|23.16|6742866|156663376.00|1|0.0000|0.0000|0.0000|0|23.16
金龙汽车|600686|-5.50|32430800|430607008.00|-2.24|-1.01|-5.87|13.05|13.50|13.67|13.00|32.43|13.81|18691100|257741984.00|1|0.0000|0.0000|0.0000|0|13.81
上海石化|600688|0.30|20135466|67834456.00|-0.59|0.59|-0.89|3.38|3.35|3.39|3.34|20.14|3.37|21822021|73571368.00|1|0.0000|0.0000|0.0000|0|3.37
上海三毛|600689|0.95|5560610|64806704.00|-0.69|2.07|-1.64|11.72|11.53|11.85|11.42|5.56|11.61|5396941|62541936.00|1|0.0000|0.0000|0.0000|0|11.61
海尔智家|600690|-3.03|67828093|1783119360.00|-1.92|-1.78|-3.40|26.20|26.50|26.54|26.10|67.83|27.02|24772521|670403584.00|1|0.0000|0.0000|0.0000|0|27.02
潞化科技|600691|1.44|14636376|30635114.00|-0.48|1.92|-1.44|2.11|2.07|2.12|2.05|14.64|2.08|14428416|30087774.00|1|0.0000|0.0000|0.0000|0|2.08
亚通股份|600692|0.51|6205000|48748884.00|-1.14|0.63|-2.03|7.93|7.80|7.94|7.73|6.21|7.89|7618561|61019988.00|1|0.0000|0.0000|0.0000|0|7.89
东百集团|600693|3.89|77914200|478959136.00|-1.69|6.42|-2.03|6.15|5.82|6.30|5.80|77.91|5.92|30872600|184170048.00|1|0.0000|0.0000|0.0000|0|5.92
大商股份|600694|0.65|2223364|55099840.00|-0.49|1.79|-0.97|24.80|24.52|25.08|24.40|2.22|24.64|1859926|45793828.00|1|0.0000|0.0000|0.0000|0|24.64
*ST岩石|600696|0.33|10861401|99692608.00|-0.99|3.09|-1.43|9.10|8.98|9.35|8.94|10.86|9.07|13084502|119625928.00|1|0.0000|0.0000|0.0000|0|9.07
欧亚集团|600697|0.81|2295600|25565028.00|-1.08|1.44|-1.08|11.17|10.96|11.24|10.96|2.30|11.08|1524500|16888192.00|1|0.0000|0.0000|0.0000|0|11.08
湖南天雁|600698|-1.15|20082465|121298904.00|-1.15|0.99|-2.30|6.02|6.02|6.15|5.95|20.08|6.09|37776300|234387136.00|1|0.0000|0.0000|0.0000|0|6.09
均胜电子|600699|-3.03|22267995|387671296.00|-1.85|-0.22|-3.81|17.29|17.50|17.79|17.15|22.27|17.83|13645249|242855632.00|1|0.0000|0.0000|0.0000|0|17.83
舍得酒业|600702|4.89|17811730|1045553792.00|-0.86|8.10|-1.02|58.82|55.60|60.62|55.51|17.81|56.08|5141020|287201664.00|1|0.0000|0.0000|0.0000|0|56.08
三安光电|600703|-1.25|22547549|267310432.00|-0.84|0.25|-1.67|11.82|11.87|12.00|11.77|22.55|11.97|14718719|176415264.00|1|0.0000|0.0000|0.0000|0|11.97
物产中大|600704|0.19|33483362|172294944.00|-0.78|0.58|-0.97|5.16|5.11|5.18|5.10|33.48|5.15|32864111|169432736.00|1|0.0000|0.0000|0.0000|0|5.15
曲江文旅|600706|1.68|10528900|107678728.00|-1.19|2.87|-1.88|10.27|9.98|10.39|9.91|10.53|10.10|6209800|62920568.00|1|0.0000|0.0000|0.0000|0|10.10
彩虹股份|600707|-1.84|21639306|162145104.00|-0.92|-0.26|-2.63|7.46|7.53|7.58|7.40|21.64|7.60|19773200|150552896.00|1|0.0000|0.0000|0.0000|0|7.60
光明地产|600708|-0.31|13819114|45105192.00|-0.92|1.84|-1.53|3.25|3.23|3.32|3.21|13.82|3.26|15367433|50059444.00|1|0.0000|0.0000|0.0000|0|3.26
苏美达|600710|-1.68|13375576|133704584.00|-0.99|-0.10|-1.98|9.95|10.02|10.11|9.92|13.38|10.12|13274930|134127160.00|1|0.0000|0.0000|0.0000|0|10.12
盛屯矿业|600711|-0.17|55142188|318096576.00|-1.20|0.17|-1.72|5.80|5.74|5.82|5.71|55.14|5.81|80390195|466239168.00|1|0.0000|0.0000|0.0000|0|5.81
南宁百货|600712|1.93|12022300|63118920.00|-1.16|3.09|-1.35|5.27|5.11|5.33|5.10|12.02|5.17|9704800|50404848.00|1|0.0000|0.0000|0.0000|0|5.17
南京医药|600713|0.59|11732413|59964724.00|-0.59|0.78|-0.98|5.13|5.07|5.14|5.05|11.73|5.10|10797131|54972028.00|1|0.0000|0.0000|0.0000|0|5.10
金瑞矿业|600714|0.55|6669800|73201704.00|-1.45|0.91|-2.55|11.06|10.84|11.10|10.72|6.67|11.00|7150482|78414000.00|1|0.0000|0.0000|0.0000|0|11.00
文投控股|600715|1.42|18298230|39014096.00|0.47|1.42|-0.47|2.15|2.13|2.15|2.11|18.30|2.12|9602900|20369444.00|1|0.0000|0.0000|0.0000|0|2.12
凤凰股份|600716|2.13|11838330|39467240.00|-0.91|2.74|-1.22|3.36|3.26|3.38|3.25|11.84|3.29|10581900|35123480.00|1|0.0000|0.0000|0.0000|0|3.29
天津港|600717|1.69|24659594|117787232.00|-0.42|1.91|-0.85|4.80|4.70|4.81|4.68|24.66|4.72|10702116|50649976.00|1|0.0000|0.0000|0.0000|0|4.72
东软集团|600718|-2.18|20907200|236095456.00|-1.05|0.44|-2.53|11.20|11.33|11.50|11.16|20.91|11.45|23013400|262796368.00|1|0.0000|0.0000|0.0000|0|11.45
大连热电|600719|0.60|13312100|89328864.00|-0.60|1.49|-1.05|6.73|6.65|6.79|6.62|13.31|6.69|12664100|84852848.00|1|0.0000|0.0000|0.0000|0|6.69
中交设计|600720|-0.24|4939903|41906292.00|-0.35|0.59|-0.82|8.48|8.47|8.55|8.43|4.94|8.50|4669484|39863548.00|1|0.0000|0.0000|0.0000|0|8.50
百花医药|600721|0.96|54452502|398844064.00|-1.37|3.01|-1.92|7.38|7.21|7.53|7.17|54.45|7.31|78002156|575231808.00|1|0.0000|0.0000|0.0000|0|7.31
金牛化工|600722|-0.19|12211700|63516588.00|-0.96|0.77|-1.72|5.21|5.17|5.26|5.13|12.21|5.22|15573901|81508704.00|1|0.0000|0.0000|0.0000|0|5.22
宁波富达|600724|0.63|7546400|36050360.00|-0.42|1.26|-0.84|4.78|4.73|4.81|4.71|7.55|4.75|3634500|17270432.00|1|0.0000|0.0000|0.0000|0|4.75
云维股份|600725|1.56|25025090|80963832.00|-1.56|2.80|-2.49|3.26|3.16|3.30|3.13|25.03|3.21|19238405|62177320.00|1|0.0000|0.0000|0.0000|0|3.21
华电能源|600726|1.32|28587899|65685008.00|-0.44|1.75|-0.88|2.31|2.27|2.32|2.26|28.59|2.28|22432500|51298100.00|1|0.0000|0.0000|0.0000|0|2.28
鲁北化工|600727|5.20|77429082|635416320.00|-2.23|9.03|-4.21|8.50|7.90|8.81|7.74|77.43|8.08|37497700|304834624.00|1|0.0000|0.0000|0.0000|0|8.08
佳都科技|600728|-0.79|26641800|135010320.00|-1.77|0.79|-1.77|5.05|5.00|5.13|5.00|26.64|5.09|24382700|124378304.00|1|0.0000|0.0000|0.0000|0|5.09
重庆百货|600729|1.83|3843984|117534400.00|-0.67|3.57|-0.87|30.56|29.81|31.08|29.75|3.84|30.01|1813100|54257508.00|1|0.0000|0.0000|0.0000|0|30.01
中国高科|600730|0.92|10597400|69641336.00|-0.76|1.37|-1.07|6.61|6.50|6.64|6.48|10.60|6.55|7788500|51159204.00|1|0.0000|0.0000|0.0000|0|6.55
湖南海利|600731|1.68|16644350|109845024.00|-3.06|3.22|-3.06|6.64|6.33|6.74|6.33|16.64|6.53|13856240|90756456.00|1|0.0000|0.0000|0.0000|0|6.53
爱旭股份|600732|-1.16|24718382|298123872.00|-1.74|1.57|-3.23|11.95|11.88|12.28|11.70|24.72|12.09|18394590|222704336.00|1|0.0000|0.0000|0.0000|0|12.09
北汽蓝谷|600733|-3.31|143846921|1232366848.00|-1.37|-0.23|-3.65|8.48|8.65|8.75|8.45|143.85|8.77|194718911|1710151168.00|1|0.0000|0.0000|0.0000|0|8.77
实达集团|600734|-1.51|44248100|202922992.00|-1.30|0.65|-2.16|4.56|4.57|4.66|4.53|44.25|4.63|68227873|316083744.00|1|0.0000|0.0000|0.0000|0|4.63
ST新华锦|600735|0.18|23271801|129724672.00|-0.54|3.05|-3.23|5.59|5.55|5.75|5.40|23.27|5.58|7480000|41607760.00|1|0.0000|0.0000|0.0000|0|5.58
苏州高新|600736|-0.18|7315702|41360364.00|-1.59|1.06|-1.77|5.65|5.57|5.72|5.56|7.32|5.66|6234661|35352820.00|1|0.0000|0.0000|0.0000|0|5.66
中粮糖业|600737|1.24|18173404|177331376.00|-0.41|1.45|-0.72|9.80|9.64|9.82|9.61|18.17|9.68|8928741|86488496.00|1|0.0000|0.0000|0.0000|0|9.68
丽尚国潮|600738|1.04|11618090|56618812.00|-1.86|2.28|-1.86|4.88|4.74|4.94|4.74|11.62|4.83|8470001|41195480.00|1|0.0000|0.0000|0.0000|0|4.83
辽宁成大|600739|-0.19|7949217|84305120.00|-0.85|0.66|-0.94|10.60|10.53|10.69|10.52|7.95|10.62|7826115|83362024.00|1|0.0000|0.0000|0.0000|0|10.62
山西焦化|600740|0.79|11803838|45035672.00|-0.53|1.05|-1.05|3.83|3.78|3.84|3.76|11.80|3.80|9100862|34659796.00|1|0.0000|0.0000|0.0000|0|3.80
华域汽车|600741|-1.39|13251040|234567040.00|-0.83|0.00|-2.34|17.72|17.82|17.97|17.55|13.25|17.97|11871401|213173184.00|1|0.0000|0.0000|0.0000|0|17.97
富维股份|600742|-0.76|4351952|39532312.00|-0.98|0.11|-1.64|9.09|9.07|9.17|9.01|4.35|9.16|6203120|56537028.00|1|0.0000|0.0000|0.0000|0|9.16
华远控股|600743|0.57|17140750|30507424.00|-0.57|2.84|-1.14|1.77|1.75|1.81|1.74|17.14|1.76|10710790|18866430.00|1|0.0000|0.0000|0.0000|0|1.76
华银电力|600744|2.39|66052761|224171056.00|-1.49|2.99|-1.79|3.43|3.30|3.45|3.29|66.05|3.35|48744902|162416800.00|1|0.0000|0.0000|0.0000|0|3.35
闻泰科技|600745|-2.11|10007721|322531712.00|-1.10|0.28|-2.48|32.00|32.33|32.78|31.88|10.01|32.69|5581600|182103120.00|1|0.0000|0.0000|0.0000|0|32.69
江苏索普|600746|1.31|36694185|305030528.00|-2.15|2.03|-3.34|8.49|8.20|8.55|8.10|36.69|8.38|42510679|364334016.00|1|0.0000|0.0000|0.0000|0|8.38
上实发展|600748|1.86|8939150|29284098.00|-0.31|2.79|-0.93|3.29|3.22|3.32|3.20|8.94|3.23|3975750|12845116.00|1|0.0000|0.0000|0.0000|0|3.23
西藏旅游|600749|1.75|6932860|80505160.00|-0.52|2.45|-0.87|11.65|11.39|11.73|11.35|6.93|11.45|3211400|36775176.00|1|0.0000|0.0000|0.0000|0|11.45
江中药业|600750|1.36|7680005|176800800.00|-0.53|1.93|-0.53|23.09|22.66|23.22|22.66|7.68|22.78|4513050|102756432.00|1|0.0000|0.0000|0.0000|0|22.78
海航科技|600751|-1.06|31207092|87776440.00|-0.70|0.70|-2.11|2.81|2.82|2.86|2.78|31.21|2.84|18820600|53511472.00|1|0.0000|0.0000|0.0000|0|2.84
*ST海钦|600753|-0.71|8800510|49338060.00|-0.35|0.18|-2.82|5.63|5.65|5.68|5.51|8.80|5.67|16013500|91970536.00|1|0.0000|0.0000|0.0000|0|5.67
锦江酒店|600754|-0.46|6998415|184407936.00|-1.33|1.44|-1.59|26.22|25.99|26.72|25.92|7.00|26.34|15126848|395237280.00|1|0.0000|0.0000|0.0000|0|26.34
厦门国贸|600755|0.16|9328620|60009088.00|-0.62|0.78|-0.93|6.44|6.39|6.48|6.37|9.33|6.43|6625314|42560436.00|1|0.0000|0.0000|0.0000|0|6.43
浪潮软件|600756|-0.64|5717300|89660872.00|-0.95|0.83|-1.27|15.62|15.57|15.85|15.52|5.72|15.72|6322405|99557592.00|1|0.0000|0.0000|0.0000|0|15.72
长江传媒|600757|2.25|21465240|194327312.00|-0.67|2.92|-1.12|9.10|8.84|9.16|8.80|21.47|8.90|15232716|135210928.00|1|0.0000|0.0000|0.0000|0|8.90
辽宁能源|600758|0.00|20349900|75588296.00|-1.61|0.54|-1.61|3.72|3.66|3.74|3.66|20.35|3.72|25014096|93534528.00|1|0.0000|0.0000|0.0000|0|3.72
洲际油气|600759|0.87|121117200|278705696.00|-1.31|1.75|-1.75|2.31|2.26|2.33|2.25|121.12|2.29|120143000|277570048.00|1|0.0000|0.0000|0.0000|0|2.29
中航沈飞|600760|0.09|13632008|584860608.00|-0.51|0.61|-0.86|42.94|42.68|43.16|42.53|13.63|42.90|36589307|1583101696.00|1|0.0000|0.0000|0.0000|0|42.90
安徽合力|600761|-5.53|36172835|664132864.00|-1.81|-1.81|-6.98|18.28|19.00|19.00|18.00|36.17|19.35|8228792|159026064.00|1|0.0000|0.0000|0.0000|0|19.35
通策医疗|600763|0.99|3337708|152560832.00|-0.94|1.14|-1.19|46.00|45.12|46.07|45.01|3.34|45.55|3874817|177199552.00|1|0.0000|0.0000|0.0000|0|45.55
中国海防|600764|2.01|9794522|277016992.00|-0.97|3.69|-1.83|28.48|27.65|28.95|27.41|9.79|27.92|6376250|179112112.00|1|0.0000|0.0000|0.0000|0|27.92
中航重机|600765|0.76|26355523|418950304.00|-0.82|1.26|-1.26|15.94|15.69|16.02|15.62|26.36|15.82|40528342|642864000.00|1|0.0000|0.0000|0.0000|0|15.82
宁波富邦|600768|0.54|2150500|20089868.00|-0.75|1.61|-1.29|9.37|9.25|9.47|9.20|2.15|9.32|1355000|12712688.00|1|0.0000|0.0000|0.0000|0|9.32
祥龙电业|600769|1.60|26546579|284283104.00|-1.22|3.20|-2.07|10.80|10.50|10.97|10.41|26.55|10.63|21291613|220481520.00|1|0.0000|0.0000|0.0000|0|10.63
综艺股份|600770|-0.70|6233603|26512106.00|-1.17|0.70|-1.41|4.24|4.22|4.30|4.21|6.23|4.27|7599558|32465138.00|1|0.0000|0.0000|0.0000|0|4.27
广誉远|600771|0.50|5358461|96278344.00|-0.73|0.89|-0.73|18.01|17.79|18.08|17.79|5.36|17.92|5277299|94420928.00|1|0.0000|0.0000|0.0000|0|17.92
西藏城投|600773|0.20|4394600|44134008.00|-0.80|1.10|-0.80|10.05|9.95|10.14|9.95|4.39|10.03|5434900|54387516.00|1|0.0000|0.0000|0.0000|0|10.03
汉商集团|600774|1.65|8901600|71020384.00|0.00|3.56|-0.89|8.00|7.87|8.15|7.80|8.90|7.87|7493200|59191216.00|1|0.0000|0.0000|0.0000|0|7.87
南京熊猫|600775|-1.82|11594700|113319528.00|-0.81|0.40|-2.23|9.70|9.80|9.92|9.66|11.59|9.88|13454901|133834864.00|1|0.0000|0.0000|0.0000|0|9.88
东方通信|600776|-0.90|6488600|71362232.00|-0.81|0.36|-1.81|10.96|10.97|11.10|10.86|6.49|11.06|5684934|62722544.00|1|0.0000|0.0000|0.0000|0|11.06
*ST新潮|600777|4.92|6886569|17629616.00|4.92|4.92|4.92|2.56|2.56|2.56|2.56|6.89|2.44|83994260|201367568.00|1|0.0000|0.0000|0.0000|0|2.44
友好集团|600778|4.23|25503800|155006144.00|-1.02|6.60|-2.88|6.16|5.85|6.30|5.74|25.50|5.91|7908100|46863812.00|1|0.0000|0.0000|0.0000|0|5.91
水井坊|600779|1.59|6824568|337886656.00|-0.78|4.15|-0.97|49.25|48.10|50.49|48.01|6.82|48.48|3746673|182263696.00|1|0.0000|0.0000|0.0000|0|48.48
通宝能源|600780|1.56|12330147|71982480.00|-0.87|1.90|-0.87|5.87|5.73|5.89|5.73|12.33|5.78|8046300|46446528.00|1|0.0000|0.0000|0.0000|0|5.78
新钢股份|600782|1.44|36568380|154259152.00|-1.20|2.15|-1.67|4.24|4.13|4.27|4.11|36.57|4.18|27777162|116346920.00|1|0.0000|0.0000|0.0000|0|4.18
鲁信创投|600783|-0.33|3683400|45231968.00|-0.98|1.06|-1.14|12.26|12.18|12.43|12.16|3.68|12.30|3256139|40034836.00|1|0.0000|0.0000|0.0000|0|12.30
鲁银投资|600784|0.81|17798673|110778520.00|-1.61|2.25|-1.61|6.26|6.11|6.35|6.11|17.80|6.21|11852800|73947584.00|1|0.0000|0.0000|0.0000|0|6.21
新华百货|600785|2.64|9302169|107838744.00|-1.41|2.81|-1.76|11.68|11.22|11.70|11.18|9.30|11.38|4314107|49284700.00|1|0.0000|0.0000|0.0000|0|11.38
中储股份|600787|4.15|73759014|440168800.00|-0.86|5.01|-1.04|6.03|5.74|6.08|5.73|73.76|5.79|10599700|61305276.00|1|0.0000|0.0000|0.0000|0|5.79
鲁抗医药|600789|1.61|232891924|2697364480.00|0.27|7.35|0.27|11.33|11.18|11.97|11.18|232.89|11.15|251504916|2821235968.00|1|0.0000|0.0000|0.0000|0|11.15
轻纺城|600790|1.40|13256801|47475200.00|-0.84|1.40|-0.84|3.61|3.53|3.61|3.53|13.26|3.56|11813835|42091188.00|1|0.0000|0.0000|0.0000|0|3.56
京能置业|600791|0.00|5260073|21802672.00|-0.24|1.21|-1.45|4.14|4.13|4.19|4.08|5.26|4.14|7001600|29006000.00|1|0.0000|0.0000|0.0000|0|4.14
云煤能源|600792|0.63|9541900|30618738.00|-0.63|1.25|-1.25|3.22|3.18|3.24|3.16|9.54|3.20|10517600|33773164.00|1|0.0000|0.0000|0.0000|0|3.20
宜宾纸业|600793|0.80|5145080|84572128.00|-1.29|3.26|-1.42|16.37|16.03|16.77|16.01|5.15|16.24|3085680|49830804.00|1|0.0000|0.0000|0.0000|0|16.24
保税科技|600794|2.35|18548800|64258724.00|-0.29|2.93|-0.88|3.49|3.40|3.51|3.38|18.55|3.41|11166800|38237864.00|1|0.0000|0.0000|0.0000|0|3.41
国电电力|600795|0.66|176198185|803390976.00|-0.66|1.32|-0.88|4.57|4.51|4.60|4.50|176.20|4.54|210624941|958437568.00|1|0.0000|0.0000|0.0000|0|4.54
钱江生化|600796|0.35|5923700|33777560.00|-0.88|1.05|-1.23|5.72|5.65|5.76|5.63|5.92|5.70|7748100|44313312.00|1|0.0000|0.0000|0.0000|0|5.70
浙大网新|600797|-2.24|103794041|1095072640.00|-2.14|1.77|-3.63|10.49|10.50|10.92|10.34|103.79|10.73|95795912|1037368128.00|1|0.0000|0.0000|0.0000|0|10.73
宁波海运|600798|1.67|12187444|36950344.00|-0.67|2.00|-1.00|3.05|2.98|3.06|2.97|12.19|3.00|6684100|20139684.00|1|0.0000|0.0000|0.0000|0|3.00
渤海化学|600800|-1.02|26535663|76939040.00|-0.68|0.68|-3.06|2.91|2.92|2.96|2.85|26.54|2.94|35113800|103895280.00|1|0.0000|0.0000|0.0000|0|2.94
华新建材|600801|3.36|19881548|278531648.00|0.73|3.44|-1.32|14.14|13.78|14.15|13.50|19.88|13.68|8347100|114924672.00|1|0.0000|0.0000|0.0000|0|13.68
福建水泥|600802|-0.69|9062560|38980780.00|-1.37|0.00|-3.20|4.34|4.31|4.37|4.23|9.06|4.37|10589628|46084056.00|1|0.0000|0.0000|0.0000|0|4.37
新奥股份|600803|3.27|12915349|253416592.00|-0.36|3.64|-1.04|19.87|19.17|19.94|19.04|12.92|19.24|11507247|223186592.00|1|0.0000|0.0000|0.0000|0|19.24
悦达投资|600805|0.00|7629300|35369588.00|-1.29|1.29|-1.29|4.64|4.58|4.70|4.58|7.63|4.64|7216099|33622988.00|1|0.0000|0.0000|0.0000|0|4.64
济高发展|600807|0.74|10272200|27718476.00|-0.74|1.49|-1.49|2.71|2.67|2.73|2.65|10.27|2.69|10185140|27440050.00|1|0.0000|0.0000|0.0000|0|2.69
马钢股份|600808|1.60|49737068|155828432.00|0.32|1.92|-1.60|3.17|3.13|3.18|3.07|49.74|3.12|33678700|105710560.00|1|0.0000|0.0000|0.0000|0|3.12
山西汾酒|600809|2.51|5398164|1171283968.00|-1.32|3.29|-1.32|218.15|210.00|219.80|210.00|5.40|212.80|2065841|439169920.00|1|0.0000|0.0000|0.0000|0|212.80
神马股份|600810|-3.87|17664894|142794304.00|-0.85|0.24|-4.11|7.95|8.20|8.29|7.93|17.66|8.27|19291301|160744784.00|1|0.0000|0.0000|0.0000|0|8.27
华北制药|600812|0.64|30141300|190923680.00|-0.80|4.00|-0.96|6.29|6.20|6.50|6.19|30.14|6.25|18148200|113825376.00|1|0.0000|0.0000|0.0000|0|6.25
杭州解百|600814|0.77|7917664|62163500.00|-0.90|2.06|-1.67|7.84|7.71|7.94|7.65|7.92|7.78|4146460|32191300.00|1|0.0000|0.0000|0.0000|0|7.78
厦工股份|600815|0.36|10234340|28098922.00|-0.73|1.09|-1.46|2.75|2.72|2.77|2.70|10.23|2.74|8487640|23303248.00|1|0.0000|0.0000|0.0000|0|2.74
建元信托|600816|0.35|31159107|90352880.00|-0.35|1.04|-0.69|2.90|2.88|2.92|2.87|31.16|2.89|28425610|82177640.00|1|0.0000|0.0000|0.0000|0|2.89
宇通重工|600817|-1.15|2916100|35201844.00|-0.98|-0.08|-2.13|12.08|12.10|12.21|11.96|2.92|12.22|2600710|31797622.00|1|0.0000|0.0000|0.0000|0|12.22
中路股份|600818|0.68|4055701|47166844.00|-1.45|0.94|-2.05|11.77|11.52|11.80|11.45|4.06|11.69|3452000|40535324.00|1|0.0000|0.0000|0.0000|0|11.69
耀皮玻璃|600819|1.15|6466200|34027580.00|-0.38|1.72|-0.96|5.29|5.21|5.32|5.18|6.47|5.23|4980100|26002494.00|1|0.0000|0.0000|0.0000|0|5.23
隧道股份|600820|0.79|16465008|104320416.00|-0.32|1.59|-0.48|6.34|6.27|6.39|6.26|16.47|6.29|11619041|73219600.00|1|0.0000|0.0000|0.0000|0|6.29
金开新能|600821|0.50|26871600|160974304.00|-0.50|1.34|-0.84|5.99|5.93|6.04|5.91|26.87|5.96|27456200|164475600.00|1|0.0000|0.0000|0.0000|0|5.96
上海物贸|600822|1.71|4922401|46472388.00|-0.75|2.14|-1.07|9.51|9.28|9.55|9.25|4.92|9.35|2241900|21000924.00|1|0.0000|0.0000|0.0000|0|9.35
益民集团|600824|1.46|25267687|105581864.00|0.73|2.43|0.00|4.18|4.15|4.22|4.12|25.27|4.12|15150013|62311164.00|1|0.0000|0.0000|0.0000|0|4.12
新华传媒|600825|0.00|15023062|97986432.00|-1.84|1.53|-1.99|6.52|6.40|6.62|6.39|15.02|6.52|18142243|118303144.00|1|0.0000|0.0000|0.0000|0|6.52
兰生股份|600826|0.64|4010340|31394624.00|-1.03|1.15|-1.15|7.85|7.72|7.89|7.71|4.01|7.80|3933921|30706542.00|1|0.0000|0.0000|0.0000|0|7.80
百联股份|600827|1.40|13105660|122634024.00|-0.54|1.94|-0.76|9.39|9.21|9.44|9.19|13.11|9.26|6748276|62417708.00|1|0.0000|0.0000|0.0000|0|9.26
茂业商业|600828|1.29|11937900|37449592.00|-0.64|1.93|-1.61|3.15|3.09|3.17|3.06|11.94|3.11|6397450|19873730.00|1|0.0000|0.0000|0.0000|0|3.11
人民同泰|600829|0.86|6984200|57136328.00|-0.74|1.35|-1.72|8.21|8.08|8.25|8.00|6.98|8.14|7549540|61568388.00|1|0.0000|0.0000|0.0000|0|8.14
香溢融通|600830|0.54|11829900|109853856.00|-0.87|2.93|-1.30|9.26|9.13|9.48|9.09|11.83|9.21|8079901|74242256.00|1|0.0000|0.0000|0.0000|0|9.21
广电网络|600831|0.72|4186460|11577404.00|-0.72|1.45|-1.45|2.78|2.74|2.80|2.72|4.19|2.76|3907650|10825074.00|1|0.0000|0.0000|0.0000|0|2.76
第一医药|600833|0.24|2380600|30364864.00|-0.78|1.10|-0.78|12.77|12.64|12.88|12.64|2.38|12.74|2509539|32144298.00|1|0.0000|0.0000|0.0000|0|12.74
申通地铁|600834|0.74|2727300|22099214.00|-1.12|1.73|-1.12|8.13|7.98|8.21|7.98|2.73|8.07|1786300|14433832.00|1|0.0000|0.0000|0.0000|0|8.07
上海机电|600835|-0.23|19603772|431685056.00|-2.18|2.00|-2.18|21.93|21.50|22.42|21.50|19.60|21.98|28983596|634087360.00|1|0.0000|0.0000|0.0000|0|21.98
上海九百|600838|1.24|5070701|41417464.00|-0.62|1.73|-0.87|8.18|8.03|8.22|8.01|5.07|8.08|3198000|25868566.00|1|0.0000|0.0000|0.0000|0|8.08
四川长虹|600839|-1.77|107314070|1078683264.00|-1.08|0.49|-2.46|10.00|10.07|10.23|9.93|107.31|10.18|78558348|800807552.00|1|0.0000|0.0000|0.0000|0|10.18
动力新科|600841|-0.88|19587800|109845688.00|-2.99|1.23|-2.99|5.63|5.51|5.75|5.51|19.59|5.68|18240600|104267424.00|1|0.0000|0.0000|0.0000|0|5.68
上工申贝|600843|-1.90|13460845|161090032.00|-1.49|0.58|-2.31|11.87|11.92|12.17|11.82|13.46|12.10|16916198|205710544.00|1|0.0000|0.0000|0.0000|0|12.10
金煤科技|600844|2.69|90714905|274096608.00|-0.67|7.74|-3.03|3.05|2.95|3.20|2.88|90.71|2.97|90815948|273968768.00|1|0.0000|0.0000|0.0000|0|2.97
宝信软件|600845|-1.08|11765118|335383968.00|-1.04|0.00|-1.63|28.46|28.47|28.77|28.30|11.77|28.77|13809439|397231712.00|1|0.0000|0.0000|0.0000|0|28.77
同济科技|600846|-0.22|3066073|27824440.00|-0.55|0.88|-0.77|9.06|9.03|9.16|9.01|3.07|9.08|3326800|30282758.00|1|0.0000|0.0000|0.0000|0|9.08
万里股份|600847|0.32|1844988|17136996.00|-0.86|0.86|-0.97|9.33|9.22|9.38|9.21|1.84|9.30|1633400|15304783.00|1|0.0000|0.0000|0.0000|0|9.30
上海临港|600848|0.83|7173400|69067296.00|-0.94|0.83|-0.94|9.67|9.50|9.67|9.50|7.17|9.59|6066668|58015736.00|1|0.0000|0.0000|0.0000|0|9.59
电科数字|600850|-0.65|5177517|126472648.00|-1.59|0.82|-1.59|24.36|24.13|24.72|24.13|5.18|24.52|4934989|121113224.00|1|0.0000|0.0000|0.0000|0|24.52
海欣股份|600851|5.98|51608039|367376832.00|0.00|6.85|-0.87|7.27|6.86|7.33|6.80|51.61|6.86|49606208|341299840.00|1|0.0000|0.0000|0.0000|0|6.86
龙建股份|600853|1.87|25212568|95572336.00|-1.07|2.13|-1.33|3.82|3.71|3.83|3.70|25.21|3.75|15392153|57829396.00|1|0.0000|0.0000|0.0000|0|3.75
春兰股份|600854|-0.21|6982300|32750772.00|-0.85|0.85|-1.49|4.70|4.67|4.75|4.64|6.98|4.71|5035078|23677550.00|1|0.0000|0.0000|0.0000|0|4.71
航天长峰|600855|0.00|5142188|55721472.00|-0.56|1.57|-1.02|10.81|10.75|10.98|10.70|5.14|10.81|4441500|48054224.00|1|0.0000|0.0000|0.0000|0|10.81
宁波中百|600857|0.77|9027919|82258720.00|-1.55|1.99|-1.55|9.11|8.90|9.22|8.90|9.03|9.04|9634535|86111216.00|1|0.0000|0.0000|0.0000|0|9.04
银座股份|600858|1.85|9726100|47940372.00|-0.62|2.26|-1.23|4.95|4.83|4.97|4.80|9.73|4.86|5020120|24525296.00|1|0.0000|0.0000|0.0000|0|4.86
王府井|600859|0.88|13627184|186173616.00|-0.81|1.47|-0.88|13.68|13.45|13.76|13.44|13.63|13.56|7940178|107566632.00|1|0.0000|0.0000|0.0000|0|13.56
京城股份|600860|-1.65|10668300|134305680.00|-0.63|1.26|-2.52|12.50|12.63|12.87|12.39|10.67|12.71|10807400|138803872.00|1|0.0000|0.0000|0.0000|0|12.71
北京人力|600861|1.53|2667001|56148692.00|-0.62|2.44|-1.48|21.20|20.75|21.39|20.57|2.67|20.88|3921065|82772616.00|1|0.0000|0.0000|0.0000|0|20.88
中航高科|600862|-1.13|10880148|258594592.00|-0.92|0.33|-1.92|23.70|23.75|24.05|23.51|10.88|23.97|9245584|220994832.00|1|0.0000|0.0000|0.0000|0|23.97
内蒙华电|600863|0.74|57821838|233992880.00|-0.50|0.99|-0.74|4.06|4.01|4.07|4.00|57.82|4.03|52177423|210230672.00|1|0.0000|0.0000|0.0000|0|4.03
哈投股份|600864|1.13|29727794|185872208.00|-1.45|1.45|-1.45|6.28|6.12|6.30|6.12|29.73|6.21|16641354|103272664.00|1|0.0000|0.0000|0.0000|0|6.21
百大集团|600865|1.73|4722700|41340988.00|-1.16|1.85|-1.62|8.80|8.55|8.81|8.51|4.72|8.65|2607071|22548080.00|1|0.0000|0.0000|0.0000|0|8.65
星湖科技|600866|0.77|15977827|104477072.00|-0.92|1.23|-1.23|6.57|6.46|6.60|6.44|15.98|6.52|15591200|101703816.00|1|0.0000|0.0000|0.0000|0|6.52
通化东宝|600867|0.39|11383408|88575864.00|-0.26|1.16|-0.52|7.78|7.73|7.84|7.71|11.38|7.75|11969257|92961952.00|1|0.0000|0.0000|0.0000|0|7.75
梅雁吉祥|600868|0.65|54428838|167863616.00|-1.30|1.30|-1.62|3.10|3.04|3.12|3.03|54.43|3.08|65862527|203171376.00|1|0.0000|0.0000|0.0000|0|3.08
远东股份|600869|-2.04|25090004|121312456.00|-1.22|0.41|-2.86|4.80|4.84|4.92|4.76|25.09|4.90|17406930|85915824.00|1|0.0000|0.0000|0.0000|0|4.90
石化油服|600871|0.52|70025716|134168408.00|-0.52|1.05|-1.05|1.92|1.90|1.93|1.89|70.03|1.91|67640740|129935400.00|1|0.0000|0.0000|0.0000|0|1.91
中炬高新|600872|0.72|6606381|138151392.00|-1.01|1.25|-1.11|20.96|20.60|21.07|20.58|6.61|20.81|5329659|111194392.00|1|0.0000|0.0000|0.0000|0|20.81
梅花生物|600873|0.58|16475015|172304416.00|-0.96|1.25|-1.34|10.48|10.32|10.55|10.28|16.48|10.42|12454892|130068656.00|1|0.0000|0.0000|0.0000|0|10.42
创业环保|600874|0.85|7937704|46779528.00|-0.34|1.54|-0.68|5.91|5.84|5.95|5.82|7.94|5.86|7511101|44056780.00|1|0.0000|0.0000|0.0000|0|5.86
东方电气|600875|0.00|28834382|451730336.00|-1.09|1.54|-1.09|15.60|15.43|15.84|15.43|28.83|15.60|33863923|528664928.00|1|0.0000|0.0000|0.0000|0|15.60
凯盛新能|600876|0.94|2568100|24587092.00|0.00|1.05|-0.94|9.62|9.53|9.63|9.44|2.57|9.53|2546200|24387852.00|1|0.0000|0.0000|0.0000|0|9.53
电科芯片|600877|-0.56|5592700|70002968.00|-0.88|0.64|-1.19|12.49|12.45|12.64|12.41|5.59|12.56|7141100|89704656.00|1|0.0000|0.0000|0.0000|0|12.56
航天电子|600879|0.22|22677100|205036336.00|-1.22|1.22|-1.22|9.04|8.91|9.13|8.91|22.68|9.02|31147500|280515680.00|1|0.0000|0.0000|0.0000|0|9.02
博瑞传播|600880|1.32|13176500|60353000.00|-1.10|1.98|-1.10|4.60|4.49|4.63|4.49|13.18|4.54|9487800|43302792.00|1|0.0000|0.0000|0.0000|0|4.54
亚泰集团|600881|-1.18|36363700|61244944.00|-1.18|0.59|-1.76|1.68|1.68|1.71|1.67|36.36|1.70|52357453|88538968.00|1|0.0000|0.0000|0.0000|0|1.70
妙可蓝多|600882|3.87|19110342|460833472.00|-1.53|4.72|-2.29|24.45|23.18|24.65|23.00|19.11|23.54|13151600|310754976.00|1|0.0000|0.0000|0.0000|0|23.54
博闻科技|600883|2.17|6704700|47255688.00|2.46|3.62|0.14|7.06|7.08|7.16|6.92|6.70|6.91|4772943|33275962.00|1|0.0000|0.0000|0.0000|0|6.91
杉杉股份|600884|-0.71|22841800|160041920.00|-0.71|0.43|-1.42|7.00|7.00|7.08|6.95|22.84|7.05|18153400|127749016.00|1|0.0000|0.0000|0.0000|0|7.05
宏发股份|600885|-3.66|8908490|313441472.00|-0.66|-0.08|-4.48|35.03|36.12|36.33|34.73|8.91|36.36|7028993|255056912.00|1|0.0000|0.0000|0.0000|0|36.36
国投电力|600886|1.71|49060167|724229312.00|-0.68|2.05|-1.30|14.86|14.51|14.91|14.42|49.06|14.61|28015831|409422656.00|1|0.0000|0.0000|0.0000|0|14.61
伊利股份|600887|1.62|43331553|1220247552.00|-0.50|1.83|-0.50|28.29|27.70|28.35|27.70|43.33|27.84|26593399|743679744.00|1|0.0000|0.0000|0.0000|0|27.84
新疆众和|600888|-0.55|10694152|77179960.00|-0.69|0.00|-1.24|7.23|7.22|7.27|7.18|10.69|7.27|9945386|72453560.00|1|0.0000|0.0000|0.0000|0|7.27
南京化纤|600889|0.86|6989100|115367016.00|-1.78|3.07|-1.78|16.44|16.01|16.80|16.01|6.99|16.30|4934901|80392752.00|1|0.0000|0.0000|0.0000|0|16.30
*ST大晟|600892|-4.97|34873320|106741688.00|-8.39|-3.11|-8.39|3.06|2.95|3.12|2.95|34.87|3.22|50841220|167015488.00|1|0.0000|0.0000|0.0000|0|3.22
航发动力|600893|-1.21|33830389|1106997376.00|-1.69|-0.06|-2.06|32.69|32.53|33.07|32.41|33.83|33.09|98239850|3271645440.00|1|0.0000|0.0000|0.0000|0|33.09
广日股份|600894|-0.67|3849701|45733952.00|-0.59|0.75|-1.34|11.88|11.89|12.05|11.80|3.85|11.96|3909500|46893236.00|1|0.0000|0.0000|0.0000|0|11.96
张江高科|600895|-1.28|12684224|314959104.00|-0.88|0.48|-1.99|24.75|24.85|25.19|24.57|12.68|25.07|13903443|349830656.00|1|0.0000|0.0000|0.0000|0|25.07
厦门空港|600897|0.07|1741180|25868542.00|-0.67|0.54|-0.87|14.87|14.76|14.94|14.73|1.74|14.86|1595660|23664096.00|1|0.0000|0.0000|0.0000|0|14.86
长江电力|600900|2.05|143798229|4054692608.00|-0.43|2.19|-0.43|28.40|27.71|28.44|27.71|143.80|27.83|55353026|1539467904.00|1|0.0000|0.0000|0.0000|0|27.83
江苏金租|600901|-0.56|29399721|156578720.00|-0.56|0.19|-1.49|5.33|5.33|5.37|5.28|29.40|5.36|47929469|255889184.00|1|0.0000|0.0000|0.0000|0|5.36
贵州燃气|600903|0.45|9912220|66028728.00|0.00|2.11|-0.60|6.68|6.65|6.79|6.61|9.91|6.65|8554036|57171980.00|0|0.0000|0.0000|0.0000|0|6.65
三峡能源|600905|1.64|152657881|657344512.00|-0.23|1.88|-0.47|4.33|4.25|4.34|4.24|152.66|4.26|91912413|392553568.00|1|0.0000|0.0000|0.0000|0|4.26
财达证券|600906|0.74|23350089|159284928.00|-0.74|2.97|-1.04|6.79|6.69|6.94|6.67|23.35|6.74|13673224|91940752.00|1|0.0000|0.0000|0.0000|0|6.74
无锡银行|600908|0.52|21368727|123576144.00|-0.35|0.69|-0.52|5.80|5.75|5.81|5.74|21.37|5.77|22578500|130029504.00|1|0.0000|0.0000|0.0000|0|5.77
华安证券|600909|0.36|23376251|131678664.00|-0.89|1.07|-0.89|5.63|5.56|5.67|5.56|23.38|5.61|15960811|89616592.00|1|0.0000|0.0000|0.0000|0|5.61
中国黄金|600916|-0.23|25263292|222222864.00|-0.11|0.91|-0.57|8.78|8.79|8.88|8.75|25.26|8.80|26130674|229864896.00|1|0.0000|0.0000|0.0000|0|8.80
重庆燃气|600917|0.86|4023610|23495912.00|-0.34|1.38|-0.69|5.85|5.78|5.88|5.76|4.02|5.80|3959300|23021780.00|1|0.0000|0.0000|0.0000|0|5.80
中泰证券|600918|0.00|19198074|123761528.00|-0.62|0.62|-0.93|6.45|6.41|6.49|6.39|19.20|6.45|16099772|103727352.00|1|0.0000|0.0000|0.0000|0|6.45
江苏银行|600919|-0.10|75660181|737016000.00|-0.62|0.51|-0.72|9.74|9.69|9.80|9.68|75.66|9.75|119763334|1163824768.00|1|0.0000|0.0000|0.0000|0|9.75
苏能股份|600925|0.00|5847667|30562548.00|-0.38|0.38|-0.57|5.23|5.21|5.25|5.20|5.85|5.23|6862177|35887548.00|1|0.0000|0.0000|0.0000|0|5.23
杭州银行|600926|-0.34|52582849|768142464.00|-0.27|-0.07|-1.57|14.64|14.65|14.68|14.46|52.58|14.69|37004042|542596864.00|1|0.0000|0.0000|0.0000|0|14.69
永安期货|600927|0.45|3107502|41219712.00|-0.60|0.83|-0.76|13.29|13.15|13.34|13.13|3.11|13.23|2975211|39480008.00|1|0.0000|0.0000|0.0000|0|13.23
西安银行|600928|0.56|17439974|62211104.00|0.00|1.13|-0.28|3.57|3.55|3.59|3.54|17.44|3.55|17271123|61435656.00|1|0.0000|0.0000|0.0000|0|3.55
雪天盐业|600929|0.38|12169132|64563064.00|-0.38|0.75|-0.75|5.32|5.28|5.34|5.26|12.17|5.30|6597100|35006576.00|1|0.0000|0.0000|0.0000|0|5.30
爱柯迪|600933|-3.08|17623492|288340192.00|-0.97|1.45|-3.14|16.05|16.40|16.80|16.04|17.62|16.56|16926442|279343072.00|1|0.0000|0.0000|0.0000|0|16.56
华塑股份|600935|0.85|11763600|27753962.00|-0.85|1.28|-0.85|2.37|2.33|2.38|2.33|11.76|2.35|6055300|14222019.00|1|0.0000|0.0000|0.0000|0|2.35
广西广电|600936|0.28|8936600|31720048.00|-0.85|1.13|-1.13|3.55|3.51|3.58|3.50|8.94|3.54|7772600|27556298.00|1|0.0000|0.0000|0.0000|0|3.54
中国海油|600938|-1.08|37238497|954447616.00|-1.77|-0.89|-1.96|25.68|25.50|25.73|25.45|37.24|25.96|52725997|1375580672.00|1|0.0000|0.0000|0.0000|0|25.96
重庆建工|600939|0.38|9182237|24310184.00|-0.76|1.14|-1.14|2.65|2.62|2.67|2.61|9.18|2.64|5459000|14393736.00|1|0.0000|0.0000|0.0000|0|2.64
中国移动|600941|1.24|17070515|1855977600.00|-0.33|1.58|-0.45|108.99|107.30|109.36|107.18|17.07|107.66|10374563|1113899776.00|1|0.0000|0.0000|0.0000|0|107.66
维远股份|600955|0.00|1728294|25879230.00|-0.80|0.33|-1.46|15.05|14.93|15.10|14.83|1.73|15.05|1612742|24263494.00|1|0.0000|0.0000|0.0000|0|15.05
新天绿能|600956|1.11|4254124|30730844.00|-0.70|1.25|-0.97|7.26|7.13|7.27|7.11|4.25|7.18|4485700|32289998.00|1|0.0000|0.0000|0.0000|0|7.18
东方证券|600958|-0.11|27095440|253722352.00|-0.75|0.43|-1.07|9.37|9.31|9.42|9.28|27.10|9.38|26902440|252315664.00|1|0.0000|0.0000|0.0000|0|9.38
江苏有线|600959|0.60|32002656|106936784.00|-0.60|1.20|-1.20|3.35|3.31|3.37|3.29|32.00|3.33|26211481|87269728.00|1|0.0000|0.0000|0.0000|0|3.33
渤海汽车|600960|-0.57|19310700|67404400.00|-1.43|2.00|-1.71|3.48|3.45|3.57|3.44|19.31|3.50|26936300|93691904.00|1|0.0000|0.0000|0.0000|0|3.50
株冶集团|600961|-0.52|23201847|217996064.00|-0.63|0.52|-3.46|9.48|9.47|9.58|9.20|23.20|9.53|19652700|190100720.00|1|0.0000|0.0000|0.0000|0|9.53
国投中鲁|600962|0.54|2655800|34243088.00|-1.40|1.86|-2.25|12.96|12.71|13.13|12.60|2.66|12.89|2577000|33503690.00|1|0.0000|0.0000|0.0000|0|12.89
岳阳林纸|600963|0.86|17139223|80626328.00|-0.86|1.71|-1.28|4.71|4.63|4.75|4.61|17.14|4.67|9714901|45400888.00|1|0.0000|0.0000|0.0000|0|4.67
福成股份|600965|1.31|35455882|190732816.00|-0.94|2.63|-0.94|5.40|5.28|5.47|5.28|35.46|5.33|43976990|237994016.00|1|0.0000|0.0000|0.0000|0|5.33
博汇纸业|600966|0.00|6061102|27756112.00|-0.66|0.87|-1.09|4.58|4.55|4.62|4.53|6.06|4.58|5484812|25106950.00|1|0.0000|0.0000|0.0000|0|4.58
内蒙一机|600967|0.92|20650872|224535072.00|-2.30|1.75|-2.39|10.96|10.61|11.05|10.60|20.65|10.86|25787644|281420704.00|1|0.0000|0.0000|0.0000|0|10.86
海油发展|600968|-0.76|30654703|119972664.00|-0.51|0.51|-1.27|3.90|3.91|3.95|3.88|30.65|3.93|52572700|207864128.00|1|0.0000|0.0000|0.0000|0|3.93
郴电国际|600969|1.03|11488900|78392712.00|-0.88|1.33|-1.18|6.86|6.73|6.88|6.71|11.49|6.79|10483361|71256872.00|1|0.0000|0.0000|0.0000|0|6.79
中材国际|600970|-1.15|16560996|157865936.00|-0.63|0.31|-1.35|9.49|9.54|9.63|9.47|16.56|9.60|14854843|142789776.00|1|0.0000|0.0000|0.0000|0|9.60
恒源煤电|600971|0.00|5290406|43688448.00|-0.61|0.61|-0.73|8.26|8.21|8.31|8.20|5.29|8.26|8352456|69104384.00|1|0.0000|0.0000|0.0000|0|8.26
宝胜股份|600973|-3.11|81310308|435121920.00|-1.83|1.65|-4.03|5.29|5.36|5.55|5.24|81.31|5.46|92420746|503000832.00|1|0.0000|0.0000|0.0000|0|5.46
新五丰|600975|1.85|22220820|133838360.00|-0.34|2.53|-0.51|6.04|5.91|6.08|5.90|22.22|5.93|13406300|79756472.00|1|0.0000|0.0000|0.0000|0|5.93
健民集团|600976|2.25|1962659|90985720.00|-1.16|2.44|-1.16|46.88|45.32|46.97|45.32|1.96|45.85|1119600|51595192.00|1|0.0000|0.0000|0.0000|0|45.85
中国电影|600977|0.19|6907357|74610504.00|-0.65|0.74|-0.83|10.81|10.72|10.87|10.70|6.91|10.79|5526099|59657420.00|1|0.0000|0.0000|0.0000|0|10.79
广安爱众|600979|5.65|181436119|1098076544.00|-1.71|9.59|-1.88|6.17|5.74|6.40|5.73|181.44|5.84|116532753|679366784.00|1|0.0000|0.0000|0.0000|0|5.84
北矿科技|600980|-1.33|3767751|64648864.00|-0.69|0.35|-2.54|17.11|17.22|17.40|16.90|3.77|17.34|4065777|70753800.00|1|0.0000|0.0000|0.0000|0|17.34
苏豪汇鸿|600981|0.40|10999648|27632806.00|-1.98|0.40|-1.98|2.53|2.47|2.53|2.47|11.00|2.52|7458201|18803534.00|1|0.0000|0.0000|0.0000|0|2.52
宁波能源|600982|2.34|54990659|263028768.00|-1.06|3.40|-1.70|4.81|4.65|4.86|4.62|54.99|4.70|45622900|215610528.00|1|0.0000|0.0000|0.0000|0|4.70
惠而浦|600983|-1.43|3658700|35294568.00|-1.02|-0.31|-2.34|9.68|9.72|9.79|9.59|3.66|9.82|2444000|23963036.00|1|0.0000|0.0000|0.0000|0|9.82
建设机械|600984|0.00|10493440|36756948.00|-0.86|1.72|-1.43|3.49|3.46|3.55|3.44|10.49|3.49|9486009|33272554.00|1|0.0000|0.0000|0.0000|0|3.49
淮北矿业|600985|0.15|10045408|132845560.00|-0.45|0.38|-0.91|13.26|13.18|13.29|13.12|10.05|13.24|8875918|117497416.00|1|0.0000|0.0000|0.0000|0|13.24
浙文互联|600986|-1.41|55557377|469048352.00|-2.12|1.41|-2.94|8.39|8.33|8.63|8.26|55.56|8.51|45237370|386952192.00|1|0.0000|0.0000|0.0000|0|8.51
航民股份|600987|-0.28|6912650|49799680.00|-0.96|-0.14|-1.79|7.24|7.19|7.25|7.13|6.91|7.26|8035535|58207128.00|1|0.0000|0.0000|0.0000|0|7.26
赤峰黄金|600988|1.78|84829529|1912676224.00|2.56|5.02|1.42|22.29|22.46|23.00|22.21|84.83|21.90|65341751|1456582784.00|1|0.0000|0.0000|0.0000|0|21.90
宝丰能源|600989|-2.29|55244448|854076032.00|-1.08|-0.13|-3.24|15.39|15.58|15.73|15.24|55.24|15.75|89555662|1366707072.00|1|0.0000|0.0000|0.0000|0|15.75
四创电子|600990|-0.59|3374619|69258808.00|-0.78|1.90|-1.61|20.39|20.35|20.90|20.18|3.37|20.51|5423873|111581736.00|1|0.0000|0.0000|0.0000|0|20.51
贵绳股份|600992|-0.49|3406801|48274948.00|-1.12|0.42|-1.82|14.19|14.10|14.32|14.00|3.41|14.26|3257700|46663732.00|1|0.0000|0.0000|0.0000|0|14.26
马应龙|600993|4.19|20453380|536232928.00|0.71|5.38|0.00|26.33|25.45|26.63|25.27|20.45|25.27|7168952|180128352.00|1|0.0000|0.0000|0.0000|0|25.27
南网储能|600995|1.67|11008198|106516232.00|-0.42|1.88|-0.52|9.74|9.54|9.76|9.53|11.01|9.58|7427261|71119456.00|1|0.0000|0.0000|0.0000|0|9.58
贵广网络|600996|-0.10|11879091|114584752.00|-1.45|2.18|-1.87|9.62|9.49|9.84|9.45|11.88|9.63|9399842|90435552.00|1|0.0000|0.0000|0.0000|0|9.63
开滦股份|600997|0.14|5753720|39887352.00|-1.29|0.43|-1.29|6.96|6.86|6.98|6.86|5.75|6.95|4869720|33935676.00|1|0.0000|0.0000|0.0000|0|6.95
九州通|600998|-0.20|20587214|104770344.00|-0.59|0.79|-0.59|5.08|5.06|5.13|5.06|20.59|5.09|23044422|117560344.00|1|0.0000|0.0000|0.0000|0|5.09
招商证券|600999|-0.22|11715517|211529312.00|-0.77|0.55|-0.89|18.03|17.93|18.17|17.91|11.72|18.07|15999773|287989568.00|1|0.0000|0.0000|0.0000|0|18.07
唐山港|601000|-3.81|113247830|514307968.00|-1.27|-0.42|-6.14|4.54|4.66|4.70|4.43|113.25|4.72|92076171|439098560.00|1|0.0000|0.0000|0.0000|0|4.72
晋控煤业|601001|-0.25|8377738|101006816.00|-0.91|0.00|-1.24|12.10|12.02|12.13|11.98|8.38|12.13|11129392|135143536.00|1|0.0000|0.0000|0.0000|0|12.13
晋亿实业|601002|-2.34|16479601|76707000.00|0.00|2.34|-2.55|4.59|4.70|4.81|4.58|16.48|4.70|8062701|38025480.00|1|0.0000|0.0000|0.0000|0|4.70
柳钢股份|601003|1.98|9634780|29502084.00|-0.66|2.31|-0.66|3.09|3.01|3.10|3.01|9.63|3.03|10662900|32500420.00|1|0.0000|0.0000|0.0000|0|3.03
重庆钢铁|601005|0.76|45056701|59482096.00|-0.76|0.76|-0.76|1.33|1.31|1.33|1.31|45.06|1.32|34758600|45851696.00|1|0.0000|0.0000|0.0000|0|1.32
大秦铁路|601006|0.76|70885818|468227584.00|-0.30|0.91|-0.61|6.63|6.56|6.64|6.54|70.89|6.58|57963031|379885824.00|1|0.0000|0.0000|0.0000|0|6.58
金陵饭店|601007|1.59|8678240|60644108.00|-0.43|2.32|-0.87|7.02|6.88|7.07|6.85|8.68|6.91|5420410|37439000.00|1|0.0000|0.0000|0.0000|0|6.91
连云港|601008|10.10|85863823|357549248.00|-0.78|10.10|-0.78|4.25|3.83|4.25|3.83|85.86|3.86|7472800|28898802.00|1|0.0000|0.0000|0.0000|0|3.86
南京银行|601009|0.57|30076744|315033088.00|-0.57|0.77|-0.57|10.50|10.38|10.52|10.38|30.08|10.44|34485081|359663104.00|1|0.0000|0.0000|0.0000|0|10.44
文峰股份|601010|1.03|21317200|62479460.00|-0.69|2.76|-1.38|2.93|2.88|2.98|2.86|21.32|2.90|23188900|67284688.00|1|0.0000|0.0000|0.0000|0|2.90
宝泰隆|601011|0.00|20372000|51412584.00|-1.18|0.00|-1.57|2.54|2.51|2.54|2.50|20.37|2.54|16029308|40794600.00|1|0.0000|0.0000|0.0000|0|2.54
隆基绿能|601012|-1.25|51242757|811316032.00|-1.94|0.81|-2.51|15.76|15.65|16.09|15.56|51.24|15.96|44738069|716440064.00|1|0.0000|0.0000|0.0000|0|15.96
陕西黑猫|601015|0.32|14219861|44118124.00|-0.64|0.32|-1.29|3.12|3.09|3.12|3.07|14.22|3.11|15412249|47754704.00|1|0.0000|0.0000|0.0000|0|3.11
节能风电|601016|1.01|64829413|192355648.00|-0.68|1.01|-1.01|2.99|2.94|2.99|2.93|64.83|2.96|51652910|153175776.00|1|0.0000|0.0000|0.0000|0|2.96
宁波港|601018|1.36|32479331|120854472.00|-0.81|1.90|-1.08|3.74|3.66|3.76|3.65|32.48|3.69|19996900|73687608.00|1|0.0000|0.0000|0.0000|0|3.69
山东出版|601019|3.01|14990574|151633392.00|-0.60|3.41|-0.80|10.26|9.90|10.30|9.88|14.99|9.96|6514985|64526608.00|1|0.0000|0.0000|0.0000|0|9.96
华钰矿业|601020|-3.48|55816754|1066590336.00|-0.61|0.36|-3.74|18.84|19.40|19.59|18.79|55.82|19.52|41420222|811963712.00|1|0.0000|0.0000|0.0000|0|19.52
春秋航空|601021|0.21|4205227|217322896.00|-0.85|1.01|-1.49|51.76|51.21|52.17|50.88|4.21|51.65|3975178|206040960.00|1|0.0000|0.0000|0.0000|0|51.65
宁波远洋|601022|0.49|6789211|55255560.00|-0.86|0.61|-0.98|8.18|8.07|8.19|8.06|6.79|8.14|5333900|43460396.00|1|0.0000|0.0000|0.0000|0|8.14
永兴股份|601033|2.52|16701960|270508960.00|-1.58|3.91|-1.58|16.25|15.60|16.47|15.60|16.70|15.85|17278738|274721280.00|1|0.0000|0.0000|0.0000|0|15.85
一拖股份|601038|0.29|6469848|87699944.00|-0.80|0.29|-1.97|13.72|13.57|13.72|13.41|6.47|13.68|3701200|50744032.00|1|0.0000|0.0000|0.0000|0|13.68
赛轮轮胎|601058|-10.01|101316442|1325791488.00|-4.35|-4.35|-10.01|13.04|13.86|13.86|13.04|101.32|14.49|21940900|320727520.00|1|0.0000|0.0000|0.0000|0|14.49
信达证券|601059|-0.38|20367324|324298688.00|-1.19|0.69|-1.31|15.91|15.78|16.08|15.76|20.37|15.97|21262500|339877984.00|1|0.0000|0.0000|0.0000|0|15.97
中信金属|601061|-0.26|10592967|80947816.00|-0.78|0.13|-1.30|7.66|7.62|7.69|7.58|10.59|7.68|12572262|96835080.00|1|0.0000|0.0000|0.0000|0|7.68
江盐集团|601065|0.57|4877918|42725780.00|-0.69|0.69|-0.69|8.79|8.68|8.80|8.68|4.88|8.74|2863100|25042232.00|1|0.0000|0.0000|0.0000|0|8.74
中信建投|601066|0.04|9975045|246724816.00|-1.25|0.77|-1.25|24.72|24.40|24.90|24.40|9.98|24.71|12451697|307865664.00|1|0.0000|0.0000|0.0000|0|24.71
中铝国际|601068|-0.64|15530626|72164688.00|-0.64|0.43|-1.28|4.65|4.65|4.70|4.62|15.53|4.68|15216500|70977248.00|1|0.0000|0.0000|0.0000|0|4.68
西部黄金|601069|10.00|91581392|1517360512.00|4.00|10.00|2.58|17.05|16.12|17.05|15.90|91.58|15.50|55711119|879106688.00|1|0.0000|0.0000|0.0000|0|15.50
渝农商行|601077|0.49|30004065|183880016.00|-0.33|0.65|-1.31|6.16|6.11|6.17|6.05|30.00|6.13|41937920|255997792.00|1|0.0000|0.0000|0.0000|0|6.13
锦江航运|601083|1.14|10722980|104179760.00|-0.83|1.45|-1.45|9.79|9.60|9.82|9.54|10.72|9.68|7704918|74587648.00|1|0.0000|0.0000|0.0000|0|9.68
国芳集团|601086|10.08|20135200|104855080.00|-0.84|10.08|-0.84|5.24|4.72|5.24|4.72|20.14|4.76|6428999|30485374.00|1|0.0000|0.0000|0.0000|0|4.76
中国神华|601088|0.80|24685855|957488768.00|-1.11|0.98|-1.14|38.96|38.22|39.03|38.21|24.69|38.65|19421142|748315584.00|1|0.0000|0.0000|0.0000|0|38.65
福元医药|601089|-0.50|3367400|53708368.00|-1.06|0.63|-1.13|15.90|15.81|16.08|15.80|3.37|15.98|3237349|51549936.00|1|0.0000|0.0000|0.0000|0|15.98
宏盛华源|601096|0.23|12066643|51779524.00|-0.23|1.17|-0.70|4.29|4.27|4.33|4.25|12.07|4.28|9992005|42718336.00|1|0.0000|0.0000|0.0000|0|4.28
中南传媒|601098|1.46|15023250|217644384.00|-0.63|2.72|-1.05|14.56|14.26|14.74|14.20|15.02|14.35|18231034|259912448.00|1|0.0000|0.0000|0.0000|0|14.35
太平洋|601099|-0.52|87606379|339432448.00|-0.77|0.52|-1.03|3.86|3.85|3.90|3.84|87.61|3.88|68422994|265283424.00|1|0.0000|0.0000|0.0000|0|3.88
恒立液压|601100|-1.48|6368263|502176480.00|-2.34|0.03|-3.29|78.70|78.01|79.90|77.25|6.37|79.88|5781380|463487744.00|1|0.0000|0.0000|0.0000|0|79.88
昊华能源|601101|0.00|5596440|41083088.00|-0.68|0.14|-0.95|7.37|7.32|7.38|7.30|5.60|7.37|6027921|44473764.00|1|0.0000|0.0000|0.0000|0|7.37
中国一重|601106|0.72|56114666|157820112.00|-0.72|3.97|-1.08|2.79|2.75|2.88|2.74|56.11|2.77|47898500|133358192.00|1|0.0000|0.0000|0.0000|0|2.77
四川成渝|601107|2.63|30624010|166635328.00|0.19|3.75|-0.19|5.47|5.34|5.53|5.32|30.62|5.33|36718178|197462336.00|1|0.0000|0.0000|0.0000|0|5.33
财通证券|601108|-0.13|20934734|164519552.00|-0.89|0.51|-1.14|7.86|7.80|7.91|7.78|20.93|7.87|20581344|162003776.00|1|0.0000|0.0000|0.0000|0|7.87
中国国航|601111|0.98|58203673|416980896.00|-0.84|1.40|-0.98|7.20|7.07|7.23|7.06|58.20|7.13|35933133|256452640.00|1|0.0000|0.0000|0.0000|0|7.13
华鼎股份|601113|-0.47|13580700|58109788.00|-1.40|0.47|-1.63|4.28|4.24|4.32|4.23|13.58|4.30|13711569|58878296.00|1|0.0000|0.0000|0.0000|0|4.30
三江购物|601116|2.67|12942184|149002976.00|-1.07|3.83|-1.34|11.52|11.10|11.65|11.07|12.94|11.22|4556150|51014280.00|1|0.0000|0.0000|0.0000|0|11.22
中国化学|601117|0.00|33962041|247977504.00|-0.55|1.38|-0.83|7.27|7.23|7.37|7.21|33.96|7.27|22110300|160293424.00|1|0.0000|0.0000|0.0000|0|7.27
海南橡胶|601118|-4.01|76426663|386524032.00|-2.67|-2.10|-4.58|5.03|5.10|5.13|5.00|76.43|5.24|77069128|403528544.00|1|0.0000|0.0000|0.0000|0|5.24
宝地矿业|601121|0.33|5143690|31094990.00|-0.50|0.66|-0.83|6.06|6.01|6.08|5.99|5.14|6.04|4898400|29662678.00|1|0.0000|0.0000|0.0000|0|6.04
四方股份|601126|-1.16|12761939|218691856.00|-1.05|1.05|-1.28|17.00|17.02|17.38|16.98|12.76|17.20|9882377|168885504.00|1|0.0000|0.0000|0.0000|0|17.20
赛力斯|601127|-0.57|11398468|1423169920.00|-0.80|0.39|-0.97|124.60|124.31|125.80|124.10|11.40|125.31|12071787|1513931904.00|1|0.0000|0.0000|0.0000|0|125.31
常熟银行|601128|0.00|26471763|186366928.00|-0.14|0.28|-0.71|7.06|7.05|7.08|7.01|26.47|7.06|33337721|235829232.00|1|0.0000|0.0000|0.0000|0|7.06
柏诚股份|601133|-0.93|3658100|42647968.00|-1.02|0.34|-2.29|11.67|11.66|11.82|11.51|3.66|11.78|3222376|38253136.00|1|0.0000|0.0000|0.0000|0|11.78
首创证券|601136|-0.47|14701932|313859456.00|-0.47|0.93|-1.03|21.30|21.30|21.60|21.18|14.70|21.40|14468607|309771552.00|1|0.0000|0.0000|0.0000|0|21.40
博威合金|601137|-4.27|17464236|341149952.00|-2.14|-0.79|-4.57|19.27|19.70|19.97|19.21|17.46|20.13|7486774|150983088.00|1|0.0000|0.0000|0.0000|0|20.13
工业富联|601138|-4.75|127476448|2469083136.00|-1.75|-0.60|-4.95|19.05|19.65|19.88|19.01|127.48|20.00|47903170|961073152.00|1|0.0000|0.0000|0.0000|0|20.00
深圳燃气|601139|0.74|9152768|61790356.00|-0.60|1.04|-0.60|6.77|6.68|6.79|6.68|9.15|6.72|9349510|62977664.00|1|0.0000|0.0000|0.0000|0|6.72
新城控股|601155|0.73|13492209|169276560.00|-0.97|3.32|-1.21|12.45|12.24|12.77|12.21|13.49|12.36|7639774|94587480.00|1|0.0000|0.0000|0.0000|0|12.36
东航物流|601156|-3.21|29844178|413070976.00|-2.16|-2.09|-5.37|13.89|14.04|14.05|13.58|29.84|14.35|12817482|183464640.00|1|0.0000|0.0000|0.0000|0|14.35
重庆水务|601158|1.02|10834873|53253128.00|0.00|1.43|-1.02|4.93|4.88|4.95|4.83|10.83|4.88|13706300|67184144.00|1|0.0000|0.0000|0.0000|0|4.88
天风证券|601162|0.00|124344101|523225728.00|-0.72|1.43|-0.95|4.19|4.16|4.25|4.15|124.34|4.19|92847697|390532736.00|1|0.0000|0.0000|0.0000|0|4.19
三角轮胎|601163|-1.57|6108048|92146752.00|-0.52|-0.13|-2.10|15.03|15.19|15.25|14.95|6.11|15.27|2634200|40274696.00|1|0.0000|0.0000|0.0000|0|15.27
兴业银行|601166|-0.33|39603084|838600000.00|-0.99|0.38|-1.22|21.18|21.04|21.33|20.99|39.60|21.25|38462628|819669632.00|1|0.0000|0.0000|0.0000|0|21.25
西部矿业|601168|-1.60|34580719|575191296.00|-1.36|-0.83|-2.48|16.64|16.68|16.77|16.49|34.58|16.91|25034934|424310400.00|1|0.0000|0.0000|0.0000|0|16.91
北京银行|601169|0.97|73351629|457684128.00|-0.32|0.97|-0.32|6.27|6.19|6.27|6.19|73.35|6.21|154220310|950729216.00|1|0.0000|0.0000|0.0000|0|6.21
杭齿前进|601177|-2.53|18349763|313599456.00|-1.90|1.04|-3.05|16.92|17.03|17.54|16.83|18.35|17.36|18829940|328463488.00|1|0.0000|0.0000|0.0000|0|17.36
中国西电|601179|0.44|47135924|320248800.00|-0.89|1.33|-1.03|6.80|6.71|6.86|6.70|47.14|6.77|45802233|308997376.00|1|0.0000|0.0000|0.0000|0|6.77
中国铁建|601186|0.62|30240903|244861600.00|-0.50|1.24|-0.87|8.10|8.01|8.15|7.98|30.24|8.05|21457511|172752704.00|1|0.0000|0.0000|0.0000|0|8.05
厦门银行|601187|1.00|16107310|96987776.00|-0.83|1.17|-0.83|6.06|5.95|6.07|5.95|16.11|6.00|18717410|111706272.00|1|0.0000|0.0000|0.0000|0|6.00
龙江交通|601188|-0.56|56178114|197034768.00|-1.69|0.28|-3.09|3.54|3.50|3.57|3.45|56.18|3.56|83301215|295141728.00|1|0.0000|0.0000|0.0000|0|3.56
东兴证券|601198|-0.77|26325258|304795392.00|-0.52|0.43|-1.63|11.56|11.59|11.70|11.46|26.33|11.65|22170800|257584384.00|1|0.0000|0.0000|0.0000|0|11.65
江南水务|601199|1.69|8915600|48239776.00|0.19|2.25|0.00|5.43|5.35|5.46|5.34|8.92|5.34|5087300|27195640.00|1|0.0000|0.0000|0.0000|0|5.34
上海环境|601200|0.49|9226775|75381648.00|-0.49|1.23|-0.86|8.19|8.11|8.25|8.08|9.23|8.15|4781640|39095172.00|1|0.0000|0.0000|0.0000|0|8.15
东材科技|601208|-3.25|13795010|127857008.00|-0.84|0.00|-4.61|9.23|9.46|9.54|9.10|13.80|9.54|11433250|109482456.00|1|0.0000|0.0000|0.0000|0|9.54
国泰海通|601211|-0.70|29854244|512972160.00|-0.99|0.12|-1.10|17.13|17.08|17.27|17.06|29.85|17.25|28838504|497469856.00|1|0.0000|0.0000|0.0000|0|17.25
白银有色|601212|0.34|73257398|213997792.00|-0.34|2.07|-0.69|2.91|2.89|2.96|2.88|73.26|2.90|63503231|185721200.00|1|0.0000|0.0000|0.0000|0|2.90
君正集团|601216|-0.18|35141746|193353424.00|-0.91|0.54|-1.27|5.51|5.47|5.55|5.45|35.14|5.52|28907832|159601744.00|1|0.0000|0.0000|0.0000|0|5.52
吉鑫科技|601218|-0.31|20162400|65706356.00|-0.61|0.61|-1.53|3.26|3.25|3.29|3.22|20.16|3.27|21492200|70158768.00|1|0.0000|0.0000|0.0000|0|3.27
林洋能源|601222|0.15|16013103|106264464.00|-0.45|0.75|-0.60|6.64|6.60|6.68|6.59|16.01|6.63|14429524|95846224.00|1|0.0000|0.0000|0.0000|0|6.63
陕西煤业|601225|-0.74|31502140|629871936.00|-1.63|-0.05|-2.03|20.06|19.88|20.20|19.80|31.50|20.21|29414273|594884608.00|1|0.0000|0.0000|0.0000|0|20.21
华电科工|601226|-1.08|14229650|91256736.00|-1.55|0.62|-2.17|6.39|6.36|6.50|6.32|14.23|6.46|16781650|109199080.00|1|0.0000|0.0000|0.0000|0|6.46
广州港|601228|2.16|51415400|169465904.00|-0.31|2.78|-0.31|3.31|3.23|3.33|3.23|51.42|3.24|20968100|68208488.00|1|0.0000|0.0000|0.0000|0|3.24
上海银行|601229|0.99|46157999|468157632.00|-0.30|1.49|-1.09|10.18|10.05|10.23|9.97|46.16|10.08|50646932|510230240.00|1|0.0000|0.0000|0.0000|0|10.08
环旭电子|601231|-5.80|36327477|566641536.00|-1.16|-0.79|-7.14|15.44|16.20|16.26|15.22|36.33|16.39|12547854|206645392.00|1|0.0000|0.0000|0.0000|0|16.39
桐昆股份|601233|-2.52|25371126|295811040.00|-1.26|-0.59|-2.94|11.60|11.75|11.83|11.55|25.37|11.90|12125289|143558432.00|1|0.0000|0.0000|0.0000|0|11.90
红塔证券|601236|0.26|17713827|138869632.00|-0.64|0.90|-1.02|7.84|7.77|7.89|7.74|17.71|7.82|16584815|129569824.00|1|0.0000|0.0000|0.0000|0|7.82
广汽集团|601238|-1.19|21006542|174974720.00|-0.71|0.00|-1.55|8.31|8.35|8.41|8.28|21.01|8.41|22486502|189705360.00|1|0.0000|0.0000|0.0000|0|8.41
英利汽车|601279|-0.55|11133400|40281512.00|-1.64|0.00|-2.46|3.64|3.60|3.66|3.57|11.13|3.66|11080385|40448336.00|1|0.0000|0.0000|0.0000|0|3.66
农业银行|601288|0.97|500442189|2597099776.00|-0.19|0.97|-0.39|5.22|5.16|5.22|5.15|500.44|5.17|386085415|1989944960.00|1|0.0000|0.0000|0.0000|0|5.17
青岛港|601298|-0.10|46015696|465727968.00|-0.30|5.78|-1.79|10.02|10.00|10.61|9.85|46.02|10.03|34464682|345612704.00|1|0.0000|0.0000|0.0000|0|10.03
骆驼股份|601311|-2.25|20193367|166941872.00|-0.95|-0.59|-2.73|8.24|8.35|8.38|8.20|20.19|8.43|15854820|133934992.00|1|0.0000|0.0000|0.0000|0|8.43
中国平安|601318|-0.73|37334782|1927750528.00|-0.91|0.27|-0.93|51.48|51.39|52.00|51.38|37.33|51.86|28327427|1467236096.00|1|0.0000|0.0000|0.0000|0|51.86
中国人保|601319|0.72|46998413|328908608.00|-1.14|0.86|-1.14|7.04|6.91|7.05|6.91|47.00|6.99|43592900|304183200.00|1|0.0000|0.0000|0.0000|0|6.99
秦港股份|601326|1.48|30221178|102703984.00|-0.89|1.78|-1.19|3.42|3.34|3.43|3.33|30.22|3.37|19862837|66360236.00|1|0.0000|0.0000|0.0000|0|3.37
交通银行|601328|1.19|131902287|1005777664.00|-1.06|1.32|-1.06|7.67|7.50|7.68|7.50|131.90|7.58|167344227|1256645760.00|1|0.0000|0.0000|0.0000|0|7.58
绿色动力|601330|3.71|35923520|252233232.00|-0.30|8.46|-0.89|6.99|6.72|7.31|6.68|35.92|6.74|11262318|75609968.00|1|0.0000|0.0000|0.0000|0|6.74
广深铁路|601333|1.03|48922786|142586464.00|-0.34|1.38|-0.69|2.93|2.89|2.94|2.88|48.92|2.90|27485925|79613448.00|1|0.0000|0.0000|0.0000|0|2.90
新华保险|601336|-1.17|25106755|1306440064.00|-1.17|1.63|-1.75|51.50|51.50|52.96|51.20|25.11|52.11|22930509|1196151424.00|1|0.0000|0.0000|0.0000|0|52.11
百隆东方|601339|-1.99|8970200|48508660.00|-1.08|-0.90|-3.07|5.42|5.47|5.48|5.36|8.97|5.53|8507913|46381616.00|1|0.0000|0.0000|0.0000|0|5.53
三六零|601360|-0.96|41129260|428550368.00|-0.67|0.67|-1.24|10.37|10.40|10.54|10.34|41.13|10.47|37534509|393446080.00|1|0.0000|0.0000|0.0000|0|10.47
利群股份|601366|2.36|7428000|35222120.00|-0.86|2.79|-1.07|4.77|4.62|4.79|4.61|7.43|4.66|3957700|18539502.00|1|0.0000|0.0000|0.0000|0|4.66
绿城水务|601368|1.46|6208300|30024748.00|-0.42|1.67|-0.63|4.86|4.77|4.87|4.76|6.21|4.79|5298450|25432796.00|1|0.0000|0.0000|0.0000|0|4.79
陕鼓动力|601369|0.00|10050165|88450640.00|-0.45|1.14|-0.91|8.80|8.76|8.90|8.72|10.05|8.80|11864522|105429168.00|1|0.0000|0.0000|0.0000|0|8.80
中原证券|601375|0.73|33774010|139116496.00|-0.73|1.22|-0.98|4.13|4.07|4.15|4.06|33.77|4.10|28043380|114712288.00|1|0.0000|0.0000|0.0000|0|4.10
兴业证券|601377|0.51|30595810|181772752.00|-0.51|0.51|-0.67|5.96|5.90|5.96|5.89|30.60|5.93|21854734|129720000.00|1|0.0000|0.0000|0.0000|0|5.93
怡球资源|601388|10.00|119620520|310024928.00|0.00|10.00|-0.42|2.64|2.40|2.64|2.39|119.62|2.40|25616600|61651776.00|1|0.0000|0.0000|0.0000|0|2.40
中国中铁|601390|0.72|66892476|375462656.00|-0.36|1.25|-0.54|5.62|5.56|5.65|5.55|66.89|5.58|52505164|292712352.00|1|0.0000|0.0000|0.0000|0|5.58
工商银行|601398|0.58|306166881|2102242304.00|-0.44|0.73|-0.44|6.89|6.82|6.90|6.82|306.17|6.85|309974434|2116421248.00|1|0.0000|0.0000|0.0000|0|6.85
国机重装|601399|-0.31|181834496|586616832.00|-2.19|2.81|-2.50|3.19|3.13|3.29|3.12|181.83|3.20|175816703|561993856.00|1|0.0000|0.0000|0.0000|0|3.20
国联民生|601456|-0.39|14115900|145866416.00|-0.97|0.39|-1.06|10.31|10.25|10.39|10.24|14.12|10.35|13457545|139093152.00|1|0.0000|0.0000|0.0000|0|10.35
通用股份|601500|-6.23|97605491|523720064.00|-1.78|-1.78|-6.76|5.27|5.52|5.52|5.24|97.61|5.62|144594058|834325184.00|1|0.0000|0.0000|0.0000|0|5.62
中新集团|601512|0.00|2564600|19528692.00|-0.52|0.52|-0.92|7.62|7.58|7.66|7.55|2.56|7.62|1516600|11573627.00|1|0.0000|0.0000|0.0000|0|7.62
衢州东峰|601515|0.63|27415377|88127216.00|-0.63|3.79|-0.63|3.19|3.15|3.29|3.15|27.42|3.17|16847726|53623124.00|1|0.0000|0.0000|0.0000|0|3.17
吉林高速|601518|1.06|15986946|45393160.00|-0.71|1.41|-1.41|2.86|2.81|2.87|2.79|15.99|2.83|9302886|26316594.00|1|0.0000|0.0000|0.0000|0|2.83
大智慧|601519|-1.25|122142358|1176387584.00|-1.67|4.39|-1.67|9.45|9.41|9.99|9.41|122.14|9.57|179319656|1731846016.00|1|0.0000|0.0000|0.0000|0|9.57
瑞丰银行|601528|0.00|13654954|73228392.00|-0.19|0.75|-0.56|5.36|5.35|5.40|5.33|13.65|5.36|24485671|130937592.00|1|0.0000|0.0000|0.0000|0|5.36
东吴证券|601555|-0.89|28199210|220278768.00|-0.64|0.25|-1.15|7.79|7.81|7.88|7.77|28.20|7.86|20629622|161601632.00|1|0.0000|0.0000|0.0000|0|7.86
九牧王|601566|-1.12|3584200|31480536.00|-1.80|0.34|-2.59|8.79|8.73|8.92|8.66|3.58|8.89|5911100|52307704.00|1|0.0000|0.0000|0.0000|0|8.89
三星医疗|601567|-4.17|10171140|292306912.00|-1.38|-1.08|-5.01|28.51|29.34|29.43|28.26|10.17|29.75|3450400|102214360.00|1|0.0000|0.0000|0.0000|0|29.75
北元集团|601568|0.50|13226928|53459396.00|-0.50|0.99|-0.74|4.05|4.01|4.07|4.00|13.23|4.03|12125349|49056788.00|1|0.0000|0.0000|0.0000|0|4.03
长沙银行|601577|0.53|18760778|176864544.00|-0.32|0.85|-0.85|9.47|9.39|9.50|9.34|18.76|9.42|30820763|288424320.00|1|0.0000|0.0000|0.0000|0|9.42
会稽山|601579|0.16|36524473|447133760.00|-2.30|4.19|-3.37|12.20|11.90|12.69|11.77|36.52|12.18|42947764|516700288.00|1|0.0000|0.0000|0.0000|0|12.18
北辰实业|601588|0.00|15879501|27524736.00|-0.58|1.16|-1.16|1.73|1.72|1.75|1.71|15.88|1.73|7369988|12746321.00|1|0.0000|0.0000|0.0000|0|1.73
上海电影|601595|1.12|8235522|260301264.00|-1.77|2.92|-1.77|31.50|30.60|32.06|30.60|8.24|31.15|8885212|275646592.00|1|0.0000|0.0000|0.0000|0|31.15
中国外运|601598|0.19|20791859|106742184.00|-0.39|0.78|-0.97|5.15|5.12|5.18|5.09|20.79|5.14|13117267|67701424.00|1|0.0000|0.0000|0.0000|0|5.14
浙文影业|601599|0.55|8477020|30923072.00|-0.82|1.10|-1.10|3.66|3.61|3.68|3.60|8.48|3.64|7573800|27572744.00|1|0.0000|0.0000|0.0000|0|3.64
中国铝业|601600|-3.89|205172086|1485656448.00|-0.80|-0.67|-4.16|7.17|7.40|7.41|7.15|205.17|7.46|94661915|711464064.00|1|0.0000|0.0000|0.0000|0|7.46
中国太保|601601|-0.49|30906468|999011904.00|-1.11|0.83|-2.04|32.25|32.05|32.68|31.75|30.91|32.41|29800829|970902848.00|1|0.0000|0.0000|0.0000|0|32.41
长城军工|601606|-0.75|7600900|91510032.00|-0.75|0.58|-1.16|11.99|11.99|12.15|11.94|7.60|12.08|7763200|94117488.00|1|0.0000|0.0000|0.0000|0|12.08
上海医药|601607|0.16|8026086|152021472.00|-0.53|0.69|-0.58|18.94|18.81|19.04|18.80|8.03|18.91|7309073|138354736.00|1|0.0000|0.0000|0.0000|0|18.91
中信重工|601608|-3.57|164796699|766519296.00|-1.89|0.42|-3.99|4.59|4.67|4.78|4.57|164.80|4.76|197435577|945348160.00|1|0.0000|0.0000|0.0000|0|4.76
金田股份|601609|-1.42|12407218|77894912.00|-1.26|-0.16|-2.04|6.27|6.28|6.35|6.23|12.41|6.36|9921500|63362096.00|1|0.0000|0.0000|0.0000|0|6.36
中国核建|601611|0.77|71256712|655623616.00|-0.88|3.31|-1.55|9.13|8.98|9.36|8.92|71.26|9.06|98065499|895051072.00|1|0.0000|0.0000|0.0000|0|9.06
明阳智能|601615|-0.73|19281334|210729136.00|-1.01|1.92|-1.19|10.86|10.83|11.15|10.81|19.28|10.94|15230560|166099680.00|1|0.0000|0.0000|0.0000|0|10.94
广电电气|601616|-0.45|18835000|83622312.00|-1.35|0.90|-1.57|4.44|4.40|4.50|4.39|18.83|4.46|17325600|77534784.00|1|0.0000|0.0000|0.0000|0|4.46
中国中冶|601618|0.99|101561817|309899680.00|-0.33|1.65|-0.99|3.06|3.02|3.08|3.00|101.56|3.03|79749143|242103744.00|1|0.0000|0.0000|0.0000|0|3.03
嘉泽新能|601619|3.90|79814867|293245248.00|-0.28|5.01|-0.84|3.73|3.58|3.77|3.56|79.81|3.59|40068759|143964096.00|1|0.0000|0.0000|0.0000|0|3.59
中国人寿|601628|-0.16|11629154|433910816.00|-0.70|0.72|-1.31|37.34|37.14|37.67|36.91|11.63|37.40|11723121|438206624.00|1|0.0000|0.0000|0.0000|0|37.40
长城汽车|601633|-2.19|17646631|443461344.00|-1.09|-0.51|-2.62|25.02|25.30|25.45|24.91|17.65|25.58|12665927|323182208.00|1|0.0000|0.0000|0.0000|0|25.58
旗滨集团|601636|0.17|9060023|52300936.00|-0.52|0.87|-0.87|5.78|5.74|5.82|5.72|9.06|5.77|9831700|56770244.00|1|0.0000|0.0000|0.0000|0|5.77
邮储银行|601658|0.58|174088287|904773120.00|-0.58|0.58|-0.58|5.22|5.16|5.22|5.16|174.09|5.19|192909046|999223360.00|1|0.0000|0.0000|0.0000|0|5.19
齐鲁银行|601665|0.16|22978954|141565312.00|-0.32|0.49|-1.29|6.19|6.16|6.21|6.10|22.98|6.18|39621019|243829840.00|1|0.0000|0.0000|0.0000|0|6.18
平煤股份|601666|0.00|10159020|88543192.00|-0.11|0.34|-0.69|8.73|8.72|8.76|8.67|10.16|8.73|12391408|108339320.00|1|0.0000|0.0000|0.0000|0|8.73
中国建筑|601668|0.57|201048374|1068249728.00|-0.57|1.52|-0.57|5.31|5.25|5.36|5.25|201.05|5.28|150384522|793135616.00|1|0.0000|0.0000|0.0000|0|5.28
中国电建|601669|0.62|77816355|377264352.00|-0.41|1.24|-0.83|4.86|4.81|4.89|4.79|77.82|4.83|44876914|216406464.00|1|0.0000|0.0000|0.0000|0|4.83
明泰铝业|601677|-1.41|15418048|194779760.00|-0.63|-0.47|-1.95|12.62|12.72|12.74|12.55|15.42|12.80|10656554|136829680.00|1|0.0000|0.0000|0.0000|0|12.80
滨化股份|601678|1.01|49014349|194284480.00|-1.26|1.77|-2.02|4.00|3.91|4.03|3.88|49.01|3.96|44337915|176193232.00|1|0.0000|0.0000|0.0000|0|3.96
友发集团|601686|0.36|1993700|10963900.00|-0.91|0.73|-0.91|5.53|5.46|5.55|5.46|1.99|5.51|1719140|9461123.00|1|0.0000|0.0000|0.0000|0|5.51
华泰证券|601688|-0.73|67389669|1095602176.00|-0.79|0.00|-1.40|16.26|16.25|16.38|16.15|67.39|16.38|50487207|827896512.00|1|0.0000|0.0000|0.0000|0|16.38
拓普集团|601689|-3.13|26110607|1504883200.00|-1.44|1.28|-3.32|56.61|57.60|59.19|56.50|26.11|58.44|23951748|1397037184.00|1|0.0000|0.0000|0.0000|0|58.44
中银证券|601696|-0.28|10166166|107161240.00|-0.76|0.47|-0.95|10.52|10.47|10.60|10.45|10.17|10.55|10607500|111713880.00|1|0.0000|0.0000|0.0000|0|10.55
中国卫通|601698|1.75|27353618|539369728.00|-0.98|2.57|-1.44|19.78|19.25|19.94|19.16|27.35|19.44|16332500|316620768.00|1|0.0000|0.0000|0.0000|0|19.44
潞安环能|601699|0.25|7057713|86177296.00|-0.65|0.41|-0.90|12.27|12.16|12.29|12.13|7.06|12.24|9089630|111640664.00|1|0.0000|0.0000|0.0000|0|12.24
风范股份|601700|0.22|8686900|39451508.00|-0.88|1.10|-1.10|4.55|4.50|4.59|4.49|8.69|4.54|11689300|53475308.00|1|0.0000|0.0000|0.0000|0|4.54
华峰铝业|601702|-2.66|5715109|108981752.00|-0.41|0.10|-3.63|19.06|19.50|19.60|18.87|5.72|19.58|2708867|53340152.00|1|0.0000|0.0000|0.0000|0|19.58
中创智领|601717|-1.42|34691051|531752992.00|-0.58|-0.32|-2.19|15.30|15.43|15.47|15.18|34.69|15.52|41429208|645538304.00|1|0.0000|0.0000|0.0000|0|15.52
际华集团|601718|0.75|33021046|87875024.00|-0.38|1.13|-0.75|2.67|2.64|2.68|2.63|33.02|2.65|20482573|54344880.00|1|0.0000|0.0000|0.0000|0|2.65
上海电气|601727|-0.65|70007515|535900800.00|-1.04|0.39|-1.56|7.64|7.61|7.72|7.57|70.01|7.69|83781744|645563648.00|1|0.0000|0.0000|0.0000|0|7.69
中国电信|601728|1.90|118706727|947320064.00|-0.38|2.28|-0.63|8.03|7.85|8.06|7.83|118.71|7.88|80060137|627581248.00|1|0.0000|0.0000|0.0000|0|7.88
中国中车|601766|-0.29|81502128|563104192.00|-1.01|0.58|-1.30|6.91|6.86|6.97|6.84|81.50|6.93|79293364|551705280.00|1|0.0000|0.0000|0.0000|0|6.93
千里科技|601777|-2.80|44310100|371523584.00|-1.52|-0.47|-3.73|8.33|8.44|8.53|8.25|44.31|8.57|45792054|387500832.00|1|0.0000|0.0000|0.0000|0|8.57
晶科科技|601778|1.43|48800869|137782800.00|-0.71|1.79|-0.71|2.84|2.78|2.85|2.78|48.80|2.80|27316300|76455144.00|1|0.0000|0.0000|0.0000|0|2.80
光大证券|601788|-0.12|14270458|244241632.00|-0.76|0.41|-0.88|17.11|17.00|17.20|16.98|14.27|17.13|12505119|214574112.00|1|0.0000|0.0000|0.0000|0|17.13
宁波建工|601789|-0.72|39775100|218566400.00|-1.45|1.08|-2.17|5.49|5.45|5.59|5.41|39.78|5.53|42303200|235231984.00|1|0.0000|0.0000|0.0000|0|5.53
蓝科高新|601798|0.00|11186800|72592112.00|-1.23|0.77|-1.54|6.49|6.41|6.54|6.39|11.19|6.49|11246400|73637528.00|1|0.0000|0.0000|0.0000|0|6.49
星宇股份|601799|-1.84|1093762|143782704.00|-1.25|-0.66|-2.87|131.53|132.31|133.10|130.15|1.09|133.99|1273632|170821456.00|1|0.0000|0.0000|0.0000|0|133.99
中国交建|601800|0.87|27200400|252944224.00|-0.54|1.30|-0.54|9.31|9.18|9.35|9.18|27.20|9.23|19494700|180245808.00|1|0.0000|0.0000|0.0000|0|9.23
皖新传媒|601801|0.86|17179029|119796600.00|-0.86|1.15|-1.15|7.02|6.90|7.04|6.88|17.18|6.96|10754600|74868312.00|1|0.0000|0.0000|0.0000|0|6.96
中海油服|601808|-0.35|11420268|160142112.00|-0.64|0.28|-1.35|14.04|14.00|14.13|13.90|11.42|14.09|13082484|184203504.00|1|0.0000|0.0000|0.0000|0|14.09
新华文轩|601811|0.13|6424321|99771072.00|-0.71|1.88|-1.36|15.48|15.35|15.75|15.25|6.42|15.46|7056076|109662224.00|1|0.0000|0.0000|0.0000|0|15.46
京沪高铁|601816|1.06|126184311|717126336.00|-0.71|1.59|-1.06|5.71|5.61|5.74|5.59|126.18|5.65|62900418|354947392.00|1|0.0000|0.0000|0.0000|0|5.65
光大银行|601818|0.26|112041579|426992768.00|-0.79|0.79|-0.79|3.82|3.78|3.84|3.78|112.04|3.81|219359243|833159104.00|1|0.0000|0.0000|0.0000|0|3.81
沪农商行|601825|0.35|20487470|175238624.00|-0.12|0.58|-1.75|8.61|8.57|8.63|8.43|20.49|8.58|23779300|203833440.00|1|0.0000|0.0000|0.0000|0|8.58
三峰环境|601827|1.07|3859800|32702812.00|-0.48|1.55|-0.60|8.49|8.36|8.53|8.35|3.86|8.40|4124000|34873068.00|1|0.0000|0.0000|0.0000|0|8.40
美凯龙|601828|2.67|25775980|79452216.00|-0.33|7.67|-0.67|3.08|2.99|3.23|2.98|25.78|3.00|7658397|23074180.00|1|0.0000|0.0000|0.0000|0|3.00
成都银行|601838|0.23|14320995|247536640.00|-0.41|0.58|-0.69|17.32|17.21|17.38|17.16|14.32|17.28|15161691|262196736.00|1|0.0000|0.0000|0.0000|0|17.28
中国石油|601857|-0.37|119507942|968689472.00|-1.59|0.00|-1.84|8.14|8.04|8.17|8.02|119.51|8.17|103075912|843487296.00|1|0.0000|0.0000|0.0000|0|8.17
中国科传|601858|0.61|2926036|58151160.00|-1.01|1.31|-1.21|19.91|19.59|20.05|19.55|2.93|19.79|1738468|34377008.00|1|0.0000|0.0000|0.0000|0|19.79
紫金银行|601860|0.35|46046213|129909064.00|-0.35|0.71|-0.71|2.83|2.81|2.84|2.80|46.05|2.82|60218248|169338080.00|1|0.0000|0.0000|0.0000|0|2.82
福莱特|601865|-2.07|10432293|184371248.00|-0.95|0.45|-2.13|17.50|17.70|17.95|17.49|10.43|17.87|7337000|131431336.00|1|0.0000|0.0000|0.0000|0|17.87
中远海发|601866|0.43|57511479|134849776.00|-0.43|0.85|-0.85|2.35|2.33|2.36|2.32|57.51|2.34|28964172|67868744.00|1|0.0000|0.0000|0.0000|0|2.34
中国能建|601868|0.44|249881703|574089920.00|-0.44|0.87|-0.87|2.30|2.28|2.31|2.27|249.88|2.29|121839590|278842304.00|1|0.0000|0.0000|0.0000|0|2.29
长飞光纤|601869|-1.05|3617400|123027488.00|-2.47|-0.20|-2.50|34.00|33.51|34.29|33.50|3.62|34.36|4233383|145797296.00|1|0.0000|0.0000|0.0000|0|34.36
招商轮船|601872|-1.68|49015014|315859264.00|-0.76|-0.30|-2.59|6.45|6.51|6.54|6.39|49.02|6.56|45533705|300740512.00|1|0.0000|0.0000|0.0000|0|6.56
正泰电器|601877|-1.30|7825829|184809392.00|-1.38|-0.13|-1.47|23.52|23.50|23.80|23.48|7.83|23.83|6558080|156130320.00|1|0.0000|0.0000|0.0000|0|23.83
浙商证券|601878|-0.17|32343481|369176672.00|-0.70|0.52|-1.05|11.41|11.35|11.49|11.31|32.34|11.43|26111847|298612320.00|1|0.0000|0.0000|0.0000|0|11.43
辽港股份|601880|1.99|106444876|161624608.00|-0.66|1.99|-1.32|1.54|1.50|1.54|1.49|106.44|1.51|54495142|81803416.00|1|0.0000|0.0000|0.0000|0|1.51
中国银河|601881|-0.42|51126093|841702144.00|-1.33|0.79|-1.58|16.43|16.28|16.63|16.24|51.13|16.50|58673556|968674112.00|1|0.0000|0.0000|0.0000|0|16.50
海天精工|601882|-4.57|5310000|115339584.00|-1.25|-0.09|-4.61|21.31|22.05|22.31|21.30|5.31|22.33|4405032|98678536.00|1|0.0000|0.0000|0.0000|0|22.33
江河集团|601886|0.16|12948800|79881800.00|-0.97|0.32|-1.13|6.20|6.13|6.21|6.12|12.95|6.19|16106399|99382656.00|1|0.0000|0.0000|0.0000|0|6.19
中国中免|601888|0.30|9364542|566519232.00|-0.70|0.65|-1.03|60.60|60.00|60.81|59.80|9.36|60.42|5646377|340993248.00|1|0.0000|0.0000|0.0000|0|60.42
亚星锚链|601890|-3.59|94170906|838239168.00|-2.07|-0.22|-5.33|8.87|9.01|9.18|8.71|94.17|9.20|77548201|715090688.00|1|0.0000|0.0000|0.0000|0|9.20
中煤能源|601898|0.87|28793594|297982080.00|-0.58|1.16|-0.87|10.40|10.25|10.43|10.22|28.79|10.31|22054952|227374320.00|1|0.0000|0.0000|0.0000|0|10.31
紫金矿业|601899|-2.23|216426825|3702083072.00|-0.86|-0.11|-3.60|17.11|17.35|17.48|16.87|216.43|17.50|158099014|2787581696.00|1|0.0000|0.0000|0.0000|0|17.50
南方传媒|601900|3.33|11503569|186915984.00|-1.26|3.46|-1.26|16.43|15.70|16.45|15.70|11.50|15.90|5349100|84790232.00|1|0.0000|0.0000|0.0000|0|15.90
方正证券|601901|-0.13|30002880|234556176.00|-0.77|0.38|-0.89|7.82|7.77|7.86|7.76|30.00|7.83|22955678|179833456.00|1|0.0000|0.0000|0.0000|0|7.83
京运通|601908|0.00|24844500|65609472.00|-1.51|0.75|-1.51|2.65|2.61|2.67|2.61|24.84|2.65|27144400|71721720.00|1|0.0000|0.0000|0.0000|0|2.65
浙商银行|601916|0.68|194008777|575912256.00|-0.34|1.01|-0.68|2.98|2.95|2.99|2.94|194.01|2.96|188531396|557160512.00|1|0.0000|0.0000|0.0000|0|2.96
新集能源|601918|-0.87|20631644|141233872.00|-0.87|-0.43|-1.73|6.86|6.86|6.89|6.80|20.63|6.92|16863100|116673728.00|1|0.0000|0.0000|0.0000|0|6.92
中远海控|601919|-2.95|122293171|1736069632.00|-1.64|-1.64|-3.77|14.16|14.35|14.35|14.04|122.29|14.59|51586718|752842816.00|1|0.0000|0.0000|0.0000|0|14.59
浙版传媒|601921|0.51|12588800|99546992.00|-0.51|1.14|-0.89|7.93|7.85|7.98|7.82|12.59|7.89|6806796|53762700.00|1|0.0000|0.0000|0.0000|0|7.89
凤凰传媒|601928|2.30|25081734|286956576.00|-0.71|2.66|-0.98|11.54|11.20|11.58|11.17|25.08|11.28|18470989|207699440.00|1|0.0000|0.0000|0.0000|0|11.28
吉视传媒|601929|-1.07|56768710|105425000.00|-1.07|0.53|-1.60|1.85|1.85|1.88|1.84|56.77|1.87|87674699|163710608.00|1|0.0000|0.0000|0.0000|0|1.87
永辉超市|601933|9.91|556107818|2779952384.00|-0.43|9.91|-1.29|5.10|4.62|5.10|4.58|556.11|4.64|119007425|548973248.00|1|0.0000|0.0000|0.0000|0|4.64
建设银行|601939|1.71|135155542|1197318144.00|-0.57|1.71|-0.80|8.92|8.72|8.92|8.70|135.16|8.77|92171300|804375744.00|1|0.0000|0.0000|0.0000|0|8.77
中国出版|601949|2.03|32278338|224993744.00|-1.02|2.76|-1.45|7.02|6.81|7.07|6.78|32.28|6.88|19188953|131938608.00|1|0.0000|0.0000|0.0000|0|6.88
苏垦农发|601952|2.30|21154332|205935776.00|-0.21|2.72|-0.31|9.78|9.54|9.82|9.53|21.15|9.56|3448130|32899760.00|1|0.0000|0.0000|0.0000|0|9.56
东贝集团|601956|-1.11|8577360|45899868.00|-1.48|0.18|-2.22|5.35|5.33|5.42|5.29|8.58|5.41|10040300|54520496.00|1|0.0000|0.0000|0.0000|0|5.41
金钼股份|601958|-2.35|26609175|277417824.00|-0.28|-0.19|-2.54|10.37|10.59|10.60|10.35|26.61|10.62|17745132|188594752.00|1|0.0000|0.0000|0.0000|0|10.62
重庆银行|601963|1.89|10364166|99721784.00|-0.21|2.20|-0.94|9.72|9.52|9.75|9.45|10.36|9.54|6159196|58774364.00|1|0.0000|0.0000|0.0000|0|9.54
中国汽研|601965|-3.14|8375769|160640112.00|-1.01|-0.91|-4.05|19.14|19.56|19.58|18.96|8.38|19.76|12316931|242291072.00|1|0.0000|0.0000|0.0000|0|19.76
玲珑轮胎|601966|-4.58|27932899|478425184.00|-1.07|-1.02|-4.69|16.89|17.51|17.52|16.87|27.93|17.70|5849729|103792760.00|1|0.0000|0.0000|0.0000|0|17.70
宝钢包装|601968|0.63|5325748|25233164.00|0.00|0.63|-1.05|4.77|4.74|4.77|4.69|5.33|4.74|3937300|18710762.00|1|0.0000|0.0000|0.0000|0|4.74
海南矿业|601969|-0.28|12049138|87086648.00|-0.41|0.69|-1.24|7.23|7.22|7.30|7.16|12.05|7.25|12447843|90501616.00|1|0.0000|0.0000|0.0000|0|7.25
招商南油|601975|0.00|55428579|164830160.00|-0.67|0.34|-1.01|2.98|2.96|2.99|2.95|55.43|2.98|54345728|162469104.00|1|0.0000|0.0000|0.0000|0|2.98
中国核电|601985|1.08|107575541|1004508352.00|-0.75|1.29|-0.75|9.38|9.21|9.40|9.21|107.58|9.28|68934000|640202560.00|1|0.0000|0.0000|0.0000|0|9.28
中国银行|601988|1.25|168446174|947149952.00|-0.72|1.25|-0.72|5.66|5.55|5.66|5.55|168.45|5.59|160078866|891741952.00|1|0.0000|0.0000|0.0000|0|5.59
南京证券|601990|0.24|12575442|104232248.00|-0.85|0.72|-0.97|8.30|8.21|8.34|8.20|12.58|8.28|12531220|103786096.00|1|0.0000|0.0000|0.0000|0|8.28
大唐发电|601991|1.02|83052708|246919424.00|-0.34|1.36|-0.68|2.98|2.94|2.99|2.93|83.05|2.95|78683675|232131312.00|1|0.0000|0.0000|0.0000|0|2.95
金隅集团|601992|0.61|39459969|64609248.00|-0.61|1.23|-0.61|1.64|1.62|1.65|1.62|39.46|1.63|34438576|56490876.00|1|0.0000|0.0000|0.0000|0|1.63
中金公司|601995|-0.58|11528830|399350464.00|-0.66|0.40|-1.06|34.57|34.54|34.91|34.40|11.53|34.77|10629978|370342624.00|1|0.0000|0.0000|0.0000|0|34.77
丰林集团|601996|0.48|23141300|48072832.00|-0.48|1.45|-0.48|2.08|2.06|2.10|2.06|23.14|2.07|14453400|30029540.00|1|0.0000|0.0000|0.0000|0|2.07
贵阳银行|601997|0.50|32244817|192525168.00|-0.17|0.50|-0.34|5.99|5.95|5.99|5.94|32.24|5.96|53023068|315355168.00|1|0.0000|0.0000|0.0000|0|5.96
中信银行|601998|0.70|43513885|313067680.00|-0.84|1.12|-1.26|7.22|7.11|7.25|7.08|43.51|7.17|60387387|433267520.00|1|0.0000|0.0000|0.0000|0|7.17
出版传媒|601999|1.27|7776900|49666424.00|-0.63|2.85|-0.95|6.39|6.27|6.49|6.25|7.78|6.31|4837700|30658148.00|1|0.0000|0.0000|0.0000|0|6.31
人民网|603000|-0.38|8579148|181552800.00|-0.99|0.47|-1.74|21.13|21.00|21.31|20.84|8.58|21.21|6542370|138729680.00|1|0.0000|0.0000|0.0000|0|21.21
奥康国际|603001|-0.92|3881800|20976660.00|-1.29|1.10|-1.66|5.38|5.36|5.49|5.34|3.88|5.43|3276100|17803672.00|1|0.0000|0.0000|0.0000|0|5.43
宏昌电子|603002|-1.89|18968450|108519304.00|-2.06|0.00|-3.09|5.71|5.70|5.82|5.64|18.97|5.82|18125000|106196352.00|1|0.0000|0.0000|0.0000|0|5.82
鼎龙科技|603004|-1.83|2476148|52064020.00|-0.98|0.70|-2.81|20.93|21.11|21.47|20.72|2.48|21.32|1652000|35372180.00|1|0.0000|0.0000|0.0000|0|21.32
晶方科技|603005|-1.45|17619032|527653280.00|-1.75|0.69|-2.41|29.89|29.80|30.54|29.60|17.62|30.33|17335834|528885184.00|1|0.0000|0.0000|0.0000|0|30.33
联明股份|603006|-0.89|8255218|101142712.00|0.00|2.58|-3.80|12.27|12.38|12.70|11.91|8.26|12.38|10124200|127094392.00|1|0.0000|0.0000|0.0000|0|12.38
*ST花王|603007|-0.40|16329395|81969144.00|-1.80|3.00|-2.00|4.98|4.91|5.15|4.90|16.33|5.00|22456483|113027344.00|1|0.0000|0.0000|0.0000|0|5.00
喜临门|603008|-1.67|4908000|83867368.00|-0.81|-0.17|-2.88|17.05|17.20|17.31|16.84|4.91|17.34|3254500|56244540.00|1|0.0000|0.0000|0.0000|0|17.34
北特科技|603009|-1.94|8909972|393087520.00|-1.83|0.07|-2.92|44.00|44.05|44.90|43.56|8.91|44.87|8805700|391845344.00|1|0.0000|0.0000|0.0000|0|44.87
万盛股份|603010|-0.58|3571361|36404824.00|-1.84|0.19|-2.82|10.24|10.11|10.32|10.01|3.57|10.30|4148700|43002692.00|1|0.0000|0.0000|0.0000|0|10.30
合锻智能|603011|-6.68|149112032|1976901888.00|-0.23|5.93|-8.25|12.44|13.30|14.12|12.23|149.11|13.33|162408617|2206380800.00|1|0.0000|0.0000|0.0000|0|13.33
创力集团|603012|-1.19|9695900|56711464.00|-1.36|0.85|-2.20|5.83|5.82|5.95|5.77|9.70|5.90|9390600|55651028.00|1|0.0000|0.0000|0.0000|0|5.90
亚普股份|603013|-4.66|8869900|145611856.00|-1.42|-0.35|-5.60|16.17|16.72|16.90|16.01|8.87|16.96|9666500|163493824.00|1|0.0000|0.0000|0.0000|0|16.96
弘讯科技|603015|-2.31|35348628|512714976.00|-1.56|2.58|-4.21|14.37|14.48|15.09|14.09|35.35|14.71|50638694|743036096.00|1|0.0000|0.0000|0.0000|0|14.71
新宏泰|603016|-2.37|1328400|38457804.00|-0.81|0.31|-3.43|28.78|29.24|29.57|28.47|1.33|29.48|803500|23538610.00|1|0.0000|0.0000|0.0000|0|29.48
中衡设计|603017|0.71|2185400|18562308.00|-0.94|1.18|-1.18|8.54|8.40|8.58|8.38|2.19|8.48|1807700|15359667.00|1|0.0000|0.0000|0.0000|0|8.48
华设集团|603018|0.24|5613250|46120712.00|-0.24|0.61|-0.97|8.25|8.21|8.28|8.15|5.61|8.23|5328100|43901336.00|1|0.0000|0.0000|0.0000|0|8.23
中科曙光|603019|-0.38|17991083|1174702464.00|-0.69|0.75|-1.33|65.22|65.02|65.96|64.60|17.99|65.47|13970562|918702528.00|1|0.0000|0.0000|0.0000|0|65.47
爱普股份|603020|0.79|4935900|44124832.00|-1.02|2.37|-1.47|8.92|8.76|9.06|8.72|4.94|8.85|3535800|31327848.00|1|0.0000|0.0000|0.0000|0|8.85
ST华鹏|603021|2.37|11224295|43349496.00|-0.53|4.47|-0.79|3.89|3.78|3.97|3.77|11.22|3.80|6093100|23235856.00|1|0.0000|0.0000|0.0000|0|3.80
新通联|603022|-0.59|2910500|24531924.00|-0.70|0.00|-2.81|8.49|8.48|8.54|8.30|2.91|8.54|4871800|41701228.00|1|0.0000|0.0000|0.0000|0|8.54
威帝股份|603023|0.97|2928739|9050140.00|-0.32|1.62|-1.62|3.11|3.07|3.13|3.03|2.93|3.08|3762200|11706338.00|1|0.0000|0.0000|0.0000|0|3.08
大豪科技|603025|-1.36|5474252|75667360.00|-0.93|0.21|-1.72|13.77|13.83|13.99|13.72|5.47|13.96|4888568|68447944.00|1|0.0000|0.0000|0.0000|0|13.96
石大胜华|603026|-0.20|1979500|70516152.00|-1.06|0.59|-2.12|35.81|35.50|36.09|35.12|1.98|35.88|1365700|49171464.00|1|0.0000|0.0000|0.0000|0|35.88
千禾味业|603027|0.09|8448910|96331144.00|-0.88|0.61|-1.31|11.43|11.32|11.49|11.27|8.45|11.42|12045694|137045504.00|1|0.0000|0.0000|0.0000|0|11.42
赛福天|603028|-0.16|12063820|74154048.00|-0.81|0.81|-1.62|6.16|6.12|6.22|6.07|12.06|6.17|14279960|88836504.00|1|0.0000|0.0000|0.0000|0|6.17
天鹅股份|603029|2.32|3513099|60130592.00|-0.42|3.39|-1.01|17.21|16.75|17.39|16.65|3.51|16.82|1103410|18595060.00|1|0.0000|0.0000|0.0000|0|16.82
全筑股份|603030|1.21|10262000|25326264.00|-0.40|1.62|-3.64|2.50|2.46|2.51|2.38|10.26|2.47|10357500|25578686.00|1|0.0000|0.0000|0.0000|0|2.47
安孚科技|603031|-0.85|1966470|57211596.00|-1.46|0.00|-2.67|29.30|29.12|29.55|28.76|1.97|29.55|2044300|60069492.00|1|0.0000|0.0000|0.0000|0|29.55
德新科技|603032|-1.43|2880400|39844756.00|-1.72|0.50|-2.22|13.77|13.73|14.04|13.66|2.88|13.97|5362400|76338912.00|1|0.0000|0.0000|0.0000|0|13.97
三维股份|603033|-0.35|2024225|23176494.00|-0.95|0.09|-1.30|11.49|11.42|11.54|11.38|2.02|11.53|1446500|16688990.00|1|0.0000|0.0000|0.0000|0|11.53
常熟汽饰|603035|-2.23|7115300|103315552.00|-0.88|-0.34|-3.18|14.45|14.65|14.73|14.31|7.12|14.78|4472847|66325476.00|1|0.0000|0.0000|0.0000|0|14.78
如通股份|603036|0.69|1994500|29104504.00|-1.51|1.03|-1.51|14.69|14.37|14.74|14.37|1.99|14.59|2143400|31531032.00|1|0.0000|0.0000|0.0000|0|14.59
凯众股份|603037|-4.08|8033191|129404352.00|-1.50|0.12|-5.64|15.98|16.41|16.68|15.72|8.03|16.66|6769556|113944768.00|1|0.0000|0.0000|0.0000|0|16.66
华立股份|603038|-4.01|25712288|387472544.00|-1.53|-1.53|-5.60|15.08|15.47|15.47|14.83|25.71|15.71|21148271|323383072.00|1|0.0000|0.0000|0.0000|0|15.71
泛微网络|603039|-1.14|1658600|109181640.00|-1.17|0.42|-2.91|65.98|65.96|67.02|64.80|1.66|66.74|2606000|174994800.00|1|0.0000|0.0000|0.0000|0|66.74
新坐标|603040|-4.72|2602200|73297360.00|-1.16|-1.06|-5.71|27.86|28.90|28.93|27.57|2.60|29.24|1791169|52378568.00|1|0.0000|0.0000|0.0000|0|29.24
美思德|603041|1.11|3282420|38397304.00|-1.11|1.54|-2.05|11.83|11.57|11.88|11.46|3.28|11.70|2400360|28095578.00|1|0.0000|0.0000|0.0000|0|11.70
华脉科技|603042|-1.22|5574656|72521232.00|-1.98|0.92|-2.44|12.95|12.85|13.23|12.79|5.57|13.11|5632500|74180304.00|1|0.0000|0.0000|0.0000|0|13.11
广州酒家|603043|1.01|2673328|42789304.00|-0.32|1.95|-0.82|16.02|15.81|16.17|15.73|2.67|15.86|1864300|29601736.00|1|0.0000|0.0000|0.0000|0|15.86
福达合金|603045|-0.18|11298297|191485024.00|-2.35|3.47|-4.47|16.98|16.61|17.60|16.25|11.30|17.01|13054978|219032368.00|1|0.0000|0.0000|0.0000|0|17.01
浙江黎明|603048|-1.87|2085100|36202968.00|-1.53|0.00|-3.40|17.32|17.38|17.65|17.05|2.09|17.65|1883028|33352302.00|1|0.0000|0.0000|0.0000|0|17.65
科林电气|603050|-0.33|1501040|22247686.00|-0.54|0.40|-1.54|14.88|14.85|14.99|14.70|1.50|14.93|1189730|17806612.00|1|0.0000|0.0000|0.0000|0|14.93
鹿山新材|603051|-0.36|1391900|34838828.00|0.00|0.92|-1.67|25.03|25.12|25.35|24.70|1.39|25.12|1165218|29520288.00|1|0.0000|0.0000|0.0000|0|25.12
可川科技|603052|-2.09|960976|34648948.00|0.76|0.76|-3.15|36.04|37.09|37.09|35.65|0.96|36.81|976900|36339848.00|1|0.0000|0.0000|0.0000|0|36.81
成都燃气|603053|1.15|3410400|32850974.00|0.00|1.46|-0.73|9.67|9.56|9.70|9.49|3.41|9.56|1568200|14975898.00|1|0.0000|0.0000|0.0000|0|9.56
台华新材|603055|-3.36|10046840|114012912.00|-0.86|-0.60|-3.79|11.22|11.51|11.54|11.17|10.05|11.61|7301900|85177080.00|1|0.0000|0.0000|0.0000|0|11.61
德邦股份|603056|-0.48|4902918|71044800.00|-0.62|0.89|-1.24|14.46|14.44|14.66|14.35|4.90|14.53|3750895|54641992.00|1|0.0000|0.0000|0.0000|0|14.53
紫燕食品|603057|0.45|1180100|23500368.00|0.35|0.70|-1.15|20.01|19.99|20.06|19.69|1.18|19.92|1327299|26616232.00|1|0.0000|0.0000|0.0000|0|19.92
永吉股份|603058|-0.85|6469100|52959208.00|-1.70|0.73|-2.06|8.18|8.11|8.31|8.08|6.47|8.25|6221309|51689120.00|1|0.0000|0.0000|0.0000|0|8.25
倍加洁|603059|-3.24|802300|19107036.00|-1.52|0.33|-4.10|23.61|24.03|24.48|23.40|0.80|24.40|669500|16340276.00|1|0.0000|0.0000|0.0000|0|24.40
国检集团|603060|-0.14|2302891|16039774.00|-1.15|0.72|-1.15|6.97|6.90|7.03|6.90|2.30|6.98|2340952|16361849.00|1|0.0000|0.0000|0.0000|0|6.98
金海通|603061|-1.30|594700|47625108.00|-1.08|0.66|-1.95|79.83|80.01|81.41|79.30|0.59|80.88|841700|68597616.00|1|0.0000|0.0000|0.0000|0|80.88
麦加芯彩|603062|4.34|6196596|327047776.00|-2.67|4.34|-6.77|55.97|52.21|55.97|50.01|6.20|53.64|6415627|337471968.00|1|0.0000|0.0000|0.0000|0|53.64
禾望电气|603063|-9.92|41520273|1357447424.00|-2.74|-2.05|-10.01|31.60|34.12|34.36|31.57|41.52|35.08|39492803|1379244288.00|1|0.0000|0.0000|0.0000|0|35.08
宿迁联盛|603065|0.00|2256400|17344842.00|-0.26|1.04|-1.43|7.70|7.68|7.78|7.59|2.26|7.70|2746900|21306728.00|1|0.0000|0.0000|0.0000|0|7.70
音飞储存|603066|-0.44|10589800|120748976.00|-0.61|1.05|-2.27|11.42|11.40|11.59|11.21|10.59|11.47|8918000|102606176.00|1|0.0000|0.0000|0.0000|0|11.47
振华股份|603067|-3.26|10443418|179796912.00|-0.51|-0.51|-4.39|17.19|17.68|17.68|16.99|10.44|17.77|5994862|106788360.00|1|0.0000|0.0000|0.0000|0|17.77
博通集成|603068|-4.39|5762900|203424160.00|-1.59|0.58|-5.46|34.84|35.86|36.65|34.45|5.76|36.44|5573164|204653584.00|1|0.0000|0.0000|0.0000|0|36.44
海汽集团|603069|1.28|3899900|67731248.00|-0.58|1.86|-0.87|17.42|17.10|17.52|17.05|3.90|17.20|2719300|47019588.00|1|0.0000|0.0000|0.0000|0|17.20
万控智造|603070|-1.84|2768000|37331096.00|0.00|1.03|-2.28|13.36|13.61|13.75|13.30|2.77|13.61|2182800|29939532.00|1|0.0000|0.0000|0.0000|0|13.61
物产环能|603071|0.70|1746500|22501748.00|-0.39|0.78|-0.86|12.94|12.80|12.95|12.74|1.75|12.85|1258289|16163178.00|1|0.0000|0.0000|0.0000|0|12.85
天和磁材|603072|10.00|30634864|1546906880.00|1.36|10.00|-2.36|53.24|49.06|53.24|47.26|30.63|48.40|30611505|1437436160.00|1|0.0000|0.0000|0.0000|0|48.40
彩蝶实业|603073|-2.00|3150798|50903340.00|-2.24|-0.24|-3.46|16.16|16.12|16.45|15.92|3.15|16.49|5462753|90198952.00|1|0.0000|0.0000|0.0000|0|16.49
热威股份|603075|-2.81|3143413|64234896.00|-1.62|-0.91|-4.24|20.38|20.63|20.78|20.08|3.14|20.97|2848670|59878276.00|1|0.0000|0.0000|0.0000|0|20.97
乐惠国际|603076|0.86|2907843|66433136.00|-0.77|7.35|-2.07|22.36|22.00|23.80|21.71|2.91|22.17|865100|19281572.00|1|0.0000|0.0000|0.0000|0|22.17
和邦生物|603077|0.00|45021055|82311624.00|-0.55|0.55|-1.09|1.83|1.82|1.84|1.81|45.02|1.83|37459860|68560456.00|1|0.0000|0.0000|0.0000|0|1.83
江化微|603078|0.94|33070903|627552704.00|-2.51|2.09|-3.98|19.28|18.62|19.50|18.34|33.07|19.10|37708135|731560256.00|1|0.0000|0.0000|0.0000|0|19.10
圣达生物|603079|5.87|21909143|332412768.00|0.63|9.99|-0.84|15.15|14.40|15.74|14.19|21.91|14.31|3741300|53965848.00|1|0.0000|0.0000|0.0000|0|14.31
新疆火炬|603080|1.29|2341200|38349464.00|-0.61|1.35|-0.80|16.52|16.21|16.53|16.18|2.34|16.31|1347000|21975362.00|1|0.0000|0.0000|0.0000|0|16.31
大丰实业|603081|-2.49|17118706|189082992.00|-1.33|0.36|-3.56|10.97|11.10|11.29|10.85|17.12|11.25|16169915|182384688.00|1|0.0000|0.0000|0.0000|0|11.25
北自科技|603082|-1.93|1565640|60892964.00|-0.99|0.20|-2.18|38.60|38.97|39.44|38.50|1.57|39.36|1606000|63347664.00|1|0.0000|0.0000|0.0000|0|39.36
剑桥科技|603083|-2.62|6886638|255323072.00|-1.27|0.34|-3.68|36.82|37.33|37.94|36.42|6.89|37.81|3903029|147717936.00|1|0.0000|0.0000|0.0000|0|37.81
天成自控|603085|-1.81|7534000|82299784.00|-1.45|0.36|-2.44|10.87|10.91|11.11|10.80|7.53|11.07|10946500|121030680.00|1|0.0000|0.0000|0.0000|0|11.07
先达股份|603086|0.91|17607360|97546992.00|1.28|4.01|-1.46|5.53|5.55|5.70|5.40|17.61|5.48|13900020|75622912.00|1|0.0000|0.0000|0.0000|0|5.48
甘李药业|603087|-0.62|5703735|263921680.00|-0.84|0.99|-0.99|46.11|46.01|46.86|45.94|5.70|46.40|7002548|326142944.00|1|0.0000|0.0000|0.0000|0|46.40
宁波精达|603088|-2.23|35129748|436230784.00|-2.71|1.28|-3.11|12.26|12.20|12.70|12.15|35.13|12.54|47774944|590951168.00|1|0.0000|0.0000|0.0000|0|12.54
正裕工业|603089|-1.19|4005900|39917232.00|-1.19|0.79|-3.36|10.00|10.00|10.20|9.78|4.01|10.12|5481900|55678500.00|1|0.0000|0.0000|0.0000|0|10.12
宏盛股份|603090|-3.71|3696900|82416032.00|-1.75|-0.04|-4.67|22.05|22.50|22.89|21.83|3.70|22.90|3562499|80575960.00|1|0.0000|0.0000|0.0000|0|22.90
众鑫股份|603091|-1.73|1843078|83406824.00|-1.82|-0.22|-4.90|45.48|45.44|46.18|44.01|1.84|46.28|1595057|73512648.00|1|0.0000|0.0000|0.0000|0|46.28
南华期货|603093|-0.59|10999500|148923728.00|0.00|2.22|-1.04|13.43|13.51|13.81|13.37|11.00|13.51|8261500|112324976.00|1|0.0000|0.0000|0.0000|0|13.51
越剑智能|603095|-1.46|1622940|38613660.00|-0.87|0.71|-2.41|23.68|23.82|24.20|23.45|1.62|24.03|1417060|33789164.00|1|0.0000|0.0000|0.0000|0|24.03
新经典|603096|0.51|2130500|41760452.00|-1.02|0.66|-1.22|19.75|19.45|19.78|19.41|2.13|19.65|2327380|45810520.00|1|0.0000|0.0000|0.0000|0|19.65
江苏华辰|603097|-0.98|1341100|29805252.00|-0.80|-0.09|-2.62|22.32|22.36|22.52|21.95|1.34|22.54|1221800|27663396.00|1|0.0000|0.0000|0.0000|0|22.54
森特股份|603098|0.48|12394400|128760192.00|-0.38|0.67|-2.20|10.50|10.41|10.52|10.22|12.39|10.45|12226150|129085424.00|1|0.0000|0.0000|0.0000|0|10.45
长白山|603099|6.52|21364514|728650240.00|-1.55|6.52|-1.86|34.95|32.30|34.95|32.20|21.36|32.81|10707299|355201088.00|1|0.0000|0.0000|0.0000|0|32.81
川仪股份|603100|-0.81|7241239|160350896.00|-0.99|1.49|-1.44|21.99|21.95|22.50|21.85|7.24|22.17|5146530|114680608.00|1|0.0000|0.0000|0.0000|0|22.17
汇嘉时代|603101|-0.28|3723241|26149794.00|-0.85|0.99|-2.13|7.03|6.99|7.12|6.90|3.72|7.05|7152567|50125260.00|1|0.0000|0.0000|0.0000|0|7.05
百合股份|603102|3.73|3119043|127437304.00|-0.51|6.55|-0.76|40.87|39.20|41.98|39.10|3.12|39.40|999700|39572592.00|1|0.0000|0.0000|0.0000|0|39.40
横店影视|603103|4.60|12421217|175788064.00|-1.39|5.84|-1.53|14.32|13.50|14.49|13.48|12.42|13.69|7188183|98969312.00|1|0.0000|0.0000|0.0000|0|13.69
芯能科技|603105|-0.66|8229076|74239600.00|-0.77|0.66|-1.33|8.99|8.98|9.11|8.93|8.23|9.05|7156967|65012456.00|1|0.0000|0.0000|0.0000|0|9.05
恒银科技|603106|-0.48|5683782|47461320.00|-1.67|1.31|-1.91|8.33|8.23|8.48|8.21|5.68|8.37|5503907|46090732.00|1|0.0000|0.0000|0.0000|0|8.37
上海汽配|603107|-0.73|2174340|35497608.00|-0.85|-0.06|-1.64|16.34|16.32|16.45|16.19|2.17|16.46|2177213|35930808.00|1|0.0000|0.0000|0.0000|0|16.46
润达医疗|603108|-1.15|14201300|283763936.00|-1.44|1.34|-2.04|19.85|19.79|20.35|19.67|14.20|20.08|15255900|306687616.00|1|0.0000|0.0000|0.0000|0|20.08
神驰机电|603109|-3.37|15021540|330535488.00|-3.69|2.58|-5.42|21.76|21.69|23.10|21.30|15.02|22.52|20385920|471315648.00|1|0.0000|0.0000|0.0000|0|22.52
东方材料|603110|-1.28|3785000|61562836.00|-0.79|0.49|-2.25|16.22|16.30|16.51|16.06|3.79|16.43|2942900|48693004.00|1|0.0000|0.0000|0.0000|0|16.43
康尼机电|603111|-1.01|11742100|80875680.00|-0.58|1.45|-1.30|6.84|6.87|7.01|6.82|11.74|6.91|11313300|78619696.00|1|0.0000|0.0000|0.0000|0|6.91
华翔股份|603112|-5.68|18011760|264565712.00|-1.81|0.13|-8.53|14.60|15.20|15.50|14.16|18.01|15.48|14162541|221068848.00|1|0.0000|0.0000|0.0000|0|15.48
金能科技|603113|0.69|5383200|31216798.00|-1.03|0.86|-1.21|5.84|5.74|5.85|5.73|5.38|5.80|6512000|38044508.00|1|0.0000|0.0000|0.0000|0|5.80
海星股份|603115|-1.48|1967900|28783028.00|-1.21|-0.07|-2.63|14.62|14.66|14.83|14.45|1.97|14.84|2198400|32809954.00|1|0.0000|0.0000|0.0000|0|14.84
红蜻蜓|603116|-0.55|5065626|27653724.00|-1.09|0.73|-1.46|5.45|5.42|5.52|5.40|5.07|5.48|3652480|19974652.00|1|0.0000|0.0000|0.0000|0|5.48
万林物流|603117|9.98|31260140|182212144.00|0.00|9.98|-0.73|6.06|5.51|6.06|5.47|31.26|5.51|4747400|26279782.00|1|0.0000|0.0000|0.0000|0|5.51
共进股份|603118|-2.07|16716602|167353056.00|-1.38|0.49|-2.47|9.92|9.99|10.18|9.88|16.72|10.13|13727800|139496848.00|1|0.0000|0.0000|0.0000|0|10.13
浙江荣泰|603119|-6.50|21626515|869999872.00|-4.03|1.94|-9.69|38.98|40.01|42.50|37.65|21.63|41.69|16805435|673724864.00|1|0.0000|0.0000|0.0000|0|41.69
华培动力|603121|-0.63|10353844|211723504.00|-2.62|0.39|-3.01|20.49|20.08|20.70|20.00|10.35|20.62|13548668|280821184.00|1|0.0000|0.0000|0.0000|0|20.62
合富中国|603122|-0.71|4854150|33853388.00|-1.14|0.86|-1.43|6.95|6.92|7.06|6.90|4.85|7.00|4780900|33528080.00|1|0.0000|0.0000|0.0000|0|7.00
翠微股份|603123|0.63|6986740|55284756.00|-1.01|1.01|-1.39|7.94|7.81|7.97|7.78|6.99|7.89|5906600|46647736.00|1|0.0000|0.0000|0.0000|0|7.89
江南新材|603124|2.90|7631119|358958176.00|0.00|4.40|0.00|47.19|45.86|47.88|45.86|7.63|45.86|5320030|245667408.00|1|0.0000|0.0000|0.0000|0|45.86
常青科技|603125|1.61|7598816|160730384.00|-2.14|1.76|-2.18|21.40|20.61|21.43|20.60|7.60|21.06|8126937|172980896.00|1|0.0000|0.0000|0.0000|0|21.06
中材节能|603126|0.32|8083501|51230800.00|-0.95|0.79|-1.42|6.35|6.27|6.38|6.24|8.08|6.33|9322000|59279228.00|1|0.0000|0.0000|0.0000|0|6.33
昭衍新药|603127|-2.85|14795324|298127520.00|-0.93|4.32|-3.53|19.80|20.19|21.26|19.66|14.80|20.38|24326255|512626464.00|1|0.0000|0.0000|0.0000|0|20.38
华贸物流|603128|2.07|41576249|244738032.00|-1.03|2.41|-1.20|5.93|5.75|5.95|5.74|41.58|5.81|22397770|130138552.00|1|0.0000|0.0000|0.0000|0|5.81
春风动力|603129|-10.00|3528703|610460288.00|-4.86|-4.86|-10.00|172.17|182.00|182.00|172.17|3.53|191.30|1470500|283328704.00|1|0.0000|0.0000|0.0000|0|191.30
云中马|603130|-1.77|2112700|53015692.00|-1.10|0.28|-2.24|24.99|25.16|25.51|24.87|2.11|25.44|1681400|42955556.00|1|0.0000|0.0000|0.0000|0|25.44
上海沪工|603131|-1.74|5547760|97998680.00|-0.73|1.57|-2.76|17.47|17.65|18.06|17.29|5.55|17.78|5698300|101214208.00|1|0.0000|0.0000|0.0000|0|17.78
金徽股份|603132|-1.76|2967930|34933064.00|-0.50|-0.17|-1.84|11.72|11.87|11.91|11.71|2.97|11.93|2435400|29143052.00|1|0.0000|0.0000|0.0000|0|11.93
中重科技|603135|-0.79|3356540|33683068.00|-0.99|0.30|-2.27|10.05|10.03|10.16|9.90|3.36|10.13|4726739|48026380.00|1|0.0000|0.0000|0.0000|0|10.13
天目湖|603136|0.66|6826771|83434104.00|-0.99|1.81|-0.99|12.23|12.03|12.37|12.03|6.83|12.15|5505874|66820568.00|1|0.0000|0.0000|0.0000|0|12.15
恒尚节能|603137|-0.08|1826080|21695988.00|0.00|0.25|-1.01|11.92|11.93|11.96|11.81|1.83|11.93|2540120|30218158.00|1|0.0000|0.0000|0.0000|0|11.93
海量数据|603138|1.25|5170034|75006592.00|-1.32|2.16|-1.46|14.55|14.18|14.68|14.16|5.17|14.37|2251800|32459146.00|1|0.0000|0.0000|0.0000|0|14.37
康惠股份|603139|0.59|4376650|82772672.00|0.00|2.98|-1.49|18.89|18.78|19.34|18.50|4.38|18.78|6656016|127791888.00|1|0.0000|0.0000|0.0000|0|18.78
万朗磁塑|603150|-3.00|1338200|44296128.00|-1.77|-0.47|-4.39|32.93|33.35|33.79|32.46|1.34|33.95|1417400|48591052.00|1|0.0000|0.0000|0.0000|0|33.95
邦基科技|603151|2.95|4317900|55057760.00|-0.48|3.90|-2.39|12.93|12.50|13.05|12.26|4.32|12.56|2101667|26289874.00|1|0.0000|0.0000|0.0000|0|12.56
上海建科|603153|-0.82|3280200|59130908.00|-2.57|-0.33|-2.74|18.12|17.80|18.21|17.77|3.28|18.27|2601200|47441600.00|1|0.0000|0.0000|0.0000|0|18.27
新亚强|603155|1.62|5606661|79449544.00|-1.41|2.25|-3.03|14.43|14.00|14.52|13.77|5.61|14.20|3047520|43322396.00|1|0.0000|0.0000|0.0000|0|14.20
养元饮品|603156|1.20|2952631|69019424.00|-1.20|1.76|-1.25|23.52|22.96|23.65|22.95|2.95|23.24|3072309|71016456.00|1|0.0000|0.0000|0.0000|0|23.24
腾龙股份|603158|-3.97|15400100|142834080.00|-1.67|-0.42|-4.81|9.19|9.41|9.53|9.11|15.40|9.57|12495744|119354920.00|1|0.0000|0.0000|0.0000|0|9.57
上海亚虹|603159|0.28|1640200|23542468.00|-1.66|1.04|-2.29|14.47|14.19|14.58|14.10|1.64|14.43|2809220|40743224.00|1|0.0000|0.0000|0.0000|0|14.43
汇顶科技|603160|-1.07|2913149|215479984.00|-1.30|0.64|-1.48|73.68|73.51|74.96|73.38|2.91|74.48|2514968|187752384.00|1|0.0000|0.0000|0.0000|0|74.48
科华控股|603161|-2.68|3832766|44604788.00|-1.76|-0.50|-4.69|11.62|11.73|11.88|11.38|3.83|11.94|3304434|39244532.00|1|0.0000|0.0000|0.0000|0|11.94
海通发展|603162|0.34|6213243|54804476.00|-1.24|0.45|-1.58|8.89|8.75|8.90|8.72|6.21|8.86|4450746|39497136.00|1|0.0000|0.0000|0.0000|0|8.86
圣晖集成|603163|-0.20|790300|19896192.00|-1.19|0.59|-1.62|25.25|25.00|25.45|24.89|0.79|25.30|874065|22171716.00|1|0.0000|0.0000|0.0000|0|25.30
荣晟环保|603165|-0.64|2608052|32419274.00|-0.88|0.16|-1.44|12.42|12.39|12.52|12.32|2.61|12.50|2527396|31594540.00|1|0.0000|0.0000|0.0000|0|12.50
福达股份|603166|-4.90|36679206|510823360.00|-2.69|-0.28|-5.87|13.78|14.10|14.45|13.64|36.68|14.49|42831980|611672960.00|1|0.0000|0.0000|0.0000|0|14.49
渤海轮渡|603167|1.16|24675239|215582224.00|1.97|3.01|0.00|8.73|8.80|8.89|8.63|24.68|8.63|6116500|52521232.00|1|0.0000|0.0000|0.0000|0|8.63
莎普爱思|603168|1.15|5182000|36158792.00|-0.58|1.73|-0.87|7.01|6.89|7.05|6.87|5.18|6.93|4718942|32870828.00|1|0.0000|0.0000|0.0000|0|6.93
兰石重装|603169|10.01|243618810|2285751808.00|-3.80|10.01|-3.80|9.56|8.36|9.56|8.36|243.62|8.69|340161799|2975021824.00|1|0.0000|0.0000|0.0000|0|8.69
宝立食品|603170|1.13|1857400|24649264.00|-0.91|1.36|-0.91|13.39|13.12|13.42|13.12|1.86|13.24|2090600|28083898.00|1|0.0000|0.0000|0.0000|0|13.24
税友股份|603171|0.34|2386100|106280424.00|-1.18|2.26|-1.54|44.35|43.68|45.20|43.52|2.39|44.20|2614000|115732400.00|1|0.0000|0.0000|0.0000|0|44.20
万丰股份|603172|-1.09|1681000|24230740.00|-0.75|0.00|-2.87|14.46|14.51|14.62|14.20|1.68|14.62|1909400|27946520.00|1|0.0000|0.0000|0.0000|0|14.62
福斯达|603173|-2.48|2301800|59303940.00|-1.14|0.50|-3.62|25.56|25.91|26.34|25.26|2.30|26.21|2560900|67624704.00|1|0.0000|0.0000|0.0000|0|26.21
汇通集团|603176|1.46|5120300|24677196.00|-0.63|2.09|-1.05|4.85|4.75|4.88|4.73|5.12|4.78|3247800|15653213.00|1|0.0000|0.0000|0.0000|0|4.78
德创环保|603177|-2.54|17522300|141058608.00|-3.38|-1.33|-4.59|8.07|8.00|8.17|7.90|17.52|8.28|23564200|198780048.00|1|0.0000|0.0000|0.0000|0|8.28
圣龙股份|603178|3.05|20117195|403236640.00|1.86|6.98|1.09|19.93|19.70|20.69|19.55|20.12|19.34|5072400|96563432.00|1|0.0000|0.0000|0.0000|0|19.34
新泉股份|603179|-2.83|3597768|165973312.00|-1.06|-0.11|-2.87|45.67|46.50|46.95|45.65|3.60|47.00|2503999|117731048.00|1|0.0000|0.0000|0.0000|0|47.00
金牌家居|603180|1.23|1787120|33595284.00|-1.23|1.88|-1.50|18.86|18.40|18.98|18.35|1.79|18.63|1381139|25783506.00|1|0.0000|0.0000|0.0000|0|18.63
皇马科技|603181|-4.62|11836088|146279808.00|-2.11|-0.47|-5.32|12.18|12.50|12.71|12.09|11.84|12.77|9764577|123305752.00|1|0.0000|0.0000|0.0000|0|12.77
嘉华股份|603182|1.15|1898000|23194452.00|-1.15|1.48|-1.15|12.28|12.00|12.32|12.00|1.90|12.14|1454600|17699180.00|1|0.0000|0.0000|0.0000|0|12.14
建研院|603183|0.73|9500520|39225236.00|-0.49|1.22|-0.97|4.14|4.09|4.16|4.07|9.50|4.11|8241420|33999024.00|1|0.0000|0.0000|0.0000|0|4.11
弘元绿能|603185|-0.81|4308177|63218656.00|-1.15|0.88|-1.56|14.63|14.58|14.88|14.52|4.31|14.75|4283512|63229856.00|1|0.0000|0.0000|0.0000|0|14.75
华正新材|603186|-2.27|5558901|138923072.00|-1.49|-0.51|-4.03|24.98|25.18|25.43|24.53|5.56|25.56|7138120|184389088.00|1|0.0000|0.0000|0.0000|0|25.56
海容冷链|603187|-1.21|3345512|38177256.00|-0.95|0.00|-1.99|11.39|11.42|11.53|11.30|3.35|11.53|2523242|29143086.00|1|0.0000|0.0000|0.0000|0|11.53
亚邦股份|603188|1.45|99182131|418141920.00|0.00|8.96|-3.63|4.19|4.13|4.50|3.98|99.18|4.13|37390280|152071584.00|1|0.0000|0.0000|0.0000|0|4.13
网达软件|603189|-1.36|10532900|185561568.00|-1.47|1.36|-1.87|17.45|17.43|17.93|17.36|10.53|17.69|12476800|218591152.00|1|0.0000|0.0000|0.0000|0|17.69
亚通精工|603190|-1.67|1450900|32568784.00|-1.63|0.40|-2.73|22.35|22.36|22.82|22.11|1.45|22.73|2117820|48628908.00|1|0.0000|0.0000|0.0000|0|22.73
望变电气|603191|0.68|4108600|54747528.00|-0.98|1.05|-1.05|13.37|13.15|13.42|13.14|4.11|13.28|3276286|43230932.00|1|0.0000|0.0000|0.0000|0|13.28
汇得科技|603192|2.45|9374136|169900704.00|-2.89|3.21|-4.68|18.81|17.83|18.95|17.50|9.37|18.36|11176467|206894960.00|1|0.0000|0.0000|0.0000|0|18.36
润本股份|603193|2.11|4144609|149530480.00|0.63|5.35|-0.91|35.86|35.34|37.00|34.80|4.14|35.12|2885300|100984296.00|1|0.0000|0.0000|0.0000|0|35.12
中力股份|603194|-2.39|4270573|156546048.00|-0.88|-0.16|-3.24|36.42|36.98|37.25|36.10|4.27|37.31|2797107|104910288.00|1|0.0000|0.0000|0.0000|0|37.31
公牛集团|603195|-1.95|1706574|121449256.00|-0.82|0.00|-2.02|70.80|71.62|72.21|70.75|1.71|72.21|1366269|98191440.00|1|0.0000|0.0000|0.0000|0|72.21
日播时尚|603196|-3.55|2370680|34475432.00|-2.75|0.60|-3.89|14.38|14.50|15.00|14.33|2.37|14.91|1909200|28460056.00|1|0.0000|0.0000|0.0000|0|14.91
保隆科技|603197|-5.54|5599600|237845024.00|-1.61|-0.70|-5.88|41.76|43.50|43.90|41.61|5.60|44.21|1760550|77672784.00|1|0.0000|0.0000|0.0000|0|44.21
迎驾贡酒|603198|2.09|6026113|327217408.00|-0.73|3.33|-0.77|54.26|52.76|54.92|52.74|6.03|53.15|4454495|238091680.00|1|0.0000|0.0000|0.0000|0|53.15
九华旅游|603199|1.92|4454596|165301008.00|-0.91|3.27|-0.91|37.13|36.10|37.62|36.10|4.45|36.43|2063900|74939312.00|1|0.0000|0.0000|0.0000|0|36.43
上海洗霸|603200|1.15|9548734|331610816.00|-2.01|3.09|-3.15|35.30|34.20|35.98|33.80|9.55|34.90|9579128|340577856.00|1|0.0000|0.0000|0.0000|0|34.90
常润股份|603201|-3.73|2160220|38346708.00|-1.21|0.16|-4.55|17.57|18.03|18.28|17.42|2.16|18.25|1528559|28134596.00|1|0.0000|0.0000|0.0000|0|18.25
快克智能|603203|-2.65|2269368|54703648.00|-0.77|0.16|-2.89|23.90|24.36|24.59|23.84|2.27|24.55|1988491|48883136.00|1|0.0000|0.0000|0.0000|0|24.55
健尔康|603205|1.27|1890250|72144544.00|-0.95|1.29|-1.48|38.34|37.50|38.35|37.30|1.89|37.86|1200800|45570628.00|1|0.0000|0.0000|0.0000|0|37.86
嘉环科技|603206|-2.29|5643400|101836512.00|-1.47|0.33|-3.10|17.96|18.11|18.44|17.81|5.64|18.38|4888600|90388520.00|1|0.0000|0.0000|0.0000|0|18.38
小方制药|603207|-0.52|4862578|141295216.00|-1.03|2.61|-1.89|28.95|28.80|29.86|28.55|4.86|29.10|5793347|168815888.00|1|0.0000|0.0000|0.0000|0|29.10
江山欧派|603208|1.44|2956705|45505120.00|-0.59|1.77|-0.85|15.47|15.16|15.52|15.12|2.96|15.25|2768261|42175968.00|1|0.0000|0.0000|0.0000|0|15.25
兴通股份|603209|-1.26|3401660|53355840.00|-0.95|-0.32|-2.21|15.67|15.72|15.82|15.52|3.40|15.87|3246599|51680932.00|1|0.0000|0.0000|0.0000|0|15.87
晋拓股份|603211|-0.96|7121000|124981672.00|-2.49|0.85|-2.49|17.52|17.25|17.84|17.25|7.12|17.69|10582800|190105104.00|1|0.0000|0.0000|0.0000|0|17.69
赛伍技术|603212|-2.13|9161700|97402304.00|-1.76|0.09|-2.50|10.55|10.59|10.79|10.51|9.16|10.78|14926419|161952384.00|1|0.0000|0.0000|0.0000|0|10.78
镇洋发展|603213|1.02|9960700|97605480.00|0.00|1.93|-2.64|9.93|9.83|10.02|9.57|9.96|9.83|12045452|119932512.00|1|0.0000|0.0000|0.0000|0|9.83
爱婴室|603214|5.00|9965926|206268640.00|-0.50|7.12|-0.56|20.80|19.71|21.22|19.70|9.97|19.81|3012700|59978228.00|1|0.0000|0.0000|0.0000|0|19.81
比依股份|603215|-2.99|5374500|89897040.00|-1.11|-0.23|-3.69|16.57|16.89|17.04|16.45|5.37|17.08|4040900|68839312.00|1|0.0000|0.0000|0.0000|0|17.08
梦天家居|603216|0.95|2167000|25209544.00|-1.81|1.46|-1.81|11.72|11.40|11.78|11.40|2.17|11.61|1744900|20224702.00|1|0.0000|0.0000|0.0000|0|11.61
元利科技|603217|-0.88|4653200|83695280.00|-2.19|0.33|-3.02|18.07|17.83|18.29|17.68|4.65|18.23|5948839|108051872.00|1|0.0000|0.0000|0.0000|0|18.23
日月股份|603218|-1.16|6450019|83001224.00|-0.46|0.62|-1.54|12.80|12.89|13.03|12.75|6.45|12.95|5269799|68248104.00|1|0.0000|0.0000|0.0000|0|12.95
富佳股份|603219|-4.01|5337700|85294992.00|-1.76|-0.12|-4.50|15.80|16.17|16.44|15.72|5.34|16.46|2919920|48031480.00|1|0.0000|0.0000|0.0000|0|16.46
中贝通信|603220|1.97|28227719|731604928.00|-1.47|2.08|-2.28|26.42|25.53|26.45|25.32|28.23|25.91|30545808|790774976.00|1|0.0000|0.0000|0.0000|0|25.91
爱丽家居|603221|9.97|6956900|71903264.00|0.73|9.97|0.10|10.48|9.60|10.48|9.54|6.96|9.53|1981700|18869376.00|1|0.0000|0.0000|0.0000|0|9.53
济民健康|603222|0.00|7623400|48345960.00|-0.95|2.22|-1.11|6.31|6.25|6.45|6.24|7.62|6.31|7707860|48537276.00|1|0.0000|0.0000|0.0000|0|6.31
恒通股份|603223|1.80|6210122|56174416.00|-0.34|2.47|-0.34|9.05|8.86|9.11|8.86|6.21|8.89|2373500|21177342.00|1|0.0000|0.0000|0.0000|0|8.89
新凤鸣|603225|-4.36|18147713|212141888.00|-0.90|-0.58|-5.76|11.63|12.05|12.09|11.46|18.15|12.16|7470199|90661864.00|1|0.0000|0.0000|0.0000|0|12.16
菲林格尔|603226|-1.91|3716240|24843142.00|-1.17|0.15|-3.08|6.69|6.74|6.83|6.61|3.72|6.82|6705966|45199512.00|1|0.0000|0.0000|0.0000|0|6.82
雪峰科技|603227|2.01|21747600|198833936.00|-0.67|3.46|-0.89|9.14|8.90|9.27|8.88|21.75|8.96|9744990|86687760.00|1|0.0000|0.0000|0.0000|0|8.96
景旺电子|603228|-10.01|32912182|1059897408.00|-1.98|-1.98|-10.01|31.38|34.18|34.18|31.38|32.91|34.87|12684912|440048768.00|1|0.0000|0.0000|0.0000|0|34.87
奥翔药业|603229|-0.12|9896004|85060096.00|-0.70|1.99|-1.05|8.55|8.50|8.73|8.47|9.90|8.56|7812526|66774652.00|1|0.0000|0.0000|0.0000|0|8.56
内蒙新华|603230|0.65|2986541|36602564.00|-0.41|1.15|-0.82|12.30|12.17|12.36|12.12|2.99|12.22|2623950|32099002.00|1|0.0000|0.0000|0.0000|0|12.22
索宝蛋白|603231|0.96|1328520|20795812.00|-0.64|1.09|-0.96|15.75|15.50|15.77|15.45|1.33|15.60|945851|14729041.00|1|0.0000|0.0000|0.0000|0|15.60
格尔软件|603232|-1.00|3555400|49256504.00|-1.00|0.50|-2.36|13.86|13.86|14.07|13.67|3.56|14.00|3177640|44678104.00|1|0.0000|0.0000|0.0000|0|14.00
大参林|603233|0.36|4235956|70928976.00|-0.90|1.02|-1.20|16.76|16.55|16.87|16.50|4.24|16.70|6601356|110491512.00|1|0.0000|0.0000|0.0000|0|16.70
天新药业|603235|1.39|1448514|39830932.00|-1.03|1.94|-1.03|27.64|26.98|27.79|26.98|1.45|27.26|1625612|44590124.00|1|0.0000|0.0000|0.0000|0|27.26
移远通信|603236|-9.99|21672958|1689920640.00|-1.88|-0.96|-10.00|75.13|81.90|82.67|75.12|21.67|83.47|10704260|901158528.00|1|0.0000|0.0000|0.0000|0|83.47
五芳斋|603237|1.29|2633085|49299540.00|-1.02|1.45|-1.02|18.85|18.42|18.88|18.42|2.63|18.61|1440730|26812356.00|1|0.0000|0.0000|0.0000|0|18.61
诺邦股份|603238|1.77|26238189|454099456.00|-3.19|9.21|-3.42|17.24|16.40|18.50|16.36|26.24|16.94|15979030|259945968.00|1|0.0000|0.0000|0.0000|0|16.94
浙江仙通|603239|-1.01|2679300|36573940.00|-0.72|0.14|-2.10|13.66|13.70|13.82|13.51|2.68|13.80|2438200|33557912.00|1|0.0000|0.0000|0.0000|0|13.80
鼎际得|603255|0.84|746000|23021438.00|-0.52|1.10|-1.26|31.17|30.75|31.25|30.52|0.75|30.91|912500|28293540.00|1|0.0000|0.0000|0.0000|0|30.91
宏和科技|603256|-0.58|2764400|23885256.00|-0.92|0.69|-1.96|8.64|8.61|8.75|8.52|2.76|8.69|2014300|17562740.00|1|0.0000|0.0000|0.0000|0|8.69
电魂网络|603258|0.00|4543900|101265040.00|-0.99|2.71|-1.80|22.18|21.96|22.78|21.78|4.54|22.18|3034071|67432624.00|1|0.0000|0.0000|0.0000|0|22.18
药明康德|603259|-3.83|50284049|3241373952.00|-0.83|0.51|-3.98|63.52|65.50|66.39|63.42|50.28|66.05|38346610|2555881728.00|1|0.0000|0.0000|0.0000|0|66.05
合盛硅业|603260|-0.07|1539490|83042408.00|-0.89|0.31|-1.44|54.09|53.65|54.30|53.35|1.54|54.13|3721057|201735696.00|1|0.0000|0.0000|0.0000|0|54.13
*ST立航|603261|-0.32|1554500|29438812.00|-0.89|1.00|-1.21|18.95|18.84|19.20|18.78|1.55|19.01|2326800|44618284.00|1|0.0000|0.0000|0.0000|0|19.01
天龙股份|603266|0.75|21015688|394583040.00|-0.32|3.42|-1.82|18.85|18.65|19.35|18.37|21.02|18.71|11546868|210233440.00|1|0.0000|0.0000|0.0000|0|18.71
鸿远电子|603267|0.00|9288633|525505344.00|-1.25|4.82|-1.25|55.81|55.11|58.50|55.11|9.29|55.81|10700303|598378944.00|1|0.0000|0.0000|0.0000|0|55.81
*ST松发|603268|1.31|955000|33342928.00|-0.14|2.14|-1.68|35.51|35.00|35.80|34.46|0.95|35.05|1688540|60982704.00|1|0.0000|0.0000|0.0000|0|35.05
海鸥股份|603269|-1.84|6259800|70299632.00|-1.23|0.61|-3.07|11.19|11.26|11.47|11.05|6.26|11.40|6180180|70821520.00|1|0.0000|0.0000|0.0000|0|11.40
金帝股份|603270|-6.29|7531765|185426240.00|-3.52|0.23|-6.33|23.99|24.70|25.66|23.98|7.53|25.60|5088144|130795888.00|1|0.0000|0.0000|0.0000|0|25.60
永杰新材|603271|2.27|4922593|192984944.00|-1.11|2.73|-1.31|39.70|38.39|39.88|38.31|4.92|38.82|3443477|134330240.00|1|0.0000|0.0000|0.0000|0|38.82
联翔股份|603272|-1.97|1766600|28244928.00|-1.36|0.00|-3.21|15.90|16.00|16.22|15.70|1.77|16.22|3499845|56439916.00|1|0.0000|0.0000|0.0000|0|16.22
天元智能|603273|-2.37|2620200|44551564.00|-0.29|0.12|-3.18|16.88|17.24|17.31|16.74|2.62|17.29|1529738|26527106.00|1|0.0000|0.0000|0.0000|0|17.29
众辰科技|603275|-2.53|914900|36181232.00|-1.32|0.17|-3.16|39.23|39.72|40.32|38.98|0.91|40.25|685500|27744696.00|1|0.0000|0.0000|0.0000|0|40.25
恒兴新材|603276|-3.23|8926192|121053592.00|-2.51|-1.22|-4.09|13.50|13.60|13.78|13.38|8.93|13.95|17634055|246005184.00|1|0.0000|0.0000|0.0000|0|13.95
银都股份|603277|-9.99|5450495|127623896.00|-1.33|-1.21|-9.99|23.06|25.28|25.31|23.06|5.45|25.62|1821300|46596256.00|1|0.0000|0.0000|0.0000|0|25.62
大业股份|603278|-2.03|15191200|140065456.00|-2.99|1.50|-3.74|9.17|9.08|9.50|9.01|15.19|9.36|14103604|132806888.00|1|0.0000|0.0000|0.0000|0|9.36
景津装备|603279|-0.81|2080240|35797480.00|-0.35|0.40|-1.21|17.17|17.25|17.38|17.10|2.08|17.31|1818800|31519210.00|1|0.0000|0.0000|0.0000|0|17.31
南方路机|603280|-1.63|3060416|72156608.00|-1.17|0.04|-2.59|23.52|23.63|23.92|23.29|3.06|23.91|3794577|90890168.00|1|0.0000|0.0000|0.0000|0|23.91
江瀚新材|603281|-0.48|1098400|27223788.00|-0.48|0.40|-1.40|24.80|24.80|25.02|24.57|1.10|24.92|823940|20662972.00|1|0.0000|0.0000|0.0000|0|24.92
亚光股份|603282|1.61|2267400|35399176.00|-0.58|3.61|-1.93|15.76|15.42|16.07|15.21|2.27|15.51|1265400|19773994.00|1|0.0000|0.0000|0.0000|0|15.51
赛腾股份|603283|-8.15|11052345|636608000.00|-1.80|-0.39|-9.67|56.13|60.01|60.87|55.20|11.05|61.11|3747990|229690576.00|1|0.0000|0.0000|0.0000|0|61.11
键邦股份|603285|0.64|7273667|169263552.00|-1.50|1.20|-1.67|23.46|22.96|23.59|22.92|7.27|23.31|6799299|158850752.00|1|0.0000|0.0000|0.0000|0|23.31
日盈电子|603286|-7.52|9206985|289036000.00|-3.67|0.00|-7.80|30.48|31.75|32.96|30.39|9.21|32.96|10212038|337289728.00|1|0.0000|0.0000|0.0000|0|32.96
海天味业|603288|-0.42|11662967|472588064.00|-1.67|0.07|-1.79|40.67|40.16|40.87|40.11|11.66|40.84|7169811|292282080.00|1|0.0000|0.0000|0.0000|0|40.84
泰瑞机器|603289|-2.43|9142840|81126736.00|-1.10|0.55|-3.76|8.83|8.95|9.10|8.71|9.14|9.05|11982692|108811080.00|1|0.0000|0.0000|0.0000|0|9.05
斯达半导|603290|-0.52|1882280|167297104.00|-1.09|1.15|-1.53|88.51|88.00|89.99|87.61|1.88|88.97|1243384|110629088.00|1|0.0000|0.0000|0.0000|0|88.97
联合水务|603291|0.45|3266000|43115568.00|-1.06|2.26|-1.89|13.31|13.11|13.55|13.00|3.27|13.25|2172000|28732790.00|1|0.0000|0.0000|0.0000|0|13.25
华勤技术|603296|-7.17|14982749|1094696192.00|-2.79|-1.25|-8.32|71.88|75.27|76.46|70.99|14.98|77.43|3414311|264799776.00|1|0.0000|0.0000|0.0000|0|77.43
永新光学|603297|-3.83|1605701|138129568.00|-3.37|-0.72|-4.17|85.30|85.71|88.06|85.00|1.61|88.70|1987600|179298368.00|1|0.0000|0.0000|0.0000|0|88.70
杭叉集团|603298|-8.57|16311270|328003008.00|-2.14|-0.37|-9.31|19.64|21.02|21.40|19.48|16.31|21.48|3591680|77017088.00|1|0.0000|0.0000|0.0000|0|21.48
苏盐井神|603299|-0.27|7296500|80381304.00|-0.72|0.18|-1.53|11.05|11.00|11.10|10.91|7.30|11.08|4972100|55104088.00|1|0.0000|0.0000|0.0000|0|11.08
海南华铁|603300|5.11|413488716|4603691008.00|-1.70|10.04|-1.70|11.10|10.38|11.62|10.38|413.49|10.56|303708303|3231116544.00|1|0.0000|0.0000|0.0000|0|10.56
振德医疗|603301|-1.21|3554614|78826160.00|-0.80|1.03|-2.06|22.11|22.20|22.61|21.92|3.55|22.38|3829090|85355640.00|1|0.0000|0.0000|0.0000|0|22.38
得邦照明|603303|-3.57|2539200|32488324.00|-0.99|-0.53|-4.71|12.68|13.02|13.08|12.53|2.54|13.15|2344828|30708798.00|1|0.0000|0.0000|0.0000|0|13.15
旭升集团|603305|-3.16|13207628|180168752.00|-1.65|0.36|-3.52|13.49|13.70|13.98|13.44|13.21|13.93|12696947|176104496.00|1|0.0000|0.0000|0.0000|0|13.93
华懋科技|603306|-4.22|4983970|178523888.00|-1.11|-0.05|-4.90|35.40|36.55|36.94|35.15|4.98|36.96|2105900|77985368.00|1|0.0000|0.0000|0.0000|0|36.96
扬州金泉|603307|-1.62|2453492|90113952.00|-0.21|0.05|-5.51|36.97|37.50|37.60|35.51|2.45|37.58|1963200|72837616.00|1|0.0000|0.0000|0.0000|0|37.58
应流股份|603308|-1.64|17329140|332162912.00|0.10|0.92|-4.51|19.18|19.52|19.68|18.62|17.33|19.50|13663088|264774464.00|1|0.0000|0.0000|0.0000|0|19.50
维力医疗|603309|-1.21|5445332|66439196.00|-0.73|0.40|-2.82|12.26|12.32|12.46|12.06|5.45|12.41|2668200|33217032.00|1|0.0000|0.0000|0.0000|0|12.41
巍华新材|603310|0.21|4164006|78856416.00|-1.84|1.58|-2.74|19.02|18.63|19.28|18.46|4.16|18.98|2744227|51700300.00|1|0.0000|0.0000|0.0000|0|18.98
金海高科|603311|-0.20|1889200|19220812.00|-0.29|0.59|-1.56|10.21|10.20|10.29|10.07|1.89|10.23|1538700|15748424.00|1|0.0000|0.0000|0.0000|0|10.23
西典新能|603312|-2.86|3963551|157335328.00|-0.94|0.87|-3.06|39.10|39.87|40.60|39.02|3.96|40.25|4225809|170529504.00|1|0.0000|0.0000|0.0000|0|40.25
梦百合|603313|9.98|30293146|205410224.00|1.45|9.98|1.45|6.83|6.30|6.83|6.30|30.29|6.21|5073899|31609308.00|1|0.0000|0.0000|0.0000|0|6.21
福鞍股份|603315|-2.45|11275100|149030864.00|-2.08|0.37|-3.56|13.15|13.20|13.53|13.00|11.28|13.48|14039300|189040800.00|1|0.0000|0.0000|0.0000|0|13.48
诚邦股份|603316|-0.35|4719930|26843396.00|-1.75|1.05|-1.92|5.70|5.62|5.78|5.61|4.72|5.72|3443330|19796716.00|1|0.0000|0.0000|0.0000|0|5.72
天味食品|603317|0.91|9082782|130375648.00|-0.49|1.32|-1.67|14.49|14.29|14.55|14.12|9.08|14.36|7760332|111589912.00|1|0.0000|0.0000|0.0000|0|14.36
水发燃气|603318|0.77|5639200|36841736.00|-0.77|1.23|-0.92|6.56|6.46|6.59|6.45|5.64|6.51|6320200|41335888.00|1|0.0000|0.0000|0.0000|0|6.51
美湖股份|603319|-3.60|17003062|569087424.00|-1.78|0.79|-4.33|32.98|33.60|34.48|32.73|17.00|34.21|26889972|907216576.00|1|0.0000|0.0000|0.0000|0|34.21
迪贝电气|603320|-2.57|3723229|65389396.00|-1.40|-0.11|-3.91|17.46|17.67|17.90|17.22|3.72|17.92|4207619|75646880.00|1|0.0000|0.0000|0.0000|0|17.92
梅轮电梯|603321|-1.88|10189023|80252208.00|-0.50|1.38|-2.88|7.83|7.94|8.09|7.75|10.19|7.98|14590735|116292024.00|1|0.0000|0.0000|0.0000|0|7.98
超讯通信|603322|0.00|5379796|255374352.00|-0.72|1.94|-1.50|47.39|47.05|48.31|46.68|5.38|47.39|4192700|199526016.00|1|0.0000|0.0000|0.0000|0|47.39
苏农银行|603323|-0.37|31246591|166604176.00|-0.19|0.37|-0.93|5.33|5.34|5.37|5.30|31.25|5.35|42906635|229528528.00|1|0.0000|0.0000|0.0000|0|5.35
盛剑科技|603324|-1.66|3196400|85169016.00|-1.51|1.33|-3.65|26.64|26.68|27.45|26.10|3.20|27.09|3660920|99425720.00|1|0.0000|0.0000|0.0000|0|27.09
博隆技术|603325|0.72|383620|35820904.00|-0.89|1.09|-1.40|94.00|92.50|94.35|92.02|0.38|93.33|388971|36324412.00|1|0.0000|0.0000|0.0000|0|93.33
我乐家居|603326|1.65|29559883|237165680.00|0.00|4.30|-0.38|8.03|7.90|8.24|7.87|29.56|7.90|16545573|125994240.00|1|0.0000|0.0000|0.0000|0|7.90
福蓉科技|603327|-1.62|4697813|57133388.00|-1.38|0.16|-2.27|12.12|12.15|12.34|12.04|4.70|12.32|3289579|40533748.00|1|0.0000|0.0000|0.0000|0|12.32
依顿电子|603328|-5.86|23806956|230327520.00|-1.09|-0.79|-6.16|9.48|9.96|9.99|9.45|23.81|10.07|7604900|76759320.00|1|0.0000|0.0000|0.0000|0|10.07
上海雅仕|603329|7.04|11905655|173453904.00|-1.15|9.05|-1.65|14.91|13.77|15.19|13.70|11.91|13.93|2565300|35652116.00|1|0.0000|0.0000|0.0000|0|13.93
天洋新材|603330|-6.53|55243036|444627328.00|-2.98|-2.63|-9.97|8.16|8.47|8.50|7.86|55.24|8.73|64307204|576984512.00|0|0.0000|0.0000|0.0000|0|8.73
百达精工|603331|-1.64|3392100|32541412.00|-1.44|0.41|-2.77|9.58|9.60|9.78|9.47|3.39|9.74|2565700|25125256.00|1|0.0000|0.0000|0.0000|0|9.74
苏州龙杰|603332|-0.63|6674600|63317272.00|-1.25|0.63|-2.51|9.52|9.46|9.64|9.34|6.67|9.58|5850652|56483028.00|1|0.0000|0.0000|0.0000|0|9.58
尚纬股份|603333|0.00|11594300|61869184.00|-1.50|1.31|-1.50|5.33|5.25|5.40|5.25|11.59|5.33|14341582|76988456.00|1|0.0000|0.0000|0.0000|0|5.33
迪生力|603335|10.07|24881540|108375696.00|0.00|10.07|-1.47|4.48|4.07|4.48|4.01|24.88|4.07|5607290|22849808.00|1|0.0000|0.0000|0.0000|0|4.07
宏辉果蔬|603336|3.97|77001586|401387680.00|3.17|9.13|-0.20|5.24|5.20|5.50|5.03|77.00|5.04|58228061|290808256.00|1|0.0000|0.0000|0.0000|0|5.04
杰克科技|603337|-9.35|7631633|231170784.00|-1.61|-1.31|-9.95|29.87|32.42|32.52|29.67|7.63|32.95|1754614|58218452.00|1|0.0000|0.0000|0.0000|0|32.95
浙江鼎力|603338|-7.97|10919955|602199616.00|-6.29|-4.99|-9.92|55.00|56.00|56.78|53.83|10.92|59.76|3044096|182428368.00|1|0.0000|0.0000|0.0000|0|59.76
四方科技|603339|-2.09|2520645|30939236.00|-0.40|-0.16|-2.57|12.19|12.40|12.43|12.13|2.52|12.45|2021456|25273636.00|1|0.0000|0.0000|0.0000|0|12.45
龙旗科技|603341|-3.08|2433300|103811120.00|-1.87|-0.05|-4.04|42.42|42.95|43.75|42.00|2.43|43.77|1509369|65916232.00|1|0.0000|0.0000|0.0000|0|43.77
星德胜|603344|-3.18|4375834|109924312.00|-1.01|-0.12|-4.65|25.00|25.56|25.79|24.62|4.38|25.82|3615700|93929712.00|1|0.0000|0.0000|0.0000|0|25.82
安井食品|603345|-1.01|2509456|199702624.00|-0.59|0.89|-1.81|79.35|79.69|80.87|78.71|2.51|80.16|1717009|137846784.00|1|0.0000|0.0000|0.0000|0|80.16
文灿股份|603348|-0.81|4910550|113937584.00|-1.54|0.21|-2.09|23.21|23.04|23.45|22.91|4.91|23.40|7570166|177838240.00|1|0.0000|0.0000|0.0000|0|23.40
安乃达|603350|-2.33|1455812|51750416.00|-1.41|0.64|-3.02|35.28|35.61|36.35|35.03|1.46|36.12|1570081|57021820.00|1|0.0000|0.0000|0.0000|0|36.12
威尔药业|603351|-1.50|1693240|44166224.00|0.00|2.19|-1.84|25.64|26.03|26.60|25.55|1.69|26.03|1211360|31559014.00|1|0.0000|0.0000|0.0000|0|26.03
XD和顺石|603353|-9.98|14952860|256583680.00|-9.98|-6.34|-9.98|17.04|17.04|17.73|17.04|14.95|18.93|26832724|531921888.00|1|0.0000|0.0000|0.0000|0|18.93
莱克电气|603355|-7.91|6641541|165696016.00|-1.06|-0.38|-8.21|24.22|26.02|26.20|24.14|6.64|26.30|2112540|55512152.00|1|0.0000|0.0000|0.0000|0|26.30
华菱精工|603356|0.00|1403100|18129448.00|-0.85|0.31|-1.23|12.99|12.88|13.03|12.83|1.40|12.99|1468800|19161842.00|1|0.0000|0.0000|0.0000|0|12.99
设计总院|603357|0.51|13176068|129641720.00|-0.72|1.63|-1.33|9.84|9.72|9.95|9.66|13.18|9.79|12412728|121737616.00|1|0.0000|0.0000|0.0000|0|9.79
华达科技|603358|-2.05|4502802|164626768.00|-0.81|0.13|-3.34|36.34|36.80|37.15|35.86|4.50|37.10|2532259|93549536.00|1|0.0000|0.0000|0.0000|0|37.10
东珠生态|603359|-2.24|27909206|147005456.00|-1.68|0.75|-3.36|5.23|5.26|5.39|5.17|27.91|5.35|25757171|138987520.00|1|0.0000|0.0000|0.0000|0|5.35
百傲化学|603360|-0.75|9874548|287567936.00|-0.82|2.02|-2.43|28.99|28.97|29.80|28.50|9.87|29.21|20792121|600859584.00|1|0.0000|0.0000|0.0000|0|29.21
傲农生物|603363|-0.29|5790290|19973976.00|-0.58|1.16|-0.87|3.44|3.43|3.49|3.42|5.79|3.45|5042300|17423580.00|1|0.0000|0.0000|0.0000|0|3.45
水星家纺|603365|-0.38|1160300|17938936.00|-0.83|-0.13|-3.37|15.66|15.59|15.70|15.19|1.16|15.72|1112800|17372200.00|1|0.0000|0.0000|0.0000|0|15.72
日出东方|603366|-6.24|39792848|405936704.00|-3.17|-2.51|-6.52|10.07|10.40|10.47|10.04|39.79|10.74|58413824|624648704.00|1|0.0000|0.0000|0.0000|0|10.74
辰欣药业|603367|0.07|4874900|69845592.00|-0.42|1.40|-1.19|14.29|14.22|14.48|14.11|4.87|14.28|5015399|71970632.00|1|0.0000|0.0000|0.0000|0|14.28
柳药集团|603368|-0.51|6248700|110903840.00|-0.67|0.34|-1.12|17.73|17.70|17.88|17.62|6.25|17.82|4987891|88590624.00|1|0.0000|0.0000|0.0000|0|17.82
今世缘|603369|1.00|4388201|230317664.00|-0.81|2.15|-1.38|52.52|51.58|53.12|51.28|4.39|52.00|2811935|145696880.00|1|0.0000|0.0000|0.0000|0|52.00
安邦护卫|603373|-0.56|545100|16406244.00|-1.62|0.36|-1.62|30.10|29.78|30.38|29.78|0.55|30.27|514700|15628954.00|1|0.0000|0.0000|0.0000|0|30.27
盛景微|603375|-0.91|1594302|55710212.00|-1.59|0.99|-2.13|34.93|34.69|35.60|34.50|1.59|35.25|1392600|49408724.00|1|0.0000|0.0000|0.0000|0|35.25
ST东时|603377|0.32|10191477|31962284.00|2.24|2.88|-1.28|3.13|3.19|3.21|3.08|10.19|3.12|7351698|22406428.00|1|0.0000|0.0000|0.0000|0|3.12
亚士创能|603378|0.00|5674064|37803288.00|-1.50|1.50|-1.50|6.66|6.56|6.76|6.56|5.67|6.66|4705556|31438330.00|1|0.0000|0.0000|0.0000|0|6.66
三美股份|603379|-1.90|5857118|238243760.00|-0.12|-0.12|-3.48|40.86|41.60|41.60|40.20|5.86|41.65|9422106|393240768.00|1|0.0000|0.0000|0.0000|0|41.65
易德龙|603380|-3.75|2387298|57401672.00|-0.85|-0.85|-4.59|23.89|24.61|24.61|23.68|2.39|24.82|1281500|31882448.00|1|0.0000|0.0000|0.0000|0|24.82
永臻股份|603381|-0.37|1826600|39413680.00|-0.78|0.32|-2.16|21.67|21.58|21.82|21.28|1.83|21.75|1333816|29097752.00|1|0.0000|0.0000|0.0000|0|21.75
顶点软件|603383|-0.96|9223212|371870304.00|-1.70|0.71|-2.24|40.30|40.00|40.98|39.78|9.22|40.69|16660511|666623872.00|1|0.0000|0.0000|0.0000|0|40.69
惠达卫浴|603385|1.52|4114640|27147436.00|-1.67|1.83|-1.67|6.67|6.46|6.69|6.46|4.11|6.57|2949210|19386620.00|1|0.0000|0.0000|0.0000|0|6.57
骏亚科技|603386|-0.90|5847854|64509048.00|-0.98|0.45|-2.78|11.07|11.06|11.22|10.86|5.85|11.17|4370300|49125328.00|1|0.0000|0.0000|0.0000|0|11.17
基蛋生物|603387|-0.46|4454260|38798812.00|-0.69|1.38|-1.26|8.67|8.65|8.83|8.60|4.45|8.71|4937728|43076008.00|1|0.0000|0.0000|0.0000|0|8.71
*ST亚振|603389|-2.81|7866600|40860704.00|-2.62|-1.50|-4.12|5.19|5.20|5.26|5.12|7.87|5.34|13205300|70124400.00|1|0.0000|0.0000|0.0000|0|5.34
通达电气|603390|-1.56|5060100|51078688.00|-1.56|0.20|-2.83|10.08|10.08|10.26|9.95|5.06|10.24|4093400|42025112.00|1|0.0000|0.0000|0.0000|0|10.24
力聚热能|603391|0.59|1388205|60961244.00|-0.82|1.41|-1.23|44.12|43.50|44.48|43.32|1.39|43.86|1346443|59054232.00|1|0.0000|0.0000|0.0000|0|43.86
万泰生物|603392|-0.28|1390424|90280552.00|-0.48|0.49|-0.81|65.00|64.87|65.50|64.65|1.39|65.18|1723846|112219448.00|1|0.0000|0.0000|0.0000|0|65.18
新天然气|603393|-0.38|2931854|84822264.00|-1.14|0.90|-1.14|28.82|28.60|29.19|28.60|2.93|28.93|2150404|62240512.00|1|0.0000|0.0000|0.0000|0|28.93
红四方|603395|0.63|3316700|152759520.00|-0.41|1.53|-1.24|46.14|45.66|46.55|45.28|3.32|45.85|2169640|99735176.00|1|0.0000|0.0000|0.0000|0|45.85
金辰股份|603396|-0.98|1700187|44532304.00|-1.40|1.02|-2.20|26.14|26.03|26.67|25.82|1.70|26.40|2092800|55870584.00|1|0.0000|0.0000|0.0000|0|26.40
*ST沐邦|603398|-0.63|12272980|153024048.00|-0.32|0.00|-3.32|12.56|12.60|12.64|12.22|12.27|12.64|15833880|204900704.00|1|0.0000|0.0000|0.0000|0|12.64
永杉锂业|603399|-0.33|4916400|44531772.00|-0.88|0.22|-1.43|9.08|9.03|9.13|8.98|4.92|9.11|4182100|38165284.00|1|0.0000|0.0000|0.0000|0|9.11
建霖家居|603408|-6.32|4982200|64909156.00|-1.23|-1.16|-7.04|12.90|13.60|13.61|12.80|4.98|13.77|2050900|28108218.00|1|0.0000|0.0000|0.0000|0|13.77
汇通控股|603409|3.36|4997565|194940192.00|-0.99|3.41|-1.38|39.67|38.00|39.69|37.85|5.00|38.38|1991047|76747328.00|1|0.0000|0.0000|0.0000|0|38.38
信捷电气|603416|-2.16|2828220|170074160.00|-1.07|1.34|-3.00|59.65|60.32|61.79|59.14|2.83|60.97|4621447|284570208.00|1|0.0000|0.0000|0.0000|0|60.97
鼎信通讯|603421|0.30|8659272|58006068.00|0.00|0.89|-2.38|6.75|6.73|6.79|6.57|8.66|6.73|7646040|51488328.00|1|0.0000|0.0000|0.0000|0|6.73
集友股份|603429|-1.61|10773420|92456192.00|-1.15|0.69|-3.56|8.58|8.62|8.78|8.41|10.77|8.72|15369968|133657248.00|1|0.0000|0.0000|0.0000|0|8.72
三力制药|603439|0.23|3531571|46604248.00|-0.53|0.84|-0.68|13.20|13.10|13.28|13.08|3.53|13.17|4096900|54065736.00|1|0.0000|0.0000|0.0000|0|13.17
吉比特|603444|0.12|1408915|314813408.00|-1.53|1.38|-1.90|224.14|220.45|226.96|219.62|1.41|223.87|670857|151028608.00|1|0.0000|0.0000|0.0000|0|223.87
九洲药业|603456|-0.41|20215180|293242016.00|-1.38|1.45|-1.38|14.44|14.30|14.71|14.30|20.22|14.50|26349275|383623200.00|1|0.0000|0.0000|0.0000|0|14.50
勘设股份|603458|1.26|8461160|54605684.00|-0.63|2.83|-0.94|6.44|6.32|6.54|6.30|8.46|6.36|6227383|39627604.00|1|0.0000|0.0000|0.0000|0|6.36
风语筑|603466|-0.81|12585678|123970368.00|-1.21|1.11|-1.72|9.82|9.78|10.01|9.73|12.59|9.90|12254000|122289464.00|1|0.0000|0.0000|0.0000|0|9.90
巨星农牧|603477|0.10|21918018|451550944.00|-0.98|2.00|-1.17|20.52|20.30|20.91|20.26|21.92|20.50|23812574|484882816.00|1|0.0000|0.0000|0.0000|0|20.50
科沃斯|603486|-7.21|8019452|447803232.00|-0.98|-0.98|-7.48|54.71|58.38|58.38|54.55|8.02|58.96|4071237|239843632.00|1|0.0000|0.0000|0.0000|0|58.96
展鹏科技|603488|1.21|2934800|21901692.00|-0.54|1.62|-0.81|7.52|7.39|7.55|7.37|2.93|7.43|2772799|20680042.00|1|0.0000|0.0000|0.0000|0|7.43
八方股份|603489|-2.37|2931756|78981752.00|-1.64|-0.26|-3.21|26.80|27.00|27.38|26.57|2.93|27.45|3067059|84581584.00|1|0.0000|0.0000|0.0000|0|27.45
恒为科技|603496|-1.98|11850700|330609216.00|-1.56|0.49|-2.79|27.73|27.85|28.43|27.50|11.85|28.29|9694220|273929056.00|1|0.0000|0.0000|0.0000|0|28.29
翔港科技|603499|5.12|19584087|520428320.00|0.00|9.89|0.00|26.69|25.39|27.90|25.39|19.58|25.39|3198352|81206160.00|1|0.0000|0.0000|0.0000|0|25.39
祥和实业|603500|-0.52|4689440|35731512.00|-1.31|1.44|-1.57|7.60|7.54|7.75|7.52|4.69|7.64|3427239|26247762.00|1|0.0000|0.0000|0.0000|0|7.64
豪威集团|603501|-2.81|13581384|1783559040.00|-1.46|0.03|-3.12|130.19|132.01|134.00|129.78|13.58|133.96|8540957|1147164160.00|1|0.0000|0.0000|0.0000|0|133.96
金石资源|603505|-0.73|2101892|51248280.00|-0.73|0.33|-1.71|24.40|24.40|24.66|24.16|2.10|24.58|2555383|63019044.00|1|0.0000|0.0000|0.0000|0|24.58
南都物业|603506|1.66|3578600|39130348.00|-1.29|2.86|-1.29|11.02|10.70|11.15|10.70|3.58|10.84|3648100|40085696.00|1|0.0000|0.0000|0.0000|0|10.84
振江股份|603507|10.00|68009602|1960543616.00|10.00|10.00|2.38|29.14|29.14|29.14|27.12|68.01|26.49|21644133|564862848.00|1|0.0000|0.0000|0.0000|0|26.49
思维列控|603508|-0.93|2946032|69197624.00|-0.55|1.19|-1.31|23.36|23.45|23.86|23.27|2.95|23.58|2685939|63265960.00|1|0.0000|0.0000|0.0000|0|23.58
爱慕股份|603511|-0.57|1655200|22890888.00|-0.79|0.21|-2.15|13.88|13.85|13.99|13.66|1.66|13.96|1366200|19070620.00|1|0.0000|0.0000|0.0000|0|13.96
欧普照明|603515|-1.08|1431240|23692926.00|0.18|0.18|-1.50|16.52|16.73|16.73|16.45|1.43|16.70|1295351|21711994.00|1|0.0000|0.0000|0.0000|0|16.70
淳中科技|603516|-7.49|9991550|436766272.00|-2.93|-1.64|-8.48|42.88|44.99|45.59|42.42|9.99|46.35|4158888|193950304.00|1|0.0000|0.0000|0.0000|0|46.35
ST绝味|603517|3.20|30242833|487855392.00|-0.96|6.47|-1.02|16.12|15.47|16.63|15.46|30.24|15.62|7142592|111804360.00|1|0.0000|0.0000|0.0000|0|15.62
锦泓集团|603518|-0.11|10070226|94708136.00|-0.32|0.95|-1.59|9.43|9.41|9.53|9.29|10.07|9.44|12640670|118717696.00|1|0.0000|0.0000|0.0000|0|9.44
立霸股份|603519|-0.16|1954125|23912484.00|-0.81|0.57|-1.63|12.28|12.20|12.37|12.10|1.95|12.30|1236200|15284989.00|1|0.0000|0.0000|0.0000|0|12.30
司太立|603520|-0.34|8164900|72549512.00|-0.67|0.67|-1.23|8.89|8.86|8.98|8.81|8.16|8.92|13335900|118328128.00|1|0.0000|0.0000|0.0000|0|8.92
众源新材|603527|-2.21|11221020|109477760.00|-1.41|0.20|-3.32|9.72|9.80|9.96|9.61|11.22|9.94|11400300|114365920.00|1|0.0000|0.0000|0.0000|0|9.94
多伦科技|603528|-0.84|7142700|59166792.00|-1.55|0.36|-2.51|8.31|8.25|8.41|8.17|7.14|8.38|9132184|76591248.00|1|0.0000|0.0000|0.0000|0|8.38
爱玛科技|603529|-1.32|7805650|358557056.00|0.02|0.49|-5.26|46.35|46.98|47.20|44.50|7.81|46.97|4017607|188326208.00|1|0.0000|0.0000|0.0000|0|46.97
神马电力|603530|-5.70|6153768|165151152.00|-0.36|-0.29|-5.99|26.30|27.79|27.81|26.22|6.15|27.89|2641344|73961072.00|1|0.0000|0.0000|0.0000|0|27.89
掌阅科技|603533|0.16|5606200|105648272.00|-0.96|1.54|-1.70|18.82|18.61|19.08|18.47|5.61|18.79|4757424|89876384.00|1|0.0000|0.0000|0.0000|0|18.79
嘉诚国际|603535|-32.45|6253545|53589372.00|-34.01|-32.14|-35.02|8.68|8.48|8.72|8.35|6.25|12.85|3655306|47162228.00|1|0.9000|4.8000|0.0000|0|8.62
惠发食品|603536|1.33|7033240|63907468.00|-1.11|2.89|-1.11|9.11|8.89|9.25|8.89|7.03|8.99|4741060|42744356.00|1|0.0000|0.0000|0.0000|0|8.99
美诺华|603538|-1.39|12061035|181007536.00|-2.71|1.78|-2.84|14.93|14.73|15.41|14.71|12.06|15.14|14195506|213827776.00|1|0.0000|0.0000|0.0000|0|15.14
奥普科技|603551|-2.18|2604900|28053800.00|-1.09|-0.18|-3.18|10.75|10.87|10.97|10.64|2.60|10.99|3819900|41708616.00|1|0.0000|0.0000|0.0000|0|10.99
海兴电力|603556|-1.77|4754200|160126784.00|-1.39|-0.84|-3.54|33.86|33.99|34.18|33.25|4.75|34.47|3421886|117265056.00|1|0.0000|0.0000|0.0000|0|34.47
ST起步|603557|0.46|2484300|5466450.00|0.00|1.37|-0.46|2.20|2.19|2.22|2.18|2.48|2.19|3515600|7755425.00|1|0.0000|0.0000|0.0000|0|2.19
健盛集团|603558|-7.60|17247400|161331200.00|-2.30|-2.30|-7.90|9.24|9.77|9.77|9.21|17.25|10.00|4077100|40616668.00|1|0.0000|0.0000|0.0000|0|10.00
ST通脉|603559|4.97|1741913|13117393.00|-0.55|4.97|-0.69|7.61|7.21|7.61|7.20|1.74|7.25|835368|6104092.00|1|0.0000|0.0000|0.0000|0|7.25
中谷物流|603565|-0.28|25525034|273680640.00|-0.37|1.21|-1.67|10.72|10.71|10.88|10.57|25.53|10.75|47235701|499053152.00|1|0.0000|0.0000|0.0000|0|10.75
普莱柯|603566|5.24|19861337|258592544.00|-0.64|9.51|-0.64|13.06|12.33|13.59|12.33|19.86|12.41|4206801|52148032.00|1|0.0000|0.0000|0.0000|0|12.41
珍宝岛|603567|0.53|3912788|44073480.00|-0.27|0.98|-0.45|11.29|11.20|11.34|11.18|3.91|11.23|4452151|50192204.00|1|0.0000|0.0000|0.0000|0|11.23
伟明环保|603568|-3.14|7954424|165965248.00|-0.84|-0.14|-3.14|20.65|21.14|21.29|20.65|7.95|21.32|4069469|87011992.00|1|0.0000|0.0000|0.0000|0|21.32
长久物流|603569|9.94|33310713|256898144.00|-0.42|9.94|-1.12|7.85|7.11|7.85|7.06|33.31|7.14|3434700|24659156.00|1|0.0000|0.0000|0.0000|0|7.14
汇金通|603577|-0.56|4997200|44675652.00|-0.89|1.45|-1.57|8.89|8.86|9.07|8.80|5.00|8.94|5382100|48200216.00|1|0.0000|0.0000|0.0000|0|8.94
三星新材|603578|9.99|5310218|84166952.00|9.99|9.99|9.99|15.85|15.85|15.85|15.85|5.31|14.41|8127496|113723816.00|1|0.0000|0.0000|0.0000|0|14.41
荣泰健康|603579|-0.04|30952834|697293568.00|-7.06|3.30|-10.02|23.65|21.99|24.44|21.29|30.95|23.66|31301781|747499264.00|1|0.0000|0.0000|0.0000|0|23.66
*ST艾艾|603580|1.59|2679100|47229528.00|-0.79|2.10|-2.10|17.91|17.49|18.00|17.26|2.68|17.63|1351100|23918748.00|1|0.0000|0.0000|0.0000|0|17.63
捷昌驱动|603583|-5.12|12247520|483612928.00|-1.94|0.44|-5.12|38.70|40.00|40.97|38.70|12.25|40.79|10416581|423392704.00|1|0.0000|0.0000|0.0000|0|40.79
苏利股份|603585|3.93|10284270|157506208.00|-1.00|6.13|-2.26|15.61|14.87|15.94|14.68|10.28|15.02|7545780|113598136.00|1|0.0000|0.0000|0.0000|0|15.02
金麒麟|603586|-1.27|2039300|30043228.00|-0.34|0.00|-3.22|14.72|14.86|14.91|14.43|2.04|14.91|1824000|27321392.00|1|0.0000|0.0000|0.0000|0|14.91
地素时尚|603587|-0.24|1538200|19129122.00|-0.64|0.24|-0.96|12.46|12.41|12.52|12.37|1.54|12.49|1540800|19221618.00|1|0.0000|0.0000|0.0000|0|12.49
高能环境|603588|-0.53|28483148|160953808.00|-0.88|0.88|-1.23|5.64|5.62|5.72|5.60|28.48|5.67|23129024|131623784.00|1|0.0000|0.0000|0.0000|0|5.67
口子窖|603589|1.61|5449885|199039808.00|-0.53|2.05|-0.69|36.71|35.94|36.87|35.88|5.45|36.13|2193175|79329192.00|1|0.0000|0.0000|0.0000|0|36.13
康辰药业|603590|1.95|4721921|128047176.00|-1.35|3.33|-1.35|27.21|26.33|27.58|26.33|4.72|26.69|7398154|200609168.00|1|0.0000|0.0000|0.0000|0|26.69
ST东尼|603595|-2.81|3084990|62412856.00|-2.13|0.48|-3.92|20.06|20.20|20.74|19.83|3.08|20.64|2433090|50281748.00|1|0.0000|0.0000|0.0000|0|20.64
伯特利|603596|-2.38|4395359|263863232.00|-0.98|0.67|-2.40|59.51|60.36|61.37|59.50|4.40|60.96|5853328|357323456.00|1|0.0000|0.0000|0.0000|0|60.96
引力传媒|603598|-2.16|10196783|186426224.00|-1.89|0.00|-2.26|18.15|18.20|18.55|18.13|10.20|18.55|16230800|300968128.00|1|0.0000|0.0000|0.0000|0|18.55
广信股份|603599|-0.34|3381303|40046944.00|-0.76|0.34|-1.34|11.87|11.82|11.95|11.75|3.38|11.91|4419372|52785720.00|1|0.0000|0.0000|0.0000|0|11.91
永艺股份|603600|-9.96|14629300|158001168.00|-4.56|-3.46|-9.96|10.67|11.31|11.44|10.67|14.63|11.85|6718309|79702200.00|1|0.0000|0.0000|0.0000|0|11.85
再升科技|603601|0.28|13421896|48374672.00|-0.56|0.83|-1.11|3.61|3.58|3.63|3.56|13.42|3.60|11117360|40007392.00|1|0.0000|0.0000|0.0000|0|3.60
纵横通信|603602|0.37|5544100|90076000.00|-0.86|1.54|-1.23|16.28|16.08|16.47|16.02|5.54|16.22|8061760|131641816.00|1|0.0000|0.0000|0.0000|0|16.22
珀莱雅|603605|-0.24|1803003|149331024.00|-0.22|0.31|-0.67|82.89|82.91|83.35|82.53|1.80|83.09|1738458|144351312.00|1|0.0000|0.0000|0.0000|0|83.09
东方电缆|603606|-1.16|7789495|391250432.00|-0.98|0.24|-2.70|50.21|50.30|50.92|49.43|7.79|50.80|10459640|528498848.00|1|0.0000|0.0000|0.0000|0|50.80
京华激光|603607|0.66|9003116|163228720.00|-1.26|1.97|-3.40|18.38|18.03|18.62|17.64|9.00|18.26|7354788|134772624.00|1|0.0000|0.0000|0.0000|0|18.26
天创时尚|603608|0.65|2294580|10695459.00|0.00|2.38|-1.52|4.65|4.62|4.73|4.55|2.29|4.62|3266420|15184961.00|1|0.0000|0.0000|0.0000|0|4.62
禾丰股份|603609|1.13|5035097|40451000.00|-0.63|1.76|-0.63|8.04|7.90|8.09|7.90|5.04|7.95|5128701|40603948.00|1|0.0000|0.0000|0.0000|0|7.95
麒盛科技|603610|-4.30|7886750|90324264.00|-1.77|-0.17|-5.32|11.34|11.64|11.83|11.22|7.89|11.85|3619745|43109492.00|1|0.0000|0.0000|0.0000|0|11.85
诺力股份|603611|-2.91|6832900|123857744.00|-1.40|-0.32|-3.72|18.02|18.30|18.50|17.87|6.83|18.56|8676200|163322656.00|1|0.0000|0.0000|0.0000|0|18.56
索通发展|603612|-3.27|13572300|235788832.00|-2.20|-0.11|-3.61|17.17|17.36|17.73|17.11|13.57|17.75|19906000|354423264.00|1|0.0000|0.0000|0.0000|0|17.75
国联股份|603613|-1.88|6765852|177592224.00|-0.94|0.11|-2.74|26.13|26.38|26.66|25.90|6.77|26.63|6387694|169756000.00|1|0.0000|0.0000|0.0000|0|26.63
茶花股份|603615|-0.55|3224800|81588456.00|-0.87|2.76|-2.68|25.19|25.11|26.03|24.65|3.22|25.33|4748915|117482920.00|1|0.0000|0.0000|0.0000|0|25.33
韩建河山|603616|1.20|7890400|26419372.00|-0.60|1.80|-0.90|3.37|3.31|3.39|3.30|7.89|3.33|6590100|21967462.00|1|0.0000|0.0000|0.0000|0|3.33
君禾股份|603617|-1.61|9453340|69421512.00|-0.94|0.40|-2.82|7.32|7.37|7.47|7.23|9.45|7.44|8521218|63496184.00|1|0.0000|0.0000|0.0000|0|7.44
杭电股份|603618|-1.59|19509868|133847320.00|-0.86|0.72|-2.88|6.83|6.88|6.99|6.74|19.51|6.94|14667300|101779464.00|1|0.0000|0.0000|0.0000|0|6.94
中曼石油|603619|-1.43|9869649|176569024.00|-1.54|-0.50|-2.37|17.92|17.90|18.09|17.75|9.87|18.18|10862100|198703920.00|1|0.0000|0.0000|0.0000|0|18.18
科森科技|603626|-2.12|13019918|102737680.00|-1.50|-0.12|-2.75|7.84|7.89|8.00|7.79|13.02|8.01|10041980|80705280.00|1|0.0000|0.0000|0.0000|0|8.01
清源股份|603628|0.31|8064800|103329640.00|0.78|0.78|-0.86|12.84|12.90|12.90|12.69|8.06|12.80|3956500|50584008.00|1|0.0000|0.0000|0.0000|0|12.80
利通电子|603629|-2.37|12336400|336713152.00|-3.23|0.65|-3.91|27.24|27.00|28.08|26.81|12.34|27.90|11975235|334821824.00|1|0.0000|0.0000|0.0000|0|27.90
拉芳家化|603630|5.59|30404760|536331520.00|-1.37|9.99|-1.37|17.75|16.58|18.49|16.58|30.40|16.81|18474404|298408384.00|1|0.0000|0.0000|0.0000|0|16.81
徕木股份|603633|-4.04|13851897|113616304.00|-1.78|0.12|-4.51|8.08|8.27|8.43|8.04|13.85|8.42|17534021|148499472.00|1|0.0000|0.0000|0.0000|0|8.42
南威软件|603636|-1.23|7623256|98747432.00|-1.00|0.69|-1.91|12.90|12.93|13.15|12.81|7.62|13.06|8275433|108584808.00|1|0.0000|0.0000|0.0000|0|13.06
镇海股份|603637|-1.34|4046884|38666488.00|-1.03|0.00|-2.99|9.57|9.60|9.70|9.41|4.05|9.70|4977724|48775184.00|1|0.0000|0.0000|0.0000|0|9.70
艾迪精密|603638|-8.50|13468764|283297696.00|-2.04|-0.05|-10.00|20.23|21.66|22.10|19.90|13.47|22.11|9966868|223482832.00|1|0.0000|0.0000|0.0000|0|22.11
海利尔|603639|-0.08|1827464|22140658.00|-0.82|0.08|-1.56|12.19|12.10|12.21|12.01|1.83|12.20|1052000|12853844.00|1|0.0000|0.0000|0.0000|0|12.20
畅联股份|603648|2.75|6095400|58661596.00|-0.32|3.06|-0.95|9.73|9.44|9.76|9.38|6.10|9.47|2068100|19592176.00|1|0.0000|0.0000|0.0000|0|9.47
彤程新材|603650|-0.96|4130860|131835928.00|-1.18|0.06|-2.29|32.03|31.96|32.36|31.60|4.13|32.34|3315600|107670064.00|1|0.0000|0.0000|0.0000|0|32.34
朗博科技|603655|2.07|1442700|34764776.00|-1.27|2.74|-1.27|24.19|23.40|24.35|23.40|1.44|23.70|1025000|24487448.00|1|0.0000|0.0000|0.0000|0|23.70
泰禾智能|603656|-1.24|1650600|30365752.00|-1.56|-0.05|-1.83|18.36|18.30|18.58|18.25|1.65|18.59|1830300|34180708.00|1|0.0000|0.0000|0.0000|0|18.59
春光科技|603657|1.61|20035786|364759872.00|0.89|5.88|-3.10|18.33|18.20|19.10|17.48|20.04|18.04|6540980|115499496.00|1|0.0000|0.0000|0.0000|0|18.04
安图生物|603658|0.19|2436817|104148960.00|-0.70|1.08|-0.96|42.75|42.37|43.13|42.26|2.44|42.67|2032200|86851648.00|1|0.0000|0.0000|0.0000|0|42.67
璞泰来|603659|-3.30|20913495|375368864.00|-1.57|-0.81|-4.22|17.86|18.18|18.32|17.69|20.91|18.47|21252298|388628608.00|1|0.0000|0.0000|0.0000|0|18.47
苏州科达|603660|-0.42|8326687|58807284.00|-0.99|0.99|-1.69|7.05|7.01|7.15|6.96|8.33|7.08|8005800|56992056.00|1|0.0000|0.0000|0.0000|0|7.08
恒林股份|603661|-2.40|1079700|31732412.00|-1.50|-1.13|-3.26|29.32|29.59|29.70|29.06|1.08|30.04|462300|13911312.00|1|0.0000|0.0000|0.0000|0|30.04
柯力传感|603662|-2.65|5652806|359320352.00|-0.96|0.40|-2.82|62.91|64.00|64.88|62.80|5.65|64.62|5274900|342602368.00|1|0.0000|0.0000|0.0000|0|64.62
三祥新材|603663|-0.64|10882864|252057040.00|-2.73|0.47|-2.81|23.31|22.82|23.57|22.80|10.88|23.46|13228300|310373920.00|1|0.0000|0.0000|0.0000|0|23.46
康隆达|603665|-6.20|5817630|98082736.00|-3.05|-1.50|-9.70|16.93|17.50|17.78|16.30|5.82|18.05|2202348|40155580.00|1|0.0000|0.0000|0.0000|0|18.05
亿嘉和|603666|0.69|11979200|421958496.00|-2.24|3.28|-2.33|35.01|33.99|35.91|33.96|11.98|34.77|10798300|372469728.00|1|0.0000|0.0000|0.0000|0|34.77
五洲新春|603667|-2.11|11179668|428495840.00|-2.19|0.90|-2.93|38.03|38.00|39.20|37.71|11.18|38.85|15133390|588817728.00|1|0.0000|0.0000|0.0000|0|38.85
天马科技|603668|-0.40|3793730|47116380.00|-0.80|0.40|-1.84|12.45|12.40|12.55|12.27|3.79|12.50|3917480|48825768.00|1|0.0000|0.0000|0.0000|0|12.50
灵康药业|603669|1.12|7525554|33734528.00|0.45|1.57|-1.12|4.51|4.48|4.53|4.41|7.53|4.46|8220200|36858256.00|1|0.0000|0.0000|0.0000|0|4.46
卫信康|603676|0.00|3504300|35765760.00|0.39|1.37|-1.86|10.24|10.28|10.38|10.05|3.50|10.24|2464700|25289566.00|1|0.0000|0.0000|0.0000|0|10.24
奇精机械|603677|-10.00|17047064|351933120.00|-5.11|-4.31|-10.00|20.25|21.35|21.53|20.25|17.05|22.50|25055956|580250240.00|1|0.0000|0.0000|0.0000|0|22.50
火炬电子|603678|0.05|9763946|398095072.00|-0.99|3.91|-1.66|40.39|39.97|41.95|39.70|9.76|40.37|6502619|262703840.00|1|0.0000|0.0000|0.0000|0|40.37
华体科技|603679|-1.48|5547600|69934568.00|-0.94|-0.39|-2.73|12.63|12.70|12.77|12.47|5.55|12.82|11007341|142203488.00|1|0.0000|0.0000|0.0000|0|12.82
今创集团|603680|-0.83|2491978|20777736.00|-1.43|0.48|-1.55|8.33|8.28|8.44|8.27|2.49|8.40|1879500|15807000.00|1|0.0000|0.0000|0.0000|0|8.40
永冠新材|603681|-1.13|2545300|35877456.00|-0.78|1.20|-2.26|14.03|14.08|14.36|13.87|2.55|14.19|1557165|22200962.00|1|0.0000|0.0000|0.0000|0|14.19
锦和商管|603682|0.38|6264900|33059836.00|-0.76|1.52|-0.76|5.27|5.21|5.33|5.21|6.26|5.25|4485000|23530574.00|1|0.0000|0.0000|0.0000|0|5.25
晶华新材|603683|2.52|14637868|169179424.00|-1.65|2.61|-2.18|11.78|11.30|11.79|11.24|14.64|11.49|7564618|86315392.00|1|0.0000|0.0000|0.0000|0|11.49
晨丰科技|603685|-1.14|2210000|26609854.00|-1.22|0.33|-3.67|12.11|12.10|12.29|11.80|2.21|12.25|2910800|35622140.00|1|0.0000|0.0000|0.0000|0|12.25
福龙马|603686|-9.97|76869905|1046432320.00|-2.01|-0.14|-9.97|13.00|14.15|14.42|13.00|76.87|14.44|66495953|976681216.00|1|0.0000|0.0000|0.0000|0|14.44
大胜达|603687|0.43|6169100|43288060.00|-1.00|0.85|-1.42|7.05|6.95|7.08|6.92|6.17|7.02|6270600|44165416.00|1|0.0000|0.0000|0.0000|0|7.02
石英股份|603688|-1.58|12613500|377942880.00|-0.99|0.63|-2.74|29.85|30.03|30.52|29.50|12.61|30.33|14372400|441473856.00|1|0.0000|0.0000|0.0000|0|30.33
皖天然气|603689|0.69|2779540|24166812.00|-0.35|0.92|-0.35|8.72|8.63|8.74|8.63|2.78|8.66|1727940|14992945.00|1|0.0000|0.0000|0.0000|0|8.66
至纯科技|603690|-7.56|66423316|1995580416.00|-2.80|-0.10|-8.01|29.10|30.60|31.45|28.96|66.42|31.48|73516171|2356970240.00|1|0.0000|0.0000|0.0000|0|31.48
江苏新能|603693|10.00|59011863|837826496.00|-0.15|10.00|-1.93|14.85|13.48|14.85|13.24|59.01|13.50|54246937|736080832.00|1|0.0000|0.0000|0.0000|0|13.50
安记食品|603696|0.70|3724780|31931416.00|-0.23|0.82|-1.05|8.63|8.55|8.64|8.48|3.72|8.57|2971000|25409338.00|1|0.0000|0.0000|0.0000|0|8.57
有友食品|603697|1.88|10071791|102948792.00|0.10|3.96|-1.29|10.29|10.11|10.50|9.97|10.07|10.10|6457783|65030296.00|1|0.0000|0.0000|0.0000|0|10.10
航天工程|603698|-0.92|1893080|32510708.00|-0.69|0.35|-1.85|17.14|17.18|17.36|16.98|1.89|17.30|1732520|30056238.00|1|0.0000|0.0000|0.0000|0|17.30
纽威股份|603699|-8.14|9002092|240625344.00|-1.57|-1.57|-9.53|26.41|28.30|28.30|26.01|9.00|28.75|5757705|166819872.00|1|0.0000|0.0000|0.0000|0|28.75
宁水集团|603700|-0.85|3198800|37143552.00|-1.37|0.43|-1.88|11.62|11.56|11.77|11.50|3.20|11.72|2802300|32890732.00|1|0.0000|0.0000|0.0000|0|11.72
德宏股份|603701|-1.96|1942600|30285236.00|-0.38|0.25|-2.53|15.50|15.75|15.85|15.41|1.94|15.81|1652365|26259530.00|1|0.0000|0.0000|0.0000|0|15.81
盛洋科技|603703|-1.33|2830860|31711040.00|-1.24|2.21|-2.03|11.17|11.18|11.57|11.09|2.83|11.32|3190120|36436860.00|1|0.0000|0.0000|0.0000|0|11.32
东方环宇|603706|-0.79|1368800|25915640.00|0.05|0.63|-1.52|18.89|19.05|19.16|18.75|1.37|19.04|2630900|49864944.00|1|0.0000|0.0000|0.0000|0|19.04
健友股份|603707|-4.40|42760333|573503808.00|-0.91|-0.56|-9.98|13.70|14.20|14.25|12.90|42.76|14.33|7701531|111474008.00|1|0.0000|0.0000|0.0000|0|14.33
家家悦|603708|2.90|6999569|71401576.00|-0.80|3.30|-1.20|10.28|9.91|10.32|9.87|7.00|9.99|2716900|27055878.00|1|0.0000|0.0000|0.0000|0|9.99
中源家居|603709|0.19|2634800|27242944.00|-1.15|1.25|-2.59|10.45|10.31|10.56|10.16|2.63|10.43|3273697|34040840.00|1|0.0000|0.0000|0.0000|0|10.43
香飘飘|603711|0.65|3507800|48584684.00|-0.94|1.09|-1.30|13.89|13.67|13.95|13.62|3.51|13.80|2912600|40231296.00|1|0.0000|0.0000|0.0000|0|13.80
七一二|603712|0.05|10499330|200482992.00|-0.83|1.35|-2.60|19.23|19.06|19.48|18.72|10.50|19.22|11209300|216678624.00|1|0.0000|0.0000|0.0000|0|19.22
密尔克卫|603713|0.43|1565121|78949136.00|-0.67|0.55|-1.68|50.80|50.24|50.86|49.73|1.57|50.58|990400|50207216.00|1|0.0000|0.0000|0.0000|0|50.58
塞力医疗|603716|-6.25|23815192|258170304.00|-3.17|-1.14|-6.60|10.65|11.00|11.23|10.61|23.82|11.36|35760215|398983616.00|1|0.0000|0.0000|0.0000|0|11.36
天域生物|603717|2.95|13804900|104885200.00|-0.94|4.16|-1.88|7.67|7.38|7.76|7.31|13.80|7.45|9565700|71097296.00|1|0.0000|0.0000|0.0000|0|7.45
海利生物|603718|10.07|26721530|203411920.00|0.71|10.07|-0.28|7.76|7.10|7.76|7.03|26.72|7.05|4487000|31666082.00|1|0.0000|0.0000|0.0000|0|7.05
良品铺子|603719|0.82|4632201|56741520.00|-0.90|1.64|-1.40|12.27|12.06|12.37|12.00|4.63|12.17|4030300|49074520.00|1|0.0000|0.0000|0.0000|0|12.17
*ST天择|603721|-1.55|1817000|45430696.00|-0.67|0.24|-2.14|24.81|25.03|25.26|24.66|1.82|25.20|2027705|51349580.00|1|0.0000|0.0000|0.0000|0|25.20
阿科力|603722|-2.63|846500|35142908.00|0.00|0.00|-4.20|41.45|42.57|42.57|40.78|0.85|42.57|1400695|61188988.00|1|0.0000|0.0000|0.0000|0|42.57
天安新材|603725|0.87|6614816|45716168.00|-1.16|1.74|-1.59|6.96|6.82|7.02|6.79|6.61|6.90|6244364|43057628.00|1|0.0000|0.0000|0.0000|0|6.90
朗迪集团|603726|-1.17|2147976|34482460.00|-1.54|0.43|-2.71|16.06|16.00|16.32|15.81|2.15|16.25|2206164|35847360.00|1|0.0000|0.0000|0.0000|0|16.25
博迈科|603727|-0.21|3404700|48512024.00|-0.56|0.35|-1.75|14.29|14.24|14.37|14.07|3.40|14.32|4912100|70342048.00|1|0.0000|0.0000|0.0000|0|14.32
鸣志电器|603728|-2.91|5277889|354220896.00|-1.41|1.24|-2.96|66.03|67.05|68.85|66.00|5.28|68.01|6327130|430413792.00|1|0.0000|0.0000|0.0000|0|68.01
龙韵股份|603729|1.18|2865700|43858728.00|-0.98|1.97|-1.97|15.43|15.10|15.55|14.95|2.87|15.25|2475540|38017692.00|1|0.0000|0.0000|0.0000|0|15.25
岱美股份|603730|-2.22|8811327|73788848.00|-0.70|-0.70|-2.69|8.35|8.48|8.48|8.31|8.81|8.54|6850710|58522232.00|1|0.0000|0.0000|0.0000|0|8.54
仙鹤股份|603733|-0.67|2196200|48527088.00|-0.90|0.22|-1.62|22.12|22.07|22.32|21.91|2.20|22.27|1504201|33515358.00|1|0.0000|0.0000|0.0000|0|22.27
三棵树|603737|0.64|1518660|76694776.00|-0.48|1.71|-1.15|50.56|50.00|51.10|49.66|1.52|50.24|2041327|103313176.00|1|0.0000|0.0000|0.0000|0|50.24
泰晶科技|603738|-2.91|8814424|137101312.00|-1.39|0.51|-3.22|15.37|15.61|15.91|15.32|8.81|15.83|7879904|125454264.00|1|0.0000|0.0000|0.0000|0|15.83
蔚蓝生物|603739|10.01|29856302|436661664.00|-0.51|10.01|-0.51|15.16|13.71|15.16|13.71|29.86|13.78|19946120|275974656.00|1|0.0000|0.0000|0.0000|0|13.78
日辰股份|603755|1.50|799900|22011252.00|-0.92|1.61|-0.92|27.68|27.02|27.71|27.02|0.80|27.27|437320|11988521.00|1|0.0000|0.0000|0.0000|0|27.27
大元泵业|603757|-4.57|3846488|86574672.00|0.43|1.25|-4.87|22.14|23.30|23.49|22.07|3.85|23.20|3259102|76411328.00|1|0.0000|0.0000|0.0000|0|23.20
秦安股份|603758|-3.68|8930947|109066432.00|-1.60|0.56|-4.64|12.04|12.30|12.57|11.92|8.93|12.50|12783500|158849872.00|1|0.0000|0.0000|0.0000|0|12.50
海天股份|603759|1.07|6322972|53791272.00|-0.47|3.20|-0.95|8.52|8.39|8.70|8.35|6.32|8.43|4320336|36606252.00|1|0.0000|0.0000|0.0000|0|8.43
隆鑫通用|603766|-4.86|44802350|498903680.00|-2.00|-0.35|-5.21|10.96|11.29|11.48|10.92|44.80|11.52|38377580|443376768.00|1|0.0000|0.0000|0.0000|0|11.52
中马传动|603767|-2.86|18491301|276458304.00|-1.66|3.52|-2.93|14.61|14.79|15.57|14.60|18.49|15.04|22832000|341568864.00|1|0.0000|0.0000|0.0000|0|15.04
常青股份|603768|-1.02|3007900|37975316.00|-0.86|0.94|-2.75|12.60|12.62|12.85|12.38|3.01|12.73|2341900|29931300.00|1|0.0000|0.0000|0.0000|0|12.73
沃格光电|603773|-2.52|5337080|134405856.00|-2.17|-0.93|-3.84|25.12|25.21|25.53|24.78|5.34|25.77|4762444|123389392.00|1|0.0000|0.0000|0.0000|0|25.77
永安行|603776|-0.64|6705689|114220016.00|-0.93|0.47|-2.04|17.05|17.00|17.24|16.81|6.71|17.16|8316841|142231360.00|1|0.0000|0.0000|0.0000|0|17.16
来伊份|603777|0.37|10086258|136431088.00|-2.52|1.34|-2.52|13.52|13.13|13.65|13.13|10.09|13.47|11484980|154982928.00|1|0.0000|0.0000|0.0000|0|13.47
国晟科技|603778|2.01|14636074|44216444.00|0.00|3.34|-0.67|3.05|2.99|3.09|2.97|14.64|2.99|6854500|20589160.00|1|0.0000|0.0000|0.0000|0|2.99
威龙股份|603779|0.52|5662400|43376136.00|-0.78|0.78|-0.92|7.69|7.59|7.71|7.58|5.66|7.65|5176400|39532992.00|1|0.0000|0.0000|0.0000|0|7.65
科博达|603786|-3.20|1289441|76985256.00|-1.47|-0.59|-3.46|59.36|60.42|60.96|59.20|1.29|61.32|825263|50507848.00|1|0.0000|0.0000|0.0000|0|61.32
新日股份|603787|-1.20|2923700|31205626.00|-0.92|-0.09|-2.77|10.69|10.72|10.81|10.52|2.92|10.82|2195304|23803504.00|1|0.0000|0.0000|0.0000|0|10.82
宁波高发|603788|-2.57|5213485|83599608.00|-1.65|-0.18|-3.60|15.95|16.10|16.34|15.78|5.21|16.37|4148780|68013336.00|1|0.0000|0.0000|0.0000|0|16.37
*ST星农|603789|2.22|10207977|65957208.00|0.32|5.86|0.32|6.45|6.33|6.68|6.33|10.21|6.31|9624498|61627808.00|1|0.0000|0.0000|0.0000|0|6.31
雅运股份|603790|-1.75|4280420|68433872.00|-1.62|3.93|-3.31|15.75|15.77|16.66|15.50|4.28|16.03|2348020|37390380.00|1|0.0000|0.0000|0.0000|0|16.03
联泰环保|603797|0.49|5246320|21359252.00|-0.49|0.74|-0.98|4.09|4.05|4.10|4.03|5.25|4.07|5375020|21838176.00|1|0.0000|0.0000|0.0000|0|4.07
康普顿|603798|-0.11|2428830|21733622.00|-0.33|0.44|-1.67|8.98|8.96|9.03|8.84|2.43|8.99|2311100|20803680.00|1|0.0000|0.0000|0.0000|0|8.99
华友钴业|603799|-2.12|24125484|807255808.00|-1.03|-0.06|-2.27|33.23|33.60|33.93|33.18|24.13|33.95|17015254|578479872.00|1|0.0000|0.0000|0.0000|0|33.95
洪田股份|603800|-3.32|7550115|240981152.00|-2.14|-0.45|-7.97|32.01|32.40|32.96|30.47|7.55|33.11|3864500|132105256.00|1|0.0000|0.0000|0.0000|0|33.11
志邦家居|603801|-1.12|6215072|71729784.00|-0.86|1.72|-1.72|11.49|11.52|11.82|11.42|6.22|11.62|4261547|49981796.00|1|0.0000|0.0000|0.0000|0|11.62
瑞斯康达|603803|-1.59|7475200|74250424.00|-1.49|0.40|-2.68|9.91|9.92|10.11|9.80|7.48|10.07|7939100|80287856.00|1|0.0000|0.0000|0.0000|0|10.07
福斯特|603806|0.36|11680370|160372304.00|-0.66|0.73|-1.16|13.79|13.65|13.84|13.58|11.68|13.74|17157877|236631856.00|1|0.0000|0.0000|0.0000|0|13.74
歌力思|603808|0.14|2190600|15281978.00|-0.71|0.57|-1.29|7.01|6.95|7.04|6.91|2.19|7.00|2844745|19930232.00|1|0.0000|0.0000|0.0000|0|7.00
豪能股份|603809|-0.12|24638350|413358496.00|-2.35|3.49|-2.35|16.58|16.21|17.18|16.21|24.64|16.60|26741093|442761056.00|1|0.0000|0.0000|0.0000|0|16.60
丰山集团|603810|-1.86|2715900|34518928.00|0.08|0.31|-3.33|12.66|12.91|12.94|12.47|2.72|12.90|4495322|57612064.00|1|0.0000|0.0000|0.0000|0|12.90
诚意药业|603811|-0.56|8491526|75549664.00|-0.67|1.23|-2.01|8.89|8.88|9.05|8.76|8.49|8.94|16405572|147042432.00|1|0.0000|0.0000|0.0000|0|8.94
*ST原尚|603813|1.00|1499362|21146556.00|-0.71|1.78|-1.42|14.19|13.95|14.30|13.85|1.50|14.05|1653900|23404880.00|1|0.0000|0.0000|0.0000|0|14.05
交建股份|603815|0.00|12096600|93188488.00|-1.30|0.78|-1.42|7.72|7.62|7.78|7.61|12.10|7.72|17408900|133264512.00|1|0.0000|0.0000|0.0000|0|7.72
顾家家居|603816|-2.72|8265386|206205280.00|-0.55|0.55|-3.11|24.70|25.25|25.53|24.60|8.27|25.39|5000511|128120432.00|1|0.0000|0.0000|0.0000|0|25.39
海峡环保|603817|1.26|9619062|54044928.00|-0.54|1.62|-1.08|5.64|5.54|5.66|5.51|9.62|5.57|8183194|45764108.00|1|0.0000|0.0000|0.0000|0|5.57
曲美家居|603818|0.35|13368499|38486044.00|-0.69|1.39|-1.74|2.89|2.86|2.92|2.83|13.37|2.88|15571854|44665832.00|1|0.0000|0.0000|0.0000|0|2.88
神力股份|603819|-2.17|4725534|72358088.00|-3.19|-1.02|-3.38|15.34|15.18|15.52|15.15|4.73|15.68|8163034|127159384.00|1|0.0000|0.0000|0.0000|0|15.68
ST嘉澳|603822|-1.93|891200|52366892.00|-1.93|0.10|-3.06|58.88|58.88|60.10|58.20|0.89|60.04|827490|50355288.00|1|0.0000|0.0000|0.0000|0|60.04
百合花|603823|1.14|18873054|201234208.00|-0.95|2.27|-1.14|10.67|10.45|10.79|10.43|18.87|10.55|7401872|77895024.00|1|0.0000|0.0000|0.0000|0|10.55
ST华扬|603825|-1.68|3671797|45405284.00|-0.88|0.08|-2.56|12.31|12.41|12.53|12.20|3.67|12.52|2591300|32511688.00|1|0.0000|0.0000|0.0000|0|12.52
坤彩科技|603826|0.05|3439440|69906496.00|-0.88|0.93|-1.38|20.37|20.18|20.55|20.08|3.44|20.36|3221220|66042408.00|1|0.0000|0.0000|0.0000|0|20.36
ST柯利达|603828|2.08|19271535|93855504.00|3.13|4.79|-2.29|4.90|4.95|5.03|4.69|19.27|4.80|12166988|57769116.00|1|0.0000|0.0000|0.0000|0|4.80
洛凯股份|603829|0.54|2220800|32976880.00|-1.34|1.14|-1.95|14.98|14.70|15.07|14.61|2.22|14.90|2358400|34675324.00|1|0.0000|0.0000|0.0000|0|14.90
欧派家居|603833|1.74|2536301|161031936.00|-0.85|3.42|-1.38|63.30|61.69|64.35|61.36|2.54|62.22|1676374|104676600.00|1|0.0000|0.0000|0.0000|0|62.22
海程邦达|603836|9.97|16945349|230563552.00|-0.32|9.97|-1.11|13.90|12.60|13.90|12.50|16.95|12.64|976400|12381085.00|1|0.0000|0.0000|0.0000|0|12.64
*ST四通|603838|-0.40|2250800|11142647.00|-1.39|0.00|-2.59|5.00|4.95|5.02|4.89|2.25|5.02|3568200|17818536.00|1|0.0000|0.0000|0.0000|0|5.02
安正时尚|603839|0.18|2971540|16367375.00|-0.90|0.54|-1.45|5.54|5.48|5.56|5.45|2.97|5.53|2560000|14096782.00|1|0.0000|0.0000|0.0000|0|5.53
*ST正平|603843|0.83|26453860|96082136.00|-2.20|3.31|-2.48|3.66|3.55|3.75|3.54|26.45|3.63|24441528|88228712.00|1|0.0000|0.0000|0.0000|0|3.63
好太太|603848|0.07|1257700|17632460.00|-1.07|0.85|-1.07|14.06|13.90|14.17|13.90|1.26|14.05|732250|10306600.00|1|0.0000|0.0000|0.0000|0|14.05
华荣股份|603855|-2.86|6486067|133335192.00|-0.81|-0.14|-3.86|20.41|20.84|20.98|20.20|6.49|21.01|5572625|117472256.00|1|0.0000|0.0000|0.0000|0|21.01
东宏股份|603856|0.18|1582099|17925548.00|-0.18|0.35|-1.14|11.39|11.35|11.41|11.24|1.58|11.37|1786810|20357600.00|1|0.0000|0.0000|0.0000|0|11.37
步长制药|603858|0.72|3484819|53403852.00|-0.39|0.98|-0.39|15.37|15.20|15.41|15.20|3.48|15.26|3540624|54221328.00|1|0.0000|0.0000|0.0000|0|15.26
能科科技|603859|-3.02|4547496|145741440.00|-2.01|-0.09|-3.51|31.79|32.12|32.75|31.63|4.55|32.78|2817596|92447168.00|1|0.0000|0.0000|0.0000|0|32.78
中公高科|603860|-0.13|901700|26875514.00|-1.37|0.77|-2.35|29.80|29.43|30.07|29.14|0.90|29.84|695200|20712832.00|1|0.0000|0.0000|0.0000|0|29.84
白云电器|603861|0.10|5840556|55681576.00|-0.84|0.73|-1.36|9.56|9.47|9.62|9.42|5.84|9.55|5358900|51479628.00|1|0.0000|0.0000|0.0000|0|9.55
松炀资源|603863|-1.05|4394200|57884124.00|-1.65|0.08|-1.88|13.16|13.08|13.31|13.05|4.39|13.30|8428712|113432984.00|1|0.0000|0.0000|0.0000|0|13.30
桃李面包|603866|1.56|19325910|112138216.00|-0.69|1.56|-0.87|5.85|5.72|5.85|5.71|19.33|5.76|18641224|107609528.00|1|0.0000|0.0000|0.0000|0|5.76
新化股份|603867|-0.85|1852265|47369068.00|-0.78|0.27|-1.40|25.53|25.55|25.82|25.39|1.85|25.75|1846555|47642052.00|1|0.0000|0.0000|0.0000|0|25.75
飞科电器|603868|-1.29|582300|21425232.00|-1.05|-0.13|-1.88|36.75|36.84|37.18|36.53|0.58|37.23|1034700|38521940.00|1|0.0000|0.0000|0.0000|0|37.23
ST智知|603869|0.86|1015610|5910870.50|-0.69|1.72|-0.86|5.85|5.76|5.90|5.75|1.02|5.80|556450|3217913.00|1|0.0000|0.0000|0.0000|0|5.80
嘉友国际|603871|-1.77|11248238|169210464.00|-1.57|0.26|-2.30|14.98|15.01|15.29|14.90|11.25|15.25|6134195|93929240.00|1|0.0000|0.0000|0.0000|0|15.25
鼎胜新材|603876|-1.34|13689090|121038560.00|-1.90|-0.22|-2.01|8.83|8.78|8.93|8.77|13.69|8.95|13832299|124130264.00|1|0.0000|0.0000|0.0000|0|8.95
太平鸟|603877|-2.42|2534500|41095116.00|-0.54|-0.48|-3.21|16.13|16.44|16.45|16.00|2.53|16.53|3632000|59912052.00|1|0.0000|0.0000|0.0000|0|16.53
武进不锈|603878|0.71|5174876|29038050.00|-0.54|0.89|-0.89|5.64|5.57|5.65|5.55|5.17|5.60|6941020|39236904.00|1|0.0000|0.0000|0.0000|0|5.60
永悦科技|603879|5.05|1779196|7775086.50|5.05|5.05|5.05|4.37|4.37|4.37|4.37|1.78|4.16|9049410|37204160.00|1|0.0000|0.0000|0.0000|0|4.16
南卫股份|603880|-1.12|2749500|14503113.00|-1.87|0.37|-2.99|5.29|5.25|5.37|5.19|2.75|5.35|3620250|19436240.00|1|0.0000|0.0000|0.0000|0|5.35
数据港|603881|0.57|37856470|1257605888.00|-1.87|2.36|-1.99|33.30|32.49|33.89|32.45|37.86|33.11|32020411|1071485440.00|1|0.0000|0.0000|0.0000|0|33.11
金域医学|603882|-1.28|5222470|165689728.00|-2.30|0.90|-2.37|31.70|31.37|32.40|31.35|5.22|32.11|6306270|202995680.00|1|0.0000|0.0000|0.0000|0|32.11
老百姓|603883|0.00|11984060|227238224.00|-2.31|0.63|-2.31|19.04|18.60|19.16|18.60|11.98|19.04|15249003|291219520.00|1|0.0000|0.0000|0.0000|0|19.04
吉祥航空|603885|-0.23|9863945|130429808.00|-0.45|1.51|-1.74|13.21|13.18|13.44|13.01|9.86|13.24|7879320|103889640.00|1|0.0000|0.0000|0.0000|0|13.24
元祖股份|603886|1.12|2973263|42521556.00|-0.35|1.12|-0.49|14.39|14.18|14.39|14.16|2.97|14.23|2016900|28721104.00|1|0.0000|0.0000|0.0000|0|14.23
城地香江|603887|-1.17|34567459|674437056.00|-1.53|1.99|-1.99|19.36|19.29|19.98|19.20|34.57|19.59|45522892|888866048.00|1|0.0000|0.0000|0.0000|0|19.59
新华网|603888|-0.39|3886978|89227416.00|-0.87|0.43|-0.96|22.93|22.82|23.12|22.80|3.89|23.02|4254478|98367768.00|1|0.0000|0.0000|0.0000|0|23.02
新澳股份|603889|-1.81|7540960|49131056.00|-0.90|-0.60|-2.71|6.52|6.58|6.60|6.46|7.54|6.64|3992178|26524854.00|1|0.0000|0.0000|0.0000|0|6.64
春秋电子|603890|-3.63|12485800|147867808.00|-1.16|0.17|-3.80|11.67|11.97|12.13|11.65|12.49|12.11|7581144|92210648.00|1|0.0000|0.0000|0.0000|0|12.11
瑞芯微|603893|-2.70|9111242|1494177152.00|-1.91|0.00|-4.37|163.36|164.70|167.90|160.56|9.11|167.90|7007792|1175250176.00|1|0.0000|0.0000|0.0000|0|167.90
天永智能|603895|-3.62|1092100|27832472.00|0.19|0.19|-5.14|25.30|26.30|26.30|24.90|1.09|26.25|915600|24291588.00|1|0.0000|0.0000|0.0000|0|26.25
寿仙谷|603896|1.18|2050170|42082504.00|-0.25|1.32|-0.49|20.64|20.35|20.67|20.30|2.05|20.40|1539350|31508782.00|1|0.0000|0.0000|0.0000|0|20.40
长城科技|603897|-1.45|6006289|147987920.00|-1.13|0.92|-2.21|24.52|24.60|25.11|24.33|6.01|24.88|10817333|271004544.00|1|0.0000|0.0000|0.0000|0|24.88
好莱客|603898|-0.99|1440200|14433433.00|0.00|0.40|-1.98|10.02|10.12|10.16|9.92|1.44|10.12|2048500|20529724.00|1|0.0000|0.0000|0.0000|0|10.12
晨光股份|603899|-0.13|7364562|234037952.00|-0.44|1.77|-1.33|31.60|31.50|32.20|31.22|7.36|31.64|9990425|320446368.00|1|0.0000|0.0000|0.0000|0|31.64
莱绅通灵|603900|0.30|36174030|240406416.00|-1.81|3.02|-2.42|6.64|6.50|6.82|6.46|36.17|6.62|37696110|243733296.00|1|0.0000|0.0000|0.0000|0|6.62
永创智能|603901|-4.82|18654500|180065728.00|-1.61|1.10|-5.62|9.48|9.80|10.07|9.40|18.65|9.96|19752100|199331552.00|1|0.0000|0.0000|0.0000|0|9.96
中持股份|603903|0.73|2812432|19235102.00|-1.17|0.88|-1.75|6.90|6.77|6.91|6.73|2.81|6.85|2237604|15344302.00|1|0.0000|0.0000|0.0000|0|6.85
龙蟠科技|603906|-2.04|7333056|77889056.00|-1.48|0.37|-2.88|10.56|10.62|10.82|10.47|7.33|10.78|5148108|55700684.00|1|0.0000|0.0000|0.0000|0|10.78
牧高笛|603908|2.06|6277580|170969008.00|-2.39|2.69|-3.10|27.70|26.49|27.87|26.30|6.28|27.14|5995660|162736160.00|1|0.0000|0.0000|0.0000|0|27.14
建发合诚|603909|0.56|1688777|15030716.00|-1.57|1.01|-1.57|8.94|8.75|8.98|8.75|1.69|8.89|2142112|19041306.00|1|0.0000|0.0000|0.0000|0|8.89
佳力图|603912|-1.53|16004784|145042432.00|-2.18|0.98|-2.94|9.03|8.97|9.26|8.90|16.00|9.17|15190623|140754928.00|1|0.0000|0.0000|0.0000|0|9.17
国茂股份|603915|-3.88|11844800|196322272.00|-2.41|0.59|-4.36|16.33|16.58|17.09|16.25|11.84|16.99|11031500|187334992.00|1|0.0000|0.0000|0.0000|0|16.99
苏博特|603916|1.03|4033500|31560680.00|-1.03|1.16|-1.03|7.87|7.71|7.88|7.71|4.03|7.79|3352837|26127136.00|1|0.0000|0.0000|0.0000|0|7.79
合力科技|603917|-0.32|6887744|87615560.00|-1.11|2.77|-1.35|12.58|12.48|12.97|12.45|6.89|12.62|5099900|64496456.00|1|0.0000|0.0000|0.0000|0|12.62
金桥信息|603918|-1.84|9823000|152900944.00|-1.65|0.44|-2.28|15.47|15.50|15.83|15.40|9.82|15.76|9554700|151775664.00|1|0.0000|0.0000|0.0000|0|15.76
金徽酒|603919|0.78|3842420|74236912.00|-0.99|1.88|-0.99|19.34|19.00|19.55|19.00|3.84|19.19|2380599|45871148.00|1|0.0000|0.0000|0.0000|0|19.19
世运电路|603920|-7.15|35483091|1039094784.00|-1.94|-0.71|-8.87|28.69|30.30|30.68|28.16|35.48|30.90|21495072|668044992.00|1|0.0000|0.0000|0.0000|0|30.90
金鸿顺|603922|-3.25|2530520|61253568.00|-2.17|-0.88|-4.22|24.09|24.36|24.68|23.85|2.53|24.90|2094660|52190864.00|1|0.0000|0.0000|0.0000|0|24.90
铁流股份|603926|-2.95|2453445|25177394.00|-1.71|-0.57|-3.71|10.19|10.32|10.44|10.11|2.45|10.50|1904800|20002752.00|1|0.0000|0.0000|0.0000|0|10.50
中科软|603927|-0.75|5947264|126346496.00|-1.08|0.66|-1.31|21.20|21.13|21.50|21.08|5.95|21.36|4637564|98957328.00|1|0.0000|0.0000|0.0000|0|21.36
兴业股份|603928|0.70|16671435|187921776.00|-1.50|1.23|-2.11|11.43|11.18|11.49|11.11|16.67|11.35|22130160|253400656.00|1|0.0000|0.0000|0.0000|0|11.35
亚翔集成|603929|-2.37|9445189|318435296.00|-2.89|-0.69|-4.05|33.78|33.60|34.36|33.20|9.45|34.60|15779120|554411520.00|1|0.0000|0.0000|0.0000|0|34.60
格林达|603931|-3.35|3010621|83142584.00|-1.34|0.00|-4.55|27.43|28.00|28.38|27.09|3.01|28.38|2846300|81398648.00|1|0.0000|0.0000|0.0000|0|28.38
睿能科技|603933|-2.17|2958100|46830564.00|-1.74|0.43|-3.23|15.75|15.82|16.17|15.58|2.96|16.10|2327800|37700024.00|1|0.0000|0.0000|0.0000|0|16.10
博敏电子|603936|-1.00|9430860|74907680.00|-1.12|0.50|-2.00|7.92|7.91|8.04|7.84|9.43|8.00|9767040|78482512.00|1|0.0000|0.0000|0.0000|0|8.00
丽岛新材|603937|-0.22|2205000|19841046.00|-1.33|1.10|-2.21|9.03|8.93|9.15|8.85|2.21|9.05|2512200|22763560.00|1|0.0000|0.0000|0.0000|0|9.05
三孚股份|603938|5.85|28842265|432503712.00|-4.51|10.02|-6.19|15.74|14.20|16.36|13.95|28.84|14.87|30351898|443354304.00|1|0.0000|0.0000|0.0000|0|14.87
益丰药房|603939|1.74|6485431|170004384.00|-0.85|2.36|-1.12|26.34|25.67|26.50|25.60|6.49|25.89|6651913|173899904.00|1|0.0000|0.0000|0.0000|0|25.89
建业股份|603948|-1.34|985000|18236456.00|0.00|0.59|-2.56|18.47|18.72|18.83|18.24|0.98|18.72|1468400|27651444.00|1|0.0000|0.0000|0.0000|0|18.72
雪龙集团|603949|-10.00|22286700|476872768.00|-8.08|-5.13|-10.00|21.06|21.51|22.20|21.06|22.29|23.40|17762164|419315040.00|1|0.0000|0.0000|0.0000|0|23.40
长源东谷|603950|-4.25|7488520|190497584.00|-2.28|0.34|-6.11|25.25|25.77|26.46|24.76|7.49|26.37|6470660|172885312.00|1|0.0000|0.0000|0.0000|0|26.37
大千生态|603955|-1.44|2528300|48463612.00|0.87|0.87|-3.44|19.20|19.65|19.65|18.81|2.53|19.48|3792248|74267312.00|1|0.0000|0.0000|0.0000|0|19.48
威派格|603956|-1.32|12618774|85005648.00|-1.03|0.29|-2.20|6.73|6.75|6.84|6.67|12.62|6.82|10183511|69610888.00|1|0.0000|0.0000|0.0000|0|6.82
哈森股份|603958|-1.85|13364749|255926960.00|-5.50|2.31|-5.50|19.09|18.38|19.90|18.38|13.36|19.45|25320349|483808992.00|1|0.0000|0.0000|0.0000|0|19.45
百利科技|603959|0.00|2934000|10883899.00|-0.27|1.62|-0.81|3.71|3.70|3.77|3.68|2.93|3.71|2811700|10470213.00|1|0.0000|0.0000|0.0000|0|3.71
克来机电|603960|-2.47|7583100|148168752.00|-1.71|0.30|-2.82|19.37|19.52|19.92|19.30|7.58|19.86|7137400|142454816.00|1|0.0000|0.0000|0.0000|0|19.86
法兰泰克|603966|-2.59|12353096|111202800.00|-1.19|-0.32|-5.18|9.02|9.15|9.23|8.78|12.35|9.26|11025784|101761312.00|1|0.0000|0.0000|0.0000|0|9.26
中创物流|603967|10.00|19615748|228948880.00|-1.98|10.00|-2.34|12.21|10.88|12.21|10.84|19.62|11.10|12505380|139042416.00|1|0.0000|0.0000|0.0000|0|11.10
醋化股份|603968|-1.01|3030800|32779712.00|-0.91|0.82|-2.84|10.82|10.83|11.02|10.62|3.03|10.93|2500800|27392444.00|1|0.0000|0.0000|0.0000|0|10.93
银龙股份|603969|1.29|14602734|90837712.00|-0.48|1.45|-1.61|6.29|6.18|6.30|6.11|14.60|6.21|11120794|69113968.00|1|0.0000|0.0000|0.0000|0|6.21
中农立华|603970|1.11|2203710|29912566.00|0.00|1.48|-0.67|13.65|13.50|13.70|13.41|2.20|13.50|1625300|21995290.00|1|0.0000|0.0000|0.0000|0|13.50
正川股份|603976|0.85|1343600|23909540.00|-0.11|1.13|-1.30|17.90|17.73|17.95|17.52|1.34|17.75|1037600|18446960.00|1|0.0000|0.0000|0.0000|0|17.75
国泰集团|603977|0.07|15918705|217440416.00|-1.48|2.29|-1.62|13.55|13.34|13.85|13.32|15.92|13.54|11861231|161074128.00|1|0.0000|0.0000|0.0000|0|13.54
深圳新星|603978|0.37|2138800|28648396.00|-0.37|1.50|-1.27|13.42|13.32|13.57|13.20|2.14|13.37|1527324|20504746.00|1|0.0000|0.0000|0.0000|0|13.37
金诚信|603979|-3.58|8412512|334447872.00|-1.32|-1.32|-4.22|39.57|40.50|40.50|39.31|8.41|41.04|6318260|260452512.00|1|0.0000|0.0000|0.0000|0|41.04
吉华集团|603980|-0.65|7394116|33997140.00|-0.86|0.65|-2.16|4.60|4.59|4.66|4.53|7.39|4.63|8286380|38310604.00|1|0.0000|0.0000|0.0000|0|4.63
泉峰汽车|603982|-1.44|4836601|40029320.00|-1.08|1.20|-1.92|8.23|8.26|8.45|8.19|4.84|8.35|6261245|52399792.00|1|0.0000|0.0000|0.0000|0|8.35
丸美生物|603983|-0.51|1382300|51218572.00|-1.77|1.53|-1.85|37.01|36.54|37.77|36.51|1.38|37.20|1731835|64044752.00|1|0.0000|0.0000|0.0000|0|37.20
恒润股份|603985|-2.58|85512595|1407425152.00|0.00|2.70|-6.87|16.60|17.04|17.50|15.87|85.51|17.04|37092876|616671680.00|1|0.0000|0.0000|0.0000|0|17.04
兆易创新|603986|-1.56|9981755|1161711488.00|-1.65|0.60|-2.29|115.75|115.65|118.30|114.90|9.98|117.59|7960755|936354624.00|1|0.0000|0.0000|0.0000|0|117.59
康德莱|603987|-0.39|5929740|45234156.00|-0.39|0.78|-2.21|7.65|7.65|7.74|7.51|5.93|7.68|6205040|47580968.00|1|0.0000|0.0000|0.0000|0|7.68
中电电机|603988|-1.30|2400600|47233808.00|-1.61|0.05|-2.26|19.67|19.61|19.94|19.48|2.40|19.93|3102434|62327336.00|1|0.0000|0.0000|0.0000|0|19.93
艾华集团|603989|-1.91|3879651|59990784.00|-1.27|0.00|-2.87|15.40|15.50|15.70|15.25|3.88|15.70|2792429|44131444.00|1|0.0000|0.0000|0.0000|0|15.70
麦迪科技|603990|-1.13|8177025|107791712.00|-1.58|0.53|-2.10|13.17|13.11|13.39|13.04|8.18|13.32|9897423|131526016.00|1|0.0000|0.0000|0.0000|0|13.32
至正股份|603991|-1.02|958300|50041188.00|-0.72|0.42|-1.80|52.24|52.40|53.00|51.83|0.96|52.78|1211834|64716608.00|1|0.0000|0.0000|0.0000|0|52.78
松霖科技|603992|-3.16|3032691|67135312.00|-1.18|-0.96|-3.99|22.10|22.55|22.60|21.91|3.03|22.82|3117000|70580328.00|1|0.0000|0.0000|0.0000|0|22.82
洛阳钼业|603993|-3.98|260176749|1892012928.00|-2.52|-1.99|-4.38|7.23|7.34|7.38|7.20|260.18|7.53|121464532|917211776.00|1|0.0000|0.0000|0.0000|0|7.53
甬金股份|603995|-0.49|2360200|47807136.00|-0.88|-0.05|-1.47|20.30|20.22|20.39|20.10|2.36|20.40|2420075|49625144.00|1|0.0000|0.0000|0.0000|0|20.40
继峰股份|603997|-1.26|7689942|84727528.00|-1.08|0.00|-3.05|11.01|11.03|11.15|10.81|7.69|11.15|5966318|66791136.00|1|0.0000|0.0000|0.0000|0|11.15
方盛制药|603998|0.79|11264772|114893632.00|-0.49|1.78|-0.69|10.19|10.06|10.29|10.04|11.26|10.11|13448400|136496592.00|1|0.0000|0.0000|0.0000|0|10.11
读者传媒|603999|5.69|90081052|659987200.00|-1.02|10.06|-2.19|7.25|6.79|7.55|6.71|90.08|6.86|40336137|284569632.00|1|0.0000|0.0000|0.0000|0|6.86
威奥股份|605001|1.78|11836560|81120400.00|-0.59|4.90|-1.04|6.86|6.70|7.07|6.67|11.84|6.74|5175700|35201984.00|1|0.0000|0.0000|0.0000|0|6.74
众望布艺|605003|-1.15|753600|14192708.00|-1.36|-0.31|-3.18|18.94|18.90|19.10|18.55|0.75|19.16|679825|12965304.00|1|0.0000|0.0000|0.0000|0|19.16
合兴股份|605005|-2.92|9062300|147017264.00|-2.98|-1.49|-4.71|16.30|16.29|16.54|16.00|9.06|16.79|15893291|291214016.00|1|0.0000|0.0000|0.0000|0|16.79
山东玻纤|605006|0.65|5290140|32659404.00|-0.81|0.81|-1.13|6.22|6.13|6.23|6.11|5.29|6.18|3841140|23736166.00|1|0.0000|0.0000|0.0000|0|6.18
五洲特纸|605007|0.63|2342900|29654324.00|-1.19|1.11|-1.19|12.69|12.46|12.75|12.46|2.34|12.61|1312400|16540750.00|1|0.0000|0.0000|0.0000|0|12.61
长鸿高科|605008|-0.64|2487100|38768988.00|-1.08|0.96|-1.72|15.60|15.53|15.85|15.43|2.49|15.70|1982660|31137450.00|1|0.0000|0.0000|0.0000|0|15.70
豪悦护理|605009|0.36|2379422|110814024.00|-1.50|1.03|-1.88|46.97|46.10|47.28|45.92|2.38|46.80|5039828|233502224.00|1|0.0000|0.0000|0.0000|0|46.80
杭州热电|605011|2.47|12128195|318879136.00|-0.81|2.59|-1.20|26.55|25.70|26.58|25.60|12.13|25.91|9643500|252358192.00|1|0.0000|0.0000|0.0000|0|25.91
百龙创园|605016|-9.99|8995557|175242992.00|-2.03|-1.18|-9.99|19.11|20.80|20.98|19.11|9.00|21.23|2683233|57340952.00|1|0.0000|0.0000|0.0000|0|21.23
长华集团|605018|-2.64|4230600|47117888.00|-1.14|0.35|-3.51|11.08|11.25|11.42|10.98|4.23|11.38|2999800|34232456.00|1|0.0000|0.0000|0.0000|0|11.38
永和股份|605020|-4.12|6403992|146110608.00|-1.40|-1.15|-4.54|22.60|23.24|23.30|22.50|6.40|23.57|7471275|176016576.00|1|0.0000|0.0000|0.0000|0|23.57
世茂能源|605028|-0.23|2024301|35143792.00|-0.69|0.40|-1.43|17.41|17.33|17.52|17.20|2.02|17.45|2739500|47608600.00|1|0.0000|0.0000|0.0000|0|17.45
美邦股份|605033|-0.17|2028700|35947176.00|-1.68|0.34|-2.40|17.87|17.60|17.96|17.47|2.03|17.90|2193800|39282896.00|1|0.0000|0.0000|0.0000|0|17.90
福然德|605050|3.07|3629200|38469724.00|-0.10|3.26|-1.34|10.76|10.43|10.78|10.30|3.63|10.44|1754100|18372994.00|1|0.0000|0.0000|0.0000|0|10.44
迎丰股份|605055|-0.55|3430000|18697320.00|-0.36|0.18|-1.82|5.47|5.48|5.51|5.40|3.43|5.50|3056400|16771167.00|1|0.0000|0.0000|0.0000|0|5.50
咸亨国际|605056|-2.09|6211609|87877488.00|-1.19|2.23|-3.63|14.04|14.17|14.66|13.82|6.21|14.34|6150592|88706200.00|1|0.0000|0.0000|0.0000|0|14.34
澳弘电子|605058|-5.34|4626825|109730864.00|-2.83|-0.85|-6.40|23.38|24.00|24.49|23.12|4.63|24.70|2846900|70400712.00|1|0.0000|0.0000|0.0000|0|24.70
联德股份|605060|-7.72|4761500|90084592.00|-1.73|-0.10|-9.59|18.66|19.87|20.20|18.28|4.76|20.22|1088400|21975446.00|1|0.0000|0.0000|0.0000|0|20.22
天正电气|605066|-1.04|10760100|81826560.00|-0.91|0.26|-1.96|7.59|7.60|7.69|7.52|10.76|7.67|11705750|89626784.00|1|0.0000|0.0000|0.0000|0|7.67
明新旭腾|605068|-0.19|6338500|97499792.00|-1.71|0.76|-5.00|15.76|15.52|15.91|15.00|6.34|15.79|3609400|56979396.00|1|0.0000|0.0000|0.0000|0|15.79
正和生态|605069|-4.31|16564290|148647632.00|-1.83|-0.43|-5.07|8.87|9.10|9.23|8.80|16.56|9.27|21503798|196401360.00|1|0.0000|0.0000|0.0000|0|9.27
华康股份|605077|-0.91|2763288|42322976.00|-0.91|0.65|-1.88|15.31|15.31|15.55|15.16|2.76|15.45|2839739|44214692.00|1|0.0000|0.0000|0.0000|0|15.45
浙江自然|605080|-10.00|2885520|79801480.00|-10.00|-5.68|-10.00|27.55|27.55|28.87|27.55|2.89|30.61|2280380|70171312.00|1|0.0000|0.0000|0.0000|0|30.61
*ST太和|605081|-6.88|8742260|87485512.00|0.67|0.67|-8.12|9.75|10.54|10.54|9.62|8.74|10.47|8342086|89126816.00|0|0.0000|0.0000|0.0000|0|10.47
龙高股份|605086|1.57|1975630|54826172.00|0.00|2.66|-1.02|27.90|27.47|28.20|27.19|1.98|27.47|2268880|62264420.00|1|0.0000|0.0000|0.0000|0|27.47
冠盛股份|605088|-9.55|8932903|316601408.00|-3.32|-0.69|-9.81|34.30|36.66|37.66|34.20|8.93|37.92|3517671|134578096.00|1|0.0000|0.0000|0.0000|0|37.92
味知香|605089|0.71|562356|13497492.00|-0.29|1.13|-1.09|24.07|23.83|24.17|23.64|0.56|23.90|425184|10197130.00|1|0.0000|0.0000|0.0000|0|23.90
九丰能源|605090|-0.59|2891980|73532640.00|-0.39|0.43|-0.67|25.36|25.41|25.62|25.34|2.89|25.51|2268560|57886128.00|1|0.0000|0.0000|0.0000|0|25.51
行动教育|605098|-0.63|848240|33387672.00|-0.66|0.28|-1.67|39.38|39.37|39.74|38.97|0.85|39.63|1175700|46665920.00|1|0.0000|0.0000|0.0000|0|39.63
共创草坪|605099|-6.32|2793200|55568588.00|-2.61|-1.62|-7.36|19.72|20.50|20.71|19.50|2.79|21.05|508900|10684833.00|1|0.0000|0.0000|0.0000|0|21.05
华丰股份|605100|-2.13|8429496|186345488.00|-1.82|0.44|-3.38|22.02|22.09|22.60|21.74|8.43|22.50|10111303|228451968.00|1|0.0000|0.0000|0.0000|0|22.50
同庆楼|605108|3.41|4495949|93867424.00|-1.14|5.34|-1.14|20.93|20.01|21.32|20.01|4.50|20.24|2330883|47393192.00|1|0.0000|0.0000|0.0000|0|20.24
新洁能|605111|-1.94|10236309|349463776.00|-0.61|0.78|-3.15|33.91|34.37|34.85|33.49|10.24|34.58|8448547|293776128.00|1|0.0000|0.0000|0.0000|0|34.58
奥锐特|605116|-1.24|1473100|31946234.00|-1.65|1.10|-1.65|21.52|21.43|22.03|21.43|1.47|21.79|1568100|34241040.00|1|0.0000|0.0000|0.0000|0|21.79
德业股份|605117|-2.95|4691682|432077120.00|-1.45|-1.45|-3.99|92.00|93.43|93.43|91.02|4.69|94.80|5436503|517136320.00|1|0.0000|0.0000|0.0000|0|94.80
力鼎光电|605118|-2.88|4118500|82527776.00|-1.51|-0.05|-3.62|19.88|20.16|20.46|19.73|4.12|20.47|3893100|80207872.00|1|0.0000|0.0000|0.0000|0|20.47
四方新材|605122|0.00|1519220|16058873.00|-0.47|0.56|-1.97|10.65|10.60|10.71|10.44|1.52|10.65|1525950|16137286.00|1|0.0000|0.0000|0.0000|0|10.65
派克新材|605123|-1.21|1469222|83163192.00|-1.56|1.32|-1.84|56.26|56.06|57.70|55.90|1.47|56.95|1265100|72447600.00|1|0.0000|0.0000|0.0000|0|56.95
上海沿浦|605128|-0.72|1444373|60127840.00|0.00|0.86|-1.44|41.50|41.80|42.16|41.20|1.44|41.80|2013452|83971024.00|1|0.0000|0.0000|0.0000|0|41.80
嵘泰股份|605133|-2.94|6353803|199857424.00|-2.33|0.43|-6.12|31.70|31.90|32.80|30.66|6.35|32.66|3947995|130570504.00|1|0.0000|0.0000|0.0000|0|32.66
丽人丽妆|605136|0.70|5987900|43255496.00|-0.98|2.24|-1.68|7.20|7.08|7.31|7.03|5.99|7.15|4182000|30149606.00|1|0.0000|0.0000|0.0000|0|7.15
盛泰集团|605138|-0.33|2479900|14856576.00|-0.33|1.16|-1.98|6.03|6.03|6.12|5.93|2.48|6.05|1992900|12062602.00|1|0.0000|0.0000|0.0000|0|6.05
西上海|605151|-0.91|2814700|49040124.00|-2.04|0.40|-3.06|17.49|17.29|17.72|17.11|2.81|17.65|4538500|80889712.00|1|0.0000|0.0000|0.0000|0|17.65
西大门|605155|-1.15|3550696|42919860.00|-1.72|-0.08|-1.88|12.07|12.00|12.20|11.98|3.55|12.21|3494757|42935620.00|1|0.0000|0.0000|0.0000|0|12.21
华达新材|605158|-0.34|1912820|16614242.00|-0.80|0.46|-1.60|8.71|8.67|8.78|8.60|1.91|8.74|1942300|17000516.00|1|0.0000|0.0000|0.0000|0|8.74
新中港|605162|0.64|4800400|37375584.00|-0.77|0.90|-0.77|7.81|7.70|7.83|7.70|4.80|7.76|4972200|38641060.00|1|0.0000|0.0000|0.0000|0|7.76
聚合顺|605166|-4.42|9573200|121555880.00|-1.45|-0.69|-4.65|12.53|12.92|13.02|12.50|9.57|13.11|8653000|115004560.00|1|0.0000|0.0000|0.0000|0|13.11
利柏特|605167|0.50|10946700|110658688.00|-1.20|2.40|-1.30|10.07|9.90|10.26|9.89|10.95|10.02|9774500|98313696.00|1|0.0000|0.0000|0.0000|0|10.02
三人行|605168|-0.38|1553823|44856924.00|-0.79|0.41|-1.28|28.87|28.75|29.10|28.61|1.55|28.98|1546102|44863788.00|1|0.0000|0.0000|0.0000|0|28.98
洪通燃气|605169|0.30|1306760|13264792.00|-0.10|0.59|-1.28|10.19|10.15|10.22|10.03|1.31|10.16|1391218|14107528.00|1|0.0000|0.0000|0.0000|0|10.16
东亚药业|605177|-2.09|5782645|106378400.00|-0.86|0.48|-3.64|18.30|18.53|18.78|18.01|5.78|18.69|12405535|232031024.00|1|0.0000|0.0000|0.0000|0|18.69
时空科技|605178|-0.30|1036200|17388484.00|-0.89|0.59|-1.78|16.85|16.75|17.00|16.60|1.04|16.90|1697220|28726990.00|1|0.0000|0.0000|0.0000|0|16.90
一鸣食品|605179|0.05|8682000|170867936.00|-2.14|1.78|-2.65|19.63|19.20|19.97|19.10|8.68|19.62|11464400|225127696.00|1|0.0000|0.0000|0.0000|0|19.62
华生科技|605180|-0.94|1841906|25361992.00|-0.65|1.16|-1.95|13.70|13.74|13.99|13.56|1.84|13.83|2041636|28120540.00|1|0.0000|0.0000|0.0000|0|13.83
确成股份|605183|-7.89|7951800|137458176.00|-1.10|-0.77|-7.95|16.80|18.04|18.10|16.79|7.95|18.24|2712200|49477684.00|1|0.0000|0.0000|0.0000|0|18.24
健麾信息|605186|-0.63|1757400|36293504.00|-1.21|2.37|-1.60|20.53|20.41|21.15|20.33|1.76|20.66|1592300|32924348.00|1|0.0000|0.0000|0.0000|0|20.66
国光连锁|605188|-1.17|4890700|37573248.00|-0.52|1.69|-1.82|7.60|7.65|7.82|7.55|4.89|7.69|3461400|26738136.00|1|0.0000|0.0000|0.0000|0|7.69
富春染织|605189|0.00|1456000|19246120.00|-0.53|0.23|-1.88|13.32|13.25|13.35|13.07|1.46|13.32|1152700|15317466.00|1|0.0000|0.0000|0.0000|0|13.32
华通线缆|605196|-4.35|17320764|232514224.00|-1.43|-0.93|-6.85|13.40|13.81|13.88|13.05|17.32|14.01|8792000|123082104.00|1|0.0000|0.0000|0.0000|0|14.01
安德利|605198|1.62|1427200|54342112.00|-1.24|2.65|-1.46|38.38|37.30|38.77|37.22|1.43|37.77|1202300|45436340.00|1|0.0000|0.0000|0.0000|0|37.77
ST葫芦娃|605199|0.20|6186400|92681072.00|-0.73|0.93|-1.86|15.05|14.91|15.16|14.74|6.19|15.02|7972686|120084464.00|1|0.0000|0.0000|0.0000|0|15.02
永茂泰|605208|1.04|58431838|689180096.00|-1.73|5.63|-1.90|11.67|11.35|12.20|11.33|58.43|11.55|67051082|768334464.00|1|0.0000|0.0000|0.0000|0|11.55
伟时电子|605218|-2.53|2345800|49780228.00|-2.81|0.69|-3.91|21.17|21.11|21.87|20.87|2.35|21.72|1566027|34184992.00|1|0.0000|0.0000|0.0000|0|21.72
起帆电缆|605222|-0.32|2359400|36409544.00|-0.97|0.32|-1.54|15.49|15.39|15.59|15.30|2.36|15.54|2094400|32576056.00|1|0.0000|0.0000|0.0000|0|15.54
神通科技|605228|-4.39|22208810|244581792.00|-1.75|-1.23|-5.61|10.90|11.20|11.26|10.76|22.21|11.40|5793828|66049640.00|1|0.0000|0.0000|0.0000|0|11.40
天普股份|605255|0.06|8451183|140308592.00|-2.08|0.89|-3.09|16.82|16.46|16.96|16.29|8.45|16.81|8967525|151552304.00|1|0.0000|0.0000|0.0000|0|16.81
协和电子|605258|-2.20|1466971|44590444.00|-1.32|0.00|-3.45|30.29|30.56|30.97|29.90|1.47|30.97|1075621|33528606.00|1|0.0000|0.0000|0.0000|0|30.97
绿田机械|605259|-3.38|2610124|42687968.00|-2.25|-1.24|-4.21|16.30|16.49|16.66|16.16|2.61|16.87|1112768|18822960.00|1|0.0000|0.0000|0.0000|0|16.87
健之佳|605266|0.37|1782800|38198816.00|-1.12|1.22|-1.12|21.45|21.13|21.63|21.13|1.78|21.37|1833800|39365872.00|1|0.0000|0.0000|0.0000|0|21.37
王力安防|605268|-0.93|1548068|13126109.00|-1.52|-0.12|-2.10|8.49|8.44|8.56|8.39|1.55|8.57|2734800|23511284.00|1|0.0000|0.0000|0.0000|0|8.57
新亚电子|605277|-4.49|12970368|219094304.00|-2.02|0.46|-4.49|16.58|17.01|17.44|16.58|12.97|17.36|12923107|223251760.00|1|0.0000|0.0000|0.0000|0|17.36
同力天启|605286|-3.56|2230600|89746536.00|-1.60|0.97|-5.03|39.88|40.69|41.75|39.27|2.23|41.35|1726600|71253576.00|1|0.0000|0.0000|0.0000|0|41.35
德才股份|605287|0.54|2142499|27996114.00|-0.61|1.45|-1.68|13.15|13.00|13.27|12.86|2.14|13.08|1805752|23716402.00|1|0.0000|0.0000|0.0000|0|13.08
凯迪股份|605288|-3.03|763660|29935588.00|-1.12|0.90|-4.28|39.00|39.77|40.58|38.50|0.76|40.22|729020|29445130.00|1|0.0000|0.0000|0.0000|0|40.22
罗曼股份|605289|0.42|1047150|24918418.00|-0.50|0.88|-1.38|23.94|23.72|24.05|23.51|1.05|23.84|745600|17839942.00|1|0.0000|0.0000|0.0000|0|23.84
神农集团|605296|0.47|4760495|141334448.00|-0.41|2.00|-1.42|29.66|29.40|30.11|29.10|4.76|29.52|4522590|132463744.00|1|0.0000|0.0000|0.0000|0|29.52
必得科技|605298|-4.91|2617728|36898020.00|-0.82|-0.55|-5.39|13.95|14.55|14.59|13.88|2.62|14.67|1207888|17645518.00|1|0.0000|0.0000|0.0000|0|14.67
舒华体育|605299|0.58|3294100|28281280.00|-0.82|0.93|-1.40|8.62|8.50|8.65|8.45|3.29|8.57|2429000|20827208.00|1|0.0000|0.0000|0.0000|0|8.57
佳禾食品|605300|0.29|2988946|41866252.00|-1.29|1.29|-1.65|14.02|13.80|14.16|13.75|2.99|13.98|3517758|49487856.00|1|0.0000|0.0000|0.0000|0|13.98
园林股份|605303|-0.22|2253063|20896348.00|-0.97|0.43|-1.40|9.27|9.20|9.33|9.16|2.25|9.29|2102800|19607080.00|1|0.0000|0.0000|0.0000|0|9.29
中际联合|605305|-6.47|11182074|310162368.00|-4.76|-0.72|-7.29|27.32|27.82|29.00|27.08|11.18|29.21|4178243|122777064.00|1|0.0000|0.0000|0.0000|0|29.21
法狮龙|605318|2.94|1798700|52708952.00|-1.52|3.25|-1.52|29.77|28.48|29.86|28.48|1.80|28.92|2418100|69616880.00|1|0.0000|0.0000|0.0000|0|28.92
无锡振华|605319|-4.55|6369502|188450032.00|-2.18|0.10|-5.75|29.37|30.10|30.80|29.00|6.37|30.77|5077800|155408640.00|1|0.0000|0.0000|0.0000|0|30.77
沪光股份|605333|-1.98|4735595|147831120.00|-1.35|-0.85|-2.92|31.20|31.40|31.56|30.90|4.74|31.83|5184176|166528832.00|1|0.0000|0.0000|0.0000|0|31.83
帅丰电器|605336|-1.20|2466105|48600176.00|-2.10|-0.25|-2.10|19.73|19.55|19.92|19.55|2.47|19.97|3376880|66805176.00|1|0.0000|0.0000|0.0000|0|19.97
李子园|605337|2.62|13600248|163910784.00|-1.52|3.56|-1.95|12.12|11.63|12.23|11.58|13.60|11.81|7084024|83790864.00|1|0.0000|0.0000|0.0000|0|11.81
巴比食品|605338|1.42|3239452|59528708.00|-0.99|1.59|-1.26|18.53|18.09|18.56|18.04|3.24|18.27|2829277|51850892.00|1|0.0000|0.0000|0.0000|0|18.27
南侨食品|605339|0.18|909400|15134923.00|-0.36|0.42|-0.90|16.69|16.60|16.73|16.51|0.91|16.66|716300|11930990.00|1|0.0000|0.0000|0.0000|0|16.66
立昂微|605358|-1.05|4085433|96398024.00|-1.47|1.43|-1.81|23.48|23.38|24.07|23.30|4.09|23.73|3627258|86478960.00|1|0.0000|0.0000|0.0000|0|23.73
立达信|605365|-2.52|2123700|32252428.00|-0.90|-0.06|-3.49|15.10|15.35|15.48|14.95|2.12|15.49|1711125|26533494.00|1|0.0000|0.0000|0.0000|0|15.49
宏柏新材|605366|0.51|5776666|34016928.00|-1.19|1.53|-1.70|5.92|5.82|5.98|5.79|5.78|5.89|4887288|28988072.00|1|0.0000|0.0000|0.0000|0|5.89
蓝天燃气|605368|1.94|7865064|86291664.00|-0.09|2.40|-0.28|11.04|10.82|11.09|10.80|7.87|10.83|3375613|36526200.00|1|0.0000|0.0000|0.0000|0|10.83
拱东医疗|605369|-1.30|1098850|30978486.00|-0.81|0.70|-2.00|28.11|28.25|28.68|27.91|1.10|28.48|690080|19693158.00|1|0.0000|0.0000|0.0000|0|28.48
博迁新材|605376|-1.77|2333000|84815424.00|-0.14|0.93|-2.05|36.00|36.60|36.99|35.90|2.33|36.65|2351000|86258488.00|1|0.0000|0.0000|0.0000|0|36.65
华旺科技|605377|-0.48|1917080|23769496.00|-0.08|0.40|-1.44|12.43|12.48|12.54|12.31|1.92|12.49|1288940|16137818.00|1|0.0000|0.0000|0.0000|0|12.49
野马电池|605378|-6.69|6038284|139028432.00|-1.70|0.00|-7.32|22.45|23.65|24.06|22.30|6.04|24.06|3379760|82384040.00|1|0.0000|0.0000|0.0000|0|24.06
均瑶健康|605388|1.27|5990237|38223432.00|-0.95|2.22|-1.90|6.38|6.24|6.44|6.18|5.99|6.30|5776994|36610404.00|1|0.0000|0.0000|0.0000|0|6.30
长龄液压|605389|0.22|1254160|39380140.00|-1.87|1.59|-2.22|31.57|30.91|32.00|30.80|1.25|31.50|1646440|52157416.00|1|0.0000|0.0000|0.0000|0|31.50
新炬网络|605398|-1.91|3913640|124091376.00|-0.97|0.84|-2.62|31.41|31.71|32.29|31.18|3.91|32.02|4414560|142081072.00|1|0.0000|0.0000|0.0000|0|32.02
晨光新材|605399|-2.44|4894298|61034700.00|-2.99|0.55|-3.70|12.40|12.33|12.78|12.24|4.89|12.71|5772165|73122720.00|1|0.0000|0.0000|0.0000|0|12.71
福莱新材|605488|-2.95|5248409|226770384.00|-1.93|0.25|-3.52|42.75|43.20|44.16|42.50|5.25|44.05|7996661|351296640.00|1|0.0000|0.0000|0.0000|0|44.05
东鹏饮料|605499|1.45|2173628|560744512.00|-0.02|2.58|-1.23|259.10|255.34|261.99|252.25|2.17|255.40|1416275|362293632.00|1|0.0000|0.0000|0.0000|0|255.40
森林包装|605500|-0.28|2128330|15109471.00|-0.42|0.00|-1.68|7.14|7.13|7.16|7.04|2.13|7.16|1302429|9316979.00|1|0.0000|0.0000|0.0000|0|7.16
国邦医药|605507|1.18|5636161|119922608.00|-0.66|1.99|-0.95|21.35|20.96|21.52|20.90|5.64|21.10|5539238|117084800.00|1|0.0000|0.0000|0.0000|0|21.10
德昌股份|605555|-7.23|10454768|238715728.00|-3.80|-2.85|-7.89|22.46|23.29|23.52|22.30|10.45|24.21|2828360|68650232.00|1|0.0000|0.0000|0.0000|0|24.21
福莱蒽特|605566|0.11|707607|12635561.00|-1.12|0.61|-1.12|17.92|17.70|18.01|17.70|0.71|17.90|637700|11423572.00|1|0.0000|0.0000|0.0000|0|17.90
春雪食品|605567|2.10|4982700|43228436.00|-0.35|2.45|-0.70|8.76|8.55|8.79|8.52|4.98|8.58|1762200|15137767.00|1|0.0000|0.0000|0.0000|0|8.58
龙版传媒|605577|1.23|8122800|112840128.00|-1.38|2.18|-1.74|13.96|13.60|14.09|13.55|8.12|13.79|15214900|212965600.00|1|0.0000|0.0000|0.0000|0|13.79
恒盛能源|605580|-2.43|4700640|53049888.00|-1.04|-0.17|-3.65|11.24|11.40|11.50|11.10|4.70|11.52|7458360|86198640.00|1|0.0000|0.0000|0.0000|0|11.52
冠石科技|605588|-8.11|9767815|487627392.00|-0.26|-0.02|-9.38|48.71|52.87|53.00|48.04|9.77|53.01|9286554|516396320.00|1|0.0000|0.0000|0.0000|0|53.01
圣泉集团|605589|-4.69|16217637|449733824.00|-1.05|-0.42|-4.72|27.26|28.30|28.48|27.25|16.22|28.60|15943649|457856480.00|1|0.0000|0.0000|0.0000|0|28.60
上海港湾|605598|1.34|1920920|39403540.00|-1.24|3.41|-1.24|20.49|19.97|20.91|19.97|1.92|20.22|807400|16370461.00|1|0.0000|0.0000|0.0000|0|20.22
菜百股份|605599|0.00|5441100|65890872.00|0.99|1.16|-1.07|12.11|12.23|12.25|11.98|5.44|12.11|7148320|86642256.00|1|0.0000|0.0000|0.0000|0|12.11
华兴源创|688001|-3.49|3147805|91100168.00|-1.02|0.58|-3.62|28.49|29.22|29.69|28.45|3.15|29.52|2042696|60341024.00|1|0.0000|0.0000|0.0000|0|29.52
睿创微纳|688002|-5.69|7505961|449147072.00|-0.85|0.92|-5.90|58.50|61.50|62.60|58.37|7.51|62.03|3847143|237719488.00|1|0.0000|0.0000|0.0000|0|62.03
天准科技|688003|-2.68|4336426|218192992.00|-1.05|1.38|-4.23|50.16|51.00|52.25|49.36|4.34|51.54|4256541|222779296.00|1|0.0000|0.0000|0.0000|0|51.54
博汇科技|688004|-0.86|1223409|19796952.00|-0.86|0.49|-2.32|16.22|16.22|16.44|15.98|1.22|16.36|1243068|20421400.00|1|0.0000|0.0000|0.0000|0|16.36
容百科技|688005|-3.38|8244988|188728912.00|-1.33|0.60|-3.68|22.60|23.08|23.53|22.53|8.24|23.39|8753370|205023504.00|1|0.0000|0.0000|0.0000|0|23.39
杭可科技|688006|-1.10|1889529|34130320.00|-1.48|0.66|-1.92|18.05|17.98|18.37|17.90|1.89|18.25|1578787|28847302.00|1|0.0000|0.0000|0.0000|0|18.25
光峰科技|688007|-2.09|5421832|89873440.00|1.19|1.19|-2.56|16.43|16.98|16.98|16.35|5.42|16.78|4339507|73181080.00|1|0.0000|0.0000|0.0000|0|16.78
澜起科技|688008|-2.69|22723313|1708336768.00|-1.56|0.40|-3.62|74.79|75.66|77.17|74.08|22.72|76.86|12577635|969163584.00|1|0.0000|0.0000|0.0000|0|76.86
中国通号|688009|0.72|29551903|164539952.00|-0.18|1.63|-0.54|5.57|5.52|5.62|5.50|29.55|5.53|26431412|146525680.00|1|0.0000|0.0000|0.0000|0|5.53
福光股份|688010|-2.58|2667781|103780832.00|-0.95|1.05|-5.67|38.85|39.50|40.30|37.62|2.67|39.88|2634180|103691400.00|1|0.0000|0.0000|0.0000|0|39.88
新光光电|688011|-1.81|670309|10944191.00|-0.97|0.54|-2.66|16.26|16.40|16.65|16.12|0.67|16.56|597941|9946658.00|1|0.0000|0.0000|0.0000|0|16.56
中微公司|688012|1.08|5715451|1069035968.00|-0.62|2.72|-0.62|186.60|183.46|189.62|183.46|5.72|184.60|3610308|669048576.00|1|0.0000|0.0000|0.0000|0|184.60
天臣医疗|688013|-1.50|733767|14475713.00|-1.10|0.45|-2.76|19.65|19.73|20.04|19.40|0.73|19.95|1080916|21475934.00|1|0.0000|0.0000|0.0000|0|19.95
交控科技|688015|-2.53|1485315|31254492.00|-0.37|0.42|-3.60|20.84|21.30|21.47|20.61|1.49|21.38|2231740|48050020.00|1|0.0000|0.0000|0.0000|0|21.38
心脉医疗|688016|-0.88|3383272|331209824.00|-1.30|1.02|-1.91|97.52|97.11|99.39|96.51|3.38|98.39|6690366|647981888.00|1|0.0000|0.0000|0.0000|0|98.39
绿的谐波|688017|-0.68|2472862|364194624.00|-1.38|2.01|-1.38|145.90|144.88|149.85|144.88|2.47|146.90|2799912|409962016.00|1|0.0000|0.0000|0.0000|0|146.90
乐鑫科技|688018|-5.81|4368001|920187584.00|-2.83|0.36|-6.42|206.46|213.00|219.98|205.13|4.37|219.20|2874219|639606464.00|1|0.0000|0.0000|0.0000|0|219.20
安集科技|688019|-2.14|3309240|533390208.00|-1.22|-0.70|-4.01|161.50|163.02|163.88|158.41|3.31|165.03|3983716|652370688.00|1|0.0000|0.0000|0.0000|0|165.03
方邦股份|688020|-3.52|1004291|33917908.00|-0.95|-0.40|-5.13|33.67|34.57|34.76|33.11|1.00|34.90|618895|21493784.00|1|0.0000|0.0000|0.0000|0|34.90
奥福科技|688021|-1.70|806038|9382921.00|-1.19|0.42|-3.05|11.59|11.65|11.84|11.43|0.81|11.79|654872|7757368.50|1|0.0000|0.0000|0.0000|0|11.79
瀚川智能|688022|-2.13|4271836|61302164.00|0.00|1.51|-3.64|14.25|14.56|14.78|14.03|4.27|14.56|3187940|46841572.00|1|0.0000|0.0000|0.0000|0|14.56
安恒信息|688023|-2.20|1762830|91794896.00|-0.80|0.89|-2.58|51.61|52.35|53.24|51.41|1.76|52.77|1349645|71398184.00|1|0.0000|0.0000|0.0000|0|52.77
杰普特|688025|-8.83|4445012|236840672.00|-2.30|-1.28|-9.71|51.84|55.55|56.13|51.34|4.45|56.86|2294219|131796856.00|1|0.0000|0.0000|0.0000|0|56.86
洁特生物|688026|-1.10|2735176|42091288.00|-0.65|1.62|-1.95|15.25|15.32|15.67|15.12|2.74|15.42|2413143|37007072.00|1|0.0000|0.0000|0.0000|0|15.42
国盾量子|688027|0.12|876802|230796384.00|-0.00|1.18|-1.07|263.11|262.79|265.89|259.99|0.88|262.80|985878|259862032.00|1|0.0000|0.0000|0.0000|0|262.80
沃尔德|688028|-4.09|7845213|198104640.00|-2.22|3.70|-4.83|24.62|25.10|26.62|24.43|7.85|25.67|6342093|165717456.00|1|0.0000|0.0000|0.0000|0|25.67
南微医学|688029|-4.15|3756833|256471552.00|-0.74|0.64|-4.34|67.29|69.68|70.65|67.15|3.76|70.20|4983344|346136288.00|1|0.0000|0.0000|0.0000|0|70.20
山石网科|688030|-1.81|1117857|18850458.00|-0.76|0.29|-3.04|16.82|17.00|17.18|16.61|1.12|17.13|1268207|21825966.00|1|0.0000|0.0000|0.0000|0|17.13
星环科技|688031|-2.69|2003119|103769320.00|-2.37|0.93|-3.70|51.33|51.50|53.24|50.80|2.00|52.75|2293956|121506928.00|1|0.0000|0.0000|0.0000|0|52.75
禾迈股份|688032|-2.78|1289063|144352448.00|-1.40|0.17|-3.32|111.02|112.60|114.39|110.41|1.29|114.20|1172931|135013056.00|1|0.0000|0.0000|0.0000|0|114.20
天宜新材|688033|-0.54|5867805|32622092.00|-0.18|1.26|-1.08|5.53|5.55|5.63|5.50|5.87|5.56|4204956|23464948.00|1|0.0000|0.0000|0.0000|0|5.56
德邦科技|688035|0.59|1453308|57363056.00|-1.41|2.92|-1.41|39.29|38.51|40.20|38.51|1.45|39.06|1301035|51378200.00|1|0.0000|0.0000|0.0000|0|39.06
传音控股|688036|1.40|6073970|535301536.00|-0.82|1.77|-1.61|88.96|87.01|89.28|86.32|6.07|87.73|6166171|539972928.00|1|0.0000|0.0000|0.0000|0|87.73
芯源微|688037|1.58|5662726|547179520.00|-1.00|4.70|-1.13|95.84|93.41|98.78|93.28|5.66|94.35|5043902|480838624.00|1|0.0000|0.0000|0.0000|0|94.35
中科通达|688038|-1.88|1563722|23034980.00|-0.87|1.48|-2.55|14.60|14.75|15.10|14.50|1.56|14.88|3133130|47236844.00|1|0.0000|0.0000|0.0000|0|14.88
当虹科技|688039|-2.20|1761917|58615728.00|-1.34|0.80|-2.79|32.91|33.20|33.92|32.71|1.76|33.65|1614927|54461636.00|1|0.0000|0.0000|0.0000|0|33.65
海光信息|688041|0.13|14092663|2017350144.00|-1.28|2.50|-1.28|142.02|140.01|145.38|140.01|14.09|141.83|7610829|1078637184.00|1|0.0000|0.0000|0.0000|0|141.83
必易微|688045|-2.57|2169373|74454592.00|-0.75|3.46|-4.01|33.75|34.38|35.84|33.25|2.17|34.64|2322059|79836664.00|1|0.0000|0.0000|0.0000|0|34.64
药康生物|688046|-5.04|2848518|40978772.00|-1.07|1.75|-5.84|14.14|14.73|15.15|14.02|2.85|14.89|2868790|42897060.00|1|0.0000|0.0000|0.0000|0|14.89
龙芯中科|688047|2.98|2448682|315350240.00|0.83|3.53|-0.75|129.75|127.05|130.45|125.05|2.45|126.00|1173220|148368304.00|1|0.0000|0.0000|0.0000|0|126.00
长光华芯|688048|-0.74|4141102|222182752.00|-1.83|1.26|-3.15|53.59|53.00|54.67|52.29|4.14|53.99|3443344|189104064.00|1|0.0000|0.0000|0.0000|0|53.99
炬芯科技|688049|-3.94|6307817|291902976.00|-1.54|1.50|-5.66|45.62|46.76|48.20|44.80|6.31|47.49|3248029|155253856.00|1|0.0000|0.0000|0.0000|0|47.49
爱博医疗|688050|-1.13|1402207|141027952.00|0.38|0.94|-3.06|100.46|102.00|102.57|98.50|1.40|101.61|1109074|112449136.00|1|0.0000|0.0000|0.0000|0|101.61
佳华科技|688051|-1.01|686507|16246669.00|-1.17|0.75|-2.60|23.61|23.57|24.03|23.23|0.69|23.85|523209|12543321.00|1|0.0000|0.0000|0.0000|0|23.85
纳芯微|688052|3.68|3117016|483576256.00|-0.88|5.70|-0.90|154.85|148.05|157.88|148.01|3.12|149.36|1635548|242649888.00|1|0.0000|0.0000|0.0000|0|149.36
ST思科瑞|688053|1.61|1217771|34001316.00|-1.13|3.87|-1.13|27.83|27.08|28.45|27.08|1.22|27.39|933540|25612616.00|1|0.0000|0.0000|0.0000|0|27.39
龙腾光电|688055|-2.25|8005151|27908458.00|-0.56|0.28|-3.38|3.47|3.53|3.56|3.43|8.01|3.55|6169528|21922230.00|1|0.0000|0.0000|0.0000|0|3.55
莱伯泰科|688056|0.97|786916|26330138.00|-0.64|5.81|-1.19|33.21|32.68|34.80|32.50|0.79|32.89|447384|14765461.00|1|0.0000|0.0000|0.0000|0|32.89
金达莱|688057|-0.26|748902|8618213.00|0.00|0.61|-1.39|11.52|11.55|11.62|11.39|0.75|11.55|832161|9607620.00|1|0.0000|0.0000|0.0000|0|11.55
宝兰德|688058|-1.27|789300|23486436.00|-0.97|1.00|-1.97|29.60|29.69|30.28|29.39|0.79|29.98|959151|28852288.00|1|0.0000|0.0000|0.0000|0|29.98
华锐精密|688059|1.30|792958|49334388.00|-1.06|1.30|-1.96|62.95|61.48|62.95|60.92|0.79|62.14|724526|45545148.00|1|0.0000|0.0000|0.0000|0|62.14
云涌科技|688060|-1.25|260344|8851609.00|-1.31|0.52|-2.76|34.02|34.00|34.63|33.50|0.26|34.45|245954|8484010.00|1|0.0000|0.0000|0.0000|0|34.45
灿瑞科技|688061|-1.83|612096|17827826.00|-1.22|0.58|-2.98|29.02|29.20|29.73|28.68|0.61|29.56|571885|16935956.00|1|0.0000|0.0000|0.0000|0|29.56
迈威生物|688062|1.37|12002297|275954464.00|-0.53|5.66|-2.17|22.91|22.48|23.88|22.11|12.00|22.60|14092949|320142944.00|1|0.0000|0.0000|0.0000|0|22.60
派能科技|688063|-2.76|2949633|121462208.00|-1.00|0.14|-3.43|40.85|41.59|42.07|40.57|2.95|42.01|4146449|173723296.00|1|0.0000|0.0000|0.0000|0|42.01
凯赛生物|688065|-3.12|3210739|158942544.00|-1.17|0.51|-3.93|49.01|50.00|50.85|48.60|3.21|50.59|1845212|93702776.00|1|0.0000|0.0000|0.0000|0|50.59
航天宏图|688066|-1.71|4264265|79690048.00|-1.12|1.87|-1.97|18.43|18.54|19.10|18.38|4.26|18.75|3015001|56834188.00|1|0.0000|0.0000|0.0000|0|18.75
爱威科技|688067|-1.01|640787|11954360.00|-1.06|0.69|-2.07|18.61|18.60|18.93|18.41|0.64|18.80|703250|13293350.00|1|0.0000|0.0000|0.0000|0|18.80
热景生物|688068|-3.44|2606931|280898080.00|-0.54|1.53|-5.92|107.28|110.50|112.80|104.52|2.61|111.10|3717088|417320672.00|1|0.0000|0.0000|0.0000|0|111.10
德林海|688069|-0.60|531588|7851433.00|-0.94|1.08|-2.28|14.79|14.74|15.04|14.54|0.53|14.88|556969|8266407.00|1|0.0000|0.0000|0.0000|0|14.88
纵横股份|688070|-1.40|981021|41315260.00|-1.56|0.82|-3.48|42.25|42.18|43.20|41.36|0.98|42.85|569913|24516444.00|1|0.0000|0.0000|0.0000|0|42.85
华依科技|688071|-2.92|1121048|39465640.00|-2.61|0.86|-3.84|34.91|35.02|36.27|34.58|1.12|35.96|1128216|40705704.00|1|0.0000|0.0000|0.0000|0|35.96
拓荆科技|688072|0.81|3013466|498390592.00|-0.17|4.38|-0.92|163.58|162.00|169.38|160.77|3.01|162.27|1697925|273607488.00|1|0.0000|0.0000|0.0000|0|162.27
毕得医药|688073|-5.07|1630831|78581576.00|0.02|1.51|-5.07|47.21|49.74|50.48|47.21|1.63|49.73|515158|25850728.00|1|0.0000|0.0000|0.0000|0|49.73
安旭生物|688075|-1.67|474775|19365088.00|-0.85|0.65|-2.74|40.57|40.91|41.53|40.13|0.47|41.26|567739|23381620.00|1|0.0000|0.0000|0.0000|0|41.26
ST诺泰|688076|-4.06|5732429|333978976.00|-1.69|1.17|-4.28|57.20|58.61|60.32|57.07|5.73|59.62|3934408|237362544.00|1|0.0000|0.0000|0.0000|0|59.62
大地熊|688077|2.87|4811297|118360624.00|-0.08|5.45|-0.92|24.71|24.00|25.33|23.80|4.81|24.02|2604322|63080808.00|1|0.0000|0.0000|0.0000|0|24.02
龙软科技|688078|-0.97|774053|25584714.00|-0.91|2.63|-2.08|32.80|32.82|33.99|32.43|0.77|33.12|611333|20385960.00|1|0.0000|0.0000|0.0000|0|33.12
美迪凯|688079|-3.16|3054339|28621022.00|-0.32|0.74|-3.16|9.18|9.45|9.55|9.18|3.05|9.48|2197971|20923410.00|1|0.0000|0.0000|0.0000|0|9.48
映翰通|688080|-4.27|2286917|105410072.00|-1.20|0.17|-5.21|45.54|47.00|47.65|45.09|2.29|47.57|1083028|51706440.00|1|0.0000|0.0000|0.0000|0|47.57
兴图新科|688081|-0.19|1036333|21171510.00|-1.12|1.46|-1.95|20.49|20.30|20.83|20.13|1.04|20.53|1255659|25471858.00|1|0.0000|0.0000|0.0000|0|20.53
盛美上海|688082|-0.32|1411218|147317792.00|-0.47|1.91|-0.72|103.47|103.31|105.78|103.05|1.41|103.80|961593|99766896.00|1|0.0000|0.0000|0.0000|0|103.80
中望软件|688083|2.75|2500132|227666160.00|-0.89|3.18|-2.09|92.27|89.00|92.66|87.92|2.50|89.80|769120|68776008.00|1|0.0000|0.0000|0.0000|0|89.80
晶品特装|688084|-3.75|581478|36639332.00|-2.06|1.49|-4.20|62.10|63.19|65.48|61.81|0.58|64.52|626635|40402224.00|1|0.0000|0.0000|0.0000|0|64.52
三友医疗|688085|-3.33|1617185|30759876.00|-0.56|0.36|-4.25|18.88|19.42|19.60|18.70|1.62|19.53|4339864|83718744.00|1|0.0000|0.0000|0.0000|0|19.53
英科再生|688087|-10.06|7463231|192517520.00|-0.90|-0.90|-10.46|24.86|27.39|27.39|24.75|7.46|27.64|1158226|32030932.00|1|0.0000|0.0000|0.0000|0|27.64
虹软科技|688088|-3.06|5272640|242538864.00|-1.04|0.00|-4.10|45.69|46.64|47.13|45.20|5.27|47.13|3979721|187324640.00|1|0.0000|0.0000|0.0000|0|47.13
嘉必优|688089|-1.55|2922312|72451120.00|-1.35|0.88|-2.99|24.71|24.76|25.32|24.35|2.92|25.10|2301786|57789036.00|1|0.0000|0.0000|0.0000|0|25.10
瑞松科技|688090|-2.48|1792634|69215640.00|-0.89|-0.03|-3.47|38.46|39.09|39.43|38.07|1.79|39.44|2049590|81279560.00|1|0.0000|0.0000|0.0000|0|39.44
上海谊众|688091|0.68|1726560|73786120.00|-0.89|1.52|-0.96|42.92|42.25|43.28|42.22|1.73|42.63|1631394|69739112.00|1|0.0000|0.0000|0.0000|0|42.63
爱科科技|688092|-1.79|1030836|22633122.00|-0.49|0.22|-3.00|21.92|22.21|22.37|21.65|1.03|22.32|774230|17369708.00|1|0.0000|0.0000|0.0000|0|22.32
世华科技|688093|-5.17|4869780|113739576.00|-2.32|-1.43|-6.72|23.29|23.99|24.21|22.91|4.87|24.56|2724567|67020800.00|1|0.0000|0.0000|0.0000|0|24.56
福昕软件|688095|-1.41|963982|60570988.00|-1.12|0.95|-1.58|62.31|62.49|63.80|62.20|0.96|63.20|1069317|67344104.00|1|0.0000|0.0000|0.0000|0|63.20
京源环保|688096|-2.82|9009799|163706832.00|-0.96|-0.37|-6.39|18.25|18.60|18.71|17.58|9.01|18.78|11745290|214868832.00|1|0.0000|0.0000|0.0000|0|18.78
博众精工|688097|-8.96|11844150|337276704.00|-1.82|-0.70|-9.19|27.45|29.60|29.94|27.38|11.84|30.15|4471843|134915824.00|1|0.0000|0.0000|0.0000|0|30.15
申联生物|688098|3.27|5996842|35801432.00|0.17|4.30|-0.17|6.00|5.82|6.06|5.80|6.00|5.81|2347800|13644866.00|1|0.0000|0.0000|0.0000|0|5.81
晶晨股份|688099|-8.95|19715607|1485601664.00|-1.18|-0.58|-10.79|74.00|80.31|80.80|72.50|19.72|81.27|5049910|413186656.00|1|0.0000|0.0000|0.0000|0|81.27
威胜信息|688100|-3.02|2768186|105297768.00|-0.51|-0.51|-4.02|37.90|38.88|38.88|37.51|2.77|39.08|2677937|104260032.00|1|0.0000|0.0000|0.0000|0|39.08
三达膜|688101|-1.22|1662284|22810012.00|-0.58|0.43|-2.38|13.71|13.80|13.94|13.55|1.66|13.88|1069956|14850206.00|1|0.0000|0.0000|0.0000|0|13.88
斯瑞新材|688102|-2.32|19750247|205263504.00|-1.45|4.83|-3.29|10.11|10.20|10.85|10.01|19.75|10.35|12698199|132559848.00|1|0.0000|0.0000|0.0000|0|10.35
国力电子|688103|-1.79|2099441|102891720.00|-1.04|2.83|-2.26|48.23|48.60|50.50|48.00|2.10|49.11|1429926|70532072.00|1|0.0000|0.0000|0.0000|0|49.11
诺唯赞|688105|-2.08|2177196|53849700.00|-0.96|1.72|-2.84|24.46|24.74|25.41|24.27|2.18|24.98|2347177|58904680.00|1|0.0000|0.0000|0.0000|0|24.98
金宏气体|688106|-1.72|4363028|79515256.00|-1.45|-0.48|-3.65|18.30|18.35|18.53|17.94|4.36|18.62|4270674|79845880.00|1|0.0000|0.0000|0.0000|0|18.62
安路科技|688107|-1.04|2648692|78503416.00|-0.50|1.88|-2.42|29.41|29.57|30.28|29.00|2.65|29.72|1777686|53012572.00|1|0.0000|0.0000|0.0000|0|29.72
赛诺医疗|688108|-1.64|8958334|97432680.00|-0.64|1.82|-2.92|10.79|10.90|11.17|10.65|8.96|10.97|7666696|84800856.00|1|0.0000|0.0000|0.0000|0|10.97
品茗科技|688109|-1.39|591412|15972773.00|0.15|0.59|-2.89|26.94|27.36|27.48|26.53|0.59|27.32|481815|13147484.00|1|0.0000|0.0000|0.0000|0|27.32
东芯股份|688110|-2.14|7414714|219549600.00|-0.20|1.87|-2.64|29.25|29.83|30.45|29.10|7.41|29.89|10605168|322867648.00|1|0.0000|0.0000|0.0000|0|29.89
金山办公|688111|2.22|5024779|1524552320.00|-0.96|3.37|-0.96|304.48|294.99|307.90|294.99|5.02|297.86|2702181|804979264.00|1|0.0000|0.0000|0.0000|0|297.86
鼎阳科技|688112|-1.41|1342999|39016072.00|-0.58|1.85|-2.67|28.77|29.01|29.72|28.40|1.34|29.18|720140|21071872.00|1|0.0000|0.0000|0.0000|0|29.18
联测科技|688113|-1.50|342703|10370398.00|-0.33|1.34|-2.55|30.13|30.49|31.00|29.81|0.34|30.59|289396|8920810.00|1|0.0000|0.0000|0.0000|0|30.59
华大智造|688114|-2.84|3481495|272357504.00|-1.34|0.79|-3.58|77.80|79.00|80.70|77.20|3.48|80.07|3472262|276006656.00|1|0.0000|0.0000|0.0000|0|80.07
思林杰|688115|-1.19|366260|13670431.00|-0.21|0.53|-2.73|37.28|37.65|37.93|36.70|0.37|37.73|240473|9145158.00|1|0.0000|0.0000|0.0000|0|37.73
天奈科技|688116|-2.34|6950628|299281856.00|-0.87|0.73|-2.94|42.56|43.20|43.90|42.30|6.95|43.58|11908033|522569152.00|1|0.0000|0.0000|0.0000|0|43.58
圣诺生物|688117|-2.91|13046684|394044256.00|-1.70|3.63|-4.87|29.68|30.05|31.68|29.08|13.05|30.57|15222207|462403936.00|1|0.0000|0.0000|0.0000|0|30.57
普元信息|688118|3.02|4609187|123780496.00|-1.35|5.76|-1.51|26.64|25.51|27.35|25.47|4.61|25.86|2828737|73394248.00|1|0.0000|0.0000|0.0000|0|25.86
中钢洛耐|688119|0.27|5255609|19491948.00|-0.27|1.35|-1.08|3.72|3.70|3.76|3.67|5.26|3.71|7243839|27271612.00|1|0.0000|0.0000|0.0000|0|3.71
华海清科|688120|1.43|4017906|692807168.00|0.00|4.97|0.00|169.75|167.36|175.68|167.36|4.02|167.36|1784134|297722432.00|1|0.0000|0.0000|0.0000|0|167.36
卓然股份|688121|-0.95|1936486|22255892.00|-0.95|0.43|-2.24|11.50|11.50|11.66|11.35|1.94|11.61|1789415|20882550.00|1|0.0000|0.0000|0.0000|0|11.61
西部超导|688122|-1.48|8315377|401614464.00|-1.13|1.71|-1.73|47.81|47.98|49.36|47.69|8.32|48.53|8373674|408468224.00|1|0.0000|0.0000|0.0000|0|48.53
聚辰股份|688123|-6.25|6046553|460516736.00|-1.32|-0.29|-7.48|74.79|78.73|79.55|73.81|6.05|79.78|2472279|199784240.00|1|0.0000|0.0000|0.0000|0|79.78
安达智能|688125|-1.98|397549|14625335.00|-1.02|0.03|-2.33|36.63|36.99|37.38|36.50|0.40|37.37|326860|12275351.00|1|0.0000|0.0000|0.0000|0|37.37
沪硅产业|688126|0.38|11408617|211025184.00|-0.65|1.46|-0.76|18.52|18.33|18.72|18.31|11.41|18.45|9606985|177188880.00|1|0.0000|0.0000|0.0000|0|18.45
蓝特光学|688127|-11.77|16887643|442815328.00|-1.82|-0.62|-14.52|25.70|28.60|28.95|24.90|16.89|29.13|5167576|150899536.00|1|0.0000|0.0000|0.0000|0|29.13
中国电研|688128|-2.48|2673489|59256032.00|-1.02|0.00|-3.15|21.99|22.32|22.55|21.84|2.67|22.55|1783482|40379264.00|1|0.0000|0.0000|0.0000|0|22.55
东来技术|688129|-3.13|1180733|22695418.00|-0.60|-0.60|-4.84|19.22|19.72|19.72|18.88|1.18|19.84|1082962|21728914.00|1|0.0000|0.0000|0.0000|0|19.84
晶华微|688130|-0.66|1096523|29787716.00|-0.07|2.59|-1.59|26.89|27.05|27.77|26.64|1.10|27.07|732487|19896358.00|1|0.0000|0.0000|0.0000|0|27.07
皓元医药|688131|-5.07|5062849|211650608.00|-1.83|-0.09|-6.92|41.59|43.01|43.77|40.78|5.06|43.81|3814586|166751536.00|1|0.0000|0.0000|0.0000|0|43.81
邦彦技术|688132|-2.64|1603701|33252160.00|-1.39|1.92|-2.83|20.31|20.57|21.26|20.27|1.60|20.86|2178895|45171428.00|1|0.0000|0.0000|0.0000|0|20.86
泰坦科技|688133|-3.83|3040162|69937520.00|-1.32|1.45|-4.72|22.61|23.20|23.85|22.40|3.04|23.51|2048297|48445832.00|1|0.0000|0.0000|0.0000|0|23.51
利扬芯片|688135|-2.18|2819979|49661404.00|-1.45|0.50|-3.18|17.52|17.65|18.00|17.34|2.82|17.91|2834714|51107400.00|1|0.0000|0.0000|0.0000|0|17.91
科兴制药|688136|-6.34|6343309|177867696.00|-0.03|2.07|-7.21|27.16|28.99|29.60|26.91|6.34|29.00|7638827|223140384.00|1|0.0000|0.0000|0.0000|0|29.00
近岸蛋白|688137|-2.01|401315|13836919.00|-1.15|1.46|-2.35|34.12|34.42|35.33|34.00|0.40|34.82|429496|14988881.00|1|0.0000|0.0000|0.0000|0|34.82
清溢光电|688138|-2.19|2446171|64105800.00|-0.45|1.02|-3.05|25.94|26.40|26.79|25.71|2.45|26.52|2610827|69710336.00|1|0.0000|0.0000|0.0000|0|26.52
海尔生物|688139|-2.08|3570745|123949744.00|-0.85|1.28|-2.42|34.42|34.85|35.60|34.30|3.57|35.15|2657718|92945384.00|1|0.0000|0.0000|0.0000|0|35.15
杰华特|688141|-0.03|9425214|278042560.00|-0.72|3.96|-1.24|29.00|28.80|30.16|28.65|9.43|29.01|5368389|155059168.00|1|0.0000|0.0000|0.0000|0|29.01
长盈通|688143|-0.93|1644690|52600564.00|-1.02|1.64|-4.05|32.03|32.00|32.86|31.02|1.64|32.33|1189464|38387876.00|1|0.0000|0.0000|0.0000|0|32.33
中船特气|688146|-1.09|2766156|80178056.00|-1.26|0.20|-2.55|29.05|29.00|29.43|28.62|2.77|29.37|2313119|68169760.00|1|0.0000|0.0000|0.0000|0|29.37
微导纳米|688147|-2.00|3495122|105452984.00|-1.45|2.43|-2.92|29.83|30.00|31.18|29.55|3.50|30.44|2678294|81823376.00|1|0.0000|0.0000|0.0000|0|30.44
芳源股份|688148|-0.22|4659094|21500702.00|-0.86|0.86|-1.72|4.63|4.60|4.68|4.56|4.66|4.64|4100921|19078734.00|1|0.0000|0.0000|0.0000|0|4.64
莱特光电|688150|-0.93|3433534|73510544.00|-1.45|2.00|-1.86|21.25|21.14|21.88|21.05|3.43|21.45|3980259|85524816.00|1|0.0000|0.0000|0.0000|0|21.45
华强科技|688151|0.11|1301376|23422552.00|0.00|1.06|-1.50|18.02|18.00|18.19|17.73|1.30|18.00|1356553|24482910.00|1|0.0000|0.0000|0.0000|0|18.00
麒麟信安|688152|3.44|1996258|120708560.00|-1.59|4.22|-1.64|61.06|58.09|61.52|58.06|2.00|59.03|628198|37285024.00|1|0.0000|0.0000|0.0000|0|59.03
唯捷创芯|688153|-1.96|1648454|54839844.00|-1.81|1.19|-2.61|33.03|33.08|34.09|32.81|1.65|33.69|985814|33326616.00|1|0.0000|0.0000|0.0000|0|33.69
先惠技术|688155|-1.14|1953301|85936816.00|-1.93|0.63|-2.67|44.05|43.70|44.84|43.37|1.95|44.56|1330658|59334328.00|1|0.0000|0.0000|0.0000|0|44.56
路德科技|688156|1.21|996550|12402163.00|-1.21|1.86|-1.21|12.52|12.22|12.60|12.22|1.00|12.37|778118|9685479.00|1|0.0000|0.0000|0.0000|0|12.37
松井股份|688157|-0.98|692140|29277320.00|-0.51|0.19|-2.01|42.40|42.60|42.90|41.96|0.69|42.82|430226|18680994.00|1|0.0000|0.0000|0.0000|0|42.82
优刻得|688158|-3.11|20657612|507594208.00|-1.28|0.72|-3.87|24.29|24.75|25.25|24.10|20.66|25.07|16364373|411556448.00|1|0.0000|0.0000|0.0000|0|25.07
有方科技|688159|-4.85|4068145|149678992.00|-2.60|-0.37|-5.85|36.29|37.15|38.00|35.91|4.07|38.14|2590260|99496448.00|1|0.0000|0.0000|0.0000|0|38.14
步科股份|688160|-0.03|1667016|161780480.00|-0.64|3.73|-0.64|95.58|95.00|99.18|95.00|1.67|95.61|1706057|161684496.00|1|0.0000|0.0000|0.0000|0|95.61
威高骨科|688161|-1.25|1485259|44760052.00|-0.99|0.89|-2.17|30.00|30.08|30.65|29.72|1.49|30.38|3086523|93755104.00|1|0.0000|0.0000|0.0000|0|30.38
巨一科技|688162|-3.76|1440744|36986700.00|-0.95|0.61|-4.37|25.33|26.07|26.48|25.17|1.44|26.32|874572|23159576.00|1|0.0000|0.0000|0.0000|0|26.32
赛伦生物|688163|1.01|1112839|19913036.00|0.00|1.52|-1.18|17.97|17.79|18.06|17.58|1.11|17.79|1226509|21855516.00|1|0.0000|0.0000|0.0000|0|17.79
埃夫特|688165|-2.72|8479781|218569632.00|-1.23|1.19|-2.87|25.41|25.80|26.43|25.37|8.48|26.12|9119646|239342912.00|1|0.0000|0.0000|0.0000|0|26.12
博瑞医药|688166|-0.05|8427825|351811840.00|-0.10|2.36|-0.77|41.47|41.45|42.47|41.17|8.43|41.49|6003106|248587312.00|1|0.0000|0.0000|0.0000|0|41.49
炬光科技|688167|-2.55|2279324|169757056.00|-2.56|1.00|-3.87|73.82|73.81|76.51|72.82|2.28|75.75|2295797|176918544.00|1|0.0000|0.0000|0.0000|0|75.75
安博通|688168|-4.15|2755834|184776544.00|-1.56|3.16|-4.88|65.80|67.58|70.82|65.30|2.76|68.65|1062179|72730400.00|1|0.0000|0.0000|0.0000|0|68.65
石头科技|688169|-8.64|7054648|1602812416.00|-3.80|-3.40|-11.78|226.03|238.00|239.00|218.26|7.05|247.40|1319515|323378944.00|1|0.0000|0.0000|0.0000|0|247.40
德龙激光|688170|-1.73|1107380|24588652.00|-0.49|0.44|-2.67|22.12|22.40|22.61|21.91|1.11|22.51|657377|14828319.00|1|0.0000|0.0000|0.0000|0|22.51
纬德信息|688171|0.32|893055|16616550.00|-1.08|1.77|-1.51|18.66|18.40|18.93|18.32|0.89|18.60|1008614|18594022.00|1|0.0000|0.0000|0.0000|0|18.60
燕东微|688172|0.10|2680474|52429432.00|-0.92|0.92|-1.28|19.59|19.39|19.75|19.32|2.68|19.57|1983797|38843856.00|1|0.0000|0.0000|0.0000|0|19.57
希荻微|688173|-0.08|5797596|73381744.00|-0.40|3.19|-1.67|12.54|12.50|12.95|12.34|5.80|12.55|3852497|48878288.00|1|0.0000|0.0000|0.0000|0|12.55
高凌信息|688175|-1.11|682423|11545191.00|-0.70|0.64|-2.52|16.89|16.96|17.19|16.65|0.68|17.08|568844|9705802.00|1|0.0000|0.0000|0.0000|0|17.08
亚虹医药|688176|0.36|6347995|53678664.00|-0.71|1.90|-1.07|8.45|8.36|8.58|8.33|6.35|8.42|6550133|55436956.00|1|0.0000|0.0000|0.0000|0|8.42
百奥泰|688177|-1.05|4224148|96499160.00|-0.48|2.14|-2.49|22.66|22.79|23.39|22.33|4.22|22.90|6594192|152693264.00|1|0.0000|0.0000|0.0000|0|22.90
万德斯|688178|-0.43|4004374|83950728.00|-1.85|1.99|-4.03|20.98|20.68|21.49|20.22|4.00|21.07|5020401|106727064.00|1|0.0000|0.0000|0.0000|0|21.07
阿拉丁|688179|-3.25|4330973|66969036.00|-1.21|1.78|-3.38|15.19|15.51|15.98|15.17|4.33|15.70|5930355|93222504.00|1|0.0000|0.0000|0.0000|0|15.70
君实生物|688180|-0.63|9338479|297120448.00|-0.95|3.19|-1.48|31.50|31.40|32.71|31.23|9.34|31.70|10078230|320865344.00|1|0.0000|0.0000|0.0000|0|31.70
八亿时空|688181|0.78|2740451|79738000.00|0.00|7.05|-0.81|28.45|28.23|30.22|28.00|2.74|28.23|985395|27891026.00|1|0.0000|0.0000|0.0000|0|28.23
灿勤科技|688182|-6.60|6888170|182497136.00|0.07|0.07|-8.00|26.02|27.88|27.88|25.63|6.89|27.86|7358865|202425680.00|1|0.0000|0.0000|0.0000|0|27.86
生益电子|688183|-8.04|17235405|479216896.00|-3.65|-2.03|-8.72|27.21|28.51|28.99|27.01|17.24|29.59|10463261|311857440.00|1|0.0000|0.0000|0.0000|0|29.59
ST帕瓦|688184|0.00|394340|4864234.50|-0.65|0.65|-1.05|12.38|12.30|12.46|12.25|0.39|12.38|516285|6455256.00|1|0.0000|0.0000|0.0000|0|12.38
康希诺|688185|-2.29|1697932|104307040.00|-0.85|1.50|-2.45|60.61|61.50|62.96|60.51|1.70|62.03|1871804|116981800.00|1|0.0000|0.0000|0.0000|0|62.03
广大特材|688186|-0.93|6036420|147284816.00|-0.04|0.69|-2.63|24.50|24.72|24.90|24.08|6.04|24.73|7129655|175724896.00|1|0.0000|0.0000|0.0000|0|24.73
时代电气|688187|-0.26|5861354|274885632.00|-1.28|1.45|-1.66|46.78|46.30|47.58|46.12|5.86|46.90|5108964|240307104.00|1|0.0000|0.0000|0.0000|0|46.90
柏楚电子|688188|-1.95|1081045|193967088.00|-0.59|0.22|-3.56|180.00|182.50|183.98|177.05|1.08|183.58|889293|163986864.00|1|0.0000|0.0000|0.0000|0|183.58
南新制药|688189|0.89|6551344|44361952.00|-0.74|1.93|-0.74|6.78|6.67|6.85|6.67|6.55|6.72|5804683|39106960.00|1|0.0000|0.0000|0.0000|0|6.72
云路股份|688190|-1.40|891500|87593976.00|-1.13|-0.01|-3.34|98.95|99.22|100.34|97.00|0.89|100.35|770521|77590768.00|1|0.0000|0.0000|0.0000|0|100.35
智洋创新|688191|-5.91|4141417|101934552.00|-1.02|1.62|-6.30|23.88|25.12|25.79|23.78|4.14|25.38|3522829|89791752.00|1|0.0000|0.0000|0.0000|0|25.38
迪哲医药|688192|-1.87|5345973|280870656.00|-0.91|1.75|-2.49|52.03|52.54|53.95|51.70|5.35|53.02|5568329|297509728.00|1|0.0000|0.0000|0.0000|0|53.02
仁度生物|688193|0.39|245376|9400229.00|-1.38|1.18|-1.80|38.44|37.76|38.74|37.60|0.25|38.29|206104|7877294.50|1|0.0000|0.0000|0.0000|0|38.29
腾景科技|688195|-3.46|2190220|85439376.00|-2.13|0.33|-3.79|38.50|39.03|40.01|38.37|2.19|39.88|1952464|78656080.00|1|0.0000|0.0000|0.0000|0|39.88
卓越新能|688196|-5.15|1621208|71808624.00|0.00|0.00|-6.55|43.85|46.23|46.23|43.20|1.62|46.23|1349298|63013536.00|1|0.0000|0.0000|0.0000|0|46.23
首药控股|688197|-0.88|2047085|67655600.00|-1.24|3.03|-2.00|32.71|32.59|34.00|32.34|2.05|33.00|2465106|82696848.00|1|0.0000|0.0000|0.0000|0|33.00
佰仁医疗|688198|-2.74|238756|26021974.00|-0.65|-0.03|-3.36|108.46|110.80|111.49|107.77|0.24|111.52|268499|30065774.00|1|0.0000|0.0000|0.0000|0|111.52
久日新材|688199|-2.21|2658228|44834572.00|-0.52|0.12|-3.71|16.85|17.14|17.25|16.59|2.66|17.23|2200060|38247812.00|1|0.0000|0.0000|0.0000|0|17.23
华峰测控|688200|-2.46|1367497|193218944.00|-1.30|1.30|-2.95|139.80|141.46|145.20|139.10|1.37|143.33|1291149|185748672.00|1|0.0000|0.0000|0.0000|0|143.33
信安世纪|688201|-0.89|3106087|27587920.00|-0.89|0.89|-1.90|8.86|8.86|9.02|8.77|3.11|8.94|3584608|32071004.00|1|0.0000|0.0000|0.0000|0|8.94
美迪西|688202|-0.03|3466734|117152576.00|-0.99|4.08|-0.99|33.29|32.97|34.66|32.97|3.47|33.30|2361838|79590360.00|1|0.0000|0.0000|0.0000|0|33.30
海正生材|688203|-0.29|1038937|10581105.00|-0.97|0.58|-1.95|10.23|10.16|10.32|10.06|1.04|10.26|836194|8595773.00|1|0.0000|0.0000|0.0000|0|10.26
德科立|688205|-3.87|3724995|213399200.00|-1.27|-0.49|-4.36|56.60|58.13|58.59|56.31|3.72|58.88|2898825|172362096.00|1|0.0000|0.0000|0.0000|0|58.88
概伦电子|688206|0.51|3686869|87712976.00|0.21|2.50|-1.40|23.75|23.68|24.22|23.30|3.69|23.63|4621526|109010976.00|0|0.0000|0.0000|0.0000|0|23.63
格灵深瞳|688207|-1.90|4003462|60637880.00|-0.65|1.18|-2.10|14.98|15.17|15.45|14.95|4.00|15.27|2519247|38776384.00|1|0.0000|0.0000|0.0000|0|15.27
道通科技|688208|-13.69|36195201|1374180864.00|-3.05|-2.98|-14.54|36.51|41.01|41.04|36.15|36.20|42.30|6928325|291803040.00|1|0.0000|0.0000|0.0000|0|42.30
英集芯|688209|-1.02|4147818|77223928.00|-0.97|2.53|-1.99|18.41|18.42|19.07|18.23|4.15|18.60|2993567|55662268.00|1|0.0000|0.0000|0.0000|0|18.60
统联精密|688210|-6.40|5200948|109884976.00|-1.80|-0.50|-7.88|20.78|21.80|22.09|20.45|5.20|22.20|2772254|61306972.00|1|0.0000|0.0000|0.0000|0|22.20
中科微至|688211|-0.51|291262|8483354.00|-1.70|0.10|-1.70|29.21|28.86|29.39|28.86|0.29|29.36|236416|6971216.00|1|0.0000|0.0000|0.0000|0|29.36
澳华内镜|688212|0.02|1025850|45493476.00|-0.04|0.99|-1.71|44.57|44.54|45.00|43.80|1.03|44.56|1702552|75587816.00|1|0.0000|0.0000|0.0000|0|44.56
思特威|688213|-2.65|3327266|318926560.00|-0.70|1.32|-2.85|94.70|96.60|98.56|94.51|3.33|97.28|2790532|273536768.00|1|0.0000|0.0000|0.0000|0|97.28
瑞晟智能|688215|-1.85|394247|9679552.00|-0.24|0.32|-2.97|24.43|24.83|24.97|24.15|0.39|24.89|358428|8953184.00|1|0.0000|0.0000|0.0000|0|24.89
气派科技|688216|-0.94|1212044|23054832.00|-0.99|1.56|-2.61|19.01|19.00|19.49|18.69|1.21|19.19|548049|10599119.00|1|0.0000|0.0000|0.0000|0|19.19
睿昂基因|688217|-0.14|769521|17102738.00|-0.77|3.04|-1.18|21.99|21.85|22.69|21.76|0.77|22.02|748928|16455538.00|1|0.0000|0.0000|0.0000|0|22.02
江苏北人|688218|-1.89|4949578|113980808.00|-1.29|1.85|-3.06|22.78|22.92|23.65|22.51|4.95|23.22|8740260|204798416.00|1|0.0000|0.0000|0.0000|0|23.22
会通股份|688219|-1.16|6143072|73720384.00|-1.57|1.33|-2.15|11.93|11.88|12.23|11.81|6.14|12.07|5324377|64416296.00|1|0.0000|0.0000|0.0000|0|12.07
翱捷科技|688220|-0.85|10424470|992446016.00|-3.23|3.43|-3.23|94.26|92.00|98.33|92.00|10.42|95.07|12715715|1241998464.00|1|0.0000|0.0000|0.0000|0|95.07
前沿生物|688221|-0.51|3240041|31723894.00|-0.92|2.16|-0.92|9.69|9.65|9.95|9.65|3.24|9.74|2734414|26826734.00|1|0.0000|0.0000|0.0000|0|9.74
成都先导|688222|-3.84|17782861|291994304.00|-1.56|2.82|-4.38|16.02|16.40|17.13|15.93|17.78|16.66|22110666|374490976.00|1|0.0000|0.0000|0.0000|0|16.66
晶科能源|688223|-2.45|41090082|263284256.00|-1.23|-0.46|-2.61|6.36|6.44|6.49|6.35|41.09|6.52|38053188|249350992.00|1|0.0000|0.0000|0.0000|0|6.52
亚信安全|688225|-1.63|1686092|38969852.00|-0.64|0.86|-2.69|23.00|23.23|23.58|22.75|1.69|23.38|2725862|63941976.00|1|0.0000|0.0000|0.0000|0|23.38
威腾电气|688226|1.32|3672438|139476128.00|-2.12|2.72|-2.12|38.30|37.00|38.83|37.00|3.67|37.80|3452071|133241656.00|1|0.0000|0.0000|0.0000|0|37.80
品高股份|688227|-1.03|1843925|63623440.00|-0.82|4.96|-1.50|33.73|33.80|35.77|33.57|1.84|34.08|1315446|44700024.00|1|0.0000|0.0000|0.0000|0|34.08
开普云|688228|-1.71|2197584|146477504.00|-0.94|2.44|-2.28|65.98|66.50|68.77|65.60|2.20|67.13|3446693|233754336.00|1|0.0000|0.0000|0.0000|0|67.13
博睿数据|688229|-2.14|528907|25976578.00|-1.78|1.72|-2.28|48.47|48.65|50.38|48.40|0.53|49.53|526606|26207458.00|1|0.0000|0.0000|0.0000|0|49.53
芯导科技|688230|-1.23|438607|19882424.00|-0.73|1.54|-1.81|44.83|45.06|46.09|44.57|0.44|45.39|289257|13151852.00|1|0.0000|0.0000|0.0000|0|45.39
隆达股份|688231|-1.13|1352970|21402834.00|-0.06|1.26|-2.07|15.75|15.92|16.13|15.60|1.35|15.93|1388401|22221814.00|1|0.0000|0.0000|0.0000|0|15.93
新点软件|688232|-0.06|1876506|61252396.00|-0.40|1.66|-1.51|32.52|32.41|33.08|32.05|1.88|32.54|1221213|39995036.00|1|0.0000|0.0000|0.0000|0|32.54
神工股份|688233|-3.18|2836848|68127440.00|-0.94|0.94|-4.29|23.71|24.26|24.72|23.44|2.84|24.49|2724942|66733172.00|1|0.0000|0.0000|0.0000|0|24.49
天岳先进|688234|-3.05|5333338|330567712.00|-2.10|0.93|-3.56|61.36|61.96|63.88|61.04|5.33|63.29|2931747|185937472.00|1|0.0000|0.0000|0.0000|0|63.29
百济神州|688235|1.04|2775557|692923904.00|0.01|2.65|-0.52|250.78|248.22|254.77|246.90|2.78|248.20|3123478|779936704.00|1|0.0000|0.0000|0.0000|0|248.20
春立医疗|688236|-3.10|5165195|77345480.00|-1.52|1.65|-3.63|14.70|14.94|15.42|14.62|5.17|15.17|8232903|124068880.00|1|0.0000|0.0000|0.0000|0|15.17
超卓航科|688237|-1.79|463668|11289349.00|0.32|0.77|-2.40|24.19|24.71|24.82|24.04|0.46|24.63|481438|11868790.00|1|0.0000|0.0000|0.0000|0|24.63
和元生物|688238|-2.92|36360761|222648736.00|-0.32|3.08|-2.92|5.98|6.14|6.35|5.98|36.36|6.16|58181001|368576128.00|1|0.0000|0.0000|0.0000|0|6.16
航宇科技|688239|0.12|2857597|122123232.00|-1.01|2.16|-2.20|42.73|42.25|43.60|41.74|2.86|42.68|2286688|98133904.00|1|0.0000|0.0000|0.0000|0|42.68
永信至诚|688244|-2.50|1423672|62259076.00|-2.27|2.66|-2.93|42.90|43.00|45.17|42.71|1.42|44.00|1532743|68281360.00|1|0.0000|0.0000|0.0000|0|44.00
嘉和美康|688246|-2.64|1279094|41976332.00|-0.69|1.50|-3.83|32.50|33.15|33.88|32.10|1.28|33.38|969901|32405852.00|1|0.0000|0.0000|0.0000|0|33.38
宣泰医药|688247|0.27|5829063|65141164.00|-1.44|1.71|-1.62|11.15|10.96|11.31|10.94|5.83|11.12|6066320|67552384.00|1|0.0000|0.0000|0.0000|0|11.12
南网科技|688248|-0.93|1451833|45117752.00|-1.37|0.19|-1.60|31.05|30.91|31.40|30.84|1.45|31.34|1721638|53720652.00|1|0.0000|0.0000|0.0000|0|31.34
晶合集成|688249|-1.26|7796243|172004928.00|-0.50|0.68|-1.44|21.91|22.08|22.34|21.87|7.80|22.19|5258402|116453864.00|1|0.0000|0.0000|0.0000|0|22.19
井松智能|688251|-1.69|1169348|23138406.00|-1.44|0.90|-3.23|19.76|19.81|20.28|19.45|1.17|20.10|1914178|38496016.00|1|0.0000|0.0000|0.0000|0|20.10
天德钰|688252|-4.11|7727475|197386256.00|-2.09|0.46|-5.18|25.18|25.71|26.38|24.90|7.73|26.26|7135194|187930576.00|1|0.0000|0.0000|0.0000|0|26.26
英诺特|688253|-0.93|2525924|91686512.00|-0.03|1.01|-2.00|36.19|36.52|36.90|35.80|2.53|36.53|2961017|107885280.00|1|0.0000|0.0000|0.0000|0|36.53
凯尔达|688255|-3.42|2428266|86771480.00|-0.44|0.63|-4.32|35.34|36.43|36.82|35.01|2.43|36.59|3176617|115669248.00|1|0.0000|0.0000|0.0000|0|36.59
寒武纪|688256|1.37|6038431|3854330112.00|-1.64|2.49|-1.64|638.00|619.00|645.00|619.00|6.04|629.35|3404978|2158505472.00|1|0.0000|0.0000|0.0000|0|629.35
新锐股份|688257|-2.26|2527621|52345892.00|-0.94|0.00|-4.38|20.75|21.03|21.23|20.30|2.53|21.23|1682871|36058696.00|1|0.0000|0.0000|0.0000|0|21.23
卓易信息|688258|-6.75|5139557|204900752.00|-1.61|-0.24|-7.08|38.85|40.99|41.56|38.71|5.14|41.66|1866582|77933448.00|1|0.0000|0.0000|0.0000|0|41.66
创耀科技|688259|-5.79|5421797|243072736.00|-2.69|0.58|-6.07|43.74|45.18|46.70|43.61|5.42|46.43|6724123|314461088.00|1|0.0000|0.0000|0.0000|0|46.43
昀冢科技|688260|-1.63|2168737|30236568.00|-1.56|0.71|-2.83|13.90|13.91|14.23|13.73|2.17|14.13|1866879|26641200.00|1|0.0000|0.0000|0.0000|0|14.13
东微半导|688261|-1.85|1374921|56863112.00|-0.62|1.25|-2.28|40.89|41.40|42.18|40.71|1.37|41.66|962978|40214368.00|1|0.0000|0.0000|0.0000|0|41.66
国芯科技|688262|-2.93|5789712|163903856.00|-1.32|0.87|-3.14|27.86|28.32|28.95|27.80|5.79|28.70|3751163|108088456.00|1|0.0000|0.0000|0.0000|0|28.70
南模生物|688265|-0.83|446201|12355552.00|-0.72|1.54|-2.15|27.63|27.66|28.29|27.26|0.45|27.86|439822|12294121.00|1|0.0000|0.0000|0.0000|0|27.86
泽璟制药|688266|0.55|3817684|410934304.00|-0.89|1.37|-2.21|109.00|107.43|109.89|106.00|3.82|108.40|2886260|312920608.00|1|0.0000|0.0000|0.0000|0|108.40
中触媒|688267|-3.07|1484853|37669452.00|-0.92|-0.54|-3.91|25.30|25.86|25.96|25.08|1.48|26.10|1199010|31232560.00|1|0.0000|0.0000|0.0000|0|26.10
华特气体|688268|-2.42|4907304|248300704.00|-3.46|1.57|-3.98|50.46|49.92|52.52|49.65|4.91|51.71|6131361|323580352.00|1|0.0000|0.0000|0.0000|0|51.71
凯立新材|688269|-2.22|1501841|41026968.00|-0.61|-0.21|-3.80|27.30|27.75|27.86|26.86|1.50|27.92|1253968|34890552.00|1|0.0000|0.0000|0.0000|0|27.92
臻镭科技|688270|-2.24|5580712|223529248.00|-0.88|1.92|-4.18|39.79|40.34|41.48|39.00|5.58|40.70|5983841|240921680.00|1|0.0000|0.0000|0.0000|0|40.70
联影医疗|688271|0.01|2125481|264527040.00|-0.31|0.92|-1.43|124.50|124.10|125.63|122.71|2.13|124.49|2896722|363306176.00|1|0.0000|0.0000|0.0000|0|124.49
富吉瑞|688272|-2.06|1086495|28175186.00|-0.50|2.44|-3.20|25.72|26.13|26.90|25.42|1.09|26.26|1718735|46039224.00|1|0.0000|0.0000|0.0000|0|26.26
麦澜德|688273|-3.02|1909223|55494064.00|-1.94|1.83|-3.09|28.56|28.88|29.99|28.54|1.91|29.45|2447478|71825760.00|1|0.0000|0.0000|0.0000|0|29.45
万润新能|688275|-1.22|839019|34753188.00|-0.50|0.48|-2.39|41.30|41.60|42.01|40.81|0.84|41.81|739937|31119762.00|1|0.0000|0.0000|0.0000|0|41.81
百克生物|688276|3.31|6293876|150124784.00|-0.90|3.86|-1.03|24.06|23.08|24.19|23.05|6.29|23.29|3096743|71905624.00|1|0.0000|0.0000|0.0000|0|23.29
天智航|688277|-1.32|4418974|57270152.00|0.78|3.03|-1.40|12.71|12.98|13.27|12.70|4.42|12.88|3812495|49317092.00|1|0.0000|0.0000|0.0000|0|12.88
特宝生物|688278|0.14|2043526|159527536.00|-0.42|0.64|-1.64|78.35|77.91|78.74|76.96|2.04|78.24|1969970|154939104.00|1|0.0000|0.0000|0.0000|0|78.24
峰岹科技|688279|-3.30|929948|212325664.00|-0.78|2.16|-3.77|224.30|230.15|236.98|223.21|0.93|231.96|1057802|245730864.00|1|0.0000|0.0000|0.0000|0|231.96
精进电动|688280|-2.94|6621705|35387184.00|-0.55|1.65|-3.67|5.29|5.42|5.54|5.25|6.62|5.45|5003955|27431410.00|1|0.0000|0.0000|0.0000|0|5.45
华秦科技|688281|0.30|1025679|85183248.00|-0.05|1.44|-0.95|83.16|82.87|84.10|82.12|1.03|82.91|1073160|89507944.00|1|0.0000|0.0000|0.0000|0|82.91
理工导航|688282|-0.68|402373|17778918.00|-0.02|1.08|-1.36|43.98|44.27|44.76|43.68|0.40|44.28|720581|31802666.00|1|0.0000|0.0000|0.0000|0|44.28
坤恒顺维|688283|-1.81|304080|7499172.50|0.76|1.45|-2.49|24.40|25.04|25.21|24.23|0.30|24.85|319009|7902457.00|1|0.0000|0.0000|0.0000|0|24.85
高铁电气|688285|0.00|1903023|14869569.00|-0.51|0.51|-1.78|7.85|7.81|7.89|7.71|1.90|7.85|2044066|16010165.00|1|0.0000|0.0000|0.0000|0|7.85
敏芯股份|688286|-3.22|1329145|94167688.00|-1.54|1.07|-3.88|69.79|71.00|72.88|69.31|1.33|72.11|1706806|122579872.00|1|0.0000|0.0000|0.0000|0|72.11
*ST观典|688287|-2.94|2543420|13566613.00|-0.92|-0.73|-3.49|5.29|5.40|5.41|5.26|2.54|5.45|2458837|13591051.00|1|0.0000|0.0000|0.0000|0|5.45
鸿泉技术|688288|-10.92|8580819|293991648.00|-2.68|-0.76|-11.71|32.95|36.00|36.71|32.66|8.58|36.99|7829219|294526784.00|1|0.0000|0.0000|0.0000|0|36.99
圣湘生物|688289|-1.70|5676224|125629688.00|-1.43|1.03|-2.55|21.99|22.05|22.60|21.80|5.68|22.37|5623750|125804024.00|1|0.0000|0.0000|0.0000|0|22.37
景业智能|688290|-2.34|1326390|71480520.00|-0.99|2.10|-2.72|53.09|53.82|55.50|52.88|1.33|54.36|1610335|88600776.00|1|0.0000|0.0000|0.0000|0|54.36
金橙子|688291|-2.34|804954|16591095.00|-0.48|0.67|-3.35|20.42|20.81|21.05|20.21|0.80|20.91|826925|17411510.00|1|0.0000|0.0000|0.0000|0|20.91
浩瀚深度|688292|-1.15|1268741|27267630.00|-1.25|2.36|-2.17|21.40|21.38|22.16|21.18|1.27|21.65|1049089|22736156.00|1|0.0000|0.0000|0.0000|0|21.65
奥浦迈|688293|-1.76|594009|22522090.00|-1.76|3.24|-2.08|37.35|37.35|39.25|37.23|0.59|38.02|809307|30498908.00|1|0.0000|0.0000|0.0000|0|38.02
中复神鹰|688295|0.53|1824567|37786420.00|-0.58|1.65|-0.82|20.72|20.49|20.95|20.44|1.82|20.61|1237773|25553830.00|1|0.0000|0.0000|0.0000|0|20.61
和达科技|688296|-1.25|1582087|20085250.00|-0.08|0.70|-3.04|12.69|12.84|12.94|12.46|1.58|12.85|1507220|19415918.00|1|0.0000|0.0000|0.0000|0|12.85
中无人机|688297|-0.55|3890868|153922576.00|-1.23|1.21|-1.39|39.48|39.21|40.18|39.15|3.89|39.70|4155903|164993488.00|1|0.0000|0.0000|0.0000|0|39.70
东方生物|688298|-1.15|2819061|73191360.00|-0.73|1.15|-2.14|25.90|26.01|26.50|25.64|2.82|26.20|2871388|75241408.00|1|0.0000|0.0000|0.0000|0|26.20
长阳科技|688299|-1.66|12607595|220715792.00|-1.03|2.97|-1.83|17.20|17.31|18.01|17.17|12.61|17.49|19559426|347719584.00|1|0.0000|0.0000|0.0000|0|17.49
联瑞新材|688300|-3.45|1402677|80025160.00|-1.25|0.19|-3.48|56.32|57.60|58.44|56.30|1.40|58.33|1343696|78887568.00|1|0.0000|0.0000|0.0000|0|58.33
奕瑞科技|688301|-5.55|1841114|210347872.00|-1.01|0.25|-5.60|112.08|117.46|118.96|112.02|1.84|118.66|1026225|122328288.00|1|0.0000|0.0000|0.0000|0|118.66
海创药业|688302|3.33|7241182|301197952.00|0.00|6.27|-1.25|42.20|40.84|43.40|40.33|7.24|40.84|8035709|316449248.00|1|0.0000|0.0000|0.0000|0|40.84
大全能源|688303|-0.48|6140364|115788624.00|-1.48|0.74|-1.64|18.85|18.66|19.08|18.63|6.14|18.94|9081182|172508752.00|1|0.0000|0.0000|0.0000|0|18.94
科德数控|688305|-3.30|2265482|172043120.00|-1.24|1.31|-4.90|75.40|77.00|78.99|74.15|2.27|77.97|2565945|201930160.00|1|0.0000|0.0000|0.0000|0|77.97
均普智能|688306|1.07|27172548|305180768.00|-2.76|2.41|-2.76|11.34|10.91|11.49|10.91|27.17|11.22|40294835|451131872.00|1|0.0000|0.0000|0.0000|0|11.22
中润光学|688307|-2.31|1370552|36622528.00|-0.84|0.11|-3.64|26.60|27.00|27.26|26.24|1.37|27.23|887810|24278350.00|1|0.0000|0.0000|0.0000|0|27.23
欧科亿|688308|-1.37|1349166|25490788.00|-0.48|1.58|-1.85|18.67|18.84|19.23|18.58|1.35|18.93|955880|18195000.00|1|0.0000|0.0000|0.0000|0|18.93
恒誉环保|688309|-0.59|623368|9431862.00|-1.51|0.33|-2.29|15.19|15.05|15.33|14.93|0.62|15.28|699743|10693906.00|1|0.0000|0.0000|0.0000|0|15.28
迈得医疗|688310|-0.34|1045671|12208554.00|-0.68|0.68|-2.38|11.74|11.70|11.86|11.50|1.05|11.78|983244|11632854.00|1|0.0000|0.0000|0.0000|0|11.78
盟升电子|688311|0.74|2481915|92113240.00|-1.58|3.03|-1.64|36.93|36.08|37.77|36.06|2.48|36.66|1645247|60538864.00|1|0.0000|0.0000|0.0000|0|36.66
燕麦科技|688312|-4.84|1807302|53167784.00|-1.22|0.36|-6.32|28.90|30.00|30.48|28.45|1.81|30.37|1504977|46272264.00|1|0.0000|0.0000|0.0000|0|30.37
仕佳光子|688313|-1.38|9743437|167557680.00|-1.90|1.04|-2.36|17.10|17.01|17.52|16.93|9.74|17.34|12830405|223880416.00|1|0.0000|0.0000|0.0000|0|17.34
康拓医疗|688314|1.13|1765725|49610728.00|-0.87|4.39|-0.87|27.85|27.30|28.75|27.30|1.77|27.54|849484|23373340.00|1|0.0000|0.0000|0.0000|0|27.54
诺禾致源|688315|-2.06|3968027|60915268.00|-0.84|1.48|-2.51|15.19|15.38|15.74|15.12|3.97|15.51|4074718|63352292.00|1|0.0000|0.0000|0.0000|0|15.51
青云科技|688316|-1.68|1700583|109975752.00|-1.01|0.76|-2.70|64.50|64.94|66.10|63.83|1.70|65.60|1495612|98293464.00|1|0.0000|0.0000|0.0000|0|65.60
之江生物|688317|-1.02|1366134|23987530.00|-0.51|1.36|-1.64|17.46|17.55|17.88|17.35|1.37|17.64|1110640|19579372.00|1|0.0000|0.0000|0.0000|0|17.64
财富趋势|688318|0.18|1970338|291338176.00|-0.45|3.21|-0.54|145.90|144.99|150.31|144.85|1.97|145.64|1985815|288546656.00|1|0.0000|0.0000|0.0000|0|145.64
欧林生物|688319|-4.02|7470312|117551456.00|-2.23|1.67|-5.07|15.51|15.80|16.43|15.34|7.47|16.16|9897683|157627296.00|1|0.0000|0.0000|0.0000|0|16.16
禾川科技|688320|-3.72|3833573|149219104.00|-0.95|0.28|-4.22|38.35|39.45|39.94|38.15|3.83|39.83|3773065|150904624.00|1|0.0000|0.0000|0.0000|0|39.83
微芯生物|688321|-0.69|4636958|87729456.00|-0.69|2.60|-1.43|18.72|18.72|19.34|18.58|4.64|18.85|4265265|81364424.00|1|0.0000|0.0000|0.0000|0|18.85
奥比中光|688322|-3.11|6080298|332129536.00|-1.04|1.20|-4.13|53.97|55.12|56.37|53.40|6.08|55.70|5093409|284060896.00|1|0.0000|0.0000|0.0000|0|55.70
瑞华泰|688323|-2.00|1479234|20476452.00|0.00|0.86|-2.92|13.75|14.03|14.15|13.62|1.48|14.03|1171723|16519317.00|1|0.0000|0.0000|0.0000|0|14.03
赛微微电|688325|-2.05|627368|28912650.00|-0.51|0.68|-3.19|45.82|46.54|47.10|45.29|0.63|46.78|485204|22744088.00|1|0.0000|0.0000|0.0000|0|46.78
经纬恒润|688326|-2.08|797725|64825184.00|-0.02|0.36|-3.22|80.99|82.69|83.01|80.05|0.80|82.71|550315|45613616.00|1|0.0000|0.0000|0.0000|0|82.71
云从科技|688327|-0.99|18861659|285183328.00|-1.97|1.18|-1.97|15.05|14.90|15.38|14.90|18.86|15.20|19813641|303434336.00|1|0.0000|0.0000|0.0000|0|15.20
深科达|688328|-1.08|1445971|22724578.00|-2.09|1.58|-2.22|15.61|15.45|16.03|15.43|1.45|15.78|1323842|21070986.00|1|0.0000|0.0000|0.0000|0|15.78
艾隆科技|688329|-1.73|1053212|16879686.00|-2.73|1.24|-2.73|15.86|15.70|16.34|15.70|1.05|16.14|881128|14180258.00|1|0.0000|0.0000|0.0000|0|16.14
宏力达|688330|-1.39|861245|24587830.00|0.69|0.69|-1.87|28.40|29.00|29.00|28.26|0.86|28.80|525972|15204173.00|1|0.0000|0.0000|0.0000|0|28.80
荣昌生物|688331|-1.40|6086776|270220192.00|-1.49|3.27|-2.88|43.78|43.74|45.85|43.12|6.09|44.40|6957752|311762208.00|1|0.0000|0.0000|0.0000|0|44.40
中科蓝讯|688332|-6.17|5735073|720344512.00|-1.83|1.51|-10.24|124.40|130.15|134.58|119.00|5.74|132.58|3229996|431531712.00|1|0.0000|0.0000|0.0000|0|132.58
铂力特|688333|-4.94|5323887|361812736.00|-1.00|1.64|-5.42|66.61|69.37|71.22|66.27|5.32|70.07|5839150|412648608.00|1|0.0000|0.0000|0.0000|0|70.07
西高院|688334|-0.52|1309852|22572160.00|0.12|0.46|-1.79|17.27|17.38|17.44|17.05|1.31|17.36|1742291|30240614.00|1|0.0000|0.0000|0.0000|0|17.36
复洁科技|688335|-0.99|1059671|10592708.00|-0.80|1.19|-2.49|9.96|9.98|10.18|9.81|1.06|10.06|1143262|11558365.00|1|0.0000|0.0000|0.0000|0|10.06
三生国健|688336|-5.66|5073211|141941152.00|-0.48|0.45|-6.00|27.36|28.86|29.13|27.26|5.07|29.00|3970359|116471640.00|1|0.0000|0.0000|0.0000|0|29.00
普源精电|688337|-1.64|1629408|53882068.00|-1.16|0.57|-3.09|33.06|33.22|33.80|32.57|1.63|33.61|1265555|42728500.00|1|0.0000|0.0000|0.0000|0|33.61
赛科希德|688338|-0.16|1055860|27255744.00|-0.74|1.16|-1.09|25.75|25.60|26.09|25.51|1.06|25.79|1040061|26802000.00|1|0.0000|0.0000|0.0000|0|25.79
亿华通|688339|0.92|3513590|80269504.00|-0.18|2.59|-1.72|22.95|22.70|23.33|22.35|3.51|22.74|2322253|53419960.00|1|0.0000|0.0000|0.0000|0|22.74
云天励飞|688343|0.65|11727321|684685760.00|-0.07|4.26|-0.07|57.59|57.18|59.66|57.18|11.73|57.22|5721353|328214080.00|1|0.0000|0.0000|0.0000|0|57.22
博力威|688345|-0.66|614975|12156050.00|1.07|2.89|-1.83|19.58|19.92|20.28|19.35|0.61|19.71|576293|11346496.00|1|0.0000|0.0000|0.0000|0|19.71
华虹公司|688347|-0.51|9401616|443547744.00|-1.30|2.30|-1.56|46.67|46.30|47.99|46.18|9.40|46.91|7547281|352660128.00|1|0.0000|0.0000|0.0000|0|46.91
昱能科技|688348|-1.90|2375294|117609792.00|-1.86|0.62|-2.89|49.18|49.20|50.44|48.68|2.38|50.13|1998791|100189536.00|1|0.0000|0.0000|0.0000|0|50.13
三一重能|688349|-2.17|2949296|77616592.00|-0.34|0.22|-2.51|26.13|26.62|26.77|26.04|2.95|26.71|2402316|64455312.00|1|0.0000|0.0000|0.0000|0|26.71
富淼科技|688350|-1.76|856029|11456796.00|-0.81|0.44|-3.15|13.40|13.53|13.70|13.21|0.86|13.64|646478|8827284.00|1|0.0000|0.0000|0.0000|0|13.64
微电生理|688351|-1.44|4271807|89054656.00|0.10|2.59|-1.78|20.52|20.84|21.36|20.45|4.27|20.82|5511530|114359312.00|1|0.0000|0.0000|0.0000|0|20.82
颀中科技|688352|-0.73|6675870|81549840.00|-0.73|1.06|-1.31|12.17|12.17|12.39|12.10|6.68|12.26|4060397|49880184.00|1|0.0000|0.0000|0.0000|0|12.26
华盛锂电|688353|-0.27|408022|9078625.00|-0.81|0.63|-1.30|22.27|22.15|22.47|22.04|0.41|22.33|574816|12844449.00|1|0.0000|0.0000|0.0000|0|22.33
明志科技|688355|-2.44|1189814|21448658.00|-0.33|0.00|-4.12|18.00|18.39|18.45|17.69|1.19|18.45|813286|15011336.00|1|0.0000|0.0000|0.0000|0|18.45
键凯科技|688356|1.43|1575766|102628368.00|-2.55|6.74|-2.55|64.41|61.88|67.78|61.88|1.58|63.50|1095957|68822704.00|1|0.0000|0.0000|0.0000|0|63.50
建龙微纳|688357|-1.83|785570|20305720.00|-1.45|0.08|-2.78|25.80|25.90|26.30|25.55|0.79|26.28|629570|16574869.00|1|0.0000|0.0000|0.0000|0|26.28
祥生医疗|688358|-3.42|1160886|36981228.00|-0.80|1.05|-3.82|31.35|32.20|32.80|31.22|1.16|32.46|1254199|40710908.00|1|0.0000|0.0000|0.0000|0|32.46
三孚新科|688359|-5.64|1666994|88223048.00|-0.73|-0.02|-6.04|51.90|54.60|54.99|51.68|1.67|55.00|1199360|66454852.00|1|0.0000|0.0000|0.0000|0|55.00
德马科技|688360|-3.50|4121598|86341608.00|-0.55|0.64|-5.71|20.95|21.59|21.85|20.47|4.12|21.71|3240545|70498160.00|1|0.0000|0.0000|0.0000|0|21.71
中科飞测|688361|-0.39|3873735|324518816.00|-0.73|1.59|-1.45|83.38|83.10|85.04|82.50|3.87|83.71|4163894|343618848.00|1|0.0000|0.0000|0.0000|0|83.71
甬矽电子|688362|-2.17|6012001|179874976.00|-2.60|0.33|-2.96|29.74|29.61|30.50|29.50|6.01|30.40|6109517|186805536.00|1|0.0000|0.0000|0.0000|0|30.40
华熙生物|688363|0.28|1682188|83754016.00|-0.77|1.11|-0.77|49.77|49.25|50.18|49.25|1.68|49.63|1517109|75164560.00|1|0.0000|0.0000|0.0000|0|49.63
光云科技|688365|-2.01|5181466|66286656.00|-1.70|1.01|-3.25|12.66|12.70|13.05|12.50|5.18|12.92|4114051|53455236.00|1|0.0000|0.0000|0.0000|0|12.92
昊海生科|688366|-0.27|463036|27792520.00|-0.43|0.75|-1.31|60.09|59.99|60.70|59.46|0.46|60.25|425002|25629116.00|1|0.0000|0.0000|0.0000|0|60.25
工大高科|688367|-0.62|897039|14311233.00|-1.12|0.50|-2.11|16.01|15.93|16.19|15.77|0.90|16.11|666867|10771580.00|1|0.0000|0.0000|0.0000|0|16.11
晶丰明源|688368|-3.04|559332|53163288.00|0.00|1.07|-4.04|93.86|96.80|97.84|92.89|0.56|96.80|694054|66927752.00|1|0.0000|0.0000|0.0000|0|96.80
致远互联|688369|-2.50|1824582|64096268.00|-1.94|2.08|-3.46|34.70|34.90|36.33|34.36|1.82|35.59|2470034|89058696.00|1|0.0000|0.0000|0.0000|0|35.59
丛麟科技|688370|-0.62|905445|17408312.00|2.58|2.58|-1.81|19.23|19.85|19.85|19.00|0.91|19.35|325683|6304792.50|1|0.0000|0.0000|0.0000|0|19.35
菲沃泰|688371|-1.28|2683674|45905472.00|-1.45|1.45|-2.73|16.98|16.95|17.45|16.73|2.68|17.20|2350331|40595640.00|1|0.0000|0.0000|0.0000|0|17.20
伟测科技|688372|0.90|2619774|207656640.00|-1.00|1.81|-1.86|79.88|78.38|80.60|77.70|2.62|79.17|1741339|138385488.00|1|0.0000|0.0000|0.0000|0|79.17
盟科药业|688373|-0.65|8656188|53122876.00|-1.14|1.80|-1.31|6.08|6.05|6.23|6.04|8.66|6.12|10032924|61397760.00|1|0.0000|0.0000|0.0000|0|6.12
国博电子|688375|-1.63|871788|47617568.00|-0.68|2.11|-1.65|53.72|54.24|55.76|53.71|0.87|54.61|918449|50039504.00|1|0.0000|0.0000|0.0000|0|54.61
美埃科技|688376|-2.19|801190|29864096.00|-1.77|0.66|-2.54|37.01|37.17|38.09|36.88|0.80|37.84|846987|32386230.00|1|0.0000|0.0000|0.0000|0|37.84
迪威尔|688377|-6.60|2817811|56319772.00|-0.96|0.00|-7.66|19.52|20.70|20.90|19.30|2.82|20.90|2810543|58861572.00|1|0.0000|0.0000|0.0000|0|20.90
奥来德|688378|-1.94|2853859|58132044.00|-1.02|0.53|-2.42|20.26|20.45|20.77|20.16|2.85|20.66|2264761|47123376.00|1|0.0000|0.0000|0.0000|0|20.66
华光新材|688379|-8.87|3068239|75874712.00|-2.86|-2.86|-9.13|24.25|25.85|25.85|24.18|3.07|26.61|1750282|46361520.00|1|0.0000|0.0000|0.0000|0|26.61
中微半导|688380|-0.03|5079297|149282144.00|-0.79|2.05|-1.26|29.26|29.04|29.87|28.90|5.08|29.27|4218610|124058152.00|1|0.0000|0.0000|0.0000|0|29.27
帝奥微|688381|-0.47|4449949|95503136.00|-1.08|4.71|-1.79|21.13|21.00|22.23|20.85|4.45|21.23|2655485|56678812.00|1|0.0000|0.0000|0.0000|0|21.23
益方生物|688382|-4.53|16076141|318288064.00|-1.75|0.49|-6.72|19.60|20.17|20.63|19.15|16.08|20.53|11161448|232516544.00|1|0.0000|0.0000|0.0000|0|20.53
新益昌|688383|-2.73|712218|32595560.00|-0.86|1.40|-3.23|45.21|46.08|47.13|44.98|0.71|46.48|470630|21944740.00|1|0.0000|0.0000|0.0000|0|46.48
复旦微电|688385|0.83|8629146|418813792.00|-1.15|2.67|-1.15|48.40|47.45|49.28|47.45|8.63|48.00|11174458|538095296.00|1|0.0000|0.0000|0.0000|0|48.00
泛亚微透|688386|-4.01|931646|39748180.00|-0.48|0.52|-4.83|42.15|43.70|44.14|41.79|0.93|43.91|653642|28791946.00|1|0.0000|0.0000|0.0000|0|43.91
信科移动|688387|-0.53|11685637|65697120.00|-0.88|0.35|-1.24|5.62|5.60|5.67|5.58|11.69|5.65|8392002|47349868.00|1|0.0000|0.0000|0.0000|0|5.65
嘉元科技|688388|-0.71|6733834|131662376.00|0.20|0.61|-1.98|19.60|19.78|19.86|19.35|6.73|19.74|6243090|123546488.00|1|0.0000|0.0000|0.0000|0|19.74
普门科技|688389|-1.28|6970128|108385400.00|-0.89|1.21|-1.79|15.45|15.51|15.84|15.37|6.97|15.65|5588306|87457448.00|1|0.0000|0.0000|0.0000|0|15.65
固德威|688390|-3.72|7423854|350256064.00|-2.21|-1.18|-6.03|47.14|47.88|48.38|46.01|7.42|48.96|6008373|294530944.00|1|0.0000|0.0000|0.0000|0|48.96
钜泉科技|688391|-2.06|832625|25888548.00|-1.08|0.64|-2.80|30.83|31.14|31.68|30.60|0.83|31.48|957974|30263658.00|1|0.0000|0.0000|0.0000|0|31.48
骄成超声|688392|-2.35|1189119|58300336.00|-1.77|0.20|-2.99|48.62|48.91|49.89|48.30|1.19|49.79|1592916|80232856.00|1|0.0000|0.0000|0.0000|0|49.79
安必平|688393|-3.80|3878380|137756992.00|-1.87|1.16|-4.63|34.90|35.60|36.70|34.60|3.88|36.28|3371278|122867016.00|1|0.0000|0.0000|0.0000|0|36.28
正弦电气|688395|-3.13|1632071|35109912.00|-1.59|0.09|-4.12|21.38|21.72|22.09|21.16|1.63|22.07|1668792|36921652.00|1|0.0000|0.0000|0.0000|0|22.07
华润微|688396|-0.11|2580463|116843112.00|-0.71|0.60|-0.93|45.27|45.00|45.59|44.90|2.58|45.32|1966055|89024960.00|1|0.0000|0.0000|0.0000|0|45.32
赛特新材|688398|-1.28|1771112|29926872.00|-0.06|-0.06|-3.48|17.00|17.21|17.21|16.62|1.77|17.22|1284243|21911436.00|1|0.0000|0.0000|0.0000|0|17.22
硕世生物|688399|-1.68|437914|30871724.00|0.31|0.31|-2.73|70.35|71.77|71.77|69.60|0.44|71.55|416125|29733038.00|1|0.0000|0.0000|0.0000|0|71.55
凌云光|688400|-2.22|5218966|148458032.00|-0.80|0.83|-2.84|28.19|28.60|29.07|28.01|5.22|28.83|7268757|210962512.00|1|0.0000|0.0000|0.0000|0|28.83
路维光电|688401|-1.82|5999856|207465568.00|-0.03|0.60|-2.59|34.45|35.08|35.30|34.18|6.00|35.09|8861517|312834368.00|1|0.0000|0.0000|0.0000|0|35.09
汇成股份|688403|-1.24|12207164|117266488.00|-1.03|0.82|-2.16|9.58|9.60|9.78|9.49|12.21|9.70|10090992|98471152.00|1|0.0000|0.0000|0.0000|0|9.70
中信博|688408|-2.47|3765394|203583968.00|-1.32|-0.33|-2.78|53.77|54.40|54.95|53.60|3.77|55.13|2687132|148789952.00|1|0.0000|0.0000|0.0000|0|55.13
富创精密|688409|-2.70|7332601|407579712.00|-1.65|0.72|-4.78|55.40|56.00|57.35|54.22|7.33|56.94|5502158|315082528.00|1|0.0000|0.0000|0.0000|0|56.94
山外山|688410|-1.78|3925135|45981084.00|-1.19|2.21|-2.55|11.57|11.64|12.04|11.48|3.93|11.78|3751543|44683348.00|1|0.0000|0.0000|0.0000|0|11.78
海博思创|688411|-0.63|2158982|161907648.00|-1.02|0.95|-2.29|75.19|74.90|76.39|73.94|2.16|75.67|2123879|163777552.00|1|0.0000|0.0000|0.0000|0|75.67
恒烁股份|688416|-2.25|1090335|43794056.00|-1.81|0.88|-3.28|39.88|40.06|41.16|39.46|1.09|40.80|949864|38957944.00|1|0.0000|0.0000|0.0000|0|40.80
震有科技|688418|1.61|6314158|206142272.00|-0.74|2.48|-1.89|32.76|32.00|33.04|31.63|6.31|32.24|5796973|185628928.00|1|0.0000|0.0000|0.0000|0|32.24
耐科装备|688419|-1.72|559412|18096536.00|-0.15|0.98|-2.64|32.05|32.56|32.93|31.75|0.56|32.61|634647|20766728.00|1|0.0000|0.0000|0.0000|0|32.61
美腾科技|688420|-2.33|774884|17347058.00|-1.37|1.23|-2.86|22.18|22.40|22.99|22.06|0.77|22.71|336640|7683045.00|1|0.0000|0.0000|0.0000|0|22.71
铁建重工|688425|-0.23|27584468|119880584.00|-0.69|1.15|-0.92|4.33|4.31|4.39|4.30|27.58|4.34|33887758|146114144.00|1|0.0000|0.0000|0.0000|0|4.34
康为世纪|688426|-2.10|958751|18520344.00|-0.56|0.97|-2.36|19.10|19.40|19.70|19.05|0.96|19.51|792612|15375595.00|1|0.0000|0.0000|0.0000|0|19.51
诺诚健华|688428|-2.69|5690902|106185696.00|-0.84|1.11|-3.37|18.48|18.83|19.20|18.35|5.69|18.99|5364493|102144440.00|1|0.0000|0.0000|0.0000|0|18.99
时创能源|688429|-2.25|1049360|15205135.00|-1.09|0.61|-2.93|14.36|14.53|14.78|14.26|1.05|14.69|876319|12962922.00|1|0.0000|0.0000|0.0000|0|14.69
有研硅|688432|-0.17|4108087|48728048.00|0.25|1.26|-1.18|11.85|11.90|12.02|11.73|4.11|11.87|3142410|37374116.00|1|0.0000|0.0000|0.0000|0|11.87
华曙高科|688433|-9.31|3448671|147459328.00|-1.43|-0.44|-10.17|41.20|44.78|45.23|40.81|3.45|45.43|1782779|81455168.00|1|0.0000|0.0000|0.0000|0|45.43
英方软件|688435|-1.36|673306|22129402.00|-1.24|1.18|-2.14|32.66|32.70|33.50|32.40|0.67|33.11|812837|27036180.00|1|0.0000|0.0000|0.0000|0|33.11
振华风光|688439|1.37|1972314|128323176.00|-1.65|4.34|-1.65|65.00|63.06|66.90|63.06|1.97|64.12|2352546|152185952.00|1|0.0000|0.0000|0.0000|0|64.12
智翔金泰|688443|-1.69|1876043|53792000.00|-1.00|1.45|-2.69|28.50|28.70|29.41|28.21|1.88|28.99|2517965|73569632.00|1|0.0000|0.0000|0.0000|0|28.99
磁谷科技|688448|-1.16|564860|16469641.00|0.00|1.26|-1.64|28.94|29.28|29.65|28.80|0.56|29.28|451175|13312309.00|1|0.0000|0.0000|0.0000|0|29.28
联芸科技|688449|-1.54|2024377|93720976.00|-1.54|0.83|-2.10|46.02|46.02|47.13|45.76|2.02|46.74|2152987|101060664.00|1|0.0000|0.0000|0.0000|0|46.74
光格科技|688450|-0.44|1438140|35289012.00|-0.76|1.77|-3.58|24.78|24.70|25.33|24.00|1.44|24.89|801480|19722360.00|1|0.0000|0.0000|0.0000|0|24.89
科捷智能|688455|-0.44|1071645|12179054.00|-1.22|0.09|-2.44|11.43|11.34|11.49|11.20|1.07|11.48|787774|9008662.00|1|0.0000|0.0000|0.0000|0|11.48
有研粉材|688456|-2.04|1167197|41847116.00|-0.14|0.97|-2.76|35.51|36.20|36.60|35.25|1.17|36.25|849168|30739178.00|1|0.0000|0.0000|0.0000|0|36.25
美芯晟|688458|-0.89|1045690|38376736.00|-1.08|0.78|-2.96|36.77|36.70|37.39|36.00|1.05|37.10|1362140|50729052.00|1|0.0000|0.0000|0.0000|0|37.10
哈铁科技|688459|1.10|3367271|33875016.00|-0.90|1.20|-0.90|10.12|9.92|10.13|9.92|3.37|10.01|2244330|22421586.00|1|0.0000|0.0000|0.0000|0|10.01
金科环境|688466|0.00|523600|8612871.00|-1.21|1.21|-2.06|16.54|16.34|16.74|16.20|0.52|16.54|324352|5388794.00|1|0.0000|0.0000|0.0000|0|16.54
科美诊断|688468|-1.04|4946532|38124024.00|-0.39|1.69|-1.43|7.63|7.68|7.84|7.60|4.95|7.71|3956707|30581536.00|1|0.0000|0.0000|0.0000|0|7.71
芯联集成|688469|-0.41|34051273|164658800.00|-0.41|1.03|-0.83|4.82|4.82|4.89|4.80|34.05|4.84|30841284|149411952.00|1|0.0000|0.0000|0.0000|0|4.84
阿特斯|688472|-0.71|13773059|135175120.00|-1.12|0.61|-1.12|9.79|9.75|9.92|9.75|13.77|9.86|11566733|114231312.00|1|0.0000|0.0000|0.0000|0|9.86
萤石网络|688475|-5.68|3611616|139149888.00|-1.52|-0.45|-6.25|37.88|39.55|39.98|37.65|3.61|40.16|4169214|166116512.00|1|0.0000|0.0000|0.0000|0|40.16
晶升股份|688478|2.49|1898753|59228724.00|-0.45|3.01|-1.72|31.67|30.76|31.83|30.37|1.90|30.90|810513|25041216.00|1|0.0000|0.0000|0.0000|0|30.90
友车科技|688479|0.78|745131|14507368.00|-0.67|1.24|-0.72|19.49|19.21|19.58|19.20|0.75|19.34|697639|13477077.00|1|0.0000|0.0000|0.0000|0|19.34
赛恩斯|688480|0.30|813667|27464094.00|-4.61|0.74|-4.61|33.94|32.28|34.09|32.28|0.81|33.84|397470|13443290.00|1|0.0000|0.0000|0.0000|0|33.84
南芯科技|688484|-3.34|9837631|334165408.00|-0.52|2.67|-4.15|33.28|34.25|35.35|33.00|9.84|34.43|4891844|168836080.00|1|0.0000|0.0000|0.0000|0|34.43
九州一轨|688485|-1.17|1118112|11307589.00|-1.08|0.10|-2.35|10.10|10.11|10.23|9.98|1.12|10.22|1358435|13898093.00|1|0.0000|0.0000|0.0000|0|10.22
龙迅股份|688486|-1.77|1095755|115652136.00|-2.40|1.25|-3.09|104.78|104.11|108.00|103.37|1.10|106.67|1377601|150533056.00|1|0.0000|0.0000|0.0000|0|106.67
艾迪药业|688488|-2.01|13790029|154975280.00|-2.18|2.79|-5.50|11.22|11.20|11.77|10.82|13.79|11.45|16432258|187824656.00|1|0.0000|0.0000|0.0000|0|11.45
三未信安|688489|0.06|851064|31337698.00|-1.46|3.19|-1.46|36.36|35.81|37.50|35.81|0.85|36.34|422578|15405679.00|1|0.0000|0.0000|0.0000|0|36.34
清越科技|688496|-2.07|3694047|29907082.00|-0.85|0.73|-2.80|8.04|8.14|8.27|7.98|3.69|8.21|1880947|15514536.00|1|0.0000|0.0000|0.0000|0|8.21
源杰科技|688498|-0.35|2105002|243879504.00|-1.22|1.74|-1.40|115.01|114.00|117.42|113.79|2.11|115.41|1923727|221793792.00|1|0.0000|0.0000|0.0000|0|115.41
利元亨|688499|-2.48|3397092|88947064.00|-1.50|0.60|-3.42|25.95|26.21|26.77|25.70|3.40|26.61|4322612|115547544.00|1|0.0000|0.0000|0.0000|0|26.61
慧辰股份|688500|-1.15|849727|23471284.00|-2.04|0.93|-2.15|27.58|27.33|28.16|27.30|0.85|27.90|932056|25935824.00|1|0.0000|0.0000|0.0000|0|27.90
青达环保|688501|-1.54|5780255|113060584.00|-0.40|0.50|-6.07|19.79|20.02|20.20|18.88|5.78|20.10|4744718|95640576.00|1|0.0000|0.0000|0.0000|0|20.10
茂莱光学|688502|1.45|860005|235958848.00|-1.15|3.43|-2.32|273.00|266.00|278.31|262.86|0.86|269.09|643034|171606448.00|1|0.0000|0.0000|0.0000|0|269.09
聚和材料|688503|-4.06|4309444|162850880.00|-2.42|-0.08|-4.30|37.30|37.94|38.85|37.21|4.31|38.88|3919414|152876832.00|1|0.0000|0.0000|0.0000|0|38.88
复旦张江|688505|0.12|3843703|31972846.00|-0.36|2.06|-0.73|8.28|8.24|8.44|8.21|3.84|8.27|3061916|25426692.00|1|0.0000|0.0000|0.0000|0|8.27
百利天恒|688506|1.32|1135072|280541344.00|-0.08|1.86|-2.42|250.25|246.80|251.58|241.01|1.14|246.99|877843|217513152.00|1|0.0000|0.0000|0.0000|0|246.99
索辰科技|688507|1.29|2311511|191925600.00|-0.82|6.01|-1.24|81.70|80.00|85.51|79.66|2.31|80.66|1299855|105830912.00|1|0.0000|0.0000|0.0000|0|80.66
芯朋微|688508|-1.98|2908445|145122160.00|-2.08|1.25|-3.07|49.55|49.50|51.18|49.00|2.91|50.55|2471478|125904000.00|1|0.0000|0.0000|0.0000|0|50.55
正元地信|688509|-0.53|6914837|25939306.00|-1.33|0.80|-1.33|3.74|3.71|3.79|3.71|6.91|3.76|5421135|20479504.00|1|0.0000|0.0000|0.0000|0|3.76
航亚科技|688510|-2.24|4408736|77498440.00|-1.68|1.06|-3.52|17.48|17.58|18.07|17.25|4.41|17.88|4282990|76975216.00|1|0.0000|0.0000|0.0000|0|17.88
*ST天微|688511|-1.04|896782|11935623.00|-0.89|1.19|-1.94|13.27|13.29|13.57|13.15|0.90|13.41|1063486|14222065.00|1|0.0000|0.0000|0.0000|0|13.41
慧智微|688512|-1.73|5355924|52204700.00|-1.12|0.91|-2.54|9.68|9.74|9.94|9.60|5.36|9.85|4617153|46085164.00|1|0.0000|0.0000|0.0000|0|9.85
苑东生物|688513|2.72|7697576|273832928.00|-2.12|3.63|-2.46|36.26|34.55|36.58|34.43|7.70|35.30|9739685|332969696.00|1|0.0000|0.0000|0.0000|0|35.30
裕太微|688515|-1.09|776508|77151512.00|-1.17|1.34|-1.92|98.57|98.49|101.00|97.75|0.78|99.66|691500|69688360.00|1|0.0000|0.0000|0.0000|0|99.66
奥特维|688516|-1.23|2357086|94949000.00|-1.30|0.47|-1.48|40.14|40.11|40.83|40.04|2.36|40.64|1654510|67254800.00|1|0.0000|0.0000|0.0000|0|40.64
金冠电气|688517|-1.47|1754261|24815982.00|-1.26|0.91|-2.37|14.12|14.15|14.46|13.99|1.75|14.33|1783252|25528176.00|1|0.0000|0.0000|0.0000|0|14.33
联赢激光|688518|0.61|12539208|211283008.00|-1.15|4.85|-1.70|16.61|16.32|17.31|16.23|12.54|16.51|6326911|104802448.00|1|0.0000|0.0000|0.0000|0|16.51
南亚新材|688519|-11.24|7488892|263723872.00|-2.68|2.68|-12.10|33.15|36.35|38.35|32.83|7.49|37.35|5682551|210702624.00|1|0.0000|0.0000|0.0000|0|37.35
神州细胞|688520|-0.55|3191869|133960328.00|-0.81|3.23|-1.62|41.62|41.51|43.20|41.17|3.19|41.85|3277184|137844864.00|1|0.0000|0.0000|0.0000|0|41.85
芯原股份|688521|0.03|11713936|1160534272.00|-1.05|3.97|-1.97|98.02|96.96|101.88|96.06|11.71|97.99|10115639|999721472.00|1|0.0000|0.0000|0.0000|0|97.99
纳睿雷达|688522|-2.30|2944843|209156256.00|-1.17|4.40|-2.91|69.20|70.00|73.95|68.77|2.94|70.83|1989155|140971872.00|1|0.0000|0.0000|0.0000|0|70.83
航天环宇|688523|-2.36|1447043|29813572.00|-1.44|2.07|-2.98|20.31|20.50|21.23|20.18|1.45|20.80|1843411|37971112.00|1|0.0000|0.0000|0.0000|0|20.80
佰维存储|688525|-3.44|12068089|825282304.00|-2.38|1.16|-3.96|67.29|68.03|70.50|66.93|12.07|69.69|8290014|579332032.00|1|0.0000|0.0000|0.0000|0|69.69
科前生物|688526|0.56|4135480|67007768.00|-0.56|3.06|-0.56|16.10|15.92|16.50|15.92|4.14|16.01|2260061|36528968.00|1|0.0000|0.0000|0.0000|0|16.01
秦川物联|688528|-1.20|707749|6411257.50|-0.55|0.98|-2.29|9.05|9.11|9.25|8.95|0.71|9.16|637449|5853478.50|1|0.0000|0.0000|0.0000|0|9.16
豪森智能|688529|-4.01|3558086|66427788.00|-1.82|0.83|-4.79|18.44|18.86|19.37|18.29|3.56|19.21|2012494|38897448.00|1|0.0000|0.0000|0.0000|0|19.21
欧莱新材|688530|-1.40|756257|13362511.00|-0.45|1.01|-2.30|17.56|17.73|17.99|17.40|0.76|17.81|546374|9812121.00|1|0.0000|0.0000|0.0000|0|17.81
日联科技|688531|-3.54|2487241|153011424.00|-0.83|0.13|-4.32|60.77|62.48|63.08|60.28|2.49|63.00|2996702|187561904.00|1|0.0000|0.0000|0.0000|0|63.00
上声电子|688533|-1.68|900625|28597046.00|-1.18|0.65|-2.27|31.55|31.71|32.30|31.36|0.90|32.09|994428|31883138.00|1|0.0000|0.0000|0.0000|0|32.09
华海诚科|688535|3.06|3065686|241871120.00|-1.46|3.85|-2.97|80.39|76.86|81.00|75.68|3.07|78.00|1126874|87953944.00|1|0.0000|0.0000|0.0000|0|78.00
思瑞浦|688536|3.02|2960084|379276960.00|-1.04|7.67|-1.31|126.30|121.33|132.00|121.00|2.96|122.60|1210288|148151056.00|1|0.0000|0.0000|0.0000|0|122.60
和辉光电|688538|0.00|35207950|77901832.00|0.00|0.90|-0.45|2.21|2.21|2.23|2.20|35.21|2.21|24836784|55012604.00|1|0.0000|0.0000|0.0000|0|2.21
高华科技|688539|-1.04|834800|21567340.00|-0.93|1.08|-1.62|25.65|25.68|26.20|25.50|0.83|25.92|688116|17845542.00|1|0.0000|0.0000|0.0000|0|25.92
国科军工|688543|-0.34|2443953|122151808.00|-0.86|1.26|-1.34|49.86|49.60|50.66|49.36|2.44|50.03|2997970|150557296.00|1|0.0000|0.0000|0.0000|0|50.03
兴福电子|688545|0.66|5176974|142280512.00|-0.77|1.91|-0.92|27.45|27.06|27.79|27.02|5.18|27.27|3810311|104201968.00|1|0.0000|0.0000|0.0000|0|27.27
广钢气体|688548|-0.09|9509449|109478952.00|-1.30|1.39|-1.56|11.50|11.36|11.67|11.33|9.51|11.51|10004490|114999544.00|1|0.0000|0.0000|0.0000|0|11.51
中巨芯|688549|-0.64|7465276|57925540.00|-0.77|1.29|-1.16|7.73|7.72|7.88|7.69|7.47|7.78|4582857|35741196.00|1|0.0000|0.0000|0.0000|0|7.78
瑞联新材|688550|-1.80|3003203|117796168.00|-1.15|-0.10|-3.43|39.19|39.45|39.87|38.54|3.00|39.91|4732323|188909632.00|1|0.0000|0.0000|0.0000|0|39.91
科威尔|688551|-0.21|485337|13654379.00|-0.75|1.07|-2.06|28.07|27.92|28.43|27.55|0.49|28.13|384841|10828214.00|1|0.0000|0.0000|0.0000|0|28.13
航天南湖|688552|-1.18|1051168|21016456.00|-0.69|0.74|-2.71|20.02|20.12|20.41|19.71|1.05|20.26|1436013|29202754.00|1|0.0000|0.0000|0.0000|0|20.26
汇宇制药|688553|-3.63|9137878|152685808.00|-1.00|0.76|-4.22|16.45|16.90|17.20|16.35|9.14|17.07|12387500|211546784.00|1|0.0000|0.0000|0.0000|0|17.07
高测股份|688556|-3.00|9803720|102521256.00|-1.50|0.84|-3.19|10.34|10.50|10.75|10.32|9.80|10.66|4582441|49024356.00|1|0.0000|0.0000|0.0000|0|10.66
兰剑智能|688557|-2.35|1327410|31087054.00|-0.84|0.76|-3.73|23.28|23.64|24.02|22.95|1.33|23.84|1180582|28417790.00|1|0.0000|0.0000|0.0000|0|23.84
国盛智科|688558|-4.02|1560980|37942124.00|-1.20|1.77|-4.78|23.90|24.60|25.34|23.71|1.56|24.90|1161512|29369050.00|1|0.0000|0.0000|0.0000|0|24.90
海目星|688559|-2.09|2984566|92734608.00|-0.73|0.76|-3.04|30.90|31.33|31.80|30.60|2.98|31.56|2569609|81013312.00|1|0.0000|0.0000|0.0000|0|31.56
明冠新材|688560|0.86|2941586|41218620.00|-0.50|3.31|-0.79|14.01|13.82|14.35|13.78|2.94|13.89|2093181|29219488.00|1|0.0000|0.0000|0.0000|0|13.89
奇安信|688561|-0.59|3689078|124472392.00|-0.98|1.60|-1.01|33.54|33.41|34.28|33.40|3.69|33.74|3880358|131183592.00|1|0.0000|0.0000|0.0000|0|33.74
航天软件|688562|-0.76|1935012|30418978.00|-0.13|1.46|-1.27|15.63|15.73|15.98|15.55|1.94|15.75|1858056|29443336.00|1|0.0000|0.0000|0.0000|0|15.75
航材股份|688563|0.08|1100692|57343484.00|-1.00|0.90|-1.00|52.07|51.51|52.50|51.51|1.10|52.03|1410710|73524576.00|1|0.0000|0.0000|0.0000|0|52.03
力源科技|688565|-0.58|2149753|14730763.00|-1.73|0.87|-2.60|6.89|6.81|6.99|6.75|2.15|6.93|1765046|12287259.00|1|0.0000|0.0000|0.0000|0|6.93
吉贝尔|688566|-0.71|2970107|74344976.00|-1.30|0.95|-2.81|25.13|24.98|25.55|24.60|2.97|25.31|4034312|102480264.00|1|0.0000|0.0000|0.0000|0|25.31
孚能科技|688567|-2.20|14227421|196586688.00|-1.35|0.64|-3.34|13.75|13.87|14.15|13.59|14.23|14.06|9164191|130256584.00|1|0.0000|0.0000|0.0000|0|14.06
中科星图|688568|-1.09|4166983|224383632.00|-0.61|1.22|-1.68|53.52|53.78|54.77|53.20|4.17|54.11|3334138|180682496.00|1|0.0000|0.0000|0.0000|0|54.11
铁科轨道|688569|4.56|3999085|93805880.00|-0.18|6.27|-1.18|23.84|22.76|24.23|22.53|4.00|22.80|2210253|50603168.00|1|0.0000|0.0000|0.0000|0|22.80
天玛智控|688570|-0.77|863464|17839830.00|-1.06|0.67|-1.63|20.66|20.60|20.96|20.48|0.86|20.82|751445|15677588.00|1|0.0000|0.0000|0.0000|0|20.82
杭华股份|688571|-1.34|3784377|27972764.00|-1.34|1.34|-2.68|7.35|7.35|7.55|7.25|3.78|7.45|2641351|19750284.00|1|0.0000|0.0000|0.0000|0|7.45
信宇人|688573|-1.49|1205482|21619138.00|-0.77|1.21|-2.43|17.85|17.98|18.34|17.68|1.21|18.12|1152890|21055000.00|1|0.0000|0.0000|0.0000|0|18.12
亚辉龙|688575|-0.12|2940213|48687388.00|-0.30|1.27|-0.54|16.51|16.48|16.74|16.44|2.94|16.53|2623977|43434640.00|1|0.0000|0.0000|0.0000|0|16.53
西山科技|688576|-1.14|456034|30815652.00|-0.01|2.13|-1.98|66.90|67.66|69.11|66.33|0.46|67.67|411770|27698624.00|1|0.0000|0.0000|0.0000|0|67.67
浙海德曼|688577|-1.55|1533980|89656776.00|-1.02|4.13|-2.15|57.20|57.51|60.50|56.85|1.53|58.10|2335824|135066752.00|1|0.0000|0.0000|0.0000|0|58.10
艾力斯|688578|-1.01|4420809|396407904.00|-0.39|1.76|-2.65|89.36|89.92|91.86|87.88|4.42|90.27|4911789|442154624.00|1|0.0000|0.0000|0.0000|0|90.27
山大地纬|688579|-0.98|4159066|42305492.00|-0.78|0.88|-1.95|10.14|10.16|10.33|10.04|4.16|10.24|3801676|39042136.00|1|0.0000|0.0000|0.0000|0|10.24
伟思医疗|688580|9.16|12568425|565846400.00|5.51|17.86|5.51|44.80|43.30|48.37|43.30|12.57|41.04|6119402|238160048.00|1|0.0000|0.0000|0.0000|0|41.04
安杰思|688581|-4.89|990302|69944928.00|-3.24|-0.57|-5.68|69.79|71.00|72.96|69.21|0.99|73.38|790322|57555428.00|1|0.0000|0.0000|0.0000|0|73.38
芯动联科|688582|-1.05|4516376|285056416.00|-0.82|1.64|-2.75|62.88|63.03|64.59|61.80|4.52|63.55|6236192|395683424.00|1|0.0000|0.0000|0.0000|0|63.55
思看科技|688583|-1.50|1285438|141987456.00|-0.99|2.12|-5.49|111.50|112.08|115.60|106.98|1.29|113.20|989623|111877528.00|1|0.0000|0.0000|0.0000|0|113.20
上海合晶|688584|-0.64|1887208|32198450.00|-0.41|1.29|-0.94|16.95|16.99|17.28|16.90|1.89|17.06|1620201|27708546.00|1|0.0000|0.0000|0.0000|0|17.06
上纬新材|688585|-2.44|2239496|17162832.00|-1.80|0.77|-3.98|7.60|7.65|7.85|7.48|2.24|7.79|2082134|16236731.00|1|0.0000|0.0000|0.0000|0|7.79
江航装备|688586|-0.72|5673977|54967684.00|-0.62|1.23|-1.75|9.67|9.68|9.86|9.57|5.67|9.74|5876337|57507188.00|1|0.0000|0.0000|0.0000|0|9.74
凌志软件|688588|-1.20|3763200|49653896.00|-0.60|1.28|-1.96|13.12|13.20|13.45|13.02|3.76|13.28|3474865|46472184.00|1|0.0000|0.0000|0.0000|0|13.28
力合微|688589|-4.23|5411106|156734304.00|-1.31|0.94|-5.70|28.56|29.43|30.10|28.12|5.41|29.82|3770056|113017360.00|1|0.0000|0.0000|0.0000|0|29.82
新致软件|688590|-5.08|7417380|154923104.00|-1.66|0.00|-5.86|20.56|21.30|21.66|20.39|7.42|21.66|6719329|144494592.00|1|0.0000|0.0000|0.0000|0|21.66
泰凌微|688591|-7.96|16830035|707117312.00|-2.71|-0.68|-8.17|40.68|43.00|43.90|40.59|16.83|44.20|14028183|623864256.00|1|0.0000|0.0000|0.0000|0|44.20
司南导航|688592|-0.79|534261|21640874.00|-1.16|1.43|-1.76|40.10|39.95|41.00|39.71|0.53|40.42|923225|37053628.00|1|0.0000|0.0000|0.0000|0|40.42
新相微|688593|-2.45|2236530|41384300.00|-1.76|-0.21|-2.61|18.34|18.47|18.76|18.31|2.24|18.80|1762419|33238294.00|1|0.0000|0.0000|0.0000|0|18.80
芯海科技|688595|-1.41|2599233|97181208.00|-0.64|1.62|-2.90|37.12|37.41|38.26|36.56|2.60|37.65|1903821|72169152.00|1|0.0000|0.0000|0.0000|0|37.65
正帆科技|688596|-3.28|5948293|234470784.00|-1.74|0.05|-3.73|38.91|39.53|40.25|38.73|5.95|40.23|6498596|262326896.00|1|0.0000|0.0000|0.0000|0|40.23
煜邦电力|688597|-0.77|6513552|75534456.00|-0.85|0.34|-3.23|11.67|11.66|11.80|11.38|6.51|11.76|5912895|70003656.00|1|0.0000|0.0000|0.0000|0|11.76
金博股份|688598|-3.88|5671084|151909296.00|-1.27|0.65|-4.54|26.48|27.20|27.73|26.30|5.67|27.55|5203659|144656672.00|1|0.0000|0.0000|0.0000|0|27.55
天合光能|688599|-3.14|25965216|420783360.00|-2.11|-0.36|-3.20|16.03|16.20|16.49|16.02|25.97|16.55|19980873|332090240.00|1|0.0000|0.0000|0.0000|0|16.55
皖仪科技|688600|-0.18|1522971|25442790.00|-1.47|-0.12|-2.65|16.92|16.70|16.93|16.50|1.52|16.95|1226066|20850482.00|1|0.0000|0.0000|0.0000|0|16.95
力芯微|688601|-1.47|1862869|74393952.00|-0.94|1.12|-2.11|39.66|39.87|40.70|39.40|1.86|40.25|1293243|52128968.00|1|0.0000|0.0000|0.0000|0|40.25
康鹏科技|688602|-0.88|2240772|15212453.00|-0.44|0.29|-1.90|6.79|6.82|6.87|6.72|2.24|6.85|2110629|14493713.00|1|0.0000|0.0000|0.0000|0|6.85
天承科技|688603|-0.29|658529|46455660.00|-0.97|0.56|-2.94|70.99|70.51|71.60|69.11|0.66|71.20|372358|26585536.00|1|0.0000|0.0000|0.0000|0|71.20
先锋精科|688605|0.00|2127714|158790720.00|-1.58|2.02|-1.59|74.25|73.08|75.75|73.07|2.13|74.25|2627626|197048000.00|1|0.0000|0.0000|0.0000|0|74.25
奥泰生物|688606|-3.53|666758|50521208.00|-0.63|-0.01|-4.60|75.15|77.41|77.89|74.32|0.67|77.90|463080|36206532.00|1|0.0000|0.0000|0.0000|0|77.90
康众医疗|688607|0.00|1843018|32455632.00|-1.40|0.78|-3.70|17.86|17.61|18.00|17.20|1.84|17.86|2178680|38769652.00|1|0.0000|0.0000|0.0000|0|17.86
恒玄科技|688608|-5.23|2595531|962742848.00|-1.45|1.01|-7.16|365.45|380.00|389.50|358.01|2.60|385.60|1691461|660705856.00|1|0.0000|0.0000|0.0000|0|385.60
九联科技|688609|-1.28|6610666|66303384.00|-0.79|0.39|-2.27|10.00|10.05|10.17|9.90|6.61|10.13|5198920|52496252.00|1|0.0000|0.0000|0.0000|0|10.13
埃科光电|688610|-0.03|264880|9722815.00|-0.52|1.31|-1.31|36.71|36.53|37.20|36.24|0.26|36.72|319586|11797851.00|1|0.0000|0.0000|0.0000|0|36.72
杭州柯林|688611|-1.88|2276022|105370960.00|2.12|5.47|-2.75|44.99|46.82|48.36|44.59|2.28|45.85|1870276|85985960.00|1|0.0000|0.0000|0.0000|0|45.85
威迈斯|688612|-2.43|2183952|56506968.00|-1.40|0.68|-3.45|25.71|25.98|26.53|25.44|2.18|26.35|2650234|70052064.00|1|0.0000|0.0000|0.0000|0|26.35
奥精医疗|688613|-1.41|937781|15115710.00|-1.29|1.29|-1.84|16.04|16.06|16.48|15.97|0.94|16.27|918396|14978118.00|1|0.0000|0.0000|0.0000|0|16.27
合合信息|688615|2.34|1156759|252094800.00|-0.98|4.46|-1.20|216.51|209.49|221.00|209.02|1.16|211.56|729336|154545200.00|1|0.0000|0.0000|0.0000|0|211.56
西力科技|688616|-0.35|1637928|18522992.00|0.79|1.06|-2.11|11.32|11.45|11.48|11.12|1.64|11.36|1796426|20522788.00|1|0.0000|0.0000|0.0000|0|11.36
惠泰医疗|688617|0.22|486792|201013872.00|-0.02|0.97|-1.92|414.90|413.87|418.00|406.02|0.49|413.97|556496|228820864.00|1|0.0000|0.0000|0.0000|0|413.97
三旺通信|688618|1.89|2651857|61251292.00|0.68|8.06|-0.23|22.62|22.35|23.99|22.15|2.65|22.20|2947105|66476108.00|1|0.0000|0.0000|0.0000|0|22.20
罗普特|688619|0.11|1309630|11376509.00|-1.03|0.69|-2.17|8.76|8.66|8.81|8.56|1.31|8.75|1539538|13472012.00|1|0.0000|0.0000|0.0000|0|8.75
安凯微|688620|-4.64|16247504|217442448.00|-2.10|0.07|-4.86|13.15|13.50|13.80|13.12|16.25|13.79|21799208|304746304.00|1|0.0000|0.0000|0.0000|0|13.79
阳光诺和|688621|1.33|4869435|226378640.00|-1.53|3.94|-2.17|46.31|45.00|47.50|44.71|4.87|45.70|2888421|133254472.00|1|0.0000|0.0000|0.0000|0|45.70
禾信仪器|688622|-2.26|683899|66957356.00|-0.72|2.34|-3.78|97.52|99.05|102.10|96.00|0.68|99.77|973180|98533864.00|1|0.0000|0.0000|0.0000|0|99.77
双元科技|688623|3.23|908192|54191384.00|-0.48|3.92|-0.65|60.38|58.21|60.78|58.11|0.91|58.49|549603|31947472.00|1|0.0000|0.0000|0.0000|0|58.49
呈和科技|688625|-0.49|1610549|66106588.00|-0.68|2.38|-3.42|41.03|40.95|42.21|39.82|1.61|41.23|1434910|59828912.00|1|0.0000|0.0000|0.0000|0|41.23
翔宇医疗|688626|0.25|4168495|169571360.00|4.11|8.68|-0.94|39.48|41.00|42.80|39.01|4.17|39.38|2907213|114285352.00|1|0.0000|0.0000|0.0000|0|39.38
精智达|688627|-3.00|736488|54583700.00|-1.49|2.42|-4.09|72.83|73.96|76.90|72.01|0.74|75.08|1483912|111772656.00|1|0.0000|0.0000|0.0000|0|75.08
优利德|688628|-8.47|3299599|122986744.00|-0.98|-0.98|-8.85|36.51|39.50|39.50|36.36|3.30|39.89|693545|27680722.00|1|0.0000|0.0000|0.0000|0|39.89
华丰科技|688629|0.14|8853825|444790496.00|-1.57|2.69|-1.57|49.85|49.00|51.12|49.00|8.85|49.78|6108777|305183712.00|1|0.0000|0.0000|0.0000|0|49.78
芯碁微装|688630|-6.55|9541445|703111488.00|-1.76|-0.76|-8.71|72.78|76.51|77.29|71.10|9.54|77.88|7949076|632583424.00|1|0.0000|0.0000|0.0000|0|77.88
莱斯信息|688631|-1.88|1493426|132388024.00|-1.06|1.58|-3.01|88.01|88.75|91.12|87.00|1.49|89.70|1173195|105733896.00|1|0.0000|0.0000|0.0000|0|89.70
星球石墨|688633|-1.01|845590|22456894.00|-1.64|0.26|-2.08|26.59|26.42|26.93|26.30|0.85|26.86|715623|19162326.00|1|0.0000|0.0000|0.0000|0|26.86
智明达|688636|4.44|4037193|160524016.00|-0.79|9.37|-1.32|39.48|37.50|41.34|37.30|4.04|37.80|1868068|70226552.00|1|0.0000|0.0000|0.0000|0|37.80
誉辰智能|688638|-1.33|116011|3445234.75|-0.77|0.87|-2.10|29.63|29.80|30.29|29.40|0.12|30.03|159847|4807196.50|1|0.0000|0.0000|0.0000|0|30.03
华恒生物|688639|0.93|2195681|66587004.00|-0.86|1.72|-1.72|30.52|29.98|30.76|29.72|2.20|30.24|1393000|42297760.00|1|0.0000|0.0000|0.0000|0|30.24
ST逸飞|688646|-5.71|2637734|106970936.00|-3.51|0.31|-5.78|39.48|40.40|42.00|39.45|2.64|41.87|3185854|133787672.00|1|0.0000|0.0000|0.0000|0|41.87
中邮科技|688648|0.68|708811|16648035.00|-0.47|0.94|-1.92|23.62|23.35|23.68|23.01|0.71|23.46|814479|19071036.00|1|0.0000|0.0000|0.0000|0|23.46
盛邦安全|688651|0.11|931310|33893516.00|-1.05|2.21|-1.08|36.19|35.77|36.95|35.76|0.93|36.15|563937|20433226.00|1|0.0000|0.0000|0.0000|0|36.15
京仪装备|688652|1.83|1554108|100162496.00|-1.23|2.91|-1.29|64.66|62.72|65.35|62.68|1.55|63.50|1403746|90001664.00|1|0.0000|0.0000|0.0000|0|63.50
康希通信|688653|-1.58|2751580|34629440.00|-0.63|0.63|-1.97|12.48|12.60|12.76|12.43|2.75|12.68|2297197|29222204.00|1|0.0000|0.0000|0.0000|0|12.68
迅捷兴|688655|6.54|10451480|149073968.00|3.20|11.08|0.59|14.33|13.88|14.94|13.53|10.45|13.45|5423699|72996456.00|0|0.0000|0.0000|0.0000|0|13.45
浩欧博|688656|-1.95|745804|72609176.00|-1.24|1.41|-3.10|96.30|97.00|99.60|95.18|0.75|98.22|1250267|122342192.00|1|0.0000|0.0000|0.0000|0|98.22
浩辰软件|688657|2.83|1427506|66162580.00|0.00|4.98|0.00|46.22|44.95|47.19|44.95|1.43|44.95|390493|17579544.00|1|0.0000|0.0000|0.0000|0|44.95
悦康药业|688658|-0.87|7464097|110721632.00|-0.74|1.14|-2.21|14.83|14.85|15.13|14.63|7.46|14.96|10671642|159797824.00|1|0.0000|0.0000|0.0000|0|14.96
元琛科技|688659|0.42|3392712|24511044.00|-0.56|2.24|-1.12|7.18|7.11|7.31|7.07|3.39|7.15|1991806|14275601.00|1|0.0000|0.0000|0.0000|0|7.15
电气风电|688660|-1.85|12949210|96056536.00|-0.92|0.92|-3.83|7.43|7.50|7.64|7.28|12.95|7.57|8726976|65654344.00|1|0.0000|0.0000|0.0000|0|7.57
和林微纳|688661|-11.83|7920079|370150464.00|-2.74|-2.00|-11.83|44.44|49.02|49.39|44.44|7.92|50.40|6098012|307504704.00|1|0.0000|0.0000|0.0000|0|50.40
富信科技|688662|-0.60|1447647|55515124.00|-1.06|0.49|-1.55|38.42|38.24|38.84|38.05|1.45|38.65|994324|38571248.00|1|0.0000|0.0000|0.0000|0|38.65
新风光|688663|-2.39|2624609|66490580.00|-0.35|0.27|-4.55|25.30|25.83|25.99|24.74|2.62|25.92|2029761|52815104.00|1|0.0000|0.0000|0.0000|0|25.92
四方光电|688665|0.54|1079628|40013420.00|-2.31|0.94|-2.71|37.46|36.40|37.61|36.25|1.08|37.26|895535|33618504.00|1|0.0000|0.0000|0.0000|0|37.26
菱电电控|688667|-0.08|368893|18310634.00|-0.68|1.00|-3.98|50.20|49.90|50.74|48.24|0.37|50.24|483717|24030630.00|1|0.0000|0.0000|0.0000|0|50.24
鼎通科技|688668|-2.08|2926126|129329696.00|-2.39|-0.27|-4.18|44.25|44.11|45.07|43.30|2.93|45.19|2264460|102403048.00|1|0.0000|0.0000|0.0000|0|45.19
聚石化学|688669|-1.95|2990442|49678504.00|0.00|0.06|-3.72|16.59|16.92|16.93|16.29|2.99|16.92|6006015|99509760.00|1|0.0000|0.0000|0.0000|0|16.92
金迪克|688670|0.67|1446038|17586376.00|-0.83|4.08|-1.42|12.09|11.91|12.50|11.84|1.45|12.01|1318187|15839501.00|1|0.0000|0.0000|0.0000|0|12.01
碧兴物联|688671|-1.02|452957|8299031.50|-1.67|0.49|-2.43|18.36|18.24|18.64|18.10|0.45|18.55|454940|8416975.00|1|0.0000|0.0000|0.0000|0|18.55
金盘科技|688676|-6.13|13095860|508286656.00|-1.62|-1.62|-6.72|38.15|39.98|39.98|37.91|13.10|40.64|5006625|203519664.00|1|0.0000|0.0000|0.0000|0|40.64
海泰新光|688677|-7.06|2663947|96942832.00|-0.10|0.00|-7.53|35.66|38.33|38.37|35.48|2.66|38.37|561664|21544328.00|1|0.0000|0.0000|0.0000|0|38.37
福立旺|688678|-7.05|7830318|181441968.00|-1.68|-0.04|-7.54|22.68|23.99|24.39|22.56|7.83|24.40|6623391|161853168.00|1|0.0000|0.0000|0.0000|0|24.40
通源环境|688679|-0.47|1016942|10735787.00|0.00|1.70|-2.26|10.55|10.60|10.78|10.36|1.02|10.60|1603851|17078276.00|1|0.0000|0.0000|0.0000|0|10.60
海优新材|688680|-1.09|1806076|73580144.00|-1.49|3.91|-2.10|39.96|39.80|41.98|39.55|1.81|40.40|1110832|44890732.00|1|0.0000|0.0000|0.0000|0|40.40
科汇股份|688681|-1.64|1328418|16766374.00|-1.09|0.23|-2.89|12.60|12.67|12.84|12.44|1.33|12.81|1262826|16188767.00|1|0.0000|0.0000|0.0000|0|12.81
霍莱沃|688682|-0.40|751216|24557772.00|-0.67|1.31|-2.17|32.59|32.50|33.15|32.01|0.75|32.72|469424|15390521.00|1|0.0000|0.0000|0.0000|0|32.72
莱尔科技|688683|-2.10|611258|13564366.00|-1.96|0.27|-2.77|21.95|21.98|22.48|21.80|0.61|22.42|753400|16868572.00|1|0.0000|0.0000|0.0000|0|22.42
迈信林|688685|-3.07|2773893|145230768.00|-0.28|0.43|-3.61|51.86|53.35|53.73|51.57|2.77|53.50|1872108|101021344.00|1|0.0000|0.0000|0.0000|0|53.50
奥普特|688686|-3.72|1408191|114329880.00|-1.08|0.70|-4.63|80.30|82.50|83.98|79.54|1.41|83.40|667481|55973980.00|1|0.0000|0.0000|0.0000|0|83.40
凯因科技|688687|-1.94|7980794|219149008.00|-1.51|0.65|-2.30|27.27|27.39|27.99|27.17|7.98|27.81|14864508|414951616.00|1|0.0000|0.0000|0.0000|0|27.81
银河微电|688689|-2.74|1299555|30614756.00|-1.04|0.96|-4.20|23.40|23.81|24.29|23.05|1.30|24.06|1517218|36433140.00|1|0.0000|0.0000|0.0000|0|24.06
纳微科技|688690|-1.88|3286756|71065472.00|-1.01|1.74|-2.75|21.40|21.59|22.19|21.21|3.29|21.81|4201058|91844336.00|1|0.0000|0.0000|0.0000|0|21.81
灿芯股份|688691|-1.00|964622|68074928.00|-2.35|2.52|-2.80|69.95|69.00|72.44|68.68|0.96|70.66|768653|54803780.00|1|0.0000|0.0000|0.0000|0|70.66
达梦数据|688692|2.93|1410571|493332256.00|0.57|7.00|0.27|343.88|336.00|357.50|335.00|1.41|334.10|616215|204415872.00|1|0.0000|0.0000|0.0000|0|334.10
锴威特|688693|-0.63|1716896|57554048.00|-1.65|3.75|-1.80|33.09|32.75|34.55|32.70|1.72|33.30|1193950|40095696.00|1|0.0000|0.0000|0.0000|0|33.30
中创股份|688695|-0.72|426789|12896971.00|-1.22|0.49|-1.88|30.15|30.00|30.52|29.80|0.43|30.37|534290|16294839.00|1|0.0000|0.0000|0.0000|0|30.37
极米科技|688696|-1.29|646888|83742104.00|-1.63|-0.36|-2.66|129.80|129.35|131.03|128.00|0.65|131.50|899183|118092656.00|1|0.0000|0.0000|0.0000|0|131.50
纽威数控|688697|-3.65|4225934|81601520.00|0.56|1.77|-3.80|19.01|19.84|20.08|18.98|4.23|19.73|4699826|92305888.00|1|0.0000|0.0000|0.0000|0|19.73
伟创电气|688698|-3.53|2654656|138474368.00|-1.09|0.86|-3.92|51.40|52.70|53.74|51.19|2.65|53.28|2496763|133625696.00|1|0.0000|0.0000|0.0000|0|53.28
明微电子|688699|-2.72|824501|28382330.00|-1.26|1.17|-3.20|34.02|34.53|35.38|33.85|0.82|34.97|1016631|36061448.00|1|0.0000|0.0000|0.0000|0|34.97
东威科技|688700|-2.76|5511465|200265776.00|-0.59|0.89|-3.30|35.96|36.76|37.31|35.76|5.51|36.98|4398496|166269440.00|1|0.0000|0.0000|0.0000|0|36.98
卓锦股份|688701|0.16|1274725|7814656.50|-0.81|0.65|-1.62|6.17|6.11|6.20|6.06|1.27|6.16|1261438|7818986.00|1|0.0000|0.0000|0.0000|0|6.16
盛科通信|688702|-0.74|1150111|73348712.00|-0.75|2.18|-1.32|63.33|63.32|65.19|62.96|1.15|63.80|1360324|87163040.00|1|0.0000|0.0000|0.0000|0|63.80
振华新材|688707|-1.27|4241798|49583844.00|-1.19|1.27|-2.54|11.65|11.66|11.95|11.50|4.24|11.80|4091084|48546752.00|1|0.0000|0.0000|0.0000|0|11.80
佳驰科技|688708|1.33|1884909|109346696.00|-0.77|3.26|-0.77|57.78|56.58|58.88|56.58|1.88|57.02|1270299|72649872.00|1|0.0000|0.0000|0.0000|0|57.02
成都华微|688709|0.24|2757952|90911792.00|-0.94|1.31|-1.79|33.00|32.61|33.35|32.33|2.76|32.92|2802398|92837792.00|1|0.0000|0.0000|0.0000|0|32.92
益诺思|688710|-1.87|1542227|59589604.00|-1.16|3.00|-3.49|38.22|38.50|40.12|37.59|1.54|38.95|1514996|59252684.00|1|0.0000|0.0000|0.0000|0|38.95
宏微科技|688711|-1.81|2221692|36447212.00|-0.91|0.85|-2.05|16.25|16.40|16.69|16.21|2.22|16.55|2057001|34059640.00|1|0.0000|0.0000|0.0000|0|16.55
中研股份|688716|-2.77|1825010|60551492.00|-0.53|0.27|-3.48|32.95|33.71|33.98|32.71|1.83|33.89|1628810|55363560.00|1|0.0000|0.0000|0.0000|0|33.89
艾罗能源|688717|-4.72|3187784|171441280.00|-1.56|-0.65|-5.62|53.06|54.82|55.33|52.56|3.19|55.69|4484825|252265328.00|1|0.0000|0.0000|0.0000|0|55.69
唯赛勃|688718|-0.96|680478|7740896.00|-1.14|1.40|-1.84|11.33|11.31|11.60|11.23|0.68|11.44|709491|8122621.50|1|0.0000|0.0000|0.0000|0|11.44
爱科赛博|688719|-2.47|1622759|48722256.00|-1.09|2.89|-3.35|29.66|30.08|31.29|29.39|1.62|30.41|933380|28461246.00|1|0.0000|0.0000|0.0000|0|30.41
艾森股份|688720|-0.12|838978|33789472.00|-0.84|2.39|-1.27|40.20|39.91|41.21|39.74|0.84|40.25|993298|40223976.00|1|0.0000|0.0000|0.0000|0|40.25
龙图光罩|688721|-1.95|650222|32647546.00|-0.04|1.24|-2.29|49.68|50.65|51.30|49.51|0.65|50.67|558766|28470274.00|1|0.0000|0.0000|0.0000|0|50.67
同益中|688722|-1.44|5812211|94698664.00|-2.64|0.66|-4.39|16.40|16.20|16.75|15.91|5.81|16.64|6340423|105539048.00|1|0.0000|0.0000|0.0000|0|16.64
拉普拉斯|688726|-3.46|1692561|74463232.00|-0.71|0.20|-3.58|43.47|44.71|45.12|43.42|1.69|45.03|673747|30463202.00|1|0.0000|0.0000|0.0000|0|45.03
格科微|688728|-1.06|6004583|89792400.00|-0.53|0.73|-1.79|14.89|14.97|15.16|14.78|6.00|15.05|5334869|80456640.00|1|0.0000|0.0000|0.0000|0|15.05
壹石通|688733|-1.67|1637235|28764956.00|-2.40|-0.89|-2.96|17.63|17.50|17.77|17.40|1.64|17.93|984471|17659658.00|1|0.0000|0.0000|0.0000|0|17.93
中自科技|688737|-2.49|1616537|29863686.00|-1.54|-0.05|-3.60|18.42|18.60|18.88|18.21|1.62|18.89|1508846|28702342.00|1|0.0000|0.0000|0.0000|0|18.89
成大生物|688739|0.55|2627845|72363128.00|0.18|1.31|-0.36|27.58|27.48|27.79|27.33|2.63|27.43|2178816|59880868.00|1|0.0000|0.0000|0.0000|0|27.43
金天钛业|688750|0.89|5456113|118309208.00|-0.19|1.96|-0.42|21.63|21.40|21.86|21.35|5.46|21.44|3155141|67897352.00|1|0.0000|0.0000|0.0000|0|21.44
胜科纳米|688757|3.42|9377755|233956816.00|-0.99|5.03|-1.07|25.09|24.02|25.48|24.00|9.38|24.26|8499696|208419392.00|1|0.0000|0.0000|0.0000|0|24.26
赛分科技|688758|2.74|4343902|75792440.00|-1.11|3.21|-1.69|17.60|16.94|17.68|16.84|4.34|17.13|2081116|35906596.00|1|0.0000|0.0000|0.0000|0|17.13
普冉股份|688766|-2.88|3468853|360723520.00|-1.77|1.35|-3.65|102.82|104.00|107.30|102.01|3.47|105.87|2376948|253130448.00|1|0.0000|0.0000|0.0000|0|105.87
博拓生物|688767|-2.27|651870|25045212.00|0.00|0.03|-3.41|38.38|39.27|39.28|37.93|0.65|39.27|678813|26791958.00|1|0.0000|0.0000|0.0000|0|39.27
容知日新|688768|-0.15|821734|43554144.00|-0.98|2.91|-1.70|52.90|52.46|54.52|52.08|0.82|52.98|1154456|60655340.00|1|0.0000|0.0000|0.0000|0|52.98
珠海冠宇|688772|-7.28|20573820|319767552.00|-1.71|-0.24|-7.53|15.15|16.06|16.30|15.11|20.57|16.34|6315634|102956048.00|1|0.0000|0.0000|0.0000|0|16.34
国光电气|688776|-7.92|5189089|497665184.00|0.00|1.48|-8.66|92.54|100.50|101.99|91.80|5.19|100.50|5226487|515517408.00|1|0.0000|0.0000|0.0000|0|100.50
中控技术|688777|-2.00|8808626|465989440.00|-0.82|0.97|-2.47|52.38|53.01|53.97|52.13|8.81|53.45|9068684|484483968.00|1|0.0000|0.0000|0.0000|0|53.45
厦钨新能|688778|-1.24|2382121|115279360.00|-1.32|0.87|-3.72|48.54|48.50|49.58|47.32|2.38|49.15|3962054|195183744.00|1|0.0000|0.0000|0.0000|0|49.15
五矿新能|688779|-0.79|11203773|56643260.00|-0.59|0.59|-1.18|5.04|5.05|5.11|5.02|11.20|5.08|9662182|49172508.00|1|0.0000|0.0000|0.0000|0|5.08
悦安新材|688786|-1.27|688009|17672042.00|-1.08|0.92|-2.30|25.71|25.76|26.28|25.44|0.69|26.04|889758|23225010.00|1|0.0000|0.0000|0.0000|0|26.04
海天瑞声|688787|-5.52|2119737|202636960.00|-2.46|-0.47|-6.18|93.96|97.00|98.98|93.30|2.12|99.45|1901492|188692720.00|1|0.0000|0.0000|0.0000|0|99.45
科思科技|688788|-3.03|1554243|124611248.00|-1.58|0.95|-4.19|79.61|80.80|82.88|78.66|1.55|82.10|1710379|140623696.00|1|0.0000|0.0000|0.0000|0|82.10
宏华数科|688789|-10.43|6120251|445073568.00|-0.86|-0.15|-12.27|71.66|79.31|79.88|70.18|6.12|80.00|1093818|87309056.00|1|0.0000|0.0000|0.0000|0|80.00
倍轻松|688793|-3.63|2406580|78621856.00|-0.77|1.48|-6.50|32.63|33.60|34.36|31.66|2.41|33.86|2529733|85589696.00|1|0.0000|0.0000|0.0000|0|33.86
艾为电子|688798|0.88|2073069|151055744.00|-0.58|1.64|-1.77|73.33|72.27|73.88|71.40|2.07|72.69|1169962|85237768.00|1|0.0000|0.0000|0.0000|0|72.69
华纳药厂|688799|-0.73|1123275|46043972.00|-0.83|0.44|-1.41|40.86|40.82|41.34|40.58|1.12|41.16|1293301|53179572.00|1|0.0000|0.0000|0.0000|0|41.16
瑞可达|688800|-5.88|5552159|262263008.00|-3.75|-1.36|-6.32|46.45|47.50|48.68|46.23|5.55|49.35|3388598|167816320.00|1|0.0000|0.0000|0.0000|0|49.35
天能股份|688819|-1.30|1706407|46871912.00|-0.79|-0.14|-1.59|27.39|27.53|27.71|27.31|1.71|27.75|1753795|48664784.00|1|0.0000|0.0000|0.0000|0|27.75
中芯国际|688981|1.43|30277366|2662731008.00|-1.01|2.71|-1.09|88.09|85.97|89.20|85.90|30.28|86.85|24056690|2082847488.00|1|0.0000|0.0000|0.0000|0|86.85
九号公司|689009|-1.10|18367190|1100406272.00|-3.45|-0.55|-10.47|63.00|61.50|63.35|57.03|18.37|63.70|4106126|261805520.00|1|0.0000|0.0000|0.0000|0|63.70
安徽凤凰|920000|-1.29|1307304|29870986.00|-1.55|0.17|-2.97|22.90|22.84|23.24|22.51|1.31|23.20|1294404|30183356.00|1|0.0000|0.0000|0.0000|0|23.20
纬达光电|920001|-3.79|3565862|80268512.00|-1.03|-0.26|-5.09|22.31|22.95|23.13|22.01|3.57|23.19|3350530|77563160.00|1|0.0000|0.0000|0.0000|0|23.19
万达轴承|920002|-2.64|624750|111056840.00|-3.03|0.11|-4.14|177.00|176.30|182.00|174.28|0.62|181.80|756757|139988944.00|1|0.0000|0.0000|0.0000|0|181.80
晟楠科技|920006|3.21|3281093|88042456.00|-1.94|3.28|-2.87|27.68|26.30|27.70|26.05|3.28|26.82|4092303|112282880.00|1|0.0000|0.0000|0.0000|0|26.82
成电光信|920008|1.14|1785708|69932192.00|-1.14|1.32|-2.43|39.90|39.00|39.97|38.49|1.79|39.45|1716069|68209640.00|1|0.0000|0.0000|0.0000|0|39.45
凯添燃气|920010|2.32|12122942|165162144.00|-2.69|4.18|-2.84|13.70|13.03|13.95|13.01|12.12|13.39|9971634|135926928.00|1|0.0000|0.0000|0.0000|0|13.39
特瑞斯|920014|1.44|1112285|14001532.00|-1.60|2.00|-1.76|12.68|12.30|12.75|12.28|1.11|12.50|836672|10498910.00|1|0.0000|0.0000|0.0000|0|12.50
中草香料|920016|-0.65|3322874|87571624.00|-2.70|3.77|-3.66|26.09|25.55|27.25|25.30|3.32|26.26|3135130|80252320.00|1|0.0000|0.0000|0.0000|0|26.26
星昊医药|920017|4.36|12257530|235026912.00|-2.71|14.92|-2.71|18.89|17.61|20.80|17.61|12.26|18.10|9157127|163260384.00|1|0.0000|0.0000|0.0000|0|18.10
铜冠矿建|920019|1.67|2903618|64726820.00|-0.86|2.48|-1.80|22.55|21.99|22.73|21.78|2.90|22.18|3273449|73290376.00|1|0.0000|0.0000|0.0000|0|22.18
流金科技|920021|0.77|10226027|66636120.00|-3.08|3.08|-3.85|6.55|6.30|6.70|6.25|10.23|6.50|9551219|63049792.00|1|0.0000|0.0000|0.0000|0|6.50
田野股份|920023|3.19|12297814|67342848.00|-0.94|5.07|-1.31|5.50|5.28|5.60|5.26|12.30|5.33|5063631|27143660.00|1|0.0000|0.0000|0.0000|0|5.33
卓兆点胶|920026|-0.30|833510|21938406.00|-2.19|0.87|-2.23|26.38|25.88|26.69|25.87|0.83|26.46|957110|25260844.00|1|0.0000|0.0000|0.0000|0|26.46
开发科技|920029|9.10|10772614|996179072.00|-0.99|14.62|-1.00|94.99|86.21|99.80|86.20|10.77|87.07|8181779|701285696.00|1|0.0000|0.0000|0.0000|0|87.07
德众汽车|920030|2.33|4490750|31492916.00|-0.44|4.07|-1.89|7.04|6.85|7.16|6.75|4.49|6.88|2025176|13994358.00|1|0.0000|0.0000|0.0000|0|6.88
康普化学|920033|-0.59|1559995|31245922.00|-1.38|0.44|-3.55|20.17|20.01|20.38|19.57|1.56|20.29|1368229|27966224.00|1|0.0000|0.0000|0.0000|0|20.29
国义招标|920039|3.29|1592801|15359788.00|-0.21|4.99|-1.17|9.72|9.39|9.88|9.30|1.59|9.41|968810|9125021.00|1|0.0000|0.0000|0.0000|0|9.41
亿能电力|920046|3.21|3504122|57871732.00|1.05|3.70|-0.62|16.73|16.38|16.81|16.11|3.50|16.21|2463781|40380128.00|1|0.0000|0.0000|0.0000|0|16.21
诺思兰德|920047|-2.16|4688750|71686704.00|-0.85|3.66|-2.88|14.96|15.16|15.85|14.85|4.69|15.29|7894032|123702968.00|1|0.0000|0.0000|0.0000|0|15.29
百甲科技|920057|2.38|2848126|18214548.00|-0.95|3.49|-1.90|6.45|6.24|6.52|6.18|2.85|6.30|1884880|11985475.00|1|0.0000|0.0000|0.0000|0|6.30
华洋赛车|920058|-2.47|790149|24452894.00|-0.16|0.82|-2.82|30.74|31.47|31.78|30.63|0.79|31.52|609635|19433282.00|1|0.0000|0.0000|0.0000|0|31.52
万源通|920060|-0.71|2284992|76061136.00|-1.69|0.50|-2.70|33.48|33.15|33.89|32.81|2.28|33.72|2469662|84389280.00|1|0.0000|0.0000|0.0000|0|33.72
西磁科技|920061|5.50|7386222|285013152.00|6.77|12.33|2.67|38.00|38.46|40.46|36.98|7.39|36.02|3229658|116776624.00|1|0.0000|0.0000|0.0000|0|36.02
科润智控|920062|1.69|5027218|44919568.00|-1.12|1.91|-2.02|9.05|8.80|9.07|8.72|5.03|8.90|6764126|61363932.00|1|0.0000|0.0000|0.0000|0|8.90
科拜尔|920066|1.44|477675|19446712.00|0.47|2.71|-1.62|40.82|40.43|41.33|39.59|0.48|40.24|732215|30461376.00|1|0.0000|0.0000|0.0000|0|40.24
柏星龙|920075|-0.69|1300106|37366800.00|-2.98|1.38|-2.98|28.70|28.04|29.30|28.04|1.30|28.90|982745|28678502.00|1|0.0000|0.0000|0.0000|0|28.90
吉林碳谷|920077|-0.96|4026214|49926088.00|-1.99|0.96|-3.43|12.42|12.29|12.66|12.11|4.03|12.54|3506110|44582128.00|1|0.0000|0.0000|0.0000|0|12.54
方正阀门|920082|0.32|3757347|70912672.00|-2.90|1.21|-3.16|19.05|18.44|19.22|18.39|3.76|18.99|5397824|104241928.00|1|0.0000|0.0000|0.0000|0|18.99
秋乐种业|920087|7.25|12668703|162380448.00|2.64|10.22|0.66|13.01|12.45|13.37|12.21|12.67|12.13|5170935|62387472.00|1|0.0000|0.0000|0.0000|0|12.13
科力股份|920088|-0.31|1117422|29006632.00|-1.49|0.84|-2.06|26.08|25.77|26.38|25.62|1.12|26.16|1591671|41717776.00|1|0.0000|0.0000|0.0000|0|26.16
禾昌聚合|920089|0.74|2489567|37198544.00|-0.87|1.47|-1.87|15.06|14.82|15.17|14.67|2.49|14.95|2137936|32308338.00|1|0.0000|0.0000|0.0000|0|14.95
同辉信息|920090|-0.16|3217604|20375412.00|1.11|1.42|-1.74|6.32|6.40|6.42|6.22|3.22|6.33|3462850|22138098.00|1|0.0000|0.0000|0.0000|0|6.33
汉鑫科技|920092|-0.50|652544|27255082.00|-2.17|1.41|-2.17|41.70|41.00|42.50|41.00|0.65|41.91|862069|36523400.00|1|0.0000|0.0000|0.0000|0|41.91
科隆新材|920098|-1.59|882333|27449440.00|-0.06|0.38|-1.91|30.90|31.38|31.52|30.80|0.88|31.40|925528|29197816.00|1|0.0000|0.0000|0.0000|0|31.40
瑞华技术|920099|-0.22|1443782|46448428.00|-0.65|0.59|-1.64|32.26|32.12|32.52|31.80|1.44|32.33|1750116|57167648.00|1|0.0000|0.0000|0.0000|0|32.33
林泰新材|920106|-1.98|681533|56516752.00|-1.03|2.92|-2.54|81.56|82.35|85.64|81.10|0.68|83.21|1012692|82772992.00|1|0.0000|0.0000|0.0000|0|83.21
宏海科技|920108|3.39|2643767|63845692.00|-0.08|5.72|-1.23|24.40|23.58|24.95|23.31|2.64|23.60|2232395|53196344.00|1|0.0000|0.0000|0.0000|0|23.60
雷特科技|920110|-0.03|529881|19582874.00|0.30|1.49|-1.19|36.98|37.10|37.54|36.55|0.53|36.99|539222|19986398.00|1|0.0000|0.0000|0.0000|0|36.99
聚星科技|920111|-0.53|1580572|44795188.00|-2.18|0.67|-2.18|28.35|27.88|28.69|27.88|1.58|28.50|1664342|48226508.00|1|0.0000|0.0000|0.0000|0|28.50
星图测控|920116|0.95|2602085|232399488.00|0.08|3.66|-1.44|89.27|88.50|91.67|87.16|2.60|88.43|2675131|239225312.00|1|0.0000|0.0000|0.0000|0|88.43
太湖远大|920118|0.17|605669|17688010.00|-1.06|1.40|-3.18|29.29|28.93|29.65|28.31|0.61|29.24|885048|25931180.00|1|0.0000|0.0000|0.0000|0|29.24
中纺标|920122|0.41|786241|38496956.00|0.00|1.79|-0.68|48.69|48.49|49.36|48.16|0.79|48.49|797762|38831232.00|1|0.0000|0.0000|0.0000|0|48.49
芭薇股份|920123|4.51|6648233|125308128.00|-2.48|7.26|-2.48|19.00|17.73|19.50|17.73|6.65|18.18|4063402|71987168.00|1|0.0000|0.0000|0.0000|0|18.18
胜业电气|920128|-0.39|860517|28681166.00|-0.60|0.84|-1.85|33.37|33.30|33.78|32.88|0.86|33.50|1470019|49804144.00|1|0.0000|0.0000|0.0000|0|33.50
立方控股|920130|-4.40|6997870|250340976.00|-4.64|-0.80|-7.57|35.89|35.80|37.24|34.70|7.00|37.54|9988847|401785408.00|1|0.0000|0.0000|0.0000|0|37.54
泰鹏智能|920132|0.70|2349060|36818000.00|-3.80|1.27|-4.37|15.91|15.20|16.00|15.11|2.35|15.80|2421990|38652596.00|1|0.0000|0.0000|0.0000|0|15.80
华岭股份|920139|-0.42|3573930|84685168.00|-1.26|0.84|-1.85|23.70|23.50|24.00|23.36|3.57|23.80|4862634|117393768.00|1|0.0000|0.0000|0.0000|0|23.80
恒合股份|920145|-1.54|1334080|26990194.00|4.32|4.32|-1.54|19.82|21.00|21.00|19.82|1.33|20.13|1230081|24506188.00|1|0.0000|0.0000|0.0000|0|20.13
华阳变速|920146|2.16|3966237|31754358.00|0.25|4.31|-1.40|8.05|7.90|8.22|7.77|3.97|7.88|3171346|25280712.00|1|0.0000|0.0000|0.0000|0|7.88
旭杰科技|920149|2.15|1680686|20429844.00|-2.73|2.15|-2.73|12.35|11.76|12.35|11.76|1.68|12.09|2064151|25296246.00|1|0.0000|0.0000|0.0000|0|12.09
昆工科技|920152|-1.42|1282790|26012596.00|-0.68|1.03|-1.91|20.15|20.30|20.65|20.05|1.28|20.44|1503685|30900798.00|1|0.0000|0.0000|0.0000|0|20.44
方大新材|920163|5.89|2816041|41998984.00|0.07|8.63|-0.63|15.09|14.26|15.48|14.16|2.82|14.25|757896|10835456.00|1|0.0000|0.0000|0.0000|0|14.25
同享科技|920167|-0.33|1955524|40899580.00|-1.18|0.61|-3.39|21.15|20.97|21.35|20.50|1.96|21.22|1264796|26978804.00|1|0.0000|0.0000|0.0000|0|21.22
七丰精工|920169|2.38|2195008|34602196.00|-1.35|2.90|-2.25|15.90|15.32|15.98|15.18|2.20|15.53|1802270|28304314.00|1|0.0000|0.0000|0.0000|0|15.53
志晟信息|920171|1.67|6659971|187493152.00|0.04|4.89|-0.43|28.06|27.61|28.95|27.48|6.66|27.60|8838033|248959744.00|1|0.0000|0.0000|0.0000|0|27.60
五新隧装|920174|3.70|2354026|70631072.00|-0.91|7.71|-1.81|29.73|28.41|30.88|28.15|2.35|28.67|708601|20261444.00|1|0.0000|0.0000|0.0000|0|28.67
东方碳素|920175|2.27|2645226|28284300.00|-1.89|2.74|-1.89|10.82|10.38|10.87|10.38|2.65|10.58|2805246|30058082.00|1|0.0000|0.0000|0.0000|0|10.58
凯德石英|920179|-2.68|2040402|61890012.00|-3.04|1.16|-4.65|30.11|30.00|31.30|29.50|2.04|30.94|2650807|83060824.00|1|0.0000|0.0000|0.0000|0|30.94
国源科技|920184|0.65|1703210|23645426.00|-1.23|1.30|-1.95|13.91|13.65|14.00|13.55|1.70|13.82|1041179|14452585.00|1|0.0000|0.0000|0.0000|0|13.82
贝特瑞|920185|-1.55|3048043|65703968.00|-0.82|0.05|-3.02|21.53|21.69|21.88|21.21|3.05|21.87|2660789|58475708.00|1|0.0000|0.0000|0.0000|0|21.87
雷神科技|920190|-5.67|5895308|183302912.00|-2.52|-0.86|-7.33|30.75|31.78|32.32|30.21|5.90|32.60|4310931|142427280.00|1|0.0000|0.0000|0.0000|0|32.60
三祥科技|920195|5.76|4088308|60388860.00|-1.35|11.87|-2.35|14.88|13.88|15.74|13.74|4.09|14.07|1304104|18499374.00|1|0.0000|0.0000|0.0000|0|14.07
微创光电|920198|-0.08|2077979|26602544.00|-0.70|0.62|-1.71|12.83|12.75|12.92|12.62|2.08|12.84|1915692|24763372.00|1|0.0000|0.0000|0.0000|0|12.84
倍益康|920199|2.11|6598381|198448512.00|3.87|12.25|0.56|29.00|29.50|31.88|28.56|6.60|28.40|5922429|166543296.00|1|0.0000|0.0000|0.0000|0|28.40
沪江材料|920204|0.92|1428953|27937548.00|-0.87|1.17|-1.84|19.79|19.44|19.84|19.25|1.43|19.61|1464573|29196782.00|1|0.0000|0.0000|0.0000|0|19.61
众诚科技|920207|0.19|1904131|49532936.00|-0.69|1.38|-1.65|26.05|25.82|26.36|25.57|1.90|26.00|2092152|54558116.00|1|0.0000|0.0000|0.0000|0|26.00
青矩技术|920208|1.64|946188|33290160.00|-0.17|2.99|-1.01|35.33|34.70|35.80|34.41|0.95|34.76|608215|21109840.00|1|0.0000|0.0000|0.0000|0|34.76
智新电子|920212|-5.66|4507984|75978944.00|-3.62|-1.25|-7.70|16.66|17.02|17.44|16.30|4.51|17.66|2171183|38362104.00|1|0.0000|0.0000|0.0000|0|17.66
易实精密|920221|-0.11|1890057|35136540.00|-2.24|1.12|-3.58|18.72|18.32|18.95|18.07|1.89|18.74|2340760|43997380.00|1|0.0000|0.0000|0.0000|0|18.74
荣亿精密|920223|1.12|1818067|19610074.00|-0.37|1.40|-1.30|10.86|10.70|10.89|10.60|1.82|10.74|1317260|14200023.00|1|0.0000|0.0000|0.0000|0|10.74
利通科技|920225|2.06|3586643|57080568.00|-0.06|4.64|-0.71|15.85|15.52|16.25|15.42|3.59|15.53|2370517|37048036.00|1|0.0000|0.0000|0.0000|0|15.53
美登科技|920227|-2.02|336149|19801102.00|-0.03|0.71|-2.11|58.15|59.33|59.77|58.10|0.34|59.35|359901|21286894.00|1|0.0000|0.0000|0.0000|0|59.35
欧康医药|920230|1.93|12434682|350865184.00|-2.95|9.06|-5.42|28.00|26.66|29.96|25.98|12.43|27.47|13788000|351025600.00|1|0.0000|0.0000|0.0000|0|27.47
力佳科技|920237|1.51|1033041|32062792.00|-1.54|1.51|-2.82|31.65|30.70|31.65|30.30|1.03|31.18|1218650|38159420.00|1|0.0000|0.0000|0.0000|0|31.18
长虹能源|920239|-1.84|2125290|86264912.00|-2.88|0.00|-3.31|40.63|40.20|41.39|40.02|2.13|41.39|2547236|105288848.00|1|0.0000|0.0000|0.0000|0|41.39
建邦科技|920242|-1.38|1416739|45553300.00|-1.59|0.86|-3.12|32.25|32.18|32.98|31.68|1.42|32.70|984063|32146432.00|1|0.0000|0.0000|0.0000|0|32.70
威博液压|920245|1.61|1417277|47500760.00|-1.43|2.00|-2.30|34.03|33.01|34.16|32.72|1.42|33.49|1268292|42983484.00|1|0.0000|0.0000|0.0000|0|33.49
华密新材|920247|-2.04|1835206|42510060.00|-1.57|0.94|-2.55|23.02|23.13|23.72|22.90|1.84|23.50|2496732|57299356.00|1|0.0000|0.0000|0.0000|0|23.50
利尔达|920249|-0.99|5581160|78178128.00|-2.40|0.28|-3.04|14.00|13.80|14.18|13.71|5.58|14.14|5319064|76026336.00|1|0.0000|0.0000|0.0000|0|14.14
天宏锂电|920252|-0.59|1525498|25893740.00|-0.23|1.00|-1.53|16.93|16.99|17.20|16.77|1.53|17.03|1886282|32043424.00|1|0.0000|0.0000|0.0000|0|17.03
中寰股份|920260|2.30|1580969|19443762.00|-1.15|2.55|-2.63|12.45|12.03|12.48|11.85|1.58|12.17|731303|8862840.00|1|0.0000|0.0000|0.0000|0|12.17
一诺威|920261|0.25|2265749|26925508.00|-1.51|0.50|-2.42|11.99|11.78|12.02|11.67|2.27|11.96|2056995|24856176.00|1|0.0000|0.0000|0.0000|0|11.96
太湖雪|920262|1.89|1118340|27073316.00|0.63|3.19|-0.08|24.27|23.97|24.58|23.80|1.12|23.82|673335|16155661.00|1|0.0000|0.0000|0.0000|0|23.82
中航泰达|920263|1.73|5357200|69151936.00|-0.47|4.57|-1.18|12.92|12.64|13.28|12.55|5.36|12.70|6064084|76457632.00|1|0.0000|0.0000|0.0000|0|12.70
生物谷|920266|4.16|3344852|33145100.00|0.21|5.10|-0.42|10.01|9.63|10.10|9.57|3.34|9.61|2184105|21283916.00|1|0.0000|0.0000|0.0000|0|9.61
鑫汇科|920267|1.66|1188962|30067584.00|-2.56|2.56|-2.59|26.26|25.17|26.49|25.16|1.19|25.83|853052|22267612.00|1|0.0000|0.0000|0.0000|0|25.83
天铭科技|920270|1.84|2285626|39630860.00|-0.58|2.42|-2.30|17.68|17.26|17.78|16.96|2.29|17.36|2527313|43474496.00|1|0.0000|0.0000|0.0000|0|17.36
邦德股份|920271|1.87|1466222|25257480.00|-0.82|2.39|-2.39|17.45|16.99|17.54|16.72|1.47|17.13|850633|14692212.00|1|0.0000|0.0000|0.0000|0|17.13
一致魔芋|920273|0.55|4254771|167230400.00|-0.76|6.76|-1.28|38.51|38.01|40.89|37.81|4.25|38.30|4603851|180444224.00|1|0.0000|0.0000|0.0000|0|38.30
宏裕包材|920274|2.91|1491493|19621344.00|-0.61|3.37|-1.99|13.42|12.96|13.48|12.78|1.49|13.04|1469544|19389552.00|1|0.0000|0.0000|0.0000|0|13.04
驱动力|920275|20.30|15726808|156433184.00|-0.35|20.99|-0.35|10.43|8.64|10.49|8.64|15.73|8.67|5602860|49542196.00|1|0.0000|0.0000|0.0000|0|8.67
鹿得医疗|920278|2.76|4783787|47895024.00|-0.51|4.91|-2.15|10.05|9.73|10.26|9.57|4.78|9.78|3178267|31190102.00|1|0.0000|0.0000|0.0000|0|9.78
灵鸽科技|920284|-4.58|6631265|143128688.00|-4.93|-3.26|-6.78|21.66|21.58|21.96|21.16|6.63|22.70|9699170|222705520.00|1|0.0000|0.0000|0.0000|0|22.70
灿能电力|920299|4.41|6110164|107666488.00|0.70|4.53|-0.58|17.98|17.34|18.00|17.12|6.11|17.22|4809432|83613600.00|1|0.0000|0.0000|0.0000|0|17.22
辰光医疗|920300|-2.38|10895313|204137248.00|-2.65|7.57|-3.78|18.06|18.01|19.90|17.80|10.90|18.50|10369667|186236864.00|1|0.0000|0.0000|0.0000|0|18.50
迪尔化工|920304|1.80|13562601|203493904.00|-2.54|3.87|-4.81|15.24|14.59|15.55|14.25|13.56|14.97|11846820|177020816.00|1|0.0000|0.0000|0.0000|0|14.97
*ST云创|920305|-1.20|1936346|57712496.00|-1.37|1.90|-3.07|29.57|29.52|30.50|29.01|1.94|29.93|2080188|63204136.00|1|0.0000|0.0000|0.0000|0|29.93
恒太照明|920339|0.18|1325927|14211720.00|-0.27|0.55|-3.84|10.95|10.90|10.99|10.51|1.33|10.93|1159887|12929669.00|1|0.0000|0.0000|0.0000|0|10.93
三元基因|920344|-4.91|4983249|126506176.00|-0.55|5.22|-6.24|24.40|25.52|27.00|24.06|4.98|25.66|4821003|121671432.00|1|0.0000|0.0000|0.0000|0|25.66
威贸电子|920346|-3.01|1391894|37170312.00|-1.47|0.96|-3.38|26.38|26.80|27.46|26.28|1.39|27.20|1428098|39231148.00|1|0.0000|0.0000|0.0000|0|27.20
华光源海|920351|29.93|16322826|253155696.00|-0.78|29.93|-1.87|16.67|12.73|16.67|12.59|16.32|12.83|1586534|20502672.00|1|0.0000|0.0000|0.0000|0|12.83
雅葆轩|920357|-0.77|1228538|27092506.00|-0.99|0.81|-2.43|22.05|22.00|22.40|21.68|1.23|22.22|903169|20205088.00|1|0.0000|0.0000|0.0000|0|22.22
莱赛激光|920363|-4.68|6566360|126730440.00|-6.95|-2.02|-6.95|19.35|18.89|19.89|18.89|6.57|20.30|10255890|218815024.00|1|0.0000|0.0000|0.0000|0|20.30
新赣江|920367|1.38|3542049|93918904.00|-0.84|5.59|-3.06|26.50|25.92|27.60|25.34|3.54|26.14|4235083|109183000.00|1|0.0000|0.0000|0.0000|0|26.14
连城数控|920368|-0.86|2307340|69409456.00|-1.32|0.96|-2.08|30.04|29.90|30.59|29.67|2.31|30.30|2389443|72907528.00|1|0.0000|0.0000|0.0000|0|30.30
新安洁|920370|3.23|6403124|26246512.00|-0.74|3.72|-1.49|4.16|4.00|4.18|3.97|6.40|4.03|6262158|25480450.00|1|0.0000|0.0000|0.0000|0|4.03
欧福蛋业|920371|11.35|10190812|96770184.00|-0.79|12.13|-1.24|9.91|8.83|9.98|8.79|10.19|8.90|2826383|25274014.00|1|0.0000|0.0000|0.0000|0|8.90
云里物里|920374|0.15|1021043|33482042.00|-0.85|1.53|-1.34|32.82|32.49|33.27|32.33|1.02|32.77|1382627|45867892.00|1|0.0000|0.0000|0.0000|0|32.77
派诺科技|920375|-1.15|3227076|78199160.00|-2.46|1.27|-2.95|24.12|23.80|24.71|23.68|3.23|24.40|4022096|97151296.00|1|0.0000|0.0000|0.0000|0|24.40
泰德股份|920378|2.14|4644249|61538876.00|-2.44|3.05|-3.05|13.38|12.78|13.50|12.70|4.64|13.10|5134779|67818976.00|1|0.0000|0.0000|0.0000|0|13.10
佳合科技|920392|2.21|591918|12101282.00|-0.64|3.05|-3.14|20.80|20.22|20.97|19.71|0.59|20.35|566590|11598237.00|1|0.0000|0.0000|0.0000|0|20.35
民士达|920394|2.65|2864148|82801224.00|-0.88|3.70|-1.20|29.10|28.10|29.40|28.01|2.86|28.35|2098121|60110944.00|1|0.0000|0.0000|0.0000|0|28.35
朗鸿科技|920395|-2.29|1233447|22264638.00|-0.22|0.44|-2.56|17.93|18.31|18.43|17.88|1.23|18.35|1649308|29966062.00|1|0.0000|0.0000|0.0000|0|18.35
常辅股份|920396|-0.39|11134079|421650336.00|-2.33|16.44|-2.33|35.50|34.81|41.50|34.81|11.13|35.64|10921642|386915488.00|1|0.0000|0.0000|0.0000|0|35.64
硅烷科技|920402|0.00|4027605|37820832.00|-1.06|0.32|-1.69|9.46|9.36|9.49|9.30|4.03|9.46|3925535|37418280.00|1|0.0000|0.0000|0.0000|0|9.46
康农种业|920403|2.06|5453424|150767296.00|6.13|8.26|-1.42|27.31|28.40|28.97|26.38|5.45|26.76|3435810|89980144.00|1|0.0000|0.0000|0.0000|0|26.76
海希通讯|920405|-1.46|2454780|48182284.00|-2.01|1.91|-3.32|19.59|19.48|20.26|19.22|2.45|19.88|3393489|67195896.00|1|0.0000|0.0000|0.0000|0|19.88
驰诚股份|920407|-0.31|852535|19441980.00|-1.98|2.91|-1.98|22.62|22.24|23.35|22.24|0.85|22.69|785163|18065872.00|1|0.0000|0.0000|0.0000|0|22.69
欧普泰|920414|0.00|1545839|19715088.00|-1.25|1.25|-1.64|12.77|12.61|12.93|12.56|1.55|12.77|1819674|23229328.00|1|0.0000|0.0000|0.0000|0|12.77
恒拓开源|920415|-0.90|2619692|42960880.00|-1.93|1.14|-3.43|16.45|16.28|16.79|16.03|2.62|16.60|2896383|48333560.00|1|0.0000|0.0000|0.0000|0|16.60
苏轴股份|920418|0.03|3570548|127843784.00|-3.32|1.84|-3.32|35.90|34.70|36.55|34.70|3.57|35.89|4399762|158227632.00|1|0.0000|0.0000|0.0000|0|35.89
路斯股份|920419|-0.57|2446820|43031416.00|-2.50|3.53|-2.84|17.48|17.14|18.20|17.08|2.45|17.58|986736|17506814.00|1|0.0000|0.0000|0.0000|0|17.58
润普食品|920422|4.22|3473168|43463448.00|-1.49|6.79|-1.49|12.59|11.90|12.90|11.90|3.47|12.08|2210110|27005482.00|1|0.0000|0.0000|0.0000|0|12.08
乐创技术|920425|1.13|2360989|61157220.00|-1.95|2.76|-2.68|25.99|25.20|26.41|25.01|2.36|25.70|2561824|65036260.00|1|0.0000|0.0000|0.0000|0|25.70
华维设计|920427|-1.25|2253070|30389540.00|1.18|1.40|-2.72|13.44|13.77|13.80|13.24|2.25|13.61|1932139|26500044.00|1|0.0000|0.0000|0.0000|0|13.61
康比特|920429|4.79|3026112|57412572.00|-0.27|5.88|-0.93|19.25|18.32|19.45|18.20|3.03|18.37|1665269|30957410.00|1|0.0000|0.0000|0.0000|0|18.37
大唐药业|920433|4.18|12750522|97489104.00|-2.56|5.53|-2.70|7.73|7.23|7.83|7.22|12.75|7.42|10589950|78672952.00|1|0.0000|0.0000|0.0000|0|7.42
大地电气|920436|-1.51|1880311|35475260.00|-1.51|0.42|-3.07|18.91|18.91|19.28|18.61|1.88|19.20|2068018|39945432.00|1|0.0000|0.0000|0.0000|0|19.20
戈碧迦|920438|-0.22|1952100|35649288.00|-1.03|0.71|-2.07|18.35|18.20|18.52|18.01|1.95|18.39|1947064|35957560.00|1|0.0000|0.0000|0.0000|0|18.39
龙竹科技|920445|1.11|3252372|29323862.00|-1.78|1.67|-2.23|9.08|8.82|9.13|8.78|3.25|8.98|4599718|41313516.00|1|0.0000|0.0000|0.0000|0|8.98
同心传动|920454|0.07|1815377|26463824.00|-1.71|1.23|-1.71|14.59|14.33|14.76|14.33|1.82|14.58|2129739|31340686.00|1|0.0000|0.0000|0.0000|0|14.58
汇隆活塞|920455|1.94|1757303|18362376.00|1.65|3.59|-0.87|10.50|10.47|10.67|10.21|1.76|10.30|1619280|16744749.00|1|0.0000|0.0000|0.0000|0|10.30
富恒新材|920469|-0.29|3037148|41895696.00|-2.09|0.43|-2.73|13.86|13.61|13.96|13.52|3.04|13.90|3265436|45358272.00|1|0.0000|0.0000|0.0000|0|13.90
美邦科技|920471|3.87|3611973|59351792.00|-0.69|4.81|-1.50|16.63|15.90|16.78|15.77|3.61|16.01|2873453|46203900.00|1|0.0000|0.0000|0.0000|0|16.01
三友科技|920475|0.83|872051|16818652.00|-1.14|1.98|-1.66|19.38|19.00|19.60|18.90|0.87|19.22|1005304|19497638.00|1|0.0000|0.0000|0.0000|0|19.22
海能技术|920476|2.75|2142848|26820622.00|-1.37|2.91|-2.10|12.71|12.20|12.73|12.11|2.14|12.37|1829228|22733564.00|1|0.0000|0.0000|0.0000|0|12.37
峆一药业|920478|0.33|4852962|119115224.00|-1.99|4.84|-2.81|24.26|23.70|25.35|23.50|4.85|24.18|5606611|132670048.00|1|0.0000|0.0000|0.0000|0|24.18
佳先股份|920489|-1.48|8413320|190391968.00|-1.79|1.53|-4.93|22.60|22.53|23.29|21.81|8.41|22.94|10117278|236585280.00|1|0.0000|0.0000|0.0000|0|22.94
奥迪威|920491|-2.55|4519255|136980272.00|-1.58|0.19|-3.78|30.15|30.45|31.00|29.77|4.52|30.94|4838632|149135616.00|1|0.0000|0.0000|0.0000|0|30.94
并行科技|920493|0.55|1930000|310577216.00|-1.56|1.79|-1.84|161.39|158.00|163.39|157.55|1.93|160.51|1830415|295942976.00|1|0.0000|0.0000|0.0000|0|160.51
许昌智能|920496|1.30|4121987|48126316.00|-0.52|1.64|-1.30|11.73|11.52|11.77|11.43|4.12|11.58|3468431|40488112.00|1|0.0000|0.0000|0.0000|0|11.58
博迅生物|920504|4.54|1516483|33843628.00|-0.93|6.39|-1.39|22.58|21.40|22.98|21.30|1.52|21.60|1553518|33570032.00|1|0.0000|0.0000|0.0000|0|21.60
九菱科技|920505|14.43|7509125|223971360.00|3.06|21.03|1.66|31.01|27.93|32.80|27.55|7.51|27.10|2307280|63681572.00|1|0.0000|0.0000|0.0000|0|27.10
殷图网联|920508|2.00|961861|31674994.00|1.39|3.21|-1.30|33.08|32.88|33.47|32.01|0.96|32.43|611460|19920240.00|1|0.0000|0.0000|0.0000|0|32.43
同惠电子|920509|-8.78|16036212|478452736.00|-3.82|3.40|-10.10|28.45|30.00|32.25|28.04|16.04|31.19|17851803|553690752.00|1|0.0000|0.0000|0.0000|0|31.19
丰光精密|920510|2.49|5428285|121875904.00|-3.21|4.98|-3.57|22.65|21.39|23.20|21.31|5.43|22.10|6959457|155761168.00|1|0.0000|0.0000|0.0000|0|22.10
万德股份|920519|3.21|1670156|20050766.00|-0.34|3.72|-1.61|12.20|11.78|12.26|11.63|1.67|11.82|1605271|19050056.00|1|0.0000|0.0000|0.0000|0|11.82
纳科诺尔|920522|-1.40|2286016|127833576.00|-3.68|-0.63|-4.82|56.30|55.00|56.74|54.35|2.29|57.10|2794453|160799360.00|1|0.0000|0.0000|0.0000|0|57.10
德瑞锂电|920523|-1.04|1360147|34993292.00|-0.92|0.50|-2.19|25.72|25.75|26.12|25.42|1.36|25.99|1416417|37044876.00|1|0.0000|0.0000|0.0000|0|25.99
凯华材料|920526|-2.70|1158128|32881718.00|0.31|1.04|-3.47|28.08|28.95|29.16|27.86|1.16|28.86|1336369|39202368.00|1|0.0000|0.0000|0.0000|0|28.86
夜光明|920527|2.47|1729733|28334254.00|-1.29|2.84|-2.53|16.62|16.01|16.68|15.81|1.73|16.22|1877951|31042822.00|1|0.0000|0.0000|0.0000|0|16.22
骏创科技|920533|-2.01|2403030|113936992.00|-2.18|0.86|-2.64|46.80|46.72|48.17|46.50|2.40|47.76|3007838|143969552.00|1|0.0000|0.0000|0.0000|0|47.76
铁大科技|920541|14.91|15895912|265410384.00|-2.41|19.92|-2.41|17.19|14.60|17.94|14.60|15.90|14.96|2743359|41242012.00|1|0.0000|0.0000|0.0000|0|14.96
无锡晶海|920547|1.10|2535593|54499560.00|-1.10|4.67|-1.48|21.23|20.77|21.98|20.69|2.54|21.00|2091904|43939424.00|1|0.0000|0.0000|0.0000|0|21.00
凯腾精工|920553|2.55|3825422|37864456.00|-2.04|3.47|-2.45|10.05|9.60|10.14|9.56|3.83|9.80|3457055|34060472.00|1|0.0000|0.0000|0.0000|0|9.80
雅达股份|920556|-0.49|3775072|38800812.00|-0.10|1.26|-1.85|10.24|10.28|10.42|10.10|3.78|10.29|3426938|35931356.00|1|0.0000|0.0000|0.0000|0|10.29
天润科技|920564|1.65|2142200|45769948.00|-0.89|2.64|-2.68|21.58|21.04|21.79|20.66|2.14|21.23|1230981|26056574.00|1|0.0000|0.0000|0.0000|0|21.23
梓橦宫|920566|1.95|7900889|94871032.00|-1.02|3.89|-1.61|12.05|11.70|12.28|11.63|7.90|11.82|6711126|78875272.00|1|0.0000|0.0000|0.0000|0|11.82
坤博精工|920570|-2.30|1624587|65292388.00|-1.51|0.54|-3.35|40.01|40.33|41.17|39.58|1.62|40.95|1764161|72560480.00|1|0.0000|0.0000|0.0000|0|40.95
国航远洋|920571|5.10|38884630|279255584.00|-0.87|9.62|-2.19|7.21|6.80|7.52|6.71|38.88|6.86|13922632|96998280.00|1|0.0000|0.0000|0.0000|0|6.86
康乐卫士|920575|0.54|1599341|26499384.00|-2.18|1.21|-2.18|16.64|16.19|16.75|16.19|1.60|16.55|1738939|28966914.00|1|0.0000|0.0000|0.0000|0|16.55
天力复合|920576|3.44|5768461|198233488.00|-1.75|10.16|-3.87|33.69|32.00|35.88|31.31|5.77|32.57|5094351|160507328.00|1|0.0000|0.0000|0.0000|0|32.57
巨能股份|920578|-2.14|1134099|32898740.00|-1.46|0.85|-2.82|28.80|29.00|29.68|28.60|1.13|29.43|1654280|48486124.00|1|0.0000|0.0000|0.0000|0|29.43
机科股份|920579|-2.13|4331197|122780776.00|-3.81|-0.72|-4.16|28.49|28.00|28.90|27.90|4.33|29.11|7732385|226507040.00|1|0.0000|0.0000|0.0000|0|29.11
科创新材|920580|2.78|1571475|18918966.00|-1.35|3.29|-1.85|12.20|11.71|12.26|11.65|1.57|11.87|1350921|16104926.00|1|0.0000|0.0000|0.0000|0|11.87
华信永道|920592|0.40|1018765|61082828.00|0.00|2.61|-0.49|59.54|59.30|60.85|59.01|1.02|59.30|1318354|79616184.00|1|0.0000|0.0000|0.0000|0|59.30
鼎智科技|920593|-2.48|2712183|128949496.00|-2.67|1.10|-3.73|47.11|47.02|48.84|46.51|2.71|48.31|3911291|188667024.00|1|0.0000|0.0000|0.0000|0|48.31
同力股份|920599|0.84|6961478|131952568.00|-1.00|1.42|-1.89|19.17|18.82|19.28|18.65|6.96|19.01|8849365|165746400.00|1|0.0000|0.0000|0.0000|0|19.01
丰安股份|920608|2.03|1381318|23993030.00|-0.52|3.55|-1.16|17.55|17.11|17.81|17.00|1.38|17.20|1118512|19494364.00|1|0.0000|0.0000|0.0000|0|17.20
力王股份|920627|-1.46|1858271|49943440.00|-1.57|0.51|-4.71|26.99|26.96|27.53|26.10|1.86|27.39|2623648|72625320.00|1|0.0000|0.0000|0.0000|0|27.39
新威凌|920634|2.42|4026897|114685816.00|-2.89|6.49|-3.06|28.74|27.25|29.88|27.20|4.03|28.06|3164341|89483544.00|1|0.0000|0.0000|0.0000|0|28.06
晨光电缆|920639|-1.67|14824448|130639360.00|-3.01|1.34|-4.12|8.82|8.70|9.09|8.60|14.82|8.97|18460920|168045984.00|1|0.0000|0.0000|0.0000|0|8.97
富士达|920640|-1.82|2618617|71056392.00|-1.56|1.20|-3.20|26.98|27.05|27.81|26.60|2.62|27.48|2531020|71234008.00|1|0.0000|0.0000|0.0000|0|27.48
格利尔|920641|0.77|1079249|15429549.00|-2.74|1.61|-2.74|14.36|13.86|14.48|13.86|1.08|14.25|883844|12690744.00|1|0.0000|0.0000|0.0000|0|14.25
通易航天|920642|1.82|2016180|24574242.00|-1.07|2.15|-2.06|12.34|11.99|12.38|11.87|2.02|12.12|2050555|25124562.00|1|0.0000|0.0000|0.0000|0|12.12
天罡股份|920651|2.29|1146799|33513288.00|-1.28|3.19|-1.28|29.52|28.49|29.78|28.49|1.15|28.86|840351|24513490.00|1|0.0000|0.0000|0.0000|0|28.86
海昇药业|920656|8.07|7508313|177094064.00|-1.88|18.99|-2.66|23.56|21.39|25.94|21.22|7.51|21.80|5571112|120403408.00|1|0.0000|0.0000|0.0000|0|21.80
方盛股份|920662|-2.30|1411798|32703582.00|-0.51|0.94|-3.91|22.98|23.40|23.74|22.60|1.41|23.52|1173610|28005322.00|1|0.0000|0.0000|0.0000|0|23.52
明阳科技|920663|-2.87|1921530|47028104.00|-1.23|0.40|-4.38|24.39|24.80|25.21|24.01|1.92|25.11|1653216|42005260.00|1|0.0000|0.0000|0.0000|0|25.11
科强股份|920665|0.83|1617445|21235940.00|-3.64|2.05|-3.64|13.29|12.70|13.45|12.70|1.62|13.18|1830170|23985574.00|1|0.0000|0.0000|0.0000|0|13.18
数字人|920670|-0.71|1608386|27240408.00|-1.41|1.41|-1.41|16.89|16.77|17.25|16.77|1.61|17.01|1806854|30640674.00|1|0.0000|0.0000|0.0000|0|17.01
秉扬科技|920675|3.34|1846069|19055014.00|-0.10|3.64|-1.47|10.51|10.16|10.54|10.02|1.85|10.17|1621293|16656397.00|1|0.0000|0.0000|0.0000|0|10.17
前进科技|920679|1.99|828579|15525442.00|0.05|2.05|-1.35|18.94|18.58|18.95|18.32|0.83|18.57|598107|11143761.00|1|0.0000|0.0000|0.0000|0|18.57
广道退|920680|4.93|5612248|66304748.00|0.26|4.93|-1.30|12.13|11.59|12.13|11.41|5.61|11.56|4527520|52854916.00|1|0.0000|0.0000|0.0000|0|11.56
球冠电缆|920682|2.92|16405583|210963280.00|-1.97|4.34|-2.61|13.03|12.41|13.21|12.33|16.41|12.66|15197602|191051408.00|1|0.0000|0.0000|0.0000|0|12.66
新芝生物|920685|4.43|3332959|45762976.00|-0.76|6.95|-0.92|13.68|13.00|14.01|12.98|3.33|13.10|1379819|18086770.00|1|0.0000|0.0000|0.0000|0|13.10
克莱特|920689|-6.51|6691758|295261568.00|-2.65|0.94|-6.62|42.65|44.41|46.05|42.60|6.69|45.62|7667814|352145024.00|1|0.0000|0.0000|0.0000|0|45.62
捷众科技|920690|-0.30|647352|15185811.00|-1.53|0.72|-1.65|23.53|23.24|23.77|23.21|0.65|23.60|826206|19667050.00|1|0.0000|0.0000|0.0000|0|23.60
阿为特|920693|-2.49|1471590|66575408.00|-2.14|0.50|-4.47|45.12|45.28|46.50|44.20|1.47|46.27|2461956|115095400.00|1|0.0000|0.0000|0.0000|0|46.27
中裕科技|920694|-1.39|1569080|32421752.00|-0.43|0.81|-3.01|20.62|20.82|21.08|20.28|1.57|20.91|1187373|25040658.00|1|0.0000|0.0000|0.0000|0|20.91
海达尔|920699|-0.57|498422|23386520.00|-2.34|1.27|-3.31|46.83|46.00|47.70|45.54|0.50|47.10|575775|27087744.00|1|0.0000|0.0000|0.0000|0|47.10
豪声电子|920701|-2.79|1126826|34877280.00|0.32|0.76|-4.16|30.63|31.61|31.75|30.20|1.13|31.51|834333|26437652.00|1|0.0000|0.0000|0.0000|0|31.51
广厦环能|920703|2.01|1338098|33897168.00|0.32|3.49|-0.72|25.40|24.98|25.77|24.72|1.34|24.90|1014591|25498010.00|1|0.0000|0.0000|0.0000|0|24.90
铁拓机械|920706|1.81|2717821|47580344.00|-1.52|4.38|-1.63|17.45|16.88|17.89|16.86|2.72|17.14|1816184|31208400.00|1|0.0000|0.0000|0.0000|0|17.14
瑞星股份|920717|5.63|2534782|27749858.00|-0.29|7.35|-2.19|11.07|10.45|11.25|10.25|2.53|10.48|901105|9482686.00|1|0.0000|0.0000|0.0000|0|10.48
合肥高科|920718|1.61|936299|15898250.00|0.42|2.26|-1.19|17.09|16.89|17.20|16.62|0.94|16.82|723166|12183594.00|1|0.0000|0.0000|0.0000|0|16.82
宁新新材|920719|1.98|2624340|27961770.00|-0.09|1.98|-1.61|10.80|10.58|10.80|10.42|2.62|10.59|2301275|24720442.00|1|0.0000|0.0000|0.0000|0|10.59
吉冈精密|920720|-2.50|2213412|41914228.00|-0.68|0.63|-3.23|18.70|19.05|19.30|18.56|2.21|19.18|1955847|37703776.00|1|0.0000|0.0000|0.0000|0|19.18
惠丰钻石|920725|2.09|2385335|76318512.00|0.00|5.08|-1.46|32.17|31.51|33.11|31.05|2.39|31.51|1363632|43124004.00|1|0.0000|0.0000|0.0000|0|31.51
朱老六|920726|4.49|4003612|84781376.00|1.12|4.79|-1.12|21.40|20.71|21.46|20.25|4.00|20.48|2500172|51952544.00|1|0.0000|0.0000|0.0000|0|20.48
永顺生物|920729|29.98|20196207|207864128.00|6.02|29.98|5.53|10.58|8.63|10.58|8.59|20.20|8.14|3642515|30097982.00|1|0.0000|0.0000|0.0000|0|8.14
德源药业|920735|-3.88|5046458|242481392.00|-2.10|1.47|-4.64|47.05|47.92|49.67|46.68|5.05|48.95|6976564|328939808.00|1|0.0000|0.0000|0.0000|0|48.95
路桥信息|920748|-0.94|1415539|37524144.00|-3.46|2.90|-3.46|26.33|25.66|27.35|25.66|1.42|26.58|1970265|52022908.00|1|0.0000|0.0000|0.0000|0|26.58
惠同新材|920751|0.95|2152009|31926466.00|-0.14|2.43|-1.76|14.95|14.79|15.17|14.55|2.15|14.81|1584403|23495578.00|1|0.0000|0.0000|0.0000|0|14.81
天纺标|920753|1.50|1542057|46284228.00|0.51|4.25|-0.71|29.85|29.56|30.66|29.20|1.54|29.41|846313|25255778.00|1|0.0000|0.0000|0.0000|0|29.41
美之高|920765|1.51|1022930|21769702.00|-0.43|1.85|-1.18|21.45|21.04|21.52|20.88|1.02|21.13|916029|19588428.00|1|0.0000|0.0000|0.0000|0|21.13
拾比佰|920768|2.70|2221892|20114356.00|-1.01|4.27|-1.01|9.13|8.80|9.27|8.80|2.22|8.89|1735833|15567459.00|1|0.0000|0.0000|0.0000|0|8.89
艾能聚|920770|-0.90|3567082|63000256.00|-1.34|0.84|-2.91|17.70|17.62|18.01|17.34|3.57|17.86|4276316|77452808.00|1|0.0000|0.0000|0.0000|0|17.86
武汉蓝电|920779|-2.44|1247468|66069148.00|-2.44|0.13|-3.62|52.80|52.80|54.19|52.16|1.25|54.12|1832899|100238624.00|1|0.0000|0.0000|0.0000|0|54.12
瑞奇智造|920781|3.22|12425840|147355104.00|-0.96|6.45|-3.14|11.85|11.37|12.22|11.12|12.43|11.48|13824276|160764480.00|1|0.0000|0.0000|0.0000|0|11.48
骑士乳业|920786|4.67|19997680|181589584.00|-1.48|5.69|-2.05|9.19|8.65|9.28|8.60|20.00|8.78|15628721|136648384.00|1|0.0000|0.0000|0.0000|0|8.78
联迪信息|920790|4.21|3154073|117983512.00|1.14|6.12|-0.58|37.61|36.50|38.30|35.88|3.15|36.09|2548812|94035576.00|1|0.0000|0.0000|0.0000|0|36.09
东和新材|920792|2.55|3000136|33296822.00|-0.82|3.18|-1.73|11.27|10.90|11.34|10.80|3.00|10.99|3220940|35989172.00|1|0.0000|0.0000|0.0000|0|10.99
艾融软件|920799|1.72|4325109|241208112.00|-2.09|3.14|-2.18|56.10|54.00|56.88|53.95|4.33|55.15|2692968|149355952.00|1|0.0000|0.0000|0.0000|0|55.15
保丽洁|920802|1.74|927186|18723196.00|-0.25|2.19|-1.29|20.45|20.05|20.54|19.84|0.93|20.10|874280|17612812.00|1|0.0000|0.0000|0.0000|0|20.10
云星宇|920806|0.14|2670427|39038552.00|-1.29|0.88|-1.77|14.71|14.50|14.82|14.43|2.67|14.69|2853120|42098992.00|1|0.0000|0.0000|0.0000|0|14.69
奔朗新材|920807|6.84|9515523|101435816.00|0.59|11.89|0.40|10.78|10.15|11.29|10.13|9.52|10.09|2712781|27722296.00|1|0.0000|0.0000|0.0000|0|10.09
曙光数创|920808|-0.56|1681587|99631624.00|-2.03|2.20|-2.20|58.85|57.98|60.48|57.88|1.68|59.18|1343645|79514472.00|1|0.0000|0.0000|0.0000|0|59.18
安达科技|920809|0.00|4116082|23142588.00|-1.24|0.53|-1.77|5.65|5.58|5.68|5.55|4.12|5.65|3693482|21052122.00|1|0.0000|0.0000|0.0000|0|5.65
春光智能|920810|-5.92|3669850|62708128.00|-1.86|0.85|-6.03|16.69|17.41|17.89|16.67|3.67|17.74|3405116|60778444.00|1|0.0000|0.0000|0.0000|0|17.74
颖泰生物|920819|3.92|12959101|47550704.00|0.00|5.32|-0.56|3.71|3.57|3.76|3.55|12.96|3.57|6476440|23268806.00|1|0.0000|0.0000|0.0000|0|3.57
则成电子|920821|-4.91|2189660|81925048.00|-1.73|0.54|-6.78|36.77|38.00|38.88|36.05|2.19|38.67|1167934|45522348.00|1|0.0000|0.0000|0.0000|0|38.67
盖世食品|920826|5.83|7988613|92163352.00|0.00|5.92|-1.17|11.79|11.14|11.80|11.01|7.99|11.14|3539890|39915244.00|1|0.0000|0.0000|0.0000|0|11.14
齐鲁华信|920832|2.74|2447378|18284076.00|0.69|5.08|-0.96|7.49|7.34|7.66|7.22|2.45|7.29|1825867|13451279.00|1|0.0000|0.0000|0.0000|0|7.29
美心翼申|920833|5.82|9643725|199820976.00|-3.04|11.14|-3.04|20.90|19.15|21.95|19.15|9.64|19.75|5362739|105921992.00|1|0.0000|0.0000|0.0000|0|19.75
三维装备|920834|3.62|7827160|87621440.00|-3.89|5.34|-3.98|11.45|10.62|11.64|10.61|7.83|11.05|7990017|87756496.00|1|0.0000|0.0000|0.0000|0|11.05
华原股份|920837|-0.12|4046605|66527260.00|-3.16|3.46|-4.13|16.46|15.96|17.05|15.80|4.05|16.48|2888655|48586064.00|1|0.0000|0.0000|0.0000|0|16.48
万通液压|920839|5.42|2722324|73466576.00|-1.44|5.69|-2.85|27.79|25.98|27.86|25.61|2.72|26.36|1459622|38582564.00|1|0.0000|0.0000|0.0000|0|26.36
浙江大农|920855|1.12|1640543|31080456.00|0.91|4.28|-0.91|18.88|18.84|19.47|18.50|1.64|18.67|741824|14009157.00|1|0.0000|0.0000|0.0000|0|18.67
浩淼科技|920856|-1.01|1920940|39606492.00|-0.97|0.82|-2.46|20.50|20.51|20.88|20.20|1.92|20.71|1587811|32934442.00|1|0.0000|0.0000|0.0000|0|20.71
泓禧科技|920857|-0.47|335683|5763732.00|-0.76|1.57|-0.76|17.07|17.02|17.42|17.02|0.34|17.15|635914|11020401.00|1|0.0000|0.0000|0.0000|0|17.15
绿亨科技|920866|4.02|7076332|61905628.00|1.18|7.10|-0.47|8.79|8.55|9.05|8.41|7.08|8.45|3506777|29667954.00|1|0.0000|0.0000|0.0000|0|8.45
恒进感应|920870|-5.77|6390480|122837224.00|-3.19|-0.75|-6.67|18.93|19.45|19.94|18.75|6.39|20.09|6770482|139874992.00|1|0.0000|0.0000|0.0000|0|20.09
派特尔|920871|3.03|1908249|30865836.00|0.63|6.31|-1.83|16.33|15.95|16.85|15.56|1.91|15.85|991046|15765727.00|1|0.0000|0.0000|0.0000|0|15.85
中设咨询|920873|5.89|8307036|43596580.00|-0.79|6.68|-1.77|5.39|5.05|5.43|5.00|8.31|5.09|6083045|31627672.00|1|0.0000|0.0000|0.0000|0|5.09
慧为智能|920876|-1.18|1201278|30378304.00|-2.12|1.22|-2.35|25.18|24.94|25.79|24.88|1.20|25.48|1187110|30634080.00|1|0.0000|0.0000|0.0000|0|25.48
基康技术|920879|4.43|3637150|65908764.00|-1.76|5.29|-1.76|18.37|17.28|18.52|17.28|3.64|17.59|2077020|36489876.00|1|0.0000|0.0000|0.0000|0|17.59
星辰科技|920885|1.25|3102144|47346992.00|-3.04|2.77|-3.04|15.33|14.68|15.56|14.68|3.10|15.14|2544763|38652524.00|1|0.0000|0.0000|0.0000|0|15.14
广咨国际|920892|1.85|876764|11935453.00|-0.37|2.81|-1.11|13.76|13.46|13.89|13.36|0.88|13.51|656118|8836631.00|1|0.0000|0.0000|0.0000|0|13.51
花溪科技|920895|0.56|979053|15692015.00|-1.19|1.94|-2.00|16.08|15.80|16.30|15.67|0.98|15.99|1116392|17693010.00|1|0.0000|0.0000|0.0000|0|15.99
旺成科技|920896|-1.20|1177680|21495756.00|-1.25|0.82|-1.68|18.18|18.17|18.55|18.09|1.18|18.40|1568697|29038264.00|1|0.0000|0.0000|0.0000|0|18.40
舜宇精工|920906|-1.61|1428752|35145176.00|-1.61|1.37|-2.94|24.43|24.43|25.17|24.10|1.43|24.83|2006034|49654444.00|1|0.0000|0.0000|0.0000|0|24.83
远航精密|920914|3.11|2746496|51705792.00|-0.81|3.44|-1.34|19.21|18.48|19.27|18.38|2.75|18.63|2035523|37787844.00|1|0.0000|0.0000|0.0000|0|18.63
广脉科技|920924|0.18|2028995|54984452.00|-1.76|0.99|-2.39|27.27|26.74|27.49|26.57|2.03|27.22|2727301|75723896.00|1|0.0000|0.0000|0.0000|0|27.22
锦好医疗|920925|1.83|2924245|42350108.00|-0.14|4.08|-1.48|14.48|14.20|14.80|14.01|2.92|14.22|2573682|36708932.00|1|0.0000|0.0000|0.0000|0|14.22
鸿智科技|920926|-1.05|901360|21359292.00|-0.50|1.17|-2.55|23.67|23.80|24.20|23.31|0.90|23.92|1290008|30955382.00|1|0.0000|0.0000|0.0000|0|23.92
无锡鼎邦|920931|2.10|1076188|14940712.00|0.00|2.10|-1.23|14.12|13.83|14.12|13.66|1.08|13.83|629060|8718423.00|1|0.0000|0.0000|0.0000|0|13.83
科达自控|920932|-2.51|1639456|47184332.00|-1.27|0.79|-2.79|28.34|28.70|29.30|28.26|1.64|29.07|1877666|55475304.00|1|0.0000|0.0000|0.0000|0|29.07
恒立钻具|920942|0.88|889826|15216649.00|0.00|2.06|-1.76|17.15|17.00|17.35|16.70|0.89|17.00|827449|14171329.00|1|0.0000|0.0000|0.0000|0|17.00
优机股份|920943|-0.05|1256860|23272034.00|-0.05|1.34|-1.99|18.58|18.58|18.84|18.22|1.26|18.59|1233267|23030452.00|1|0.0000|0.0000|0.0000|0|18.59
森萱医药|920946|5.99|10490304|112690688.00|0.48|6.18|-1.35|10.97|10.40|10.99|10.21|10.49|10.35|5728516|59985468.00|1|0.0000|0.0000|0.0000|0|10.35
迅安科技|920950|0.00|490661|10377668.00|-2.46|1.42|-2.46|21.18|20.66|21.48|20.66|0.49|21.18|640929|13516166.00|1|0.0000|0.0000|0.0000|0|21.18
国子软件|920953|1.35|1376393|63773576.00|-1.94|2.14|-2.35|46.51|45.00|46.87|44.81|1.38|45.89|1168182|53869424.00|1|0.0000|0.0000|0.0000|0|45.89
汉维科技|920957|2.11|3430680|48774536.00|-1.41|2.82|-3.66|14.50|14.00|14.60|13.68|3.43|14.20|3540855|50775216.00|1|0.0000|0.0000|0.0000|0|14.20
创远信科|920961|0.88|3526229|64139656.00|-2.64|1.76|-2.64|18.34|17.70|18.50|17.70|3.53|18.18|3618704|66593476.00|1|0.0000|0.0000|0.0000|0|18.18
润农节水|920964|1.50|6755502|50338104.00|0.00|2.45|-0.54|7.45|7.34|7.52|7.30|6.76|7.34|5360571|39932028.00|1|0.0000|0.0000|0.0000|0|7.34
大禹生物|920970|10.20|15032551|121635128.00|-2.68|18.93|-3.89|8.21|7.25|8.86|7.16|15.03|7.45|6926792|49752808.00|1|0.0000|0.0000|0.0000|0|7.45
天马新材|920971|-3.43|2038643|62365268.00|-1.57|0.77|-3.88|30.12|30.70|31.43|29.98|2.04|31.19|1897736|59959492.00|1|0.0000|0.0000|0.0000|0|31.19
凯大催化|920974|1.33|2935631|22160280.00|-0.27|1.46|-1.86|7.62|7.50|7.63|7.38|2.94|7.52|2927813|22152224.00|1|0.0000|0.0000|0.0000|0|7.52
视声智能|920976|-0.93|1093613|26780462.00|-0.60|0.60|-3.10|24.57|24.65|24.95|24.03|1.09|24.80|908428|22568708.00|1|0.0000|0.0000|0.0000|0|24.80
开特股份|920978|-2.09|1762998|38181404.00|-0.41|0.73|-3.09|21.53|21.90|22.15|21.31|1.76|21.99|1903679|41863588.00|1|0.0000|0.0000|0.0000|0|21.99
晶赛科技|920981|-0.94|2454384|88471288.00|-1.93|2.54|-2.82|35.84|35.48|37.10|35.16|2.45|36.18|3286066|120926984.00|1|0.0000|0.0000|0.0000|0|36.18
锦波生物|920982|-7.67|1797833|582107136.00|-1.20|7.38|-8.58|299.98|321.00|348.87|297.01|1.80|324.90|967424|310290368.00|1|0.0000|0.0000|0.0000|0|324.90
海泰新能|920985|0.59|4624059|55352088.00|-1.17|1.17|-1.92|12.03|11.82|12.10|11.73|4.62|11.96|3631058|43634204.00|1|0.0000|0.0000|0.0000|0|11.96
中科美菱|920992|1.89|2227893|39522840.00|0.11|3.26|-1.43|17.81|17.50|18.05|17.23|2.23|17.48|2106661|36928164.00|1|0.0000|0.0000|0.0000|0|17.48
