平安银行|000001|0.89|93264176|1058747264.00|-0.18|1.24|-0.18|11.37|11.25|11.41|11.25|93.26|11.27|68147042|767424128.00|1|0.0000|0.0000|0.0000|0|11.27
万  科Ａ|000002|-0.98|50685328|357827616.00|-0.28|-0.14|-1.27|7.04|7.09|7.10|7.02|50.69|7.11|70965066|506589280.00|1|0.0000|0.0000|0.0000|0|7.11
*ST国华|000004|-1.49|3922000|39304872.00|-0.69|0.69|-1.88|9.95|10.03|10.17|9.91|3.92|10.10|6704100|67550744.00|1|0.0000|0.0000|0.0000|0|10.10
深振业Ａ|000006|-2.35|55702569|396509600.00|0.00|1.38|-3.32|7.06|7.23|7.33|6.99|55.70|7.23|75395797|551379584.00|1|0.0000|0.0000|0.0000|0|7.23
全新好|000007|0.16|2477300|15210813.00|0.00|1.31|-0.82|6.14|6.13|6.21|6.08|2.48|6.13|3537100|21768440.00|1|0.0000|0.0000|0.0000|0|6.13
神州高铁|000008|-0.78|24805700|63545608.00|0.00|0.78|-1.17|2.55|2.57|2.59|2.54|24.81|2.57|25583536|65859328.00|1|0.0000|0.0000|0.0000|0|2.57
中国宝安|000009|0.24|9043019|74565168.00|0.12|1.71|-0.37|8.20|8.19|8.32|8.15|9.04|8.18|9525882|77895080.00|1|0.0000|0.0000|0.0000|0|8.18
美丽生态|000010|0.00|12565500|35544544.00|0.00|2.49|-1.07|2.81|2.81|2.88|2.78|12.57|2.81|18170600|51584240.00|1|0.0000|0.0000|0.0000|0|2.81
深物业A|000011|-0.71|2500443|21141340.00|-0.35|0.24|-1.18|8.44|8.47|8.52|8.40|2.50|8.50|5560995|47000012.00|1|0.0000|0.0000|0.0000|0|8.50
南  玻Ａ|000012|0.40|6209300|30888370.00|0.00|0.40|-0.40|4.99|4.97|4.99|4.95|6.21|4.97|8593355|42680404.00|1|0.0000|0.0000|0.0000|0|4.97
沙河股份|000014|-1.90|5148900|56265740.00|1.00|1.18|-2.44|10.84|11.16|11.18|10.78|5.15|11.05|7240600|79135464.00|1|0.0000|0.0000|0.0000|0|11.05
深康佳Ａ|000016|-0.22|27023360|122755568.00|-0.22|0.22|-1.10|4.55|4.55|4.57|4.51|27.02|4.56|34277832|158182640.00|1|0.0000|0.0000|0.0000|0|4.56
深中华A|000017|-1.74|28823191|180430576.00|-2.06|1.58|-2.22|6.21|6.19|6.42|6.18|28.82|6.32|44694632|286383872.00|1|0.0000|0.0000|0.0000|0|6.32
深粮控股|000019|-0.15|5323000|34902424.00|0.00|0.61|-0.61|6.55|6.56|6.60|6.52|5.32|6.56|7199600|46917840.00|1|0.0000|0.0000|0.0000|0|6.56
深华发Ａ|000020|-0.16|1570001|19303924.00|0.00|1.96|-0.98|12.22|12.24|12.48|12.12|1.57|12.24|1661200|20371792.00|1|0.0000|0.0000|0.0000|0|12.24
深科技|000021|0.21|11282156|210957472.00|0.00|1.13|-0.05|18.66|18.62|18.83|18.61|11.28|18.62|16884700|315885280.00|1|0.0000|0.0000|0.0000|0|18.62
特  力Ａ|000025|2.23|32021993|582363712.00|0.45|3.80|-1.28|18.30|17.98|18.58|17.67|32.02|17.90|39975026|729288128.00|1|0.0000|0.0000|0.0000|0|17.90
飞亚达|000026|0.36|3574200|39491336.00|-0.27|1.09|-0.82|11.07|11.00|11.15|10.94|3.57|11.03|4121900|45666840.00|1|0.0000|0.0000|0.0000|0|11.03
深圳能源|000027|-0.78|11670542|74708672.00|0.00|0.00|-1.24|6.40|6.45|6.45|6.37|11.67|6.45|17349058|111488312.00|1|0.0000|0.0000|0.0000|0|6.45
国药一致|000028|-0.54|1737990|44926260.00|0.00|0.04|-0.81|25.82|25.96|25.97|25.75|1.74|25.96|3981070|103294592.00|1|0.0000|0.0000|0.0000|0|25.96
深深房Ａ|000029|-0.47|2030538|30135464.00|0.00|1.47|-1.21|14.86|14.93|15.15|14.75|2.03|14.93|3085100|46169844.00|1|0.0000|0.0000|0.0000|0|14.93
富奥股份|000030|2.09|13815756|80976392.00|0.17|3.65|-0.52|5.87|5.76|5.96|5.72|13.82|5.75|12797583|74191584.00|1|0.0000|0.0000|0.0000|0|5.75
大悦城|000031|0.00|9559000|25154832.00|0.00|0.38|-1.52|2.64|2.64|2.65|2.60|9.56|2.64|11420000|30105328.00|1|0.0000|0.0000|0.0000|0|2.64
深桑达Ａ|000032|6.32|60720769|1430081408.00|1.08|9.37|0.90|23.71|22.54|24.39|22.50|60.72|22.30|18497572|417264960.00|1|0.0000|0.0000|0.0000|0|22.30
神州数码|000034|-0.20|15705609|636340544.00|0.84|1.04|-0.62|40.43|40.85|40.93|40.26|15.71|40.51|21903116|895635136.00|1|0.0000|0.0000|0.0000|0|40.51
中国天楹|000035|-1.04|15311900|72813544.00|0.00|0.21|-1.25|4.74|4.79|4.80|4.73|15.31|4.79|16740075|80360888.00|1|0.0000|0.0000|0.0000|0|4.79
华联控股|000036|-0.52|6449035|24712978.00|-0.52|0.26|-1.04|3.83|3.83|3.86|3.81|6.45|3.85|8541980|32853290.00|1|0.0000|0.0000|0.0000|0|3.85
深南电A|000037|-1.54|7163000|59547604.00|-0.36|0.36|-1.90|8.30|8.40|8.46|8.27|7.16|8.43|10738420|89949216.00|1|0.0000|0.0000|0.0000|0|8.43
中集集团|000039|-1.04|50280501|432442976.00|-0.12|0.58|-1.16|8.56|8.64|8.70|8.55|50.28|8.65|67775773|593064256.00|1|0.0000|0.0000|0.0000|0|8.65
中洲控股|000042|-1.60|6380200|39523592.00|0.48|0.48|-1.92|6.16|6.29|6.29|6.14|6.38|6.26|6641700|41495532.00|1|0.0000|0.0000|0.0000|0|6.26
深纺织Ａ|000045|-2.92|18546300|217480560.00|-1.92|-0.75|-3.09|11.62|11.74|11.88|11.60|18.55|11.97|31000521|361412512.00|1|0.0000|0.0000|0.0000|0|11.97
京基智农|000048|-3.27|17208597|308593216.00|-1.74|-0.44|-4.25|17.75|18.03|18.27|17.57|17.21|18.35|18918819|338019232.00|1|0.0000|0.0000|0.0000|0|18.35
德赛电池|000049|0.57|2339420|53988472.00|0.09|0.78|-0.26|23.11|23.00|23.16|22.92|2.34|22.98|3146179|72416504.00|1|0.0000|0.0000|0.0000|0|22.98
深天马Ａ|000050|-0.36|7487422|61799744.00|-0.12|0.85|-0.61|8.22|8.24|8.32|8.20|7.49|8.25|10700835|88263448.00|1|0.0000|0.0000|0.0000|0|8.25
方大集团|000055|-0.73|4437800|18146218.00|-0.24|0.24|-1.22|4.08|4.10|4.12|4.06|4.44|4.11|6801000|27991826.00|1|0.0000|0.0000|0.0000|0|4.11
皇庭国际|000056|-3.44|65462976|223987072.00|0.00|1.43|-3.72|3.37|3.49|3.54|3.36|65.46|3.49|135227966|478853280.00|1|0.0000|0.0000|0.0000|0|3.49
深 赛 格|000058|-1.08|7756932|64360956.00|-0.60|0.48|-1.56|8.26|8.30|8.39|8.22|7.76|8.35|14498795|119436552.00|1|0.0000|0.0000|0.0000|0|8.35
华锦股份|000059|4.32|40417711|200635584.00|-0.21|4.73|-0.82|5.07|4.85|5.09|4.82|40.42|4.86|40911619|197423280.00|1|0.0000|0.0000|0.0000|0|4.86
中金岭南|000060|-1.21|31009803|153099296.00|-0.40|0.20|-1.41|4.91|4.95|4.98|4.90|31.01|4.97|37213135|185125152.00|1|0.0000|0.0000|0.0000|0|4.97
农 产 品|000061|0.47|7340700|47186288.00|0.00|1.56|-0.94|6.42|6.39|6.49|6.33|7.34|6.39|12719500|81137152.00|1|0.0000|0.0000|0.0000|0|6.39
深圳华强|000062|-1.12|17333368|399388704.00|-1.29|0.43|-1.76|23.04|23.00|23.40|22.89|17.33|23.30|23496915|551873344.00|1|0.0000|0.0000|0.0000|0|23.30
中兴通讯|000063|1.74|89385312|3122760192.00|0.00|2.15|0.00|35.04|34.44|35.18|34.44|89.39|34.44|64163933|2207062784.00|1|0.0000|0.0000|0.0000|0|34.44
北方国际|000065|-0.75|11784811|124646024.00|0.00|0.09|-1.41|10.57|10.65|10.66|10.50|11.78|10.65|21522827|229327280.00|1|0.0000|0.0000|0.0000|0|10.65
中国长城|000066|-0.14|23942794|337016544.00|-0.28|0.57|-0.43|14.04|14.02|14.14|14.00|23.94|14.06|33496228|473125088.00|1|0.0000|0.0000|0.0000|0|14.06
华控赛格|000068|0.86|11510400|40505472.00|0.00|2.29|-1.15|3.52|3.49|3.57|3.45|11.51|3.49|9908900|34365596.00|1|0.0000|0.0000|0.0000|0|3.49
华侨城Ａ|000069|-2.39|41673600|102887680.00|0.00|0.00|-2.39|2.45|2.51|2.51|2.45|41.67|2.51|80086150|199231728.00|1|0.0000|0.0000|0.0000|0|2.51
特发信息|000070|1.20|6568000|38679340.00|0.17|1.54|0.00|5.91|5.85|5.93|5.84|6.57|5.84|7523900|44116876.00|1|0.0000|0.0000|0.0000|0|5.84
海王生物|000078|0.41|30191550|74511944.00|-0.41|2.04|-1.22|2.46|2.44|2.50|2.42|30.19|2.45|36648105|89475592.00|1|0.0000|0.0000|0.0000|0|2.45
盐 田 港|000088|-0.42|7583663|36367160.00|0.00|0.42|-1.04|4.79|4.81|4.83|4.76|7.58|4.81|9364299|44840780.00|1|0.0000|0.0000|0.0000|0|4.81
深圳机场|000089|0.00|5884400|39705768.00|0.00|0.15|-0.74|6.76|6.76|6.77|6.71|5.88|6.76|10742095|72318400.00|1|0.0000|0.0000|0.0000|0|6.76
天健集团|000090|0.00|10653000|40564896.00|0.00|0.52|-0.52|3.81|3.81|3.83|3.79|10.65|3.81|15890785|60403492.00|1|0.0000|0.0000|0.0000|0|3.81
广聚能源|000096|-1.73|9037700|175551072.00|-0.10|1.17|-2.19|19.26|19.58|19.83|19.17|9.04|19.60|17468911|343998144.00|1|0.0000|0.0000|0.0000|0|19.60
中信海直|000099|-0.42|9406900|221252096.00|-0.04|0.34|-1.10|23.50|23.59|23.68|23.34|9.41|23.60|12426130|295980352.00|1|0.0000|0.0000|0.0000|0|23.60
TCL科技|000100|0.89|180233311|810950720.00|0.00|1.34|-0.45|4.51|4.47|4.53|4.45|180.23|4.47|166137685|745900608.00|1|0.0000|0.0000|0.0000|0|4.47
中成股份|000151|-0.35|2777600|39740548.00|-0.35|0.56|-1.32|14.30|14.30|14.43|14.16|2.78|14.35|4170300|59598204.00|1|0.0000|0.0000|0.0000|0|14.35
丰原药业|000153|-0.31|10826300|69175560.00|0.00|0.78|-0.94|6.37|6.39|6.44|6.33|10.83|6.39|22806278|145775296.00|1|0.0000|0.0000|0.0000|0|6.39
川能动力|000155|-1.47|26162672|298903200.00|0.09|0.52|-1.82|11.37|11.55|11.60|11.33|26.16|11.54|30124243|345379040.00|1|0.0000|0.0000|0.0000|0|11.54
华数传媒|000156|0.97|13615800|112944160.00|-0.37|1.95|-0.49|8.29|8.18|8.37|8.17|13.62|8.21|15497100|127964608.00|1|0.0000|0.0000|0.0000|0|8.21
中联重科|000157|1.60|55497201|422158208.00|0.00|2.80|-0.27|7.62|7.50|7.71|7.48|55.50|7.50|40523149|304384576.00|1|0.0000|0.0000|0.0000|0|7.50
常山北明|000158|-0.55|31335325|683615744.00|-0.55|0.73|-0.82|21.75|21.75|22.03|21.69|31.34|21.87|47848890|1056953088.00|1|0.0000|0.0000|0.0000|0|21.87
国际实业|000159|-0.18|6956500|37407840.00|-0.55|0.37|-1.48|5.41|5.39|5.44|5.34|6.96|5.42|10971669|59495428.00|1|0.0000|0.0000|0.0000|0|5.42
申万宏源|000166|0.41|55519412|274514464.00|-0.20|0.81|-0.20|4.95|4.92|4.97|4.92|55.52|4.93|68565780|338404736.00|1|0.0000|0.0000|0.0000|0|4.93
东方盛虹|000301|0.36|6933354|56997692.00|0.12|0.61|-0.73|8.25|8.23|8.27|8.16|6.93|8.22|11266235|93016112.00|1|0.0000|0.0000|0.0000|0|8.22
美的集团|000333|0.76|26853625|2036925184.00|-0.05|1.86|-0.27|75.96|75.35|76.79|75.19|26.85|75.39|55181654|4204786432.00|1|0.0000|0.0000|0.0000|0|75.39
潍柴动力|000338|0.13|39139848|625576512.00|0.06|0.81|-0.94|15.98|15.97|16.09|15.81|39.14|15.96|62073570|997300864.00|1|0.0000|0.0000|0.0000|0|15.96
许继电气|000400|-0.90|12707932|307173888.00|-0.16|0.08|-1.19|24.14|24.32|24.38|24.07|12.71|24.36|12599928|306686112.00|1|0.0000|0.0000|0.0000|0|24.36
金隅冀东|000401|-1.19|12956018|65039700.00|-0.40|0.59|-1.39|4.99|5.03|5.08|4.98|12.96|5.05|15308200|77028128.00|1|0.0000|0.0000|0.0000|0|5.05
金 融 街|000402|0.00|8644400|24220692.00|0.36|0.71|-0.36|2.80|2.81|2.82|2.79|8.64|2.80|17275500|48456628.00|1|0.0000|0.0000|0.0000|0|2.80
派林生物|000403|-1.71|9891877|216991952.00|-0.41|-0.14|-1.80|21.84|22.13|22.19|21.82|9.89|22.22|16365324|361813216.00|1|0.0000|0.0000|0.0000|0|22.22
长虹华意|000404|0.65|8536125|66032704.00|0.26|0.91|-0.65|7.76|7.73|7.78|7.66|8.54|7.71|14079952|108938608.00|1|0.0000|0.0000|0.0000|0|7.71
胜利股份|000407|-1.51|11785600|38531360.00|-0.30|0.00|-1.81|3.26|3.30|3.31|3.25|11.79|3.31|14471324|47673416.00|1|0.0000|0.0000|0.0000|0|3.31
藏格矿业|000408|-1.78|11871306|438866240.00|-0.05|1.76|-2.24|36.37|37.01|37.68|36.20|11.87|37.03|12439786|456282368.00|1|0.0000|0.0000|0.0000|0|37.03
云鼎科技|000409|-0.09|25689365|302310688.00|-0.85|1.19|-1.19|11.75|11.66|11.90|11.62|25.69|11.76|34227838|405210464.00|1|0.0000|0.0000|0.0000|0|11.76
沈阳机床|000410|1.63|27145683|203480992.00|0.41|4.49|-1.50|7.47|7.38|7.68|7.24|27.15|7.35|25737085|190373552.00|1|0.0000|0.0000|0.0000|0|7.35
英特集团|000411|-0.65|3463125|37313864.00|-0.46|0.55|-1.02|10.75|10.77|10.88|10.71|3.46|10.82|6265710|67396248.00|1|0.0000|0.0000|0.0000|0|10.82
渤海租赁|000415|2.40|114666289|390496704.00|0.00|3.60|-0.30|3.41|3.33|3.45|3.32|114.67|3.33|57653687|192381760.00|1|0.0000|0.0000|0.0000|0|3.33
合百集团|000417|-0.36|9062400|50200864.00|-0.54|0.36|-0.72|5.53|5.52|5.57|5.51|9.06|5.55|15807500|88012376.00|1|0.0000|0.0000|0.0000|0|5.55
通程控股|000419|-1.04|6875340|39508816.00|-0.35|0.52|-1.21|5.71|5.75|5.80|5.70|6.88|5.77|7410366|42856032.00|1|0.0000|0.0000|0.0000|0|5.77
吉林化纤|000420|0.80|53765376|201847056.00|-0.54|2.68|-1.61|3.76|3.71|3.83|3.67|53.77|3.73|45292076|169172720.00|1|0.0000|0.0000|0.0000|0|3.73
南京公用|000421|-0.66|6884901|41559560.00|-0.50|0.50|-1.16|6.02|6.03|6.09|5.99|6.88|6.06|14117714|84962112.00|1|0.0000|0.0000|0.0000|0|6.06
湖北宜化|000422|-0.14|43361850|598407616.00|-0.51|1.01|-1.52|13.79|13.74|13.95|13.60|43.36|13.81|58419545|805322816.00|1|0.0000|0.0000|0.0000|0|13.81
东阿阿胶|000423|-0.86|3479850|213477920.00|-0.32|-0.16|-1.21|61.28|61.61|61.71|61.06|3.48|61.81|7830457|479279648.00|1|0.0000|0.0000|0.0000|0|61.81
徐工机械|000425|0.57|50510088|445953600.00|-0.23|2.17|-0.23|8.79|8.72|8.93|8.72|50.51|8.74|57100400|497117536.00|1|0.0000|0.0000|0.0000|0|8.74
兴业银锡|000426|2.05|47896100|665776448.00|-0.07|3.22|-0.22|13.94|13.65|14.10|13.63|47.90|13.66|43194722|593649280.00|1|0.0000|0.0000|0.0000|0|13.66
华天酒店|000428|0.63|11894754|38067868.00|0.00|3.15|-0.95|3.19|3.17|3.27|3.14|11.89|3.17|17257110|54834256.00|1|0.0000|0.0000|0.0000|0|3.17
粤高速Ａ|000429|-2.17|11894801|168830560.00|0.00|1.40|-2.45|13.97|14.28|14.48|13.93|11.89|14.28|8665100|122686368.00|1|0.0000|0.0000|0.0000|0|14.28
*ST张股|000430|3.06|31616461|249402528.00|-0.77|3.57|-1.66|8.08|7.78|8.12|7.71|31.62|7.84|26857302|208558960.00|1|0.0000|0.0000|0.0000|0|7.84
ST晨鸣|000488|-3.05|66515705|127631624.00|-2.03|-1.02|-4.06|1.91|1.93|1.95|1.89|66.52|1.97|98797392|193209360.00|1|0.0000|0.0000|0.0000|0|1.97
山东路桥|000498|0.34|8485268|50304048.00|0.00|0.84|-0.68|5.94|5.92|5.97|5.88|8.49|5.92|10385868|61223852.00|1|0.0000|0.0000|0.0000|0|5.92
武商集团|000501|-1.09|25288429|230053680.00|-0.87|0.43|-2.50|9.10|9.12|9.24|8.97|25.29|9.20|38093963|352755648.00|1|0.0000|0.0000|0.0000|0|9.20
国新健康|000503|7.47|69372124|822041920.00|-0.63|9.99|-0.90|11.94|11.04|12.22|11.01|69.37|11.11|22428235|249406960.00|1|0.0000|0.0000|0.0000|0|11.11
*ST生物|000504|-1.39|11147101|112035664.00|-0.40|1.39|-3.77|9.94|10.04|10.22|9.70|11.15|10.08|17403301|178735472.00|1|0.0000|0.0000|0.0000|0|10.08
京粮控股|000505|-0.83|4498400|26904288.00|0.33|0.33|-1.33|5.97|6.04|6.04|5.94|4.50|6.02|7157600|43012228.00|1|0.0000|0.0000|0.0000|0|6.02
招金黄金|000506|-1.07|16959100|94032664.00|0.00|1.61|-2.14|5.54|5.60|5.69|5.48|16.96|5.60|25841046|145920144.00|1|0.0000|0.0000|0.0000|0|5.60
珠海港|000507|-0.96|14078368|72711808.00|0.38|0.38|-1.15|5.15|5.22|5.22|5.14|14.08|5.20|15112735|78631184.00|1|0.0000|0.0000|0.0000|0|5.20
华塑控股|000509|-0.93|6734100|21619790.00|0.31|0.93|-0.93|3.19|3.23|3.25|3.19|6.73|3.22|7749635|25144836.00|1|0.0000|0.0000|0.0000|0|3.22
新金路|000510|-0.72|16179021|66706372.00|-0.48|0.48|-1.68|4.13|4.14|4.18|4.09|16.18|4.16|23690200|97482144.00|1|0.0000|0.0000|0.0000|0|4.16
丽珠集团|000513|-0.63|5472908|198389184.00|-0.49|0.16|-0.96|36.19|36.24|36.48|36.07|5.47|36.42|10482211|380740704.00|1|0.0000|0.0000|0.0000|0|36.42
渝 开 发|000514|-1.00|5386500|21391830.00|0.25|0.50|-1.00|3.95|4.00|4.01|3.95|5.39|3.99|8923200|35538120.00|1|0.0000|0.0000|0.0000|0|3.99
国际医学|000516|-0.89|18333800|101935792.00|-0.36|1.07|-1.61|5.54|5.57|5.65|5.50|18.33|5.59|31723547|178612304.00|1|0.0000|0.0000|0.0000|0|5.59
荣安地产|000517|-0.51|10399896|20183750.00|0.00|0.00|-1.03|1.94|1.95|1.95|1.93|10.40|1.95|16672600|32431766.00|1|0.0000|0.0000|0.0000|0|1.95
*ST四环|000518|-6.91|81107839|211659232.00|-4.36|-0.36|-8.00|2.56|2.63|2.74|2.53|81.11|2.75|110730750|299670080.00|1|0.0000|0.0000|0.0000|0|2.75
中兵红箭|000519|-1.45|24837427|424795808.00|0.64|0.70|-2.03|17.01|17.37|17.38|16.91|24.84|17.26|43895205|761250688.00|1|0.0000|0.0000|0.0000|0|17.26
凤凰航运|000520|1.15|11441501|50365940.00|0.00|2.53|-0.46|4.40|4.35|4.46|4.33|11.44|4.35|9456585|41231436.00|1|0.0000|0.0000|0.0000|0|4.35
长虹美菱|000521|0.49|17571463|145423680.00|-0.12|1.70|-0.97|8.28|8.23|8.38|8.16|17.57|8.24|23273898|192850720.00|1|0.0000|0.0000|0.0000|0|8.24
红棉股份|000523|-0.29|25907940|88370928.00|-0.59|1.17|-0.88|3.40|3.39|3.45|3.38|25.91|3.41|35777166|122270464.00|1|0.0000|0.0000|0.0000|0|3.41
岭南控股|000524|10.00|42906528|515842688.00|-2.19|10.00|-2.19|12.54|11.15|12.54|11.15|42.91|11.40|53736373|617100736.00|1|0.0000|0.0000|0.0000|0|11.40
红太阳|000525|-0.30|27170988|180649584.00|-0.90|1.04|-2.54|6.68|6.64|6.77|6.53|27.17|6.70|38758754|255796352.00|1|0.0000|0.0000|0.0000|0|6.70
学大教育|000526|0.17|469700|22506488.00|-0.23|1.26|-0.50|47.78|47.59|48.30|47.46|0.47|47.70|589600|28167460.00|1|0.0000|0.0000|0.0000|0|47.70
柳    工|000528|1.75|26746106|308918336.00|0.35|2.28|-0.79|11.60|11.44|11.66|11.31|26.75|11.40|38069467|431481088.00|1|0.0000|0.0000|0.0000|0|11.40
广弘控股|000529|-0.33|3763480|22640552.00|0.00|0.50|-0.66|6.00|6.02|6.05|5.98|3.76|6.02|7109832|42696628.00|1|0.0000|0.0000|0.0000|0|6.02
冰山冷热|000530|1.57|40170230|235169248.00|0.87|4.17|-1.39|5.84|5.80|5.99|5.67|40.17|5.75|48331399|278472832.00|1|0.0000|0.0000|0.0000|0|5.75
穗恒运Ａ|000531|0.63|10256928|65515664.00|0.32|3.16|-1.26|6.37|6.35|6.53|6.25|10.26|6.33|8131500|51408148.00|1|0.0000|0.0000|0.0000|0|6.33
华金资本|000532|0.00|6233200|97439560.00|-0.39|1.22|-0.39|15.58|15.52|15.77|15.52|6.23|15.58|9363200|147557840.00|1|0.0000|0.0000|0.0000|0|15.58
顺钠股份|000533|-2.82|57408000|381349600.00|-1.04|1.04|-3.12|6.54|6.66|6.80|6.52|57.41|6.73|81063600|540815424.00|1|0.0000|0.0000|0.0000|0|6.73
万泽股份|000534|-3.30|7679166|120523880.00|-0.75|-0.37|-3.55|15.54|15.95|16.01|15.50|7.68|16.07|7552097|119569000.00|1|0.0000|0.0000|0.0000|0|16.07
华映科技|000536|-0.85|46239420|217692752.00|0.00|1.27|-1.27|4.68|4.72|4.78|4.66|46.24|4.72|53864693|257713440.00|1|0.0000|0.0000|0.0000|0|4.72
中绿电|000537|-0.57|9030058|78252728.00|0.00|0.00|-1.03|8.67|8.72|8.72|8.63|9.03|8.72|16406942|142306416.00|1|0.0000|0.0000|0.0000|0|8.72
云南白药|000538|-0.46|7511636|425610976.00|-0.28|0.21|-1.17|56.81|56.91|57.19|56.40|7.51|57.07|12713580|724924544.00|1|0.0000|0.0000|0.0000|0|57.07
粤电力Ａ|000539|1.95|81737591|381927616.00|0.43|5.21|-1.74|4.70|4.63|4.85|4.53|81.74|4.61|35966940|165077136.00|1|0.0000|0.0000|0.0000|0|4.61
佛山照明|000541|-1.57|65150894|452501088.00|-0.28|0.57|-2.14|6.91|7.00|7.06|6.87|65.15|7.02|95122851|680139328.00|1|0.0000|0.0000|0.0000|0|7.02
皖能电力|000543|-1.29|42738755|327086400.00|-0.65|-0.13|-1.68|7.64|7.69|7.73|7.61|42.74|7.74|64032735|488256768.00|1|0.0000|0.0000|0.0000|0|7.74
中原环保|000544|0.00|3633185|31316106.00|0.35|0.70|-0.58|8.61|8.64|8.67|8.56|3.63|8.61|6004817|51476500.00|1|0.0000|0.0000|0.0000|0|8.61
金浦钛业|000545|-3.57|33676030|73619112.00|-0.45|0.45|-4.02|2.16|2.23|2.25|2.15|33.68|2.24|16117100|36136992.00|1|0.0000|0.0000|0.0000|0|2.24
金圆股份|000546|-1.54|10396900|47003080.00|-0.44|0.22|-1.54|4.48|4.53|4.56|4.48|10.40|4.55|9951514|45260672.00|1|0.0000|0.0000|0.0000|0|4.55
航天发展|000547|-0.68|9717000|70860816.00|0.00|0.27|-1.09|7.29|7.34|7.36|7.26|9.72|7.34|14332645|105324192.00|1|0.0000|0.0000|0.0000|0|7.34
湖南投资|000548|-0.55|11044202|60586564.00|0.73|2.01|-1.09|5.45|5.52|5.59|5.42|11.04|5.48|11561400|62889344.00|1|0.0000|0.0000|0.0000|0|5.48
江铃汽车|000550|1.64|8528756|194055792.00|0.04|2.66|-0.93|22.91|22.55|23.14|22.33|8.53|22.54|8865195|201244144.00|1|0.0000|0.0000|0.0000|0|22.54
创元科技|000551|1.12|6266612|79478368.00|-0.32|2.80|-0.48|12.63|12.45|12.84|12.43|6.27|12.49|5531500|69293408.00|1|0.0000|0.0000|0.0000|0|12.49
甘肃能化|000552|-0.78|22953000|58261604.00|-0.39|0.00|-1.18|2.53|2.54|2.55|2.52|22.95|2.55|36424200|92493128.00|1|0.0000|0.0000|0.0000|0|2.55
安道麦A|000553|-1.01|3129200|18542728.00|-0.34|0.17|-1.17|5.91|5.95|5.98|5.90|3.13|5.97|4571400|27205226.00|1|0.0000|0.0000|0.0000|0|5.97
泰山石油|000554|-1.74|17140700|106405392.00|-0.63|0.16|-2.54|6.20|6.27|6.32|6.15|17.14|6.31|32268100|205185664.00|1|0.0000|0.0000|0.0000|0|6.31
神州信息|000555|0.17|22055545|259442112.00|-0.60|2.49|-0.60|11.69|11.60|11.96|11.60|22.06|11.67|29141220|343553088.00|1|0.0000|0.0000|0.0000|0|11.67
西部创业|000557|1.65|10151436|56091260.00|-0.18|2.01|-0.55|5.56|5.46|5.58|5.44|10.15|5.47|7680089|42037812.00|1|0.0000|0.0000|0.0000|0|5.47
天府文旅|000558|2.62|130730773|502226624.00|-0.79|2.89|-2.89|3.91|3.78|3.92|3.70|130.73|3.81|158450902|609197824.00|1|0.0000|0.0000|0.0000|0|3.81
万向钱潮|000559|10.04|169652121|1242683904.00|-0.30|10.04|-1.77|7.45|6.75|7.45|6.65|169.65|6.77|92769464|634945280.00|1|0.0000|0.0000|0.0000|0|6.77
我爱我家|000560|-0.34|50246674|148929296.00|0.34|0.34|-0.67|2.96|2.98|2.98|2.95|50.25|2.97|70464380|210788048.00|1|0.0000|0.0000|0.0000|0|2.97
烽火电子|000561|-2.48|9822862|77799272.00|-0.12|-0.12|-2.72|7.88|8.07|8.07|7.86|9.82|8.08|8695630|70131368.00|1|0.0000|0.0000|0.0000|0|8.08
陕国投Ａ|000563|0.00|30842415|107634144.00|-0.57|0.57|-0.57|3.49|3.47|3.51|3.47|30.84|3.49|55214706|192398736.00|1|0.0000|0.0000|0.0000|0|3.49
供销大集|000564|0.75|129023405|346374176.00|0.00|2.64|-0.38|2.67|2.65|2.72|2.64|129.02|2.65|159711792|426300416.00|1|0.0000|0.0000|0.0000|0|2.65
渝三峡Ａ|000565|0.19|2595573|13910893.00|0.00|1.50|-0.75|5.34|5.33|5.41|5.29|2.60|5.33|5354750|28528792.00|1|0.0000|0.0000|0.0000|0|5.33
海南海药|000566|-1.29|10382203|47794948.00|-0.43|1.29|-1.51|4.58|4.62|4.70|4.57|10.38|4.64|16276493|75649344.00|1|0.0000|0.0000|0.0000|0|4.64
海德股份|000567|0.51|6191623|36286704.00|-0.17|0.86|-0.34|5.87|5.83|5.89|5.82|6.19|5.84|8299593|48337312.00|1|0.0000|0.0000|0.0000|0|5.84
泸州老窖|000568|-0.90|5768268|751703360.00|-0.28|0.81|-1.13|129.71|130.52|131.95|129.41|5.77|130.89|5435270|710790592.00|1|0.0000|0.0000|0.0000|0|130.89
苏常柴Ａ|000570|-0.90|14063500|77809216.00|0.90|1.81|-1.26|5.49|5.59|5.64|5.47|14.06|5.54|20204601|111422032.00|1|0.0000|0.0000|0.0000|0|5.54
新大洲A|000571|-0.68|21080931|92730440.00|0.45|2.27|-1.81|4.38|4.43|4.51|4.33|21.08|4.41|22558700|100445720.00|1|0.0000|0.0000|0.0000|0|4.41
海马汽车|000572|-0.74|37527400|151086560.00|-0.99|1.23|-1.97|4.03|4.02|4.11|3.98|37.53|4.06|53487099|217938256.00|1|0.0000|0.0000|0.0000|0|4.06
粤宏远Ａ|000573|0.44|50835051|235558352.00|-0.22|4.37|-1.75|4.60|4.57|4.78|4.50|50.84|4.58|47607043|217665344.00|1|0.0000|0.0000|0.0000|0|4.58
甘化科工|000576|-0.27|4483300|33103480.00|-0.81|0.54|-1.22|7.37|7.33|7.43|7.30|4.48|7.39|7023886|52037228.00|1|0.0000|0.0000|0.0000|0|7.39
威孚高科|000581|0.90|13431425|284560128.00|-0.24|1.76|-0.62|21.19|20.95|21.37|20.87|13.43|21.00|15379700|325667744.00|1|0.0000|0.0000|0.0000|0|21.00
北部湾港|000582|-0.35|17327300|148903248.00|0.00|1.16|-1.16|8.60|8.63|8.73|8.53|17.33|8.63|17004460|145705968.00|1|0.0000|0.0000|0.0000|0|8.63
汇源通信|000586|0.21|3581300|34055056.00|0.74|2.44|-1.17|9.44|9.49|9.65|9.31|3.58|9.42|4691739|44636076.00|1|0.0000|0.0000|0.0000|0|9.42
贵州轮胎|000589|-0.20|10374400|50538728.00|0.00|0.20|-0.61|4.87|4.88|4.89|4.85|10.37|4.88|16663190|81185672.00|1|0.0000|0.0000|0.0000|0|4.88
古汉医药|000590|-1.01|3275300|29067316.00|0.22|1.46|-1.35|8.80|8.91|9.02|8.77|3.28|8.89|7274900|64453508.00|1|0.0000|0.0000|0.0000|0|8.89
太阳能|000591|-1.11|21342681|95668552.00|-0.44|0.00|-1.33|4.47|4.50|4.52|4.46|21.34|4.52|35601940|159974640.00|1|0.0000|0.0000|0.0000|0|4.52
平潭发展|000592|4.28|245716922|772144256.00|0.00|7.24|0.00|3.17|3.04|3.26|3.04|245.72|3.04|189434825|575563968.00|1|0.0000|0.0000|0.0000|0|3.04
德龙汇能|000593|-0.91|4099800|22355756.00|0.00|0.55|-1.46|5.44|5.49|5.52|5.41|4.10|5.49|8482100|46542840.00|1|0.0000|0.0000|0.0000|0|5.49
*ST宝实|000595|0.35|19573300|111254384.00|-0.71|1.59|-1.24|5.68|5.62|5.75|5.59|19.57|5.66|22343700|127203464.00|1|0.0000|0.0000|0.0000|0|5.66
古井贡酒|000596|-0.36|771889|132021088.00|-0.25|0.68|-0.76|170.70|170.88|172.47|170.01|0.77|171.31|1321300|226314128.00|1|0.0000|0.0000|0.0000|0|171.31
东北制药|000597|-0.94|29302917|155011616.00|-0.38|0.94|-1.51|5.26|5.29|5.36|5.23|29.30|5.31|55938471|295733952.00|1|0.0000|0.0000|0.0000|0|5.31
兴蓉环境|000598|-0.15|10422665|71723784.00|0.00|0.44|-0.58|6.88|6.89|6.92|6.85|10.42|6.89|18346264|125791368.00|1|0.0000|0.0000|0.0000|0|6.89
青岛双星|000599|0.23|8229783|35948692.00|0.23|1.84|-0.92|4.36|4.36|4.43|4.31|8.23|4.35|9513100|41605528.00|1|0.0000|0.0000|0.0000|0|4.35
建投能源|000600|-0.66|56400063|336587552.00|-1.49|0.33|-2.99|5.99|5.94|6.05|5.85|56.40|6.03|93762548|565838848.00|1|0.0000|0.0000|0.0000|0|6.03
韶能股份|000601|3.67|187046217|1088902272.00|-1.57|6.64|-5.59|5.93|5.63|6.10|5.40|187.05|5.72|177211591|1000274176.00|1|0.0000|0.0000|0.0000|0|5.72
盛达资源|000603|-1.09|12023371|185105152.00|0.06|0.77|-1.55|15.36|15.54|15.65|15.29|12.02|15.53|14940158|235768928.00|1|0.0000|0.0000|0.0000|0|15.53
渤海股份|000605|-0.95|4434395|32468682.00|0.00|0.00|-1.36|7.31|7.38|7.38|7.28|4.43|7.38|4911309|36234684.00|1|0.0000|0.0000|0.0000|0|7.38
华媒控股|000607|1.27|7501300|29863552.00|0.00|2.54|-0.51|3.98|3.93|4.03|3.91|7.50|3.93|8281501|32597012.00|1|0.0000|0.0000|0.0000|0|3.93
*ST阳光|000608|-0.59|20036526|34154320.00|-0.59|1.76|-1.76|1.69|1.69|1.73|1.67|20.04|1.70|21169800|35823188.00|1|0.0000|0.0000|0.0000|0|1.70
ST中迪|000609|0.41|3165510|7663216.00|-0.83|1.65|-1.65|2.43|2.40|2.46|2.38|3.17|2.42|6287700|15280122.00|1|0.0000|0.0000|0.0000|0|2.42
西安旅游|000610|0.91|9650194|128394288.00|0.08|1.21|-0.83|13.36|13.25|13.40|13.13|9.65|13.24|11109612|147001840.00|1|0.0000|0.0000|0.0000|0|13.24
焦作万方|000612|0.13|25090962|187948848.00|-0.13|2.28|-0.40|7.45|7.43|7.61|7.41|25.09|7.44|43696418|327702848.00|1|0.0000|0.0000|0.0000|0|7.44
*ST美谷|000615|-1.36|16140800|58875392.00|-1.09|1.63|-2.99|3.63|3.64|3.74|3.57|16.14|3.68|32342758|121570200.00|1|0.0000|0.0000|0.0000|0|3.68
中油资本|000617|0.93|46194685|297435040.00|-0.16|0.93|-0.47|6.48|6.41|6.48|6.39|46.19|6.42|50799718|327262752.00|1|0.0000|0.0000|0.0000|0|6.42
海螺新材|000619|-0.17|5446000|32528540.00|-0.67|0.33|-1.17|5.99|5.96|6.02|5.93|5.45|6.00|9756761|58431496.00|1|0.0000|0.0000|0.0000|0|6.00
盈新发展|000620|1.80|55718969|93357600.00|-0.60|1.80|-1.80|1.70|1.66|1.70|1.64|55.72|1.67|47074119|79395592.00|1|0.0000|0.0000|0.0000|0|1.67
吉林敖东|000623|0.18|7707991|129338992.00|0.00|0.54|-0.42|16.79|16.76|16.85|16.69|7.71|16.76|15172159|254566016.00|1|0.0000|0.0000|0.0000|0|16.76
长安汽车|000625|-0.54|61796671|800664704.00|-0.23|0.31|-1.30|12.97|13.01|13.08|12.87|61.80|13.04|71542884|932556928.00|1|0.0000|0.0000|0.0000|0|13.04
远大控股|000626|0.75|3739884|19973776.00|0.94|2.45|-0.56|5.35|5.36|5.44|5.28|3.74|5.31|4213911|22487056.00|1|0.0000|0.0000|0.0000|0|5.31
高新发展|000628|0.17|2727800|127607584.00|0.02|0.99|-0.24|46.72|46.65|47.10|46.53|2.73|46.64|3944100|184323056.00|1|0.0000|0.0000|0.0000|0|46.64
钒钛股份|000629|0.35|38119206|109074800.00|0.35|1.05|-0.35|2.86|2.86|2.88|2.84|38.12|2.85|58850990|168036160.00|1|0.0000|0.0000|0.0000|0|2.85
铜陵有色|000630|-0.58|116835266|401008288.00|-0.29|0.58|-0.87|3.42|3.43|3.46|3.41|116.84|3.44|165361605|571248128.00|1|0.0000|0.0000|0.0000|0|3.44
顺发恒能|000631|0.35|5970200|17086536.00|0.35|0.70|-1.05|2.87|2.87|2.88|2.83|5.97|2.86|8022646|22891108.00|1|0.0000|0.0000|0.0000|0|2.86
三木集团|000632|0.30|9605800|31994366.00|0.60|3.31|-1.20|3.33|3.34|3.43|3.28|9.61|3.32|8155888|27232162.00|1|0.0000|0.0000|0.0000|0|3.32
合金投资|000633|0.81|35197132|175847936.00|-0.61|4.25|-1.21|4.98|4.91|5.15|4.88|35.20|4.94|51753463|252723568.00|1|0.0000|0.0000|0.0000|0|4.94
英 力 特|000635|-0.62|3582600|28836052.00|-0.37|1.74|-0.87|7.99|8.01|8.18|7.97|3.58|8.04|4141499|33232702.00|1|0.0000|0.0000|0.0000|0|8.04
风华高科|000636|0.42|6645415|96531728.00|-0.14|0.97|-0.21|14.51|14.43|14.59|14.42|6.65|14.45|7681291|111053168.00|1|0.0000|0.0000|0.0000|0|14.45
茂化实华|000637|-1.41|10675330|37305432.00|0.00|0.28|-2.26|3.49|3.54|3.55|3.46|10.68|3.54|12149806|42924864.00|1|0.0000|0.0000|0.0000|0|3.54
*ST万方|000638|-0.20|4456100|22068044.00|0.00|1.01|-1.01|4.94|4.95|5.00|4.90|4.46|4.95|9710400|48124944.00|1|0.0000|0.0000|0.0000|0|4.95
西王食品|000639|-0.72|16012654|44239880.00|0.00|0.00|-1.08|2.76|2.78|2.78|2.75|16.01|2.78|21596526|60497016.00|1|0.0000|0.0000|0.0000|0|2.78
仁和药业|000650|-0.18|14250485|79796632.00|-0.18|0.36|-0.71|5.60|5.60|5.63|5.57|14.25|5.61|25361524|142048880.00|1|0.0000|0.0000|0.0000|0|5.61
格力电器|000651|0.09|31611956|1435118592.00|0.00|1.93|-0.29|45.17|45.13|46.00|45.00|31.61|45.13|35732894|1614126080.00|1|0.0000|0.0000|0.0000|0|45.13
泰达股份|000652|-0.77|9785400|37724968.00|-0.52|0.00|-1.03|3.85|3.86|3.88|3.84|9.79|3.88|13555780|52663100.00|1|0.0000|0.0000|0.0000|0|3.88
金岭矿业|000655|-1.16|6896100|47286068.00|0.00|0.43|-1.59|6.83|6.91|6.94|6.80|6.90|6.91|14151993|97603504.00|1|0.0000|0.0000|0.0000|0|6.91
*ST金科|000656|-4.35|133083824|177227344.00|-2.17|-0.72|-5.07|1.32|1.35|1.37|1.31|133.08|1.38|193024196|271769760.00|1|0.0000|0.0000|0.0000|0|1.38
中钨高新|000657|-0.59|16296867|164862912.00|0.00|0.59|-1.38|10.09|10.15|10.21|10.01|16.30|10.15|24781565|249518080.00|1|0.0000|0.0000|0.0000|0|10.15
珠海中富|000659|-1.62|14464972|44327968.00|0.32|0.97|-1.62|3.03|3.09|3.11|3.03|14.46|3.08|17524980|53808280.00|1|0.0000|0.0000|0.0000|0|3.08
长春高新|000661|-0.55|3493363|354723616.00|0.03|0.24|-1.13|101.50|102.09|102.30|100.91|3.49|102.06|10389614|1056491072.00|1|0.0000|0.0000|0.0000|0|102.06
永安林业|000663|0.89|4867000|27605096.00|-0.53|2.31|-1.07|5.67|5.59|5.75|5.56|4.87|5.62|6047151|33947104.00|1|0.0000|0.0000|0.0000|0|5.62
湖北广电|000665|-0.59|46856362|236812176.00|-0.99|1.58|-1.19|5.03|5.01|5.14|5.00|46.86|5.06|68725110|351482016.00|1|0.0000|0.0000|0.0000|0|5.06
*ST荣控|000668|0.59|2541300|13035513.00|0.20|1.76|-1.37|5.15|5.13|5.21|5.05|2.54|5.12|4222501|21699008.00|1|0.0000|0.0000|0.0000|0|5.12
ST金鸿|000669|0.00|2486300|4588113.00|-0.54|0.54|-1.08|1.85|1.84|1.86|1.83|2.49|1.85|5345060|9863957.00|1|0.0000|0.0000|0.0000|0|1.85
盈方微|000670|-2.47|16625200|106063560.00|-0.46|0.00|-2.62|6.32|6.45|6.48|6.31|16.63|6.48|16166181|104575928.00|1|0.0000|0.0000|0.0000|0|6.48
上峰水泥|000672|0.25|6589916|52332164.00|-0.13|1.52|-0.51|7.90|7.87|8.00|7.84|6.59|7.88|11594202|90809672.00|1|0.0000|0.0000|0.0000|0|7.88
智度股份|000676|0.37|9647377|78791248.00|-0.12|1.11|-0.49|8.15|8.11|8.21|8.08|9.65|8.12|12575029|102505264.00|1|0.0000|0.0000|0.0000|0|8.12
恒天海龙|000677|0.26|17172088|66439636.00|-0.78|1.82|-1.30|3.86|3.82|3.92|3.80|17.17|3.85|22835102|88417512.00|1|0.0000|0.0000|0.0000|0|3.85
襄阳轴承|000678|0.50|49783744|595399936.00|1.51|2.27|-1.18|11.95|12.07|12.16|11.75|49.78|11.89|61114343|735607360.00|1|0.0000|0.0000|0.0000|0|11.89
大连友谊|000679|-2.52|7279300|45498040.00|0.16|0.95|-3.00|6.18|6.35|6.40|6.15|7.28|6.34|6446675|41723776.00|1|0.0000|0.0000|0.0000|0|6.34
山推股份|000680|-2.08|26954800|242966464.00|-0.22|0.22|-2.30|8.94|9.11|9.15|8.92|26.95|9.13|18198250|166413184.00|1|0.0000|0.0000|0.0000|0|9.13
视觉中国|000681|0.00|15829468|336495712.00|-0.61|1.46|-0.61|21.18|21.05|21.49|21.05|15.83|21.18|25303957|541661376.00|1|0.0000|0.0000|0.0000|0|21.18
东方电子|000682|0.20|11747266|117634872.00|0.00|1.40|-0.70|10.02|10.00|10.14|9.93|11.75|10.00|13335761|133437496.00|1|0.0000|0.0000|0.0000|0|10.00
博源化工|000683|-0.18|20394542|113350176.00|-0.18|0.72|-1.08|5.56|5.56|5.61|5.51|20.39|5.57|31078091|171600928.00|1|0.0000|0.0000|0.0000|0|5.57
中山公用|000685|0.00|5709600|51029704.00|0.00|0.45|-0.45|8.94|8.94|8.98|8.90|5.71|8.94|11018634|98783032.00|1|0.0000|0.0000|0.0000|0|8.94
东北证券|000686|1.90|13022382|104109072.00|-0.13|1.90|-0.25|8.05|7.89|8.05|7.88|13.02|7.90|11109240|87934664.00|1|0.0000|0.0000|0.0000|0|7.90
国城矿业|000688|0.00|3320938|39658768.00|-0.34|0.59|-0.92|11.94|11.90|12.01|11.83|3.32|11.94|3486346|41744832.00|1|0.0000|0.0000|0.0000|0|11.94
宝新能源|000690|-0.24|19656000|81901624.00|0.00|0.24|-0.72|4.17|4.18|4.19|4.15|19.66|4.18|37179637|154736384.00|1|0.0000|0.0000|0.0000|0|4.18
*ST亚太|000691|0.68|10604127|30871952.00|1.71|1.71|-1.71|2.94|2.97|2.97|2.87|10.60|2.92|12738168|37326468.00|1|0.0000|0.0000|0.0000|0|2.92
惠天热电|000692|-0.60|5301200|17631356.00|-0.60|0.00|-1.19|3.33|3.33|3.35|3.31|5.30|3.35|9208920|30841498.00|1|0.0000|0.0000|0.0000|0|3.35
滨海能源|000695|-0.60|2759800|27560208.00|0.50|2.11|-1.01|9.88|9.99|10.15|9.84|2.76|9.94|2309950|22935950.00|1|0.0000|0.0000|0.0000|0|9.94
ST炼石|000697|-1.49|6819700|54563960.00|-0.12|0.12|-2.10|7.96|8.07|8.09|7.91|6.82|8.08|11109101|89304128.00|1|0.0000|0.0000|0.0000|0|8.08
ST沈化|000698|-1.75|12940000|43770808.00|-1.46|1.17|-2.05|3.36|3.37|3.46|3.35|12.94|3.42|19223548|65947004.00|1|0.0000|0.0000|0.0000|0|3.42
模塑科技|000700|0.51|19350887|153174528.00|-0.76|1.91|-1.27|7.89|7.79|8.00|7.75|19.35|7.85|17090900|135053104.00|1|0.0000|0.0000|0.0000|0|7.85
厦门信达|000701|-0.62|10697300|51324136.00|0.21|1.04|-1.25|4.78|4.82|4.86|4.75|10.70|4.81|10071300|48443372.00|1|0.0000|0.0000|0.0000|0|4.81
正虹科技|000702|-0.15|3538100|23839392.00|0.00|1.04|-0.59|6.73|6.74|6.81|6.70|3.54|6.74|4273200|29002552.00|1|0.0000|0.0000|0.0000|0|6.74
恒逸石化|000703|-0.17|6683300|40299056.00|-0.33|0.33|-0.33|6.02|6.01|6.05|6.01|6.68|6.03|6265467|37844172.00|1|0.0000|0.0000|0.0000|0|6.03
浙江震元|000705|-0.12|4998100|40698288.00|-0.25|0.61|-0.61|8.14|8.13|8.20|8.10|5.00|8.15|12313771|100079248.00|1|0.0000|0.0000|0.0000|0|8.15
双环科技|000707|-0.84|5836400|41348480.00|0.00|0.70|-1.13|7.05|7.11|7.16|7.03|5.84|7.11|7893800|56019592.00|1|0.0000|0.0000|0.0000|0|7.11
中信特钢|000708|-0.63|8002740|100687680.00|0.08|0.24|-0.95|12.57|12.66|12.68|12.53|8.00|12.65|11794022|148392144.00|1|0.0000|0.0000|0.0000|0|12.65
河钢股份|000709|0.00|47117343|105906552.00|0.00|1.34|-0.89|2.24|2.24|2.27|2.22|47.12|2.24|72354813|161467584.00|1|0.0000|0.0000|0.0000|0|2.24
贝瑞基因|000710|-0.29|19668200|271717984.00|0.36|1.01|-1.01|13.80|13.89|13.98|13.70|19.67|13.84|38691200|545006272.00|1|0.0000|0.0000|0.0000|0|13.84
ST京蓝|000711|0.00|18626800|33052580.00|-0.56|1.12|-1.12|1.78|1.77|1.80|1.76|18.63|1.78|34005346|60912852.00|1|0.0000|0.0000|0.0000|0|1.78
锦龙股份|000712|0.64|11601541|146380288.00|0.32|1.68|-0.16|12.59|12.55|12.72|12.49|11.60|12.51|10425009|130434312.00|1|0.0000|0.0000|0.0000|0|12.51
国投丰乐|000713|-0.42|6108420|43191512.00|-0.28|0.28|-0.85|7.07|7.08|7.12|7.04|6.11|7.10|9278321|65535632.00|1|0.0000|0.0000|0.0000|0|7.10
中兴商业|000715|-1.68|31213358|216842704.00|-2.66|-0.98|-3.92|7.02|6.95|7.07|6.86|31.21|7.14|56331262|397334976.00|1|0.0000|0.0000|0.0000|0|7.14
黑芝麻|000716|3.84|41406599|269004928.00|0.00|7.84|-0.64|6.49|6.25|6.74|6.21|41.41|6.25|16297230|102160800.00|1|0.0000|0.0000|0.0000|0|6.25
中南股份|000717|0.37|20039301|53939064.00|0.00|2.61|-0.75|2.69|2.68|2.75|2.66|20.04|2.68|22615700|61027532.00|1|0.0000|0.0000|0.0000|0|2.68
苏宁环球|000718|0.00|15232845|33026234.00|-0.46|0.46|-0.92|2.17|2.16|2.18|2.15|15.23|2.17|25035222|54566072.00|1|0.0000|0.0000|0.0000|0|2.17
中原传媒|000719|0.70|7926059|91698208.00|0.17|1.66|0.17|11.55|11.49|11.66|11.49|7.93|11.47|11938868|137132112.00|1|0.0000|0.0000|0.0000|0|11.47
新能泰山|000720|-0.69|6147400|17626874.00|0.00|0.69|-1.04|2.86|2.88|2.90|2.85|6.15|2.88|8712600|25094048.00|1|0.0000|0.0000|0.0000|0|2.88
西安饮食|000721|1.80|15893149|142962128.00|-0.45|2.02|-1.12|9.07|8.87|9.09|8.81|15.89|8.91|14445100|129102032.00|1|0.0000|0.0000|0.0000|0|8.91
湖南发展|000722|10.00|3262101|38753760.00|10.00|10.00|10.00|11.88|11.88|11.88|11.88|3.26|10.80|30106443|317860160.00|1|0.0000|0.0000|0.0000|0|10.80
美锦能源|000723|0.00|32730704|148251824.00|-0.44|0.88|-0.88|4.52|4.50|4.56|4.48|32.73|4.52|33201302|149921472.00|1|0.0000|0.0000|0.0000|0|4.52
京东方Ａ|000725|0.24|218232835|917505792.00|0.00|0.48|-0.48|4.21|4.20|4.22|4.18|218.23|4.20|284925416|1193922944.00|1|0.0000|0.0000|0.0000|0|4.20
鲁  泰Ａ|000726|0.98|6092837|37574264.00|-0.33|0.98|-0.81|6.20|6.12|6.20|6.09|6.09|6.14|7431175|45431112.00|1|0.0000|0.0000|0.0000|0|6.14
冠捷科技|000727|0.00|40676700|110324448.00|0.00|0.74|-0.37|2.71|2.71|2.73|2.70|40.68|2.71|59031431|161059360.00|1|0.0000|0.0000|0.0000|0|2.71
国元证券|000728|0.64|20039616|157532256.00|0.00|0.90|-0.26|7.87|7.82|7.89|7.80|20.04|7.82|20276158|158702112.00|1|0.0000|0.0000|0.0000|0|7.82
燕京啤酒|000729|0.64|12025666|151695936.00|0.32|2.57|0.00|12.54|12.50|12.78|12.46|12.03|12.46|15056215|188167424.00|1|0.0000|0.0000|0.0000|0|12.46
四川美丰|000731|-0.69|5918604|42855680.00|-0.41|0.27|-1.24|7.23|7.25|7.30|7.19|5.92|7.28|8169200|59463128.00|1|0.0000|0.0000|0.0000|0|7.28
振华科技|000733|0.41|14605257|817664320.00|-0.07|1.89|-1.29|55.93|55.66|56.75|54.98|14.61|55.70|19824757|1108861952.00|1|0.0000|0.0000|0.0000|0|55.70
罗 牛 山|000735|0.16|11055734|67196352.00|0.16|0.33|-0.49|6.09|6.09|6.10|6.05|11.06|6.08|12697259|77100016.00|1|0.0000|0.0000|0.0000|0|6.08
*ST中地|000736|-0.57|13785904|72466048.00|-0.57|0.19|-1.33|5.25|5.25|5.29|5.21|13.79|5.28|17802336|94897048.00|1|0.0000|0.0000|0.0000|0|5.28
北方铜业|000737|-1.71|84701128|879514944.00|-1.81|0.29|-2.19|10.34|10.33|10.55|10.29|84.70|10.52|98549076|1038436224.00|1|0.0000|0.0000|0.0000|0|10.52
航发控制|000738|-3.54|27324411|508010592.00|-0.47|-0.31|-4.32|18.55|19.14|19.17|18.40|27.32|19.23|13651580|262884640.00|1|0.0000|0.0000|0.0000|0|19.23
普洛药业|000739|-0.91|8802000|135106352.00|-0.65|0.45|-1.04|15.29|15.33|15.50|15.27|8.80|15.43|21093867|325260256.00|1|0.0000|0.0000|0.0000|0|15.43
国海证券|000750|0.75|58098742|234538208.00|0.00|1.75|-0.25|4.03|4.00|4.07|3.99|58.10|4.00|61838013|248352496.00|1|0.0000|0.0000|0.0000|0|4.00
锌业股份|000751|-0.34|10024300|29330664.00|0.00|0.34|-1.02|2.93|2.94|2.95|2.91|10.02|2.94|11912790|35129432.00|1|0.0000|0.0000|0.0000|0|2.94
ST西发|000752|0.51|1208700|9594936.00|-0.13|0.76|-0.51|7.96|7.91|7.98|7.88|1.21|7.92|1196413|9458591.00|1|0.0000|0.0000|0.0000|0|7.92
漳州发展|000753|4.94|162941116|889303680.00|-1.90|10.08|-3.23|5.52|5.16|5.79|5.09|162.94|5.26|107226535|549610752.00|1|0.0000|0.0000|0.0000|0|5.26
山西高速|000755|-0.81|6805200|33275586.00|-0.20|0.81|-1.02|4.87|4.90|4.95|4.86|6.81|4.91|10659132|51852616.00|1|0.0000|0.0000|0.0000|0|4.91
新华制药|000756|-1.36|14788570|226497072.00|-0.90|-0.13|-1.68|15.27|15.34|15.46|15.22|14.79|15.48|31527960|487370336.00|1|0.0000|0.0000|0.0000|0|15.48
浩物股份|000757|0.00|10397210|40336220.00|-0.26|1.29|-0.52|3.87|3.86|3.92|3.85|10.40|3.87|12537300|48656184.00|1|0.0000|0.0000|0.0000|0|3.87
中色股份|000758|-0.40|15874800|80038608.00|0.00|0.79|-0.79|5.03|5.05|5.09|5.01|15.87|5.05|17575448|88797312.00|1|0.0000|0.0000|0.0000|0|5.05
中百集团|000759|-1.07|31636941|234415696.00|-0.94|1.07|-1.47|7.38|7.39|7.54|7.35|31.64|7.46|46233007|349207008.00|1|0.0000|0.0000|0.0000|0|7.46
本钢板材|000761|0.27|7480462|28198198.00|-0.27|0.80|-1.06|3.78|3.76|3.80|3.73|7.48|3.77|12532199|47199524.00|1|0.0000|0.0000|0.0000|0|3.77
西藏矿业|000762|-2.47|10437402|214057824.00|-1.00|-1.00|-4.03|20.55|20.86|20.86|20.22|10.44|21.07|5527891|116805352.00|1|0.0000|0.0000|0.0000|0|21.07
通化金马|000766|-0.11|14751800|269482144.00|0.55|1.82|-0.33|18.15|18.27|18.50|18.11|14.75|18.17|18518801|336107840.00|1|0.0000|0.0000|0.0000|0|18.17
晋控电力|000767|-1.11|23547084|63081156.00|0.00|0.74|-1.85|2.68|2.71|2.73|2.66|23.55|2.71|35889232|96684968.00|1|0.0000|0.0000|0.0000|0|2.71
中航西飞|000768|-3.17|34064651|805080768.00|-0.54|-0.49|-3.26|23.50|24.14|24.15|23.48|34.06|24.27|25478200|617996544.00|1|0.0000|0.0000|0.0000|0|24.27
广发证券|000776|-0.74|30827948|499354016.00|-0.37|0.74|-0.86|16.13|16.19|16.37|16.11|30.83|16.25|36145279|587911424.00|1|0.0000|0.0000|0.0000|0|16.25
中核科技|000777|-2.33|10022922|177251520.00|-0.83|-0.50|-2.77|17.62|17.89|17.95|17.54|10.02|18.04|20709774|369894656.00|1|0.0000|0.0000|0.0000|0|18.04
新兴铸管|000778|-0.57|17441202|60872536.00|0.00|0.29|-0.86|3.48|3.50|3.51|3.47|17.44|3.50|24189556|84528400.00|1|0.0000|0.0000|0.0000|0|3.50
甘咨询|000779|-1.06|17365284|162934096.00|-0.43|1.70|-1.38|9.29|9.35|9.55|9.26|17.37|9.39|26299184|249656176.00|1|0.0000|0.0000|0.0000|0|9.39
恒申新材|000782|0.00|9942500|50928096.00|-0.39|1.97|-0.59|5.08|5.06|5.18|5.05|9.94|5.08|8315800|41739340.00|1|0.0000|0.0000|0.0000|0|5.08
长江证券|000783|0.94|27038427|174619312.00|-0.16|1.25|-0.31|6.47|6.40|6.49|6.39|27.04|6.41|32413667|207871920.00|1|0.0000|0.0000|0.0000|0|6.41
居然智家|000785|0.24|46103155|193970624.00|-0.24|0.95|-0.95|4.21|4.19|4.24|4.16|46.10|4.20|59192880|249850384.00|1|0.0000|0.0000|0.0000|0|4.20
北新建材|000786|-2.16|7673357|228418496.00|-0.10|0.30|-2.36|29.46|30.08|30.20|29.40|7.67|30.11|13937486|416469696.00|1|0.0000|0.0000|0.0000|0|30.11
北大医药|000788|-0.33|14106601|85255696.00|0.00|0.83|-0.99|6.03|6.05|6.10|5.99|14.11|6.05|28414406|172038592.00|1|0.0000|0.0000|0.0000|0|6.05
万年青|000789|0.19|6412113|34289556.00|-0.56|0.56|-1.12|5.37|5.33|5.39|5.30|6.41|5.36|6802885|36281860.00|1|0.0000|0.0000|0.0000|0|5.36
华神科技|000790|0.00|12293760|47347360.00|0.26|1.04|-0.78|3.85|3.86|3.89|3.82|12.29|3.85|27270093|104700696.00|1|0.0000|0.0000|0.0000|0|3.85
甘肃能源|000791|-1.90|43259101|291510816.00|0.88|0.88|-2.48|6.72|6.91|6.91|6.68|43.26|6.85|69149701|470036288.00|1|0.0000|0.0000|0.0000|0|6.85
盐湖股份|000792|-0.30|22729971|377235360.00|-0.18|0.24|-0.60|16.59|16.61|16.68|16.54|22.73|16.64|33671259|560470144.00|1|0.0000|0.0000|0.0000|0|16.64
ST华闻|000793|2.15|52918452|125012024.00|0.43|4.29|-1.29|2.38|2.34|2.43|2.30|52.92|2.33|52679553|120804176.00|1|0.0000|0.0000|0.0000|0|2.33
英洛华|000795|0.65|20390660|220691968.00|-0.65|1.30|-0.74|10.84|10.70|10.91|10.69|20.39|10.77|24205903|260902544.00|1|0.0000|0.0000|0.0000|0|10.77
凯撒旅业|000796|0.78|37583024|145010032.00|-0.52|2.35|-1.04|3.86|3.81|3.92|3.79|37.58|3.83|42829104|164447120.00|1|0.0000|0.0000|0.0000|0|3.83
中国武夷|000797|0.00|28663173|82541744.00|-0.70|2.44|-1.05|2.87|2.85|2.94|2.84|28.66|2.87|25835216|73831384.00|1|0.0000|0.0000|0.0000|0|2.87
中水渔业|000798|-1.14|3588400|25023432.00|0.00|0.57|-1.56|6.95|7.03|7.07|6.92|3.59|7.03|5475003|38430140.00|1|0.0000|0.0000|0.0000|0|7.03
酒鬼酒|000799|-0.68|3359800|156288640.00|-0.64|0.06|-1.26|46.50|46.52|46.85|46.23|3.36|46.82|5247799|245007088.00|1|0.0000|0.0000|0.0000|0|46.82
一汽解放|000800|-0.50|14144205|112347696.00|-0.12|0.00|-1.62|7.97|8.00|8.01|7.88|14.14|8.01|21782547|175624416.00|1|0.0000|0.0000|0.0000|0|8.01
四川九洲|000801|-1.55|21533207|342193792.00|-0.81|0.06|-1.87|15.83|15.95|16.09|15.78|21.53|16.08|26239578|422281760.00|1|0.0000|0.0000|0.0000|0|16.08
北京文化|000802|-1.07|8669000|40273748.00|-0.21|0.86|-1.07|4.61|4.65|4.70|4.61|8.67|4.66|10890713|50807336.00|1|0.0000|0.0000|0.0000|0|4.66
山高环能|000803|-0.72|10393052|57779252.00|0.72|2.35|-1.08|5.50|5.58|5.67|5.48|10.39|5.54|15846072|87936272.00|1|0.0000|0.0000|0.0000|0|5.54
云铝股份|000807|-1.25|22995182|404092256.00|-0.57|1.30|-1.98|17.43|17.55|17.88|17.30|23.00|17.65|36205643|638860224.00|1|0.0000|0.0000|0.0000|0|17.65
和展能源|000809|0.31|7154100|23379596.00|-0.61|1.23|-1.23|3.27|3.24|3.30|3.22|7.15|3.26|7107189|23022998.00|1|0.0000|0.0000|0.0000|0|3.26
创维数字|000810|-0.46|9493706|122483160.00|0.23|0.46|-0.93|12.89|12.98|13.01|12.83|9.49|12.95|19941573|256686000.00|1|0.0000|0.0000|0.0000|0|12.95
冰轮环境|000811|-0.48|8889623|110655024.00|-0.48|0.88|-0.88|12.41|12.41|12.58|12.36|8.89|12.47|17702238|221027616.00|1|0.0000|0.0000|0.0000|0|12.47
陕西金叶|000812|1.12|12536620|56916076.00|0.45|3.58|-0.22|4.52|4.49|4.63|4.46|12.54|4.47|10040010|45035996.00|1|0.0000|0.0000|0.0000|0|4.47
德展健康|000813|-1.18|26954050|90807608.00|0.00|0.00|-1.47|3.36|3.40|3.40|3.35|26.95|3.40|42841621|145405552.00|1|0.0000|0.0000|0.0000|0|3.40
美利云|000815|-1.24|31935390|410882752.00|0.23|2.49|-1.63|12.71|12.90|13.19|12.66|31.94|12.87|40973479|532498112.00|1|0.0000|0.0000|0.0000|0|12.87
智慧农业|000816|-0.61|28773301|93834056.00|-0.31|0.92|-0.61|3.24|3.25|3.29|3.24|28.77|3.26|40672500|133411160.00|1|0.0000|0.0000|0.0000|0|3.26
航锦科技|000818|-0.54|24724250|644655552.00|1.11|1.23|-1.26|25.97|26.40|26.43|25.78|24.72|26.11|30205098|795488704.00|1|0.0000|0.0000|0.0000|0|26.11
岳阳兴长|000819|-1.80|5409081|85790064.00|0.06|0.06|-2.42|15.80|16.10|16.10|15.70|5.41|16.09|7294941|117899416.00|1|0.0000|0.0000|0.0000|0|16.09
*ST节能|000820|-3.83|11178912|28423492.00|-1.53|-0.38|-3.83|2.51|2.57|2.60|2.51|11.18|2.61|18823742|48441496.00|1|0.0000|0.0000|0.0000|0|2.61
京山轻机|000821|0.08|5678630|70819896.00|0.24|0.97|-0.40|12.44|12.46|12.55|12.38|5.68|12.43|7431800|92484272.00|1|0.0000|0.0000|0.0000|0|12.43
山东海化|000822|-0.52|30625001|177236032.00|1.38|2.07|-2.41|5.77|5.88|5.92|5.66|30.63|5.80|46500876|267979040.00|1|0.0000|0.0000|0.0000|0|5.80
超声电子|000823|0.28|9965751|107048912.00|0.37|1.87|-0.19|10.70|10.71|10.87|10.65|9.97|10.67|10844100|115779256.00|1|0.0000|0.0000|0.0000|0|10.67
太钢不锈|000825|-0.85|19768904|69367544.00|0.28|0.28|-1.42|3.50|3.54|3.54|3.48|19.77|3.53|28267101|99807976.00|1|0.0000|0.0000|0.0000|0|3.53
启迪环境|000826|-0.55|16316460|29741120.00|-0.55|1.09|-1.64|1.82|1.82|1.85|1.80|16.32|1.83|29841137|54438080.00|1|0.0000|0.0000|0.0000|0|1.83
东莞控股|000828|0.10|4110100|42035152.00|0.10|0.68|-0.39|10.23|10.23|10.29|10.18|4.11|10.22|5956900|60638712.00|1|0.0000|0.0000|0.0000|0|10.22
天音控股|000829|1.21|15726691|170842496.00|0.00|2.05|-0.65|10.86|10.73|10.95|10.66|15.73|10.73|10875621|117241400.00|1|0.0000|0.0000|0.0000|0|10.73
鲁西化工|000830|-0.16|11173989|135616704.00|0.25|0.74|-0.82|12.13|12.18|12.24|12.05|11.17|12.15|15800900|191305968.00|1|0.0000|0.0000|0.0000|0|12.15
中国稀土|000831|1.63|25595711|827568192.00|-0.66|2.67|-0.78|32.38|31.65|32.71|31.61|25.60|31.86|22422715|709512384.00|1|0.0000|0.0000|0.0000|0|31.86
粤桂股份|000833|-0.09|14761299|172916704.00|-0.43|1.28|-0.85|11.69|11.65|11.85|11.60|14.76|11.70|16124179|189473872.00|1|0.0000|0.0000|0.0000|0|11.70
秦川机床|000837|8.13|160645221|2308025856.00|0.00|9.99|-4.55|14.50|13.41|14.75|12.80|160.65|13.41|105954709|1422285312.00|1|0.0000|0.0000|0.0000|0|13.41
财信发展|000838|-1.65|8581250|20465588.00|0.00|0.00|-2.48|2.38|2.42|2.42|2.36|8.58|2.42|8627800|20823340.00|1|0.0000|0.0000|0.0000|0|2.42
国安股份|000839|-1.07|27171785|75976448.00|-0.36|0.71|-1.42|2.78|2.80|2.83|2.77|27.17|2.81|21093250|59369056.00|1|0.0000|0.0000|0.0000|0|2.81
承德露露|000848|0.35|6081139|52771968.00|0.12|1.27|-0.23|8.66|8.64|8.74|8.61|6.08|8.63|6355729|54822156.00|1|0.0000|0.0000|0.0000|0|8.63
华茂股份|000850|0.70|7540200|32340484.00|0.00|1.41|-0.23|4.29|4.26|4.32|4.25|7.54|4.26|10590000|45213992.00|1|0.0000|0.0000|0.0000|0|4.26
石化机械|000852|-0.29|49710876|342176288.00|-0.72|0.00|-1.73|6.92|6.89|6.94|6.82|49.71|6.94|102017708|720884928.00|1|0.0000|0.0000|0.0000|0|6.94
冀东装备|000856|0.65|6678270|72772288.00|-0.09|1.39|-0.93|10.88|10.80|10.96|10.71|6.68|10.81|7261941|79399728.00|1|0.0000|0.0000|0.0000|0|10.81
五 粮 液|000858|-0.49|10102473|1328718336.00|0.06|0.58|-0.55|131.15|131.87|132.55|131.06|10.10|131.79|12170463|1602816896.00|1|0.0000|0.0000|0.0000|0|131.79
国风新材|000859|-1.19|136468139|804136000.00|2.90|4.77|-2.04|5.80|6.04|6.15|5.75|136.47|5.87|47026733|273714944.00|1|0.0000|0.0000|0.0000|0|5.87
顺鑫农业|000860|0.12|4133040|70128408.00|0.06|0.65|-0.12|16.95|16.94|17.04|16.91|4.13|16.93|5696660|96592688.00|1|0.0000|0.0000|0.0000|0|16.93
银星能源|000862|-0.56|65531067|348924064.00|0.56|2.82|-1.50|5.29|5.35|5.47|5.24|65.53|5.32|31599688|165540880.00|1|0.0000|0.0000|0.0000|0|5.32
三湘印象|000863|-0.28|8228900|29542872.00|-0.28|0.28|-0.83|3.59|3.59|3.61|3.57|8.23|3.60|11844959|42713068.00|1|0.0000|0.0000|0.0000|0|3.60
安凯客车|000868|-0.31|49846239|321426880.00|-0.31|1.54|-3.55|6.46|6.46|6.58|6.25|49.85|6.48|94938254|623929920.00|1|0.0000|0.0000|0.0000|0|6.48
张  裕Ａ|000869|0.73|1273200|28060904.00|0.27|1.01|-0.18|22.05|21.95|22.11|21.85|1.27|21.89|1089827|23794276.00|1|0.0000|0.0000|0.0000|0|21.89
吉电股份|000875|-0.56|30013180|160670192.00|0.00|0.00|-1.30|5.37|5.40|5.40|5.33|30.01|5.40|55890668|299962240.00|1|0.0000|0.0000|0.0000|0|5.40
新 希 望|000876|-0.85|12767400|119306288.00|-0.32|0.21|-1.06|9.32|9.37|9.42|9.30|12.77|9.40|20662007|193681808.00|1|0.0000|0.0000|0.0000|0|9.40
天山股份|000877|-2.10|11427900|64531192.00|-0.17|0.00|-2.27|5.60|5.71|5.72|5.59|11.43|5.72|14023405|79317688.00|1|0.0000|0.0000|0.0000|0|5.72
云南铜业|000878|-0.38|43304261|564623616.00|0.08|1.77|-0.77|12.95|13.01|13.23|12.90|43.30|13.00|38364226|498139520.00|1|0.0000|0.0000|0.0000|0|13.00
潍柴重机|000880|7.17|50649075|1793005952.00|1.96|7.89|-0.89|36.00|34.25|36.24|33.29|50.65|33.59|43653367|1488431488.00|1|0.0000|0.0000|0.0000|0|33.59
中广核技|000881|-1.40|9058046|64052764.00|-0.42|0.28|-1.54|7.03|7.10|7.15|7.02|9.06|7.13|16051916|113419768.00|1|0.0000|0.0000|0.0000|0|7.13
华联股份|000882|-1.35|73477601|162268672.00|0.00|0.00|-1.79|2.20|2.23|2.23|2.19|73.48|2.23|82089800|183596816.00|1|0.0000|0.0000|0.0000|0|2.23
湖北能源|000883|-0.82|29020524|140742432.00|0.00|0.20|-1.43|4.85|4.89|4.90|4.82|29.02|4.89|41345634|201121040.00|1|0.0000|0.0000|0.0000|0|4.89
城发环境|000885|1.07|3729870|49069316.00|-0.31|1.69|-0.31|13.18|13.00|13.26|13.00|3.73|13.04|3850942|50206560.00|1|0.0000|0.0000|0.0000|0|13.04
海南高速|000886|-0.33|23508514|144611648.00|0.00|2.12|-0.65|6.11|6.13|6.26|6.09|23.51|6.13|22156539|137139088.00|1|0.0000|0.0000|0.0000|0|6.13
中鼎股份|000887|2.10|42429008|806829952.00|0.59|3.71|0.05|18.99|18.71|19.29|18.61|42.43|18.60|51435544|968514112.00|1|0.0000|0.0000|0.0000|0|18.60
峨眉山Ａ|000888|1.98|30752978|440767168.00|0.14|3.05|-0.78|14.39|14.13|14.54|14.00|30.75|14.11|27060680|383345024.00|1|0.0000|0.0000|0.0000|0|14.11
中嘉博创|000889|1.58|21911067|56187820.00|0.00|4.35|-1.19|2.57|2.53|2.64|2.50|21.91|2.53|13544840|34396816.00|1|0.0000|0.0000|0.0000|0|2.53
法尔胜|000890|0.00|10038601|32962440.00|0.31|1.53|-0.92|3.27|3.28|3.32|3.24|10.04|3.27|15145400|49861664.00|1|0.0000|0.0000|0.0000|0|3.27
欢瑞世纪|000892|0.56|22909663|82639936.00|-0.28|3.66|-0.56|3.57|3.54|3.68|3.53|22.91|3.55|17764699|63378728.00|1|0.0000|0.0000|0.0000|0|3.55
亚钾国际|000893|1.01|5812652|145433248.00|-0.12|2.02|-0.32|25.00|24.72|25.25|24.67|5.81|24.75|6777850|166546192.00|1|0.0000|0.0000|0.0000|0|24.75
双汇发展|000895|-1.24|9740383|264670048.00|-0.26|0.55|-1.68|27.06|27.33|27.55|26.94|9.74|27.40|12020235|327506240.00|1|0.0000|0.0000|0.0000|0|27.40
津滨发展|000897|-0.86|17409940|40073080.00|0.00|0.00|-1.29|2.30|2.32|2.32|2.29|17.41|2.32|19636480|45528280.00|1|0.0000|0.0000|0.0000|0|2.32
鞍钢股份|000898|-0.82|23156278|56007648.00|0.00|0.00|-1.64|2.42|2.44|2.44|2.40|23.16|2.44|31777744|77152168.00|1|0.0000|0.0000|0.0000|0|2.44
赣能股份|000899|-2.17|23212300|210880352.00|-0.22|-0.22|-2.38|9.03|9.21|9.21|9.01|23.21|9.23|34457159|315027744.00|1|0.0000|0.0000|0.0000|0|9.23
现代投资|000900|-0.47|8890196|37413460.00|0.00|0.47|-0.95|4.20|4.22|4.24|4.18|8.89|4.22|13756017|57696488.00|1|0.0000|0.0000|0.0000|0|4.22
航天科技|000901|-0.89|9885300|110085816.00|-0.27|0.18|-1.25|11.12|11.19|11.24|11.08|9.89|11.22|17421705|195758288.00|1|0.0000|0.0000|0.0000|0|11.22
新洋丰|000902|0.00|3965451|50557144.00|0.08|0.94|-0.94|12.76|12.77|12.88|12.64|3.97|12.76|5119700|65220044.00|1|0.0000|0.0000|0.0000|0|12.76
ST云动|000903|0.29|37407671|127306880.00|-0.59|1.18|-1.47|3.41|3.38|3.44|3.35|37.41|3.40|53385277|183387648.00|1|0.0000|0.0000|0.0000|0|3.40
厦门港务|000905|4.79|56212827|446689824.00|0.00|5.31|-0.78|8.09|7.72|8.13|7.66|56.21|7.72|23176900|178284336.00|1|0.0000|0.0000|0.0000|0|7.72
浙商中拓|000906|-0.81|4638700|28376000.00|-0.49|0.16|-1.14|6.10|6.12|6.16|6.08|4.64|6.15|6179218|37953476.00|1|0.0000|0.0000|0.0000|0|6.15
*ST景峰|000908|0.22|9923270|44617236.00|0.67|2.24|-0.22|4.48|4.50|4.57|4.46|9.92|4.47|13690730|61270892.00|1|0.0000|0.0000|0.0000|0|4.47
ST数源|000909|0.00|1828801|10239011.00|-0.72|1.80|-0.72|5.57|5.53|5.67|5.53|1.83|5.57|2573000|14298904.00|1|0.0000|0.0000|0.0000|0|5.57
大亚圣象|000910|0.38|2755033|21828622.00|0.13|1.01|-0.76|7.93|7.91|7.98|7.84|2.76|7.90|4041700|32084696.00|1|0.0000|0.0000|0.0000|0|7.90
广农糖业|000911|0.41|4431702|32497002.00|0.14|1.92|-0.41|7.31|7.29|7.42|7.25|4.43|7.28|3900900|28052536.00|1|0.0000|0.0000|0.0000|0|7.28
泸天化|000912|0.21|7401700|34688948.00|0.64|1.07|-1.28|4.70|4.72|4.74|4.63|7.40|4.69|8191200|38468400.00|1|0.0000|0.0000|0.0000|0|4.69
钱江摩托|000913|-0.39|4675482|83672304.00|-0.17|0.33|-0.78|17.87|17.91|18.00|17.80|4.68|17.94|7104300|128504888.00|1|0.0000|0.0000|0.0000|0|17.94
华特达因|000915|0.07|5169207|149326256.00|0.00|0.42|-0.48|28.91|28.89|29.01|28.75|5.17|28.89|7516819|216567760.00|1|0.0000|0.0000|0.0000|0|28.89
电广传媒|000917|4.46|93611616|742451264.00|-0.39|7.21|-0.66|7.97|7.60|8.18|7.58|93.61|7.63|85502133|656543232.00|1|0.0000|0.0000|0.0000|0|7.63
金陵药业|000919|-1.31|5911100|40270276.00|-0.44|0.29|-1.46|6.78|6.84|6.89|6.77|5.91|6.87|14680819|100523232.00|1|0.0000|0.0000|0.0000|0|6.87
沃顿科技|000920|0.21|4985000|46531548.00|0.11|0.75|-1.07|9.34|9.33|9.39|9.22|4.98|9.32|6582810|61071084.00|1|0.0000|0.0000|0.0000|0|9.32
海信家电|000921|-0.14|8313974|242999888.00|-0.62|1.06|-1.51|29.18|29.04|29.53|28.78|8.31|29.22|10624245|311437600.00|1|0.0000|0.0000|0.0000|0|29.22
佳电股份|000922|1.23|10289821|118627680.00|-0.09|2.99|-1.14|11.51|11.36|11.71|11.24|10.29|11.37|10453361|118433288.00|1|0.0000|0.0000|0.0000|0|11.37
河钢资源|000923|-0.63|11756100|185171568.00|-0.57|0.70|-1.01|15.69|15.70|15.90|15.63|11.76|15.79|13519910|214112288.00|1|0.0000|0.0000|0.0000|0|15.79
众合科技|000925|-0.49|10676826|86543448.00|-0.25|0.49|-0.86|8.08|8.10|8.16|8.05|10.68|8.12|14329800|116259912.00|1|0.0000|0.0000|0.0000|0|8.12
福星股份|000926|-1.69|20879860|48587024.00|-0.42|0.00|-2.12|2.32|2.35|2.36|2.31|20.88|2.36|27714801|64907972.00|1|0.0000|0.0000|0.0000|0|2.36
中国铁物|000927|-0.40|28393033|71703472.00|0.40|0.40|-0.79|2.52|2.54|2.54|2.51|28.39|2.53|47500712|120295024.00|1|0.0000|0.0000|0.0000|0|2.53
中钢国际|000928|-0.61|10842100|70465024.00|-0.46|0.15|-1.07|6.49|6.50|6.54|6.46|10.84|6.53|11418964|74524400.00|1|0.0000|0.0000|0.0000|0|6.53
*ST兰黄|000929|-1.17|2507459|17056106.00|0.00|0.58|-1.46|6.76|6.84|6.88|6.74|2.51|6.84|4073646|27677350.00|1|0.0000|0.0000|0.0000|0|6.84
中粮科技|000930|-0.72|7307700|40065664.00|-0.18|-0.18|-1.45|5.49|5.52|5.52|5.45|7.31|5.53|11238803|61897996.00|1|0.0000|0.0000|0.0000|0|5.53
中 关 村|000931|-0.40|6578652|32487578.00|0.00|0.60|-1.41|4.94|4.96|4.99|4.89|6.58|4.96|14346447|71319240.00|1|0.0000|0.0000|0.0000|0|4.96
华菱钢铁|000932|0.00|53131499|269648608.00|0.39|1.18|-1.57|5.08|5.10|5.14|5.00|53.13|5.08|119187336|602711424.00|1|0.0000|0.0000|0.0000|0|5.08
神火股份|000933|-1.17|17591335|330792192.00|-0.48|1.49|-1.44|18.58|18.71|19.08|18.53|17.59|18.80|15132342|284580928.00|1|0.0000|0.0000|0.0000|0|18.80
四川双马|000935|0.25|2333799|37410772.00|-0.19|1.06|-0.63|16.02|15.95|16.15|15.88|2.33|15.98|3500619|56043828.00|1|0.0000|0.0000|0.0000|0|15.98
华西股份|000936|1.13|13598298|97218016.00|0.00|2.12|-0.42|7.14|7.06|7.21|7.03|13.60|7.06|16304500|116027344.00|1|0.0000|0.0000|0.0000|0|7.06
冀中能源|000937|-0.67|8240380|49225748.00|0.00|0.17|-1.00|5.96|6.00|6.01|5.94|8.24|6.00|16076343|95925808.00|1|0.0000|0.0000|0.0000|0|6.00
紫光股份|000938|2.05|63391132|1778224128.00|0.66|4.13|0.26|27.90|27.52|28.47|27.41|63.39|27.34|37324420|1026114944.00|1|0.0000|0.0000|0.0000|0|27.34
南天信息|000948|0.11|5508276|97037600.00|-0.40|0.85|-0.68|17.62|17.53|17.75|17.48|5.51|17.60|5822300|102514832.00|1|0.0000|0.0000|0.0000|0|17.60
新乡化纤|000949|0.00|29549100|126679344.00|-0.47|1.40|-1.17|4.28|4.26|4.34|4.23|29.55|4.28|36953385|158496096.00|1|0.0000|0.0000|0.0000|0|4.28
重药控股|000950|-0.19|10831700|55485504.00|0.00|0.19|-0.58|5.12|5.13|5.14|5.10|10.83|5.13|20387428|104817664.00|1|0.0000|0.0000|0.0000|0|5.13
中国重汽|000951|1.10|17232934|343612768.00|0.00|1.56|-2.61|20.15|19.93|20.24|19.41|17.23|19.93|18865068|378323264.00|1|0.0000|0.0000|0.0000|0|19.93
广济药业|000952|-1.40|3737340|21218016.00|0.00|0.70|-1.58|5.63|5.71|5.75|5.62|3.74|5.71|9368663|53477724.00|1|0.0000|0.0000|0.0000|0|5.71
河化股份|000953|-10.04|73962574|472855168.00|-4.02|-2.58|-10.04|6.27|6.69|6.79|6.27|73.96|6.97|127961807|855214656.00|1|0.0000|0.0000|0.0000|0|6.97
欣龙控股|000955|0.00|9336800|38571328.00|1.21|1.21|-0.73|4.12|4.17|4.17|4.09|9.34|4.12|12310993|51343900.00|1|0.0000|0.0000|0.0000|0|4.12
中通客车|000957|-2.07|20971026|238714640.00|-0.52|-0.52|-2.50|11.36|11.54|11.54|11.31|20.97|11.60|40929658|475304736.00|1|0.0000|0.0000|0.0000|0|11.60
电投产融|000958|9.99|289009010|1982589312.00|1.34|9.99|-3.58|7.38|6.80|7.38|6.47|289.01|6.71|216295138|1462604160.00|1|0.0000|0.0000|0.0000|0|6.71
首钢股份|000959|-1.48|24261326|81598512.00|0.00|0.89|-1.78|3.33|3.38|3.41|3.32|24.26|3.38|29440100|99278432.00|1|0.0000|0.0000|0.0000|0|3.38
锡业股份|000960|2.89|83645302|1343048960.00|1.03|5.14|0.39|16.00|15.71|16.35|15.61|83.65|15.55|53781504|841389312.00|1|0.0000|0.0000|0.0000|0|15.55
东方钽业|000962|-1.16|13722300|224093872.00|-0.49|0.92|-1.71|16.20|16.31|16.54|16.11|13.72|16.39|24723575|404348224.00|1|0.0000|0.0000|0.0000|0|16.39
华东医药|000963|-0.10|15456458|600100160.00|-0.23|1.99|-0.67|38.74|38.69|39.55|38.52|15.46|38.78|37472628|1444340608.00|1|0.0000|0.0000|0.0000|0|38.78
天保基建|000965|-0.99|12298800|36814104.00|0.00|0.00|-1.66|2.99|3.02|3.02|2.97|12.30|3.02|14812174|44600280.00|1|0.0000|0.0000|0.0000|0|3.02
长源电力|000966|-1.46|22978952|108309120.00|0.00|0.00|-1.88|4.71|4.78|4.78|4.69|22.98|4.78|36115298|171528288.00|1|0.0000|0.0000|0.0000|0|4.78
盈峰环境|000967|-2.15|51058439|306465376.00|0.00|1.99|-2.32|5.91|6.04|6.16|5.90|51.06|6.04|77941747|470028704.00|1|0.0000|0.0000|0.0000|0|6.04
蓝焰控股|000968|-1.51|5310800|34831896.00|-0.30|-0.15|-1.81|6.53|6.61|6.62|6.51|5.31|6.63|8872100|58579936.00|1|0.0000|0.0000|0.0000|0|6.63
安泰科技|000969|1.12|65716502|890768384.00|0.67|2.54|0.22|13.52|13.46|13.71|13.40|65.72|13.37|60777626|802915136.00|1|0.0000|0.0000|0.0000|0|13.37
中科三环|000970|0.31|12553201|161947136.00|-0.39|1.40|-0.39|12.86|12.77|13.00|12.77|12.55|12.82|18467059|237947968.00|1|0.0000|0.0000|0.0000|0|12.82
*ST中基|000972|2.71|38384780|117906592.00|3.05|5.08|2.03|3.03|3.04|3.10|3.01|38.38|2.95|52722089|153518064.00|1|0.0000|0.0000|0.0000|0|2.95
佛塑科技|000973|-0.29|10467024|70796576.00|-0.15|0.44|-0.74|6.76|6.77|6.81|6.73|10.47|6.78|15307507|103987176.00|1|0.0000|0.0000|0.0000|0|6.78
山金国际|000975|-1.70|25860238|480002848.00|-0.11|0.16|-2.45|18.45|18.75|18.80|18.31|25.86|18.77|45986152|878112640.00|1|0.0000|0.0000|0.0000|0|18.77
浪潮信息|000977|0.02|22864485|1217533952.00|0.04|1.13|-0.32|53.08|53.09|53.67|52.90|22.86|53.07|29222347|1562016384.00|1|0.0000|0.0000|0.0000|0|53.07
桂林旅游|000978|0.16|7895000|50871040.00|0.00|1.56|-0.93|6.44|6.43|6.53|6.37|7.90|6.43|11544010|74243712.00|1|0.0000|0.0000|0.0000|0|6.43
众泰汽车|000980|-1.76|80600799|180250944.00|-0.88|-0.44|-2.20|2.23|2.25|2.26|2.22|80.60|2.27|99719860|226684048.00|1|0.0000|0.0000|0.0000|0|2.27
山子高科|000981|-1.94|187859001|381657408.00|0.00|0.00|-1.94|2.02|2.06|2.06|2.02|187.86|2.06|114134900|235801216.00|1|0.0000|0.0000|0.0000|0|2.06
山西焦煤|000983|-0.56|18922639|133338512.00|-0.42|0.00|-0.85|7.04|7.05|7.08|7.02|18.92|7.08|47268318|331528576.00|1|0.0000|0.0000|0.0000|0|7.08
大庆华科|000985|0.23|1075607|18533080.00|0.00|1.22|-0.93|17.22|17.18|17.39|17.02|1.08|17.18|1295600|22345860.00|1|0.0000|0.0000|0.0000|0|17.18
越秀资本|000987|0.31|12220095|79320040.00|-0.46|0.93|-0.46|6.48|6.43|6.52|6.43|12.22|6.46|23089525|149395728.00|1|0.0000|0.0000|0.0000|0|6.46
华工科技|000988|1.14|17365451|726188672.00|0.00|2.15|-0.29|41.82|41.35|42.24|41.23|17.37|41.35|15551900|645073472.00|1|0.0000|0.0000|0.0000|0|41.35
九芝堂|000989|0.00|7817800|64935344.00|-0.36|0.48|-0.72|8.30|8.27|8.34|8.24|7.82|8.30|10323535|85806008.00|1|0.0000|0.0000|0.0000|0|8.30
诚志股份|000990|-0.79|7781700|58626408.00|-0.13|0.13|-1.19|7.51|7.56|7.58|7.48|7.78|7.57|13678331|102860416.00|1|0.0000|0.0000|0.0000|0|7.57
闽东电力|000993|-1.72|15654065|142911968.00|-0.65|-0.11|-2.05|9.12|9.22|9.27|9.09|15.65|9.28|24519324|225661728.00|1|0.0000|0.0000|0.0000|0|9.28
皇台酒业|000995|2.77|8563801|110383960.00|0.00|3.49|0.00|12.97|12.62|13.06|12.62|8.56|12.62|5322100|67111968.00|1|0.0000|0.0000|0.0000|0|12.62
新 大 陆|000997|-1.43|17147351|501903008.00|0.31|1.53|-1.87|29.01|29.52|29.88|28.88|17.15|29.43|29076516|859055104.00|1|0.0000|0.0000|0.0000|0|29.43
隆平高科|000998|-0.30|7360800|74507320.00|0.00|0.10|-0.59|10.12|10.15|10.16|10.09|7.36|10.15|7418000|75229960.00|1|0.0000|0.0000|0.0000|0|10.15
华润三九|000999|0.11|8249815|359470432.00|-0.44|0.69|-0.57|43.53|43.29|43.78|43.23|8.25|43.48|18579687|804700992.00|1|0.0000|0.0000|0.0000|0|43.48
东瑞股份|001201|0.27|2101180|30861068.00|-0.07|0.68|-1.22|14.78|14.73|14.84|14.56|2.10|14.74|2839000|41932076.00|1|0.0000|0.0000|0.0000|0|14.74
炬申股份|001202|0.76|3544949|55957108.00|0.96|1.21|-1.15|15.82|15.85|15.89|15.52|3.54|15.70|6337289|100068296.00|1|0.0000|0.0000|0.0000|0|15.70
大中矿业|001203|-0.11|4020038|35355616.00|-0.23|0.57|-0.57|8.78|8.77|8.84|8.74|4.02|8.79|5358752|46884696.00|1|0.0000|0.0000|0.0000|0|8.79
盛航股份|001205|1.04|4057264|74810528.00|-0.16|2.42|-0.66|18.40|18.18|18.65|18.09|4.06|18.21|3082240|56108004.00|1|0.0000|0.0000|0.0000|0|18.21
依依股份|001206|1.77|1993036|38927060.00|-0.78|2.70|-0.78|19.59|19.10|19.77|19.10|1.99|19.25|3579584|68788704.00|1|0.0000|0.0000|0.0000|0|19.25
联科科技|001207|0.18|2477700|54183284.00|0.32|1.84|-0.60|21.77|21.80|22.13|21.60|2.48|21.73|2268127|49665072.00|1|0.0000|0.0000|0.0000|0|21.73
华菱线缆|001208|0.56|13439600|147001712.00|-0.09|3.89|-1.30|10.87|10.80|11.23|10.67|13.44|10.81|12192229|132620312.00|1|0.0000|0.0000|0.0000|0|10.81
洪兴股份|001209|0.61|1638685|26810990.00|0.06|0.61|-0.61|16.44|16.35|16.44|16.24|1.64|16.34|2611100|42840480.00|1|0.0000|0.0000|0.0000|0|16.34
金房能源|001210|-0.81|1061620|15606386.00|0.00|1.35|-1.22|14.67|14.79|14.99|14.61|1.06|14.79|2189800|32156722.00|1|0.0000|0.0000|0.0000|0|14.79
双枪科技|001211|1.34|748700|16401830.00|1.85|1.94|-1.43|21.96|22.07|22.09|21.36|0.75|21.67|957100|20695872.00|1|0.0000|0.0000|0.0000|0|21.67
中旗新材|001212|10.00|315200|11164384.00|10.00|10.00|10.00|35.42|35.42|35.42|35.42|0.32|32.20|625521|20141776.00|1|0.0000|0.0000|0.0000|0|32.20
中铁特货|001213|-0.49|8998300|36455744.00|0.00|0.00|-0.74|4.05|4.07|4.07|4.04|9.00|4.07|14632600|59324624.00|1|0.0000|0.0000|0.0000|0|4.07
千味央厨|001215|-0.82|1162600|32549128.00|0.00|0.82|-1.07|27.87|28.10|28.33|27.80|1.16|28.10|1435100|40350656.00|1|0.0000|0.0000|0.0000|0|28.10
华瓷股份|001216|3.04|3583331|49522020.00|0.00|3.93|-0.30|13.90|13.49|14.02|13.45|3.58|13.49|1810700|24468266.00|1|0.0000|0.0000|0.0000|0|13.49
华尔泰|001217|-4.37|35057810|428885824.00|-4.06|-2.34|-6.24|12.26|12.30|12.52|12.02|35.06|12.82|53792958|699633088.00|1|0.0000|0.0000|0.0000|0|12.82
丽臣实业|001218|-1.34|3060668|52122684.00|-0.47|0.70|-1.63|16.90|17.05|17.25|16.85|3.06|17.13|4647205|79341632.00|1|0.0000|0.0000|0.0000|0|17.13
青岛食品|001219|-0.08|1975734|26092404.00|0.30|0.99|-0.61|13.15|13.20|13.29|13.08|1.98|13.16|2530430|33246582.00|1|0.0000|0.0000|0.0000|0|13.16
源飞宠物|001222|1.41|2080120|32992130.00|0.13|2.69|-0.64|15.82|15.62|16.02|15.50|2.08|15.60|1754740|27524286.00|1|0.0000|0.0000|0.0000|0|15.60
欧克科技|001223|2.24|1209800|67600912.00|0.00|6.59|-1.37|55.21|54.00|57.56|53.26|1.21|54.00|527115|27964412.00|1|0.0000|0.0000|0.0000|0|54.00
和泰机电|001225|-1.02|1000400|33255988.00|-0.51|1.51|-1.39|32.85|33.02|33.69|32.73|1.00|33.19|890100|29180588.00|1|0.0000|0.0000|0.0000|0|33.19
拓山重工|001226|-0.04|1018000|28041648.00|-0.07|0.87|-1.34|27.51|27.50|27.76|27.15|1.02|27.52|1415600|39211192.00|1|0.0000|0.0000|0.0000|0|27.52
兰州银行|001227|1.29|81218609|190393888.00|0.00|1.72|0.00|2.35|2.32|2.36|2.32|81.22|2.32|42614105|98890328.00|1|0.0000|0.0000|0.0000|0|2.32
永泰运|001228|-1.01|743506|16185907.00|-0.27|1.01|-1.28|21.62|21.78|22.06|21.56|0.74|21.84|1615400|35257176.00|1|0.0000|0.0000|0.0000|0|21.84
魅视科技|001229|-0.34|790200|26004772.00|0.00|0.94|-0.58|32.72|32.83|33.14|32.64|0.79|32.83|1051447|34598636.00|1|0.0000|0.0000|0.0000|0|32.83
劲旅环境|001230|-1.54|1866060|37041744.00|-0.40|0.40|-2.29|19.76|19.99|20.15|19.61|1.87|20.07|3150579|63924632.00|1|0.0000|0.0000|0.0000|0|20.07
农心科技|001231|0.06|1156700|20261204.00|0.17|1.50|-0.52|17.40|17.42|17.65|17.30|1.16|17.39|1679917|29275708.00|1|0.0000|0.0000|0.0000|0|17.39
泰慕士|001234|1.70|2170700|40455008.00|2.36|3.01|0.49|18.56|18.68|18.80|18.34|2.17|18.25|1451500|26464566.00|1|0.0000|0.0000|0.0000|0|18.25
弘业期货|001236|0.39|37760459|382670336.00|-0.49|2.47|-1.78|10.17|10.08|10.38|9.95|37.76|10.13|43074000|428316064.00|1|0.0000|0.0000|0.0000|0|10.13
浙江正特|001238|0.25|503905|15863315.00|0.00|1.24|-0.35|31.47|31.39|31.78|31.28|0.50|31.39|440400|13822582.00|1|0.0000|0.0000|0.0000|0|31.39
永达股份|001239|-0.07|4407063|66450152.00|-0.13|0.60|-0.93|15.06|15.05|15.16|14.93|4.41|15.07|6287063|95146360.00|1|0.0000|0.0000|0.0000|0|15.07
博菲电气|001255|0.04|587100|16155004.00|-0.11|1.28|-0.99|27.40|27.36|27.74|27.12|0.59|27.39|1054700|28816192.00|1|0.0000|0.0000|0.0000|0|27.39
炜冈科技|001256|-0.58|3049676|88691552.00|0.00|1.85|-2.98|29.00|29.17|29.71|28.30|3.05|29.17|3161800|91758456.00|1|0.0000|0.0000|0.0000|0|29.17
立新能源|001258|-3.38|103637608|833385344.00|6.88|6.88|-4.88|7.72|8.54|8.54|7.60|103.64|7.99|32486628|254029120.00|1|0.0000|0.0000|0.0000|0|7.99
利仁科技|001259|0.87|804400|17791768.00|0.05|1.78|-0.37|22.08|21.90|22.28|21.81|0.80|21.89|1222300|26943148.00|1|0.0000|0.0000|0.0000|0|21.89
坤泰股份|001260|0.93|1322604|23079356.00|-0.29|2.73|-0.81|17.38|17.17|17.69|17.08|1.32|17.22|1329900|23014692.00|1|0.0000|0.0000|0.0000|0|17.22
宏英智能|001266|1.52|1498600|36068812.00|0.08|3.39|-0.38|23.97|23.63|24.41|23.52|1.50|23.61|1552400|36973396.00|1|0.0000|0.0000|0.0000|0|23.61
汇绿生态|001267|0.21|6677550|62624176.00|-0.11|1.93|-0.64|9.33|9.30|9.49|9.25|6.68|9.31|5816100|53804448.00|1|0.0000|0.0000|0.0000|0|9.31
联合精密|001268|1.45|3265600|70606512.00|-0.14|2.29|-0.84|21.69|21.35|21.87|21.20|3.27|21.38|3121214|67100520.00|1|0.0000|0.0000|0.0000|0|21.38
欧晶科技|001269|-2.54|5315880|137553072.00|-1.21|0.46|-3.15|25.67|26.02|26.46|25.51|5.32|26.34|7298074|190941760.00|1|0.0000|0.0000|0.0000|0|26.34
*ST铖昌|001270|-0.70|2782136|83261616.00|-0.80|0.80|-1.56|29.84|29.81|30.29|29.58|2.78|30.05|5725611|171889136.00|1|0.0000|0.0000|0.0000|0|30.05
速达股份|001277|0.85|1652338|60942184.00|0.27|2.42|0.00|36.70|36.49|37.27|36.39|1.65|36.39|2178630|79325448.00|1|0.0000|0.0000|0.0000|0|36.39
一彬科技|001278|0.72|1535600|25857712.00|0.36|1.98|-1.08|16.81|16.75|17.02|16.51|1.54|16.69|1579300|26482212.00|1|0.0000|0.0000|0.0000|0|16.69
强邦新材|001279|0.05|1274972|50268956.00|-0.28|1.28|-0.31|39.22|39.09|39.70|39.08|1.27|39.20|1297200|50857000.00|1|0.0000|0.0000|0.0000|0|39.20
三联锻造|001282|2.19|3932483|107544168.00|0.00|2.67|-0.67|27.52|26.93|27.65|26.75|3.93|26.93|3430390|93516376.00|1|0.0000|0.0000|0.0000|0|26.93
豪鹏科技|001283|-0.39|669700|37616384.00|0.55|1.26|-1.14|55.92|56.45|56.85|55.50|0.67|56.14|763800|42882604.00|1|0.0000|0.0000|0.0000|0|56.14
陕西能源|001286|-1.06|15695396|147122192.00|0.00|0.32|-1.27|9.35|9.45|9.48|9.33|15.70|9.45|24639785|231379568.00|1|0.0000|0.0000|0.0000|0|9.45
中电港|001287|0.00|4147200|76008864.00|0.22|0.87|-0.33|18.29|18.33|18.45|18.23|4.15|18.29|4523453|82995664.00|1|0.0000|0.0000|0.0000|0|18.29
运机集团|001288|0.37|1890764|57292528.00|0.46|1.46|-0.66|30.22|30.25|30.55|29.91|1.89|30.11|1440328|43335552.00|1|0.0000|0.0000|0.0000|0|30.11
龙源电力|001289|-3.33|12596225|208415440.00|-0.99|-0.99|-4.21|16.53|16.93|16.93|16.38|12.60|17.10|20403216|346363072.00|1|0.0000|0.0000|0.0000|0|17.10
长江材料|001296|-0.17|1022954|18147454.00|0.11|0.96|-0.40|17.66|17.71|17.86|17.62|1.02|17.69|1555844|27558704.00|1|0.0000|0.0000|0.0000|0|17.69
好上好|001298|0.38|3178636|82806824.00|-0.42|0.73|-0.77|26.10|25.89|26.19|25.80|3.18|26.00|4581634|119647104.00|1|0.0000|0.0000|0.0000|0|26.00
美能能源|001299|0.07|10320311|150548960.00|1.04|3.62|0.00|14.37|14.51|14.88|14.36|10.32|14.36|9950565|143295520.00|1|0.0000|0.0000|0.0000|0|14.36
三柏硕|001300|0.93|1848700|22095716.00|0.00|1.60|-1.01|11.97|11.86|12.05|11.74|1.85|11.86|2547850|30365988.00|1|0.0000|0.0000|0.0000|0|11.86
尚太科技|001301|4.47|5547505|323827392.00|-0.60|4.80|-2.62|59.38|56.50|59.57|55.35|5.55|56.84|4097600|233996000.00|1|0.0000|0.0000|0.0000|0|56.84
夏厦精密|001306|0.43|1312064|102829552.00|-0.34|2.24|-0.71|77.89|77.30|79.30|77.01|1.31|77.56|1019928|79197320.00|1|0.0000|0.0000|0.0000|0|77.56
康冠科技|001308|0.48|1769692|40334356.00|-0.57|1.06|-0.75|22.85|22.61|22.98|22.57|1.77|22.74|1670946|38092032.00|1|0.0000|0.0000|0.0000|0|22.74
德明利|001309|2.16|5637135|732880320.00|-0.01|5.70|-0.56|129.39|126.65|133.88|125.95|5.64|126.66|4547020|578300160.00|1|0.0000|0.0000|0.0000|0|126.66
多利科技|001311|0.95|2077613|59355780.00|0.04|1.73|-0.81|28.60|28.34|28.82|28.10|2.08|28.33|2022271|57631500.00|1|0.0000|0.0000|0.0000|0|28.33
粤海饲料|001313|0.00|3256581|28591300.00|-0.23|0.34|-1.59|8.83|8.81|8.86|8.69|3.26|8.83|4347900|38498308.00|1|0.0000|0.0000|0.0000|0|8.83
亿道信息|001314|-0.21|1810500|87113912.00|0.69|0.79|-0.42|47.97|48.40|48.45|47.87|1.81|48.07|2152900|103889352.00|1|0.0000|0.0000|0.0000|0|48.07
润贝航科|001316|-1.21|1276000|40574236.00|-0.34|1.03|-1.74|31.71|31.99|32.43|31.54|1.28|32.10|2282335|73615616.00|1|0.0000|0.0000|0.0000|0|32.10
三羊马|001317|0.42|3569958|121928800.00|0.30|4.20|-0.48|33.68|33.64|34.95|33.38|3.57|33.54|2778132|93672816.00|1|0.0000|0.0000|0.0000|0|33.54
阳光乳业|001318|-0.38|6975159|91746936.00|0.68|0.91|-1.14|13.12|13.26|13.29|13.02|6.98|13.17|9921159|131760856.00|1|0.0000|0.0000|0.0000|0|13.17
铭科精技|001319|1.75|3823942|102835888.00|0.08|3.34|-0.46|26.81|26.37|27.23|26.23|3.82|26.35|3474600|92436560.00|1|0.0000|0.0000|0.0000|0|26.35
箭牌家居|001322|-0.49|2741100|22469084.00|-0.24|0.49|-0.97|8.18|8.20|8.26|8.14|2.74|8.22|4078000|33473062.00|1|0.0000|0.0000|0.0000|0|8.22
慕思股份|001323|1.37|2204309|72045168.00|-0.12|3.81|-0.81|32.50|32.02|33.28|31.80|2.20|32.06|2505400|80837744.00|1|0.0000|0.0000|0.0000|0|32.06
长青科技|001324|1.16|1825200|33532352.00|0.50|2.87|-0.28|18.32|18.20|18.63|18.06|1.83|18.11|2328300|42530232.00|1|0.0000|0.0000|0.0000|0|18.11
联域股份|001326|0.73|529496|17471130.00|0.06|1.78|-0.37|32.91|32.69|33.25|32.55|0.53|32.67|588976|19248500.00|1|0.0000|0.0000|0.0000|0|32.67
登康口腔|001328|3.58|1627012|69455280.00|-0.99|4.78|-0.99|43.09|41.19|43.59|41.19|1.63|41.60|1570497|65202992.00|1|0.0000|0.0000|0.0000|0|41.60
博纳影业|001330|0.00|8336699|37852468.00|-0.44|0.88|-0.44|4.53|4.51|4.57|4.51|8.34|4.53|14094199|64108504.00|1|0.0000|0.0000|0.0000|0|4.53
胜通能源|001331|-0.54|2558691|32971492.00|-0.08|1.01|-0.93|12.82|12.88|13.02|12.77|2.56|12.89|1945012|25017194.00|1|0.0000|0.0000|0.0000|0|12.89
锡装股份|001332|-2.30|6223458|263290192.00|7.87|7.87|-3.08|41.20|45.49|45.49|40.87|6.22|42.17|4177933|170537232.00|1|0.0000|0.0000|0.0000|0|42.17
光华股份|001333|-9.99|15832671|428267232.00|0.00|2.96|-9.99|26.12|29.02|29.88|26.12|15.83|29.02|6346555|184061776.00|1|0.0000|0.0000|0.0000|0|29.02
楚环科技|001336|-10.02|8490568|184395968.00|-10.02|-6.14|-10.02|21.56|21.56|22.49|21.56|8.49|23.96|14634019|342930944.00|1|0.0000|0.0000|0.0000|0|23.96
四川黄金|001337|-3.43|18134177|424178752.00|-0.71|-0.29|-3.89|23.09|23.74|23.84|22.98|18.13|23.91|25959297|627560064.00|1|0.0000|0.0000|0.0000|0|23.91
永顺泰|001338|0.43|5033300|58526504.00|0.09|1.04|-0.26|11.61|11.57|11.68|11.53|5.03|11.56|6169700|71485384.00|1|0.0000|0.0000|0.0000|0|11.56
智微智能|001339|0.84|4875400|248058832.00|-0.02|2.55|-0.12|50.70|50.27|51.56|50.22|4.88|50.28|5423015|275409440.00|1|0.0000|0.0000|0.0000|0|50.28
富岭股份|001356|4.26|54022514|879106048.00|-2.10|8.03|-4.20|16.88|15.85|17.49|15.51|54.02|16.19|49147146|760572416.00|1|0.0000|0.0000|0.0000|0|16.19
兴欣新材|001358|-0.30|918320|21544110.00|-0.38|0.98|-1.02|23.45|23.43|23.75|23.28|0.92|23.52|2155264|50379108.00|1|0.0000|0.0000|0.0000|0|23.52
平安电工|001359|3.43|9503484|328808992.00|-0.90|9.98|-2.25|34.42|32.98|36.60|32.53|9.50|33.28|5795505|187128400.00|1|0.0000|0.0000|0.0000|0|33.28
南矿集团|001360|1.34|1530300|20791194.00|0.45|1.63|-0.59|13.66|13.54|13.70|13.40|1.53|13.48|1451100|19568784.00|1|0.0000|0.0000|0.0000|0|13.48
播恩集团|001366|-0.09|1665596|18183484.00|-0.28|1.01|-0.73|10.89|10.87|11.01|10.82|1.67|10.90|3349000|36681484.00|1|0.0000|0.0000|0.0000|0|10.90
海森药业|001367|-0.45|1789046|51883576.00|-0.45|1.55|-1.00|28.81|28.81|29.39|28.65|1.79|28.94|3620316|104857576.00|1|0.0000|0.0000|0.0000|0|28.94
通达创智|001368|0.90|997223|22428242.00|0.13|1.57|-0.81|22.50|22.33|22.65|22.12|1.00|22.30|1365400|30596042.00|1|0.0000|0.0000|0.0000|0|22.30
翔腾新材|001373|1.13|851800|25183742.00|-0.07|2.29|-0.38|29.59|29.24|29.93|29.15|0.85|29.26|922007|27139986.00|1|0.0000|0.0000|0.0000|0|29.26
百通能源|001376|-1.29|7074688|97894224.00|0.00|0.00|-1.64|13.82|14.00|14.00|13.77|7.07|14.00|9112630|127045016.00|1|0.0000|0.0000|0.0000|0|14.00
德冠新材|001378|1.16|1530400|34632304.00|0.04|2.73|-0.58|22.63|22.38|22.98|22.24|1.53|22.37|1413101|31531882.00|1|0.0000|0.0000|0.0000|0|22.37
腾达科技|001379|-0.28|1967530|41616284.00|-0.61|1.09|-0.90|21.08|21.01|21.37|20.95|1.97|21.14|3151325|66833228.00|1|0.0000|0.0000|0.0000|0|21.14
华纬科技|001380|1.16|2078786|65081772.00|0.39|2.91|-1.84|31.27|31.03|31.81|30.34|2.08|30.91|2058954|64500828.00|1|0.0000|0.0000|0.0000|0|30.91
新亚电缆|001382|-1.40|20167260|498400512.00|-0.84|1.04|-3.32|24.66|24.80|25.27|24.18|20.17|25.01|29014736|708033024.00|1|0.0000|0.0000|0.0000|0|25.01
雪祺电气|001387|0.37|2111876|29080742.00|-0.07|1.46|-0.66|13.74|13.68|13.89|13.60|2.11|13.69|2203630|30369528.00|1|0.0000|0.0000|0.0000|0|13.69
广合科技|001389|-2.46|6442033|350004832.00|-0.99|0.67|-3.20|54.03|54.84|55.76|53.62|6.44|55.39|3313155|183054848.00|1|0.0000|0.0000|0.0000|0|55.39
国货航|001391|-1.87|58774813|402503872.00|-0.29|-0.29|-2.01|6.82|6.93|6.93|6.81|58.77|6.95|77074938|534439968.00|1|0.0000|0.0000|0.0000|0|6.95
亚联机械|001395|0.23|3013239|129285536.00|-0.02|0.39|-1.48|43.23|43.12|43.30|42.49|3.01|43.13|3144512|134074264.00|1|0.0000|0.0000|0.0000|0|43.13
宗申动力|001696|-1.68|23568599|511870304.00|-0.05|-0.05|-2.54|21.71|22.07|22.07|21.52|23.57|22.08|31381928|701463360.00|1|0.0000|0.0000|0.0000|0|22.08
招商港口|001872|-1.01|4411851|91063600.00|-0.24|0.10|-1.06|20.57|20.73|20.80|20.56|4.41|20.78|5535003|115019528.00|1|0.0000|0.0000|0.0000|0|20.78
豫能控股|001896|-1.71|15599784|62829916.00|-0.73|-0.49|-1.96|4.02|4.06|4.07|4.01|15.60|4.09|27615400|113019728.00|1|0.0000|0.0000|0.0000|0|4.09
招商积余|001914|-0.16|5282100|64140256.00|-0.25|0.57|-1.23|12.17|12.16|12.26|12.04|5.28|12.19|9501723|114975240.00|1|0.0000|0.0000|0.0000|0|12.19
招商公路|001965|-0.37|13898780|187487152.00|0.22|1.93|-0.97|13.41|13.49|13.72|13.33|13.90|13.46|16630095|222352720.00|1|0.0000|0.0000|0.0000|0|13.46
招商蛇口|001979|-0.11|30510180|283965376.00|-0.32|0.21|-1.39|9.34|9.32|9.37|9.22|30.51|9.35|54173914|503136160.00|1|0.0000|0.0000|0.0000|0|9.35
新 和 成|002001|-1.87|21297156|471778688.00|0.13|0.31|-2.18|22.03|22.48|22.52|21.96|21.30|22.45|24511063|551430272.00|1|0.0000|0.0000|0.0000|0|22.45
伟星股份|002003|1.31|13154284|160636736.00|0.33|1.39|-2.05|12.38|12.26|12.39|11.97|13.15|12.22|14569665|178384224.00|1|0.0000|0.0000|0.0000|0|12.22
华邦健康|002004|-0.49|12904700|52269152.00|-0.25|0.00|-0.98|4.05|4.06|4.07|4.03|12.90|4.07|24461250|98885128.00|1|0.0000|0.0000|0.0000|0|4.07
ST德豪|002005|5.29|7681300|13672438.00|1.76|5.29|1.76|1.79|1.73|1.79|1.73|7.68|1.70|4064000|6911995.00|1|0.0000|0.0000|0.0000|0|1.70
精工科技|002006|10.03|24536783|428417504.00|0.06|10.03|-0.18|17.88|16.26|17.88|16.22|24.54|16.25|4661442|76053872.00|1|0.0000|0.0000|0.0000|0|16.25
华兰生物|002007|-1.05|8233964|132010104.00|-0.19|0.00|-1.48|16.01|16.15|16.18|15.94|8.23|16.18|22889679|367511648.00|1|0.0000|0.0000|0.0000|0|16.18
大族激光|002008|0.51|14572367|406690880.00|0.00|2.17|-0.40|27.85|27.71|28.31|27.60|14.57|27.71|16918854|471835072.00|1|0.0000|0.0000|0.0000|0|27.71
天奇股份|002009|1.45|13549100|199924960.00|-0.48|3.03|-0.62|14.73|14.45|14.96|14.43|13.55|14.52|14131411|206429696.00|1|0.0000|0.0000|0.0000|0|14.52
传化智联|002010|1.50|21551600|116663408.00|-0.56|2.62|-0.56|5.42|5.31|5.48|5.31|21.55|5.34|24782048|132358048.00|1|0.0000|0.0000|0.0000|0|5.34
盾安环境|002011|1.00|10110147|122034464.00|-0.08|1.41|-0.42|12.14|12.01|12.19|11.97|10.11|12.02|8272619|99614536.00|1|0.0000|0.0000|0.0000|0|12.02
凯恩股份|002012|1.50|12171615|57592640.00|-0.21|3.65|-1.07|4.73|4.65|4.83|4.61|12.17|4.66|10917801|50995376.00|1|0.0000|0.0000|0.0000|0|4.66
永新股份|002014|1.18|5879200|70700560.00|0.25|1.76|-0.76|12.05|11.94|12.12|11.82|5.88|11.91|7794520|92633424.00|1|0.0000|0.0000|0.0000|0|11.91
协鑫能科|002015|-1.04|15329593|116596200.00|0.13|0.39|-1.43|7.59|7.68|7.70|7.56|15.33|7.67|20482278|158406528.00|1|0.0000|0.0000|0.0000|0|7.67
世荣兆业|002016|2.23|17277161|102922040.00|-0.68|3.08|-0.68|5.97|5.80|6.02|5.80|17.28|5.84|7901400|46172392.00|1|0.0000|0.0000|0.0000|0|5.84
东信和平|002017|2.85|23577803|245664544.00|-1.08|4.52|-1.08|10.47|10.07|10.64|10.07|23.58|10.18|19003829|196096064.00|1|0.0000|0.0000|0.0000|0|10.18
亿帆医药|002019|-1.76|10102304|119286960.00|0.00|0.34|-1.76|11.70|11.91|11.95|11.70|10.10|11.91|18496602|220832112.00|1|0.0000|0.0000|0.0000|0|11.91
京新药业|002020|0.76|13457652|196294608.00|0.41|1.10|-0.76|14.66|14.61|14.71|14.44|13.46|14.55|17023414|247901664.00|1|0.0000|0.0000|0.0000|0|14.55
中捷资源|002021|-0.89|19708400|44053720.00|-0.44|0.44|-1.33|2.23|2.24|2.26|2.22|19.71|2.25|18839677|42888780.00|1|0.0000|0.0000|0.0000|0|2.25
科华生物|002022|-0.68|4304700|25293846.00|0.00|0.17|-1.69|5.87|5.91|5.92|5.81|4.30|5.91|11151705|65776796.00|1|0.0000|0.0000|0.0000|0|5.91
海特高新|002023|-0.30|6451843|64670024.00|-0.50|0.30|-1.29|10.04|10.02|10.10|9.94|6.45|10.07|10060220|101497200.00|1|0.0000|0.0000|0.0000|0|10.07
ST易购|002024|-3.00|94771664|183762032.00|-4.50|-0.50|-4.50|1.94|1.91|1.99|1.91|94.77|2.00|11227400|22454800.00|1|0.0000|0.0000|0.0000|0|2.00
航天电器|002025|-2.96|5537850|303311840.00|-0.62|-0.02|-4.55|55.05|56.38|56.72|54.15|5.54|56.73|6014200|338853696.00|1|0.0000|0.0000|0.0000|0|56.73
山东威达|002026|4.46|31892717|369192800.00|-0.27|6.96|-0.54|11.70|11.17|11.98|11.14|31.89|11.20|20494914|232091424.00|1|0.0000|0.0000|0.0000|0|11.20
分众传媒|002027|-0.86|85108520|587815808.00|-0.29|0.43|-1.58|6.91|6.95|7.00|6.86|85.11|6.97|67869661|474327296.00|1|0.0000|0.0000|0.0000|0|6.97
思源电气|002028|0.65|2968211|225970624.00|0.65|1.60|0.00|75.93|75.93|76.65|75.44|2.97|75.44|4407200|333412000.00|1|0.0000|0.0000|0.0000|0|75.44
七 匹 狼|002029|0.31|4774700|30962130.00|-0.15|0.62|-0.77|6.50|6.47|6.52|6.43|4.77|6.48|8079100|52136772.00|1|0.0000|0.0000|0.0000|0|6.48
达安基因|002030|-1.15|13596340|82137928.00|-0.16|0.33|-1.32|6.01|6.07|6.10|6.00|13.60|6.08|25974337|158135312.00|1|0.0000|0.0000|0.0000|0|6.08
巨轮智能|002031|2.83|190499350|1651766912.00|-0.47|4.01|-0.94|8.72|8.44|8.82|8.40|190.50|8.48|127455935|1097135488.00|1|0.0000|0.0000|0.0000|0|8.48
苏 泊 尔|002032|0.85|2136588|126634872.00|0.43|2.31|0.15|59.29|59.04|60.15|58.88|2.14|58.79|2805045|164681312.00|1|0.0000|0.0000|0.0000|0|58.79
丽江股份|002033|1.28|15034379|142933648.00|-0.32|2.67|-0.32|9.50|9.35|9.63|9.35|15.03|9.38|14357170|134565664.00|1|0.0000|0.0000|0.0000|0|9.38
旺能环境|002034|-0.76|5552730|102799464.00|-0.54|1.73|-1.08|18.33|18.37|18.79|18.27|5.55|18.47|5573245|103060224.00|1|0.0000|0.0000|0.0000|0|18.47
华帝股份|002035|0.69|11622718|84955912.00|-0.14|1.65|-0.55|7.31|7.25|7.38|7.22|11.62|7.26|11211900|81618240.00|1|0.0000|0.0000|0.0000|0|7.26
联创电子|002036|-0.18|23801273|272753088.00|0.79|1.84|-0.35|11.40|11.51|11.63|11.38|23.80|11.42|32531124|375169216.00|1|0.0000|0.0000|0.0000|0|11.42
保利联合|002037|0.25|3958300|31519324.00|0.00|1.64|-0.76|7.94|7.92|8.05|7.86|3.96|7.92|5750180|45718068.00|1|0.0000|0.0000|0.0000|0|7.92
双鹭药业|002038|-0.29|8738875|59864352.00|0.44|1.17|-0.73|6.84|6.89|6.94|6.81|8.74|6.86|22175040|152104928.00|1|0.0000|0.0000|0.0000|0|6.86
黔源电力|002039|-4.70|29106417|457951360.00|-0.55|-0.12|-5.13|15.62|16.30|16.37|15.55|29.11|16.39|17370023|285685312.00|1|0.0000|0.0000|0.0000|0|16.39
南 京 港|002040|-0.90|2377910|15692193.00|-0.15|0.75|-1.20|6.58|6.63|6.69|6.56|2.38|6.64|4208476|27909178.00|1|0.0000|0.0000|0.0000|0|6.64
登海种业|002041|0.59|6932403|70456560.00|-0.30|1.18|-0.59|10.20|10.11|10.26|10.08|6.93|10.14|6824553|68889504.00|1|0.0000|0.0000|0.0000|0|10.14
华孚时尚|002042|2.38|43404753|261269664.00|0.85|3.74|-1.19|6.02|5.93|6.10|5.81|43.40|5.88|52393329|310369984.00|1|0.0000|0.0000|0.0000|0|5.88
兔 宝 宝|002043|-0.94|9708291|102312336.00|-0.19|0.19|-1.79|10.53|10.61|10.65|10.44|9.71|10.63|7581793|80973384.00|1|0.0000|0.0000|0.0000|0|10.63
美年健康|002044|0.89|66111670|376025056.00|-0.89|1.60|-1.24|5.69|5.59|5.73|5.57|66.11|5.64|93641120|534026848.00|1|0.0000|0.0000|0.0000|0|5.64
国光电器|002045|-0.48|18870100|318439712.00|-0.12|1.25|-0.83|16.76|16.82|17.05|16.70|18.87|16.84|32705713|554901760.00|1|0.0000|0.0000|0.0000|0|16.84
国机精工|002046|0.90|15532000|243774992.00|-0.45|3.36|-0.45|15.62|15.41|16.00|15.41|15.53|15.48|13604500|212375280.00|1|0.0000|0.0000|0.0000|0|15.48
*ST宝鹰|002047|1.75|10810900|24986926.00|0.88|2.63|0.00|2.32|2.30|2.34|2.28|10.81|2.28|18678100|42990160.00|1|0.0000|0.0000|0.0000|0|2.28
宁波华翔|002048|-0.33|12478300|191964480.00|-0.13|1.37|-0.91|15.31|15.34|15.57|15.22|12.48|15.36|18787074|292537472.00|1|0.0000|0.0000|0.0000|0|15.36
紫光国微|002049|1.82|18123291|1226658432.00|-0.18|4.04|-0.63|67.53|66.20|69.00|65.90|18.12|66.32|14364397|956449152.00|1|0.0000|0.0000|0.0000|0|66.32
三花智控|002050|0.95|55569109|1601720320.00|0.35|2.07|-0.35|28.84|28.67|29.16|28.47|55.57|28.57|51530272|1480517376.00|1|0.0000|0.0000|0.0000|0|28.57
中工国际|002051|0.25|6702577|54729996.00|-0.61|0.61|-0.61|8.17|8.10|8.20|8.10|6.70|8.15|9586684|78141496.00|1|0.0000|0.0000|0.0000|0|8.15
同洲电子|002052|4.63|21596989|141555008.00|4.95|4.95|3.51|6.55|6.57|6.57|6.48|21.60|6.26|10479632|65947568.00|1|0.0000|0.0000|0.0000|0|6.26
云南能投|002053|0.17|3758000|43182200.00|0.26|0.78|-0.61|11.50|11.51|11.57|11.41|3.76|11.48|5008624|57403624.00|1|0.0000|0.0000|0.0000|0|11.48
德美化工|002054|-2.01|30020408|190494880.00|-1.70|0.00|-3.70|6.35|6.37|6.48|6.24|30.02|6.48|42437777|278951296.00|1|0.0000|0.0000|0.0000|0|6.48
得润电子|002055|-0.54|10441094|58373528.00|-0.36|0.54|-0.71|5.57|5.58|5.63|5.56|10.44|5.60|14570300|81917176.00|1|0.0000|0.0000|0.0000|0|5.60
横店东磁|002056|0.20|16511585|252663760.00|0.46|1.51|-0.26|15.25|15.29|15.45|15.18|16.51|15.22|16694900|255169328.00|1|0.0000|0.0000|0.0000|0|15.22
中钢天源|002057|1.11|22931900|189240976.00|-0.49|3.21|-0.62|8.20|8.07|8.37|8.06|22.93|8.11|21279440|172917680.00|1|0.0000|0.0000|0.0000|0|8.11
*ST威尔|002058|10.03|5418250|63149884.00|6.78|10.03|1.95|11.85|11.50|11.85|10.98|5.42|10.77|2697597|28642470.00|1|0.0000|0.0000|0.0000|0|10.77
云南旅游|002059|0.18|12615204|70554768.00|0.00|1.61|-1.08|5.59|5.58|5.67|5.52|12.62|5.58|23824436|132209472.00|1|0.0000|0.0000|0.0000|0|5.58
广东建工|002060|-1.12|11054166|39042212.00|-0.28|0.00|-1.40|3.52|3.55|3.56|3.51|11.05|3.56|17451721|61914912.00|1|0.0000|0.0000|0.0000|0|3.56
浙江交科|002061|-0.51|20205489|79388232.00|0.25|0.51|-0.76|3.92|3.95|3.96|3.91|20.21|3.94|20455900|80490312.00|1|0.0000|0.0000|0.0000|0|3.94
宏润建设|002062|-0.53|40110430|229133504.00|-0.35|1.58|-1.75|5.68|5.69|5.80|5.61|40.11|5.71|74789065|418692288.00|1|0.0000|0.0000|0.0000|0|5.71
远光软件|002063|-0.32|23920936|148864960.00|-0.16|0.64|-0.80|6.21|6.22|6.27|6.18|23.92|6.23|29978259|187321040.00|1|0.0000|0.0000|0.0000|0|6.23
华峰化学|002064|-0.90|17418146|134078728.00|0.00|0.52|-1.42|7.67|7.74|7.78|7.63|17.42|7.74|16016134|123888136.00|1|0.0000|0.0000|0.0000|0|7.74
东华软件|002065|0.68|67697097|705580032.00|-0.19|1.84|-0.39|10.40|10.31|10.52|10.29|67.70|10.33|83652300|872102016.00|1|0.0000|0.0000|0.0000|0|10.33
瑞泰科技|002066|-1.18|2647500|28976232.00|0.27|0.64|-1.63|10.89|11.05|11.09|10.84|2.65|11.02|6683780|73548336.00|1|0.0000|0.0000|0.0000|0|11.02
景兴纸业|002067|-3.52|54286991|209727616.00|-2.51|-2.01|-4.02|3.84|3.88|3.90|3.82|54.29|3.98|82644967|323842176.00|1|0.0000|0.0000|0.0000|0|3.98
黑猫股份|002068|6.83|38287874|462750944.00|0.61|9.81|0.00|12.20|11.49|12.54|11.42|38.29|11.42|10885624|125757704.00|1|0.0000|0.0000|0.0000|0|11.42
獐子岛|002069|-1.10|5704099|20592458.00|0.28|0.55|-1.10|3.59|3.64|3.65|3.59|5.70|3.63|7601899|27683668.00|1|0.0000|0.0000|0.0000|0|3.63
凯瑞德|002072|-0.71|5110800|21621076.00|-0.71|1.42|-1.42|4.21|4.21|4.30|4.18|5.11|4.24|7373700|31638346.00|1|0.0000|0.0000|0.0000|0|4.24
软控股份|002073|0.99|19786243|181279584.00|-0.11|2.10|-0.44|9.15|9.05|9.25|9.02|19.79|9.06|21570368|195725472.00|1|0.0000|0.0000|0.0000|0|9.06
国轩高科|002074|-0.09|8179107|178992848.00|0.00|0.73|-0.46|21.83|21.85|22.01|21.75|8.18|21.85|10061778|219865728.00|1|0.0000|0.0000|0.0000|0|21.85
沙钢股份|002075|2.65|48656000|281831968.00|0.18|4.06|-0.53|5.82|5.68|5.90|5.64|48.66|5.67|27031300|154375120.00|1|0.0000|0.0000|0.0000|0|5.67
*ST星光|002076|0.60|28683300|96360496.00|0.00|1.19|-1.19|3.37|3.35|3.39|3.31|28.68|3.35|40377200|136048016.00|1|0.0000|0.0000|0.0000|0|3.35
大港股份|002077|-1.37|8733300|126040296.00|-0.82|-0.07|-1.72|14.37|14.45|14.56|14.32|8.73|14.57|15159922|219391808.00|1|0.0000|0.0000|0.0000|0|14.57
太阳纸业|002078|0.20|6752641|99733144.00|-0.27|1.08|-0.54|14.79|14.72|14.92|14.68|6.75|14.76|7969053|117837536.00|1|0.0000|0.0000|0.0000|0|14.76
苏州固锝|002079|-0.30|6002476|60020780.00|-0.10|0.50|-0.60|9.98|10.00|10.06|9.95|6.00|10.01|5961900|59923212.00|1|0.0000|0.0000|0.0000|0|10.01
中材科技|002080|-1.36|18022342|276618112.00|-0.91|0.84|-1.56|15.19|15.26|15.53|15.16|18.02|15.40|33759280|517734976.00|1|0.0000|0.0000|0.0000|0|15.40
金 螳 螂|002081|0.30|9072850|30519644.00|0.00|0.60|-0.60|3.37|3.36|3.38|3.34|9.07|3.36|13961695|46791188.00|1|0.0000|0.0000|0.0000|0|3.36
万邦德|002082|0.16|6050200|37023688.00|0.16|0.65|-1.14|6.13|6.13|6.16|6.05|6.05|6.12|8879900|54230016.00|1|0.0000|0.0000|0.0000|0|6.12
孚日股份|002083|0.40|10381830|51882656.00|0.00|0.80|-0.40|5.00|4.98|5.02|4.96|10.38|4.98|12891600|64277028.00|1|0.0000|0.0000|0.0000|0|4.98
海鸥住工|002084|10.18|20992498|64880548.00|0.00|10.18|-0.70|3.14|2.85|3.14|2.83|20.99|2.85|10309984|29546566.00|1|0.0000|0.0000|0.0000|0|2.85
万丰奥威|002085|-0.28|31991910|559703424.00|-0.46|0.63|-2.10|17.53|17.50|17.69|17.21|31.99|17.58|35450608|627578944.00|1|0.0000|0.0000|0.0000|0|17.58
东方海洋|002086|-2.20|83923705|225792624.00|0.00|0.37|-2.56|2.67|2.73|2.74|2.66|83.92|2.73|97723344|270116544.00|1|0.0000|0.0000|0.0000|0|2.73
鲁阳节能|002088|2.36|5391198|72394864.00|0.00|3.35|-0.99|13.46|13.15|13.59|13.02|5.39|13.15|5374565|69756024.00|1|0.0000|0.0000|0.0000|0|13.15
金智科技|002090|0.62|28385297|277560512.00|-0.82|2.06|-1.65|9.78|9.64|9.92|9.56|28.39|9.72|35272800|343300352.00|1|0.0000|0.0000|0.0000|0|9.72
江苏国泰|002091|1.56|15919052|123619320.00|-0.26|1.69|-0.39|7.81|7.67|7.82|7.66|15.92|7.69|9601116|73580224.00|1|0.0000|0.0000|0.0000|0|7.69
中泰化学|002092|0.00|8779500|40029072.00|-0.22|0.44|-0.44|4.56|4.55|4.58|4.54|8.78|4.56|10484500|47747184.00|1|0.0000|0.0000|0.0000|0|4.56
国脉科技|002093|-3.32|73764115|826999616.00|-1.22|0.87|-4.20|11.06|11.30|11.54|10.96|73.76|11.44|86313001|982695232.00|1|0.0000|0.0000|0.0000|0|11.44
青岛金王|002094|2.50|25140100|132778560.00|0.00|2.88|-0.58|5.33|5.20|5.35|5.17|25.14|5.20|11914500|62212916.00|1|0.0000|0.0000|0.0000|0|5.20
生 意 宝|002095|1.72|3240200|57009628.00|-0.46|1.95|-0.63|17.73|17.35|17.77|17.32|3.24|17.43|2418542|42260244.00|1|0.0000|0.0000|0.0000|0|17.43
易普力|002096|0.61|7647566|88770128.00|0.00|2.61|-0.96|11.56|11.49|11.79|11.38|7.65|11.49|10132602|115623672.00|1|0.0000|0.0000|0.0000|0|11.49
山河智能|002097|-0.53|8653384|65757536.00|-0.13|0.66|-0.66|7.56|7.59|7.65|7.55|8.65|7.60|11777584|89865800.00|1|0.0000|0.0000|0.0000|0|7.60
浔兴股份|002098|0.73|2050600|16957246.00|-0.37|1.71|-1.34|8.26|8.17|8.34|8.09|2.05|8.20|4484900|37122744.00|1|0.0000|0.0000|0.0000|0|8.20
海翔药业|002099|-0.76|15574800|81649352.00|0.00|1.91|-1.15|5.20|5.24|5.34|5.18|15.57|5.24|20030059|104446912.00|1|0.0000|0.0000|0.0000|0|5.24
天康生物|002100|-0.32|11561200|72322656.00|-0.32|0.32|-0.64|6.25|6.25|6.29|6.23|11.56|6.27|22624321|141837760.00|1|0.0000|0.0000|0.0000|0|6.27
广东鸿图|002101|4.12|26230771|355184544.00|0.23|9.71|-0.31|13.40|12.90|14.12|12.83|26.23|12.87|7176821|93190432.00|1|0.0000|0.0000|0.0000|0|12.87
能特科技|002102|-0.65|50938502|153492080.00|-0.33|0.00|-3.58|3.05|3.06|3.07|2.96|50.94|3.07|50291767|151941376.00|1|0.0000|0.0000|0.0000|0|3.07
广博股份|002103|0.00|7185481|67454448.00|-0.11|2.68|-0.54|9.34|9.33|9.59|9.29|7.19|9.34|11308581|106079704.00|1|0.0000|0.0000|0.0000|0|9.34
恒宝股份|002104|9.97|51388379|384690784.00|-1.45|9.97|-1.45|7.61|6.82|7.61|6.82|51.39|6.92|22342000|155488368.00|1|0.0000|0.0000|0.0000|0|6.92
信隆健康|002105|2.52|47297718|401677376.00|-0.60|3.84|-1.44|8.55|8.29|8.66|8.22|47.30|8.34|29392037|246761248.00|1|0.0000|0.0000|0.0000|0|8.34
莱宝高科|002106|-0.73|11845200|130346432.00|-0.09|0.63|-1.09|10.95|11.02|11.10|10.91|11.85|11.03|14807276|163746192.00|1|0.0000|0.0000|0.0000|0|11.03
沃华医药|002107|2.26|44032712|218745664.00|8.62|8.62|-0.41|4.98|5.29|5.29|4.85|44.03|4.87|10848357|51618476.00|1|0.0000|0.0000|0.0000|0|4.87
沧州明珠|002108|-0.86|11595930|40290164.00|-0.29|0.29|-0.86|3.46|3.48|3.50|3.46|11.60|3.49|17185754|59822796.00|1|0.0000|0.0000|0.0000|0|3.49
兴化股份|002109|-0.91|6288150|20658334.00|0.91|1.52|-1.52|3.26|3.32|3.34|3.24|6.29|3.29|9818750|32300176.00|1|0.0000|0.0000|0.0000|0|3.29
三钢闽光|002110|-1.03|12125997|46597444.00|-0.26|0.77|-1.55|3.84|3.87|3.91|3.82|12.13|3.88|26358452|103020272.00|1|0.0000|0.0000|0.0000|0|3.88
威海广泰|002111|-2.54|12837720|143945184.00|-0.44|0.09|-2.80|11.14|11.38|11.44|11.11|12.84|11.43|22823592|258432288.00|1|0.0000|0.0000|0.0000|0|11.43
三变科技|002112|-0.68|6486330|94858160.00|-0.34|0.89|-1.09|14.55|14.60|14.78|14.49|6.49|14.65|8343912|122424704.00|1|0.0000|0.0000|0.0000|0|14.65
罗平锌电|002114|-0.93|8448600|54590692.00|0.77|1.70|-1.24|6.41|6.52|6.58|6.39|8.45|6.47|10166400|65803152.00|1|0.0000|0.0000|0.0000|0|6.47
三维通信|002115|-5.23|119635537|1064267264.00|-2.18|-0.11|-5.34|8.70|8.98|9.17|8.69|119.64|9.18|129929305|1185772544.00|1|0.0000|0.0000|0.0000|0|9.18
中国海诚|002116|0.20|3648537|37080104.00|-0.39|0.69|-0.49|10.17|10.11|10.22|10.10|3.65|10.15|8154500|82660608.00|1|0.0000|0.0000|0.0000|0|10.15
东港股份|002117|-1.72|28937100|400471296.00|-0.14|0.79|-1.87|13.69|13.91|14.04|13.67|28.94|13.93|47996818|679752448.00|1|0.0000|0.0000|0.0000|0|13.93
康强电子|002119|-1.53|9121400|154700704.00|-0.18|0.35|-1.58|16.78|17.01|17.10|16.77|9.12|17.04|10930100|184768816.00|1|0.0000|0.0000|0.0000|0|17.04
韵达股份|002120|0.58|22771890|158421968.00|0.00|0.72|-0.29|6.98|6.94|6.99|6.92|22.77|6.94|30570660|212229424.00|1|0.0000|0.0000|0.0000|0|6.94
科陆电子|002121|-2.27|15505600|67486312.00|0.45|0.45|-2.49|4.31|4.43|4.43|4.30|15.51|4.41|13736400|60374376.00|1|0.0000|0.0000|0.0000|0|4.41
ST汇洲|002122|0.23|56316900|245803296.00|-1.38|1.84|-2.07|4.36|4.29|4.43|4.26|56.32|4.35|66518400|292625280.00|1|0.0000|0.0000|0.0000|0|4.35
梦网科技|002123|0.55|20107500|294120768.00|-0.41|1.10|-0.76|14.64|14.50|14.72|14.45|20.11|14.56|24786500|363730048.00|1|0.0000|0.0000|0.0000|0|14.56
天邦食品|002124|0.33|35546880|106422320.00|0.00|1.34|-1.00|3.00|2.99|3.03|2.96|35.55|2.99|60840212|182978704.00|1|0.0000|0.0000|0.0000|0|2.99
湘潭电化|002125|0.56|9030860|97840960.00|0.00|2.24|-0.19|10.79|10.73|10.97|10.71|9.03|10.73|9562380|102297960.00|1|0.0000|0.0000|0.0000|0|10.73
银轮股份|002126|2.24|21456672|594415488.00|0.04|2.94|-0.33|27.86|27.26|28.05|27.16|21.46|27.25|24401765|677747072.00|1|0.0000|0.0000|0.0000|0|27.25
南极电商|002127|1.03|28483138|111031408.00|-0.78|1.55|-0.78|3.91|3.84|3.93|3.84|28.48|3.87|37377206|145193648.00|1|0.0000|0.0000|0.0000|0|3.87
电投能源|002128|-0.15|7404213|144133824.00|-0.26|1.19|-0.72|19.37|19.35|19.63|19.26|7.40|19.40|8058694|156056848.00|1|0.0000|0.0000|0.0000|0|19.40
TCL中环|002129|1.23|61458445|558365824.00|0.22|3.47|-0.90|9.04|8.95|9.24|8.85|61.46|8.93|50435260|450054816.00|1|0.0000|0.0000|0.0000|0|8.93
沃尔核材|002130|0.54|33192217|678176512.00|0.30|2.42|-0.20|20.35|20.30|20.73|20.20|33.19|20.24|33324438|675694400.00|1|0.0000|0.0000|0.0000|0|20.24
利欧股份|002131|0.56|193515767|690592640.00|-0.56|1.98|-0.85|3.56|3.52|3.61|3.51|193.52|3.54|209267827|747798528.00|1|0.0000|0.0000|0.0000|0|3.54
恒星科技|002132|-9.91|236067077|916497728.00|-4.48|-3.54|-9.91|3.82|4.05|4.09|3.82|236.07|4.24|23092625|97912728.00|1|0.0000|0.0000|0.0000|0|4.24
广宇集团|002133|-0.78|7376642|18729020.00|0.00|0.78|-1.18|2.53|2.55|2.57|2.52|7.38|2.55|10542980|26764408.00|1|0.0000|0.0000|0.0000|0|2.55
天津普林|002134|-2.56|5996101|115619192.00|0.87|0.87|-2.97|19.05|19.72|19.72|18.97|6.00|19.55|5901456|116131232.00|1|0.0000|0.0000|0.0000|0|19.55
东南网架|002135|-2.48|27405800|119626392.00|-0.90|0.00|-2.48|4.32|4.39|4.43|4.32|27.41|4.43|44718859|200134704.00|1|0.0000|0.0000|0.0000|0|4.43
安 纳 达|002136|-0.49|4507800|45439924.00|-0.40|1.09|-1.78|10.06|10.07|10.22|9.93|4.51|10.11|6645500|66991388.00|1|0.0000|0.0000|0.0000|0|10.11
实益达|002137|-0.77|9164600|71573776.00|-0.51|0.89|-1.02|7.77|7.79|7.90|7.75|9.16|7.83|11944800|93672280.00|1|0.0000|0.0000|0.0000|0|7.83
顺络电子|002138|0.31|5527178|160037856.00|-0.28|0.66|-0.66|29.04|28.87|29.14|28.76|5.53|28.95|5819353|168373584.00|1|0.0000|0.0000|0.0000|0|28.95
拓邦股份|002139|2.31|32082299|481413280.00|0.75|2.51|0.14|15.09|14.86|15.12|14.77|32.08|14.75|36292798|540391104.00|1|0.0000|0.0000|0.0000|0|14.75
东华科技|002140|3.70|22402438|235172128.00|-0.58|5.26|-1.95|10.65|10.21|10.81|10.07|22.40|10.27|11620514|120365680.00|1|0.0000|0.0000|0.0000|0|10.27
贤丰控股|002141|-1.74|8519200|14496394.00|0.58|1.16|-2.33|1.69|1.73|1.74|1.68|8.52|1.72|28793467|48738724.00|1|0.0000|0.0000|0.0000|0|1.72
宁波银行|002142|0.90|17739827|457342528.00|0.27|1.45|0.04|25.81|25.65|25.95|25.59|17.74|25.58|22512250|575426176.00|1|0.0000|0.0000|0.0000|0|25.58
宏达高科|002144|-0.71|2122200|23849130.00|-0.53|0.35|-1.33|11.22|11.24|11.34|11.15|2.12|11.30|3620702|40948912.00|1|0.0000|0.0000|0.0000|0|11.30
钛能化学|002145|0.23|35149160|156042464.00|0.00|1.13|-1.13|4.44|4.43|4.48|4.38|35.15|4.43|38899033|171795648.00|1|0.0000|0.0000|0.0000|0|4.43
荣盛发展|002146|-1.33|85246091|126719336.00|0.00|0.00|-1.33|1.48|1.50|1.50|1.48|85.25|1.50|111380400|168205088.00|1|0.0000|0.0000|0.0000|0|1.50
北纬科技|002148|0.58|9623600|66782840.00|0.29|2.19|-0.29|6.90|6.88|7.01|6.84|9.62|6.86|9540808|65445268.00|1|0.0000|0.0000|0.0000|0|6.86
西部材料|002149|-1.69|8609960|175712592.00|-1.01|-0.14|-2.51|20.38|20.52|20.70|20.21|8.61|20.73|17705314|365873568.00|1|0.0000|0.0000|0.0000|0|20.73
通润装备|002150|1.79|7076491|96598224.00|0.00|3.28|-0.97|13.64|13.40|13.84|13.27|7.08|13.40|6894500|92817208.00|1|0.0000|0.0000|0.0000|0|13.40
北斗星通|002151|-0.23|2727000|69669624.00|0.04|0.70|-0.66|25.52|25.59|25.76|25.41|2.73|25.58|3510605|89781400.00|1|0.0000|0.0000|0.0000|0|25.58
广电运通|002152|0.23|19161088|253192976.00|-0.23|1.14|-0.46|13.19|13.13|13.31|13.10|19.16|13.16|25711896|339664480.00|1|0.0000|0.0000|0.0000|0|13.16
石基信息|002153|0.38|11736235|92187760.00|-0.64|1.67|-1.03|7.83|7.75|7.93|7.72|11.74|7.80|15218156|119629936.00|1|0.0000|0.0000|0.0000|0|7.80
报 喜 鸟|002154|0.48|24006030|100248696.00|0.00|1.69|-0.24|4.17|4.15|4.22|4.14|24.01|4.15|17413200|72179624.00|1|0.0000|0.0000|0.0000|0|4.15
湖南黄金|002155|-0.59|37916477|842517248.00|0.00|1.62|-1.08|22.06|22.19|22.55|21.95|37.92|22.19|63057137|1421442432.00|1|0.0000|0.0000|0.0000|0|22.19
通富微电|002156|0.19|14371150|386836096.00|-0.04|1.01|-0.22|26.88|26.82|27.10|26.77|14.37|26.83|17448300|469934624.00|1|0.0000|0.0000|0.0000|0|26.83
正邦科技|002157|-0.36|30580753|85330520.00|-0.36|0.36|-1.07|2.79|2.79|2.81|2.77|30.58|2.80|36430335|101733776.00|1|0.0000|0.0000|0.0000|0|2.80
汉钟精机|002158|1.13|7397115|146020816.00|0.15|2.52|-0.31|19.69|19.50|19.96|19.41|7.40|19.47|7195200|141299792.00|1|0.0000|0.0000|0.0000|0|19.47
三特索道|002159|3.19|7716200|119559248.00|0.00|6.11|-0.80|15.53|15.05|15.97|14.93|7.72|15.05|3085700|46512840.00|1|0.0000|0.0000|0.0000|0|15.05
常铝股份|002160|0.77|26217900|103597312.00|-0.77|2.04|-1.02|3.95|3.89|4.00|3.88|26.22|3.92|30120500|118414784.00|1|0.0000|0.0000|0.0000|0|3.92
远 望 谷|002161|-0.34|7700066|45680036.00|0.00|1.18|-0.51|5.89|5.91|5.98|5.88|7.70|5.91|14014430|82894704.00|1|0.0000|0.0000|0.0000|0|5.91
悦心健康|002162|-0.25|18334500|74361744.00|-0.25|1.23|-0.74|4.04|4.04|4.10|4.02|18.33|4.05|28032510|114886744.00|1|0.0000|0.0000|0.0000|0|4.05
海南发展|002163|3.83|56228953|412772320.00|-2.87|5.88|-2.87|7.59|7.10|7.74|7.10|56.23|7.31|7491200|54760672.00|1|0.0000|0.0000|0.0000|0|7.31
宁波东力|002164|0.25|25095800|201512352.00|0.88|1.63|-0.63|8.01|8.06|8.12|7.94|25.10|7.99|34582800|279981248.00|1|0.0000|0.0000|0.0000|0|7.99
红 宝 丽|002165|-4.63|246235720|1532488320.00|-8.21|-1.04|-10.00|6.39|6.15|6.63|6.03|246.24|6.70|289580002|1775717248.00|1|0.0000|0.0000|0.0000|0|6.70
莱茵生物|002166|-1.61|19556155|156199728.00|-0.49|-0.25|-2.10|7.96|8.05|8.07|7.92|19.56|8.09|40849692|330451552.00|1|0.0000|0.0000|0.0000|0|8.09
东方锆业|002167|0.33|31560057|289393728.00|0.88|1.87|0.00|9.13|9.18|9.27|9.10|31.56|9.10|37477394|341634688.00|1|0.0000|0.0000|0.0000|0|9.10
*ST惠程|002168|0.43|6188400|14593000.00|0.85|2.13|-1.28|2.36|2.37|2.40|2.32|6.19|2.35|7099600|16341430.00|1|0.0000|0.0000|0.0000|0|2.35
智光电气|002169|0.17|4341900|25710776.00|0.00|1.36|-0.68|5.90|5.89|5.97|5.85|4.34|5.89|5755000|33990520.00|1|0.0000|0.0000|0.0000|0|5.89
芭田股份|002170|-2.14|19177904|203727936.00|0.00|0.74|-2.70|10.53|10.76|10.84|10.47|19.18|10.76|28477922|304926720.00|1|0.0000|0.0000|0.0000|0|10.76
楚江新材|002171|0.44|23404050|215224800.00|0.00|2.98|-0.66|9.10|9.06|9.33|9.00|23.40|9.06|22927728|204769216.00|1|0.0000|0.0000|0.0000|0|9.06
澳洋健康|002172|-0.58|13739900|47441260.00|-0.58|0.87|-1.73|3.44|3.44|3.49|3.40|13.74|3.46|26061925|90023384.00|1|0.0000|0.0000|0.0000|0|3.46
创新医疗|002173|-4.58|64578800|628234496.00|-3.78|-0.90|-4.68|9.58|9.66|9.95|9.57|64.58|10.04|93322301|938141952.00|1|0.0000|0.0000|0.0000|0|10.04
游族网络|002174|1.50|9733892|91805112.00|-0.11|2.04|-0.21|9.45|9.30|9.50|9.29|9.73|9.31|9258174|86721648.00|1|0.0000|0.0000|0.0000|0|9.31
东方智造|002175|-0.41|35491594|171917728.00|-0.62|1.24|-0.83|4.82|4.81|4.90|4.80|35.49|4.84|41873053|205192352.00|1|0.0000|0.0000|0.0000|0|4.84
江特电机|002176|0.67|16029195|120844728.00|-0.40|1.34|-0.67|7.54|7.46|7.59|7.44|16.03|7.49|16726250|125320232.00|1|0.0000|0.0000|0.0000|0|7.49
御银股份|002177|-0.23|11349600|49938604.00|0.23|0.91|-0.68|4.38|4.40|4.43|4.36|11.35|4.39|14938242|65895036.00|1|0.0000|0.0000|0.0000|0|4.39
延华智能|002178|0.16|10433146|64723040.00|0.49|1.30|-0.32|6.18|6.20|6.25|6.15|10.43|6.17|14613900|90769472.00|1|0.0000|0.0000|0.0000|0|6.17
中航光电|002179|-1.89|17828471|727260288.00|-0.43|-0.31|-2.97|40.95|41.56|41.61|40.50|17.83|41.74|16737712|698899456.00|1|0.0000|0.0000|0.0000|0|41.74
纳思达|002180|1.21|15933883|383114784.00|-0.25|1.88|-1.17|24.17|23.82|24.33|23.60|15.93|23.88|22438572|535095520.00|1|0.0000|0.0000|0.0000|0|23.88
粤 传 媒|002181|1.67|13456561|73272672.00|0.19|2.04|-0.56|5.47|5.39|5.49|5.35|13.46|5.38|13183600|71178584.00|1|0.0000|0.0000|0.0000|0|5.38
宝武镁业|002182|1.25|27344301|356448480.00|-0.70|3.36|-1.02|12.95|12.70|13.22|12.66|27.34|12.79|18880610|243265184.00|1|0.0000|0.0000|0.0000|0|12.79
怡 亚 通|002183|0.22|19115300|88144592.00|0.00|1.09|-0.44|4.60|4.59|4.64|4.57|19.12|4.59|28363791|131048272.00|1|0.0000|0.0000|0.0000|0|4.59
海得控制|002184|0.80|19652600|246217696.00|-0.88|3.38|-1.85|12.53|12.32|12.85|12.20|19.65|12.43|18886675|232102080.00|1|0.0000|0.0000|0.0000|0|12.43
华天科技|002185|-0.19|23818402|252664064.00|0.19|0.66|-0.47|10.59|10.63|10.68|10.56|23.82|10.61|26841801|285864832.00|1|0.0000|0.0000|0.0000|0|10.61
全 聚 德|002186|1.51|4978394|53533604.00|0.19|1.88|-0.56|10.79|10.65|10.83|10.57|4.98|10.63|4978591|52967756.00|1|0.0000|0.0000|0.0000|0|10.63
广百股份|002187|-0.89|9126300|60986164.00|-0.45|0.45|-1.04|6.66|6.69|6.75|6.65|9.13|6.72|13866000|93540768.00|1|0.0000|0.0000|0.0000|0|6.72
中天服务|002188|-0.67|7788100|34792808.00|-0.45|1.12|-1.34|4.45|4.46|4.53|4.42|7.79|4.48|9993400|45020596.00|1|0.0000|0.0000|0.0000|0|4.48
中光学|002189|-0.68|2472100|47432816.00|0.73|1.09|-1.09|19.11|19.38|19.45|19.03|2.47|19.24|2736600|52511504.00|1|0.0000|0.0000|0.0000|0|19.24
成飞集成|002190|-1.01|4050820|67832184.00|0.06|0.18|-1.54|16.72|16.90|16.92|16.63|4.05|16.89|6931563|116801624.00|1|0.0000|0.0000|0.0000|0|16.89
劲嘉股份|002191|2.15|17227140|65290540.00|0.54|3.23|-0.27|3.80|3.74|3.84|3.71|17.23|3.72|11537673|43025020.00|1|0.0000|0.0000|0.0000|0|3.72
融捷股份|002192|-0.33|1890200|57202328.00|-0.26|0.23|-0.49|30.21|30.23|30.38|30.16|1.89|30.31|2899618|87751528.00|1|0.0000|0.0000|0.0000|0|30.31
如意集团|002193|0.00|4262498|23410852.00|0.55|1.28|-0.55|5.48|5.51|5.55|5.45|4.26|5.48|7049594|38816104.00|1|0.0000|0.0000|0.0000|0|5.48
武汉凡谷|002194|0.26|10150836|119788064.00|0.00|1.53|-0.43|11.78|11.75|11.93|11.70|10.15|11.75|13713362|161483568.00|1|0.0000|0.0000|0.0000|0|11.75
岩山科技|002195|3.51|499237818|2788226304.00|-0.18|5.18|-0.18|5.60|5.40|5.69|5.40|499.24|5.41|350459982|1915896704.00|1|0.0000|0.0000|0.0000|0|5.41
方正电机|002196|2.38|58406720|526132544.00|0.00|4.76|-0.79|9.04|8.83|9.25|8.76|58.41|8.83|45235470|404905856.00|1|0.0000|0.0000|0.0000|0|8.83
证通电子|002197|3.14|26561469|140411968.00|-0.20|4.91|-0.20|5.25|5.08|5.34|5.08|26.56|5.09|16129200|83170992.00|1|0.0000|0.0000|0.0000|0|5.09
嘉应制药|002198|-1.11|5793859|41591116.00|-0.14|0.28|-1.52|7.15|7.22|7.25|7.12|5.79|7.23|7967300|57631384.00|1|0.0000|0.0000|0.0000|0|7.23
*ST东晶|002199|-0.18|27762735|152847440.00|2.38|3.84|-2.74|5.46|5.60|5.68|5.32|27.76|5.47|11412588|61913172.00|1|0.0000|0.0000|0.0000|0|5.47
*ST交投|002200|0.72|748500|4230734.00|-0.18|2.69|-0.72|5.62|5.57|5.73|5.54|0.75|5.58|677400|3788474.00|1|0.0000|0.0000|0.0000|0|5.58
九鼎新材|002201|9.96|26319662|154846864.00|0.37|9.96|-0.92|5.96|5.44|5.96|5.37|26.32|5.42|7881833|42978508.00|1|0.0000|0.0000|0.0000|0|5.42
金风科技|002202|0.56|52506037|466449568.00|0.11|1.35|-1.91|8.94|8.90|9.01|8.72|52.51|8.89|45556234|406614336.00|1|0.0000|0.0000|0.0000|0|8.89
海亮股份|002203|0.00|3148600|29646308.00|-0.21|0.74|-0.43|9.40|9.38|9.47|9.36|3.15|9.40|5072337|47661688.00|1|0.0000|0.0000|0.0000|0|9.40
大连重工|002204|-0.33|195006237|1193780608.00|0.65|1.63|-1.47|6.11|6.17|6.23|6.04|195.01|6.13|266991337|1655827200.00|1|0.0000|0.0000|0.0000|0|6.13
国统股份|002205|-0.42|11677169|111502360.00|-0.11|2.95|-1.37|9.46|9.49|9.78|9.37|11.68|9.50|9632102|91191960.00|1|0.0000|0.0000|0.0000|0|9.50
海 利 得|002206|-3.50|66158086|331163296.00|-1.17|-0.58|-4.47|4.97|5.09|5.12|4.92|66.16|5.15|74821265|381258528.00|1|0.0000|0.0000|0.0000|0|5.15
准油股份|002207|-3.40|21090300|119523744.00|-2.55|-2.04|-4.75|5.69|5.74|5.77|5.61|21.09|5.89|9091700|52762752.00|1|0.0000|0.0000|0.0000|0|5.89
合肥城建|002208|-0.46|5239000|34179920.00|-0.46|0.31|-0.61|6.51|6.51|6.56|6.50|5.24|6.54|7783400|51052408.00|1|0.0000|0.0000|0.0000|0|6.54
达 意 隆|002209|2.52|6452500|73200368.00|-0.18|2.79|-0.45|11.41|11.11|11.44|11.08|6.45|11.13|5414511|60596588.00|1|0.0000|0.0000|0.0000|0|11.13
飞马国际|002210|0.81|94802090|237481168.00|-0.40|3.24|-0.81|2.49|2.46|2.55|2.45|94.80|2.47|92642900|226516848.00|1|0.0000|0.0000|0.0000|0|2.47
ST宏达|002211|0.00|6943500|25436878.00|-0.27|1.09|-0.82|3.66|3.65|3.70|3.63|6.94|3.66|9178251|33920596.00|1|0.0000|0.0000|0.0000|0|3.66
天融信|002212|1.12|23536820|189913360.00|-0.25|1.62|-0.50|8.10|7.99|8.14|7.97|23.54|8.01|26047466|210510800.00|1|0.0000|0.0000|0.0000|0|8.01
大为股份|002213|-0.13|4867200|72398856.00|-0.20|0.81|-0.61|14.84|14.83|14.98|14.77|4.87|14.86|7112900|106337000.00|1|0.0000|0.0000|0.0000|0|14.86
*ST大立|002214|-1.97|4964840|49793108.00|0.00|0.10|-2.65|9.97|10.17|10.18|9.90|4.96|10.17|3369084|34226572.00|1|0.0000|0.0000|0.0000|0|10.17
诺 普 信|002215|1.34|12729100|115265416.00|0.00|2.46|-0.56|9.08|8.96|9.18|8.91|12.73|8.96|14758490|132773352.00|1|0.0000|0.0000|0.0000|0|8.96
三全食品|002216|0.18|2289550|25715812.00|-0.18|0.98|-0.54|11.21|11.17|11.30|11.13|2.29|11.19|2830486|31702024.00|1|0.0000|0.0000|0.0000|0|11.19
合力泰|002217|-2.27|23631500|51030664.00|-0.45|0.00|-2.73|2.15|2.19|2.20|2.14|23.63|2.20|30409400|67126768.00|1|0.0000|0.0000|0.0000|0|2.20
拓日新能|002218|-0.30|18359336|61712624.00|-0.59|0.89|-2.07|3.37|3.36|3.41|3.31|18.36|3.38|30594536|102577288.00|1|0.0000|0.0000|0.0000|0|3.38
新里程|002219|0.00|23778800|59367756.00|0.00|0.40|-0.80|2.50|2.50|2.51|2.48|23.78|2.50|35492105|88931608.00|1|0.0000|0.0000|0.0000|0|2.50
东华能源|002221|0.00|11841400|117640552.00|-0.61|1.72|-0.71|9.88|9.82|10.05|9.81|11.84|9.88|15567574|151841248.00|1|0.0000|0.0000|0.0000|0|9.88
福晶科技|002222|0.63|7449082|262146048.00|-0.20|3.44|-0.49|35.12|34.83|36.10|34.73|7.45|34.90|10297156|360620032.00|1|0.0000|0.0000|0.0000|0|34.90
鱼跃医疗|002223|1.01|6814227|244918848.00|-0.50|1.12|-0.56|36.04|35.50|36.08|35.48|6.81|35.68|7817798|277659104.00|1|0.0000|0.0000|0.0000|0|35.68
三 力 士|002224|0.44|11948900|54503824.00|-0.22|1.10|-1.10|4.57|4.54|4.60|4.50|11.95|4.55|17689812|80919680.00|1|0.0000|0.0000|0.0000|0|4.55
濮耐股份|002225|1.70|10506800|56449600.00|0.19|2.84|-0.38|5.38|5.30|5.44|5.27|10.51|5.29|13922400|73711984.00|1|0.0000|0.0000|0.0000|0|5.29
江南化工|002226|1.42|19735183|112276136.00|0.18|1.95|-0.35|5.73|5.66|5.76|5.63|19.74|5.65|14928160|84212360.00|1|0.0000|0.0000|0.0000|0|5.65
奥 特 迅|002227|1.20|11602400|146610576.00|-0.48|3.45|-0.48|12.61|12.40|12.89|12.40|11.60|12.46|8854800|110142592.00|1|0.0000|0.0000|0.0000|0|12.46
合兴包装|002228|0.96|15100044|47670080.00|0.32|1.59|-0.32|3.17|3.15|3.19|3.13|15.10|3.14|22593340|70681768.00|1|0.0000|0.0000|0.0000|0|3.14
鸿博股份|002229|-0.50|7236600|87553856.00|-0.41|0.91|-0.74|12.04|12.05|12.21|12.01|7.24|12.10|13154633|159765792.00|1|0.0000|0.0000|0.0000|0|12.10
科大讯飞|002230|0.42|15122705|729023552.00|0.02|0.79|-0.52|48.25|48.06|48.43|47.80|15.12|48.05|21952614|1057841344.00|1|0.0000|0.0000|0.0000|0|48.05
*ST奥维|002231|-0.57|6628700|35189476.00|0.19|1.70|-0.76|5.26|5.30|5.38|5.25|6.63|5.29|6602700|35128476.00|1|0.0000|0.0000|0.0000|0|5.29
启明信息|002232|-0.54|3737700|69224424.00|0.22|1.30|-0.54|18.36|18.50|18.70|18.36|3.74|18.46|3719600|68812696.00|1|0.0000|0.0000|0.0000|0|18.46
塔牌集团|002233|0.62|5024300|41102300.00|0.00|0.98|-0.12|8.18|8.13|8.21|8.12|5.02|8.13|7959800|64460624.00|1|0.0000|0.0000|0.0000|0|8.13
民和股份|002234|-1.72|8004300|73570168.00|0.32|1.83|-2.26|9.12|9.31|9.45|9.07|8.00|9.28|8338695|76820024.00|1|0.0000|0.0000|0.0000|0|9.28
安妮股份|002235|-0.19|9120614|47211544.00|0.19|1.16|-0.78|5.15|5.17|5.22|5.12|9.12|5.16|12950150|66957160.00|1|0.0000|0.0000|0.0000|0|5.16
大华股份|002236|0.30|38388104|651115136.00|0.06|1.54|-0.36|16.92|16.88|17.13|16.81|38.39|16.87|44541557|755361920.00|1|0.0000|0.0000|0.0000|0|16.87
恒邦股份|002237|-2.13|24743923|274963040.00|-0.62|0.09|-2.49|11.01|11.18|11.26|10.97|24.74|11.25|40859410|463033568.00|1|0.0000|0.0000|0.0000|0|11.25
天威视讯|002238|0.12|8361421|71188264.00|-0.71|2.13|-0.71|8.47|8.40|8.64|8.40|8.36|8.46|15910693|137046864.00|1|0.0000|0.0000|0.0000|0|8.46
奥特佳|002239|0.34|52481563|157029792.00|0.00|2.02|-1.01|2.98|2.97|3.03|2.94|52.48|2.97|46711105|139346592.00|1|0.0000|0.0000|0.0000|0|2.97
盛新锂能|002240|0.08|5200381|66612660.00|-0.70|0.62|-1.56|12.82|12.72|12.89|12.61|5.20|12.81|5162426|66062876.00|1|0.0000|0.0000|0.0000|0|12.81
歌尔股份|002241|-0.04|40486005|1046510848.00|0.00|0.35|-1.42|25.99|26.00|26.09|25.63|40.49|26.00|43398631|1134321408.00|1|0.0000|0.0000|0.0000|0|26.00
九阳股份|002242|0.70|4873895|49143476.00|-0.30|1.19|-1.09|10.13|10.03|10.18|9.95|4.87|10.06|6026601|60780660.00|1|0.0000|0.0000|0.0000|0|10.06
力合科创|002243|0.00|5370900|46622324.00|0.46|0.81|-0.12|8.66|8.70|8.73|8.65|5.37|8.66|6907200|60260356.00|1|0.0000|0.0000|0.0000|0|8.66
滨江集团|002244|0.79|21892135|220130960.00|0.10|1.09|-1.79|10.15|10.08|10.18|9.89|21.89|10.07|36999000|375585120.00|1|0.0000|0.0000|0.0000|0|10.07
蔚蓝锂芯|002245|2.14|52090800|745156672.00|-0.57|3.99|-0.78|14.33|13.95|14.59|13.92|52.09|14.03|25460800|358599968.00|1|0.0000|0.0000|0.0000|0|14.03
北化股份|002246|-0.86|5934100|62170264.00|0.29|1.62|-1.24|10.38|10.50|10.64|10.34|5.93|10.47|9630200|101642792.00|1|0.0000|0.0000|0.0000|0|10.47
聚力文化|002247|0.83|10671500|25957826.00|0.00|1.65|-0.83|2.44|2.42|2.46|2.40|10.67|2.42|13461400|32725360.00|1|0.0000|0.0000|0.0000|0|2.42
华东数控|002248|2.69|35208935|313463584.00|0.00|7.94|-1.99|8.79|8.56|9.24|8.39|35.21|8.56|23205100|198895040.00|1|0.0000|0.0000|0.0000|0|8.56
大洋电机|002249|7.89|276143323|2076903040.00|-0.14|10.04|-1.00|7.52|6.96|7.67|6.90|276.14|6.97|107340584|750933760.00|1|0.0000|0.0000|0.0000|0|6.97
联化科技|002250|-0.14|14447100|102136672.00|-0.14|1.70|-0.43|7.03|7.03|7.16|7.01|14.45|7.04|29396300|207566336.00|1|0.0000|0.0000|0.0000|0|7.04
步步高|002251|0.51|17552744|69037664.00|-0.51|1.28|-1.28|3.94|3.90|3.97|3.87|17.55|3.92|23977908|94625080.00|1|0.0000|0.0000|0.0000|0|3.92
上海莱士|002252|0.43|42131282|296932160.00|-0.14|0.85|-0.57|7.06|7.02|7.09|6.99|42.13|7.03|65610190|459249728.00|1|0.0000|0.0000|0.0000|0|7.03
*ST智胜|002253|-1.23|4439200|50117696.00|-0.44|0.70|-1.32|11.21|11.30|11.43|11.20|4.44|11.35|5034018|57331536.00|1|0.0000|0.0000|0.0000|0|11.35
泰和新材|002254|0.10|8002000|81459432.00|0.10|1.88|-0.30|10.12|10.12|10.30|10.08|8.00|10.11|8502448|85620728.00|1|0.0000|0.0000|0.0000|0|10.11
海陆重工|002255|3.76|182662781|1547602560.00|0.73|6.80|-1.21|8.55|8.30|8.80|8.14|182.66|8.24|112449771|884639040.00|1|0.0000|0.0000|0.0000|0|8.24
兆新股份|002256|-1.28|15021200|34926712.00|0.00|0.00|-1.28|2.31|2.34|2.34|2.31|15.02|2.34|25000865|58344468.00|1|0.0000|0.0000|0.0000|0|2.34
利尔化学|002258|0.45|6173428|54767512.00|0.23|1.93|-0.34|8.85|8.83|8.98|8.78|6.17|8.81|6857777|60644596.00|1|0.0000|0.0000|0.0000|0|8.81
升达林业|002259|0.43|2820140|6652009.50|0.43|1.28|-0.43|2.36|2.36|2.38|2.34|2.82|2.35|2550040|6024681.00|1|0.0000|0.0000|0.0000|0|2.35
拓维信息|002261|-1.45|82986100|2383084800.00|-1.00|0.59|-1.93|28.59|28.72|29.18|28.45|82.99|29.01|135792853|3924585216.00|1|0.0000|0.0000|0.0000|0|29.01
恩华药业|002262|-1.06|8422893|190049088.00|-0.31|0.62|-1.45|22.46|22.63|22.84|22.37|8.42|22.70|25813815|588365632.00|1|0.0000|0.0000|0.0000|0|22.70
大东南|002263|-0.81|18723645|45877936.00|0.00|0.00|-1.62|2.45|2.47|2.47|2.43|18.72|2.47|20392072|50637512.00|1|0.0000|0.0000|0.0000|0|2.47
新 华 都|002264|1.49|14006458|85796392.00|-0.33|2.48|-0.66|6.13|6.02|6.19|6.00|14.01|6.04|11007400|66860584.00|1|0.0000|0.0000|0.0000|0|6.04
建设工业|002265|0.19|9495706|201035424.00|0.28|1.04|-0.52|21.13|21.15|21.31|20.98|9.50|21.09|10003506|212603008.00|1|0.0000|0.0000|0.0000|0|21.09
浙富控股|002266|-0.60|20857511|69520288.00|-0.30|0.30|-1.19|3.33|3.34|3.36|3.31|20.86|3.35|30860023|102987768.00|1|0.0000|0.0000|0.0000|0|3.35
陕天然气|002267|1.81|11495268|96280128.00|0.00|2.05|-0.60|8.45|8.30|8.47|8.25|11.50|8.30|8656705|71477072.00|1|0.0000|0.0000|0.0000|0|8.30
电科网安|002268|0.18|4422720|72444552.00|-0.18|0.80|-0.37|16.37|16.31|16.47|16.28|4.42|16.34|6633154|108661272.00|1|0.0000|0.0000|0.0000|0|16.34
美邦服饰|002269|0.56|61731710|111051152.00|-0.56|1.68|-1.12|1.80|1.78|1.82|1.77|61.73|1.79|68404700|123311096.00|1|0.0000|0.0000|0.0000|0|1.79
华明装备|002270|1.13|5591894|84864584.00|0.00|2.13|-0.47|15.16|14.99|15.31|14.92|5.59|14.99|8519788|126036464.00|1|0.0000|0.0000|0.0000|0|14.99
东方雨虹|002271|-0.41|20605748|249347808.00|-0.17|0.83|-0.83|12.06|12.09|12.21|12.01|20.61|12.11|56665797|694889920.00|1|0.0000|0.0000|0.0000|0|12.11
川润股份|002272|0.00|16876294|152987568.00|-0.44|1.66|-1.00|9.03|8.99|9.18|8.94|16.88|9.03|22345701|203929680.00|1|0.0000|0.0000|0.0000|0|9.03
水晶光电|002273|1.10|22367038|512334848.00|0.35|1.67|0.26|22.94|22.77|23.07|22.75|22.37|22.69|27104006|618146368.00|1|0.0000|0.0000|0.0000|0|22.69
华昌化工|002274|-0.50|10658863|84255488.00|0.00|0.50|-1.01|7.89|7.93|7.97|7.85|10.66|7.93|15490458|123207944.00|1|0.0000|0.0000|0.0000|0|7.93
桂林三金|002275|-0.28|2418600|34735844.00|0.00|0.63|-0.56|14.33|14.37|14.46|14.29|2.42|14.37|3999516|57339004.00|1|0.0000|0.0000|0.0000|0|14.37
万马股份|002276|0.57|91704587|1305339776.00|1.71|2.71|0.36|14.11|14.27|14.41|14.08|91.70|14.03|97574759|1377383040.00|1|0.0000|0.0000|0.0000|0|14.03
友阿股份|002277|0.39|18359700|95014000.00|-0.19|0.97|-0.78|5.17|5.14|5.20|5.11|18.36|5.15|26560002|137527712.00|1|0.0000|0.0000|0.0000|0|5.15
神开股份|002278|-2.21|75457499|598233408.00|-1.23|0.49|-4.43|7.95|8.03|8.17|7.77|75.46|8.13|105170562|871215168.00|1|0.0000|0.0000|0.0000|0|8.13
久其软件|002279|0.62|14684821|95539472.00|0.00|1.24|-0.93|6.51|6.47|6.55|6.41|14.68|6.47|21561703|140680832.00|1|0.0000|0.0000|0.0000|0|6.47
光迅科技|002281|3.80|25043725|1178922496.00|-0.09|4.62|-0.41|47.58|45.80|47.96|45.65|25.04|45.84|10042985|461362368.00|1|0.0000|0.0000|0.0000|0|45.84
博深股份|002282|-0.51|3275201|25620508.00|0.39|1.41|-0.64|7.75|7.82|7.90|7.74|3.28|7.79|3939966|30696586.00|1|0.0000|0.0000|0.0000|0|7.79
天润工业|002283|2.14|28421900|187942464.00|0.00|2.60|-1.07|6.67|6.53|6.70|6.46|28.42|6.53|30567010|202988320.00|1|0.0000|0.0000|0.0000|0|6.53
亚太股份|002284|0.79|37933338|387899392.00|0.60|3.57|-0.10|10.16|10.14|10.44|10.07|37.93|10.08|49973846|506490112.00|1|0.0000|0.0000|0.0000|0|10.08
世联行|002285|-0.43|12823660|29979748.00|0.85|0.85|-0.85|2.33|2.36|2.36|2.32|12.82|2.34|16964800|39694532.00|1|0.0000|0.0000|0.0000|0|2.34
保龄宝|002286|1.53|5609100|44451404.00|-0.13|2.04|-0.64|7.97|7.84|8.01|7.80|5.61|7.85|5228800|40985280.00|1|0.0000|0.0000|0.0000|0|7.85
奇正藏药|002287|-0.35|1751047|40111036.00|0.48|0.52|-0.70|22.86|23.05|23.06|22.78|1.75|22.94|2427973|56093720.00|1|0.0000|0.0000|0.0000|0|22.94
*ST宇顺|002289|4.98|950500|5009135.00|4.98|4.98|4.98|5.27|5.27|5.27|5.27|0.95|5.02|425502|2136020.00|1|0.0000|0.0000|0.0000|0|5.02
禾盛新材|002290|1.16|4557502|118609584.00|0.16|2.25|-1.12|26.08|25.82|26.36|25.49|4.56|25.78|8892900|228727856.00|1|0.0000|0.0000|0.0000|0|25.78
遥望科技|002291|1.11|20424133|130043768.00|-0.16|2.23|-0.48|6.36|6.28|6.43|6.26|20.42|6.29|21896340|138628128.00|1|0.0000|0.0000|0.0000|0|6.29
奥飞娱乐|002292|1.58|57199001|554619520.00|0.32|3.68|-0.32|9.65|9.53|9.85|9.47|57.20|9.50|50882560|484876608.00|1|0.0000|0.0000|0.0000|0|9.50
罗莱生活|002293|2.80|4941410|41439360.00|1.71|3.05|0.24|8.44|8.35|8.46|8.23|4.94|8.21|3409913|27987614.00|1|0.0000|0.0000|0.0000|0|8.21
信立泰|002294|0.06|7210677|244123232.00|-0.06|1.09|-0.98|33.86|33.82|34.21|33.51|7.21|33.84|11244675|378070432.00|1|0.0000|0.0000|0.0000|0|33.84
精艺股份|002295|0.27|2671600|20177166.00|0.93|1.86|-0.67|7.53|7.58|7.65|7.46|2.67|7.51|3774600|28547744.00|1|0.0000|0.0000|0.0000|0|7.51
辉煌科技|002296|1.72|11344600|126595928.00|-0.36|1.90|-0.72|11.23|11.00|11.25|10.96|11.34|11.04|13706500|152614432.00|1|0.0000|0.0000|0.0000|0|11.04
博云新材|002297|-1.48|9077757|60731176.00|0.44|0.44|-1.78|6.66|6.79|6.79|6.64|9.08|6.76|15845656|107722640.00|1|0.0000|0.0000|0.0000|0|6.76
中电鑫龙|002298|-1.10|18369900|99462792.00|-0.18|0.74|-1.47|5.38|5.43|5.48|5.36|18.37|5.44|18449200|100884200.00|1|0.0000|0.0000|0.0000|0|5.44
圣农发展|002299|-0.90|7434523|114655800.00|0.26|0.84|-1.23|15.33|15.51|15.60|15.28|7.43|15.47|18831479|290479456.00|1|0.0000|0.0000|0.0000|0|15.47
太阳电缆|002300|-1.13|64326928|393514560.00|0.00|1.46|-1.94|6.10|6.17|6.26|6.05|64.33|6.17|77842870|485899072.00|1|0.0000|0.0000|0.0000|0|6.17
齐心集团|002301|1.40|7714921|56024892.00|-0.42|2.65|-0.42|7.26|7.13|7.35|7.13|7.71|7.16|6409990|46095144.00|1|0.0000|0.0000|0.0000|0|7.16
西部建设|002302|-0.66|6004949|36016200.00|0.17|0.33|-0.83|5.98|6.03|6.04|5.97|6.00|6.02|7280620|43718184.00|1|0.0000|0.0000|0.0000|0|6.02
美盈森|002303|1.15|17831000|62647852.00|0.00|1.72|-0.57|3.52|3.48|3.54|3.46|17.83|3.48|19623810|68382040.00|1|0.0000|0.0000|0.0000|0|3.48
洋河股份|002304|0.01|2220464|169627872.00|0.00|0.24|-0.25|76.41|76.40|76.58|76.21|2.22|76.40|3138393|239704848.00|1|0.0000|0.0000|0.0000|0|76.40
*ST南置|002305|-1.42|23511300|32799622.00|0.00|0.00|-1.42|1.39|1.41|1.41|1.39|23.51|1.41|24639646|34680060.00|1|0.0000|0.0000|0.0000|0|1.41
*ST云网|002306|-2.69|86536592|190034496.00|0.00|2.69|-4.04|2.17|2.23|2.29|2.14|86.54|2.23|137044288|306018432.00|1|0.0000|0.0000|0.0000|0|2.23
北新路桥|002307|-0.52|9538100|36277212.00|0.00|0.52|-1.05|3.80|3.82|3.84|3.78|9.54|3.82|11169900|42732432.00|1|0.0000|0.0000|0.0000|0|3.82
中利集团|002309|-0.37|6188000|16534124.00|0.00|0.75|-0.75|2.67|2.68|2.70|2.66|6.19|2.68|9622162|25443404.00|1|0.0000|0.0000|0.0000|0|2.68
东方园林|002310|0.00|43406579|86691352.00|0.00|2.51|-1.51|1.99|1.99|2.04|1.96|43.41|1.99|69281588|140931824.00|1|0.0000|0.0000|0.0000|0|1.99
海大集团|002311|-0.16|5076964|253125840.00|-0.14|0.50|-1.42|50.08|50.09|50.41|49.45|5.08|50.16|7098379|356371904.00|1|0.0000|0.0000|0.0000|0|50.16
川发龙蟒|002312|-1.01|27396846|324106624.00|-0.42|0.34|-1.93|11.81|11.88|11.97|11.70|27.40|11.93|25794870|308521504.00|1|0.0000|0.0000|0.0000|0|11.93
日海智能|002313|0.85|6898610|65668600.00|-0.11|2.34|-0.43|9.49|9.40|9.63|9.37|6.90|9.41|9690410|92501112.00|1|0.0000|0.0000|0.0000|0|9.41
南山控股|002314|0.00|11283570|25295880.00|0.45|0.89|-0.45|2.24|2.25|2.26|2.23|11.28|2.24|16619435|37338704.00|1|0.0000|0.0000|0.0000|0|2.24
焦点科技|002315|3.19|11655585|517792352.00|-0.60|3.89|-0.60|44.59|42.95|44.89|42.95|11.66|43.21|5872549|253331552.00|1|0.0000|0.0000|0.0000|0|43.21
亚联发展|002316|1.15|4650238|16342962.00|-0.29|1.43|-0.57|3.53|3.48|3.54|3.47|4.65|3.49|4132900|14485667.00|1|0.0000|0.0000|0.0000|0|3.49
众生药业|002317|-2.09|21754044|247466496.00|-0.43|0.52|-2.09|11.26|11.45|11.56|11.26|21.75|11.50|50159444|574928832.00|1|0.0000|0.0000|0.0000|0|11.50
久立特材|002318|-3.42|9122525|234452592.00|-0.27|0.76|-3.91|25.45|26.28|26.55|25.32|9.12|26.35|11548292|300570976.00|1|0.0000|0.0000|0.0000|0|26.35
乐通股份|002319|0.57|2534200|27113108.00|0.09|3.50|-0.76|10.63|10.58|10.94|10.49|2.53|10.57|1957815|20723312.00|1|0.0000|0.0000|0.0000|0|10.57
海峡股份|002320|1.16|19801302|120252712.00|0.00|1.99|-0.66|6.11|6.04|6.16|6.00|19.80|6.04|19210048|116406664.00|1|0.0000|0.0000|0.0000|0|6.04
华英农业|002321|-0.85|15749600|37012296.00|-0.85|1.69|-1.27|2.34|2.34|2.40|2.33|15.75|2.36|21154300|50091672.00|1|0.0000|0.0000|0.0000|0|2.36
理工能科|002322|1.25|3492000|48223084.00|0.00|1.91|-0.44|13.81|13.64|13.90|13.58|3.49|13.64|3948400|54051576.00|1|0.0000|0.0000|0.0000|0|13.64
雅博股份|002323|1.29|38939975|61042952.00|0.65|2.58|-0.65|1.57|1.56|1.59|1.54|38.94|1.55|42778339|66837776.00|1|0.0000|0.0000|0.0000|0|1.55
普利特|002324|0.52|7528640|72413056.00|-0.31|1.78|-0.31|9.60|9.52|9.72|9.52|7.53|9.55|11116000|106781080.00|1|0.0000|0.0000|0.0000|0|9.55
永太科技|002326|1.35|15079843|158761040.00|-0.10|2.60|-0.48|10.51|10.36|10.64|10.32|15.08|10.37|10535448|109361608.00|1|0.0000|0.0000|0.0000|0|10.37
富安娜|002327|2.99|8961678|76795504.00|0.00|3.70|-0.12|8.62|8.37|8.68|8.36|8.96|8.37|3307300|27667640.00|1|0.0000|0.0000|0.0000|0|8.37
新朋股份|002328|0.50|7120170|43162040.00|-0.66|1.83|-1.16|6.05|5.98|6.13|5.95|7.12|6.02|8664980|52486552.00|1|0.0000|0.0000|0.0000|0|6.02
皇氏集团|002329|-10.12|8197100|25492980.00|-10.12|-10.12|-10.12|3.11|3.11|3.11|3.11|8.20|3.46|8210500|28408330.00|1|0.0000|0.0000|0.0000|0|3.46
得利斯|002330|0.00|8565700|36434972.00|0.71|0.94|-0.94|4.25|4.28|4.29|4.21|8.57|4.25|12212102|52123064.00|1|0.0000|0.0000|0.0000|0|4.25
皖通科技|002331|1.05|7142600|55099752.00|0.13|2.23|-0.92|7.70|7.63|7.79|7.55|7.14|7.62|5513760|42278688.00|1|0.0000|0.0000|0.0000|0|7.62
仙琚制药|002332|-0.98|16902247|171951744.00|-0.20|0.00|-1.27|10.15|10.23|10.25|10.12|16.90|10.25|36565901|374595552.00|1|0.0000|0.0000|0.0000|0|10.25
罗普斯金|002333|0.18|7132300|39865164.00|0.36|2.72|-0.36|5.53|5.54|5.67|5.50|7.13|5.52|6572600|36446664.00|1|0.0000|0.0000|0.0000|0|5.52
英威腾|002334|1.17|18692100|161861440.00|-0.23|2.58|-0.82|8.63|8.51|8.75|8.46|18.69|8.53|15407245|132004944.00|1|0.0000|0.0000|0.0000|0|8.53
科华数据|002335|0.58|21331189|936275072.00|0.48|2.30|0.05|43.64|43.60|44.39|43.41|21.33|43.39|24107989|1057671296.00|1|0.0000|0.0000|0.0000|0|43.39
赛象科技|002337|1.11|17392510|96072448.00|0.18|3.69|-0.74|5.48|5.43|5.62|5.38|17.39|5.42|19448236|106105280.00|1|0.0000|0.0000|0.0000|0|5.42
奥普光电|002338|-5.51|21154547|911827584.00|0.02|0.98|-6.00|42.52|45.01|45.44|42.30|21.15|45.00|25915845|1173307392.00|1|0.0000|0.0000|0.0000|0|45.00
积成电子|002339|0.14|9666140|68876576.00|0.14|1.41|-0.71|7.10|7.10|7.19|7.04|9.67|7.09|12872380|91878280.00|1|0.0000|0.0000|0.0000|0|7.09
格林美|002340|0.00|31748847|207902352.00|0.00|0.61|-0.31|6.54|6.54|6.58|6.52|31.75|6.54|41400607|271252384.00|1|0.0000|0.0000|0.0000|0|6.54
巨力索具|002342|-6.86|224413995|1113883392.00|-7.05|-3.15|-10.02|5.02|5.01|5.22|4.85|224.41|5.39|275083723|1518151040.00|1|0.0000|0.0000|0.0000|0|5.39
慈文传媒|002343|0.45|8287500|55808076.00|0.30|2.40|0.00|6.70|6.69|6.83|6.67|8.29|6.67|9973400|66997360.00|1|0.0000|0.0000|0.0000|0|6.67
海宁皮城|002344|0.24|7345700|30539576.00|-0.24|0.72|-0.72|4.16|4.14|4.18|4.12|7.35|4.15|10550300|43850056.00|1|0.0000|0.0000|0.0000|0|4.15
潮宏基|002345|6.37|44667340|393358368.00|0.96|9.37|0.00|8.85|8.40|9.10|8.32|44.67|8.32|30244899|250375920.00|1|0.0000|0.0000|0.0000|0|8.32
柘中股份|002346|0.00|2246102|26483614.00|-0.51|1.10|-0.51|11.77|11.71|11.90|11.71|2.25|11.77|3001900|35315516.00|1|0.0000|0.0000|0.0000|0|11.77
泰尔股份|002347|-10.04|5870900|39452448.00|-10.04|-10.04|-10.04|6.72|6.72|6.72|6.72|5.87|7.47|17662430|133684624.00|1|0.0000|0.0000|0.0000|0|7.47
高乐股份|002348|-0.90|12204300|40562336.00|-0.60|0.90|-0.90|3.30|3.31|3.36|3.30|12.20|3.33|12876700|43166712.00|1|0.0000|0.0000|0.0000|0|3.33
精华制药|002349|-0.81|10217489|75735064.00|-0.54|0.27|-1.21|7.39|7.41|7.47|7.36|10.22|7.45|19912085|148217648.00|1|0.0000|0.0000|0.0000|0|7.45
北京科锐|002350|0.15|4731942|30716962.00|0.31|1.23|-0.93|6.49|6.50|6.56|6.42|4.73|6.48|7391039|48130868.00|1|0.0000|0.0000|0.0000|0|6.48
漫步者|002351|1.17|11246754|163382544.00|0.41|1.52|-1.52|14.69|14.58|14.74|14.30|11.25|14.52|7520650|109519792.00|1|0.0000|0.0000|0.0000|0|14.52
顺丰控股|002352|-1.01|15371526|669678848.00|-0.21|0.66|-1.30|43.32|43.67|44.05|43.19|15.37|43.76|20944019|913065536.00|1|0.0000|0.0000|0.0000|0|43.76
杰瑞股份|002353|-0.08|3515795|129564840.00|-0.38|1.66|-0.44|36.74|36.63|37.38|36.61|3.52|36.77|4703747|173222576.00|1|0.0000|0.0000|0.0000|0|36.77
天娱数科|002354|0.65|51616994|320433344.00|0.00|2.11|-0.81|6.19|6.15|6.28|6.10|51.62|6.15|66031840|409368608.00|1|0.0000|0.0000|0.0000|0|6.15
兴民智通|002355|-0.62|9702501|62571788.00|0.00|0.93|-0.93|6.41|6.45|6.51|6.39|9.70|6.45|10974600|71407360.00|1|0.0000|0.0000|0.0000|0|6.45
赫美集团|002356|-1.34|12138700|35967032.00|0.00|0.67|-2.34|2.95|2.99|3.01|2.92|12.14|2.99|11304800|33831336.00|1|0.0000|0.0000|0.0000|0|2.99
富临运业|002357|1.20|5167800|39246872.00|0.40|2.13|-0.53|7.60|7.54|7.67|7.47|5.17|7.51|6414800|48193536.00|1|0.0000|0.0000|0.0000|0|7.51
森源电气|002358|-0.18|18553100|104985360.00|-0.53|1.24|-0.71|5.64|5.62|5.72|5.61|18.55|5.65|23231900|131679824.00|1|0.0000|0.0000|0.0000|0|5.65
同德化工|002360|-0.58|3881300|19934372.00|-0.39|1.36|-0.97|5.10|5.11|5.20|5.08|3.88|5.13|6025900|30799312.00|1|0.0000|0.0000|0.0000|0|5.13
神剑股份|002361|-3.00|100023900|688278464.00|-2.14|0.86|-3.29|6.79|6.85|7.06|6.77|100.02|7.00|162468446|1140839808.00|1|0.0000|0.0000|0.0000|0|7.00
汉王科技|002362|-0.04|3247500|72488088.00|0.04|1.30|-0.54|22.24|22.26|22.54|22.13|3.25|22.25|4985001|111566376.00|1|0.0000|0.0000|0.0000|0|22.25
隆基机械|002363|0.53|14649160|110605632.00|-0.94|2.67|-1.87|7.52|7.41|7.68|7.34|14.65|7.48|20731780|156697760.00|1|0.0000|0.0000|0.0000|0|7.48
中恒电气|002364|4.52|52005062|792088640.00|-0.67|6.48|-1.42|15.49|14.72|15.78|14.61|52.01|14.82|27824604|411211648.00|1|0.0000|0.0000|0.0000|0|14.82
永安药业|002365|-0.82|3684100|31282864.00|0.00|0.47|-1.41|8.47|8.54|8.58|8.42|3.68|8.54|7381423|63063132.00|1|0.0000|0.0000|0.0000|0|8.54
融发核电|002366|-2.38|121993359|653765056.00|-1.83|-0.18|-2.93|5.34|5.37|5.46|5.31|121.99|5.47|196394362|1063387264.00|1|0.0000|0.0000|0.0000|0|5.47
康力电梯|002367|1.91|24211680|179782912.00|-0.96|3.69|-2.32|7.46|7.25|7.59|7.15|24.21|7.32|22746913|167968496.00|1|0.0000|0.0000|0.0000|0|7.32
太极股份|002368|-0.32|13784620|343345536.00|-2.05|1.97|-2.33|24.82|24.39|25.39|24.32|13.78|24.90|8778595|217784640.00|1|0.0000|0.0000|0.0000|0|24.90
卓翼科技|002369|-0.20|27467200|271957152.00|-0.20|1.82|-0.61|9.85|9.85|10.05|9.81|27.47|9.87|44003100|437796160.00|1|0.0000|0.0000|0.0000|0|9.87
亚太药业|002370|-2.59|59073741|201816944.00|-0.58|0.29|-3.17|3.38|3.45|3.48|3.36|59.07|3.47|86029833|302883968.00|1|0.0000|0.0000|0.0000|0|3.47
北方华创|002371|0.00|3753898|1604366336.00|-0.05|0.14|-2.00|429.20|428.98|429.80|420.60|3.75|429.20|6306684|2677514752.00|1|0.0000|0.0000|0.0000|0|429.20
伟星新材|002372|-0.49|5173600|63170824.00|0.00|0.99|-0.57|12.12|12.18|12.30|12.11|5.17|12.18|6731000|82034064.00|1|0.0000|0.0000|0.0000|0|12.18
千方科技|002373|0.33|11062628|102672904.00|0.11|1.73|-0.22|9.26|9.24|9.39|9.21|11.06|9.23|12546300|116622136.00|1|0.0000|0.0000|0.0000|0|9.23
中锐股份|002374|-0.80|6678060|16624370.00|0.00|0.80|-0.80|2.47|2.49|2.51|2.47|6.68|2.49|9468960|23709816.00|1|0.0000|0.0000|0.0000|0|2.49
亚厦股份|002375|0.00|6605000|25219436.00|-0.26|0.79|-0.79|3.82|3.81|3.85|3.79|6.60|3.82|11856700|45228336.00|1|0.0000|0.0000|0.0000|0|3.82
新北洋|002376|0.30|13145240|89506448.00|-0.30|2.07|-0.59|6.78|6.74|6.90|6.72|13.15|6.76|15559139|105467720.00|1|0.0000|0.0000|0.0000|0|6.76
国创高新|002377|-0.37|7195700|19432164.00|-0.37|0.37|-0.74|2.70|2.70|2.72|2.69|7.20|2.71|10135100|27674864.00|1|0.0000|0.0000|0.0000|0|2.71
章源钨业|002378|0.86|23429475|164363504.00|-0.58|3.31|-1.15|7.00|6.90|7.17|6.86|23.43|6.94|22210080|152572960.00|1|0.0000|0.0000|0.0000|0|6.94
宏创控股|002379|2.31|10100200|115322624.00|0.18|2.49|-0.36|11.52|11.28|11.54|11.22|10.10|11.26|15108604|170067536.00|1|0.0000|0.0000|0.0000|0|11.26
科远智慧|002380|1.52|4641989|117015904.00|-0.08|2.13|-0.84|25.30|24.90|25.45|24.71|4.64|24.92|5722255|143682944.00|1|0.0000|0.0000|0.0000|0|24.92
双箭股份|002381|0.00|3622501|25269114.00|0.00|0.86|-0.72|6.96|6.96|7.02|6.91|3.62|6.96|6451380|44834428.00|1|0.0000|0.0000|0.0000|0|6.96
蓝帆医疗|002382|-0.78|4882954|24854072.00|-0.39|0.00|-1.17|5.08|5.10|5.12|5.06|4.88|5.12|11779237|60183304.00|1|0.0000|0.0000|0.0000|0|5.12
合众思壮|002383|-0.65|8165800|62946528.00|0.78|1.17|-0.65|7.65|7.76|7.79|7.65|8.17|7.70|10994687|84718424.00|1|0.0000|0.0000|0.0000|0|7.70
东山精密|002384|0.64|25898327|856026240.00|-0.03|2.50|-0.55|32.96|32.74|33.57|32.57|25.90|32.75|34546900|1135343488.00|1|0.0000|0.0000|0.0000|0|32.75
大北农|002385|-0.50|25748233|103055648.00|0.00|0.25|-0.75|4.00|4.02|4.03|3.99|25.75|4.02|39152242|157078064.00|1|0.0000|0.0000|0.0000|0|4.02
天原股份|002386|-0.44|8679330|38796496.00|0.00|0.22|-1.33|4.48|4.50|4.51|4.44|8.68|4.50|13878142|62349428.00|1|0.0000|0.0000|0.0000|0|4.50
维信诺|002387|0.54|17656450|163724560.00|0.00|1.74|-0.54|9.25|9.20|9.36|9.15|17.66|9.20|35243500|326373184.00|1|0.0000|0.0000|0.0000|0|9.20
ST新亚|002388|-0.30|6817600|22927588.00|-0.30|0.89|-0.60|3.35|3.35|3.39|3.34|6.82|3.36|7735042|25929978.00|1|0.0000|0.0000|0.0000|0|3.36
航天彩虹|002389|-2.68|19286844|379288960.00|-0.30|-0.30|-3.77|19.62|20.10|20.10|19.40|19.29|20.16|18746932|383470400.00|1|0.0000|0.0000|0.0000|0|20.16
信邦制药|002390|-0.52|13395076|50830924.00|0.26|0.26|-1.05|3.79|3.82|3.82|3.77|13.40|3.81|22733811|86791400.00|1|0.0000|0.0000|0.0000|0|3.81
长青股份|002391|0.00|5509900|27835588.00|-0.59|0.59|-0.59|5.05|5.02|5.08|5.02|5.51|5.05|8409384|42467148.00|1|0.0000|0.0000|0.0000|0|5.05
北京利尔|002392|0.40|7349600|36684448.00|-0.20|1.00|-0.80|5.00|4.97|5.03|4.94|7.35|4.98|13433400|66664000.00|1|0.0000|0.0000|0.0000|0|4.98
力生制药|002393|-0.64|1312142|22435870.00|-0.76|0.47|-0.99|17.09|17.07|17.28|17.03|1.31|17.20|3961490|67917688.00|1|0.0000|0.0000|0.0000|0|17.20
联发股份|002394|0.52|3550100|27484656.00|-0.52|1.43|-0.52|7.73|7.65|7.80|7.65|3.55|7.69|5567500|42650592.00|1|0.0000|0.0000|0.0000|0|7.69
双象股份|002395|0.73|6642851|119518296.00|-0.39|1.79|-1.12|17.98|17.78|18.17|17.65|6.64|17.85|8977200|158713584.00|1|0.0000|0.0000|0.0000|0|17.85
星网锐捷|002396|0.85|7396503|148565040.00|-0.25|1.51|-0.50|20.10|19.88|20.23|19.83|7.40|19.93|6951900|138976640.00|1|0.0000|0.0000|0.0000|0|19.93
梦洁股份|002397|3.58|26145596|105785528.00|-0.26|6.91|-0.51|4.05|3.90|4.18|3.89|26.15|3.91|12889800|50589464.00|1|0.0000|0.0000|0.0000|0|3.91
垒知集团|002398|0.20|11266313|55955608.00|-0.40|1.21|-0.40|4.95|4.92|5.00|4.92|11.27|4.94|12478600|62021940.00|1|0.0000|0.0000|0.0000|0|4.94
海普瑞|002399|-1.37|5261429|61129916.00|-0.17|0.00|-1.62|11.56|11.70|11.72|11.53|5.26|11.72|11072581|129070904.00|1|0.0000|0.0000|0.0000|0|11.72
省广集团|002400|2.46|76175324|600161088.00|0.52|3.63|-0.13|7.90|7.75|7.99|7.70|76.18|7.71|42650213|330736832.00|1|0.0000|0.0000|0.0000|0|7.71
中远海科|002401|-0.19|8512532|137642608.00|-0.12|1.24|-0.62|16.12|16.13|16.35|16.05|8.51|16.15|11840252|191858400.00|1|0.0000|0.0000|0.0000|0|16.15
和而泰|002402|0.92|26243908|520835584.00|0.36|2.55|-0.15|19.82|19.71|20.14|19.61|26.24|19.64|23703750|469203072.00|1|0.0000|0.0000|0.0000|0|19.64
爱仕达|002403|1.16|6424150|95657952.00|0.61|2.59|-0.89|14.84|14.76|15.05|14.54|6.42|14.67|5464900|80868672.00|1|0.0000|0.0000|0.0000|0|14.67
嘉欣丝绸|002404|1.80|9285299|57432532.00|0.00|2.13|-0.82|6.21|6.10|6.23|6.05|9.29|6.10|6017600|36773340.00|1|0.0000|0.0000|0.0000|0|6.10
四维图新|002405|0.34|19776173|174131824.00|0.00|1.03|-0.34|8.79|8.76|8.85|8.73|19.78|8.76|22318199|195933344.00|1|0.0000|0.0000|0.0000|0|8.76
远东传动|002406|0.00|52790943|404522272.00|0.39|1.57|-0.92|7.62|7.65|7.74|7.55|52.79|7.62|59846643|459845472.00|1|0.0000|0.0000|0.0000|0|7.62
多氟多|002407|0.17|5582541|66814240.00|0.00|0.84|-0.25|11.95|11.93|12.03|11.90|5.58|11.93|7108660|84880400.00|1|0.0000|0.0000|0.0000|0|11.93
齐翔腾达|002408|0.21|10031848|48335040.00|0.00|0.83|-0.62|4.82|4.81|4.85|4.78|10.03|4.81|15643373|75141880.00|1|0.0000|0.0000|0.0000|0|4.81
雅克科技|002409|0.52|9921046|613661824.00|-0.16|2.64|-0.57|61.60|61.18|62.90|60.93|9.92|61.28|6619773|408086912.00|1|0.0000|0.0000|0.0000|0|61.28
广联达|002410|0.90|30231035|445982240.00|-0.28|3.66|-0.62|14.62|14.45|15.02|14.40|30.23|14.49|34884748|507474464.00|1|0.0000|0.0000|0.0000|0|14.49
汉森制药|002412|0.48|9950940|63056412.00|0.00|1.43|-0.79|6.33|6.30|6.39|6.25|9.95|6.30|13825700|87036440.00|1|0.0000|0.0000|0.0000|0|6.30
雷科防务|002413|-0.44|14390600|65129980.00|0.22|0.88|-0.66|4.51|4.54|4.57|4.50|14.39|4.53|20103430|91715120.00|1|0.0000|0.0000|0.0000|0|4.53
高德红外|002414|0.00|22591573|181746064.00|0.37|1.37|-0.75|8.05|8.08|8.16|7.99|22.59|8.05|37046543|299418688.00|1|0.0000|0.0000|0.0000|0|8.05
海康威视|002415|-0.43|22738957|689268736.00|0.10|0.13|-0.82|30.33|30.49|30.50|30.21|22.74|30.46|32659176|995154240.00|1|0.0000|0.0000|0.0000|0|30.46
爱施德|002416|1.05|15286911|191322416.00|0.24|2.91|-0.32|12.48|12.38|12.71|12.31|15.29|12.35|9697620|120266112.00|1|0.0000|0.0000|0.0000|0|12.35
康盛股份|002418|1.59|52448803|167898208.00|1.27|3.82|-0.32|3.19|3.18|3.26|3.13|52.45|3.14|31280100|98788632.00|1|0.0000|0.0000|0.0000|0|3.14
天虹股份|002419|0.00|6504700|32158700.00|0.00|0.61|-0.61|4.94|4.94|4.97|4.91|6.50|4.94|9492100|46860980.00|1|0.0000|0.0000|0.0000|0|4.94
毅昌科技|002420|-2.28|24258890|157712896.00|0.61|0.76|-2.43|6.43|6.62|6.63|6.42|24.26|6.58|38534020|257281344.00|1|0.0000|0.0000|0.0000|0|6.58
达实智能|002421|0.55|29598600|107641432.00|-0.28|1.10|-0.83|3.64|3.61|3.66|3.59|29.60|3.62|36985600|134237760.00|1|0.0000|0.0000|0.0000|0|3.62
科伦药业|002422|4.37|46363938|1698329472.00|1.55|7.42|0.17|37.00|36.00|38.08|35.51|46.36|35.45|40456371|1393974144.00|1|0.0000|0.0000|0.0000|0|35.45
中粮资本|002423|1.62|24471387|305703808.00|0.00|2.43|-0.32|12.56|12.36|12.66|12.32|24.47|12.36|21071275|262394432.00|1|0.0000|0.0000|0.0000|0|12.36
ST百灵|002424|-2.08|22848220|96954480.00|-0.92|-0.46|-2.77|4.24|4.29|4.31|4.21|22.85|4.33|26763016|115998480.00|1|0.0000|0.0000|0.0000|0|4.33
凯撒文化|002425|0.47|9535360|20671120.00|-0.47|1.86|-0.47|2.16|2.14|2.19|2.14|9.54|2.15|8977600|19359588.00|1|0.0000|0.0000|0.0000|0|2.15
胜利精密|002426|0.00|96023199|294760544.00|-0.33|1.63|-0.65|3.06|3.05|3.11|3.04|96.02|3.06|112456761|347527104.00|1|0.0000|0.0000|0.0000|0|3.06
尤夫股份|002427|9.94|128075894|614812288.00|-3.46|9.94|-5.62|5.09|4.47|5.09|4.37|128.08|4.63|137225199|641337344.00|1|0.0000|0.0000|0.0000|0|4.63
云南锗业|002428|0.75|13874951|279932640.00|0.70|1.80|0.25|20.14|20.13|20.35|20.04|13.87|19.99|15206801|303914464.00|1|0.0000|0.0000|0.0000|0|19.99
兆驰股份|002429|0.00|27221477|142545936.00|0.00|0.96|-0.38|5.23|5.23|5.28|5.21|27.22|5.23|36730650|192469376.00|1|0.0000|0.0000|0.0000|0|5.23
杭氧股份|002430|-2.91|10413523|214221488.00|-0.14|0.29|-3.11|20.32|20.90|20.99|20.28|10.41|20.93|5385895|112351992.00|1|0.0000|0.0000|0.0000|0|20.93
棕榈股份|002431|-0.50|7447459|14945374.00|0.00|0.50|-1.00|2.00|2.01|2.02|1.99|7.45|2.01|16025594|32120132.00|1|0.0000|0.0000|0.0000|0|2.01
九安医疗|002432|-0.91|6370200|269182304.00|-0.80|-0.23|-1.55|42.28|42.33|42.57|42.01|6.37|42.67|13497390|579532416.00|1|0.0000|0.0000|0.0000|0|42.67
万里扬|002434|1.55|20871984|164427872.00|-0.39|2.84|-0.52|7.87|7.72|7.97|7.71|20.87|7.75|24614700|192296928.00|1|0.0000|0.0000|0.0000|0|7.75
兴森科技|002436|-0.32|20973983|258393808.00|-0.32|1.06|-0.57|12.27|12.27|12.44|12.24|20.97|12.31|35013926|429661952.00|1|0.0000|0.0000|0.0000|0|12.31
誉衡药业|002437|-1.87|209602842|553967680.00|-0.37|0.37|-2.62|2.62|2.66|2.68|2.60|209.60|2.67|154199648|403050848.00|1|0.0000|0.0000|0.0000|0|2.67
江苏神通|002438|-1.76|8487726|99581984.00|-0.42|-0.17|-2.10|11.69|11.85|11.88|11.65|8.49|11.90|14820512|175532272.00|1|0.0000|0.0000|0.0000|0|11.90
启明星辰|002439|0.12|9349803|153964720.00|-0.36|0.97|-0.67|16.46|16.38|16.60|16.33|9.35|16.44|14587439|241357552.00|1|0.0000|0.0000|0.0000|0|16.44
闰土股份|002440|1.02|5220003|36280848.00|-0.29|1.89|-0.58|6.96|6.87|7.02|6.85|5.22|6.89|6131759|42068976.00|1|0.0000|0.0000|0.0000|0|6.89
众业达|002441|-0.78|12220900|109249512.00|0.11|2.23|-1.34|8.88|8.96|9.15|8.83|12.22|8.95|17806700|162408432.00|1|0.0000|0.0000|0.0000|0|8.95
龙星科技|002442|-0.77|11126900|72203032.00|0.77|1.38|-0.92|6.45|6.55|6.59|6.44|11.13|6.50|15090800|97912784.00|1|0.0000|0.0000|0.0000|0|6.50
金洲管道|002443|-1.31|4725500|28696850.00|-0.16|-0.16|-1.63|6.05|6.12|6.12|6.03|4.73|6.13|8664891|52776176.00|1|0.0000|0.0000|0.0000|0|6.13
巨星科技|002444|0.30|13651197|413224960.00|-0.40|0.59|-1.25|30.39|30.18|30.48|29.92|13.65|30.30|15830826|476104160.00|1|0.0000|0.0000|0.0000|0|30.30
中南文化|002445|-0.42|25787610|61040024.00|-0.42|2.12|-0.85|2.35|2.35|2.41|2.34|25.79|2.36|27391898|64518736.00|1|0.0000|0.0000|0.0000|0|2.36
盛路通信|002446|0.32|13326812|83811864.00|0.16|2.08|-0.48|6.27|6.26|6.38|6.22|13.33|6.25|13581969|84923616.00|1|0.0000|0.0000|0.0000|0|6.25
中原内配|002448|0.50|19331843|156566784.00|0.12|1.86|-1.24|8.09|8.06|8.20|7.95|19.33|8.05|21777250|177180304.00|1|0.0000|0.0000|0.0000|0|8.05
国星光电|002449|-0.74|11411050|106924632.00|-0.21|0.53|-1.06|9.33|9.38|9.45|9.30|11.41|9.40|13002200|122880456.00|1|0.0000|0.0000|0.0000|0|9.40
摩恩电气|002451|-0.89|8132600|54582424.00|0.59|1.04|-1.34|6.68|6.78|6.81|6.65|8.13|6.74|9588500|64743820.00|1|0.0000|0.0000|0.0000|0|6.74
长高电新|002452|0.00|8212400|63271592.00|0.00|1.30|-0.78|7.69|7.69|7.79|7.63|8.21|7.69|10705000|82627896.00|1|0.0000|0.0000|0.0000|0|7.69
华软科技|002453|9.96|33995846|186568624.00|0.59|9.96|-0.39|5.63|5.15|5.63|5.10|34.00|5.12|9728700|49731872.00|1|0.0000|0.0000|0.0000|0|5.12
松芝股份|002454|2.92|17773902|125523040.00|0.00|5.99|-0.73|7.04|6.84|7.25|6.79|17.77|6.84|14625300|101228176.00|1|0.0000|0.0000|0.0000|0|6.84
百川股份|002455|-1.11|19721389|159732000.00|0.12|1.85|-1.60|8.03|8.13|8.27|7.99|19.72|8.12|27529929|222550160.00|1|0.0000|0.0000|0.0000|0|8.12
欧菲光|002456|-1.37|78290133|952365568.00|-0.97|-0.40|-2.98|12.23|12.28|12.35|12.03|78.29|12.40|59235400|739257664.00|0|0.0000|0.0000|0.0000|0|12.40
青龙管业|002457|-0.91|7334300|87936496.00|0.00|0.08|-1.08|11.95|12.06|12.07|11.93|7.33|12.06|11295707|136493280.00|1|0.0000|0.0000|0.0000|0|12.06
益生股份|002458|-0.21|11650180|109050552.00|0.21|1.18|-0.75|9.32|9.36|9.45|9.27|11.65|9.34|14949079|139830432.00|1|0.0000|0.0000|0.0000|0|9.34
晶澳科技|002459|-0.78|27271885|312446336.00|-0.26|0.52|-1.22|11.43|11.49|11.58|11.38|27.27|11.52|44438284|510667264.00|1|0.0000|0.0000|0.0000|0|11.52
赣锋锂业|002460|-0.18|9896693|335800864.00|0.00|0.44|-0.71|33.94|34.00|34.15|33.76|9.90|34.00|11561194|393154752.00|1|0.0000|0.0000|0.0000|0|34.00
珠江啤酒|002461|0.69|6222563|63554572.00|0.69|1.58|0.10|10.21|10.21|10.30|10.15|6.22|10.14|10969550|111841240.00|1|0.0000|0.0000|0.0000|0|10.14
嘉事堂|002462|0.39|2198650|28367462.00|-0.47|0.47|-0.78|12.95|12.84|12.96|12.80|2.20|12.90|4299400|55302488.00|1|0.0000|0.0000|0.0000|0|12.90
沪电股份|002463|1.87|40582584|1345419520.00|0.34|2.45|0.03|33.28|32.78|33.47|32.68|40.58|32.67|30321930|994698688.00|1|0.0000|0.0000|0.0000|0|32.67
海格通信|002465|1.24|18327100|207826688.00|0.09|1.51|-0.44|11.40|11.27|11.43|11.21|18.33|11.26|23945900|270082080.00|1|0.0000|0.0000|0.0000|0|11.26
天齐锂业|002466|0.26|9063214|277076864.00|0.00|0.98|-0.72|30.63|30.55|30.85|30.33|9.06|30.55|10880244|331816256.00|1|0.0000|0.0000|0.0000|0|30.55
二六三|002467|0.36|24822143|140800768.00|-0.36|1.78|-0.36|5.65|5.61|5.73|5.61|24.82|5.63|28953914|164287552.00|1|0.0000|0.0000|0.0000|0|5.63
申通快递|002468|1.09|10174400|122786216.00|-0.08|1.92|-0.59|12.08|11.94|12.18|11.88|10.17|11.95|18009025|216015072.00|1|0.0000|0.0000|0.0000|0|11.95
三维化学|002469|1.33|33404742|279909632.00|0.36|3.64|-0.48|8.36|8.28|8.55|8.21|33.40|8.25|24920320|206137536.00|1|0.0000|0.0000|0.0000|0|8.25
金正大|002470|0.56|23548955|41679524.00|0.00|0.56|-0.56|1.78|1.77|1.78|1.76|23.55|1.77|24859479|44302136.00|1|0.0000|0.0000|0.0000|0|1.77
中超控股|002471|10.14|157727831|468748352.00|1.09|10.14|-1.09|3.04|2.79|3.04|2.73|157.73|2.76|32002600|88599368.00|1|0.0000|0.0000|0.0000|0|2.76
双环传动|002472|1.67|14710417|509447936.00|-0.12|2.67|-0.47|34.64|34.03|34.98|33.91|14.71|34.07|20861760|723583680.00|1|0.0000|0.0000|0.0000|0|34.07
榕基软件|002474|0.30|11147800|74375648.00|-0.15|1.82|-0.61|6.63|6.60|6.73|6.57|11.15|6.61|19797900|131980704.00|1|0.0000|0.0000|0.0000|0|6.61
立讯精密|002475|-2.70|102838106|4058599168.00|-0.05|0.64|-4.30|39.35|40.42|40.70|38.70|102.84|40.44|38061001|1546945664.00|1|0.0000|0.0000|0.0000|0|40.44
宝莫股份|002476|-0.67|9378449|42027092.00|-0.22|0.67|-1.34|4.46|4.48|4.52|4.43|9.38|4.49|19300867|86915552.00|1|0.0000|0.0000|0.0000|0|4.49
常宝股份|002478|-1.02|38504086|227957232.00|0.34|2.89|-1.36|5.82|5.90|6.05|5.80|38.50|5.88|41196408|242061520.00|1|0.0000|0.0000|0.0000|0|5.88
富春环保|002479|0.00|10192060|50849448.00|0.00|0.40|-1.00|5.00|5.00|5.02|4.95|10.19|5.00|12990400|64912520.00|1|0.0000|0.0000|0.0000|0|5.00
新筑股份|002480|4.67|28978140|160715984.00|0.00|5.61|-1.68|5.60|5.35|5.65|5.26|28.98|5.35|5638200|30039712.00|1|0.0000|0.0000|0.0000|0|5.35
双塔食品|002481|0.00|13958600|72331304.00|0.19|1.55|-0.39|5.16|5.17|5.24|5.14|13.96|5.16|26840516|138367664.00|1|0.0000|0.0000|0.0000|0|5.16
广田集团|002482|0.55|27912941|50932808.00|-0.55|2.21|-0.55|1.82|1.80|1.85|1.80|27.91|1.81|16204762|29535474.00|1|0.0000|0.0000|0.0000|0|1.81
润邦股份|002483|0.29|23073842|159958416.00|-0.14|1.45|-0.58|6.92|6.89|7.00|6.86|23.07|6.90|26128544|181358416.00|1|0.0000|0.0000|0.0000|0|6.90
江海股份|002484|1.58|19634840|405104192.00|0.05|3.66|0.05|20.54|20.23|20.96|20.23|19.63|20.22|16677520|340108928.00|1|0.0000|0.0000|0.0000|0|20.22
ST雪发|002485|5.00|7136194|19016354.00|0.00|5.00|-1.15|2.73|2.60|2.73|2.57|7.14|2.60|2299560|6027421.00|1|0.0000|0.0000|0.0000|0|2.60
嘉麟杰|002486|1.00|24566769|49607464.00|-0.50|2.50|-1.00|2.02|1.99|2.05|1.98|24.57|2.00|21359200|42921192.00|1|0.0000|0.0000|0.0000|0|2.00
大金重工|002487|-0.09|6772154|159901984.00|-0.21|1.91|-1.06|23.48|23.45|23.95|23.25|6.77|23.50|7100426|167610832.00|1|0.0000|0.0000|0.0000|0|23.50
金固股份|002488|0.24|7446505|93100736.00|-0.16|1.20|-0.72|12.50|12.45|12.62|12.38|7.45|12.47|9975050|124123256.00|1|0.0000|0.0000|0.0000|0|12.47
浙江永强|002489|-2.58|82942995|312836704.00|-2.33|-1.03|-3.62|3.77|3.78|3.83|3.73|82.94|3.87|120210624|453157664.00|1|0.0000|0.0000|0.0000|0|3.87
山东墨龙|002490|5.04|16398000|57219096.00|-0.59|5.04|-1.19|3.54|3.35|3.54|3.33|16.40|3.37|22172000|74848512.00|1|0.0000|0.0000|0.0000|0|3.37
通鼎互联|002491|-0.22|9312100|42988680.00|-0.22|1.53|-0.44|4.58|4.58|4.66|4.57|9.31|4.59|9769500|45018528.00|1|0.0000|0.0000|0.0000|0|4.59
恒基达鑫|002492|0.00|4290100|22216936.00|0.00|1.36|-0.78|5.16|5.16|5.23|5.12|4.29|5.16|8014853|41246628.00|1|0.0000|0.0000|0.0000|0|5.16
荣盛石化|002493|0.00|11150946|95900912.00|-0.12|0.12|-0.70|8.62|8.61|8.63|8.56|11.15|8.62|17625790|151643664.00|1|0.0000|0.0000|0.0000|0|8.62
华斯股份|002494|0.24|7228300|30633778.00|0.48|2.14|-0.24|4.21|4.22|4.29|4.19|7.23|4.20|9969100|42168396.00|1|0.0000|0.0000|0.0000|0|4.20
佳隆股份|002495|0.85|20761800|49170744.00|-0.43|2.13|-0.85|2.37|2.34|2.40|2.33|20.76|2.35|23819925|56178984.00|1|0.0000|0.0000|0.0000|0|2.35
*ST辉丰|002496|0.00|19463400|27049168.00|0.00|1.44|-0.72|1.39|1.39|1.41|1.38|19.46|1.39|17848004|25050688.00|1|0.0000|0.0000|0.0000|0|1.39
雅化集团|002497|0.00|11684045|140843488.00|0.50|1.49|-1.66|12.07|12.13|12.25|11.87|11.68|12.07|11382511|138144992.00|1|0.0000|0.0000|0.0000|0|12.07
汉缆股份|002498|-1.09|32256660|117677296.00|-0.54|0.27|-2.17|3.64|3.66|3.69|3.60|32.26|3.68|45656021|167285056.00|1|0.0000|0.0000|0.0000|0|3.68
山西证券|002500|0.50|15015102|90482120.00|-0.17|0.67|-0.33|6.04|6.00|6.05|5.99|15.02|6.01|26073366|157036400.00|1|0.0000|0.0000|0.0000|0|6.01
利源股份|002501|0.93|90887300|197336384.00|0.00|3.27|-0.93|2.16|2.14|2.21|2.12|90.89|2.14|59323800|127557152.00|1|0.0000|0.0000|0.0000|0|2.14
协鑫集成|002506|0.00|40669987|97761648.00|0.00|0.83|-0.83|2.40|2.40|2.42|2.38|40.67|2.40|57099528|137530032.00|1|0.0000|0.0000|0.0000|0|2.40
涪陵榨菜|002507|-0.66|7827550|105532488.00|-0.30|0.44|-0.81|13.45|13.50|13.60|13.43|7.83|13.54|9377316|126785864.00|1|0.0000|0.0000|0.0000|0|13.54
老板电器|002508|0.71|2851866|64921240.00|0.49|1.24|-0.18|22.77|22.72|22.89|22.57|2.85|22.61|7302548|165090192.00|1|0.0000|0.0000|0.0000|0|22.61
天汽模|002510|0.00|15886000|85745568.00|0.00|1.30|-0.56|5.37|5.37|5.44|5.34|15.89|5.37|15298715|82208200.00|1|0.0000|0.0000|0.0000|0|5.37
中顺洁柔|002511|0.31|5557253|36137900.00|0.00|0.62|-0.62|6.52|6.50|6.54|6.46|5.56|6.50|7055300|45861944.00|1|0.0000|0.0000|0.0000|0|6.50
达华智能|002512|-0.63|22090300|104814784.00|-0.21|0.63|-1.26|4.72|4.74|4.78|4.69|22.09|4.75|30500500|145156192.00|1|0.0000|0.0000|0.0000|0|4.75
蓝丰生化|002513|-1.62|5443700|23327476.00|0.00|0.93|-1.85|4.25|4.32|4.36|4.24|5.44|4.32|8150801|35450692.00|1|0.0000|0.0000|0.0000|0|4.32
宝馨科技|002514|-3.26|18782894|123070416.00|-0.59|-0.30|-3.86|6.52|6.70|6.72|6.48|18.78|6.74|15854000|106408120.00|1|0.0000|0.0000|0.0000|0|6.74
金字火腿|002515|1.84|41402858|228913040.00|0.00|3.68|-0.37|5.53|5.43|5.63|5.41|41.40|5.43|36388735|197313872.00|1|0.0000|0.0000|0.0000|0|5.43
旷达科技|002516|0.19|9685328|50256280.00|0.00|1.55|-0.58|5.18|5.17|5.25|5.14|9.69|5.17|11327800|58990320.00|1|0.0000|0.0000|0.0000|0|5.17
恺英网络|002517|0.93|25901713|424407136.00|0.25|3.11|0.00|16.23|16.12|16.58|16.08|25.90|16.08|22086291|358594144.00|1|0.0000|0.0000|0.0000|0|16.08
科士达|002518|0.52|7829800|197207872.00|-0.72|1.84|-0.72|25.11|24.80|25.44|24.80|7.83|24.98|8724000|221375504.00|1|0.0000|0.0000|0.0000|0|24.98
银河电子|002519|-0.20|17683677|86712536.00|-0.41|0.20|-1.02|4.91|4.90|4.93|4.87|17.68|4.92|24520200|120889512.00|1|0.0000|0.0000|0.0000|0|4.92
日发精机|002520|-3.06|65765184|441357216.00|-2.77|1.02|-4.37|6.66|6.68|6.94|6.57|65.77|6.87|89984993|634980160.00|1|0.0000|0.0000|0.0000|0|6.87
齐峰新材|002521|-2.24|6384500|62047412.00|0.92|0.92|-2.85|9.61|9.92|9.92|9.55|6.38|9.83|7707610|75574976.00|1|0.0000|0.0000|0.0000|0|9.83
浙江众成|002522|0.85|13593900|64326604.00|-0.21|1.49|-0.85|4.74|4.69|4.77|4.66|13.59|4.70|15477700|73055680.00|1|0.0000|0.0000|0.0000|0|4.70
天桥起重|002523|-2.15|38100488|139943648.00|0.00|1.08|-2.69|3.64|3.72|3.76|3.62|38.10|3.72|51293581|189109232.00|1|0.0000|0.0000|0.0000|0|3.72
光正眼科|002524|-0.49|6996700|28278908.00|-0.25|0.25|-1.48|4.04|4.05|4.07|4.00|7.00|4.06|11208140|45691272.00|1|0.0000|0.0000|0.0000|0|4.06
山东矿机|002526|0.77|56955600|225692016.00|-1.28|2.55|-1.79|3.95|3.87|4.02|3.85|56.96|3.92|50987097|201117280.00|1|0.0000|0.0000|0.0000|0|3.92
新时达|002527|-1.14|23356272|326647232.00|0.71|1.64|-1.21|13.84|14.10|14.23|13.83|23.36|14.00|18585703|260276720.00|1|0.0000|0.0000|0.0000|0|14.00
ST英飞拓|002528|1.69|8133884|19366654.00|-0.85|2.12|-0.85|2.40|2.34|2.41|2.34|8.13|2.36|10809533|25540234.00|1|0.0000|0.0000|0.0000|0|2.36
*ST海源|002529|-3.15|28558796|215554640.00|-5.64|4.72|-5.64|7.38|7.19|7.98|7.19|28.56|7.62|2708100|20635722.00|1|0.0000|0.0000|0.0000|0|7.62
金财互联|002530|-0.10|15415480|153946704.00|-1.01|1.51|-1.11|9.94|9.85|10.10|9.84|15.42|9.95|24068500|241818224.00|1|0.0000|0.0000|0.0000|0|9.95
天顺风能|002531|0.27|12201757|90420512.00|-0.14|1.22|-0.81|7.40|7.37|7.47|7.32|12.20|7.38|14526970|107313816.00|1|0.0000|0.0000|0.0000|0|7.38
天山铝业|002532|-1.89|23151811|206700784.00|-0.22|0.44|-2.11|8.84|8.99|9.05|8.82|23.15|9.01|33331945|299915008.00|1|0.0000|0.0000|0.0000|0|9.01
金杯电工|002533|-0.09|25278500|272668800.00|-0.09|3.00|-1.22|10.67|10.67|11.00|10.55|25.28|10.68|21981900|233264032.00|1|0.0000|0.0000|0.0000|0|10.68
西子洁能|002534|0.38|9975319|131184720.00|-1.00|2.61|-1.15|13.08|12.90|13.37|12.88|9.98|13.03|15784083|205915248.00|1|0.0000|0.0000|0.0000|0|13.03
林州重机|002535|1.21|150136579|749963072.00|-1.81|3.82|-3.62|5.03|4.88|5.16|4.79|150.14|4.97|107421529|512082720.00|1|0.0000|0.0000|0.0000|0|4.97
飞龙股份|002536|0.82|11502050|171059584.00|1.02|2.52|-0.34|14.82|14.85|15.07|14.65|11.50|14.70|12577217|186480352.00|1|0.0000|0.0000|0.0000|0|14.70
海联金汇|002537|0.70|8047060|46106820.00|0.18|1.58|-0.53|5.72|5.69|5.77|5.65|8.05|5.68|8822365|50372232.00|1|0.0000|0.0000|0.0000|0|5.68
司尔特|002538|0.00|14786474|89749128.00|0.00|0.99|-0.99|6.07|6.07|6.13|6.01|14.79|6.07|14822774|90150120.00|1|0.0000|0.0000|0.0000|0|6.07
云图控股|002539|0.00|9963018|78305672.00|0.13|1.40|-0.77|7.83|7.84|7.94|7.77|9.96|7.83|11868229|92537040.00|1|0.0000|0.0000|0.0000|0|7.83
亚太科技|002540|0.16|8904427|56653176.00|-0.47|0.94|-0.79|6.36|6.32|6.41|6.30|8.90|6.35|10587368|67125624.00|1|0.0000|0.0000|0.0000|0|6.35
鸿路钢构|002541|5.43|20089941|416537696.00|-0.05|6.63|-0.50|20.98|19.89|21.22|19.80|20.09|19.90|22619077|462442752.00|1|0.0000|0.0000|0.0000|0|19.90
中化岩土|002542|0.00|20695600|70358672.00|-0.59|1.47|-0.88|3.39|3.37|3.44|3.36|20.70|3.39|24001000|81962736.00|1|0.0000|0.0000|0.0000|0|3.39
万和电气|002543|4.73|14149663|167512112.00|1.14|5.87|0.44|11.95|11.54|12.08|11.46|14.15|11.41|4542000|52237980.00|1|0.0000|0.0000|0.0000|0|11.41
普天科技|002544|1.48|6238964|137034128.00|-0.18|2.31|-0.28|21.96|21.60|22.14|21.58|6.24|21.64|7151492|155797216.00|1|0.0000|0.0000|0.0000|0|21.64
东方铁塔|002545|0.40|11747800|89150736.00|-0.53|1.46|-0.66|7.58|7.51|7.66|7.50|11.75|7.55|13164800|99011568.00|1|0.0000|0.0000|0.0000|0|7.55
新联电子|002546|-0.41|15799703|76935304.00|0.00|1.44|-0.82|4.84|4.86|4.93|4.82|15.80|4.86|21761696|105866128.00|1|0.0000|0.0000|0.0000|0|4.86
春兴精工|002547|0.91|38150800|169662848.00|0.00|3.20|-0.68|4.42|4.38|4.52|4.35|38.15|4.38|34106800|150696000.00|1|0.0000|0.0000|0.0000|0|4.38
金新农|002548|-0.26|12546650|47922824.00|0.52|0.52|-0.52|3.81|3.84|3.84|3.80|12.55|3.82|17839700|68215752.00|1|0.0000|0.0000|0.0000|0|3.82
凯美特气|002549|10.01|215550862|2122664320.00|10.01|10.01|0.11|10.11|10.11|10.11|9.20|215.55|9.19|154960240|1366036608.00|1|0.0000|0.0000|0.0000|0|9.19
千红制药|002550|1.16|44063092|271844256.00|0.83|3.30|0.66|6.13|6.11|6.26|6.10|44.06|6.06|40144500|242323616.00|1|0.0000|0.0000|0.0000|0|6.06
尚荣医疗|002551|-2.92|34442770|116393176.00|0.88|0.88|-2.92|3.32|3.45|3.45|3.32|34.44|3.42|51735723|178564880.00|1|0.0000|0.0000|0.0000|0|3.42
宝鼎科技|002552|-1.85|5904900|87825128.00|-0.73|0.40|-2.32|14.83|15.00|15.17|14.76|5.90|15.11|7898200|120258704.00|1|0.0000|0.0000|0.0000|0|15.11
南方精工|002553|-3.00|75307954|1549246080.00|-3.76|1.72|-8.05|20.36|20.20|21.35|19.30|75.31|20.99|92536142|1944697984.00|1|0.0000|0.0000|0.0000|0|20.99
惠博普|002554|-1.55|28036000|71368320.00|1.16|1.16|-2.33|2.54|2.61|2.61|2.52|28.04|2.58|40987600|106535616.00|1|0.0000|0.0000|0.0000|0|2.58
三七互娱|002555|-0.40|18819506|282514528.00|-0.40|0.93|-0.73|14.94|14.94|15.14|14.89|18.82|15.00|22207626|333752224.00|1|0.0000|0.0000|0.0000|0|15.00
辉隆股份|002556|-0.19|9482351|51040920.00|-0.37|0.93|-1.30|5.38|5.37|5.44|5.32|9.48|5.39|13257500|71340400.00|1|0.0000|0.0000|0.0000|0|5.39
洽洽食品|002557|0.46|4175027|110300648.00|0.00|1.14|-0.38|26.39|26.27|26.57|26.17|4.18|26.27|3903038|102232760.00|1|0.0000|0.0000|0.0000|0|26.27
巨人网络|002558|-1.15|33469400|466718528.00|0.07|1.65|-1.36|13.80|13.97|14.19|13.77|33.47|13.96|28964240|409462880.00|1|0.0000|0.0000|0.0000|0|13.96
亚威股份|002559|-2.30|43101950|446030976.00|-1.05|0.67|-2.39|10.21|10.34|10.52|10.20|43.10|10.45|69866116|719646144.00|1|0.0000|0.0000|0.0000|0|10.45
通达股份|002560|-1.82|11396500|74346256.00|0.00|0.46|-1.98|6.46|6.58|6.61|6.45|11.40|6.58|11006501|72781120.00|1|0.0000|0.0000|0.0000|0|6.58
徐家汇|002561|0.00|3899400|31205716.00|-0.13|0.50|-0.50|7.99|7.98|8.03|7.95|3.90|7.99|5052500|40431744.00|1|0.0000|0.0000|0.0000|0|7.99
兄弟科技|002562|-0.98|13598680|55551536.00|-0.24|1.22|-1.22|4.06|4.09|4.15|4.05|13.60|4.10|25080340|103016296.00|1|0.0000|0.0000|0.0000|0|4.10
森马服饰|002563|0.69|54319047|398122528.00|-0.55|3.31|-0.55|7.29|7.20|7.48|7.20|54.32|7.24|36645755|263357424.00|1|0.0000|0.0000|0.0000|0|7.24
天沃科技|002564|-0.95|11447000|47663832.00|0.24|1.67|-2.15|4.15|4.20|4.26|4.10|11.45|4.19|13761500|57091716.00|1|0.0000|0.0000|0.0000|0|4.19
顺灏股份|002565|6.62|122965932|415869504.00|0.00|10.09|-0.95|3.38|3.17|3.49|3.14|122.97|3.17|27156200|86154024.00|1|0.0000|0.0000|0.0000|0|3.17
益盛药业|002566|0.14|3218000|23175424.00|-0.28|0.83|-0.83|7.21|7.18|7.26|7.14|3.22|7.20|6978000|50171004.00|1|0.0000|0.0000|0.0000|0|7.20
唐人神|002567|0.41|21607366|106481160.00|0.00|0.81|-0.41|4.94|4.92|4.96|4.90|21.61|4.92|31459558|154911488.00|1|0.0000|0.0000|0.0000|0|4.92
百润股份|002568|-1.09|4564238|120727672.00|-0.11|1.77|-1.51|26.21|26.47|26.97|26.10|4.56|26.50|5591120|148617360.00|1|0.0000|0.0000|0.0000|0|26.50
*ST步森|002569|5.03|2871200|20630552.00|-1.15|5.03|-2.16|7.31|6.88|7.31|6.81|2.87|6.96|1318700|9160179.00|1|0.0000|0.0000|0.0000|0|6.96
贝因美|002570|-1.26|89788402|423550560.00|-1.05|0.84|-2.10|4.70|4.71|4.80|4.66|89.79|4.76|99773426|477531392.00|1|0.0000|0.0000|0.0000|0|4.76
德力股份|002571|10.00|14925600|93295112.00|1.19|10.00|-1.53|6.49|5.97|6.49|5.81|14.93|5.90|8544000|50673680.00|1|0.0000|0.0000|0.0000|0|5.90
索菲亚|002572|-0.12|9165317|149070112.00|-0.19|1.48|-0.80|16.18|16.17|16.44|16.07|9.17|16.20|7669946|124240232.00|1|0.0000|0.0000|0.0000|0|16.20
清新环境|002573|-1.02|10117202|39247988.00|0.26|1.02|-1.53|3.87|3.92|3.95|3.85|10.12|3.91|9811571|38375800.00|1|0.0000|0.0000|0.0000|0|3.91
明牌珠宝|002574|9.93|85389946|538543872.00|-0.99|9.93|-3.15|6.64|5.98|6.64|5.85|85.39|6.04|52041500|318465312.00|1|0.0000|0.0000|0.0000|0|6.04
群兴玩具|002575|1.22|18052098|165001184.00|0.22|3.23|-0.33|9.10|9.01|9.28|8.96|18.05|8.99|18103200|163828144.00|1|0.0000|0.0000|0.0000|0|8.99
通达动力|002576|0.87|3882880|59024936.00|0.33|2.27|-0.20|15.14|15.06|15.35|14.98|3.88|15.01|4155900|62748252.00|1|0.0000|0.0000|0.0000|0|15.01
雷柏科技|002577|0.00|4732315|105143400.00|0.14|1.44|-0.90|22.17|22.20|22.49|21.97|4.73|22.17|4405905|98052960.00|1|0.0000|0.0000|0.0000|0|22.17
闽发铝业|002578|-0.31|46950648|154548528.00|-0.92|3.99|-1.23|3.25|3.23|3.39|3.22|46.95|3.26|57895400|186795696.00|1|0.0000|0.0000|0.0000|0|3.26
中京电子|002579|-0.49|9162600|74375160.00|-0.37|0.74|-0.98|8.10|8.11|8.20|8.06|9.16|8.14|15717976|128875640.00|1|0.0000|0.0000|0.0000|0|8.14
圣阳股份|002580|0.44|32572659|445045760.00|0.00|3.09|-1.03|13.65|13.59|14.01|13.45|32.57|13.59|42042031|570538176.00|1|0.0000|0.0000|0.0000|0|13.59
ST未名|002581|-3.56|11383300|105594264.00|-0.52|0.52|-3.77|9.20|9.49|9.59|9.18|11.38|9.54|12125115|117028952.00|1|0.0000|0.0000|0.0000|0|9.54
好想你|002582|10.00|53148409|511673152.00|0.00|10.00|-1.11|9.90|9.00|9.90|8.90|53.15|9.00|21976383|197835472.00|1|0.0000|0.0000|0.0000|0|9.00
海能达|002583|0.43|24259220|280875296.00|0.00|1.48|-0.52|11.57|11.52|11.69|11.46|24.26|11.52|25350510|292202848.00|1|0.0000|0.0000|0.0000|0|11.52
西陇科学|002584|-0.48|69850800|579053440.00|-1.07|0.36|-2.50|8.35|8.30|8.42|8.18|69.85|8.39|98674954|817600768.00|1|0.0000|0.0000|0.0000|0|8.39
双星新材|002585|-0.39|8171901|41957172.00|0.19|0.97|-0.78|5.12|5.15|5.19|5.10|8.17|5.14|14200661|72722896.00|1|0.0000|0.0000|0.0000|0|5.14
ST围海|002586|-0.72|4149330|11552066.00|-0.36|0.72|-1.08|2.77|2.78|2.81|2.76|4.15|2.79|4599700|12841262.00|1|0.0000|0.0000|0.0000|0|2.79
奥拓电子|002587|-0.17|7913300|46080868.00|0.00|1.03|-0.34|5.79|5.80|5.86|5.78|7.91|5.80|9932100|57936184.00|1|0.0000|0.0000|0.0000|0|5.80
史丹利|002588|-0.54|10230800|76331792.00|-0.13|0.80|-0.94|7.43|7.46|7.53|7.40|10.23|7.47|13705177|102504976.00|1|0.0000|0.0000|0.0000|0|7.47
瑞康医药|002589|4.01|80874347|251185056.00|-0.33|9.03|-1.34|3.11|2.98|3.26|2.95|80.87|2.99|34190365|102017120.00|1|0.0000|0.0000|0.0000|0|2.99
万安科技|002590|0.84|8721055|115094112.00|0.54|2.53|-0.69|13.16|13.12|13.38|12.96|8.72|13.05|8879234|116823440.00|1|0.0000|0.0000|0.0000|0|13.05
恒大高新|002591|0.39|8977800|46238660.00|0.20|2.56|-0.39|5.10|5.09|5.21|5.06|8.98|5.08|10907400|55686540.00|1|0.0000|0.0000|0.0000|0|5.08
ST八菱|002592|0.20|1881805|9513339.00|-1.38|0.59|-1.38|5.07|4.99|5.09|4.99|1.88|5.06|2246900|11442406.00|1|0.0000|0.0000|0.0000|0|5.06
日上集团|002593|-1.03|15615000|75631592.00|-0.41|0.62|-1.23|4.81|4.84|4.89|4.80|15.62|4.86|16377500|80029160.00|1|0.0000|0.0000|0.0000|0|4.86
比亚迪|002594|-1.37|11710041|4226638848.00|-0.14|0.05|-1.81|360.50|365.00|365.67|358.88|11.71|365.50|15407199|5663385088.00|1|0.0000|0.0000|0.0000|0|365.50
豪迈科技|002595|1.98|3539624|214688512.00|0.27|2.18|-0.13|60.88|59.86|61.00|59.62|3.54|59.70|3154510|186975168.00|1|0.0000|0.0000|0.0000|0|59.70
海南瑞泽|002596|-0.87|16990500|58360480.00|0.29|1.16|-1.16|3.41|3.45|3.48|3.40|16.99|3.44|36838705|126328488.00|1|0.0000|0.0000|0.0000|0|3.44
金禾实业|002597|-0.47|5374689|135772800.00|-0.24|0.63|-1.30|25.30|25.36|25.58|25.09|5.37|25.42|6793699|173056320.00|1|0.0000|0.0000|0.0000|0|25.42
山东章鼓|002598|-0.36|20247404|223822800.00|0.54|2.36|-1.27|10.98|11.08|11.28|10.88|20.25|11.02|25840400|282102272.00|1|0.0000|0.0000|0.0000|0|11.02
盛通股份|002599|0.84|15969137|154279312.00|-0.52|2.20|-0.52|9.63|9.50|9.76|9.50|15.97|9.55|17397204|167433104.00|1|0.0000|0.0000|0.0000|0|9.55
领益智造|002600|0.66|61166785|555754688.00|-0.44|1.66|-0.66|9.10|9.00|9.19|8.98|61.17|9.04|75413744|687243520.00|1|0.0000|0.0000|0.0000|0|9.04
龙佰集团|002601|0.00|6309693|113342096.00|-0.06|0.72|-0.28|17.95|17.94|18.08|17.90|6.31|17.95|9270700|166256096.00|1|0.0000|0.0000|0.0000|0|17.95
世纪华通|002602|2.91|60888131|405036160.00|0.15|3.37|0.00|6.71|6.53|6.74|6.52|60.89|6.52|62230846|408288896.00|1|0.0000|0.0000|0.0000|0|6.52
以岭药业|002603|-1.31|13351873|191084736.00|-0.55|-0.14|-1.59|14.27|14.38|14.44|14.23|13.35|14.46|26514425|383661248.00|1|0.0000|0.0000|0.0000|0|14.46
姚记科技|002605|2.40|10413512|299012256.00|-0.93|4.48|-0.93|28.58|27.65|29.16|27.65|10.41|27.91|7460800|207197184.00|1|0.0000|0.0000|0.0000|0|27.91
大连电瓷|002606|2.26|14975600|142587120.00|0.00|4.52|-0.86|9.50|9.29|9.71|9.21|14.98|9.29|8720574|81011320.00|1|0.0000|0.0000|0.0000|0|9.29
中公教育|002607|-0.32|80120100|253917936.00|-0.63|0.63|-0.95|3.16|3.15|3.19|3.14|80.12|3.17|100820280|320517728.00|1|0.0000|0.0000|0.0000|0|3.17
江苏国信|002608|-1.02|10111134|78615816.00|-0.38|-0.26|-1.15|7.76|7.81|7.82|7.75|10.11|7.84|19822248|154075776.00|1|0.0000|0.0000|0.0000|0|7.84
捷顺科技|002609|3.52|17709975|167815552.00|-0.44|7.69|-0.77|9.42|9.06|9.80|9.03|17.71|9.10|7315077|67011744.00|1|0.0000|0.0000|0.0000|0|9.10
东方精工|002611|-1.01|51373304|612814016.00|-0.92|1.34|-1.84|11.82|11.83|12.10|11.72|51.37|11.94|58721629|699102592.00|1|0.0000|0.0000|0.0000|0|11.94
朗姿股份|002612|1.24|4845405|75137624.00|0.00|1.69|-0.59|15.56|15.37|15.63|15.28|4.85|15.37|4859412|74844272.00|1|0.0000|0.0000|0.0000|0|15.37
北玻股份|002613|0.95|10027920|42590160.00|0.00|1.90|-0.95|4.25|4.21|4.29|4.17|10.03|4.21|10319060|43494140.00|1|0.0000|0.0000|0.0000|0|4.21
奥佳华|002614|1.61|36594159|274364992.00|-0.67|2.82|-2.01|7.57|7.40|7.66|7.30|36.59|7.45|43701352|330963392.00|1|0.0000|0.0000|0.0000|0|7.45
哈尔斯|002615|2.16|11471025|92116928.00|0.38|3.05|-0.25|8.04|7.90|8.11|7.85|11.47|7.87|8689514|68667768.00|1|0.0000|0.0000|0.0000|0|7.87
长青集团|002616|0.51|8768400|51858176.00|-0.34|0.84|-2.02|5.97|5.92|5.99|5.82|8.77|5.94|12070204|71229872.00|1|0.0000|0.0000|0.0000|0|5.94
露笑科技|002617|0.00|37124107|291879200.00|-0.13|1.15|-0.64|7.84|7.83|7.93|7.79|37.12|7.84|39890759|312711328.00|1|0.0000|0.0000|0.0000|0|7.84
ST瑞和|002620|0.83|8965700|33000264.00|0.83|3.59|-0.55|3.65|3.65|3.75|3.60|8.97|3.62|10904300|39586592.00|1|0.0000|0.0000|0.0000|0|3.62
皓宸医疗|002622|-2.46|13577906|38063112.00|-1.05|-0.35|-2.46|2.78|2.82|2.84|2.78|13.58|2.85|21227086|60612060.00|1|0.0000|0.0000|0.0000|0|2.85
亚玛顿|002623|-0.07|1389600|20827256.00|0.00|1.67|-0.67|14.92|14.93|15.18|14.83|1.39|14.93|1906016|28468906.00|1|0.0000|0.0000|0.0000|0|14.93
完美世界|002624|0.43|27427629|324820640.00|-0.34|2.57|-0.43|11.73|11.64|11.98|11.63|27.43|11.68|29966900|349150208.00|1|0.0000|0.0000|0.0000|0|11.68
光启技术|002625|1.53|34914365|1242567424.00|0.57|2.62|-0.43|35.72|35.38|36.10|35.03|34.91|35.18|73455970|2609099520.00|1|0.0000|0.0000|0.0000|0|35.18
金达威|002626|0.13|4740500|71904088.00|0.00|1.39|-0.79|15.16|15.14|15.35|15.02|4.74|15.14|6239800|94642456.00|1|0.0000|0.0000|0.0000|0|15.14
三峡旅游|002627|0.00|9304115|48892684.00|-0.19|1.14|-0.57|5.25|5.24|5.31|5.22|9.30|5.25|14694071|76729312.00|1|0.0000|0.0000|0.0000|0|5.25
成都路桥|002628|0.97|10073900|41830896.00|0.49|2.91|-0.97|4.16|4.14|4.24|4.08|10.07|4.12|10482980|43364916.00|1|0.0000|0.0000|0.0000|0|4.12
仁智股份|002629|5.99|38768350|229972912.00|-0.88|7.39|-1.58|6.02|5.63|6.10|5.59|38.77|5.68|27509351|157345504.00|1|0.0000|0.0000|0.0000|0|5.68
ST华西|002630|-1.17|104660840|542302656.00|0.00|3.11|-1.94|5.09|5.15|5.31|5.05|104.66|5.15|96118000|487963296.00|1|0.0000|0.0000|0.0000|0|5.15
德尔未来|002631|-1.71|33777474|154879424.00|0.00|0.64|-3.42|4.60|4.68|4.71|4.52|33.78|4.68|56760602|269647136.00|1|0.0000|0.0000|0.0000|0|4.68
道明光学|002632|0.68|6733400|59813736.00|-0.23|1.82|-0.23|8.86|8.78|8.96|8.78|6.73|8.80|7979700|70487560.00|1|0.0000|0.0000|0.0000|0|8.80
申科股份|002633|-1.83|5399108|61505992.00|0.35|0.87|-2.26|11.28|11.53|11.59|11.23|5.40|11.49|5751000|66211708.00|1|0.0000|0.0000|0.0000|0|11.49
棒杰股份|002634|-0.58|8679100|29978900.00|0.00|1.16|-1.45|3.44|3.46|3.50|3.41|8.68|3.46|11414500|39836512.00|1|0.0000|0.0000|0.0000|0|3.46
安洁科技|002635|0.13|5940350|92073376.00|0.19|1.04|-0.32|15.47|15.48|15.61|15.40|5.94|15.45|7678753|119028528.00|1|0.0000|0.0000|0.0000|0|15.45
金安国纪|002636|1.15|7791860|68843784.00|0.00|3.22|0.00|8.80|8.70|8.98|8.70|7.79|8.70|5688800|49706968.00|1|0.0000|0.0000|0.0000|0|8.70
赞宇科技|002637|-1.36|5389600|51083488.00|0.21|0.21|-1.46|9.44|9.59|9.59|9.43|5.39|9.57|6456400|61608680.00|1|0.0000|0.0000|0.0000|0|9.57
勤上股份|002638|1.41|23300250|50374132.00|-0.94|3.29|-0.94|2.16|2.11|2.20|2.11|23.30|2.13|20569900|43998688.00|1|0.0000|0.0000|0.0000|0|2.13
雪人集团|002639|3.06|215243908|1949910400.00|-3.93|4.69|-4.80|9.44|8.80|9.59|8.72|215.24|9.16|199184237|1783427584.00|1|0.0000|0.0000|0.0000|0|9.16
跨境通|002640|1.95|224329200|678986048.00|-10.06|7.14|-10.06|3.14|2.77|3.30|2.77|224.33|3.08|24768000|76285440.00|1|0.0000|0.0000|0.0000|0|3.08
公元股份|002641|0.00|6521360|29084008.00|0.22|0.90|-0.67|4.46|4.47|4.50|4.43|6.52|4.46|7882171|35276336.00|1|0.0000|0.0000|0.0000|0|4.46
荣联科技|002642|2.75|39619452|310310176.00|0.13|4.32|0.00|7.85|7.65|7.97|7.64|39.62|7.64|30172851|231737680.00|1|0.0000|0.0000|0.0000|0|7.64
万润股份|002643|-1.06|8691600|97389008.00|-0.35|0.09|-1.33|11.17|11.25|11.30|11.14|8.69|11.29|10476800|118330768.00|1|0.0000|0.0000|0.0000|0|11.29
佛慈制药|002644|-0.98|4107000|33061426.00|-0.37|-0.25|-1.35|8.05|8.10|8.11|8.02|4.11|8.13|9456800|76879320.00|1|0.0000|0.0000|0.0000|0|8.13
华宏科技|002645|-3.94|43964983|409626016.00|-2.49|-0.52|-5.60|9.27|9.41|9.60|9.11|43.96|9.65|63176627|592442560.00|1|0.0000|0.0000|0.0000|0|9.65
天佑德酒|002646|0.43|3237984|30043052.00|0.00|1.30|0.00|9.27|9.23|9.35|9.23|3.24|9.23|4880857|45026420.00|1|0.0000|0.0000|0.0000|0|9.23
*ST仁东|002647|2.67|11276100|64112852.00|0.18|3.91|-1.78|5.77|5.63|5.84|5.52|11.28|5.62|8721400|49612360.00|1|0.0000|0.0000|0.0000|0|5.62
卫星化学|002648|-0.57|18418853|414550688.00|-0.44|0.53|-1.19|22.50|22.53|22.75|22.36|18.42|22.63|39216544|892911104.00|1|0.0000|0.0000|0.0000|0|22.63
博彦科技|002649|1.14|9999549|132949280.00|-0.68|1.98|-0.68|13.29|13.05|13.40|13.05|10.00|13.14|12409800|164599904.00|1|0.0000|0.0000|0.0000|0|13.14
ST加加|002650|1.23|3770218|18764754.00|0.61|3.89|0.41|4.95|4.92|5.08|4.91|3.77|4.89|3231725|15767641.00|1|0.0000|0.0000|0.0000|0|4.89
利君股份|002651|-0.74|8520900|57102344.00|-0.59|0.74|-1.63|6.70|6.71|6.80|6.64|8.52|6.75|13016000|88315432.00|1|0.0000|0.0000|0.0000|0|6.75
扬子新材|002652|0.37|11212400|30030382.00|1.12|1.87|-1.12|2.68|2.70|2.72|2.64|11.21|2.67|14514400|38961460.00|1|0.0000|0.0000|0.0000|0|2.67
海思科|002653|-1.99|2910714|117874544.00|-1.36|-0.34|-3.03|40.44|40.70|41.12|40.01|2.91|41.26|5397436|214875152.00|1|0.0000|0.0000|0.0000|0|41.26
万润科技|002654|4.40|47376054|596472000.00|-0.24|4.81|-0.41|12.80|12.23|12.85|12.21|47.38|12.26|17765966|219154704.00|1|0.0000|0.0000|0.0000|0|12.26
共达电声|002655|-8.60|99927202|1544534400.00|-1.11|3.32|-9.04|14.87|16.09|16.81|14.80|99.93|16.27|132748836|2288293120.00|1|0.0000|0.0000|0.0000|0|16.27
*ST摩登|002656|2.30|7784700|17126388.00|0.00|2.76|-0.46|2.22|2.17|2.23|2.16|7.78|2.17|6335220|13675744.00|1|0.0000|0.0000|0.0000|0|2.17
中科金财|002657|3.58|27263417|555310848.00|-0.51|7.27|-0.97|20.24|19.44|20.96|19.35|27.26|19.54|19863900|391834176.00|1|0.0000|0.0000|0.0000|0|19.54
雪迪龙|002658|-3.66|18754526|133476472.00|-1.49|-1.36|-4.21|7.10|7.26|7.27|7.06|18.75|7.37|30916034|224237072.00|1|0.0000|0.0000|0.0000|0|7.37
凯文教育|002659|-0.45|5281000|23699632.00|-0.45|0.89|-0.89|4.47|4.47|4.53|4.45|5.28|4.49|7427000|33257770.00|1|0.0000|0.0000|0.0000|0|4.49
茂硕电源|002660|0.51|5693700|55838008.00|0.31|1.13|-0.31|9.80|9.78|9.86|9.72|5.69|9.75|8648830|84800504.00|1|0.0000|0.0000|0.0000|0|9.75
克明食品|002661|-0.62|2039766|19549684.00|-0.10|0.52|-0.94|9.55|9.60|9.66|9.52|2.04|9.61|4168866|40095356.00|1|0.0000|0.0000|0.0000|0|9.61
峰璟股份|002662|0.79|17793700|68321456.00|0.00|1.84|-1.05|3.84|3.81|3.88|3.77|17.79|3.81|20379200|78117040.00|1|0.0000|0.0000|0.0000|0|3.81
普邦股份|002663|-1.16|8592347|14769028.00|-0.58|0.00|-1.16|1.71|1.72|1.73|1.71|8.59|1.73|11286500|19546614.00|1|0.0000|0.0000|0.0000|0|1.73
信质集团|002664|0.06|9040200|152538352.00|0.00|2.64|-0.66|16.70|16.69|17.13|16.58|9.04|16.69|7927700|133648896.00|1|0.0000|0.0000|0.0000|0|16.69
德联集团|002666|2.69|23025301|113345792.00|0.41|3.52|-1.66|4.96|4.85|5.00|4.75|23.03|4.83|20990166|100780960.00|1|0.0000|0.0000|0.0000|0|4.83
威领股份|002667|1.21|31947719|403126176.00|-0.97|5.56|-2.18|12.56|12.29|13.10|12.14|31.95|12.41|25035653|301852736.00|1|0.0000|0.0000|0.0000|0|12.41
TCL智家|002668|0.27|12093700|135890080.00|-0.18|0.35|-1.33|11.30|11.25|11.31|11.12|12.09|11.27|19280387|219526704.00|1|0.0000|0.0000|0.0000|0|11.27
康达新材|002669|0.11|4327301|40997388.00|-0.21|1.81|-0.96|9.42|9.39|9.58|9.32|4.33|9.41|5685300|53524780.00|1|0.0000|0.0000|0.0000|0|9.41
国盛证券|002670|0.15|16581735|217074416.00|-0.15|1.00|-0.31|13.07|13.03|13.18|13.01|16.58|13.05|24389159|319739520.00|1|0.0000|0.0000|0.0000|0|13.05
龙泉股份|002671|-1.37|10006300|43269096.00|-0.23|0.23|-1.83|4.31|4.36|4.38|4.29|10.01|4.37|17978299|78238032.00|1|0.0000|0.0000|0.0000|0|4.37
东江环保|002672|-1.96|7363250|29635228.00|0.49|0.49|-2.21|4.00|4.10|4.10|3.99|7.36|4.08|7430050|30304120.00|1|0.0000|0.0000|0.0000|0|4.08
西部证券|002673|0.51|21544253|169432688.00|-0.26|0.89|-0.38|7.87|7.81|7.90|7.80|21.54|7.83|21747946|170391232.00|1|0.0000|0.0000|0.0000|0|7.83
兴业科技|002674|0.10|1674000|16298507.00|-0.21|0.93|-0.82|9.73|9.70|9.81|9.64|1.67|9.72|2923200|28420440.00|1|0.0000|0.0000|0.0000|0|9.72
东诚药业|002675|0.07|4505200|61075648.00|-0.22|0.59|-0.81|13.59|13.55|13.66|13.47|4.51|13.58|9373900|127118496.00|1|0.0000|0.0000|0.0000|0|13.58
顺威股份|002676|1.09|22457603|146933280.00|-0.16|4.04|-0.47|6.51|6.43|6.70|6.41|22.46|6.44|14809290|96154488.00|1|0.0000|0.0000|0.0000|0|6.44
浙江美大|002677|1.16|8022220|62935752.00|0.13|1.67|-0.51|7.86|7.78|7.90|7.73|8.02|7.77|5989800|46468232.00|1|0.0000|0.0000|0.0000|0|7.77
珠江钢琴|002678|0.23|2450700|10777719.00|0.46|0.91|-0.23|4.39|4.40|4.42|4.37|2.45|4.38|2835180|12451449.00|1|0.0000|0.0000|0.0000|0|4.38
福建金森|002679|1.04|3938900|34391192.00|0.58|1.73|-0.69|8.76|8.72|8.82|8.61|3.94|8.67|3059170|26597008.00|1|0.0000|0.0000|0.0000|0|8.67
奋达科技|002681|1.08|60464369|453197216.00|-0.54|1.89|-0.67|7.50|7.38|7.56|7.37|60.46|7.42|69433689|521904576.00|1|0.0000|0.0000|0.0000|0|7.42
龙洲股份|002682|-7.26|61157035|270813792.00|-2.99|-2.14|-7.69|4.34|4.54|4.58|4.32|61.16|4.68|101900387|452521568.00|1|0.0000|0.0000|0.0000|0|4.68
广东宏大|002683|0.27|4814103|143017936.00|0.00|2.10|-0.71|29.61|29.53|30.15|29.32|4.81|29.53|4061701|120434112.00|1|0.0000|0.0000|0.0000|0|29.53
华东重机|002685|-0.48|12240500|76319256.00|-0.64|1.45|-0.64|6.18|6.17|6.30|6.17|12.24|6.21|12676996|78635088.00|1|0.0000|0.0000|0.0000|0|6.21
亿利达|002686|1.87|33310130|198433072.00|0.00|3.23|-1.70|5.99|5.88|6.07|5.78|33.31|5.88|48559930|288095648.00|1|0.0000|0.0000|0.0000|0|5.88
乔治白|002687|1.13|6746751|30302806.00|-0.23|1.80|-0.23|4.49|4.43|4.52|4.43|6.75|4.44|8032918|35699536.00|1|0.0000|0.0000|0.0000|0|4.44
金河生物|002688|4.05|113471988|596132480.00|0.00|5.20|-1.73|5.40|5.19|5.46|5.10|113.47|5.19|29188351|147628432.00|1|0.0000|0.0000|0.0000|0|5.19
ST远智|002689|0.81|12578820|47154756.00|-0.27|1.89|-0.54|3.74|3.70|3.78|3.69|12.58|3.71|15956133|59681928.00|1|0.0000|0.0000|0.0000|0|3.71
美亚光电|002690|-1.41|13643333|240214656.00|-0.68|1.19|-1.75|17.46|17.59|17.92|17.40|13.64|17.71|19749112|348387040.00|1|0.0000|0.0000|0.0000|0|17.71
冀凯股份|002691|0.94|7217950|62103044.00|0.12|2.24|0.12|8.58|8.51|8.69|8.51|7.22|8.50|10796830|94627616.00|1|0.0000|0.0000|0.0000|0|8.50
远程股份|002692|-5.10|43247600|241339472.00|-2.72|-0.68|-9.52|5.58|5.72|5.84|5.32|43.25|5.88|38519872|226655040.00|1|0.0000|0.0000|0.0000|0|5.88
*ST双成|002693|-1.04|16177926|139946672.00|1.38|1.50|-1.15|8.59|8.80|8.81|8.58|16.18|8.68|22036005|191914064.00|1|0.0000|0.0000|0.0000|0|8.68
顾地科技|002694|-0.46|4398320|19384018.00|0.00|2.05|-0.68|4.37|4.39|4.48|4.36|4.40|4.39|4203481|18623928.00|1|0.0000|0.0000|0.0000|0|4.39
煌上煌|002695|-4.91|20563526|219458016.00|-1.46|0.64|-5.10|10.45|10.83|11.06|10.43|20.56|10.99|36089610|414190048.00|1|0.0000|0.0000|0.0000|0|10.99
百洋股份|002696|-0.39|6556250|34069236.00|1.93|1.93|-0.77|5.16|5.28|5.28|5.14|6.56|5.18|9563500|50152512.00|1|0.0000|0.0000|0.0000|0|5.18
红旗连锁|002697|0.19|14339342|75370200.00|-0.38|0.57|-0.57|5.26|5.23|5.28|5.22|14.34|5.25|22879885|120524872.00|1|0.0000|0.0000|0.0000|0|5.25
博实股份|002698|0.62|9452905|168305776.00|0.79|1.59|-0.17|17.77|17.80|17.94|17.63|9.45|17.66|9721305|172349728.00|1|0.0000|0.0000|0.0000|0|17.66
万憬能源|002700|2.18|4561600|42380484.00|0.44|2.51|-0.55|9.37|9.21|9.40|9.12|4.56|9.17|3927220|36342008.00|1|0.0000|0.0000|0.0000|0|9.17
奥瑞金|002701|0.77|28068100|147795152.00|0.00|2.30|-0.38|5.25|5.21|5.33|5.19|28.07|5.21|27086618|140308256.00|1|0.0000|0.0000|0.0000|0|5.21
海欣食品|002702|-0.26|11132100|43161336.00|0.26|0.52|-0.77|3.87|3.89|3.90|3.85|11.13|3.88|16056980|62681832.00|1|0.0000|0.0000|0.0000|0|3.88
浙江世宝|002703|-0.90|11838600|143126304.00|-0.66|0.41|-2.38|12.06|12.09|12.22|11.88|11.84|12.17|11817467|144609520.00|1|0.0000|0.0000|0.0000|0|12.17
新宝股份|002705|1.06|3673043|59655416.00|0.50|1.49|-0.43|16.27|16.18|16.34|16.03|3.67|16.10|4665063|75270872.00|1|0.0000|0.0000|0.0000|0|16.10
良信股份|002706|0.00|21396653|190934416.00|0.00|2.94|-0.45|8.84|8.84|9.10|8.80|21.40|8.84|27526830|243936928.00|1|0.0000|0.0000|0.0000|0|8.84
众信旅游|002707|1.14|26141870|209327328.00|-0.38|2.53|-0.63|8.00|7.88|8.11|7.86|26.14|7.91|28564300|225831088.00|1|0.0000|0.0000|0.0000|0|7.91
光洋股份|002708|1.97|51667700|667447680.00|-1.03|5.06|-2.29|12.91|12.53|13.30|12.37|51.67|12.66|49706520|637403520.00|1|0.0000|0.0000|0.0000|0|12.66
天赐材料|002709|0.86|11135243|209158784.00|-0.05|1.56|-0.43|18.79|18.62|18.92|18.55|11.14|18.63|13029922|243940432.00|1|0.0000|0.0000|0.0000|0|18.63
思美传媒|002712|-0.19|14064073|75802992.00|-0.56|2.61|-1.31|5.35|5.33|5.50|5.29|14.06|5.36|26445925|143670096.00|1|0.0000|0.0000|0.0000|0|5.36
*ST东易|002713|-5.98|32304132|155241376.00|-0.60|2.39|-8.76|4.72|4.99|5.14|4.58|32.30|5.02|18599321|94188904.00|1|0.0000|0.0000|0.0000|0|5.02
牧原股份|002714|0.67|26366688|1028632576.00|0.05|1.03|0.05|39.04|38.80|39.18|38.80|26.37|38.78|30732073|1197449984.00|1|0.0000|0.0000|0.0000|0|38.78
登云股份|002715|-1.32|4435850|73716256.00|-1.56|1.98|-1.98|16.44|16.40|16.99|16.33|4.44|16.66|6029200|101904392.00|1|0.0000|0.0000|0.0000|0|16.66
湖南白银|002716|-3.31|92212692|354596320.00|-0.76|0.00|-3.82|3.80|3.90|3.93|3.78|92.21|3.93|135658431|536256288.00|1|0.0000|0.0000|0.0000|0|3.93
ST岭南|002717|-1.25|70901410|223227680.00|-0.31|0.31|-2.19|3.15|3.18|3.20|3.12|70.90|3.19|83064890|265981312.00|1|0.0000|0.0000|0.0000|0|3.19
友邦吊顶|002718|0.30|1166900|15675801.00|0.37|1.72|-0.60|13.41|13.42|13.60|13.29|1.17|13.37|1877450|25203684.00|1|0.0000|0.0000|0.0000|0|13.37
麦趣尔|002719|-0.56|4478345|31760448.00|0.42|1.27|-0.99|7.05|7.12|7.18|7.02|4.48|7.09|6218865|44216008.00|1|0.0000|0.0000|0.0000|0|7.09
金一文化|002721|1.15|16389752|43012448.00|0.00|1.15|-0.77|2.64|2.61|2.64|2.59|16.39|2.61|13205900|34453140.00|1|0.0000|0.0000|0.0000|0|2.61
物产金轮|002722|0.67|2355401|35398112.00|0.20|1.81|-0.47|14.99|14.92|15.16|14.82|2.36|14.89|2772000|41411016.00|1|0.0000|0.0000|0.0000|0|14.89
小崧股份|002723|6.05|14147103|111398024.00|0.00|6.58|-0.92|8.06|7.60|8.10|7.53|14.15|7.60|11129780|84827328.00|1|0.0000|0.0000|0.0000|0|7.60
海洋王|002724|0.98|33044428|202382112.00|0.00|1.31|-1.47|6.18|6.12|6.20|6.03|33.04|6.12|34365871|211521392.00|1|0.0000|0.0000|0.0000|0|6.12
跃岭股份|002725|1.21|4229100|49623372.00|0.00|2.50|-0.35|11.72|11.58|11.87|11.54|4.23|11.58|3237000|37650648.00|1|0.0000|0.0000|0.0000|0|11.58
龙大美食|002726|-0.32|7271500|45102040.00|0.16|0.32|-0.96|6.21|6.24|6.25|6.17|7.27|6.23|10040763|62531184.00|1|0.0000|0.0000|0.0000|0|6.23
一心堂|002727|0.15|3209654|41866340.00|-0.54|0.92|-0.77|13.04|12.95|13.14|12.92|3.21|13.02|8067339|105464944.00|1|0.0000|0.0000|0.0000|0|13.02
特一药业|002728|-0.97|10525899|85922224.00|-1.21|0.00|-1.82|8.16|8.14|8.24|8.09|10.53|8.24|20404690|168783376.00|1|0.0000|0.0000|0.0000|0|8.24
好利科技|002729|0.45|3437785|46341720.00|-0.60|1.57|-0.60|13.44|13.30|13.59|13.30|3.44|13.38|3835575|51610920.00|1|0.0000|0.0000|0.0000|0|13.38
电光科技|002730|-0.13|5862400|93733584.00|-0.25|0.69|-0.88|15.97|15.95|16.10|15.85|5.86|15.99|8172100|131248688.00|1|0.0000|0.0000|0.0000|0|15.99
萃华珠宝|002731|0.49|13906053|143774848.00|-0.10|2.91|-1.84|10.35|10.29|10.60|10.11|13.91|10.30|14227853|145366032.00|1|0.0000|0.0000|0.0000|0|10.30
燕塘乳业|002732|-0.37|1528400|24475474.00|0.00|0.44|-0.93|15.99|16.05|16.12|15.90|1.53|16.05|2223100|35682424.00|1|0.0000|0.0000|0.0000|0|16.05
雄韬股份|002733|1.54|13043368|223733600.00|0.42|2.73|0.12|17.10|16.91|17.30|16.86|13.04|16.84|9961884|167232272.00|1|0.0000|0.0000|0.0000|0|16.84
利民股份|002734|-1.11|20261766|217052672.00|0.00|0.92|-2.21|10.72|10.84|10.94|10.60|20.26|10.84|32133930|347310176.00|1|0.0000|0.0000|0.0000|0|10.84
王子新材|002735|-4.28|69776050|777958912.00|-0.09|0.87|-5.24|10.95|11.43|11.54|10.84|69.78|11.44|49244089|537010048.00|1|0.0000|0.0000|0.0000|0|11.44
国信证券|002736|1.27|12957471|134318864.00|-0.10|1.36|-0.19|10.40|10.26|10.41|10.25|12.96|10.27|10676400|109912648.00|1|0.0000|0.0000|0.0000|0|10.27
葵花药业|002737|-0.55|4674435|84620840.00|-0.33|0.06|-0.77|18.08|18.12|18.19|18.04|4.67|18.18|7435665|135298608.00|1|0.0000|0.0000|0.0000|0|18.18
中矿资源|002738|0.31|5789791|186328160.00|0.00|1.09|-0.34|32.14|32.04|32.39|31.93|5.79|32.04|5445352|174600624.00|1|0.0000|0.0000|0.0000|0|32.04
万达电影|002739|-0.17|13857267|161559392.00|0.09|0.77|-0.34|11.63|11.66|11.74|11.61|13.86|11.65|33487290|391650720.00|1|0.0000|0.0000|0.0000|0|11.65
光华科技|002741|-0.25|5994300|97362408.00|0.86|1.36|-0.49|16.16|16.34|16.42|16.12|5.99|16.20|7517046|122248472.00|1|0.0000|0.0000|0.0000|0|16.20
*ST三圣|002742|-2.62|5669500|21351536.00|-1.31|0.26|-2.62|3.72|3.77|3.83|3.72|5.67|3.82|6023000|22945176.00|1|0.0000|0.0000|0.0000|0|3.82
富煌钢构|002743|0.00|4866160|27828056.00|0.35|1.76|-0.88|5.68|5.70|5.78|5.63|4.87|5.68|5710202|32433014.00|1|0.0000|0.0000|0.0000|0|5.68
木林森|002745|2.22|27259105|251753296.00|0.11|4.56|-0.33|9.19|9.00|9.40|8.96|27.26|8.99|19008478|171673392.00|1|0.0000|0.0000|0.0000|0|8.99
仙坛股份|002746|0.17|10699776|64705284.00|0.50|1.50|-0.50|6.03|6.05|6.11|5.99|10.70|6.02|15263096|91776912.00|1|0.0000|0.0000|0.0000|0|6.02
埃斯顿|002747|1.48|16257120|345559712.00|-0.52|2.14|-0.52|21.32|20.90|21.46|20.90|16.26|21.01|18764680|397309184.00|1|0.0000|0.0000|0.0000|0|21.01
世龙实业|002748|-0.78|1215500|9351886.00|0.00|0.65|-0.91|7.65|7.71|7.76|7.64|1.22|7.71|1225300|9403223.00|1|0.0000|0.0000|0.0000|0|7.71
国光股份|002749|-0.53|5249746|78166272.00|-0.13|-0.13|-2.39|14.99|15.05|15.05|14.71|5.25|15.07|7908785|118932080.00|1|0.0000|0.0000|0.0000|0|15.07
昇兴股份|002752|2.05|17120330|102377576.00|-0.17|3.93|-0.51|5.97|5.84|6.08|5.82|17.12|5.85|12312006|72052816.00|1|0.0000|0.0000|0.0000|0|5.85
永东股份|002753|-0.15|3547800|23705092.00|0.30|0.90|-0.60|6.66|6.69|6.73|6.63|3.55|6.67|7868097|52331776.00|1|0.0000|0.0000|0.0000|0|6.67
奥赛康|002755|-0.56|14631598|282963680.00|-3.70|1.37|-5.32|19.62|19.00|20.00|18.68|14.63|19.73|18785238|357076960.00|1|0.0000|0.0000|0.0000|0|19.73
永兴材料|002756|-0.69|3499339|116766400.00|-0.18|0.18|-1.22|33.28|33.45|33.57|33.10|3.50|33.51|5066369|169235232.00|1|0.0000|0.0000|0.0000|0|33.51
南兴股份|002757|-1.21|13225600|272730048.00|-0.82|1.55|-1.79|20.42|20.50|20.99|20.30|13.23|20.67|18773949|390530048.00|1|0.0000|0.0000|0.0000|0|20.67
浙农股份|002758|-0.57|1834400|16130848.00|-0.45|0.23|-0.91|8.78|8.79|8.85|8.75|1.83|8.83|3314825|29250306.00|1|0.0000|0.0000|0.0000|0|8.83
天际股份|002759|1.20|6390300|48569552.00|0.00|1.86|-0.93|7.62|7.53|7.67|7.46|6.39|7.53|14237500|109360408.00|1|0.0000|0.0000|0.0000|0|7.53
凤形股份|002760|0.22|3225500|60334688.00|-0.11|1.89|-0.65|18.56|18.50|18.87|18.40|3.23|18.52|3617600|67529584.00|1|0.0000|0.0000|0.0000|0|18.52
浙江建投|002761|0.00|6162334|51862276.00|0.00|0.24|-0.71|8.43|8.43|8.45|8.37|6.16|8.43|7545834|63756100.00|1|0.0000|0.0000|0.0000|0|8.43
*ST金比|002762|0.18|7494500|41734500.00|0.18|1.44|-0.54|5.55|5.55|5.62|5.51|7.49|5.54|9708719|53922576.00|1|0.0000|0.0000|0.0000|0|5.54
汇洁股份|002763|0.74|3317421|22532072.00|-0.15|1.33|-0.74|6.80|6.74|6.84|6.70|3.32|6.75|4579300|31011072.00|1|0.0000|0.0000|0.0000|0|6.75
蓝黛科技|002765|5.35|85729596|1222923008.00|0.65|6.43|-1.88|14.58|13.93|14.73|13.58|85.73|13.84|68744281|977015040.00|1|0.0000|0.0000|0.0000|0|13.84
索菱股份|002766|0.17|10987426|64545016.00|-0.51|1.03|-0.68|5.86|5.82|5.91|5.81|10.99|5.85|12112200|70995456.00|1|0.0000|0.0000|0.0000|0|5.85
先锋电子|002767|2.01|15262010|247858784.00|0.06|3.76|-1.19|16.26|15.95|16.54|15.75|15.26|15.94|16388094|262417456.00|1|0.0000|0.0000|0.0000|0|15.94
国恩股份|002768|0.60|2613834|65932416.00|-0.32|1.92|-0.36|25.14|24.91|25.47|24.90|2.61|24.99|3008128|74970160.00|1|0.0000|0.0000|0.0000|0|24.99
普路通|002769|-0.70|2942062|20861578.00|0.70|1.13|-0.99|7.05|7.15|7.18|7.03|2.94|7.10|4318900|30804078.00|1|0.0000|0.0000|0.0000|0|7.10
真视通|002771|0.78|4744452|79496944.00|0.42|1.93|-0.12|16.72|16.66|16.91|16.57|4.74|16.59|5426552|90569440.00|1|0.0000|0.0000|0.0000|0|16.59
众兴菌业|002772|0.54|4521526|33253370.00|0.27|0.68|-0.41|7.38|7.36|7.39|7.31|4.52|7.34|6612701|48523668.00|1|0.0000|0.0000|0.0000|0|7.34
康弘药业|002773|-1.22|19093134|513646848.00|-1.33|0.55|-2.25|26.83|26.80|27.31|26.55|19.09|27.16|34023786|909379520.00|1|0.0000|0.0000|0.0000|0|27.16
快意电梯|002774|-1.21|6815700|56051284.00|-1.09|0.48|-2.53|8.19|8.20|8.33|8.08|6.82|8.29|12795556|107034104.00|1|0.0000|0.0000|0.0000|0|8.29
文科股份|002775|-0.59|3502600|11823815.00|0.00|0.29|-1.77|3.37|3.39|3.40|3.33|3.50|3.39|4941966|16782284.00|1|0.0000|0.0000|0.0000|0|3.39
久远银海|002777|0.61|9138298|165307504.00|-0.28|2.22|-0.78|18.10|17.94|18.39|17.85|9.14|17.99|7945680|143777680.00|1|0.0000|0.0000|0.0000|0|17.99
中晟高科|002778|-0.95|1363040|24258876.00|-0.67|1.23|-2.07|17.70|17.75|18.09|17.50|1.36|17.87|1193440|21440414.00|1|0.0000|0.0000|0.0000|0|17.87
中坚科技|002779|5.50|5402207|547050112.00|0.02|9.15|-0.71|101.49|96.22|105.00|95.52|5.40|96.20|2543450|247405264.00|1|0.0000|0.0000|0.0000|0|96.20
三夫户外|002780|2.29|6261682|69937080.00|1.47|4.50|-0.09|11.15|11.06|11.39|10.89|6.26|10.90|4247027|46595244.00|1|0.0000|0.0000|0.0000|0|10.90
可立克|002782|0.59|6720297|91136800.00|-0.37|2.38|-0.52|13.54|13.41|13.78|13.39|6.72|13.46|6161997|82876000.00|1|0.0000|0.0000|0.0000|0|13.46
凯龙股份|002783|-0.49|6891706|56203524.00|-0.24|0.86|-1.10|8.14|8.16|8.25|8.09|6.89|8.18|10317051|84053168.00|1|0.0000|0.0000|0.0000|0|8.18
万里石|002785|-0.45|2976800|86911064.00|0.03|2.14|-0.79|28.88|29.02|29.63|28.78|2.98|29.01|6184830|178801760.00|1|0.0000|0.0000|0.0000|0|29.01
银宝山新|002786|-0.44|5142600|46723824.00|-0.11|0.66|-0.66|9.05|9.08|9.15|9.03|5.14|9.09|6729800|61670084.00|1|0.0000|0.0000|0.0000|0|9.09
华源控股|002787|-1.84|13669305|124528200.00|2.06|2.49|-3.03|9.07|9.43|9.47|8.96|13.67|9.24|8859552|80898760.00|1|0.0000|0.0000|0.0000|0|9.24
鹭燕医药|002788|0.72|4832470|40786744.00|-0.36|1.31|-0.60|8.45|8.36|8.50|8.34|4.83|8.39|7940162|66456568.00|1|0.0000|0.0000|0.0000|0|8.39
*ST建艺|002789|1.26|20864583|171184960.00|1.52|7.95|0.25|8.02|8.04|8.55|7.94|20.86|7.92|8008770|61459788.00|1|0.0000|0.0000|0.0000|0|7.92
瑞尔特|002790|1.16|4077296|32036288.00|0.13|1.67|-0.39|7.87|7.79|7.91|7.75|4.08|7.78|5225280|40827640.00|1|0.0000|0.0000|0.0000|0|7.78
坚朗五金|002791|1.40|14078217|338436192.00|0.04|3.62|0.04|23.84|23.52|24.36|23.52|14.08|23.51|14345464|339837568.00|1|0.0000|0.0000|0.0000|0|23.51
通宇通讯|002792|4.89|26701782|397717728.00|0.07|8.16|-0.21|14.79|14.11|15.25|14.07|26.70|14.10|7115730|100967200.00|1|0.0000|0.0000|0.0000|0|14.10
罗欣药业|002793|-1.96|40842600|164277584.00|-0.98|0.00|-2.69|4.01|4.05|4.09|3.98|40.84|4.09|35939990|143912752.00|1|0.0000|0.0000|0.0000|0|4.09
永和智控|002795|3.51|25886532|127974216.00|0.21|4.33|-0.82|5.02|4.86|5.06|4.81|25.89|4.85|31905588|154842560.00|1|0.0000|0.0000|0.0000|0|4.85
世嘉科技|002796|0.76|4853500|58376920.00|0.08|2.27|-0.17|11.98|11.90|12.16|11.87|4.85|11.89|4418222|52707504.00|1|0.0000|0.0000|0.0000|0|11.89
第一创业|002797|0.40|45843049|342827392.00|-0.13|0.94|-0.40|7.48|7.44|7.52|7.42|45.84|7.45|46605600|348457472.00|1|0.0000|0.0000|0.0000|0|7.45
帝欧水华|002798|1.60|5733675|21789892.00|0.53|2.67|-0.80|3.81|3.77|3.85|3.72|5.73|3.75|6733287|25267076.00|1|0.0000|0.0000|0.0000|0|3.75
环球印务|002799|0.53|4643952|35094864.00|0.67|2.40|-0.80|7.55|7.56|7.69|7.45|4.64|7.51|3724970|28111504.00|1|0.0000|0.0000|0.0000|0|7.51
天顺股份|002800|-0.19|2929328|30507040.00|-0.29|2.51|-1.06|10.34|10.33|10.62|10.25|2.93|10.36|5401916|56320456.00|1|0.0000|0.0000|0.0000|0|10.36
微光股份|002801|2.85|9414093|368757504.00|-0.97|5.63|-2.12|39.27|37.81|40.33|37.37|9.41|38.18|9910215|387958240.00|1|0.0000|0.0000|0.0000|0|38.18
洪汇新材|002802|-1.44|3245646|47288992.00|0.00|1.78|-2.06|14.37|14.58|14.84|14.28|3.25|14.58|4509959|65096884.00|1|0.0000|0.0000|0.0000|0|14.58
吉宏股份|002803|-3.17|9676000|122950384.00|-0.77|0.62|-3.40|12.52|12.83|13.01|12.49|9.68|12.93|9615999|123376696.00|1|0.0000|0.0000|0.0000|0|12.93
丰元股份|002805|-1.01|2382120|28252336.00|-0.51|1.43|-1.18|11.75|11.81|12.04|11.73|2.38|11.87|2757980|32680298.00|1|0.0000|0.0000|0.0000|0|11.87
华锋股份|002806|1.66|3900646|45391780.00|0.00|3.15|-0.79|11.63|11.44|11.80|11.35|3.90|11.44|3835106|44027408.00|1|0.0000|0.0000|0.0000|0|11.44
江阴银行|002807|2.49|57720788|259978480.00|0.45|2.95|0.23|4.52|4.43|4.54|4.42|57.72|4.41|57439681|253690368.00|1|0.0000|0.0000|0.0000|0|4.41
*ST恒久|002808|0.92|16083223|54285504.00|2.76|4.91|0.61|3.29|3.35|3.42|3.28|16.08|3.26|9535200|30181688.00|1|0.0000|0.0000|0.0000|0|3.26
红墙股份|002809|-1.07|4457000|37509816.00|0.47|1.42|-1.42|8.35|8.48|8.56|8.32|4.46|8.44|6073673|51754692.00|1|0.0000|0.0000|0.0000|0|8.44
山东赫达|002810|0.47|2619970|33315994.00|-0.32|1.19|-0.32|12.70|12.60|12.79|12.60|2.62|12.64|3529734|44370540.00|1|0.0000|0.0000|0.0000|0|12.64
郑中设计|002811|0.52|2523370|24266950.00|-0.10|1.25|-0.42|9.62|9.56|9.69|9.53|2.52|9.57|3644645|34984488.00|1|0.0000|0.0000|0.0000|0|9.57
恩捷股份|002812|1.07|4786805|148720016.00|-0.03|1.17|-0.23|31.19|30.85|31.22|30.79|4.79|30.86|5002149|154952480.00|1|0.0000|0.0000|0.0000|0|30.86
路畅科技|002813|1.46|1242500|28482302.00|0.53|2.71|-0.40|22.88|22.67|23.16|22.46|1.24|22.55|1075700|24418280.00|1|0.0000|0.0000|0.0000|0|22.55
崇达技术|002815|0.55|7547862|82813392.00|-0.09|1.84|-0.37|10.95|10.88|11.09|10.85|7.55|10.89|10949926|119714344.00|1|0.0000|0.0000|0.0000|0|10.89
*ST和科|002816|0.42|3069100|36977608.00|2.09|2.85|-1.09|12.00|12.20|12.29|11.82|3.07|11.95|4307800|52478824.00|1|0.0000|0.0000|0.0000|0|11.95
黄山胶囊|002817|0.74|4402012|29923566.00|-0.74|1.33|-0.74|6.80|6.70|6.84|6.70|4.40|6.75|7143477|48086892.00|1|0.0000|0.0000|0.0000|0|6.75
富森美|002818|-0.28|3364136|47634576.00|0.07|0.56|-0.77|14.16|14.21|14.28|14.09|3.36|14.20|3604035|51135532.00|1|0.0000|0.0000|0.0000|0|14.20
东方中科|002819|-1.37|2011690|52381196.00|-0.27|0.34|-1.57|25.83|26.12|26.28|25.78|2.01|26.19|3612250|94754536.00|1|0.0000|0.0000|0.0000|0|26.19
桂发祥|002820|0.10|4701202|49430972.00|0.48|0.95|-0.19|10.50|10.54|10.59|10.47|4.70|10.49|5538503|58390776.00|1|0.0000|0.0000|0.0000|0|10.49
凯莱英|002821|-2.01|4415150|356459040.00|-0.43|1.05|-2.15|79.42|80.70|81.90|79.31|4.42|81.05|5451716|444482336.00|1|0.0000|0.0000|0.0000|0|81.05
*ST中装|002822|-1.75|3775906|12839851.00|0.00|0.58|-2.92|3.37|3.43|3.45|3.33|3.78|3.43|2791300|9583080.00|1|0.0000|0.0000|0.0000|0|3.43
凯中精密|002823|2.33|9159897|136523840.00|0.07|3.91|-0.89|14.92|14.59|15.15|14.45|9.16|14.58|6906894|101200176.00|1|0.0000|0.0000|0.0000|0|14.58
和胜股份|002824|0.37|3277079|53642356.00|-0.43|1.35|-0.55|16.33|16.20|16.49|16.18|3.28|16.27|3960201|64896864.00|1|0.0000|0.0000|0.0000|0|16.27
纳尔股份|002825|0.94|3527288|30247690.00|0.00|1.53|-0.59|8.58|8.50|8.63|8.45|3.53|8.50|4295058|36643300.00|1|0.0000|0.0000|0.0000|0|8.50
易明医药|002826|0.18|4521700|50481528.00|0.09|1.16|-1.43|11.18|11.17|11.29|11.00|4.52|11.16|8340500|93643192.00|1|0.0000|0.0000|0.0000|0|11.16
高争民爆|002827|0.73|2125900|52997520.00|0.12|1.74|0.12|24.85|24.70|25.10|24.70|2.13|24.67|2574600|63486912.00|1|0.0000|0.0000|0.0000|0|24.67
贝肯能源|002828|-0.59|5403090|45671984.00|-0.47|0.71|-2.35|8.45|8.46|8.56|8.30|5.40|8.50|10800900|92627272.00|1|0.0000|0.0000|0.0000|0|8.50
星网宇达|002829|-1.73|5287160|96416760.00|-0.54|0.05|-2.43|18.17|18.39|18.50|18.04|5.29|18.49|7726300|143257216.00|1|0.0000|0.0000|0.0000|0|18.49
名雕股份|002830|1.43|1765000|22555360.00|0.32|3.02|-1.03|12.75|12.61|12.95|12.44|1.76|12.57|1682700|21277176.00|1|0.0000|0.0000|0.0000|0|12.57
裕同科技|002831|0.36|1880862|47619784.00|0.00|0.91|-0.40|25.33|25.24|25.47|25.14|1.88|25.24|2457179|62087352.00|1|0.0000|0.0000|0.0000|0|25.24
比音勒芬|002832|1.01|7280000|138145424.00|0.32|1.70|-0.69|19.02|18.89|19.15|18.70|7.28|18.83|6709800|125978600.00|1|0.0000|0.0000|0.0000|0|18.83
弘亚数控|002833|2.24|7841820|147483440.00|0.16|4.76|-0.38|18.68|18.30|19.14|18.20|7.84|18.27|4580124|84398968.00|1|0.0000|0.0000|0.0000|0|18.27
同为股份|002835|-0.26|2536900|49721328.00|0.31|1.13|-0.61|19.50|19.61|19.77|19.43|2.54|19.55|2290800|44924628.00|1|0.0000|0.0000|0.0000|0|19.55
新宏泽|002836|1.12|3396484|27774862.00|0.62|2.35|-0.87|8.16|8.12|8.26|8.00|3.40|8.07|3074996|24921556.00|1|0.0000|0.0000|0.0000|0|8.07
英维克|002837|-0.05|11760222|457924832.00|-0.03|1.18|-0.33|38.80|38.81|39.28|38.69|11.76|38.82|18491886|728205440.00|1|0.0000|0.0000|0.0000|0|38.82
道恩股份|002838|-4.88|22695543|387314560.00|-2.30|-1.97|-5.67|16.94|17.40|17.46|16.80|22.70|17.81|32547123|570545408.00|1|0.0000|0.0000|0.0000|0|17.81
张家港行|002839|1.87|54959070|238615680.00|0.00|2.10|0.00|4.36|4.28|4.37|4.28|54.96|4.28|38865441|166190384.00|1|0.0000|0.0000|0.0000|0|4.28
华统股份|002840|-1.49|13961283|158454592.00|0.17|0.79|-1.66|11.27|11.46|11.53|11.25|13.96|11.44|19015058|217523664.00|1|0.0000|0.0000|0.0000|0|11.44
视源股份|002841|1.85|2956969|113486616.00|0.03|2.35|-0.26|38.60|37.91|38.79|37.80|2.96|37.90|3240245|123151608.00|1|0.0000|0.0000|0.0000|0|37.90
翔鹭钨业|002842|3.87|24646601|178982896.00|-1.15|7.45|-1.15|7.25|6.90|7.50|6.90|24.65|6.98|13447164|91875456.00|1|0.0000|0.0000|0.0000|0|6.98
泰嘉股份|002843|-0.98|5465700|122325504.00|-0.53|0.58|-1.24|22.30|22.40|22.65|22.24|5.47|22.52|8685319|197761008.00|1|0.0000|0.0000|0.0000|0|22.52
同兴达|002845|-0.20|3784640|57440008.00|-0.33|0.99|-0.59|15.12|15.10|15.30|15.06|3.78|15.15|4460460|67821392.00|1|0.0000|0.0000|0.0000|0|15.15
英联股份|002846|-0.34|9635080|86759360.00|0.90|3.25|-0.79|8.88|8.99|9.20|8.84|9.64|8.91|9013528|80148792.00|1|0.0000|0.0000|0.0000|0|8.91
盐津铺子|002847|0.42|4741276|322901280.00|-0.65|3.75|-1.68|67.51|66.79|69.75|66.10|4.74|67.23|5077763|335006592.00|1|0.0000|0.0000|0.0000|0|67.23
*ST高斯|002848|-2.26|6815800|38940588.00|-0.17|1.57|-2.26|5.62|5.74|5.84|5.62|6.82|5.75|9261401|53519396.00|1|0.0000|0.0000|0.0000|0|5.75
威星智能|002849|-0.26|3065542|46872564.00|1.45|1.97|-1.45|15.18|15.44|15.52|15.00|3.07|15.22|3579133|54942828.00|1|0.0000|0.0000|0.0000|0|15.22
科达利|002850|2.21|2617987|321870944.00|0.02|2.96|-0.25|123.47|120.83|124.38|120.50|2.62|120.80|2635649|322330464.00|1|0.0000|0.0000|0.0000|0|120.80
麦格米特|002851|3.61|27997754|1738265344.00|0.72|5.61|0.68|62.24|60.50|63.44|60.48|28.00|60.07|25849067|1556488960.00|1|0.0000|0.0000|0.0000|0|60.07
道道全|002852|1.01|4022178|36115548.00|0.34|1.35|-0.56|9.01|8.95|9.04|8.87|4.02|8.92|4473645|39894476.00|1|0.0000|0.0000|0.0000|0|8.92
皮阿诺|002853|3.56|3113900|44979564.00|0.00|4.48|-0.28|14.55|14.05|14.68|14.01|3.11|14.05|3427150|49022072.00|1|0.0000|0.0000|0.0000|0|14.05
捷荣技术|002855|0.11|1632000|29983252.00|0.05|1.15|-0.49|18.31|18.30|18.50|18.20|1.63|18.29|1346300|24708920.00|1|0.0000|0.0000|0.0000|0|18.29
美芝股份|002856|-0.71|4929496|41909100.00|-0.47|1.65|-1.53|8.45|8.47|8.65|8.38|4.93|8.51|6925185|59204632.00|1|0.0000|0.0000|0.0000|0|8.51
三晖电气|002857|0.53|2339800|35380472.00|1.92|1.92|-1.73|15.15|15.36|15.36|14.81|2.34|15.07|3554900|53332772.00|1|0.0000|0.0000|0.0000|0|15.07
力盛体育|002858|-0.77|3710500|43163928.00|-0.26|0.51|-0.94|11.58|11.64|11.73|11.56|3.71|11.67|6914972|80368632.00|1|0.0000|0.0000|0.0000|0|11.67
洁美科技|002859|1.40|2776121|56421596.00|0.05|2.80|-0.15|20.28|20.01|20.56|19.97|2.78|20.00|2484835|49986600.00|1|0.0000|0.0000|0.0000|0|20.00
星帅尔|002860|3.36|18693782|199623344.00|-0.19|4.42|-1.06|10.76|10.39|10.87|10.30|18.69|10.41|9945382|103472304.00|1|0.0000|0.0000|0.0000|0|10.41
瀛通通讯|002861|-1.43|16816670|231471296.00|0.57|1.08|-3.15|13.75|14.03|14.10|13.51|16.82|13.95|13587706|191643056.00|1|0.0000|0.0000|0.0000|0|13.95
实丰文化|002862|-2.79|8447749|240627968.00|-1.28|1.28|-3.07|28.18|28.62|29.36|28.10|8.45|28.99|11991819|351105184.00|1|0.0000|0.0000|0.0000|0|28.99
今飞凯达|002863|-3.30|51526632|285293728.00|-1.91|-0.87|-6.09|5.56|5.64|5.70|5.40|51.53|5.75|65714353|372903520.00|1|0.0000|0.0000|0.0000|0|5.75
盘龙药业|002864|-0.39|3119100|88117264.00|-0.49|0.53|-1.02|28.23|28.20|28.49|28.05|3.12|28.34|6089465|172816880.00|1|0.0000|0.0000|0.0000|0|28.34
钧达股份|002865|-1.02|7498076|343404064.00|0.02|0.65|-2.36|45.72|46.20|46.49|45.10|7.50|46.19|19578905|923385152.00|1|0.0000|0.0000|0.0000|0|46.19
传艺科技|002866|-0.12|3406200|54929144.00|0.94|1.56|-0.19|16.00|16.17|16.27|15.99|3.41|16.02|3713670|59676692.00|1|0.0000|0.0000|0.0000|0|16.02
周大生|002867|2.77|9846106|135463680.00|0.30|4.63|0.00|13.75|13.42|14.00|13.38|9.85|13.38|7791976|104452520.00|1|0.0000|0.0000|0.0000|0|13.38
*ST绿康|002868|-0.94|1319050|19630936.00|0.20|0.87|-1.47|14.83|15.00|15.10|14.75|1.32|14.97|2231850|33781648.00|1|0.0000|0.0000|0.0000|0|14.97
金溢科技|002869|0.64|3286367|87919384.00|1.58|1.88|-0.15|26.73|26.98|27.06|26.52|3.29|26.56|2614450|69069816.00|1|0.0000|0.0000|0.0000|0|26.56
香山股份|002870|2.00|2687200|93899616.00|-0.20|2.14|-1.10|35.20|34.44|35.25|34.13|2.69|34.51|2049000|70469480.00|1|0.0000|0.0000|0.0000|0|34.51
伟隆股份|002871|0.92|2162966|21350632.00|0.31|2.98|-0.31|9.82|9.76|10.02|9.70|2.16|9.73|3576672|35066464.00|1|0.0000|0.0000|0.0000|0|9.73
ST天圣|002872|0.00|744430|3109980.25|-0.48|0.96|-0.96|4.18|4.16|4.22|4.14|0.74|4.18|819950|3431237.00|1|0.0000|0.0000|0.0000|0|4.18
新天药业|002873|-1.53|4305310|41680648.00|-0.51|0.20|-2.56|9.63|9.73|9.80|9.53|4.31|9.78|7610029|74136176.00|1|0.0000|0.0000|0.0000|0|9.78
安奈儿|002875|1.53|4811175|60190432.00|0.00|2.42|-0.65|12.58|12.39|12.69|12.31|4.81|12.39|5143700|63979560.00|1|0.0000|0.0000|0.0000|0|12.39
三利谱|002876|-0.59|3311000|89464384.00|-0.41|0.29|-1.29|27.00|27.05|27.24|26.81|3.31|27.16|6430865|174422976.00|1|0.0000|0.0000|0.0000|0|27.16
智能自控|002877|0.23|7088698|62092680.00|-0.23|1.60|-1.94|8.77|8.73|8.89|8.58|7.09|8.75|9991556|88161304.00|1|0.0000|0.0000|0.0000|0|8.75
元隆雅图|002878|0.34|3063100|44951504.00|-0.34|1.58|-0.68|14.65|14.55|14.83|14.50|3.06|14.60|3811356|56149020.00|1|0.0000|0.0000|0.0000|0|14.60
长缆科技|002879|-0.76|2535500|42922408.00|-0.29|0.76|-1.24|16.87|16.95|17.13|16.79|2.54|17.00|3493900|59052440.00|1|0.0000|0.0000|0.0000|0|17.00
卫光生物|002880|-1.11|1334310|37164064.00|0.36|0.50|-1.50|27.73|28.14|28.18|27.62|1.33|28.04|2396495|66868552.00|1|0.0000|0.0000|0.0000|0|28.04
美格智能|002881|0.30|5802115|273046560.00|-0.13|1.43|-0.34|47.00|46.80|47.53|46.70|5.80|46.86|7629105|360040576.00|1|0.0000|0.0000|0.0000|0|46.86
金龙羽|002882|0.35|3685600|63675508.00|0.29|1.34|-0.29|17.25|17.24|17.42|17.14|3.69|17.19|5119000|87889832.00|1|0.0000|0.0000|0.0000|0|17.19
中设股份|002883|0.38|1769800|18621810.00|0.10|1.34|-0.57|10.52|10.49|10.62|10.42|1.77|10.48|2777800|29198814.00|1|0.0000|0.0000|0.0000|0|10.48
凌霄泵业|002884|0.88|2558572|46617884.00|0.06|1.11|-0.06|18.25|18.10|18.29|18.08|2.56|18.09|2309800|41779120.00|1|0.0000|0.0000|0.0000|0|18.09
京泉华|002885|-0.65|5715720|78683824.00|0.00|1.09|-1.09|13.69|13.78|13.93|13.63|5.72|13.78|6875140|95314936.00|1|0.0000|0.0000|0.0000|0|13.78
沃特股份|002886|0.80|5804830|110474608.00|-0.74|2.13|-0.74|18.95|18.66|19.20|18.66|5.80|18.80|5397670|102184120.00|1|0.0000|0.0000|0.0000|0|18.80
绿茵生态|002887|-0.68|2523700|18461332.00|0.00|0.41|-1.23|7.29|7.34|7.37|7.25|2.52|7.34|6798280|49921416.00|1|0.0000|0.0000|0.0000|0|7.34
惠威科技|002888|-0.74|1597000|27894416.00|0.17|0.40|-1.03|17.42|17.58|17.62|17.37|1.60|17.55|1943120|34201468.00|1|0.0000|0.0000|0.0000|0|17.55
东方嘉盛|002889|-2.24|6524332|140264896.00|-1.14|1.56|-3.02|21.37|21.61|22.20|21.20|6.52|21.86|8595354|187177776.00|1|0.0000|0.0000|0.0000|0|21.86
弘宇股份|002890|0.64|2175286|23799090.00|0.55|1.56|-1.38|10.96|10.95|11.06|10.74|2.18|10.89|3258140|35556036.00|1|0.0000|0.0000|0.0000|0|10.89
中宠股份|002891|-1.88|3945508|167721968.00|-0.16|0.16|-2.62|42.32|43.06|43.20|42.00|3.95|43.13|4635791|200366944.00|1|0.0000|0.0000|0.0000|0|43.13
科力尔|002892|1.09|12678427|211423312.00|0.00|2.25|-0.61|16.63|16.45|16.82|16.35|12.68|16.45|12711808|210689120.00|1|0.0000|0.0000|0.0000|0|16.45
京能热力|002893|-1.37|4193800|42544820.00|0.00|0.68|-1.76|10.10|10.24|10.31|10.06|4.19|10.24|7252799|73778696.00|1|0.0000|0.0000|0.0000|0|10.24
川恒股份|002895|2.25|7261717|177559232.00|0.29|2.66|-0.04|24.56|24.09|24.66|24.01|7.26|24.02|3861100|92206672.00|1|0.0000|0.0000|0.0000|0|24.02
中大力德|002896|0.06|7450284|646583680.00|0.12|1.37|-0.69|86.65|86.70|87.79|86.00|7.45|86.60|8993637|781862848.00|1|0.0000|0.0000|0.0000|0|86.60
意华股份|002897|1.31|4185873|174627040.00|0.92|2.58|0.19|41.66|41.50|42.18|41.20|4.19|41.12|4392100|183009584.00|1|0.0000|0.0000|0.0000|0|41.12
*ST赛隆|002898|-1.25|4240830|33734232.00|-0.25|0.12|-1.74|7.93|8.01|8.04|7.89|4.24|8.03|6721270|53550080.00|1|0.0000|0.0000|0.0000|0|8.03
英派斯|002899|3.05|4103218|92363352.00|-0.55|4.24|-0.87|22.61|21.82|22.87|21.75|4.10|21.94|4977300|109342280.00|1|0.0000|0.0000|0.0000|0|21.94
哈三联|002900|10.04|4961800|60385104.00|10.04|10.04|10.04|12.17|12.17|12.17|12.17|4.96|11.06|9390297|101553672.00|1|0.0000|0.0000|0.0000|0|11.06
大博医疗|002901|1.59|2474700|88098832.00|-0.20|2.10|-0.45|35.82|35.19|36.00|35.10|2.47|35.26|3242685|114369696.00|1|0.0000|0.0000|0.0000|0|35.26
铭普光磁|002902|-0.84|4436900|85152240.00|1.46|2.14|-0.94|18.98|19.42|19.55|18.96|4.44|19.14|3218350|61579632.00|1|0.0000|0.0000|0.0000|0|19.14
宇环数控|002903|1.29|17081588|362209632.00|-0.48|3.40|-1.44|21.16|20.79|21.60|20.59|17.08|20.89|20969800|432605696.00|1|0.0000|0.0000|0.0000|0|20.89
金逸影视|002905|-0.26|6586565|50432260.00|-1.05|1.31|-1.05|7.62|7.56|7.74|7.56|6.59|7.64|8919020|68268256.00|1|0.0000|0.0000|0.0000|0|7.64
华阳集团|002906|-0.26|5117329|175781088.00|-0.20|1.02|-1.37|34.31|34.33|34.75|33.93|5.12|34.40|10596301|369715200.00|1|0.0000|0.0000|0.0000|0|34.40
华森制药|002907|-0.29|6706321|93754568.00|-0.07|1.00|-1.00|13.96|13.99|14.14|13.86|6.71|14.00|15378055|215174784.00|1|0.0000|0.0000|0.0000|0|14.00
德生科技|002908|1.33|12024658|110627304.00|0.00|3.76|-0.33|9.16|9.04|9.38|9.01|12.02|9.04|6553000|59413852.00|1|0.0000|0.0000|0.0000|0|9.04
集泰股份|002909|1.20|12398154|73282736.00|1.20|3.27|-0.52|5.88|5.88|6.00|5.78|12.40|5.81|11869274|69501288.00|1|0.0000|0.0000|0.0000|0|5.81
庄园牧场|002910|-0.46|4071300|35271196.00|0.92|1.04|-0.46|8.61|8.73|8.74|8.61|4.07|8.65|5818900|50710744.00|1|0.0000|0.0000|0.0000|0|8.65
佛燃能源|002911|-1.75|3355544|37912772.00|-0.70|-0.17|-1.84|11.23|11.35|11.41|11.22|3.36|11.43|4518974|51623884.00|1|0.0000|0.0000|0.0000|0|11.43
中新赛克|002912|1.42|2446140|66369392.00|-0.63|1.83|-0.63|27.21|26.66|27.32|26.66|2.45|26.83|2516600|68049560.00|1|0.0000|0.0000|0.0000|0|26.83
奥士康|002913|1.33|1923958|51174164.00|0.34|2.02|-0.15|26.64|26.38|26.82|26.25|1.92|26.29|1760001|46415792.00|1|0.0000|0.0000|0.0000|0|26.29
中欣氟材|002915|1.24|6416040|84086392.00|0.00|2.56|-0.08|13.07|12.91|13.24|12.90|6.42|12.91|3616400|46795340.00|1|0.0000|0.0000|0.0000|0|12.91
深南电路|002916|0.93|5102077|650927232.00|-0.32|2.21|-0.67|127.57|126.00|129.19|125.55|5.10|126.40|7270019|931027520.00|1|0.0000|0.0000|0.0000|0|126.40
金奥博|002917|1.67|25322364|344678400.00|3.95|7.06|1.37|13.39|13.69|14.10|13.35|25.32|13.17|6556000|86656448.00|1|0.0000|0.0000|0.0000|0|13.17
蒙娜丽莎|002918|3.77|19876202|204575744.00|0.20|3.87|-0.30|10.46|10.10|10.47|10.05|19.88|10.08|14228440|142743104.00|1|0.0000|0.0000|0.0000|0|10.08
名臣健康|002919|1.05|3447100|56410848.00|-0.43|1.92|-0.56|16.32|16.08|16.46|16.06|3.45|16.15|3868280|62637200.00|1|0.0000|0.0000|0.0000|0|16.15
德赛西威|002920|-1.08|3982377|439517568.00|-0.65|0.11|-1.88|110.40|110.88|111.72|109.50|3.98|111.60|2859086|320869184.00|1|0.0000|0.0000|0.0000|0|111.60
联诚精密|002921|2.27|5076359|70719272.00|-0.15|4.40|-0.59|13.94|13.61|14.23|13.55|5.08|13.63|4648455|64030428.00|1|0.0000|0.0000|0.0000|0|13.63
伊戈尔|002922|-1.54|9882780|184574160.00|-0.11|0.00|-1.70|18.54|18.81|18.83|18.51|9.88|18.83|12878302|242181488.00|1|0.0000|0.0000|0.0000|0|18.83
润都股份|002923|10.02|36504331|623298304.00|2.17|10.02|-1.49|17.78|16.51|17.78|15.92|36.50|16.16|23258630|365044192.00|1|0.0000|0.0000|0.0000|0|16.16
盈趣科技|002925|-0.51|5547196|87821696.00|-0.19|2.02|-0.95|15.75|15.80|16.15|15.68|5.55|15.83|8895480|141608016.00|1|0.0000|0.0000|0.0000|0|15.83
华西证券|002926|1.16|18384472|159819584.00|-0.70|1.74|-0.70|8.72|8.56|8.77|8.56|18.38|8.62|27062129|235651136.00|1|0.0000|0.0000|0.0000|0|8.62
泰永长征|002927|-0.48|7948561|116374448.00|-0.27|1.16|-1.02|14.57|14.60|14.81|14.49|7.95|14.64|11456400|167712272.00|1|0.0000|0.0000|0.0000|0|14.64
华夏航空|002928|1.63|7632832|56745408.00|0.27|2.59|-0.27|7.46|7.36|7.53|7.32|7.63|7.34|10427539|77406056.00|1|0.0000|0.0000|0.0000|0|7.34
润建股份|002929|0.40|12520500|670098112.00|-0.49|3.37|-0.49|53.09|52.62|54.66|52.62|12.52|52.88|15913369|840165952.00|1|0.0000|0.0000|0.0000|0|52.88
宏川智慧|002930|-1.18|6299700|69202656.00|0.36|0.54|-1.45|10.93|11.10|11.12|10.90|6.30|11.06|13984880|155069568.00|1|0.0000|0.0000|0.0000|0|11.06
锋龙股份|002931|6.98|7542172|135205184.00|0.06|7.51|0.06|18.24|17.06|18.33|17.06|7.54|17.05|2977116|50080084.00|1|0.0000|0.0000|0.0000|0|17.05
明德生物|002932|0.05|1622095|30583234.00|-0.42|0.42|-0.85|18.89|18.80|18.96|18.72|1.62|18.88|3951953|74390248.00|1|0.0000|0.0000|0.0000|0|18.88
新兴装备|002933|5.47|8654824|287690944.00|0.00|8.46|-0.72|33.55|31.81|34.50|31.58|8.65|31.81|3436400|109795296.00|1|0.0000|0.0000|0.0000|0|31.81
天奥电子|002935|-5.61|26829366|410567072.00|-1.01|-0.38|-5.61|14.97|15.70|15.80|14.97|26.83|15.86|32412929|525958560.00|1|0.0000|0.0000|0.0000|0|15.86
郑州银行|002936|1.04|69650976|135103360.00|0.00|1.04|-0.52|1.95|1.93|1.95|1.92|69.65|1.93|82071803|158605728.00|1|0.0000|0.0000|0.0000|0|1.93
兴瑞科技|002937|0.05|1930430|38116972.00|0.10|1.68|-0.86|19.69|19.70|20.01|19.51|1.93|19.68|2813244|55844728.00|1|0.0000|0.0000|0.0000|0|19.68
鹏鼎控股|002938|2.26|10105365|372230208.00|0.00|2.62|-0.36|37.09|36.27|37.22|36.14|10.11|36.27|7774214|281952608.00|1|0.0000|0.0000|0.0000|0|36.27
长城证券|002939|1.12|22307551|181771952.00|0.12|1.36|-0.12|8.16|8.08|8.18|8.06|22.31|8.07|15491100|125190304.00|1|0.0000|0.0000|0.0000|0|8.07
昂利康|002940|1.49|5693538|81263000.00|0.00|2.70|-0.50|14.30|14.09|14.47|14.02|5.69|14.09|7553283|106965368.00|1|0.0000|0.0000|0.0000|0|14.09
新疆交建|002941|-0.64|2943900|31929644.00|-0.09|0.37|-0.74|10.81|10.87|10.92|10.80|2.94|10.88|4084500|44476404.00|1|0.0000|0.0000|0.0000|0|10.88
新农股份|002942|0.38|1255800|19868790.00|-1.65|1.40|-1.65|15.82|15.50|15.98|15.50|1.26|15.76|2043140|32273602.00|1|0.0000|0.0000|0.0000|0|15.76
宇晶股份|002943|-1.86|11351587|287807904.00|-0.08|3.72|-2.38|24.79|25.24|26.20|24.66|11.35|25.26|8168462|207361152.00|1|0.0000|0.0000|0.0000|0|25.26
华林证券|002945|0.71|16421487|232413344.00|-0.92|1.35|-1.07|14.17|13.94|14.26|13.92|16.42|14.07|38322953|549132032.00|1|0.0000|0.0000|0.0000|0|14.07
新乳业|002946|-0.68|3663781|54331824.00|0.00|1.55|-0.88|14.70|14.80|15.03|14.67|3.66|14.80|4389600|65289932.00|1|0.0000|0.0000|0.0000|0|14.80
恒铭达|002947|-0.68|3853459|147322464.00|-0.08|0.99|-1.15|38.10|38.33|38.74|37.92|3.85|38.36|5553494|214312880.00|1|0.0000|0.0000|0.0000|0|38.36
青岛银行|002948|1.68|36630712|154369632.00|0.00|1.92|-0.24|4.23|4.16|4.24|4.15|36.63|4.16|39521670|164611184.00|1|0.0000|0.0000|0.0000|0|4.16
华阳国际|002949|5.60|4689414|79212488.00|-0.06|5.85|-0.31|17.16|16.24|17.20|16.20|4.69|16.25|1727200|28329842.00|1|0.0000|0.0000|0.0000|0|16.25
奥美医疗|002950|0.11|4696794|43305392.00|-0.54|0.43|-0.98|9.24|9.18|9.27|9.14|4.70|9.23|8203832|75456016.00|1|0.0000|0.0000|0.0000|0|9.23
金时科技|002951|-0.56|308700|2209257.00|0.00|0.84|-1.26|7.12|7.16|7.22|7.07|0.31|7.16|200100|1429462.00|1|0.0000|0.0000|0.0000|0|7.16
亚世光电|002952|0.43|3811858|71424952.00|-1.01|1.71|-1.12|18.80|18.53|19.04|18.51|3.81|18.72|8138436|154452912.00|1|0.0000|0.0000|0.0000|0|18.72
日丰股份|002953|-0.64|6893380|74886304.00|-0.74|0.74|-1.29|10.81|10.80|10.96|10.74|6.89|10.88|7784610|85015536.00|1|0.0000|0.0000|0.0000|0|10.88
鸿合科技|002955|3.18|4561809|113930240.00|-0.04|4.70|-0.83|25.00|24.22|25.37|24.03|4.56|24.23|2726320|66271480.00|1|0.0000|0.0000|0.0000|0|24.23
西麦食品|002956|2.35|4923099|84132720.00|0.00|4.81|-0.60|17.01|16.62|17.42|16.52|4.92|16.62|3904220|64724632.00|1|0.0000|0.0000|0.0000|0|16.62
科瑞技术|002957|0.00|3772800|60664424.00|-0.38|1.31|-0.75|16.00|15.94|16.21|15.88|3.77|16.00|5444000|87630048.00|1|0.0000|0.0000|0.0000|0|16.00
青农商行|002958|1.93|81274014|256318592.00|0.00|2.25|-0.32|3.17|3.11|3.18|3.10|81.27|3.11|64127637|198604864.00|1|0.0000|0.0000|0.0000|0|3.11
小熊电器|002959|1.38|1190546|52472984.00|0.18|1.67|-0.28|44.22|43.70|44.35|43.50|1.19|43.62|1186350|51534700.00|1|0.0000|0.0000|0.0000|0|43.62
青鸟消防|002960|1.16|7737652|94644976.00|0.00|2.24|-0.17|12.22|12.08|12.35|12.06|7.74|12.08|7249136|87514792.00|1|0.0000|0.0000|0.0000|0|12.08
瑞达期货|002961|0.37|14416937|234552448.00|0.00|2.29|-0.68|16.25|16.19|16.56|16.08|14.42|16.19|15763301|253567472.00|1|0.0000|0.0000|0.0000|0|16.19
五方光电|002962|0.44|5634444|90358640.00|-1.00|1.44|-1.00|16.07|15.84|16.23|15.84|5.63|16.00|7384632|119212192.00|1|0.0000|0.0000|0.0000|0|16.00
豪尔赛|002963|-0.18|1470500|16733815.00|0.00|1.32|-0.97|11.32|11.34|11.49|11.23|1.47|11.34|2952700|33602768.00|1|0.0000|0.0000|0.0000|0|11.34
祥鑫科技|002965|2.37|12476400|651281024.00|-0.71|4.34|-0.71|52.17|50.60|53.17|50.60|12.48|50.96|9758232|499764832.00|1|0.0000|0.0000|0.0000|0|50.96
苏州银行|002966|1.01|35133180|281390688.00|0.00|1.13|0.00|8.03|7.95|8.04|7.95|35.13|7.95|37323603|295798496.00|1|0.0000|0.0000|0.0000|0|7.95
广电计量|002967|-2.34|20900571|451383104.00|-1.98|-0.59|-4.82|21.67|21.75|22.06|21.12|20.90|22.19|28567969|627118720.00|1|0.0000|0.0000|0.0000|0|22.19
新大正|002968|0.21|1617426|15330491.00|0.00|1.27|-0.21|9.45|9.43|9.55|9.41|1.62|9.43|2319840|21924744.00|1|0.0000|0.0000|0.0000|0|9.43
嘉美包装|002969|1.17|16240040|55977808.00|0.00|2.35|-0.88|3.45|3.41|3.49|3.38|16.24|3.41|18121500|61471692.00|1|0.0000|0.0000|0.0000|0|3.41
锐明技术|002970|3.62|4827186|274840960.00|0.13|5.11|0.05|57.18|55.25|58.00|55.21|4.83|55.18|4558700|253942768.00|1|0.0000|0.0000|0.0000|0|55.18
和远气体|002971|1.65|11331776|229556592.00|3.05|5.16|-1.75|20.30|20.58|21.00|19.62|11.33|19.97|9884037|196408528.00|1|0.0000|0.0000|0.0000|0|19.97
科安达|002972|-0.62|3114160|35029264.00|-0.53|1.07|-1.07|11.19|11.20|11.38|11.14|3.11|11.26|3972960|44807108.00|1|0.0000|0.0000|0.0000|0|11.26
侨银股份|002973|1.26|2289800|27572336.00|0.84|2.44|-0.25|12.04|11.99|12.18|11.86|2.29|11.89|2961300|35670884.00|1|0.0000|0.0000|0.0000|0|11.89
博杰股份|002975|2.27|4821015|172590896.00|-0.98|5.33|-1.01|35.53|34.40|36.59|34.39|4.82|34.74|2825313|98077200.00|1|0.0000|0.0000|0.0000|0|34.74
瑞玛精密|002976|0.47|1608660|34431152.00|-0.28|1.60|-0.66|21.36|21.20|21.60|21.12|1.61|21.26|1590900|33727448.00|1|0.0000|0.0000|0.0000|0|21.26
天箭科技|002977|-1.38|1058404|28977948.00|-0.22|0.25|-1.63|27.19|27.51|27.64|27.12|1.06|27.57|2525860|68909120.00|1|0.0000|0.0000|0.0000|0|27.57
安宁股份|002978|-1.03|2129294|69848704.00|-0.18|0.67|-1.40|32.60|32.88|33.16|32.48|2.13|32.94|3101021|101961064.00|1|0.0000|0.0000|0.0000|0|32.94
雷赛智能|002979|2.50|13651745|654294464.00|-0.24|4.11|-0.66|47.93|46.65|48.68|46.45|13.65|46.76|13766655|652279552.00|1|0.0000|0.0000|0.0000|0|46.76
华盛昌|002980|0.37|1865200|51015996.00|-0.48|1.29|-1.07|27.31|27.08|27.56|26.92|1.87|27.21|2771855|75443032.00|1|0.0000|0.0000|0.0000|0|27.21
朝阳科技|002981|-1.32|1377760|31083636.00|-0.09|0.31|-1.80|22.42|22.70|22.79|22.31|1.38|22.72|1664100|37811524.00|1|0.0000|0.0000|0.0000|0|22.72
湘佳股份|002982|0.31|5704520|111482720.00|0.16|3.98|-0.67|19.39|19.36|20.10|19.20|5.70|19.33|6011418|115978256.00|1|0.0000|0.0000|0.0000|0|19.33
芯瑞达|002983|-1.00|1382742|24669216.00|-0.73|0.73|-1.45|17.74|17.79|18.05|17.66|1.38|17.92|1356524|24379204.00|1|0.0000|0.0000|0.0000|0|17.92
森麒麟|002984|-0.86|13441053|324063328.00|0.58|0.66|-1.11|24.07|24.42|24.44|24.01|13.44|24.28|9927616|242257520.00|1|0.0000|0.0000|0.0000|0|24.28
北摩高科|002985|-1.74|2882807|70447992.00|-0.28|-0.12|-2.14|24.34|24.70|24.74|24.24|2.88|24.77|4209804|105579688.00|1|0.0000|0.0000|0.0000|0|24.77
宇新股份|002986|-0.99|3251240|36057860.00|-0.18|0.09|-1.25|11.05|11.14|11.17|11.02|3.25|11.16|3533968|39382344.00|1|0.0000|0.0000|0.0000|0|11.16
京北方|002987|0.59|8750891|164427360.00|-0.27|2.64|-0.65|18.68|18.52|19.06|18.45|8.75|18.57|11853679|221943952.00|1|0.0000|0.0000|0.0000|0|18.57
豪美新材|002988|1.57|3339571|80022688.00|0.51|2.29|0.08|24.00|23.75|24.17|23.65|3.34|23.63|3130561|74573600.00|1|0.0000|0.0000|0.0000|0|23.63
中天精装|002989|4.18|14449143|425411360.00|0.00|10.01|-0.95|28.63|27.48|30.23|27.22|14.45|27.48|5625475|151991136.00|1|0.0000|0.0000|0.0000|0|27.48
盛视科技|002990|6.66|7968704|235786784.00|-0.07|7.94|-0.14|29.94|28.05|30.30|28.03|7.97|28.07|2758100|77638560.00|1|0.0000|0.0000|0.0000|0|28.07
甘源食品|002991|-3.46|1981370|148998320.00|-0.74|-0.17|-3.77|74.17|76.26|76.70|73.93|1.98|76.83|2739075|208057632.00|1|0.0000|0.0000|0.0000|0|76.83
宝明科技|002992|-4.00|1790994|131160360.00|0.00|1.50|-4.02|71.60|74.58|75.70|71.58|1.79|74.58|2457503|182342592.00|1|0.0000|0.0000|0.0000|0|74.58
奥海科技|002993|-0.71|1925991|78702496.00|0.51|1.00|-1.10|40.66|41.16|41.36|40.50|1.93|40.95|2609400|107256536.00|1|0.0000|0.0000|0.0000|0|40.95
天地在线|002995|-0.21|1822500|34769864.00|-0.11|1.84|-0.47|18.95|18.97|19.34|18.90|1.82|18.99|2161920|41249832.00|1|0.0000|0.0000|0.0000|0|18.99
顺博合金|002996|-0.15|20895243|140605888.00|-0.75|1.79|-2.09|6.69|6.65|6.82|6.56|20.90|6.70|53330067|349984768.00|1|0.0000|0.0000|0.0000|0|6.70
瑞鹄模具|002997|0.93|5002724|201263584.00|0.00|2.53|-1.25|40.25|39.88|40.89|39.38|5.00|39.88|4414658|176940240.00|1|0.0000|0.0000|0.0000|0|39.88
优彩资源|002998|0.30|4086300|27461104.00|0.00|1.79|-1.34|6.72|6.70|6.82|6.61|4.09|6.70|6089900|40848604.00|1|0.0000|0.0000|0.0000|0|6.70
天禾股份|002999|0.00|3479839|21434176.00|-0.16|1.47|-0.65|6.14|6.13|6.23|6.10|3.48|6.14|4909961|30197334.00|1|0.0000|0.0000|0.0000|0|6.14
劲仔食品|003000|1.14|17062480|213470256.00|0.57|2.76|-0.08|12.46|12.39|12.66|12.31|17.06|12.32|16796953|205412192.00|1|0.0000|0.0000|0.0000|0|12.32
中岩大地|003001|2.89|4342553|151905568.00|1.42|5.66|0.47|34.90|34.40|35.84|34.08|4.34|33.92|6444932|217417088.00|1|0.0000|0.0000|0.0000|0|33.92
壶化股份|003002|0.38|953300|23033700.00|0.88|1.79|-1.50|24.06|24.18|24.40|23.61|0.95|23.97|2678900|63990976.00|1|0.0000|0.0000|0.0000|0|23.97
天元股份|003003|0.81|2755100|27675800.00|0.10|2.11|-0.70|10.01|9.94|10.14|9.86|2.76|9.93|3954300|39421848.00|1|0.0000|0.0000|0.0000|0|9.93
*ST声迅|003004|-0.63|1036899|23193314.00|-0.45|1.43|-1.43|22.19|22.23|22.65|22.01|1.04|22.33|1335900|29930852.00|1|0.0000|0.0000|0.0000|0|22.33
竞业达|003005|0.43|2107290|69254960.00|-0.31|2.12|-0.52|32.74|32.50|33.29|32.43|2.11|32.60|2418000|79701696.00|1|0.0000|0.0000|0.0000|0|32.60
百亚股份|003006|3.89|4961427|124919440.00|0.04|4.88|-0.33|25.35|24.41|25.59|24.32|4.96|24.40|5440170|134832048.00|1|0.0000|0.0000|0.0000|0|24.40
直真科技|003007|0.82|3028200|97595744.00|-0.38|5.22|-0.38|31.87|31.49|33.26|31.49|3.03|31.61|2648400|84300480.00|1|0.0000|0.0000|0.0000|0|31.61
开普检测|003008|1.14|1377256|29248448.00|-0.38|1.95|-0.81|21.28|20.96|21.45|20.87|1.38|21.04|1834960|38690460.00|1|0.0000|0.0000|0.0000|0|21.04
中天火箭|003009|-1.11|921303|34373628.00|-0.21|0.03|-1.35|37.31|37.65|37.74|37.22|0.92|37.73|1243400|46967760.00|1|0.0000|0.0000|0.0000|0|37.73
若羽臣|003010|0.81|3662443|156213280.00|-0.50|3.77|-0.71|42.55|42.00|43.80|41.91|3.66|42.21|4028690|172408976.00|1|0.0000|0.0000|0.0000|0|42.21
海象新材|003011|1.85|2118854|32539736.00|1.12|2.64|-0.99|15.41|15.30|15.53|14.98|2.12|15.13|2175450|33090886.00|1|0.0000|0.0000|0.0000|0|15.13
东鹏控股|003012|1.10|4915885|31667622.00|0.16|1.88|-0.31|6.44|6.38|6.49|6.35|4.92|6.37|4807875|30646982.00|1|0.0000|0.0000|0.0000|0|6.37
地铁设计|003013|-0.55|6215888|100639520.00|-1.96|-0.31|-2.51|16.27|16.04|16.31|15.95|6.22|16.36|14536540|236970544.00|1|0.0000|0.0000|0.0000|0|16.36
日久光电|003015|1.57|72078659|1156890368.00|-2.01|7.79|-3.27|16.17|15.60|17.16|15.40|72.08|15.92|70761261|1142300288.00|1|0.0000|0.0000|0.0000|0|15.92
欣贺股份|003016|1.54|3436300|24885508.00|-0.28|2.53|-0.42|7.23|7.10|7.30|7.09|3.44|7.12|3835400|27408016.00|1|0.0000|0.0000|0.0000|0|7.12
大洋生物|003017|1.17|1100640|23812008.00|0.23|1.92|-0.33|21.65|21.45|21.81|21.33|1.10|21.40|1450559|31126724.00|1|0.0000|0.0000|0.0000|0|21.40
金富科技|003018|1.99|2130900|22719136.00|0.09|2.09|-1.14|10.74|10.54|10.75|10.41|2.13|10.53|3171900|33243668.00|1|0.0000|0.0000|0.0000|0|10.53
宸展光电|003019|7.25|7525299|276139872.00|0.00|8.32|-0.40|37.27|34.75|37.64|34.61|7.53|34.75|2544096|88035080.00|1|0.0000|0.0000|0.0000|0|34.75
立方制药|003020|0.15|1777992|34664380.00|-0.26|1.03|-0.87|19.48|19.40|19.65|19.28|1.78|19.45|2782453|53952992.00|1|0.0000|0.0000|0.0000|0|19.45
兆威机电|003021|0.12|5458340|692748736.00|-0.53|2.16|-1.00|126.70|125.88|129.28|125.28|5.46|126.55|6491551|819495488.00|1|0.0000|0.0000|0.0000|0|126.55
联泓新科|003022|0.20|3634366|55341512.00|-0.40|1.78|-0.66|15.16|15.07|15.40|15.03|3.63|15.13|4058527|61437620.00|1|0.0000|0.0000|0.0000|0|15.13
彩虹集团|003023|1.09|1421600|26349036.00|-0.05|1.68|-0.76|18.62|18.41|18.73|18.28|1.42|18.42|2514540|46298248.00|1|0.0000|0.0000|0.0000|0|18.42
思进智能|003025|3.30|18219021|339006880.00|0.11|3.35|-2.03|18.80|18.22|18.81|17.83|18.22|18.20|10908014|198625744.00|1|0.0000|0.0000|0.0000|0|18.20
中晶科技|003026|-0.64|1510510|44987448.00|0.00|1.31|-1.00|29.69|29.88|30.27|29.58|1.51|29.88|2256020|66989140.00|1|0.0000|0.0000|0.0000|0|29.88
同兴科技|003027|-0.65|1444050|22105432.00|1.24|1.31|-1.04|15.22|15.51|15.52|15.16|1.44|15.32|2144152|32997822.00|1|0.0000|0.0000|0.0000|0|15.32
振邦智能|003028|8.00|7255195|349373504.00|0.22|10.01|-1.42|48.76|45.25|49.67|44.51|7.26|45.15|4095968|187134960.00|1|0.0000|0.0000|0.0000|0|45.15
吉大正元|003029|1.41|3090500|68194440.00|0.00|2.56|-0.50|22.22|21.91|22.47|21.80|3.09|21.91|3708500|81665504.00|1|0.0000|0.0000|0.0000|0|21.91
祖名股份|003030|1.17|1669600|27365672.00|-0.06|2.16|-0.62|16.41|16.21|16.57|16.12|1.67|16.22|2396800|39067408.00|1|0.0000|0.0000|0.0000|0|16.22
中瓷电子|003031|0.57|1347890|62190940.00|0.52|1.86|-0.33|46.01|45.99|46.60|45.60|1.35|45.75|1284000|58889180.00|1|0.0000|0.0000|0.0000|0|45.75
*ST传智|003032|-1.04|5319100|40741456.00|0.13|0.78|-1.17|7.61|7.70|7.75|7.60|5.32|7.69|5319700|40983744.00|1|0.0000|0.0000|0.0000|0|7.69
征和工业|003033|-0.57|2123500|93621368.00|1.48|2.48|-0.89|43.65|44.55|44.99|43.51|2.12|43.90|2843000|126093784.00|1|0.0000|0.0000|0.0000|0|43.90
南网能源|003035|-1.16|9866073|42172260.00|0.23|0.23|-1.39|4.26|4.32|4.32|4.25|9.87|4.31|23155066|99330944.00|1|0.0000|0.0000|0.0000|0|4.31
泰坦股份|003036|2.44|3660249|45881532.00|0.08|3.59|-0.90|12.57|12.28|12.71|12.16|3.66|12.27|2826900|34874240.00|1|0.0000|0.0000|0.0000|0|12.27
三和管桩|003037|-0.65|3738100|22944936.00|0.16|0.49|-0.97|6.12|6.17|6.19|6.10|3.74|6.16|4870700|29976756.00|1|0.0000|0.0000|0.0000|0|6.16
鑫铂股份|003038|4.02|6030824|132158576.00|-0.14|5.06|-0.24|22.00|21.12|22.22|21.10|6.03|21.15|4682740|100553072.00|1|0.0000|0.0000|0.0000|0|21.15
顺控发展|003039|-1.86|9453817|130889064.00|-0.71|0.43|-2.57|13.74|13.90|14.06|13.64|9.45|14.00|12219842|170159200.00|1|0.0000|0.0000|0.0000|0|14.00
楚天龙|003040|1.12|4930730|62647148.00|0.72|2.23|0.00|12.67|12.62|12.81|12.53|4.93|12.53|4775955|60110132.00|1|0.0000|0.0000|0.0000|0|12.53
真爱美家|003041|-0.28|857272|24710298.00|0.21|0.21|-1.49|28.85|28.99|28.99|28.50|0.86|28.93|1514472|43365576.00|1|0.0000|0.0000|0.0000|0|28.93
中农联合|003042|-1.23|2792730|40677604.00|-0.48|0.54|-1.63|14.50|14.61|14.76|14.44|2.79|14.68|5658350|84254888.00|1|0.0000|0.0000|0.0000|0|14.68
华亚智能|003043|5.56|3526200|183225536.00|-0.02|5.93|-0.24|52.55|49.77|52.73|49.66|3.53|49.78|2348300|115772752.00|1|0.0000|0.0000|0.0000|0|49.78
中国广核|003816|-1.89|174997400|639072256.00|-0.54|-0.27|-2.16|3.64|3.69|3.70|3.63|175.00|3.71|173863006|638073024.00|1|0.0000|0.0000|0.0000|0|3.71
特锐德|300001|-0.86|20456387|522974560.00|0.12|0.66|-1.17|25.49|25.74|25.88|25.41|20.46|25.71|50075771|1278655616.00|1|0.0000|0.0000|0.0000|0|25.71
神州泰岳|300002|0.00|40938630|536910400.00|-0.38|1.61|-0.61|13.08|13.03|13.29|13.00|40.94|13.08|49836021|661739072.00|1|0.0000|0.0000|0.0000|0|13.08
乐普医疗|300003|0.17|15196258|180542000.00|-0.08|0.84|-0.76|11.89|11.86|11.97|11.78|15.20|11.87|33392395|396275904.00|1|0.0000|0.0000|0.0000|0|11.87
南风股份|300004|-3.71|42836696|326800512.00|-0.13|0.38|-4.10|7.52|7.80|7.84|7.49|42.84|7.81|69762356|535316000.00|1|0.0000|0.0000|0.0000|0|7.81
探路者|300005|10.57|123896140|1082311424.00|0.13|19.97|-0.39|8.58|7.77|9.31|7.73|123.90|7.76|13610950|105987568.00|1|0.0000|0.0000|0.0000|0|7.76
莱美药业|300006|-0.28|14263800|50425024.00|0.85|1.70|-1.13|3.52|3.56|3.59|3.49|14.26|3.53|30519280|108792080.00|1|0.0000|0.0000|0.0000|0|3.53
汉威科技|300007|1.06|21847107|821599744.00|0.65|3.84|0.65|37.35|37.20|38.38|37.20|21.85|36.96|27279863|1013554368.00|1|0.0000|0.0000|0.0000|0|36.96
天海防务|300008|-2.01|146452303|860453824.00|0.67|1.51|-3.02|5.84|6.00|6.05|5.78|146.45|5.96|202353672|1221082112.00|1|0.0000|0.0000|0.0000|0|5.96
安科生物|300009|-1.70|14623424|127899944.00|-0.23|0.11|-1.81|8.68|8.81|8.84|8.67|14.62|8.83|30765970|271850784.00|1|0.0000|0.0000|0.0000|0|8.83
豆神教育|300010|-2.03|50822800|396822016.00|-0.64|0.76|-2.16|7.71|7.82|7.93|7.70|50.82|7.87|56797724|447824864.00|1|0.0000|0.0000|0.0000|0|7.87
鼎汉技术|300011|2.91|12574404|101975488.00|0.51|3.92|-0.38|8.14|7.95|8.22|7.88|12.57|7.91|12608060|101261264.00|1|0.0000|0.0000|0.0000|0|7.91
华测检测|300012|-1.15|16860242|218464256.00|-0.38|0.08|-1.61|12.91|13.01|13.07|12.85|16.86|13.06|24734237|323400384.00|1|0.0000|0.0000|0.0000|0|13.06
新宁物流|300013|1.38|10890150|39938168.00|0.00|2.20|-0.28|3.68|3.63|3.71|3.62|10.89|3.63|7428665|26622358.00|1|0.0000|0.0000|0.0000|0|3.63
亿纬锂能|300014|-1.38|14776586|689554048.00|-0.06|0.23|-1.91|46.53|47.15|47.29|46.28|14.78|47.18|11887441|560124416.00|1|0.0000|0.0000|0.0000|0|47.18
爱尔眼科|300015|-0.60|39348069|523156672.00|-0.07|0.45|-1.05|13.26|13.33|13.40|13.20|39.35|13.34|59248573|798384768.00|1|0.0000|0.0000|0.0000|0|13.34
北陆药业|300016|-0.14|10988400|77724592.00|-0.71|0.99|-0.71|7.05|7.01|7.13|7.01|10.99|7.06|18534400|131189432.00|1|0.0000|0.0000|0.0000|0|7.06
网宿科技|300017|1.34|59034678|710014912.00|-0.08|1.60|-0.67|12.07|11.90|12.10|11.83|59.03|11.91|60203770|722153920.00|1|0.0000|0.0000|0.0000|0|11.91
中元股份|300018|0.28|8894400|63995768.00|0.14|2.10|-0.28|7.16|7.15|7.29|7.12|8.89|7.14|13238000|94960192.00|1|0.0000|0.0000|0.0000|0|7.14
硅宝科技|300019|-0.78|10679100|190411568.00|-1.83|0.17|-2.11|17.85|17.66|18.02|17.61|10.68|17.99|18698202|334698048.00|1|0.0000|0.0000|0.0000|0|17.99
ST银江|300020|-2.97|18874333|62288568.00|-0.30|0.00|-3.56|3.27|3.36|3.37|3.25|18.87|3.37|24252284|82216360.00|1|0.0000|0.0000|0.0000|0|3.37
大禹节水|300021|-2.84|25210302|113226520.00|-0.44|0.00|-2.84|4.45|4.56|4.58|4.45|25.21|4.58|44926905|204395920.00|1|0.0000|0.0000|0.0000|0|4.58
吉峰科技|300022|4.20|17662548|122226904.00|-0.60|6.01|-0.90|6.94|6.62|7.06|6.60|17.66|6.66|11951619|80902496.00|1|0.0000|0.0000|0.0000|0|6.66
机器人|300024|1.30|24118230|431851776.00|-0.56|2.15|-0.56|17.94|17.61|18.09|17.61|24.12|17.71|20782800|370695008.00|1|0.0000|0.0000|0.0000|0|17.71
华星创业|300025|0.97|19590779|143567264.00|2.09|4.17|0.00|7.26|7.34|7.49|7.19|19.59|7.19|20182586|142491536.00|1|0.0000|0.0000|0.0000|0|7.19
红日药业|300026|-1.64|44614500|160899968.00|-0.82|-0.27|-1.91|3.60|3.63|3.65|3.59|44.61|3.66|78868749|289295040.00|1|0.0000|0.0000|0.0000|0|3.66
华谊兄弟|300027|1.23|53474910|131844472.00|0.00|2.47|-0.41|2.46|2.43|2.49|2.42|53.47|2.43|49333283|121069664.00|1|0.0000|0.0000|0.0000|0|2.43
*ST天龙|300029|-0.40|1804400|8957315.00|-0.20|0.40|-1.61|4.96|4.97|5.00|4.90|1.80|4.98|4656100|23368858.00|1|0.0000|0.0000|0.0000|0|4.98
阳普医疗|300030|0.17|5473500|31889224.00|-0.34|1.72|-1.03|5.81|5.78|5.90|5.74|5.47|5.80|9944410|58558048.00|1|0.0000|0.0000|0.0000|0|5.80
宝通科技|300031|0.49|15193622|409026016.00|0.04|1.76|-0.22|26.85|26.73|27.19|26.66|15.19|26.72|18946712|509996544.00|1|0.0000|0.0000|0.0000|0|26.72
金龙机电|300032|-0.90|12898100|57253080.00|-0.45|1.12|-1.35|4.41|4.43|4.50|4.39|12.90|4.45|13472900|60486824.00|1|0.0000|0.0000|0.0000|0|4.45
同花顺|300033|2.37|7158618|1994327808.00|0.54|2.63|-0.07|279.97|274.99|280.70|273.30|7.16|273.50|11268050|3136133632.00|1|0.0000|0.0000|0.0000|0|273.50
钢研高纳|300034|-2.10|16467857|269846112.00|0.06|0.66|-3.17|16.35|16.71|16.81|16.17|16.47|16.70|19560377|327148800.00|1|0.0000|0.0000|0.0000|0|16.70
中科电气|300035|0.55|16780200|275009792.00|-0.12|2.28|-0.55|16.31|16.20|16.59|16.13|16.78|16.22|20012651|326759904.00|1|0.0000|0.0000|0.0000|0|16.22
超图软件|300036|-0.88|7695293|122036744.00|0.00|0.82|-1.19|15.77|15.91|16.04|15.72|7.70|15.91|6152910|98682240.00|1|0.0000|0.0000|0.0000|0|15.91
新宙邦|300037|0.93|6069103|203555584.00|0.00|1.89|-0.69|33.64|33.33|33.96|33.10|6.07|33.33|5459627|182467904.00|1|0.0000|0.0000|0.0000|0|33.33
上海凯宝|300039|-0.30|48895056|326024992.00|-0.75|1.35|-1.50|6.65|6.62|6.76|6.57|48.90|6.67|92236982|620659904.00|1|0.0000|0.0000|0.0000|0|6.67
九洲集团|300040|-3.47|41833489|280424096.00|-1.73|-1.45|-4.19|6.68|6.80|6.82|6.63|41.83|6.92|62102130|423679456.00|1|0.0000|0.0000|0.0000|0|6.92
回天新材|300041|-2.56|25152168|233681328.00|-0.64|1.07|-2.77|9.14|9.32|9.48|9.12|25.15|9.38|33701280|316416448.00|1|0.0000|0.0000|0.0000|0|9.38
朗科科技|300042|5.96|25121281|676504768.00|0.39|6.66|-0.35|27.22|25.79|27.40|25.60|25.12|25.69|14861000|389776032.00|1|0.0000|0.0000|0.0000|0|25.69
星辉娱乐|300043|1.08|23289920|86809328.00|0.00|2.17|-0.54|3.73|3.69|3.77|3.67|23.29|3.69|20247200|75505848.00|1|0.0000|0.0000|0.0000|0|3.69
ST赛为|300044|4.82|56109993|363745216.00|-0.32|6.91|-0.64|6.52|6.20|6.65|6.18|56.11|6.22|24998240|156730624.00|1|0.0000|0.0000|0.0000|0|6.22
华力创通|300045|-1.34|8503787|164012704.00|-0.72|0.36|-1.44|19.14|19.26|19.47|19.12|8.50|19.40|13887106|267622416.00|1|0.0000|0.0000|0.0000|0|19.40
台基股份|300046|-0.10|4435243|134340016.00|-0.69|0.96|-0.69|30.27|30.09|30.59|30.09|4.44|30.30|5292717|160584096.00|1|0.0000|0.0000|0.0000|0|30.30
天源迪科|300047|0.23|17646200|228891488.00|-0.54|1.47|-0.78|12.93|12.83|13.09|12.80|17.65|12.90|26850983|350246272.00|1|0.0000|0.0000|0.0000|0|12.90
合康新能|300048|-0.54|30631006|170170688.00|-0.36|1.98|-2.16|5.52|5.53|5.66|5.43|30.63|5.55|51593373|286004672.00|1|0.0000|0.0000|0.0000|0|5.55
福瑞医科|300049|0.24|2831200|94607520.00|0.33|1.65|-0.54|33.37|33.40|33.84|33.11|2.83|33.29|6635800|222192464.00|1|0.0000|0.0000|0.0000|0|33.29
世纪鼎利|300050|0.56|11083700|59572136.00|0.00|2.81|-0.94|5.37|5.34|5.49|5.29|11.08|5.34|10259663|55103068.00|1|0.0000|0.0000|0.0000|0|5.34
琏升科技|300051|0.48|3802359|23935438.00|0.64|1.93|-0.64|6.26|6.27|6.35|6.19|3.80|6.23|4660968|29302474.00|1|0.0000|0.0000|0.0000|0|6.23
ST中青宝|300052|-1.88|11089502|122237792.00|-0.90|0.09|-1.97|10.94|11.05|11.16|10.93|11.09|11.15|16800298|186248480.00|1|0.0000|0.0000|0.0000|0|11.15
航宇微|300053|-0.92|8734600|113087472.00|0.62|0.69|-1.23|12.87|13.07|13.08|12.83|8.73|12.99|11901853|154833392.00|1|0.0000|0.0000|0.0000|0|12.99
鼎龙股份|300054|-2.10|21136880|602481664.00|-0.96|0.28|-3.16|28.46|28.79|29.15|28.15|21.14|29.07|27873674|806643712.00|1|0.0000|0.0000|0.0000|0|29.07
万邦达|300055|-0.77|7819488|40838248.00|-0.77|1.72|-1.15|5.18|5.18|5.31|5.16|7.82|5.22|9599780|49850076.00|1|0.0000|0.0000|0.0000|0|5.22
中创环保|300056|0.07|7449600|104329208.00|0.15|3.64|-1.16|13.76|13.77|14.25|13.59|7.45|13.75|7800019|106625144.00|1|0.0000|0.0000|0.0000|0|13.75
万顺新材|300057|-0.60|8495700|42113240.00|0.00|1.01|-1.01|4.93|4.96|5.01|4.91|8.50|4.96|9917405|49353816.00|1|0.0000|0.0000|0.0000|0|4.96
蓝色光标|300058|0.33|66889499|618292864.00|0.00|1.63|-0.33|9.21|9.18|9.33|9.15|66.89|9.18|103375468|961434624.00|1|0.0000|0.0000|0.0000|0|9.18
东方财富|300059|1.08|223695421|5025251840.00|0.00|2.03|-0.23|22.44|22.20|22.65|22.15|223.70|22.20|297950453|6675487232.00|1|0.0000|0.0000|0.0000|0|22.20
旗天科技|300061|2.02|12057360|145070544.00|-0.59|2.19|-0.59|12.11|11.80|12.13|11.80|12.06|11.87|10676900|128064272.00|1|0.0000|0.0000|0.0000|0|11.87
中能电气|300062|-0.93|7033580|38044836.00|0.19|1.48|-0.93|5.35|5.41|5.48|5.35|7.03|5.40|10012780|54532308.00|1|0.0000|0.0000|0.0000|0|5.40
天龙集团|300063|2.26|40910200|387368256.00|-0.54|3.23|-0.86|9.51|9.25|9.60|9.22|40.91|9.30|29932950|279225536.00|1|0.0000|0.0000|0.0000|0|9.30
海兰信|300065|-1.69|89959296|1377910784.00|1.17|2.60|-2.21|15.10|15.54|15.76|15.02|89.96|15.36|115762638|1816662912.00|1|0.0000|0.0000|0.0000|0|15.36
三川智慧|300066|0.00|6706700|28143772.00|-0.48|1.44|-0.72|4.18|4.16|4.24|4.15|6.71|4.18|10656000|44706336.00|1|0.0000|0.0000|0.0000|0|4.18
安诺其|300067|-0.71|66977183|376327296.00|-0.36|2.14|-1.78|5.58|5.60|5.74|5.52|66.98|5.62|97716744|559466944.00|1|0.0000|0.0000|0.0000|0|5.62
南都电源|300068|0.00|21128407|357197536.00|-0.24|1.25|-0.83|16.84|16.80|17.05|16.70|21.13|16.84|29906955|506059232.00|1|0.0000|0.0000|0.0000|0|16.84
金利华电|300069|-0.42|1433200|23800016.00|0.12|1.33|-0.72|16.50|16.59|16.79|16.45|1.43|16.57|2528300|42029136.00|1|0.0000|0.0000|0.0000|0|16.57
碧水源|300070|-0.85|18642594|87841328.00|-0.42|0.42|-1.06|4.69|4.71|4.75|4.68|18.64|4.73|20237678|95633040.00|1|0.0000|0.0000|0.0000|0|4.73
福石控股|300071|0.58|26680260|138960672.00|0.78|2.92|0.00|5.17|5.18|5.29|5.14|26.68|5.14|39678100|207846800.00|1|0.0000|0.0000|0.0000|0|5.14
海新能科|300072|-1.88|13277340|41957344.00|-0.63|0.00|-1.88|3.14|3.18|3.20|3.14|13.28|3.20|11075113|35593528.00|1|0.0000|0.0000|0.0000|0|3.20
当升科技|300073|0.86|8809700|365729920.00|-0.29|3.11|-0.34|41.20|40.73|42.12|40.71|8.81|40.85|9108605|373877024.00|1|0.0000|0.0000|0.0000|0|40.85
华平股份|300074|-0.22|9590900|43691448.00|-0.66|1.32|-0.88|4.53|4.51|4.60|4.50|9.59|4.54|14327900|65509688.00|1|0.0000|0.0000|0.0000|0|4.54
数字政通|300075|0.81|9923670|173599520.00|-0.12|1.97|-0.46|17.44|17.28|17.64|17.22|9.92|17.30|11687924|204143344.00|1|0.0000|0.0000|0.0000|0|17.30
GQY视讯|300076|0.55|15151300|112107432.00|0.00|2.46|-1.23|7.36|7.32|7.50|7.23|15.15|7.32|13836400|102973744.00|1|0.0000|0.0000|0.0000|0|7.32
国民技术|300077|0.25|11528799|272860064.00|-0.42|1.27|-0.55|23.64|23.48|23.88|23.45|11.53|23.58|16655837|395690080.00|1|0.0000|0.0000|0.0000|0|23.58
思创医惠|300078|-1.70|34846720|121843816.00|-1.42|0.57|-1.98|3.47|3.48|3.55|3.46|34.85|3.53|50586430|181412656.00|1|0.0000|0.0000|0.0000|0|3.53
数码视讯|300079|0.56|13653186|73800368.00|0.00|1.30|-0.37|5.40|5.37|5.44|5.35|13.65|5.37|19301364|104504864.00|1|0.0000|0.0000|0.0000|0|5.37
易成新能|300080|-0.78|8415880|32110130.00|-0.26|0.78|-1.04|3.80|3.82|3.86|3.79|8.42|3.83|12117218|46289156.00|1|0.0000|0.0000|0.0000|0|3.83
恒信东方|300081|-0.15|14861400|103037920.00|-0.87|2.03|-0.87|6.88|6.83|7.03|6.83|14.86|6.89|21422200|150218160.00|1|0.0000|0.0000|0.0000|0|6.89
奥克股份|300082|-1.42|8511439|53881904.00|-0.16|1.42|-1.73|6.27|6.35|6.45|6.25|8.51|6.36|14412464|91263208.00|1|0.0000|0.0000|0.0000|0|6.36
创世纪|300083|2.03|103198577|939132608.00|0.68|4.86|-0.45|9.03|8.91|9.28|8.81|103.20|8.85|72414900|648957376.00|1|0.0000|0.0000|0.0000|0|8.85
海默科技|300084|-5.34|62385917|473182336.00|0.00|1.27|-6.23|7.45|7.87|7.97|7.38|62.39|7.87|76526806|610189120.00|1|0.0000|0.0000|0.0000|0|7.87
银之杰|300085|1.19|22182287|770220928.00|-0.99|2.39|-1.08|34.79|34.04|35.20|34.01|22.18|34.38|41409364|1456519168.00|1|0.0000|0.0000|0.0000|0|34.38
康芝药业|300086|0.00|16042700|82084992.00|0.00|1.37|-1.37|5.12|5.12|5.19|5.05|16.04|5.12|30112800|153791008.00|1|0.0000|0.0000|0.0000|0|5.12
荃银高科|300087|0.85|14018458|131948648.00|-0.32|1.71|-0.85|9.45|9.34|9.53|9.29|14.02|9.37|9985106|93296760.00|1|0.0000|0.0000|0.0000|0|9.37
长信科技|300088|-0.16|23004773|141985216.00|0.00|0.81|-0.32|6.16|6.17|6.22|6.15|23.00|6.17|25043336|155555392.00|1|0.0000|0.0000|0.0000|0|6.17
金通灵|300091|-2.19|66123888|175754480.00|-1.46|-0.36|-4.38|2.68|2.70|2.73|2.62|66.12|2.74|82852923|225198272.00|1|0.0000|0.0000|0.0000|0|2.74
科新机电|300092|-2.21|12731250|164418736.00|-0.30|-0.15|-2.74|12.84|13.09|13.11|12.77|12.73|13.13|20025765|261642224.00|1|0.0000|0.0000|0.0000|0|13.13
*ST金刚|300093|-2.20|9723500|96033568.00|-0.40|0.90|-2.90|9.78|9.96|10.09|9.71|9.72|10.00|16381261|166119808.00|1|0.0000|0.0000|0.0000|0|10.00
国联水产|300094|-1.97|23511110|82824880.00|-0.56|0.00|-1.97|3.49|3.54|3.56|3.49|23.51|3.56|27897720|98946352.00|1|0.0000|0.0000|0.0000|0|3.56
华伍股份|300095|0.73|11504400|80071264.00|0.29|3.20|-1.74|6.93|6.90|7.10|6.76|11.50|6.88|12834600|89280152.00|1|0.0000|0.0000|0.0000|0|6.88
ST易联众|300096|5.66|20259900|88969000.00|0.94|5.90|0.47|4.48|4.28|4.49|4.26|20.26|4.24|33809700|148104336.00|1|0.0000|0.0000|0.0000|0|4.24
ST智云|300097|0.43|4656200|21643664.00|-0.22|0.65|-0.65|4.66|4.63|4.67|4.61|4.66|4.64|6742778|31279962.00|1|0.0000|0.0000|0.0000|0|4.64
高新兴|300098|0.38|21993900|115547480.00|0.58|1.73|0.38|5.22|5.23|5.29|5.22|21.99|5.20|27731100|144893744.00|1|0.0000|0.0000|0.0000|0|5.20
尤洛卡|300099|0.75|9902408|66160084.00|-0.45|1.81|-0.90|6.69|6.61|6.76|6.58|9.90|6.64|12686488|84404120.00|1|0.0000|0.0000|0.0000|0|6.64
双林股份|300100|7.03|55241340|3621842432.00|1.48|10.23|-0.07|65.80|62.39|67.77|61.44|55.24|61.48|42515743|2626210560.00|1|0.0000|0.0000|0.0000|0|61.48
振芯科技|300101|-0.55|7923383|143897824.00|-0.22|0.77|-1.15|18.14|18.20|18.38|18.03|7.92|18.24|11758766|215108080.00|1|0.0000|0.0000|0.0000|0|18.24
乾照光电|300102|-1.11|20793100|240772096.00|-0.09|-0.09|-1.80|11.56|11.68|11.68|11.48|20.79|11.69|31653000|361806048.00|1|0.0000|0.0000|0.0000|0|11.69
达刚控股|300103|-1.47|3323450|20209524.00|0.82|0.82|-1.96|6.04|6.18|6.18|6.01|3.32|6.13|5007950|30839052.00|1|0.0000|0.0000|0.0000|0|6.13
龙源技术|300105|-0.70|8103349|57284380.00|-0.42|0.42|-1.55|7.06|7.08|7.14|7.00|8.10|7.11|11867784|84547832.00|1|0.0000|0.0000|0.0000|0|7.11
西部牧业|300106|-0.64|9970600|93501624.00|0.11|1.49|-0.85|9.32|9.39|9.52|9.30|9.97|9.38|8842200|83099784.00|1|0.0000|0.0000|0.0000|0|9.38
建新股份|300107|-0.47|4821111|41417932.00|-0.35|1.05|-0.93|8.56|8.57|8.69|8.52|4.82|8.60|5565699|48037036.00|1|0.0000|0.0000|0.0000|0|8.60
新开源|300109|-2.64|14625025|249601008.00|-0.92|-0.46|-3.21|16.97|17.27|17.35|16.87|14.63|17.43|25309273|440649408.00|1|0.0000|0.0000|0.0000|0|17.43
华仁药业|300110|-0.93|15528200|49494556.00|0.00|0.62|-1.56|3.18|3.21|3.23|3.16|15.53|3.21|33595988|107861048.00|1|0.0000|0.0000|0.0000|0|3.21
向日葵|300111|-0.33|14009800|42440088.00|-0.33|0.66|-1.32|3.03|3.03|3.06|3.00|14.01|3.04|23480444|71281224.00|1|0.0000|0.0000|0.0000|0|3.04
万讯自控|300112|0.69|4209999|37238364.00|-0.46|2.52|-0.80|8.80|8.70|8.96|8.67|4.21|8.74|5116600|45197200.00|1|0.0000|0.0000|0.0000|0|8.74
顺网科技|300113|0.21|14746741|289642656.00|0.00|2.20|-0.67|19.55|19.51|19.94|19.38|14.75|19.51|20699460|407871648.00|1|0.0000|0.0000|0.0000|0|19.51
长盈精密|300115|2.12|57090516|1426650624.00|0.41|3.31|0.41|25.01|24.59|25.30|24.59|57.09|24.49|46580357|1156274816.00|1|0.0000|0.0000|0.0000|0|24.49
东方日升|300118|-1.22|9749500|103612800.00|-0.19|0.94|-1.31|10.54|10.65|10.77|10.53|9.75|10.67|11898016|127476504.00|1|0.0000|0.0000|0.0000|0|10.67
瑞普生物|300119|-0.83|4268200|77000400.00|0.00|1.38|-1.22|17.92|18.07|18.32|17.85|4.27|18.07|10060218|183721328.00|1|0.0000|0.0000|0.0000|0|18.07
经纬辉开|300120|-0.23|6652800|57389572.00|0.46|0.58|-0.58|8.60|8.66|8.67|8.57|6.65|8.62|10279800|88863776.00|1|0.0000|0.0000|0.0000|0|8.62
阳谷华泰|300121|-0.92|7368756|87393120.00|-0.42|0.92|-1.09|11.79|11.85|12.01|11.77|7.37|11.90|8655422|103055216.00|1|0.0000|0.0000|0.0000|0|11.90
智飞生物|300122|-1.49|20138119|508145696.00|-0.55|0.59|-1.80|25.12|25.36|25.65|25.04|20.14|25.50|50966324|1297044096.00|1|0.0000|0.0000|0.0000|0|25.50
亚光科技|300123|-1.67|21320680|126434416.00|0.00|0.00|-2.17|5.90|6.00|6.00|5.87|21.32|6.00|22895500|138907376.00|1|0.0000|0.0000|0.0000|0|6.00
汇川技术|300124|1.45|14760583|1005886336.00|-0.24|1.89|-0.46|68.69|67.55|68.99|67.40|14.76|67.71|13241688|896360768.00|1|0.0000|0.0000|0.0000|0|67.71
*ST聆达|300125|0.11|22686988|200859984.00|0.00|4.32|-2.84|8.81|8.80|9.18|8.55|22.69|8.80|29919987|253929248.00|1|0.0000|0.0000|0.0000|0|8.80
锐奇股份|300126|-1.48|5071000|33914896.00|-0.15|0.74|-1.78|6.65|6.74|6.80|6.63|5.07|6.75|9249400|61833512.00|1|0.0000|0.0000|0.0000|0|6.75
银河磁体|300127|-0.29|5554100|133280776.00|-0.08|1.92|-0.88|23.85|23.90|24.38|23.71|5.55|23.92|9347800|223452016.00|1|0.0000|0.0000|0.0000|0|23.92
锦富技术|300128|-0.34|28660000|167893888.00|0.00|2.40|-0.86|5.81|5.83|5.97|5.78|28.66|5.83|43511700|258705264.00|1|0.0000|0.0000|0.0000|0|5.83
泰胜风能|300129|-0.27|12323400|89760568.00|-0.55|1.37|-1.37|7.26|7.24|7.38|7.18|12.32|7.28|12029000|87586368.00|1|0.0000|0.0000|0.0000|0|7.28
新国都|300130|5.16|26975374|568328384.00|0.45|8.66|-0.05|21.00|20.06|21.70|19.96|26.98|19.97|8634988|174235728.00|1|0.0000|0.0000|0.0000|0|19.97
英唐智控|300131|0.25|17749737|141235024.00|-0.38|2.03|-0.38|7.90|7.85|8.04|7.85|17.75|7.88|16539401|130581288.00|1|0.0000|0.0000|0.0000|0|7.88
青松股份|300132|0.55|13072800|72276552.00|0.00|2.93|-1.65|5.50|5.47|5.63|5.38|13.07|5.47|12262194|67061064.00|1|0.0000|0.0000|0.0000|0|5.47
华策影视|300133|0.13|48598360|362677408.00|-0.94|2.02|-1.21|7.43|7.35|7.57|7.33|48.60|7.42|87623036|656921472.00|1|0.0000|0.0000|0.0000|0|7.42
大富科技|300134|1.19|16806700|202235424.00|0.68|3.99|0.59|11.93|11.87|12.26|11.86|16.81|11.79|13090828|156382592.00|1|0.0000|0.0000|0.0000|0|11.79
宝利国际|300135|-0.50|9829700|39587944.00|-0.74|0.74|-0.99|4.01|4.00|4.06|3.99|9.83|4.03|12000700|48627392.00|1|0.0000|0.0000|0.0000|0|4.03
信维通信|300136|1.15|17076261|408407264.00|0.08|2.46|-0.34|23.85|23.60|24.16|23.50|17.08|23.58|15377014|364700480.00|1|0.0000|0.0000|0.0000|0|23.58
先河环保|300137|0.00|2035340|13086278.00|0.31|1.25|-0.31|6.41|6.43|6.49|6.39|2.04|6.41|2430249|15568339.00|1|0.0000|0.0000|0.0000|0|6.41
晨光生物|300138|3.04|14821022|146374528.00|-0.31|5.56|-0.31|9.82|9.50|10.06|9.50|14.82|9.53|6119200|58350932.00|1|0.0000|0.0000|0.0000|0|9.53
晓程科技|300139|-3.78|38583334|681876416.00|1.17|1.89|-4.28|17.32|18.21|18.34|17.23|38.58|18.00|52400173|961159744.00|1|0.0000|0.0000|0.0000|0|18.00
节能环境|300140|-1.02|7206013|42448108.00|0.00|0.85|-1.19|5.84|5.90|5.95|5.83|7.21|5.90|10396100|61381824.00|1|0.0000|0.0000|0.0000|0|5.90
和顺电气|300141|-0.35|3424600|29726996.00|0.00|1.39|-1.04|8.63|8.66|8.78|8.57|3.42|8.66|4817950|41882528.00|1|0.0000|0.0000|0.0000|0|8.66
沃森生物|300142|-1.20|20668640|239336048.00|-0.68|0.17|-1.54|11.54|11.60|11.70|11.50|20.67|11.68|48827658|569999872.00|1|0.0000|0.0000|0.0000|0|11.68
盈康生命|300143|-0.38|10322990|107600184.00|-0.67|2.31|-1.44|10.36|10.33|10.64|10.25|10.32|10.40|13307300|139441488.00|1|0.0000|0.0000|0.0000|0|10.40
宋城演艺|300144|0.64|27008133|253019536.00|-0.32|1.40|-0.86|9.37|9.28|9.44|9.23|27.01|9.31|31631214|294674944.00|1|0.0000|0.0000|0.0000|0|9.31
南方泵业|300145|0.77|34202100|134450288.00|0.26|2.31|-0.26|3.92|3.90|3.98|3.88|34.20|3.89|35261520|137713952.00|1|0.0000|0.0000|0.0000|0|3.89
汤臣倍健|300146|-0.59|5965900|69910752.00|-0.17|0.00|-0.76|11.70|11.75|11.77|11.68|5.97|11.77|8720300|102587360.00|1|0.0000|0.0000|0.0000|0|11.77
ST香雪|300147|-0.85|24045139|141866800.00|-0.68|2.04|-1.70|5.84|5.85|6.01|5.79|24.05|5.89|42115675|253636720.00|1|0.0000|0.0000|0.0000|0|5.89
天舟文化|300148|1.38|33117569|147228576.00|0.00|4.13|-0.69|4.42|4.36|4.54|4.33|33.12|4.36|31733800|140263600.00|1|0.0000|0.0000|0.0000|0|4.36
睿智医药|300149|-3.19|33458440|225860544.00|-1.30|0.00|-3.91|6.68|6.81|6.90|6.63|33.46|6.90|50439222|343187232.00|1|0.0000|0.0000|0.0000|0|6.90
世纪瑞尔|300150|0.65|6663500|31143656.00|0.22|1.94|0.00|4.66|4.64|4.72|4.63|6.66|4.63|9278700|43362312.00|1|0.0000|0.0000|0.0000|0|4.63
昌红科技|300151|-0.91|4560800|69661368.00|-0.46|0.52|-0.98|15.18|15.25|15.40|15.17|4.56|15.32|6922700|106379760.00|1|0.0000|0.0000|0.0000|0|15.32
ST新动力|300152|-1.02|16584900|64849688.00|0.51|1.02|-1.78|3.89|3.95|3.97|3.86|16.58|3.93|21549500|85301744.00|1|0.0000|0.0000|0.0000|0|3.93
科泰电源|300153|-0.66|35922000|1420778752.00|-1.93|2.90|-2.18|39.10|38.60|40.50|38.50|35.92|39.36|42565071|1677300480.00|1|0.0000|0.0000|0.0000|0|39.36
瑞凌股份|300154|0.74|8737670|95095264.00|-0.37|1.85|-2.40|10.92|10.80|11.04|10.58|8.74|10.84|13027470|143433520.00|1|0.0000|0.0000|0.0000|0|10.84
安居宝|300155|0.00|4780283|21722292.00|0.00|1.32|-0.44|4.53|4.53|4.59|4.51|4.78|4.53|6885500|31523204.00|1|0.0000|0.0000|0.0000|0|4.53
新锦动力|300157|-1.93|22099800|67985128.00|0.00|0.64|-2.89|3.05|3.11|3.13|3.02|22.10|3.11|33666000|106341056.00|1|0.0000|0.0000|0.0000|0|3.11
振东制药|300158|-0.97|20868458|85936192.00|0.24|0.97|-1.45|4.10|4.15|4.18|4.08|20.87|4.14|43117596|178818496.00|1|0.0000|0.0000|0.0000|0|4.14
*ST新研|300159|-4.35|81957100|145605040.00|-0.54|0.00|-5.43|1.76|1.83|1.84|1.74|81.96|1.84|53650582|99649688.00|1|0.0000|0.0000|0.0000|0|1.84
秀强股份|300160|0.55|10135503|56112928.00|-0.36|2.37|-0.73|5.51|5.46|5.61|5.44|10.14|5.48|14023761|77289584.00|1|0.0000|0.0000|0.0000|0|5.48
华中数控|300161|0.94|4333600|131429904.00|0.27|3.30|-0.64|30.00|29.80|30.70|29.53|4.33|29.72|3991100|119416216.00|1|0.0000|0.0000|0.0000|0|29.72
雷曼光电|300162|-1.29|6799500|47237720.00|-0.57|0.57|-1.58|6.89|6.94|7.02|6.87|6.80|6.98|8071120|56584392.00|1|0.0000|0.0000|0.0000|0|6.98
先锋新材|300163|5.02|12719700|38953064.00|0.33|5.02|-0.67|3.14|3.00|3.14|2.97|12.72|2.99|8404100|25259768.00|1|0.0000|0.0000|0.0000|0|2.99
通源石油|300164|-4.37|81326856|358553504.00|-1.53|-0.22|-4.80|4.38|4.51|4.57|4.36|81.33|4.58|125646900|585275072.00|1|0.0000|0.0000|0.0000|0|4.58
ST天瑞|300165|0.95|8506820|26993664.00|0.00|1.90|-0.95|3.19|3.16|3.22|3.13|8.51|3.16|6354200|20021778.00|1|0.0000|0.0000|0.0000|0|3.16
东方国信|300166|0.09|23460458|256280912.00|-0.65|2.03|-0.92|10.86|10.78|11.07|10.75|23.46|10.85|28144700|308066016.00|1|0.0000|0.0000|0.0000|0|10.85
ST迪威迅|300167|-3.02|22025500|84519680.00|-0.50|0.00|-5.29|3.85|3.95|3.97|3.76|22.03|3.97|22297275|88014976.00|1|0.0000|0.0000|0.0000|0|3.97
万达信息|300168|0.25|13893603|113282872.00|-0.37|1.35|-0.62|8.15|8.10|8.24|8.08|13.89|8.13|26840903|219067408.00|1|0.0000|0.0000|0.0000|0|8.13
天晟新材|300169|0.60|6996600|47126784.00|-0.15|1.79|-0.75|6.73|6.68|6.81|6.64|7.00|6.69|9646700|65331528.00|1|0.0000|0.0000|0.0000|0|6.69
汉得信息|300170|-1.46|52311002|992763328.00|0.05|1.05|-2.09|18.84|19.13|19.32|18.72|52.31|19.12|67981784|1303401472.00|1|0.0000|0.0000|0.0000|0|19.12
东富龙|300171|0.83|5829236|77781216.00|-0.38|1.43|-0.98|13.37|13.21|13.45|13.13|5.83|13.26|8178100|108346648.00|1|0.0000|0.0000|0.0000|0|13.26
中电环保|300172|-1.92|18224250|93759984.00|0.00|0.00|-2.11|5.11|5.21|5.21|5.10|18.22|5.21|19583060|102186032.00|1|0.0000|0.0000|0.0000|0|5.21
ST福能|300173|-0.34|18773100|111753728.00|0.00|1.86|-0.84|5.90|5.92|6.03|5.87|18.77|5.92|21278211|126418928.00|1|0.0000|0.0000|0.0000|0|5.92
元力股份|300174|0.25|2800800|44347836.00|-0.51|1.20|-0.51|15.82|15.70|15.97|15.70|2.80|15.78|3552700|56157172.00|1|0.0000|0.0000|0.0000|0|15.78
ST朗源|300175|0.65|12902302|60490912.00|1.73|4.11|0.00|4.65|4.70|4.81|4.62|12.90|4.62|23553034|113555848.00|1|0.0000|0.0000|0.0000|0|4.62
鸿特科技|300176|-0.28|6452100|45591760.00|0.28|1.70|-1.28|7.02|7.06|7.16|6.95|6.45|7.04|9568001|67064364.00|1|0.0000|0.0000|0.0000|0|7.04
中海达|300177|-0.38|16078050|168687600.00|0.67|1.72|-0.77|10.41|10.52|10.63|10.37|16.08|10.45|21195400|224006448.00|1|0.0000|0.0000|0.0000|0|10.45
四方达|300179|-1.04|17165700|164135424.00|-0.73|0.42|-1.77|9.53|9.56|9.67|9.46|17.17|9.63|22654170|219726128.00|1|0.0000|0.0000|0.0000|0|9.63
华峰超纤|300180|-0.75|60072718|401670144.00|-0.90|1.79|-1.20|6.64|6.63|6.81|6.61|60.07|6.69|74513611|497671968.00|1|0.0000|0.0000|0.0000|0|6.69
佐力药业|300181|-2.19|17574031|292065472.00|-0.71|0.00|-2.67|16.51|16.76|16.88|16.43|17.57|16.88|27811182|470892512.00|1|0.0000|0.0000|0.0000|0|16.88
捷成股份|300182|0.89|39862798|227331072.00|-0.18|1.95|-0.35|5.69|5.63|5.75|5.62|39.86|5.64|48992762|278605728.00|1|0.0000|0.0000|0.0000|0|5.64
东软载波|300183|2.09|13120060|244284384.00|0.77|3.41|0.44|18.57|18.33|18.81|18.27|13.12|18.19|9961494|183160112.00|1|0.0000|0.0000|0.0000|0|18.19
力源信息|300184|-0.20|24216008|238894720.00|-0.30|0.91|-0.91|9.83|9.82|9.94|9.76|24.22|9.85|30618040|301713664.00|1|0.0000|0.0000|0.0000|0|9.85
通裕重工|300185|-0.78|57542403|146569232.00|0.00|0.78|-1.18|2.53|2.55|2.57|2.52|57.54|2.55|65938100|168818208.00|1|0.0000|0.0000|0.0000|0|2.55
永清环保|300187|-0.39|4634000|24026616.00|0.58|1.16|-1.16|5.17|5.22|5.25|5.13|4.63|5.19|7050300|36509296.00|1|0.0000|0.0000|0.0000|0|5.19
国投智能|300188|0.35|5870399|83223240.00|0.00|0.92|-0.35|14.18|14.13|14.26|14.08|5.87|14.13|10077700|143360560.00|1|0.0000|0.0000|0.0000|0|14.13
神农种业|300189|-1.16|26225043|90197592.00|0.29|0.58|-1.45|3.42|3.47|3.48|3.41|26.23|3.46|32294063|111089608.00|1|0.0000|0.0000|0.0000|0|3.46
维尔利|300190|-0.31|6546300|20853030.00|0.31|0.94|-1.57|3.18|3.20|3.22|3.14|6.55|3.19|9218240|29571490.00|1|0.0000|0.0000|0.0000|0|3.19
潜能恒信|300191|-2.95|9444251|163527584.00|-0.45|0.28|-3.40|17.11|17.55|17.68|17.03|9.44|17.63|12445405|223114864.00|1|0.0000|0.0000|0.0000|0|17.63
科德教育|300192|0.61|9598758|158334400.00|-0.18|2.70|-0.18|16.39|16.26|16.73|16.26|9.60|16.29|8517101|139986096.00|1|0.0000|0.0000|0.0000|0|16.29
佳士科技|300193|2.48|63613226|704866304.00|-0.64|4.60|-1.47|11.14|10.80|11.37|10.71|63.61|10.87|62700067|685165376.00|1|0.0000|0.0000|0.0000|0|10.87
福安药业|300194|-0.65|33464602|153064480.00|0.00|0.22|-1.30|4.57|4.60|4.61|4.54|33.46|4.60|75771595|348091648.00|1|0.0000|0.0000|0.0000|0|4.60
长荣股份|300195|1.25|10658100|69344528.00|0.16|3.43|-0.94|6.49|6.42|6.63|6.35|10.66|6.41|10264515|66620688.00|1|0.0000|0.0000|0.0000|0|6.41
长海股份|300196|0.27|1727500|19554456.00|0.09|1.78|-0.36|11.27|11.25|11.44|11.20|1.73|11.24|1941600|21808120.00|1|0.0000|0.0000|0.0000|0|11.24
节能铁汉|300197|0.49|26351573|53871384.00|-0.49|1.47|-1.47|2.05|2.03|2.07|2.01|26.35|2.04|33792220|69183904.00|1|0.0000|0.0000|0.0000|0|2.04
ST纳川|300198|-7.69|106898950|303433056.00|-2.01|-0.67|-7.69|2.76|2.93|2.97|2.76|106.90|2.99|158686388|449028992.00|1|0.0000|0.0000|0.0000|0|2.99
翰宇药业|300199|-0.71|74594341|1155670400.00|1.10|1.94|-1.61|15.39|15.67|15.80|15.25|74.59|15.50|118074980|1870386048.00|1|0.0000|0.0000|0.0000|0|15.50
高盟新材|300200|2.69|51422060|519595456.00|0.10|4.28|-2.49|10.31|10.05|10.47|9.79|51.42|10.04|54837015|547020672.00|1|0.0000|0.0000|0.0000|0|10.04
海伦哲|300201|0.00|15931300|87885976.00|0.00|1.46|-0.73|5.49|5.49|5.57|5.45|15.93|5.49|18633582|102982120.00|1|0.0000|0.0000|0.0000|0|5.49
聚光科技|300203|0.59|4611900|78160512.00|-0.12|1.54|-0.53|16.93|16.81|17.09|16.74|4.61|16.83|7882100|133175240.00|1|0.0000|0.0000|0.0000|0|16.83
舒泰神|300204|-0.40|6386800|47994480.00|0.27|1.47|-0.80|7.46|7.51|7.60|7.43|6.39|7.49|12338300|93077288.00|1|0.0000|0.0000|0.0000|0|7.49
*ST天喻|300205|-0.24|3365300|14117805.00|-0.71|0.48|-1.19|4.20|4.18|4.23|4.16|3.37|4.21|5550102|23174476.00|1|0.0000|0.0000|0.0000|0|4.21
理邦仪器|300206|1.05|5994600|75005624.00|-0.32|1.61|-1.05|12.55|12.38|12.62|12.29|5.99|12.42|8497025|106127480.00|1|0.0000|0.0000|0.0000|0|12.42
欣旺达|300207|0.69|11897351|261873008.00|0.18|1.33|-0.32|22.03|21.92|22.17|21.81|11.90|21.88|17685122|389939296.00|1|0.0000|0.0000|0.0000|0|21.88
有棵树|300209|-0.81|6283500|30761896.00|0.81|1.22|-2.03|4.88|4.96|4.98|4.82|6.28|4.92|3211900|15865745.00|1|0.0000|0.0000|0.0000|0|4.92
森远股份|300210|0.38|12924420|138851152.00|-0.77|5.55|-0.77|10.49|10.37|11.03|10.37|12.92|10.45|11824800|121711280.00|1|0.0000|0.0000|0.0000|0|10.45
*ST亿通|300211|0.29|9802800|100824928.00|-0.68|1.76|-1.46|10.28|10.18|10.43|10.10|9.80|10.25|12092400|124870512.00|1|0.0000|0.0000|0.0000|0|10.25
易华录|300212|1.29|9205197|224841904.00|-0.21|2.91|-0.46|24.37|24.01|24.76|23.95|9.21|24.06|7830986|190276464.00|1|0.0000|0.0000|0.0000|0|24.06
佳讯飞鸿|300213|0.00|16834300|146616512.00|-0.46|1.85|-0.69|8.66|8.62|8.82|8.60|16.83|8.66|23189746|202862352.00|1|0.0000|0.0000|0.0000|0|8.66
日科化学|300214|-0.91|5842500|38346840.00|-0.15|0.91|-1.21|6.53|6.58|6.65|6.51|5.84|6.59|7200900|47533808.00|1|0.0000|0.0000|0.0000|0|6.59
电科院|300215|0.78|14406800|93347416.00|0.00|2.34|-1.25|6.46|6.41|6.56|6.33|14.41|6.41|13760348|88290368.00|1|0.0000|0.0000|0.0000|0|6.41
东方电热|300217|-0.40|17253000|87329584.00|0.59|0.99|-0.59|5.03|5.08|5.10|5.02|17.25|5.05|21863800|110613128.00|1|0.0000|0.0000|0.0000|0|5.05
安利股份|300218|0.85|2498000|41419316.00|-0.06|1.58|-0.55|16.60|16.45|16.72|16.37|2.50|16.46|3800500|62877676.00|1|0.0000|0.0000|0.0000|0|16.46
鸿利智汇|300219|0.44|17127000|120164112.00|0.73|5.39|0.15|6.90|6.92|7.24|6.88|17.13|6.87|7949950|54841624.00|1|0.0000|0.0000|0.0000|0|6.87
金运激光|300220|-0.13|3664520|56737400.00|-0.78|2.81|-0.98|15.30|15.20|15.75|15.17|3.66|15.32|4537620|70398512.00|1|0.0000|0.0000|0.0000|0|15.32
银禧科技|300221|12.61|99205801|889246016.00|-0.50|18.35|-0.62|9.02|7.97|9.48|7.96|99.21|8.01|14655200|118146848.00|1|0.0000|0.0000|0.0000|0|8.01
科大智能|300222|1.26|14094300|147194352.00|-0.78|2.72|-0.78|10.42|10.21|10.57|10.21|14.09|10.29|12220500|126591736.00|1|0.0000|0.0000|0.0000|0|10.29
北京君正|300223|-0.03|5896436|420905792.00|0.17|1.19|-0.41|71.18|71.32|72.05|70.91|5.90|71.20|7235135|519088896.00|1|0.0000|0.0000|0.0000|0|71.20
正海磁材|300224|-0.82|18425768|246413776.00|0.00|1.20|-1.05|13.27|13.38|13.54|13.24|18.43|13.38|20309824|269830208.00|1|0.0000|0.0000|0.0000|0|13.38
*ST金泰|300225|-1.34|25514418|192344992.00|2.40|5.21|-1.47|7.39|7.67|7.88|7.38|25.51|7.49|24509042|180767648.00|1|0.0000|0.0000|0.0000|0|7.49
上海钢联|300226|0.22|5029476|114734640.00|0.04|1.50|-0.57|22.70|22.66|22.99|22.52|5.03|22.65|4989141|113513872.00|1|0.0000|0.0000|0.0000|0|22.65
光韵达|300227|1.35|8154974|67273576.00|-0.37|3.45|-0.49|8.23|8.09|8.40|8.08|8.15|8.12|7179674|58706420.00|1|0.0000|0.0000|0.0000|0|8.12
富瑞特装|300228|-0.26|23382850|176615312.00|0.40|1.32|-1.19|7.53|7.58|7.65|7.46|23.38|7.55|31054260|236231712.00|1|0.0000|0.0000|0.0000|0|7.55
拓尔思|300229|-0.14|13810500|291552736.00|0.00|1.00|-0.57|21.06|21.09|21.30|20.97|13.81|21.09|17617150|374046528.00|1|0.0000|0.0000|0.0000|0|21.09
永利股份|300230|-4.61|106810488|585024576.00|-1.95|1.42|-6.03|5.38|5.53|5.72|5.30|106.81|5.64|144138800|790870656.00|1|0.0000|0.0000|0.0000|0|5.64
银信科技|300231|-0.18|7003909|79098448.00|-0.71|1.51|-0.98|11.21|11.15|11.40|11.12|7.00|11.23|10296044|116905008.00|1|0.0000|0.0000|0.0000|0|11.23
洲明科技|300232|1.66|27221800|199489584.00|-0.42|3.74|-0.55|7.33|7.18|7.48|7.17|27.22|7.21|17847726|129557456.00|1|0.0000|0.0000|0.0000|0|7.21
金城医药|300233|8.73|71236653|1493483520.00|1.35|11.62|-2.00|21.80|20.32|22.38|19.65|71.24|20.05|58316089|1186757248.00|1|0.0000|0.0000|0.0000|0|20.05
开尔新材|300234|0.41|4764600|23240544.00|1.03|1.65|-0.62|4.87|4.90|4.93|4.82|4.76|4.85|6687281|32521558.00|1|0.0000|0.0000|0.0000|0|4.85
方直科技|300235|0.09|3131365|33818588.00|0.19|1.30|-0.37|10.74|10.75|10.87|10.69|3.13|10.73|3500190|37669600.00|1|0.0000|0.0000|0.0000|0|10.73
上海新阳|300236|-0.19|2500986|90109064.00|-0.06|1.70|-0.47|35.90|35.95|36.58|35.80|2.50|35.97|4142640|148831136.00|1|0.0000|0.0000|0.0000|0|35.97
ST美晨|300237|-12.66|277128427|375107936.00|-17.72|-8.86|-17.72|1.38|1.30|1.44|1.30|277.13|1.58|9264400|14637752.00|1|0.0000|0.0000|0.0000|0|1.58
冠昊生物|300238|1.39|29724200|428316320.00|0.56|2.71|-2.57|14.58|14.46|14.77|14.01|29.72|14.38|43292109|637297088.00|1|0.0000|0.0000|0.0000|0|14.38
东宝生物|300239|0.92|11355952|61847020.00|0.00|2.96|-1.11|5.46|5.41|5.57|5.35|11.36|5.41|13210000|71758528.00|1|0.0000|0.0000|0.0000|0|5.41
飞力达|300240|-0.95|5003800|31511306.00|0.16|0.79|-1.27|6.25|6.32|6.36|6.23|5.00|6.31|5906200|37635872.00|1|0.0000|0.0000|0.0000|0|6.31
瑞丰光电|300241|0.00|12543600|66485988.00|0.57|1.52|-0.19|5.27|5.30|5.35|5.26|12.54|5.27|15909100|84059232.00|1|0.0000|0.0000|0.0000|0|5.27
佳云科技|300242|-0.69|12117200|52888620.00|-0.46|1.84|-0.92|4.32|4.33|4.43|4.31|12.12|4.35|17164950|75400464.00|1|0.0000|0.0000|0.0000|0|4.35
瑞丰高材|300243|0.62|2274800|22327332.00|0.00|1.85|-0.82|9.80|9.74|9.92|9.66|2.27|9.74|2919700|28567556.00|1|0.0000|0.0000|0.0000|0|9.74
迪安诊断|300244|0.00|13872400|218713456.00|-0.51|1.14|-0.82|15.76|15.68|15.94|15.63|13.87|15.76|24414796|392267936.00|1|0.0000|0.0000|0.0000|0|15.76
天玑科技|300245|-0.89|13071000|233590016.00|0.28|1.40|-1.34|17.73|17.94|18.14|17.65|13.07|17.89|19319150|349993504.00|1|0.0000|0.0000|0.0000|0|17.89
宝莱特|300246|0.42|4496350|32154478.00|0.14|1.40|-0.70|7.15|7.13|7.22|7.07|4.50|7.12|9894850|70837136.00|1|0.0000|0.0000|0.0000|0|7.12
融捷健康|300247|-2.04|28265600|108961080.00|-0.51|0.77|-2.81|3.84|3.90|3.95|3.81|28.27|3.92|39807820|157921504.00|1|0.0000|0.0000|0.0000|0|3.92
新开普|300248|-0.90|32587325|506815360.00|-0.45|1.54|-1.61|15.43|15.50|15.81|15.32|32.59|15.57|47134672|739562944.00|1|0.0000|0.0000|0.0000|0|15.57
依米康|300249|-0.88|19545000|288244608.00|0.54|1.56|-1.49|14.63|14.84|14.99|14.54|19.55|14.76|24014789|356187520.00|1|0.0000|0.0000|0.0000|0|14.76
初灵信息|300250|0.19|4708400|73838928.00|-0.83|1.22|-0.90|15.66|15.50|15.82|15.49|4.71|15.63|7253200|113392832.00|1|0.0000|0.0000|0.0000|0|15.63
光线传媒|300251|1.00|100972359|2162177536.00|-0.24|4.40|-0.24|21.14|20.88|21.85|20.88|100.97|20.93|63027911|1331396224.00|1|0.0000|0.0000|0.0000|0|20.93
金信诺|300252|-0.18|30661226|337086368.00|0.09|4.62|-0.83|10.81|10.84|11.33|10.74|30.66|10.83|35710920|391232416.00|1|0.0000|0.0000|0.0000|0|10.83
卫宁健康|300253|0.56|38404498|415458112.00|0.74|1.21|-0.65|10.83|10.85|10.90|10.70|38.40|10.77|71395195|782926656.00|1|0.0000|0.0000|0.0000|0|10.77
仟源医药|300254|-1.60|22357623|220559776.00|-0.80|0.00|-3.00|9.85|9.93|10.01|9.71|22.36|10.01|46143940|464485088.00|1|0.0000|0.0000|0.0000|0|10.01
常山药业|300255|-1.50|11344900|224633088.00|-0.50|0.05|-1.95|19.70|19.90|20.01|19.61|11.34|20.00|18519000|371672672.00|1|0.0000|0.0000|0.0000|0|20.00
星星科技|300256|2.45|74608453|340919168.00|-0.22|4.68|-0.45|4.60|4.48|4.70|4.47|74.61|4.49|56304975|256723488.00|1|0.0000|0.0000|0.0000|0|4.49
开山股份|300257|0.00|4938600|46160264.00|-0.32|1.72|-0.65|9.29|9.26|9.45|9.23|4.94|9.29|6801200|63329920.00|1|0.0000|0.0000|0.0000|0|9.29
精锻科技|300258|1.13|21006141|283861696.00|-0.38|3.31|-1.05|13.45|13.25|13.74|13.16|21.01|13.30|28907490|390556864.00|1|0.0000|0.0000|0.0000|0|13.30
新天科技|300259|0.00|8891600|31594340.00|-0.85|1.41|-0.85|3.55|3.52|3.60|3.52|8.89|3.55|15708540|55856940.00|1|0.0000|0.0000|0.0000|0|3.55
新莱应材|300260|-7.32|77964307|2997179136.00|-0.27|1.36|-8.44|37.45|40.30|40.96|37.00|77.96|40.41|97248014|3730893824.00|1|0.0000|0.0000|0.0000|0|40.41
雅本化学|300261|-1.77|21007039|140811536.00|0.00|0.59|-2.36|6.66|6.78|6.82|6.62|21.01|6.78|30547534|207849856.00|1|0.0000|0.0000|0.0000|0|6.78
隆华科技|300263|-1.95|22875357|174332624.00|-0.52|0.65|-2.21|7.54|7.65|7.74|7.52|22.88|7.69|29477738|226706512.00|1|0.0000|0.0000|0.0000|0|7.69
佳创视讯|300264|0.19|8077680|42634048.00|0.00|2.10|-0.57|5.24|5.23|5.34|5.20|8.08|5.23|9390500|49662104.00|1|0.0000|0.0000|0.0000|0|5.23
通光线缆|300265|-0.69|24793288|214656336.00|0.69|1.50|-1.27|8.58|8.70|8.77|8.53|24.79|8.64|33090368|289913184.00|1|0.0000|0.0000|0.0000|0|8.64
兴源环境|300266|-1.26|17261300|40725064.00|0.00|0.42|-1.68|2.35|2.38|2.39|2.34|17.26|2.38|16685000|39942900.00|1|0.0000|0.0000|0.0000|0|2.38
尔康制药|300267|-1.50|19003944|50192664.00|-0.75|0.00|-1.87|2.63|2.65|2.67|2.62|19.00|2.67|35589862|95354040.00|1|0.0000|0.0000|0.0000|0|2.67
*ST佳沃|300268|8.16|5138296|48496452.00|0.34|8.49|0.22|9.68|8.98|9.71|8.97|5.14|8.95|2427496|21507102.00|1|0.0000|0.0000|0.0000|0|8.95
联建光电|300269|-0.81|8989000|33291416.00|0.27|1.35|-1.08|3.67|3.71|3.75|3.66|8.99|3.70|13529500|50332476.00|1|0.0000|0.0000|0.0000|0|3.70
中威电子|300270|-0.14|4899500|36202272.00|0.41|1.77|-0.41|7.32|7.36|7.46|7.30|4.90|7.33|5982300|44365180.00|1|0.0000|0.0000|0.0000|0|7.33
华宇软件|300271|0.00|7764452|59333204.00|-0.53|1.71|-0.53|7.61|7.57|7.74|7.57|7.76|7.61|12202347|93548536.00|1|0.0000|0.0000|0.0000|0|7.61
开能健康|300272|-1.66|14900329|96712368.00|0.00|0.30|-2.87|6.50|6.61|6.63|6.42|14.90|6.61|24201123|162169328.00|1|0.0000|0.0000|0.0000|0|6.61
阳光电源|300274|0.12|25461837|1843438464.00|0.17|0.79|-0.80|72.47|72.50|72.95|71.80|25.46|72.38|46416850|3339929856.00|1|0.0000|0.0000|0.0000|0|72.38
梅安森|300275|0.14|4544183|66516456.00|0.21|1.37|-0.21|14.57|14.58|14.75|14.52|4.54|14.55|7405820|108783936.00|1|0.0000|0.0000|0.0000|0|14.55
三丰智能|300276|1.63|85728103|1136648832.00|-1.08|5.81|-1.55|13.12|12.77|13.66|12.71|85.73|12.91|60507659|790510464.00|1|0.0000|0.0000|0.0000|0|12.91
海联讯|300277|3.12|9376000|118281712.00|0.49|6.40|0.00|12.57|12.25|12.97|12.19|9.38|12.19|4901500|60182304.00|1|0.0000|0.0000|0.0000|0|12.19
华昌达|300278|1.16|25682900|158336208.00|0.00|3.30|-0.33|6.13|6.06|6.26|6.04|25.68|6.06|19387900|118180576.00|1|0.0000|0.0000|0.0000|0|6.06
和晶科技|300279|0.63|5844100|37366584.00|-0.16|1.74|-0.47|6.38|6.33|6.45|6.31|5.84|6.34|7839300|49991268.00|1|0.0000|0.0000|0.0000|0|6.34
金明精机|300281|5.82|36272703|223490448.00|-0.68|10.45|-1.54|6.18|5.80|6.45|5.75|36.27|5.84|14994700|88035432.00|1|0.0000|0.0000|0.0000|0|5.84
温州宏丰|300283|0.17|10415295|61042844.00|-0.17|3.61|-0.86|5.82|5.80|6.02|5.76|10.42|5.81|8295900|48696104.00|1|0.0000|0.0000|0.0000|0|5.81
苏交科|300284|-0.51|9298743|90455856.00|-0.31|0.62|-0.72|9.69|9.71|9.80|9.67|9.30|9.74|11865330|116688224.00|1|0.0000|0.0000|0.0000|0|9.74
国瓷材料|300285|-0.64|6918124|128982784.00|-0.11|0.91|-0.75|18.55|18.65|18.84|18.53|6.92|18.67|9065148|170264512.00|1|0.0000|0.0000|0.0000|0|18.67
安科瑞|300286|0.52|2881027|67129400.00|1.43|2.47|-0.30|23.19|23.40|23.64|23.00|2.88|23.07|3069818|70758376.00|1|0.0000|0.0000|0.0000|0|23.07
飞利信|300287|-0.17|42991000|255511760.00|-0.34|0.84|-0.84|5.94|5.93|6.00|5.90|42.99|5.95|58189494|350218240.00|1|0.0000|0.0000|0.0000|0|5.95
朗玛信息|300288|-0.86|6819500|102898216.00|-0.40|0.79|-1.32|15.01|15.08|15.26|14.94|6.82|15.14|9200100|140300000.00|1|0.0000|0.0000|0.0000|0|15.14
利德曼|300289|0.41|9506253|46767652.00|-0.20|1.64|-1.02|4.91|4.88|4.97|4.84|9.51|4.89|11274900|55360860.00|1|0.0000|0.0000|0.0000|0|4.89
荣科科技|300290|-0.81|9563597|163388832.00|-0.58|0.41|-1.28|17.05|17.09|17.26|16.97|9.56|17.19|16170050|277399808.00|1|0.0000|0.0000|0.0000|0|17.19
百纳千成|300291|4.02|76017296|395891808.00|0.00|14.46|0.00|5.18|4.98|5.70|4.98|76.02|4.98|62016306|313774336.00|1|0.0000|0.0000|0.0000|0|4.98
吴通控股|300292|-0.40|23867400|119423304.00|-0.40|1.40|-1.00|4.97|4.97|5.06|4.94|23.87|4.99|34537400|171347360.00|1|0.0000|0.0000|0.0000|0|4.99
蓝英装备|300293|-2.83|11242300|267705776.00|0.42|3.33|-2.83|23.32|24.10|24.80|23.32|11.24|24.00|13055262|310154176.00|1|0.0000|0.0000|0.0000|0|24.00
博雅生物|300294|-1.05|3590700|98125504.00|-0.25|0.04|-1.16|27.24|27.46|27.54|27.21|3.59|27.53|7397697|203399600.00|1|0.0000|0.0000|0.0000|0|27.53
三六五网|300295|0.61|2802600|41703136.00|0.14|2.04|0.00|14.79|14.72|15.00|14.70|2.80|14.70|3340100|49373420.00|1|0.0000|0.0000|0.0000|0|14.70
利亚德|300296|1.53|89224959|590639552.00|0.31|2.61|0.00|6.62|6.54|6.69|6.52|89.22|6.52|82403323|543876992.00|1|0.0000|0.0000|0.0000|0|6.52
三诺生物|300298|-0.50|3469925|83335616.00|0.21|0.83|-1.49|24.01|24.18|24.33|23.77|3.47|24.13|6851500|166620208.00|1|0.0000|0.0000|0.0000|0|24.13
富春股份|300299|1.20|18143249|107871104.00|-0.34|3.60|-0.34|5.90|5.81|6.04|5.81|18.14|5.83|14358346|84120224.00|1|0.0000|0.0000|0.0000|0|5.83
海峡创新|300300|0.66|13195212|39990520.00|0.33|1.99|-0.99|3.04|3.03|3.08|2.99|13.20|3.02|16832439|50610724.00|1|0.0000|0.0000|0.0000|0|3.02
ST长方|300301|3.09|18477190|36903864.00|-0.52|4.64|-0.52|2.00|1.93|2.03|1.93|18.48|1.94|13358900|25862440.00|1|0.0000|0.0000|0.0000|0|1.94
同有科技|300302|0.31|9176000|151571120.00|0.24|2.69|-0.18|16.41|16.40|16.80|16.33|9.18|16.36|11543100|190712880.00|1|0.0000|0.0000|0.0000|0|16.36
聚飞光电|300303|-0.16|21501835|136384000.00|0.16|0.79|-0.47|6.33|6.35|6.39|6.31|21.50|6.34|24733770|158016880.00|1|0.0000|0.0000|0.0000|0|6.34
云意电气|300304|1.43|27602640|233875344.00|0.24|2.74|-1.67|8.52|8.42|8.63|8.26|27.60|8.40|21274421|179464816.00|1|0.0000|0.0000|0.0000|0|8.40
裕兴股份|300305|-0.36|3790222|20737302.00|-0.36|1.28|-1.09|5.46|5.46|5.55|5.42|3.79|5.48|5598700|30686468.00|1|0.0000|0.0000|0.0000|0|5.48
远方信息|300306|1.05|3028000|38055516.00|0.00|2.25|-0.32|12.55|12.42|12.70|12.38|3.03|12.42|3912033|48886696.00|1|0.0000|0.0000|0.0000|0|12.42
慈星股份|300307|-1.97|29061344|279584864.00|-0.42|1.87|-2.18|9.44|9.59|9.81|9.42|29.06|9.63|28123840|270385344.00|1|0.0000|0.0000|0.0000|0|9.63
中际旭创|300308|1.17|21827933|2188265984.00|0.27|2.81|-0.29|99.76|98.88|101.38|98.32|21.83|98.61|12295934|1213413248.00|1|0.0000|0.0000|0.0000|0|98.61
宜通世纪|300310|-0.15|14380099|98084680.00|0.00|1.47|-0.74|6.78|6.79|6.89|6.74|14.38|6.79|20327500|139910416.00|1|0.0000|0.0000|0.0000|0|6.79
ST任子行|300311|-0.16|12002999|74620096.00|0.00|1.13|-0.81|6.19|6.20|6.27|6.15|12.00|6.20|16823426|105170912.00|1|0.0000|0.0000|0.0000|0|6.20
*ST天山|300313|0.19|1547700|7986950.00|0.39|0.58|-0.19|5.16|5.17|5.18|5.14|1.55|5.15|1942500|10033651.00|1|0.0000|0.0000|0.0000|0|5.15
戴维医疗|300314|1.02|11223512|144262992.00|0.08|2.04|-1.17|12.90|12.78|13.03|12.62|11.22|12.77|10779519|137812928.00|1|0.0000|0.0000|0.0000|0|12.77
掌趣科技|300315|0.37|34592187|186831760.00|0.00|1.49|-0.19|5.38|5.36|5.44|5.35|34.59|5.36|45663076|246028352.00|1|0.0000|0.0000|0.0000|0|5.36
晶盛机电|300316|-0.40|5228643|168976144.00|0.19|0.96|-0.59|32.17|32.36|32.61|32.11|5.23|32.30|6892995|223608208.00|1|0.0000|0.0000|0.0000|0|32.30
珈伟新能|300317|-2.83|30628969|116727064.00|-1.03|0.00|-3.08|3.78|3.85|3.89|3.77|30.63|3.89|49497000|190637504.00|1|0.0000|0.0000|0.0000|0|3.89
博晖创新|300318|-0.17|4439600|25431512.00|0.00|0.70|-1.05|5.73|5.74|5.78|5.68|4.44|5.74|11722299|67582872.00|1|0.0000|0.0000|0.0000|0|5.74
麦捷科技|300319|0.34|10760178|126723144.00|0.09|1.80|-0.17|11.72|11.69|11.89|11.66|10.76|11.68|10476923|122994472.00|1|0.0000|0.0000|0.0000|0|11.68
海达股份|300320|1.86|11853682|129111496.00|-0.74|2.51|-0.74|10.95|10.67|11.02|10.67|11.85|10.75|18406781|200678400.00|1|0.0000|0.0000|0.0000|0|10.75
同大股份|300321|5.63|3428200|110024680.00|-0.16|6.21|-0.61|32.65|30.86|32.83|30.72|3.43|30.91|2407430|74597888.00|1|0.0000|0.0000|0.0000|0|30.91
硕贝德|300322|-1.23|7914215|102988864.00|-0.08|0.92|-1.45|12.90|13.05|13.18|12.87|7.91|13.06|9363410|122435432.00|1|0.0000|0.0000|0.0000|0|13.06
华灿光电|300323|0.28|9550315|68738520.00|0.42|1.39|0.00|7.19|7.20|7.27|7.17|9.55|7.17|15896100|115323664.00|1|0.0000|0.0000|0.0000|0|7.17
旋极信息|300324|-0.25|49388500|201719232.00|0.00|1.72|-0.49|4.06|4.07|4.14|4.05|49.39|4.07|75554700|312529152.00|1|0.0000|0.0000|0.0000|0|4.07
ST凯利|300326|1.90|12067900|77377952.00|0.47|2.85|-0.95|6.44|6.35|6.50|6.26|12.07|6.32|13320225|84210616.00|1|0.0000|0.0000|0.0000|0|6.32
中颖电子|300327|0.25|3530347|83776936.00|0.17|1.06|-0.25|23.71|23.69|23.90|23.59|3.53|23.65|5113710|121545640.00|1|0.0000|0.0000|0.0000|0|23.65
宜安科技|300328|7.39|106132815|1243004416.00|-0.91|12.68|-1.00|11.77|10.86|12.35|10.85|106.13|10.96|41244202|458640704.00|1|0.0000|0.0000|0.0000|0|10.96
海伦钢琴|300329|0.48|3348080|20871814.00|-0.48|1.45|-0.48|6.23|6.17|6.29|6.17|3.35|6.20|5389780|33749376.00|1|0.0000|0.0000|0.0000|0|6.20
苏大维格|300331|-1.52|3408600|68751760.00|-0.54|0.98|-2.11|20.04|20.24|20.55|19.92|3.41|20.35|2471200|50348560.00|1|0.0000|0.0000|0.0000|0|20.35
天壕能源|300332|-1.40|11144800|55082228.00|-0.60|0.00|-1.80|4.93|4.97|5.00|4.91|11.14|5.00|14403557|71888576.00|1|0.0000|0.0000|0.0000|0|5.00
兆日科技|300333|0.85|7985090|94297984.00|-0.17|1.37|-0.43|11.82|11.70|11.88|11.67|7.99|11.72|11049500|130714888.00|1|0.0000|0.0000|0.0000|0|11.72
津膜科技|300334|-0.33|3124500|19261068.00|-0.33|1.79|-0.98|6.13|6.13|6.26|6.09|3.12|6.15|5258990|32442430.00|1|0.0000|0.0000|0.0000|0|6.15
迪森股份|300335|-0.57|12938700|67611704.00|0.38|1.34|-1.91|5.20|5.25|5.30|5.13|12.94|5.23|17398400|90771552.00|1|0.0000|0.0000|0.0000|0|5.23
银邦股份|300337|0.17|11898678|139573056.00|-0.34|1.46|-0.68|11.70|11.64|11.85|11.60|11.90|11.68|13398400|157514928.00|1|0.0000|0.0000|0.0000|0|11.68
ST开元|300338|2.35|24504677|117281360.00|-0.85|5.97|-3.62|4.80|4.65|4.97|4.52|24.50|4.69|28966158|126934544.00|1|0.0000|0.0000|0.0000|0|4.69
润和软件|300339|-0.10|15313052|793145536.00|0.08|0.83|-0.37|51.70|51.79|52.18|51.56|15.31|51.75|22734320|1186718592.00|1|0.0000|0.0000|0.0000|0|51.75
科恒股份|300340|-1.00|2578900|25731480.00|0.00|1.00|-1.00|9.90|10.00|10.10|9.90|2.58|10.00|2872103|28783950.00|1|0.0000|0.0000|0.0000|0|10.00
麦克奥迪|300341|-1.20|5209044|85835896.00|-0.24|0.24|-1.39|16.40|16.56|16.64|16.37|5.21|16.60|5978244|99901576.00|1|0.0000|0.0000|0.0000|0|16.60
天银机电|300342|0.12|11419697|194016160.00|-0.47|1.06|-1.06|17.01|16.91|17.17|16.81|11.42|16.99|11637300|198176000.00|1|0.0000|0.0000|0.0000|0|16.99
ST联创|300343|0.00|28502893|115747472.00|0.00|3.23|-0.50|4.02|4.02|4.15|4.00|28.50|4.02|34801512|139127952.00|1|0.0000|0.0000|0.0000|0|4.02
*ST立方|300344|7.85|104388962|1091001728.00|0.83|14.88|-0.62|10.44|9.76|11.12|9.62|104.39|9.68|72100937|712896832.00|1|0.0000|0.0000|0.0000|0|9.68
华民股份|300345|0.00|3262600|16837336.00|0.78|0.78|-0.58|5.16|5.20|5.20|5.13|3.26|5.16|5792300|30077166.00|1|0.0000|0.0000|0.0000|0|5.16
南大光电|300346|-0.67|14025578|521875584.00|-0.21|1.65|-1.68|37.26|37.43|38.13|36.88|14.03|37.51|21002225|784820416.00|1|0.0000|0.0000|0.0000|0|37.51
泰格医药|300347|-4.66|10161035|527275296.00|-1.25|-0.17|-5.18|51.17|53.00|53.58|50.89|10.16|53.67|14410067|767502016.00|1|0.0000|0.0000|0.0000|0|53.67
长亮科技|300348|1.49|26068912|338984032.00|-0.31|2.89|-0.78|12.98|12.75|13.16|12.69|26.07|12.79|51785448|671573184.00|1|0.0000|0.0000|0.0000|0|12.79
金卡智能|300349|0.37|5200252|70355184.00|0.07|1.79|-0.45|13.46|13.42|13.65|13.35|5.20|13.41|5001614|67274512.00|1|0.0000|0.0000|0.0000|0|13.41
华鹏飞|300350|-0.38|7769500|40727388.00|0.19|1.92|-0.77|5.20|5.23|5.32|5.18|7.77|5.22|10591180|55611396.00|1|0.0000|0.0000|0.0000|0|5.22
永贵电器|300351|0.11|6920140|120903112.00|-0.17|1.20|-0.52|17.46|17.41|17.65|17.35|6.92|17.44|9935697|175817712.00|1|0.0000|0.0000|0.0000|0|17.44
北信源|300352|-0.20|19054900|97225864.00|-0.59|0.98|-0.59|5.09|5.07|5.15|5.07|19.05|5.10|24518786|126285400.00|1|0.0000|0.0000|0.0000|0|5.10
东土科技|300353|15.82|176212596|4041432064.00|0.95|20.00|0.95|23.28|20.29|24.12|20.29|176.21|20.10|116966114|2460172544.00|1|0.0000|0.0000|0.0000|0|20.10
东华测试|300354|1.13|2476000|108671968.00|-0.19|3.01|-0.19|43.69|43.12|44.50|43.12|2.48|43.20|2794400|121557880.00|1|0.0000|0.0000|0.0000|0|43.20
蒙草生态|300355|-2.12|33279400|154600192.00|-1.06|0.00|-2.34|4.61|4.66|4.71|4.60|33.28|4.71|42602000|202675424.00|1|0.0000|0.0000|0.0000|0|4.71
我武生物|300357|-0.54|6986100|155299248.00|0.40|1.30|-1.12|22.13|22.34|22.54|22.00|6.99|22.25|16546718|368841056.00|1|0.0000|0.0000|0.0000|0|22.25
楚天科技|300358|4.74|25406858|195177296.00|-0.14|6.22|-0.95|7.74|7.38|7.85|7.32|25.41|7.39|10388190|77146256.00|1|0.0000|0.0000|0.0000|0|7.39
全通教育|300359|0.00|7029540|41594008.00|-0.51|1.53|-0.51|5.89|5.86|5.98|5.86|7.03|5.89|8258450|49182212.00|1|0.0000|0.0000|0.0000|0|5.89
炬华科技|300360|0.50|10918500|198436992.00|-0.44|1.27|-0.83|18.20|18.03|18.34|17.96|10.92|18.11|11727320|212030704.00|1|0.0000|0.0000|0.0000|0|18.11
博腾股份|300363|1.94|26444171|499838048.00|0.16|4.57|-1.67|18.96|18.63|19.45|18.29|26.44|18.60|24076487|450493056.00|1|0.0000|0.0000|0.0000|0|18.60
中文在线|300364|0.52|12856300|300816416.00|-0.26|3.47|-0.30|23.18|23.00|23.86|22.99|12.86|23.06|15712419|367806464.00|1|0.0000|0.0000|0.0000|0|23.06
恒华科技|300365|-0.65|6923500|42511644.00|-0.49|1.14|-0.82|6.09|6.10|6.20|6.08|6.92|6.13|10166900|63035096.00|1|0.0000|0.0000|0.0000|0|6.13
ST创意|300366|-4.23|67674298|449177824.00|-2.33|-1.02|-4.52|6.57|6.70|6.79|6.55|67.67|6.86|104568044|710124160.00|1|0.0000|0.0000|0.0000|0|6.86
汇金股份|300368|2.11|7535700|36491764.00|0.00|3.59|-0.84|4.84|4.74|4.91|4.70|7.54|4.74|6606800|31376796.00|1|0.0000|0.0000|0.0000|0|4.74
绿盟科技|300369|0.54|7543986|55582856.00|-0.68|0.68|-0.82|7.39|7.30|7.40|7.29|7.54|7.35|12846800|95128760.00|1|0.0000|0.0000|0.0000|0|7.35
安控科技|300370|-0.68|17387100|51290764.00|0.00|1.36|-1.02|2.93|2.95|2.99|2.92|17.39|2.95|21957246|65209768.00|1|0.0000|0.0000|0.0000|0|2.95
汇中股份|300371|0.85|2632252|28343468.00|-0.47|2.73|-1.69|10.72|10.58|10.92|10.45|2.63|10.63|2530379|27006962.00|1|0.0000|0.0000|0.0000|0|10.63
扬杰科技|300373|2.76|13182891|627775040.00|-0.13|4.59|-0.35|47.64|46.30|48.49|46.20|13.18|46.36|10757906|498749824.00|1|0.0000|0.0000|0.0000|0|46.36
中铁装配|300374|-0.60|3753210|61994244.00|0.00|0.54|-0.67|16.44|16.54|16.63|16.43|3.75|16.54|4023500|66611424.00|1|0.0000|0.0000|0.0000|0|16.54
鹏翎股份|300375|0.00|19632920|97986904.00|-0.20|2.01|-1.81|4.97|4.96|5.07|4.88|19.63|4.97|23188478|116294096.00|1|0.0000|0.0000|0.0000|0|4.97
ST易事特|300376|-0.29|4785900|16339471.00|-0.29|0.59|-0.29|3.40|3.40|3.43|3.40|4.79|3.41|6845297|23402884.00|1|0.0000|0.0000|0.0000|0|3.41
赢时胜|300377|1.93|33851604|818652992.00|0.46|2.69|-0.50|24.25|23.90|24.43|23.67|33.85|23.79|60814269|1476121728.00|1|0.0000|0.0000|0.0000|0|23.79
鼎捷数智|300378|0.67|12021600|451039584.00|-0.19|2.78|-0.19|37.33|37.01|38.11|37.01|12.02|37.08|18419500|689799680.00|1|0.0000|0.0000|0.0000|0|37.08
东通退|300379|-0.65|7233388|111404880.00|-0.19|1.10|-0.84|15.30|15.37|15.57|15.27|7.23|15.40|11998400|186364320.00|1|0.0000|0.0000|0.0000|0|15.40
安硕信息|300380|1.06|10524000|513312352.00|-0.31|4.76|-1.44|48.41|47.75|50.18|47.21|10.52|47.90|18445513|904021696.00|1|0.0000|0.0000|0.0000|0|47.90
溢多利|300381|-1.79|12216669|94774248.00|0.00|0.90|-2.05|7.68|7.82|7.89|7.66|12.22|7.82|17214678|134337728.00|1|0.0000|0.0000|0.0000|0|7.82
斯莱克|300382|-1.29|17988263|221986816.00|-0.73|1.94|-2.10|12.23|12.30|12.63|12.13|17.99|12.39|15501124|194979088.00|1|0.0000|0.0000|0.0000|0|12.39
光环新网|300383|0.12|42796195|710803264.00|-0.24|1.88|-0.30|16.51|16.45|16.80|16.44|42.80|16.49|49130417|811702720.00|1|0.0000|0.0000|0.0000|0|16.49
三联虹普|300384|-1.44|6136799|123711384.00|-0.79|1.88|-1.88|19.89|20.02|20.56|19.80|6.14|20.18|7629100|153399872.00|1|0.0000|0.0000|0.0000|0|20.18
雪浪环境|300385|-0.21|2870400|13551680.00|0.43|2.13|-1.49|4.69|4.72|4.80|4.63|2.87|4.70|5054792|23861092.00|1|0.0000|0.0000|0.0000|0|4.70
飞天诚信|300386|1.30|6596021|97331528.00|-0.27|2.26|-0.41|14.76|14.53|14.90|14.51|6.60|14.57|6930181|101778024.00|1|0.0000|0.0000|0.0000|0|14.57
富邦科技|300387|0.46|8441200|74112552.00|-0.57|2.53|-1.03|8.74|8.65|8.92|8.61|8.44|8.70|9901068|87011512.00|1|0.0000|0.0000|0.0000|0|8.70
节能国祯|300388|-0.55|3267620|23914800.00|0.27|0.82|-0.68|7.28|7.34|7.38|7.27|3.27|7.32|5223916|38337256.00|1|0.0000|0.0000|0.0000|0|7.32
艾比森|300389|-0.71|2701839|30296436.00|-0.53|0.71|-1.07|11.15|11.17|11.31|11.11|2.70|11.23|4455780|49933352.00|1|0.0000|0.0000|0.0000|0|11.23
天华新能|300390|0.33|5431294|116992816.00|0.51|1.40|-0.42|21.45|21.49|21.68|21.29|5.43|21.38|6076950|130267936.00|1|0.0000|0.0000|0.0000|0|21.38
*ST长药|300391|0.00|14320946|77738296.00|-0.36|0.91|-3.99|5.52|5.50|5.57|5.30|14.32|5.52|12456700|69895168.00|1|0.0000|0.0000|0.0000|0|5.52
中来股份|300393|0.17|10868048|63256876.00|-0.35|1.73|-1.04|5.80|5.77|5.89|5.73|10.87|5.79|15098362|87446720.00|1|0.0000|0.0000|0.0000|0|5.79
天孚通信|300394|1.25|9858456|843009664.00|0.52|2.51|0.18|85.25|84.64|86.31|84.35|9.86|84.20|6644674|560284288.00|1|0.0000|0.0000|0.0000|0|84.20
菲利华|300395|-1.16|4014800|185461344.00|0.11|0.58|-2.25|46.11|46.70|46.92|45.60|4.01|46.65|9729386|453702112.00|1|0.0000|0.0000|0.0000|0|46.65
迪瑞医疗|300396|-2.29|7264510|108948080.00|-0.92|0.59|-2.81|14.94|15.15|15.38|14.86|7.26|15.29|13630450|211479056.00|1|0.0000|0.0000|0.0000|0|15.29
天和防务|300397|-1.30|21214861|259086928.00|-0.24|0.73|-2.27|12.17|12.30|12.42|12.05|21.21|12.33|26359800|328565152.00|1|0.0000|0.0000|0.0000|0|12.33
飞凯材料|300398|-1.73|42911498|777058944.00|-1.89|-0.22|-3.57|18.18|18.15|18.46|17.84|42.91|18.50|59391190|1072677824.00|1|0.0000|0.0000|0.0000|0|18.50
天利科技|300399|0.48|4454900|92992768.00|0.05|2.52|-0.19|20.74|20.65|21.16|20.60|4.45|20.64|7283336|152492512.00|1|0.0000|0.0000|0.0000|0|20.64
劲拓股份|300400|-0.48|4135300|68687480.00|-1.02|1.15|-1.02|16.51|16.42|16.78|16.42|4.14|16.59|6709300|111884648.00|1|0.0000|0.0000|0.0000|0|16.59
花园生物|300401|0.36|9294400|130885088.00|-0.14|0.92|-0.85|14.13|14.06|14.21|13.96|9.29|14.08|18354760|259573888.00|1|0.0000|0.0000|0.0000|0|14.08
宝色股份|300402|-3.12|15749800|291916448.00|0.05|0.74|-3.60|18.29|18.89|19.02|18.20|15.75|18.88|18814159|355752224.00|1|0.0000|0.0000|0.0000|0|18.88
汉宇集团|300403|1.99|32960786|542238592.00|1.18|4.17|0.19|16.39|16.26|16.74|16.10|32.96|16.07|29416908|476675200.00|1|0.0000|0.0000|0.0000|0|16.07
博济医药|300404|0.98|23328664|240473168.00|-0.59|2.74|-0.98|10.31|10.15|10.49|10.11|23.33|10.21|36660194|376791616.00|1|0.0000|0.0000|0.0000|0|10.21
科隆股份|300405|-0.66|6533676|30005032.00|0.66|1.97|-0.88|4.54|4.60|4.66|4.53|6.53|4.57|8869169|40890648.00|1|0.0000|0.0000|0.0000|0|4.57
九强生物|300406|0.61|5119332|84327840.00|-0.18|1.96|-0.49|16.43|16.30|16.65|16.25|5.12|16.33|7140404|116213992.00|1|0.0000|0.0000|0.0000|0|16.33
凯发电气|300407|0.65|3793900|41600276.00|-0.28|2.86|-0.28|10.91|10.81|11.15|10.81|3.79|10.84|4909378|53474824.00|1|0.0000|0.0000|0.0000|0|10.84
三环集团|300408|0.33|5891266|232502800.00|0.51|1.27|-0.20|39.51|39.58|39.88|39.30|5.89|39.38|10661092|423138912.00|1|0.0000|0.0000|0.0000|0|39.38
道氏技术|300409|2.59|46549327|740350336.00|0.00|4.66|-0.06|15.84|15.44|16.16|15.43|46.55|15.44|27904578|432538784.00|1|0.0000|0.0000|0.0000|0|15.44
正业科技|300410|-0.77|6601535|34105216.00|0.00|1.35|-1.16|5.14|5.18|5.25|5.12|6.60|5.18|7754500|40675016.00|1|0.0000|0.0000|0.0000|0|5.18
金盾股份|300411|-2.40|9302600|117760664.00|-0.70|-0.23|-2.48|12.58|12.80|12.86|12.57|9.30|12.89|14026957|180492896.00|1|0.0000|0.0000|0.0000|0|12.89
迦南科技|300412|2.22|19215790|105732608.00|1.29|3.51|-0.74|5.53|5.48|5.60|5.37|19.22|5.41|17411130|94417832.00|1|0.0000|0.0000|0.0000|0|5.41
芒果超媒|300413|-0.36|7159817|201885616.00|0.36|2.89|-0.68|27.94|28.14|28.85|27.85|7.16|28.04|8217499|230284432.00|1|0.0000|0.0000|0.0000|0|28.04
中光防雷|300414|0.51|3889060|30551794.00|-0.51|2.06|-0.51|7.81|7.73|7.93|7.73|3.89|7.77|4203680|32828358.00|1|0.0000|0.0000|0.0000|0|7.77
伊之密|300415|1.41|8552212|197472032.00|-0.18|2.99|-0.66|23.04|22.68|23.40|22.57|8.55|22.72|8276107|188403040.00|1|0.0000|0.0000|0.0000|0|22.72
苏试试验|300416|0.34|25703941|444009120.00|-1.03|0.98|-3.16|17.49|17.25|17.60|16.88|25.70|17.43|39490246|695178944.00|1|0.0000|0.0000|0.0000|0|17.43
南华仪器|300417|0.09|1586100|17903176.00|-0.09|1.78|-0.80|11.23|11.21|11.42|11.13|1.59|11.22|2503200|28236778.00|1|0.0000|0.0000|0.0000|0|11.22
昆仑万维|300418|0.12|11378544|390841760.00|0.00|1.26|-0.26|34.24|34.20|34.63|34.11|11.38|34.20|15013038|517649440.00|1|0.0000|0.0000|0.0000|0|34.20
ST浩丰|300419|0.00|8285600|44900216.00|0.18|1.29|-1.11|5.41|5.42|5.48|5.35|8.29|5.41|10765400|58387104.00|1|0.0000|0.0000|0.0000|0|5.41
五洋自控|300420|0.00|16672224|49381576.00|0.34|1.70|-0.68|2.94|2.95|2.99|2.92|16.67|2.94|22452280|66512392.00|1|0.0000|0.0000|0.0000|0|2.94
力星股份|300421|-5.93|58589894|1063189760.00|-2.03|2.62|-6.73|17.60|18.33|19.20|17.45|58.59|18.71|79879723|1491937792.00|1|0.0000|0.0000|0.0000|0|18.71
博世科|300422|0.00|7499211|31299306.00|-0.24|1.92|-1.20|4.16|4.15|4.24|4.11|7.50|4.16|7433800|31035820.00|1|0.0000|0.0000|0.0000|0|4.16
昇辉科技|300423|4.87|18927765|156084080.00|0.00|5.74|-1.62|8.40|8.01|8.47|7.88|18.93|8.01|7324333|57929552.00|1|0.0000|0.0000|0.0000|0|8.01
航新科技|300424|-1.12|3269900|49245136.00|-0.13|0.46|-1.32|15.00|15.15|15.24|14.97|3.27|15.17|3627000|55148112.00|1|0.0000|0.0000|0.0000|0|15.17
中建环能|300425|-0.98|11525623|58383284.00|-0.39|0.39|-1.37|5.05|5.08|5.12|5.03|11.53|5.10|19326972|99074000.00|1|0.0000|0.0000|0.0000|0|5.10
华智数媒|300426|4.85|16241380|181430224.00|0.56|6.16|0.00|11.24|10.78|11.38|10.72|16.24|10.72|11719742|126134088.00|1|0.0000|0.0000|0.0000|0|10.72
红相股份|300427|-0.38|5311216|28060220.00|-0.38|1.13|-0.76|5.27|5.27|5.35|5.25|5.31|5.29|7870451|41820820.00|1|0.0000|0.0000|0.0000|0|5.29
立中集团|300428|1.33|8039285|147881584.00|0.17|3.76|-0.50|18.31|18.10|18.75|17.98|8.04|18.07|6073300|110416688.00|1|0.0000|0.0000|0.0000|0|18.07
强力新材|300429|-4.02|33586338|438232960.00|-1.04|-0.30|-4.17|12.90|13.30|13.40|12.88|33.59|13.44|48538232|636873088.00|1|0.0000|0.0000|0.0000|0|13.44
诚益通|300430|-2.04|14741710|277790176.00|-1.99|0.10|-2.46|18.74|18.75|19.15|18.66|14.74|19.13|27305780|526535072.00|1|0.0000|0.0000|0.0000|0|19.13
富临精工|300432|3.38|37149891|721044416.00|-0.37|4.44|-0.74|19.56|18.85|19.76|18.78|37.15|18.92|36422091|702003840.00|1|0.0000|0.0000|0.0000|0|18.92
蓝思科技|300433|2.60|29432076|738599168.00|0.65|2.80|0.12|25.28|24.80|25.33|24.67|29.43|24.64|36610583|912682560.00|1|0.0000|0.0000|0.0000|0|24.64
金石亚药|300434|-1.50|7142500|61253480.00|0.00|0.69|-1.85|8.51|8.64|8.70|8.48|7.14|8.64|14170880|122578968.00|1|0.0000|0.0000|0.0000|0|8.64
中泰股份|300435|-0.44|6495100|89457288.00|0.07|1.75|-1.53|13.68|13.75|13.98|13.53|6.50|13.74|9004010|122459504.00|1|0.0000|0.0000|0.0000|0|13.74
广生堂|300436|-2.35|2658400|90128672.00|-1.07|-0.15|-2.73|33.63|34.07|34.39|33.50|2.66|34.44|5950600|202655040.00|1|0.0000|0.0000|0.0000|0|34.44
清水源|300437|-1.25|5046849|40235836.00|0.00|1.50|-1.75|7.91|8.01|8.13|7.87|5.05|8.01|5916366|47680612.00|1|0.0000|0.0000|0.0000|0|8.01
鹏辉能源|300438|1.09|5432481|146815888.00|0.71|2.10|-0.15|26.98|26.88|27.25|26.65|5.43|26.69|6213831|167372752.00|1|0.0000|0.0000|0.0000|0|26.69
美康生物|300439|1.27|25402520|301731008.00|-0.76|2.46|-1.53|11.94|11.70|12.08|11.61|25.40|11.79|30786847|368493376.00|1|0.0000|0.0000|0.0000|0|11.79
运达科技|300440|1.37|17716388|159091952.00|-0.91|5.14|-1.60|8.88|8.68|9.21|8.62|17.72|8.76|13056373|115145768.00|1|0.0000|0.0000|0.0000|0|8.76
鲍斯股份|300441|1.94|23728748|238335392.00|-0.51|4.89|-0.71|10.00|9.76|10.29|9.74|23.73|9.81|16997787|167471824.00|1|0.0000|0.0000|0.0000|0|9.81
润泽科技|300442|1.87|16029509|908374912.00|-0.34|2.16|-0.91|57.13|55.89|57.29|55.57|16.03|56.08|17073692|963942016.00|1|0.0000|0.0000|0.0000|0|56.08
金雷股份|300443|2.03|10723280|233648720.00|-0.09|4.95|-1.32|21.65|21.20|22.27|20.94|10.72|21.22|8000888|172300416.00|1|0.0000|0.0000|0.0000|0|21.22
双杰电气|300444|-1.18|33593758|255542928.00|-0.65|0.78|-1.57|7.56|7.60|7.71|7.53|33.59|7.65|44729556|346362944.00|1|0.0000|0.0000|0.0000|0|7.65
康斯特|300445|-1.53|8433540|181053280.00|0.09|1.90|-2.08|21.26|21.61|22.00|21.14|8.43|21.59|14547020|317137376.00|1|0.0000|0.0000|0.0000|0|21.59
航天智造|300446|-2.11|36224544|748301184.00|-1.20|1.44|-2.59|20.41|20.60|21.15|20.31|36.22|20.85|45353709|935953536.00|1|0.0000|0.0000|0.0000|0|20.85
全信股份|300447|0.44|4477790|61806160.00|-0.73|2.47|-1.31|13.80|13.64|14.08|13.56|4.48|13.74|4481930|61528888.00|1|0.0000|0.0000|0.0000|0|13.74
浩云科技|300448|0.60|7777670|52518352.00|-0.45|1.19|-0.60|6.75|6.68|6.79|6.67|7.78|6.71|9057600|61300672.00|1|0.0000|0.0000|0.0000|0|6.71
汉邦高科|300449|-5.37|29184853|229617168.00|-0.98|-0.37|-6.11|7.75|8.11|8.16|7.69|29.18|8.19|28249790|237423552.00|1|0.0000|0.0000|0.0000|0|8.19
先导智能|300450|0.14|10164174|213600176.00|0.38|1.34|-0.19|20.95|21.00|21.20|20.88|10.16|20.92|9805664|206362528.00|1|0.0000|0.0000|0.0000|0|20.92
创业慧康|300451|0.16|56352310|349451392.00|-0.97|1.78|-1.13|6.19|6.12|6.29|6.11|56.35|6.18|75343480|472564288.00|1|0.0000|0.0000|0.0000|0|6.18
山河药辅|300452|0.25|3829273|46477500.00|-0.17|1.07|-0.99|12.14|12.09|12.24|11.99|3.83|12.11|7949670|96761024.00|1|0.0000|0.0000|0.0000|0|12.11
三鑫医疗|300453|0.37|8523264|69408096.00|-0.62|0.74|-0.98|8.16|8.08|8.19|8.05|8.52|8.13|13088633|106142608.00|1|0.0000|0.0000|0.0000|0|8.13
深信服|300454|0.28|5601784|575150656.00|0.19|2.44|-0.49|102.30|102.20|104.50|101.51|5.60|102.01|8989584|938608064.00|1|0.0000|0.0000|0.0000|0|102.01
航天智装|300455|-0.45|7180023|94809304.00|-0.30|0.30|-1.28|13.22|13.24|13.32|13.11|7.18|13.28|8979800|119580976.00|1|0.0000|0.0000|0.0000|0|13.28
赛微电子|300456|-0.53|9236100|157672848.00|0.00|3.23|-0.53|16.93|17.02|17.57|16.93|9.24|17.02|8935134|151971904.00|1|0.0000|0.0000|0.0000|0|17.02
赢合科技|300457|-0.10|7053929|139328448.00|-0.10|1.67|-0.81|19.70|19.70|20.05|19.56|7.05|19.72|9726900|193631776.00|1|0.0000|0.0000|0.0000|0|19.72
全志科技|300458|-0.75|16553600|855408448.00|-0.06|0.83|-1.14|51.44|51.80|52.26|51.24|16.55|51.83|23479601|1230249600.00|1|0.0000|0.0000|0.0000|0|51.83
汤姆猫|300459|-3.63|233109110|1309305984.00|-0.17|1.04|-5.36|5.57|5.77|5.84|5.47|233.11|5.78|117249704|683524864.00|1|0.0000|0.0000|0.0000|0|5.78
ST惠伦|300460|-1.73|5524752|66676800.00|-0.58|0.41|-2.14|11.96|12.10|12.22|11.91|5.52|12.17|4986900|61342788.00|1|0.0000|0.0000|0.0000|0|12.17
田中精机|300461|0.24|5189580|108774952.00|0.19|5.64|-0.24|20.62|20.61|21.73|20.52|5.19|20.57|4082700|84268424.00|1|0.0000|0.0000|0.0000|0|20.57
ST华铭|300462|-0.79|5139200|45820088.00|-0.34|2.02|-1.12|8.83|8.87|9.08|8.80|5.14|8.90|6923209|61788184.00|1|0.0000|0.0000|0.0000|0|8.90
迈克生物|300463|-1.19|5465498|73192064.00|-0.15|0.30|-1.34|13.32|13.46|13.52|13.30|5.47|13.48|11282500|151452800.00|1|0.0000|0.0000|0.0000|0|13.48
星徽股份|300464|-0.43|4022464|18675952.00|0.43|0.86|-0.65|4.62|4.66|4.68|4.61|4.02|4.64|4089600|19132772.00|1|0.0000|0.0000|0.0000|0|4.64
高伟达|300465|-3.49|18421000|269545472.00|-5.08|-2.37|-6.00|14.64|14.40|14.81|14.26|18.42|15.17|11545200|176473376.00|1|0.0000|0.0000|0.0000|0|15.17
赛摩智能|300466|11.32|82857940|950911616.00|1.43|12.75|1.43|11.70|10.66|11.85|10.66|82.86|10.51|58928780|625823296.00|1|0.0000|0.0000|0.0000|0|10.51
迅游科技|300467|0.25|7617600|152379968.00|-0.25|4.38|-1.27|19.68|19.58|20.49|19.38|7.62|19.63|7172100|139645104.00|1|0.0000|0.0000|0.0000|0|19.63
四方精创|300468|1.17|8108704|125770816.00|0.00|2.15|-0.46|15.50|15.32|15.65|15.25|8.11|15.32|8439118|130493616.00|1|0.0000|0.0000|0.0000|0|15.32
信息发展|300469|-12.93|33133083|998274176.00|-0.75|-0.75|-20.01|30.29|34.53|34.53|27.83|33.13|34.79|7313908|250422736.00|1|0.0000|0.0000|0.0000|0|34.79
中密控股|300470|-1.40|3493314|133765792.00|-0.52|0.10|-1.86|38.12|38.46|38.70|37.94|3.49|38.66|6751827|258449424.00|1|0.0000|0.0000|0.0000|0|38.66
厚普股份|300471|-1.32|3788600|34115696.00|-0.11|0.00|-1.54|8.98|9.09|9.10|8.96|3.79|9.10|4931700|44929924.00|1|0.0000|0.0000|0.0000|0|9.10
*ST新元|300472|-2.02|22140759|107713880.00|-1.01|0.81|-2.43|4.84|4.89|4.98|4.82|22.14|4.94|39562372|200978336.00|1|0.0000|0.0000|0.0000|0|4.94
德尔股份|300473|1.62|8839780|253637216.00|0.25|3.25|-0.35|28.79|28.40|29.25|28.23|8.84|28.33|7014077|199519328.00|1|0.0000|0.0000|0.0000|0|28.33
景嘉微|300474|-0.71|4558100|356045408.00|0.03|0.66|-0.94|77.77|78.35|78.85|77.59|4.56|78.33|5299184|418196128.00|1|0.0000|0.0000|0.0000|0|78.33
香农芯创|300475|-0.44|17148293|631460480.00|-0.79|2.23|-1.12|36.53|36.40|37.51|36.28|17.15|36.69|17019489|631098240.00|1|0.0000|0.0000|0.0000|0|36.69
胜宏科技|300476|1.97|29075768|2357164544.00|2.12|3.97|1.12|80.68|80.80|82.26|80.01|29.08|79.12|31335201|2510909440.00|1|0.0000|0.0000|0.0000|0|79.12
ST合纵|300477|-4.39|77390713|241462288.00|0.00|0.63|-4.70|3.05|3.19|3.21|3.04|77.39|3.19|84764877|267919056.00|1|0.0000|0.0000|0.0000|0|3.19
杭州高新|300478|-0.99|3344100|40428388.00|0.74|1.48|-1.56|12.03|12.24|12.33|11.96|3.34|12.15|4245200|51986836.00|1|0.0000|0.0000|0.0000|0|12.15
神思电子|300479|0.48|8329276|177240928.00|-0.52|3.58|-1.43|21.06|20.85|21.71|20.66|8.33|20.96|7095005|149338896.00|1|0.0000|0.0000|0.0000|0|20.96
光力科技|300480|-1.51|3850200|55650056.00|-0.48|0.89|-1.86|14.33|14.48|14.68|14.28|3.85|14.55|4637530|67862984.00|1|0.0000|0.0000|0.0000|0|14.55
濮阳惠成|300481|-0.99|4830150|73177464.00|-0.33|1.05|-1.45|15.07|15.17|15.38|15.00|4.83|15.22|5974100|90923616.00|1|0.0000|0.0000|0.0000|0|15.22
万孚生物|300482|0.08|4028997|95800608.00|-0.38|0.59|-0.76|23.79|23.68|23.91|23.59|4.03|23.77|9904961|236250608.00|1|0.0000|0.0000|0.0000|0|23.77
首华燃气|300483|-1.99|7125149|59894812.00|-0.23|0.35|-2.69|8.37|8.52|8.57|8.31|7.13|8.54|10447169|91423920.00|1|0.0000|0.0000|0.0000|0|8.54
蓝海华腾|300484|1.72|6567500|133332552.00|-0.45|4.29|-0.76|20.16|19.73|20.67|19.67|6.57|19.82|4045900|80741664.00|1|0.0000|0.0000|0.0000|0|19.82
赛升药业|300485|1.99|22065938|174826416.00|6.62|10.07|1.59|7.70|8.05|8.31|7.67|22.07|7.55|10535604|79965832.00|1|0.0000|0.0000|0.0000|0|7.55
东杰智能|300486|-0.15|5535200|37120500.00|0.60|1.65|-0.60|6.66|6.71|6.78|6.63|5.54|6.67|6806075|45476324.00|1|0.0000|0.0000|0.0000|0|6.67
蓝晓科技|300487|1.40|2021011|95130840.00|-0.06|2.49|-0.65|47.15|46.47|47.66|46.20|2.02|46.50|1967988|91571720.00|1|0.0000|0.0000|0.0000|0|46.50
恒锋工具|300488|1.26|2687797|100230208.00|-0.49|3.36|-1.04|37.11|36.47|37.88|36.27|2.69|36.65|1727504|63628308.00|1|0.0000|0.0000|0.0000|0|36.65
光智科技|300489|-0.34|1642900|82503072.00|-0.50|0.75|-0.93|50.20|50.12|50.75|49.90|1.64|50.37|2693700|135716992.00|1|0.0000|0.0000|0.0000|0|50.37
华自科技|300490|-0.86|5732500|46676120.00|-0.49|1.23|-1.11|8.07|8.10|8.24|8.05|5.73|8.14|6306608|51367876.00|1|0.0000|0.0000|0.0000|0|8.14
通合科技|300491|0.22|3423372|62489620.00|0.00|1.49|-0.77|18.20|18.16|18.43|18.02|3.42|18.16|4183400|76506568.00|1|0.0000|0.0000|0.0000|0|18.16
华图山鼎|300492|-0.14|376000|33190512.00|0.14|1.47|-0.36|87.79|88.03|89.20|87.59|0.38|87.91|517700|45740484.00|1|0.0000|0.0000|0.0000|0|87.91
润欣科技|300493|0.13|18829030|424576096.00|2.28|2.64|-0.36|22.41|22.89|22.97|22.30|18.83|22.38|27502525|625191552.00|1|0.0000|0.0000|0.0000|0|22.38
盛天网络|300494|0.25|7355541|87928680.00|-1.01|1.94|-1.01|11.87|11.72|12.07|11.72|7.36|11.84|12104438|143466272.00|1|0.0000|0.0000|0.0000|0|11.84
中科创达|300496|0.21|5653734|327243648.00|-0.16|0.99|-0.64|57.81|57.60|58.26|57.32|5.65|57.69|8417225|488340640.00|1|0.0000|0.0000|0.0000|0|57.69
富祥药业|300497|-1.60|17441687|153325600.00|3.09|4.23|-2.06|8.60|9.01|9.11|8.56|17.44|8.74|18155720|158004288.00|1|0.0000|0.0000|0.0000|0|8.74
温氏股份|300498|-0.36|25171108|421634496.00|0.18|0.48|-0.54|16.73|16.82|16.87|16.70|25.17|16.79|36190412|609180928.00|1|0.0000|0.0000|0.0000|0|16.79
高澜股份|300499|0.40|20050661|406803488.00|-0.70|3.26|-0.70|20.02|19.80|20.59|19.80|20.05|19.94|23659477|469251392.00|1|0.0000|0.0000|0.0000|0|19.94
启迪设计|300500|-0.09|2028600|22181464.00|-0.27|1.10|-1.10|10.92|10.90|11.05|10.81|2.03|10.93|3248280|35766280.00|1|0.0000|0.0000|0.0000|0|10.93
海顺新材|300501|3.26|7770410|125347448.00|1.47|4.86|0.64|16.15|15.87|16.40|15.74|7.77|15.64|6843118|108120240.00|1|0.0000|0.0000|0.0000|0|15.64
新易盛|300502|2.42|29975537|2991293696.00|0.43|4.60|0.03|99.53|97.60|101.65|97.21|29.98|97.18|17813189|1728744704.00|1|0.0000|0.0000|0.0000|0|97.18
昊志机电|300503|1.75|11947100|299744544.00|0.00|3.83|-0.08|24.99|24.56|25.50|24.54|11.95|24.56|9978250|247264352.00|1|0.0000|0.0000|0.0000|0|24.56
天邑股份|300504|0.19|2038400|31759376.00|-0.45|1.61|-0.45|15.51|15.41|15.73|15.41|2.04|15.48|2885800|44947060.00|1|0.0000|0.0000|0.0000|0|15.48
川金诺|300505|-0.19|14003406|223630800.00|0.00|2.08|-0.69|15.85|15.88|16.21|15.77|14.00|15.88|18038740|286624768.00|1|0.0000|0.0000|0.0000|0|15.88
*ST名家|300506|-1.15|4808675|16693850.00|0.57|1.15|-2.01|3.45|3.51|3.53|3.42|4.81|3.49|5063590|17648476.00|1|0.0000|0.0000|0.0000|0|3.49
苏奥传感|300507|1.82|29564620|232518688.00|-0.65|3.90|-1.04|7.84|7.65|8.00|7.62|29.56|7.70|23271152|180520304.00|1|0.0000|0.0000|0.0000|0|7.70
维宏股份|300508|2.27|6414252|224171184.00|0.38|2.73|-0.61|35.20|34.55|35.36|34.21|6.41|34.42|3892084|131606904.00|1|0.0000|0.0000|0.0000|0|34.42
新美星|300509|0.77|5061900|39933068.00|-0.26|2.57|-0.90|7.85|7.77|7.99|7.72|5.06|7.79|4799300|37670924.00|1|0.0000|0.0000|0.0000|0|7.79
金冠股份|300510|1.62|33931881|148453568.00|0.69|3.94|-1.62|4.39|4.35|4.49|4.25|33.93|4.32|31918530|137559456.00|1|0.0000|0.0000|0.0000|0|4.32
雪榕生物|300511|0.00|26835051|124281792.00|0.66|3.06|-0.66|4.58|4.61|4.72|4.55|26.84|4.58|34782763|159567424.00|1|0.0000|0.0000|0.0000|0|4.58
中亚股份|300512|1.52|2853950|22846420.00|-0.25|2.79|-0.51|8.01|7.87|8.11|7.85|2.85|7.89|2923200|23122088.00|1|0.0000|0.0000|0.0000|0|7.89
恒实科技|300513|1.60|7517436|62185076.00|0.00|3.57|-0.74|8.26|8.13|8.42|8.07|7.52|8.13|7965812|65222768.00|1|0.0000|0.0000|0.0000|0|8.13
友讯达|300514|1.59|6794000|108851088.00|0.00|4.08|-1.08|15.95|15.70|16.34|15.53|6.79|15.70|6913600|108878320.00|1|0.0000|0.0000|0.0000|0|15.70
三德科技|300515|1.14|5057900|85660504.00|-0.12|3.00|-0.60|16.85|16.64|17.16|16.56|5.06|16.66|4437500|74223592.00|1|0.0000|0.0000|0.0000|0|16.66
久之洋|300516|-1.26|1586350|54810264.00|0.00|0.00|-1.66|34.44|34.88|34.88|34.30|1.59|34.88|3194950|112929248.00|1|0.0000|0.0000|0.0000|0|34.88
海波重科|300517|-0.64|2941400|27651744.00|0.11|1.60|-1.07|9.32|9.39|9.53|9.28|2.94|9.38|3671400|34656448.00|1|0.0000|0.0000|0.0000|0|9.38
新迅达|300518|-0.50|1985836|19748254.00|1.01|1.21|-0.70|9.88|10.03|10.05|9.86|1.99|9.93|3846768|38255760.00|1|0.0000|0.0000|0.0000|0|9.93
新光药业|300519|-0.70|4092830|58686656.00|0.28|1.32|-1.53|14.27|14.41|14.56|14.15|4.09|14.37|8050254|116182792.00|1|0.0000|0.0000|0.0000|0|14.37
科大国创|300520|-0.16|7542856|186061008.00|-0.97|1.46|-1.14|24.60|24.40|25.00|24.36|7.54|24.64|10111400|251726592.00|1|0.0000|0.0000|0.0000|0|24.64
爱司凯|300521|0.13|2807520|66289732.00|-0.34|1.78|-1.19|23.61|23.50|24.00|23.30|2.81|23.58|4356180|103642272.00|1|0.0000|0.0000|0.0000|0|23.58
世名科技|300522|2.83|7440790|100233432.00|-0.54|8.10|-0.54|13.45|13.01|14.14|13.01|7.44|13.08|5613702|73752040.00|1|0.0000|0.0000|0.0000|0|13.08
辰安科技|300523|0.15|1295900|26806160.00|0.00|1.21|-0.44|20.63|20.60|20.85|20.51|1.30|20.60|2261650|46648060.00|1|0.0000|0.0000|0.0000|0|20.60
博思软件|300525|0.90|8772646|148149808.00|0.24|2.03|-0.18|16.86|16.75|17.05|16.68|8.77|16.71|12318072|208491088.00|1|0.0000|0.0000|0.0000|0|16.71
ST应急|300527|-0.88|11976823|94790272.00|-0.25|0.25|-1.50|7.91|7.96|8.00|7.86|11.98|7.98|19896137|159476480.00|1|0.0000|0.0000|0.0000|0|7.98
幸福蓝海|300528|0.60|5008620|41891396.00|0.00|2.17|0.00|8.34|8.29|8.47|8.29|5.01|8.29|6153500|51410032.00|1|0.0000|0.0000|0.0000|0|8.29
健帆生物|300529|-1.12|6210852|164522016.00|-0.15|-0.15|-1.53|26.42|26.68|26.68|26.31|6.21|26.72|10737920|286487872.00|1|0.0000|0.0000|0.0000|0|26.72
领湃科技|300530|-0.60|3798500|88529728.00|-0.26|2.80|-1.59|23.08|23.16|23.87|22.85|3.80|23.22|6489800|152405056.00|1|0.0000|0.0000|0.0000|0|23.22
优博讯|300531|0.15|3007100|40975856.00|-0.15|1.40|-0.30|13.56|13.52|13.73|13.50|3.01|13.54|4995150|68344176.00|1|0.0000|0.0000|0.0000|0|13.54
今天国际|300532|1.05|5874951|73859224.00|-0.08|2.34|-0.48|12.54|12.40|12.70|12.35|5.87|12.41|6540450|81610552.00|1|0.0000|0.0000|0.0000|0|12.41
冰川网络|300533|2.75|8319825|216353952.00|0.40|7.39|0.00|25.74|25.15|26.90|25.05|8.32|25.05|6898374|174666672.00|1|0.0000|0.0000|0.0000|0|25.05
陇神戎发|300534|-3.20|68644807|699033024.00|2.33|2.91|-4.47|9.97|10.54|10.60|9.84|68.64|10.30|34469100|348571776.00|1|0.0000|0.0000|0.0000|0|10.30
达威股份|300535|0.34|2217036|32736296.00|-0.27|1.56|-1.29|14.78|14.69|14.96|14.54|2.22|14.73|3355206|49760184.00|1|0.0000|0.0000|0.0000|0|14.73
农尚环境|300536|-3.36|6470800|57175372.00|-0.45|1.57|-4.03|8.64|8.90|9.08|8.58|6.47|8.94|8242521|73401376.00|1|0.0000|0.0000|0.0000|0|8.94
广信材料|300537|-1.55|9457400|177607760.00|-0.11|4.54|-1.98|18.43|18.70|19.57|18.35|9.46|18.72|12709112|237565808.00|1|0.0000|0.0000|0.0000|0|18.72
同益股份|300538|3.18|9498891|151265344.00|-0.65|7.40|-0.65|15.89|15.30|16.54|15.30|9.50|15.40|3248600|49894172.00|1|0.0000|0.0000|0.0000|0|15.40
横河精密|300539|2.57|13817600|200657424.00|-1.50|8.20|-1.50|14.39|13.82|15.18|13.82|13.82|14.03|11508900|165868448.00|1|0.0000|0.0000|0.0000|0|14.03
蜀道装备|300540|-1.42|1825900|43336068.00|-0.71|0.71|-1.63|23.52|23.69|24.03|23.47|1.83|23.86|2462200|58738224.00|1|0.0000|0.0000|0.0000|0|23.86
先进数通|300541|-2.38|24957174|330806400.00|-0.82|0.89|-3.20|13.11|13.32|13.55|13.00|24.96|13.43|26468874|361618880.00|1|0.0000|0.0000|0.0000|0|13.43
新晨科技|300542|-0.81|4254100|73174544.00|-0.06|0.70|-1.28|17.10|17.23|17.36|17.02|4.25|17.24|4515558|78015304.00|1|0.0000|0.0000|0.0000|0|17.24
朗科智能|300543|1.50|10133095|116651144.00|-0.18|3.00|-0.53|11.50|11.31|11.67|11.27|10.13|11.33|8971598|103019368.00|1|0.0000|0.0000|0.0000|0|11.33
联得装备|300545|-2.28|5519400|193266400.00|-0.17|0.90|-2.62|34.67|35.42|35.80|34.55|5.52|35.48|5858800|209575808.00|1|0.0000|0.0000|0.0000|0|35.48
雄帝科技|300546|0.17|2912450|52236432.00|-0.34|1.57|-0.84|17.84|17.75|18.09|17.66|2.91|17.81|3084775|55183752.00|1|0.0000|0.0000|0.0000|0|17.81
川环科技|300547|1.03|7254080|248848336.00|0.00|3.04|-0.41|34.25|33.90|34.93|33.76|7.25|33.90|6700020|230991568.00|1|0.0000|0.0000|0.0000|0|33.90
长芯博创|300548|1.09|11121835|436116256.00|0.03|3.01|-0.16|39.02|38.61|39.76|38.54|11.12|38.60|9234907|360024032.00|1|0.0000|0.0000|0.0000|0|38.60
优德精密|300549|10.21|20252890|431221568.00|0.00|19.99|-0.64|20.73|18.81|22.57|18.69|20.25|18.81|3810300|72397216.00|1|0.0000|0.0000|0.0000|0|18.81
和仁科技|300550|0.75|1445672|19341954.00|-0.45|1.66|-0.53|13.36|13.20|13.48|13.19|1.45|13.26|1613872|21490214.00|1|0.0000|0.0000|0.0000|0|13.26
古鳌科技|300551|0.22|4343300|40401548.00|-0.11|1.52|-0.32|9.26|9.23|9.38|9.21|4.34|9.24|5061900|47105176.00|1|0.0000|0.0000|0.0000|0|9.24
万集科技|300552|2.83|8904605|279006240.00|5.67|7.86|2.70|30.49|31.33|31.98|30.45|8.90|29.65|2461700|73253720.00|1|0.0000|0.0000|0.0000|0|29.65
集智股份|300553|9.80|8673781|404846400.00|0.85|12.89|-0.81|47.61|43.73|48.95|43.01|8.67|43.36|4808176|211102576.00|1|0.0000|0.0000|0.0000|0|43.36
三超新材|300554|-0.57|1629900|34087740.00|0.67|1.29|-1.05|20.79|21.05|21.18|20.69|1.63|20.91|2157000|44963016.00|1|0.0000|0.0000|0.0000|0|20.91
ST路通|300555|0.40|1977050|19891744.00|-0.10|1.10|-1.10|10.05|10.00|10.12|9.90|1.98|10.01|3873200|39081244.00|1|0.0000|0.0000|0.0000|0|10.01
丝路视觉|300556|0.43|2548200|48139124.00|-0.21|2.03|-0.32|18.80|18.68|19.10|18.66|2.55|18.72|2933300|55257776.00|1|0.0000|0.0000|0.0000|0|18.72
理工光科|300557|0.55|1060890|34888240.00|0.06|2.22|-0.18|32.66|32.50|33.20|32.42|1.06|32.48|1472740|48153880.00|1|0.0000|0.0000|0.0000|0|32.48
贝达药业|300558|-0.09|8276349|455467456.00|0.09|1.55|-0.86|54.78|54.88|55.68|54.36|8.28|54.83|12672048|692268800.00|1|0.0000|0.0000|0.0000|0|54.83
佳发教育|300559|-0.18|3361800|38212484.00|-0.53|1.15|-0.53|11.32|11.28|11.47|11.28|3.36|11.34|4243900|48283444.00|1|0.0000|0.0000|0.0000|0|11.34
中富通|300560|-0.16|2758500|35145792.00|0.63|1.42|-0.63|12.66|12.76|12.86|12.60|2.76|12.68|4039900|51774192.00|1|0.0000|0.0000|0.0000|0|12.68
*ST汇科|300561|-20.01|1343600|29371096.00|-20.01|-20.01|-20.01|21.86|21.86|21.86|21.86|1.34|27.33|961000|26264130.00|1|0.0000|0.0000|0.0000|0|27.33
乐心医疗|300562|0.12|16918105|277769152.00|0.00|1.22|-1.58|16.47|16.45|16.65|16.19|16.92|16.45|28265809|468408480.00|1|0.0000|0.0000|0.0000|0|16.45
神宇股份|300563|-0.55|3402340|135606528.00|0.45|1.01|-0.63|39.58|39.98|40.20|39.55|3.40|39.80|4174649|166438448.00|1|0.0000|0.0000|0.0000|0|39.80
筑博设计|300564|0.84|1866620|22439226.00|0.34|2.01|-1.01|12.03|11.97|12.17|11.81|1.87|11.93|3394300|40792496.00|1|0.0000|0.0000|0.0000|0|11.93
科信技术|300565|-2.51|7934880|96696144.00|-0.32|0.32|-2.51|12.03|12.30|12.38|12.03|7.93|12.34|7828422|96976072.00|1|0.0000|0.0000|0.0000|0|12.34
激智科技|300566|-1.03|4586150|93668288.00|-0.34|0.68|-1.12|20.26|20.40|20.61|20.24|4.59|20.47|6896120|141636880.00|1|0.0000|0.0000|0.0000|0|20.47
精测电子|300567|-3.12|9720195|674478144.00|-1.77|-0.82|-3.88|68.84|69.80|70.48|68.30|9.72|71.06|19997562|1402155264.00|1|0.0000|0.0000|0.0000|0|71.06
星源材质|300568|0.68|13360352|138259744.00|-0.19|1.36|-0.39|10.34|10.25|10.41|10.23|13.36|10.27|18267306|187693168.00|1|0.0000|0.0000|0.0000|0|10.27
天能重工|300569|-0.98|39116440|199148880.00|0.98|1.37|-1.37|5.05|5.15|5.17|5.03|39.12|5.10|47085030|242241104.00|1|0.0000|0.0000|0.0000|0|5.10
太辰光|300570|1.67|12406986|1042368128.00|1.03|4.50|0.07|83.52|83.00|85.85|82.21|12.41|82.15|9897791|818856896.00|1|0.0000|0.0000|0.0000|0|82.15
平治信息|300571|0.94|3902700|118903824.00|0.03|3.75|-0.30|30.14|29.87|30.98|29.77|3.90|29.86|3835000|115937208.00|1|0.0000|0.0000|0.0000|0|29.86
安车检测|300572|0.56|3005601|53318748.00|1.41|1.41|-1.92|17.85|18.00|18.00|17.41|3.01|17.75|3120860|55154164.00|1|0.0000|0.0000|0.0000|0|17.75
兴齐眼药|300573|-2.17|6955735|556061440.00|-0.77|0.95|-3.02|79.04|80.17|81.56|78.35|6.96|80.79|9279156|746613376.00|1|0.0000|0.0000|0.0000|0|80.79
中旗股份|300575|2.85|17303282|111241104.00|-0.48|5.07|-1.43|6.49|6.28|6.63|6.22|17.30|6.31|15010578|93822248.00|1|0.0000|0.0000|0.0000|0|6.31
容大感光|300576|-1.73|6232169|277950528.00|-0.33|2.00|-2.44|44.32|44.95|46.00|44.00|6.23|45.10|9519667|428142240.00|1|0.0000|0.0000|0.0000|0|45.10
开润股份|300577|3.97|7260500|174493232.00|-0.09|6.91|-1.51|24.07|23.13|24.75|22.80|7.26|23.15|4808778|109837360.00|1|0.0000|0.0000|0.0000|0|23.15
会畅科技|300578|1.00|2698100|52083276.00|-0.21|1.83|-0.37|19.28|19.05|19.44|19.02|2.70|19.09|3104900|59931216.00|1|0.0000|0.0000|0.0000|0|19.09
数字认证|300579|1.06|3332600|95064144.00|-0.25|1.88|-0.50|28.55|28.18|28.78|28.11|3.33|28.25|3557339|100422936.00|1|0.0000|0.0000|0.0000|0|28.25
贝斯特|300580|0.10|17293027|507626880.00|0.31|2.23|-0.75|29.23|29.29|29.85|28.98|17.29|29.20|20778378|621720832.00|1|0.0000|0.0000|0.0000|0|29.20
晨曦航空|300581|-2.20|8753576|86173584.00|0.60|0.60|-2.50|9.80|10.08|10.08|9.77|8.75|10.02|13107318|131527464.00|1|0.0000|0.0000|0.0000|0|10.02
英飞特|300582|-0.92|2882860|37518964.00|0.00|0.69|-1.23|12.94|13.06|13.15|12.90|2.88|13.06|3160900|41444308.00|1|0.0000|0.0000|0.0000|0|13.06
赛托生物|300583|-1.08|1591900|39548476.00|0.00|1.04|-1.64|24.72|24.99|25.25|24.58|1.59|24.99|3323880|83841096.00|1|0.0000|0.0000|0.0000|0|24.99
海辰药业|300584|-0.29|4837300|100297072.00|0.24|1.45|-1.69|20.64|20.75|21.00|20.35|4.84|20.70|9532350|200753040.00|1|0.0000|0.0000|0.0000|0|20.70
奥联电子|300585|0.54|2284900|34375848.00|0.74|2.42|-0.34|14.97|15.00|15.25|14.84|2.28|14.89|2901200|43604200.00|1|0.0000|0.0000|0.0000|0|14.89
美联新材|300586|-0.45|10330630|92114304.00|0.11|2.71|-0.57|8.80|8.85|9.08|8.79|10.33|8.84|8264348|73095456.00|1|0.0000|0.0000|0.0000|0|8.84
天铁科技|300587|10.46|82387074|418364896.00|4.14|18.30|4.14|5.07|4.78|5.43|4.78|82.39|4.59|12940420|59404320.00|1|0.0000|0.0000|0.0000|0|4.59
熙菱信息|300588|0.57|2182980|26967978.00|0.24|1.30|-0.73|12.37|12.33|12.46|12.21|2.18|12.30|3366580|41739564.00|1|0.0000|0.0000|0.0000|0|12.30
江龙船艇|300589|-2.25|17783642|231806640.00|-0.83|0.00|-3.15|13.02|13.21|13.32|12.90|17.78|13.32|31830133|428442752.00|1|0.0000|0.0000|0.0000|0|13.32
移为通信|300590|0.36|6195080|86927144.00|0.07|1.80|0.00|13.96|13.92|14.16|13.91|6.20|13.91|7853000|110337296.00|1|0.0000|0.0000|0.0000|0|13.91
万里马|300591|-1.05|13777200|65291436.00|0.42|1.26|-1.68|4.71|4.78|4.82|4.68|13.78|4.76|20523960|99518800.00|1|0.0000|0.0000|0.0000|0|4.76
华凯易佰|300592|-0.56|3131200|38816128.00|0.00|1.21|-0.81|12.33|12.40|12.55|12.30|3.13|12.40|5498400|68379704.00|1|0.0000|0.0000|0.0000|0|12.40
新雷能|300593|-1.39|7855107|112477600.00|-0.35|1.11|-1.87|14.21|14.36|14.57|14.14|7.86|14.41|10741173|155149600.00|1|0.0000|0.0000|0.0000|0|14.41
朗进科技|300594|0.24|1393600|23195536.00|1.88|2.19|-0.85|16.49|16.76|16.81|16.31|1.39|16.45|1819700|30069926.00|1|0.0000|0.0000|0.0000|0|16.45
欧普康视|300595|-0.99|5606294|90270512.00|-0.19|0.12|-1.30|16.05|16.18|16.23|16.00|5.61|16.21|8590562|139508608.00|1|0.0000|0.0000|0.0000|0|16.21
利安隆|300596|0.07|1918700|58692280.00|-0.36|1.21|-0.59|30.52|30.39|30.87|30.32|1.92|30.50|3260000|99994496.00|1|0.0000|0.0000|0.0000|0|30.50
吉大通信|300597|1.10|4780817|44051432.00|-0.44|2.31|-0.44|9.19|9.05|9.30|9.05|4.78|9.09|5622500|51324532.00|1|0.0000|0.0000|0.0000|0|9.09
诚迈科技|300598|0.48|2216840|101753088.00|0.00|1.27|-0.55|45.92|45.70|46.28|45.45|2.22|45.70|3330151|153301024.00|1|0.0000|0.0000|0.0000|0|45.70
雄塑科技|300599|-0.29|2648150|18563842.00|0.00|2.01|-1.15|6.96|6.98|7.12|6.90|2.65|6.98|3539300|24742490.00|1|0.0000|0.0000|0.0000|0|6.98
国瑞科技|300600|1.10|1691448|13955571.00|0.37|1.59|-0.12|8.27|8.21|8.31|8.17|1.69|8.18|2034400|16664655.00|1|0.0000|0.0000|0.0000|0|8.18
康泰生物|300601|-1.65|12404340|193725776.00|-0.38|0.19|-2.28|15.53|15.73|15.82|15.43|12.40|15.79|23233080|367150528.00|1|0.0000|0.0000|0.0000|0|15.79
飞荣达|300602|1.43|9571812|203623040.00|-0.48|2.44|-0.62|21.24|20.84|21.45|20.81|9.57|20.94|8299696|174287264.00|1|0.0000|0.0000|0.0000|0|20.94
立昂技术|300603|-0.50|13621655|163636768.00|-0.25|2.00|-1.67|11.94|11.97|12.24|11.80|13.62|12.00|18462601|223739824.00|1|0.0000|0.0000|0.0000|0|12.00
长川科技|300604|-0.31|7929214|334168000.00|-0.40|0.52|-0.88|42.15|42.11|42.50|41.91|7.93|42.28|13252269|559647872.00|1|0.0000|0.0000|0.0000|0|42.28
恒锋信息|300605|-0.43|3389900|47028296.00|0.36|1.59|-0.58|13.75|13.86|14.03|13.73|3.39|13.81|4988820|69511792.00|1|0.0000|0.0000|0.0000|0|13.81
金太阳|300606|0.27|1376700|25625332.00|-0.32|1.13|-0.81|18.61|18.50|18.77|18.41|1.38|18.56|1514500|28203804.00|1|0.0000|0.0000|0.0000|0|18.56
拓斯达|300607|0.61|13941388|415333824.00|-0.41|2.48|-0.99|29.60|29.30|30.15|29.13|13.94|29.42|14639248|436390976.00|1|0.0000|0.0000|0.0000|0|29.42
思特奇|300608|2.05|16469829|198437904.00|-0.51|6.06|-0.94|11.96|11.66|12.43|11.61|16.47|11.72|12524329|148102560.00|1|0.0000|0.0000|0.0000|0|11.72
汇纳科技|300609|3.45|4963570|141248480.00|-0.11|4.06|-0.97|28.78|27.79|28.95|27.55|4.96|27.82|4757850|132839176.00|1|0.0000|0.0000|0.0000|0|27.82
晨化股份|300610|2.66|12012630|129975840.00|1.24|6.46|0.76|10.80|10.65|11.20|10.60|12.01|10.52|9623619|100899808.00|1|0.0000|0.0000|0.0000|0|10.52
美力科技|300611|-4.02|36557313|1143494784.00|-2.76|3.45|-6.52|30.60|31.00|32.98|29.80|36.56|31.88|49470244|1578760064.00|1|0.0000|0.0000|0.0000|0|31.88
宣亚国际|300612|0.62|3220000|46876044.00|0.00|2.15|-0.35|14.52|14.43|14.74|14.38|3.22|14.43|3733150|54269572.00|1|0.0000|0.0000|0.0000|0|14.43
富瀚微|300613|0.46|2990797|168739392.00|-0.45|1.64|-0.45|56.32|55.81|56.98|55.81|2.99|56.06|2853498|161401184.00|1|0.0000|0.0000|0.0000|0|56.06
百川畅银|300614|1.89|3603768|42571996.00|2.93|3.36|-1.72|11.83|11.95|12.00|11.41|3.60|11.61|3681400|42932832.00|1|0.0000|0.0000|0.0000|0|11.61
欣天科技|300615|0.96|3608000|45458984.00|0.00|2.25|-0.96|12.59|12.47|12.75|12.35|3.61|12.47|4198800|52313556.00|1|0.0000|0.0000|0.0000|0|12.47
尚品宅配|300616|1.05|2419300|30318712.00|0.00|2.34|-0.24|12.51|12.38|12.67|12.35|2.42|12.38|2731600|34000992.00|1|0.0000|0.0000|0.0000|0|12.38
安靠智电|300617|-0.43|1592990|47736572.00|0.03|1.07|-0.93|29.85|29.99|30.30|29.70|1.59|29.98|1435675|43370748.00|1|0.0000|0.0000|0.0000|0|29.98
寒锐钴业|300618|-0.39|3164400|114604560.00|-0.19|0.66|-0.52|36.08|36.15|36.46|36.03|3.16|36.22|4789593|173630176.00|1|0.0000|0.0000|0.0000|0|36.22
金银河|300619|-2.67|4853773|136606064.00|-4.57|-0.38|-4.57|28.10|27.55|28.76|27.55|4.85|28.87|7370458|215545056.00|1|0.0000|0.0000|0.0000|0|28.87
光库科技|300620|0.57|3745000|174432592.00|0.94|2.48|0.24|46.23|46.40|47.11|46.08|3.74|45.97|3750804|173019984.00|1|0.0000|0.0000|0.0000|0|45.97
维业股份|300621|0.92|3121615|27280834.00|0.35|1.85|-0.23|8.74|8.69|8.82|8.64|3.12|8.66|3851815|33477910.00|1|0.0000|0.0000|0.0000|0|8.66
博士眼镜|300622|0.29|5093300|226534064.00|-0.72|1.42|-1.15|44.45|44.00|44.95|43.81|5.09|44.32|8981000|406421600.00|1|0.0000|0.0000|0.0000|0|44.32
捷捷微电|300623|1.38|9108156|286766624.00|0.00|1.63|-0.29|31.63|31.20|31.71|31.11|9.11|31.20|7274520|227796192.00|1|0.0000|0.0000|0.0000|0|31.20
万兴科技|300624|1.63|5906411|368713728.00|0.00|3.10|0.00|62.38|61.38|63.28|61.38|5.91|61.38|3883798|240422448.00|1|0.0000|0.0000|0.0000|0|61.38
三雄极光|300625|0.43|1161500|13501449.00|-0.26|1.21|-0.86|11.63|11.55|11.72|11.48|1.16|11.58|1752200|20335984.00|1|0.0000|0.0000|0.0000|0|11.58
华瑞股份|300626|1.91|4477740|45489936.00|-0.30|4.12|-0.40|10.13|9.91|10.35|9.90|4.48|9.94|4313900|43390492.00|1|0.0000|0.0000|0.0000|0|9.94
华测导航|300627|1.55|5115857|211670160.00|0.05|2.82|-0.07|41.34|40.73|41.86|40.68|5.12|40.71|4418935|182339680.00|1|0.0000|0.0000|0.0000|0|40.71
亿联网络|300628|-0.59|5092897|206174912.00|-0.12|0.79|-0.84|40.38|40.57|40.94|40.28|5.09|40.62|7866954|321178784.00|1|0.0000|0.0000|0.0000|0|40.62
新劲刚|300629|0.40|4973433|99112296.00|0.15|1.57|-0.56|19.87|19.82|20.10|19.68|4.97|19.79|6303161|125125144.00|1|0.0000|0.0000|0.0000|0|19.79
久吾高科|300631|-0.14|999869|21885932.00|-0.23|0.91|-0.73|21.86|21.84|22.09|21.73|1.00|21.89|2235000|49025784.00|1|0.0000|0.0000|0.0000|0|21.89
光莆股份|300632|0.39|3365100|43380856.00|-0.55|1.72|-0.78|12.85|12.73|13.02|12.70|3.37|12.80|4975200|64030184.00|1|0.0000|0.0000|0.0000|0|12.80
开立医疗|300633|1.48|4656300|143826576.00|-0.43|3.36|-0.95|30.85|30.27|31.42|30.11|4.66|30.40|7452000|226530752.00|1|0.0000|0.0000|0.0000|0|30.40
彩讯股份|300634|0.00|8602147|225636128.00|-0.57|1.38|-0.92|26.17|26.02|26.53|25.93|8.60|26.17|12735100|337019456.00|1|0.0000|0.0000|0.0000|0|26.17
中达安|300635|0.10|1998388|19964304.00|-0.40|1.40|-1.10|9.98|9.93|10.11|9.86|2.00|9.97|3638000|36532880.00|1|0.0000|0.0000|0.0000|0|9.97
同和药业|300636|1.14|9821870|78356368.00|0.00|1.64|-0.88|8.01|7.92|8.05|7.85|9.82|7.92|19203152|153294816.00|1|0.0000|0.0000|0.0000|0|7.92
扬帆新材|300637|-1.64|5741600|55547344.00|1.75|2.26|-1.95|9.57|9.90|9.95|9.54|5.74|9.73|9431800|91303304.00|1|0.0000|0.0000|0.0000|0|9.73
广和通|300638|0.95|34317922|1098328448.00|0.60|3.61|-0.25|31.88|31.77|32.72|31.50|34.32|31.58|31540317|1001000320.00|1|0.0000|0.0000|0.0000|0|31.58
凯普生物|300639|-0.69|4686015|27077156.00|0.00|0.86|-1.21|5.75|5.79|5.84|5.72|4.69|5.79|11189831|65019276.00|1|0.0000|0.0000|0.0000|0|5.79
德艺文创|300640|-0.36|5082250|27897676.00|0.00|0.91|-0.73|5.46|5.48|5.53|5.44|5.08|5.48|9239810|50895616.00|1|0.0000|0.0000|0.0000|0|5.48
正丹股份|300641|-0.46|16704500|440663616.00|-0.80|1.37|-0.87|26.25|26.16|26.73|26.14|16.70|26.37|23634311|627146176.00|1|0.0000|0.0000|0.0000|0|26.37
透景生命|300642|0.07|2868700|43149128.00|0.73|1.40|-0.87|14.99|15.09|15.19|14.85|2.87|14.98|5230940|78526928.00|1|0.0000|0.0000|0.0000|0|14.98
万通智控|300643|1.94|21742844|364506144.00|-1.76|4.31|-2.73|16.80|16.19|17.19|16.03|21.74|16.48|19327171|319520576.00|1|0.0000|0.0000|0.0000|0|16.48
南京聚隆|300644|0.76|2174600|51727264.00|-0.25|2.59|-0.59|23.73|23.49|24.16|23.41|2.17|23.55|2547340|60633544.00|1|0.0000|0.0000|0.0000|0|23.55
正元智慧|300645|0.61|2537099|37891204.00|0.00|1.69|-0.34|14.89|14.80|15.05|14.75|2.54|14.80|3147530|46865576.00|1|0.0000|0.0000|0.0000|0|14.80
超频三|300647|-1.88|8414600|48846912.00|-0.51|0.68|-2.05|5.75|5.83|5.90|5.74|8.41|5.86|8865750|52295072.00|1|0.0000|0.0000|0.0000|0|5.86
星云股份|300648|1.63|4391827|115608280.00|0.00|5.56|-1.21|26.14|25.72|27.15|25.41|4.39|25.72|3572205|92147832.00|1|0.0000|0.0000|0.0000|0|25.72
杭州园林|300649|-1.49|2380369|27005300.00|0.09|1.76|-1.67|11.22|11.40|11.59|11.20|2.38|11.39|4048100|46155172.00|1|0.0000|0.0000|0.0000|0|11.39
太龙股份|300650|0.44|7309860|101077136.00|-0.87|2.19|-0.95|13.78|13.60|14.02|13.59|7.31|13.72|10273670|141746608.00|1|0.0000|0.0000|0.0000|0|13.72
金陵体育|300651|2.67|2873510|39840108.00|0.37|4.44|-0.44|13.86|13.55|14.10|13.44|2.87|13.50|2477900|33803712.00|1|0.0000|0.0000|0.0000|0|13.50
雷迪克|300652|6.61|6930317|314485408.00|0.26|8.90|0.26|45.78|43.05|46.76|43.05|6.93|42.94|4775900|208240928.00|1|0.0000|0.0000|0.0000|0|42.94
正海生物|300653|0.34|2925850|68027464.00|-0.69|1.21|-1.12|23.27|23.03|23.47|22.93|2.93|23.19|4520550|104725912.00|1|0.0000|0.0000|0.0000|0|23.19
世纪天鸿|300654|-0.28|8367897|90610240.00|0.09|2.69|-0.93|10.76|10.80|11.08|10.69|8.37|10.79|12727527|138851184.00|1|0.0000|0.0000|0.0000|0|10.79
晶瑞电材|300655|-1.17|25579996|219246432.00|0.35|3.51|-1.41|8.44|8.57|8.84|8.42|25.58|8.54|30271724|257497968.00|1|0.0000|0.0000|0.0000|0|8.54
民德电子|300656|0.21|910483|21506820.00|0.47|2.00|-0.55|23.51|23.57|23.93|23.33|0.91|23.46|1287342|30051090.00|1|0.0000|0.0000|0.0000|0|23.46
弘信电子|300657|0.47|34228871|1173894272.00|0.86|3.13|-1.06|34.07|34.20|34.97|33.55|34.23|33.91|39475265|1357926656.00|1|0.0000|0.0000|0.0000|0|33.91
延江股份|300658|1.20|6727480|39756512.00|-0.17|3.77|-1.03|5.91|5.83|6.06|5.78|6.73|5.84|7186020|42464812.00|1|0.0000|0.0000|0.0000|0|5.84
中孚信息|300659|-1.75|4856860|79808048.00|-0.24|0.96|-2.29|16.30|16.55|16.75|16.21|4.86|16.59|7636980|127879216.00|1|0.0000|0.0000|0.0000|0|16.59
江苏雷利|300660|1.05|5453073|300231520.00|0.00|2.21|-0.28|54.97|54.40|55.60|54.25|5.45|54.40|5542720|303895584.00|1|0.0000|0.0000|0.0000|0|54.40
圣邦股份|300661|0.53|4203383|370931456.00|-0.15|1.16|-1.28|88.60|88.00|89.15|87.00|4.20|88.13|5313885|467168352.00|1|0.0000|0.0000|0.0000|0|88.13
科锐国际|300662|-0.42|3290720|109280104.00|-0.06|1.66|-1.42|33.06|33.18|33.75|32.73|3.29|33.20|3327519|112781752.00|1|0.0000|0.0000|0.0000|0|33.20
科蓝软件|300663|0.38|5956445|94262624.00|0.06|1.27|-0.70|15.78|15.73|15.92|15.61|5.96|15.72|8075024|127726672.00|1|0.0000|0.0000|0.0000|0|15.72
鹏鹞环保|300664|-0.77|6109050|31503608.00|-0.19|0.39|-0.97|5.14|5.17|5.20|5.13|6.11|5.18|9279050|48052684.00|1|0.0000|0.0000|0.0000|0|5.18
飞鹿股份|300665|0.30|4075800|27102594.00|0.15|2.12|-0.61|6.62|6.61|6.74|6.56|4.08|6.60|5531250|36685004.00|1|0.0000|0.0000|0.0000|0|6.60
江丰电子|300666|-1.06|5070071|376711648.00|0.01|1.91|-1.58|74.01|74.81|76.23|73.62|5.07|74.80|7652717|572842368.00|1|0.0000|0.0000|0.0000|0|74.80
必创科技|300667|-0.55|8504400|143114656.00|3.04|7.90|-0.61|16.36|16.95|17.75|16.35|8.50|16.45|5473800|90515288.00|1|0.0000|0.0000|0.0000|0|16.45
杰恩设计|300668|0.11|707100|12654188.00|0.00|1.80|-0.56|17.82|17.80|18.12|17.70|0.71|17.80|873000|15570173.00|1|0.0000|0.0000|0.0000|0|17.80
沪宁股份|300669|0.34|817590|17117440.00|-0.48|2.46|-0.48|20.80|20.63|21.24|20.63|0.82|20.73|1016500|21018616.00|1|0.0000|0.0000|0.0000|0|20.73
大烨智能|300670|0.16|3810750|24267386.00|-0.32|2.69|-0.32|6.32|6.29|6.48|6.29|3.81|6.31|5681800|36182416.00|1|0.0000|0.0000|0.0000|0|6.31
富满微|300671|0.04|4447540|123784312.00|-0.65|1.33|-0.94|27.78|27.59|28.14|27.51|4.45|27.77|8197816|226048656.00|1|0.0000|0.0000|0.0000|0|27.77
国科微|300672|0.38|2564700|176654352.00|0.01|1.31|-0.22|68.84|68.59|69.48|68.43|2.56|68.58|3274600|226004240.00|1|0.0000|0.0000|0.0000|0|68.58
佩蒂股份|300673|-0.79|5504650|97076192.00|0.34|1.02|-1.41|17.55|17.75|17.87|17.44|5.50|17.69|11207750|197569184.00|1|0.0000|0.0000|0.0000|0|17.69
宇信科技|300674|0.46|11610146|280576800.00|0.00|1.58|-0.62|24.11|24.00|24.38|23.85|11.61|24.00|17968140|434690336.00|1|0.0000|0.0000|0.0000|0|24.00
建科院|300675|0.27|1535300|22509304.00|0.21|1.51|-0.69|14.61|14.60|14.79|14.47|1.54|14.57|2485467|36428092.00|1|0.0000|0.0000|0.0000|0|14.57
华大基因|300676|0.70|3770097|200283296.00|-0.74|1.64|-1.04|53.28|52.52|53.78|52.36|3.77|52.91|6760061|362413760.00|1|0.0000|0.0000|0.0000|0|52.91
英科医疗|300677|0.08|8413501|208392960.00|-0.41|1.01|-0.61|24.71|24.59|24.94|24.54|8.41|24.69|13162031|324130880.00|1|0.0000|0.0000|0.0000|0|24.69
中科信息|300678|-0.45|3325454|110428864.00|-0.84|0.90|-0.96|33.06|32.93|33.51|32.89|3.33|33.21|5400111|181161520.00|1|0.0000|0.0000|0.0000|0|33.21
电连技术|300679|-0.32|5622455|320146560.00|-0.18|3.98|-0.85|56.13|56.21|58.55|55.83|5.62|56.31|3456758|195559856.00|1|0.0000|0.0000|0.0000|0|56.31
隆盛科技|300680|5.08|12740343|514775168.00|0.00|6.21|-0.31|40.92|38.94|41.36|38.82|12.74|38.94|9169952|361581152.00|1|0.0000|0.0000|0.0000|0|38.94
英搏尔|300681|-4.97|11608979|396546688.00|-2.87|-1.99|-5.87|33.82|34.57|34.88|33.50|11.61|35.59|14707219|532147200.00|1|0.0000|0.0000|0.0000|0|35.59
朗新集团|300682|4.29|16172627|215333152.00|-0.08|6.08|-0.55|13.38|12.82|13.61|12.76|16.17|12.83|8801113|112707432.00|1|0.0000|0.0000|0.0000|0|12.83
海特生物|300683|1.80|2606525|62761892.00|0.13|2.14|-1.17|24.28|23.88|24.36|23.57|2.61|23.85|3135009|74967400.00|1|0.0000|0.0000|0.0000|0|23.85
中石科技|300684|2.19|9670078|252156432.00|-0.47|2.62|-0.86|26.18|25.50|26.29|25.40|9.67|25.62|7216440|184221264.00|1|0.0000|0.0000|0.0000|0|25.62
艾德生物|300685|-0.04|4067240|94283480.00|-0.35|0.78|-0.65|23.14|23.07|23.33|23.00|4.07|23.15|6788770|157657024.00|1|0.0000|0.0000|0.0000|0|23.15
智动力|300686|-0.48|3169800|26408500.00|0.00|1.20|-0.96|8.29|8.33|8.43|8.25|3.17|8.33|4997100|42084944.00|1|0.0000|0.0000|0.0000|0|8.33
赛意信息|300687|-1.05|40035581|1255186560.00|-2.01|2.13|-2.01|31.08|30.78|32.08|30.78|40.04|31.41|59830860|1841008000.00|1|0.0000|0.0000|0.0000|0|31.41
创业黑马|300688|0.21|2645904|76795696.00|-0.03|1.00|-0.83|28.95|28.88|29.18|28.65|2.65|28.89|3157511|91364888.00|1|0.0000|0.0000|0.0000|0|28.89
澄天伟业|300689|0.76|600730|19854086.00|0.52|1.24|-1.49|33.24|33.16|33.40|32.50|0.60|32.99|571900|18788508.00|1|0.0000|0.0000|0.0000|0|32.99
双一科技|300690|1.34|2720100|59896204.00|0.23|3.23|-0.60|21.97|21.73|22.38|21.55|2.72|21.68|2706000|59151812.00|1|0.0000|0.0000|0.0000|0|21.68
联合光电|300691|0.10|4407500|88758464.00|-0.60|1.80|-0.65|20.00|19.86|20.34|19.85|4.41|19.98|5354432|107229288.00|1|0.0000|0.0000|0.0000|0|19.98
中环环保|300692|1.24|7530460|49021772.00|-1.24|2.01|-1.24|6.55|6.39|6.60|6.39|7.53|6.47|7627444|49251300.00|1|0.0000|0.0000|0.0000|0|6.47
盛弘股份|300693|-0.33|7859465|282616992.00|-0.69|0.72|-1.22|35.93|35.80|36.31|35.61|7.86|36.05|12024844|433853088.00|1|0.0000|0.0000|0.0000|0|36.05
蠡湖股份|300694|-0.21|4199100|60173516.00|0.28|1.83|-1.05|14.21|14.28|14.50|14.09|4.20|14.24|4727500|66686392.00|1|0.0000|0.0000|0.0000|0|14.24
兆丰股份|300695|1.34|1707809|117866024.00|1.55|3.33|-0.43|68.81|68.95|70.16|67.61|1.71|67.90|1631099|112409912.00|1|0.0000|0.0000|0.0000|0|67.90
爱乐达|300696|-1.69|3072640|48596912.00|0.19|0.44|-2.31|15.75|16.05|16.09|15.65|3.07|16.02|3861982|62035308.00|1|0.0000|0.0000|0.0000|0|16.02
电工合金|300697|-1.13|18047564|285894624.00|-0.19|0.94|-1.57|15.73|15.88|16.06|15.66|18.05|15.91|24879404|395741696.00|1|0.0000|0.0000|0.0000|0|15.91
万马科技|300698|0.08|1642500|64006416.00|0.52|1.49|-0.80|38.84|39.01|39.39|38.50|1.64|38.81|1765300|68721680.00|1|0.0000|0.0000|0.0000|0|38.81
光威复材|300699|-1.40|8221720|255763088.00|-0.03|-0.03|-1.59|31.02|31.45|31.45|30.96|8.22|31.46|8712395|273239584.00|1|0.0000|0.0000|0.0000|0|31.46
岱勒新材|300700|0.21|17019190|165787872.00|-1.04|4.56|-1.66|9.66|9.54|10.08|9.48|17.02|9.64|14105876|133723088.00|1|0.0000|0.0000|0.0000|0|9.64
森霸传感|300701|1.41|4719975|50933528.00|-0.47|3.02|-0.57|10.76|10.56|10.93|10.55|4.72|10.61|5644532|60071836.00|1|0.0000|0.0000|0.0000|0|10.61
天宇股份|300702|0.50|5150520|104643936.00|-0.45|2.13|-1.53|20.30|20.11|20.63|19.89|5.15|20.20|6893478|139280816.00|1|0.0000|0.0000|0.0000|0|20.20
创源股份|300703|-1.20|4287275|60859600.00|0.00|2.33|-1.34|14.02|14.19|14.52|14.00|4.29|14.19|4714300|67701552.00|1|0.0000|0.0000|0.0000|0|14.19
九典制药|300705|-0.43|28710812|538307200.00|0.05|1.28|-1.54|18.72|18.81|19.04|18.51|28.71|18.80|49665114|934379264.00|1|0.0000|0.0000|0.0000|0|18.80
阿石创|300706|-0.18|2040700|46061244.00|0.98|1.29|-0.49|22.44|22.70|22.77|22.37|2.04|22.48|2883968|64806284.00|1|0.0000|0.0000|0.0000|0|22.48
威唐工业|300707|2.05|11877860|190723872.00|-0.90|6.65|-2.11|15.96|15.50|16.68|15.31|11.88|15.64|10889832|170661360.00|1|0.0000|0.0000|0.0000|0|15.64
聚灿光电|300708|1.11|8408689|99935616.00|-0.34|1.79|-0.51|11.89|11.72|11.97|11.70|8.41|11.76|9500880|112542568.00|1|0.0000|0.0000|0.0000|0|11.76
精研科技|300709|1.70|5437434|214677536.00|0.08|2.91|-0.75|39.53|38.90|40.00|38.58|5.44|38.87|3606766|140810336.00|1|0.0000|0.0000|0.0000|0|38.87
万隆光电|300710|-0.88|2774565|51275796.00|1.81|4.93|-0.93|18.11|18.60|19.17|18.10|2.77|18.27|3941475|71504160.00|1|0.0000|0.0000|0.0000|0|18.27
广哈通信|300711|-1.32|3046200|69136456.00|0.04|0.79|-1.54|22.48|22.79|22.96|22.43|3.05|22.78|2664526|60848320.00|1|0.0000|0.0000|0.0000|0|22.78
永福股份|300712|1.15|1593750|39110952.00|0.00|2.26|-0.66|24.61|24.33|24.88|24.17|1.59|24.33|1637640|40161628.00|1|0.0000|0.0000|0.0000|0|24.33
英可瑞|300713|-1.01|3752600|59305840.00|-1.01|0.76|-1.45|15.71|15.71|15.99|15.64|3.75|15.87|4771704|76164064.00|1|0.0000|0.0000|0.0000|0|15.87
凯伦股份|300715|12.80|14660559|184630448.00|-1.31|17.09|-1.31|12.87|11.26|13.36|11.26|14.66|11.41|8108704|89871840.00|1|0.0000|0.0000|0.0000|0|11.41
ST泉为|300716|-1.98|2004350|21039274.00|-0.19|0.38|-2.64|10.41|10.60|10.66|10.34|2.00|10.62|2746100|29207516.00|1|0.0000|0.0000|0.0000|0|10.62
华信新材|300717|0.32|1278600|19843028.00|0.00|2.21|-0.39|15.45|15.40|15.74|15.34|1.28|15.40|2206700|34092656.00|1|0.0000|0.0000|0.0000|0|15.40
长盛轴承|300718|-0.04|12607169|1040216960.00|1.93|2.28|-0.51|81.89|83.50|83.79|81.50|12.61|81.92|19930476|1639535360.00|1|0.0000|0.0000|0.0000|0|81.92
安达维尔|300719|-1.20|2959600|49060496.00|-0.78|0.48|-1.44|16.47|16.54|16.75|16.43|2.96|16.67|3318300|55633908.00|1|0.0000|0.0000|0.0000|0|16.67
海川智能|300720|0.29|3717374|78180392.00|-0.67|2.59|-0.72|20.94|20.74|21.42|20.73|3.72|20.88|5201250|109513384.00|1|0.0000|0.0000|0.0000|0|20.88
怡达股份|300721|-2.21|18287874|261105520.00|-0.41|0.62|-2.56|14.15|14.41|14.56|14.10|18.29|14.47|27757301|396927008.00|1|0.0000|0.0000|0.0000|0|14.47
新余国科|300722|-1.57|4586658|127337288.00|-0.04|0.43|-1.85|27.63|28.06|28.19|27.55|4.59|28.07|5014780|142184336.00|1|0.0000|0.0000|0.0000|0|28.07
一品红|300723|0.70|14803979|427980160.00|-1.57|4.35|-4.00|28.95|28.30|30.00|27.60|14.80|28.75|17296391|481199744.00|1|0.0000|0.0000|0.0000|0|28.75
捷佳伟创|300724|-0.18|3702791|229717920.00|-0.58|0.95|-0.85|61.90|61.65|62.60|61.48|3.70|62.01|6081459|379154528.00|1|0.0000|0.0000|0.0000|0|62.01
药石科技|300725|1.09|6267160|230833072.00|-0.79|1.42|-1.23|37.08|36.39|37.20|36.23|6.27|36.68|9788791|360934432.00|1|0.0000|0.0000|0.0000|0|36.68
宏达电子|300726|1.82|11691490|468426880.00|-0.23|3.32|-0.99|40.21|39.40|40.80|39.10|11.69|39.49|13817949|546902400.00|1|0.0000|0.0000|0.0000|0|39.49
润禾材料|300727|-0.57|1729901|70041848.00|0.22|1.50|-1.58|40.31|40.63|41.15|39.90|1.73|40.54|3833070|156649216.00|1|0.0000|0.0000|0.0000|0|40.54
乐歌股份|300729|0.91|2870401|44327500.00|0.13|1.57|-0.26|15.46|15.34|15.56|15.28|2.87|15.32|3462689|53140116.00|1|0.0000|0.0000|0.0000|0|15.32
科创信息|300730|0.30|3983750|52836816.00|0.00|1.90|-0.46|13.20|13.16|13.41|13.10|3.98|13.16|5100350|67221760.00|1|0.0000|0.0000|0.0000|0|13.16
科创新源|300731|-3.04|7679600|206650464.00|0.51|1.69|-4.25|26.44|27.41|27.73|26.11|7.68|27.27|5207900|143020576.00|1|0.0000|0.0000|0.0000|0|27.27
设研院|300732|0.00|3189560|20776152.00|-0.15|0.92|-0.92|6.51|6.50|6.57|6.45|3.19|6.51|5824044|38057872.00|1|0.0000|0.0000|0.0000|0|6.51
西菱动力|300733|2.83|5490380|88737128.00|-0.06|3.40|-0.63|16.35|15.89|16.44|15.80|5.49|15.90|3483600|55726376.00|1|0.0000|0.0000|0.0000|0|15.90
光弘科技|300735|-0.22|8222824|223883216.00|0.07|0.73|-0.48|27.17|27.25|27.43|27.10|8.22|27.23|11506400|316922688.00|1|0.0000|0.0000|0.0000|0|27.23
百邦科技|300736|0.12|2740900|23825740.00|0.81|1.85|-0.58|8.66|8.72|8.81|8.60|2.74|8.65|4215960|36823592.00|1|0.0000|0.0000|0.0000|0|8.65
科顺股份|300737|0.20|7938517|39033640.00|0.20|1.23|-0.82|4.90|4.90|4.95|4.85|7.94|4.89|8357574|41011988.00|1|0.0000|0.0000|0.0000|0|4.89
奥飞数据|300738|0.89|69666437|1684203904.00|0.72|4.58|0.68|23.81|23.77|24.68|23.76|69.67|23.60|68798048|1636134912.00|1|0.0000|0.0000|0.0000|0|23.60
明阳电路|300739|0.00|4224782|57151788.00|-0.45|1.64|-0.45|13.45|13.39|13.67|13.39|4.22|13.45|4178079|56270620.00|1|0.0000|0.0000|0.0000|0|13.45
水羊股份|300740|0.25|2881000|34269348.00|-0.34|0.76|-0.42|11.90|11.83|11.96|11.82|2.88|11.87|5777700|68989240.00|1|0.0000|0.0000|0.0000|0|11.87
华宝股份|300741|1.90|3576184|57642832.00|-0.32|4.36|-1.14|16.12|15.77|16.51|15.64|3.58|15.82|2221437|35150052.00|1|0.0000|0.0000|0.0000|0|15.82
天地数码|300743|2.46|3735742|60758292.00|0.38|4.16|-0.44|16.26|15.93|16.53|15.80|3.74|15.87|3527640|56394380.00|1|0.0000|0.0000|0.0000|0|15.87
欣锐科技|300745|0.68|1864600|35861636.00|1.26|2.10|-0.47|19.18|19.29|19.45|18.96|1.86|19.05|2784350|53539548.00|1|0.0000|0.0000|0.0000|0|19.05
汉嘉设计|300746|1.50|3628200|44089104.00|0.00|2.34|-0.33|12.16|11.98|12.26|11.94|3.63|11.98|3317800|40047536.00|1|0.0000|0.0000|0.0000|0|11.98
锐科激光|300747|-1.64|10604478|218149664.00|0.24|0.58|-2.03|20.40|20.79|20.86|20.32|10.60|20.74|16106319|333246240.00|1|0.0000|0.0000|0.0000|0|20.74
金力永磁|300748|0.46|11499594|227724592.00|-0.71|1.22|-0.86|19.79|19.56|19.94|19.53|11.50|19.70|12515678|247205152.00|1|0.0000|0.0000|0.0000|0|19.70
顶固集创|300749|-0.14|6543972|48042716.00|-0.54|0.27|-1.76|7.38|7.35|7.41|7.26|6.54|7.39|8929339|66059716.00|1|0.0000|0.0000|0.0000|0|7.39
宁德时代|300750|0.03|13732112|3433096960.00|0.46|1.37|-0.60|249.14|250.20|252.46|247.56|13.73|249.06|19416208|4862443008.00|1|0.0000|0.0000|0.0000|0|249.06
迈为股份|300751|-0.31|2085793|173548032.00|-0.43|1.54|-0.62|82.60|82.50|84.14|82.35|2.09|82.86|2473746|205692192.00|1|0.0000|0.0000|0.0000|0|82.86
隆利科技|300752|-1.58|4084921|84780656.00|-0.43|0.86|-2.11|20.57|20.81|21.08|20.46|4.08|20.90|4525900|94530744.00|1|0.0000|0.0000|0.0000|0|20.90
爱朋医疗|300753|0.87|15114723|367185472.00|-0.04|3.35|-1.99|24.36|24.14|24.96|23.67|15.11|24.15|22117616|545192640.00|1|0.0000|0.0000|0.0000|0|24.15
华致酒行|300755|0.31|1486000|24459252.00|0.00|1.16|-0.43|16.42|16.37|16.56|16.30|1.49|16.37|1865200|30651884.00|1|0.0000|0.0000|0.0000|0|16.37
金马游乐|300756|-0.92|2440600|42423304.00|-0.11|0.97|-1.43|17.30|17.44|17.63|17.21|2.44|17.46|4250282|74159192.00|1|0.0000|0.0000|0.0000|0|17.46
罗博特科|300757|0.49|2398850|441738944.00|-0.84|2.16|-0.84|183.43|181.00|186.48|181.00|2.40|182.54|2700626|495655232.00|1|0.0000|0.0000|0.0000|0|182.54
七彩化学|300758|1.12|21993844|298932832.00|0.15|3.65|-0.52|13.59|13.46|13.93|13.37|21.99|13.44|27451342|365223584.00|1|0.0000|0.0000|0.0000|0|13.44
康龙化成|300759|-3.40|35395968|986846208.00|-0.63|-0.14|-3.71|27.59|28.38|28.52|27.50|35.40|28.56|53107450|1511568000.00|1|0.0000|0.0000|0.0000|0|28.56
迈瑞医疗|300760|-2.87|9288801|2161650688.00|-0.03|0.72|-3.13|229.86|236.60|238.36|229.25|9.29|236.66|8206701|1940733184.00|1|0.0000|0.0000|0.0000|0|236.66
立华股份|300761|0.85|8304497|157627184.00|-0.37|1.32|-0.53|19.04|18.81|19.13|18.78|8.30|18.88|9823490|185632256.00|1|0.0000|0.0000|0.0000|0|18.88
上海瀚讯|300762|3.21|23672622|523973856.00|0.28|4.41|-1.19|22.49|21.85|22.75|21.53|23.67|21.79|13122721|286514112.00|1|0.0000|0.0000|0.0000|0|21.79
锦浪科技|300763|-0.64|16735241|1004648896.00|-0.50|0.53|-2.12|60.09|60.18|60.80|59.20|16.74|60.48|33957832|2022110336.00|1|0.0000|0.0000|0.0000|0|60.48
新诺威|300765|2.39|13147728|532888224.00|0.10|5.71|-0.64|40.20|39.30|41.50|39.01|13.15|39.26|13891171|538980032.00|1|0.0000|0.0000|0.0000|0|39.26
每日互动|300766|0.79|27815300|1127055488.00|-0.59|2.33|-0.97|40.73|40.17|41.35|40.02|27.82|40.41|37878954|1541310464.00|1|0.0000|0.0000|0.0000|0|40.41
震安科技|300767|-5.36|18541802|202351296.00|-1.67|-1.23|-5.88|10.78|11.20|11.25|10.72|18.54|11.39|27592624|309269120.00|1|0.0000|0.0000|0.0000|0|11.39
迪普科技|300768|1.04|3592300|66574068.00|0.00|1.86|-0.27|18.50|18.31|18.65|18.26|3.59|18.31|3908409|72113432.00|1|0.0000|0.0000|0.0000|0|18.31
德方纳米|300769|0.00|2849781|90433624.00|0.00|0.98|-0.41|31.64|31.64|31.95|31.51|2.85|31.64|3454200|109299464.00|1|0.0000|0.0000|0.0000|0|31.64
新媒股份|300770|1.28|2579700|104484656.00|0.13|2.66|0.13|40.40|39.94|40.95|39.94|2.58|39.89|2130720|85156328.00|1|0.0000|0.0000|0.0000|0|39.89
智莱科技|300771|0.00|4672800|50085120.00|-0.09|1.50|-1.12|10.68|10.67|10.84|10.56|4.67|10.68|5451000|58470736.00|1|0.0000|0.0000|0.0000|0|10.68
运达股份|300772|-0.49|12955440|158518944.00|0.08|2.38|-1.15|12.15|12.22|12.50|12.07|12.96|12.21|21942901|271203136.00|1|0.0000|0.0000|0.0000|0|12.21
拉卡拉|300773|1.64|12477300|217320624.00|0.06|3.28|-0.29|17.36|17.09|17.64|17.03|12.48|17.08|9933856|170933184.00|1|0.0000|0.0000|0.0000|0|17.08
倍杰特|300774|-0.11|2447200|21816352.00|-0.45|0.90|-0.90|8.89|8.86|8.98|8.82|2.45|8.90|3421300|30468880.00|1|0.0000|0.0000|0.0000|0|8.90
三角防务|300775|-0.84|7268225|170930960.00|-0.46|0.04|-1.56|23.56|23.65|23.77|23.39|7.27|23.76|11963915|284533376.00|1|0.0000|0.0000|0.0000|0|23.76
帝尔激光|300776|0.07|2274456|153829104.00|-0.12|0.56|-1.50|67.93|67.80|68.26|66.86|2.27|67.88|4384472|299785312.00|1|0.0000|0.0000|0.0000|0|67.88
中简科技|300777|-0.32|8517780|295307808.00|-0.03|1.23|-1.81|34.71|34.81|35.25|34.19|8.52|34.82|13637213|476930304.00|1|0.0000|0.0000|0.0000|0|34.82
新城市|300778|1.83|6189008|68053992.00|1.01|2.38|-1.83|11.12|11.03|11.18|10.72|6.19|10.92|8638198|95542936.00|1|0.0000|0.0000|0.0000|0|10.92
惠城环保|300779|-0.45|2366204|347328832.00|0.32|1.30|-2.32|146.76|147.89|149.33|144.00|2.37|147.42|2052160|301186912.00|1|0.0000|0.0000|0.0000|0|147.42
德恩精工|300780|3.63|11017895|174614176.00|-0.46|7.19|-0.79|15.72|15.10|16.26|15.05|11.02|15.17|5114237|78181416.00|1|0.0000|0.0000|0.0000|0|15.17
因赛集团|300781|1.35|2411000|130783744.00|-0.49|2.82|-0.49|54.18|53.20|54.97|53.20|2.41|53.46|2647100|143570624.00|1|0.0000|0.0000|0.0000|0|53.46
卓胜微|300782|0.39|2769390|222855216.00|-0.06|0.88|-0.36|80.60|80.24|81.00|80.00|2.77|80.29|3540743|285031264.00|1|0.0000|0.0000|0.0000|0|80.29
三只松鼠|300783|1.12|9842545|267339104.00|0.00|2.61|-0.89|27.13|26.83|27.53|26.59|9.84|26.83|11910671|321977120.00|1|0.0000|0.0000|0.0000|0|26.83
利安科技|300784|0.23|449100|25107856.00|-0.23|1.88|-0.23|55.53|55.27|56.44|55.27|0.45|55.40|439600|24364932.00|1|0.0000|0.0000|0.0000|0|55.40
值得买|300785|0.13|2123800|67336712.00|-0.09|1.17|-0.73|31.67|31.60|32.00|31.40|2.12|31.63|2892600|92386088.00|1|0.0000|0.0000|0.0000|0|31.63
国林科技|300786|-4.91|26065903|404732672.00|-1.80|1.12|-5.34|15.31|15.81|16.28|15.24|26.07|16.10|35257081|552212864.00|1|0.0000|0.0000|0.0000|0|16.10
海能实业|300787|1.70|6816835|92684400.00|-0.59|2.37|-1.70|13.74|13.43|13.83|13.28|6.82|13.51|8048850|109613168.00|1|0.0000|0.0000|0.0000|0|13.51
中信出版|300788|0.38|1697600|54179804.00|-0.19|2.41|-0.19|31.68|31.50|32.32|31.50|1.70|31.56|1961397|62181164.00|1|0.0000|0.0000|0.0000|0|31.56
唐源电气|300789|1.17|4683582|114099880.00|0.13|4.65|-0.29|24.15|23.90|24.98|23.80|4.68|23.87|4380688|105632904.00|1|0.0000|0.0000|0.0000|0|23.87
宇瞳光学|300790|0.87|15705459|385009856.00|2.45|3.94|0.00|24.32|24.70|25.06|24.11|15.71|24.11|15663850|380942720.00|1|0.0000|0.0000|0.0000|0|24.11
仙乐健康|300791|-1.41|2106560|57627608.00|0.04|0.33|-1.77|27.26|27.66|27.74|27.16|2.11|27.65|5510800|152260128.00|1|0.0000|0.0000|0.0000|0|27.65
壹网壹创|300792|-2.21|6136450|159565056.00|-0.23|1.30|-2.25|25.62|26.14|26.54|25.61|6.14|26.20|8737322|230443280.00|1|0.0000|0.0000|0.0000|0|26.20
佳禾智能|300793|-0.61|6840537|122254240.00|-0.61|0.67|-0.95|17.79|17.79|18.02|17.73|6.84|17.90|10164233|183847776.00|1|0.0000|0.0000|0.0000|0|17.90
米奥会展|300795|-0.15|1647044|33750324.00|-0.05|1.22|-0.83|20.44|20.46|20.72|20.30|1.65|20.47|2090285|43088088.00|1|0.0000|0.0000|0.0000|0|20.47
贝斯美|300796|-0.70|2723512|27293258.00|-0.10|0.50|-0.80|9.98|10.04|10.10|9.97|2.72|10.05|2558652|25835200.00|1|0.0000|0.0000|0.0000|0|10.05
钢研纳克|300797|-5.37|22934650|323857632.00|-0.82|-0.48|-5.77|13.93|14.60|14.65|13.87|22.93|14.72|32015714|462597088.00|1|0.0000|0.0000|0.0000|0|14.72
锦鸡股份|300798|2.02|48362424|398769824.00|-0.76|8.20|-0.76|8.09|7.87|8.58|7.87|48.36|7.93|41059169|327352224.00|1|0.0000|0.0000|0.0000|0|7.93
力合科技|300800|0.47|1771750|18843516.00|0.38|2.09|-0.76|10.60|10.59|10.77|10.47|1.77|10.55|2274550|24076402.00|1|0.0000|0.0000|0.0000|0|10.55
泰和科技|300801|-1.97|6784120|118544272.00|-1.07|0.06|-2.75|17.44|17.60|17.80|17.30|6.78|17.79|10039923|176335056.00|1|0.0000|0.0000|0.0000|0|17.79
矩子科技|300802|2.88|2321628|42646956.00|0.44|3.05|-0.67|18.56|18.12|18.59|17.92|2.32|18.04|2154480|38983736.00|1|0.0000|0.0000|0.0000|0|18.04
指南针|300803|1.26|16902811|982246272.00|-0.56|2.70|-1.50|58.05|57.01|58.88|56.47|16.90|57.33|35650807|2107029888.00|1|0.0000|0.0000|0.0000|0|57.33
广康生化|300804|0.40|848400|21067152.00|-0.08|1.13|-1.33|24.90|24.78|25.08|24.47|0.85|24.80|1253130|30903648.00|1|0.0000|0.0000|0.0000|0|24.80
电声股份|300805|-0.40|3779500|38333760.00|-0.20|1.68|-0.49|10.07|10.09|10.28|10.06|3.78|10.11|4029065|40992004.00|1|0.0000|0.0000|0.0000|0|10.11
斯迪克|300806|1.06|6527964|112886160.00|0.65|2.76|0.06|17.21|17.14|17.50|17.04|6.53|17.03|7224024|124010248.00|1|0.0000|0.0000|0.0000|0|17.03
天迈科技|300807|-1.08|1562800|55747036.00|-0.22|0.03|-1.67|35.58|35.89|35.98|35.37|1.56|35.97|3843200|138727808.00|1|0.0000|0.0000|0.0000|0|35.97
久量股份|300808|-0.07|832400|23023496.00|-0.44|1.42|-0.44|27.50|27.40|27.91|27.40|0.83|27.52|1148500|31989432.00|1|0.0000|0.0000|0.0000|0|27.52
华辰装备|300809|-3.47|27382146|1443921536.00|-1.98|4.53|-5.43|51.15|51.94|55.39|50.11|27.38|52.99|27609957|1468878976.00|1|0.0000|0.0000|0.0000|0|52.99
中科海讯|300810|3.67|12640649|453905024.00|4.14|6.74|0.38|35.84|36.00|36.90|34.70|12.64|34.57|10640404|374878336.00|1|0.0000|0.0000|0.0000|0|34.57
铂科新材|300811|-1.41|2948480|139065616.00|-0.08|0.17|-1.89|46.94|47.57|47.69|46.71|2.95|47.61|2062806|97809616.00|1|0.0000|0.0000|0.0000|0|47.61
易天股份|300812|-1.25|3431580|68666432.00|0.00|1.99|-1.30|19.81|20.06|20.46|19.80|3.43|20.06|6406840|130501072.00|1|0.0000|0.0000|0.0000|0|20.06
泰林生物|300813|-0.71|1878899|36930508.00|0.46|0.61|-1.37|19.55|19.78|19.81|19.42|1.88|19.69|3050032|60102992.00|1|0.0000|0.0000|0.0000|0|19.69
中富电路|300814|0.29|2559525|80842040.00|0.10|1.56|-0.73|31.56|31.50|31.96|31.24|2.56|31.47|3147089|100214224.00|1|0.0000|0.0000|0.0000|0|31.47
玉禾田|300815|0.00|3545788|60970948.00|0.00|0.99|-0.82|17.17|17.17|17.34|17.03|3.55|17.17|5612808|96873344.00|1|0.0000|0.0000|0.0000|0|17.17
艾可蓝|300816|0.54|3030000|96251856.00|1.12|2.90|-0.25|31.56|31.74|32.30|31.31|3.03|31.39|4066700|130220520.00|1|0.0000|0.0000|0.0000|0|31.39
双飞集团|300817|2.54|16542427|438122016.00|-0.12|7.58|-0.35|26.25|25.57|27.54|25.51|16.54|25.60|12733854|329283392.00|1|0.0000|0.0000|0.0000|0|25.60
耐普矿机|300818|-0.34|3221746|76689176.00|0.04|0.42|-1.13|23.79|23.88|23.97|23.60|3.22|23.87|7389866|175476944.00|1|0.0000|0.0000|0.0000|0|23.87
聚杰微纤|300819|-2.38|7183543|192662688.00|0.51|1.36|-3.08|26.63|27.42|27.65|26.44|7.18|27.28|12341934|344435392.00|1|0.0000|0.0000|0.0000|0|27.28
英杰电气|300820|-1.57|2031200|102328104.00|-0.59|0.53|-1.94|50.10|50.60|51.17|49.91|2.03|50.90|3227100|163139264.00|1|0.0000|0.0000|0.0000|0|50.90
东岳硅材|300821|0.60|6718899|55893768.00|-0.12|1.69|-1.09|8.32|8.26|8.41|8.18|6.72|8.27|9228770|76626112.00|1|0.0000|0.0000|0.0000|0|8.27
贝仕达克|300822|0.55|1936907|39112600.00|-0.30|1.30|-0.60|20.18|20.01|20.33|19.95|1.94|20.07|2688170|54571736.00|1|0.0000|0.0000|0.0000|0|20.07
建科智能|300823|0.68|3231746|47534900.00|-0.14|1.99|-1.23|14.70|14.58|14.89|14.42|3.23|14.60|4068454|59819860.00|1|0.0000|0.0000|0.0000|0|14.60
北鼎股份|300824|0.78|12884612|134757104.00|0.49|4.78|-1.17|10.33|10.30|10.74|10.13|12.88|10.25|18506991|191343904.00|1|0.0000|0.0000|0.0000|0|10.25
阿尔特|300825|0.88|7856830|89858136.00|0.35|1.68|-0.26|11.44|11.38|11.53|11.31|7.86|11.34|10807850|123963872.00|1|0.0000|0.0000|0.0000|0|11.34
测绘股份|300826|0.70|2657072|42399544.00|-0.06|2.79|-0.70|15.89|15.77|16.22|15.67|2.66|15.78|2922945|46710368.00|1|0.0000|0.0000|0.0000|0|15.78
上能电气|300827|-1.47|20714786|693444992.00|-1.65|-0.09|-2.06|33.48|33.42|33.95|33.28|20.71|33.98|37991744|1266494720.00|1|0.0000|0.0000|0.0000|0|33.98
锐新科技|300828|-6.43|15602828|278978752.00|-4.11|-3.06|-8.49|17.75|18.19|18.39|17.36|15.60|18.97|23255578|436335968.00|1|0.0000|0.0000|0.0000|0|18.97
金丹科技|300829|0.72|1376261|23193404.00|0.30|1.73|-0.36|16.86|16.79|17.03|16.68|1.38|16.74|1260497|21082822.00|1|0.0000|0.0000|0.0000|0|16.74
金现代|300830|0.24|4739300|40058136.00|-0.36|1.55|-0.36|8.41|8.36|8.52|8.36|4.74|8.39|9173400|77633160.00|1|0.0000|0.0000|0.0000|0|8.39
派瑞股份|300831|-1.05|4501200|68101952.00|-0.07|0.66|-1.32|15.02|15.17|15.28|14.98|4.50|15.18|5802766|87884888.00|1|0.0000|0.0000|0.0000|0|15.18
新产业|300832|0.42|3033765|181779552.00|-0.13|0.65|-1.18|60.22|59.89|60.36|59.26|3.03|59.97|4707041|281632960.00|1|0.0000|0.0000|0.0000|0|59.97
浩洋股份|300833|-0.36|473050|18671720.00|0.08|0.96|-0.53|39.27|39.44|39.79|39.20|0.47|39.41|515350|20319218.00|1|0.0000|0.0000|0.0000|0|39.41
星辉环材|300834|-2.10|3494128|75137936.00|-1.87|-0.64|-3.05|21.48|21.53|21.80|21.27|3.49|21.94|5550734|120895312.00|1|0.0000|0.0000|0.0000|0|21.94
龙磁科技|300835|0.99|1586600|60138340.00|0.00|2.81|-0.51|37.76|37.39|38.44|37.20|1.59|37.39|1511950|57099752.00|1|0.0000|0.0000|0.0000|0|37.39
佰奥智能|300836|0.49|464600|23087640.00|0.31|3.24|-1.12|49.24|49.15|50.59|48.45|0.46|49.00|511800|25001724.00|1|0.0000|0.0000|0.0000|0|49.00
浙矿股份|300837|1.01|697800|15305322.00|0.00|1.98|-0.69|21.99|21.77|22.20|21.62|0.70|21.77|939400|20447676.00|1|0.0000|0.0000|0.0000|0|21.77
浙江力诺|300838|0.24|2029200|33696516.00|-0.48|1.15|-0.85|16.57|16.45|16.72|16.39|2.03|16.53|1560500|25772954.00|1|0.0000|0.0000|0.0000|0|16.53
博汇股份|300839|1.23|5656415|47204876.00|0.99|6.28|-0.12|8.22|8.20|8.63|8.11|5.66|8.12|2743415|22539136.00|1|0.0000|0.0000|0.0000|0|8.12
酷特智能|300840|-1.68|12051295|277474560.00|-0.22|1.72|-2.03|22.81|23.15|23.60|22.73|12.05|23.20|14954800|346916800.00|1|0.0000|0.0000|0.0000|0|23.20
康华生物|300841|-1.03|2621900|163396480.00|0.00|0.19|-1.68|62.30|62.95|63.07|61.89|2.62|62.95|6558350|419681824.00|1|0.0000|0.0000|0.0000|0|62.95
帝科股份|300842|3.46|6719540|315837696.00|-0.66|5.44|-1.36|47.20|45.32|48.10|45.00|6.72|45.62|5032920|230200496.00|1|0.0000|0.0000|0.0000|0|45.62
胜蓝股份|300843|0.16|2184719|66938748.00|0.69|1.91|-0.07|30.42|30.58|30.95|30.35|2.18|30.37|2260086|69513064.00|1|0.0000|0.0000|0.0000|0|30.37
山水比德|300844|19.99|8413598|417721024.00|-6.78|19.99|-6.78|53.06|41.22|53.06|41.22|8.41|44.22|5820940|253859664.00|1|0.0000|0.0000|0.0000|0|44.22
捷安高科|300845|0.93|3114188|40913964.00|0.00|2.47|-0.15|13.07|12.95|13.27|12.93|3.11|12.95|4152434|54467732.00|1|0.0000|0.0000|0.0000|0|12.95
首都在线|300846|-1.05|44070300|968343168.00|0.50|2.55|-1.64|21.76|22.10|22.55|21.63|44.07|21.99|60860500|1359398144.00|1|0.0000|0.0000|0.0000|0|21.99
中船汉光|300847|-0.23|2537400|43516440.00|-0.12|0.64|-0.87|17.13|17.15|17.28|17.02|2.54|17.17|3692900|63524280.00|1|0.0000|0.0000|0.0000|0|17.17
美瑞新材|300848|0.90|4312703|82383208.00|-0.37|2.54|-1.01|19.07|18.83|19.38|18.71|4.31|18.90|3935703|74643128.00|1|0.0000|0.0000|0.0000|0|18.90
锦盛新材|300849|-2.17|4573150|72357888.00|0.37|0.43|-3.53|15.78|16.19|16.20|15.56|4.57|16.13|3942491|63460476.00|1|0.0000|0.0000|0.0000|0|16.13
新强联|300850|2.12|4941728|137672192.00|0.00|3.04|-0.62|27.90|27.32|28.15|27.15|4.94|27.32|9498911|258520272.00|1|0.0000|0.0000|0.0000|0|27.32
交大思诺|300851|0.15|831700|22796000.00|-0.29|1.95|-0.77|27.17|27.05|27.66|26.92|0.83|27.13|966300|26222796.00|1|0.0000|0.0000|0.0000|0|27.13
四会富仕|300852|1.17|1439756|44675272.00|0.59|2.25|-0.85|31.02|30.84|31.35|30.40|1.44|30.66|2002352|61912844.00|1|0.0000|0.0000|0.0000|0|30.66
申昊科技|300853|0.04|5376440|126385936.00|0.04|2.18|-0.60|23.36|23.36|23.86|23.21|5.38|23.35|6421158|152257488.00|1|0.0000|0.0000|0.0000|0|23.35
中兰环保|300854|0.08|1709200|22397220.00|-0.08|1.84|-1.07|13.06|13.04|13.29|12.91|1.71|13.05|2971203|39089748.00|1|0.0000|0.0000|0.0000|0|13.05
图南股份|300855|-0.09|4252480|96406248.00|0.04|1.46|-0.62|22.59|22.62|22.94|22.47|4.25|22.61|6355895|145077696.00|1|0.0000|0.0000|0.0000|0|22.61
科思股份|300856|0.08|2283900|56923256.00|-0.73|1.13|-0.73|24.82|24.62|25.08|24.62|2.28|24.80|3196372|79230152.00|1|0.0000|0.0000|0.0000|0|24.80
协创数据|300857|3.41|8025461|928175296.00|-0.05|3.82|-0.20|116.68|112.77|117.14|112.60|8.03|112.83|9359600|1053914560.00|1|0.0000|0.0000|0.0000|0|112.83
科拓生物|300858|0.86|4236245|54745820.00|0.78|2.75|-0.16|12.85|12.84|13.09|12.72|4.24|12.74|4939141|62842528.00|1|0.0000|0.0000|0.0000|0|12.74
西域旅游|300859|1.62|6456900|241055424.00|-1.03|2.38|-1.13|37.61|36.63|37.89|36.59|6.46|37.01|9069531|339032032.00|1|0.0000|0.0000|0.0000|0|37.01
锋尚文化|300860|0.60|2987765|80252592.00|-0.11|2.29|-0.94|26.79|26.60|27.24|26.38|2.99|26.63|4244405|113662888.00|1|0.0000|0.0000|0.0000|0|26.63
美畅股份|300861|0.42|1954730|37910720.00|-0.16|1.45|-0.52|19.33|19.22|19.53|19.15|1.95|19.25|2349350|45266100.00|1|0.0000|0.0000|0.0000|0|19.25
蓝盾光电|300862|0.12|1936900|50670624.00|-0.69|1.30|-0.77|26.11|25.90|26.42|25.88|1.94|26.08|2438702|63680320.00|1|0.0000|0.0000|0.0000|0|26.08
卡倍亿|300863|1.22|2387288|113652280.00|0.04|2.73|-0.53|47.43|46.88|48.14|46.61|2.39|46.86|2045812|96512944.00|1|0.0000|0.0000|0.0000|0|46.86
南大环境|300864|-0.60|1091920|23618310.00|-0.55|0.79|-0.83|21.50|21.51|21.80|21.45|1.09|21.63|1821340|39255708.00|1|0.0000|0.0000|0.0000|0|21.63
大宏立|300865|0.13|1487400|33168100.00|-0.40|1.62|-0.99|22.26|22.14|22.59|22.01|1.49|22.23|2823800|63621336.00|1|0.0000|0.0000|0.0000|0|22.23
安克创新|300866|1.55|2640220|277492864.00|0.00|2.34|-0.59|105.72|104.11|106.55|103.50|2.64|104.11|3453015|358216288.00|1|0.0000|0.0000|0.0000|0|104.11
圣元环保|300867|-0.74|2038800|27448936.00|-0.59|0.74|-1.11|13.41|13.43|13.61|13.36|2.04|13.51|3497900|46897260.00|1|0.0000|0.0000|0.0000|0|13.51
杰美特|300868|11.37|6030801|186415088.00|0.00|15.93|-0.56|32.02|28.75|33.33|28.59|6.03|28.75|1736100|50452100.00|1|0.0000|0.0000|0.0000|0|28.75
康泰医学|300869|2.11|5955906|86183824.00|-0.21|3.23|-0.84|14.54|14.21|14.70|14.12|5.96|14.24|5214119|74427272.00|1|0.0000|0.0000|0.0000|0|14.24
欧陆通|300870|1.14|2981734|366681152.00|0.29|4.12|-0.07|121.95|120.93|125.55|120.50|2.98|120.58|3921724|482824640.00|1|0.0000|0.0000|0.0000|0|120.58
回盛生物|300871|8.15|37538811|1069989184.00|3.70|13.33|-5.19|29.20|28.00|30.60|25.60|37.54|27.00|30820812|785821952.00|1|0.0000|0.0000|0.0000|0|27.00
天阳科技|300872|1.38|7445700|120534160.00|-0.19|2.82|-0.75|16.16|15.91|16.39|15.82|7.45|15.94|7115555|114300512.00|1|0.0000|0.0000|0.0000|0|15.94
海晨股份|300873|1.09|3348980|71986312.00|-0.47|2.93|-0.66|21.38|21.05|21.77|21.01|3.35|21.15|4495360|95852976.00|1|0.0000|0.0000|0.0000|0|21.15
捷强装备|300875|-3.18|2698960|74598120.00|0.04|0.25|-3.74|27.44|28.35|28.41|27.28|2.70|28.34|4209552|118086696.00|1|0.0000|0.0000|0.0000|0|28.34
蒙泰高新|300876|-1.76|865900|24259448.00|-0.35|0.64|-2.22|27.83|28.23|28.51|27.70|0.87|28.33|1092900|31070858.00|1|0.0000|0.0000|0.0000|0|28.33
金春股份|300877|4.80|4719372|70315808.00|-0.35|10.23|-0.85|14.86|14.13|15.63|14.06|4.72|14.18|2294800|32663228.00|1|0.0000|0.0000|0.0000|0|14.18
维康药业|300878|-2.14|3409959|58108332.00|-0.17|0.52|-2.49|16.91|17.25|17.37|16.85|3.41|17.28|6384179|111132632.00|1|0.0000|0.0000|0.0000|0|17.28
大叶股份|300879|-0.21|7351520|138246048.00|0.00|1.49|-1.17|18.70|18.74|19.02|18.52|7.35|18.74|8954120|168336784.00|1|0.0000|0.0000|0.0000|0|18.74
迦南智能|300880|0.97|4326440|104520128.00|-0.17|2.77|-0.46|24.06|23.79|24.49|23.72|4.33|23.83|5278612|126154328.00|1|0.0000|0.0000|0.0000|0|23.83
盛德鑫泰|300881|-0.63|1820400|60563380.00|0.00|1.50|-1.50|33.05|33.26|33.76|32.76|1.82|33.26|2461190|81870512.00|1|0.0000|0.0000|0.0000|0|33.26
万胜智能|300882|0.55|4201482|69354384.00|-0.12|2.58|-0.74|16.37|16.26|16.70|16.16|4.20|16.28|3720528|60605116.00|1|0.0000|0.0000|0.0000|0|16.28
龙利得|300883|0.18|4717900|27025532.00|0.00|1.58|-0.70|5.71|5.70|5.79|5.66|4.72|5.70|7607908|43571024.00|1|0.0000|0.0000|0.0000|0|5.70
狄耐克|300884|0.18|3325160|38245072.00|-0.18|2.02|-0.70|11.41|11.37|11.62|11.31|3.33|11.39|4448540|50821828.00|1|0.0000|0.0000|0.0000|0|11.39
海昌新材|300885|0.99|13140389|186573008.00|-1.06|2.62|-3.47|14.25|13.96|14.48|13.62|13.14|14.11|20337214|294045952.00|1|0.0000|0.0000|0.0000|0|14.11
华业香料|300886|1.45|1389280|29028530.00|0.29|2.13|-0.87|20.94|20.70|21.08|20.46|1.39|20.64|1823900|37646108.00|1|0.0000|0.0000|0.0000|0|20.64
谱尼测试|300887|-0.75|6497800|51716696.00|-0.25|1.00|-1.50|7.93|7.97|8.07|7.87|6.50|7.99|12001943|96028688.00|1|0.0000|0.0000|0.0000|0|7.99
稳健医疗|300888|0.93|3547460|157437632.00|-0.66|2.41|-1.20|44.44|43.74|45.09|43.50|3.55|44.03|6814861|303556128.00|1|0.0000|0.0000|0.0000|0|44.03
爱克股份|300889|1.09|1596300|25072728.00|-1.09|1.80|-1.09|15.76|15.42|15.87|15.42|1.60|15.59|2628800|40780320.00|1|0.0000|0.0000|0.0000|0|15.59
翔丰华|300890|-0.24|3183507|94549984.00|1.06|2.52|-0.34|29.30|29.68|30.11|29.27|3.18|29.37|2659077|78288680.00|1|0.0000|0.0000|0.0000|0|29.37
惠云钛业|300891|-0.79|8032391|71697128.00|-0.90|2.36|-1.12|8.82|8.81|9.10|8.79|8.03|8.89|9384700|83028088.00|1|0.0000|0.0000|0.0000|0|8.89
品渥食品|300892|0.60|1880500|50562308.00|0.30|2.21|-0.64|26.81|26.73|27.24|26.48|1.88|26.65|2284702|61361884.00|1|0.0000|0.0000|0.0000|0|26.65
松原安全|300893|1.75|947525|31873802.00|-0.09|2.60|-0.18|33.65|33.04|33.93|33.01|0.95|33.07|1402525|46952132.00|1|0.0000|0.0000|0.0000|0|33.07
火星人|300894|1.89|6859600|99612768.00|-0.07|2.87|-0.21|14.54|14.26|14.68|14.24|6.86|14.27|7835973|112673728.00|1|0.0000|0.0000|0.0000|0|14.27
铜牛信息|300895|2.22|18549832|1000477184.00|-0.54|5.59|-0.54|53.44|52.00|55.20|52.00|18.55|52.28|15428147|809981952.00|1|0.0000|0.0000|0.0000|0|52.28
爱美客|300896|0.89|2326901|418979200.00|-0.65|2.02|-0.65|180.49|177.72|182.50|177.72|2.33|178.89|3776779|681830976.00|1|0.0000|0.0000|0.0000|0|178.89
山科智能|300897|5.72|4101645|109437928.00|0.00|6.30|-1.02|27.00|25.54|27.15|25.28|4.10|25.54|1749552|45259076.00|1|0.0000|0.0000|0.0000|0|25.54
熊猫乳品|300898|-0.03|5282494|152404912.00|-0.59|1.43|-1.25|28.76|28.60|29.18|28.41|5.28|28.77|5744500|166067408.00|1|0.0000|0.0000|0.0000|0|28.77
*ST凯鑫|300899|-0.27|857800|18943202.00|0.77|1.68|-0.73|21.92|22.15|22.35|21.82|0.86|21.98|1683600|37276564.00|1|0.0000|0.0000|0.0000|0|21.98
广联航空|300900|-1.90|5135732|103839808.00|-0.05|0.00|-2.29|20.13|20.51|20.52|20.05|5.14|20.52|11157841|229282944.00|1|0.0000|0.0000|0.0000|0|20.52
中胤时尚|300901|3.59|6734200|89151784.00|0.00|6.64|-0.47|13.26|12.80|13.65|12.74|6.73|12.80|6336700|81620560.00|1|0.0000|0.0000|0.0000|0|12.80
国安达|300902|1.65|4830020|97114080.00|0.82|6.33|0.31|19.76|19.60|20.67|19.50|4.83|19.44|3746920|74123440.00|1|0.0000|0.0000|0.0000|0|19.44
科翔股份|300903|0.13|5761280|45444964.00|0.38|1.79|-0.38|7.85|7.87|7.98|7.81|5.76|7.84|9051500|71672800.00|1|0.0000|0.0000|0.0000|0|7.84
威力传动|300904|3.65|1705900|97313744.00|0.05|3.90|-0.14|57.66|55.66|57.80|55.55|1.71|55.63|937400|52448368.00|1|0.0000|0.0000|0.0000|0|55.63
宝丽迪|300905|-1.41|3877000|107122072.00|-0.76|1.55|-1.73|27.34|27.52|28.16|27.25|3.88|27.73|4338300|120305136.00|1|0.0000|0.0000|0.0000|0|27.73
日月明|300906|1.42|993801|24894362.00|0.45|2.51|-0.73|25.04|24.80|25.31|24.51|0.99|24.69|886700|21914324.00|1|0.0000|0.0000|0.0000|0|24.69
康平科技|300907|1.93|3834587|101120536.00|0.08|3.36|-0.85|26.38|25.90|26.75|25.66|3.83|25.88|2590400|66988020.00|1|0.0000|0.0000|0.0000|0|25.88
仲景食品|300908|0.14|789134|22332332.00|-0.04|0.99|-0.43|28.26|28.21|28.50|28.10|0.79|28.22|1058594|29857858.00|1|0.0000|0.0000|0.0000|0|28.22
汇创达|300909|0.22|1355450|37165352.00|0.00|1.65|-1.06|27.35|27.29|27.74|27.00|1.36|27.29|1755700|47894632.00|1|0.0000|0.0000|0.0000|0|27.29
瑞丰新材|300910|-2.48|5019529|281751136.00|0.05|1.14|-2.67|55.49|56.93|57.55|55.38|5.02|56.90|4002194|227701728.00|1|0.0000|0.0000|0.0000|0|56.90
亿田智能|300911|12.21|8620384|411773728.00|-0.72|13.74|-0.72|49.82|44.08|50.50|44.08|8.62|44.40|4689404|209937168.00|1|0.0000|0.0000|0.0000|0|44.40
凯龙高科|300912|-0.93|2240600|26590564.00|0.00|1.85|-2.02|11.77|11.88|12.10|11.64|2.24|11.88|2972700|35616820.00|1|0.0000|0.0000|0.0000|0|11.88
兆龙互连|300913|0.52|2668600|129936456.00|0.10|2.24|-0.29|48.45|48.25|49.28|48.06|2.67|48.20|2263390|109683328.00|1|0.0000|0.0000|0.0000|0|48.20
海融科技|300915|0.32|679500|23351580.00|0.00|1.35|-0.67|34.26|34.15|34.61|33.92|0.68|34.15|924700|31672160.00|1|0.0000|0.0000|0.0000|0|34.15
朗特智能|300916|1.38|1385500|42629264.00|0.00|2.70|-0.36|30.75|30.33|31.15|30.22|1.39|30.33|1410550|43115948.00|1|0.0000|0.0000|0.0000|0|30.33
特发服务|300917|0.37|2526454|111261616.00|0.39|1.51|-0.98|43.99|44.00|44.49|43.40|2.53|43.83|3800441|168321376.00|1|0.0000|0.0000|0.0000|0|43.83
南山智尚|300918|1.41|11700994|202589840.00|0.41|3.53|0.41|17.23|17.06|17.59|17.06|11.70|16.99|16129596|277785312.00|1|0.0000|0.0000|0.0000|0|16.99
中伟股份|300919|0.65|3161095|113036632.00|0.17|1.47|-0.28|35.71|35.54|36.00|35.38|3.16|35.48|4034580|143102992.00|1|0.0000|0.0000|0.0000|0|35.48
润阳科技|300920|0.70|5270300|112993680.00|1.45|4.07|-1.59|21.50|21.66|22.22|21.01|5.27|21.35|7288420|157007072.00|1|0.0000|0.0000|0.0000|0|21.35
南凌科技|300921|0.77|2708615|75218088.00|0.07|2.89|-0.58|27.57|27.38|28.15|27.20|2.71|27.36|3069900|84537520.00|1|0.0000|0.0000|0.0000|0|27.36
天秦装备|300922|-0.89|4937060|88113616.00|-0.28|1.68|-1.34|17.72|17.83|18.18|17.64|4.94|17.88|6962960|126142992.00|1|0.0000|0.0000|0.0000|0|17.88
研奥股份|300923|0.76|956400|20207928.00|0.10|2.20|-1.19|21.11|20.97|21.41|20.70|0.96|20.95|1637100|34377200.00|1|0.0000|0.0000|0.0000|0|20.95
法本信息|300925|0.09|5824210|136472256.00|0.00|1.50|-0.43|23.32|23.30|23.65|23.20|5.82|23.30|7885400|185468128.00|1|0.0000|0.0000|0.0000|0|23.30
博俊科技|300926|0.50|4795045|135623504.00|-0.50|2.14|-0.68|28.14|27.86|28.60|27.81|4.80|28.00|11605027|329921632.00|1|0.0000|0.0000|0.0000|0|28.00
江天化学|300927|-5.75|19044273|519796448.00|-6.57|-2.65|-9.95|27.38|27.14|28.28|26.16|19.04|29.05|27399501|761817600.00|1|0.0000|0.0000|0.0000|0|29.05
华安鑫创|300928|0.03|1322300|49783208.00|-0.80|2.03|-0.88|37.41|37.10|38.16|37.07|1.32|37.40|1466300|55450284.00|1|0.0000|0.0000|0.0000|0|37.40
华骐环保|300929|-0.23|2269624|19415968.00|0.23|1.76|-0.94|8.52|8.56|8.69|8.46|2.27|8.54|3658980|31507678.00|1|0.0000|0.0000|0.0000|0|8.54
屹通新材|300930|-0.69|1666000|43104784.00|0.00|0.88|-1.88|25.87|26.05|26.28|25.56|1.67|26.05|1731004|45422628.00|1|0.0000|0.0000|0.0000|0|26.05
通用电梯|300931|-1.18|14125256|95227216.00|-1.03|1.32|-4.26|6.72|6.73|6.89|6.51|14.13|6.80|20664504|143168368.00|1|0.0000|0.0000|0.0000|0|6.80
三友联众|300932|-0.19|2378418|37387088.00|-0.32|1.02|-0.64|15.68|15.66|15.87|15.61|2.38|15.71|3091760|48386816.00|1|0.0000|0.0000|0.0000|0|15.71
中辰股份|300933|-1.22|13467173|99019608.00|-0.54|0.95|-1.63|7.29|7.34|7.45|7.26|13.47|7.38|17320928|128619088.00|1|0.0000|0.0000|0.0000|0|7.38
盈建科|300935|0.63|1028340|21164096.00|0.24|1.37|-0.49|20.63|20.55|20.78|20.40|1.03|20.50|1417800|29309506.00|1|0.0000|0.0000|0.0000|0|20.50
中英科技|300936|-0.57|1224200|49595396.00|0.37|0.37|-1.16|40.42|40.80|40.80|40.18|1.22|40.65|1567199|63399724.00|1|0.0000|0.0000|0.0000|0|40.65
药易购|300937|-0.04|1344046|36409048.00|-0.33|1.29|-1.18|27.02|26.94|27.38|26.71|1.34|27.03|2508800|68190608.00|1|0.0000|0.0000|0.0000|0|27.03
信测标准|300938|3.14|9205831|324238592.00|0.70|6.45|0.21|35.20|34.37|36.33|34.20|9.21|34.13|9674100|337287936.00|1|0.0000|0.0000|0.0000|0|34.13
秋田微|300939|0.56|860200|26191800.00|-0.03|1.32|-0.36|30.42|30.24|30.65|30.14|0.86|30.25|1137500|34359224.00|1|0.0000|0.0000|0.0000|0|30.25
南极光|300940|-0.81|5845394|101812088.00|-0.35|2.42|-1.55|17.23|17.31|17.79|17.10|5.85|17.37|8042639|137185184.00|1|0.0000|0.0000|0.0000|0|17.37
创识科技|300941|-0.36|1951000|43323872.00|0.36|1.27|-0.59|22.04|22.20|22.40|21.99|1.95|22.12|2472300|54608852.00|1|0.0000|0.0000|0.0000|0|22.12
易瑞生物|300942|-0.77|4059991|36835448.00|-0.33|0.66|-1.21|9.04|9.08|9.17|9.00|4.06|9.11|8941049|81876152.00|1|0.0000|0.0000|0.0000|0|9.11
春晖智控|300943|-1.18|6812871|97905120.00|-0.21|0.97|-2.14|14.29|14.43|14.60|14.15|6.81|14.46|8421951|120848376.00|1|0.0000|0.0000|0.0000|0|14.46
曼卡龙|300945|0.96|21449700|271358208.00|0.72|3.84|-1.60|12.62|12.59|12.98|12.30|21.45|12.50|23529000|290773824.00|1|0.0000|0.0000|0.0000|0|12.50
恒而达|300946|-1.77|3801000|130834144.00|-1.51|1.34|-4.37|34.41|34.50|35.50|33.50|3.80|35.03|5107360|176732816.00|1|0.0000|0.0000|0.0000|0|35.03
德必集团|300947|-0.85|2093400|36708476.00|-0.34|0.40|-1.08|17.45|17.54|17.67|17.41|2.09|17.60|2608164|45936876.00|1|0.0000|0.0000|0.0000|0|17.60
冠中生态|300948|-0.63|1724100|16481265.00|0.42|0.84|-1.36|9.51|9.61|9.65|9.44|1.72|9.57|3516387|33786120.00|1|0.0000|0.0000|0.0000|0|9.57
奥雅股份|300949|0.40|592600|19187160.00|0.06|1.49|-2.11|32.31|32.20|32.66|31.50|0.59|32.18|755720|24493824.00|1|0.0000|0.0000|0.0000|0|32.18
德固特|300950|0.28|2589150|45871588.00|-0.34|1.64|-1.25|17.71|17.60|17.95|17.44|2.59|17.66|3568687|63250768.00|1|0.0000|0.0000|0.0000|0|17.66
博硕科技|300951|2.08|1659600|52084936.00|-0.36|3.18|-0.36|31.43|30.68|31.77|30.68|1.66|30.79|1262810|39140612.00|1|0.0000|0.0000|0.0000|0|30.79
恒辉安防|300952|2.43|3467437|100802192.00|0.25|3.99|0.25|29.03|28.41|29.47|28.41|3.47|28.34|4864340|140534096.00|1|0.0000|0.0000|0.0000|0|28.34
震裕科技|300953|0.75|3952253|611743488.00|-1.27|1.74|-1.62|155.46|152.35|157.00|151.81|3.95|154.31|4796838|755579392.00|1|0.0000|0.0000|0.0000|0|154.31
嘉亨家化|300955|0.69|1096500|17646176.00|0.31|1.69|-0.38|16.07|16.01|16.23|15.90|1.10|15.96|2360500|37896684.00|1|0.0000|0.0000|0.0000|0|15.96
英力股份|300956|8.01|8618261|219926400.00|-0.08|8.09|-1.46|26.57|24.58|26.59|24.24|8.62|24.60|9722223|243358704.00|1|0.0000|0.0000|0.0000|0|24.60
贝泰妮|300957|0.50|2474119|108895520.00|0.02|1.76|-0.59|43.96|43.75|44.51|43.48|2.47|43.74|2933418|128892848.00|1|0.0000|0.0000|0.0000|0|43.74
建工修复|300958|-0.59|1989574|23455806.00|0.08|0.76|-1.10|11.75|11.83|11.91|11.69|1.99|11.82|3506700|41433612.00|1|0.0000|0.0000|0.0000|0|11.82
线上线下|300959|-1.45|951000|39695592.00|-0.83|0.64|-1.45|41.41|41.67|42.29|41.41|0.95|42.02|1758450|73536528.00|1|0.0000|0.0000|0.0000|0|42.02
通业科技|300960|-1.18|2122900|53372540.00|-0.51|0.08|-2.20|25.13|25.30|25.45|24.87|2.12|25.43|3907026|100373496.00|1|0.0000|0.0000|0.0000|0|25.43
深水海纳|300961|-3.71|18416023|305480000.00|-0.18|1.53|-4.00|16.35|16.95|17.24|16.30|18.42|16.98|19756116|340342016.00|1|0.0000|0.0000|0.0000|0|16.98
中金辐照|300962|-0.25|2500600|39560196.00|-0.38|1.27|-0.95|15.74|15.72|15.98|15.63|2.50|15.78|2913544|45846388.00|1|0.0000|0.0000|0.0000|0|15.78
中洲特材|300963|-7.58|73698348|1074004352.00|2.11|4.61|-8.43|14.03|15.50|15.88|13.90|73.70|15.18|63455512|882112512.00|1|0.0000|0.0000|0.0000|0|15.18
本川智能|300964|1.43|2555100|103536776.00|-0.35|3.19|-0.63|40.40|39.69|41.10|39.58|2.56|39.83|1721200|68842592.00|1|0.0000|0.0000|0.0000|0|39.83
恒宇信通|300965|-2.37|393400|15317158.00|-0.05|0.35|-2.73|38.68|39.60|39.76|38.54|0.39|39.62|108000|4291497.00|1|0.0000|0.0000|0.0000|0|39.62
共同药业|300966|0.18|2390726|40458672.00|0.65|1.48|-0.95|16.88|16.96|17.10|16.69|2.39|16.85|4641400|78287664.00|1|0.0000|0.0000|0.0000|0|16.85
晓鸣股份|300967|3.09|18611596|323434336.00|2.14|6.89|0.77|17.36|17.20|18.00|16.97|18.61|16.84|16986862|286862240.00|1|0.0000|0.0000|0.0000|0|16.84
格林精密|300968|0.82|3992115|68681416.00|0.65|1.82|0.29|17.17|17.14|17.34|17.08|3.99|17.03|4400000|75823680.00|1|0.0000|0.0000|0.0000|0|17.03
恒帅股份|300969|0.27|570330|49044724.00|0.00|1.85|-0.25|85.55|85.32|86.90|85.11|0.57|85.32|316720|27137214.00|1|0.0000|0.0000|0.0000|0|85.32
华绿生物|300970|0.67|2194000|26358168.00|0.17|1.26|-0.92|12.03|11.97|12.10|11.84|2.19|11.95|3393200|40719408.00|1|0.0000|0.0000|0.0000|0|11.95
博亚精工|300971|-0.71|4321045|103121816.00|-0.67|1.64|-2.73|23.68|23.69|24.24|23.20|4.32|23.85|6278400|150100560.00|1|0.0000|0.0000|0.0000|0|23.85
万辰集团|300972|5.74|2896400|286041056.00|0.44|7.44|-0.24|99.92|94.92|101.53|94.27|2.90|94.50|2188358|204068576.00|1|0.0000|0.0000|0.0000|0|94.50
立高食品|300973|1.22|1248600|52110204.00|0.00|3.05|-0.24|41.50|41.00|42.25|40.90|1.25|41.00|1634700|67941408.00|1|0.0000|0.0000|0.0000|0|41.00
商络电子|300975|-1.38|22309057|258637056.00|2.50|3.18|-1.89|11.46|11.91|11.99|11.40|22.31|11.62|25194432|295174240.00|1|0.0000|0.0000|0.0000|0|11.62
达瑞电子|300976|0.29|554960|36979516.00|0.00|1.98|-0.33|66.30|66.11|67.42|65.89|0.55|66.11|790360|52581168.00|1|0.0000|0.0000|0.0000|0|66.11
深圳瑞捷|300977|0.63|1305019|22906494.00|-0.06|2.13|-0.92|17.47|17.35|17.73|17.20|1.31|17.36|1276362|22242178.00|1|0.0000|0.0000|0.0000|0|17.36
东箭科技|300978|1.69|4193000|47908240.00|-0.27|3.30|-0.54|11.40|11.18|11.58|11.15|4.19|11.21|3798800|42769216.00|1|0.0000|0.0000|0.0000|0|11.21
华利集团|300979|0.32|1710829|106001880.00|0.06|0.87|-0.55|62.04|61.88|62.38|61.50|1.71|61.84|2466004|153055136.00|1|0.0000|0.0000|0.0000|0|61.84
祥源新材|300980|0.99|2293200|58409264.00|-0.75|2.14|-1.03|25.48|25.04|25.77|24.97|2.29|25.23|4884059|122810304.00|1|0.0000|0.0000|0.0000|0|25.23
中红医疗|300981|0.56|3001763|37525584.00|-0.40|1.69|-0.81|12.49|12.37|12.63|12.32|3.00|12.42|5790287|71748832.00|1|0.0000|0.0000|0.0000|0|12.42
苏文电能|300982|-0.51|1553544|27223016.00|-0.23|0.74|-0.74|17.44|17.49|17.66|17.40|1.55|17.53|3167116|55508712.00|1|0.0000|0.0000|0.0000|0|17.53
尤安设计|300983|-0.58|291117|5035280.00|-0.69|0.63|-1.04|17.25|17.23|17.46|17.17|0.29|17.35|716574|12467036.00|1|0.0000|0.0000|0.0000|0|17.35
金沃股份|300984|2.69|2022420|139223296.00|0.28|5.15|-0.18|68.80|67.19|70.45|66.88|2.02|67.00|2220680|149164912.00|1|0.0000|0.0000|0.0000|0|67.00
致远新能|300985|-0.99|1375833|23498674.00|-0.06|1.28|-1.34|16.97|17.13|17.36|16.91|1.38|17.14|1712720|29285718.00|1|0.0000|0.0000|0.0000|0|17.14
志特新材|300986|1.36|6481488|122054840.00|0.22|3.41|0.00|18.70|18.49|19.08|18.45|6.48|18.45|6883163|128625064.00|1|0.0000|0.0000|0.0000|0|18.45
川网传媒|300987|11.42|31926671|576702720.00|2.74|20.03|2.74|17.47|16.11|18.82|16.11|31.93|15.68|3618594|56865516.00|1|0.0000|0.0000|0.0000|0|15.68
津荣天宇|300988|-0.39|3030060|62393056.00|-0.78|1.56|-1.46|20.48|20.40|20.88|20.26|3.03|20.56|4016279|83307944.00|1|0.0000|0.0000|0.0000|0|20.56
蕾奥规划|300989|4.58|12527658|207379968.00|-0.94|6.59|-0.94|16.66|15.78|16.98|15.78|12.53|15.93|3976395|63546784.00|1|0.0000|0.0000|0.0000|0|15.93
同飞股份|300990|0.53|1366400|59370448.00|0.23|3.49|-0.05|43.23|43.10|44.50|42.98|1.37|43.00|1481400|63168020.00|1|0.0000|0.0000|0.0000|0|43.00
创益通|300991|-0.47|2342560|45157592.00|-0.57|1.35|-1.35|19.17|19.15|19.52|19.00|2.34|19.26|2369000|45973104.00|1|0.0000|0.0000|0.0000|0|19.26
泰福泵业|300992|3.11|1831511|39459620.00|2.73|4.40|0.57|21.55|21.47|21.82|21.02|1.83|20.90|1121796|23527014.00|1|0.0000|0.0000|0.0000|0|20.90
玉马科技|300993|1.77|8881276|96837712.00|0.37|2.51|-0.37|10.94|10.79|11.02|10.71|8.88|10.75|7719163|83475576.00|1|0.0000|0.0000|0.0000|0|10.75
久祺股份|300994|3.24|4125860|53780064.00|-0.16|4.81|-0.79|13.08|12.65|13.28|12.57|4.13|12.67|3462240|44366148.00|1|0.0000|0.0000|0.0000|0|12.67
奇德新材|300995|-4.27|9071407|237174160.00|-6.76|0.69|-11.95|26.20|25.52|27.56|24.10|9.07|27.37|11939535|322386560.00|1|0.0000|0.0000|0.0000|0|27.37
普联软件|300996|2.57|9891529|246607104.00|0.99|4.84|-0.17|24.78|24.40|25.33|24.12|9.89|24.16|7858340|192337568.00|1|0.0000|0.0000|0.0000|0|24.16
欢乐家|300997|0.14|3706679|52677624.00|2.21|3.43|-0.07|14.03|14.32|14.49|14.00|3.71|14.01|3077450|43308872.00|1|0.0000|0.0000|0.0000|0|14.01
宁波方正|300998|4.96|5586800|99982888.00|-0.87|7.11|-1.34|18.00|17.00|18.37|16.92|5.59|17.15|2143000|37149420.00|1|0.0000|0.0000|0.0000|0|17.15
金龙鱼|300999|-1.42|5176001|165686272.00|-0.28|0.65|-1.61|31.83|32.20|32.50|31.77|5.18|32.29|9474828|303759616.00|1|0.0000|0.0000|0.0000|0|32.29
肇民科技|301000|12.90|23180536|1007072448.00|-0.38|14.41|-0.38|44.98|39.69|45.58|39.69|23.18|39.84|10752294|436243200.00|1|0.0000|0.0000|0.0000|0|39.84
凯淳股份|301001|1.48|1563482|47098264.00|-0.03|2.26|-0.57|30.15|29.70|30.38|29.54|1.56|29.71|1014818|30370180.00|1|0.0000|0.0000|0.0000|0|29.71
崧盛股份|301002|0.12|1130570|18930584.00|0.00|1.98|-0.78|16.65|16.63|16.96|16.50|1.13|16.63|1273050|21242716.00|1|0.0000|0.0000|0.0000|0|16.63
江苏博云|301003|-0.38|2655700|77759584.00|0.34|2.03|-0.82|28.99|29.20|29.69|28.86|2.66|29.10|3054167|88659200.00|1|0.0000|0.0000|0.0000|0|29.10
嘉益股份|301004|3.57|1226602|127145336.00|1.20|4.17|-0.47|104.90|102.50|105.50|100.80|1.23|101.28|1264200|129003736.00|1|0.0000|0.0000|0.0000|0|101.28
超捷股份|301005|1.20|3870358|124198992.00|0.00|2.24|-0.44|32.12|31.74|32.45|31.60|3.87|31.74|4084400|130908896.00|1|0.0000|0.0000|0.0000|0|31.74
迈拓股份|301006|0.50|1020300|14501624.00|-0.07|2.06|-0.50|14.13|14.05|14.35|13.99|1.02|14.06|1736246|24527018.00|1|0.0000|0.0000|0.0000|0|14.06
德迈仕|301007|3.08|8511303|184613168.00|-0.24|4.94|-0.24|21.72|21.02|22.11|21.02|8.51|21.07|10795100|232597392.00|1|0.0000|0.0000|0.0000|0|21.07
宏昌科技|301008|1.37|2659134|61379792.00|-0.35|3.40|-0.35|22.95|22.56|23.41|22.56|2.66|22.64|2489024|56796188.00|1|0.0000|0.0000|0.0000|0|22.64
可靠股份|301009|0.27|3728200|41191740.00|-0.27|1.64|-1.00|11.02|10.96|11.17|10.88|3.73|10.99|4308648|47459168.00|1|0.0000|0.0000|0.0000|0|10.99
晶雪节能|301010|7.83|9262500|163170832.00|1.20|10.72|-0.60|17.90|16.80|18.38|16.50|9.26|16.60|2593100|43390440.00|1|0.0000|0.0000|0.0000|0|16.60
华立科技|301011|-0.87|3874722|103292752.00|-0.04|2.41|-0.90|26.31|26.53|27.18|26.30|3.87|26.54|4826847|129586752.00|1|0.0000|0.0000|0.0000|0|26.54
扬电科技|301012|0.63|5066051|136909008.00|-0.34|2.50|-1.38|27.00|26.74|27.50|26.46|5.07|26.83|4940815|132392392.00|1|0.0000|0.0000|0.0000|0|26.83
利和兴|301013|2.68|28146428|469007392.00|-0.69|8.30|-0.87|16.45|15.91|17.35|15.88|28.15|16.02|31303826|507368832.00|1|0.0000|0.0000|0.0000|0|16.02
百洋医药|301015|0.37|6181400|133791480.00|-0.23|2.09|-0.47|21.58|21.45|21.95|21.40|6.18|21.50|9268276|199596576.00|1|0.0000|0.0000|0.0000|0|21.50
雷尔伟|301016|-1.66|7497639|170732160.00|-0.04|1.18|-1.92|22.58|22.95|23.23|22.52|7.50|22.96|10418757|233778736.00|1|0.0000|0.0000|0.0000|0|22.96
漱玉平民|301017|-0.61|1743825|20103354.00|0.26|1.04|-0.70|11.44|11.54|11.63|11.43|1.74|11.51|3789257|43924700.00|1|0.0000|0.0000|0.0000|0|11.51
申菱环境|301018|-0.59|3631100|141506688.00|-0.72|1.21|-1.41|38.77|38.72|39.47|38.45|3.63|39.00|4613900|180806736.00|1|0.0000|0.0000|0.0000|0|39.00
宁波色母|301019|-0.55|1949205|32009842.00|0.06|1.64|-1.16|16.33|16.43|16.69|16.23|1.95|16.42|2821452|46513348.00|1|0.0000|0.0000|0.0000|0|16.42
密封科技|301020|-0.56|1682996|36359340.00|-0.65|1.39|-0.88|21.44|21.42|21.86|21.37|1.68|21.56|2380396|51754728.00|1|0.0000|0.0000|0.0000|0|21.56
英诺激光|301021|-1.99|6687620|217259376.00|0.64|2.32|-2.26|32.04|32.90|33.45|31.95|6.69|32.69|9952799|320796928.00|1|0.0000|0.0000|0.0000|0|32.69
海泰科|301022|1.30|2295062|62621644.00|-1.26|3.16|-1.37|27.27|26.58|27.77|26.55|2.30|26.92|1954414|53133804.00|1|0.0000|0.0000|0.0000|0|26.92
奕帆传动|301023|7.19|3185300|210170960.00|-0.36|13.10|-0.36|65.87|61.23|69.50|61.23|3.19|61.45|1084280|67483200.00|1|0.0000|0.0000|0.0000|0|61.45
霍普股份|301024|-1.82|1083700|28239264.00|-0.87|0.65|-2.47|25.85|26.10|26.50|25.68|1.08|26.33|1845700|49091376.00|1|0.0000|0.0000|0.0000|0|26.33
读客文化|301025|-1.88|28531063|307273888.00|0.38|7.04|-2.07|10.45|10.69|11.40|10.43|28.53|10.65|26677401|285855392.00|1|0.0000|0.0000|0.0000|0|10.65
浩通科技|301026|-0.78|1422500|43459352.00|-0.29|0.00|-1.43|30.55|30.70|30.79|30.35|1.42|30.79|4391280|134234576.00|1|0.0000|0.0000|0.0000|0|30.79
华蓝集团|301027|-1.39|2116100|27183852.00|0.93|1.08|-1.55|12.74|13.04|13.06|12.72|2.12|12.92|2427500|31702080.00|1|0.0000|0.0000|0.0000|0|12.92
东亚机械|301028|1.05|4065919|51250040.00|0.08|3.39|-0.57|12.51|12.39|12.80|12.31|4.07|12.38|3688200|45823892.00|1|0.0000|0.0000|0.0000|0|12.38
怡合达|301029|1.35|3391140|86231280.00|-0.08|2.03|-0.36|25.45|25.09|25.62|25.02|3.39|25.11|3226559|81376504.00|1|0.0000|0.0000|0.0000|0|25.11
仕净科技|301030|-1.45|4507760|95855856.00|0.09|0.84|-1.59|21.13|21.46|21.62|21.10|4.51|21.44|6198820|134115776.00|1|0.0000|0.0000|0.0000|0|21.44
中熔电气|301031|2.32|868500|108670952.00|-0.21|4.73|-0.25|124.07|121.00|127.00|120.96|0.87|121.26|861700|104800880.00|1|0.0000|0.0000|0.0000|0|121.26
新柴股份|301032|-0.63|19344200|279129920.00|0.00|3.06|-2.15|14.30|14.39|14.83|14.08|19.34|14.39|23380900|339316576.00|1|0.0000|0.0000|0.0000|0|14.39
迈普医学|301033|-1.00|1070200|54326812.00|-0.20|0.55|-1.64|50.69|51.10|51.48|50.36|1.07|51.20|1968078|100285856.00|1|0.0000|0.0000|0.0000|0|51.20
润丰股份|301035|1.48|506300|28313378.00|0.09|1.48|-1.57|56.84|56.06|56.84|55.13|0.51|56.01|724000|40925728.00|1|0.0000|0.0000|0.0000|0|56.01
双乐股份|301036|-2.42|4570200|188008896.00|-0.38|1.46|-2.75|40.80|41.65|42.42|40.66|4.57|41.81|7291377|300744192.00|1|0.0000|0.0000|0.0000|0|41.81
保立佳|301037|-2.33|3898988|49921656.00|1.32|1.48|-2.41|12.56|13.03|13.05|12.55|3.90|12.86|6017916|74755424.00|1|0.0000|0.0000|0.0000|0|12.86
深水规院|301038|-2.68|5012300|97369976.00|-0.20|0.41|-3.09|19.21|19.70|19.82|19.13|5.01|19.74|7438650|146506016.00|1|0.0000|0.0000|0.0000|0|19.74
中集车辆|301039|3.27|38193618|358777856.00|1.42|4.25|-0.44|9.47|9.30|9.56|9.13|38.19|9.17|25085882|229068448.00|1|0.0000|0.0000|0.0000|0|9.17
中环海陆|301040|1.10|1790369|28108182.00|0.13|2.77|-1.03|15.69|15.54|15.95|15.36|1.79|15.52|2562500|39952964.00|1|0.0000|0.0000|0.0000|0|15.52
金百泽|301041|0.71|1530200|39307876.00|0.00|2.73|-0.28|25.49|25.31|26.00|25.24|1.53|25.31|1580200|40116728.00|1|0.0000|0.0000|0.0000|0|25.31
安联锐视|301042|1.35|1355839|51150212.00|-0.13|3.86|-0.81|37.55|37.00|38.48|36.75|1.36|37.05|870100|32205272.00|1|0.0000|0.0000|0.0000|0|37.05
绿岛风|301043|0.82|494300|14584405.00|0.10|1.64|-0.79|29.51|29.30|29.75|29.04|0.49|29.27|804400|23532616.00|1|0.0000|0.0000|0.0000|0|29.27
天禄科技|301045|0.78|1162600|25388692.00|0.18|1.98|-0.42|21.85|21.72|22.11|21.59|1.16|21.68|1358092|29443430.00|1|0.0000|0.0000|0.0000|0|21.68
能辉科技|301046|0.48|1389300|29129814.00|0.00|1.97|-0.87|20.90|20.80|21.21|20.62|1.39|20.80|1902200|39581848.00|1|0.0000|0.0000|0.0000|0|20.80
义翘神州|301047|-0.27|1322181|88524904.00|-0.59|0.21|-1.07|67.08|66.86|67.40|66.54|1.32|67.26|2833590|190404880.00|1|0.0000|0.0000|0.0000|0|67.26
金鹰重工|301048|1.64|5680100|52848968.00|0.66|3.50|-0.55|9.28|9.19|9.45|9.08|5.68|9.13|4629600|42302248.00|1|0.0000|0.0000|0.0000|0|9.13
超越科技|301049|0.40|836500|18843216.00|-0.35|0.93|-0.97|22.67|22.50|22.79|22.36|0.84|22.58|1286717|29141744.00|1|0.0000|0.0000|0.0000|0|22.58
雷电微力|301050|0.00|3147140|164385328.00|-0.13|1.09|-1.09|52.28|52.21|52.85|51.71|3.15|52.28|5033724|262946224.00|1|0.0000|0.0000|0.0000|0|52.28
信濠光电|301051|0.50|1324200|31844064.00|-0.08|1.63|-0.83|24.11|23.97|24.38|23.79|1.32|23.99|691386|16544975.00|1|0.0000|0.0000|0.0000|0|23.99
果麦文化|301052|0.00|19611924|659792192.00|0.03|6.85|-0.28|32.70|32.71|34.94|32.61|19.61|32.70|23595993|787984064.00|1|0.0000|0.0000|0.0000|0|32.70
远信工业|301053|-0.08|1819964|48459396.00|-0.83|1.77|-0.83|26.50|26.30|26.99|26.30|1.82|26.52|2102276|55923668.00|1|0.0000|0.0000|0.0000|0|26.52
张小泉|301055|-0.55|4358652|71068072.00|-0.49|0.49|-2.49|16.38|16.39|16.55|16.06|4.36|16.47|5446756|89328728.00|1|0.0000|0.0000|0.0000|0|16.47
森赫股份|301056|0.34|2803100|25031736.00|0.79|1.92|-1.13|8.89|8.93|9.03|8.76|2.80|8.86|4049100|36180440.00|1|0.0000|0.0000|0.0000|0|8.86
汇隆新材|301057|3.12|5577608|80609816.00|-0.14|4.47|-0.71|14.54|14.08|14.73|14.00|5.58|14.10|5914900|83798192.00|1|0.0000|0.0000|0.0000|0|14.10
中粮科工|301058|0.36|3949000|44002472.00|0.09|2.08|-0.18|11.09|11.06|11.28|11.03|3.95|11.05|5342300|59301288.00|1|0.0000|0.0000|0.0000|0|11.05
金三江|301059|-1.48|3427140|39140116.00|0.00|0.87|-2.26|11.33|11.50|11.60|11.24|3.43|11.50|4489060|51093540.00|1|0.0000|0.0000|0.0000|0|11.50
兰卫医学|301060|0.20|4515700|45394608.00|-0.50|1.40|-1.20|10.05|9.98|10.17|9.91|4.52|10.03|7262200|73248760.00|1|0.0000|0.0000|0.0000|0|10.03
匠心家居|301061|4.21|882000|69173488.00|0.51|4.34|-0.26|79.41|76.59|79.51|76.00|0.88|76.20|935140|71444432.00|1|0.0000|0.0000|0.0000|0|76.20
上海艾录|301062|-0.11|4516300|40922948.00|-0.22|1.11|-0.44|9.02|9.01|9.13|8.99|4.52|9.03|6205976|56316096.00|1|0.0000|0.0000|0.0000|0|9.03
海锅股份|301063|0.39|9118450|234135584.00|-0.98|3.30|-2.05|25.52|25.17|26.26|24.90|9.12|25.42|11406811|285293408.00|1|0.0000|0.0000|0.0000|0|25.42
本立科技|301065|-0.81|3748000|78053792.00|-0.62|2.25|-2.20|20.70|20.74|21.34|20.41|3.75|20.87|6012233|125542944.00|1|0.0000|0.0000|0.0000|0|20.87
万事利|301066|0.30|1514600|20326914.00|-0.37|1.05|-0.75|13.39|13.30|13.49|13.25|1.51|13.35|2272000|30539416.00|1|0.0000|0.0000|0.0000|0|13.35
显盈科技|301067|-3.35|2567440|76165632.00|-0.89|-0.03|-3.45|29.16|29.90|30.16|29.13|2.57|30.17|3345980|100762776.00|1|0.0000|0.0000|0.0000|0|30.17
大地海洋|301068|-0.08|988720|35301060.00|0.20|2.03|-0.59|35.47|35.57|36.22|35.29|0.99|35.50|1709470|60928804.00|1|0.0000|0.0000|0.0000|0|35.50
凯盛新材|301069|0.57|6403602|101679488.00|-0.32|2.80|-0.51|15.80|15.66|16.15|15.63|6.40|15.71|5351402|84005520.00|1|0.0000|0.0000|0.0000|0|15.71
开勒股份|301070|3.60|1203700|63187468.00|-0.88|4.57|-0.88|53.00|50.71|53.50|50.71|1.20|51.16|653500|33451330.00|1|0.0000|0.0000|0.0000|0|51.16
力量钻石|301071|-0.12|1749000|57930060.00|-0.48|0.85|-0.48|33.00|32.88|33.32|32.88|1.75|33.04|2368900|78453328.00|1|0.0000|0.0000|0.0000|0|33.04
中捷精工|301072|0.79|1500401|31024034.00|-0.49|3.24|-2.31|20.53|20.27|21.03|19.90|1.50|20.37|1194000|24536608.00|1|0.0000|0.0000|0.0000|0|20.37
君亭酒店|301073|-0.27|3834114|84165808.00|-0.46|1.32|-1.68|21.91|21.87|22.26|21.60|3.83|21.97|5409573|119089288.00|1|0.0000|0.0000|0.0000|0|21.97
多瑞医药|301075|-1.02|16937735|508507232.00|1.97|5.26|-7.14|30.09|31.00|32.00|28.23|16.94|30.40|12747680|367041344.00|1|0.0000|0.0000|0.0000|0|30.40
新瀚新材|301076|1.48|2072800|55487604.00|-0.27|2.35|-0.83|26.76|26.30|26.99|26.15|2.07|26.37|2249100|59818184.00|1|0.0000|0.0000|0.0000|0|26.37
星华新材|301077|15.11|11731744|371468992.00|1.51|20.01|0.40|31.92|28.15|33.28|27.84|11.73|27.73|2570300|71803944.00|1|0.0000|0.0000|0.0000|0|27.73
孩子王|301078|1.13|29436905|368595712.00|0.65|2.59|0.00|12.51|12.45|12.69|12.37|29.44|12.37|37687440|474468800.00|1|0.0000|0.0000|0.0000|0|12.37
邵阳液压|301079|-3.73|19483200|552898048.00|-0.68|0.31|-4.62|28.11|29.00|29.29|27.85|19.48|29.20|29307408|852433216.00|1|0.0000|0.0000|0.0000|0|29.20
百普赛斯|301080|-0.97|1261550|68327208.00|-0.07|0.88|-1.70|54.05|54.54|55.06|53.65|1.26|54.58|2266900|124584680.00|1|0.0000|0.0000|0.0000|0|54.58
严牌股份|301081|0.53|1709559|16348358.00|0.00|1.69|-1.05|9.54|9.49|9.65|9.39|1.71|9.49|2107904|19996020.00|1|0.0000|0.0000|0.0000|0|9.49
久盛电气|301082|-4.75|38884817|726374080.00|-3.39|-1.47|-8.35|18.83|19.10|19.48|18.12|38.88|19.77|53109766|1039926336.00|1|0.0000|0.0000|0.0000|0|19.77
百胜智能|301083|0.00|2890974|44075380.00|-0.07|1.91|-0.53|15.16|15.15|15.45|15.08|2.89|15.16|4935966|75048472.00|1|0.0000|0.0000|0.0000|0|15.16
亚康股份|301085|0.43|1395800|88535832.00|-0.48|2.07|-0.86|63.07|62.50|64.10|62.26|1.40|62.80|1673000|105639424.00|1|0.0000|0.0000|0.0000|0|62.80
鸿富瀚|301086|0.27|653300|31421400.00|0.00|1.59|0.00|47.83|47.70|48.46|47.70|0.65|47.70|790559|37868376.00|1|0.0000|0.0000|0.0000|0|47.70
可孚医疗|301087|0.48|929270|33048688.00|-0.11|1.13|-0.54|35.57|35.36|35.80|35.21|0.93|35.40|1855520|65660652.00|1|0.0000|0.0000|0.0000|0|35.40
戎美股份|301088|0.45|1048800|14046567.00|0.00|1.35|-0.30|13.37|13.31|13.49|13.27|1.05|13.31|1839200|24626828.00|1|0.0000|0.0000|0.0000|0|13.31
拓新药业|301089|0.47|7657701|229052816.00|-1.22|3.39|-1.80|29.63|29.13|30.49|28.96|7.66|29.49|7786700|232006656.00|1|0.0000|0.0000|0.0000|0|29.49
华润材料|301090|-0.81|4512298|33301692.00|0.13|0.54|-1.62|7.37|7.44|7.47|7.31|4.51|7.43|5255998|39068360.00|1|0.0000|0.0000|0.0000|0|7.43
深城交|301091|-0.78|4088581|151035328.00|0.14|0.81|-0.89|36.73|37.07|37.32|36.69|4.09|37.02|5635499|211218688.00|1|0.0000|0.0000|0.0000|0|37.02
争光股份|301092|-0.85|3701100|99370776.00|-0.74|0.26|-2.62|26.86|26.89|27.16|26.38|3.70|27.09|6582785|175461760.00|1|0.0000|0.0000|0.0000|0|27.09
华兰股份|301093|-0.25|1450700|40652528.00|-0.50|0.82|-1.24|28.08|28.01|28.38|27.80|1.45|28.15|1936300|54938408.00|1|0.0000|0.0000|0.0000|0|28.15
广立微|301095|-0.74|2139832|112375152.00|-0.11|0.72|-1.08|52.29|52.62|53.06|52.11|2.14|52.68|2667600|140901456.00|1|0.0000|0.0000|0.0000|0|52.68
百诚医药|301096|1.00|3587608|137104096.00|-0.21|1.45|-0.92|38.36|37.90|38.53|37.63|3.59|37.98|5659820|215215472.00|1|0.0000|0.0000|0.0000|0|37.98
天益医疗|301097|0.08|361700|13932364.00|0.00|1.89|-0.47|38.22|38.19|38.91|38.01|0.36|38.19|579700|22153594.00|1|0.0000|0.0000|0.0000|0|38.19
金埔园林|301098|0.12|1965361|15954210.00|0.12|1.49|-0.74|8.08|8.08|8.19|8.01|1.97|8.07|3922010|31715546.00|1|0.0000|0.0000|0.0000|0|8.07
雅创电子|301099|2.04|3164609|153828992.00|-0.57|4.21|-0.57|48.50|47.26|49.53|47.26|3.16|47.53|2024270|96748928.00|1|0.0000|0.0000|0.0000|0|47.53
风光股份|301100|-0.06|1138700|18617092.00|-0.37|1.41|-0.61|16.31|16.26|16.55|16.22|1.14|16.32|1545110|25201740.00|1|0.0000|0.0000|0.0000|0|16.32
明月镜片|301101|1.10|7566615|415289760.00|-1.64|2.74|-2.10|55.35|53.85|56.25|53.60|7.57|54.75|10259660|569383680.00|1|0.0000|0.0000|0.0000|0|54.75
兆讯传媒|301102|0.38|2816091|30326808.00|0.00|2.07|-0.75|10.69|10.65|10.87|10.57|2.82|10.65|3209300|34324304.00|1|0.0000|0.0000|0.0000|0|10.65
何氏眼科|301103|0.15|1012800|20768278.00|-0.05|1.32|-1.17|20.49|20.45|20.73|20.22|1.01|20.46|1799730|36901712.00|1|0.0000|0.0000|0.0000|0|20.46
鸿铭股份|301105|-0.39|1371704|49129252.00|0.45|2.97|-1.34|35.60|35.90|36.80|35.26|1.37|35.74|1087200|38778116.00|1|0.0000|0.0000|0.0000|0|35.74
骏成科技|301106|0.68|792280|23661292.00|0.14|2.78|-0.31|29.66|29.50|30.28|29.37|0.79|29.46|1132980|33449304.00|1|0.0000|0.0000|0.0000|0|29.46
瑜欣电子|301107|1.00|1902056|63792856.00|2.04|3.84|-0.21|33.17|33.51|34.10|32.77|1.90|32.84|1748400|58224540.00|1|0.0000|0.0000|0.0000|0|32.84
洁雅股份|301108|0.23|467500|12360339.00|0.00|0.95|-1.14|26.46|26.40|26.65|26.10|0.47|26.40|663600|17513592.00|1|0.0000|0.0000|0.0000|0|26.40
军信股份|301109|-1.76|7212570|146266768.00|0.15|1.13|-1.96|20.07|20.46|20.66|20.03|7.21|20.43|14507913|290888064.00|1|0.0000|0.0000|0.0000|0|20.43
青木科技|301110|-1.14|1613900|79111792.00|-0.02|1.65|-1.44|48.65|49.20|50.02|48.50|1.61|49.21|1768334|86828184.00|1|0.0000|0.0000|0.0000|0|49.21
粤万年青|301111|-0.24|4130500|67284272.00|-0.31|0.86|-1.71|16.30|16.29|16.48|16.06|4.13|16.34|8429300|136240896.00|1|0.0000|0.0000|0.0000|0|16.34
信邦智能|301112|2.84|2492600|65882540.00|0.55|5.46|-1.05|26.39|25.80|27.06|25.39|2.49|25.66|2025300|52309824.00|1|0.0000|0.0000|0.0000|0|25.66
雅艺科技|301113|2.63|1429366|35532196.00|-0.08|3.50|-0.21|24.95|24.29|25.16|24.26|1.43|24.31|1874666|45501360.00|1|0.0000|0.0000|0.0000|0|24.31
联检科技|301115|0.36|1080114|15239142.00|-0.36|0.57|-0.50|14.12|14.02|14.15|14.00|1.08|14.07|1656907|23245850.00|1|0.0000|0.0000|0.0000|0|14.07
益客食品|301116|0.70|5755300|66616988.00|0.26|4.31|0.18|11.45|11.40|11.86|11.39|5.76|11.37|5047435|57726152.00|1|0.0000|0.0000|0.0000|0|11.37
佳缘科技|301117|-2.13|1995300|63160136.00|-0.91|0.41|-2.31|31.31|31.70|32.12|31.25|2.00|31.99|3761400|119563232.00|1|0.0000|0.0000|0.0000|0|31.99
恒光股份|301118|-0.93|13180498|295995776.00|-6.58|4.89|-6.58|22.28|21.01|23.59|21.01|13.18|22.49|15925202|354307200.00|1|0.0000|0.0000|0.0000|0|22.49
正强股份|301119|0.06|1776561|56280988.00|-0.10|4.07|-0.80|31.20|31.15|32.45|30.93|1.78|31.18|1830871|57831396.00|1|0.0000|0.0000|0.0000|0|31.18
新特电气|301120|-1.13|11932900|115264240.00|0.10|0.93|-1.34|9.59|9.71|9.79|9.57|11.93|9.70|21831725|211942288.00|1|0.0000|0.0000|0.0000|0|9.70
紫建电子|301121|-1.54|2158400|130153880.00|-0.48|1.34|-1.60|59.54|60.18|61.28|59.50|2.16|60.47|2646152|161355136.00|1|0.0000|0.0000|0.0000|0|60.47
采纳股份|301122|0.13|1170840|26478820.00|0.22|1.28|-0.66|22.60|22.62|22.86|22.42|1.17|22.57|1943123|44065848.00|1|0.0000|0.0000|0.0000|0|22.57
奕东电子|301123|-0.46|1628000|35358872.00|-0.14|1.43|-0.83|21.58|21.65|21.99|21.50|1.63|21.68|1987600|43504604.00|1|0.0000|0.0000|0.0000|0|21.68
腾亚精工|301125|1.61|3599196|43238672.00|0.25|3.22|-0.59|11.98|11.82|12.17|11.72|3.60|11.79|3945237|46866704.00|1|0.0000|0.0000|0.0000|0|11.79
达嘉维康|301126|0.53|5542800|63430232.00|0.35|1.58|-0.97|11.45|11.43|11.57|11.28|5.54|11.39|9537200|109473272.00|1|0.0000|0.0000|0.0000|0|11.39
武汉天源|301127|-1.50|6229184|103565304.00|0.90|1.14|-2.09|16.46|16.86|16.90|16.36|6.23|16.71|6682120|113459576.00|1|0.0000|0.0000|0.0000|0|16.71
强瑞技术|301128|-2.04|2353600|176940112.00|-0.66|1.06|-2.11|74.25|75.30|76.60|74.20|2.35|75.80|3009600|227888448.00|1|0.0000|0.0000|0.0000|0|75.80
瑞纳智能|301129|0.38|1159500|24807240.00|0.00|1.55|-1.46|21.38|21.30|21.63|20.99|1.16|21.30|1087100|23166710.00|1|0.0000|0.0000|0.0000|0|21.30
西点药业|301130|0.47|1596176|44483748.00|-0.29|1.01|-1.44|27.95|27.74|28.10|27.42|1.60|27.82|2685969|74958176.00|1|0.0000|0.0000|0.0000|0|27.82
聚赛龙|301131|2.27|1311600|51283796.00|-0.05|3.15|-0.65|39.23|38.34|39.57|38.11|1.31|38.36|1250800|48404848.00|1|0.0000|0.0000|0.0000|0|38.36
满坤科技|301132|0.19|1078768|28678304.00|0.30|1.63|-0.45|26.47|26.50|26.85|26.30|1.08|26.42|1294200|34257060.00|1|0.0000|0.0000|0.0000|0|26.42
金钟股份|301133|2.91|1665047|40425872.00|0.04|3.59|-0.42|24.39|23.71|24.55|23.60|1.67|23.70|1145600|27355432.00|1|0.0000|0.0000|0.0000|0|23.70
瑞德智能|301135|1.50|1835200|47323956.00|0.12|2.76|-0.35|25.75|25.40|26.07|25.28|1.84|25.37|1808400|46353092.00|1|0.0000|0.0000|0.0000|0|25.37
招标股份|301136|1.77|7309500|88026840.00|0.00|4.63|-1.51|12.10|11.89|12.44|11.71|7.31|11.89|5830500|69362712.00|1|0.0000|0.0000|0.0000|0|11.89
哈焊华通|301137|-3.56|17436702|418999296.00|-4.00|0.12|-6.00|24.12|24.01|25.04|23.51|17.44|25.01|26180246|618903936.00|1|0.0000|0.0000|0.0000|0|25.01
华研精机|301138|1.73|1271300|37424240.00|0.21|2.73|-0.55|29.45|29.01|29.74|28.79|1.27|28.95|1508104|43873652.00|1|0.0000|0.0000|0.0000|0|28.95
元道通信|301139|7.99|20701600|722063168.00|0.56|15.29|0.25|34.47|32.10|36.80|32.00|20.70|31.92|11614500|377737568.00|1|0.0000|0.0000|0.0000|0|31.92
中科磁业|301141|-0.43|1349520|49909252.00|-0.98|1.54|-0.98|36.75|36.55|37.48|36.55|1.35|36.91|1749527|64629168.00|1|0.0000|0.0000|0.0000|0|36.91
嘉戎技术|301148|-1.40|1953137|38665276.00|0.00|0.25|-1.65|19.70|19.98|20.03|19.65|1.95|19.98|3192800|63330708.00|1|0.0000|0.0000|0.0000|0|19.98
隆华新材|301149|-0.18|3052100|34079672.00|-0.09|1.35|-0.72|11.11|11.12|11.28|11.05|3.05|11.13|3251200|36198876.00|1|0.0000|0.0000|0.0000|0|11.13
中一科技|301150|0.69|1261716|25803022.00|0.64|1.97|-1.73|20.40|20.39|20.66|19.91|1.26|20.26|1090597|22150338.00|1|0.0000|0.0000|0.0000|0|20.26
冠龙节能|301151|0.19|1337200|20807196.00|-0.13|1.62|-0.78|15.50|15.45|15.72|15.35|1.34|15.47|2149200|33390688.00|1|0.0000|0.0000|0.0000|0|15.47
天力锂能|301152|-1.08|1423800|36882424.00|0.42|1.20|-1.08|25.61|26.00|26.20|25.61|1.42|25.89|1871400|48555272.00|1|0.0000|0.0000|0.0000|0|25.89
中科江南|301153|1.09|3280967|88045152.00|-0.15|2.07|-0.30|26.83|26.50|27.09|26.46|3.28|26.54|3425638|91151192.00|1|0.0000|0.0000|0.0000|0|26.54
海力风电|301155|-1.38|1936900|120857736.00|-0.58|-0.13|-2.69|62.39|62.89|63.18|61.56|1.94|63.26|2285919|144873456.00|1|0.0000|0.0000|0.0000|0|63.26
美农生物|301156|-2.08|10236752|154121840.00|-3.47|-2.02|-6.56|15.53|15.31|15.54|14.82|10.24|15.86|13256874|207133568.00|1|0.0000|0.0000|0.0000|0|15.86
华塑科技|301157|-0.18|650700|32596232.00|0.66|1.04|-0.92|49.88|50.30|50.49|49.51|0.65|49.97|745300|37414848.00|1|0.0000|0.0000|0.0000|0|49.97
德石股份|301158|-2.80|11652464|202984000.00|1.88|4.45|-3.08|17.02|17.84|18.29|16.97|11.65|17.51|12614070|221677744.00|1|0.0000|0.0000|0.0000|0|17.51
三维天地|301159|1.69|1325558|40435684.00|-0.07|2.96|-0.96|30.60|30.07|30.98|29.80|1.33|30.09|1069300|32358300.00|1|0.0000|0.0000|0.0000|0|30.09
翔楼新材|301160|0.53|1884700|179543776.00|-0.35|3.00|-0.42|94.42|93.59|96.74|93.53|1.88|93.92|1774200|168476384.00|1|0.0000|0.0000|0.0000|0|93.92
唯万密封|301161|0.23|2927700|65120368.00|0.00|1.54|-0.54|22.16|22.11|22.45|21.99|2.93|22.11|3518200|78086848.00|1|0.0000|0.0000|0.0000|0|22.11
国能日新|301162|4.04|5400320|284827488.00|-0.81|6.30|-0.85|52.85|50.39|54.00|50.37|5.40|50.80|4075000|206220544.00|1|0.0000|0.0000|0.0000|0|50.80
宏德股份|301163|2.87|2292900|54208976.00|-0.04|4.22|-0.78|23.66|22.99|23.97|22.82|2.29|23.00|1516700|35067952.00|1|0.0000|0.0000|0.0000|0|23.00
锐捷网络|301165|0.36|3296587|227580624.00|0.03|1.06|-0.57|69.02|68.79|69.50|68.38|3.30|68.77|3532875|243262592.00|1|0.0000|0.0000|0.0000|0|68.77
优宁维|301166|-1.20|986200|30304092.00|-0.49|0.55|-1.36|30.50|30.72|31.04|30.45|0.99|30.87|2132853|65916096.00|1|0.0000|0.0000|0.0000|0|30.87
建研设计|301167|1.82|2273320|30537600.00|0.15|3.33|-0.83|13.44|13.22|13.64|13.09|2.27|13.20|2184540|28932554.00|1|0.0000|0.0000|0.0000|0|13.20
通灵股份|301168|3.18|3132400|92406128.00|-0.17|5.63|-0.73|29.50|28.54|30.20|28.38|3.13|28.59|3110500|88399064.00|1|0.0000|0.0000|0.0000|0|28.59
零点有数|301169|2.51|1845500|70570376.00|-0.43|5.45|-0.53|38.39|37.29|39.49|37.25|1.85|37.45|899100|33652528.00|1|0.0000|0.0000|0.0000|0|37.45
锡南科技|301170|1.75|1291700|33105664.00|0.48|3.26|-0.48|25.57|25.25|25.95|25.01|1.29|25.13|1102800|27923140.00|1|0.0000|0.0000|0.0000|0|25.13
易点天下|301171|1.96|14537999|384980896.00|0.04|3.23|-0.35|26.50|26.00|26.83|25.90|14.54|25.99|16472691|434742208.00|1|0.0000|0.0000|0.0000|0|25.99
君逸数码|301172|0.18|1017732|28044890.00|0.04|1.39|-0.40|27.44|27.40|27.77|27.28|1.02|27.39|1354200|37342952.00|1|0.0000|0.0000|0.0000|0|27.39
毓恬冠佳|301173|-1.10|1559584|87146728.00|0.02|0.55|-1.58|55.57|56.20|56.50|55.30|1.56|56.19|2510022|139579232.00|1|0.0000|0.0000|0.0000|0|56.19
中科环保|301175|-1.39|38715033|220494192.00|0.00|0.35|-2.09|5.67|5.75|5.77|5.63|38.72|5.75|69411494|394646368.00|1|0.0000|0.0000|0.0000|0|5.75
逸豪新材|301176|-0.87|2036816|37330172.00|1.20|1.42|-1.09|18.17|18.55|18.59|18.13|2.04|18.33|2080743|38327652.00|1|0.0000|0.0000|0.0000|0|18.33
迪阿股份|301177|0.14|1848100|53890360.00|-0.69|3.30|-1.87|28.84|28.60|29.75|28.26|1.85|28.80|1592171|45927456.00|1|0.0000|0.0000|0.0000|0|28.80
天亿马|301178|2.59|2568200|88327376.00|-0.45|3.57|-0.45|34.47|33.45|34.80|33.45|2.57|33.60|2144800|71722952.00|1|0.0000|0.0000|0.0000|0|33.60
泽宇智能|301179|0.62|2420260|43714888.00|-0.22|2.29|-0.95|17.99|17.84|18.29|17.71|2.42|17.88|2954312|52971456.00|1|0.0000|0.0000|0.0000|0|17.88
万祥科技|301180|0.45|1980242|26664474.00|-0.37|1.12|-0.37|13.46|13.35|13.55|13.35|1.98|13.40|2708900|36446296.00|1|0.0000|0.0000|0.0000|0|13.40
标榜股份|301181|1.87|1754830|43191856.00|0.12|3.57|-0.83|24.53|24.11|24.94|23.88|1.75|24.08|1314200|31849704.00|1|0.0000|0.0000|0.0000|0|24.08
凯旺科技|301182|-1.70|1876400|66594096.00|-0.75|0.39|-1.82|35.17|35.51|35.92|35.13|1.88|35.78|2991809|105837880.00|1|0.0000|0.0000|0.0000|0|35.78
东田微|301183|0.87|1126500|56085256.00|0.20|2.13|0.14|49.66|49.33|50.28|49.30|1.13|49.23|1200300|59457212.00|1|0.0000|0.0000|0.0000|0|49.23
鸥玛软件|301185|1.52|2407300|43243556.00|-0.45|2.88|-0.56|17.99|17.64|18.23|17.62|2.41|17.72|2938108|52273424.00|1|0.0000|0.0000|0.0000|0|17.72
超达装备|301186|1.04|537600|21920384.00|0.30|2.54|-0.47|40.65|40.35|41.25|40.04|0.54|40.23|626294|25310846.00|1|0.0000|0.0000|0.0000|0|40.23
欧圣电气|301187|2.20|1855318|70776360.00|-0.03|3.40|-0.35|38.13|37.30|38.58|37.18|1.86|37.31|2015000|75974360.00|1|0.0000|0.0000|0.0000|0|37.31
力诺药包|301188|1.87|6102628|111971600.00|-0.88|2.42|-0.88|18.53|18.03|18.63|18.03|6.10|18.19|10591928|197068400.00|1|0.0000|0.0000|0.0000|0|18.19
奥尼电子|301189|2.59|2007370|50833336.00|0.00|4.37|-0.89|25.33|24.69|25.77|24.47|2.01|24.69|914500|22580148.00|1|0.0000|0.0000|0.0000|0|24.69
善水科技|301190|-3.74|8638550|184536176.00|-2.72|-2.72|-6.59|21.62|21.85|21.85|20.98|8.64|22.46|12570612|271031648.00|1|0.0000|0.0000|0.0000|0|22.46
菲菱科思|301191|1.52|1666800|175927888.00|-0.25|3.38|-0.72|105.02|103.19|106.95|102.70|1.67|103.45|1551250|159795488.00|1|0.0000|0.0000|0.0000|0|103.45
泰祥股份|301192|0.26|1285104|24575022.00|-0.68|0.94|-1.88|19.17|18.99|19.30|18.76|1.29|19.12|1973804|37512552.00|1|0.0000|0.0000|0.0000|0|19.12
家联科技|301193|0.55|956200|15662302.00|0.06|1.91|-0.37|16.33|16.25|16.55|16.18|0.96|16.24|708400|11520089.00|1|0.0000|0.0000|0.0000|0|16.24
北路智控|301195|0.95|1015500|34780528.00|0.00|2.46|-0.36|34.08|33.76|34.59|33.64|1.02|33.76|856700|29126224.00|1|0.0000|0.0000|0.0000|0|33.76
唯科科技|301196|3.14|3314478|178757600.00|-0.59|5.10|-1.07|53.95|52.00|54.98|51.75|3.31|52.31|2289316|120482664.00|1|0.0000|0.0000|0.0000|0|52.31
工大科雅|301197|0.74|1654400|24914760.00|0.00|2.22|-0.67|14.99|14.88|15.21|14.78|1.65|14.88|1837200|27569392.00|1|0.0000|0.0000|0.0000|0|14.88
喜悦智行|301198|0.10|1424540|14861452.00|0.10|1.64|-1.06|10.39|10.39|10.55|10.27|1.42|10.38|2776700|29016088.00|1|0.0000|0.0000|0.0000|0|10.38
迈赫股份|301199|5.65|4351300|147896384.00|0.06|8.40|-0.34|34.20|32.39|35.09|32.26|4.35|32.37|1547100|50352368.00|1|0.0000|0.0000|0.0000|0|32.37
大族数控|301200|0.50|909300|36546076.00|-0.08|2.32|-0.25|39.92|39.69|40.64|39.62|0.91|39.72|1025200|41088480.00|1|0.0000|0.0000|0.0000|0|39.72
诚达药业|301201|-5.02|16573822|387026080.00|-3.25|-1.44|-5.31|23.07|23.50|23.94|23.00|16.57|24.29|18905518|447453632.00|1|0.0000|0.0000|0.0000|0|24.29
朗威股份|301202|0.74|2033900|89314352.00|-0.02|2.21|-0.58|43.74|43.41|44.38|43.17|2.03|43.42|2256000|98406424.00|1|0.0000|0.0000|0.0000|0|43.42
国泰环保|301203|0.10|353537|10858903.00|0.00|0.75|-1.11|30.68|30.65|30.88|30.31|0.35|30.65|809600|24662852.00|1|0.0000|0.0000|0.0000|0|30.65
联特科技|301205|1.37|2122713|146701504.00|1.19|2.74|0.18|69.06|68.94|70.00|68.25|2.12|68.13|1496319|102435128.00|1|0.0000|0.0000|0.0000|0|68.13
三元生物|301206|-0.65|697752|18334634.00|-0.42|0.30|-0.76|26.18|26.24|26.43|26.15|0.70|26.35|1513552|39640304.00|1|0.0000|0.0000|0.0000|0|26.35
华兰疫苗|301207|-1.14|2760045|48134328.00|-0.11|0.40|-1.60|17.33|17.51|17.60|17.25|2.76|17.53|6038145|106304368.00|1|0.0000|0.0000|0.0000|0|17.53
中亦科技|301208|0.21|1763640|67989392.00|-0.29|1.57|-0.29|38.40|38.21|38.92|38.21|1.76|38.32|2766800|106896552.00|1|0.0000|0.0000|0.0000|0|38.32
联合化学|301209|1.08|1064200|39829940.00|0.14|2.85|-0.27|37.30|36.95|37.95|36.80|1.06|36.90|946090|34835684.00|1|0.0000|0.0000|0.0000|0|36.90
金杨精密|301210|3.47|3126500|168659232.00|-0.98|6.06|-0.98|53.92|51.60|55.27|51.60|3.13|52.11|1794800|94254872.00|1|0.0000|0.0000|0.0000|0|52.11
亨迪药业|301211|-1.95|9626285|180674160.00|-2.21|-0.05|-2.21|18.64|18.59|19.00|18.59|9.63|19.01|17468181|333919904.00|1|0.0000|0.0000|0.0000|0|19.01
联盛化学|301212|1.01|4061700|97604144.00|-0.55|8.03|-0.55|23.89|23.52|25.55|23.52|4.06|23.65|4994609|117014592.00|1|0.0000|0.0000|0.0000|0|23.65
观想科技|301213|-1.12|648000|31589654.00|0.00|0.39|-1.75|48.55|49.10|49.29|48.24|0.65|49.10|1093100|54058724.00|1|0.0000|0.0000|0.0000|0|49.10
中汽股份|301215|0.00|6313377|37142128.00|0.17|1.19|-0.85|5.87|5.88|5.94|5.82|6.31|5.87|10811400|63548504.00|1|0.0000|0.0000|0.0000|0|5.87
万凯新材|301216|1.45|4641134|61569760.00|-0.08|2.44|-0.91|13.33|13.13|13.46|13.02|4.64|13.14|4441900|58164992.00|1|0.0000|0.0000|0.0000|0|13.14
铜冠铜箔|301217|-0.09|3886711|41818024.00|0.28|1.31|-0.56|10.71|10.75|10.86|10.66|3.89|10.72|4140500|44579348.00|1|0.0000|0.0000|0.0000|0|10.72
华是科技|301218|0.91|1783300|37454612.00|-0.34|2.02|-0.77|20.98|20.72|21.21|20.63|1.78|20.79|2077600|43458728.00|1|0.0000|0.0000|0.0000|0|20.79
腾远钴业|301219|0.13|2916149|155643792.00|-0.15|1.32|-0.49|53.25|53.10|53.88|52.92|2.92|53.18|3668410|195872976.00|1|0.0000|0.0000|0.0000|0|53.18
亚香股份|301220|-0.10|2911700|241640112.00|3.00|3.66|-1.51|82.47|85.03|85.57|81.30|2.91|82.55|4347200|355641472.00|1|0.0000|0.0000|0.0000|0|82.55
光庭信息|301221|-1.09|1451410|70155288.00|-0.95|0.56|-1.24|47.99|48.06|48.79|47.92|1.45|48.52|2069600|101124664.00|1|0.0000|0.0000|0.0000|0|48.52
浙江恒威|301222|1.92|1119200|31568308.00|0.00|3.25|-0.36|28.20|27.67|28.57|27.57|1.12|27.67|869568|24130050.00|1|0.0000|0.0000|0.0000|0|27.67
中荣股份|301223|1.25|1125770|19057930.00|0.48|1.73|-0.48|17.00|16.87|17.08|16.71|1.13|16.79|755900|12655830.00|1|0.0000|0.0000|0.0000|0|16.79
恒勃股份|301225|2.42|3925175|157637776.00|-0.64|4.23|-1.40|40.15|38.95|40.86|38.65|3.93|39.20|2822400|110232104.00|1|0.0000|0.0000|0.0000|0|39.20
祥明智能|301226|4.62|4304240|123817440.00|0.04|5.56|-0.29|28.99|27.72|29.25|27.63|4.30|27.71|2599140|72697056.00|1|0.0000|0.0000|0.0000|0|27.71
森鹰窗业|301227|0.66|1094912|18469664.00|-0.42|1.61|-1.07|16.89|16.71|17.05|16.60|1.09|16.78|1804667|30391812.00|1|0.0000|0.0000|0.0000|0|16.78
实朴检测|301228|-2.72|7614243|165187120.00|-1.29|3.18|-3.23|21.11|21.42|22.39|21.00|7.61|21.70|7169290|157179536.00|1|0.0000|0.0000|0.0000|0|21.70
纽泰格|301229|0.40|2250833|56462676.00|-0.12|2.58|-0.89|24.91|24.78|25.45|24.59|2.25|24.81|2627283|65862804.00|1|0.0000|0.0000|0.0000|0|24.81
泓博医药|301230|0.44|4666522|150952112.00|0.06|2.15|-1.28|32.25|32.13|32.80|31.70|4.67|32.11|8022810|260790112.00|1|0.0000|0.0000|0.0000|0|32.11
荣信文化|301231|-0.58|4451929|106486864.00|0.50|2.33|-2.00|23.85|24.11|24.55|23.51|4.45|23.99|7495597|182385072.00|1|0.0000|0.0000|0.0000|0|23.99
飞沃科技|301232|1.28|942413|24553154.00|0.04|2.56|-0.70|26.11|25.79|26.44|25.60|0.94|25.78|1251740|32204016.00|1|0.0000|0.0000|0.0000|0|25.78
盛帮股份|301233|0.60|905700|43027968.00|0.13|2.30|-0.57|47.29|47.07|48.09|46.74|0.91|47.01|865100|40848100.00|1|0.0000|0.0000|0.0000|0|47.01
五洲医疗|301234|0.33|771700|21391436.00|-0.07|2.04|-0.65|27.60|27.49|28.07|27.33|0.77|27.51|1212500|33576280.00|1|0.0000|0.0000|0.0000|0|27.51
华康洁净|301235|1.23|1583200|32603720.00|0.15|1.77|-0.83|20.63|20.41|20.74|20.21|1.58|20.38|1884600|38408168.00|1|0.0000|0.0000|0.0000|0|20.38
软通动力|301236|-0.53|12067496|698743040.00|0.02|0.72|-0.88|57.68|58.00|58.41|57.48|12.07|57.99|18657275|1087473152.00|1|0.0000|0.0000|0.0000|0|57.99
和顺科技|301237|1.28|629100|14982902.00|0.34|2.34|-0.72|23.82|23.60|24.07|23.35|0.63|23.52|769613|18186582.00|1|0.0000|0.0000|0.0000|0|23.52
瑞泰新材|301238|0.60|6778276|125138312.00|-0.22|1.92|-0.55|18.37|18.22|18.61|18.16|6.78|18.26|5171361|94693848.00|1|0.0000|0.0000|0.0000|0|18.26
普瑞眼科|301239|0.84|1551800|65161184.00|-0.36|2.39|-0.43|41.83|41.33|42.47|41.30|1.55|41.48|3168800|132920256.00|1|0.0000|0.0000|0.0000|0|41.48
宏源药业|301246|-0.42|2879300|40745260.00|0.14|0.64|-0.85|14.10|14.18|14.25|14.04|2.88|14.16|5744576|81299304.00|1|0.0000|0.0000|0.0000|0|14.16
杰创智能|301248|7.21|11834704|241081584.00|0.05|8.59|-0.77|20.83|19.44|21.10|19.28|11.83|19.43|4591850|89242376.00|1|0.0000|0.0000|0.0000|0|19.43
威尔高|301251|0.69|1755181|64071048.00|-0.22|2.46|-0.28|36.41|36.08|37.05|36.06|1.76|36.16|2056760|75333168.00|1|0.0000|0.0000|0.0000|0|36.16
同星科技|301252|1.45|1310320|45650244.00|-0.52|2.53|-0.84|34.88|34.20|35.25|34.09|1.31|34.38|1038180|35905640.00|1|0.0000|0.0000|0.0000|0|34.38
通力科技|301255|2.48|2899200|126184888.00|-0.52|4.49|-0.52|43.35|42.08|44.20|42.08|2.90|42.30|2651670|113416608.00|1|0.0000|0.0000|0.0000|0|42.30
华融化学|301256|1.60|74845158|922013888.00|0.93|10.68|-3.03|12.08|12.00|13.16|11.53|74.85|11.89|59303874|631972608.00|1|0.0000|0.0000|0.0000|0|11.89
普蕊斯|301257|-0.43|3467607|114340920.00|0.37|2.20|-0.73|32.64|32.90|33.50|32.54|3.47|32.78|5157065|170440752.00|1|0.0000|0.0000|0.0000|0|32.78
富士莱|301258|3.76|4793900|125662704.00|-0.35|5.21|-0.90|26.50|25.45|26.87|25.31|4.79|25.54|3194300|82011560.00|1|0.0000|0.0000|0.0000|0|25.54
艾布鲁|301259|2.90|4852650|196768288.00|-0.28|6.93|-0.74|40.09|38.85|41.66|38.67|4.85|38.96|2630165|103529528.00|1|0.0000|0.0000|0.0000|0|38.96
格力博|301260|1.94|3104200|45547204.00|-0.42|2.77|-0.76|14.72|14.38|14.84|14.33|3.10|14.44|3133580|45602720.00|1|0.0000|0.0000|0.0000|0|14.44
恒工精密|301261|1.15|5197575|467769952.00|0.40|4.05|-0.50|89.42|88.75|91.98|87.96|5.20|88.40|6137995|549202304.00|1|0.0000|0.0000|0.0000|0|88.40
海看股份|301262|1.86|1910499|47235808.00|-0.37|3.01|-0.41|24.70|24.16|24.98|24.15|1.91|24.25|1445553|35282084.00|1|0.0000|0.0000|0.0000|0|24.25
泰恩康|301263|0.00|3178100|64380960.00|0.00|1.04|-0.59|20.19|20.19|20.40|20.07|3.18|20.19|5453760|110840944.00|1|0.0000|0.0000|0.0000|0|20.19
华新环保|301265|-0.64|1746279|16312898.00|0.64|1.28|-0.96|9.28|9.40|9.46|9.25|1.75|9.34|2796300|26143748.00|1|0.0000|0.0000|0.0000|0|9.34
宇邦新材|301266|0.39|1524934|54795320.00|-0.28|1.71|-0.92|35.87|35.63|36.34|35.40|1.52|35.73|1970099|71026384.00|1|0.0000|0.0000|0.0000|0|35.73
华厦眼科|301267|-0.45|4515200|91017184.00|-0.25|0.84|-1.09|20.12|20.16|20.38|19.99|4.52|20.21|7139006|145670400.00|1|0.0000|0.0000|0.0000|0|20.21
铭利达|301268|1.36|2500500|46863776.00|0.87|3.53|-0.22|18.68|18.59|19.08|18.39|2.50|18.43|2822992|52290304.00|1|0.0000|0.0000|0.0000|0|18.43
华大九天|301269|-2.22|2939935|322432992.00|-1.17|-0.63|-2.44|109.02|110.20|110.80|108.78|2.94|111.50|6440903|714606400.00|1|0.0000|0.0000|0.0000|0|111.50
汉仪股份|301270|0.20|1404600|50612592.00|-0.11|2.29|-0.39|35.81|35.70|36.56|35.60|1.40|35.74|1721800|61726168.00|1|0.0000|0.0000|0.0000|0|35.74
英华特|301272|7.45|4095397|165250000.00|3.38|16.10|1.66|40.10|38.58|43.33|37.94|4.10|37.32|835700|31125016.00|1|0.0000|0.0000|0.0000|0|37.32
瑞晨环保|301273|0.13|630200|14269532.00|-0.09|2.04|-1.91|22.57|22.52|23.00|22.11|0.63|22.54|952705|21633120.00|1|0.0000|0.0000|0.0000|0|22.54
汉朔科技|301275|-1.08|3564854|240030816.00|-0.84|0.96|-1.93|67.12|67.28|68.50|66.54|3.56|67.85|4776840|322421216.00|1|0.0000|0.0000|0.0000|0|67.85
嘉曼服饰|301276|2.12|2215979|47696516.00|-0.47|2.35|-0.47|21.70|21.15|21.75|21.15|2.22|21.25|1360800|28832028.00|1|0.0000|0.0000|0.0000|0|21.25
新天地|301277|-3.67|20855065|383532800.00|-1.81|2.13|-4.63|18.10|18.45|19.19|17.92|20.86|18.79|29485954|540802688.00|1|0.0000|0.0000|0.0000|0|18.79
快可电子|301278|0.46|793930|27606498.00|0.12|2.38|-0.78|34.58|34.46|35.24|34.15|0.79|34.42|1108420|38244964.00|1|0.0000|0.0000|0.0000|0|34.42
金道科技|301279|-5.01|6667852|178875648.00|-3.76|-1.68|-5.62|26.55|26.90|27.48|26.38|6.67|27.95|9782318|260497504.00|1|0.0000|0.0000|0.0000|0|27.95
珠城科技|301280|0.12|2602991|155918256.00|0.00|2.48|-0.27|59.41|59.34|60.81|59.18|2.60|59.34|2129274|128624856.00|1|0.0000|0.0000|0.0000|0|59.34
科源制药|301281|-1.66|1997699|65524380.00|-1.90|-0.03|-2.11|32.66|32.58|33.20|32.51|2.00|33.21|3375560|113266136.00|1|0.0000|0.0000|0.0000|0|33.21
金禄电子|301282|1.02|2742403|62573756.00|0.09|2.22|-0.18|22.77|22.56|23.04|22.50|2.74|22.54|2988903|68124840.00|1|0.0000|0.0000|0.0000|0|22.54
聚胶股份|301283|0.29|782900|21563708.00|-0.33|1.43|-0.51|27.43|27.26|27.74|27.21|0.78|27.35|916035|25124850.00|1|0.0000|0.0000|0.0000|0|27.35
鸿日达|301285|1.71|2903900|85053384.00|-0.66|3.91|-0.66|29.17|28.49|29.80|28.49|2.90|28.68|3473400|98868352.00|1|0.0000|0.0000|0.0000|0|28.68
侨源股份|301286|0.64|1364847|40826820.00|0.20|5.71|-0.64|29.80|29.67|31.30|29.42|1.36|29.61|1199800|35516848.00|1|0.0000|0.0000|0.0000|0|29.61
康力源|301287|1.49|663900|20779748.00|0.16|2.11|0.03|31.31|30.90|31.50|30.86|0.66|30.85|785100|24391198.00|1|0.0000|0.0000|0.0000|0|30.85
*ST清研|301288|-1.35|2148501|27293162.00|0.32|2.93|-1.51|12.44|12.65|12.98|12.42|2.15|12.61|2537100|32451358.00|1|0.0000|0.0000|0.0000|0|12.61
国缆检测|301289|-2.83|2407885|123004216.00|-0.77|0.12|-3.48|50.53|51.60|52.06|50.19|2.41|52.00|3181303|163517360.00|1|0.0000|0.0000|0.0000|0|52.00
东星医疗|301290|1.00|969300|23355008.00|-0.17|1.51|-0.50|24.15|23.87|24.27|23.79|0.97|23.91|1768407|42392880.00|1|0.0000|0.0000|0.0000|0|23.91
明阳电气|301291|-0.07|2845559|130465936.00|-0.02|1.24|-1.00|45.85|45.87|46.45|45.42|2.85|45.88|3251883|149968240.00|1|0.0000|0.0000|0.0000|0|45.88
海科新源|301292|1.13|1776400|25517362.00|0.14|2.33|-0.35|14.35|14.21|14.52|14.14|1.78|14.19|1831900|25867126.00|1|0.0000|0.0000|0.0000|0|14.19
三博脑科|301293|-0.55|7897866|388037536.00|-0.63|1.89|-1.99|49.02|48.98|50.22|48.31|7.90|49.29|14161737|709295808.00|1|0.0000|0.0000|0.0000|0|49.29
美硕科技|301295|1.78|1519540|34069764.00|0.14|4.02|-0.32|22.29|21.93|22.78|21.83|1.52|21.90|1046600|23046440.00|1|0.0000|0.0000|0.0000|0|21.90
新巨丰|301296|-0.91|1919300|18904808.00|-0.30|0.40|-1.11|9.80|9.86|9.93|9.78|1.92|9.89|2672800|26375688.00|1|0.0000|0.0000|0.0000|0|9.89
富乐德|301297|-3.39|14936976|619420352.00|-1.57|-0.14|-4.91|41.35|42.13|42.74|40.70|14.94|42.80|20442185|853120512.00|1|0.0000|0.0000|0.0000|0|42.80
东利机械|301298|1.12|8549155|138598800.00|-0.19|2.62|-1.19|16.20|15.99|16.44|15.83|8.55|16.02|12021769|195057776.00|1|0.0000|0.0000|0.0000|0|16.02
卓创资讯|301299|0.05|1012000|63860196.00|-0.35|1.40|-0.62|62.81|62.56|63.66|62.39|1.01|62.78|1169542|73760224.00|1|0.0000|0.0000|0.0000|0|62.78
远翔新材|301300|3.71|5345576|173921568.00|-0.50|4.37|-1.62|33.23|31.88|33.44|31.52|5.35|32.04|3914200|126018064.00|1|0.0000|0.0000|0.0000|0|32.04
川宁生物|301301|-0.76|22445695|294776800.00|-0.38|0.23|-1.36|13.12|13.17|13.25|13.04|22.45|13.22|51782686|684775808.00|1|0.0000|0.0000|0.0000|0|13.22
华如科技|301302|0.40|1890700|42628900.00|0.94|1.74|0.00|22.46|22.58|22.76|22.37|1.89|22.37|2805200|63388816.00|1|0.0000|0.0000|0.0000|0|22.37
真兰仪表|301303|-0.22|1308160|18255118.00|0.57|0.72|-0.50|13.92|14.03|14.05|13.88|1.31|13.95|2880080|40237856.00|1|0.0000|0.0000|0.0000|0|13.95
朗坤科技|301305|-0.45|1553100|27351856.00|-0.57|0.62|-1.08|17.57|17.55|17.76|17.46|1.55|17.65|1858700|32755012.00|1|0.0000|0.0000|0.0000|0|17.65
西测测试|301306|-2.12|1878543|73630496.00|0.81|0.81|-2.17|38.84|40.00|40.00|38.82|1.88|39.68|3090200|123050912.00|1|0.0000|0.0000|0.0000|0|39.68
美利信|301307|5.70|11648300|273649024.00|0.00|8.48|0.00|23.55|22.28|24.17|22.28|11.65|22.28|7973700|181975296.00|1|0.0000|0.0000|0.0000|0|22.28
江波龙|301308|0.91|3800169|352952032.00|0.08|1.93|-0.53|92.83|92.06|93.77|91.50|3.80|91.99|4253343|394163488.00|1|0.0000|0.0000|0.0000|0|91.99
万得凯|301309|1.49|1303757|35741920.00|0.19|2.94|-0.56|27.30|26.95|27.69|26.75|1.30|26.90|758400|20415936.00|1|0.0000|0.0000|0.0000|0|26.90
鑫宏业|301310|-0.65|2355100|76712904.00|-0.22|1.51|-1.14|32.29|32.43|32.99|32.13|2.36|32.50|2870404|93462944.00|1|0.0000|0.0000|0.0000|0|32.50
昆船智能|301311|-1.04|2498305|45342704.00|0.00|0.71|-1.21|18.03|18.22|18.35|18.00|2.50|18.22|3010500|55508896.00|1|0.0000|0.0000|0.0000|0|18.22
智立方|301312|-0.16|1199460|52445056.00|-0.16|1.33|-0.39|43.50|43.50|44.15|43.40|1.20|43.57|1687973|74100848.00|1|0.0000|0.0000|0.0000|0|43.57
凡拓数创|301313|0.21|1441380|33950596.00|-0.39|1.67|-0.68|23.41|23.27|23.75|23.20|1.44|23.36|1727200|40404684.00|1|0.0000|0.0000|0.0000|0|23.36
科瑞思|301314|0.08|530050|18942578.00|0.48|1.66|-0.79|35.63|35.77|36.19|35.32|0.53|35.60|569180|20337410.00|1|0.0000|0.0000|0.0000|0|35.60
威士顿|301315|0.51|1108800|57316124.00|-1.48|1.70|-1.48|51.56|50.54|52.17|50.54|1.11|51.30|1637616|85032720.00|1|0.0000|0.0000|0.0000|0|51.30
慧博云通|301316|-0.12|8563443|214170096.00|-0.24|2.17|-0.80|24.83|24.80|25.40|24.66|8.56|24.86|13683943|346781312.00|1|0.0000|0.0000|0.0000|0|24.86
鑫磊股份|301317|0.44|1766200|36817136.00|2.18|2.52|-1.70|20.69|21.05|21.12|20.25|1.77|20.60|2097194|43168736.00|1|0.0000|0.0000|0.0000|0|20.60
维海德|301318|0.60|894020|27167812.00|-0.73|1.59|-0.73|30.30|29.90|30.60|29.90|0.89|30.12|1331180|40158952.00|1|0.0000|0.0000|0.0000|0|30.12
唯特偶|301319|5.45|12966432|497141344.00|-1.73|8.97|-1.73|38.90|36.25|40.20|36.25|12.97|36.89|12340475|448273920.00|1|0.0000|0.0000|0.0000|0|36.89
豪江智能|301320|0.81|3978400|69659088.00|0.41|3.13|-0.29|17.37|17.30|17.77|17.18|3.98|17.23|4609686|80511544.00|1|0.0000|0.0000|0.0000|0|17.23
翰博高新|301321|-3.45|10181575|157905392.00|-0.94|1.69|-4.33|15.38|15.78|16.20|15.24|10.18|15.93|12723618|202273056.00|1|0.0000|0.0000|0.0000|0|15.93
绿通科技|301322|-2.40|2122330|55954328.00|0.15|0.34|-2.69|26.08|26.76|26.81|26.00|2.12|26.72|2677721|71494944.00|1|0.0000|0.0000|0.0000|0|26.72
新莱福|301323|-0.72|608902|26367088.00|1.43|1.43|-0.99|42.99|43.92|43.92|42.87|0.61|43.30|1050900|45784712.00|1|0.0000|0.0000|0.0000|0|43.30
曼恩斯特|301325|-2.46|7861363|482925760.00|-3.31|2.01|-3.48|60.77|60.24|63.55|60.13|7.86|62.30|7435836|443634016.00|1|0.0000|0.0000|0.0000|0|62.30
捷邦科技|301326|-1.26|691400|43670796.00|-0.72|0.71|-1.85|62.85|63.19|64.10|62.47|0.69|63.65|2117143|134335712.00|1|0.0000|0.0000|0.0000|0|63.65
华宝新能|301327|2.96|1051656|85928048.00|0.01|3.19|-0.69|82.32|79.96|82.50|79.40|1.05|79.95|974907|77747912.00|1|0.0000|0.0000|0.0000|0|79.95
维峰电子|301328|0.72|1221950|51254396.00|0.22|1.95|-0.34|41.78|41.57|42.29|41.34|1.22|41.48|1306440|54582596.00|1|0.0000|0.0000|0.0000|0|41.48
信音电子|301329|-0.15|1444900|29219202.00|-0.60|1.44|-0.60|20.09|20.00|20.41|20.00|1.44|20.12|1931800|38965596.00|1|0.0000|0.0000|0.0000|0|20.12
熵基科技|301330|0.25|2361760|66616084.00|0.00|2.25|-0.36|28.02|27.95|28.58|27.85|2.36|27.95|1538610|43310200.00|1|0.0000|0.0000|0.0000|0|27.95
恩威医药|301331|-1.63|2519120|65940584.00|1.29|1.70|-1.97|25.97|26.74|26.85|25.88|2.52|26.40|4780340|126579952.00|1|0.0000|0.0000|0.0000|0|26.40
德尔玛|301332|1.74|5409417|59540724.00|-0.37|1.74|-0.64|11.08|10.85|11.08|10.82|5.41|10.89|4719925|51603768.00|1|0.0000|0.0000|0.0000|0|10.89
诺思格|301333|2.57|4380681|239868032.00|0.94|6.72|-0.23|54.36|53.50|56.56|52.88|4.38|53.00|5154540|281196352.00|1|0.0000|0.0000|0.0000|0|53.00
天元宠物|301335|-0.25|1232395|29393912.00|0.17|1.22|-1.18|23.70|23.80|24.05|23.48|1.23|23.76|1776839|42393476.00|1|0.0000|0.0000|0.0000|0|23.76
趣睡科技|301336|-1.84|3378000|294027008.00|1.49|4.55|-3.01|84.81|87.69|90.33|83.80|3.38|86.40|5026400|417062144.00|1|0.0000|0.0000|0.0000|0|86.40
亚华电子|301337|-0.45|922400|26943616.00|0.24|1.03|-0.79|29.05|29.25|29.48|28.95|0.92|29.18|1208800|35116072.00|1|0.0000|0.0000|0.0000|0|29.18
凯格精机|301338|-1.22|1586400|54629056.00|-0.17|0.81|-1.50|34.14|34.50|34.84|34.04|1.59|34.56|2329048|80460888.00|1|0.0000|0.0000|0.0000|0|34.56
通行宝|301339|7.24|16492605|391310592.00|-0.05|10.23|-0.14|23.69|22.08|24.35|22.06|16.49|22.09|5494200|122347336.00|1|0.0000|0.0000|0.0000|0|22.09
涛涛车业|301345|2.90|2051905|149591360.00|0.97|5.19|-0.28|73.15|71.78|74.78|70.89|2.05|71.09|1169688|83643120.00|1|0.0000|0.0000|0.0000|0|71.09
蓝箭电子|301348|-1.75|10386913|278485216.00|-1.00|1.86|-1.86|26.44|26.64|27.41|26.41|10.39|26.91|12904589|340722112.00|1|0.0000|0.0000|0.0000|0|26.91
信德新材|301349|-0.22|1123300|40968152.00|-0.33|2.17|-0.99|36.26|36.22|37.13|35.98|1.12|36.34|1642350|60441168.00|1|0.0000|0.0000|0.0000|0|36.34
普莱得|301353|1.86|961800|28925356.00|0.14|2.71|-0.37|30.09|29.58|30.34|29.43|0.96|29.54|878900|26231896.00|1|0.0000|0.0000|0.0000|0|29.54
南王科技|301355|0.17|1757200|20241942.00|0.17|0.87|-0.78|11.52|11.52|11.60|11.41|1.76|11.50|1991200|22945520.00|1|0.0000|0.0000|0.0000|0|11.50
天振股份|301356|-1.47|783700|12672377.00|0.00|0.43|-1.72|16.04|16.28|16.35|16.00|0.78|16.28|850391|13858562.00|1|0.0000|0.0000|0.0000|0|16.28
北方长龙|301357|-4.13|2980620|100874112.00|-1.35|-0.37|-4.62|33.41|34.38|34.72|33.24|2.98|34.85|3875480|134348224.00|1|0.0000|0.0000|0.0000|0|34.85
湖南裕能|301358|0.95|10557161|370475456.00|0.37|3.23|-0.87|35.00|34.80|35.79|34.37|10.56|34.67|11477596|400518752.00|1|0.0000|0.0000|0.0000|0|34.67
东南电子|301359|0.24|893200|22044654.00|0.24|1.76|-0.41|24.55|24.55|24.92|24.39|0.89|24.49|1197100|29449928.00|1|0.0000|0.0000|0.0000|0|24.49
荣旗科技|301360|0.40|1004400|51137288.00|3.46|3.50|0.08|50.42|51.96|51.98|50.26|1.00|50.22|691100|34899488.00|1|0.0000|0.0000|0.0000|0|50.22
众智科技|301361|0.32|2817800|95737984.00|-0.59|0.88|-1.94|34.10|33.79|34.29|33.33|2.82|33.99|3939300|133123288.00|1|0.0000|0.0000|0.0000|0|33.99
民爆光电|301362|-0.13|1179384|46751808.00|1.45|1.70|-0.25|39.36|39.98|40.08|39.31|1.18|39.41|2321395|91301312.00|1|0.0000|0.0000|0.0000|0|39.41
美好医疗|301363|0.13|1999600|59669248.00|-0.27|1.07|-0.91|29.84|29.72|30.12|29.53|2.00|29.80|3692500|110057936.00|1|0.0000|0.0000|0.0000|0|29.80
矩阵股份|301365|3.02|5293350|96679936.00|-0.06|4.54|-1.18|18.40|17.85|18.67|17.65|5.29|17.86|3930402|70876056.00|1|0.0000|0.0000|0.0000|0|17.86
一博科技|301366|0.30|2198635|117693976.00|0.00|2.00|-0.17|53.15|52.99|54.05|52.90|2.20|52.99|2372040|126434496.00|1|0.0000|0.0000|0.0000|0|52.99
瑞迈特|301367|2.73|4093162|317837920.00|-0.53|6.03|-2.69|77.80|75.33|80.30|73.69|4.09|75.73|6191528|467219200.00|1|0.0000|0.0000|0.0000|0|75.73
丰立智能|301368|2.96|7109800|525046240.00|-0.11|5.84|-0.11|73.31|71.12|75.36|71.12|7.11|71.20|3358733|241652880.00|1|0.0000|0.0000|0.0000|0|71.20
联动科技|301369|-1.09|624700|34390348.00|-0.54|1.66|-1.23|54.68|54.98|56.20|54.60|0.62|55.28|984300|54124900.00|1|0.0000|0.0000|0.0000|0|55.28
国科恒泰|301370|0.09|2982800|33767784.00|-0.09|1.24|-0.44|11.28|11.26|11.41|11.22|2.98|11.27|4933334|55714744.00|1|0.0000|0.0000|0.0000|0|11.27
敷尔佳|301371|0.60|742581|26160582.00|-0.20|1.14|-0.20|35.26|34.98|35.45|34.98|0.74|35.05|1012723|35290268.00|1|0.0000|0.0000|0.0000|0|35.05
科净源|301372|-1.80|1283500|26036648.00|-0.34|-0.24|-1.99|20.20|20.50|20.52|20.16|1.28|20.57|2716575|55483268.00|1|0.0000|0.0000|0.0000|0|20.57
凌玮科技|301373|-0.27|670751|20132990.00|-0.33|0.80|-0.60|29.88|29.86|30.20|29.78|0.67|29.96|743793|22174842.00|1|0.0000|0.0000|0.0000|0|29.96
致欧科技|301376|4.16|2102900|41285852.00|-0.11|4.68|-0.11|19.79|18.98|19.89|18.98|2.10|19.00|1032200|19784262.00|1|0.0000|0.0000|0.0000|0|19.00
鼎泰高科|301377|3.61|5367343|151502816.00|-0.26|6.22|-0.63|28.15|27.10|28.86|27.00|5.37|27.17|3518098|97210192.00|1|0.0000|0.0000|0.0000|0|27.17
通达海|301378|0.07|1239590|34530700.00|-0.04|1.95|-0.76|27.73|27.70|28.25|27.50|1.24|27.71|1653220|45946548.00|1|0.0000|0.0000|0.0000|0|27.71
天山电子|301379|-0.18|2201552|63242512.00|1.16|2.00|-0.70|28.48|28.86|29.10|28.33|2.20|28.53|2700900|77204288.00|1|0.0000|0.0000|0.0000|0|28.53
挖金客|301380|1.37|1036715|48352804.00|0.13|3.27|-0.52|46.53|45.96|47.40|45.66|1.04|45.90|1000900|46272160.00|1|0.0000|0.0000|0.0000|0|45.90
赛维时代|301381|0.76|1899800|42862572.00|-0.18|1.29|-0.71|22.58|22.37|22.70|22.25|1.90|22.41|1851300|41804156.00|1|0.0000|0.0000|0.0000|0|22.41
蜂助手|301382|-0.57|6358960|255760432.00|-0.67|0.87|-1.09|40.08|40.04|40.66|39.87|6.36|40.31|7509632|305930880.00|1|0.0000|0.0000|0.0000|0|40.31
天键股份|301383|0.51|3144592|154290048.00|0.29|1.99|-0.70|49.11|49.00|49.83|48.52|3.14|48.86|3800100|188366560.00|1|0.0000|0.0000|0.0000|0|48.86
未来电器|301386|-1.78|4586422|103119456.00|-1.21|-1.21|-3.34|22.64|22.77|22.77|22.28|4.59|23.05|7803063|176436416.00|1|0.0000|0.0000|0.0000|0|23.05
光大同创|301387|6.71|5073619|181985600.00|0.00|12.00|-0.18|36.09|33.82|37.88|33.76|5.07|33.82|1390620|47393564.00|1|0.0000|0.0000|0.0000|0|33.82
欣灵电气|301388|0.47|1207500|28328584.00|-0.26|2.24|-0.82|23.32|23.15|23.73|23.02|1.21|23.21|1372200|31965572.00|1|0.0000|0.0000|0.0000|0|23.21
隆扬电子|301389|-0.50|3075400|67514952.00|-0.18|1.32|-0.73|21.80|21.87|22.20|21.75|3.08|21.91|4167900|92062168.00|1|0.0000|0.0000|0.0000|0|21.91
经纬股份|301390|2.56|1473299|52286536.00|0.14|4.57|-0.75|35.65|34.81|36.35|34.50|1.47|34.76|1113977|39084700.00|1|0.0000|0.0000|0.0000|0|34.76
卡莱特|301391|0.83|682400|25821754.00|-0.11|2.03|-0.48|37.75|37.40|38.20|37.26|0.68|37.44|721300|27036840.00|1|0.0000|0.0000|0.0000|0|37.44
汇成真空|301392|-0.27|1639059|144033072.00|0.00|1.00|-2.82|88.36|88.60|89.49|86.10|1.64|88.60|2045488|178209040.00|1|0.0000|0.0000|0.0000|0|88.60
昊帆生物|301393|-4.91|4257577|205452928.00|-1.19|-0.99|-5.96|47.83|49.70|49.80|47.30|4.26|50.30|5302945|262613984.00|1|0.0000|0.0000|0.0000|0|50.30
仁信新材|301395|-1.56|4141146|52268728.00|-1.48|-0.08|-2.11|12.60|12.61|12.79|12.53|4.14|12.80|7145340|90708128.00|1|0.0000|0.0000|0.0000|0|12.80
宏景科技|301396|-3.95|16045722|1544099584.00|-0.40|3.43|-5.27|94.38|97.87|101.63|93.08|16.05|98.26|20428118|2012116992.00|1|0.0000|0.0000|0.0000|0|98.26
溯联股份|301397|0.46|1038680|36575456.00|1.00|2.18|-0.20|35.09|35.28|35.69|34.86|1.04|34.93|1636628|57547568.00|1|0.0000|0.0000|0.0000|0|34.93
星源卓镁|301398|2.34|1126400|60654296.00|-1.00|2.43|-1.00|54.25|52.48|54.30|52.48|1.13|53.01|838200|44886372.00|1|0.0000|0.0000|0.0000|0|53.01
英特科技|301399|1.67|1385300|34642884.00|0.82|3.63|-0.04|24.92|24.71|25.40|24.50|1.39|24.51|1111330|27173276.00|1|0.0000|0.0000|0.0000|0|24.51
华人健康|301408|-2.03|8494900|103233480.00|-1.94|0.08|-2.84|12.09|12.10|12.35|11.99|8.49|12.34|14028288|173275328.00|1|0.0000|0.0000|0.0000|0|12.34
安培龙|301413|4.31|2178930|196758016.00|-0.10|5.34|-0.54|91.25|87.39|92.15|87.01|2.18|87.48|1281690|112421432.00|1|0.0000|0.0000|0.0000|0|87.48
协昌科技|301418|0.83|726567|24749998.00|0.00|2.14|-0.74|33.97|33.69|34.41|33.44|0.73|33.69|851000|28758756.00|1|0.0000|0.0000|0.0000|0|33.69
阿莱德|301419|0.97|1167099|36780168.00|-0.74|3.03|-0.74|31.31|30.78|31.95|30.78|1.17|31.01|1126400|35223100.00|1|0.0000|0.0000|0.0000|0|31.01
波长光电|301421|-2.07|5103650|273324736.00|-0.48|2.66|-2.31|52.94|53.80|55.50|52.81|5.10|54.06|7036200|379206624.00|1|0.0000|0.0000|0.0000|0|54.06
世纪恒通|301428|-0.46|2338204|96489808.00|-0.12|1.41|-0.83|40.97|41.11|41.74|40.82|2.34|41.16|3770000|157414800.00|1|0.0000|0.0000|0.0000|0|41.16
森泰股份|301429|1.05|1159900|20191978.00|-0.17|2.15|-0.70|17.36|17.15|17.55|17.06|1.16|17.18|1448600|24797196.00|1|0.0000|0.0000|0.0000|0|17.18
泓淋电力|301439|-0.13|3145900|49885992.00|-0.32|1.01|-0.88|15.83|15.80|16.01|15.71|3.15|15.85|3948100|62862280.00|1|0.0000|0.0000|0.0000|0|15.85
福事特|301446|0.40|1155729|26100428.00|1.03|2.28|-0.13|22.46|22.60|22.88|22.34|1.16|22.37|1191970|26614216.00|1|0.0000|0.0000|0.0000|0|22.37
开创电气|301448|1.37|1192830|27378512.00|0.00|3.01|-0.27|22.90|22.59|23.27|22.53|1.19|22.59|1158350|26347964.00|1|0.0000|0.0000|0.0000|0|22.59
盘古智能|301456|1.26|1391300|34785776.00|0.00|2.76|-0.89|24.99|24.68|25.36|24.46|1.39|24.68|1950062|48379884.00|1|0.0000|0.0000|0.0000|0|24.68
钧崴电子|301458|-0.97|3290689|118556040.00|-0.25|0.47|-1.05|35.84|36.10|36.36|35.81|3.29|36.19|4743956|170789152.00|1|0.0000|0.0000|0.0000|0|36.19
丰茂股份|301459|1.14|898908|50049344.00|0.00|1.72|-0.61|55.98|55.35|56.30|55.01|0.90|55.35|1244454|68916608.00|1|0.0000|0.0000|0.0000|0|55.35
博盈特焊|301468|-2.70|1860869|43172020.00|-0.84|-0.80|-3.12|23.07|23.51|23.52|22.97|1.86|23.71|3627825|84784688.00|1|0.0000|0.0000|0.0000|0|23.71
恒达新材|301469|1.69|944138|23714438.00|0.16|2.78|-0.65|25.20|24.82|25.47|24.62|0.94|24.78|737600|18295932.00|1|0.0000|0.0000|0.0000|0|24.78
弘景光电|301479|0.74|4032476|506954528.00|-2.64|2.15|-3.62|127.00|122.74|128.78|121.51|4.03|126.07|5298875|648564288.00|1|0.0000|0.0000|0.0000|0|126.07
致尚科技|301486|0.93|3044900|161362688.00|-0.46|1.42|-0.46|53.23|52.50|53.49|52.50|3.04|52.74|3408200|180788000.00|1|0.0000|0.0000|0.0000|0|52.74
盟固利|301487|0.34|5817773|119228736.00|0.15|1.77|-0.49|20.39|20.35|20.68|20.22|5.82|20.32|6319008|128716704.00|1|0.0000|0.0000|0.0000|0|20.32
豪恩汽电|301488|-0.51|1122700|75590456.00|0.28|1.68|-1.04|66.87|67.40|68.34|66.51|1.12|67.21|1455700|99435712.00|1|0.0000|0.0000|0.0000|0|67.21
思泉新材|301489|2.16|4013592|276991904.00|0.47|3.29|-0.80|69.19|68.05|69.96|67.19|4.01|67.73|3798500|256329120.00|1|0.0000|0.0000|0.0000|0|67.73
乖宝宠物|301498|-0.05|831602|76504536.00|0.03|2.30|-0.55|91.45|91.53|93.60|91.00|0.83|91.50|1773800|160967264.00|1|0.0000|0.0000|0.0000|0|91.50
维科精密|301499|2.24|3014948|79582664.00|0.98|9.78|0.98|26.03|25.71|27.95|25.71|3.01|25.46|1446100|37212380.00|1|0.0000|0.0000|0.0000|0|25.46
飞南资源|301500|-1.49|4499255|92717056.00|-0.62|0.58|-1.92|20.50|20.68|20.93|20.41|4.50|20.81|4436902|93159584.00|1|0.0000|0.0000|0.0000|0|20.81
恒鑫生活|301501|1.57|3717501|193135648.00|-0.95|2.26|-1.10|52.50|51.20|52.86|51.12|3.72|51.69|4253329|218710048.00|1|0.0000|0.0000|0.0000|0|51.69
华阳智能|301502|0.35|793575|31975898.00|0.00|2.05|-1.15|40.11|39.97|40.79|39.51|0.79|39.97|856738|34446492.00|1|0.0000|0.0000|0.0000|0|39.97
智迪科技|301503|0.07|846200|34439568.00|-0.34|0.81|-0.98|40.74|40.57|41.04|40.31|0.85|40.71|1535700|62681096.00|1|0.0000|0.0000|0.0000|0|40.71
苏州规划|301505|0.62|981900|22286880.00|0.04|1.78|-0.58|22.66|22.53|22.92|22.39|0.98|22.52|1199300|27044924.00|1|0.0000|0.0000|0.0000|0|22.52
民生健康|301507|-0.15|3257251|43648880.00|-0.45|0.67|-1.04|13.39|13.35|13.50|13.27|3.26|13.41|6518900|87348072.00|1|0.0000|0.0000|0.0000|0|13.41
中机认检|301508|0.40|1172600|38758000.00|0.46|1.68|-0.15|32.93|32.95|33.35|32.75|1.17|32.80|1434837|47371552.00|1|0.0000|0.0000|0.0000|0|32.80
金凯生科|301509|-3.71|5235820|147224320.00|-1.99|-1.99|-4.33|28.00|28.50|28.50|27.82|5.24|29.08|8676413|249910080.00|1|0.0000|0.0000|0.0000|0|29.08
固高科技|301510|1.03|4585844|167343328.00|0.86|2.67|0.19|36.36|36.30|36.95|36.06|4.59|35.99|3924016|142166096.00|1|0.0000|0.0000|0.0000|0|35.99
德福科技|301511|0.07|3612260|50873616.00|-0.28|0.93|-0.36|14.05|14.00|14.17|13.99|3.61|14.04|5076480|71194048.00|1|0.0000|0.0000|0.0000|0|14.04
智信精密|301512|0.40|461500|18733212.00|0.82|1.81|-0.40|40.43|40.60|41.00|40.11|0.46|40.27|547600|22130356.00|1|0.0000|0.0000|0.0000|0|40.27
港通医疗|301515|1.34|2134475|41596268.00|-0.31|1.96|-1.19|19.61|19.29|19.73|19.12|2.13|19.35|2952700|57557120.00|1|0.0000|0.0000|0.0000|0|19.35
中远通|301516|-0.79|1433612|23528360.00|-0.37|0.85|-0.97|16.29|16.36|16.56|16.26|1.43|16.42|2009500|32916724.00|1|0.0000|0.0000|0.0000|0|16.42
陕西华达|301517|-2.10|2649854|141980016.00|-0.94|0.96|-2.93|53.07|53.70|54.73|52.62|2.65|54.21|4597000|244262768.00|1|0.0000|0.0000|0.0000|0|54.21
长华化学|301518|5.45|8787620|159298208.00|1.04|8.57|0.98|18.20|17.44|18.74|17.43|8.79|17.26|5033900|86242960.00|1|0.0000|0.0000|0.0000|0|17.26
舜禹股份|301519|-0.22|2617835|35200800.00|0.30|1.49|-1.11|13.43|13.50|13.66|13.31|2.62|13.46|3308200|44695372.00|1|0.0000|0.0000|0.0000|0|13.46
万邦医药|301520|-0.42|1347685|57604796.00|-0.21|0.75|-1.21|42.69|42.78|43.19|42.35|1.35|42.87|2579826|110228880.00|1|0.0000|0.0000|0.0000|0|42.87
上大股份|301522|-3.03|3878389|145463840.00|-1.28|-0.81|-3.11|37.13|37.80|37.98|37.10|3.88|38.29|5563152|210376432.00|1|0.0000|0.0000|0.0000|0|38.29
儒竞科技|301525|4.13|1480500|123143688.00|-0.99|5.66|-0.99|83.27|79.18|84.50|79.18|1.48|79.97|960300|77374392.00|1|0.0000|0.0000|0.0000|0|79.97
国际复材|301526|1.16|20123600|69816416.00|0.29|1.45|-0.87|3.49|3.46|3.50|3.42|20.12|3.45|23405009|80312552.00|1|0.0000|0.0000|0.0000|0|3.45
多浦乐|301528|0.58|1006243|45404884.00|-0.04|3.91|-1.35|44.74|44.46|46.22|43.88|1.01|44.48|872098|38585708.00|1|0.0000|0.0000|0.0000|0|44.48
福赛科技|301529|0.31|966082|28616050.00|0.00|1.80|-0.95|29.49|29.40|29.93|29.12|0.97|29.40|996900|29122928.00|1|0.0000|0.0000|0.0000|0|29.40
威马农机|301533|-0.25|2197800|71139232.00|0.72|2.55|-0.69|32.02|32.33|32.92|31.88|2.20|32.10|2956753|95949936.00|1|0.0000|0.0000|0.0000|0|32.10
浙江华远|301535|-2.98|26467518|591363776.00|-3.93|-0.73|-5.53|22.47|22.25|22.99|21.88|26.47|23.16|35404759|804144768.00|1|0.0000|0.0000|0.0000|0|23.16
星宸科技|301536|0.22|3718760|218791536.00|-0.07|1.98|-0.56|58.63|58.46|59.66|58.17|3.72|58.50|3688800|217477408.00|1|0.0000|0.0000|0.0000|0|58.50
骏鼎达|301538|0.20|622600|46266648.00|-0.14|1.64|-1.15|74.03|73.78|75.09|73.03|0.62|73.88|563389|41814312.00|1|0.0000|0.0000|0.0000|0|73.88
宏鑫科技|301539|-1.16|5048853|109435576.00|-1.16|2.88|-1.86|21.30|21.30|22.17|21.15|5.05|21.55|6912688|151197776.00|1|0.0000|0.0000|0.0000|0|21.55
崇德科技|301548|2.87|1848439|92995856.00|-0.37|3.44|-0.83|50.60|49.01|50.88|48.78|1.85|49.19|1784832|89085504.00|1|0.0000|0.0000|0.0000|0|49.19
斯菱智驱|301550|2.85|3129678|326874048.00|-0.49|4.50|-0.49|104.72|101.32|106.40|101.32|3.13|101.82|2284208|235050800.00|1|0.0000|0.0000|0.0000|0|101.82
无线传媒|301551|0.20|1184837|59634392.00|0.00|2.84|-0.34|50.05|49.95|51.37|49.78|1.18|49.95|1078866|53771508.00|1|0.0000|0.0000|0.0000|0|49.95
科力装备|301552|0.44|559865|30563114.00|-0.35|1.51|-0.46|54.49|54.06|55.07|54.00|0.56|54.25|581581|31518648.00|1|0.0000|0.0000|0.0000|0|54.25
惠柏新材|301555|0.33|1233124|30255178.00|-0.37|1.48|-0.66|24.48|24.31|24.76|24.24|1.23|24.40|1237115|30341414.00|1|0.0000|0.0000|0.0000|0|24.40
托普云农|301556|2.49|2064400|182420416.00|0.30|2.69|-0.72|89.16|87.25|89.33|86.36|2.06|86.99|2617410|225883104.00|1|0.0000|0.0000|0.0000|0|86.99
常友科技|301557|2.35|1585400|127282696.00|-0.81|3.07|-0.94|80.70|78.21|81.27|78.11|1.59|78.85|1247100|97779104.00|1|0.0000|0.0000|0.0000|0|78.85
三态股份|301558|-0.24|4160115|34275692.00|-0.37|0.97|-0.49|8.19|8.18|8.29|8.17|4.16|8.21|5383760|44402308.00|1|0.0000|0.0000|0.0000|0|8.21
中集环科|301559|1.10|2123577|35094968.00|0.00|1.59|-0.24|16.55|16.37|16.63|16.33|2.12|16.37|2207101|36194952.00|1|0.0000|0.0000|0.0000|0|16.37
中仑新材|301565|2.75|11216105|262780816.00|-0.57|3.84|-0.65|23.55|22.79|23.80|22.77|11.22|22.92|6588188|151036032.00|1|0.0000|0.0000|0.0000|0|22.92
达利凯普|301566|-1.84|7203376|119884400.00|-0.89|0.71|-2.26|16.50|16.66|16.93|16.43|7.20|16.81|9877000|164985728.00|1|0.0000|0.0000|0.0000|0|16.81
贝隆精密|301567|0.00|309100|12856648.00|0.00|1.01|-0.34|41.44|41.44|41.86|41.30|0.31|41.44|466400|19349428.00|1|0.0000|0.0000|0.0000|0|41.44
思泰克|301568|0.34|1780502|67984640.00|0.03|3.23|-0.34|37.91|37.79|39.00|37.65|1.78|37.78|1769257|67098800.00|1|0.0000|0.0000|0.0000|0|37.78
国科天成|301571|-0.68|787432|33385916.00|-0.28|0.66|-0.92|42.22|42.39|42.79|42.12|0.79|42.51|1022780|43573972.00|1|0.0000|0.0000|0.0000|0|42.51
美信科技|301577|0.47|457166|25733952.00|-0.30|1.78|-0.30|56.03|55.60|56.76|55.60|0.46|55.77|452025|25284744.00|1|0.0000|0.0000|0.0000|0|55.77
辰奕智能|301578|-0.33|436110|21172164.00|0.21|1.53|-0.52|48.19|48.45|49.09|48.10|0.44|48.35|441200|21456206.00|1|0.0000|0.0000|0.0000|0|48.35
爱迪特|301580|-0.93|743391|42193692.00|-0.52|0.45|-1.57|56.67|56.90|57.46|56.30|0.74|57.20|1624059|91880984.00|1|0.0000|0.0000|0.0000|0|57.20
黄山谷捷|301581|-0.65|1252013|68996632.00|-1.05|0.11|-1.62|55.12|54.90|55.54|54.58|1.25|55.48|1621700|89358808.00|1|0.0000|0.0000|0.0000|0|55.48
蓝宇股份|301585|-1.25|1055122|53850584.00|0.16|0.72|-1.27|50.57|51.29|51.58|50.56|1.06|51.21|1128216|57680948.00|1|0.0000|0.0000|0.0000|0|51.21
佳力奇|301586|-0.99|722340|37612276.00|-0.38|0.67|-1.56|51.93|52.25|52.80|51.63|0.72|52.45|1144840|60279412.00|1|0.0000|0.0000|0.0000|0|52.45
中瑞股份|301587|0.21|629983|14950579.00|-0.04|1.65|-0.25|23.62|23.56|23.96|23.51|0.63|23.57|868589|20505074.00|1|0.0000|0.0000|0.0000|0|23.57
美新科技|301588|0.59|817689|15444162.00|0.00|1.39|-0.21|18.84|18.73|18.99|18.69|0.82|18.73|895715|16805444.00|1|0.0000|0.0000|0.0000|0|18.73
诺瓦星云|301589|0.01|232280|38006704.00|-0.15|0.86|-0.56|163.25|162.99|164.64|162.32|0.23|163.24|325880|53141176.00|1|0.0000|0.0000|0.0000|0|163.24
肯特股份|301591|0.53|1252200|47549840.00|0.16|1.56|0.00|37.90|37.76|38.29|37.70|1.25|37.70|1812248|69115984.00|1|0.0000|0.0000|0.0000|0|37.70
六九一二|301592|-0.41|647800|87126152.00|-0.95|0.30|-1.81|135.04|134.30|135.99|133.13|0.65|135.59|858221|115917080.00|1|0.0000|0.0000|0.0000|0|135.59
瑞迪智驱|301596|4.84|1917900|252613744.00|0.71|7.39|0.71|132.33|127.12|135.55|127.12|1.92|126.22|928800|118333464.00|1|0.0000|0.0000|0.0000|0|126.22
博科测试|301598|-0.05|720000|48064104.00|0.03|1.51|-0.44|66.37|66.42|67.40|66.11|0.72|66.40|865700|57683480.00|1|0.0000|0.0000|0.0000|0|66.40
慧翰股份|301600|3.87|2027200|361908224.00|2.35|7.50|2.23|176.70|174.10|182.87|173.90|2.03|170.11|939000|159937872.00|1|0.0000|0.0000|0.0000|0|170.11
惠通科技|301601|6.05|7375340|267982704.00|0.03|6.85|-0.68|37.32|35.20|37.60|34.95|7.38|35.19|4278404|151762544.00|1|0.0000|0.0000|0.0000|0|35.19
超研股份|301602|4.15|9583147|252408960.00|-1.28|6.48|-1.75|26.83|25.43|27.43|25.31|9.58|25.76|6723547|175334432.00|1|0.0000|0.0000|0.0000|0|25.76
乔锋智能|301603|1.01|2138988|108132144.00|-0.24|3.53|-0.62|50.11|49.49|51.36|49.30|2.14|49.61|1349798|67169880.00|1|0.0000|0.0000|0.0000|0|49.61
绿联科技|301606|1.42|1133816|46331412.00|0.97|2.86|0.05|40.78|40.60|41.36|40.23|1.13|40.21|1000277|40345968.00|1|0.0000|0.0000|0.0000|0|40.21
富特科技|301607|-1.99|2012827|94950344.00|-1.57|0.44|-2.47|46.81|47.01|47.97|46.58|2.01|47.76|3129244|149103824.00|1|0.0000|0.0000|0.0000|0|47.76
博实结|301608|0.33|1115684|93122552.00|-0.12|1.63|-0.83|83.12|82.75|84.20|82.16|1.12|82.85|1268991|105226296.00|1|0.0000|0.0000|0.0000|0|82.85
珂玛科技|301611|-0.38|1651446|95382776.00|-0.34|0.74|-1.38|57.89|57.91|58.54|57.31|1.65|58.11|1931927|111745960.00|1|0.0000|0.0000|0.0000|0|58.11
新铝时代|301613|9.37|8798025|676007104.00|0.30|16.12|0.30|77.71|71.26|82.50|71.26|8.80|71.05|7530779|548274304.00|1|0.0000|0.0000|0.0000|0|71.05
浙江华业|301616|6.29|12918805|722518784.00|-4.71|9.32|-6.25|57.81|51.83|59.46|50.99|12.92|54.39|13371088|696910144.00|1|0.0000|0.0000|0.0000|0|54.39
博苑股份|301617|-1.49|1756724|90561096.00|-0.95|1.01|-1.76|50.92|51.20|52.21|50.78|1.76|51.69|2056640|105085256.00|1|0.0000|0.0000|0.0000|0|51.69
长联科技|301618|-0.53|305700|24551814.00|-0.15|0.16|-0.89|80.19|80.50|80.75|79.90|0.31|80.62|425000|34229780.00|1|0.0000|0.0000|0.0000|0|80.62
英思特|301622|1.98|2529259|180566192.00|-0.03|3.81|-0.62|71.20|69.80|72.48|69.39|2.53|69.82|1628649|113373008.00|1|0.0000|0.0000|0.0000|0|69.82
苏州天脉|301626|0.41|452970|39095464.00|-0.22|1.40|-0.23|86.00|85.46|86.85|85.45|0.45|85.65|472281|40584676.00|1|0.0000|0.0000|0.0000|0|85.65
强达电路|301628|-0.34|802500|72315320.00|-1.09|0.88|-1.09|89.78|89.11|90.88|89.11|0.80|90.09|1015500|91412464.00|1|0.0000|0.0000|0.0000|0|90.09
矽电股份|301629|-5.86|5656647|1048158144.00|-0.72|2.83|-7.98|183.00|193.00|199.90|178.88|5.66|194.40|6838314|1223543296.00|1|0.0000|0.0000|0.0000|0|194.40
壹连科技|301631|-0.25|425941|52104748.00|0.00|0.93|-0.40|121.90|122.20|123.34|121.71|0.43|122.20|570760|69754736.00|1|0.0000|0.0000|0.0000|0|122.20
港迪技术|301633|-1.90|561800|47756600.00|0.72|0.72|-1.93|84.25|86.50|86.50|84.22|0.56|85.88|490100|41913604.00|1|0.0000|0.0000|0.0000|0|85.88
首航新能|301658|0.00|31452310|1210347008.00|0.00|0.00|0.00|40.65|40.00|44.80|35.56|31.45|40.65|31452310|1210347008.00|1|0.0000|0.0000|0.0000|0|40.65
中航成飞|302132|-1.17|4555029|273463648.00|-0.66|0.33|-1.52|59.89|60.20|60.80|59.68|4.56|60.60|7909682|478232064.00|1|0.0000|0.0000|0.0000|0|60.60
浦发银行|600000|1.06|45625673|477144608.00|-0.58|2.03|-0.58|10.46|10.29|10.56|10.29|45.63|10.35|63920348|659250560.00|1|0.0000|0.0000|0.0000|0|10.35
白云机场|600004|0.00|8000699|72616416.00|0.00|0.22|-0.22|9.08|9.08|9.10|9.06|8.00|9.08|9426846|85545144.00|1|0.0000|0.0000|0.0000|0|9.08
东风股份|600006|-0.64|81186386|629749696.00|-1.15|2.94|-3.71|7.77|7.73|8.05|7.53|81.19|7.82|106127452|832106560.00|1|0.0000|0.0000|0.0000|0|7.82
中国国贸|600007|-1.20|4419542|102516976.00|0.09|1.51|-1.46|22.97|23.27|23.60|22.91|4.42|23.25|5146136|119672664.00|1|0.0000|0.0000|0.0000|0|23.25
首创环保|600008|-0.63|57588816|181646976.00|0.00|0.32|-0.63|3.14|3.16|3.17|3.14|57.59|3.16|77859374|244832880.00|1|0.0000|0.0000|0.0000|0|3.16
上海机场|600009|-0.64|6736200|218081856.00|-0.06|-0.03|-1.04|32.39|32.58|32.59|32.26|6.74|32.60|6220262|202259728.00|1|0.0000|0.0000|0.0000|0|32.60
包钢股份|600010|-0.56|160283265|288164032.00|0.00|0.56|-0.56|1.79|1.80|1.81|1.79|160.28|1.80|205008940|369019424.00|1|0.0000|0.0000|0.0000|0|1.80
华能国际|600011|-0.28|45838292|320718976.00|-0.14|0.28|-1.28|7.02|7.03|7.06|6.95|45.84|7.04|72877672|509462304.00|1|0.0000|0.0000|0.0000|0|7.04
皖通高速|600012|-1.64|6408221|111493352.00|0.06|1.42|-3.06|17.36|17.66|17.90|17.11|6.41|17.65|4995131|87362112.00|1|0.0000|0.0000|0.0000|0|17.65
华夏银行|600015|1.28|44913118|355405632.00|0.00|1.53|0.00|7.93|7.83|7.95|7.83|44.91|7.83|39437454|308137568.00|1|0.0000|0.0000|0.0000|0|7.83
民生银行|600016|1.52|172927459|690345728.00|-0.25|1.77|-0.25|4.01|3.94|4.02|3.94|172.93|3.95|229656655|904858112.00|1|0.0000|0.0000|0.0000|0|3.95
日照港|600017|-0.65|25267133|77627032.00|0.00|0.00|-0.97|3.07|3.09|3.09|3.06|25.27|3.09|36101902|111567144.00|1|0.0000|0.0000|0.0000|0|3.09
上港集团|600018|-1.39|34402511|196361056.00|0.00|0.52|-1.74|5.68|5.76|5.79|5.66|34.40|5.76|36499282|210040208.00|1|0.0000|0.0000|0.0000|0|5.76
宝钢股份|600019|-1.23|36921279|268214544.00|-1.50|0.00|-1.64|7.23|7.21|7.32|7.20|36.92|7.32|50831339|371084736.00|1|0.0000|0.0000|0.0000|0|7.32
中原高速|600020|0.90|16674569|74738320.00|0.45|1.57|-0.45|4.49|4.47|4.52|4.43|16.67|4.45|16604453|73448544.00|1|0.0000|0.0000|0.0000|0|4.45
上海电力|600021|-1.19|40457801|371284160.00|-0.11|0.00|-1.51|9.17|9.27|9.28|9.14|40.46|9.28|54582325|505419360.00|1|0.0000|0.0000|0.0000|0|9.28
山东钢铁|600022|0.00|37843909|51053616.00|0.00|0.74|-0.74|1.35|1.35|1.36|1.34|37.84|1.35|49229681|66559640.00|1|0.0000|0.0000|0.0000|0|1.35
浙能电力|600023|-1.54|73661936|424504160.00|-0.51|-0.34|-2.22|5.76|5.82|5.83|5.72|73.66|5.85|85351169|495419648.00|1|0.0000|0.0000|0.0000|0|5.85
华能水电|600025|-0.43|22515800|206287264.00|-0.11|0.33|-0.87|9.17|9.20|9.24|9.13|22.52|9.21|28975180|265886016.00|1|0.0000|0.0000|0.0000|0|9.21
中远海能|600026|-0.36|14458800|161835728.00|-0.18|0.18|-0.45|11.18|11.20|11.24|11.17|14.46|11.22|19650000|220415568.00|1|0.0000|0.0000|0.0000|0|11.22
华电国际|600027|-1.59|137682057|766029312.00|0.18|0.35|-2.82|5.58|5.68|5.69|5.51|137.68|5.67|173886477|982883008.00|1|0.0000|0.0000|0.0000|0|5.67
中国石化|600028|0.35|78806985|452404032.00|0.00|0.52|-0.17|5.75|5.73|5.76|5.72|78.81|5.73|108575423|622968704.00|1|0.0000|0.0000|0.0000|0|5.73
南方航空|600029|-0.18|33448684|190858576.00|-0.18|0.53|-0.53|5.70|5.70|5.74|5.68|33.45|5.71|54870132|312761952.00|1|0.0000|0.0000|0.0000|0|5.71
中信证券|600030|0.38|45671867|1211260800.00|-0.15|0.64|-0.34|26.54|26.40|26.61|26.35|45.67|26.44|59639770|1580113152.00|1|0.0000|0.0000|0.0000|0|26.44
三一重工|600031|2.27|53594834|1034269248.00|-0.21|2.69|-0.26|19.36|18.89|19.44|18.88|53.59|18.93|37233130|706317056.00|1|0.0000|0.0000|0.0000|0|18.93
浙江新能|600032|-1.40|8955600|69224440.00|-0.77|-0.51|-2.04|7.73|7.78|7.80|7.68|8.96|7.84|16528732|128764552.00|1|0.0000|0.0000|0.0000|0|7.84
福建高速|600033|1.01|30034022|120061560.00|-0.25|1.77|-0.76|4.00|3.95|4.03|3.93|30.03|3.96|33847201|132397392.00|1|0.0000|0.0000|0.0000|0|3.96
楚天高速|600035|0.22|15472605|68926096.00|-0.22|0.67|-0.67|4.46|4.44|4.48|4.42|15.47|4.45|16663547|73453080.00|1|0.0000|0.0000|0.0000|0|4.45
招商银行|600036|-0.33|33120189|1420244352.00|0.00|0.65|-0.44|42.73|42.87|43.15|42.68|33.12|42.87|38936035|1671945728.00|1|0.0000|0.0000|0.0000|0|42.87
歌华有线|600037|0.83|7410800|54304440.00|0.41|1.65|0.14|7.33|7.30|7.39|7.28|7.41|7.27|12906724|94727152.00|1|0.0000|0.0000|0.0000|0|7.27
中直股份|600038|-0.27|6159094|226546336.00|-0.16|0.24|-1.46|36.84|36.88|37.03|36.40|6.16|36.94|8512499|314539968.00|1|0.0000|0.0000|0.0000|0|36.94
四川路桥|600039|3.75|52506172|435098272.00|0.63|5.75|0.12|8.30|8.05|8.46|8.01|52.51|8.00|22297115|176581824.00|1|0.0000|0.0000|0.0000|0|8.00
保利发展|600048|0.61|71208015|586792640.00|-0.12|0.85|-0.49|8.29|8.23|8.31|8.20|71.21|8.24|69463364|573528960.00|1|0.0000|0.0000|0.0000|0|8.24
中国联通|600050|0.36|194960665|1086587776.00|-0.18|0.90|-0.54|5.58|5.55|5.61|5.53|194.96|5.56|183023642|1017461952.00|1|0.0000|0.0000|0.0000|0|5.56
宁波联合|600051|-0.44|3314001|22517650.00|0.59|1.18|-0.74|6.76|6.83|6.87|6.74|3.31|6.79|4791281|32664560.00|1|0.0000|0.0000|0.0000|0|6.79
东望时代|600052|-0.69|3278354|14278088.00|0.46|0.92|-1.15|4.33|4.38|4.40|4.31|3.28|4.36|3181881|13858701.00|1|0.0000|0.0000|0.0000|0|4.36
九鼎投资|600053|0.00|3148600|42038256.00|-0.90|0.60|-1.35|13.36|13.24|13.44|13.18|3.15|13.36|4878700|65154236.00|1|0.0000|0.0000|0.0000|0|13.36
黄山旅游|600054|0.58|6329290|76650384.00|-0.17|0.99|-0.91|12.14|12.05|12.19|11.96|6.33|12.07|8449983|101483768.00|1|0.0000|0.0000|0.0000|0|12.07
万东医疗|600055|-0.23|4644500|80602768.00|-0.29|1.73|-0.52|17.26|17.25|17.60|17.21|4.64|17.30|9189800|157733824.00|1|0.0000|0.0000|0.0000|0|17.30
中国医药|600056|-1.12|9208780|98261472.00|-0.09|-0.09|-1.30|10.64|10.75|10.75|10.62|9.21|10.76|23087514|247914832.00|1|0.0000|0.0000|0.0000|0|10.76
厦门象屿|600057|-0.34|5701377|33834644.00|-0.17|0.17|-0.67|5.93|5.94|5.96|5.91|5.70|5.95|8112202|48143528.00|1|0.0000|0.0000|0.0000|0|5.95
五矿发展|600058|0.00|4756800|34927928.00|-0.27|0.68|-0.82|7.35|7.33|7.40|7.29|4.76|7.35|8758100|63876392.00|1|0.0000|0.0000|0.0000|0|7.35
古越龙山|600059|3.31|29654275|259984832.00|2.01|5.43|2.01|8.75|8.64|8.93|8.64|29.65|8.47|14299930|121627792.00|1|0.0000|0.0000|0.0000|0|8.47
海信视像|600060|0.20|14609032|373403776.00|-0.47|1.29|-1.33|25.60|25.43|25.88|25.21|14.61|25.55|26862004|677430208.00|1|0.0000|0.0000|0.0000|0|25.55
国投资本|600061|0.42|16512947|117054456.00|0.00|0.71|-0.42|7.10|7.07|7.12|7.04|16.51|7.07|22185352|157187840.00|1|0.0000|0.0000|0.0000|0|7.07
华润双鹤|600062|-0.36|12319792|239241088.00|-0.05|0.31|-0.92|19.41|19.47|19.54|19.30|12.32|19.48|29986669|581094208.00|1|0.0000|0.0000|0.0000|0|19.48
皖维高新|600063|-0.85|41823233|196052976.00|-1.06|1.28|-1.28|4.66|4.65|4.76|4.64|41.82|4.70|71276491|333942848.00|1|0.0000|0.0000|0.0000|0|4.70
南京高科|600064|0.14|9779862|71943328.00|0.00|1.09|-0.27|7.33|7.32|7.40|7.30|9.78|7.32|12680132|92628336.00|1|0.0000|0.0000|0.0000|0|7.32
宇通客车|600066|3.13|22585283|603996288.00|0.15|3.40|-0.42|27.01|26.23|27.08|26.08|22.59|26.19|59332946|1604910720.00|1|0.0000|0.0000|0.0000|0|26.19
冠城新材|600067|-0.42|8605400|20554174.00|0.42|0.42|-1.25|2.39|2.41|2.41|2.37|8.61|2.40|9506600|22818168.00|1|0.0000|0.0000|0.0000|0|2.40
凤凰光学|600071|-1.32|2685100|54799444.00|0.00|0.68|-1.51|20.24|20.51|20.65|20.20|2.69|20.51|2412400|49624784.00|1|0.0000|0.0000|0.0000|0|20.51
中船科技|600072|-0.63|11368631|142941248.00|-0.87|0.08|-1.50|12.58|12.55|12.67|12.47|11.37|12.66|16847388|213354928.00|1|0.0000|0.0000|0.0000|0|12.66
光明肉业|600073|-2.05|39248844|305556800.00|-0.64|3.72|-2.56|7.64|7.75|8.09|7.60|39.25|7.80|51832043|401610080.00|1|0.0000|0.0000|0.0000|0|7.80
新疆天业|600075|-0.68|6849052|29893552.00|-0.23|0.23|-0.91|4.35|4.37|4.39|4.34|6.85|4.38|9746539|42533464.00|1|0.0000|0.0000|0.0000|0|4.38
康欣新材|600076|-0.47|9406400|19964146.00|0.47|0.47|-0.94|2.12|2.14|2.14|2.11|9.41|2.13|12747400|27174048.00|1|0.0000|0.0000|0.0000|0|2.13
澄星股份|600078|-0.18|4977900|27112904.00|-0.37|0.55|-0.92|5.44|5.43|5.48|5.40|4.98|5.45|7404211|40446476.00|1|0.0000|0.0000|0.0000|0|5.45
ST人福|600079|0.42|26109405|570126464.00|1.86|3.35|-0.05|21.59|21.90|22.22|21.49|26.11|21.50|30723442|660785408.00|1|0.0000|0.0000|0.0000|0|21.50
金花股份|600080|-0.77|4703700|36325296.00|-0.26|0.52|-0.90|7.69|7.73|7.79|7.68|4.70|7.75|9485700|73941416.00|1|0.0000|0.0000|0.0000|0|7.75
东风科技|600081|-3.97|44750632|656449088.00|-5.73|1.69|-9.90|14.74|14.47|15.61|13.83|44.75|15.35|57199116|888167552.00|1|0.0000|0.0000|0.0000|0|15.35
海泰发展|600082|0.00|4398800|12776060.00|0.00|1.03|-0.69|2.90|2.90|2.93|2.88|4.40|2.90|6311220|18366696.00|1|0.0000|0.0000|0.0000|0|2.90
中信尼雅|600084|-1.25|2244100|12447737.00|0.00|0.90|-1.61|5.51|5.58|5.63|5.49|2.24|5.58|2783718|15529028.00|1|0.0000|0.0000|0.0000|0|5.58
同仁堂|600085|-0.84|6752541|249095280.00|0.08|0.08|-1.08|36.81|37.15|37.15|36.72|6.75|37.12|12730756|472588448.00|1|0.0000|0.0000|0.0000|0|37.12
中视传媒|600088|-0.41|4094800|70294568.00|-0.47|0.64|-0.99|17.11|17.10|17.29|17.01|4.09|17.18|5456377|93160888.00|1|0.0000|0.0000|0.0000|0|17.18
特变电工|600089|0.25|26841723|323713088.00|0.00|1.00|-0.75|12.06|12.03|12.15|11.94|26.84|12.03|43431705|523328896.00|1|0.0000|0.0000|0.0000|0|12.03
大名城|600094|0.31|12291803|39224288.00|0.00|1.26|-0.94|3.19|3.18|3.22|3.15|12.29|3.18|15455560|49285204.00|1|0.0000|0.0000|0.0000|0|3.18
湘财股份|600095|7.71|254480713|2082089344.00|-2.88|10.07|-2.88|8.24|7.43|8.42|7.43|254.48|7.65|213101475|1692229504.00|1|0.0000|0.0000|0.0000|0|7.65
云天化|600096|-0.22|19474890|447723040.00|0.44|1.05|-0.44|22.90|23.05|23.19|22.85|19.47|22.95|27467091|632992640.00|1|0.0000|0.0000|0.0000|0|22.95
开创国际|600097|0.42|5567100|53626552.00|0.00|0.83|-0.83|9.64|9.60|9.68|9.52|5.57|9.60|8016566|76956784.00|1|0.0000|0.0000|0.0000|0|9.60
广州发展|600098|-0.61|14896353|96621080.00|-0.46|0.15|-0.77|6.47|6.48|6.52|6.46|14.90|6.51|18037501|116523112.00|1|0.0000|0.0000|0.0000|0|6.51
林海股份|600099|1.23|5563753|54813332.00|-0.20|2.15|-1.13|9.89|9.75|9.98|9.66|5.56|9.77|7733965|75915632.00|1|0.0000|0.0000|0.0000|0|9.77
同方股份|600100|-0.39|27583164|214243360.00|-0.26|0.64|-0.64|7.75|7.76|7.83|7.73|27.58|7.78|33778484|263791712.00|1|0.0000|0.0000|0.0000|0|7.78
明星电力|600101|-1.92|123923016|1472850048.00|-0.17|2.92|-3.33|11.77|11.98|12.35|11.60|123.92|12.00|120095512|1365248896.00|1|0.0000|0.0000|0.0000|0|12.00
青山纸业|600103|0.45|19422951|43114456.00|0.00|0.90|-0.45|2.22|2.21|2.23|2.20|19.42|2.21|23323683|51557200.00|1|0.0000|0.0000|0.0000|0|2.21
上汽集团|600104|-0.38|30502634|477401440.00|0.19|0.45|-1.34|15.66|15.75|15.79|15.51|30.50|15.72|40341840|635170496.00|1|0.0000|0.0000|0.0000|0|15.72
永鼎股份|600105|-3.55|157483988|1038953344.00|-0.89|0.44|-3.85|6.52|6.70|6.79|6.50|157.48|6.76|227880844|1540428544.00|1|0.0000|0.0000|0.0000|0|6.76
重庆路桥|600106|0.00|9939751|53141100.00|0.00|0.37|-0.75|5.36|5.36|5.38|5.32|9.94|5.36|10241523|55209000.00|1|0.0000|0.0000|0.0000|0|5.36
ST尔雅|600107|1.36|10095000|52339916.00|1.95|2.33|-0.39|5.21|5.24|5.26|5.12|10.10|5.14|19469100|101304776.00|1|0.0000|0.0000|0.0000|0|5.14
亚盛集团|600108|-0.36|10293500|28682012.00|-0.36|0.36|-0.72|2.78|2.78|2.80|2.77|10.29|2.79|24509495|68243592.00|1|0.0000|0.0000|0.0000|0|2.79
国金证券|600109|0.83|15138016|128324032.00|-0.24|1.19|-0.36|8.49|8.40|8.52|8.39|15.14|8.42|14882170|125284648.00|1|0.0000|0.0000|0.0000|0|8.42
诺德股份|600110|-0.79|12563199|47409876.00|0.00|0.53|-1.06|3.76|3.79|3.81|3.75|12.56|3.79|16471400|62396920.00|1|0.0000|0.0000|0.0000|0|3.79
北方稀土|600111|-0.44|16345454|372729856.00|-0.18|0.61|-0.61|22.72|22.78|22.96|22.68|16.35|22.82|17191356|391012224.00|1|0.0000|0.0000|0.0000|0|22.82
浙江东日|600113|2.45|7213630|102819016.00|0.07|4.90|-0.43|14.23|13.90|14.57|13.83|7.21|13.89|2556976|35472156.00|1|0.0000|0.0000|0.0000|0|13.89
东睦股份|600114|-0.14|19044917|394973792.00|0.00|0.82|-2.02|20.80|20.83|21.00|20.41|19.04|20.83|28995234|597292800.00|1|0.0000|0.0000|0.0000|0|20.83
中国东航|600115|-0.27|60530366|223504736.00|0.00|0.81|-0.81|3.69|3.70|3.73|3.67|60.53|3.70|91321497|335478368.00|1|0.0000|0.0000|0.0000|0|3.70
三峡水利|600116|-0.87|7551800|51693220.00|0.00|0.00|-1.01|6.84|6.90|6.90|6.83|7.55|6.90|11468352|78833616.00|1|0.0000|0.0000|0.0000|0|6.90
西宁特钢|600117|-0.89|12877217|28624794.00|-0.45|0.00|-1.34|2.22|2.23|2.24|2.21|12.88|2.24|15215817|33980016.00|1|0.0000|0.0000|0.0000|0|2.24
中国卫星|600118|-1.08|9592066|254146304.00|0.26|0.26|-1.90|26.54|26.90|26.90|26.32|9.59|26.83|9940662|265193360.00|1|0.0000|0.0000|0.0000|0|26.83
长江投资|600119|0.56|3805649|27293770.00|0.28|1.68|-0.56|7.18|7.16|7.26|7.10|3.81|7.14|3154801|22653982.00|1|0.0000|0.0000|0.0000|0|7.14
浙江东方|600120|0.47|41032131|260682992.00|-0.32|0.79|-0.47|6.36|6.31|6.38|6.30|41.03|6.33|56064280|356408960.00|1|0.0000|0.0000|0.0000|0|6.33
郑州煤电|600121|-1.22|25750400|104742696.00|-0.49|0.49|-1.46|4.05|4.08|4.12|4.04|25.75|4.10|33092040|135925776.00|1|0.0000|0.0000|0.0000|0|4.10
兰花科创|600123|-0.52|4996600|38407176.00|-0.52|0.13|-0.78|7.68|7.68|7.73|7.66|5.00|7.72|9174415|70442064.00|1|0.0000|0.0000|0.0000|0|7.72
铁龙物流|600125|0.35|7499770|42959076.00|0.00|0.70|-0.52|5.74|5.72|5.76|5.69|7.50|5.72|8873185|50659176.00|1|0.0000|0.0000|0.0000|0|5.72
杭钢股份|600126|0.09|268138137|3134746880.00|2.44|5.58|-0.87|11.47|11.74|12.10|11.36|268.14|11.46|345995018|4067766272.00|1|0.0000|0.0000|0.0000|0|11.46
金健米业|600127|-0.15|6592000|42751648.00|-0.15|0.92|-0.62|6.48|6.48|6.55|6.45|6.59|6.49|8994800|58110684.00|1|0.0000|0.0000|0.0000|0|6.49
苏豪弘业|600128|-2.30|26232443|275122816.00|-0.92|-0.92|-5.52|10.61|10.76|10.76|10.26|26.23|10.86|32672023|351559488.00|1|0.0000|0.0000|0.0000|0|10.86
太极集团|600129|2.35|19323383|420599744.00|-0.99|4.09|-1.03|21.78|21.07|22.15|21.06|19.32|21.28|13745604|293437120.00|1|0.0000|0.0000|0.0000|0|21.28
*ST波导|600130|-0.95|13989335|44271508.00|0.32|0.95|-0.95|3.14|3.18|3.20|3.14|13.99|3.17|18224810|58073488.00|1|0.0000|0.0000|0.0000|0|3.17
国网信通|600131|0.42|7601181|144830592.00|-0.21|1.96|-0.21|18.95|18.83|19.24|18.83|7.60|18.87|6213079|117514816.00|1|0.0000|0.0000|0.0000|0|18.87
重庆啤酒|600132|-0.92|3424558|204918368.00|-0.12|0.92|-1.35|59.40|59.88|60.50|59.14|3.42|59.95|5046269|301010816.00|1|0.0000|0.0000|0.0000|0|59.95
东湖高新|600133|1.85|18204951|179315360.00|-0.21|3.50|-0.62|9.89|9.69|10.05|9.65|18.20|9.71|12649300|123658144.00|1|0.0000|0.0000|0.0000|0|9.71
乐凯胶片|600135|-0.15|4259800|29330976.00|-0.73|0.87|-1.02|6.88|6.84|6.95|6.82|4.26|6.89|6235100|42702268.00|1|0.0000|0.0000|0.0000|0|6.89
ST明诚|600136|3.48|14398600|30007782.00|1.00|4.98|1.00|2.08|2.03|2.11|2.03|14.40|2.01|21799446|44241144.00|1|0.0000|0.0000|0.0000|0|2.01
浪莎股份|600137|1.15|1079900|16173532.00|0.00|1.75|-0.61|14.99|14.82|15.08|14.73|1.08|14.82|2009400|29964130.00|1|0.0000|0.0000|0.0000|0|14.82
中青旅|600138|0.48|14206800|148556064.00|0.10|1.15|-0.48|10.46|10.42|10.53|10.36|14.21|10.41|21255327|222752240.00|1|0.0000|0.0000|0.0000|0|10.41
兴发集团|600141|0.27|13510820|296872992.00|-0.14|1.46|-0.96|21.93|21.84|22.19|21.66|13.51|21.87|24570662|534922752.00|1|0.0000|0.0000|0.0000|0|21.87
金发科技|600143|0.91|27590986|304452640.00|0.09|1.19|-0.09|11.06|10.97|11.09|10.95|27.59|10.96|25594303|282400448.00|1|0.0000|0.0000|0.0000|0|10.96
长春一东|600148|0.11|1333401|23857950.00|-0.62|0.95|-0.84|17.88|17.75|18.03|17.71|1.33|17.86|1525618|27460736.00|1|0.0000|0.0000|0.0000|0|17.86
廊坊发展|600149|-1.16|6178700|26444476.00|-0.93|0.70|-1.86|4.26|4.27|4.34|4.23|6.18|4.31|9211700|39782312.00|1|0.0000|0.0000|0.0000|0|4.31
中国船舶|600150|0.29|20687100|633553856.00|0.00|0.42|-0.72|30.72|30.63|30.76|30.41|20.69|30.63|25064731|769170240.00|1|0.0000|0.0000|0.0000|0|30.63
航天机电|600151|-0.58|9809850|67678064.00|0.14|0.58|-0.87|6.88|6.93|6.96|6.86|9.81|6.92|14726400|102582104.00|1|0.0000|0.0000|0.0000|0|6.92
维科技术|600152|-0.97|15055700|92999936.00|-0.97|1.61|-2.25|6.15|6.15|6.31|6.07|15.06|6.21|21413101|132668240.00|1|0.0000|0.0000|0.0000|0|6.21
建发股份|600153|0.29|15193900|156211072.00|0.00|1.86|-0.10|10.22|10.19|10.38|10.18|15.19|10.19|24080409|248939264.00|1|0.0000|0.0000|0.0000|0|10.19
华创云信|600155|2.23|38183081|278278112.00|0.00|3.21|-0.28|7.33|7.17|7.40|7.15|38.18|7.17|21561551|154789472.00|1|0.0000|0.0000|0.0000|0|7.17
华升股份|600156|-2.13|19960100|110606032.00|-0.53|0.71|-3.02|5.51|5.60|5.67|5.46|19.96|5.63|29376701|164850496.00|1|0.0000|0.0000|0.0000|0|5.63
永泰能源|600157|-0.68|229903080|333630272.00|0.00|0.00|-1.37|1.45|1.46|1.46|1.44|229.90|1.46|303646952|440802464.00|1|0.0000|0.0000|0.0000|0|1.46
中体产业|600158|1.48|26295870|217461136.00|0.37|3.70|-0.12|8.22|8.13|8.40|8.09|26.30|8.10|10917111|88646400.00|1|0.0000|0.0000|0.0000|0|8.10
大龙地产|600159|-0.42|6692900|15713295.00|0.00|0.00|-1.27|2.35|2.36|2.36|2.33|6.69|2.36|11863000|27954412.00|1|0.0000|0.0000|0.0000|0|2.36
巨化股份|600160|2.13|24426451|618591040.00|0.40|3.06|-0.24|25.39|24.96|25.62|24.80|24.43|24.86|15507436|385541888.00|1|0.0000|0.0000|0.0000|0|24.86
天坛生物|600161|-1.11|12231678|251125936.00|-0.48|-0.10|-1.45|20.48|20.61|20.69|20.41|12.23|20.71|21678354|448661728.00|1|0.0000|0.0000|0.0000|0|20.71
香江控股|600162|-0.57|12103363|21103354.00|-0.57|0.00|-0.57|1.74|1.74|1.75|1.74|12.10|1.75|17092272|29859016.00|1|0.0000|0.0000|0.0000|0|1.75
中闽能源|600163|-2.43|17395500|91146432.00|0.19|0.75|-3.17|5.23|5.37|5.40|5.19|17.40|5.36|17616257|94104040.00|1|0.0000|0.0000|0.0000|0|5.36
*ST宁科|600165|4.99|15783067|72231232.00|0.45|4.99|0.45|4.63|4.43|4.63|4.43|15.78|4.41|17832412|79169320.00|1|0.0000|0.0000|0.0000|0|4.41
福田汽车|600166|2.42|160396266|402799712.00|0.40|2.42|-0.81|2.54|2.49|2.54|2.46|160.40|2.48|124636896|308326752.00|1|0.0000|0.0000|0.0000|0|2.48
联美控股|600167|0.69|5606162|32437846.00|0.00|1.04|-1.04|5.81|5.77|5.83|5.71|5.61|5.77|4729383|27137028.00|1|0.0000|0.0000|0.0000|0|5.77
武汉控股|600168|-1.23|8062556|38866952.00|-0.41|0.41|-1.44|4.80|4.84|4.88|4.79|8.06|4.86|16628370|80133424.00|1|0.0000|0.0000|0.0000|0|4.86
ST太重|600169|0.00|28711000|69947664.00|-0.41|0.41|-1.23|2.44|2.43|2.45|2.41|28.71|2.44|38982834|95093752.00|1|0.0000|0.0000|0.0000|0|2.44
上海建工|600170|-1.50|210323473|551763200.00|-0.75|-0.37|-2.62|2.63|2.65|2.66|2.60|210.32|2.67|386635114|1026940800.00|1|0.0000|0.0000|0.0000|0|2.67
上海贝岭|600171|-0.56|10700301|363242400.00|-0.29|0.35|-0.85|33.90|33.99|34.21|33.80|10.70|34.09|13925242|475567296.00|1|0.0000|0.0000|0.0000|0|34.09
黄河旋风|600172|0.99|32218500|132856280.00|0.49|3.95|0.25|4.09|4.07|4.21|4.06|32.22|4.05|25639236|103598216.00|1|0.0000|0.0000|0.0000|0|4.05
卧龙新能|600173|-3.44|27997340|189867584.00|0.57|1.58|-5.60|6.73|7.01|7.08|6.58|28.00|6.97|35985669|253681664.00|1|0.0000|0.0000|0.0000|0|6.97
中国巨石|600176|-0.77|19362738|249380224.00|-0.15|0.62|-1.54|12.85|12.93|13.03|12.75|19.36|12.95|26309298|339738400.00|1|0.0000|0.0000|0.0000|0|12.95
雅戈尔|600177|0.74|21201348|173918656.00|0.12|1.48|0.00|8.19|8.14|8.25|8.13|21.20|8.13|27517579|223514000.00|1|0.0000|0.0000|0.0000|0|8.13
东安动力|600178|-2.37|19894484|239327552.00|0.00|0.00|-2.53|11.94|12.23|12.23|11.92|19.89|12.23|28167882|347189984.00|1|0.0000|0.0000|0.0000|0|12.23
安通控股|600179|-0.34|27614794|79935528.00|-0.34|0.34|-1.37|2.90|2.90|2.92|2.87|27.61|2.91|30502609|88711352.00|1|0.0000|0.0000|0.0000|0|2.91
瑞茂通|600180|-0.95|5712191|23883614.00|0.00|0.71|-1.43|4.16|4.20|4.23|4.14|5.71|4.20|9128143|38406712.00|1|0.0000|0.0000|0.0000|0|4.20
S佳通|600182|0.32|1059900|16570799.00|0.06|1.61|-0.19|15.56|15.52|15.76|15.48|1.06|15.51|1429726|22215406.00|1|0.0000|0.0000|0.0000|0|15.51
生益科技|600183|-0.11|15804048|439182752.00|-0.11|1.48|-0.86|27.72|27.72|28.16|27.51|15.80|27.75|24757572|688657280.00|1|0.0000|0.0000|0.0000|0|27.75
光电股份|600184|-1.78|4454970|56618952.00|-0.93|-0.08|-2.48|12.69|12.80|12.91|12.60|4.45|12.92|5898085|76864448.00|1|0.0000|0.0000|0.0000|0|12.92
珠免集团|600185|-1.16|15584169|93435264.00|-0.50|-0.17|-1.65|5.99|6.03|6.05|5.96|15.58|6.06|24088546|145620944.00|1|0.0000|0.0000|0.0000|0|6.06
莲花控股|600186|-0.16|50901500|313907712.00|-0.81|0.97|-1.13|6.16|6.12|6.23|6.10|50.90|6.17|68225825|420448992.00|1|0.0000|0.0000|0.0000|0|6.17
国中水务|600187|-1.16|27214201|92333088.00|-1.16|-0.58|-2.61|3.41|3.41|3.43|3.36|27.21|3.45|33525802|116551232.00|1|0.0000|0.0000|0.0000|0|3.45
兖矿能源|600188|-1.19|22429354|298061664.00|-0.07|-0.07|-1.56|13.28|13.43|13.43|13.23|22.43|13.44|21405469|286492352.00|1|0.0000|0.0000|0.0000|0|13.44
泉阳泉|600189|0.00|5584833|38210552.00|0.00|0.29|-0.58|6.85|6.85|6.87|6.81|5.58|6.85|5736500|39365184.00|1|0.0000|0.0000|0.0000|0|6.85
华资实业|600191|-0.69|5232800|37300776.00|-0.14|0.14|-2.64|7.16|7.20|7.22|7.02|5.23|7.21|10934901|79261768.00|1|0.0000|0.0000|0.0000|0|7.21
长城电工|600192|-0.46|4820538|31678334.00|0.46|0.91|-0.46|6.54|6.60|6.63|6.54|4.82|6.57|9361900|61240932.00|1|0.0000|0.0000|0.0000|0|6.57
*ST创兴|600193|0.33|8008115|23990406.00|0.00|1.33|-1.33|3.01|3.00|3.04|2.96|8.01|3.00|9546000|28942444.00|1|0.0000|0.0000|0.0000|0|3.00
中牧股份|600195|-0.45|14097881|94017032.00|-0.30|0.45|-1.19|6.68|6.69|6.74|6.63|14.10|6.71|27499189|183888928.00|1|0.0000|0.0000|0.0000|0|6.71
复星医药|600196|-1.13|18673769|476948672.00|0.12|0.16|-1.55|25.46|25.78|25.79|25.35|18.67|25.75|39344236|1010817280.00|1|0.0000|0.0000|0.0000|0|25.75
伊力特|600197|0.26|2409755|37270464.00|0.00|0.45|-0.26|15.48|15.44|15.51|15.40|2.41|15.44|2340830|36117784.00|1|0.0000|0.0000|0.0000|0|15.44
大唐电信|600198|-0.36|7894100|66284816.00|0.00|0.72|-0.48|8.36|8.39|8.45|8.35|7.89|8.39|12517699|105302752.00|1|0.0000|0.0000|0.0000|0|8.39
金种子酒|600199|0.00|3778494|42303128.00|-0.09|0.81|-0.45|11.18|11.17|11.27|11.13|3.78|11.18|4231474|47334132.00|1|0.0000|0.0000|0.0000|0|11.18
生物股份|600201|-1.24|13102700|94831640.00|0.00|0.41|-1.65|7.19|7.28|7.31|7.16|13.10|7.28|23182900|169869696.00|1|0.0000|0.0000|0.0000|0|7.28
哈空调|600202|-9.15|83602997|487604032.00|-0.96|-0.96|-9.15|5.66|6.17|6.17|5.66|83.60|6.23|73051873|439764128.00|1|0.0000|0.0000|0.0000|0|6.23
福日电子|600203|0.11|19510201|181574752.00|0.32|1.73|-0.11|9.25|9.27|9.40|9.23|19.51|9.24|19537000|181540784.00|1|0.0000|0.0000|0.0000|0|9.24
有研新材|600206|-0.12|17295300|288315392.00|0.60|1.32|-0.60|16.61|16.73|16.85|16.53|17.30|16.63|17507175|291046176.00|1|0.0000|0.0000|0.0000|0|16.63
安彩高科|600207|0.48|7473900|31145674.00|0.48|1.45|-0.97|4.16|4.16|4.20|4.10|7.47|4.14|9069000|37584600.00|1|0.0000|0.0000|0.0000|0|4.14
衢州发展|600208|0.69|143162350|421042112.00|-0.34|3.44|-1.03|2.93|2.90|3.01|2.88|143.16|2.91|236584418|698708480.00|1|0.0000|0.0000|0.0000|0|2.91
紫江企业|600210|1.14|56606736|400842624.00|0.00|2.00|-0.57|7.09|7.01|7.15|6.97|56.61|7.01|47222405|331963424.00|1|0.0000|0.0000|0.0000|0|7.01
西藏药业|600211|-0.74|4732599|183855200.00|0.33|0.38|-1.08|38.73|39.15|39.17|38.60|4.73|39.02|9814274|384313152.00|1|0.0000|0.0000|0.0000|0|39.02
绿能慧充|600212|-3.28|46183701|446107584.00|-0.92|3.49|-4.92|9.43|9.66|10.09|9.27|46.18|9.75|40975628|398029696.00|1|0.0000|0.0000|0.0000|0|9.75
派斯林|600215|2.97|15830650|147580000.00|-0.33|4.30|-0.55|9.35|9.05|9.47|9.03|15.83|9.08|12219892|111147448.00|1|0.0000|0.0000|0.0000|0|9.08
浙江医药|600216|-1.75|19124744|258850672.00|-0.15|-0.15|-1.89|13.50|13.72|13.72|13.48|19.12|13.74|29983181|411043712.00|1|0.0000|0.0000|0.0000|0|13.74
中再资环|600217|0.00|12773217|63690096.00|0.00|1.41|-0.20|4.97|4.97|5.04|4.96|12.77|4.97|24233631|120648592.00|1|0.0000|0.0000|0.0000|0|4.97
全柴动力|600218|-0.23|5572112|48548652.00|0.00|0.92|-0.69|8.68|8.70|8.78|8.64|5.57|8.70|7906796|68926152.00|1|0.0000|0.0000|0.0000|0|8.70
南山铝业|600219|-1.30|95128155|362000160.00|-0.26|0.00|-1.56|3.79|3.83|3.84|3.78|95.13|3.84|110475031|423115616.00|1|0.0000|0.0000|0.0000|0|3.84
海航控股|600221|0.70|162754763|232216048.00|0.00|1.41|0.00|1.43|1.42|1.44|1.42|162.75|1.42|335934388|479328896.00|1|0.0000|0.0000|0.0000|0|1.42
太龙药业|600222|-1.09|16472500|89779936.00|0.00|0.55|-1.64|5.42|5.48|5.51|5.39|16.47|5.48|30633700|167102864.00|1|0.0000|0.0000|0.0000|0|5.48
福瑞达|600223|1.31|20208049|155661984.00|-0.66|2.62|-0.66|7.72|7.57|7.82|7.57|20.21|7.62|25559943|195346144.00|1|0.0000|0.0000|0.0000|0|7.62
亨通股份|600226|-1.06|20784795|58801752.00|0.70|0.70|-1.41|2.81|2.86|2.86|2.80|20.78|2.84|30890260|87747056.00|1|0.0000|0.0000|0.0000|0|2.84
赤天化|600227|-2.90|34470401|80897000.00|-1.24|-1.24|-3.32|2.34|2.38|2.38|2.33|34.47|2.41|61598331|146053536.00|1|0.0000|0.0000|0.0000|0|2.41
*ST返利|600228|1.60|21805300|111970600.00|-0.20|3.99|-0.80|5.09|5.00|5.21|4.97|21.81|5.01|18367999|92463872.00|1|0.0000|0.0000|0.0000|0|5.01
城市传媒|600229|-0.14|3646400|25216348.00|-0.29|1.16|-0.43|6.89|6.88|6.98|6.87|3.65|6.90|5624349|38814032.00|1|0.0000|0.0000|0.0000|0|6.90
沧州大化|600230|-0.68|3153138|32438510.00|-0.39|1.94|-1.26|10.22|10.25|10.49|10.16|3.15|10.29|3680907|37789740.00|1|0.0000|0.0000|0.0000|0|10.29
凌钢股份|600231|-1.16|11905000|20295698.00|0.00|0.00|-1.74|1.70|1.72|1.72|1.69|11.91|1.72|15180610|26099160.00|1|0.0000|0.0000|0.0000|0|1.72
金鹰股份|600232|-4.60|9574900|55842416.00|-1.48|-1.48|-5.58|5.81|6.00|6.00|5.75|9.57|6.09|6799000|41195452.00|1|0.0000|0.0000|0.0000|0|6.09
圆通速递|600233|0.86|11742920|150363792.00|0.08|0.86|-0.39|12.86|12.76|12.86|12.70|11.74|12.75|18332800|234580576.00|1|0.0000|0.0000|0.0000|0|12.75
科新发展|600234|-0.48|711900|4389956.00|1.78|1.78|-1.45|6.16|6.30|6.30|6.10|0.71|6.19|709187|4376954.50|1|0.0000|0.0000|0.0000|0|6.19
民丰特纸|600235|-0.17|3553400|21019952.00|-0.34|1.53|-0.68|5.89|5.88|5.99|5.86|3.55|5.90|7834648|46480908.00|1|0.0000|0.0000|0.0000|0|5.90
桂冠电力|600236|-2.12|14822033|96002560.00|-0.61|-0.15|-2.42|6.46|6.56|6.59|6.44|14.82|6.60|18289997|119376168.00|1|0.0000|0.0000|0.0000|0|6.60
铜峰电子|600237|0.57|11754100|82742608.00|-0.14|2.30|-0.43|7.01|6.96|7.13|6.94|11.75|6.97|11641701|81109568.00|1|0.0000|0.0000|0.0000|0|6.97
*ST椰岛|600238|0.83|13918450|85019200.00|-0.50|4.65|-1.00|6.07|5.99|6.30|5.96|13.92|6.02|9121803|55151120.00|1|0.0000|0.0000|0.0000|0|6.02
云南城投|600239|-6.34|98875322|268096800.00|-2.11|-1.76|-6.34|2.66|2.78|2.79|2.66|98.88|2.84|160904902|442948416.00|1|0.0000|0.0000|0.0000|0|2.84
时代万恒|600241|0.44|2279584|15641396.00|-0.29|1.46|-0.88|6.87|6.82|6.94|6.78|2.28|6.84|3015500|20710432.00|1|0.0000|0.0000|0.0000|0|6.84
*ST海华|600243|0.38|22548910|60479572.00|0.38|2.26|-1.13|2.67|2.67|2.72|2.63|22.55|2.66|35948801|96071024.00|1|0.0000|0.0000|0.0000|0|2.66
万通发展|600246|-2.10|28849900|162484288.00|-0.18|0.35|-2.63|5.59|5.70|5.73|5.56|28.85|5.71|40352380|232377472.00|1|0.0000|0.0000|0.0000|0|5.71
陕建股份|600248|-0.46|15086104|64939848.00|0.00|0.46|-0.70|4.29|4.31|4.33|4.28|15.09|4.31|18578653|80132440.00|1|0.0000|0.0000|0.0000|0|4.31
两面针|600249|3.09|12449850|66269812.00|0.00|5.21|-0.39|5.34|5.18|5.45|5.16|12.45|5.18|9058160|47176160.00|1|0.0000|0.0000|0.0000|0|5.18
南京商旅|600250|-1.72|10013833|92190352.00|0.00|0.11|-2.04|9.14|9.30|9.31|9.11|10.01|9.30|12337900|114710840.00|1|0.0000|0.0000|0.0000|0|9.30
冠农股份|600251|-0.84|3528365|25171232.00|0.00|0.14|-0.98|7.10|7.16|7.17|7.09|3.53|7.16|4879802|34850628.00|1|0.0000|0.0000|0.0000|0|7.16
中恒集团|600252|0.82|42162300|103527064.00|0.41|1.64|-0.82|2.46|2.45|2.48|2.42|42.16|2.44|58844815|143141904.00|1|0.0000|0.0000|0.0000|0|2.44
鑫科材料|600255|0.30|41044930|139116320.00|-0.30|0.89|-0.89|3.39|3.37|3.41|3.35|41.04|3.38|55575720|188772416.00|1|0.0000|0.0000|0.0000|0|3.38
广汇能源|600256|-0.16|25111950|153747136.00|0.00|0.33|-0.82|6.12|6.13|6.15|6.08|25.11|6.13|44048928|270091392.00|1|0.0000|0.0000|0.0000|0|6.13
大湖股份|600257|-1.25|7629900|36276596.00|0.00|0.42|-1.46|4.74|4.80|4.82|4.73|7.63|4.80|13714392|66024240.00|1|0.0000|0.0000|0.0000|0|4.80
首旅酒店|600258|1.79|25352368|360796160.00|0.29|3.08|0.00|14.21|14.00|14.39|13.96|25.35|13.96|25103513|345389248.00|1|0.0000|0.0000|0.0000|0|13.96
广晟有色|600259|3.01|10351789|362368992.00|-0.27|4.54|-0.47|34.96|33.85|35.48|33.78|10.35|33.94|7366546|249071968.00|1|0.0000|0.0000|0.0000|0|33.94
阳光照明|600261|0.60|13584500|45672720.00|-0.60|1.80|-0.60|3.36|3.32|3.40|3.32|13.58|3.34|12673700|42339604.00|1|0.0000|0.0000|0.0000|0|3.34
北方股份|600262|0.62|2063319|36968520.00|0.00|1.06|-0.90|17.96|17.85|18.04|17.69|2.06|17.85|2384900|42550680.00|1|0.0000|0.0000|0.0000|0|17.85
ST景谷|600265|10.00|3397292|57281216.00|0.32|10.00|-0.26|17.05|15.55|17.05|15.46|3.40|15.50|1154063|17600254.00|1|0.0000|0.0000|0.0000|0|15.50
城建发展|600266|-0.22|18643786|85061856.00|-0.44|0.22|-1.09|4.57|4.56|4.59|4.53|18.64|4.58|32049608|146545136.00|1|0.0000|0.0000|0.0000|0|4.58
海正药业|600267|-1.48|33815298|317165216.00|0.00|0.74|-2.22|9.30|9.44|9.51|9.23|33.82|9.44|70261326|667495616.00|1|0.0000|0.0000|0.0000|0|9.44
国电南自|600268|-0.14|8199816|59874476.00|-0.41|1.10|-0.82|7.29|7.27|7.38|7.24|8.20|7.30|9230183|67577624.00|1|0.0000|0.0000|0.0000|0|7.30
赣粤高速|600269|-0.39|18496400|95558744.00|0.00|0.97|-0.77|5.15|5.17|5.22|5.13|18.50|5.17|16841797|86655000.00|1|0.0000|0.0000|0.0000|0|5.17
航天信息|600271|-0.23|7338016|65181620.00|0.11|0.56|-0.45|8.86|8.89|8.93|8.84|7.34|8.88|10356538|92250824.00|1|0.0000|0.0000|0.0000|0|8.88
开开实业|600272|-0.21|3217004|44916416.00|-0.07|0.36|-1.28|13.98|14.00|14.06|13.83|3.22|14.01|7251700|102085992.00|1|0.0000|0.0000|0.0000|0|14.01
嘉化能源|600273|-0.25|11530200|93779808.00|0.12|0.61|-0.61|8.12|8.15|8.19|8.09|11.53|8.14|16989500|137504272.00|1|0.0000|0.0000|0.0000|0|8.14
恒瑞医药|600276|-1.83|63187882|3230471936.00|-0.93|-0.08|-2.20|50.85|51.32|51.76|50.66|63.19|51.80|135906280|6963773440.00|1|0.0000|0.0000|0.0000|0|51.80
东方创业|600278|-0.91|6550746|42532648.00|0.00|0.00|-2.13|6.51|6.57|6.57|6.43|6.55|6.57|6625591|43692992.00|1|0.0000|0.0000|0.0000|0|6.57
重庆港|600279|-0.39|5409012|27481044.00|0.20|0.39|-0.98|5.08|5.11|5.12|5.05|5.41|5.10|6595450|33631980.00|1|0.0000|0.0000|0.0000|0|5.10
中央商场|600280|-0.88|10241300|34903408.00|0.00|0.58|-0.88|3.39|3.42|3.44|3.39|10.24|3.42|12818200|44027572.00|1|0.0000|0.0000|0.0000|0|3.42
华阳新材|600281|-1.92|8489426|30473438.00|-0.55|0.00|-2.20|3.57|3.62|3.64|3.56|8.49|3.64|13647159|49889976.00|1|0.0000|0.0000|0.0000|0|3.64
南钢股份|600282|-1.06|21585600|101124976.00|0.00|0.42|-1.48|4.67|4.72|4.74|4.65|21.59|4.72|37423739|175612128.00|1|0.0000|0.0000|0.0000|0|4.72
钱江水利|600283|-2.09|5974440|59108508.00|-0.40|-0.30|-2.39|9.84|10.01|10.02|9.81|5.97|10.05|8905501|88857576.00|1|0.0000|0.0000|0.0000|0|10.05
浦东建设|600284|0.29|33252193|228132160.00|-1.03|3.37|-1.61|6.84|6.75|7.05|6.71|33.25|6.82|31597045|211599648.00|1|0.0000|0.0000|0.0000|0|6.82
羚锐制药|600285|0.41|7360500|163015824.00|0.00|1.82|-0.77|22.07|21.98|22.38|21.81|7.36|21.98|12592287|274583360.00|1|0.0000|0.0000|0.0000|0|21.98
苏豪时尚|600287|-0.21|1436300|6689265.00|0.43|0.64|-0.64|4.65|4.68|4.69|4.63|1.44|4.66|1749100|8119684.00|1|0.0000|0.0000|0.0000|0|4.66
大恒科技|600288|-0.55|8070500|73640928.00|-0.44|1.20|-1.53|9.12|9.13|9.28|9.03|8.07|9.17|10516513|96677184.00|1|0.0000|0.0000|0.0000|0|9.17
ST信通|600289|-4.94|2828600|19602198.00|-4.94|-4.94|-4.94|6.93|6.93|6.93|6.93|2.83|7.29|21787800|158839488.00|1|0.0000|0.0000|0.0000|0|7.29
远达环保|600292|3.96|43425333|530184896.00|1.77|7.41|-1.01|12.35|12.09|12.76|11.76|43.43|11.88|13437844|158486048.00|1|0.0000|0.0000|0.0000|0|11.88
三峡新材|600293|-0.34|6985400|20480888.00|0.00|0.34|-1.02|2.93|2.94|2.95|2.91|6.99|2.94|10191100|30056840.00|1|0.0000|0.0000|0.0000|0|2.94
鄂尔多斯|600295|0.21|3984008|37185080.00|0.54|0.54|-0.64|9.35|9.38|9.38|9.27|3.98|9.33|8518934|78812072.00|1|0.0000|0.0000|0.0000|0|9.33
安琪酵母|600298|0.20|2918008|101640352.00|0.09|0.58|-0.66|34.85|34.81|34.98|34.55|2.92|34.78|4119071|143385584.00|1|0.0000|0.0000|0.0000|0|34.78
安迪苏|600299|-0.94|7654000|80744048.00|0.09|0.09|-1.97|10.57|10.68|10.68|10.46|7.65|10.67|8458432|89776440.00|1|0.0000|0.0000|0.0000|0|10.67
维维股份|600300|-0.59|29829900|100379640.00|-0.30|0.30|-0.89|3.36|3.37|3.39|3.35|29.83|3.38|39373700|132360384.00|1|0.0000|0.0000|0.0000|0|3.38
华锡有色|600301|4.12|21800339|496531520.00|0.78|7.52|-1.33|22.72|21.99|23.46|21.53|21.80|21.82|13495790|297715776.00|1|0.0000|0.0000|0.0000|0|21.82
标准股份|600302|-2.72|25681877|139073328.00|-1.45|0.91|-3.27|5.36|5.43|5.56|5.33|25.68|5.51|42891050|233729568.00|1|0.0000|0.0000|0.0000|0|5.51
曙光股份|600303|1.83|9128700|30133904.00|-0.61|2.75|-1.22|3.33|3.25|3.36|3.23|9.13|3.27|8473100|27733312.00|1|0.0000|0.0000|0.0000|0|3.27
恒顺醋业|600305|-0.40|4305754|32356740.00|-0.40|0.27|-0.66|7.50|7.50|7.55|7.48|4.31|7.53|7632162|57278064.00|1|0.0000|0.0000|0.0000|0|7.53
酒钢宏兴|600307|0.00|18639100|26488714.00|0.00|0.70|-0.70|1.42|1.42|1.43|1.41|18.64|1.42|39537600|56390668.00|1|0.0000|0.0000|0.0000|0|1.42
华泰股份|600308|-0.87|5446048|18766030.00|0.58|0.58|-0.87|3.43|3.48|3.48|3.43|5.45|3.46|7503600|25934148.00|1|0.0000|0.0000|0.0000|0|3.46
万华化学|600309|-0.76|17074298|1138587264.00|0.00|0.06|-0.86|66.59|67.10|67.14|66.52|17.07|67.10|14321592|961537600.00|1|0.0000|0.0000|0.0000|0|67.10
广西能源|600310|-2.20|42789794|190460080.00|-0.66|-0.66|-2.64|4.44|4.51|4.51|4.42|42.79|4.54|71957813|324217472.00|1|0.0000|0.0000|0.0000|0|4.54
平高电气|600312|1.50|22462091|392299616.00|0.35|1.91|-0.98|17.57|17.37|17.64|17.14|22.46|17.31|16134548|280117024.00|1|0.0000|0.0000|0.0000|0|17.31
农发种业|600313|0.32|6872605|42752668.00|-0.32|0.48|-0.64|6.24|6.20|6.25|6.18|6.87|6.22|7491600|46521328.00|1|0.0000|0.0000|0.0000|0|6.22
上海家化|600315|0.35|4641850|93731976.00|0.00|0.99|-1.24|20.29|20.22|20.42|19.97|4.64|20.22|7756479|155727488.00|1|0.0000|0.0000|0.0000|0|20.22
洪都航空|600316|-1.63|9176564|326715328.00|-0.50|-0.03|-2.57|35.54|35.95|36.12|35.20|9.18|36.13|17177016|614394112.00|1|0.0000|0.0000|0.0000|0|36.13
新力金融|600318|2.71|112758172|1119777024.00|-0.73|8.01|-0.73|9.87|9.54|10.38|9.54|112.76|9.61|95663951|922737280.00|1|0.0000|0.0000|0.0000|0|9.61
亚星化学|600319|-1.45|10424020|57008448.00|1.09|1.63|-2.17|5.44|5.58|5.61|5.40|10.42|5.52|16637024|90802992.00|1|0.0000|0.0000|0.0000|0|5.52
振华重工|600320|-0.68|117197265|510240640.00|-0.46|0.68|-2.05|4.35|4.36|4.41|4.29|117.20|4.38|140037636|615834688.00|1|0.0000|0.0000|0.0000|0|4.38
津投城开|600322|-0.87|8098600|18517972.00|-0.43|0.43|-1.30|2.28|2.29|2.31|2.27|8.10|2.30|9230100|21194844.00|1|0.0000|0.0000|0.0000|0|2.30
瀚蓝环境|600323|-0.98|4857640|117695512.00|0.00|0.57|-1.19|24.13|24.37|24.51|24.08|4.86|24.37|9354460|227236992.00|1|0.0000|0.0000|0.0000|0|24.37
华发股份|600325|-0.74|17777620|95088456.00|-0.19|0.19|-0.93|5.33|5.36|5.38|5.32|17.78|5.37|16847660|90254136.00|1|0.0000|0.0000|0.0000|0|5.37
西藏天路|600326|0.00|12944965|83278464.00|0.78|1.72|0.00|6.39|6.44|6.50|6.39|12.94|6.39|17673634|113572080.00|1|0.0000|0.0000|0.0000|0|6.39
大东方|600327|-1.81|14728100|72285112.00|-1.01|-0.40|-2.01|4.88|4.92|4.95|4.87|14.73|4.97|26002080|128148240.00|1|0.0000|0.0000|0.0000|0|4.97
中盐化工|600328|-0.27|9321310|69191024.00|-0.27|0.27|-0.54|7.42|7.42|7.46|7.40|9.32|7.44|13436890|99709584.00|1|0.0000|0.0000|0.0000|0|7.44
达仁堂|600329|-0.73|3720989|117177224.00|-0.10|0.79|-0.82|31.29|31.49|31.77|31.26|3.72|31.52|7155325|223671056.00|1|0.0000|0.0000|0.0000|0|31.52
天通股份|600330|-0.14|9350712|66447180.00|0.00|0.42|-0.56|7.10|7.11|7.14|7.07|9.35|7.11|10929953|77864336.00|1|0.0000|0.0000|0.0000|0|7.11
宏达股份|600331|-0.98|14201316|100960640.00|0.00|0.00|-1.26|7.10|7.17|7.17|7.08|14.20|7.17|16714525|120290936.00|1|0.0000|0.0000|0.0000|0|7.17
白云山|600332|-0.33|4362700|117237280.00|0.00|0.37|-0.56|26.84|26.93|27.03|26.78|4.36|26.93|13171646|353994208.00|1|0.0000|0.0000|0.0000|0|26.93
长春燃气|600333|-1.73|7489100|34271472.00|0.00|0.00|-1.73|4.55|4.63|4.63|4.55|7.49|4.63|10364010|48027332.00|1|0.0000|0.0000|0.0000|0|4.63
国机汽车|600335|-0.57|33906613|235456768.00|-0.43|1.29|-1.87|6.93|6.94|7.06|6.84|33.91|6.97|44330463|306867200.00|1|0.0000|0.0000|0.0000|0|6.97
澳柯玛|600336|0.00|7309600|47990560.00|-0.46|2.00|-0.61|6.51|6.48|6.64|6.47|7.31|6.51|7818802|51201164.00|1|0.0000|0.0000|0.0000|0|6.51
美克家居|600337|-0.57|9041280|15830867.00|-0.57|0.57|-1.14|1.75|1.75|1.77|1.74|9.04|1.76|9846383|17345688.00|1|0.0000|0.0000|0.0000|0|1.76
西藏珠峰|600338|-0.79|9488500|95792856.00|0.00|0.20|-1.08|10.07|10.15|10.17|10.04|9.49|10.15|12578822|127850168.00|1|0.0000|0.0000|0.0000|0|10.15
中油工程|600339|-1.46|25493444|86031424.00|-0.29|0.00|-1.75|3.37|3.41|3.42|3.36|25.49|3.42|35734497|121617144.00|1|0.0000|0.0000|0.0000|0|3.42
华夏幸福|600340|0.45|43908600|98497736.00|0.00|1.79|-0.90|2.24|2.23|2.27|2.21|43.91|2.23|40117980|90194568.00|1|0.0000|0.0000|0.0000|0|2.23
航天动力|600343|-2.75|14971700|171159840.00|-1.20|0.00|-2.83|11.33|11.51|11.65|11.32|14.97|11.65|28578115|333619776.00|1|0.0000|0.0000|0.0000|0|11.65
长江通信|600345|-0.47|5063700|127638320.00|-0.55|0.99|-1.54|25.18|25.16|25.55|24.91|5.06|25.30|8682904|218244128.00|1|0.0000|0.0000|0.0000|0|25.30
恒力石化|600346|0.52|6764560|104477344.00|-0.13|0.84|-0.39|15.50|15.40|15.55|15.36|6.76|15.42|7445920|114470200.00|1|0.0000|0.0000|0.0000|0|15.42
华阳股份|600348|-0.15|33277595|230370784.00|0.87|1.45|-0.44|6.87|6.94|6.98|6.85|33.28|6.88|41218289|282909792.00|1|0.0000|0.0000|0.0000|0|6.88
山东高速|600350|-2.61|20939509|220387456.00|0.37|1.49|-3.54|10.46|10.78|10.90|10.36|20.94|10.74|12072955|128878752.00|1|0.0000|0.0000|0.0000|0|10.74
亚宝药业|600351|-0.63|12769006|80104008.00|0.79|0.79|-0.95|6.26|6.35|6.35|6.24|12.77|6.30|33432626|210233600.00|1|0.0000|0.0000|0.0000|0|6.30
浙江龙盛|600352|-0.21|11426200|108305008.00|0.11|0.11|-0.84|9.49|9.52|9.52|9.43|11.43|9.51|16503727|156903760.00|1|0.0000|0.0000|0.0000|0|9.51
旭光电子|600353|-0.31|174536363|1702989696.00|2.30|6.58|-2.40|9.54|9.79|10.20|9.34|174.54|9.57|112735644|1026026816.00|1|0.0000|0.0000|0.0000|0|9.57
敦煌种业|600354|0.00|6349641|35399204.00|-0.18|0.54|-0.54|5.58|5.57|5.61|5.55|6.35|5.58|8480103|47323332.00|1|0.0000|0.0000|0.0000|0|5.58
*ST精伦|600355|-3.16|36694318|113048760.00|-2.22|0.00|-4.11|3.06|3.09|3.16|3.03|36.69|3.16|61467620|189524928.00|1|0.0000|0.0000|0.0000|0|3.16
恒丰纸业|600356|-1.02|3687180|28683186.00|-1.15|-0.38|-1.53|7.78|7.77|7.83|7.74|3.69|7.86|7448601|58112932.00|1|0.0000|0.0000|0.0000|0|7.86
ST联合|600358|-4.26|24683100|105675352.00|-0.45|0.00|-4.93|4.27|4.44|4.46|4.24|24.68|4.46|20267300|89613264.00|1|0.0000|0.0000|0.0000|0|4.46
新农开发|600359|1.05|8854681|59684576.00|0.15|2.54|-0.60|6.75|6.69|6.85|6.64|8.85|6.68|5844470|38983656.00|1|0.0000|0.0000|0.0000|0|6.68
*ST华微|600360|2.53|26506564|183253312.00|0.00|4.91|-0.60|6.89|6.72|7.05|6.68|26.51|6.72|17767433|119261320.00|1|0.0000|0.0000|0.0000|0|6.72
创新新材|600361|-0.24|32767258|136000896.00|-0.48|0.72|-0.96|4.15|4.14|4.19|4.12|32.77|4.16|37945000|158372096.00|1|0.0000|0.0000|0.0000|0|4.16
江西铜业|600362|-1.51|22051998|506128864.00|-0.90|-0.09|-1.85|22.86|23.00|23.19|22.78|22.05|23.21|26810708|619971712.00|1|0.0000|0.0000|0.0000|0|23.21
联创光电|600363|-2.52|12779810|831533888.00|-1.77|0.35|-3.59|64.60|65.10|66.50|63.89|12.78|66.27|23554797|1536483968.00|1|0.0000|0.0000|0.0000|0|66.27
ST通葡|600365|0.00|2490580|6547572.00|-0.38|1.14|-0.76|2.63|2.62|2.66|2.61|2.49|2.63|2200102|5771025.00|1|0.0000|0.0000|0.0000|0|2.63
宁波韵升|600366|0.74|10058555|82686672.00|-0.37|1.97|-0.49|8.20|8.11|8.30|8.10|10.06|8.14|9592871|78218784.00|1|0.0000|0.0000|0.0000|0|8.14
红星发展|600367|0.41|16205300|239347600.00|-0.20|3.28|-0.55|14.70|14.61|15.12|14.56|16.21|14.64|15205600|223968640.00|1|0.0000|0.0000|0.0000|0|14.64
五洲交通|600368|3.82|66457876|301883776.00|0.00|5.17|-1.35|4.62|4.45|4.68|4.39|66.46|4.45|30931098|137069872.00|1|0.0000|0.0000|0.0000|0|4.45
XD西南证|600369|0.46|20239060|88202448.00|0.00|0.92|-0.46|4.36|4.34|4.38|4.32|20.24|4.34|25566001|111125344.00|1|0.0000|0.0000|0.0000|0|4.34
三房巷|600370|-4.13|93605318|191067520.00|-2.75|-2.75|-10.09|2.09|2.12|2.12|1.96|93.61|2.18|141334037|309656672.00|1|0.0000|0.0000|0.0000|0|2.18
万向德农|600371|0.35|2213599|18937920.00|0.00|0.70|-0.70|8.57|8.54|8.60|8.48|2.21|8.54|3388263|28859936.00|1|0.0000|0.0000|0.0000|0|8.54
中航机载|600372|-0.99|30079170|331756896.00|-0.36|-0.36|-1.61|11.05|11.12|11.12|10.98|30.08|11.16|35318441|395414080.00|1|0.0000|0.0000|0.0000|0|11.16
中文传媒|600373|-0.09|5174393|57286696.00|-0.09|0.54|-0.27|11.05|11.05|11.12|11.03|5.17|11.06|11090492|122615640.00|1|0.0000|0.0000|0.0000|0|11.06
汉马科技|600375|1.82|7050945|43322072.00|-0.33|3.64|-0.33|6.16|6.03|6.27|6.03|7.05|6.05|6797945|41293412.00|1|0.0000|0.0000|0.0000|0|6.05
首开股份|600376|-1.57|15341300|38392412.00|-1.18|-0.39|-2.36|2.50|2.51|2.53|2.48|15.34|2.54|18961979|47823492.00|1|0.0000|0.0000|0.0000|0|2.54
宁沪高速|600377|-0.90|13231590|205324640.00|0.06|1.61|-1.22|15.40|15.55|15.79|15.35|13.23|15.54|12905712|199044144.00|1|0.0000|0.0000|0.0000|0|15.54
昊华科技|600378|0.85|3067034|84535544.00|0.00|2.61|-0.18|27.44|27.21|27.92|27.16|3.07|27.21|2224607|60049196.00|1|0.0000|0.0000|0.0000|0|27.21
宝光股份|600379|-0.71|3267686|32178872.00|0.20|0.81|-0.91|9.81|9.90|9.96|9.79|3.27|9.88|4744544|46759544.00|1|0.0000|0.0000|0.0000|0|9.88
健康元|600380|-1.09|22362852|264854800.00|0.42|0.84|-1.60|11.77|11.95|12.00|11.71|22.36|11.90|37685330|448606080.00|1|0.0000|0.0000|0.0000|0|11.90
*ST春天|600381|0.63|11902914|56521020.00|1.47|1.89|-1.89|4.80|4.84|4.86|4.68|11.90|4.77|14966143|70886240.00|1|0.0000|0.0000|0.0000|0|4.77
广东明珠|600382|-0.64|3528420|16426170.00|-0.21|0.64|-1.07|4.65|4.67|4.71|4.63|3.53|4.68|6501855|30170818.00|1|0.0000|0.0000|0.0000|0|4.68
金地集团|600383|1.12|90585698|403574720.00|-0.45|1.79|-2.23|4.53|4.46|4.56|4.38|90.59|4.48|70205502|314976800.00|1|0.0000|0.0000|0.0000|0|4.48
北巴传媒|600386|0.89|17063700|77232512.00|0.22|3.36|-0.67|4.51|4.48|4.62|4.44|17.06|4.47|13757500|61856808.00|1|0.0000|0.0000|0.0000|0|4.47
龙净环保|600388|1.28|5827692|73232632.00|0.32|1.44|-0.08|12.64|12.52|12.66|12.47|5.83|12.48|6559324|82360360.00|1|0.0000|0.0000|0.0000|0|12.48
江山股份|600389|0.27|3453613|51338872.00|0.13|1.48|-0.67|14.86|14.84|15.04|14.72|3.45|14.82|5070477|75680016.00|1|0.0000|0.0000|0.0000|0|14.82
五矿资本|600390|1.25|38511334|216143904.00|-0.18|1.25|-0.72|5.66|5.58|5.66|5.55|38.51|5.59|37897299|212400016.00|1|0.0000|0.0000|0.0000|0|5.59
航发科技|600391|-1.59|12361252|258885072.00|-0.98|-0.42|-2.95|21.00|21.13|21.25|20.71|12.36|21.34|23337832|492889920.00|1|0.0000|0.0000|0.0000|0|21.34
盛和资源|600392|-1.00|17828577|196120096.00|-0.27|1.09|-1.09|10.92|11.00|11.15|10.91|17.83|11.03|19209641|211397232.00|1|0.0000|0.0000|0.0000|0|11.03
盘江股份|600395|-0.81|7139600|35019892.00|-0.41|0.20|-1.01|4.89|4.91|4.94|4.88|7.14|4.93|13234850|64915600.00|1|0.0000|0.0000|0.0000|0|4.93
华电辽能|600396|-1.12|16007400|42155424.00|-0.37|0.37|-2.25|2.64|2.66|2.68|2.61|16.01|2.67|23226294|61364132.00|1|0.0000|0.0000|0.0000|0|2.67
江钨装备|600397|3.63|44053891|288869280.00|0.16|6.95|-0.47|6.56|6.34|6.77|6.30|44.05|6.33|33404314|210486944.00|1|0.0000|0.0000|0.0000|0|6.33
海澜之家|600398|2.49|18851518|154230544.00|-0.25|2.61|-0.25|8.24|8.02|8.25|8.02|18.85|8.04|17913402|142891360.00|1|0.0000|0.0000|0.0000|0|8.04
抚顺特钢|600399|-1.03|47920600|275883360.00|0.34|0.34|-1.89|5.77|5.85|5.85|5.72|47.92|5.83|37450755|218375072.00|1|0.0000|0.0000|0.0000|0|5.83
红豆股份|600400|-0.85|18419154|43003680.00|0.00|0.85|-0.85|2.32|2.34|2.36|2.32|18.42|2.34|22557418|53201764.00|1|0.0000|0.0000|0.0000|0|2.34
大有能源|600403|1.27|32147418|127942088.00|0.00|3.04|-1.52|4.00|3.95|4.07|3.89|32.15|3.95|36955250|148372320.00|1|0.0000|0.0000|0.0000|0|3.95
动力源|600405|0.41|10936475|53705928.00|0.20|1.02|-1.02|4.92|4.91|4.95|4.85|10.94|4.90|23681266|118094680.00|1|0.0000|0.0000|0.0000|0|4.90
国电南瑞|600406|-0.95|19401856|426989920.00|-0.18|0.50|-0.95|21.90|22.07|22.22|21.90|19.40|22.11|25037610|550543936.00|1|0.0000|0.0000|0.0000|0|22.11
安泰集团|600408|-1.10|18676800|33581852.00|0.00|1.10|-1.66|1.79|1.81|1.83|1.78|18.68|1.81|19513340|35395816.00|1|0.0000|0.0000|0.0000|0|1.81
三友化工|600409|-0.72|15532981|85395880.00|0.00|0.54|-1.09|5.48|5.52|5.55|5.46|15.53|5.52|16113800|88866208.00|1|0.0000|0.0000|0.0000|0|5.52
华胜天成|600410|0.00|30263537|248126720.00|0.00|0.98|-1.22|8.20|8.20|8.28|8.10|30.26|8.20|46584748|388296256.00|1|0.0000|0.0000|0.0000|0|8.20
小商品城|600415|-1.10|48662809|750128704.00|-0.19|0.45|-1.61|15.34|15.48|15.58|15.26|48.66|15.51|79886757|1239083008.00|1|0.0000|0.0000|0.0000|0|15.51
湘电股份|600416|-0.55|8115325|89056360.00|-0.36|0.82|-1.36|10.94|10.96|11.09|10.85|8.12|11.00|17564781|192256624.00|1|0.0000|0.0000|0.0000|0|11.00
江淮汽车|600418|-2.01|53028958|1882872704.00|-0.30|-0.03|-3.42|35.53|36.15|36.25|35.02|53.03|36.26|73575632|2654819072.00|1|0.0000|0.0000|0.0000|0|36.26
天润乳业|600419|0.10|3323199|32512598.00|0.00|0.82|-0.61|9.81|9.80|9.88|9.74|3.32|9.80|4602720|45188240.00|1|0.0000|0.0000|0.0000|0|9.80
国药现代|600420|-1.01|12918366|138831520.00|-0.28|0.00|-1.57|10.74|10.82|10.85|10.68|12.92|10.85|30330642|329678944.00|1|0.0000|0.0000|0.0000|0|10.85
*ST华嵘|600421|-7.13|11390821|76415784.00|-3.00|-1.85|-7.28|6.51|6.80|6.88|6.50|11.39|7.01|16477121|108259784.00|1|0.0000|0.0000|0.0000|0|7.01
昆药集团|600422|0.29|8161176|142584336.00|0.00|0.57|-1.37|17.56|17.51|17.61|17.27|8.16|17.51|17978278|315874560.00|1|0.0000|0.0000|0.0000|0|17.51
柳化股份|600423|-1.81|18473700|60268856.00|0.91|0.91|-2.42|3.25|3.34|3.34|3.23|18.47|3.31|26734610|87932224.00|1|0.0000|0.0000|0.0000|0|3.31
青松建化|600425|-0.50|16479500|65581968.00|0.00|0.75|-0.75|3.96|3.98|4.01|3.95|16.48|3.98|19435000|77315984.00|1|0.0000|0.0000|0.0000|0|3.98
华鲁恒升|600426|-0.40|18382947|414223456.00|0.18|0.35|-1.50|22.61|22.74|22.78|22.36|18.38|22.70|33539562|759024704.00|1|0.0000|0.0000|0.0000|0|22.70
中远海特|600428|0.00|25255058|170687520.00|0.15|1.34|-0.45|6.74|6.75|6.83|6.71|25.26|6.74|30549285|206016288.00|1|0.0000|0.0000|0.0000|0|6.74
三元股份|600429|-0.46|6017361|25850630.00|0.00|0.23|-0.93|4.29|4.31|4.32|4.27|6.02|4.31|7752600|33375760.00|1|0.0000|0.0000|0.0000|0|4.31
冠豪高新|600433|-0.29|10079809|34512388.00|0.00|0.58|-0.87|3.42|3.43|3.45|3.40|10.08|3.43|19278940|65728972.00|1|0.0000|0.0000|0.0000|0|3.43
北方导航|600435|-1.35|13806400|152066528.00|-0.27|0.09|-1.80|10.98|11.10|11.14|10.93|13.81|11.13|21218898|237299792.00|1|0.0000|0.0000|0.0000|0|11.13
片仔癀|600436|-0.42|1139909|231895024.00|-0.25|0.39|-0.58|203.15|203.50|204.80|202.81|1.14|204.00|2144751|436309376.00|1|0.0000|0.0000|0.0000|0|204.00
通威股份|600438|-1.51|25413274|482901184.00|-0.52|0.10|-1.62|18.89|19.08|19.20|18.87|25.41|19.18|29165985|558688448.00|1|0.0000|0.0000|0.0000|0|19.18
瑞贝卡|600439|1.40|29822001|108011168.00|-1.12|4.78|-1.12|3.61|3.52|3.73|3.52|29.82|3.56|20831540|74927912.00|1|0.0000|0.0000|0.0000|0|3.56
国机通用|600444|-1.76|2985900|47141096.00|-0.82|0.25|-2.32|15.67|15.82|15.99|15.58|2.99|15.95|6899960|110461240.00|1|0.0000|0.0000|0.0000|0|15.95
金证股份|600446|1.88|16232800|273796512.00|-0.12|3.69|-0.36|16.83|16.50|17.13|16.46|16.23|16.52|15816323|262976768.00|1|0.0000|0.0000|0.0000|0|16.52
华纺股份|600448|0.72|8568440|23895496.00|-0.72|1.44|-1.08|2.80|2.76|2.82|2.75|8.57|2.78|11879480|32972248.00|1|0.0000|0.0000|0.0000|0|2.78
宁夏建材|600449|0.27|4737500|69246232.00|-0.14|1.37|-0.62|14.59|14.53|14.75|14.46|4.74|14.55|7364200|107399112.00|1|0.0000|0.0000|0.0000|0|14.55
涪陵电力|600452|0.10|27693116|271633568.00|1.12|1.12|-0.82|9.80|9.90|9.90|9.71|27.69|9.79|27189412|263309920.00|1|0.0000|0.0000|0.0000|0|9.79
博通股份|600455|1.35|1925900|45853412.00|-0.04|1.65|-0.85|23.96|23.63|24.03|23.44|1.93|23.64|3633275|85464360.00|1|0.0000|0.0000|0.0000|0|23.64
宝钛股份|600456|-1.28|13052906|425653600.00|-0.06|0.49|-1.74|32.40|32.80|32.98|32.25|13.05|32.82|17414539|575738432.00|1|0.0000|0.0000|0.0000|0|32.82
时代新材|600458|-0.83|5833700|76662696.00|0.00|0.45|-1.59|13.10|13.21|13.27|13.00|5.83|13.21|6674106|88737296.00|1|0.0000|0.0000|0.0000|0|13.21
贵研铂业|600459|-1.07|6589122|91756088.00|0.07|0.21|-1.35|13.88|14.04|14.06|13.84|6.59|14.03|6391109|89650952.00|1|0.0000|0.0000|0.0000|0|14.03
士兰微|600460|-0.71|12532968|301008800.00|-0.12|0.33|-0.95|23.94|24.08|24.19|23.88|12.53|24.11|11052924|267107056.00|1|0.0000|0.0000|0.0000|0|24.11
洪城环境|600461|0.21|21276954|200052496.00|-0.32|0.64|-1.17|9.45|9.40|9.49|9.32|21.28|9.43|24605508|228874448.00|1|0.0000|0.0000|0.0000|0|9.43
空港股份|600463|-0.22|1850800|17203712.00|0.54|1.08|-0.86|9.26|9.33|9.38|9.20|1.85|9.28|1855600|17167850.00|1|0.0000|0.0000|0.0000|0|9.28
好当家|600467|-1.75|39985600|90649968.00|0.00|0.00|-1.75|2.25|2.29|2.29|2.25|39.99|2.29|46854100|107352064.00|1|0.0000|0.0000|0.0000|0|2.29
百利电气|600468|-1.00|76057082|374596512.00|-1.41|0.80|-3.01|4.93|4.91|5.02|4.83|76.06|4.98|108539494|527862880.00|1|0.0000|0.0000|0.0000|0|4.98
风神股份|600469|-1.01|5678182|33465572.00|0.68|0.68|-1.52|5.86|5.96|5.96|5.83|5.68|5.92|5490250|32576260.00|1|0.0000|0.0000|0.0000|0|5.92
六国化工|600470|-0.34|31712902|183386960.00|-0.34|0.86|-2.58|5.80|5.80|5.87|5.67|31.71|5.82|45621001|266940240.00|1|0.0000|0.0000|0.0000|0|5.82
华光环能|600475|-1.70|7274717|67831072.00|-0.42|0.32|-2.33|9.27|9.39|9.46|9.21|7.27|9.43|8762568|82934640.00|1|0.0000|0.0000|0.0000|0|9.43
湘邮科技|600476|0.58|2661401|41893084.00|-0.70|1.79|-0.70|15.70|15.50|15.89|15.50|2.66|15.61|2566201|40136848.00|1|0.0000|0.0000|0.0000|0|15.61
杭萧钢构|600477|-0.36|10977766|30287068.00|-0.36|0.72|-0.72|2.75|2.75|2.78|2.74|10.98|2.76|23418556|64667408.00|1|0.0000|0.0000|0.0000|0|2.76
科力远|600478|0.79|24568797|124828864.00|0.00|1.98|-0.79|5.08|5.04|5.14|5.00|24.57|5.04|29381465|148138864.00|1|0.0000|0.0000|0.0000|0|5.04
千金药业|600479|-0.48|4021840|41879628.00|0.10|0.19|-0.86|10.41|10.47|10.48|10.37|4.02|10.46|10062047|104815888.00|1|0.0000|0.0000|0.0000|0|10.46
凌云股份|600480|5.64|40880353|670714432.00|0.00|6.21|-1.13|16.85|15.95|16.94|15.77|40.88|15.95|39970146|650582144.00|1|0.0000|0.0000|0.0000|0|15.95
双良节能|600481|-0.19|13215200|70633880.00|0.00|0.93|-1.12|5.34|5.35|5.40|5.29|13.22|5.35|14404009|77390632.00|1|0.0000|0.0000|0.0000|0|5.35
中国动力|600482|-0.86|11302165|247793328.00|0.05|0.27|-1.36|21.92|22.12|22.17|21.81|11.30|22.11|15831682|351114976.00|1|0.0000|0.0000|0.0000|0|22.11
福能股份|600483|-0.96|12311561|114545064.00|0.11|0.11|-1.17|9.28|9.38|9.38|9.26|12.31|9.37|17670646|164352384.00|1|0.0000|0.0000|0.0000|0|9.37
扬农化工|600486|-0.47|1230680|65100056.00|0.02|0.51|-1.03|52.96|53.22|53.48|52.66|1.23|53.21|2156890|115016296.00|1|0.0000|0.0000|0.0000|0|53.21
亨通光电|600487|0.24|35659899|590329664.00|-0.18|1.52|-0.36|16.50|16.43|16.71|16.40|35.66|16.46|51841293|861035968.00|1|0.0000|0.0000|0.0000|0|16.46
津药药业|600488|-0.92|8425200|36411140.00|0.92|0.92|-1.38|4.30|4.38|4.38|4.28|8.43|4.34|16061620|69671504.00|1|0.0000|0.0000|0.0000|0|4.34
中金黄金|600489|-1.95|69499170|954895936.00|0.00|0.94|-2.45|13.60|13.87|14.00|13.53|69.50|13.87|102513765|1437068288.00|1|0.0000|0.0000|0.0000|0|13.87
鹏欣资源|600490|-0.54|43020400|157466144.00|-0.54|0.54|-1.36|3.66|3.66|3.70|3.63|43.02|3.68|51249087|190648384.00|1|0.0000|0.0000|0.0000|0|3.68
龙元建设|600491|1.58|11000100|42313624.00|0.26|2.37|-0.53|3.86|3.81|3.89|3.78|11.00|3.80|13461740|51262540.00|1|0.0000|0.0000|0.0000|0|3.80
凤竹纺织|600493|1.54|5572100|29307778.00|0.39|2.50|-0.77|5.27|5.21|5.32|5.15|5.57|5.19|8213872|42968868.00|1|0.0000|0.0000|0.0000|0|5.19
晋西车轴|600495|-1.01|11999000|47250196.00|0.51|0.51|-1.26|3.92|3.98|3.98|3.91|12.00|3.96|17149925|68268952.00|1|0.0000|0.0000|0.0000|0|3.96
精工钢构|600496|0.31|16164100|52597332.00|0.00|0.62|-0.92|3.26|3.25|3.27|3.22|16.16|3.25|28436100|92287832.00|1|0.0000|0.0000|0.0000|0|3.25
驰宏锌锗|600497|-0.18|43330723|237021024.00|0.18|0.55|-0.37|5.46|5.48|5.50|5.45|43.33|5.47|53811228|294446272.00|1|0.0000|0.0000|0.0000|0|5.47
烽火通信|600498|0.72|13365498|300827200.00|-0.31|1.30|-0.58|22.53|22.30|22.66|22.24|13.37|22.37|15279800|343652512.00|1|0.0000|0.0000|0.0000|0|22.37
科达制造|600499|0.34|25359290|221594432.00|-0.34|1.38|-0.80|8.73|8.67|8.82|8.63|25.36|8.70|31321583|270828448.00|1|0.0000|0.0000|0.0000|0|8.70
中化国际|600500|-1.79|18845623|72791696.00|-0.26|0.00|-2.30|3.85|3.91|3.92|3.83|18.85|3.92|45315287|174791600.00|1|0.0000|0.0000|0.0000|0|3.92
航天晨光|600501|0.27|11799302|215029840.00|-1.59|2.96|-2.03|18.28|17.94|18.77|17.86|11.80|18.23|14199200|260747536.00|1|0.0000|0.0000|0.0000|0|18.23
安徽建工|600502|-0.82|21441418|103370488.00|-0.62|0.41|-1.24|4.81|4.82|4.87|4.79|21.44|4.85|41292030|197507232.00|1|0.0000|0.0000|0.0000|0|4.85
华丽家族|600503|-0.80|17185900|42943204.00|0.00|0.40|-1.20|2.49|2.51|2.52|2.48|17.19|2.51|18551444|46915596.00|1|0.0000|0.0000|0.0000|0|2.51
西昌电力|600505|-3.46|21480101|248672832.00|-3.04|-0.51|-3.63|11.45|11.50|11.80|11.43|21.48|11.86|26243800|300969280.00|1|0.0000|0.0000|0.0000|0|11.86
统一股份|600506|2.99|27605632|596124928.00|1.16|9.54|0.19|21.38|21.00|22.74|20.80|27.61|20.76|16711029|337250720.00|1|0.0000|0.0000|0.0000|0|20.76
方大特钢|600507|0.95|17117509|72730080.00|0.24|1.18|-0.71|4.27|4.24|4.28|4.20|17.12|4.23|14224007|60127992.00|1|0.0000|0.0000|0.0000|0|4.23
上海能源|600508|0.25|2931767|35581700.00|-0.33|0.74|-0.50|12.14|12.07|12.20|12.05|2.93|12.11|4230013|51163348.00|1|0.0000|0.0000|0.0000|0|12.11
天富能源|600509|-1.35|22343000|147152256.00|-0.45|-0.15|-1.65|6.57|6.63|6.65|6.55|22.34|6.66|30135445|200098816.00|1|0.0000|0.0000|0.0000|0|6.66
黑牡丹|600510|-0.58|5715400|29285792.00|0.00|0.58|-0.97|5.11|5.14|5.17|5.09|5.72|5.14|6428600|33162188.00|1|0.0000|0.0000|0.0000|0|5.14
国药股份|600511|-0.69|3638700|109578720.00|-0.13|-0.03|-0.96|30.09|30.26|30.29|30.01|3.64|30.30|7081919|214948256.00|1|0.0000|0.0000|0.0000|0|30.30
腾达建设|600512|-0.43|11381300|26208196.00|0.43|0.43|-0.87|2.30|2.32|2.32|2.29|11.38|2.31|22408200|51702960.00|1|0.0000|0.0000|0.0000|0|2.31
联环药业|600513|-0.86|26458371|277380672.00|-0.10|0.86|-2.00|10.42|10.50|10.60|10.30|26.46|10.51|38673877|409953248.00|1|0.0000|0.0000|0.0000|0|10.51
海南机场|600515|0.00|37561272|135915248.00|0.00|1.39|-0.55|3.61|3.61|3.66|3.59|37.56|3.61|36549241|132107808.00|1|0.0000|0.0000|0.0000|0|3.61
方大炭素|600516|-0.40|9028966|45432148.00|-0.40|0.20|-0.99|5.03|5.03|5.06|5.00|9.03|5.05|17376717|87333152.00|1|0.0000|0.0000|0.0000|0|5.05
国网英大|600517|1.19|19024222|96210016.00|0.20|1.19|-0.60|5.09|5.04|5.09|5.00|19.02|5.03|21429999|108121760.00|1|0.0000|0.0000|0.0000|0|5.03
康美药业|600518|-0.94|87586302|185601408.00|0.00|0.00|-0.94|2.11|2.13|2.13|2.11|87.59|2.13|181685317|387258432.00|1|0.0000|0.0000|0.0000|0|2.13
贵州茅台|600519|-0.45|2167401|3371883008.00|0.13|0.76|-0.68|1549.02|1558.00|1567.80|1545.50|2.17|1556.02|1855644|2893740032.00|1|0.0000|0.0000|0.0000|0|1556.02
三佳科技|600520|-0.80|2448500|75742024.00|-0.23|0.39|-1.16|30.82|31.00|31.19|30.71|2.45|31.07|3418500|105668728.00|1|0.0000|0.0000|0.0000|0|31.07
华海药业|600521|-0.73|20086060|330583520.00|0.00|1.46|-1.09|16.36|16.48|16.72|16.30|20.09|16.48|39339939|642370112.00|1|0.0000|0.0000|0.0000|0|16.48
中天科技|600522|-0.76|41989401|607319936.00|-0.41|0.41|-0.90|14.41|14.46|14.58|14.39|41.99|14.52|48856299|712631872.00|1|0.0000|0.0000|0.0000|0|14.52
贵航股份|600523|-0.79|3370359|42671004.00|-0.39|0.79|-1.02|12.61|12.66|12.81|12.58|3.37|12.71|4493379|57289044.00|1|0.0000|0.0000|0.0000|0|12.71
ST长园|600525|-0.50|16880800|67432448.00|0.00|1.25|-1.00|3.97|3.99|4.04|3.95|16.88|3.99|21796900|87967768.00|1|0.0000|0.0000|0.0000|0|3.99
菲达环保|600526|-0.60|7650100|38304400.00|0.00|1.00|-1.20|4.99|5.02|5.07|4.96|7.65|5.02|10018800|50092612.00|1|0.0000|0.0000|0.0000|0|5.02
江南高纤|600527|-0.47|18226660|38810660.00|-0.47|0.00|-0.93|2.13|2.13|2.14|2.12|18.23|2.14|23648900|50501364.00|1|0.0000|0.0000|0.0000|0|2.14
中铁工业|600528|0.00|11739007|97107960.00|0.61|0.97|-0.36|8.26|8.31|8.34|8.23|11.74|8.26|21695310|179254608.00|1|0.0000|0.0000|0.0000|0|8.26
山东药玻|600529|-0.17|5998700|142153792.00|-0.17|0.38|-0.63|23.68|23.68|23.81|23.57|6.00|23.72|8758581|207479680.00|1|0.0000|0.0000|0.0000|0|23.72
交大昂立|600530|0.62|4946299|24273370.00|0.21|2.47|-0.82|4.88|4.86|4.97|4.81|4.95|4.85|6278200|30538058.00|1|0.0000|0.0000|0.0000|0|4.85
豫光金铅|600531|-0.41|18591018|135321200.00|-0.27|0.82|-0.82|7.26|7.27|7.35|7.23|18.59|7.29|22950560|167780240.00|1|0.0000|0.0000|0.0000|0|7.29
栖霞建设|600533|-1.36|18102035|39717516.00|-0.45|0.45|-1.81|2.18|2.20|2.22|2.17|18.10|2.21|36135714|79262304.00|1|0.0000|0.0000|0.0000|0|2.21
天士力|600535|-0.19|12295100|190447584.00|-0.32|0.71|-0.77|15.47|15.45|15.61|15.38|12.30|15.50|26284617|406422368.00|1|0.0000|0.0000|0.0000|0|15.50
中国软件|600536|0.75|7248825|312366720.00|0.07|1.14|-0.23|43.14|42.85|43.31|42.72|7.25|42.82|9337513|402092288.00|1|0.0000|0.0000|0.0000|0|42.82
亿晶光电|600537|0.63|84840630|274300256.00|0.00|3.44|-2.81|3.22|3.20|3.31|3.11|84.84|3.20|60810658|189391360.00|1|0.0000|0.0000|0.0000|0|3.20
国发股份|600538|-1.26|8588201|47434356.00|-0.90|1.26|-1.44|5.47|5.49|5.61|5.46|8.59|5.54|12110400|66882224.00|1|0.0000|0.0000|0.0000|0|5.54
狮头股份|600539|1.89|8087200|87730456.00|0.76|4.73|0.09|10.76|10.64|11.06|10.57|8.09|10.56|4969000|52921780.00|1|0.0000|0.0000|0.0000|0|10.56
新赛股份|600540|-0.77|4674700|18163032.00|-0.26|0.51|-1.03|3.87|3.89|3.92|3.86|4.67|3.90|6616400|25859844.00|1|0.0000|0.0000|0.0000|0|3.90
莫高股份|600543|0.00|2999600|14273362.00|0.00|1.05|-1.05|4.75|4.75|4.80|4.70|3.00|4.75|6884000|32553814.00|1|0.0000|0.0000|0.0000|0|4.75
卓郎智能|600545|-0.87|19795000|45374488.00|-0.43|0.87|-1.30|2.28|2.29|2.32|2.27|19.79|2.30|18957800|44016592.00|1|0.0000|0.0000|0.0000|0|2.30
山煤国际|600546|0.00|9447404|103251656.00|-0.37|0.46|-0.64|10.94|10.90|10.99|10.87|9.45|10.94|14102068|153627008.00|1|0.0000|0.0000|0.0000|0|10.94
山东黄金|600547|-2.41|26875992|703920320.00|-0.60|0.45|-2.67|25.92|26.40|26.68|25.85|26.88|26.56|50997828|1367588480.00|1|0.0000|0.0000|0.0000|0|26.56
深高速|600548|-1.69|5366000|59761564.00|-0.09|0.53|-1.86|11.08|11.26|11.33|11.06|5.37|11.27|4957701|55629564.00|1|0.0000|0.0000|0.0000|0|11.27
厦门钨业|600549|-0.41|8609050|168687824.00|-0.05|0.36|-0.61|19.55|19.62|19.70|19.51|8.61|19.63|14298184|279292672.00|1|0.0000|0.0000|0.0000|0|19.63
保变电气|600550|-3.52|77955557|687857024.00|-1.76|-1.10|-4.18|8.77|8.93|8.99|8.71|77.96|9.09|124036901|1115210624.00|1|0.0000|0.0000|0.0000|0|9.09
时代出版|600551|-0.48|3549510|29737914.00|0.12|1.07|-1.19|8.36|8.41|8.49|8.30|3.55|8.40|4686800|39333208.00|1|0.0000|0.0000|0.0000|0|8.40
凯盛科技|600552|-0.76|16322200|192756224.00|-0.17|0.59|-1.43|11.78|11.85|11.94|11.70|16.32|11.87|18540748|221392624.00|1|0.0000|0.0000|0.0000|0|11.87
天下秀|600556|0.20|23658600|119341192.00|-0.60|0.99|-0.80|5.04|5.00|5.08|4.99|23.66|5.03|30365700|153035728.00|1|0.0000|0.0000|0.0000|0|5.03
康缘药业|600557|-0.88|6975198|102243656.00|0.00|0.61|-1.16|14.57|14.70|14.79|14.53|6.98|14.70|15694144|228929968.00|1|0.0000|0.0000|0.0000|0|14.70
大西洋|600558|-1.59|51870868|256876592.00|-1.59|-0.20|-2.58|4.95|4.95|5.02|4.90|51.87|5.03|78928075|391030464.00|1|0.0000|0.0000|0.0000|0|5.03
老白干酒|600559|-0.38|8740400|161686352.00|-0.05|0.43|-0.54|18.47|18.53|18.62|18.44|8.74|18.54|9783136|181191072.00|1|0.0000|0.0000|0.0000|0|18.54
金自天正|600560|0.75|3863700|62599300.00|0.69|1.74|-0.50|16.17|16.16|16.33|15.97|3.86|16.05|4508300|72360080.00|1|0.0000|0.0000|0.0000|0|16.05
江西长运|600561|-0.35|2832800|16190647.00|0.00|1.75|-0.88|5.69|5.71|5.81|5.66|2.83|5.71|4568400|26208236.00|1|0.0000|0.0000|0.0000|0|5.71
国睿科技|600562|-0.29|4176450|85621408.00|-0.05|0.92|-1.12|20.51|20.56|20.76|20.34|4.18|20.57|4324617|89449400.00|1|0.0000|0.0000|0.0000|0|20.57
法拉电子|600563|-0.41|1949944|212041920.00|-0.30|0.36|-1.22|108.78|108.90|109.62|107.90|1.95|109.23|2103433|230185504.00|1|0.0000|0.0000|0.0000|0|109.23
济川药业|600566|-1.09|5281660|148762944.00|0.07|0.56|-1.20|28.02|28.35|28.49|27.99|5.28|28.33|11416620|324368448.00|1|0.0000|0.0000|0.0000|0|28.33
山鹰国际|600567|0.56|89329706|160674000.00|0.00|1.68|-0.56|1.80|1.79|1.82|1.78|89.33|1.79|118953550|213216032.00|1|0.0000|0.0000|0.0000|0|1.79
ST中珠|600568|1.48|11848300|16173727.00|0.00|2.96|-1.48|1.37|1.35|1.39|1.33|11.85|1.35|16224850|21922070.00|1|0.0000|0.0000|0.0000|0|1.35
安阳钢铁|600569|0.00|7433400|13535891.00|0.00|0.55|-0.55|1.82|1.82|1.83|1.81|7.43|1.82|11840700|21657672.00|1|0.0000|0.0000|0.0000|0|1.82
恒生电子|600570|0.87|18401145|511499904.00|-0.22|1.67|-0.40|27.85|27.55|28.07|27.50|18.40|27.61|28604233|796039680.00|1|0.0000|0.0000|0.0000|0|27.61
信雅达|600571|10.01|99734799|1797596160.00|-0.48|10.01|-0.48|18.24|16.50|18.24|16.50|99.73|16.58|132834724|2183119872.00|1|0.0000|0.0000|0.0000|0|16.58
康恩贝|600572|-0.22|19804600|91046904.00|0.65|0.87|-0.65|4.59|4.63|4.64|4.57|19.80|4.60|41721176|191494640.00|1|0.0000|0.0000|0.0000|0|4.60
惠泉啤酒|600573|0.26|2656111|30286278.00|-0.26|0.79|-0.44|11.41|11.35|11.47|11.33|2.66|11.38|4442303|50346800.00|1|0.0000|0.0000|0.0000|0|11.38
淮河能源|600575|2.09|64176725|218662720.00|0.90|2.99|0.30|3.42|3.38|3.45|3.36|64.18|3.35|47635026|160935344.00|1|0.0000|0.0000|0.0000|0|3.35
祥源文旅|600576|-0.11|9797737|89505136.00|-1.42|0.87|-2.51|9.17|9.05|9.26|8.95|9.80|9.18|13505395|123691360.00|1|0.0000|0.0000|0.0000|0|9.18
精达股份|600577|-0.40|70295982|521753792.00|-0.40|1.48|-1.35|7.39|7.39|7.53|7.32|70.30|7.42|117724260|871178624.00|1|0.0000|0.0000|0.0000|0|7.42
京能电力|600578|-2.16|33252296|121641848.00|0.00|0.27|-2.43|3.63|3.71|3.72|3.62|33.25|3.71|47315226|173633120.00|1|0.0000|0.0000|0.0000|0|3.71
中化装备|600579|-2.05|15818500|121462256.00|-0.90|0.39|-2.31|7.63|7.72|7.82|7.61|15.82|7.79|24439774|189081440.00|1|0.0000|0.0000|0.0000|0|7.79
卧龙电驱|600580|1.16|90068639|2356390144.00|0.74|2.83|-0.58|26.07|25.96|26.50|25.62|90.07|25.77|120445030|3126002176.00|1|0.0000|0.0000|0.0000|0|25.77
八一钢铁|600581|-0.30|19590010|65313876.00|-0.30|1.80|-1.50|3.33|3.33|3.40|3.29|19.59|3.34|34427255|115256088.00|1|0.0000|0.0000|0.0000|0|3.34
天地科技|600582|-0.47|31662669|203109552.00|-0.31|0.16|-0.78|6.41|6.42|6.45|6.39|31.66|6.44|27246623|175413696.00|1|0.0000|0.0000|0.0000|0|6.44
海油工程|600583|-0.35|48832998|277249600.00|-0.35|0.53|-1.05|5.68|5.68|5.73|5.64|48.83|5.70|58076503|334238592.00|1|0.0000|0.0000|0.0000|0|5.70
长电科技|600584|0.66|15112534|531221248.00|0.03|0.91|-0.20|35.23|35.01|35.32|34.93|15.11|35.00|17271525|605260160.00|1|0.0000|0.0000|0.0000|0|35.00
海螺水泥|600585|-0.54|11079428|267634512.00|0.00|0.58|-0.54|24.07|24.20|24.34|24.07|11.08|24.20|14322897|347829248.00|1|0.0000|0.0000|0.0000|0|24.20
金晶科技|600586|-2.12|24046862|122606272.00|-0.39|0.39|-2.51|5.07|5.16|5.20|5.05|24.05|5.18|12426100|64236840.00|1|0.0000|0.0000|0.0000|0|5.18
新华医疗|600587|0.43|8826149|145060480.00|0.00|0.85|-0.98|16.48|16.41|16.55|16.25|8.83|16.41|12739549|209094704.00|1|0.0000|0.0000|0.0000|0|16.41
用友网络|600588|0.81|37198111|556962880.00|1.01|1.75|-0.47|14.99|15.02|15.13|14.80|37.20|14.87|45293865|678769472.00|1|0.0000|0.0000|0.0000|0|14.87
大位科技|600589|0.42|212147900|1562758528.00|0.55|4.99|-0.28|7.25|7.26|7.58|7.20|212.15|7.22|313598700|2341704448.00|1|0.0000|0.0000|0.0000|0|7.22
泰豪科技|600590|-4.60|71324483|689814080.00|-1.60|-0.70|-5.59|9.55|9.85|9.94|9.45|71.32|10.01|97531960|997511552.00|0|0.0000|0.0000|0.0000|0|10.01
龙溪股份|600592|1.15|42029600|788169024.00|-0.22|6.82|-1.54|18.40|18.15|19.43|17.91|42.03|18.19|45735110|839028352.00|1|0.0000|0.0000|0.0000|0|18.19
大连圣亚|600593|-1.73|12964720|409495488.00|2.49|2.65|-2.21|31.16|32.50|32.55|31.01|12.96|31.71|16361926|531754656.00|1|0.0000|0.0000|0.0000|0|31.71
益佰制药|600594|-1.11|11296000|40318620.00|0.28|0.84|-1.67|3.55|3.60|3.62|3.53|11.30|3.59|20917500|75001416.00|1|0.0000|0.0000|0.0000|0|3.59
中孚实业|600595|-1.23|31758238|128296528.00|-0.98|0.98|-1.97|4.02|4.03|4.11|3.99|31.76|4.07|35090339|143439888.00|1|0.0000|0.0000|0.0000|0|4.07
新安股份|600596|-0.71|6229030|52179296.00|-0.24|0.36|-0.95|8.36|8.40|8.45|8.34|6.23|8.42|9779953|82218632.00|1|0.0000|0.0000|0.0000|0|8.42
光明乳业|600597|-0.36|7125200|59559192.00|0.24|0.36|-0.72|8.36|8.41|8.42|8.33|7.13|8.39|8457534|70866216.00|1|0.0000|0.0000|0.0000|0|8.39
北大荒|600598|0.14|9184991|127574496.00|-0.07|0.29|-0.50|13.93|13.90|13.95|13.84|9.18|13.91|11322600|157224544.00|1|0.0000|0.0000|0.0000|0|13.91
*ST熊猫|600599|1.32|837000|8332378.00|-0.41|2.44|-0.41|9.98|9.81|10.09|9.81|0.84|9.85|976003|9603174.00|1|0.0000|0.0000|0.0000|0|9.85
青岛啤酒|600600|0.01|3487088|274018784.00|0.22|0.83|-0.51|78.51|78.67|79.15|78.10|3.49|78.50|7621879|596967936.00|1|0.0000|0.0000|0.0000|0|78.50
方正科技|600601|-0.41|50104106|243697680.00|0.21|1.03|-0.62|4.84|4.87|4.91|4.83|50.10|4.86|79099464|382657792.00|1|0.0000|0.0000|0.0000|0|4.86
云赛智联|600602|-0.60|40194045|933527360.00|-0.47|2.29|-1.12|23.02|23.05|23.69|22.90|40.19|23.16|69047831|1619187328.00|1|0.0000|0.0000|0.0000|0|23.16
广汇物流|600603|0.69|4461100|32859116.00|0.00|3.45|0.00|7.30|7.25|7.50|7.25|4.46|7.25|2589800|18805256.00|1|0.0000|0.0000|0.0000|0|7.25
市北高新|600604|0.00|6482001|30466266.00|0.00|0.85|-0.43|4.69|4.69|4.73|4.67|6.48|4.69|7640000|36051156.00|1|0.0000|0.0000|0.0000|0|4.69
汇通能源|600605|0.11|1440800|51330328.00|1.41|1.98|-0.42|35.39|35.85|36.05|35.20|1.44|35.35|1754900|62499312.00|1|0.0000|0.0000|0.0000|0|35.35
绿地控股|600606|-1.10|26786848|48472276.00|0.00|0.55|-1.10|1.80|1.82|1.83|1.80|26.79|1.82|48211170|87786960.00|1|0.0000|0.0000|0.0000|0|1.82
*ST沪科|600608|0.31|2748110|9087558.00|0.00|3.67|-0.92|3.28|3.27|3.39|3.24|2.75|3.27|1729594|5620429.50|1|0.0000|0.0000|0.0000|0|3.27
金杯汽车|600609|1.16|14444950|88035632.00|0.66|1.32|-0.66|6.12|6.09|6.13|6.01|14.44|6.05|15664328|95519168.00|1|0.0000|0.0000|0.0000|0|6.05
中毅达|600610|2.12|153363776|1299837312.00|-3.53|7.18|-6.47|8.68|8.20|9.11|7.95|153.36|8.50|183747694|1610244224.00|1|0.0000|0.0000|0.0000|0|8.50
大众交通|600611|-0.79|19117312|121284984.00|0.47|0.79|-0.79|6.30|6.38|6.40|6.30|19.12|6.35|18719777|119144360.00|1|0.0000|0.0000|0.0000|0|6.35
老凤祥|600612|1.20|2112742|108858248.00|0.04|3.02|-1.12|51.59|51.00|52.52|50.41|2.11|50.98|1428405|72859456.00|1|0.0000|0.0000|0.0000|0|50.98
神奇制药|600613|-0.92|6030600|38989536.00|0.00|0.31|-1.38|6.45|6.51|6.53|6.42|6.03|6.51|16184600|105190376.00|1|0.0000|0.0000|0.0000|0|6.51
鑫源智造|600615|-0.73|2208605|27384494.00|0.00|1.05|-0.89|12.32|12.41|12.54|12.30|2.21|12.41|2574700|31941644.00|1|0.0000|0.0000|0.0000|0|12.41
金枫酒业|600616|1.85|20617696|113870520.00|-0.37|4.24|-0.37|5.52|5.40|5.65|5.40|20.62|5.42|16489389|89241416.00|1|0.0000|0.0000|0.0000|0|5.42
国新能源|600617|-1.20|8802020|21951326.00|0.00|0.40|-1.20|2.48|2.51|2.52|2.48|8.80|2.51|11271654|28193614.00|1|0.0000|0.0000|0.0000|0|2.51
氯碱化工|600618|-0.80|6618805|65755188.00|0.00|0.40|-1.60|9.91|9.99|10.03|9.83|6.62|9.99|8476800|84658792.00|1|0.0000|0.0000|0.0000|0|9.99
海立股份|600619|-3.91|77719054|1074476160.00|-2.10|-1.19|-4.96|13.75|14.01|14.14|13.60|77.72|14.31|122310643|1724584448.00|1|0.0000|0.0000|0.0000|0|14.31
天宸股份|600620|-0.20|4246900|21571296.00|0.00|0.59|-1.37|5.09|5.10|5.13|5.03|4.25|5.10|5323662|27353072.00|1|0.0000|0.0000|0.0000|0|5.10
华鑫股份|600621|0.35|7661403|108886664.00|0.00|0.85|-0.28|14.21|14.16|14.28|14.12|7.66|14.16|11544685|163813312.00|1|0.0000|0.0000|0.0000|0|14.16
光大嘉宝|600622|-0.35|28511093|82134936.00|-0.69|1.39|-0.69|2.87|2.86|2.92|2.86|28.51|2.88|30640099|88873256.00|1|0.0000|0.0000|0.0000|0|2.88
华谊集团|600623|-0.81|9914121|72831120.00|-0.14|0.41|-1.08|7.33|7.38|7.42|7.31|9.91|7.39|17793685|130307368.00|1|0.0000|0.0000|0.0000|0|7.39
ST复华|600624|-1.50|13627647|98855496.00|-0.96|0.68|-1.64|7.21|7.25|7.37|7.20|13.63|7.32|17952071|132135184.00|1|0.0000|0.0000|0.0000|0|7.32
申达股份|600626|0.54|6669320|24663736.00|-0.27|1.36|-0.54|3.70|3.67|3.73|3.66|6.67|3.68|9294500|34505844.00|1|0.0000|0.0000|0.0000|0|3.68
新世界|600628|-0.67|5012209|36986660.00|-0.40|0.00|-0.94|7.37|7.39|7.42|7.35|5.01|7.42|7462800|55400272.00|1|0.0000|0.0000|0.0000|0|7.42
华建集团|600629|1.78|14723457|118193856.00|0.00|3.43|-0.38|8.02|7.88|8.15|7.85|14.72|7.88|10080829|79667224.00|1|0.0000|0.0000|0.0000|0|7.88
龙头股份|600630|-0.34|6548300|57479232.00|0.00|0.68|-0.80|8.75|8.78|8.84|8.71|6.55|8.78|8993465|79009040.00|1|0.0000|0.0000|0.0000|0|8.78
浙数文化|600633|0.30|23093227|311801856.00|-0.89|1.64|-0.89|13.46|13.30|13.64|13.30|23.09|13.42|34876874|472148192.00|1|0.0000|0.0000|0.0000|0|13.42
大众公用|600635|-0.26|15079108|57112532.00|0.00|0.53|-0.53|3.78|3.79|3.81|3.77|15.08|3.79|19357743|73632992.00|1|0.0000|0.0000|0.0000|0|3.79
*ST国化|600636|-0.43|3846040|26644750.00|0.00|0.72|-0.87|6.90|6.93|6.98|6.87|3.85|6.93|4998673|34711920.00|1|0.0000|0.0000|0.0000|0|6.93
东方明珠|600637|0.65|11740661|90936936.00|-0.13|0.91|-0.26|7.75|7.69|7.77|7.68|11.74|7.70|16219287|125056560.00|1|0.0000|0.0000|0.0000|0|7.70
新黄浦|600638|-0.39|2945947|14908963.00|0.00|0.39|-0.98|5.06|5.08|5.10|5.03|2.95|5.08|4292480|21793894.00|1|0.0000|0.0000|0.0000|0|5.08
浦东金桥|600639|-0.62|4123800|46409380.00|-0.18|0.27|-0.80|11.21|11.26|11.31|11.19|4.12|11.28|5282707|59301300.00|1|0.0000|0.0000|0.0000|0|11.28
国脉文化|600640|1.09|4580423|55403612.00|-0.42|2.69|-0.42|12.04|11.86|12.23|11.86|4.58|11.91|4065620|48634324.00|1|0.0000|0.0000|0.0000|0|11.91
先导基电|600641|-0.46|9181700|138554144.00|0.66|1.19|-0.73|15.05|15.22|15.30|15.01|9.18|15.12|17953600|272053920.00|1|0.0000|0.0000|0.0000|0|15.12
申能股份|600642|-0.65|20796001|190060912.00|-0.11|0.00|-1.30|9.15|9.20|9.21|9.09|20.80|9.21|38337415|349096896.00|1|0.0000|0.0000|0.0000|0|9.21
爱建集团|600643|1.02|11097943|54715340.00|-0.20|1.43|-0.41|4.95|4.89|4.97|4.88|11.10|4.90|15884217|78203888.00|1|0.0000|0.0000|0.0000|0|4.90
乐山电力|600644|-2.42|18021508|123717448.00|-0.71|-0.71|-3.27|6.86|6.98|6.98|6.80|18.02|7.03|26518601|183866816.00|1|0.0000|0.0000|0.0000|0|7.03
中源协和|600645|-1.19|15354123|370260352.00|-1.48|0.86|-2.05|24.10|24.03|24.60|23.89|15.35|24.39|31483872|774651584.00|1|0.0000|0.0000|0.0000|0|24.39
外高桥|600648|1.52|5707087|68422112.00|-0.51|2.79|-1.18|12.02|11.78|12.17|11.70|5.71|11.84|5946102|70527288.00|1|0.0000|0.0000|0.0000|0|11.84
城投控股|600649|0.92|18198210|79732640.00|-0.23|1.15|-0.69|4.40|4.35|4.41|4.33|18.20|4.36|42044854|182997856.00|1|0.0000|0.0000|0.0000|0|4.36
锦江在线|600650|0.29|2770400|38437752.00|-0.14|0.87|-0.72|13.90|13.84|13.98|13.76|2.77|13.86|3884418|54083280.00|1|0.0000|0.0000|0.0000|0|13.86
飞乐音响|600651|0.24|9161164|38399848.00|-0.24|0.48|-0.72|4.20|4.18|4.21|4.16|9.16|4.19|10334900|43464216.00|1|0.0000|0.0000|0.0000|0|4.19
申华控股|600653|-0.50|19687172|39628248.00|0.00|1.00|-1.00|2.00|2.01|2.03|1.99|19.69|2.01|30419397|61508872.00|1|0.0000|0.0000|0.0000|0|2.01
中安科|600654|-0.93|16551366|52930052.00|0.00|0.62|-1.25|3.18|3.21|3.23|3.17|16.55|3.21|19495820|62935604.00|1|0.0000|0.0000|0.0000|0|3.21
豫园股份|600655|0.18|9027947|50941916.00|0.00|0.89|-0.18|5.63|5.62|5.67|5.61|9.03|5.62|10173127|57300320.00|1|0.0000|0.0000|0.0000|0|5.62
信达地产|600657|0.95|8164500|34501400.00|-0.24|1.43|-0.71|4.24|4.19|4.26|4.17|8.16|4.20|7884500|33177148.00|1|0.0000|0.0000|0.0000|0|4.20
电子城|600658|-0.73|5040420|20728286.00|0.00|0.24|-0.97|4.10|4.13|4.14|4.09|5.04|4.13|4488383|18560474.00|1|0.0000|0.0000|0.0000|0|4.13
福耀玻璃|600660|-0.95|13183901|753306816.00|-0.40|-0.02|-2.40|57.35|57.67|57.89|56.51|13.18|57.90|12976871|754685312.00|1|0.0000|0.0000|0.0000|0|57.90
昂立教育|600661|-0.29|2786801|28663448.00|0.10|0.68|-0.49|10.23|10.27|10.33|10.21|2.79|10.26|3746701|38560320.00|1|0.0000|0.0000|0.0000|0|10.26
外服控股|600662|0.00|7652172|41437316.00|-0.37|0.74|-0.74|5.42|5.40|5.46|5.38|7.65|5.42|9111875|49540568.00|1|0.0000|0.0000|0.0000|0|5.42
陆家嘴|600663|0.23|5561225|49237504.00|-0.68|0.45|-0.68|8.88|8.80|8.90|8.80|5.56|8.86|9880329|87116168.00|1|0.0000|0.0000|0.0000|0|8.86
哈药股份|600664|-1.85|57270278|213994144.00|-0.26|-0.26|-2.11|3.72|3.78|3.78|3.71|57.27|3.79|103228873|390484320.00|1|0.0000|0.0000|0.0000|0|3.79
天地源|600665|-1.04|6746118|19290424.00|0.35|0.35|-1.39|2.85|2.89|2.89|2.84|6.75|2.88|8817200|25346020.00|1|0.0000|0.0000|0.0000|0|2.88
奥瑞德|600666|-0.35|45098720|128913624.00|-0.70|1.40|-1.05|2.84|2.83|2.89|2.82|45.10|2.85|56052500|159739792.00|1|0.0000|0.0000|0.0000|0|2.85
太极实业|600667|0.00|10372920|71333392.00|0.00|1.02|-0.29|6.86|6.86|6.93|6.84|10.37|6.86|15959122|109695952.00|1|0.0000|0.0000|0.0000|0|6.86
尖峰集团|600668|-0.92|5671601|61537112.00|0.00|0.82|-1.28|10.81|10.91|11.00|10.77|5.67|10.91|9965706|108663848.00|1|0.0000|0.0000|0.0000|0|10.91
天目药业|600671|-0.80|1834500|20576344.00|0.00|0.62|-1.68|11.21|11.30|11.37|11.11|1.83|11.30|3090600|35121012.00|1|0.0000|0.0000|0.0000|0|11.30
东阳光|600673|1.21|14371409|144424144.00|-0.10|1.91|-0.50|10.07|9.94|10.14|9.90|14.37|9.95|16777854|167294544.00|1|0.0000|0.0000|0.0000|0|9.95
川投能源|600674|0.06|15988605|258688096.00|0.00|0.56|-0.80|16.21|16.20|16.29|16.07|15.99|16.20|21849697|353267072.00|1|0.0000|0.0000|0.0000|0|16.20
中华企业|600675|-0.37|9818308|26514052.00|-0.37|0.00|-0.74|2.70|2.70|2.71|2.69|9.82|2.71|19439808|52788328.00|1|0.0000|0.0000|0.0000|0|2.71
交运股份|600676|-0.74|8541600|34383148.00|0.00|0.00|-1.97|4.04|4.07|4.07|3.99|8.54|4.07|10264700|41926340.00|1|0.0000|0.0000|0.0000|0|4.07
四川金顶|600678|-0.28|7172286|51005656.00|-0.14|0.98|-0.56|7.09|7.10|7.18|7.07|7.17|7.11|10282000|73533224.00|1|0.0000|0.0000|0.0000|0|7.11
上海凤凰|600679|-0.95|5080250|63820324.00|0.08|0.24|-1.27|12.52|12.65|12.67|12.48|5.08|12.64|5907350|75184376.00|1|0.0000|0.0000|0.0000|0|12.64
百川能源|600681|-1.17|6550200|22247654.00|-0.29|0.00|-1.46|3.39|3.42|3.43|3.38|6.55|3.43|11968336|40735428.00|1|0.0000|0.0000|0.0000|0|3.43
南京新百|600682|-0.15|7090572|45848836.00|-0.62|0.46|-1.23|6.47|6.44|6.51|6.40|7.09|6.48|18104931|117549176.00|1|0.0000|0.0000|0.0000|0|6.48
京投发展|600683|-1.32|7048028|26304508.00|0.00|0.00|-2.12|3.73|3.78|3.78|3.70|7.05|3.78|11713071|44273100.00|1|0.0000|0.0000|0.0000|0|3.78
珠江股份|600684|-0.29|8124340|28040892.00|0.00|0.87|-0.87|3.44|3.45|3.48|3.42|8.12|3.45|10314470|35645444.00|1|0.0000|0.0000|0.0000|0|3.45
中船防务|600685|-1.28|6742866|156663376.00|0.21|0.38|-1.41|23.16|23.51|23.55|23.13|6.74|23.46|8908520|208092336.00|1|0.0000|0.0000|0.0000|0|23.46
金龙汽车|600686|-1.50|18691100|257741984.00|-0.71|-0.21|-2.64|13.81|13.92|13.99|13.65|18.69|14.02|27925809|391416704.00|1|0.0000|0.0000|0.0000|0|14.02
上海石化|600688|-0.30|21822021|73571368.00|0.00|0.59|-0.89|3.37|3.38|3.40|3.35|21.82|3.38|36535237|122554416.00|1|0.0000|0.0000|0.0000|0|3.38
上海三毛|600689|1.57|5396941|62541936.00|0.44|3.15|-1.05|11.61|11.48|11.79|11.31|5.40|11.43|5686589|64707428.00|1|0.0000|0.0000|0.0000|0|11.43
海尔智家|600690|0.26|24772521|670403584.00|0.11|1.00|-0.11|27.02|26.98|27.22|26.92|24.77|26.95|49429187|1336662016.00|1|0.0000|0.0000|0.0000|0|26.95
潞化科技|600691|-0.95|14428416|30087774.00|0.48|0.48|-1.43|2.08|2.11|2.11|2.07|14.43|2.10|17351201|36612224.00|1|0.0000|0.0000|0.0000|0|2.10
亚通股份|600692|-0.63|7618561|61019988.00|-0.13|3.27|-0.76|7.89|7.93|8.20|7.88|7.62|7.94|7758500|61962232.00|1|0.0000|0.0000|0.0000|0|7.94
东百集团|600693|-1.33|30872600|184170048.00|-1.00|0.83|-1.67|5.92|5.94|6.05|5.90|30.87|6.00|40809600|246334496.00|1|0.0000|0.0000|0.0000|0|6.00
大商股份|600694|0.90|1859926|45793828.00|-0.70|1.64|-0.70|24.64|24.25|24.82|24.25|1.86|24.42|3261843|79758272.00|1|0.0000|0.0000|0.0000|0|24.42
*ST岩石|600696|-2.99|13084502|119625928.00|0.96|0.96|-4.71|9.07|9.44|9.44|8.91|13.08|9.35|18764441|172993376.00|1|0.0000|0.0000|0.0000|0|9.35
欧亚集团|600697|0.45|1524500|16888192.00|0.00|1.00|-0.45|11.08|11.03|11.14|10.98|1.52|11.03|2954299|32637324.00|1|0.0000|0.0000|0.0000|0|11.03
湖南天雁|600698|-5.73|37776300|234387136.00|-0.15|-0.15|-6.50|6.09|6.45|6.45|6.04|37.78|6.46|32309800|209074000.00|1|0.0000|0.0000|0.0000|0|6.46
均胜电子|600699|0.91|13645249|242855632.00|0.00|1.47|-0.62|17.83|17.67|17.93|17.56|13.65|17.67|21701344|384843584.00|1|0.0000|0.0000|0.0000|0|17.67
舍得酒业|600702|0.72|5141020|287201664.00|-0.59|1.92|-0.68|56.08|55.35|56.75|55.30|5.14|55.68|6790397|378114304.00|1|0.0000|0.0000|0.0000|0|55.68
三安光电|600703|-0.17|14718719|176415264.00|-0.42|0.42|-0.42|11.97|11.94|12.04|11.94|14.72|11.99|21192647|253513648.00|1|0.0000|0.0000|0.0000|0|11.99
物产中大|600704|-0.39|32864111|169432736.00|-0.19|0.58|-0.77|5.15|5.16|5.20|5.13|32.86|5.17|63969314|329245568.00|1|0.0000|0.0000|0.0000|0|5.17
曲江文旅|600706|-0.30|6209800|62920568.00|-0.10|1.09|-0.99|10.10|10.12|10.24|10.03|6.21|10.13|6821060|69024408.00|1|0.0000|0.0000|0.0000|0|10.13
彩虹股份|600707|0.53|19773200|150552896.00|0.00|2.51|-0.66|7.60|7.56|7.75|7.51|19.77|7.56|24381236|187068944.00|1|0.0000|0.0000|0.0000|0|7.56
光明地产|600708|0.31|15367433|50059444.00|-0.31|1.85|-0.92|3.26|3.24|3.31|3.22|15.37|3.25|19033046|61668408.00|1|0.0000|0.0000|0.0000|0|3.25
苏美达|600710|0.90|13274930|134127160.00|-0.20|1.20|-1.00|10.12|10.01|10.15|9.93|13.27|10.03|22469100|227197824.00|1|0.0000|0.0000|0.0000|0|10.03
盛屯矿业|600711|3.20|80390195|466239168.00|0.36|4.80|0.18|5.81|5.65|5.90|5.64|80.39|5.63|45285204|255683328.00|1|0.0000|0.0000|0.0000|0|5.63
南宁百货|600712|-1.15|9704800|50404848.00|0.38|0.76|-1.53|5.17|5.25|5.27|5.15|9.70|5.23|13060600|68771008.00|1|0.0000|0.0000|0.0000|0|5.23
南京医药|600713|-0.39|10797131|54972028.00|-0.39|0.00|-0.98|5.10|5.10|5.12|5.07|10.80|5.12|20126479|102667664.00|1|0.0000|0.0000|0.0000|0|5.12
金瑞矿业|600714|1.01|7150482|78414000.00|-0.09|1.93|-1.56|11.00|10.88|11.10|10.72|7.15|10.89|9764496|107168448.00|1|0.0000|0.0000|0.0000|0|10.89
文投控股|600715|-0.47|9602900|20369444.00|0.00|0.47|-0.94|2.12|2.13|2.14|2.11|9.60|2.13|12747600|27204348.00|1|0.0000|0.0000|0.0000|0|2.13
凤凰股份|600716|0.92|10581900|35123480.00|-0.31|3.68|-0.92|3.29|3.25|3.38|3.23|10.58|3.26|9182500|29967216.00|1|0.0000|0.0000|0.0000|0|3.26
天津港|600717|-0.84|10702116|50649976.00|0.00|0.21|-1.05|4.72|4.76|4.77|4.71|10.70|4.76|12643065|60090644.00|1|0.0000|0.0000|0.0000|0|4.76
东软集团|600718|1.51|23013400|262796368.00|-0.35|2.22|-0.35|11.45|11.24|11.53|11.24|23.01|11.28|26986755|307216544.00|1|0.0000|0.0000|0.0000|0|11.28
大连热电|600719|-1.91|12664100|84852848.00|-0.59|-0.29|-2.20|6.69|6.78|6.80|6.67|12.66|6.82|20332900|137318416.00|1|0.0000|0.0000|0.0000|0|6.82
中交设计|600720|-0.82|4669484|39863548.00|0.12|0.35|-0.93|8.50|8.58|8.60|8.49|4.67|8.57|5807459|49733360.00|1|0.0000|0.0000|0.0000|0|8.57
百花医药|600721|-6.28|78002156|575231808.00|-5.26|-4.10|-7.56|7.31|7.39|7.48|7.21|78.00|7.80|113743107|869221440.00|1|0.0000|0.0000|0.0000|0|7.80
金牛化工|600722|-1.69|15573901|81508704.00|-0.38|0.19|-2.64|5.22|5.29|5.32|5.17|15.57|5.31|27066601|144896432.00|1|0.0000|0.0000|0.0000|0|5.31
宁波富达|600724|-0.21|3634500|17270432.00|0.00|0.21|-0.63|4.75|4.76|4.77|4.73|3.63|4.76|6134000|29183848.00|1|0.0000|0.0000|0.0000|0|4.76
云维股份|600725|-2.43|19238405|62177320.00|-0.91|-0.61|-2.43|3.21|3.26|3.27|3.21|19.24|3.29|27604634|89380600.00|1|0.0000|0.0000|0.0000|0|3.29
华电能源|600726|-1.72|22432500|51298100.00|0.00|0.43|-2.16|2.28|2.32|2.33|2.27|22.43|2.32|32991327|75895856.00|1|0.0000|0.0000|0.0000|0|2.32
鲁北化工|600727|-0.86|37497700|304834624.00|0.00|1.23|-1.47|8.08|8.15|8.25|8.03|37.50|8.15|50669350|410581248.00|1|0.0000|0.0000|0.0000|0|8.15
佳都科技|600728|0.20|24382700|124378304.00|-0.20|0.98|-0.59|5.09|5.07|5.13|5.05|24.38|5.08|34829041|178242848.00|1|0.0000|0.0000|0.0000|0|5.08
重庆百货|600729|1.04|1813100|54257508.00|-0.07|1.35|-0.44|30.01|29.68|30.10|29.57|1.81|29.70|2698300|80447104.00|1|0.0000|0.0000|0.0000|0|29.70
中国高科|600730|0.77|7788500|51159204.00|-0.31|2.00|-0.46|6.55|6.48|6.63|6.47|7.79|6.50|14686900|96379592.00|1|0.0000|0.0000|0.0000|0|6.50
湖南海利|600731|1.71|13856240|90756456.00|0.16|3.89|-0.62|6.53|6.43|6.67|6.38|13.86|6.42|9253560|59262200.00|1|0.0000|0.0000|0.0000|0|6.42
爱旭股份|600732|-0.41|18394590|222704336.00|-0.74|0.99|-1.32|12.09|12.05|12.26|11.98|18.39|12.14|33553430|410721152.00|1|0.0000|0.0000|0.0000|0|12.14
北汽蓝谷|600733|0.69|194718911|1710151168.00|1.15|2.53|-1.95|8.77|8.81|8.93|8.54|194.72|8.71|174402983|1526610048.00|1|0.0000|0.0000|0.0000|0|8.71
实达集团|600734|1.54|68227873|316083744.00|0.00|3.07|-1.10|4.63|4.56|4.70|4.51|68.23|4.56|52028700|237029136.00|1|0.0000|0.0000|0.0000|0|4.56
ST新华锦|600735|-0.36|7480000|41607760.00|-0.71|0.36|-1.61|5.58|5.56|5.62|5.51|7.48|5.60|9825715|54882452.00|1|0.0000|0.0000|0.0000|0|5.60
苏州高新|600736|-0.18|6234661|35352820.00|0.00|0.35|-0.53|5.66|5.67|5.69|5.64|6.23|5.67|10175718|57908612.00|1|0.0000|0.0000|0.0000|0|5.67
中粮糖业|600737|0.10|8928741|86488496.00|0.21|0.62|-0.41|9.68|9.69|9.73|9.63|8.93|9.67|11389000|109729984.00|1|0.0000|0.0000|0.0000|0|9.67
丽尚国潮|600738|-0.82|8470001|41195480.00|0.41|0.82|-0.82|4.83|4.89|4.91|4.83|8.47|4.87|12285601|60042396.00|1|0.0000|0.0000|0.0000|0|4.87
辽宁成大|600739|-0.65|7826115|83362024.00|-0.37|0.28|-0.84|10.62|10.65|10.72|10.60|7.83|10.69|12349617|131566008.00|1|0.0000|0.0000|0.0000|0|10.69
山西焦化|600740|-0.78|9100862|34659796.00|0.26|0.52|-1.31|3.80|3.84|3.85|3.78|9.10|3.83|12741423|48585004.00|1|0.0000|0.0000|0.0000|0|3.83
华域汽车|600741|-1.10|11871401|213173184.00|0.06|0.50|-1.82|17.97|18.18|18.26|17.84|11.87|18.17|13486418|244638032.00|1|0.0000|0.0000|0.0000|0|18.17
富维股份|600742|1.10|6203120|56537028.00|0.22|1.43|-1.10|9.16|9.08|9.19|8.96|6.20|9.06|7716296|70142976.00|1|0.0000|0.0000|0.0000|0|9.06
华远控股|600743|0.00|10710790|18866430.00|0.00|0.57|-0.57|1.76|1.76|1.77|1.75|10.71|1.76|14933830|26413452.00|1|0.0000|0.0000|0.0000|0|1.76
华银电力|600744|-0.89|48744902|162416800.00|0.59|0.59|-2.66|3.35|3.40|3.40|3.29|48.74|3.38|66221060|219314912.00|1|0.0000|0.0000|0.0000|0|3.38
闻泰科技|600745|0.31|5581600|182103120.00|0.03|0.74|-0.52|32.69|32.60|32.83|32.42|5.58|32.59|6579862|215163472.00|1|0.0000|0.0000|0.0000|0|32.59
江苏索普|600746|-2.33|42510679|364334016.00|-0.93|3.50|-2.80|8.38|8.50|8.88|8.34|42.51|8.58|48085647|399586048.00|1|0.0000|0.0000|0.0000|0|8.58
上实发展|600748|0.00|3975750|12845116.00|0.31|0.62|-0.62|3.23|3.24|3.25|3.21|3.98|3.23|6213066|20058848.00|1|0.0000|0.0000|0.0000|0|3.23
西藏旅游|600749|0.53|3211400|36775176.00|0.18|1.67|-0.70|11.45|11.41|11.58|11.31|3.21|11.39|5392200|61481604.00|1|0.0000|0.0000|0.0000|0|11.39
江中药业|600750|-0.22|4513050|102756432.00|0.26|0.44|-0.61|22.78|22.89|22.93|22.69|4.51|22.83|7779253|177884896.00|1|0.0000|0.0000|0.0000|0|22.83
海航科技|600751|0.00|18820600|53511472.00|0.35|1.06|-0.70|2.84|2.85|2.87|2.82|18.82|2.84|24321366|69196528.00|1|0.0000|0.0000|0.0000|0|2.84
*ST海钦|600753|-0.35|16013500|91970536.00|-0.88|4.04|-2.11|5.67|5.64|5.92|5.57|16.01|5.69|12088900|68580472.00|1|0.0000|0.0000|0.0000|0|5.69
锦江酒店|600754|-2.37|15126848|395237280.00|-2.34|-1.41|-4.93|26.34|26.35|26.60|25.65|15.13|26.98|5982152|160745728.00|1|0.0000|0.0000|0.0000|0|26.98
厦门国贸|600755|0.00|6625314|42560436.00|0.16|0.31|-0.47|6.43|6.44|6.45|6.40|6.63|6.43|9163693|58942212.00|1|0.0000|0.0000|0.0000|0|6.43
浪潮软件|600756|0.83|6322405|99557592.00|0.38|2.31|-0.64|15.72|15.65|15.95|15.49|6.32|15.59|7838800|123034184.00|1|0.0000|0.0000|0.0000|0|15.59
长江传媒|600757|0.00|15232716|135210928.00|1.12|1.35|-1.24|8.90|9.00|9.02|8.79|15.23|8.90|20745806|183141408.00|1|0.0000|0.0000|0.0000|0|8.90
辽宁能源|600758|-2.36|25014096|93534528.00|-0.79|-0.26|-2.89|3.72|3.78|3.80|3.70|25.01|3.81|38824826|147912464.00|1|0.0000|0.0000|0.0000|0|3.81
洲际油气|600759|-2.55|120143000|277570048.00|-0.85|0.00|-2.55|2.29|2.33|2.35|2.29|120.14|2.35|203605904|481984128.00|1|0.0000|0.0000|0.0000|0|2.35
中航沈飞|600760|-3.57|36589307|1583101696.00|0.00|0.00|-3.96|42.90|44.49|44.49|42.73|36.59|44.49|49641059|2209199616.00|1|0.0000|0.0000|0.0000|0|44.49
安徽合力|600761|1.36|8228792|159026064.00|-0.16|1.99|-0.52|19.35|19.06|19.47|18.99|8.23|19.09|11494501|219812000.00|1|0.0000|0.0000|0.0000|0|19.09
通策医疗|600763|-1.28|3874817|177199552.00|-0.56|0.24|-1.82|45.55|45.88|46.25|45.30|3.87|46.14|6333550|293731136.00|1|0.0000|0.0000|0.0000|0|46.14
中国海防|600764|-2.04|6376250|179112112.00|-0.11|0.14|-2.32|27.92|28.47|28.54|27.84|6.38|28.50|10304014|294818400.00|1|0.0000|0.0000|0.0000|0|28.50
中航重机|600765|-1.92|40528342|642864000.00|-0.19|0.25|-2.36|15.82|16.10|16.17|15.75|40.53|16.13|53296206|857594816.00|1|0.0000|0.0000|0.0000|0|16.13
宁波富邦|600768|-0.21|1355000|12712688.00|0.32|1.71|-0.43|9.32|9.37|9.50|9.30|1.35|9.34|2913300|27434568.00|1|0.0000|0.0000|0.0000|0|9.34
祥龙电业|600769|10.04|21291613|220481520.00|0.41|10.04|0.41|10.63|9.70|10.63|9.70|21.29|9.66|5431501|53032192.00|1|0.0000|0.0000|0.0000|0|9.66
综艺股份|600770|0.47|7599558|32465138.00|-0.71|1.65|-0.71|4.27|4.22|4.32|4.22|7.60|4.25|6504750|27646106.00|1|0.0000|0.0000|0.0000|0|4.25
广誉远|600771|0.39|5277299|94420928.00|-0.11|1.06|-0.73|17.92|17.83|18.04|17.72|5.28|17.85|8680906|155134928.00|1|0.0000|0.0000|0.0000|0|17.85
西藏城投|600773|1.01|5434900|54387516.00|0.20|1.51|-0.50|10.03|9.95|10.08|9.88|5.43|9.93|5118600|51025488.00|1|0.0000|0.0000|0.0000|0|9.93
汉商集团|600774|-0.76|7493200|59191216.00|-0.63|1.13|-2.14|7.87|7.88|8.02|7.76|7.49|7.93|14446205|114621800.00|1|0.0000|0.0000|0.0000|0|7.93
南京熊猫|600775|-1.00|13454901|133834864.00|-0.50|0.60|-1.30|9.88|9.93|10.04|9.85|13.45|9.98|19260161|191612208.00|1|0.0000|0.0000|0.0000|0|9.98
东方通信|600776|0.73|5684934|62722544.00|0.00|1.09|-0.82|11.06|10.98|11.10|10.89|5.68|10.98|7303920|80613480.00|1|0.0000|0.0000|0.0000|0|10.98
*ST新潮|600777|4.27|83994260|201367568.00|0.43|4.70|0.00|2.44|2.35|2.45|2.34|83.99|2.34|48539999|113936960.00|1|0.0000|0.0000|0.0000|0|2.34
友好集团|600778|-0.34|7908100|46863812.00|-0.17|0.84|-0.84|5.91|5.92|5.98|5.88|7.91|5.93|12668500|75514880.00|1|0.0000|0.0000|0.0000|0|5.93
水井坊|600779|-1.06|3746673|182263696.00|-0.24|0.41|-1.61|48.48|48.88|49.20|48.21|3.75|49.00|4832154|236283536.00|1|0.0000|0.0000|0.0000|0|49.00
通宝能源|600780|-0.17|8046300|46446528.00|0.35|0.35|-0.86|5.78|5.81|5.81|5.74|8.05|5.79|11857247|68333128.00|1|0.0000|0.0000|0.0000|0|5.79
新钢股份|600782|0.00|27777162|116346920.00|-0.48|1.44|-1.20|4.18|4.16|4.24|4.13|27.78|4.18|56648849|235739664.00|1|0.0000|0.0000|0.0000|0|4.18
鲁信创投|600783|0.82|3256139|40034836.00|0.08|1.39|-0.74|12.30|12.21|12.37|12.11|3.26|12.20|3231200|39451992.00|1|0.0000|0.0000|0.0000|0|12.20
鲁银投资|600784|-0.32|11852800|73947584.00|-0.48|1.44|-1.28|6.21|6.20|6.32|6.15|11.85|6.23|13661003|85057272.00|1|0.0000|0.0000|0.0000|0|6.23
新华百货|600785|-0.78|4314107|49284700.00|0.09|0.35|-1.05|11.38|11.48|11.51|11.35|4.31|11.47|5323501|61140348.00|1|0.0000|0.0000|0.0000|0|11.47
中储股份|600787|0.17|10599700|61305276.00|0.00|0.52|-0.69|5.79|5.78|5.81|5.74|10.60|5.78|13006995|75067136.00|1|0.0000|0.0000|0.0000|0|5.78
鲁抗医药|600789|0.18|251504916|2821235968.00|0.00|3.86|-1.17|11.15|11.13|11.56|11.00|251.50|11.13|97940622|1055761216.00|1|0.0000|0.0000|0.0000|0|11.13
轻纺城|600790|-0.28|11813835|42091188.00|0.00|0.84|-0.84|3.56|3.57|3.60|3.54|11.81|3.57|15311489|54138368.00|1|0.0000|0.0000|0.0000|0|3.57
京能置业|600791|0.49|7001600|29006000.00|0.00|2.18|-0.97|4.14|4.12|4.21|4.08|7.00|4.12|9529341|38909016.00|1|0.0000|0.0000|0.0000|0|4.12
云煤能源|600792|-1.54|10517600|33773164.00|-0.62|0.00|-1.85|3.20|3.23|3.25|3.19|10.52|3.25|9577898|31123418.00|1|0.0000|0.0000|0.0000|0|3.25
宜宾纸业|600793|0.74|3085680|49830804.00|0.00|0.87|-0.87|16.24|16.12|16.26|15.98|3.09|16.12|7554999|123950008.00|1|0.0000|0.0000|0.0000|0|16.12
保税科技|600794|-1.16|11166800|38237864.00|0.00|0.29|-1.45|3.41|3.45|3.46|3.40|11.17|3.45|13560700|46901884.00|1|0.0000|0.0000|0.0000|0|3.45
国电电力|600795|-1.30|210624941|958437568.00|0.43|0.87|-1.74|4.54|4.62|4.64|4.52|210.62|4.60|324530707|1476569088.00|1|0.0000|0.0000|0.0000|0|4.60
钱江生化|600796|-1.21|7748100|44313312.00|-0.35|0.69|-1.73|5.70|5.75|5.81|5.67|7.75|5.77|10898400|63292568.00|1|0.0000|0.0000|0.0000|0|5.77
浙大网新|600797|-1.20|95795912|1037368128.00|-0.64|2.49|-1.93|10.73|10.79|11.13|10.65|95.80|10.86|152500265|1671737344.00|1|0.0000|0.0000|0.0000|0|10.86
宁波海运|600798|-0.99|6684100|20139684.00|0.00|0.33|-0.99|3.00|3.03|3.04|3.00|6.68|3.03|9539300|28961428.00|1|0.0000|0.0000|0.0000|0|3.03
渤海化学|600800|-3.92|35113800|103895280.00|-0.65|0.00|-4.25|2.94|3.04|3.06|2.93|35.11|3.06|46788863|139944240.00|1|0.0000|0.0000|0.0000|0|3.06
华新建材|600801|-1.79|8347100|114924672.00|-1.44|0.50|-2.08|13.68|13.73|14.00|13.64|8.35|13.93|12559310|174341232.00|1|0.0000|0.0000|0.0000|0|13.93
福建水泥|600802|1.86|10589628|46084056.00|-0.47|3.50|-1.40|4.37|4.27|4.44|4.23|10.59|4.29|8924368|38172076.00|1|0.0000|0.0000|0.0000|0|4.29
新奥股份|600803|-2.73|11507247|223186592.00|-0.25|-0.05|-2.88|19.24|19.73|19.77|19.21|11.51|19.78|6428660|126316984.00|1|0.0000|0.0000|0.0000|0|19.78
悦达投资|600805|-1.07|7216099|33622988.00|-0.85|0.64|-1.49|4.64|4.65|4.72|4.62|7.22|4.69|15050174|70687560.00|1|0.0000|0.0000|0.0000|0|4.69
济高发展|600807|-1.47|10185140|27440050.00|0.00|0.00|-1.83|2.69|2.73|2.73|2.68|10.19|2.73|12406579|33979904.00|1|0.0000|0.0000|0.0000|0|2.73
马钢股份|600808|-1.58|33678700|105710560.00|0.00|0.32|-1.89|3.12|3.17|3.18|3.11|33.68|3.17|57658451|182366560.00|1|0.0000|0.0000|0.0000|0|3.17
山西汾酒|600809|0.17|2065841|439169920.00|-0.44|0.79|-0.65|212.80|211.49|214.10|211.05|2.07|212.43|2215756|472884512.00|1|0.0000|0.0000|0.0000|0|212.43
神马股份|600810|-2.82|19291301|160744784.00|-0.47|0.94|-4.35|8.27|8.47|8.59|8.14|19.29|8.51|14325946|123163240.00|1|0.0000|0.0000|0.0000|0|8.51
华北制药|600812|-1.42|18148200|113825376.00|0.00|0.32|-1.74|6.25|6.34|6.36|6.23|18.15|6.34|36457758|231907520.00|1|0.0000|0.0000|0.0000|0|6.34
杭州解百|600814|0.52|4146460|32191300.00|-0.26|0.78|-0.39|7.78|7.72|7.80|7.71|4.15|7.74|6163200|47952704.00|1|0.0000|0.0000|0.0000|0|7.74
厦工股份|600815|-0.36|8487640|23303248.00|-0.36|0.73|-1.09|2.74|2.74|2.77|2.72|8.49|2.75|10490500|28816476.00|1|0.0000|0.0000|0.0000|0|2.75
建元信托|600816|1.05|28425610|82177640.00|0.00|1.75|-0.35|2.89|2.86|2.91|2.85|28.43|2.86|30063247|86058840.00|1|0.0000|0.0000|0.0000|0|2.86
宇通重工|600817|0.66|2600710|31797622.00|-0.33|1.48|-0.74|12.22|12.10|12.32|12.05|2.60|12.14|2552800|31030792.00|1|0.0000|0.0000|0.0000|0|12.14
中路股份|600818|-0.68|3452000|40535324.00|0.25|0.76|-0.93|11.69|11.80|11.86|11.66|3.45|11.77|5253100|62129160.00|1|0.0000|0.0000|0.0000|0|11.77
耀皮玻璃|600819|0.58|4980100|26002494.00|-0.19|1.15|-0.77|5.23|5.19|5.26|5.16|4.98|5.20|8265300|43028740.00|1|0.0000|0.0000|0.0000|0|5.20
隧道股份|600820|-0.63|11619041|73219600.00|-0.32|0.00|-0.95|6.29|6.31|6.33|6.27|11.62|6.33|14301165|89994672.00|1|0.0000|0.0000|0.0000|0|6.33
金开新能|600821|-1.65|27456200|164475600.00|-0.66|0.50|-1.98|5.96|6.02|6.09|5.94|27.46|6.06|48559793|297008224.00|1|0.0000|0.0000|0.0000|0|6.06
上海物贸|600822|-0.32|2241900|21000924.00|0.11|0.53|-0.75|9.35|9.39|9.43|9.31|2.24|9.38|3796600|35809668.00|1|0.0000|0.0000|0.0000|0|9.38
益民集团|600824|-0.48|15150013|62311164.00|0.00|0.00|-1.21|4.12|4.14|4.14|4.09|15.15|4.14|16279400|67595280.00|1|0.0000|0.0000|0.0000|0|4.14
新华传媒|600825|1.87|18142243|118303144.00|-0.63|4.22|-0.63|6.52|6.36|6.67|6.36|18.14|6.40|12824500|82216792.00|1|0.0000|0.0000|0.0000|0|6.40
兰生股份|600826|0.26|3933921|30706542.00|0.77|0.90|-0.39|7.80|7.84|7.85|7.75|3.93|7.78|6229070|48718108.00|1|0.0000|0.0000|0.0000|0|7.78
百联股份|600827|0.00|6748276|62417708.00|0.00|0.22|-0.54|9.26|9.26|9.28|9.21|6.75|9.26|9267800|85734760.00|1|0.0000|0.0000|0.0000|0|9.26
茂业商业|600828|-0.32|6397450|19873730.00|0.00|0.32|-0.96|3.11|3.12|3.13|3.09|6.40|3.12|8646759|27140926.00|1|0.0000|0.0000|0.0000|0|3.12
人民同泰|600829|-1.33|7549540|61568388.00|-1.09|0.00|-1.82|8.14|8.16|8.25|8.10|7.55|8.25|16598535|135576448.00|1|0.0000|0.0000|0.0000|0|8.25
香溢融通|600830|0.33|8079901|74242256.00|-0.33|1.31|-0.87|9.21|9.15|9.30|9.10|8.08|9.18|13856308|126929152.00|1|0.0000|0.0000|0.0000|0|9.18
广电网络|600831|0.36|3907650|10825074.00|0.00|2.18|-0.36|2.76|2.75|2.81|2.74|3.91|2.75|3892000|10707685.00|1|0.0000|0.0000|0.0000|0|2.75
第一医药|600833|-1.09|2509539|32144298.00|-0.54|0.54|-1.24|12.74|12.81|12.95|12.72|2.51|12.88|7044100|90614400.00|1|0.0000|0.0000|0.0000|0|12.88
申通地铁|600834|-0.37|1786300|14433832.00|-0.62|0.37|-0.62|8.07|8.05|8.13|8.05|1.79|8.10|3100000|25113944.00|1|0.0000|0.0000|0.0000|0|8.10
上海机电|600835|5.83|28983596|634087360.00|1.11|7.17|0.63|21.98|21.00|22.26|20.90|28.98|20.77|13622197|287109920.00|1|0.0000|0.0000|0.0000|0|20.77
上海九百|600838|0.12|3198000|25868566.00|0.62|0.74|-0.50|8.08|8.12|8.13|8.03|3.20|8.07|4729400|38359556.00|1|0.0000|0.0000|0.0000|0|8.07
四川长虹|600839|0.00|78558348|800807552.00|-0.79|1.08|-0.98|10.18|10.10|10.29|10.08|78.56|10.18|100227388|1028672448.00|1|0.0000|0.0000|0.0000|0|10.18
动力新科|600841|-1.56|18240600|104267424.00|-0.69|1.04|-2.43|5.68|5.73|5.83|5.63|18.24|5.77|34411001|201148928.00|1|0.0000|0.0000|0.0000|0|5.77
上工申贝|600843|-2.18|16916198|205710544.00|-0.57|-0.32|-2.59|12.10|12.30|12.33|12.05|16.92|12.37|20234425|252823024.00|1|0.0000|0.0000|0.0000|0|12.37
金煤科技|600844|0.34|90815948|273968768.00|4.73|4.73|-1.69|2.97|3.10|3.10|2.91|90.82|2.96|27350814|80146000.00|1|0.0000|0.0000|0.0000|0|2.96
宝信软件|600845|0.38|13809439|397231712.00|0.00|1.22|-0.63|28.77|28.66|29.01|28.48|13.81|28.66|43787748|1266121984.00|1|0.0000|0.0000|0.0000|0|28.66
同济科技|600846|0.11|3326800|30282758.00|-0.44|1.32|-0.44|9.08|9.03|9.19|9.03|3.33|9.07|4238600|38599968.00|1|0.0000|0.0000|0.0000|0|9.07
万里股份|600847|-0.85|1633400|15304783.00|-0.32|1.28|-1.17|9.30|9.35|9.50|9.27|1.63|9.38|1996649|18695766.00|1|0.0000|0.0000|0.0000|0|9.38
上海临港|600848|0.42|6066668|58015736.00|-0.31|0.84|-0.52|9.59|9.52|9.63|9.50|6.07|9.55|6543279|62260052.00|1|0.0000|0.0000|0.0000|0|9.55
电科数字|600850|0.78|4934989|121113224.00|-0.62|1.77|-0.62|24.52|24.18|24.76|24.18|4.93|24.33|6335170|154872928.00|1|0.0000|0.0000|0.0000|0|24.33
海欣股份|600851|0.15|49606208|341299840.00|1.90|3.94|-1.31|6.86|6.98|7.12|6.76|49.61|6.85|19161338|129317856.00|1|0.0000|0.0000|0.0000|0|6.85
龙建股份|600853|-0.53|15392153|57829396.00|0.00|0.53|-1.06|3.75|3.77|3.79|3.73|15.39|3.77|23533913|88793568.00|1|0.0000|0.0000|0.0000|0|3.77
春兰股份|600854|0.86|5035078|23677550.00|0.00|1.50|-0.43|4.71|4.67|4.74|4.65|5.04|4.67|7211000|33798472.00|1|0.0000|0.0000|0.0000|0|4.67
航天长峰|600855|-0.92|4441500|48054224.00|-0.55|0.00|-1.28|10.81|10.85|10.91|10.77|4.44|10.91|7091500|77584544.00|1|0.0000|0.0000|0.0000|0|10.91
宁波中百|600857|1.23|9634535|86111216.00|-1.34|2.24|-2.24|9.04|8.81|9.13|8.73|9.63|8.93|14966020|134993424.00|1|0.0000|0.0000|0.0000|0|8.93
银座股份|600858|-0.82|5020120|24525296.00|0.00|0.61|-1.02|4.86|4.90|4.93|4.85|5.02|4.90|6388660|31343538.00|1|0.0000|0.0000|0.0000|0|4.90
王府井|600859|0.15|7940178|107566632.00|-0.22|0.37|-0.22|13.56|13.51|13.59|13.51|7.94|13.54|10923025|148056192.00|1|0.0000|0.0000|0.0000|0|13.54
京城股份|600860|-1.70|10807400|138803872.00|-0.46|0.93|-1.78|12.71|12.87|13.05|12.70|10.81|12.93|13688000|178549552.00|1|0.0000|0.0000|0.0000|0|12.93
北京人力|600861|-1.18|3921065|82772616.00|0.00|2.60|-1.56|20.88|21.13|21.68|20.80|3.92|21.13|3941600|83810280.00|1|0.0000|0.0000|0.0000|0|21.13
中航高科|600862|-0.50|9245584|220994832.00|-0.42|0.21|-1.41|23.97|23.99|24.14|23.75|9.25|24.09|11411451|274802336.00|1|0.0000|0.0000|0.0000|0|24.09
内蒙华电|600863|-0.74|52177423|210230672.00|0.25|0.25|-1.23|4.03|4.07|4.07|4.01|52.18|4.06|107113527|431813536.00|1|0.0000|0.0000|0.0000|0|4.06
哈投股份|600864|0.00|16641354|103272664.00|-0.16|0.48|-0.48|6.21|6.20|6.24|6.18|16.64|6.21|32802131|202887872.00|1|0.0000|0.0000|0.0000|0|6.21
百大集团|600865|0.12|2607071|22548080.00|-0.35|0.46|-0.58|8.65|8.61|8.68|8.59|2.61|8.64|3659559|31604036.00|1|0.0000|0.0000|0.0000|0|8.64
星湖科技|600866|0.46|15591200|101703816.00|0.15|1.23|-0.46|6.52|6.50|6.57|6.46|15.59|6.49|27123875|176755264.00|1|0.0000|0.0000|0.0000|0|6.49
通化东宝|600867|-0.64|11969257|92961952.00|0.13|0.26|-0.90|7.75|7.81|7.82|7.73|11.97|7.80|27470996|213585536.00|1|0.0000|0.0000|0.0000|0|7.80
梅雁吉祥|600868|-1.91|65862527|203171376.00|0.00|0.00|-2.55|3.08|3.14|3.14|3.06|65.86|3.14|112967708|349909280.00|1|0.0000|0.0000|0.0000|0|3.14
远东股份|600869|0.00|17406930|85915824.00|1.02|2.04|0.00|4.90|4.95|5.00|4.90|17.41|4.90|16969100|83227816.00|1|0.0000|0.0000|0.0000|0|4.90
石化油服|600871|-1.55|67640740|129935400.00|0.00|0.00|-2.06|1.91|1.94|1.94|1.90|67.64|1.94|61644470|119744856.00|1|0.0000|0.0000|0.0000|0|1.94
中炬高新|600872|-0.62|5329659|111194392.00|-0.48|0.43|-1.10|20.81|20.84|21.03|20.71|5.33|20.94|7222091|150574960.00|1|0.0000|0.0000|0.0000|0|20.94
梅花生物|600873|-0.10|12454892|130068656.00|0.00|0.58|-0.48|10.42|10.43|10.49|10.38|12.45|10.43|22705711|237263360.00|1|0.0000|0.0000|0.0000|0|10.43
创业环保|600874|-0.68|7511101|44056780.00|0.17|0.17|-1.19|5.86|5.91|5.91|5.83|7.51|5.90|9097501|53529212.00|1|0.0000|0.0000|0.0000|0|5.90
东方电气|600875|-1.70|33863923|528664928.00|0.00|0.25|-2.58|15.60|15.87|15.91|15.46|33.86|15.87|82449045|1304868224.00|1|0.0000|0.0000|0.0000|0|15.87
凯盛新能|600876|-1.24|2546200|24387852.00|0.10|1.04|-1.55|9.53|9.66|9.75|9.50|2.55|9.65|2497100|24168680.00|1|0.0000|0.0000|0.0000|0|9.65
电科芯片|600877|0.16|7141100|89704656.00|0.00|1.67|-0.64|12.56|12.54|12.75|12.46|7.14|12.54|6317889|79658208.00|1|0.0000|0.0000|0.0000|0|12.54
航天电子|600879|-0.99|31147500|280515680.00|0.00|0.00|-1.76|9.02|9.11|9.11|8.95|31.15|9.11|38877147|354803168.00|1|0.0000|0.0000|0.0000|0|9.11
博瑞传播|600880|0.22|9487800|43302792.00|-0.22|1.55|-0.22|4.54|4.52|4.60|4.52|9.49|4.53|10244498|46673272.00|1|0.0000|0.0000|0.0000|0|4.53
亚泰集团|600881|1.80|52357453|88538968.00|0.00|3.59|-0.60|1.70|1.67|1.73|1.66|52.36|1.67|31869191|53284084.00|1|0.0000|0.0000|0.0000|0|1.67
妙可蓝多|600882|-0.88|13151600|310754976.00|-1.47|1.73|-2.82|23.54|23.40|24.16|23.08|13.15|23.75|16527883|388341728.00|1|0.0000|0.0000|0.0000|0|23.75
博闻科技|600883|-0.72|4772943|33275962.00|0.00|1.58|-0.72|6.91|6.96|7.07|6.91|4.77|6.96|8762504|61187916.00|1|0.0000|0.0000|0.0000|0|6.96
杉杉股份|600884|0.00|18153400|127749016.00|0.00|0.43|-0.71|7.05|7.05|7.08|7.00|18.15|7.05|23097651|163452608.00|1|0.0000|0.0000|0.0000|0|7.05
宏发股份|600885|0.83|7028993|255056912.00|-0.28|1.44|-0.67|36.36|35.96|36.58|35.82|7.03|36.06|6417675|233394496.00|1|0.0000|0.0000|0.0000|0|36.06
国投电力|600886|-0.68|28015831|409422656.00|0.00|0.07|-1.09|14.61|14.71|14.72|14.55|28.02|14.71|43565479|635729280.00|1|0.0000|0.0000|0.0000|0|14.71
伊利股份|600887|-0.82|26593399|743679744.00|0.11|0.78|-0.96|27.84|28.10|28.29|27.80|26.59|28.07|28507054|799680192.00|1|0.0000|0.0000|0.0000|0|28.07
新疆众和|600888|0.14|9945386|72453560.00|0.14|0.96|-0.28|7.27|7.27|7.33|7.24|9.95|7.26|10814480|78497832.00|1|0.0000|0.0000|0.0000|0|7.26
南京化纤|600889|0.62|4934901|80392752.00|-0.49|1.23|-0.49|16.30|16.12|16.40|16.12|4.93|16.20|5136300|83319056.00|1|0.0000|0.0000|0.0000|0|16.20
*ST大晟|600892|4.89|50841220|167015488.00|0.33|10.10|-0.33|3.22|3.08|3.38|3.06|50.84|3.07|22530500|69614968.00|1|0.0000|0.0000|0.0000|0|3.07
航发动力|600893|-10.01|98239850|3271645440.00|-3.29|-3.29|-10.01|33.09|35.56|35.56|33.09|98.24|36.77|15324649|563167936.00|1|0.0000|0.0000|0.0000|0|36.77
广日股份|600894|-0.58|3909500|46893236.00|0.08|0.83|-1.00|11.96|12.04|12.13|11.91|3.91|12.03|8738275|105861824.00|1|0.0000|0.0000|0.0000|0|12.03
张江高科|600895|-0.99|13903443|349830656.00|-0.39|1.03|-1.15|25.07|25.22|25.58|25.03|13.90|25.32|23090145|586730688.00|1|0.0000|0.0000|0.0000|0|25.32
厦门空港|600897|0.00|1595660|23664096.00|-0.07|0.34|-0.61|14.86|14.85|14.91|14.77|1.60|14.86|1971760|29180412.00|1|0.0000|0.0000|0.0000|0|14.86
长江电力|600900|-0.25|55353026|1539467904.00|0.00|0.22|-0.68|27.83|27.90|27.96|27.71|55.35|27.90|57988638|1614469504.00|1|0.0000|0.0000|0.0000|0|27.90
江苏金租|600901|1.52|47929469|255889184.00|0.00|1.89|-0.38|5.36|5.28|5.38|5.26|47.93|5.28|55799779|293031328.00|1|0.0000|0.0000|0.0000|0|5.28
贵州燃气|600903|0.45|9912220|66028728.00|0.00|2.11|-0.60|6.68|6.65|6.79|6.61|9.91|6.65|8554036|57171980.00|0|0.0000|0.0000|0.0000|0|6.65
三峡能源|600905|-0.93|91912413|392553568.00|0.23|0.47|-1.16|4.26|4.31|4.32|4.25|91.91|4.30|156013959|667983232.00|1|0.0000|0.0000|0.0000|0|4.30
财达证券|600906|0.90|13673224|91940752.00|0.00|1.05|-0.30|6.74|6.68|6.75|6.66|13.67|6.68|12091162|80796192.00|1|0.0000|0.0000|0.0000|0|6.68
无锡银行|600908|1.23|22578500|130029504.00|0.18|1.58|-0.35|5.77|5.71|5.79|5.68|22.58|5.70|20789900|118675752.00|1|0.0000|0.0000|0.0000|0|5.70
华安证券|600909|0.36|15960811|89616592.00|-0.18|0.89|-0.36|5.61|5.58|5.64|5.57|15.96|5.59|24292467|135957024.00|1|0.0000|0.0000|0.0000|0|5.59
中国黄金|600916|-0.11|26130674|229864896.00|0.11|0.79|-1.14|8.80|8.82|8.88|8.71|26.13|8.81|40404958|357706272.00|1|0.0000|0.0000|0.0000|0|8.81
重庆燃气|600917|-1.36|3959300|23021780.00|0.17|0.17|-1.70|5.80|5.89|5.89|5.78|3.96|5.88|6282139|36727452.00|1|0.0000|0.0000|0.0000|0|5.88
中泰证券|600918|0.31|16099772|103727352.00|0.16|0.78|-0.47|6.45|6.44|6.48|6.40|16.10|6.43|21563109|138739872.00|1|0.0000|0.0000|0.0000|0|6.43
江苏银行|600919|1.77|119763334|1163824768.00|-0.10|2.19|-0.10|9.75|9.57|9.79|9.57|119.76|9.58|107596410|1024932736.00|1|0.0000|0.0000|0.0000|0|9.58
苏能股份|600925|0.00|6862177|35887548.00|0.57|0.57|-0.57|5.23|5.26|5.26|5.20|6.86|5.23|7529431|39381608.00|1|0.0000|0.0000|0.0000|0|5.23
杭州银行|600926|0.62|37004042|542596864.00|0.07|0.75|-0.14|14.69|14.61|14.71|14.58|37.00|14.60|32320340|470307360.00|1|0.0000|0.0000|0.0000|0|14.60
永安期货|600927|-0.15|2975211|39480008.00|-0.23|0.98|-0.53|13.23|13.22|13.38|13.18|2.98|13.25|4315412|56897928.00|1|0.0000|0.0000|0.0000|0|13.25
西安银行|600928|0.57|17271123|61435656.00|0.00|1.42|-0.28|3.55|3.53|3.58|3.52|17.27|3.53|19851274|70013936.00|1|0.0000|0.0000|0.0000|0|3.53
雪天盐业|600929|-0.56|6597100|35006576.00|-0.19|0.00|-0.75|5.30|5.32|5.33|5.29|6.60|5.33|10144900|53850744.00|1|0.0000|0.0000|0.0000|0|5.33
爱柯迪|600933|1.28|16926442|279343072.00|-0.31|2.75|-1.16|16.56|16.30|16.80|16.16|16.93|16.35|17136374|281786176.00|1|0.0000|0.0000|0.0000|0|16.35
华塑股份|600935|-0.42|6055300|14222019.00|-0.42|0.00|-1.27|2.35|2.35|2.36|2.33|6.06|2.36|11231199|26371258.00|1|0.0000|0.0000|0.0000|0|2.36
广西广电|600936|0.28|7772600|27556298.00|0.00|1.42|0.00|3.54|3.53|3.58|3.53|7.77|3.53|14451176|51496848.00|1|0.0000|0.0000|0.0000|0|3.53
中国海油|600938|-2.11|52725997|1375580672.00|0.26|0.41|-2.41|25.96|26.59|26.63|25.88|52.73|26.52|54347389|1439445632.00|1|0.0000|0.0000|0.0000|0|26.52
重庆建工|600939|-0.38|5459000|14393736.00|0.00|0.38|-1.13|2.64|2.65|2.66|2.62|5.46|2.65|10065600|26625074.00|1|0.0000|0.0000|0.0000|0|2.65
中国移动|600941|0.62|10374563|1113899776.00|-0.10|0.82|-0.37|107.66|106.89|107.88|106.60|10.37|107.00|10564986|1128292864.00|1|0.0000|0.0000|0.0000|0|107.00
维远股份|600955|0.13|1612742|24263494.00|-0.20|0.67|-0.73|15.05|15.00|15.13|14.92|1.61|15.03|3455042|51716308.00|1|0.0000|0.0000|0.0000|0|15.03
新天绿能|600956|-0.55|4485700|32289998.00|0.14|0.42|-0.69|7.18|7.23|7.25|7.17|4.49|7.22|7866898|56909072.00|1|0.0000|0.0000|0.0000|0|7.22
东方证券|600958|0.00|26902440|252315664.00|-0.21|0.43|-0.43|9.38|9.36|9.42|9.34|26.90|9.38|47079634|443112320.00|1|0.0000|0.0000|0.0000|0|9.38
江苏有线|600959|0.30|26211481|87269728.00|-0.30|0.60|-0.30|3.33|3.31|3.34|3.31|26.21|3.32|38546698|127921272.00|1|0.0000|0.0000|0.0000|0|3.32
渤海汽车|600960|1.74|26936300|93691904.00|0.29|2.91|-1.74|3.50|3.45|3.54|3.38|26.94|3.44|40850400|142936864.00|1|0.0000|0.0000|0.0000|0|3.44
株冶集团|600961|-1.14|19652700|190100720.00|0.21|2.39|-1.45|9.53|9.66|9.87|9.50|19.65|9.64|19275305|185826320.00|1|0.0000|0.0000|0.0000|0|9.64
国投中鲁|600962|0.70|2577000|33503690.00|0.00|3.20|-0.31|12.89|12.80|13.21|12.76|2.58|12.80|2349791|30187772.00|1|0.0000|0.0000|0.0000|0|12.80
岳阳林纸|600963|0.21|9714901|45400888.00|0.21|1.29|-0.86|4.67|4.67|4.72|4.62|9.71|4.66|16198113|75191912.00|1|0.0000|0.0000|0.0000|0|4.66
福成股份|600965|-8.73|43976990|237994016.00|-2.40|-2.40|-9.59|5.33|5.70|5.70|5.28|43.98|5.84|64101373|375862816.00|1|0.0000|0.0000|0.0000|0|5.84
博汇纸业|600966|0.22|5484812|25106950.00|0.44|0.88|-0.66|4.58|4.59|4.61|4.54|5.48|4.57|7481699|34163920.00|1|0.0000|0.0000|0.0000|0|4.57
内蒙一机|600967|1.12|25787644|281420704.00|-0.37|3.72|-1.21|10.86|10.70|11.14|10.61|25.79|10.74|23859100|258328048.00|1|0.0000|0.0000|0.0000|0|10.74
海油发展|600968|-2.72|52572700|207864128.00|-0.50|0.00|-2.97|3.93|4.02|4.04|3.92|52.57|4.04|56772080|229466512.00|1|0.0000|0.0000|0.0000|0|4.04
郴电国际|600969|-2.16|10483361|71256872.00|0.14|0.29|-2.59|6.79|6.95|6.96|6.76|10.48|6.94|16021161|110215488.00|1|0.0000|0.0000|0.0000|0|6.94
中材国际|600970|-0.10|14854843|142789776.00|-0.10|0.62|-0.42|9.60|9.60|9.67|9.57|14.85|9.61|13763550|132146704.00|1|0.0000|0.0000|0.0000|0|9.61
恒源煤电|600971|0.36|8352456|69104384.00|-0.12|1.46|-0.73|8.26|8.22|8.35|8.17|8.35|8.23|9999129|82139752.00|1|0.0000|0.0000|0.0000|0|8.23
宝胜股份|600973|0.74|92420746|503000832.00|-0.37|1.66|-1.85|5.46|5.40|5.51|5.32|92.42|5.42|105417512|568349504.00|1|0.0000|0.0000|0.0000|0|5.42
新五丰|600975|-0.50|13406300|79756472.00|-0.17|0.67|-0.84|5.93|5.95|6.00|5.91|13.41|5.96|18393772|109621496.00|1|0.0000|0.0000|0.0000|0|5.96
健民集团|600976|-0.95|1119600|51595192.00|-0.93|1.04|-1.27|45.85|45.86|46.77|45.70|1.12|46.29|3004500|139141760.00|1|0.0000|0.0000|0.0000|0|46.29
中国电影|600977|0.09|5526099|59657420.00|-0.19|0.65|-0.56|10.79|10.76|10.85|10.72|5.53|10.78|9332266|100428768.00|1|0.0000|0.0000|0.0000|0|10.78
广安爱众|600979|-2.67|116532753|679366784.00|0.67|0.67|-4.33|5.84|6.04|6.04|5.74|116.53|6.00|172987296|1030145792.00|1|0.0000|0.0000|0.0000|0|6.00
北矿科技|600980|0.00|4065777|70753800.00|-0.98|1.61|-1.21|17.34|17.17|17.62|17.13|4.07|17.34|5214819|90307448.00|1|0.0000|0.0000|0.0000|0|17.34
苏豪汇鸿|600981|-0.40|7458201|18803534.00|0.40|0.40|-0.79|2.52|2.54|2.54|2.51|7.46|2.53|11166701|28387412.00|1|0.0000|0.0000|0.0000|0|2.53
宁波能源|600982|-3.29|45622900|215610528.00|-1.44|-1.03|-3.50|4.70|4.79|4.81|4.69|45.62|4.86|68817209|333655200.00|1|0.0000|0.0000|0.0000|0|4.86
惠而浦|600983|0.51|2444000|23963036.00|-0.72|1.23|-0.72|9.82|9.70|9.89|9.70|2.44|9.77|3607509|35227820.00|1|0.0000|0.0000|0.0000|0|9.77
建设机械|600984|-1.41|9486009|33272554.00|0.00|0.56|-1.69|3.49|3.54|3.56|3.48|9.49|3.54|15309424|54009796.00|1|0.0000|0.0000|0.0000|0|3.54
淮北矿业|600985|-0.15|8875918|117497416.00|-0.15|0.15|-0.68|13.24|13.24|13.28|13.17|8.88|13.26|16999622|224913616.00|1|0.0000|0.0000|0.0000|0|13.26
浙文互联|600986|-0.47|45237370|386952192.00|-1.29|1.75|-1.29|8.51|8.44|8.70|8.44|45.24|8.55|75607002|657038656.00|1|0.0000|0.0000|0.0000|0|8.55
航民股份|600987|0.97|8035535|58207128.00|-0.56|1.11|-0.56|7.26|7.15|7.27|7.15|8.04|7.19|9862629|70733688.00|1|0.0000|0.0000|0.0000|0|7.19
赤峰黄金|600988|-3.74|65341751|1456582784.00|-0.66|0.70|-4.09|21.90|22.60|22.91|21.82|65.34|22.75|83795945|1919338880.00|1|0.0000|0.0000|0.0000|0|22.75
宝丰能源|600989|5.00|89555662|1366707072.00|0.47|5.20|-1.33|15.75|15.07|15.78|14.80|89.56|15.00|77176824|1149345408.00|1|0.0000|0.0000|0.0000|0|15.00
四创电子|600990|-2.89|5423873|111581736.00|0.00|0.00|-3.69|20.51|21.12|21.12|20.34|5.42|21.12|6115467|127132424.00|1|0.0000|0.0000|0.0000|0|21.12
贵绳股份|600992|-0.63|3257700|46663732.00|0.00|0.49|-0.84|14.26|14.35|14.42|14.23|3.26|14.35|3840552|55229068.00|1|0.0000|0.0000|0.0000|0|14.35
马应龙|600993|1.28|7168952|180128352.00|-0.04|1.72|-0.28|25.27|24.94|25.38|24.88|7.17|24.95|7585169|188692624.00|1|0.0000|0.0000|0.0000|0|24.95
南网储能|600995|-1.03|7427261|71119456.00|-0.31|0.00|-1.65|9.58|9.65|9.68|9.52|7.43|9.68|10532600|101769056.00|1|0.0000|0.0000|0.0000|0|9.68
贵广网络|600996|0.31|9399842|90435552.00|-0.63|0.94|-0.63|9.63|9.54|9.69|9.54|9.40|9.60|10079989|97214504.00|1|0.0000|0.0000|0.0000|0|9.60
开滦股份|600997|-0.57|4869720|33935676.00|0.14|0.86|-0.86|6.95|7.00|7.05|6.93|4.87|6.99|6900845|48268312.00|1|0.0000|0.0000|0.0000|0|6.99
九州通|600998|-0.59|23044422|117560344.00|-0.59|0.39|-0.98|5.09|5.09|5.14|5.07|23.04|5.12|55191655|281520288.00|1|0.0000|0.0000|0.0000|0|5.12
招商证券|600999|1.18|15999773|287989568.00|0.11|1.29|-0.22|18.07|17.88|18.09|17.82|16.00|17.86|14659387|261278048.00|1|0.0000|0.0000|0.0000|0|17.86
唐山港|601000|-1.05|92076171|439098560.00|-0.42|1.05|-1.26|4.72|4.75|4.82|4.71|92.08|4.77|77605528|369296064.00|1|0.0000|0.0000|0.0000|0|4.77
晋控煤业|601001|-0.08|11129392|135143536.00|0.00|0.91|-1.15|12.13|12.14|12.25|12.00|11.13|12.14|12949348|156849616.00|1|0.0000|0.0000|0.0000|0|12.14
晋亿实业|601002|-0.21|8062701|38025480.00|0.64|1.06|-0.64|4.70|4.74|4.76|4.68|8.06|4.71|7897600|37408204.00|1|0.0000|0.0000|0.0000|0|4.71
柳钢股份|601003|-0.98|10662900|32500420.00|0.33|1.31|-1.63|3.03|3.07|3.10|3.01|10.66|3.06|14514900|44389652.00|1|0.0000|0.0000|0.0000|0|3.06
重庆钢铁|601005|0.00|34758600|45851696.00|0.00|0.76|-0.76|1.32|1.32|1.33|1.31|34.76|1.32|52973301|69754696.00|1|0.0000|0.0000|0.0000|0|1.32
大秦铁路|601006|0.15|57963031|379885824.00|-0.15|0.30|-0.91|6.58|6.56|6.59|6.51|57.96|6.57|56992249|373533248.00|1|0.0000|0.0000|0.0000|0|6.57
金陵饭店|601007|0.44|5420410|37439000.00|0.15|1.31|-0.73|6.91|6.89|6.97|6.83|5.42|6.88|9468100|64747168.00|1|0.0000|0.0000|0.0000|0|6.88
连云港|601008|-0.52|7472800|28898802.00|0.26|0.52|-1.03|3.86|3.89|3.90|3.84|7.47|3.88|10249200|39723992.00|1|0.0000|0.0000|0.0000|0|3.88
南京银行|601009|0.97|34485081|359663104.00|0.10|1.35|-0.29|10.44|10.35|10.48|10.31|34.49|10.34|28322972|292271200.00|1|0.0000|0.0000|0.0000|0|10.34
文峰股份|601010|-1.36|23188900|67284688.00|-0.34|0.00|-2.04|2.90|2.93|2.94|2.88|23.19|2.94|31862713|93849048.00|1|0.0000|0.0000|0.0000|0|2.94
宝泰隆|601011|-0.78|16029308|40794600.00|-0.39|0.39|-1.17|2.54|2.55|2.57|2.53|16.03|2.56|20298800|52049800.00|1|0.0000|0.0000|0.0000|0|2.56
隆基绿能|601012|-0.50|44738069|716440064.00|-0.31|0.56|-0.75|15.96|15.99|16.13|15.92|44.74|16.04|66493317|1063764224.00|1|0.0000|0.0000|0.0000|0|16.04
陕西黑猫|601015|0.00|15412249|47754704.00|0.00|0.64|-1.29|3.11|3.11|3.13|3.07|15.41|3.11|20659990|64373080.00|1|0.0000|0.0000|0.0000|0|3.11
节能风电|601016|-1.00|51652910|153175776.00|0.00|0.00|-1.34|2.96|2.99|2.99|2.95|51.65|2.99|67446139|202236480.00|1|0.0000|0.0000|0.0000|0|2.99
宁波港|601018|-0.81|19996900|73687608.00|0.00|0.00|-1.34|3.69|3.72|3.72|3.67|20.00|3.72|23156600|86193736.00|1|0.0000|0.0000|0.0000|0|3.72
山东出版|601019|0.61|6514985|64526608.00|-0.40|0.81|-0.61|9.96|9.86|9.98|9.84|6.51|9.90|9959990|98532160.00|1|0.0000|0.0000|0.0000|0|9.90
华钰矿业|601020|-0.36|41420222|811963712.00|0.00|1.23|-0.92|19.52|19.59|19.83|19.41|41.42|19.59|68518936|1355876352.00|1|0.0000|0.0000|0.0000|0|19.59
春秋航空|601021|-0.73|3975178|206040960.00|0.13|0.62|-1.15|51.65|52.10|52.35|51.43|3.98|52.03|3340650|173442480.00|1|0.0000|0.0000|0.0000|0|52.03
宁波远洋|601022|-0.73|5333900|43460396.00|-0.73|0.00|-1.10|8.14|8.14|8.20|8.11|5.33|8.20|7130600|58361496.00|1|0.0000|0.0000|0.0000|0|8.20
永兴股份|601033|2.13|17278738|274721280.00|1.16|3.61|0.52|15.85|15.70|16.08|15.60|17.28|15.52|11447835|175976800.00|1|0.0000|0.0000|0.0000|0|15.52
一拖股份|601038|-0.51|3701200|50744032.00|-0.22|0.22|-0.58|13.68|13.72|13.78|13.67|3.70|13.75|5471000|75106800.00|1|0.0000|0.0000|0.0000|0|13.75
赛轮轮胎|601058|-2.03|21940900|320727520.00|0.14|0.68|-2.10|14.49|14.81|14.89|14.48|21.94|14.79|43159583|641860032.00|1|0.0000|0.0000|0.0000|0|14.79
信达证券|601059|-0.19|21262500|339877984.00|-0.44|0.75|-0.75|15.97|15.93|16.12|15.88|21.26|16.00|31692700|509315296.00|1|0.0000|0.0000|0.0000|0|16.00
中信金属|601061|-1.41|12572262|96835080.00|0.13|0.13|-1.67|7.68|7.80|7.80|7.66|12.57|7.79|16779288|130900048.00|1|0.0000|0.0000|0.0000|0|7.79
江盐集团|601065|-0.23|2863100|25042232.00|-0.11|0.23|-0.57|8.74|8.75|8.78|8.71|2.86|8.76|4605900|40178204.00|1|0.0000|0.0000|0.0000|0|8.76
中信建投|601066|0.90|12451697|307865664.00|-0.37|1.76|-0.37|24.71|24.40|24.92|24.40|12.45|24.49|13551145|330401824.00|1|0.0000|0.0000|0.0000|0|24.49
中铝国际|601068|0.86|15216500|70977248.00|0.00|1.72|-1.08|4.68|4.64|4.72|4.59|15.22|4.64|22470600|104127536.00|1|0.0000|0.0000|0.0000|0|4.64
西部黄金|601069|-6.17|55711119|879106688.00|-1.03|-0.79|-7.14|15.50|16.35|16.39|15.34|55.71|16.52|73996353|1239770368.00|1|0.0000|0.0000|0.0000|0|16.52
渝农商行|601077|1.49|41937920|255997792.00|-0.17|1.49|-0.33|6.13|6.03|6.13|6.02|41.94|6.04|32543500|196008176.00|1|0.0000|0.0000|0.0000|0|6.04
锦江航运|601083|0.00|7704918|74587648.00|-0.31|0.62|-0.52|9.68|9.65|9.74|9.63|7.70|9.68|15722710|152104880.00|1|0.0000|0.0000|0.0000|0|9.68
国芳集团|601086|0.63|6428999|30485374.00|-0.63|1.06|-1.27|4.76|4.70|4.78|4.67|6.43|4.73|8786050|41247000.00|1|0.0000|0.0000|0.0000|0|4.73
中国神华|601088|0.00|19421142|748315584.00|0.23|0.23|-0.88|38.65|38.74|38.74|38.31|19.42|38.65|23504026|905765312.00|1|0.0000|0.0000|0.0000|0|38.65
福元医药|601089|0.44|3237349|51549936.00|0.57|0.63|-0.63|15.98|16.00|16.01|15.81|3.24|15.91|5282442|83916024.00|1|0.0000|0.0000|0.0000|0|15.91
宏盛华源|601096|0.23|9992005|42718336.00|-0.23|0.70|-0.70|4.28|4.26|4.30|4.24|9.99|4.27|14064500|59959012.00|1|0.0000|0.0000|0.0000|0|4.27
中南传媒|601098|0.42|18231034|259912448.00|-0.28|0.77|-0.84|14.35|14.25|14.40|14.17|18.23|14.29|21713557|309475136.00|1|0.0000|0.0000|0.0000|0|14.29
太平洋|601099|0.52|68422994|265283424.00|-0.26|1.04|-0.26|3.88|3.85|3.90|3.85|68.42|3.86|81791729|316553696.00|1|0.0000|0.0000|0.0000|0|3.86
恒立液压|601100|-0.03|5781380|463487744.00|-0.26|1.38|-0.41|79.88|79.69|81.00|79.57|5.78|79.90|9088928|726187776.00|1|0.0000|0.0000|0.0000|0|79.90
昊华能源|601101|-0.41|6027921|44473764.00|-0.41|0.27|-1.08|7.37|7.37|7.42|7.32|6.03|7.40|13338509|98180312.00|1|0.0000|0.0000|0.0000|0|7.40
中国一重|601106|-1.77|47898500|133358192.00|-0.71|0.00|-2.13|2.77|2.80|2.82|2.76|47.90|2.82|69073685|193423056.00|1|0.0000|0.0000|0.0000|0|2.82
四川成渝|601107|-1.84|36718178|197462336.00|0.92|1.10|-2.58|5.33|5.48|5.49|5.29|36.72|5.43|59789051|322562848.00|1|0.0000|0.0000|0.0000|0|5.43
财通证券|601108|0.51|20581344|162003776.00|-0.13|0.89|-0.26|7.87|7.82|7.90|7.81|20.58|7.83|21858111|171334960.00|1|0.0000|0.0000|0.0000|0|7.83
中国国航|601111|-0.28|35933133|256452640.00|-0.14|0.70|-0.70|7.13|7.14|7.20|7.10|35.93|7.15|62769409|447537760.00|1|0.0000|0.0000|0.0000|0|7.15
华鼎股份|601113|0.00|13711569|58878296.00|-0.23|0.47|-1.16|4.30|4.29|4.32|4.25|13.71|4.30|14384344|61810256.00|1|0.0000|0.0000|0.0000|0|4.30
三江购物|601116|0.27|4556150|51014280.00|-0.36|0.80|-1.07|11.22|11.15|11.28|11.07|4.56|11.19|5851750|66257116.00|1|0.0000|0.0000|0.0000|0|11.19
中国化学|601117|0.14|22110300|160293424.00|0.00|0.28|-0.83|7.27|7.26|7.28|7.20|22.11|7.26|33183796|240682224.00|1|0.0000|0.0000|0.0000|0|7.26
海南橡胶|601118|3.15|77069128|403528544.00|-0.39|8.86|-0.98|5.24|5.06|5.53|5.03|77.07|5.08|25582500|129533320.00|1|0.0000|0.0000|0.0000|0|5.08
宝地矿业|601121|-0.33|4898400|29662678.00|-0.50|0.50|-0.99|6.04|6.03|6.09|6.00|4.90|6.06|8878700|53698160.00|1|0.0000|0.0000|0.0000|0|6.06
四方股份|601126|0.82|9882377|168885504.00|0.00|0.82|-1.35|17.20|17.06|17.20|16.83|9.88|17.06|11849000|201690576.00|1|0.0000|0.0000|0.0000|0|17.06
赛力斯|601127|-0.41|12071787|1513931904.00|-0.01|0.54|-1.00|125.31|125.81|126.50|124.56|12.07|125.82|16884434|2132002048.00|1|0.0000|0.0000|0.0000|0|125.82
常熟银行|601128|0.57|33337721|235829232.00|0.00|1.28|0.00|7.06|7.02|7.11|7.02|33.34|7.02|32302839|226591120.00|1|0.0000|0.0000|0.0000|0|7.02
柏诚股份|601133|-0.51|3222376|38253136.00|0.25|2.11|-0.76|11.78|11.87|12.09|11.75|3.22|11.84|4596945|54338120.00|1|0.0000|0.0000|0.0000|0|11.84
首创证券|601136|-0.09|14468607|309771552.00|-0.61|0.61|-0.65|21.40|21.29|21.55|21.28|14.47|21.42|20001515|426694208.00|1|0.0000|0.0000|0.0000|0|21.42
博威合金|601137|0.15|7486774|150983088.00|-0.35|0.95|-0.35|20.13|20.03|20.29|20.03|7.49|20.10|11949299|240021904.00|1|0.0000|0.0000|0.0000|0|20.10
工业富联|601138|-0.10|47903170|961073152.00|-0.35|0.80|-0.50|20.00|19.95|20.18|19.92|47.90|20.02|57477698|1148515712.00|1|0.0000|0.0000|0.0000|0|20.02
深圳燃气|601139|-1.03|9349510|62977664.00|0.00|0.15|-1.18|6.72|6.79|6.80|6.71|9.35|6.79|16667484|112490184.00|1|0.0000|0.0000|0.0000|0|6.79
新城控股|601155|-0.40|7639774|94587480.00|-0.24|0.73|-1.53|12.36|12.38|12.50|12.22|7.64|12.41|15450736|189764336.00|1|0.0000|0.0000|0.0000|0|12.41
东航物流|601156|0.28|12817482|183464640.00|-0.14|0.49|-0.56|14.35|14.29|14.38|14.23|12.82|14.31|15196487|216364768.00|1|0.0000|0.0000|0.0000|0|14.31
重庆水务|601158|-1.61|13706300|67184144.00|-0.40|0.20|-2.22|4.88|4.94|4.97|4.85|13.71|4.96|15788390|77604912.00|1|0.0000|0.0000|0.0000|0|4.96
天风证券|601162|-0.24|92847697|390532736.00|-0.24|0.71|-0.24|4.19|4.19|4.23|4.19|92.85|4.20|116561468|491501376.00|1|0.0000|0.0000|0.0000|0|4.20
三角轮胎|601163|0.13|2634200|40274696.00|-0.13|0.59|-0.39|15.27|15.23|15.34|15.19|2.63|15.25|3042299|46492076.00|1|0.0000|0.0000|0.0000|0|15.25
兴业银行|601166|-0.05|38462628|819669632.00|-0.28|0.85|-0.33|21.25|21.20|21.44|21.19|38.46|21.26|61300103|1305558016.00|1|0.0000|0.0000|0.0000|0|21.26
西部矿业|601168|-0.18|25034934|424310400.00|-0.06|0.83|-1.00|16.91|16.93|17.08|16.77|25.03|16.94|24150710|410113920.00|1|0.0000|0.0000|0.0000|0|16.94
北京银行|601169|2.81|154220310|950729216.00|0.00|2.98|0.00|6.21|6.04|6.22|6.04|154.22|6.04|101390482|611848704.00|1|0.0000|0.0000|0.0000|0|6.04
杭齿前进|601177|0.06|18829940|328463488.00|-0.29|1.96|-0.75|17.36|17.30|17.69|17.22|18.83|17.35|23595411|413306016.00|1|0.0000|0.0000|0.0000|0|17.35
中国西电|601179|0.00|45802233|308997376.00|0.00|0.89|-1.62|6.77|6.77|6.83|6.66|45.80|6.77|59995897|402921184.00|1|0.0000|0.0000|0.0000|0|6.77
中国铁建|601186|0.12|21457511|172752704.00|0.12|0.50|-0.25|8.05|8.05|8.08|8.02|21.46|8.04|39666048|317786368.00|1|0.0000|0.0000|0.0000|0|8.04
厦门银行|601187|1.69|18717410|111706272.00|0.00|1.69|0.00|6.00|5.90|6.00|5.90|18.72|5.90|13138382|77283976.00|1|0.0000|0.0000|0.0000|0|5.90
龙江交通|601188|2.89|83301215|295141728.00|-0.87|8.38|-0.87|3.56|3.43|3.75|3.43|83.30|3.46|74424266|259378672.00|1|0.0000|0.0000|0.0000|0|3.46
东兴证券|601198|0.95|22170800|257584384.00|-0.26|1.13|-0.26|11.65|11.51|11.67|11.51|22.17|11.54|25670300|296654464.00|1|0.0000|0.0000|0.0000|0|11.54
江南水务|601199|-0.74|5087300|27195640.00|0.19|0.19|-1.12|5.34|5.39|5.39|5.32|5.09|5.38|6642300|35490612.00|1|0.0000|0.0000|0.0000|0|5.38
上海环境|601200|-0.85|4781640|39095172.00|-0.24|0.12|-1.09|8.15|8.20|8.23|8.13|4.78|8.22|9899740|80934432.00|1|0.0000|0.0000|0.0000|0|8.22
东材科技|601208|-2.05|11433250|109482456.00|-0.62|0.21|-2.77|9.54|9.68|9.76|9.47|11.43|9.74|16313303|158588160.00|1|0.0000|0.0000|0.0000|0|9.74
国泰海通|601211|0.23|28838504|497469856.00|-0.12|0.52|-0.29|17.25|17.19|17.30|17.16|28.84|17.21|40829582|701619136.00|1|0.0000|0.0000|0.0000|0|17.21
白银有色|601212|-2.36|63503231|185721200.00|-0.34|-0.34|-2.36|2.90|2.96|2.96|2.90|63.50|2.97|78206928|232144560.00|1|0.0000|0.0000|0.0000|0|2.97
君正集团|601216|0.00|28907832|159601744.00|-0.36|0.54|-0.36|5.52|5.50|5.55|5.50|28.91|5.52|42626253|235871952.00|1|0.0000|0.0000|0.0000|0|5.52
吉鑫科技|601218|0.31|21492200|70158768.00|0.31|1.23|-1.84|3.27|3.27|3.30|3.20|21.49|3.26|26242936|85201896.00|1|0.0000|0.0000|0.0000|0|3.26
林洋能源|601222|-0.60|14429524|95846224.00|-0.30|0.15|-0.75|6.63|6.65|6.68|6.62|14.43|6.67|20232752|134560816.00|1|0.0000|0.0000|0.0000|0|6.67
陕西煤业|601225|0.70|29414273|594884608.00|0.00|1.54|-0.35|20.21|20.07|20.38|20.00|29.41|20.07|26656127|531302400.00|1|0.0000|0.0000|0.0000|0|20.07
华电科工|601226|-1.37|16781650|109199080.00|0.31|0.61|-1.53|6.46|6.57|6.59|6.45|16.78|6.55|22623209|148541792.00|1|0.0000|0.0000|0.0000|0|6.55
广州港|601228|-0.31|20968100|68208488.00|0.00|0.62|-0.31|3.24|3.25|3.27|3.24|20.97|3.25|35557950|114902872.00|1|0.0000|0.0000|0.0000|0|3.25
上海银行|601229|1.10|50646932|510230240.00|0.10|1.81|0.00|10.08|9.98|10.15|9.97|50.65|9.97|48705225|481922976.00|1|0.0000|0.0000|0.0000|0|9.97
环旭电子|601231|-0.55|12547854|206645392.00|-0.79|1.21|-0.79|16.39|16.35|16.68|16.35|12.55|16.48|33364200|556497536.00|1|0.0000|0.0000|0.0000|0|16.48
桐昆股份|601233|0.42|12125289|143558432.00|-0.42|0.51|-1.10|11.90|11.80|11.91|11.72|12.13|11.85|12173155|143824752.00|1|0.0000|0.0000|0.0000|0|11.85
红塔证券|601236|0.39|16584815|129569824.00|0.00|0.77|-0.39|7.82|7.79|7.85|7.76|16.58|7.79|21054047|163972592.00|1|0.0000|0.0000|0.0000|0|7.79
广汽集团|601238|-1.41|22486502|189705360.00|-0.35|-0.12|-1.52|8.41|8.50|8.52|8.40|22.49|8.53|24936750|212496304.00|1|0.0000|0.0000|0.0000|0|8.53
英利汽车|601279|1.10|11080385|40448336.00|0.28|1.93|-1.38|3.66|3.63|3.69|3.57|11.08|3.62|11570467|42082532.00|1|0.0000|0.0000|0.0000|0|3.62
农业银行|601288|0.78|386085415|1989944960.00|-0.19|0.97|-0.19|5.17|5.12|5.18|5.12|386.09|5.13|479432838|2458033152.00|1|0.0000|0.0000|0.0000|0|5.13
青岛港|601298|0.30|34464682|345612704.00|0.00|1.60|-0.90|10.03|10.00|10.16|9.91|34.46|10.00|29705329|294610752.00|1|0.0000|0.0000|0.0000|0|10.00
骆驼股份|601311|-0.47|15854820|133934992.00|0.00|0.71|-1.06|8.43|8.47|8.53|8.38|15.85|8.47|11961370|101543760.00|1|0.0000|0.0000|0.0000|0|8.47
中国平安|601318|0.46|28327427|1467236096.00|-0.08|0.66|-0.17|51.86|51.58|51.96|51.53|28.33|51.62|39432057|2035352448.00|1|0.0000|0.0000|0.0000|0|51.62
中国人保|601319|1.16|43592900|304183200.00|0.43|1.45|0.14|6.99|6.94|7.01|6.92|43.59|6.91|52635700|361897952.00|1|0.0000|0.0000|0.0000|0|6.91
秦港股份|601326|0.00|19862837|66360236.00|0.00|0.30|-1.78|3.37|3.37|3.38|3.31|19.86|3.37|17385200|58442208.00|1|0.0000|0.0000|0.0000|0|3.37
交通银行|601328|2.29|167344227|1256645760.00|-0.27|2.29|-0.27|7.58|7.39|7.58|7.39|167.34|7.41|139480372|1032521024.00|1|0.0000|0.0000|0.0000|0|7.41
绿色动力|601330|1.05|11262318|75609968.00|0.00|1.80|-0.60|6.74|6.67|6.79|6.63|11.26|6.67|14638342|97600448.00|1|0.0000|0.0000|0.0000|0|6.67
广深铁路|601333|0.00|27485925|79613448.00|-0.34|0.34|-0.34|2.90|2.89|2.91|2.89|27.49|2.90|47668896|138452192.00|1|0.0000|0.0000|0.0000|0|2.90
新华保险|601336|1.05|22930509|1196151424.00|0.17|2.31|-0.14|52.11|51.66|52.76|51.50|22.93|51.57|17202174|889473024.00|1|0.0000|0.0000|0.0000|0|51.57
百隆东方|601339|2.98|8507913|46381616.00|0.00|3.17|-0.56|5.53|5.37|5.54|5.34|8.51|5.37|5595649|29821736.00|1|0.0000|0.0000|0.0000|0|5.37
三六零|601360|0.38|37534509|393446080.00|0.10|1.05|-0.29|10.47|10.44|10.54|10.40|37.53|10.43|49562198|518640800.00|1|0.0000|0.0000|0.0000|0|10.43
利群股份|601366|0.00|3957700|18539502.00|0.00|1.72|-0.64|4.66|4.66|4.74|4.63|3.96|4.66|3272400|15197629.00|1|0.0000|0.0000|0.0000|0|4.66
绿城水务|601368|-1.24|5298450|25432796.00|-0.21|0.00|-1.65|4.79|4.84|4.85|4.77|5.30|4.85|7879000|37919144.00|1|0.0000|0.0000|0.0000|0|4.85
陕鼓动力|601369|-2.22|11864522|105429168.00|-0.33|0.11|-2.33|8.80|8.97|9.01|8.79|11.86|9.00|18009093|161271520.00|1|0.0000|0.0000|0.0000|0|9.00
中原证券|601375|0.49|28043380|114712288.00|-0.25|0.74|-0.49|4.10|4.07|4.11|4.06|28.04|4.08|30287700|123318408.00|1|0.0000|0.0000|0.0000|0|4.08
兴业证券|601377|0.17|21854734|129720000.00|0.17|0.68|-0.17|5.93|5.93|5.96|5.91|21.85|5.92|29019402|171602448.00|1|0.0000|0.0000|0.0000|0|5.92
怡球资源|601388|-1.23|25616600|61651776.00|-0.41|0.41|-1.65|2.40|2.42|2.44|2.39|25.62|2.43|31039771|75592928.00|1|0.0000|0.0000|0.0000|0|2.43
中国中铁|601390|0.36|52505164|292712352.00|-0.18|0.72|-0.36|5.58|5.55|5.60|5.54|52.51|5.56|86812429|481851968.00|1|0.0000|0.0000|0.0000|0|5.56
工商银行|601398|0.74|309974434|2116421248.00|-0.15|0.88|-0.29|6.85|6.79|6.86|6.78|309.97|6.80|428429119|2917602560.00|1|0.0000|0.0000|0.0000|0|6.80
国机重装|601399|0.95|175816703|561993856.00|-0.63|3.79|-1.58|3.20|3.15|3.29|3.12|175.82|3.17|199828176|628356608.00|1|0.0000|0.0000|0.0000|0|3.17
国联民生|601456|0.39|13457545|139093152.00|-0.29|0.78|-0.48|10.35|10.28|10.39|10.26|13.46|10.31|18292678|188355456.00|1|0.0000|0.0000|0.0000|0|10.31
通用股份|601500|1.44|144594058|834325184.00|9.93|9.93|0.90|5.62|6.09|6.09|5.59|144.59|5.54|33197558|184381424.00|1|0.0000|0.0000|0.0000|0|5.54
中新集团|601512|-0.52|1516600|11573627.00|0.13|0.13|-0.78|7.62|7.67|7.67|7.60|1.52|7.66|2370184|18137678.00|1|0.0000|0.0000|0.0000|0|7.66
衢州东峰|601515|0.63|16847726|53623124.00|0.32|2.22|-0.63|3.17|3.16|3.22|3.13|16.85|3.15|14613796|46395488.00|1|0.0000|0.0000|0.0000|0|3.15
吉林高速|601518|0.00|9302886|26316594.00|-0.35|0.71|-0.71|2.83|2.82|2.85|2.81|9.30|2.83|13414503|37784188.00|1|0.0000|0.0000|0.0000|0|2.83
大智慧|601519|2.90|179319656|1731846016.00|-1.83|8.17|-1.83|9.57|9.13|10.06|9.13|179.32|9.30|210499520|2048652800.00|1|0.0000|0.0000|0.0000|0|9.30
瑞丰银行|601528|1.32|24485671|130937592.00|-0.19|1.89|-0.19|5.36|5.28|5.39|5.28|24.49|5.29|23181174|122809392.00|1|0.0000|0.0000|0.0000|0|5.29
东吴证券|601555|1.16|20629622|161601632.00|0.13|1.16|-0.13|7.86|7.78|7.86|7.76|20.63|7.77|26488190|206756032.00|1|0.0000|0.0000|0.0000|0|7.77
九牧王|601566|2.42|5911100|52307704.00|0.23|3.23|-0.12|8.89|8.70|8.96|8.67|5.91|8.68|3110800|26920002.00|1|0.0000|0.0000|0.0000|0|8.68
三星医疗|601567|0.85|3450400|102214360.00|0.17|1.36|-0.81|29.75|29.55|29.90|29.26|3.45|29.50|7212727|212858320.00|1|0.0000|0.0000|0.0000|0|29.50
北元集团|601568|-0.49|12125349|49056788.00|0.00|0.74|-0.74|4.03|4.05|4.08|4.02|12.13|4.05|17012404|68746232.00|1|0.0000|0.0000|0.0000|0|4.05
长沙银行|601577|2.95|30820763|288424320.00|0.11|3.17|0.11|9.42|9.16|9.44|9.16|30.82|9.15|19143600|174816912.00|1|0.0000|0.0000|0.0000|0|9.15
会稽山|601579|10.03|42947764|516700288.00|5.15|10.03|5.15|12.18|11.64|12.18|11.64|42.95|11.07|21795985|241067968.00|1|0.0000|0.0000|0.0000|0|11.07
北辰实业|601588|0.00|7369988|12746321.00|0.00|0.58|-0.58|1.73|1.73|1.74|1.72|7.37|1.73|9999900|17352792.00|1|0.0000|0.0000|0.0000|0|1.73
上海电影|601595|-1.11|8885212|275646592.00|-0.38|1.11|-3.17|31.15|31.38|31.85|30.50|8.89|31.50|18150181|566762752.00|1|0.0000|0.0000|0.0000|0|31.50
中国外运|601598|-0.58|13117267|67701424.00|0.19|0.58|-0.77|5.14|5.18|5.20|5.13|13.12|5.17|21524123|111742992.00|1|0.0000|0.0000|0.0000|0|5.17
浙文影业|601599|0.83|7573800|27572744.00|0.00|1.39|-0.55|3.64|3.61|3.66|3.59|7.57|3.61|8354700|30288448.00|1|0.0000|0.0000|0.0000|0|3.61
中国铝业|601600|-1.97|94661915|711464064.00|-0.53|0.13|-2.23|7.46|7.57|7.62|7.44|94.66|7.61|124520998|940555584.00|1|0.0000|0.0000|0.0000|0|7.61
中国太保|601601|-0.40|29800829|970902848.00|-0.03|1.08|-0.71|32.41|32.53|32.89|32.31|29.80|32.54|30129828|978218624.00|1|0.0000|0.0000|0.0000|0|32.54
长城军工|601606|-1.87|7763200|94117488.00|-0.65|-0.24|-2.11|12.08|12.23|12.28|12.05|7.76|12.31|12668700|155683264.00|1|0.0000|0.0000|0.0000|0|12.31
上海医药|601607|-0.47|7309073|138354736.00|-0.16|0.53|-0.68|18.91|18.97|19.10|18.87|7.31|19.00|16944453|321098656.00|1|0.0000|0.0000|0.0000|0|19.00
中信重工|601608|1.06|197435577|945348160.00|-0.42|4.25|-1.27|4.76|4.69|4.91|4.65|197.44|4.71|178976645|845671040.00|1|0.0000|0.0000|0.0000|0|4.71
金田股份|601609|0.00|9921500|63362096.00|0.31|1.42|-0.31|6.36|6.38|6.45|6.34|9.92|6.36|11405000|72834320.00|1|0.0000|0.0000|0.0000|0|6.36
中国核建|601611|-3.41|98065499|895051072.00|-1.49|-1.07|-3.41|9.06|9.24|9.28|9.06|98.07|9.38|143350678|1340042752.00|1|0.0000|0.0000|0.0000|0|9.38
明阳智能|601615|0.18|15230560|166099680.00|-0.27|0.64|-0.92|10.94|10.89|10.99|10.82|15.23|10.92|19059465|209041392.00|1|0.0000|0.0000|0.0000|0|10.92
广电电气|601616|-0.45|17325600|77534784.00|-0.67|0.67|-0.89|4.46|4.45|4.51|4.44|17.33|4.48|21083800|94788736.00|1|0.0000|0.0000|0.0000|0|4.48
中国中冶|601618|0.33|79749143|242103744.00|0.33|1.32|-0.33|3.03|3.03|3.06|3.01|79.75|3.02|112982715|341437504.00|1|0.0000|0.0000|0.0000|0|3.02
嘉泽新能|601619|-1.64|40068759|143964096.00|-0.55|0.00|-2.47|3.59|3.63|3.65|3.56|40.07|3.65|63827700|233232032.00|1|0.0000|0.0000|0.0000|0|3.65
中国人寿|601628|0.03|11723121|438206624.00|0.00|0.62|-0.64|37.40|37.39|37.62|37.15|11.72|37.39|12372361|462567456.00|1|0.0000|0.0000|0.0000|0|37.39
长城汽车|601633|-0.47|12665927|323182208.00|-0.16|0.04|-1.56|25.58|25.66|25.71|25.30|12.67|25.70|23388856|600734848.00|1|0.0000|0.0000|0.0000|0|25.70
旗滨集团|601636|0.35|9831700|56770244.00|0.35|1.39|-0.35|5.77|5.77|5.83|5.73|9.83|5.75|7408426|42563316.00|1|0.0000|0.0000|0.0000|0|5.75
邮储银行|601658|0.58|192909046|999223360.00|-0.19|0.78|-0.19|5.19|5.15|5.20|5.15|192.91|5.16|296509477|1533349632.00|1|0.0000|0.0000|0.0000|0|5.16
齐鲁银行|601665|2.15|39621019|243829840.00|0.00|2.64|-0.33|6.18|6.05|6.21|6.03|39.62|6.05|26354273|159243008.00|1|0.0000|0.0000|0.0000|0|6.05
平煤股份|601666|0.23|12391408|108339320.00|0.00|0.92|-0.23|8.73|8.71|8.79|8.69|12.39|8.71|16269894|141303264.00|1|0.0000|0.0000|0.0000|0|8.71
中国建筑|601668|0.19|150384522|793135616.00|-0.19|0.57|-0.57|5.28|5.26|5.30|5.24|150.38|5.27|224865572|1183233536.00|1|0.0000|0.0000|0.0000|0|5.27
中国电建|601669|0.42|44876914|216406464.00|0.00|0.62|-0.21|4.83|4.81|4.84|4.80|44.88|4.81|58425375|281115040.00|1|0.0000|0.0000|0.0000|0|4.81
明泰铝业|601677|-0.70|10656554|136829680.00|-0.54|0.47|-0.93|12.80|12.82|12.95|12.77|10.66|12.89|12883652|166026768.00|1|0.0000|0.0000|0.0000|0|12.89
滨化股份|601678|-1.00|44337915|176193232.00|-0.50|0.75|-1.50|3.96|3.98|4.03|3.94|44.34|4.00|53578461|212803792.00|1|0.0000|0.0000|0.0000|0|4.00
友发集团|601686|0.00|1719140|9461123.00|0.54|0.54|-0.54|5.51|5.54|5.54|5.48|1.72|5.51|2913979|15977726.00|1|0.0000|0.0000|0.0000|0|5.51
华泰证券|601688|-0.12|50487207|827896512.00|-0.18|0.55|-0.43|16.38|16.37|16.49|16.33|50.49|16.40|94029253|1544754176.00|1|0.0000|0.0000|0.0000|0|16.40
拓普集团|601689|1.85|23951748|1397037184.00|0.07|2.46|0.07|58.44|57.42|58.79|57.42|23.95|57.38|17601757|1017140992.00|1|0.0000|0.0000|0.0000|0|57.38
中银证券|601696|0.76|10607500|111713880.00|-0.10|0.96|-0.29|10.55|10.46|10.57|10.44|10.61|10.47|12375400|129630600.00|1|0.0000|0.0000|0.0000|0|10.47
中国卫通|601698|-0.36|16332500|316620768.00|0.10|0.10|-1.44|19.44|19.53|19.53|19.23|16.33|19.51|23682691|459401600.00|1|0.0000|0.0000|0.0000|0|19.51
潞安环能|601699|-0.24|9089630|111640664.00|-0.41|0.81|-0.65|12.24|12.22|12.37|12.19|9.09|12.27|12295710|149968416.00|1|0.0000|0.0000|0.0000|0|12.27
风范股份|601700|-1.52|11689300|53475308.00|-0.22|0.43|-1.95|4.54|4.60|4.63|4.52|11.69|4.61|10088900|46578964.00|1|0.0000|0.0000|0.0000|0|4.61
华峰铝业|601702|-1.21|2708867|53340152.00|-0.20|0.81|-1.36|19.58|19.78|19.98|19.55|2.71|19.82|5601900|110900720.00|1|0.0000|0.0000|0.0000|0|19.82
中创智领|601717|0.84|41429208|645538304.00|0.19|3.12|-0.32|15.52|15.42|15.87|15.34|41.43|15.39|45851338|713671488.00|1|0.0000|0.0000|0.0000|0|15.39
际华集团|601718|-0.38|20482573|54344880.00|0.00|0.38|-0.75|2.65|2.66|2.67|2.64|20.48|2.66|25839901|68654048.00|1|0.0000|0.0000|0.0000|0|2.66
上海电气|601727|-1.03|83781744|645563648.00|0.39|0.39|-1.42|7.69|7.80|7.80|7.66|83.78|7.77|126381501|984217088.00|1|0.0000|0.0000|0.0000|0|7.77
中国电信|601728|0.90|80060137|627581248.00|-0.38|1.15|-0.64|7.88|7.78|7.90|7.76|80.06|7.81|98649368|767665792.00|1|0.0000|0.0000|0.0000|0|7.81
中国中车|601766|-0.72|79293364|551705280.00|0.14|1.00|-0.86|6.93|6.99|7.05|6.92|79.29|6.98|118259604|825469312.00|1|0.0000|0.0000|0.0000|0|6.98
千里科技|601777|2.27|45792054|387500832.00|0.12|2.51|-1.19|8.57|8.39|8.59|8.28|45.79|8.38|58511500|492722528.00|1|0.0000|0.0000|0.0000|0|8.38
晶科科技|601778|-0.71|27316300|76455144.00|0.00|0.35|-1.42|2.80|2.82|2.83|2.78|27.32|2.82|40822269|114432416.00|1|0.0000|0.0000|0.0000|0|2.82
光大证券|601788|-0.12|12505119|214574112.00|-0.23|0.52|-0.35|17.13|17.11|17.24|17.09|12.51|17.15|16856446|288843808.00|1|0.0000|0.0000|0.0000|0|17.15
宁波建工|601789|-0.90|42303200|235231984.00|-1.43|1.25|-1.43|5.53|5.50|5.65|5.50|42.30|5.58|55188537|311874880.00|1|0.0000|0.0000|0.0000|0|5.58
蓝科高新|601798|-1.67|11246400|73637528.00|0.15|0.61|-1.97|6.49|6.61|6.64|6.47|11.25|6.60|14408100|95712576.00|1|0.0000|0.0000|0.0000|0|6.60
星宇股份|601799|-0.87|1273632|170821456.00|-0.19|0.54|-1.52|133.99|134.90|135.89|133.10|1.27|135.16|1668238|226995984.00|1|0.0000|0.0000|0.0000|0|135.16
中国交建|601800|-0.22|19494700|180245808.00|-0.22|0.43|-0.65|9.23|9.23|9.29|9.19|19.49|9.25|22483262|206893152.00|1|0.0000|0.0000|0.0000|0|9.25
皖新传媒|601801|0.00|10754600|74868312.00|-0.14|0.86|-0.43|6.96|6.95|7.02|6.93|10.75|6.96|17372900|120932072.00|1|0.0000|0.0000|0.0000|0|6.96
中海油服|601808|-1.05|13082484|184203504.00|-0.63|-0.28|-1.69|14.09|14.15|14.20|14.00|13.08|14.24|16620024|237490176.00|1|0.0000|0.0000|0.0000|0|14.24
新华文轩|601811|-1.09|7056076|109662224.00|-0.51|0.96|-1.28|15.46|15.55|15.78|15.43|7.06|15.63|11736600|181560832.00|1|0.0000|0.0000|0.0000|0|15.63
京沪高铁|601816|0.18|62900418|354947392.00|0.00|0.53|-0.53|5.65|5.64|5.67|5.61|62.90|5.64|87917795|494429088.00|1|0.0000|0.0000|0.0000|0|5.64
光大银行|601818|1.87|219359243|833159104.00|-0.27|2.41|-0.27|3.81|3.73|3.83|3.73|219.36|3.74|216926312|809112384.00|1|0.0000|0.0000|0.0000|0|3.74
沪农商行|601825|1.54|23779300|203833440.00|0.00|2.13|0.00|8.58|8.45|8.63|8.45|23.78|8.45|22121000|185541040.00|1|0.0000|0.0000|0.0000|0|8.45
三峰环境|601827|-1.75|4124000|34873068.00|0.00|0.47|-1.99|8.40|8.55|8.59|8.38|4.12|8.55|6411200|54642404.00|1|0.0000|0.0000|0.0000|0|8.55
美凯龙|601828|-0.66|7658397|23074180.00|0.00|0.66|-0.66|3.00|3.02|3.04|3.00|7.66|3.02|13713480|41363340.00|1|0.0000|0.0000|0.0000|0|3.02
成都银行|601838|0.47|15161691|262196736.00|-0.23|0.99|-0.23|17.28|17.16|17.37|17.16|15.16|17.20|14393644|247214368.00|1|0.0000|0.0000|0.0000|0|17.20
中国石油|601857|-0.97|103075912|843487296.00|0.00|0.24|-1.21|8.17|8.25|8.27|8.15|103.08|8.25|136710992|1126953088.00|1|0.0000|0.0000|0.0000|0|8.25
中国科传|601858|0.66|1738468|34377008.00|0.10|1.42|-0.20|19.79|19.68|19.94|19.62|1.74|19.66|2673081|52956524.00|1|0.0000|0.0000|0.0000|0|19.66
紫金银行|601860|1.08|60218248|169338080.00|0.00|1.43|-0.36|2.82|2.79|2.83|2.78|60.22|2.79|43754262|121753008.00|1|0.0000|0.0000|0.0000|0|2.79
福莱特|601865|-0.94|7337000|131431336.00|0.06|0.11|-1.22|17.87|18.05|18.06|17.82|7.34|18.04|12329788|222231152.00|1|0.0000|0.0000|0.0000|0|18.04
中远海发|601866|0.00|28964172|67868744.00|0.00|0.43|-0.43|2.34|2.34|2.35|2.33|28.96|2.34|54888097|128676280.00|1|0.0000|0.0000|0.0000|0|2.34
中国能建|601868|0.00|121839590|278842304.00|0.00|0.44|-0.44|2.29|2.29|2.30|2.28|121.84|2.29|187251406|427219424.00|1|0.0000|0.0000|0.0000|0|2.29
长飞光纤|601869|1.00|4233383|145797296.00|0.12|3.17|-0.32|34.36|34.06|35.10|33.91|4.23|34.02|3356591|114095376.00|1|0.0000|0.0000|0.0000|0|34.02
招商轮船|601872|-0.76|45533705|300740512.00|0.15|1.21|-1.21|6.56|6.62|6.69|6.53|45.53|6.61|57134010|376020000.00|1|0.0000|0.0000|0.0000|0|6.61
正泰电器|601877|-0.29|6558080|156130320.00|0.00|0.13|-0.75|23.83|23.90|23.93|23.72|6.56|23.90|12456600|295858048.00|1|0.0000|0.0000|0.0000|0|23.90
浙商证券|601878|0.09|26111847|298612320.00|0.00|0.53|-0.26|11.43|11.42|11.48|11.39|26.11|11.42|35816789|408789344.00|1|0.0000|0.0000|0.0000|0|11.42
辽港股份|601880|0.67|54495142|81803416.00|0.00|0.67|-0.67|1.51|1.50|1.51|1.49|54.50|1.50|41760842|62667844.00|1|0.0000|0.0000|0.0000|0|1.50
中国银河|601881|1.35|58673556|968674112.00|0.43|2.15|0.25|16.50|16.35|16.63|16.32|58.67|16.28|74313306|1219667968.00|1|0.0000|0.0000|0.0000|0|16.28
海天精工|601882|1.32|4405032|98678536.00|0.14|2.95|-0.64|22.33|22.07|22.69|21.90|4.41|22.04|4118700|91095184.00|1|0.0000|0.0000|0.0000|0|22.04
江河集团|601886|0.98|16106399|99382656.00|-0.16|1.63|-0.49|6.19|6.12|6.23|6.10|16.11|6.13|17397711|106379840.00|1|0.0000|0.0000|0.0000|0|6.13
中国中免|601888|-0.02|5646377|340993248.00|-0.05|0.15|-0.41|60.42|60.40|60.52|60.18|5.65|60.43|8813291|532371232.00|1|0.0000|0.0000|0.0000|0|60.43
亚星锚链|601890|-0.97|77548201|715090688.00|-1.61|1.40|-2.69|9.20|9.14|9.42|9.04|77.55|9.29|101942251|967698688.00|1|0.0000|0.0000|0.0000|0|9.29
中煤能源|601898|0.29|22054952|227374320.00|-0.19|0.97|-0.88|10.31|10.26|10.38|10.19|22.05|10.28|36538594|372988384.00|1|0.0000|0.0000|0.0000|0|10.28
紫金矿业|601899|-2.40|158099014|2787581696.00|-0.95|-0.45|-2.73|17.50|17.76|17.85|17.44|158.10|17.93|153422653|2760335872.00|1|0.0000|0.0000|0.0000|0|17.93
南方传媒|601900|1.15|5349100|84790232.00|-0.13|1.46|-0.83|15.90|15.70|15.95|15.59|5.35|15.72|6613130|104883000.00|1|0.0000|0.0000|0.0000|0|15.72
方正证券|601901|0.13|22955678|179833456.00|-0.26|0.64|-0.38|7.83|7.80|7.87|7.79|22.96|7.82|34713630|271540736.00|1|0.0000|0.0000|0.0000|0|7.82
京运通|601908|0.76|27144400|71721720.00|0.38|1.90|-1.14|2.65|2.64|2.68|2.60|27.14|2.63|21516700|56641368.00|1|0.0000|0.0000|0.0000|0|2.63
浙商银行|601916|1.02|188531396|557160512.00|0.00|1.37|-0.34|2.96|2.93|2.97|2.92|188.53|2.93|189638771|555181824.00|1|0.0000|0.0000|0.0000|0|2.93
新集能源|601918|-0.57|16863100|116673728.00|-0.57|0.29|-1.01|6.92|6.92|6.98|6.89|16.86|6.96|24326280|168748032.00|1|0.0000|0.0000|0.0000|0|6.96
中远海控|601919|0.41|51586718|752842816.00|0.00|0.83|-0.21|14.59|14.53|14.65|14.50|51.59|14.53|49580863|719803456.00|1|0.0000|0.0000|0.0000|0|14.53
浙版传媒|601921|0.25|6806796|53762700.00|-0.13|0.89|-0.25|7.89|7.86|7.94|7.85|6.81|7.87|9252800|72875344.00|1|0.0000|0.0000|0.0000|0|7.87
凤凰传媒|601928|0.45|18470989|207699440.00|-0.27|0.98|-0.27|11.28|11.20|11.34|11.20|18.47|11.23|31075660|349544256.00|1|0.0000|0.0000|0.0000|0|11.23
吉视传媒|601929|1.63|87674699|163710608.00|0.00|3.26|-0.54|1.87|1.84|1.90|1.83|87.67|1.84|51452420|94854056.00|1|0.0000|0.0000|0.0000|0|1.84
永辉超市|601933|0.43|119007425|548973248.00|0.00|1.08|-1.52|4.64|4.62|4.67|4.55|119.01|4.62|197428041|923649472.00|1|0.0000|0.0000|0.0000|0|4.62
建设银行|601939|1.15|92171300|804375744.00|-0.12|1.38|-0.23|8.77|8.66|8.79|8.65|92.17|8.67|148485721|1289928064.00|1|0.0000|0.0000|0.0000|0|8.67
中国出版|601949|0.88|19188953|131938608.00|0.15|2.49|-0.29|6.88|6.83|6.99|6.80|19.19|6.82|20965599|143667296.00|1|0.0000|0.0000|0.0000|0|6.82
苏垦农发|601952|0.21|3448130|32899760.00|-0.10|0.42|-0.31|9.56|9.53|9.58|9.51|3.45|9.54|5172010|49219024.00|1|0.0000|0.0000|0.0000|0|9.54
东贝集团|601956|0.37|10040300|54520496.00|0.37|2.23|-0.74|5.41|5.41|5.51|5.35|10.04|5.39|7558500|40934736.00|1|0.0000|0.0000|0.0000|0|5.39
金钼股份|601958|-0.65|17745132|188594752.00|0.09|0.19|-1.03|10.62|10.70|10.71|10.58|17.75|10.69|19763559|210829024.00|1|0.0000|0.0000|0.0000|0|10.69
重庆银行|601963|0.32|6159196|58774364.00|0.11|1.05|-0.21|9.54|9.52|9.61|9.49|6.16|9.51|13117030|124986120.00|1|0.0000|0.0000|0.0000|0|9.51
中国汽研|601965|4.88|12316931|242291072.00|-0.53|6.42|-0.53|19.76|18.74|20.05|18.74|12.32|18.84|3074958|57811892.00|1|0.0000|0.0000|0.0000|0|18.84
玲珑轮胎|601966|-0.62|5849729|103792760.00|-0.17|0.17|-0.90|17.70|17.78|17.84|17.65|5.85|17.81|7218463|128735056.00|1|0.0000|0.0000|0.0000|0|17.81
宝钢包装|601968|-0.63|3937300|18710762.00|0.21|0.42|-1.26|4.74|4.78|4.79|4.71|3.94|4.77|6265400|29743348.00|1|0.0000|0.0000|0.0000|0|4.77
海南矿业|601969|-1.36|12447843|90501616.00|-0.95|-0.14|-2.31|7.25|7.28|7.34|7.18|12.45|7.35|23316056|169230544.00|1|0.0000|0.0000|0.0000|0|7.35
招商南油|601975|-0.67|54345728|162469104.00|-0.33|0.33|-0.67|2.98|2.99|3.01|2.98|54.35|3.00|72816447|218127184.00|1|0.0000|0.0000|0.0000|0|3.00
中国核电|601985|-0.96|68934000|640202560.00|-0.21|-0.21|-1.28|9.28|9.35|9.35|9.25|68.93|9.37|120797865|1124034944.00|1|0.0000|0.0000|0.0000|0|9.37
中国银行|601988|1.27|160078866|891741952.00|-0.36|1.63|-0.36|5.59|5.50|5.61|5.50|160.08|5.52|212101278|1177210496.00|1|0.0000|0.0000|0.0000|0|5.52
南京证券|601990|0.36|12531220|103786096.00|-0.24|0.85|-0.48|8.28|8.23|8.32|8.21|12.53|8.25|13258500|109173024.00|1|0.0000|0.0000|0.0000|0|8.25
大唐发电|601991|-1.34|78683675|232131312.00|0.00|0.33|-2.01|2.95|2.99|3.00|2.93|78.68|2.99|135939578|406584896.00|1|0.0000|0.0000|0.0000|0|2.99
金隅集团|601992|-1.21|34438576|56490876.00|-0.61|0.61|-1.21|1.63|1.64|1.66|1.63|34.44|1.65|36310890|59487296.00|1|0.0000|0.0000|0.0000|0|1.65
中金公司|601995|0.20|10629978|370342624.00|-0.37|0.98|-0.40|34.77|34.57|35.04|34.56|10.63|34.70|13983843|485364224.00|1|0.0000|0.0000|0.0000|0|34.70
丰林集团|601996|-1.43|14453400|30029540.00|0.00|0.48|-1.90|2.07|2.10|2.11|2.06|14.45|2.10|19360900|40427104.00|1|0.0000|0.0000|0.0000|0|2.10
贵阳银行|601997|1.36|53023068|315355168.00|0.00|1.70|0.00|5.96|5.88|5.98|5.88|53.02|5.88|35852613|211200688.00|1|0.0000|0.0000|0.0000|0|5.88
中信银行|601998|0.84|60387387|433267520.00|-0.14|1.83|-0.42|7.17|7.10|7.24|7.08|60.39|7.11|77752284|548244608.00|1|0.0000|0.0000|0.0000|0|7.11
出版传媒|601999|0.48|4837700|30658148.00|0.00|1.75|0.00|6.31|6.28|6.39|6.28|4.84|6.28|7760900|48958104.00|1|0.0000|0.0000|0.0000|0|6.28
人民网|603000|0.57|6542370|138729680.00|-0.43|1.04|-0.52|21.21|21.00|21.31|20.98|6.54|21.09|7584800|160102208.00|1|0.0000|0.0000|0.0000|0|21.09
奥康国际|603001|1.12|3276100|17803672.00|0.56|2.23|-0.56|5.43|5.40|5.49|5.34|3.28|5.37|4646800|24940652.00|1|0.0000|0.0000|0.0000|0|5.37
宏昌电子|603002|-1.52|18125000|106196352.00|-0.17|0.51|-2.03|5.82|5.90|5.94|5.79|18.12|5.91|13761050|81861136.00|1|0.0000|0.0000|0.0000|0|5.91
鼎龙科技|603004|0.05|1652000|35372180.00|-0.05|1.45|-0.47|21.32|21.30|21.62|21.21|1.65|21.31|2411845|51291032.00|1|0.0000|0.0000|0.0000|0|21.31
晶方科技|603005|-1.56|17335834|528885184.00|0.00|0.45|-1.66|30.33|30.81|30.95|30.30|17.34|30.81|24680400|764608384.00|1|0.0000|0.0000|0.0000|0|30.81
联明股份|603006|-3.81|10124200|127094392.00|-1.32|0.08|-3.96|12.38|12.70|12.88|12.36|10.12|12.87|11856319|150308384.00|1|0.0000|0.0000|0.0000|0|12.87
*ST花王|603007|-4.94|22456483|113027344.00|-2.66|-1.90|-4.94|5.00|5.12|5.16|5.00|22.46|5.26|23093209|124454120.00|1|0.0000|0.0000|0.0000|0|5.26
喜临门|603008|0.58|3254500|56244540.00|0.00|0.93|-0.75|17.34|17.24|17.40|17.11|3.25|17.24|4631600|79677800.00|1|0.0000|0.0000|0.0000|0|17.24
北特科技|603009|1.26|8805700|391845344.00|0.20|1.38|-0.70|44.87|44.40|44.92|44.00|8.81|44.31|10144400|447619872.00|1|0.0000|0.0000|0.0000|0|44.31
万盛股份|603010|0.39|4148700|43002692.00|1.36|2.24|0.00|10.30|10.40|10.49|10.26|4.15|10.26|4009712|41028584.00|1|0.0000|0.0000|0.0000|0|10.26
合锻智能|603011|-5.06|162408617|2206380800.00|3.85|3.99|-8.48|13.33|14.58|14.60|12.85|162.41|14.04|136901736|1823640064.00|1|0.0000|0.0000|0.0000|0|14.04
创力集团|603012|-0.17|9390600|55651028.00|-1.02|1.18|-1.02|5.90|5.85|5.98|5.85|9.39|5.91|10270900|60912532.00|1|0.0000|0.0000|0.0000|0|5.91
亚普股份|603013|3.67|9666500|163493824.00|-0.24|6.36|-1.47|16.96|16.32|17.40|16.12|9.67|16.36|5498999|90558896.00|1|0.0000|0.0000|0.0000|0|16.36
弘讯科技|603015|-3.29|50638694|743036096.00|-2.70|-0.85|-5.26|14.71|14.80|15.08|14.41|50.64|15.21|76632593|1147936640.00|1|0.0000|0.0000|0.0000|0|15.21
新宏泰|603016|0.86|803500|23538610.00|-0.07|0.96|-0.92|29.48|29.21|29.51|28.96|0.80|29.23|1357937|39857616.00|1|0.0000|0.0000|0.0000|0|29.23
中衡设计|603017|0.24|1807700|15359667.00|-0.35|1.42|-0.71|8.48|8.43|8.58|8.40|1.81|8.46|2494500|21169726.00|1|0.0000|0.0000|0.0000|0|8.46
华设集团|603018|-0.48|5328100|43901336.00|-0.36|0.36|-0.85|8.23|8.24|8.30|8.20|5.33|8.27|8538064|70718112.00|1|0.0000|0.0000|0.0000|0|8.27
中科曙光|603019|-0.64|13970562|918702528.00|-0.32|0.47|-0.83|65.47|65.68|66.20|65.34|13.97|65.89|18595082|1230927616.00|1|0.0000|0.0000|0.0000|0|65.89
爱普股份|603020|0.23|3535800|31327848.00|0.00|1.02|-0.68|8.85|8.83|8.92|8.77|3.54|8.83|4821300|42580284.00|1|0.0000|0.0000|0.0000|0|8.83
ST华鹏|603021|0.00|6093100|23235856.00|-0.26|1.58|-0.53|3.80|3.79|3.86|3.78|6.09|3.80|8367060|32078594.00|1|0.0000|0.0000|0.0000|0|3.80
新通联|603022|1.91|4871800|41701228.00|0.00|3.70|-0.72|8.54|8.38|8.69|8.32|4.87|8.38|4816500|40409856.00|1|0.0000|0.0000|0.0000|0|8.38
威帝股份|603023|-1.28|3762200|11706338.00|-0.32|1.60|-1.92|3.08|3.11|3.17|3.06|3.76|3.12|5243347|16320768.00|1|0.0000|0.0000|0.0000|0|3.12
大豪科技|603025|0.79|4888568|68447944.00|0.00|2.53|-0.29|13.96|13.85|14.20|13.81|4.89|13.85|4019331|55896512.00|1|0.0000|0.0000|0.0000|0|13.85
石大胜华|603026|-0.55|1365700|49171464.00|-0.78|0.61|-1.05|35.88|35.80|36.30|35.70|1.37|36.08|2846400|103376984.00|1|0.0000|0.0000|0.0000|0|36.08
千禾味业|603027|0.88|12045694|137045504.00|-0.18|1.59|-0.71|11.42|11.30|11.50|11.24|12.05|11.32|9057886|102032912.00|1|0.0000|0.0000|0.0000|0|11.32
赛福天|603028|-1.59|14279960|88836504.00|0.00|0.32|-1.75|6.17|6.27|6.29|6.16|14.28|6.27|17166530|108015368.00|1|0.0000|0.0000|0.0000|0|6.27
天鹅股份|603029|-0.12|1103410|18595060.00|0.06|0.83|-0.77|16.82|16.85|16.98|16.71|1.10|16.84|1891000|31883866.00|1|0.0000|0.0000|0.0000|0|16.84
全筑股份|603030|0.00|10357500|25578686.00|0.00|1.21|-0.81|2.47|2.47|2.50|2.45|10.36|2.47|11365100|28442528.00|1|0.0000|0.0000|0.0000|0|2.47
安孚科技|603031|1.86|2044300|60069492.00|0.00|2.14|-0.21|29.55|29.01|29.63|28.95|2.04|29.01|2299105|66790704.00|1|0.0000|0.0000|0.0000|0|29.01
德新科技|603032|-2.65|5362400|76338912.00|0.00|3.55|-2.79|13.97|14.35|14.86|13.95|5.36|14.35|5186241|73013688.00|1|0.0000|0.0000|0.0000|0|14.35
三维股份|603033|0.26|1446500|16688990.00|0.52|0.78|-0.35|11.53|11.56|11.59|11.46|1.45|11.50|1770100|20363936.00|1|0.0000|0.0000|0.0000|0|11.50
常熟汽饰|603035|0.61|4472847|66325476.00|0.41|1.84|-0.27|14.78|14.75|14.96|14.65|4.47|14.69|5115400|75323520.00|1|0.0000|0.0000|0.0000|0|14.69
如通股份|603036|-1.15|2143400|31531032.00|0.00|0.61|-1.29|14.59|14.76|14.85|14.57|2.14|14.76|2074600|30532092.00|1|0.0000|0.0000|0.0000|0|14.76
凯众股份|603037|-2.00|6769556|113944768.00|-0.71|1.24|-2.88|16.66|16.88|17.21|16.51|6.77|17.00|10321815|177156128.00|1|0.0000|0.0000|0.0000|0|17.00
华立股份|603038|10.01|21148271|323383072.00|-0.21|10.01|-0.56|15.71|14.25|15.71|14.20|21.15|14.28|4849860|69763936.00|1|0.0000|0.0000|0.0000|0|14.28
泛微网络|603039|1.63|2606000|174994800.00|-0.52|3.82|-0.72|66.74|65.33|68.18|65.20|2.61|65.67|2942900|194669248.00|1|0.0000|0.0000|0.0000|0|65.67
新坐标|603040|2.96|1791169|52378568.00|-0.11|4.86|-0.18|29.24|28.37|29.78|28.35|1.79|28.40|1425600|40988952.00|1|0.0000|0.0000|0.0000|0|28.40
美思德|603041|0.60|2400360|28095578.00|-0.26|1.89|-0.95|11.70|11.60|11.85|11.52|2.40|11.63|2629500|30595068.00|1|0.0000|0.0000|0.0000|0|11.63
华脉科技|603042|0.77|5632500|74180304.00|0.92|2.15|-0.31|13.11|13.13|13.29|12.97|5.63|13.01|5454200|71337552.00|1|0.0000|0.0000|0.0000|0|13.01
广州酒家|603043|-0.38|1864300|29601736.00|0.00|0.50|-0.69|15.86|15.92|16.00|15.81|1.86|15.92|3292880|52167776.00|1|0.0000|0.0000|0.0000|0|15.92
福达合金|603045|3.78|13054978|219032368.00|-0.49|4.76|-1.65|17.01|16.31|17.17|16.12|13.05|16.39|9472079|153074304.00|1|0.0000|0.0000|0.0000|0|16.39
浙江黎明|603048|0.46|1883028|33352302.00|-0.34|1.71|-0.57|17.65|17.51|17.87|17.47|1.88|17.57|1774300|31367880.00|1|0.0000|0.0000|0.0000|0|17.57
科林电气|603050|-0.60|1189730|17806612.00|-0.73|0.40|-0.80|14.93|14.91|15.08|14.90|1.19|15.02|2787048|42027872.00|1|0.0000|0.0000|0.0000|0|15.02
鹿山新材|603051|-0.91|1165218|29520288.00|-0.55|1.26|-1.18|25.12|25.21|25.67|25.05|1.17|25.35|1863161|47158632.00|1|0.0000|0.0000|0.0000|0|25.35
可川科技|603052|-1.81|976900|36339848.00|0.69|1.09|-2.21|36.81|37.75|37.90|36.66|0.98|37.49|1828040|67762424.00|1|0.0000|0.0000|0.0000|0|37.49
成都燃气|603053|-0.10|1568200|14975898.00|0.31|0.31|-0.84|9.56|9.60|9.60|9.49|1.57|9.57|3091049|29459112.00|1|0.0000|0.0000|0.0000|0|9.57
台华新材|603055|0.09|7301900|85177080.00|0.00|1.38|-0.60|11.61|11.60|11.76|11.53|7.30|11.60|8979799|104422904.00|1|0.0000|0.0000|0.0000|0|11.60
德邦股份|603056|0.14|3750895|54641992.00|0.07|1.10|-0.21|14.53|14.52|14.67|14.48|3.75|14.51|4004460|58505368.00|1|0.0000|0.0000|0.0000|0|14.51
紫燕食品|603057|-0.70|1327299|26616232.00|0.00|1.15|-1.00|19.92|20.06|20.29|19.86|1.33|20.06|2456300|49037912.00|1|0.0000|0.0000|0.0000|0|20.06
永吉股份|603058|0.73|6221309|51689120.00|1.59|3.17|0.37|8.25|8.32|8.45|8.22|6.22|8.19|6124597|50070076.00|1|0.0000|0.0000|0.0000|0|8.19
倍加洁|603059|1.62|669500|16340276.00|0.33|2.96|-1.46|24.40|24.09|24.72|23.66|0.67|24.01|877000|21249254.00|1|0.0000|0.0000|0.0000|0|24.01
国检集团|603060|-0.99|2340952|16361849.00|0.00|0.00|-1.28|6.98|7.05|7.05|6.96|2.34|7.05|3410459|23889440.00|1|0.0000|0.0000|0.0000|0|7.05
金海通|603061|-1.33|841700|68597616.00|-0.50|0.81|-1.79|80.88|81.56|82.63|80.50|0.84|81.97|1231100|101111328.00|1|0.0000|0.0000|0.0000|0|81.97
麦加芯彩|603062|6.73|6415627|337471968.00|-1.51|9.13|-1.51|53.64|49.50|54.85|49.50|6.42|50.26|6513216|317766208.00|1|0.0000|0.0000|0.0000|0|50.26
禾望电气|603063|6.82|39492803|1379244288.00|-0.97|9.99|-1.07|35.08|32.52|36.12|32.49|39.49|32.84|21780270|711235840.00|1|0.0000|0.0000|0.0000|0|32.84
宿迁联盛|603065|-1.41|2746900|21306728.00|0.51|0.51|-1.79|7.70|7.85|7.85|7.67|2.75|7.81|4888200|38206676.00|1|0.0000|0.0000|0.0000|0|7.81
音飞储存|603066|0.53|8918000|102606176.00|-0.09|2.63|-1.14|11.47|11.40|11.71|11.28|8.92|11.41|13666000|157444000.00|1|0.0000|0.0000|0.0000|0|11.41
振华股份|603067|-1.28|5994862|106788360.00|0.00|0.56|-2.06|17.77|18.00|18.10|17.63|5.99|18.00|9405270|170172464.00|1|0.0000|0.0000|0.0000|0|18.00
博通集成|603068|-2.04|5573164|204653584.00|-1.13|1.08|-2.69|36.44|36.78|37.60|36.20|5.57|37.20|8627921|323006496.00|1|0.0000|0.0000|0.0000|0|37.20
海汽集团|603069|-0.35|2719300|47019588.00|-0.35|0.93|-0.70|17.20|17.20|17.42|17.14|2.72|17.26|3727400|64676520.00|1|0.0000|0.0000|0.0000|0|17.26
万控智造|603070|-1.02|2182800|29939532.00|0.36|0.95|-1.09|13.61|13.80|13.88|13.60|2.18|13.75|2514900|34778180.00|1|0.0000|0.0000|0.0000|0|13.75
物产环能|603071|-0.54|1258289|16163178.00|-0.15|0.08|-1.01|12.85|12.90|12.93|12.79|1.26|12.92|2008700|25831776.00|1|0.0000|0.0000|0.0000|0|12.92
天和磁材|603072|10.00|30611505|1437436160.00|-1.00|10.00|-3.18|48.40|43.56|48.40|42.60|30.61|44.00|15311354|674679488.00|1|0.0000|0.0000|0.0000|0|44.00
彩蝶实业|603073|-3.74|5462753|90198952.00|-1.23|0.00|-5.43|16.49|16.92|17.13|16.20|5.46|17.13|10200750|183390512.00|1|0.0000|0.0000|0.0000|0|17.13
热威股份|603075|-0.57|2848670|59878276.00|-0.52|1.28|-1.80|20.97|20.98|21.36|20.71|2.85|21.09|5338929|112732784.00|1|0.0000|0.0000|0.0000|0|21.09
乐惠国际|603076|0.41|865100|19281572.00|-0.14|1.86|-0.32|22.17|22.05|22.49|22.01|0.87|22.08|1121300|24821168.00|1|0.0000|0.0000|0.0000|0|22.08
和邦生物|603077|-0.54|37459860|68560456.00|-0.54|0.00|-1.09|1.83|1.83|1.84|1.82|37.46|1.84|50507295|92817432.00|1|0.0000|0.0000|0.0000|0|1.84
江化微|603078|-4.45|37708135|731560256.00|-1.95|-0.25|-4.60|19.10|19.60|19.94|19.07|37.71|19.99|52913315|1042438464.00|1|0.0000|0.0000|0.0000|0|19.99
圣达生物|603079|-0.49|3741300|53965848.00|0.76|1.39|-1.25|14.31|14.49|14.58|14.20|3.74|14.38|5227180|75580016.00|1|0.0000|0.0000|0.0000|0|14.38
新疆火炬|603080|-0.06|1347000|21975362.00|-0.12|0.43|-1.04|16.31|16.30|16.39|16.15|1.35|16.32|2376500|38780332.00|1|0.0000|0.0000|0.0000|0|16.32
大丰实业|603081|-0.44|16169915|182384688.00|-1.15|0.88|-1.15|11.25|11.17|11.40|11.17|16.17|11.30|21414283|243720128.00|1|0.0000|0.0000|0.0000|0|11.30
北自科技|603082|0.92|1606000|63347664.00|0.49|2.13|-0.26|39.36|39.19|39.83|38.90|1.61|39.00|1301600|51009412.00|1|0.0000|0.0000|0.0000|0|39.00
剑桥科技|603083|0.37|3903029|147717936.00|0.00|0.96|-0.45|37.81|37.67|38.03|37.50|3.90|37.67|4636234|174563392.00|1|0.0000|0.0000|0.0000|0|37.67
天成自控|603085|2.41|10946500|121030680.00|0.83|3.70|0.09|11.07|10.90|11.21|10.82|10.95|10.81|6265300|68112880.00|1|0.0000|0.0000|0.0000|0|10.81
先达股份|603086|2.24|13900020|75622912.00|-0.19|3.17|-1.12|5.48|5.35|5.53|5.30|13.90|5.36|11602513|63026228.00|1|0.0000|0.0000|0.0000|0|5.36
甘李药业|603087|-0.26|7002548|326142944.00|-0.04|0.80|-0.73|46.40|46.50|46.89|46.18|7.00|46.52|16999745|792360384.00|1|0.0000|0.0000|0.0000|0|46.52
宁波精达|603088|2.20|47774944|590951168.00|-1.96|3.26|-3.02|12.54|12.03|12.67|11.90|47.77|12.27|42573466|508982208.00|1|0.0000|0.0000|0.0000|0|12.27
正裕工业|603089|2.12|5481900|55678500.00|0.71|4.74|-1.11|10.12|9.98|10.38|9.80|5.48|9.91|4176903|41869424.00|1|0.0000|0.0000|0.0000|0|9.91
宏盛股份|603090|1.69|3562499|80575960.00|-0.98|1.91|-2.75|22.90|22.30|22.95|21.90|3.56|22.52|4392699|97725176.00|1|0.0000|0.0000|0.0000|0|22.52
众鑫股份|603091|2.28|1595057|73512648.00|-0.13|3.34|-0.49|46.28|45.19|46.76|45.03|1.60|45.25|1161527|52579708.00|1|0.0000|0.0000|0.0000|0|45.25
南华期货|603093|-1.17|8261500|112324976.00|-0.51|0.88|-1.61|13.51|13.60|13.79|13.45|8.26|13.67|13509300|183414944.00|1|0.0000|0.0000|0.0000|0|13.67
越剑智能|603095|0.71|1417060|33789164.00|-0.25|0.96|-1.47|24.03|23.80|24.09|23.51|1.42|23.86|1848850|44307020.00|1|0.0000|0.0000|0.0000|0|23.86
新经典|603096|-0.86|2327380|45810520.00|-0.10|0.91|-1.46|19.65|19.80|20.00|19.53|2.33|19.82|3649800|72188032.00|1|0.0000|0.0000|0.0000|0|19.82
江苏华辰|603097|-0.09|1221800|27663396.00|0.00|1.51|-0.89|22.54|22.56|22.90|22.36|1.22|22.56|1676800|37945656.00|1|0.0000|0.0000|0.0000|0|22.56
森特股份|603098|-2.61|12226150|129085424.00|-1.03|0.00|-2.89|10.45|10.62|10.73|10.42|12.23|10.73|16080450|171790592.00|1|0.0000|0.0000|0.0000|0|10.73
长白山|603099|-1.77|10707299|355201088.00|0.03|1.23|-2.07|32.81|33.41|33.81|32.71|10.71|33.40|12291200|412469984.00|1|0.0000|0.0000|0.0000|0|33.40
川仪股份|603100|-0.58|5146530|114680608.00|0.22|1.17|-1.21|22.17|22.35|22.56|22.03|5.15|22.30|12707047|282594592.00|1|0.0000|0.0000|0.0000|0|22.30
汇嘉时代|603101|2.62|7152567|50125260.00|0.00|3.20|-0.29|7.05|6.87|7.09|6.85|7.15|6.87|4616809|32109742.00|1|0.0000|0.0000|0.0000|0|6.87
百合股份|603102|-0.61|999700|39572592.00|-0.23|1.92|-0.86|39.40|39.55|40.40|39.30|1.00|39.64|1437589|57959704.00|1|0.0000|0.0000|0.0000|0|39.64
横店影视|603103|1.48|7188183|98969312.00|-0.15|4.37|-0.52|13.69|13.47|14.08|13.42|7.19|13.49|6497000|88428872.00|1|0.0000|0.0000|0.0000|0|13.49
芯能科技|603105|-1.09|7156967|65012456.00|-0.33|0.22|-1.42|9.05|9.12|9.17|9.02|7.16|9.15|14902742|135369488.00|1|0.0000|0.0000|0.0000|0|9.15
恒银科技|603106|1.09|5503907|46090732.00|-0.24|1.81|-0.48|8.37|8.26|8.43|8.24|5.50|8.28|6770322|56086080.00|1|0.0000|0.0000|0.0000|0|8.28
上海汽配|603107|0.49|2177213|35930808.00|0.06|1.89|-0.49|16.46|16.39|16.69|16.30|2.18|16.38|1802370|29572384.00|1|0.0000|0.0000|0.0000|0|16.38
润达医疗|603108|-0.35|15255900|306687616.00|-0.74|0.89|-1.49|20.08|20.00|20.33|19.85|15.26|20.15|27549392|559043776.00|1|0.0000|0.0000|0.0000|0|20.15
神驰机电|603109|4.74|20385920|471315648.00|0.65|10.00|0.65|22.52|21.64|23.65|21.64|20.39|21.50|8796300|190008064.00|1|0.0000|0.0000|0.0000|0|21.50
东方材料|603110|-0.42|2942900|48693004.00|-0.30|1.15|-0.61|16.43|16.45|16.69|16.40|2.94|16.50|3780500|62681424.00|1|0.0000|0.0000|0.0000|0|16.50
康尼机电|603111|1.17|11313300|78619696.00|-0.29|2.78|-0.29|6.91|6.81|7.02|6.81|11.31|6.83|6920450|47476336.00|1|0.0000|0.0000|0.0000|0|6.83
华翔股份|603112|-0.96|14162541|221068848.00|-0.83|2.30|-2.43|15.48|15.50|15.99|15.25|14.16|15.63|13060500|205554560.00|1|0.0000|0.0000|0.0000|0|15.63
金能科技|603113|-1.19|6512000|38044508.00|0.34|0.85|-1.70|5.80|5.89|5.92|5.77|6.51|5.87|9346000|54763896.00|1|0.0000|0.0000|0.0000|0|5.87
海星股份|603115|0.00|2198400|32809954.00|-0.81|1.08|-0.81|14.84|14.72|15.00|14.72|2.20|14.84|3230000|47668476.00|1|0.0000|0.0000|0.0000|0|14.84
红蜻蜓|603116|0.92|3652480|19974652.00|-0.37|1.66|-0.55|5.48|5.41|5.52|5.40|3.65|5.43|4158140|22596510.00|1|0.0000|0.0000|0.0000|0|5.43
万林物流|603117|0.00|4747400|26279782.00|0.00|1.27|-0.73|5.51|5.51|5.58|5.47|4.75|5.51|6560700|36578224.00|1|0.0000|0.0000|0.0000|0|5.51
共进股份|603118|0.30|13727800|139496848.00|0.00|1.29|-0.59|10.13|10.10|10.23|10.04|13.73|10.10|15743220|160001888.00|1|0.0000|0.0000|0.0000|0|10.10
浙江荣泰|603119|10.00|16805435|673724864.00|0.00|10.00|-1.00|41.69|37.90|41.69|37.52|16.81|37.90|9652884|371490944.00|1|0.0000|0.0000|0.0000|0|37.90
华培动力|603121|0.49|13548668|280821184.00|-0.97|2.73|-1.07|20.62|20.32|21.08|20.30|13.55|20.52|17220157|346266944.00|1|0.0000|0.0000|0.0000|0|20.52
合富中国|603122|-0.28|4780900|33528080.00|-0.28|0.85|-1.14|7.00|7.00|7.08|6.94|4.78|7.02|10937200|76986144.00|1|0.0000|0.0000|0.0000|0|7.02
翠微股份|603123|0.38|5906600|46647736.00|0.25|1.15|-0.25|7.89|7.88|7.95|7.84|5.91|7.86|6983200|55247508.00|1|0.0000|0.0000|0.0000|0|7.86
江南新材|603124|-1.97|5320030|245667408.00|-1.65|0.13|-2.29|45.86|46.01|46.84|45.71|5.32|46.78|8061711|364871680.00|1|0.0000|0.0000|0.0000|0|46.78
常青科技|603125|-2.64|8126937|172980896.00|-0.69|0.60|-2.96|21.06|21.48|21.76|20.99|8.13|21.63|11783939|249270992.00|1|0.0000|0.0000|0.0000|0|21.63
中材节能|603126|-1.25|9322000|59279228.00|-0.94|0.31|-1.56|6.33|6.35|6.43|6.31|9.32|6.41|11220883|72397136.00|1|0.0000|0.0000|0.0000|0|6.41
昭衍新药|603127|-4.90|24326255|512626464.00|-0.14|1.82|-5.18|20.38|21.40|21.82|20.32|24.33|21.43|32737031|713375552.00|1|0.0000|0.0000|0.0000|0|21.43
华贸物流|603128|1.57|22397770|130138552.00|0.00|2.45|-0.17|5.81|5.72|5.86|5.71|22.40|5.72|13884330|79597896.00|1|0.0000|0.0000|0.0000|0|5.72
春风动力|603129|-0.49|1470500|283328704.00|-0.70|1.66|-1.11|191.30|190.90|195.44|190.10|1.47|192.24|2658100|513037280.00|1|0.0000|0.0000|0.0000|0|192.24
云中马|603130|0.55|1681400|42955556.00|-0.04|1.78|-0.40|25.44|25.29|25.75|25.20|1.68|25.30|1946050|49586444.00|1|0.0000|0.0000|0.0000|0|25.30
上海沪工|603131|-0.28|5698300|101214208.00|-0.62|0.62|-1.29|17.78|17.72|17.94|17.60|5.70|17.83|7686100|136298608.00|1|0.0000|0.0000|0.0000|0|17.83
金徽股份|603132|-0.75|2435400|29143052.00|0.08|0.17|-1.00|11.93|12.03|12.04|11.90|2.44|12.02|4364100|52114916.00|1|0.0000|0.0000|0.0000|0|12.02
中重科技|603135|1.40|4726739|48026380.00|-0.60|3.10|-0.60|10.13|9.93|10.30|9.93|4.73|9.99|6962806|70056288.00|1|0.0000|0.0000|0.0000|0|9.99
天目湖|603136|1.42|5505874|66820568.00|-0.33|1.84|-0.67|12.15|11.94|12.20|11.90|5.51|11.98|4468255|53367272.00|1|0.0000|0.0000|0.0000|0|11.98
恒尚节能|603137|0.51|2540120|30218158.00|0.67|0.76|-0.51|11.93|11.95|11.96|11.81|2.54|11.87|2726060|32286454.00|1|0.0000|0.0000|0.0000|0|11.87
海量数据|603138|0.77|2251800|32459146.00|0.63|2.03|-0.14|14.37|14.35|14.55|14.24|2.25|14.26|2897500|41628248.00|1|0.0000|0.0000|0.0000|0|14.26
康惠股份|603139|1.46|6656016|127791888.00|0.49|7.73|-0.54|18.78|18.60|19.94|18.41|6.66|18.51|6342800|119621712.00|1|0.0000|0.0000|0.0000|0|18.51
万朗磁塑|603150|0.77|1417400|48591052.00|0.00|3.56|-0.24|33.95|33.69|34.89|33.61|1.42|33.69|1067600|36000376.00|1|0.0000|0.0000|0.0000|0|33.69
邦基科技|603151|0.88|2101667|26289874.00|0.08|1.04|-0.80|12.56|12.46|12.58|12.35|2.10|12.45|2421600|30173168.00|1|0.0000|0.0000|0.0000|0|12.45
上海建科|603153|-0.22|2601200|47441600.00|-0.55|0.22|-1.31|18.27|18.21|18.35|18.07|2.60|18.31|4937500|90837872.00|1|0.0000|0.0000|0.0000|0|18.31
新亚强|603155|0.14|3047520|43322396.00|0.28|1.90|-1.06|14.20|14.22|14.45|14.03|3.05|14.18|3506360|49668220.00|1|0.0000|0.0000|0.0000|0|14.18
养元饮品|603156|1.04|3072309|71016456.00|0.00|1.13|-0.78|23.24|23.00|23.26|22.82|3.07|23.00|3340268|76459560.00|1|0.0000|0.0000|0.0000|0|23.00
腾龙股份|603158|1.59|12495744|119354920.00|-0.42|2.87|-1.06|9.57|9.38|9.69|9.32|12.50|9.42|11322520|106904848.00|1|0.0000|0.0000|0.0000|0|9.42
上海亚虹|603159|3.96|2809220|40743224.00|0.00|7.13|-1.37|14.43|13.88|14.87|13.69|2.81|13.88|1181020|16407270.00|1|0.0000|0.0000|0.0000|0|13.88
汇顶科技|603160|-0.57|2514968|187752384.00|0.00|0.40|-0.84|74.48|74.91|75.21|74.28|2.51|74.91|2692200|201601888.00|1|0.0000|0.0000|0.0000|0|74.91
科华控股|603161|1.53|3304434|39244532.00|-0.09|2.30|-1.36|11.94|11.75|12.03|11.60|3.30|11.76|2415562|28558044.00|1|0.0000|0.0000|0.0000|0|11.76
海通发展|603162|-0.67|4450746|39497136.00|-0.11|0.00|-0.90|8.86|8.91|8.92|8.84|4.45|8.92|8534033|75806424.00|1|0.0000|0.0000|0.0000|0|8.92
圣晖集成|603163|-0.16|874065|22171716.00|-1.22|0.83|-1.22|25.30|25.03|25.55|25.03|0.87|25.34|1262900|31947384.00|1|0.0000|0.0000|0.0000|0|25.34
荣晟环保|603165|0.32|2527396|31594540.00|-0.64|1.12|-0.96|12.50|12.38|12.60|12.34|2.53|12.46|3543595|44090764.00|1|0.0000|0.0000|0.0000|0|12.46
福达股份|603166|2.04|42831980|611672960.00|-1.27|2.46|-4.30|14.49|14.02|14.55|13.59|42.83|14.20|62207106|903291520.00|1|0.0000|0.0000|0.0000|0|14.20
渤海轮渡|603167|0.35|6116500|52521232.00|0.47|0.58|-0.70|8.63|8.64|8.65|8.54|6.12|8.60|8699700|74664080.00|1|0.0000|0.0000|0.0000|0|8.60
莎普爱思|603168|-1.14|4718942|32870828.00|0.29|0.43|-1.28|6.93|7.03|7.04|6.92|4.72|7.01|11224694|78603592.00|1|0.0000|0.0000|0.0000|0|7.01
兰石重装|603169|6.76|340161799|2975021824.00|9.95|9.95|2.58|8.69|8.95|8.95|8.35|340.16|8.14|54694747|439826848.00|1|0.0000|0.0000|0.0000|0|8.14
宝立食品|603170|-0.82|2090600|28083898.00|-0.37|2.55|-1.05|13.24|13.30|13.69|13.21|2.09|13.35|3770651|50445064.00|1|0.0000|0.0000|0.0000|0|13.35
税友股份|603171|1.07|2614000|115732400.00|-0.25|2.06|-0.98|44.20|43.62|44.63|43.30|2.61|43.73|4516100|200713760.00|1|0.0000|0.0000|0.0000|0|43.73
万丰股份|603172|-0.14|1909400|27946520.00|-0.14|1.02|-1.64|14.62|14.62|14.79|14.40|1.91|14.64|1871800|27413404.00|1|0.0000|0.0000|0.0000|0|14.64
福斯达|603173|1.94|2560900|67624704.00|0.00|4.51|0.00|26.21|25.71|26.87|25.71|2.56|25.71|2244288|57629908.00|1|0.0000|0.0000|0.0000|0|25.71
汇通集团|603176|0.00|3247800|15653213.00|1.46|2.30|-1.05|4.78|4.85|4.89|4.73|3.25|4.78|4897064|23622392.00|1|0.0000|0.0000|0.0000|0|4.78
德创环保|603177|2.99|23564200|198780048.00|0.50|9.95|-0.87|8.28|8.08|8.84|7.97|23.56|8.04|5080381|40942592.00|1|0.0000|0.0000|0.0000|0|8.04
圣龙股份|603178|10.01|5072400|96563432.00|6.37|10.01|3.75|19.34|18.70|19.34|18.24|5.07|17.58|4075700|72158480.00|1|0.0000|0.0000|0.0000|0|17.58
新泉股份|603179|0.66|2503999|117731048.00|-0.13|1.52|-0.41|47.00|46.63|47.40|46.50|2.50|46.69|2606665|122097368.00|1|0.0000|0.0000|0.0000|0|46.69
金牌家居|603180|0.59|1381139|25783506.00|-0.11|1.89|-0.65|18.63|18.50|18.87|18.40|1.38|18.52|1541956|28585780.00|1|0.0000|0.0000|0.0000|0|18.52
皇马科技|603181|1.11|9764577|123305752.00|0.08|1.11|-1.03|12.77|12.64|12.77|12.50|9.76|12.63|13653526|174949728.00|1|0.0000|0.0000|0.0000|0|12.63
嘉华股份|603182|0.50|1454600|17699180.00|0.33|1.99|-0.99|12.14|12.12|12.32|11.96|1.45|12.08|1646800|19950518.00|1|0.0000|0.0000|0.0000|0|12.08
建研院|603183|-0.96|8241420|33999024.00|0.24|0.48|-1.20|4.11|4.16|4.17|4.10|8.24|4.15|12246695|50739124.00|1|0.0000|0.0000|0.0000|0|4.15
弘元绿能|603185|-0.20|4283512|63229856.00|0.07|0.88|-1.08|14.75|14.79|14.91|14.62|4.28|14.78|6507409|96732960.00|1|0.0000|0.0000|0.0000|0|14.78
华正新材|603186|-0.27|7138120|184389088.00|-0.39|3.78|-0.51|25.56|25.53|26.60|25.50|7.14|25.63|12616490|329374240.00|1|0.0000|0.0000|0.0000|0|25.63
海容冷链|603187|0.17|2523242|29143086.00|0.00|1.13|-0.61|11.53|11.51|11.64|11.44|2.52|11.51|5387896|61755484.00|1|0.0000|0.0000|0.0000|0|11.51
亚邦股份|603188|10.13|37390280|152071584.00|9.87|10.13|2.93|4.13|4.12|4.13|3.86|37.39|3.75|11551100|42526504.00|1|0.0000|0.0000|0.0000|0|3.75
网达软件|603189|3.03|12476800|218591152.00|-0.99|3.38|-0.99|17.69|17.00|17.75|17.00|12.48|17.17|10334371|178817088.00|1|0.0000|0.0000|0.0000|0|17.17
亚通精工|603190|1.88|2117820|48628908.00|0.63|5.69|-0.67|22.73|22.45|23.58|22.16|2.12|22.31|996950|22345228.00|1|0.0000|0.0000|0.0000|0|22.31
望变电气|603191|0.76|3276286|43230932.00|0.30|0.83|-0.68|13.28|13.22|13.29|13.09|3.28|13.18|3608800|47946040.00|1|0.0000|0.0000|0.0000|0|13.18
汇得科技|603192|0.33|11176467|206894960.00|6.56|6.56|-2.40|18.36|19.50|19.50|17.86|11.18|18.30|4295700|75441040.00|1|0.0000|0.0000|0.0000|0|18.30
润本股份|603193|2.63|2885300|100984296.00|-0.94|4.91|-3.10|35.12|33.90|35.90|33.16|2.89|34.22|2311000|79143424.00|1|0.0000|0.0000|0.0000|0|34.22
中力股份|603194|0.32|2797107|104910288.00|-0.03|2.12|-0.48|37.31|37.18|37.98|37.01|2.80|37.19|2855299|106586976.00|1|0.0000|0.0000|0.0000|0|37.19
公牛集团|603195|1.38|1366269|98191440.00|0.00|1.49|0.00|72.21|71.23|72.29|71.23|1.37|71.23|2678110|190378368.00|1|0.0000|0.0000|0.0000|0|71.23
日播时尚|603196|0.40|1909200|28460056.00|0.00|1.41|-0.34|14.91|14.85|15.06|14.80|1.91|14.85|2519063|37041620.00|1|0.0000|0.0000|0.0000|0|14.85
保隆科技|603197|0.48|1760550|77672784.00|-0.91|1.02|-0.91|44.21|43.60|44.45|43.60|1.76|44.00|2897420|127306448.00|1|0.0000|0.0000|0.0000|0|44.00
迎驾贡酒|603198|-1.74|4454495|238091680.00|0.07|0.44|-1.83|53.15|54.13|54.33|53.10|4.45|54.09|4005312|217123008.00|1|0.0000|0.0000|0.0000|0|54.09
九华旅游|603199|1.05|2063900|74939312.00|-0.50|1.64|-0.69|36.43|35.87|36.64|35.80|2.06|36.05|2388393|86164656.00|1|0.0000|0.0000|0.0000|0|36.05
上海洗霸|603200|-3.14|9579128|340577856.00|-1.00|0.53|-3.55|34.90|35.67|36.22|34.75|9.58|36.03|12175845|434661056.00|1|0.0000|0.0000|0.0000|0|36.03
常润股份|603201|-0.16|1528559|28134596.00|0.11|1.91|-0.71|18.25|18.30|18.63|18.15|1.53|18.28|1154896|21170222.00|1|0.0000|0.0000|0.0000|0|18.28
快克智能|603203|0.74|1988491|48883136.00|0.08|2.01|-0.62|24.55|24.39|24.86|24.22|1.99|24.37|4164580|102583392.00|1|0.0000|0.0000|0.0000|0|24.37
健尔康|603205|-0.05|1200800|45570628.00|-0.40|0.66|-0.48|37.86|37.73|38.13|37.70|1.20|37.88|1740032|65892344.00|1|0.0000|0.0000|0.0000|0|37.88
嘉环科技|603206|-0.86|4888600|90388520.00|-0.22|1.13|-1.40|18.38|18.50|18.75|18.28|4.89|18.54|6843300|127880048.00|1|0.0000|0.0000|0.0000|0|18.54
小方制药|603207|-3.13|5793347|168815888.00|-1.90|-1.90|-3.79|29.10|29.47|29.47|28.90|5.79|30.04|11063786|328496000.00|1|0.0000|0.0000|0.0000|0|30.04
江山欧派|603208|1.26|2768261|42175968.00|0.00|1.99|-0.27|15.25|15.06|15.36|15.02|2.77|15.06|3789528|57197004.00|1|0.0000|0.0000|0.0000|0|15.06
兴通股份|603209|-0.31|3246599|51680932.00|-0.63|0.69|-0.75|15.87|15.82|16.03|15.80|3.25|15.92|3557459|56746464.00|1|0.0000|0.0000|0.0000|0|15.92
晋拓股份|603211|0.68|10582800|190105104.00|2.39|4.38|0.46|17.69|17.99|18.34|17.65|10.58|17.57|6238300|110513864.00|1|0.0000|0.0000|0.0000|0|17.57
赛伍技术|603212|2.76|14926419|161952384.00|-0.38|6.77|-0.48|10.78|10.45|11.20|10.44|14.93|10.49|8307438|86980480.00|1|0.0000|0.0000|0.0000|0|10.49
镇洋发展|603213|-2.09|12045452|119932512.00|-2.39|1.59|-2.59|9.83|9.80|10.20|9.78|12.05|10.04|19257652|195802832.00|1|0.0000|0.0000|0.0000|0|10.04
爱婴室|603214|-0.50|3012700|59978228.00|-0.30|0.85|-0.55|19.81|19.85|20.08|19.80|3.01|19.91|4299240|85995776.00|1|0.0000|0.0000|0.0000|0|19.91
比依股份|603215|1.01|4040900|68839312.00|-0.12|1.42|-0.59|17.08|16.89|17.15|16.81|4.04|16.91|7005500|120275904.00|1|0.0000|0.0000|0.0000|0|16.91
梦天家居|603216|1.75|1744900|20224702.00|-0.18|2.37|-0.70|11.61|11.39|11.68|11.33|1.74|11.41|2019300|23128216.00|1|0.0000|0.0000|0.0000|0|11.41
元利科技|603217|2.07|5948839|108051872.00|-1.18|6.05|-1.40|18.23|17.65|18.94|17.61|5.95|17.86|5896833|104275160.00|1|0.0000|0.0000|0.0000|0|17.86
日月股份|603218|0.23|5269799|68248104.00|-0.46|1.24|-0.85|12.95|12.86|13.08|12.81|5.27|12.92|6412802|82910168.00|1|0.0000|0.0000|0.0000|0|12.92
富佳股份|603219|0.18|2919920|48031480.00|-0.30|1.28|-0.79|16.46|16.38|16.64|16.30|2.92|16.43|5174460|85909256.00|1|0.0000|0.0000|0.0000|0|16.43
中贝通信|603220|2.74|30545808|790774976.00|-0.87|4.00|-1.15|25.91|25.00|26.23|24.93|30.55|25.22|17764547|449277536.00|1|0.0000|0.0000|0.0000|0|25.22
爱丽家居|603221|1.17|1981700|18869376.00|0.21|1.59|0.00|9.53|9.44|9.57|9.42|1.98|9.42|3161600|29839236.00|1|0.0000|0.0000|0.0000|0|9.42
济民健康|603222|0.32|7707860|48537276.00|0.00|1.11|-0.95|6.31|6.29|6.36|6.23|7.71|6.29|17077340|106418472.00|1|0.0000|0.0000|0.0000|0|6.29
恒通股份|603223|-0.56|2373500|21177342.00|-0.34|0.67|-1.01|8.89|8.91|9.00|8.85|2.37|8.94|5886540|52597624.00|1|0.0000|0.0000|0.0000|0|8.94
新凤鸣|603225|1.08|7470199|90661864.00|0.08|1.75|-0.50|12.16|12.04|12.24|11.97|7.47|12.03|6713536|80305728.00|1|0.0000|0.0000|0.0000|0|12.03
菲林格尔|603226|2.87|6705966|45199512.00|-0.75|3.92|-1.21|6.82|6.58|6.89|6.55|6.71|6.63|4668786|31128124.00|1|0.0000|0.0000|0.0000|0|6.63
雪峰科技|603227|1.59|9744990|86687760.00|-0.23|1.70|-1.02|8.96|8.80|8.97|8.73|9.74|8.82|16177300|143187632.00|1|0.0000|0.0000|0.0000|0|8.82
景旺电子|603228|2.32|12684912|440048768.00|-0.21|3.05|-0.44|34.87|34.01|35.12|33.93|12.68|34.08|11998382|413363328.00|1|0.0000|0.0000|0.0000|0|34.08
奥翔药业|603229|-0.35|7812526|66774652.00|-0.70|0.47|-1.40|8.56|8.53|8.63|8.47|7.81|8.59|17264893|148730560.00|1|0.0000|0.0000|0.0000|0|8.59
内蒙新华|603230|-0.16|2623950|32099002.00|0.33|0.98|-0.57|12.22|12.28|12.36|12.17|2.62|12.24|3401600|41675056.00|1|0.0000|0.0000|0.0000|0|12.24
索宝蛋白|603231|-0.32|945851|14729041.00|-0.26|-0.06|-0.96|15.60|15.61|15.64|15.50|0.95|15.65|1703851|26494446.00|1|0.0000|0.0000|0.0000|0|15.65
格尔软件|603232|0.36|3177640|44678104.00|-0.57|1.58|-0.72|14.00|13.87|14.17|13.85|3.18|13.95|4330200|60717216.00|1|0.0000|0.0000|0.0000|0|13.95
大参林|603233|-0.06|6601356|110491512.00|0.00|1.26|-0.72|16.70|16.71|16.92|16.59|6.60|16.71|14255087|237358336.00|1|0.0000|0.0000|0.0000|0|16.71
天新药业|603235|-0.47|1625612|44590124.00|-0.11|1.13|-0.69|27.26|27.36|27.70|27.20|1.63|27.39|2309884|62783548.00|1|0.0000|0.0000|0.0000|0|27.39
移远通信|603236|-1.98|10704260|901158528.00|-1.01|1.63|-3.01|83.47|84.30|86.55|82.60|10.70|85.16|17181575|1466617088.00|1|0.0000|0.0000|0.0000|0|85.16
五芳斋|603237|0.11|1440730|26812356.00|0.00|0.54|-0.48|18.61|18.59|18.69|18.50|1.44|18.59|1903721|35170268.00|1|0.0000|0.0000|0.0000|0|18.59
诺邦股份|603238|10.00|15979030|259945968.00|0.06|10.00|-1.30|16.94|15.41|16.94|15.20|15.98|15.40|11286285|173238064.00|1|0.0000|0.0000|0.0000|0|15.40
浙江仙通|603239|0.95|2438200|33557912.00|0.15|1.32|-1.02|13.80|13.69|13.85|13.53|2.44|13.67|2460500|33833672.00|1|0.0000|0.0000|0.0000|0|13.67
鼎际得|603255|-0.93|912500|28293540.00|0.90|1.22|-1.67|30.91|31.48|31.58|30.68|0.91|31.20|379100|11874991.00|1|0.0000|0.0000|0.0000|0|31.20
宏和科技|603256|0.35|2014300|17562740.00|-0.12|1.62|-0.35|8.69|8.65|8.80|8.63|2.01|8.66|2242061|19471354.00|1|0.0000|0.0000|0.0000|0|8.66
电魂网络|603258|1.00|3034071|67432624.00|-0.36|2.46|-0.68|22.18|21.88|22.50|21.81|3.03|21.96|4195800|92568608.00|1|0.0000|0.0000|0.0000|0|21.96
药明康德|603259|-3.20|38346610|2555881728.00|0.00|0.00|-3.61|66.05|68.23|68.23|65.77|38.35|68.23|47878141|3304120320.00|1|0.0000|0.0000|0.0000|0|68.23
合盛硅业|603260|-1.97|3721057|201735696.00|0.07|0.24|-3.37|54.13|55.26|55.35|53.36|3.72|55.22|1340000|73464960.00|1|0.0000|0.0000|0.0000|0|55.22
*ST立航|603261|-2.21|2326800|44618284.00|0.00|0.72|-2.52|19.01|19.44|19.58|18.95|2.33|19.44|4090100|78878896.00|1|0.0000|0.0000|0.0000|0|19.44
天龙股份|603266|9.99|11546868|210233440.00|-0.65|9.99|-1.06|18.71|16.90|18.71|16.83|11.55|17.01|4040240|68403096.00|1|0.0000|0.0000|0.0000|0|17.01
鸿远电子|603267|1.86|10700303|598378944.00|0.13|4.95|-0.35|55.81|54.86|57.50|54.60|10.70|54.79|14978784|821147456.00|1|0.0000|0.0000|0.0000|0|54.79
*ST松发|603268|0.17|1688540|60982704.00|-0.74|7.17|-0.74|35.05|34.73|37.50|34.73|1.69|34.99|1792040|62008532.00|1|0.0000|0.0000|0.0000|0|34.99
海鸥股份|603269|-1.89|6180180|70821520.00|0.00|0.52|-2.24|11.40|11.62|11.68|11.36|6.18|11.62|9900971|115340592.00|1|0.0000|0.0000|0.0000|0|11.62
金帝股份|603270|0.63|5088144|130795888.00|-0.98|2.95|-1.26|25.60|25.19|26.19|25.12|5.09|25.44|6483410|167096272.00|1|0.0000|0.0000|0.0000|0|25.44
永杰新材|603271|-1.82|3443477|134330240.00|-0.61|-0.03|-2.07|38.82|39.30|39.53|38.72|3.44|39.54|3656803|144249344.00|1|0.0000|0.0000|0.0000|0|39.54
联翔股份|603272|3.84|3499845|56439916.00|1.09|6.15|-1.98|16.22|15.79|16.58|15.31|3.50|15.62|3412400|54231220.00|1|0.0000|0.0000|0.0000|0|15.62
天元智能|603273|-0.23|1529738|26527106.00|0.12|0.98|-1.33|17.29|17.35|17.50|17.10|1.53|17.33|2320700|40413860.00|1|0.0000|0.0000|0.0000|0|17.33
众辰科技|603275|0.07|685500|27744696.00|0.00|1.62|-0.45|40.25|40.22|40.87|40.04|0.69|40.22|908700|36541496.00|1|0.0000|0.0000|0.0000|0|40.22
恒兴新材|603276|-8.52|17634055|246005184.00|-9.97|-3.93|-9.97|13.95|13.73|14.65|13.73|17.63|15.25|29650521|509118912.00|1|0.0000|0.0000|0.0000|0|15.25
银都股份|603277|-1.00|1821300|46596256.00|-0.43|0.27|-2.20|25.62|25.77|25.95|25.31|1.82|25.88|1794600|46184684.00|1|0.0000|0.0000|0.0000|0|25.88
大业股份|603278|-4.00|14103604|132806888.00|-2.87|-1.95|-4.82|9.36|9.47|9.56|9.28|14.10|9.75|18959080|181159776.00|1|0.0000|0.0000|0.0000|0|9.75
景津装备|603279|-0.23|1818800|31519210.00|0.00|0.40|-0.58|17.31|17.35|17.42|17.25|1.82|17.35|2902540|50588112.00|1|0.0000|0.0000|0.0000|0|17.35
南方路机|603280|0.34|3794577|90890168.00|-0.71|1.76|-1.26|23.91|23.66|24.25|23.53|3.79|23.83|4089368|97595840.00|1|0.0000|0.0000|0.0000|0|23.83
江瀚新材|603281|-0.52|823940|20662972.00|-0.04|0.60|-0.64|24.92|25.04|25.20|24.89|0.82|25.05|1036320|25891738.00|1|0.0000|0.0000|0.0000|0|25.05
亚光股份|603282|0.58|1265400|19773994.00|-0.45|2.46|-0.45|15.51|15.35|15.80|15.35|1.27|15.42|1245000|19174314.00|1|0.0000|0.0000|0.0000|0|15.42
赛腾股份|603283|-1.56|3747990|229690576.00|-0.93|-0.32|-1.69|61.11|61.50|61.88|61.03|3.75|62.08|6510360|402732352.00|1|0.0000|0.0000|0.0000|0|62.08
键邦股份|603285|-0.85|6799299|158850752.00|-0.85|0.47|-1.32|23.31|23.31|23.62|23.20|6.80|23.51|10048532|233539936.00|1|0.0000|0.0000|0.0000|0|23.51
日盈电子|603286|3.16|10212038|337289728.00|1.97|6.98|-0.85|32.96|32.58|34.18|31.68|10.21|31.95|6232400|199298992.00|1|0.0000|0.0000|0.0000|0|31.95
海天味业|603288|0.39|7169811|292282080.00|0.05|0.64|-0.69|40.84|40.70|40.94|40.40|7.17|40.68|7133311|289715616.00|1|0.0000|0.0000|0.0000|0|40.68
泰瑞机器|603289|1.69|11982692|108811080.00|-0.56|3.15|-0.90|9.05|8.85|9.18|8.82|11.98|8.90|11748700|104304768.00|1|0.0000|0.0000|0.0000|0|8.90
斯达半导|603290|0.14|1243384|110629088.00|-0.26|0.68|-0.26|88.97|88.62|89.45|88.62|1.24|88.85|1584240|140605280.00|1|0.0000|0.0000|0.0000|0|88.85
联合水务|603291|0.45|2172000|28732790.00|0.00|1.44|-1.14|13.25|13.19|13.38|13.04|2.17|13.19|5298027|70408336.00|1|0.0000|0.0000|0.0000|0|13.19
华勤技术|603296|-0.39|3414311|264799776.00|-0.19|0.76|-0.94|77.43|77.58|78.32|77.00|3.41|77.73|6091756|478642208.00|1|0.0000|0.0000|0.0000|0|77.73
永新光学|603297|2.35|1987600|179298368.00|5.01|6.97|1.78|88.70|91.00|92.70|88.20|1.99|86.66|1021736|89472352.00|1|0.0000|0.0000|0.0000|0|86.66
杭叉集团|603298|0.75|3591680|77017088.00|0.00|1.78|-0.70|21.48|21.32|21.70|21.17|3.59|21.32|6858317|145188144.00|1|0.0000|0.0000|0.0000|0|21.32
苏盐井神|603299|0.09|4972100|55104088.00|0.27|0.72|-0.36|11.08|11.10|11.15|11.03|4.97|11.07|5704090|63092952.00|1|0.0000|0.0000|0.0000|0|11.07
海南华铁|603300|4.45|303708303|3231116544.00|0.40|8.51|0.40|10.56|10.15|10.97|10.15|303.71|10.11|243486630|2507947520.00|1|0.0000|0.0000|0.0000|0|10.11
振德医疗|603301|1.18|3829090|85355640.00|-0.32|1.58|-0.77|22.38|22.05|22.47|21.95|3.83|22.12|4952488|109597368.00|1|0.0000|0.0000|0.0000|0|22.12
得邦照明|603303|2.10|2344828|30708798.00|0.16|2.33|-0.23|13.15|12.90|13.18|12.85|2.34|12.88|2556044|33152134.00|1|0.0000|0.0000|0.0000|0|12.88
旭升集团|603305|1.90|12696947|176104496.00|0.44|2.34|-0.22|13.93|13.73|13.99|13.64|12.70|13.67|11704259|160824432.00|1|0.0000|0.0000|0.0000|0|13.67
华懋科技|603306|0.38|2105900|77985368.00|1.30|2.28|-0.16|36.96|37.30|37.66|36.76|2.11|36.82|4076603|150418624.00|1|0.0000|0.0000|0.0000|0|36.82
扬州金泉|603307|2.54|1963200|72837616.00|0.00|2.54|-0.74|37.58|36.65|37.58|36.38|1.96|36.65|2175700|78745144.00|1|0.0000|0.0000|0.0000|0|36.65
应流股份|603308|3.72|13663088|264774464.00|-0.37|5.00|-1.54|19.50|18.73|19.74|18.51|13.66|18.80|18040240|333217984.00|1|0.0000|0.0000|0.0000|0|18.80
维力医疗|603309|-0.16|2668200|33217032.00|-0.32|0.80|-0.72|12.41|12.39|12.53|12.34|2.67|12.43|4888630|60532436.00|1|0.0000|0.0000|0.0000|0|12.43
巍华新材|603310|1.33|2744227|51700300.00|-0.16|1.92|-0.64|18.98|18.70|19.09|18.61|2.74|18.73|3476680|65728500.00|1|0.0000|0.0000|0.0000|0|18.73
金海高科|603311|0.20|1538700|15748424.00|0.49|1.08|-1.08|10.23|10.26|10.32|10.10|1.54|10.21|2888900|29526676.00|1|0.0000|0.0000|0.0000|0|10.21
西典新能|603312|-2.35|4225809|170529504.00|-0.78|-0.63|-3.20|40.25|40.90|40.96|39.90|4.23|41.22|7528607|308781056.00|1|0.0000|0.0000|0.0000|0|41.22
梦百合|603313|0.16|5073899|31609308.00|0.00|1.45|-0.97|6.21|6.20|6.29|6.14|5.07|6.20|5187530|32094932.00|1|0.0000|0.0000|0.0000|0|6.20
福鞍股份|603315|0.90|14039300|189040800.00|0.07|2.02|-0.37|13.48|13.37|13.63|13.31|14.04|13.36|15013573|199905216.00|1|0.0000|0.0000|0.0000|0|13.36
诚邦股份|603316|-0.17|3443330|19796716.00|-0.35|1.75|-0.52|5.72|5.71|5.83|5.70|3.44|5.73|5243810|30341458.00|1|0.0000|0.0000|0.0000|0|5.73
天味食品|603317|0.56|7760332|111589912.00|-0.14|1.96|-0.56|14.36|14.26|14.56|14.20|7.76|14.28|11125842|159342400.00|1|0.0000|0.0000|0.0000|0|14.28
水发燃气|603318|-1.81|6320200|41335888.00|-0.90|0.00|-2.26|6.51|6.57|6.63|6.48|6.32|6.63|8596233|56976624.00|1|0.0000|0.0000|0.0000|0|6.63
美湖股份|603319|7.24|26889972|907216576.00|0.28|8.93|-0.50|34.21|31.99|34.75|31.74|26.89|31.90|11764361|378500384.00|1|0.0000|0.0000|0.0000|0|31.90
迪贝电气|603320|1.36|4207619|75646880.00|0.00|2.77|-0.68|17.92|17.68|18.17|17.56|4.21|17.68|4104643|73091544.00|1|0.0000|0.0000|0.0000|0|17.68
梅轮电梯|603321|-0.87|14590735|116292024.00|-2.61|0.62|-2.98|7.98|7.84|8.10|7.81|14.59|8.05|23112569|184581744.00|1|0.0000|0.0000|0.0000|0|8.05
超讯通信|603322|-0.63|4192700|199526016.00|-0.78|1.03|-0.92|47.39|47.32|48.18|47.25|4.19|47.69|7294800|345939712.00|1|0.0000|0.0000|0.0000|0|47.69
苏农银行|603323|1.13|42906635|229528528.00|-0.19|1.70|-0.19|5.35|5.28|5.38|5.28|42.91|5.29|28613783|151182512.00|1|0.0000|0.0000|0.0000|0|5.29
盛剑科技|603324|-0.81|3660920|99425720.00|1.46|1.46|-1.98|27.09|27.71|27.71|26.77|3.66|27.31|3775440|102477944.00|1|0.0000|0.0000|0.0000|0|27.31
博隆技术|603325|1.45|388971|36324412.00|-0.63|2.73|-0.70|93.33|91.42|94.51|91.36|0.39|92.00|455562|41972912.00|1|0.0000|0.0000|0.0000|0|92.00
我乐家居|603326|10.03|16545573|125994240.00|0.14|10.03|0.00|7.90|7.19|7.90|7.18|16.55|7.18|5059200|36457592.00|1|0.0000|0.0000|0.0000|0|7.18
福蓉科技|603327|0.33|3289579|40533748.00|0.00|0.90|-0.33|12.32|12.28|12.39|12.24|3.29|12.28|3655359|44937208.00|1|0.0000|0.0000|0.0000|0|12.28
依顿电子|603328|0.40|7604900|76759320.00|-0.20|1.60|-0.20|10.07|10.01|10.19|10.01|7.60|10.03|10170600|102460552.00|1|0.0000|0.0000|0.0000|0|10.03
上海雅仕|603329|1.24|2565300|35652116.00|0.07|2.25|-0.51|13.93|13.77|14.07|13.69|2.57|13.76|2561200|35329824.00|1|0.0000|0.0000|0.0000|0|13.76
天洋新材|603330|-6.53|55243036|444627328.00|-2.98|-2.63|-9.97|8.16|8.47|8.50|7.86|55.24|8.73|64307204|576984512.00|0|0.0000|0.0000|0.0000|0|8.73
百达精工|603331|0.31|2565700|25125256.00|0.31|2.78|-0.41|9.74|9.74|9.98|9.67|2.57|9.71|3231690|31702866.00|1|0.0000|0.0000|0.0000|0|9.71
苏州龙杰|603332|-0.73|5850652|56483028.00|0.52|1.55|-1.55|9.58|9.70|9.80|9.50|5.85|9.65|9596870|93111976.00|1|0.0000|0.0000|0.0000|0|9.65
尚纬股份|603333|-0.74|14341582|76988456.00|0.37|1.68|-1.12|5.33|5.39|5.46|5.31|14.34|5.37|23102620|122601552.00|1|0.0000|0.0000|0.0000|0|5.37
迪生力|603335|0.74|5607290|22849808.00|-0.74|1.98|-0.74|4.07|4.01|4.12|4.01|5.61|4.04|8224345|33492952.00|1|0.0000|0.0000|0.0000|0|4.04
宏辉果蔬|603336|1.61|58228061|290808256.00|2.42|3.63|-1.41|5.04|5.08|5.14|4.89|58.23|4.96|40878668|196752464.00|1|0.0000|0.0000|0.0000|0|4.96
杰克科技|603337|0.73|1754614|58218452.00|-0.03|2.26|-0.40|32.95|32.70|33.45|32.58|1.75|32.71|2235580|73215712.00|1|0.0000|0.0000|0.0000|0|32.71
浙江鼎力|603338|0.17|3044096|182428368.00|0.02|1.88|-0.42|59.76|59.67|60.78|59.41|3.04|59.66|4672496|278520352.00|1|0.0000|0.0000|0.0000|0|59.66
四方科技|603339|0.48|2021456|25273636.00|0.24|1.86|-0.65|12.45|12.42|12.62|12.31|2.02|12.39|1936340|23952786.00|1|0.0000|0.0000|0.0000|0|12.39
龙旗科技|603341|0.25|1509369|65916232.00|0.05|0.69|-0.53|43.77|43.68|43.96|43.43|1.51|43.66|2113669|92299528.00|1|0.0000|0.0000|0.0000|0|43.66
星德胜|603344|1.18|3615700|93929712.00|-0.12|3.13|-0.16|25.82|25.49|26.32|25.48|3.62|25.52|4042273|104138736.00|1|0.0000|0.0000|0.0000|0|25.52
安井食品|603345|-0.56|1717009|137846784.00|-0.01|0.60|-0.98|80.16|80.60|81.09|79.82|1.72|80.61|1961226|158243952.00|1|0.0000|0.0000|0.0000|0|80.61
文灿股份|603348|1.30|7570166|177838240.00|0.04|3.77|-0.43|23.40|23.11|23.97|23.00|7.57|23.10|6498889|150596912.00|1|0.0000|0.0000|0.0000|0|23.10
安乃达|603350|0.81|1570081|57021820.00|-0.08|2.85|-0.92|36.12|35.80|36.85|35.50|1.57|35.83|1620812|58528360.00|1|0.0000|0.0000|0.0000|0|35.83
威尔药业|603351|1.09|1211360|31559014.00|1.32|2.33|-0.58|26.03|26.09|26.35|25.60|1.21|25.75|2196000|57930592.00|1|0.0000|0.0000|0.0000|0|25.75
XD和顺石|603353|-9.99|26832724|531921888.00|2.23|2.28|-9.99|18.93|21.50|21.51|18.93|26.83|21.03|2469340|51930220.00|1|0.0000|0.0000|0.0000|0|21.03
莱克电气|603355|0.38|2112540|55512152.00|-0.34|0.95|-0.38|26.30|26.11|26.45|26.10|2.11|26.20|3976290|104862192.00|1|0.0000|0.0000|0.0000|0|26.20
华菱精工|603356|-0.92|1468800|19161842.00|0.46|0.46|-1.14|12.99|13.17|13.17|12.96|1.47|13.11|2121900|27835872.00|1|0.0000|0.0000|0.0000|0|13.11
设计总院|603357|-0.10|12412728|121737616.00|0.00|0.51|-0.41|9.79|9.80|9.85|9.76|12.41|9.80|20922529|204997776.00|1|0.0000|0.0000|0.0000|0|9.80
华达科技|603358|2.06|2532259|93549536.00|-0.14|2.70|-0.17|37.10|36.30|37.33|36.29|2.53|36.35|1971032|71753136.00|1|0.0000|0.0000|0.0000|0|36.35
东珠生态|603359|0.00|25757171|138987520.00|0.00|3.36|-0.75|5.35|5.35|5.53|5.31|25.76|5.35|38555371|209049328.00|1|0.0000|0.0000|0.0000|0|5.35
百傲化学|603360|-4.20|20792121|600859584.00|-0.46|-0.16|-8.40|29.21|30.35|30.44|27.93|20.79|30.49|11178993|337266304.00|1|0.0000|0.0000|0.0000|0|30.49
傲农生物|603363|0.00|5042300|17423580.00|-0.29|1.16|-0.58|3.45|3.44|3.49|3.43|5.04|3.45|6850260|23680972.00|1|0.0000|0.0000|0.0000|0|3.45
水星家纺|603365|2.68|1112800|17372200.00|-0.13|2.74|-0.33|15.72|15.29|15.73|15.26|1.11|15.31|1210700|18399694.00|1|0.0000|0.0000|0.0000|0|15.31
日出东方|603366|7.19|58413824|624648704.00|0.60|9.98|0.20|10.74|10.08|11.02|10.04|58.41|10.02|9140100|91985920.00|1|0.0000|0.0000|0.0000|0|10.02
辰欣药业|603367|0.21|5015399|71970632.00|0.00|1.75|-0.21|14.28|14.25|14.50|14.22|5.02|14.25|7764200|109811648.00|1|0.0000|0.0000|0.0000|0|14.25
柳药集团|603368|0.34|4987891|88590624.00|-0.11|0.51|-0.68|17.82|17.74|17.85|17.64|4.99|17.76|9551615|169569104.00|1|0.0000|0.0000|0.0000|0|17.76
今世缘|603369|0.02|2811935|145696880.00|-0.04|0.65|-1.37|52.00|51.97|52.33|51.28|2.81|51.99|4310200|225475856.00|1|0.0000|0.0000|0.0000|0|51.99
安邦护卫|603373|0.17|514700|15628954.00|0.26|0.96|-0.56|30.27|30.30|30.51|30.05|0.51|30.22|769148|23293804.00|1|0.0000|0.0000|0.0000|0|30.22
盛景微|603375|-0.62|1392600|49408724.00|0.00|0.99|-0.96|35.25|35.47|35.82|35.13|1.39|35.47|1860900|66046516.00|1|0.0000|0.0000|0.0000|0|35.47
ST东时|603377|5.05|7351698|22406428.00|-1.35|5.05|-1.35|3.12|2.93|3.12|2.93|7.35|2.97|8320232|24752522.00|1|0.0000|0.0000|0.0000|0|2.97
亚士创能|603378|0.00|4705556|31438330.00|-0.45|1.20|-0.45|6.66|6.63|6.74|6.63|4.71|6.66|5955139|39365588.00|1|0.0000|0.0000|0.0000|0|6.66
三美股份|603379|3.09|9422106|393240768.00|0.79|5.92|0.74|41.65|40.72|42.79|40.70|9.42|40.40|5179142|210528048.00|1|0.0000|0.0000|0.0000|0|40.40
易德龙|603380|1.18|1281500|31882448.00|0.00|2.24|-0.04|24.82|24.53|25.08|24.52|1.28|24.53|1092900|26852424.00|1|0.0000|0.0000|0.0000|0|24.53
永臻股份|603381|-0.78|1333816|29097752.00|0.36|0.36|-1.09|21.75|22.00|22.00|21.68|1.33|21.92|1726449|37842836.00|1|0.0000|0.0000|0.0000|0|21.92
顶点软件|603383|7.76|16660511|666623872.00|-0.53|8.26|-0.61|40.69|37.56|40.88|37.53|16.66|37.76|5173096|198029216.00|1|0.0000|0.0000|0.0000|0|37.76
惠达卫浴|603385|0.92|2949210|19386620.00|0.46|2.00|-0.61|6.57|6.54|6.64|6.47|2.95|6.51|4613564|30076936.00|1|0.0000|0.0000|0.0000|0|6.51
骏亚科技|603386|-0.89|4370300|49125328.00|1.15|1.15|-1.06|11.17|11.40|11.40|11.15|4.37|11.27|5336440|60002892.00|1|0.0000|0.0000|0.0000|0|11.27
基蛋生物|603387|0.46|4937728|43076008.00|0.12|1.50|-0.81|8.71|8.68|8.80|8.60|4.94|8.67|8081740|70031848.00|1|0.0000|0.0000|0.0000|0|8.67
*ST亚振|603389|4.30|13205300|70124400.00|0.00|9.96|-1.17|5.34|5.12|5.63|5.06|13.21|5.12|4857357|24867776.00|1|0.0000|0.0000|0.0000|0|5.12
通达电气|603390|0.00|4093400|42025112.00|-0.10|0.98|-1.17|10.24|10.23|10.34|10.12|4.09|10.24|4708300|48311256.00|1|0.0000|0.0000|0.0000|0|10.24
力聚热能|603391|1.06|1346443|59054232.00|0.00|2.21|-0.65|43.86|43.40|44.36|43.12|1.35|43.40|2125036|91440784.00|1|0.0000|0.0000|0.0000|0|43.40
万泰生物|603392|0.68|1723846|112219448.00|-0.03|1.14|-0.45|65.18|64.72|65.48|64.45|1.72|64.74|2519077|163725984.00|1|0.0000|0.0000|0.0000|0|64.74
新天然气|603393|0.21|2150404|62240512.00|0.10|0.62|-0.35|28.93|28.90|29.05|28.77|2.15|28.87|5666449|165284096.00|1|0.0000|0.0000|0.0000|0|28.87
红四方|603395|-0.54|2169640|99735176.00|0.11|0.54|-0.63|45.85|46.15|46.35|45.81|2.17|46.10|2699031|124413192.00|1|0.0000|0.0000|0.0000|0|46.10
金辰股份|603396|-0.19|2092800|55870584.00|0.04|2.00|-1.13|26.40|26.46|26.98|26.15|2.09|26.45|2545300|67394400.00|1|0.0000|0.0000|0.0000|0|26.45
*ST沐邦|603398|-4.46|15833880|204900704.00|0.91|1.28|-4.69|12.64|13.35|13.40|12.61|15.83|13.23|10971500|145565568.00|1|0.0000|0.0000|0.0000|0|13.23
永杉锂业|603399|0.00|4182100|38165284.00|0.00|0.77|-0.66|9.11|9.11|9.18|9.05|4.18|9.11|5311400|48261444.00|1|0.0000|0.0000|0.0000|0|9.11
建霖家居|603408|1.85|2050900|28108218.00|0.00|2.29|-0.52|13.77|13.52|13.83|13.45|2.05|13.52|2980200|40598984.00|1|0.0000|0.0000|0.0000|0|13.52
汇通控股|603409|-0.34|1991047|76747328.00|-0.42|0.65|-0.68|38.38|38.35|38.76|38.25|1.99|38.51|2221096|85187008.00|1|0.0000|0.0000|0.0000|0|38.51
信捷电气|603416|1.30|4621447|284570208.00|-1.00|7.08|-1.00|60.97|59.59|64.45|59.59|4.62|60.19|3189647|192575856.00|1|0.0000|0.0000|0.0000|0|60.19
鼎信通讯|603421|0.75|7646040|51488328.00|0.00|2.54|-0.45|6.73|6.68|6.85|6.65|7.65|6.68|8191400|55052584.00|1|0.0000|0.0000|0.0000|0|6.68
集友股份|603429|3.81|15369968|133657248.00|0.95|5.24|-1.55|8.72|8.48|8.84|8.27|15.37|8.40|23477034|196231440.00|1|0.0000|0.0000|0.0000|0|8.40
三力制药|603439|-0.23|4096900|54065736.00|-0.53|0.68|-0.68|13.17|13.13|13.29|13.11|4.10|13.20|7135200|94164248.00|1|0.0000|0.0000|0.0000|0|13.20
吉比特|603444|-0.85|670857|151028608.00|-0.44|1.10|-0.97|223.87|224.80|228.28|223.60|0.67|225.80|1181595|264633712.00|1|0.0000|0.0000|0.0000|0|225.80
九洲药业|603456|0.76|26349275|383623200.00|0.97|2.43|-0.07|14.50|14.53|14.74|14.38|26.35|14.39|29276288|419663840.00|1|0.0000|0.0000|0.0000|0|14.39
勘设股份|603458|0.32|6227383|39627604.00|0.47|2.05|-1.26|6.36|6.37|6.47|6.26|6.23|6.34|12401521|78707912.00|1|0.0000|0.0000|0.0000|0|6.34
风语筑|603466|-0.10|12254000|122289464.00|-0.20|1.92|-1.01|9.90|9.89|10.10|9.81|12.25|9.91|20420454|205111760.00|1|0.0000|0.0000|0.0000|0|9.91
巨星农牧|603477|3.59|23812574|484882816.00|0.05|4.75|-1.06|20.50|19.80|20.73|19.58|23.81|19.79|20292613|402892384.00|1|0.0000|0.0000|0.0000|0|19.79
科沃斯|603486|-0.27|4071237|239843632.00|-0.19|0.59|-1.08|58.96|59.01|59.47|58.48|4.07|59.12|5845119|349655776.00|1|0.0000|0.0000|0.0000|0|59.12
展鹏科技|603488|-0.67|2772799|20680042.00|0.00|0.94|-1.20|7.43|7.48|7.55|7.39|2.77|7.48|3395600|25738570.00|1|0.0000|0.0000|0.0000|0|7.48
八方股份|603489|1.22|3067059|84581584.00|0.29|3.13|0.18|27.45|27.20|27.97|27.17|3.07|27.12|3074807|83688008.00|1|0.0000|0.0000|0.0000|0|27.12
恒为科技|603496|0.07|9694220|273929056.00|-0.60|0.60|-0.71|28.29|28.10|28.44|28.07|9.69|28.27|15849206|451766560.00|1|0.0000|0.0000|0.0000|0|28.27
翔港科技|603499|10.01|3198352|81206160.00|10.01|10.01|10.01|25.39|25.39|25.39|25.39|3.20|23.08|1836874|42350100.00|1|0.0000|0.0000|0.0000|0|23.08
祥和实业|603500|0.39|3427239|26247762.00|0.13|1.58|-0.53|7.64|7.62|7.73|7.57|3.43|7.61|6105000|46567424.00|1|0.0000|0.0000|0.0000|0|7.61
豪威集团|603501|0.22|8540957|1147164160.00|-0.12|1.35|-0.27|133.96|133.50|135.46|133.30|8.54|133.66|9234685|1232522496.00|1|0.0000|0.0000|0.0000|0|133.66
金石资源|603505|0.33|2555383|63019044.00|0.00|1.43|-0.49|24.58|24.50|24.85|24.38|2.56|24.50|2326983|57078972.00|1|0.0000|0.0000|0.0000|0|24.50
南都物业|603506|-0.09|3648100|40085696.00|0.00|3.96|-1.57|10.84|10.85|11.28|10.68|3.65|10.85|4182483|45860672.00|1|0.0000|0.0000|0.0000|0|10.85
振江股份|603507|10.01|21644133|564862848.00|0.87|10.01|0.04|26.49|24.29|26.49|24.09|21.64|24.08|2926470|70474344.00|1|0.0000|0.0000|0.0000|0|24.08
思维列控|603508|1.11|2685939|63265960.00|-0.60|1.72|-0.69|23.58|23.18|23.72|23.16|2.69|23.32|2832528|66363180.00|1|0.0000|0.0000|0.0000|0|23.32
爱慕股份|603511|0.94|1366200|19070620.00|0.07|1.66|-0.87|13.96|13.84|14.06|13.71|1.37|13.83|1308037|18107200.00|1|0.0000|0.0000|0.0000|0|13.83
欧普照明|603515|-0.48|1295351|21711994.00|0.48|0.83|-0.89|16.70|16.86|16.92|16.63|1.30|16.78|1731550|29122752.00|1|0.0000|0.0000|0.0000|0|16.78
淳中科技|603516|-0.19|4158888|193950304.00|0.00|1.98|-0.95|46.35|46.44|47.36|46.00|4.16|46.44|4324248|202906432.00|1|0.0000|0.0000|0.0000|0|46.44
ST绝味|603517|-0.26|7142592|111804360.00|0.19|1.02|-1.02|15.62|15.69|15.82|15.50|7.14|15.66|13837838|216488272.00|1|0.0000|0.0000|0.0000|0|15.66
锦泓集团|603518|2.61|12640670|118717696.00|-0.11|3.15|-0.33|9.44|9.19|9.49|9.17|12.64|9.20|10724664|97914568.00|1|0.0000|0.0000|0.0000|0|9.20
立霸股份|603519|0.00|1236200|15284989.00|0.00|1.38|-0.41|12.30|12.30|12.47|12.25|1.24|12.30|2319360|28503738.00|1|0.0000|0.0000|0.0000|0|12.30
司太立|603520|0.34|13335900|118328128.00|-0.11|0.90|-1.46|8.92|8.88|8.97|8.76|13.34|8.89|25316925|223941344.00|1|0.0000|0.0000|0.0000|0|8.89
众源新材|603527|-0.80|11400300|114365920.00|0.60|1.60|-1.00|9.94|10.08|10.18|9.92|11.40|10.02|13019656|130232480.00|1|0.0000|0.0000|0.0000|0|10.02
多伦科技|603528|0.96|9132184|76591248.00|0.24|2.29|-0.48|8.38|8.32|8.49|8.26|9.13|8.30|8669900|72479200.00|1|0.0000|0.0000|0.0000|0|8.30
爱玛科技|603529|1.45|4017607|188326208.00|0.00|2.46|-0.65|46.97|46.30|47.44|46.00|4.02|46.30|6010059|278183840.00|1|0.0000|0.0000|0.0000|0|46.30
神马电力|603530|-0.04|2641344|73961072.00|-0.47|1.79|-1.61|27.89|27.77|28.40|27.45|2.64|27.90|3949241|111306768.00|1|0.0000|0.0000|0.0000|0|27.90
掌阅科技|603533|0.11|4757424|89876384.00|-0.43|2.02|-0.43|18.79|18.69|19.15|18.69|4.76|18.77|5856994|110656424.00|1|0.0000|0.0000|0.0000|0|18.77
嘉诚国际|603535|-0.31|3655306|47162228.00|0.00|1.40|-1.01|12.85|12.89|13.07|12.76|3.66|12.89|3757768|48705868.00|1|0.0000|0.0000|0.0000|0|12.89
惠发食品|603536|-0.44|4741060|42744356.00|0.00|1.22|-0.89|8.99|9.03|9.14|8.95|4.74|9.03|4981400|45182080.00|1|0.0000|0.0000|0.0000|0|9.03
美诺华|603538|2.57|14195506|213827776.00|-0.41|4.07|-0.41|15.14|14.70|15.36|14.70|14.20|14.76|15767915|233356304.00|1|0.0000|0.0000|0.0000|0|14.76
奥普科技|603551|2.81|3819900|41708616.00|0.09|3.37|-0.56|10.99|10.70|11.05|10.63|3.82|10.69|1740900|18634168.00|1|0.0000|0.0000|0.0000|0|10.69
海兴电力|603556|0.61|3421886|117265056.00|0.00|0.88|-0.85|34.47|34.26|34.56|33.97|3.42|34.26|5944680|204059152.00|1|0.0000|0.0000|0.0000|0|34.26
ST起步|603557|0.00|3515600|7755425.00|0.00|2.28|-0.46|2.19|2.19|2.24|2.18|3.52|2.19|2296928|5043603.00|1|0.0000|0.0000|0.0000|0|2.19
健盛集团|603558|1.42|4077100|40616668.00|0.10|1.72|-0.51|10.00|9.87|10.03|9.81|4.08|9.86|6394286|63189096.00|1|0.0000|0.0000|0.0000|0|9.86
ST通脉|603559|-1.36|835368|6104092.00|-0.27|1.77|-1.77|7.25|7.33|7.48|7.22|0.84|7.35|762200|5667553.00|1|0.0000|0.0000|0.0000|0|7.35
中谷物流|603565|2.48|47235701|499053152.00|-2.57|2.96|-2.86|10.75|10.22|10.80|10.19|47.24|10.49|82647200|855601600.00|1|0.0000|0.0000|0.0000|0|10.49
普莱柯|603566|0.24|4206801|52148032.00|0.08|1.05|-1.05|12.41|12.39|12.51|12.25|4.21|12.38|7224000|89446064.00|1|0.0000|0.0000|0.0000|0|12.38
珍宝岛|603567|-0.71|4452151|50192204.00|0.35|0.80|-0.97|11.23|11.35|11.40|11.20|4.45|11.31|10707397|120330984.00|1|0.0000|0.0000|0.0000|0|11.31
伟明环保|603568|-0.47|4069469|87011992.00|0.00|0.70|-1.03|21.32|21.42|21.57|21.20|4.07|21.42|5383105|115137096.00|1|0.0000|0.0000|0.0000|0|21.42
长久物流|603569|-0.83|3434700|24659156.00|0.00|0.56|-0.97|7.14|7.20|7.24|7.13|3.43|7.20|5247800|37781772.00|1|0.0000|0.0000|0.0000|0|7.20
汇金通|603577|-0.89|5382100|48200216.00|-0.67|0.33|-1.55|8.94|8.96|9.05|8.88|5.38|9.02|6623400|59881364.00|1|0.0000|0.0000|0.0000|0|9.02
三星新材|603578|10.00|8127496|113723816.00|-0.31|10.00|-1.76|14.41|13.06|14.41|12.87|8.13|13.10|2664377|35377440.00|1|0.0000|0.0000|0.0000|0|13.10
荣泰健康|603579|-10.00|31301781|747499264.00|-8.41|-5.78|-10.00|23.66|24.08|24.77|23.66|31.30|26.29|42905273|1176575104.00|1|0.0000|0.0000|0.0000|0|26.29
*ST艾艾|603580|-1.12|1351100|23918748.00|-0.28|0.28|-1.57|17.63|17.78|17.88|17.55|1.35|17.83|2131300|37895196.00|1|0.0000|0.0000|0.0000|0|17.83
捷昌驱动|603583|1.75|10416581|423392704.00|-0.47|2.77|-0.47|40.79|39.90|41.20|39.90|10.42|40.09|8325489|334361280.00|1|0.0000|0.0000|0.0000|0|40.09
苏利股份|603585|1.42|7545780|113598136.00|1.49|6.68|-0.81|15.02|15.03|15.80|14.69|7.55|14.81|7296050|107028776.00|1|0.0000|0.0000|0.0000|0|14.81
金麒麟|603586|0.47|1824000|27321392.00|-0.61|1.95|-0.61|14.91|14.75|15.13|14.75|1.82|14.84|2061400|30603204.00|1|0.0000|0.0000|0.0000|0|14.84
地素时尚|603587|0.32|1540800|19221618.00|-0.40|0.56|-0.80|12.49|12.40|12.52|12.35|1.54|12.45|2257739|28014182.00|1|0.0000|0.0000|0.0000|0|12.45
高能环境|603588|-1.22|23129024|131623784.00|-0.70|0.00|-1.57|5.67|5.70|5.74|5.65|23.13|5.74|36781093|211489888.00|1|0.0000|0.0000|0.0000|0|5.74
口子窖|603589|0.03|2193175|79329192.00|0.03|0.64|-0.33|36.13|36.13|36.35|36.00|2.19|36.12|2578542|93126472.00|1|0.0000|0.0000|0.0000|0|36.12
康辰药业|603590|0.34|7398154|200609168.00|2.26|3.80|-0.34|26.69|27.20|27.61|26.51|7.40|26.60|7861868|204189056.00|1|0.0000|0.0000|0.0000|0|26.60
ST东尼|603595|0.00|2433090|50281748.00|-0.34|0.87|-1.36|20.64|20.57|20.82|20.36|2.43|20.64|3572000|73801264.00|1|0.0000|0.0000|0.0000|0|20.64
伯特利|603596|-0.70|5853328|357323456.00|-0.64|1.16|-1.97|60.96|61.00|62.10|60.18|5.85|61.39|3625388|222784096.00|1|0.0000|0.0000|0.0000|0|61.39
引力传媒|603598|1.70|16230800|300968128.00|-1.21|4.71|-1.21|18.55|18.02|19.10|18.02|16.23|18.24|10839700|198784288.00|1|0.0000|0.0000|0.0000|0|18.24
广信股份|603599|0.42|4419372|52785720.00|-0.25|1.69|-0.42|11.91|11.83|12.06|11.81|4.42|11.86|5016972|59279604.00|1|0.0000|0.0000|0.0000|0|11.86
永艺股份|603600|0.25|6718309|79702200.00|-0.59|1.44|-0.59|11.85|11.75|11.99|11.75|6.72|11.82|6119400|72060512.00|1|0.0000|0.0000|0.0000|0|11.82
再升科技|603601|0.00|11117360|40007392.00|0.00|0.83|-0.83|3.60|3.60|3.63|3.57|11.12|3.60|13495338|48504104.00|1|0.0000|0.0000|0.0000|0|3.60
纵横通信|603602|-1.99|8061760|131641816.00|-1.51|0.06|-2.72|16.22|16.30|16.56|16.10|8.06|16.55|5148905|85633192.00|1|0.0000|0.0000|0.0000|0|16.55
珀莱雅|603605|-0.06|1738458|144351312.00|0.01|0.38|-0.63|83.09|83.15|83.46|82.62|1.74|83.14|1811496|150732384.00|1|0.0000|0.0000|0.0000|0|83.14
东方电缆|603606|1.99|10459640|528498848.00|0.02|2.75|-1.02|50.80|49.82|51.18|49.30|10.46|49.81|10085723|500002016.00|1|0.0000|0.0000|0.0000|0|49.81
京华激光|603607|-1.99|7354788|134772624.00|-0.48|0.21|-2.84|18.26|18.54|18.67|18.10|7.35|18.63|11261154|206740960.00|1|0.0000|0.0000|0.0000|0|18.63
天创时尚|603608|-3.35|3266420|15184961.00|0.63|0.63|-3.97|4.62|4.81|4.81|4.59|3.27|4.78|3467800|16608810.00|1|0.0000|0.0000|0.0000|0|4.78
禾丰股份|603609|0.89|5128701|40603948.00|-0.51|1.27|-0.89|7.95|7.84|7.98|7.81|5.13|7.88|5317565|41721752.00|1|0.0000|0.0000|0.0000|0|7.88
麒盛科技|603610|-0.67|3619745|43109492.00|-1.26|1.01|-1.26|11.85|11.78|12.05|11.78|3.62|11.93|6501100|77883104.00|1|0.0000|0.0000|0.0000|0|11.93
诺力股份|603611|1.31|8676200|163322656.00|0.71|5.62|-0.11|18.56|18.45|19.35|18.30|8.68|18.32|4021600|73739672.00|1|0.0000|0.0000|0.0000|0|18.32
索通发展|603612|3.26|19906000|354423264.00|1.28|5.24|0.47|17.75|17.41|18.09|17.27|19.91|17.19|11700324|200726656.00|1|0.0000|0.0000|0.0000|0|17.19
国联股份|603613|0.95|6387694|169756000.00|0.19|1.48|0.00|26.63|26.43|26.77|26.38|6.39|26.38|6944468|183160224.00|1|0.0000|0.0000|0.0000|0|26.38
茶花股份|603615|8.71|4748915|117482920.00|-0.09|9.44|-0.82|25.33|23.28|25.50|23.11|4.75|23.30|2374600|55679616.00|1|0.0000|0.0000|0.0000|0|23.30
韩建河山|603616|0.00|6590100|21967462.00|0.00|1.20|-0.90|3.33|3.33|3.37|3.30|6.59|3.33|10069700|33648212.00|1|0.0000|0.0000|0.0000|0|3.33
君禾股份|603617|0.27|8521218|63496184.00|0.00|1.48|-0.81|7.44|7.42|7.53|7.36|8.52|7.42|9648800|71838256.00|1|0.0000|0.0000|0.0000|0|7.42
杭电股份|603618|0.29|14667300|101779464.00|-0.14|1.16|-0.87|6.94|6.91|7.00|6.86|14.67|6.92|19280929|134131304.00|1|0.0000|0.0000|0.0000|0|6.92
中曼石油|603619|-2.15|10862100|198703920.00|-1.02|-0.38|-2.31|18.18|18.39|18.51|18.15|10.86|18.58|18830870|349952128.00|1|0.0000|0.0000|0.0000|0|18.58
科森科技|603626|-0.37|10041980|80705280.00|-0.37|0.87|-0.75|8.01|8.01|8.11|7.98|10.04|8.04|12524400|101532640.00|1|0.0000|0.0000|0.0000|0|8.04
清源股份|603628|0.31|3956500|50584008.00|-0.08|1.10|-1.10|12.80|12.75|12.90|12.62|3.96|12.76|5992696|76291920.00|1|0.0000|0.0000|0.0000|0|12.76
利通电子|603629|0.98|11975235|334821824.00|-0.22|3.15|-1.19|27.90|27.57|28.50|27.30|11.98|27.63|13054675|362592928.00|1|0.0000|0.0000|0.0000|0|27.63
拉芳家化|603630|10.01|18474404|298408384.00|-3.14|10.01|-3.14|16.81|14.80|16.81|14.80|18.47|15.28|12287680|188069792.00|1|0.0000|0.0000|0.0000|0|15.28
徕木股份|603633|2.81|17534021|148499472.00|1.59|6.35|0.73|8.42|8.32|8.71|8.25|17.53|8.19|8333070|68122520.00|1|0.0000|0.0000|0.0000|0|8.19
南威软件|603636|0.08|8275433|108584808.00|-0.38|1.23|-0.54|13.06|13.00|13.21|12.98|8.28|13.05|10395173|136587344.00|1|0.0000|0.0000|0.0000|0|13.05
镇海股份|603637|-1.12|4977724|48775184.00|-0.82|2.14|-1.12|9.70|9.73|10.02|9.70|4.98|9.81|7207802|71539264.00|1|0.0000|0.0000|0.0000|0|9.81
艾迪精密|603638|-3.20|9966868|223482832.00|-1.53|0.00|-4.29|22.11|22.49|22.84|21.86|9.97|22.84|14013251|314245856.00|1|0.0000|0.0000|0.0000|0|22.84
海利尔|603639|-0.57|1052000|12853844.00|-0.24|0.00|-1.14|12.20|12.24|12.27|12.13|1.05|12.27|2201236|26902472.00|1|0.0000|0.0000|0.0000|0|12.27
畅联股份|603648|-0.32|2068100|19592176.00|-0.53|0.53|-0.84|9.47|9.45|9.55|9.42|2.07|9.50|3301400|31373256.00|1|0.0000|0.0000|0.0000|0|9.50
彤程新材|603650|-1.01|3315600|107670064.00|-0.49|1.19|-1.25|32.34|32.51|33.06|32.26|3.32|32.67|5689521|185678608.00|1|0.0000|0.0000|0.0000|0|32.67
朗博科技|603655|0.30|1025000|24487448.00|-3.09|2.41|-3.09|23.70|22.90|24.20|22.90|1.03|23.63|806200|19025060.00|1|0.0000|0.0000|0.0000|0|23.63
泰禾智能|603656|0.54|1830300|34180708.00|-0.32|2.49|-0.59|18.59|18.43|18.95|18.38|1.83|18.49|1741500|32317272.00|1|0.0000|0.0000|0.0000|0|18.49
春光科技|603657|10.00|6540980|115499496.00|0.49|10.00|-1.95|18.04|16.48|18.04|16.08|6.54|16.40|4519140|74932168.00|1|0.0000|0.0000|0.0000|0|16.40
安图生物|603658|-0.26|2032200|86851648.00|0.00|0.63|-1.01|42.67|42.78|43.05|42.35|2.03|42.78|3545283|151331840.00|1|0.0000|0.0000|0.0000|0|42.78
璞泰来|603659|2.50|21252298|388628608.00|-0.11|3.22|-1.11|18.47|18.00|18.60|17.82|21.25|18.02|16591427|302073600.00|1|0.0000|0.0000|0.0000|0|18.02
苏州科达|603660|-0.84|8005800|56992056.00|0.00|0.56|-1.12|7.08|7.14|7.18|7.06|8.01|7.14|9892362|70981272.00|1|0.0000|0.0000|0.0000|0|7.14
恒林股份|603661|0.47|462300|13911312.00|-0.10|1.34|-0.40|30.04|29.87|30.30|29.78|0.46|29.90|539640|16068907.00|1|0.0000|0.0000|0.0000|0|29.90
柯力传感|603662|0.15|5274900|342602368.00|0.59|1.49|-0.19|64.62|64.90|65.48|64.40|5.27|64.52|6877425|444747744.00|1|0.0000|0.0000|0.0000|0|64.52
三祥新材|603663|0.56|13228300|310373920.00|1.24|2.14|-0.99|23.46|23.62|23.83|23.10|13.23|23.33|12486457|290139520.00|1|0.0000|0.0000|0.0000|0|23.33
康隆达|603665|0.78|2202348|40155580.00|1.73|3.18|-0.39|18.05|18.22|18.48|17.84|2.20|17.91|3202300|57279476.00|1|0.0000|0.0000|0.0000|0|17.91
亿嘉和|603666|4.32|10798300|372469728.00|-0.69|4.95|-0.69|34.77|33.10|34.98|33.10|10.80|33.33|11288862|378769824.00|1|0.0000|0.0000|0.0000|0|33.33
五洲新春|603667|1.22|15133390|588817728.00|-0.03|2.92|-0.42|38.85|38.37|39.50|38.22|15.13|38.38|11279231|434618400.00|1|0.0000|0.0000|0.0000|0|38.38
天马科技|603668|0.24|3917480|48825768.00|0.32|0.64|-0.96|12.50|12.51|12.55|12.35|3.92|12.47|4185244|52052988.00|1|0.0000|0.0000|0.0000|0|12.47
灵康药业|603669|0.00|8220200|36858256.00|0.90|1.57|-1.12|4.46|4.50|4.53|4.41|8.22|4.46|10678500|47643532.00|1|0.0000|0.0000|0.0000|0|4.46
卫信康|603676|0.20|2464700|25289566.00|0.88|1.27|-0.78|10.24|10.31|10.35|10.14|2.46|10.22|5624096|57500612.00|1|0.0000|0.0000|0.0000|0|10.22
奇精机械|603677|-10.00|25055956|580250240.00|-3.80|-3.32|-10.00|22.50|24.05|24.17|22.50|25.06|25.00|34313852|855183680.00|1|0.0000|0.0000|0.0000|0|25.00
火炬电子|603678|-0.47|6502619|262703840.00|-0.59|1.63|-1.48|40.37|40.32|41.22|39.96|6.50|40.56|12512026|510261568.00|1|0.0000|0.0000|0.0000|0|40.56
华体科技|603679|-3.68|11007341|142203488.00|-0.98|-0.98|-4.58|12.82|13.18|13.18|12.70|11.01|13.31|8094130|105090520.00|1|0.0000|0.0000|0.0000|0|13.31
今创集团|603680|0.60|1879500|15807000.00|0.60|1.56|-0.60|8.40|8.40|8.48|8.30|1.88|8.35|3161181|26620340.00|1|0.0000|0.0000|0.0000|0|8.35
永冠新材|603681|-0.21|1557165|22200962.00|0.00|0.91|-1.48|14.19|14.22|14.35|14.01|1.56|14.22|1837600|26000232.00|1|0.0000|0.0000|0.0000|0|14.22
锦和商管|603682|-0.19|4485000|23530574.00|-0.19|0.38|-0.95|5.25|5.25|5.28|5.21|4.49|5.26|7409100|39005664.00|1|0.0000|0.0000|0.0000|0|5.26
晶华新材|603683|1.41|7564618|86315392.00|-0.62|1.50|-0.71|11.49|11.26|11.50|11.25|7.56|11.33|8665630|97192976.00|1|0.0000|0.0000|0.0000|0|11.33
晨丰科技|603685|2.68|2910800|35622140.00|-0.25|4.53|-0.50|12.25|11.90|12.47|11.87|2.91|11.93|2852299|33996500.00|1|0.0000|0.0000|0.0000|0|11.93
福龙马|603686|-2.56|66495953|976681216.00|-0.20|2.16|-3.31|14.44|14.79|15.14|14.33|66.50|14.82|92896421|1390962816.00|1|0.0000|0.0000|0.0000|0|14.82
大胜达|603687|-0.57|6270600|44165416.00|-0.14|0.42|-0.85|7.02|7.05|7.09|7.00|6.27|7.06|7628800|53937116.00|1|0.0000|0.0000|0.0000|0|7.06
石英股份|603688|-1.27|14372400|441473856.00|0.03|2.02|-2.28|30.33|30.73|31.34|30.02|14.37|30.72|20231605|628173504.00|1|0.0000|0.0000|0.0000|0|30.72
皖天然气|603689|-0.57|1727940|14992945.00|0.34|0.34|-0.69|8.66|8.74|8.74|8.65|1.73|8.71|3397568|29485296.00|1|0.0000|0.0000|0.0000|0|8.71
至纯科技|603690|-4.32|73516171|2356970240.00|0.00|2.37|-4.77|31.48|32.90|33.68|31.33|73.52|32.90|108016482|3461057792.00|1|0.0000|0.0000|0.0000|0|32.90
江苏新能|603693|-1.10|54246937|736080832.00|-0.95|6.59|-6.67|13.50|13.52|14.55|12.74|54.25|13.65|51561316|670137536.00|1|0.0000|0.0000|0.0000|0|13.65
安记食品|603696|-0.12|2971000|25409338.00|-0.47|0.47|-1.17|8.57|8.54|8.62|8.48|2.97|8.58|6160658|52487712.00|1|0.0000|0.0000|0.0000|0|8.58
有友食品|603697|1.71|6457783|65030296.00|-0.60|2.92|-0.91|10.10|9.87|10.22|9.84|6.46|9.93|4278907|42260360.00|1|0.0000|0.0000|0.0000|0|9.93
航天工程|603698|-0.29|1732520|30056238.00|0.58|0.69|-0.98|17.30|17.45|17.47|17.18|1.73|17.35|3157980|54882924.00|1|0.0000|0.0000|0.0000|0|17.35
纽威股份|603699|0.07|5757705|166819872.00|0.24|2.68|-0.45|28.75|28.80|29.50|28.60|5.76|28.73|8825908|253544544.00|1|0.0000|0.0000|0.0000|0|28.73
宁水集团|603700|0.17|2802300|32890732.00|0.00|1.03|-0.43|11.72|11.70|11.82|11.65|2.80|11.70|5032900|58985276.00|1|0.0000|0.0000|0.0000|0|11.70
德宏股份|603701|-0.19|1652365|26259530.00|1.64|1.64|-0.57|15.81|16.10|16.10|15.75|1.65|15.84|2225650|35408040.00|1|0.0000|0.0000|0.0000|0|15.84
盛洋科技|603703|0.35|3190120|36436860.00|0.53|2.57|-0.62|11.32|11.34|11.57|11.21|3.19|11.28|3343580|37774640.00|1|0.0000|0.0000|0.0000|0|11.28
东方环宇|603706|2.81|2630900|49864944.00|-0.76|4.27|-0.92|19.04|18.38|19.31|18.35|2.63|18.52|1779400|32755622.00|1|0.0000|0.0000|0.0000|0|18.52
健友股份|603707|-1.17|7701531|111474008.00|0.07|1.93|-1.52|14.33|14.51|14.78|14.28|7.70|14.50|14824487|216724128.00|1|0.0000|0.0000|0.0000|0|14.50
家家悦|603708|0.50|2716900|27055878.00|-0.30|0.60|-0.80|9.99|9.91|10.00|9.86|2.72|9.94|3267300|32312268.00|1|0.0000|0.0000|0.0000|0|9.94
中源家居|603709|1.96|3273697|34040840.00|0.49|3.03|-0.78|10.43|10.28|10.54|10.15|3.27|10.23|4345938|44282512.00|1|0.0000|0.0000|0.0000|0|10.23
香飘飘|603711|0.51|2912600|40231296.00|-0.44|1.60|-0.44|13.80|13.67|13.95|13.67|2.91|13.73|3314616|45577452.00|1|0.0000|0.0000|0.0000|0|13.73
七一二|603712|-0.88|11209300|216678624.00|-0.98|1.03|-1.44|19.22|19.20|19.59|19.11|11.21|19.39|12562800|242985440.00|1|0.0000|0.0000|0.0000|0|19.39
密尔克卫|603713|-0.67|990400|50207216.00|0.53|0.98|-1.32|50.58|51.19|51.42|50.25|0.99|50.92|2177300|110800944.00|1|0.0000|0.0000|0.0000|0|50.92
塞力医疗|603716|6.17|35760215|398983616.00|-0.09|8.41|-0.37|11.36|10.69|11.60|10.66|35.76|10.70|26543886|285577184.00|1|0.0000|0.0000|0.0000|0|10.70
天域生物|603717|0.95|9565700|71097296.00|0.54|2.44|-0.68|7.45|7.42|7.56|7.33|9.57|7.38|13022980|96492440.00|1|0.0000|0.0000|0.0000|0|7.38
海利生物|603718|-0.42|4487000|31666082.00|0.14|0.42|-0.85|7.05|7.09|7.11|7.02|4.49|7.08|8962600|63550032.00|1|0.0000|0.0000|0.0000|0|7.08
良品铺子|603719|0.83|4030300|49074520.00|0.00|1.57|-0.17|12.17|12.07|12.26|12.05|4.03|12.07|5126800|62044848.00|1|0.0000|0.0000|0.0000|0|12.07
*ST天择|603721|0.24|2027705|51349580.00|-0.16|2.15|-0.52|25.20|25.10|25.68|25.01|2.03|25.14|3170100|80414424.00|1|0.0000|0.0000|0.0000|0|25.14
阿科力|603722|-2.03|1400695|61188988.00|1.27|3.52|-2.35|42.57|44.00|44.98|42.43|1.40|43.45|2484624|107079176.00|1|0.0000|0.0000|0.0000|0|43.45
天安新材|603725|2.07|6244364|43057628.00|0.44|3.40|-0.44|6.90|6.79|6.99|6.73|6.24|6.76|4631000|31501450.00|1|0.0000|0.0000|0.0000|0|6.76
朗迪集团|603726|0.99|2206164|35847360.00|0.00|2.05|-1.18|16.25|16.09|16.42|15.90|2.21|16.09|2645680|42738156.00|1|0.0000|0.0000|0.0000|0|16.09
博迈科|603727|-0.21|4912100|70342048.00|-0.77|1.05|-1.39|14.32|14.24|14.50|14.15|4.91|14.35|5949600|85960656.00|1|0.0000|0.0000|0.0000|0|14.35
鸣志电器|603728|1.22|6327130|430413792.00|0.01|1.95|-0.03|68.01|67.20|68.50|67.17|6.33|67.19|5607000|377536288.00|1|0.0000|0.0000|0.0000|0|67.19
龙韵股份|603729|0.53|2475540|38017692.00|0.20|2.44|-0.33|15.25|15.20|15.54|15.12|2.48|15.17|2766000|42264232.00|1|0.0000|0.0000|0.0000|0|15.17
岱美股份|603730|0.35|6850710|58522232.00|0.00|1.29|-0.47|8.54|8.51|8.62|8.47|6.85|8.51|8178411|70066336.00|1|0.0000|0.0000|0.0000|0|8.51
仙鹤股份|603733|0.50|1504201|33515358.00|0.50|1.13|-0.23|22.27|22.27|22.41|22.11|1.50|22.16|2241100|49669460.00|1|0.0000|0.0000|0.0000|0|22.16
三棵树|603737|-1.45|2041327|103313176.00|-0.10|1.33|-1.92|50.24|50.93|51.66|50.00|2.04|50.98|2124703|107701008.00|1|0.0000|0.0000|0.0000|0|50.98
泰晶科技|603738|0.44|7879904|125454264.00|0.25|2.86|-0.32|15.83|15.80|16.21|15.71|7.88|15.76|7260104|114726872.00|1|0.0000|0.0000|0.0000|0|15.76
蔚蓝生物|603739|-1.29|19946120|275974656.00|0.14|1.58|-2.15|13.78|13.98|14.18|13.66|19.95|13.96|10861760|147755872.00|1|0.0000|0.0000|0.0000|0|13.96
日辰股份|603755|-0.51|437320|11988521.00|0.33|1.64|-0.95|27.27|27.50|27.86|27.15|0.44|27.41|1187500|32548180.00|1|0.0000|0.0000|0.0000|0|27.41
大元泵业|603757|2.20|3259102|76411328.00|1.67|5.68|1.67|23.20|23.08|23.99|23.08|3.26|22.70|2702910|61724788.00|1|0.0000|0.0000|0.0000|0|22.70
秦安股份|603758|5.75|12783500|158849872.00|-0.34|7.70|-0.34|12.50|11.78|12.73|11.78|12.78|11.82|6924500|82260992.00|1|0.0000|0.0000|0.0000|0|11.82
海天股份|603759|-0.59|4320336|36606252.00|0.00|0.71|-0.83|8.43|8.48|8.54|8.41|4.32|8.48|5305632|45091780.00|1|0.0000|0.0000|0.0000|0|8.48
隆鑫通用|603766|3.32|38377580|443376768.00|2.69|5.56|1.70|11.52|11.45|11.77|11.34|38.38|11.15|39075164|440323616.00|1|0.0000|0.0000|0.0000|0|11.15
中马传动|603767|3.01|22832000|341568864.00|0.55|4.79|-0.68|15.04|14.68|15.30|14.50|22.83|14.60|15780360|233202240.00|1|0.0000|0.0000|0.0000|0|14.60
常青股份|603768|0.47|2341900|29931300.00|-0.08|1.97|-1.03|12.73|12.66|12.92|12.54|2.34|12.67|2653000|33819504.00|1|0.0000|0.0000|0.0000|0|12.67
沃格光电|603773|-0.85|4762444|123389392.00|-0.15|1.00|-1.19|25.77|25.95|26.25|25.68|4.76|25.99|8568586|223478336.00|1|0.0000|0.0000|0.0000|0|25.99
永安行|603776|0.88|8316841|142231360.00|0.06|1.41|-0.24|17.16|17.02|17.25|16.97|8.32|17.01|16476817|283999648.00|1|0.0000|0.0000|0.0000|0|17.01
来伊份|603777|1.51|11484980|154982928.00|0.08|3.77|-0.60|13.47|13.28|13.77|13.19|11.48|13.27|5106498|68120840.00|1|0.0000|0.0000|0.0000|0|13.27
国晟科技|603778|-0.66|6854500|20589160.00|0.33|1.00|-1.33|2.99|3.02|3.04|2.97|6.85|3.01|10755700|32702606.00|1|0.0000|0.0000|0.0000|0|3.01
威龙股份|603779|0.26|5176400|39532992.00|0.13|1.44|-0.52|7.65|7.64|7.74|7.59|5.18|7.63|5249821|40132136.00|1|0.0000|0.0000|0.0000|0|7.63
科博达|603786|1.69|825263|50507848.00|-0.03|2.26|-0.70|61.32|60.28|61.66|59.88|0.83|60.30|1047141|63183288.00|1|0.0000|0.0000|0.0000|0|60.30
新日股份|603787|0.46|2195304|23803504.00|0.19|1.49|-0.65|10.82|10.79|10.93|10.70|2.20|10.77|2877100|31263196.00|1|0.0000|0.0000|0.0000|0|10.77
宁波高发|603788|0.43|4148780|68013336.00|0.00|1.47|-0.92|16.37|16.30|16.54|16.15|4.15|16.30|5714959|93715904.00|1|0.0000|0.0000|0.0000|0|16.30
*ST星农|603789|-2.47|9624498|61627808.00|0.00|0.77|-2.47|6.31|6.47|6.52|6.31|9.62|6.47|17089349|108425984.00|1|0.0000|0.0000|0.0000|0|6.47
雅运股份|603790|0.69|2348020|37390380.00|-0.25|1.44|-1.63|16.03|15.88|16.15|15.66|2.35|15.92|2874960|45572928.00|1|0.0000|0.0000|0.0000|0|15.92
联泰环保|603797|0.99|5375020|21838176.00|0.00|1.49|-0.74|4.07|4.03|4.09|4.00|5.38|4.03|5715840|23110696.00|1|0.0000|0.0000|0.0000|0|4.03
康普顿|603798|-0.11|2311100|20803680.00|0.11|0.67|-0.89|8.99|9.01|9.06|8.92|2.31|9.00|3805750|34171992.00|1|0.0000|0.0000|0.0000|0|9.00
华友钴业|603799|0.47|17015254|578479872.00|0.06|1.33|-0.21|33.95|33.81|34.24|33.72|17.02|33.79|22797697|773673920.00|1|0.0000|0.0000|0.0000|0|33.79
洪田股份|603800|-4.72|3864500|132105256.00|-1.41|0.66|-5.04|33.11|34.26|34.98|33.00|3.86|34.75|4750823|164383888.00|1|0.0000|0.0000|0.0000|0|34.75
志邦家居|603801|-1.53|4261547|49981796.00|0.00|0.68|-1.86|11.62|11.80|11.88|11.58|4.26|11.80|2018432|23949652.00|1|0.0000|0.0000|0.0000|0|11.80
瑞斯康达|603803|0.40|7939100|80287856.00|-0.30|1.99|-0.60|10.07|10.00|10.23|9.97|7.94|10.03|7078200|71554288.00|1|0.0000|0.0000|0.0000|0|10.03
福斯特|603806|-0.87|17157877|236631856.00|0.00|0.72|-1.15|13.74|13.86|13.96|13.70|17.16|13.86|25202500|352531424.00|1|0.0000|0.0000|0.0000|0|13.86
歌力思|603808|0.86|2844745|19930232.00|1.01|1.59|-0.14|7.00|7.01|7.05|6.93|2.84|6.94|3208325|22315284.00|1|0.0000|0.0000|0.0000|0|6.94
豪能股份|603809|4.67|26741093|442761056.00|0.19|7.69|-0.19|16.60|15.89|17.08|15.83|26.74|15.86|13954949|222965008.00|1|0.0000|0.0000|0.0000|0|15.86
丰山集团|603810|3.45|4495322|57612064.00|1.76|4.49|-0.40|12.90|12.69|13.03|12.42|4.50|12.47|3753336|46537056.00|1|0.0000|0.0000|0.0000|0|12.47
诚意药业|603811|1.13|16405572|147042432.00|-0.11|3.39|-1.24|8.94|8.83|9.14|8.73|16.41|8.84|11158593|98535864.00|1|0.0000|0.0000|0.0000|0|8.84
*ST原尚|603813|-2.84|1653900|23404880.00|0.07|2.35|-3.32|14.05|14.47|14.80|13.98|1.65|14.46|1555800|22878196.00|1|0.0000|0.0000|0.0000|0|14.46
交建股份|603815|0.39|17408900|133264512.00|0.26|1.04|-2.08|7.72|7.71|7.77|7.53|17.41|7.69|18127500|138195776.00|1|0.0000|0.0000|0.0000|0|7.69
顾家家居|603816|-0.74|5000511|128120432.00|0.00|1.25|-0.78|25.39|25.58|25.90|25.38|5.00|25.58|6152120|157399664.00|1|0.0000|0.0000|0.0000|0|25.58
海峡环保|603817|-1.07|8183194|45764108.00|0.36|0.89|-1.42|5.57|5.65|5.68|5.55|8.18|5.63|8157135|45768296.00|1|0.0000|0.0000|0.0000|0|5.63
曲美家居|603818|1.77|15571854|44665832.00|0.00|2.47|-0.71|2.88|2.83|2.90|2.81|15.57|2.83|16344200|46668700.00|1|0.0000|0.0000|0.0000|0|2.83
神力股份|603819|4.32|8163034|127159384.00|-0.07|5.72|-1.40|15.68|15.02|15.89|14.82|8.16|15.03|4283900|64207952.00|1|0.0000|0.0000|0.0000|0|15.03
ST嘉澳|603822|-1.93|827490|50355288.00|-0.82|2.09|-2.32|60.04|60.72|62.50|59.80|0.83|61.22|1060733|65427172.00|1|0.0000|0.0000|0.0000|0|61.22
百合花|603823|0.00|7401872|77895024.00|-0.47|0.47|-1.14|10.55|10.50|10.60|10.43|7.40|10.55|10464630|109436240.00|1|0.0000|0.0000|0.0000|0|10.55
ST华扬|603825|0.24|2591300|32511688.00|0.00|1.84|-0.32|12.52|12.49|12.72|12.45|2.59|12.49|4143800|52193216.00|1|0.0000|0.0000|0.0000|0|12.49
坤彩科技|603826|-0.15|3221220|66042408.00|-0.78|2.50|-0.78|20.36|20.23|20.90|20.23|3.22|20.39|4293495|86775544.00|1|0.0000|0.0000|0.0000|0|20.39
ST柯利达|603828|5.03|12166988|57769116.00|-1.53|5.03|-1.53|4.80|4.50|4.80|4.50|12.17|4.57|24771691|113726520.00|1|0.0000|0.0000|0.0000|0|4.57
洛凯股份|603829|2.97|2358400|34675324.00|0.21|2.97|-0.83|14.90|14.50|14.90|14.35|2.36|14.47|1926100|28175868.00|1|0.0000|0.0000|0.0000|0|14.47
欧派家居|603833|-0.80|1676374|104676600.00|-0.35|0.97|-1.67|62.22|62.50|63.33|61.67|1.68|62.72|1563507|97442256.00|1|0.0000|0.0000|0.0000|0|62.72
海程邦达|603836|-0.39|976400|12381085.00|0.00|0.47|-0.79|12.64|12.69|12.75|12.59|0.98|12.69|1793200|22724808.00|1|0.0000|0.0000|0.0000|0|12.69
*ST四通|603838|-0.20|3568200|17818536.00|-0.60|1.19|-2.58|5.02|5.00|5.09|4.90|3.57|5.03|3228700|16349885.00|1|0.0000|0.0000|0.0000|0|5.03
安正时尚|603839|1.65|2560000|14096782.00|0.92|2.02|-0.55|5.53|5.49|5.55|5.41|2.56|5.44|2699000|14814655.00|1|0.0000|0.0000|0.0000|0|5.44
*ST正平|603843|1.11|24441528|88228712.00|0.28|2.23|-1.39|3.63|3.60|3.67|3.54|24.44|3.59|22738540|82899960.00|1|0.0000|0.0000|0.0000|0|3.59
好太太|603848|0.14|732250|10306600.00|-0.14|0.71|-0.57|14.05|14.01|14.13|13.95|0.73|14.03|977800|13709822.00|1|0.0000|0.0000|0.0000|0|14.03
华荣股份|603855|-0.57|5572625|117472256.00|0.09|1.18|-1.37|21.01|21.15|21.38|20.84|5.57|21.13|5218813|110868768.00|1|0.0000|0.0000|0.0000|0|21.13
东宏股份|603856|0.09|1786810|20357600.00|0.18|0.97|-0.53|11.37|11.38|11.47|11.30|1.79|11.36|2278800|25890596.00|1|0.0000|0.0000|0.0000|0|11.36
步长制药|603858|-0.65|3540624|54221328.00|-0.07|0.33|-0.85|15.26|15.35|15.41|15.23|3.54|15.36|9042135|138256176.00|1|0.0000|0.0000|0.0000|0|15.36
能科科技|603859|0.40|2817596|92447168.00|-0.21|1.38|-0.92|32.78|32.58|33.10|32.35|2.82|32.65|3605952|117669448.00|1|0.0000|0.0000|0.0000|0|32.65
中公高科|603860|0.17|695200|20712832.00|0.00|0.74|-0.81|29.84|29.79|30.01|29.55|0.70|29.79|1198900|35897020.00|1|0.0000|0.0000|0.0000|0|29.79
白云电器|603861|-0.52|5358900|51479628.00|0.00|0.94|-0.63|9.55|9.60|9.69|9.54|5.36|9.60|8334493|79939648.00|1|0.0000|0.0000|0.0000|0|9.60
松炀资源|603863|1.68|8428712|113432984.00|0.08|6.27|-0.69|13.30|13.09|13.90|12.99|8.43|13.08|5479718|72276784.00|1|0.0000|0.0000|0.0000|0|13.08
桃李面包|603866|-0.52|18641224|107609528.00|-0.35|0.69|-1.04|5.76|5.77|5.83|5.73|18.64|5.79|17454943|100669528.00|1|0.0000|0.0000|0.0000|0|5.79
新化股份|603867|0.70|1846555|47642052.00|0.04|1.99|-0.47|25.75|25.58|26.08|25.45|1.85|25.57|1759322|45286844.00|1|0.0000|0.0000|0.0000|0|25.57
飞科电器|603868|1.50|1034700|38521940.00|0.08|2.48|-0.46|37.23|36.71|37.59|36.51|1.03|36.68|685400|25228170.00|1|0.0000|0.0000|0.0000|0|36.68
ST智知|603869|0.69|556450|3217913.00|0.17|0.69|-0.17|5.80|5.77|5.80|5.75|0.56|5.76|694090|4004399.50|1|0.0000|0.0000|0.0000|0|5.76
嘉友国际|603871|-0.59|6134195|93929240.00|-0.26|0.78|-0.91|15.25|15.30|15.46|15.20|6.13|15.34|12274475|186116128.00|1|0.0000|0.0000|0.0000|0|15.34
鼎胜新材|603876|-0.44|13832299|124130264.00|-0.33|1.45|-1.45|8.95|8.96|9.12|8.86|13.83|8.99|14483167|130655776.00|1|0.0000|0.0000|0.0000|0|8.99
太平鸟|603877|2.10|3632000|59912052.00|0.06|2.90|-0.12|16.53|16.20|16.66|16.17|3.63|16.19|4756737|76528896.00|1|0.0000|0.0000|0.0000|0|16.19
武进不锈|603878|-0.53|6941020|39236904.00|0.00|2.13|-0.71|5.60|5.63|5.75|5.59|6.94|5.63|8311730|46694900.00|1|0.0000|0.0000|0.0000|0|5.63
永悦科技|603879|2.72|9049410|37204160.00|0.99|3.46|-0.99|4.16|4.09|4.19|4.01|9.05|4.05|3976244|16166692.00|1|0.0000|0.0000|0.0000|0|4.05
南卫股份|603880|0.94|3620250|19436240.00|0.38|2.83|-1.89|5.35|5.32|5.45|5.20|3.62|5.30|3222880|17052384.00|1|0.0000|0.0000|0.0000|0|5.30
数据港|603881|-1.08|32020411|1071485440.00|-0.99|1.88|-1.40|33.11|33.14|34.10|33.00|32.02|33.47|48460359|1636246144.00|1|0.0000|0.0000|0.0000|0|33.47
金域医学|603882|0.12|6306270|202995680.00|-0.84|1.62|-1.75|32.11|31.80|32.59|31.51|6.31|32.07|12020216|391647360.00|1|0.0000|0.0000|0.0000|0|32.07
老百姓|603883|-0.83|15249003|291219520.00|-0.57|0.63|-1.30|19.04|19.09|19.32|18.95|15.25|19.20|32555964|624382976.00|1|0.0000|0.0000|0.0000|0|19.20
吉祥航空|603885|0.30|7879320|103889640.00|-0.15|1.52|-1.97|13.24|13.18|13.40|12.94|7.88|13.20|9996496|131077440.00|1|0.0000|0.0000|0.0000|0|13.20
元祖股份|603886|0.00|2016900|28721104.00|-0.07|1.05|-0.42|14.23|14.22|14.38|14.17|2.02|14.23|4488343|63513916.00|1|0.0000|0.0000|0.0000|0|14.23
城地香江|603887|2.94|45522892|888866048.00|0.32|4.47|0.32|19.59|19.09|19.88|19.09|45.52|19.03|41322964|788570752.00|1|0.0000|0.0000|0.0000|0|19.03
新华网|603888|0.00|4254478|98367768.00|-0.09|1.26|-0.39|23.02|23.00|23.31|22.93|4.25|23.02|4748250|109486352.00|1|0.0000|0.0000|0.0000|0|23.02
新澳股份|603889|0.30|3992178|26524854.00|0.00|0.76|-0.45|6.64|6.62|6.67|6.59|3.99|6.62|4956790|32685556.00|1|0.0000|0.0000|0.0000|0|6.62
春秋电子|603890|-0.33|7581144|92210648.00|0.16|0.91|-0.49|12.11|12.17|12.26|12.09|7.58|12.15|9654200|117415600.00|1|0.0000|0.0000|0.0000|0|12.15
瑞芯微|603893|-0.29|7007792|1175250176.00|-0.23|0.66|-1.11|167.90|167.99|169.49|166.51|7.01|168.38|14126198|2404804352.00|1|0.0000|0.0000|0.0000|0|168.38
天永智能|603895|-2.02|915600|24291588.00|0.04|0.41|-2.20|26.25|26.80|26.90|26.20|0.92|26.79|1689870|44374044.00|1|0.0000|0.0000|0.0000|0|26.79
寿仙谷|603896|-0.92|1539350|31508782.00|-0.53|0.29|-1.12|20.40|20.48|20.65|20.36|1.54|20.59|4161159|85275880.00|1|0.0000|0.0000|0.0000|0|20.59
长城科技|603897|2.05|10817333|271004544.00|4.55|5.25|1.35|24.88|25.49|25.66|24.71|10.82|24.38|4345400|105980432.00|1|0.0000|0.0000|0.0000|0|24.38
好莱客|603898|2.53|2048500|20529724.00|0.00|3.24|0.00|10.12|9.87|10.19|9.87|2.05|9.87|2468300|24372952.00|1|0.0000|0.0000|0.0000|0|9.87
晨光股份|603899|-0.53|9990425|320446368.00|2.17|3.99|-1.01|31.64|32.50|33.08|31.49|9.99|31.81|11303701|357155328.00|1|0.0000|0.0000|0.0000|0|31.81
莱绅通灵|603900|3.44|37696110|243733296.00|-0.16|5.00|-2.50|6.62|6.39|6.72|6.24|37.70|6.40|31008880|201464000.00|1|0.0000|0.0000|0.0000|0|6.40
永创智能|603901|-0.90|19752100|199331552.00|-0.50|3.38|-2.39|9.96|10.00|10.39|9.81|19.75|10.05|24239400|243665184.00|1|0.0000|0.0000|0.0000|0|10.05
中持股份|603903|0.00|2237604|15344302.00|0.15|1.17|-0.73|6.85|6.86|6.93|6.80|2.24|6.85|3324120|22831256.00|1|0.0000|0.0000|0.0000|0|6.85
龙蟠科技|603906|0.19|5148108|55700684.00|0.00|1.49|-0.46|10.78|10.76|10.92|10.71|5.15|10.76|5804800|62619072.00|1|0.0000|0.0000|0.0000|0|10.76
牧高笛|603908|1.46|5995660|162736160.00|-1.01|3.66|-2.80|27.14|26.48|27.73|26.00|6.00|26.75|4364240|114572456.00|1|0.0000|0.0000|0.0000|0|26.75
建发合诚|603909|1.48|2142112|19041306.00|0.91|2.28|-0.46|8.89|8.84|8.96|8.72|2.14|8.76|2746833|24180528.00|1|0.0000|0.0000|0.0000|0|8.76
佳力图|603912|0.11|15190623|140754928.00|0.33|3.06|-0.11|9.17|9.19|9.44|9.15|15.19|9.16|19395055|179739712.00|1|0.0000|0.0000|0.0000|0|9.16
国茂股份|603915|1.37|11031500|187334992.00|-0.48|2.57|-0.72|16.99|16.68|17.19|16.64|11.03|16.76|13636260|231202336.00|1|0.0000|0.0000|0.0000|0|16.76
苏博特|603916|0.13|3352837|26127136.00|0.00|1.54|-1.67|7.79|7.78|7.90|7.65|3.35|7.78|6483880|50398316.00|1|0.0000|0.0000|0.0000|0|7.78
合力科技|603917|1.69|5099900|64496456.00|0.56|3.38|-0.73|12.62|12.48|12.83|12.32|5.10|12.41|3436800|42871952.00|1|0.0000|0.0000|0.0000|0|12.41
金桥信息|603918|-0.94|9554700|151775664.00|-1.32|0.88|-1.45|15.76|15.70|16.05|15.68|9.55|15.91|16126300|256740240.00|1|0.0000|0.0000|0.0000|0|15.91
金徽酒|603919|-0.57|2380599|45871148.00|-0.16|0.88|-0.73|19.19|19.27|19.47|19.16|2.38|19.30|4477280|86053872.00|1|0.0000|0.0000|0.0000|0|19.30
世运电路|603920|2.01|21495072|668044992.00|0.26|3.93|0.10|30.90|30.37|31.48|30.32|21.50|30.29|19708725|592302592.00|1|0.0000|0.0000|0.0000|0|30.29
金鸿顺|603922|-0.04|2094660|52190864.00|-0.84|1.04|-0.84|24.90|24.70|25.17|24.70|2.09|24.91|4766520|116660736.00|1|0.0000|0.0000|0.0000|0|24.91
铁流股份|603926|1.25|1904800|20002752.00|0.10|2.51|-0.87|10.50|10.38|10.63|10.28|1.90|10.37|2461630|25690226.00|1|0.0000|0.0000|0.0000|0|10.37
中科软|603927|0.56|4637564|98957328.00|-0.05|0.99|-0.61|21.36|21.23|21.45|21.11|4.64|21.24|5961685|127087416.00|1|0.0000|0.0000|0.0000|0|21.24
兴业股份|603928|-2.58|22130160|253400656.00|0.86|2.58|-3.78|11.35|11.75|11.95|11.21|22.13|11.65|28563173|323420000.00|1|0.0000|0.0000|0.0000|0|11.65
亚翔集成|603929|6.17|15779120|554411520.00|5.09|10.00|4.33|34.60|34.25|35.85|34.00|15.78|32.59|2509200|81873144.00|1|0.0000|0.0000|0.0000|0|32.59
格林达|603931|-1.77|2846300|81398648.00|-1.07|1.00|-2.39|28.38|28.58|29.18|28.20|2.85|28.89|5080468|145972000.00|1|0.0000|0.0000|0.0000|0|28.89
睿能科技|603933|0.63|2327800|37700024.00|0.44|2.12|-0.69|16.10|16.07|16.34|15.89|2.33|16.00|2309940|37063544.00|1|0.0000|0.0000|0.0000|0|16.00
博敏电子|603936|-0.99|9767040|78482512.00|-0.50|0.37|-1.61|8.00|8.04|8.11|7.95|9.77|8.08|14898756|119676496.00|1|0.0000|0.0000|0.0000|0|8.08
丽岛新材|603937|0.33|2512200|22763560.00|0.00|1.55|-1.33|9.05|9.02|9.16|8.90|2.51|9.02|3315000|29787976.00|1|0.0000|0.0000|0.0000|0|9.02
三孚股份|603938|5.01|30351898|443354304.00|0.00|10.03|-2.47|14.87|14.16|15.58|13.81|30.35|14.16|20419245|277117728.00|1|0.0000|0.0000|0.0000|0|14.16
益丰药房|603939|0.62|6651913|173899904.00|-0.12|3.34|-1.05|25.89|25.70|26.59|25.46|6.65|25.73|11218606|288106656.00|1|0.0000|0.0000|0.0000|0|25.73
建业股份|603948|0.43|1468400|27651444.00|0.21|2.25|-1.02|18.72|18.68|19.06|18.45|1.47|18.64|1555400|28832188.00|1|0.0000|0.0000|0.0000|0|18.64
雪龙集团|603949|-10.00|17762164|419315040.00|-10.00|-5.08|-10.00|23.40|23.40|24.68|23.40|17.76|26.00|27661495|736395584.00|1|0.0000|0.0000|0.0000|0|26.00
长源东谷|603950|0.34|6470660|172885312.00|-0.99|4.34|-1.33|26.37|26.02|27.42|25.93|6.47|26.28|8760600|228769104.00|1|0.0000|0.0000|0.0000|0|26.28
大千生态|603955|1.72|3792248|74267312.00|0.10|4.80|-0.26|19.48|19.17|20.07|19.10|3.79|19.15|2648600|51053368.00|1|0.0000|0.0000|0.0000|0|19.15
威派格|603956|-0.29|10183511|69610888.00|-1.17|0.58|-1.17|6.82|6.76|6.88|6.76|10.18|6.84|15284591|105039072.00|1|0.0000|0.0000|0.0000|0|6.84
哈森股份|603958|9.21|25320349|483808992.00|4.77|9.99|2.92|19.45|18.66|19.59|18.33|25.32|17.81|9078100|153072736.00|1|0.0000|0.0000|0.0000|0|17.81
百利科技|603959|-1.07|2811700|10470213.00|0.00|0.27|-1.07|3.71|3.75|3.76|3.71|2.81|3.75|3292200|12415989.00|1|0.0000|0.0000|0.0000|0|3.75
克来机电|603960|0.20|7137400|142454816.00|-0.61|1.66|-0.71|19.86|19.70|20.15|19.68|7.14|19.82|7551605|150093584.00|1|0.0000|0.0000|0.0000|0|19.82
法兰泰克|603966|-0.96|11025784|101761312.00|-0.53|0.00|-2.35|9.26|9.30|9.35|9.13|11.03|9.35|17064520|161197648.00|1|0.0000|0.0000|0.0000|0|9.35
中创物流|603967|3.45|12505380|139042416.00|0.19|5.59|-0.37|11.10|10.75|11.33|10.69|12.51|10.73|6685380|72064536.00|1|0.0000|0.0000|0.0000|0|10.73
醋化股份|603968|0.37|2500800|27392444.00|1.10|2.02|-1.10|10.93|11.01|11.11|10.77|2.50|10.89|3444300|37665276.00|1|0.0000|0.0000|0.0000|0|10.89
银龙股份|603969|0.32|11120794|69113968.00|-0.32|1.94|-1.45|6.21|6.17|6.31|6.10|11.12|6.19|16927831|105130272.00|1|0.0000|0.0000|0.0000|0|6.19
中农立华|603970|-0.07|1625300|21995290.00|-0.15|0.74|-0.67|13.50|13.49|13.61|13.42|1.63|13.51|2809127|37930892.00|1|0.0000|0.0000|0.0000|0|13.51
正川股份|603976|-0.22|1037600|18446960.00|-0.51|0.73|-0.56|17.75|17.70|17.92|17.69|1.04|17.79|1882300|33471788.00|1|0.0000|0.0000|0.0000|0|17.79
国泰集团|603977|-1.24|11861231|161074128.00|0.00|0.58|-2.04|13.54|13.71|13.79|13.43|11.86|13.71|28886634|388585952.00|1|0.0000|0.0000|0.0000|0|13.71
深圳新星|603978|-0.74|1527324|20504746.00|0.74|0.74|-0.97|13.37|13.57|13.57|13.34|1.53|13.47|2273900|30721064.00|1|0.0000|0.0000|0.0000|0|13.47
金诚信|603979|-1.08|6318260|260452512.00|-1.49|0.80|-1.95|41.04|40.87|41.82|40.68|6.32|41.49|12085472|491099840.00|1|0.0000|0.0000|0.0000|0|41.49
吉华集团|603980|0.43|8286380|38310604.00|0.22|1.08|-0.87|4.63|4.62|4.66|4.57|8.29|4.61|10551900|48813688.00|1|0.0000|0.0000|0.0000|0|4.61
泉峰汽车|603982|2.08|6261245|52399792.00|-0.61|3.91|-1.47|8.35|8.13|8.50|8.06|6.26|8.18|4970900|41314848.00|1|0.0000|0.0000|0.0000|0|8.18
丸美生物|603983|0.92|1731835|64044752.00|-0.30|1.55|-1.79|37.20|36.75|37.43|36.20|1.73|36.86|2435700|89477440.00|1|0.0000|0.0000|0.0000|0|36.86
恒润股份|603985|10.01|37092876|616671680.00|3.29|10.01|3.03|17.04|16.00|17.04|15.96|37.09|15.49|9389438|145442400.00|1|0.0000|0.0000|0.0000|0|15.49
兆易创新|603986|0.09|7960755|936354624.00|0.00|1.01|-0.67|117.59|117.49|118.68|116.70|7.96|117.49|12079635|1419387648.00|1|0.0000|0.0000|0.0000|0|117.49
康德莱|603987|0.26|6205040|47580968.00|0.00|0.78|-0.91|7.68|7.66|7.72|7.59|6.21|7.66|11689480|89433888.00|1|0.0000|0.0000|0.0000|0|7.66
中电电机|603988|0.10|3102434|62327336.00|0.95|2.06|-0.55|19.93|20.10|20.32|19.80|3.10|19.91|3468500|69076864.00|1|0.0000|0.0000|0.0000|0|19.91
艾华集团|603989|-0.13|2792429|44131444.00|0.00|1.59|-0.19|15.70|15.72|15.97|15.69|2.79|15.72|3401250|53408904.00|1|0.0000|0.0000|0.0000|0|15.72
麦迪科技|603990|1.06|9897423|131526016.00|-0.30|2.35|-0.76|13.32|13.14|13.49|13.08|9.90|13.18|12030126|158983008.00|1|0.0000|0.0000|0.0000|0|13.18
至正股份|603991|0.25|1211834|64716608.00|0.65|3.89|0.09|52.78|52.99|54.70|52.70|1.21|52.65|1388000|72999744.00|1|0.0000|0.0000|0.0000|0|52.65
松霖科技|603992|2.75|3117000|70580328.00|-0.50|3.47|-0.95|22.82|22.10|22.98|22.00|3.12|22.21|3314823|73577152.00|1|0.0000|0.0000|0.0000|0|22.21
洛阳钼业|603993|-0.79|121464532|917211776.00|-0.40|0.26|-1.19|7.53|7.56|7.61|7.50|121.46|7.59|131471452|1000296256.00|1|0.0000|0.0000|0.0000|0|7.59
甬金股份|603995|0.39|2420075|49625144.00|0.20|1.53|0.20|20.40|20.36|20.63|20.36|2.42|20.32|2691195|54963532.00|1|0.0000|0.0000|0.0000|0|20.32
继峰股份|603997|-0.18|5966318|66791136.00|-0.36|1.16|-0.54|11.15|11.13|11.30|11.11|5.97|11.17|15091541|167930064.00|1|0.0000|0.0000|0.0000|0|11.17
方盛制药|603998|0.60|13448400|136496592.00|-0.20|2.59|-1.00|10.11|10.03|10.31|9.95|13.45|10.05|20459620|204459600.00|1|0.0000|0.0000|0.0000|0|10.05
读者传媒|603999|-3.38|40336137|284569632.00|-1.27|3.94|-3.94|6.86|7.01|7.38|6.82|40.34|7.10|45334982|316771200.00|1|0.0000|0.0000|0.0000|0|7.10
威奥股份|605001|-1.03|5175700|35201984.00|0.00|1.32|-1.17|6.74|6.81|6.90|6.73|5.18|6.81|6127670|41951652.00|1|0.0000|0.0000|0.0000|0|6.81
众望布艺|605003|0.74|679825|12965304.00|-0.16|1.00|-1.68|19.16|18.99|19.21|18.70|0.68|19.02|1232288|23503924.00|1|0.0000|0.0000|0.0000|0|19.02
合兴股份|605005|-7.70|15893291|291214016.00|-0.77|5.83|-8.14|16.79|18.05|19.25|16.71|15.89|18.19|2776500|50487080.00|1|0.0000|0.0000|0.0000|0|18.19
山东玻纤|605006|0.16|3841140|23736166.00|-0.16|1.13|-0.65|6.18|6.16|6.24|6.13|3.84|6.17|7278240|45214748.00|1|0.0000|0.0000|0.0000|0|6.17
五洲特纸|605007|0.16|1312400|16540750.00|0.16|0.64|-0.71|12.61|12.61|12.67|12.50|1.31|12.59|1783999|22389446.00|1|0.0000|0.0000|0.0000|0|12.59
长鸿高科|605008|0.58|1982660|31137450.00|0.58|1.73|-0.58|15.70|15.70|15.88|15.52|1.98|15.61|2225307|34890708.00|1|0.0000|0.0000|0.0000|0|15.61
豪悦护理|605009|3.93|5039828|233502224.00|-1.15|4.91|-1.29|46.80|44.51|47.24|44.45|5.04|45.03|5319735|235495424.00|1|0.0000|0.0000|0.0000|0|45.03
杭州热电|605011|-2.74|9643500|252358192.00|0.04|0.04|-2.78|25.91|26.65|26.65|25.90|9.64|26.64|13645600|358090464.00|1|0.0000|0.0000|0.0000|0|26.64
百龙创园|605016|-0.33|2683233|57340952.00|-0.38|1.69|-0.80|21.23|21.22|21.66|21.13|2.68|21.30|4084728|86286536.00|1|0.0000|0.0000|0.0000|0|21.30
长华集团|605018|0.44|2999800|34232456.00|-0.26|2.03|-0.88|11.38|11.30|11.56|11.23|3.00|11.33|5011900|57380868.00|1|0.0000|0.0000|0.0000|0|11.33
永和股份|605020|2.39|7471275|176016576.00|1.74|3.69|0.48|23.57|23.42|23.87|23.13|7.47|23.02|4129926|94878960.00|1|0.0000|0.0000|0.0000|0|23.02
世茂能源|605028|1.28|2739500|47608600.00|0.58|1.92|-1.74|17.45|17.33|17.56|16.93|2.74|17.23|3110200|53178904.00|1|0.0000|0.0000|0.0000|0|17.23
美邦股份|605033|1.36|2193800|39282896.00|0.96|2.43|-0.28|17.90|17.83|18.09|17.61|2.19|17.66|1815700|32246832.00|1|0.0000|0.0000|0.0000|0|17.66
福然德|605050|0.87|1754100|18372994.00|0.58|2.13|-0.39|10.44|10.41|10.57|10.31|1.75|10.35|1668500|17298200.00|1|0.0000|0.0000|0.0000|0|10.35
迎丰股份|605055|1.48|3056400|16771167.00|0.00|2.21|-0.74|5.50|5.42|5.54|5.38|3.06|5.42|3879200|21142704.00|1|0.0000|0.0000|0.0000|0|5.42
咸亨国际|605056|2.28|6150592|88706200.00|-0.50|5.42|-0.64|14.34|13.95|14.78|13.93|6.15|14.02|2454237|34376248.00|1|0.0000|0.0000|0.0000|0|14.02
澳弘电子|605058|0.90|2846900|70400712.00|-1.02|2.41|-1.02|24.70|24.23|25.07|24.23|2.85|24.48|2568800|63057416.00|1|0.0000|0.0000|0.0000|0|24.48
联德股份|605060|1.46|1088400|21975446.00|-0.10|2.11|-0.75|20.22|19.91|20.35|19.78|1.09|19.93|1168200|23460156.00|1|0.0000|0.0000|0.0000|0|19.93
天正电气|605066|0.39|11705750|89626784.00|-0.79|0.79|-0.79|7.67|7.58|7.70|7.58|11.71|7.64|14095126|107770768.00|1|0.0000|0.0000|0.0000|0|7.64
明新旭腾|605068|-2.11|3609400|56979396.00|-1.05|-0.56|-3.41|15.79|15.96|16.04|15.58|3.61|16.13|7102608|114643912.00|1|0.0000|0.0000|0.0000|0|16.13
正和生态|605069|2.77|21503798|196401360.00|-0.22|4.66|-1.88|9.27|9.00|9.44|8.85|21.50|9.02|28551905|263825488.00|1|0.0000|0.0000|0.0000|0|9.02
华康股份|605077|0.00|2839739|44214692.00|-0.26|1.94|-0.39|15.45|15.41|15.75|15.39|2.84|15.45|3715239|57285204.00|1|0.0000|0.0000|0.0000|0|15.45
浙江自然|605080|1.19|2280380|70171312.00|-0.83|3.01|-0.83|30.61|30.00|31.16|30.00|2.28|30.25|4527700|140359888.00|1|0.0000|0.0000|0.0000|0|30.25
*ST太和|605081|-6.88|8742260|87485512.00|0.67|0.67|-8.12|9.75|10.54|10.54|9.62|8.74|10.47|8342086|89126816.00|0|0.0000|0.0000|0.0000|0|10.47
龙高股份|605086|2.16|2268880|62264420.00|-0.04|3.72|-0.48|27.47|26.88|27.89|26.76|2.27|26.89|1071680|28911128.00|1|0.0000|0.0000|0.0000|0|26.89
冠盛股份|605088|-1.56|3517671|134578096.00|-1.35|1.17|-1.95|37.92|38.00|38.97|37.77|3.52|38.52|4591588|176782896.00|1|0.0000|0.0000|0.0000|0|38.52
味知香|605089|0.00|425184|10197130.00|0.04|1.13|-0.38|23.90|23.91|24.17|23.81|0.43|23.90|587966|14075908.00|1|0.0000|0.0000|0.0000|0|23.90
九丰能源|605090|-0.35|2268560|57886128.00|-0.04|0.20|-0.74|25.51|25.59|25.65|25.41|2.27|25.60|3099881|79348160.00|1|0.0000|0.0000|0.0000|0|25.60
行动教育|605098|0.97|1175700|46665920.00|0.69|1.91|-0.46|39.63|39.52|40.00|39.07|1.18|39.25|3177757|126233040.00|1|0.0000|0.0000|0.0000|0|39.25
共创草坪|605099|0.53|508900|10684833.00|0.00|0.72|-0.57|21.05|20.94|21.09|20.82|0.51|20.94|525600|10968773.00|1|0.0000|0.0000|0.0000|0|20.94
华丰股份|605100|-0.27|10111303|228451968.00|-1.29|2.62|-1.29|22.50|22.27|23.15|22.27|10.11|22.56|14272630|329821600.00|1|0.0000|0.0000|0.0000|0|22.56
同庆楼|605108|-0.78|2330883|47393192.00|0.00|0.49|-0.98|20.24|20.40|20.50|20.20|2.33|20.40|2145350|43762536.00|1|0.0000|0.0000|0.0000|0|20.40
新洁能|605111|-1.96|8448547|293776128.00|-0.57|-0.20|-2.32|34.58|35.07|35.20|34.45|8.45|35.27|20074335|704843584.00|1|0.0000|0.0000|0.0000|0|35.27
奥锐特|605116|-0.86|1568100|34241040.00|-0.05|0.55|-1.36|21.79|21.97|22.10|21.68|1.57|21.98|3375300|74740448.00|1|0.0000|0.0000|0.0000|0|21.98
德业股份|605117|1.38|5436503|517136320.00|0.20|2.65|-0.01|94.80|93.70|95.99|93.50|5.44|93.51|6607286|618734016.00|1|0.0000|0.0000|0.0000|0|93.51
力鼎光电|605118|-1.63|3893100|80207872.00|-0.29|0.91|-1.97|20.47|20.75|21.00|20.40|3.89|20.81|4596300|95972672.00|1|0.0000|0.0000|0.0000|0|20.81
四方新材|605122|0.95|1525950|16137286.00|0.47|1.14|-1.23|10.65|10.60|10.67|10.42|1.53|10.55|3139520|33275208.00|1|0.0000|0.0000|0.0000|0|10.55
派克新材|605123|-1.28|1265100|72447600.00|-0.66|0.49|-1.68|56.95|57.31|57.97|56.72|1.27|57.69|1465500|84462096.00|1|0.0000|0.0000|0.0000|0|57.69
上海沿浦|605128|2.00|2013452|83971024.00|0.00|3.42|-0.20|41.80|40.98|42.38|40.90|2.01|40.98|1675716|69008136.00|1|0.0000|0.0000|0.0000|0|40.98
嵘泰股份|605133|-0.73|3947995|130570504.00|-0.52|2.37|-1.06|32.66|32.73|33.68|32.55|3.95|32.90|5495636|183873680.00|1|0.0000|0.0000|0.0000|0|32.90
丽人丽妆|605136|-0.56|4182000|30149606.00|-0.83|1.11|-1.11|7.15|7.13|7.27|7.11|4.18|7.19|5015500|36018856.00|1|0.0000|0.0000|0.0000|0|7.19
盛泰集团|605138|0.83|1992900|12062602.00|1.00|1.67|-0.67|6.05|6.06|6.10|5.96|1.99|6.00|2992800|17994510.00|1|0.0000|0.0000|0.0000|0|6.00
西上海|605151|3.34|4538500|80889712.00|0.23|7.44|-0.23|17.65|17.12|18.35|17.04|4.54|17.08|1328300|22657692.00|1|0.0000|0.0000|0.0000|0|17.08
西大门|605155|-0.73|3494757|42935620.00|0.57|0.98|-1.14|12.21|12.37|12.42|12.16|3.49|12.30|4965220|61006212.00|1|0.0000|0.0000|0.0000|0|12.30
华达新材|605158|-0.34|1942300|17000516.00|-0.34|0.46|-1.03|8.74|8.74|8.81|8.68|1.94|8.77|1963240|17225094.00|1|0.0000|0.0000|0.0000|0|8.77
新中港|605162|-1.27|4972200|38641060.00|-0.76|-0.25|-1.78|7.76|7.80|7.84|7.72|4.97|7.86|8688700|67944896.00|1|0.0000|0.0000|0.0000|0|7.86
聚合顺|605166|0.08|8653000|115004560.00|-0.61|4.50|-0.69|13.11|13.02|13.69|13.01|8.65|13.10|5144673|67672064.00|1|0.0000|0.0000|0.0000|0|13.10
利柏特|605167|-1.67|9774500|98313696.00|-1.28|0.29|-2.16|10.02|10.06|10.22|9.97|9.77|10.19|15159001|152506512.00|1|0.0000|0.0000|0.0000|0|10.19
三人行|605168|0.62|1546102|44863788.00|0.00|1.28|-0.07|28.98|28.80|29.17|28.78|1.55|28.80|1873762|54258164.00|1|0.0000|0.0000|0.0000|0|28.80
洪通燃气|605169|0.00|1391218|14107528.00|0.30|0.79|-0.79|10.16|10.19|10.24|10.08|1.39|10.16|2486680|25295032.00|1|0.0000|0.0000|0.0000|0|10.16
东亚药业|605177|-5.56|12405535|232031024.00|-4.24|-2.73|-7.98|18.69|18.95|19.25|18.21|12.41|19.79|15132323|306938080.00|1|0.0000|0.0000|0.0000|0|19.79
时空科技|605178|1.38|1697220|28726990.00|0.00|2.88|-0.60|16.90|16.67|17.15|16.57|1.70|16.67|2237700|36773268.00|1|0.0000|0.0000|0.0000|0|16.67
一鸣食品|605179|2.62|11464400|225127696.00|0.37|7.22|-1.15|19.62|19.19|20.50|18.90|11.46|19.12|6844300|130031312.00|1|0.0000|0.0000|0.0000|0|19.12
华生科技|605180|1.62|2041636|28120540.00|-0.81|2.72|-1.18|13.83|13.50|13.98|13.45|2.04|13.61|2469358|33481614.00|1|0.0000|0.0000|0.0000|0|13.61
确成股份|605183|0.66|2712200|49477684.00|0.11|1.55|-0.44|18.24|18.14|18.40|18.04|2.71|18.12|2783300|50482960.00|1|0.0000|0.0000|0.0000|0|18.12
健麾信息|605186|0.83|1592300|32924348.00|-0.54|2.00|-0.59|20.66|20.38|20.90|20.37|1.59|20.49|2242700|46158452.00|1|0.0000|0.0000|0.0000|0|20.49
国光连锁|605188|0.00|3461400|26738136.00|-1.04|1.56|-1.04|7.69|7.61|7.81|7.61|3.46|7.69|7993000|61367048.00|1|0.0000|0.0000|0.0000|0|7.69
富春染织|605189|1.37|1152700|15317466.00|-0.08|1.67|-0.15|13.32|13.13|13.36|13.12|1.15|13.14|1304000|17125212.00|1|0.0000|0.0000|0.0000|0|13.14
华通线缆|605196|3.55|8792000|123082104.00|0.15|5.54|-0.74|14.01|13.55|14.28|13.43|8.79|13.53|3980900|54657208.00|1|0.0000|0.0000|0.0000|0|13.53
安德利|605198|0.59|1202300|45436340.00|0.32|2.26|-1.04|37.77|37.67|38.40|37.16|1.20|37.55|2371013|90660304.00|1|0.0000|0.0000|0.0000|0|37.55
ST葫芦娃|605199|-2.21|7972686|120084464.00|-1.50|-0.20|-2.60|15.02|15.13|15.33|14.96|7.97|15.36|12281000|187898640.00|1|0.0000|0.0000|0.0000|0|15.36
永茂泰|605208|6.26|67051082|768334464.00|-0.37|10.03|-0.64|11.55|10.83|11.96|10.80|67.05|10.87|27144910|298655392.00|1|0.0000|0.0000|0.0000|0|10.87
伟时电子|605218|-1.00|1566027|34184992.00|0.00|0.46|-1.41|21.72|21.94|22.04|21.63|1.57|21.94|2455100|53883864.00|1|0.0000|0.0000|0.0000|0|21.94
起帆电缆|605222|-0.32|2094400|32576056.00|-0.38|0.71|-1.15|15.54|15.53|15.70|15.41|2.09|15.59|2910300|45357680.00|1|0.0000|0.0000|0.0000|0|15.59
神通科技|605228|10.04|5793828|66049640.00|10.04|10.04|10.04|11.40|11.40|11.40|11.40|5.79|10.36|7135200|74209544.00|1|0.0000|0.0000|0.0000|0|10.36
天普股份|605255|-1.23|8967525|151552304.00|-1.35|1.82|-2.47|16.81|16.79|17.33|16.60|8.97|17.02|12041723|202943984.00|1|0.0000|0.0000|0.0000|0|17.02
协和电子|605258|-0.90|1075621|33528606.00|-0.03|0.77|-1.06|30.97|31.24|31.49|30.92|1.08|31.25|1707800|53221116.00|1|0.0000|0.0000|0.0000|0|31.25
绿田机械|605259|0.36|1112768|18822960.00|-0.42|1.43|-0.42|16.87|16.74|17.05|16.74|1.11|16.81|2135000|36118868.00|1|0.0000|0.0000|0.0000|0|16.81
健之佳|605266|-0.74|1833800|39365872.00|-0.51|0.79|-1.07|21.37|21.42|21.70|21.30|1.83|21.53|3841000|83016896.00|1|0.0000|0.0000|0.0000|0|21.53
王力安防|605268|1.30|2734800|23511284.00|0.24|3.31|-0.59|8.57|8.48|8.74|8.41|2.73|8.46|2613010|22037392.00|1|0.0000|0.0000|0.0000|0|8.46
新亚电子|605277|-0.80|12923107|223251760.00|-1.14|0.63|-2.69|17.36|17.30|17.61|17.03|12.92|17.50|17905887|315214880.00|1|0.0000|0.0000|0.0000|0|17.50
同力天启|605286|0.98|1726600|71253576.00|-0.85|2.08|-1.93|41.35|40.60|41.80|40.16|1.73|40.95|2398500|97936608.00|1|0.0000|0.0000|0.0000|0|40.95
德才股份|605287|-0.08|1805752|23716402.00|-0.15|1.99|-0.84|13.08|13.07|13.35|12.98|1.81|13.09|2495380|32707700.00|1|0.0000|0.0000|0.0000|0|13.09
凯迪股份|605288|1.46|729020|29445130.00|3.43|3.43|0.03|40.22|41.00|41.00|39.65|0.73|39.64|530400|21128054.00|1|0.0000|0.0000|0.0000|0|39.64
罗曼股份|605289|-0.50|745600|17839942.00|0.00|1.09|-1.09|23.84|23.96|24.22|23.70|0.75|23.96|1230825|29289596.00|1|0.0000|0.0000|0.0000|0|23.96
神农集团|605296|2.04|4522590|132463744.00|0.14|2.59|-0.93|29.52|28.97|29.68|28.66|4.52|28.93|4582260|132620008.00|1|0.0000|0.0000|0.0000|0|28.93
必得科技|605298|1.87|1207888|17645518.00|0.00|2.36|-0.42|14.67|14.40|14.74|14.34|1.21|14.40|1200500|17411724.00|1|0.0000|0.0000|0.0000|0|14.40
舒华体育|605299|0.82|2429000|20827208.00|0.47|1.65|-0.12|8.57|8.54|8.64|8.49|2.43|8.50|2880100|24582844.00|1|0.0000|0.0000|0.0000|0|8.50
佳禾食品|605300|-1.41|3517758|49487856.00|0.00|0.56|-1.83|13.98|14.18|14.26|13.92|3.52|14.18|4780260|68255928.00|1|0.0000|0.0000|0.0000|0|14.18
园林股份|605303|-0.32|2102800|19607080.00|-0.21|0.75|-0.75|9.29|9.30|9.39|9.25|2.10|9.32|3212300|29986500.00|1|0.0000|0.0000|0.0000|0|9.32
中际联合|605305|0.62|4178243|122777064.00|-0.38|2.31|-0.62|29.21|28.92|29.70|28.85|4.18|29.03|7236510|210943264.00|1|0.0000|0.0000|0.0000|0|29.03
法狮龙|605318|1.05|2418100|69616880.00|-0.14|3.07|-1.33|28.92|28.58|29.50|28.24|2.42|28.62|1908980|55107216.00|1|0.0000|0.0000|0.0000|0|28.62
无锡振华|605319|-1.06|5077800|155408640.00|-0.64|0.26|-3.54|30.77|30.90|31.18|30.00|5.08|31.10|3396331|106582024.00|1|0.0000|0.0000|0.0000|0|31.10
沪光股份|605333|0.28|5184176|166528832.00|-0.19|3.31|-0.60|31.83|31.68|32.79|31.55|5.18|31.74|4438280|141096320.00|1|0.0000|0.0000|0.0000|0|31.74
帅丰电器|605336|0.86|3376880|66805176.00|-0.05|1.57|-1.92|19.97|19.79|20.11|19.42|3.38|19.80|3129615|61203500.00|1|0.0000|0.0000|0.0000|0|19.80
李子园|605337|-0.25|7084024|83790864.00|0.00|0.84|-1.01|11.81|11.84|11.94|11.72|7.08|11.84|8035425|95172840.00|1|0.0000|0.0000|0.0000|0|11.84
巴比食品|605338|-0.38|2829277|51850892.00|-0.44|1.42|-0.87|18.27|18.26|18.60|18.18|2.83|18.34|4449900|81196832.00|1|0.0000|0.0000|0.0000|0|18.34
南侨食品|605339|0.06|716300|11930990.00|-1.20|0.78|-1.20|16.66|16.45|16.78|16.45|0.72|16.65|866300|14335720.00|1|0.0000|0.0000|0.0000|0|16.65
立昂微|605358|-0.54|3627258|86478960.00|0.54|1.01|-0.80|23.73|23.99|24.10|23.67|3.63|23.86|4884526|116073000.00|1|0.0000|0.0000|0.0000|0|23.86
立达信|605365|0.91|1711125|26533494.00|0.20|1.95|-0.26|15.49|15.38|15.65|15.31|1.71|15.35|1773800|27411464.00|1|0.0000|0.0000|0.0000|0|15.35
宏柏新材|605366|-0.84|4887288|28988072.00|-0.51|1.01|-1.35|5.89|5.91|6.00|5.86|4.89|5.94|7498384|44792636.00|1|0.0000|0.0000|0.0000|0|5.94
蓝天燃气|605368|0.19|3375613|36526200.00|0.19|0.37|-0.28|10.83|10.83|10.85|10.78|3.38|10.81|3583140|38719860.00|1|0.0000|0.0000|0.0000|0|10.81
拱东医疗|605369|0.14|690080|19693158.00|0.74|0.98|-0.67|28.48|28.65|28.72|28.25|0.69|28.44|1442692|41103168.00|1|0.0000|0.0000|0.0000|0|28.44
博迁新材|605376|1.05|2351000|86258488.00|0.44|2.21|0.17|36.65|36.43|37.07|36.33|2.35|36.27|4430400|162582112.00|1|0.0000|0.0000|0.0000|0|36.27
华旺科技|605377|0.08|1288940|16137818.00|0.24|1.04|-0.32|12.49|12.51|12.61|12.44|1.29|12.48|1758008|21950914.00|1|0.0000|0.0000|0.0000|0|12.48
野马电池|605378|-2.27|3379760|82384040.00|-0.61|0.49|-2.40|24.06|24.47|24.74|24.03|3.38|24.62|4005200|98820416.00|1|0.0000|0.0000|0.0000|0|24.62
均瑶健康|605388|-0.79|5776994|36610404.00|-0.79|1.10|-1.26|6.30|6.30|6.42|6.27|5.78|6.35|7546660|48198704.00|1|0.0000|0.0000|0.0000|0|6.35
长龄液压|605389|2.04|1646440|52157416.00|-0.10|4.31|-1.10|31.50|30.84|32.20|30.53|1.65|30.87|1795620|55620304.00|1|0.0000|0.0000|0.0000|0|30.87
新炬网络|605398|-0.87|4414560|142081072.00|1.98|2.01|-1.86|32.02|32.94|32.95|31.70|4.41|32.30|5376496|172794944.00|1|0.0000|0.0000|0.0000|0|32.30
晨光新材|605399|-1.78|5772165|73122720.00|-0.77|-0.77|-3.01|12.71|12.84|12.84|12.55|5.77|12.94|8995380|114888408.00|1|0.0000|0.0000|0.0000|0|12.94
福莱新材|605488|2.56|7996661|351296640.00|0.12|3.91|0.00|44.05|43.00|44.63|42.95|8.00|42.95|7524509|329488928.00|1|0.0000|0.0000|0.0000|0|42.95
东鹏饮料|605499|-0.32|1416275|362293632.00|-0.45|1.67|-1.00|255.40|255.06|260.49|253.66|1.42|256.21|3374969|866897920.00|1|0.0000|0.0000|0.0000|0|256.21
森林包装|605500|0.42|1302429|9316979.00|-0.28|0.70|-0.84|7.16|7.11|7.18|7.07|1.30|7.13|2626772|18717602.00|1|0.0000|0.0000|0.0000|0|7.13
国邦医药|605507|0.05|5539238|117084800.00|0.09|1.28|-0.71|21.10|21.11|21.36|20.94|5.54|21.09|10735800|227363392.00|1|0.0000|0.0000|0.0000|0|21.09
德昌股份|605555|1.30|2828360|68650232.00|0.00|2.72|-0.42|24.21|23.90|24.55|23.80|2.83|23.90|3070724|73949944.00|1|0.0000|0.0000|0.0000|0|23.90
福莱蒽特|605566|-1.38|637700|11423572.00|0.00|0.00|-1.93|17.90|18.15|18.15|17.80|0.64|18.15|1193900|21568026.00|1|0.0000|0.0000|0.0000|0|18.15
春雪食品|605567|0.23|1762200|15137767.00|0.00|0.93|-0.35|8.58|8.56|8.64|8.53|1.76|8.56|4237600|36316064.00|1|0.0000|0.0000|0.0000|0|8.56
龙版传媒|605577|-4.70|15214900|212965600.00|-1.11|1.52|-5.39|13.79|14.31|14.69|13.69|15.21|14.47|12819100|188869040.00|1|0.0000|0.0000|0.0000|0|14.47
恒盛能源|605580|-1.29|7458360|86198640.00|-0.17|0.94|-2.83|11.52|11.65|11.78|11.34|7.46|11.67|14245419|171180128.00|1|0.0000|0.0000|0.0000|0|11.67
冠石科技|605588|-8.00|9286554|516396320.00|-1.11|2.40|-8.94|53.01|56.98|59.00|52.47|9.29|57.62|13039769|736127680.00|1|0.0000|0.0000|0.0000|0|57.62
圣泉集团|605589|2.40|15943649|457856480.00|0.21|4.40|0.21|28.60|27.99|29.16|27.99|15.94|27.93|18107994|514868320.00|1|0.0000|0.0000|0.0000|0|27.93
上海港湾|605598|-0.39|807400|16370461.00|-0.54|0.30|-0.79|20.22|20.19|20.36|20.14|0.81|20.30|1387080|28128088.00|1|0.0000|0.0000|0.0000|0|20.30
菜百股份|605599|1.17|7148320|86642256.00|0.25|3.01|-1.17|12.11|12.00|12.33|11.83|7.15|11.97|4615872|55057300.00|1|0.0000|0.0000|0.0000|0|11.97
华兴源创|688001|0.07|2042696|60341024.00|0.00|1.63|-1.32|29.52|29.50|29.98|29.11|2.04|29.50|3366101|100833616.00|1|0.0000|0.0000|0.0000|0|29.50
睿创微纳|688002|2.34|3847143|237719488.00|-0.45|3.75|-0.81|62.03|60.34|62.88|60.12|3.85|60.61|4632228|284461664.00|1|0.0000|0.0000|0.0000|0|60.61
天准科技|688003|-2.05|4256541|222779296.00|-1.63|2.22|-2.05|51.54|51.76|53.79|51.54|4.26|52.62|4023213|210522624.00|1|0.0000|0.0000|0.0000|0|52.62
博汇科技|688004|0.99|1243068|20421400.00|0.31|2.84|-0.06|16.36|16.25|16.66|16.19|1.24|16.20|1155878|18943130.00|1|0.0000|0.0000|0.0000|0|16.20
容百科技|688005|1.83|8753370|205023504.00|0.22|3.61|-0.52|23.39|23.02|23.80|22.85|8.75|22.97|6414704|147285904.00|1|0.0000|0.0000|0.0000|0|22.97
杭可科技|688006|0.88|1578787|28847302.00|1.49|1.66|0.00|18.25|18.36|18.39|18.09|1.58|18.09|2224522|40618436.00|1|0.0000|0.0000|0.0000|0|18.09
光峰科技|688007|0.30|4339507|73181080.00|0.00|1.91|0.00|16.78|16.73|17.05|16.73|4.34|16.73|5256055|88631424.00|1|0.0000|0.0000|0.0000|0|16.73
澜起科技|688008|-0.74|12577635|969163584.00|-0.05|0.40|-1.10|76.86|77.39|77.74|76.58|12.58|77.43|19647026|1526493312.00|1|0.0000|0.0000|0.0000|0|77.43
中国通号|688009|-0.90|26431412|146525680.00|0.18|0.18|-1.25|5.53|5.59|5.59|5.51|26.43|5.58|46165612|257803824.00|1|0.0000|0.0000|0.0000|0|5.58
福光股份|688010|3.48|2634180|103691400.00|1.19|5.09|-1.40|39.88|39.00|40.50|38.00|2.63|38.54|2769577|106944864.00|1|0.0000|0.0000|0.0000|0|38.54
新光光电|688011|0.18|597941|9946658.00|-0.79|1.94|-0.79|16.56|16.40|16.85|16.40|0.60|16.53|948909|15747700.00|1|0.0000|0.0000|0.0000|0|16.53
中微公司|688012|-1.00|3610308|669048576.00|-0.25|0.58|-1.30|184.60|186.00|187.55|184.03|3.61|186.46|5001678|931110400.00|1|0.0000|0.0000|0.0000|0|186.46
天臣医疗|688013|2.15|1080916|21475934.00|-0.26|2.36|-1.18|19.95|19.48|19.99|19.30|1.08|19.53|1110130|21670736.00|1|0.0000|0.0000|0.0000|0|19.53
交控科技|688015|1.71|2231740|48050020.00|0.43|4.00|-0.95|21.38|21.11|21.86|20.82|2.23|21.02|2174115|46186096.00|1|0.0000|0.0000|0.0000|0|21.02
心脉医疗|688016|6.97|6690366|647981888.00|0.00|8.84|-0.52|98.39|91.98|100.11|91.50|6.69|91.98|1916174|176591584.00|1|0.0000|0.0000|0.0000|0|91.98
绿的谐波|688017|1.70|2799912|409962016.00|-0.31|2.29|-0.31|146.90|144.00|147.76|144.00|2.80|144.45|3795402|556822272.00|1|0.0000|0.0000|0.0000|0|144.45
乐鑫科技|688018|-3.01|2874219|639606464.00|-0.22|0.66|-3.32|219.20|225.50|227.50|218.50|2.87|226.00|3417123|779560896.00|1|0.0000|0.0000|0.0000|0|226.00
安集科技|688019|-1.60|3983716|652370688.00|0.29|0.65|-3.80|165.03|168.20|168.80|161.33|3.98|167.71|2017059|339074080.00|1|0.0000|0.0000|0.0000|0|167.71
方邦股份|688020|1.87|618895|21493784.00|-0.26|2.39|-0.32|34.90|34.17|35.08|34.15|0.62|34.26|388075|13311857.00|1|0.0000|0.0000|0.0000|0|34.26
奥福科技|688021|0.77|654872|7757368.50|0.17|2.74|0.17|11.79|11.72|12.02|11.72|0.65|11.70|1163258|13727901.00|1|0.0000|0.0000|0.0000|0|11.70
瀚川智能|688022|0.41|3187940|46841572.00|0.00|3.10|-1.17|14.56|14.50|14.95|14.33|3.19|14.50|3736377|54924116.00|1|0.0000|0.0000|0.0000|0|14.50
安恒信息|688023|-0.57|1349645|71398184.00|0.57|0.62|-0.98|52.77|53.37|53.40|52.55|1.35|53.07|2155461|115013752.00|1|0.0000|0.0000|0.0000|0|53.07
杰普特|688025|1.37|2294219|131796856.00|0.73|5.19|-1.05|56.86|56.50|59.00|55.50|2.29|56.09|2721570|153760048.00|1|0.0000|0.0000|0.0000|0|56.09
洁特生物|688026|0.85|2413143|37007072.00|0.00|1.24|-1.57|15.42|15.29|15.48|15.05|2.41|15.29|4067620|62034224.00|1|0.0000|0.0000|0.0000|0|15.29
国盾量子|688027|0.71|985878|259862032.00|-0.03|1.93|-0.36|262.80|260.86|265.97|260.00|0.99|260.94|1384657|361076864.00|1|0.0000|0.0000|0.0000|0|260.94
沃尔德|688028|-2.02|6342093|165717456.00|-0.76|2.94|-2.90|25.67|26.00|26.97|25.44|6.34|26.20|7022751|186564944.00|1|0.0000|0.0000|0.0000|0|26.20
南微医学|688029|3.54|4983344|346136288.00|-0.31|4.26|-0.59|70.20|67.59|70.69|67.40|4.98|67.80|3290338|223288736.00|1|0.0000|0.0000|0.0000|0|67.80
山石网科|688030|0.76|1268207|21825966.00|1.12|2.47|-0.76|17.13|17.19|17.42|16.87|1.27|17.00|1276799|21788170.00|1|0.0000|0.0000|0.0000|0|17.00
星环科技|688031|-1.12|2293956|121506928.00|-0.82|1.05|-1.78|52.75|52.91|53.91|52.40|2.29|53.35|3773906|202231632.00|1|0.0000|0.0000|0.0000|0|53.35
禾迈股份|688032|0.04|1172931|135013056.00|-0.74|2.39|-0.74|114.20|113.32|116.89|113.32|1.17|114.16|1527984|174476272.00|1|0.0000|0.0000|0.0000|0|114.16
天宜新材|688033|0.00|4204956|23464948.00|-0.54|1.26|-0.72|5.56|5.53|5.63|5.52|4.20|5.56|6281831|35042828.00|1|0.0000|0.0000|0.0000|0|5.56
德邦科技|688035|-1.54|1301035|51378200.00|-0.50|0.66|-1.59|39.06|39.47|39.93|39.04|1.30|39.67|1573093|61987684.00|1|0.0000|0.0000|0.0000|0|39.67
传音控股|688036|0.37|6166171|539972928.00|0.09|1.25|-0.79|87.73|87.49|88.50|86.72|6.17|87.41|8666456|768916160.00|1|0.0000|0.0000|0.0000|0|87.41
芯源微|688037|-4.11|5043902|480838624.00|-0.60|-0.05|-5.48|94.35|97.80|98.34|93.00|5.04|98.39|4496405|443949120.00|1|0.0000|0.0000|0.0000|0|98.39
中科通达|688038|-3.69|3133130|47236844.00|0.32|0.91|-4.08|14.88|15.50|15.59|14.82|3.13|15.45|3607855|56836056.00|1|0.0000|0.0000|0.0000|0|15.45
当虹科技|688039|0.00|1614927|54461636.00|-0.27|1.13|-1.04|33.65|33.56|34.03|33.30|1.61|33.65|2490591|84072648.00|1|0.0000|0.0000|0.0000|0|33.65
海光信息|688041|-0.06|7610829|1078637184.00|-0.50|0.50|-0.87|141.83|141.20|142.62|140.68|7.61|141.91|14002343|1998597248.00|1|0.0000|0.0000|0.0000|0|141.91
必易微|688045|4.46|2322059|79836664.00|0.03|7.06|-0.54|34.64|33.17|35.50|32.98|2.32|33.16|1005312|33740400.00|1|0.0000|0.0000|0.0000|0|33.16
药康生物|688046|1.02|2868790|42897060.00|-0.95|3.12|-0.95|14.89|14.60|15.20|14.60|2.87|14.74|4071584|59904416.00|1|0.0000|0.0000|0.0000|0|14.74
龙芯中科|688047|-0.52|1173220|148368304.00|0.04|0.97|-1.07|126.00|126.71|127.89|125.30|1.17|126.66|1886514|239326672.00|1|0.0000|0.0000|0.0000|0|126.66
长光华芯|688048|0.30|3443344|189104064.00|3.20|5.67|0.00|53.99|55.55|56.88|53.83|3.44|53.83|2571883|138413664.00|1|0.0000|0.0000|0.0000|0|53.83
炬芯科技|688049|-1.17|3248029|155253856.00|0.29|0.89|-1.66|47.49|48.19|48.48|47.25|3.25|48.05|6972092|336396128.00|1|0.0000|0.0000|0.0000|0|48.05
爱博医疗|688050|0.12|1109074|112449136.00|-0.13|0.90|-1.02|101.61|101.36|102.40|100.45|1.11|101.49|2824289|286304032.00|1|0.0000|0.0000|0.0000|0|101.49
佳华科技|688051|0.25|523209|12543321.00|0.80|2.06|-1.01|23.85|23.98|24.28|23.55|0.52|23.79|682775|16371132.00|1|0.0000|0.0000|0.0000|0|23.79
纳芯微|688052|2.31|1635548|242649888.00|-0.11|3.43|-0.67|149.36|145.83|151.00|145.01|1.64|145.99|2740094|398974496.00|1|0.0000|0.0000|0.0000|0|145.99
ST思科瑞|688053|0.33|933540|25612616.00|-1.03|2.12|-1.03|27.39|27.02|27.88|27.02|0.93|27.30|1386958|37787464.00|1|0.0000|0.0000|0.0000|0|27.30
龙腾光电|688055|-1.11|6169528|21922230.00|0.56|0.56|-1.67|3.55|3.61|3.61|3.53|6.17|3.59|9406264|33470886.00|1|0.0000|0.0000|0.0000|0|3.59
莱伯泰科|688056|0.09|447384|14765461.00|-0.30|1.34|-1.16|32.89|32.76|33.30|32.48|0.45|32.86|735011|24207138.00|1|0.0000|0.0000|0.0000|0|32.86
金达莱|688057|0.52|832161|9607620.00|0.87|1.22|-0.87|11.55|11.59|11.63|11.39|0.83|11.49|997718|11472524.00|1|0.0000|0.0000|0.0000|0|11.49
宝兰德|688058|1.11|959151|28852288.00|0.67|2.80|-1.01|29.98|29.85|30.48|29.35|0.96|29.65|1141907|34205948.00|1|0.0000|0.0000|0.0000|0|29.65
华锐精密|688059|-0.61|724526|45545148.00|-0.69|2.19|-0.83|62.14|62.09|63.89|62.00|0.72|62.52|1266531|79479432.00|1|0.0000|0.0000|0.0000|0|62.52
云涌科技|688060|0.94|245954|8484010.00|0.00|2.05|-0.15|34.45|34.13|34.83|34.08|0.25|34.13|259688|8885136.00|1|0.0000|0.0000|0.0000|0|34.13
灿瑞科技|688061|0.68|571885|16935956.00|-0.44|1.63|-0.44|29.56|29.23|29.84|29.23|0.57|29.36|529963|15689226.00|1|0.0000|0.0000|0.0000|0|29.36
迈威生物|688062|1.85|14092949|320142944.00|1.13|5.45|-0.41|22.60|22.44|23.40|22.10|14.09|22.19|16653813|361876000.00|1|0.0000|0.0000|0.0000|0|22.19
派能科技|688063|2.86|4146449|173723296.00|-0.17|3.82|-0.78|42.01|40.77|42.40|40.52|4.15|40.84|2545633|104034360.00|1|0.0000|0.0000|0.0000|0|40.84
凯赛生物|688065|-0.02|1845212|93702776.00|-0.20|1.34|-0.53|50.59|50.50|51.28|50.33|1.85|50.60|2503155|127077208.00|1|0.0000|0.0000|0.0000|0|50.60
航天宏图|688066|-0.37|3015001|56834188.00|0.05|1.22|-0.69|18.75|18.83|19.05|18.69|3.02|18.82|4286369|80809120.00|1|0.0000|0.0000|0.0000|0|18.82
爱威科技|688067|0.64|703250|13293350.00|0.48|2.19|-0.75|18.80|18.77|19.09|18.54|0.70|18.68|1409058|26428152.00|1|0.0000|0.0000|0.0000|0|18.68
热景生物|688068|0.09|3717088|417320672.00|-1.13|8.11|-3.42|111.10|109.75|120.00|107.20|3.72|111.00|4038169|431548672.00|1|0.0000|0.0000|0.0000|0|111.00
德林海|688069|0.07|556969|8266407.00|0.00|1.01|-1.14|14.88|14.87|15.02|14.70|0.56|14.87|760265|11287177.00|1|0.0000|0.0000|0.0000|0|14.87
纵横股份|688070|-0.74|569913|24516444.00|-0.39|1.16|-1.30|42.85|43.00|43.67|42.61|0.57|43.17|1025328|44349212.00|1|0.0000|0.0000|0.0000|0|43.17
华依科技|688071|2.04|1128216|40705704.00|0.45|3.80|-0.51|35.96|35.40|36.58|35.06|1.13|35.24|1249834|44681796.00|1|0.0000|0.0000|0.0000|0|35.24
拓荆科技|688072|-0.02|1697925|273607488.00|-0.32|0.18|-2.10|162.27|161.79|162.60|158.90|1.70|162.31|4436703|721807872.00|1|0.0000|0.0000|0.0000|0|162.31
毕得医药|688073|-0.02|515158|25850728.00|-0.99|2.31|-1.41|49.73|49.25|50.89|49.04|0.52|49.74|2030567|101717936.00|1|0.0000|0.0000|0.0000|0|49.74
安旭生物|688075|0.66|567739|23381620.00|-0.44|1.41|-1.20|41.26|40.81|41.57|40.50|0.57|40.99|870906|35683972.00|1|0.0000|0.0000|0.0000|0|40.99
ST诺泰|688076|-1.99|3934408|237362544.00|-0.53|0.77|-2.05|59.62|60.51|61.30|59.58|3.93|60.83|7524091|457770240.00|1|0.0000|0.0000|0.0000|0|60.83
大地熊|688077|2.00|2604322|63080808.00|0.21|5.05|-0.38|24.02|23.60|24.74|23.46|2.60|23.55|1809650|42399992.00|1|0.0000|0.0000|0.0000|0|23.55
龙软科技|688078|-0.09|611333|20385960.00|0.15|1.36|-0.21|33.12|33.20|33.60|33.08|0.61|33.15|706626|23511838.00|1|0.0000|0.0000|0.0000|0|33.15
美迪凯|688079|-0.21|2197971|20923410.00|-0.11|1.26|-0.84|9.48|9.49|9.62|9.42|2.20|9.50|2399503|22941844.00|1|0.0000|0.0000|0.0000|0|9.50
映翰通|688080|0.49|1083028|51706440.00|-0.65|1.77|-0.65|47.57|47.03|48.18|47.03|1.08|47.34|1352678|64667308.00|1|0.0000|0.0000|0.0000|0|47.34
兴图新科|688081|1.68|1255659|25471858.00|-0.64|2.82|-1.93|20.53|20.06|20.76|19.80|1.26|20.19|1473501|30210292.00|1|0.0000|0.0000|0.0000|0|20.19
盛美上海|688082|0.10|961593|99766896.00|-0.23|0.85|-0.92|103.80|103.46|104.58|102.75|0.96|103.70|1290662|133639824.00|1|0.0000|0.0000|0.0000|0|103.70
中望软件|688083|1.86|769120|68776008.00|0.39|2.86|-0.44|89.80|88.50|90.68|87.77|0.77|88.16|946917|84821912.00|1|0.0000|0.0000|0.0000|0|88.16
晶品特装|688084|-2.09|626635|40402224.00|0.00|0.00|-3.49|64.52|65.90|65.90|63.60|0.63|65.90|845634|55023988.00|1|0.0000|0.0000|0.0000|0|65.90
三友医疗|688085|5.11|4339864|83718744.00|0.00|6.51|-0.91|19.53|18.58|19.79|18.41|4.34|18.58|2113225|38901688.00|1|0.0000|0.0000|0.0000|0|18.58
英科再生|688087|0.25|1158226|32030932.00|-0.22|1.02|-0.47|27.64|27.51|27.85|27.44|1.16|27.57|1581613|43653268.00|1|0.0000|0.0000|0.0000|0|27.57
虹软科技|688088|0.88|3979721|187324640.00|-0.60|2.05|-0.60|47.13|46.44|47.68|46.44|3.98|46.72|5246091|245562000.00|1|0.0000|0.0000|0.0000|0|46.72
嘉必优|688089|1.01|2301786|57789036.00|0.08|1.81|-0.68|25.10|24.87|25.30|24.68|2.30|24.85|2820882|70365568.00|1|0.0000|0.0000|0.0000|0|24.85
瑞松科技|688090|1.89|2049590|81279560.00|0.03|3.62|-0.13|39.44|38.72|40.11|38.66|2.05|38.71|1839711|71877152.00|1|0.0000|0.0000|0.0000|0|38.71
上海谊众|688091|0.19|1631394|69739112.00|-0.12|2.21|-1.15|42.63|42.50|43.49|42.06|1.63|42.55|4132008|177403840.00|1|0.0000|0.0000|0.0000|0|42.55
爱科科技|688092|0.63|774230|17369708.00|0.27|2.25|-0.59|22.32|22.24|22.68|22.05|0.77|22.18|1538725|34411240.00|1|0.0000|0.0000|0.0000|0|22.18
世华科技|688093|2.68|2724567|67020800.00|0.00|4.85|0.00|24.56|23.92|25.08|23.92|2.72|23.92|2053089|49248080.00|1|0.0000|0.0000|0.0000|0|23.92
福昕软件|688095|1.94|1069317|67344104.00|-0.10|2.40|-0.65|63.20|61.94|63.49|61.60|1.07|62.00|1071116|67128240.00|1|0.0000|0.0000|0.0000|0|62.00
京源环保|688096|6.95|11745290|214868832.00|0.00|9.91|-0.85|18.78|17.56|19.30|17.41|11.75|17.56|10525956|185687568.00|1|0.0000|0.0000|0.0000|0|17.56
博众精工|688097|1.82|4471843|134915824.00|-0.44|3.68|-1.18|30.15|29.48|30.70|29.26|4.47|29.61|4867814|144666944.00|1|0.0000|0.0000|0.0000|0|29.61
申联生物|688098|0.17|2347800|13644866.00|0.52|1.38|-1.21|5.81|5.83|5.88|5.73|2.35|5.80|5487776|31788274.00|1|0.0000|0.0000|0.0000|0|5.80
晶晨股份|688099|0.09|5049910|413186656.00|0.06|2.08|-0.59|81.27|81.25|82.89|80.72|5.05|81.20|7648264|629652928.00|1|0.0000|0.0000|0.0000|0|81.20
威胜信息|688100|1.85|2677937|104260032.00|0.21|2.37|-0.42|39.08|38.45|39.28|38.21|2.68|38.37|2562009|98064488.00|1|0.0000|0.0000|0.0000|0|38.37
三达膜|688101|0.07|1069956|14850206.00|0.50|0.58|-0.43|13.88|13.94|13.95|13.81|1.07|13.87|1673626|23319228.00|1|0.0000|0.0000|0.0000|0|13.87
斯瑞新材|688102|-2.17|12698199|132559848.00|-1.04|0.28|-2.65|10.35|10.47|10.61|10.30|12.70|10.58|20214673|211161264.00|1|0.0000|0.0000|0.0000|0|10.58
国力电子|688103|0.43|1429926|70532072.00|0.43|2.84|-0.39|49.11|49.11|50.29|48.71|1.43|48.90|1556943|77538968.00|1|0.0000|0.0000|0.0000|0|48.90
诺唯赞|688105|0.12|2347177|58904680.00|0.84|1.68|-0.56|24.98|25.16|25.37|24.81|2.35|24.95|4115019|103989024.00|1|0.0000|0.0000|0.0000|0|24.95
金宏气体|688106|0.76|4270674|79845880.00|-0.43|3.08|-0.43|18.62|18.40|19.05|18.40|4.27|18.48|4415815|81461376.00|1|0.0000|0.0000|0.0000|0|18.48
安路科技|688107|0.58|1777686|53012572.00|0.51|2.27|-0.10|29.72|29.70|30.22|29.52|1.78|29.55|2201355|65623232.00|1|0.0000|0.0000|0.0000|0|29.55
赛诺医疗|688108|-0.99|7666696|84800856.00|0.00|1.26|-1.53|10.97|11.08|11.22|10.91|7.67|11.08|15257267|168944704.00|1|0.0000|0.0000|0.0000|0|11.08
品茗科技|688109|1.00|481815|13147484.00|0.26|1.66|-0.92|27.32|27.12|27.50|26.80|0.48|27.05|776071|21068132.00|1|0.0000|0.0000|0.0000|0|27.05
东芯股份|688110|-3.98|10605168|322867648.00|0.26|0.51|-4.11|29.89|31.21|31.29|29.85|10.61|31.13|7880500|246524976.00|1|0.0000|0.0000|0.0000|0|31.13
金山办公|688111|0.81|2702181|804979264.00|0.18|1.80|0.01|297.86|296.00|300.79|295.50|2.70|295.48|4221504|1264042112.00|1|0.0000|0.0000|0.0000|0|295.48
鼎阳科技|688112|0.79|720140|21071872.00|-0.17|2.04|-1.00|29.18|28.90|29.54|28.66|0.72|28.95|705103|20460802.00|1|0.0000|0.0000|0.0000|0|28.95
联测科技|688113|0.53|289396|8920810.00|1.31|2.40|0.00|30.59|30.83|31.16|30.43|0.29|30.43|369367|11339268.00|1|0.0000|0.0000|0.0000|0|30.43
华大智造|688114|1.59|3472262|276006656.00|-0.76|1.93|-1.29|80.07|78.22|80.34|77.80|3.47|78.82|4731702|378860896.00|1|0.0000|0.0000|0.0000|0|78.82
思林杰|688115|-1.10|240473|9145158.00|-0.94|1.39|-1.15|37.73|37.79|38.68|37.71|0.24|38.15|449179|17212686.00|1|0.0000|0.0000|0.0000|0|38.15
天奈科技|688116|3.81|11908033|522569152.00|1.48|6.72|0.05|43.58|42.60|44.80|42.00|11.91|41.98|5992051|253480736.00|1|0.0000|0.0000|0.0000|0|41.98
圣诺生物|688117|3.00|15222207|462403936.00|-0.24|4.31|-0.24|30.57|29.61|30.96|29.61|15.22|29.68|20769277|619856512.00|1|0.0000|0.0000|0.0000|0|29.68
普元信息|688118|1.53|2828737|73394248.00|-0.24|4.36|-0.24|25.86|25.41|26.58|25.41|2.83|25.47|3814335|98971720.00|1|0.0000|0.0000|0.0000|0|25.47
中钢洛耐|688119|0.00|7243839|27271612.00|4.04|4.04|-0.27|3.71|3.86|3.86|3.70|7.24|3.71|5155424|19108896.00|1|0.0000|0.0000|0.0000|0|3.71
华海清科|688120|-0.32|1784134|297722432.00|-0.63|0.98|-2.01|167.36|166.85|169.55|164.52|1.78|167.90|2293621|385665344.00|1|0.0000|0.0000|0.0000|0|167.90
卓然股份|688121|-0.17|1789415|20882550.00|0.17|1.89|-0.69|11.61|11.65|11.85|11.55|1.79|11.63|3174495|36672068.00|1|0.0000|0.0000|0.0000|0|11.63
西部超导|688122|-2.28|8373674|408468224.00|-1.71|-0.56|-2.74|48.53|48.81|49.38|48.30|8.37|49.66|17385696|851567104.00|1|0.0000|0.0000|0.0000|0|49.66
聚辰股份|688123|-1.57|2472279|199784240.00|-0.10|2.15|-1.80|79.78|80.97|82.79|79.59|2.47|81.05|4330172|355544128.00|1|0.0000|0.0000|0.0000|0|81.05
安达智能|688125|-0.88|326860|12275351.00|-0.80|1.06|-1.33|37.37|37.40|38.10|37.20|0.33|37.70|571118|21525306.00|1|0.0000|0.0000|0.0000|0|37.70
沪硅产业|688126|-0.65|9606985|177188880.00|0.05|0.59|-1.18|18.45|18.58|18.68|18.35|9.61|18.57|12211212|227147936.00|1|0.0000|0.0000|0.0000|0|18.57
蓝特光学|688127|2.57|5167576|150899536.00|0.70|4.01|0.32|29.13|28.60|29.54|28.49|5.17|28.40|7129027|207260208.00|1|0.0000|0.0000|0.0000|0|28.40
中国电研|688128|0.71|1783482|40379264.00|-0.40|2.19|-0.49|22.55|22.30|22.88|22.28|1.78|22.39|1876722|42026104.00|1|0.0000|0.0000|0.0000|0|22.39
东来技术|688129|-0.10|1082962|21728914.00|0.20|2.47|-0.40|19.84|19.90|20.35|19.78|1.08|19.86|1243717|24845808.00|1|0.0000|0.0000|0.0000|0|19.86
晶华微|688130|-0.18|732487|19896358.00|0.00|1.77|-0.41|27.07|27.12|27.60|27.01|0.73|27.12|817661|22236904.00|1|0.0000|0.0000|0.0000|0|27.12
皓元医药|688131|2.00|3814586|166751536.00|0.00|3.52|-0.28|43.81|42.95|44.46|42.83|3.81|42.95|4581828|196224544.00|1|0.0000|0.0000|0.0000|0|42.95
邦彦技术|688132|1.41|2178895|45171428.00|0.00|2.58|-1.31|20.86|20.57|21.10|20.30|2.18|20.57|2493100|51151800.00|1|0.0000|0.0000|0.0000|0|20.57
泰坦科技|688133|0.04|2048297|48445832.00|-0.85|3.32|-1.28|23.51|23.30|24.28|23.20|2.05|23.50|4012647|95316160.00|1|0.0000|0.0000|0.0000|0|23.50
利扬芯片|688135|-0.72|2834714|51107400.00|0.28|1.11|-1.16|17.91|18.09|18.24|17.83|2.83|18.04|2670040|48361080.00|1|0.0000|0.0000|0.0000|0|18.04
科兴制药|688136|3.09|7638827|223140384.00|-0.07|6.65|-1.56|29.00|28.11|30.00|27.69|7.64|28.13|6264172|170101504.00|1|0.0000|0.0000|0.0000|0|28.13
近岸蛋白|688137|-0.40|429496|14988881.00|0.17|0.63|-1.06|34.82|35.02|35.18|34.59|0.43|34.96|1072694|37836496.00|1|0.0000|0.0000|0.0000|0|34.96
清溢光电|688138|-0.30|2610827|69710336.00|0.08|2.03|-1.17|26.52|26.62|27.14|26.29|2.61|26.60|3628473|96824840.00|1|0.0000|0.0000|0.0000|0|26.60
海尔生物|688139|1.62|2657718|92945384.00|0.06|2.08|-0.69|35.15|34.61|35.31|34.35|2.66|34.59|4593157|161365200.00|1|0.0000|0.0000|0.0000|0|34.59
杰华特|688141|0.83|5368389|155059168.00|-0.07|1.39|-0.70|29.01|28.75|29.17|28.57|5.37|28.77|5292028|153827744.00|1|0.0000|0.0000|0.0000|0|28.77
长盈通|688143|0.78|1189464|38387876.00|0.00|1.81|-1.18|32.33|32.08|32.66|31.70|1.19|32.08|2068044|67173592.00|1|0.0000|0.0000|0.0000|0|32.08
中船特气|688146|1.24|2313119|68169760.00|1.28|2.76|0.10|29.37|29.38|29.81|29.04|2.31|29.01|2117496|61584640.00|1|0.0000|0.0000|0.0000|0|29.01
微导纳米|688147|-0.07|2678294|81823376.00|0.13|1.97|-0.79|30.44|30.50|31.06|30.22|2.68|30.46|4441751|139649024.00|1|0.0000|0.0000|0.0000|0|30.46
芳源股份|688148|-0.64|4100921|19078734.00|-0.21|1.07|-1.28|4.64|4.66|4.72|4.61|4.10|4.67|7006742|32802268.00|1|0.0000|0.0000|0.0000|0|4.67
莱特光电|688150|1.37|3980259|85524816.00|-0.05|2.84|-0.52|21.45|21.15|21.76|21.05|3.98|21.16|2812107|59579460.00|1|0.0000|0.0000|0.0000|0|21.16
华强科技|688151|0.00|1356553|24482910.00|0.00|1.11|-0.61|18.00|18.00|18.20|17.89|1.36|18.00|1506835|27117798.00|1|0.0000|0.0000|0.0000|0|18.00
麒麟信安|688152|-0.84|628198|37285024.00|-1.23|1.01|-1.23|59.03|58.80|60.13|58.80|0.63|59.53|785781|47043388.00|1|0.0000|0.0000|0.0000|0|59.53
唯捷创芯|688153|-0.03|985814|33326616.00|-0.27|1.34|-0.30|33.69|33.61|34.15|33.60|0.99|33.70|1275880|43241056.00|1|0.0000|0.0000|0.0000|0|33.70
先惠技术|688155|0.47|1330658|59334328.00|0.25|1.65|-0.72|44.56|44.46|45.08|44.03|1.33|44.35|1313899|58557016.00|1|0.0000|0.0000|0.0000|0|44.35
路德科技|688156|-1.04|778118|9685479.00|0.48|1.44|-1.20|12.37|12.56|12.68|12.35|0.78|12.50|1156240|14564829.00|1|0.0000|0.0000|0.0000|0|12.50
松井股份|688157|-2.22|430226|18680994.00|-0.80|1.03|-2.81|42.82|43.44|44.24|42.56|0.43|43.79|712352|31121824.00|1|0.0000|0.0000|0.0000|0|43.79
优刻得|688158|-0.32|16364373|411556448.00|0.87|1.79|-1.19|25.07|25.37|25.60|24.85|16.36|25.15|26816015|682665536.00|1|0.0000|0.0000|0.0000|0|25.15
有方科技|688159|-0.31|2590260|99496448.00|-0.89|1.93|-0.89|38.14|37.92|39.00|37.92|2.59|38.26|3272534|125545400.00|1|0.0000|0.0000|0.0000|0|38.26
步科股份|688160|4.55|1706057|161684496.00|0.07|5.90|-0.15|95.61|91.51|96.85|91.31|1.71|91.45|1058119|98085008.00|1|0.0000|0.0000|0.0000|0|91.45
威高骨科|688161|3.12|3086523|93755104.00|0.07|5.77|-0.81|30.38|29.48|31.16|29.22|3.09|29.46|3867245|111713064.00|1|0.0000|0.0000|0.0000|0|29.46
巨一科技|688162|0.96|874572|23159576.00|-0.61|2.80|-0.61|26.32|25.91|26.80|25.91|0.87|26.07|1035713|27160958.00|1|0.0000|0.0000|0.0000|0|26.07
赛伦生物|688163|0.00|1226509|21855516.00|0.06|1.07|-1.57|17.79|17.80|17.98|17.51|1.23|17.79|1818601|32247514.00|1|0.0000|0.0000|0.0000|0|17.79
埃夫特|688165|1.24|9119646|239342912.00|-0.23|3.37|-0.23|26.12|25.74|26.67|25.74|9.12|25.80|8705409|226539456.00|1|0.0000|0.0000|0.0000|0|25.80
博瑞医药|688166|1.44|6003106|248587312.00|0.00|2.32|-0.59|41.49|40.90|41.85|40.66|6.00|40.90|8173250|333283840.00|1|0.0000|0.0000|0.0000|0|40.90
炬光科技|688167|0.26|2295797|176918544.00|3.22|4.99|-0.23|75.75|77.98|79.32|75.38|2.30|75.55|2119781|160690496.00|1|0.0000|0.0000|0.0000|0|75.55
安博通|688168|-0.36|1062179|72730400.00|-0.22|1.02|-1.57|68.65|68.75|69.60|67.82|1.06|68.90|1178568|81335296.00|1|0.0000|0.0000|0.0000|0|68.90
石头科技|688169|0.85|1319515|323378944.00|-0.23|1.26|-1.88|247.40|244.75|248.40|240.71|1.32|245.32|1177800|288282592.00|1|0.0000|0.0000|0.0000|0|245.32
德龙激光|688170|-0.09|657377|14828319.00|0.04|1.20|-0.67|22.51|22.54|22.80|22.38|0.66|22.53|740522|16763784.00|1|0.0000|0.0000|0.0000|0|22.53
纬德信息|688171|2.88|1008614|18594022.00|0.00|3.43|-0.28|18.60|18.08|18.70|18.03|1.01|18.08|1172249|21419398.00|1|0.0000|0.0000|0.0000|0|18.08
燕东微|688172|-0.20|1983797|38843856.00|-0.20|0.71|-0.76|19.57|19.57|19.75|19.46|1.98|19.61|2485354|48470724.00|1|0.0000|0.0000|0.0000|0|19.61
希荻微|688173|-0.48|3852497|48878288.00|-0.08|2.06|-0.79|12.55|12.60|12.87|12.51|3.85|12.61|4649618|59224900.00|1|0.0000|0.0000|0.0000|0|12.61
高凌信息|688175|0.83|568844|9705802.00|-0.24|1.48|-0.53|17.08|16.90|17.19|16.85|0.57|16.94|889227|15091159.00|1|0.0000|0.0000|0.0000|0|16.94
亚虹医药|688176|0.12|6550133|55436956.00|0.48|1.90|-0.71|8.42|8.45|8.57|8.35|6.55|8.41|8036047|67558016.00|1|0.0000|0.0000|0.0000|0|8.41
百奥泰|688177|3.90|6594192|152693264.00|0.00|8.30|0.00|22.90|22.04|23.87|22.04|6.59|22.04|5468355|120263344.00|1|0.0000|0.0000|0.0000|0|22.04
万德斯|688178|4.26|5020401|106727064.00|2.28|9.70|0.00|21.07|20.67|22.17|20.21|5.02|20.21|4323771|86872624.00|1|0.0000|0.0000|0.0000|0|20.21
阿拉丁|688179|3.84|5930355|93222504.00|0.73|5.36|0.20|15.70|15.23|15.93|15.15|5.93|15.12|3602275|54878380.00|1|0.0000|0.0000|0.0000|0|15.12
君实生物|688180|1.08|10078230|320865344.00|0.00|2.93|-1.08|31.70|31.36|32.28|31.02|10.08|31.36|12670011|397391552.00|1|0.0000|0.0000|0.0000|0|31.36
八亿时空|688181|-0.11|985395|27891026.00|0.21|1.38|-0.74|28.23|28.32|28.65|28.05|0.99|28.26|1374939|39038128.00|1|0.0000|0.0000|0.0000|0|28.26
灿勤科技|688182|5.05|7358865|202425680.00|0.00|6.26|-1.02|27.86|26.52|28.18|26.25|7.36|26.52|4324277|115341848.00|1|0.0000|0.0000|0.0000|0|26.52
生益电子|688183|1.23|10463261|311857440.00|0.68|4.11|0.34|29.59|29.43|30.43|29.33|10.46|29.23|8510788|252269664.00|1|0.0000|0.0000|0.0000|0|29.23
ST帕瓦|688184|-1.20|516285|6455256.00|0.00|0.96|-1.44|12.38|12.53|12.65|12.35|0.52|12.53|605851|7587567.00|1|0.0000|0.0000|0.0000|0|12.53
康希诺|688185|-0.27|1871804|116981800.00|0.00|2.09|-0.80|62.03|62.20|63.50|61.70|1.87|62.20|3451620|215237120.00|1|0.0000|0.0000|0.0000|0|62.20
广大特材|688186|-0.92|7129655|175724896.00|0.56|0.56|-3.04|24.73|25.10|25.10|24.20|7.13|24.96|10520346|258797264.00|1|0.0000|0.0000|0.0000|0|24.96
时代电气|688187|0.28|5108964|240307104.00|-0.32|1.56|-0.45|46.90|46.62|47.50|46.56|5.11|46.77|7782819|365316832.00|1|0.0000|0.0000|0.0000|0|46.77
柏楚电子|688188|-0.87|889293|163986864.00|-0.28|1.25|-1.72|183.58|184.67|187.50|182.00|0.89|185.19|660709|121697280.00|1|0.0000|0.0000|0.0000|0|185.19
南新制药|688189|0.30|5804683|39106960.00|-0.15|2.09|-0.75|6.72|6.69|6.84|6.65|5.80|6.70|9906660|66189840.00|1|0.0000|0.0000|0.0000|0|6.70
云路股份|688190|-0.34|770521|77590768.00|-0.69|1.80|-1.09|100.35|100.00|102.50|99.59|0.77|100.69|949114|96280736.00|1|0.0000|0.0000|0.0000|0|100.69
智洋创新|688191|-1.63|3522829|89791752.00|0.08|1.55|-2.64|25.38|25.82|26.20|25.12|3.52|25.80|2634961|69405368.00|1|0.0000|0.0000|0.0000|0|25.80
迪哲医药|688192|2.18|5568329|297509728.00|-1.52|5.34|-1.70|53.02|51.10|54.66|51.01|5.57|51.89|7540214|384601504.00|1|0.0000|0.0000|0.0000|0|51.89
仁度生物|688193|1.84|206104|7877294.50|0.00|2.77|-0.85|38.29|37.60|38.64|37.28|0.21|37.60|338127|12785746.00|1|0.0000|0.0000|0.0000|0|37.60
腾景科技|688195|0.71|1952464|78656080.00|1.84|3.54|0.51|39.88|40.33|41.00|39.80|1.95|39.60|1570962|62141772.00|1|0.0000|0.0000|0.0000|0|39.60
卓越新能|688196|0.26|1349298|63013536.00|-5.88|3.49|-5.88|46.23|43.40|47.72|43.40|1.35|46.11|1110099|50298776.00|1|0.0000|0.0000|0.0000|0|46.11
首药控股|688197|-0.48|2465106|82696848.00|-1.09|4.04|-1.39|33.00|32.80|34.50|32.70|2.47|33.16|3011413|100050216.00|1|0.0000|0.0000|0.0000|0|33.16
佰仁医疗|688198|-0.10|268499|30065774.00|-0.13|1.66|-1.05|111.52|111.48|113.48|110.46|0.27|111.63|391597|43483328.00|1|0.0000|0.0000|0.0000|0|111.63
久日新材|688199|-0.29|2200060|38247812.00|0.46|2.78|-0.81|17.23|17.36|17.76|17.14|2.20|17.28|3105783|53767088.00|1|0.0000|0.0000|0.0000|0|17.28
华峰测控|688200|-2.72|1291149|185748672.00|0.13|0.85|-4.09|143.33|147.53|148.59|141.32|1.29|147.34|2683118|393954176.00|1|0.0000|0.0000|0.0000|0|147.34
信安世纪|688201|1.25|3584608|32071004.00|0.00|2.15|-0.34|8.94|8.83|9.02|8.80|3.58|8.83|4989807|44218348.00|1|0.0000|0.0000|0.0000|0|8.83
美迪西|688202|-0.57|2361838|79590360.00|-1.02|2.03|-1.02|33.30|33.15|34.17|33.15|2.36|33.49|5557852|188209648.00|1|0.0000|0.0000|0.0000|0|33.49
海正生材|688203|0.10|836194|8595773.00|0.88|1.27|-0.59|10.26|10.34|10.38|10.19|0.84|10.25|1466997|15067276.00|1|0.0000|0.0000|0.0000|0|10.25
德科立|688205|0.17|2898825|172362096.00|0.88|2.93|-0.14|58.88|59.30|60.50|58.70|2.90|58.78|2059815|121956504.00|1|0.0000|0.0000|0.0000|0|58.78
概伦电子|688206|0.51|3686869|87712976.00|0.21|2.50|-1.40|23.75|23.68|24.22|23.30|3.69|23.63|4621526|109010976.00|0|0.0000|0.0000|0.0000|0|23.63
格灵深瞳|688207|-0.26|2519247|38776384.00|-0.20|1.63|-0.59|15.27|15.28|15.56|15.22|2.52|15.31|3872249|59694204.00|1|0.0000|0.0000|0.0000|0|15.31
道通科技|688208|0.64|6928325|291803040.00|-0.29|0.86|-0.79|42.30|41.91|42.39|41.70|6.93|42.03|12136685|517997632.00|1|0.0000|0.0000|0.0000|0|42.03
英集芯|688209|0.38|2993567|55662268.00|-0.65|0.92|-0.65|18.60|18.41|18.70|18.41|2.99|18.53|4005984|74228144.00|1|0.0000|0.0000|0.0000|0|18.53
统联精密|688210|1.88|2772254|61306972.00|0.00|2.48|-0.60|22.20|21.79|22.33|21.66|2.77|21.79|2529334|55504404.00|1|0.0000|0.0000|0.0000|0|21.79
中科微至|688211|-0.20|236416|6971216.00|-0.10|0.92|-0.51|29.36|29.39|29.69|29.27|0.24|29.42|271046|7937553.00|1|0.0000|0.0000|0.0000|0|29.42
澳华内镜|688212|2.55|1702552|75587816.00|-0.97|4.03|-0.97|44.56|43.03|45.20|43.03|1.70|43.45|1883130|81979776.00|1|0.0000|0.0000|0.0000|0|43.45
思特威|688213|0.78|2790532|273536768.00|0.42|3.06|-0.03|97.28|96.94|99.48|96.50|2.79|96.53|3181709|307909472.00|1|0.0000|0.0000|0.0000|0|96.53
瑞晟智能|688215|0.69|358428|8953184.00|0.49|2.14|-0.53|24.89|24.84|25.25|24.59|0.36|24.72|564737|14061075.00|1|0.0000|0.0000|0.0000|0|24.72
气派科技|688216|-0.42|548049|10599119.00|0.78|1.45|-0.88|19.19|19.42|19.55|19.10|0.55|19.27|1065113|20701838.00|1|0.0000|0.0000|0.0000|0|19.27
睿昂基因|688217|1.47|748928|16455538.00|0.46|2.40|-0.83|22.02|21.80|22.22|21.52|0.75|21.70|1164838|25466196.00|1|0.0000|0.0000|0.0000|0|21.70
江苏北人|688218|4.97|8740260|204798416.00|0.00|10.22|0.00|23.22|22.12|24.38|22.12|8.74|22.12|2688386|60069244.00|1|0.0000|0.0000|0.0000|0|22.12
会通股份|688219|1.00|5324377|64416296.00|0.00|2.18|-0.42|12.07|11.95|12.21|11.90|5.32|11.95|5541282|66536980.00|1|0.0000|0.0000|0.0000|0|11.95
翱捷科技|688220|-3.16|12715715|1241998464.00|0.00|3.86|-4.39|95.07|98.17|101.96|93.86|12.72|98.17|11953105|1202209408.00|1|0.0000|0.0000|0.0000|0|98.17
前沿生物|688221|-0.61|2734414|26826734.00|1.02|1.53|-1.22|9.74|9.90|9.95|9.68|2.73|9.80|5652664|55111420.00|1|0.0000|0.0000|0.0000|0|9.80
成都先导|688222|-1.01|22110666|374490976.00|-0.89|3.98|-1.43|16.66|16.68|17.50|16.59|22.11|16.83|33318990|561957888.00|1|0.0000|0.0000|0.0000|0|16.83
晶科能源|688223|-1.66|38053188|249350992.00|0.00|0.30|-1.96|6.52|6.63|6.65|6.50|38.05|6.63|46594556|307893984.00|1|0.0000|0.0000|0.0000|0|6.63
亚信安全|688225|-0.38|2725862|63941976.00|0.13|1.58|-1.62|23.38|23.50|23.84|23.09|2.73|23.47|3676257|86457632.00|1|0.0000|0.0000|0.0000|0|23.47
威腾电气|688226|0.83|3452071|133241656.00|0.51|4.85|-0.29|37.80|37.68|39.31|37.38|3.45|37.49|3111617|116474928.00|1|0.0000|0.0000|0.0000|0|37.49
品高股份|688227|0.53|1315446|44700024.00|-1.15|1.77|-2.04|34.08|33.51|34.50|33.21|1.32|33.90|2032034|68460872.00|1|0.0000|0.0000|0.0000|0|33.90
开普云|688228|-0.18|3446693|233754336.00|0.00|3.61|-1.12|67.13|67.25|69.68|66.50|3.45|67.25|5019460|338760224.00|1|0.0000|0.0000|0.0000|0|67.25
博睿数据|688229|0.04|526606|26207458.00|-0.83|2.08|-1.54|49.53|49.10|50.54|48.75|0.53|49.51|909291|45433912.00|1|0.0000|0.0000|0.0000|0|49.51
芯导科技|688230|0.75|289257|13151852.00|-0.20|2.04|-0.55|45.39|44.96|45.97|44.80|0.29|45.05|284785|12945115.00|1|0.0000|0.0000|0.0000|0|45.05
隆达股份|688231|0.13|1388401|22221814.00|-0.63|2.07|-0.75|15.93|15.81|16.24|15.79|1.39|15.91|2022470|32248016.00|1|0.0000|0.0000|0.0000|0|15.91
新点软件|688232|0.18|1221213|39995036.00|-0.89|1.69|-0.89|32.54|32.19|33.03|32.19|1.22|32.48|2794511|91149536.00|1|0.0000|0.0000|0.0000|0|32.48
神工股份|688233|1.45|2724942|66733172.00|-0.83|2.53|-0.83|24.49|23.94|24.75|23.94|2.72|24.14|3570490|85993160.00|1|0.0000|0.0000|0.0000|0|24.14
天岳先进|688234|-0.85|2931747|185937472.00|-0.81|0.58|-1.30|63.29|63.31|64.20|63.00|2.93|63.83|6309583|402779712.00|1|0.0000|0.0000|0.0000|0|63.83
百济神州|688235|-0.53|3123478|779936704.00|-1.61|1.80|-1.94|248.20|245.50|254.00|244.66|3.12|249.51|4499144|1110390272.00|1|0.0000|0.0000|0.0000|0|249.51
春立医疗|688236|3.55|8232903|124068880.00|1.02|5.46|-0.20|15.17|14.80|15.45|14.62|8.23|14.65|8332096|120187888.00|1|0.0000|0.0000|0.0000|0|14.65
超卓航科|688237|-1.32|481438|11868790.00|-0.64|0.44|-1.96|24.63|24.80|25.07|24.47|0.48|24.96|644416|16122242.00|1|0.0000|0.0000|0.0000|0|24.96
和元生物|688238|-6.67|58181001|368576128.00|-2.27|0.30|-7.27|6.16|6.45|6.62|6.12|58.18|6.60|71472634|457090816.00|1|0.0000|0.0000|0.0000|0|6.60
航宇科技|688239|-1.32|2286688|98133904.00|-0.69|1.27|-2.08|42.68|42.95|43.80|42.35|2.29|43.25|3905579|170979376.00|1|0.0000|0.0000|0.0000|0|43.25
永信至诚|688244|-2.55|1532743|68281360.00|-0.78|0.66|-2.99|44.00|44.80|45.45|43.80|1.53|45.15|1512545|69939744.00|1|0.0000|0.0000|0.0000|0|45.15
嘉和美康|688246|0.57|969901|32405852.00|-0.54|1.63|-1.08|33.38|33.01|33.73|32.83|0.97|33.19|2830612|96260616.00|1|0.0000|0.0000|0.0000|0|33.19
宣泰医药|688247|-0.27|6066320|67552384.00|-0.09|1.08|-1.35|11.12|11.14|11.27|11.00|6.07|11.15|9856240|109432544.00|1|0.0000|0.0000|0.0000|0|11.15
南网科技|688248|0.84|1721638|53720652.00|0.03|1.25|-0.71|31.34|31.09|31.47|30.86|1.72|31.08|1690263|52574656.00|1|0.0000|0.0000|0.0000|0|31.08
晶合集成|688249|0.45|5258402|116453864.00|0.18|0.68|-0.41|22.19|22.13|22.24|22.00|5.26|22.09|7103685|156484432.00|1|0.0000|0.0000|0.0000|0|22.09
井松智能|688251|2.03|1914178|38496016.00|-0.51|3.55|-0.86|20.10|19.60|20.40|19.53|1.91|19.70|3977121|79712200.00|1|0.0000|0.0000|0.0000|0|19.70
天德钰|688252|1.08|7135194|187930576.00|0.08|3.08|-0.46|26.26|26.00|26.78|25.86|7.14|25.98|12007224|317724384.00|1|0.0000|0.0000|0.0000|0|25.98
英诺特|688253|2.04|2961017|107885280.00|-0.53|3.02|-1.12|36.53|35.61|36.88|35.40|2.96|35.80|3683147|132937192.00|1|0.0000|0.0000|0.0000|0|35.80
凯尔达|688255|3.57|3176617|115669248.00|-0.79|4.67|-0.79|36.59|35.05|36.98|35.05|3.18|35.33|2280317|81686768.00|1|0.0000|0.0000|0.0000|0|35.33
寒武纪|688256|-0.57|3404978|2158505472.00|-0.15|1.91|-1.10|629.35|632.00|645.00|626.00|3.40|632.94|5739758|3655499520.00|1|0.0000|0.0000|0.0000|0|632.94
新锐股份|688257|0.81|1682871|36058696.00|-0.90|3.18|-0.90|21.23|20.87|21.73|20.87|1.68|21.06|1227460|25967100.00|1|0.0000|0.0000|0.0000|0|21.06
卓易信息|688258|-0.50|1866582|77933448.00|-0.33|1.00|-1.19|41.66|41.73|42.29|41.37|1.87|41.87|3878177|164417488.00|1|0.0000|0.0000|0.0000|0|41.87
创耀科技|688259|2.95|6724123|314461088.00|-0.04|7.10|-0.44|46.43|45.08|48.30|44.90|6.72|45.10|4136292|190437040.00|1|0.0000|0.0000|0.0000|0|45.10
昀冢科技|688260|-1.26|1866879|26641200.00|-0.56|0.70|-1.47|14.13|14.23|14.41|14.10|1.87|14.31|2425538|34932388.00|1|0.0000|0.0000|0.0000|0|14.31
东微半导|688261|0.10|962978|40214368.00|-0.50|1.23|-0.86|41.66|41.41|42.13|41.26|0.96|41.62|1232927|51491188.00|1|0.0000|0.0000|0.0000|0|41.62
国芯科技|688262|-0.86|3751163|108088456.00|-0.69|0.62|-1.31|28.70|28.75|29.13|28.57|3.75|28.95|5453636|159133104.00|1|0.0000|0.0000|0.0000|0|28.95
南模生物|688265|-0.85|439822|12294121.00|1.00|1.35|-1.99|27.86|28.38|28.48|27.54|0.44|28.10|1348157|37734576.00|1|0.0000|0.0000|0.0000|0|28.10
泽璟制药|688266|1.59|2886260|312920608.00|-1.03|2.99|-1.48|108.40|105.60|109.89|105.12|2.89|106.70|5394746|563364992.00|1|0.0000|0.0000|0.0000|0|106.70
中触媒|688267|-0.11|1199010|31232560.00|0.27|0.50|-1.19|26.10|26.20|26.26|25.82|1.20|26.13|3604821|95923784.00|1|0.0000|0.0000|0.0000|0|26.13
华特气体|688268|0.10|6131361|323580352.00|2.92|7.43|-0.91|51.71|53.17|55.50|51.19|6.13|51.66|5948370|308587840.00|1|0.0000|0.0000|0.0000|0|51.66
凯立新材|688269|0.94|1253968|34890552.00|-0.40|1.59|-0.94|27.92|27.55|28.10|27.40|1.25|27.66|1418585|39119672.00|1|0.0000|0.0000|0.0000|0|27.66
臻镭科技|688270|3.06|5983841|240921680.00|0.15|3.95|-1.01|40.70|39.55|41.05|39.09|5.98|39.49|7035774|278100064.00|1|0.0000|0.0000|0.0000|0|39.49
联影医疗|688271|-2.12|2896722|363306176.00|-0.92|0.15|-2.58|124.49|126.01|127.37|123.90|2.90|127.18|5267465|659779456.00|1|0.0000|0.0000|0.0000|0|127.18
富吉瑞|688272|-2.70|1718735|46039224.00|-1.52|1.70|-3.04|26.26|26.58|27.45|26.17|1.72|26.99|2110385|57405456.00|1|0.0000|0.0000|0.0000|0|26.99
麦澜德|688273|2.72|2447478|71825760.00|0.35|4.85|-1.36|29.45|28.77|30.06|28.28|2.45|28.67|1950087|56133124.00|1|0.0000|0.0000|0.0000|0|28.67
万润新能|688275|-1.04|739937|31119762.00|0.33|0.90|-1.30|41.81|42.39|42.63|41.70|0.74|42.25|1212494|50950964.00|1|0.0000|0.0000|0.0000|0|42.25
百克生物|688276|0.30|3096743|71905624.00|-0.52|0.90|-0.90|23.29|23.10|23.43|23.01|3.10|23.22|6502973|149821856.00|1|0.0000|0.0000|0.0000|0|23.22
天智航|688277|0.94|3812495|49317092.00|-1.10|2.90|-1.10|12.88|12.62|13.13|12.62|3.81|12.76|6001015|77328000.00|1|0.0000|0.0000|0.0000|0|12.76
特宝生物|688278|-0.41|1969970|154939104.00|-0.71|1.78|-0.90|78.24|78.00|79.96|77.85|1.97|78.56|3218434|255206080.00|1|0.0000|0.0000|0.0000|0|78.56
峰岹科技|688279|2.23|1057802|245730864.00|0.44|4.30|-0.88|231.96|227.89|236.65|224.90|1.06|226.89|1151537|265901408.00|1|0.0000|0.0000|0.0000|0|226.89
精进电动|688280|0.55|5003955|27431410.00|-0.92|2.95|-0.92|5.45|5.37|5.58|5.37|5.00|5.42|6775659|37344684.00|1|0.0000|0.0000|0.0000|0|5.42
华秦科技|688281|-1.77|1073160|89507944.00|-0.34|0.09|-2.13|82.91|84.11|84.48|82.60|1.07|84.40|1535828|129576472.00|1|0.0000|0.0000|0.0000|0|84.40
理工导航|688282|2.98|720581|31802666.00|-0.91|4.63|-0.91|44.28|42.61|44.99|42.61|0.72|43.00|443613|19187704.00|1|0.0000|0.0000|0.0000|0|43.00
坤恒顺维|688283|1.43|319009|7902457.00|1.18|2.45|-1.39|24.85|24.79|25.10|24.16|0.32|24.50|327730|8038441.00|1|0.0000|0.0000|0.0000|0|24.50
高铁电气|688285|0.90|2044066|16010165.00|0.26|1.41|-0.90|7.85|7.80|7.89|7.71|2.04|7.78|3536850|27515258.00|1|0.0000|0.0000|0.0000|0|7.78
敏芯股份|688286|3.56|1706806|122579872.00|0.00|6.25|-0.46|72.11|69.63|73.98|69.31|1.71|69.63|1006626|71112544.00|1|0.0000|0.0000|0.0000|0|69.63
*ST观典|688287|-2.15|2458837|13591051.00|-0.72|1.08|-2.87|5.45|5.53|5.63|5.41|2.46|5.57|1800480|10094343.00|1|0.0000|0.0000|0.0000|0|5.57
鸿泉技术|688288|-0.22|7829219|294526784.00|0.92|7.26|-3.05|36.99|37.41|39.76|35.94|7.83|37.07|7484649|275867552.00|1|0.0000|0.0000|0.0000|0|37.07
圣湘生物|688289|0.86|5623750|125804024.00|0.32|2.30|-0.90|22.37|22.25|22.69|21.98|5.62|22.18|8529689|189456656.00|1|0.0000|0.0000|0.0000|0|22.18
景业智能|688290|-0.75|1610335|88600776.00|-0.68|2.03|-0.86|54.36|54.40|55.88|54.30|1.61|54.77|2044529|111486400.00|1|0.0000|0.0000|0.0000|0|54.77
金橙子|688291|1.11|826925|17411510.00|0.34|3.38|-0.97|20.91|20.75|21.38|20.48|0.83|20.68|828270|17246912.00|1|0.0000|0.0000|0.0000|0|20.68
浩瀚深度|688292|0.37|1049089|22736156.00|0.32|1.25|-0.28|21.65|21.64|21.84|21.51|1.05|21.57|1095752|23800656.00|1|0.0000|0.0000|0.0000|0|21.57
奥浦迈|688293|2.01|809307|30498908.00|0.19|3.14|-1.48|38.02|37.34|38.44|36.72|0.81|37.27|1506549|56363040.00|1|0.0000|0.0000|0.0000|0|37.27
中复神鹰|688295|-0.53|1237773|25553830.00|-0.10|0.92|-1.54|20.61|20.70|20.91|20.40|1.24|20.72|1525267|31993106.00|1|0.0000|0.0000|0.0000|0|20.72
和达科技|688296|0.08|1507220|19415918.00|-0.62|1.40|-1.09|12.85|12.76|13.02|12.70|1.51|12.84|4323643|55274400.00|1|0.0000|0.0000|0.0000|0|12.84
中无人机|688297|-0.33|4155903|164993488.00|0.83|1.08|-1.18|39.70|40.16|40.26|39.36|4.16|39.83|6778276|271514816.00|1|0.0000|0.0000|0.0000|0|39.83
东方生物|688298|-0.49|2871388|75241408.00|-0.04|0.57|-1.29|26.20|26.32|26.48|25.99|2.87|26.33|6008013|159691296.00|1|0.0000|0.0000|0.0000|0|26.33
长阳科技|688299|1.16|19559426|347719584.00|0.69|5.26|0.35|17.49|17.41|18.20|17.35|19.56|17.29|17664526|304007008.00|1|0.0000|0.0000|0.0000|0|17.29
联瑞新材|688300|0.62|1343696|78887568.00|0.00|2.43|-0.05|58.33|57.97|59.38|57.94|1.34|57.97|1261994|73318088.00|1|0.0000|0.0000|0.0000|0|57.97
奕瑞科技|688301|-1.72|1026225|122328288.00|0.00|0.34|-2.20|118.66|120.74|121.15|118.08|1.03|120.74|2639561|316284256.00|1|0.0000|0.0000|0.0000|0|120.74
海创药业|688302|17.56|8035709|316449248.00|6.51|19.75|1.50|40.84|37.00|41.60|35.26|8.04|34.74|2739258|94851192.00|1|0.0000|0.0000|0.0000|0|34.74
大全能源|688303|-1.20|9081182|172508752.00|-0.16|-0.10|-1.46|18.94|19.14|19.15|18.89|9.08|19.17|9031399|174244448.00|1|0.0000|0.0000|0.0000|0|19.17
科德数控|688305|2.44|2565945|201930160.00|-0.14|5.51|-0.74|77.97|76.00|80.30|75.55|2.57|76.11|1418924|108627592.00|1|0.0000|0.0000|0.0000|0|76.11
均普智能|688306|5.06|40294835|451131872.00|-1.78|7.58|-1.78|11.22|10.49|11.49|10.49|40.29|10.68|20088977|211071696.00|1|0.0000|0.0000|0.0000|0|10.68
中润光学|688307|0.04|887810|24278350.00|0.40|1.62|-1.03|27.23|27.33|27.66|26.94|0.89|27.22|1203240|32874410.00|1|0.0000|0.0000|0.0000|0|27.22
欧科亿|688308|0.00|955880|18195000.00|0.16|1.37|-0.37|18.93|18.96|19.19|18.86|0.96|18.93|1310208|24903282.00|1|0.0000|0.0000|0.0000|0|18.93
恒誉环保|688309|0.53|699743|10693906.00|0.00|3.95|-1.32|15.28|15.20|15.80|15.00|0.70|15.20|736496|11297899.00|1|0.0000|0.0000|0.0000|0|15.20
迈得医疗|688310|0.34|983244|11632854.00|0.94|1.70|-0.94|11.78|11.85|11.94|11.63|0.98|11.74|1668713|19790220.00|1|0.0000|0.0000|0.0000|0|11.74
盟升电子|688311|-2.24|1645247|60538864.00|-0.80|-0.16|-2.83|36.66|37.20|37.44|36.44|1.65|37.50|2605446|97681824.00|1|0.0000|0.0000|0.0000|0|37.50
燕麦科技|688312|-0.75|1504977|46272264.00|-0.16|2.35|-0.95|30.37|30.55|31.32|30.31|1.50|30.60|2114719|64592872.00|1|0.0000|0.0000|0.0000|0|30.60
仕佳光子|688313|2.73|12830405|223880416.00|0.65|5.09|-0.18|17.34|16.99|17.74|16.85|12.83|16.88|8338696|142242544.00|1|0.0000|0.0000|0.0000|0|16.88
康拓医疗|688314|1.29|849484|23373340.00|-0.15|2.43|-0.66|27.54|27.15|27.85|27.01|0.85|27.19|1047542|28605148.00|1|0.0000|0.0000|0.0000|0|27.19
诺禾致源|688315|0.65|4074718|63352292.00|0.52|2.14|-1.04|15.51|15.49|15.74|15.25|4.07|15.41|6787165|105713840.00|1|0.0000|0.0000|0.0000|0|15.41
青云科技|688316|0.23|1495612|98293464.00|0.08|2.03|-0.52|65.60|65.50|66.78|65.11|1.50|65.45|2429251|160817712.00|1|0.0000|0.0000|0.0000|0|65.45
之江生物|688317|0.00|1110640|19579372.00|-0.79|0.62|-1.30|17.64|17.50|17.75|17.41|1.11|17.64|3084976|54628696.00|1|0.0000|0.0000|0.0000|0|17.64
财富趋势|688318|2.20|1985815|288546656.00|-0.34|2.80|-0.34|145.64|142.01|146.49|142.01|1.99|142.50|2750425|398097920.00|1|0.0000|0.0000|0.0000|0|142.50
欧林生物|688319|5.97|9897683|157627296.00|-0.39|7.21|-0.92|16.16|15.19|16.35|15.11|9.90|15.25|6287170|96088536.00|1|0.0000|0.0000|0.0000|0|15.25
禾川科技|688320|1.48|3773065|150904624.00|0.13|4.41|-0.61|39.83|39.30|40.98|39.01|3.77|39.25|2796556|110506928.00|1|0.0000|0.0000|0.0000|0|39.25
微芯生物|688321|-0.37|4265265|81364424.00|0.42|2.11|-0.53|18.85|19.00|19.32|18.82|4.27|18.92|7440995|141116080.00|1|0.0000|0.0000|0.0000|0|18.92
奥比中光|688322|1.14|5093409|284060896.00|-0.16|2.42|-0.58|55.70|54.98|56.40|54.75|5.09|55.07|5296946|293363392.00|1|0.0000|0.0000|0.0000|0|55.07
瑞华泰|688323|-0.43|1171723|16519317.00|-0.43|0.99|-0.64|14.03|14.03|14.23|14.00|1.17|14.09|2034876|28890734.00|1|0.0000|0.0000|0.0000|0|14.09
赛微微电|688325|0.84|485204|22744088.00|-0.84|2.05|-0.84|46.78|46.00|47.34|46.00|0.49|46.39|505063|23578624.00|1|0.0000|0.0000|0.0000|0|46.39
经纬恒润|688326|0.38|550315|45613616.00|-0.12|1.52|-0.47|82.71|82.30|83.65|82.01|0.55|82.40|844282|69829512.00|1|0.0000|0.0000|0.0000|0|82.40
云从科技|688327|-0.46|19813641|303434336.00|-0.46|1.70|-1.05|15.20|15.20|15.53|15.11|19.81|15.27|28604013|442594304.00|1|0.0000|0.0000|0.0000|0|15.27
深科达|688328|-0.63|1323842|21070986.00|-0.50|1.51|-0.82|15.78|15.80|16.12|15.75|1.32|15.88|2260564|35994940.00|1|0.0000|0.0000|0.0000|0|15.88
艾隆科技|688329|1.51|881128|14180258.00|0.06|2.14|-0.63|16.14|15.91|16.24|15.80|0.88|15.90|1723949|27532016.00|1|0.0000|0.0000|0.0000|0|15.90
宏力达|688330|-0.45|525972|15204173.00|0.00|0.52|-0.62|28.80|28.93|29.08|28.75|0.53|28.93|1725773|49884520.00|1|0.0000|0.0000|0.0000|0|28.93
荣昌生物|688331|1.14|6957752|311762208.00|-0.55|5.35|-1.59|44.40|43.66|46.25|43.20|6.96|43.90|9493301|418943200.00|1|0.0000|0.0000|0.0000|0|43.90
中科蓝讯|688332|-2.47|3229996|431531712.00|-1.04|0.34|-3.50|132.58|134.52|136.40|131.18|3.23|135.94|4027659|547744960.00|1|0.0000|0.0000|0.0000|0|135.94
铂力特|688333|2.14|5839150|412648608.00|0.29|5.41|0.29|70.07|68.80|72.31|68.80|5.84|68.60|12112738|850372416.00|1|0.0000|0.0000|0.0000|0|68.60
西高院|688334|0.93|1742291|30240614.00|0.23|1.51|-0.52|17.36|17.24|17.46|17.11|1.74|17.20|1532074|26306122.00|1|0.0000|0.0000|0.0000|0|17.20
复洁科技|688335|0.00|1143262|11558365.00|0.40|1.99|-1.09|10.06|10.10|10.26|9.95|1.14|10.06|2828740|28677332.00|1|0.0000|0.0000|0.0000|0|10.06
三生国健|688336|-0.79|3970359|116471640.00|-0.62|2.63|-1.64|29.00|29.05|30.00|28.75|3.97|29.23|7548112|219247120.00|1|0.0000|0.0000|0.0000|0|29.23
普源精电|688337|0.36|1265555|42728500.00|0.06|1.82|-0.15|33.61|33.51|34.10|33.44|1.27|33.49|1616261|54413456.00|1|0.0000|0.0000|0.0000|0|33.49
赛科希德|688338|0.47|1040061|26802000.00|-0.62|1.17|-0.70|25.79|25.51|25.97|25.49|1.04|25.67|1879385|48332588.00|1|0.0000|0.0000|0.0000|0|25.67
亿华通|688339|-2.02|2322253|53419960.00|-0.69|0.69|-2.15|22.74|23.05|23.37|22.71|2.32|23.21|2510848|58382328.00|1|0.0000|0.0000|0.0000|0|23.21
云天励飞|688343|0.37|5721353|328214080.00|0.12|1.89|-0.25|57.22|57.08|58.09|56.87|5.72|57.01|8724778|504254720.00|1|0.0000|0.0000|0.0000|0|57.01
博力威|688345|0.97|576293|11346496.00|1.23|1.90|-0.97|19.71|19.76|19.89|19.33|0.58|19.52|697861|13732964.00|1|0.0000|0.0000|0.0000|0|19.52
华虹公司|688347|1.54|7547281|352660128.00|0.65|2.21|-0.28|46.91|46.50|47.22|46.07|7.55|46.20|7955651|369324736.00|1|0.0000|0.0000|0.0000|0|46.20
昱能科技|688348|-0.04|1998791|100189536.00|-0.30|0.94|-1.14|50.13|50.00|50.62|49.58|2.00|50.15|3671336|183385776.00|1|0.0000|0.0000|0.0000|0|50.15
三一重能|688349|-0.78|2402316|64455312.00|-0.30|1.26|-1.26|26.71|26.84|27.26|26.58|2.40|26.92|2588487|69955472.00|1|0.0000|0.0000|0.0000|0|26.92
富淼科技|688350|0.22|646478|8827284.00|-0.44|0.96|-0.73|13.64|13.55|13.74|13.51|0.65|13.61|1127323|15362273.00|1|0.0000|0.0000|0.0000|0|13.61
微电生理|688351|1.66|5511530|114359312.00|0.63|2.39|-0.49|20.82|20.61|20.97|20.38|5.51|20.48|9997781|203767824.00|1|0.0000|0.0000|0.0000|0|20.48
颀中科技|688352|0.16|4060397|49880184.00|0.00|1.31|-0.25|12.26|12.24|12.40|12.21|4.06|12.24|8139215|100291448.00|1|0.0000|0.0000|0.0000|0|12.24
华盛锂电|688353|0.63|574816|12844449.00|-0.45|1.40|-0.45|22.33|22.09|22.50|22.09|0.57|22.19|574958|12762561.00|1|0.0000|0.0000|0.0000|0|22.19
明志科技|688355|0.87|813286|15011336.00|-0.49|1.80|-0.49|18.45|18.20|18.62|18.20|0.81|18.29|977722|18022250.00|1|0.0000|0.0000|0.0000|0|18.29
键凯科技|688356|4.05|1095957|68822704.00|-0.49|4.05|-1.18|63.50|60.73|63.50|60.31|1.10|61.03|1427525|87560416.00|1|0.0000|0.0000|0.0000|0|61.03
建龙微纳|688357|-0.08|629570|16574869.00|-0.30|0.99|-0.53|26.28|26.22|26.56|26.16|0.63|26.30|957483|25301050.00|1|0.0000|0.0000|0.0000|0|26.30
祥生医疗|688358|1.56|1254199|40710908.00|-0.88|2.88|-0.88|32.46|31.68|32.88|31.68|1.25|31.96|1666666|53615988.00|1|0.0000|0.0000|0.0000|0|31.96
三孚新科|688359|-3.36|1199360|66454852.00|-0.32|1.92|-4.34|55.00|56.73|58.00|54.44|1.20|56.91|793351|45327068.00|1|0.0000|0.0000|0.0000|0|56.91
德马科技|688360|2.84|3240545|70498160.00|-0.05|4.69|-0.47|21.71|21.10|22.10|21.01|3.24|21.11|3601734|76901880.00|1|0.0000|0.0000|0.0000|0|21.11
中科飞测|688361|-0.77|4163894|343618848.00|-2.79|-0.41|-3.76|83.71|82.01|84.01|81.19|4.16|84.36|9545062|805160576.00|1|0.0000|0.0000|0.0000|0|84.36
甬矽电子|688362|-1.23|6109517|186805536.00|0.26|0.84|-1.59|30.40|30.86|31.04|30.29|6.11|30.78|10405202|319034656.00|1|0.0000|0.0000|0.0000|0|30.78
华熙生物|688363|0.02|1517109|75164560.00|-0.34|0.56|-1.13|49.63|49.45|49.90|49.06|1.52|49.62|2669278|132377288.00|1|0.0000|0.0000|0.0000|0|49.62
光云科技|688365|0.23|4114051|53455236.00|0.16|2.09|0.00|12.92|12.91|13.16|12.89|4.11|12.89|7284625|94875416.00|1|0.0000|0.0000|0.0000|0|12.89
昊海生科|688366|0.07|425002|25629116.00|0.43|1.11|-0.68|60.25|60.47|60.88|59.80|0.43|60.21|633391|38267116.00|1|0.0000|0.0000|0.0000|0|60.21
工大高科|688367|0.88|666867|10771580.00|1.06|2.50|-0.38|16.11|16.14|16.37|15.91|0.67|15.97|1036279|16581765.00|1|0.0000|0.0000|0.0000|0|15.97
晶丰明源|688368|2.49|694054|66927752.00|-0.52|3.23|-0.60|96.80|93.96|97.50|93.88|0.69|94.45|421916|39820316.00|1|0.0000|0.0000|0.0000|0|94.45
致远互联|688369|-1.60|2470034|89058696.00|-1.08|2.24|-2.41|35.59|35.78|36.98|35.30|2.47|36.17|3394811|122400512.00|1|0.0000|0.0000|0.0000|0|36.17
丛麟科技|688370|-0.51|325683|6304792.50|-0.31|0.26|-1.23|19.35|19.39|19.50|19.21|0.33|19.45|636256|12362943.00|1|0.0000|0.0000|0.0000|0|19.45
菲沃泰|688371|1.24|2350331|40595640.00|0.18|3.00|-0.65|17.20|17.02|17.50|16.88|2.35|16.99|3239317|55737932.00|1|0.0000|0.0000|0.0000|0|16.99
伟测科技|688372|-0.54|1741339|138385488.00|-0.52|1.11|-1.19|79.17|79.19|80.48|78.65|1.74|79.60|2730102|218785952.00|1|0.0000|0.0000|0.0000|0|79.60
盟科药业|688373|1.16|10032924|61397760.00|1.16|2.31|-1.32|6.12|6.12|6.19|5.97|10.03|6.05|11614014|70016576.00|1|0.0000|0.0000|0.0000|0|6.05
国博电子|688375|0.57|918449|50039504.00|-0.87|1.57|-1.47|54.61|53.83|55.15|53.50|0.92|54.30|1308071|70708768.00|1|0.0000|0.0000|0.0000|0|54.30
美埃科技|688376|-1.79|846987|32386230.00|-0.31|1.12|-2.31|37.84|38.41|38.96|37.64|0.85|38.53|891196|34218496.00|1|0.0000|0.0000|0.0000|0|38.53
迪威尔|688377|-1.14|2810543|58861572.00|-1.14|1.23|-2.55|20.90|20.90|21.40|20.60|2.81|21.14|3568484|74138352.00|1|0.0000|0.0000|0.0000|0|21.14
奥来德|688378|0.34|2264761|47123376.00|0.05|2.14|-1.31|20.66|20.60|21.03|20.32|2.26|20.59|2715576|55775480.00|1|0.0000|0.0000|0.0000|0|20.59
华光新材|688379|0.60|1750282|46361520.00|-0.76|1.25|-1.10|26.61|26.25|26.78|26.16|1.75|26.45|2576341|67265456.00|1|0.0000|0.0000|0.0000|0|26.45
中微半导|688380|-0.71|4218610|124058152.00|-0.31|0.95|-1.36|29.27|29.39|29.76|29.08|4.22|29.48|4770648|142018928.00|1|0.0000|0.0000|0.0000|0|29.48
帝奥微|688381|1.10|2655485|56678812.00|0.00|3.57|0.00|21.23|21.00|21.75|21.00|2.66|21.00|1880369|39669496.00|1|0.0000|0.0000|0.0000|0|21.00
益方生物|688382|0.64|11161448|232516544.00|-0.05|4.22|-1.62|20.53|20.39|21.26|20.07|11.16|20.40|18144511|367036992.00|1|0.0000|0.0000|0.0000|0|20.40
新益昌|688383|-0.66|470630|21944740.00|-0.51|0.96|-1.15|46.48|46.55|47.24|46.25|0.47|46.79|625816|29522734.00|1|0.0000|0.0000|0.0000|0|46.79
复旦微电|688385|3.45|11174458|538095296.00|-0.60|6.68|-0.62|48.00|46.12|49.50|46.11|11.17|46.40|10446103|482607968.00|1|0.0000|0.0000|0.0000|0|46.40
泛亚微透|688386|0.90|653642|28791946.00|0.76|2.02|-1.17|43.91|43.85|44.40|43.01|0.65|43.52|598802|26216778.00|1|0.0000|0.0000|0.0000|0|43.52
信科移动|688387|0.53|8392002|47349868.00|-0.18|1.07|-0.36|5.65|5.61|5.68|5.60|8.39|5.62|13223930|74239248.00|1|0.0000|0.0000|0.0000|0|5.62
嘉元科技|688388|-0.35|6243090|123546488.00|-0.10|1.21|-1.41|19.74|19.79|20.05|19.53|6.24|19.81|12342961|242798288.00|1|0.0000|0.0000|0.0000|0|19.81
普门科技|688389|0.26|5588306|87457448.00|0.00|1.02|-0.64|15.65|15.61|15.77|15.51|5.59|15.61|11703854|182264432.00|1|0.0000|0.0000|0.0000|0|15.61
固德威|688390|-0.69|6008373|294530944.00|-1.72|0.51|-1.83|48.96|48.45|49.55|48.40|6.01|49.30|14528886|700458048.00|1|0.0000|0.0000|0.0000|0|49.30
钜泉科技|688391|1.25|957974|30263658.00|-0.29|2.61|-0.35|31.48|31.00|31.90|30.98|0.96|31.09|981187|30558404.00|1|0.0000|0.0000|0.0000|0|31.09
骄成超声|688392|0.12|1592916|80232856.00|0.58|3.16|-0.22|49.79|50.02|51.30|49.62|1.59|49.73|2156830|109574336.00|1|0.0000|0.0000|0.0000|0|49.73
安必平|688393|0.78|3371278|122867016.00|-1.11|2.72|-1.11|36.28|35.60|36.98|35.60|3.37|36.00|6515237|240324400.00|1|0.0000|0.0000|0.0000|0|36.00
正弦电气|688395|0.87|1668792|36921652.00|1.01|2.33|-0.46|22.07|22.10|22.39|21.78|1.67|21.88|2161922|47944520.00|1|0.0000|0.0000|0.0000|0|21.88
华润微|688396|0.04|1966055|89024960.00|0.20|0.57|-0.64|45.32|45.39|45.56|45.01|1.97|45.30|2835271|128276544.00|1|0.0000|0.0000|0.0000|0|45.30
赛特新材|688398|2.81|1284243|21911436.00|0.24|2.87|-0.48|17.22|16.79|17.23|16.67|1.28|16.75|1357218|22688644.00|1|0.0000|0.0000|0.0000|0|16.75
硕世生物|688399|0.29|416125|29733038.00|-0.03|0.86|-0.93|71.55|71.32|71.95|70.68|0.42|71.34|1085276|77600032.00|1|0.0000|0.0000|0.0000|0|71.34
凌云光|688400|1.37|7268757|210962512.00|-0.35|3.90|-0.35|28.83|28.34|29.55|28.34|7.27|28.44|5590329|160239616.00|1|0.0000|0.0000|0.0000|0|28.44
路维光电|688401|1.42|8861517|312834368.00|-0.46|4.05|-1.39|35.09|34.44|36.00|34.12|8.86|34.60|10294010|361067712.00|1|0.0000|0.0000|0.0000|0|34.60
汇成股份|688403|-1.22|10090992|98471152.00|0.00|0.51|-1.63|9.70|9.82|9.87|9.66|10.09|9.82|12712975|125332496.00|1|0.0000|0.0000|0.0000|0|9.82
中信博|688408|-0.97|2687132|148789952.00|-0.34|0.20|-1.20|55.13|55.48|55.78|55.00|2.69|55.67|3938313|220109760.00|1|0.0000|0.0000|0.0000|0|55.67
富创精密|688409|-1.69|5502158|315082528.00|-1.07|1.21|-2.23|56.94|57.30|58.62|56.63|5.50|57.92|12535850|724760000.00|1|0.0000|0.0000|0.0000|0|57.92
山外山|688410|-1.67|3751543|44683348.00|-1.09|0.83|-2.25|11.78|11.85|12.08|11.71|3.75|11.98|7763679|92036416.00|1|0.0000|0.0000|0.0000|0|11.98
海博思创|688411|-3.64|2123879|163777552.00|-0.34|0.39|-3.83|75.67|78.26|78.84|75.52|2.12|78.53|1554801|122838896.00|1|0.0000|0.0000|0.0000|0|78.53
恒烁股份|688416|-0.87|949864|38957944.00|-0.87|0.92|-1.21|40.80|40.80|41.54|40.66|0.95|41.16|1384534|57264304.00|1|0.0000|0.0000|0.0000|0|41.16
震有科技|688418|2.68|5796973|185628928.00|-0.29|4.14|-0.51|32.24|31.31|32.70|31.24|5.80|31.40|4518305|139700032.00|1|0.0000|0.0000|0.0000|0|31.40
耐科装备|688419|0.40|634647|20766728.00|-0.43|1.54|-0.46|32.61|32.34|32.98|32.33|0.63|32.48|752816|24517982.00|1|0.0000|0.0000|0.0000|0|32.48
美腾科技|688420|0.35|336640|7683045.00|-0.80|1.86|-0.88|22.71|22.45|23.05|22.43|0.34|22.63|629947|14382693.00|1|0.0000|0.0000|0.0000|0|22.63
铁建重工|688425|1.17|33887758|146114144.00|-0.23|1.63|-0.93|4.34|4.28|4.36|4.25|33.89|4.29|34898473|149130432.00|1|0.0000|0.0000|0.0000|0|4.29
康为世纪|688426|0.88|792612|15375595.00|-0.31|1.86|-1.24|19.51|19.28|19.70|19.10|0.79|19.34|1312526|25773058.00|1|0.0000|0.0000|0.0000|0|19.34
诺诚健华|688428|-0.94|5364493|102144440.00|-0.31|1.41|-2.45|18.99|19.11|19.44|18.70|5.36|19.17|7056637|135434128.00|1|0.0000|0.0000|0.0000|0|19.17
时创能源|688429|0.34|876319|12962922.00|1.37|2.39|-0.96|14.69|14.84|14.99|14.50|0.88|14.64|1460809|21304536.00|1|0.0000|0.0000|0.0000|0|14.64
有研硅|688432|0.25|3142410|37374116.00|-0.34|1.18|-0.34|11.87|11.80|11.98|11.80|3.14|11.84|4361869|52076048.00|1|0.0000|0.0000|0.0000|0|11.84
华曙高科|688433|-0.07|1782779|81455168.00|-0.18|1.91|-0.90|45.43|45.38|46.33|45.05|1.78|45.46|3655602|168564592.00|1|0.0000|0.0000|0.0000|0|45.46
英方软件|688435|0.21|812837|27036180.00|-0.15|1.63|-0.48|33.11|32.99|33.58|32.88|0.81|33.04|1598480|53395484.00|1|0.0000|0.0000|0.0000|0|33.04
振华风光|688439|-0.22|2352546|152185952.00|-1.01|2.99|-1.37|64.12|63.61|66.18|63.38|2.35|64.26|3462540|222111008.00|1|0.0000|0.0000|0.0000|0|64.26
智翔金泰|688443|-1.29|2517965|73569632.00|-0.61|1.26|-1.70|28.99|29.19|29.74|28.87|2.52|29.37|5665639|166172192.00|1|0.0000|0.0000|0.0000|0|29.37
磁谷科技|688448|-0.31|451175|13312309.00|-0.65|1.50|-1.12|29.28|29.18|29.81|29.04|0.45|29.37|796190|23520724.00|1|0.0000|0.0000|0.0000|0|29.37
联芸科技|688449|-0.15|2152987|101060664.00|-0.28|1.28|-0.60|46.74|46.68|47.41|46.53|2.15|46.81|2188649|102451136.00|1|0.0000|0.0000|0.0000|0|46.81
光格科技|688450|2.60|801480|19722360.00|-0.62|3.13|-1.44|24.89|24.11|25.02|23.91|0.80|24.26|1269071|30467518.00|1|0.0000|0.0000|0.0000|0|24.26
科捷智能|688455|0.88|787774|9008662.00|0.00|0.97|-1.23|11.48|11.38|11.49|11.24|0.79|11.38|1097133|12421043.00|1|0.0000|0.0000|0.0000|0|11.38
有研粉材|688456|-0.06|849168|30739178.00|0.33|0.63|-1.02|36.25|36.39|36.50|35.90|0.85|36.27|1353576|49482892.00|1|0.0000|0.0000|0.0000|0|36.27
美芯晟|688458|0.82|1362140|50729052.00|-0.05|2.72|-0.65|37.10|36.78|37.80|36.56|1.36|36.80|581247|21415648.00|1|0.0000|0.0000|0.0000|0|36.80
哈铁科技|688459|0.91|2244330|22421586.00|0.20|1.71|-0.30|10.01|9.94|10.09|9.89|2.24|9.92|1763567|17493000.00|1|0.0000|0.0000|0.0000|0|9.92
金科环境|688466|-0.96|324352|5388794.00|-0.24|0.42|-1.80|16.54|16.66|16.77|16.40|0.32|16.70|661617|11171023.00|1|0.0000|0.0000|0.0000|0|16.70
科美诊断|688468|0.26|3956707|30581536.00|-0.52|1.56|-0.78|7.71|7.65|7.81|7.63|3.96|7.69|6902212|53121316.00|1|0.0000|0.0000|0.0000|0|7.69
芯联集成|688469|-0.41|30841284|149411952.00|0.00|0.41|-0.82|4.84|4.86|4.88|4.82|30.84|4.86|28528779|139060160.00|1|0.0000|0.0000|0.0000|0|4.86
阿特斯|688472|-0.30|11566733|114231312.00|0.00|0.30|-0.51|9.86|9.89|9.92|9.84|11.57|9.89|21116695|207894912.00|1|0.0000|0.0000|0.0000|0|9.89
萤石网络|688475|5.19|4169214|166116512.00|-0.47|5.45|-0.92|40.16|38.00|40.26|37.83|4.17|38.18|2857617|109805304.00|1|0.0000|0.0000|0.0000|0|38.18
晶升股份|688478|0.13|810513|25041216.00|-0.29|1.36|-0.68|30.90|30.77|31.28|30.65|0.81|30.86|1097983|34093700.00|1|0.0000|0.0000|0.0000|0|30.86
友车科技|688479|0.36|697639|13477077.00|-0.78|0.78|-0.78|19.34|19.12|19.42|19.12|0.70|19.27|1373237|26214634.00|1|0.0000|0.0000|0.0000|0|19.27
赛恩斯|688480|0.09|397470|13443290.00|0.86|0.86|-1.42|33.84|34.10|34.10|33.33|0.40|33.81|637613|21509102.00|1|0.0000|0.0000|0.0000|0|33.81
南芯科技|688484|0.70|4891844|168836080.00|0.67|2.19|-0.53|34.43|34.42|34.94|34.01|4.89|34.19|7637288|263580528.00|1|0.0000|0.0000|0.0000|0|34.19
九州一轨|688485|1.19|1358435|13898093.00|0.00|2.57|-1.09|10.22|10.10|10.36|9.99|1.36|10.10|1850505|18718598.00|1|0.0000|0.0000|0.0000|0|10.10
龙迅股份|688486|-5.74|1377601|150533056.00|1.65|1.65|-6.33|106.67|115.03|115.03|106.00|1.38|113.16|2188513|245103824.00|1|0.0000|0.0000|0.0000|0|113.16
艾迪药业|688488|1.87|16432258|187824656.00|-1.16|5.60|-1.69|11.45|11.11|11.87|11.05|16.43|11.24|24069136|270669408.00|1|0.0000|0.0000|0.0000|0|11.24
三未信安|688489|-0.06|422578|15405679.00|0.83|1.10|-0.36|36.34|36.66|36.76|36.23|0.42|36.36|850890|31151176.00|1|0.0000|0.0000|0.0000|0|36.36
清越科技|688496|-0.12|1880947|15514536.00|0.12|1.22|-0.85|8.21|8.23|8.32|8.15|1.88|8.22|3531984|29126812.00|1|0.0000|0.0000|0.0000|0|8.22
源杰科技|688498|2.63|1923727|221793792.00|0.00|4.28|-0.12|115.41|112.45|117.26|112.32|1.92|112.45|1426332|160981568.00|1|0.0000|0.0000|0.0000|0|112.45
利元亨|688499|1.95|4322612|115547544.00|1.46|4.48|0.50|26.61|26.48|27.27|26.23|4.32|26.10|2754070|71721520.00|1|0.0000|0.0000|0.0000|0|26.10
慧辰股份|688500|0.54|932056|25935824.00|-0.04|1.51|-2.09|27.90|27.74|28.17|27.17|0.93|27.75|1717396|47680808.00|1|0.0000|0.0000|0.0000|0|27.75
青达环保|688501|1.01|4744718|95640576.00|-0.45|3.42|-1.21|20.10|19.81|20.58|19.66|4.74|19.90|4911238|96261232.00|1|0.0000|0.0000|0.0000|0|19.90
茂莱光学|688502|-0.20|643034|171606448.00|-0.97|0.47|-2.79|269.09|267.00|270.90|262.09|0.64|269.62|1046100|283096608.00|1|0.0000|0.0000|0.0000|0|269.62
聚和材料|688503|1.20|3919414|152876832.00|1.07|2.42|0.00|38.88|38.83|39.35|38.42|3.92|38.42|4236367|163145456.00|1|0.0000|0.0000|0.0000|0|38.42
复旦张江|688505|-0.60|3061916|25426692.00|0.00|0.84|-0.96|8.27|8.32|8.39|8.24|3.06|8.32|7958205|66545552.00|1|0.0000|0.0000|0.0000|0|8.32
百利天恒|688506|-0.61|877843|217513152.00|-0.20|1.76|-1.41|246.99|248.00|252.88|245.00|0.88|248.50|2058915|503322624.00|1|0.0000|0.0000|0.0000|0|248.50
索辰科技|688507|-0.57|1299855|105830912.00|-0.86|2.17|-1.12|80.66|80.42|82.88|80.21|1.30|81.12|1602332|130720408.00|1|0.0000|0.0000|0.0000|0|81.12
芯朋微|688508|-1.08|2471478|125904000.00|-0.22|1.31|-1.76|50.55|50.99|51.77|50.20|2.47|51.10|4272028|220707376.00|1|0.0000|0.0000|0.0000|0|51.10
正元地信|688509|-0.79|5421135|20479504.00|-0.26|0.79|-1.85|3.76|3.78|3.82|3.72|5.42|3.79|10098841|38452520.00|1|0.0000|0.0000|0.0000|0|3.79
航亚科技|688510|-1.22|4282990|76975216.00|-0.50|0.99|-1.93|17.88|18.01|18.28|17.75|4.28|18.10|6514095|117695408.00|1|0.0000|0.0000|0.0000|0|18.10
*ST天微|688511|1.06|1063486|14222065.00|-0.08|2.03|-0.53|13.41|13.26|13.54|13.20|1.06|13.27|1453521|19383132.00|1|0.0000|0.0000|0.0000|0|13.27
慧智微|688512|-1.01|4617153|46085164.00|0.10|1.61|-1.11|9.85|9.96|10.11|9.84|4.62|9.95|5575432|55169096.00|1|0.0000|0.0000|0.0000|0|9.95
苑东生物|688513|5.44|9739685|332969696.00|0.66|5.79|-1.79|35.30|33.70|35.42|32.88|9.74|33.48|6200524|207343360.00|1|0.0000|0.0000|0.0000|0|33.48
裕太微|688515|-0.32|691500|69688360.00|0.01|2.21|-0.46|99.66|99.99|102.19|99.52|0.69|99.98|981203|97936856.00|1|0.0000|0.0000|0.0000|0|99.98
奥特维|688516|0.30|1654510|67254800.00|0.32|1.18|-1.04|40.64|40.65|41.00|40.10|1.65|40.52|2578188|104824888.00|1|0.0000|0.0000|0.0000|0|40.52
金冠电气|688517|1.13|1783252|25528176.00|-0.07|2.19|-0.99|14.33|14.16|14.48|14.03|1.78|14.17|2016843|28611380.00|1|0.0000|0.0000|0.0000|0|14.17
联赢激光|688518|1.10|6326911|104802448.00|-0.06|2.45|-0.24|16.51|16.32|16.73|16.29|6.33|16.33|5851426|95676928.00|1|0.0000|0.0000|0.0000|0|16.33
南亚新材|688519|6.71|5682551|210702624.00|-0.83|9.09|-0.83|37.35|34.71|38.18|34.71|5.68|35.00|3855452|138202784.00|1|0.0000|0.0000|0.0000|0|35.00
神州细胞|688520|-0.59|3277184|137844864.00|-0.95|1.43|-1.14|41.85|41.70|42.70|41.62|3.28|42.10|5426096|229257488.00|1|0.0000|0.0000|0.0000|0|42.10
芯原股份|688521|-1.27|10115639|999721472.00|-2.07|1.75|-2.07|97.99|97.20|100.99|97.20|10.12|99.25|21498967|2147752960.00|1|0.0000|0.0000|0.0000|0|99.25
纳睿雷达|688522|0.06|1989155|140971872.00|-0.44|1.71|-1.68|70.83|70.48|72.00|69.60|1.99|70.79|3105184|219703072.00|1|0.0000|0.0000|0.0000|0|70.79
航天环宇|688523|2.16|1843411|37971112.00|0.00|3.09|-1.08|20.80|20.36|20.99|20.14|1.84|20.36|1275896|26009498.00|1|0.0000|0.0000|0.0000|0|20.36
佰维存储|688525|-0.20|8290014|579332032.00|0.00|1.20|-0.76|69.69|69.83|70.67|69.30|8.29|69.83|12053916|855460928.00|1|0.0000|0.0000|0.0000|0|69.83
科前生物|688526|-0.87|2260061|36528968.00|0.00|1.49|-1.24|16.01|16.15|16.39|15.95|2.26|16.15|4282707|69626824.00|1|0.0000|0.0000|0.0000|0|16.15
秦川物联|688528|0.55|637449|5853478.50|1.10|1.87|-0.88|9.16|9.21|9.28|9.03|0.64|9.11|1002507|9178069.00|1|0.0000|0.0000|0.0000|0|9.11
豪森智能|688529|0.79|2012494|38897448.00|-0.84|2.83|-0.84|19.21|18.90|19.60|18.90|2.01|19.06|3443950|67033316.00|1|0.0000|0.0000|0.0000|0|19.06
欧莱新材|688530|-0.72|546374|9812121.00|-0.17|0.78|-0.78|17.81|17.91|18.08|17.80|0.55|17.94|809910|14503330.00|1|0.0000|0.0000|0.0000|0|17.94
日联科技|688531|3.64|2996702|187561904.00|-0.15|4.80|-1.30|63.00|60.70|63.71|60.00|3.00|60.79|1855697|113057000.00|1|0.0000|0.0000|0.0000|0|60.79
上声电子|688533|1.04|994428|31883138.00|0.00|1.76|-1.45|32.09|31.76|32.32|31.30|0.99|31.76|956018|30393536.00|1|0.0000|0.0000|0.0000|0|31.76
华海诚科|688535|-0.24|1126874|87953944.00|-0.46|0.90|-1.13|78.00|77.83|78.89|77.31|1.13|78.19|1723259|134853792.00|1|0.0000|0.0000|0.0000|0|78.19
思瑞浦|688536|-0.66|1210288|148151056.00|0.07|0.39|-1.98|122.60|123.50|123.89|120.97|1.21|123.41|1882639|230575376.00|1|0.0000|0.0000|0.0000|0|123.41
和辉光电|688538|0.00|24836784|55012604.00|-0.45|0.45|-0.45|2.21|2.20|2.22|2.20|24.84|2.21|37573990|82972400.00|1|0.0000|0.0000|0.0000|0|2.21
高华科技|688539|0.43|688116|17845542.00|0.04|1.20|-0.58|25.92|25.82|26.12|25.66|0.69|25.81|850220|22042664.00|1|0.0000|0.0000|0.0000|0|25.81
国科军工|688543|-1.55|2997970|150557296.00|-0.45|0.12|-2.05|50.03|50.59|50.88|49.78|3.00|50.82|4567907|232224336.00|1|0.0000|0.0000|0.0000|0|50.82
兴福电子|688545|0.18|3810311|104201968.00|-0.73|1.76|-0.81|27.27|27.02|27.70|27.00|3.81|27.22|4312407|116790720.00|1|0.0000|0.0000|0.0000|0|27.22
广钢气体|688548|-0.09|10004490|114999544.00|-0.09|1.91|-1.82|11.51|11.51|11.74|11.31|10.00|11.52|13759625|158949568.00|1|0.0000|0.0000|0.0000|0|11.52
中巨芯|688549|-0.13|4582857|35741196.00|-0.51|0.90|-0.77|7.78|7.75|7.86|7.73|4.58|7.79|6913570|54121304.00|1|0.0000|0.0000|0.0000|0|7.79
瑞联新材|688550|1.63|4732323|188909632.00|-0.08|2.88|-0.61|39.91|39.24|40.40|39.03|4.73|39.27|3270236|128407552.00|1|0.0000|0.0000|0.0000|0|39.27
科威尔|688551|0.82|384841|10828214.00|0.00|1.54|-0.32|28.13|27.90|28.33|27.81|0.38|27.90|480044|13452899.00|1|0.0000|0.0000|0.0000|0|27.90
航天南湖|688552|-1.89|1436013|29202754.00|-0.48|0.44|-2.62|20.26|20.55|20.74|20.11|1.44|20.65|1617666|33389818.00|1|0.0000|0.0000|0.0000|0|20.65
汇宇制药|688553|3.52|12387500|211546784.00|0.67|4.85|-0.24|17.07|16.60|17.29|16.45|12.39|16.49|9208015|151311552.00|1|0.0000|0.0000|0.0000|0|16.49
高测股份|688556|-0.65|4582441|49024356.00|0.00|0.75|-1.03|10.66|10.73|10.81|10.62|4.58|10.73|6448902|69614576.00|1|0.0000|0.0000|0.0000|0|10.73
兰剑智能|688557|0.76|1180582|28417790.00|0.25|3.04|0.04|23.84|23.72|24.38|23.67|1.18|23.66|1176541|27970710.00|1|0.0000|0.0000|0.0000|0|23.66
国盛智科|688558|0.40|1161512|29369050.00|0.32|3.75|-1.13|24.90|24.88|25.73|24.52|1.16|24.80|1076272|26865864.00|1|0.0000|0.0000|0.0000|0|24.80
海目星|688559|0.38|2569609|81013312.00|-0.60|0.89|-0.60|31.56|31.25|31.72|31.25|2.57|31.44|2500081|78786144.00|1|0.0000|0.0000|0.0000|0|31.44
明冠新材|688560|1.39|2093181|29219488.00|-0.29|2.92|-0.66|13.89|13.66|14.10|13.61|2.09|13.70|2544710|35018940.00|1|0.0000|0.0000|0.0000|0|13.70
奇安信|688561|0.78|3880358|131183592.00|-0.12|1.79|-0.12|33.74|33.44|34.08|33.44|3.88|33.48|6486744|219437152.00|1|0.0000|0.0000|0.0000|0|33.48
航天软件|688562|-0.76|1858056|29443336.00|0.25|0.57|-1.20|15.75|15.91|15.96|15.68|1.86|15.87|1962116|31214212.00|1|0.0000|0.0000|0.0000|0|15.87
航材股份|688563|-1.12|1410710|73524576.00|0.02|0.02|-1.46|52.03|52.63|52.63|51.85|1.41|52.62|1809725|94644280.00|1|0.0000|0.0000|0.0000|0|52.62
力源科技|688565|-1.56|1765046|12287259.00|0.00|0.57|-2.70|6.93|7.04|7.08|6.85|1.77|7.04|2945079|20531196.00|1|0.0000|0.0000|0.0000|0|7.04
吉贝尔|688566|1.77|4034312|102480264.00|-0.12|4.50|-1.17|25.31|24.84|25.99|24.58|4.03|24.87|3810592|94476688.00|1|0.0000|0.0000|0.0000|0|24.87
孚能科技|688567|-2.16|9164191|130256584.00|-0.84|0.35|-2.23|14.06|14.25|14.42|14.05|9.16|14.37|10401996|149103760.00|1|0.0000|0.0000|0.0000|0|14.37
中科星图|688568|-0.53|3334138|180682496.00|-0.09|0.68|-1.08|54.11|54.35|54.77|53.81|3.33|54.40|4854357|265601776.00|1|0.0000|0.0000|0.0000|0|54.40
铁科轨道|688569|1.60|2210253|50603168.00|-0.31|3.52|-0.62|22.80|22.37|23.23|22.30|2.21|22.44|2370233|52819036.00|1|0.0000|0.0000|0.0000|0|22.44
天玛智控|688570|0.48|751445|15677588.00|-0.53|1.54|-0.77|20.82|20.61|21.04|20.56|0.75|20.72|890037|18432594.00|1|0.0000|0.0000|0.0000|0|20.72
杭华股份|688571|1.09|2641351|19750284.00|0.00|2.44|-0.27|7.45|7.37|7.55|7.35|2.64|7.37|4105832|30465634.00|1|0.0000|0.0000|0.0000|0|7.37
信宇人|688573|0.17|1152890|21055000.00|1.49|2.27|-0.50|18.12|18.36|18.50|18.00|1.15|18.09|1178746|21475620.00|1|0.0000|0.0000|0.0000|0|18.09
亚辉龙|688575|-0.48|2623977|43434640.00|-0.12|0.30|-0.78|16.53|16.59|16.66|16.48|2.62|16.61|5175039|85869304.00|1|0.0000|0.0000|0.0000|0|16.61
西山科技|688576|0.73|411770|27698624.00|-0.27|1.50|-1.53|67.67|67.00|68.19|66.15|0.41|67.18|760955|51153160.00|1|0.0000|0.0000|0.0000|0|67.18
浙海德曼|688577|-1.21|2335824|135066752.00|-8.67|0.46|-8.67|58.10|53.71|59.08|53.71|2.34|58.81|1707158|101374440.00|1|0.0000|0.0000|0.0000|0|58.81
艾力斯|688578|1.70|4911789|442154624.00|-0.66|3.50|-1.28|90.27|88.17|91.87|87.62|4.91|88.76|6489882|568464640.00|1|0.0000|0.0000|0.0000|0|88.76
山大地纬|688579|0.49|3801676|39042136.00|-0.20|1.86|-0.29|10.24|10.17|10.38|10.16|3.80|10.19|4738394|48684204.00|1|0.0000|0.0000|0.0000|0|10.19
伟思医疗|688580|20.00|6119402|238160048.00|-0.06|20.00|-0.58|41.04|34.18|41.04|34.00|6.12|34.20|1459018|50765988.00|1|0.0000|0.0000|0.0000|0|34.20
安杰思|688581|1.83|790322|57555428.00|0.01|2.00|-1.05|73.38|72.07|73.50|71.30|0.79|72.06|806713|58247176.00|1|0.0000|0.0000|0.0000|0|72.06
芯动联科|688582|4.70|6236192|395683424.00|-0.13|7.35|-0.13|63.55|60.62|65.16|60.62|6.24|60.70|2792020|171107472.00|1|0.0000|0.0000|0.0000|0|60.70
思看科技|688583|1.86|989623|111877528.00|-1.63|4.38|-1.63|113.20|109.32|116.00|109.32|0.99|111.13|1667719|191040624.00|1|0.0000|0.0000|0.0000|0|111.13
上海合晶|688584|0.47|1620201|27708546.00|-0.18|1.65|-0.65|17.06|16.95|17.26|16.87|1.62|16.98|1960814|33334218.00|1|0.0000|0.0000|0.0000|0|16.98
上纬新材|688585|0.78|2082134|16236731.00|0.52|2.98|-1.68|7.79|7.77|7.96|7.60|2.08|7.73|2178956|16900110.00|1|0.0000|0.0000|0.0000|0|7.73
江航装备|688586|-1.62|5876337|57507188.00|-0.71|-0.20|-1.82|9.74|9.83|9.88|9.72|5.88|9.90|9470949|93141256.00|1|0.0000|0.0000|0.0000|0|9.90
凌志软件|688588|-1.04|3474865|46472184.00|-0.60|1.19|-1.64|13.28|13.34|13.58|13.20|3.47|13.42|6183177|82910608.00|1|0.0000|0.0000|0.0000|0|13.42
力合微|688589|-1.32|3770056|113017360.00|-0.66|0.63|-2.02|29.82|30.02|30.41|29.61|3.77|30.22|5422829|164997040.00|1|0.0000|0.0000|0.0000|0|30.22
新致软件|688590|1.93|6719329|144494592.00|-1.18|2.82|-1.36|21.66|21.00|21.85|20.96|6.72|21.25|7251429|153664464.00|1|0.0000|0.0000|0.0000|0|21.25
泰凌微|688591|-2.23|14028183|623864256.00|-2.23|0.86|-3.12|44.20|44.20|45.60|43.80|14.03|45.21|19444910|891200000.00|1|0.0000|0.0000|0.0000|0|45.21
司南导航|688592|1.84|923225|37053628.00|-0.48|2.77|-1.06|40.42|39.50|40.79|39.27|0.92|39.69|542929|21746272.00|1|0.0000|0.0000|0.0000|0|39.69
新相微|688593|-0.05|1762419|33238294.00|-0.48|1.59|-0.96|18.80|18.72|19.11|18.63|1.76|18.81|2661871|50263256.00|1|0.0000|0.0000|0.0000|0|18.81
芯海科技|688595|-1.39|1903821|72169152.00|-0.97|0.81|-1.65|37.65|37.81|38.49|37.55|1.90|38.18|3287298|126979496.00|1|0.0000|0.0000|0.0000|0|38.18
正帆科技|688596|0.85|6498596|262326896.00|0.15|3.23|-0.23|40.23|39.95|41.18|39.80|6.50|39.89|7347512|292638816.00|1|0.0000|0.0000|0.0000|0|39.89
煜邦电力|688597|-0.76|5912895|70003656.00|-0.42|1.27|-1.01|11.76|11.80|12.00|11.73|5.91|11.85|8451280|99831512.00|1|0.0000|0.0000|0.0000|0|11.85
金博股份|688598|-2.27|5203659|144656672.00|-0.57|0.28|-2.45|27.55|28.03|28.27|27.50|5.20|28.19|5387375|153462176.00|1|0.0000|0.0000|0.0000|0|28.19
天合光能|688599|-1.61|19980873|332090240.00|-0.24|-0.24|-1.84|16.55|16.78|16.78|16.51|19.98|16.82|21997885|370588096.00|1|0.0000|0.0000|0.0000|0|16.82
皖仪科技|688600|-0.18|1226066|20850482.00|-0.06|1.53|-1.88|16.95|16.97|17.24|16.66|1.23|16.98|1983366|33305492.00|1|0.0000|0.0000|0.0000|0|16.98
力芯微|688601|0.17|1293243|52128968.00|0.12|1.27|-0.32|40.25|40.23|40.69|40.05|1.29|40.18|1908924|77195152.00|1|0.0000|0.0000|0.0000|0|40.18
康鹏科技|688602|0.44|2110629|14493713.00|-0.44|1.76|-0.44|6.85|6.79|6.94|6.79|2.11|6.82|3423531|23421850.00|1|0.0000|0.0000|0.0000|0|6.82
天承科技|688603|-0.64|372358|26585536.00|0.06|0.98|-1.35|71.20|71.70|72.36|70.69|0.37|71.66|1343261|95617560.00|1|0.0000|0.0000|0.0000|0|71.66
先锋精科|688605|-2.53|2627626|197048000.00|-0.83|0.26|-2.99|74.25|75.55|76.38|73.90|2.63|76.18|3569481|268740640.00|1|0.0000|0.0000|0.0000|0|76.18
奥泰生物|688606|-1.35|463080|36206532.00|0.42|0.42|-1.82|77.90|79.30|79.30|77.53|0.46|78.97|1650989|129328392.00|1|0.0000|0.0000|0.0000|0|78.97
康众医疗|688607|2.94|2178680|38769652.00|0.00|4.27|-0.17|17.86|17.35|18.09|17.32|2.18|17.35|1921566|33488168.00|1|0.0000|0.0000|0.0000|0|17.35
恒玄科技|688608|-2.48|1691461|660705856.00|-0.69|1.63|-3.03|385.60|392.66|401.85|383.42|1.69|395.40|2364653|946491328.00|1|0.0000|0.0000|0.0000|0|395.40
九联科技|688609|0.40|5198920|52496252.00|0.00|0.69|-0.59|10.13|10.09|10.16|10.03|5.20|10.09|7764038|78705296.00|1|0.0000|0.0000|0.0000|0|10.09
埃科光电|688610|0.11|319586|11797851.00|-0.25|1.42|-0.79|36.72|36.59|37.20|36.39|0.32|36.68|381366|13949802.00|1|0.0000|0.0000|0.0000|0|36.68
杭州柯林|688611|1.80|1870276|85985960.00|0.07|4.26|-1.53|45.85|45.07|46.96|44.35|1.87|45.04|1267788|57742748.00|1|0.0000|0.0000|0.0000|0|45.04
威迈斯|688612|0.57|2650234|70052064.00|0.08|2.48|-0.69|26.35|26.22|26.85|26.02|2.65|26.20|2729779|71932688.00|1|0.0000|0.0000|0.0000|0|26.20
奥精医疗|688613|0.25|918396|14978118.00|-0.06|1.54|-1.36|16.27|16.22|16.48|16.01|0.92|16.23|1482174|24149618.00|1|0.0000|0.0000|0.0000|0|16.23
合合信息|688615|-1.14|729336|154545200.00|-0.86|0.47|-2.09|211.56|212.15|215.00|209.52|0.73|213.99|514427|110169920.00|1|0.0000|0.0000|0.0000|0|213.99
西力科技|688616|0.35|1796426|20522788.00|1.15|1.77|-0.97|11.36|11.45|11.52|11.21|1.80|11.32|2687651|30369146.00|1|0.0000|0.0000|0.0000|0|11.32
惠泰医疗|688617|1.57|556496|228820864.00|-0.51|2.25|-0.68|413.97|405.51|416.76|404.79|0.56|407.57|759745|307683584.00|1|0.0000|0.0000|0.0000|0|407.57
三旺通信|688618|4.32|2947105|66476108.00|0.75|10.39|-1.41|22.20|21.44|23.49|20.98|2.95|21.28|724753|15461707.00|1|0.0000|0.0000|0.0000|0|21.28
罗普特|688619|1.04|1539538|13472012.00|-0.23|1.73|-0.69|8.75|8.64|8.81|8.60|1.54|8.66|1748276|15145451.00|1|0.0000|0.0000|0.0000|0|8.66
安凯微|688620|3.76|21799208|304746304.00|1.88|7.60|1.88|13.79|13.54|14.30|13.54|21.80|13.29|10226008|138445808.00|1|0.0000|0.0000|0.0000|0|13.29
阳光诺和|688621|-0.80|2888421|133254472.00|-0.41|1.58|-1.06|45.70|45.88|46.80|45.58|2.89|46.07|4143645|192247920.00|1|0.0000|0.0000|0.0000|0|46.07
禾信仪器|688622|-0.88|973180|98533864.00|0.34|2.78|-1.91|99.77|101.00|103.46|98.74|0.97|100.66|780788|78150544.00|1|0.0000|0.0000|0.0000|0|100.66
双元科技|688623|2.13|549603|31947472.00|-0.45|2.25|-0.45|58.49|57.01|58.56|57.01|0.55|57.27|225648|12927915.00|1|0.0000|0.0000|0.0000|0|57.27
呈和科技|688625|-2.02|1434910|59828912.00|-0.43|1.40|-2.92|41.23|41.90|42.67|40.85|1.43|42.08|1454333|61663312.00|1|0.0000|0.0000|0.0000|0|42.08
翔宇医疗|688626|4.51|2907213|114285352.00|-1.54|8.47|-1.54|39.38|37.10|40.87|37.10|2.91|37.68|2227666|84039824.00|1|0.0000|0.0000|0.0000|0|37.68
精智达|688627|1.25|1483912|111772656.00|-0.35|3.56|-1.55|75.08|73.89|76.79|73.00|1.48|74.15|1322611|97001528.00|1|0.0000|0.0000|0.0000|0|74.15
优利德|688628|-0.50|693545|27680722.00|0.00|0.52|-1.07|39.89|40.09|40.30|39.66|0.69|40.09|2048460|81417560.00|1|0.0000|0.0000|0.0000|0|40.09
华丰科技|688629|0.20|6108777|305183712.00|-0.76|1.61|-0.76|49.78|49.30|50.48|49.30|6.11|49.68|8810671|443962656.00|1|0.0000|0.0000|0.0000|0|49.68
芯碁微装|688630|1.86|7949076|632583424.00|3.32|7.57|1.36|77.88|79.00|82.25|77.50|7.95|76.46|7774197|600477248.00|1|0.0000|0.0000|0.0000|0|76.46
莱斯信息|688631|-0.58|1173195|105733896.00|-0.78|2.39|-0.91|89.70|89.52|92.38|89.40|1.17|90.22|1241994|112929480.00|1|0.0000|0.0000|0.0000|0|90.22
星球石墨|688633|0.86|715623|19162326.00|0.00|1.24|-0.19|26.86|26.63|26.96|26.58|0.72|26.63|697017|18646938.00|1|0.0000|0.0000|0.0000|0|26.63
智明达|688636|1.18|1868068|70226552.00|0.00|2.01|-1.23|37.80|37.36|38.11|36.90|1.87|37.36|3127914|117655064.00|1|0.0000|0.0000|0.0000|0|37.36
誉辰智能|688638|-0.56|159847|4807196.50|2.25|2.25|-1.36|30.03|30.88|30.88|29.79|0.16|30.20|155233|4672717.50|1|0.0000|0.0000|0.0000|0|30.20
华恒生物|688639|-0.56|1393000|42297760.00|-0.10|0.69|-0.82|30.24|30.38|30.62|30.16|1.39|30.41|3270017|100035056.00|1|0.0000|0.0000|0.0000|0|30.41
ST逸飞|688646|1.23|3185854|133787672.00|5.17|6.09|-0.99|41.87|43.50|43.88|40.95|3.19|41.36|3180746|130484056.00|1|0.0000|0.0000|0.0000|0|41.36
中邮科技|688648|0.47|814479|19071036.00|-0.04|1.16|-0.81|23.46|23.34|23.62|23.16|0.81|23.35|1487397|34824344.00|1|0.0000|0.0000|0.0000|0|23.35
盛邦安全|688651|-1.12|563937|20433226.00|-0.41|0.63|-2.35|36.15|36.41|36.79|35.70|0.56|36.56|495549|18230148.00|1|0.0000|0.0000|0.0000|0|36.56
京仪装备|688652|0.27|1403746|90001664.00|-0.16|2.56|-0.82|63.50|63.23|64.95|62.81|1.40|63.33|2172522|137228912.00|1|0.0000|0.0000|0.0000|0|63.33
康希通信|688653|-0.39|2297197|29222204.00|0.00|0.79|-0.71|12.68|12.73|12.83|12.64|2.30|12.73|2487507|31705846.00|1|0.0000|0.0000|0.0000|0|12.73
迅捷兴|688655|6.54|10451480|149073968.00|3.20|11.08|0.59|14.33|13.88|14.94|13.53|10.45|13.45|5423699|72996456.00|0|0.0000|0.0000|0.0000|0|13.45
浩欧博|688656|5.37|1250267|122342192.00|-1.30|7.28|-1.30|98.22|92.00|100.00|92.00|1.25|93.21|1558319|147371552.00|1|0.0000|0.0000|0.0000|0|93.21
浩辰软件|688657|-0.40|390493|17579544.00|0.09|0.40|-0.95|44.95|45.17|45.31|44.70|0.39|45.13|695332|31156572.00|1|0.0000|0.0000|0.0000|0|45.13
悦康药业|688658|1.29|10671642|159797824.00|-0.20|2.64|-1.02|14.96|14.74|15.16|14.62|10.67|14.77|17192942|253757744.00|1|0.0000|0.0000|0.0000|0|14.77
元琛科技|688659|1.13|1991806|14275601.00|0.14|2.55|-0.85|7.15|7.08|7.25|7.01|1.99|7.07|2842499|20199620.00|1|0.0000|0.0000|0.0000|0|7.07
电气风电|688660|0.26|8726976|65654344.00|0.00|0.53|-1.72|7.57|7.55|7.59|7.42|8.73|7.55|10412287|78442168.00|1|0.0000|0.0000|0.0000|0|7.55
和林微纳|688661|-1.12|6098012|307504704.00|-0.49|2.79|-2.59|50.40|50.72|52.39|49.65|6.10|50.97|9082922|466936992.00|1|0.0000|0.0000|0.0000|0|50.97
富信科技|688662|0.31|994324|38571248.00|-0.83|1.97|-0.83|38.65|38.21|39.29|38.21|0.99|38.53|970430|37703948.00|1|0.0000|0.0000|0.0000|0|38.53
新风光|688663|-0.04|2029761|52815104.00|-0.23|1.62|-1.20|25.92|25.87|26.35|25.62|2.03|25.93|2464800|64177908.00|1|0.0000|0.0000|0.0000|0|25.93
四方光电|688665|0.92|895535|33618504.00|0.08|3.14|-0.79|37.26|36.95|38.08|36.63|0.90|36.92|554785|20552804.00|1|0.0000|0.0000|0.0000|0|36.92
菱电电控|688667|3.27|483717|24030630.00|0.02|3.51|-0.43|50.24|48.66|50.36|48.44|0.48|48.65|284481|13848150.00|1|0.0000|0.0000|0.0000|0|48.65
鼎通科技|688668|0.83|2264460|102403048.00|-0.38|1.90|-0.67|45.19|44.65|45.67|44.52|2.26|44.82|2169590|97238288.00|1|0.0000|0.0000|0.0000|0|44.82
聚石化学|688669|7.77|6006015|99509760.00|-0.32|9.75|-1.27|16.92|15.65|17.23|15.50|6.01|15.70|5710286|89738808.00|1|0.0000|0.0000|0.0000|0|15.70
金迪克|688670|0.92|1318187|15839501.00|0.34|2.18|-1.18|12.01|11.94|12.16|11.76|1.32|11.90|2747305|32826852.00|1|0.0000|0.0000|0.0000|0|11.90
碧兴物联|688671|0.22|454940|8416975.00|-0.11|1.35|-1.62|18.55|18.49|18.76|18.21|0.45|18.51|714751|13226795.00|1|0.0000|0.0000|0.0000|0|18.51
金盘科技|688676|0.94|5006625|203519664.00|0.35|2.29|-0.50|40.64|40.40|41.18|40.06|5.01|40.26|5753281|231681280.00|1|0.0000|0.0000|0.0000|0|40.26
海泰新光|688677|1.13|561664|21544328.00|-0.82|2.16|-0.82|38.37|37.63|38.76|37.63|0.56|37.94|1219576|46502792.00|1|0.0000|0.0000|0.0000|0|37.94
福立旺|688678|2.05|6623391|161853168.00|-0.96|4.35|-0.96|24.40|23.68|24.95|23.68|6.62|23.91|9770957|237564336.00|1|0.0000|0.0000|0.0000|0|23.91
通源环境|688679|-1.85|1603851|17078276.00|0.00|0.37|-2.78|10.60|10.80|10.84|10.50|1.60|10.80|1722637|18642082.00|1|0.0000|0.0000|0.0000|0|10.80
海优新材|688680|1.25|1110832|44890732.00|-0.33|2.43|-0.95|40.40|39.77|40.87|39.52|1.11|39.90|2151192|86588688.00|1|0.0000|0.0000|0.0000|0|39.90
科汇股份|688681|1.51|1262826|16188767.00|0.32|2.93|-0.16|12.81|12.66|12.99|12.60|1.26|12.62|2234455|28407952.00|1|0.0000|0.0000|0.0000|0|12.62
霍莱沃|688682|0.06|469424|15390521.00|0.18|1.53|-0.67|32.72|32.76|33.20|32.48|0.47|32.70|648837|21458630.00|1|0.0000|0.0000|0.0000|0|32.70
莱尔科技|688683|-0.04|753400|16868572.00|1.11|1.47|-3.34|22.42|22.68|22.76|21.68|0.75|22.43|1535335|34177936.00|1|0.0000|0.0000|0.0000|0|22.43
迈信林|688685|-1.38|1872108|101021344.00|0.18|1.14|-1.94|53.50|54.35|54.87|53.20|1.87|54.25|2359217|126838456.00|1|0.0000|0.0000|0.0000|0|54.25
奥普特|688686|0.01|667481|55973980.00|-0.10|1.89|-0.65|83.40|83.31|84.97|82.85|0.67|83.39|1066476|89768616.00|1|0.0000|0.0000|0.0000|0|83.39
凯因科技|688687|3.38|14864508|414951616.00|1.71|6.62|-0.74|27.81|27.36|28.68|26.70|14.86|26.90|14859958|397241536.00|1|0.0000|0.0000|0.0000|0|26.90
银河微电|688689|0.42|1517218|36433140.00|-0.75|1.42|-1.67|24.06|23.78|24.30|23.56|1.52|23.96|2296465|55574200.00|1|0.0000|0.0000|0.0000|0|23.96
纳微科技|688690|1.44|4201058|91844336.00|0.00|3.21|-0.47|21.81|21.50|22.19|21.40|4.20|21.50|4252896|92342000.00|1|0.0000|0.0000|0.0000|0|21.50
灿芯股份|688691|-1.42|768653|54803780.00|-0.71|1.14|-2.20|70.66|71.17|72.50|70.10|0.77|71.68|951909|68801720.00|1|0.0000|0.0000|0.0000|0|71.68
达梦数据|688692|3.75|616215|204415872.00|-0.31|5.53|-1.24|334.10|321.00|339.83|318.03|0.62|322.01|332861|108252472.00|1|0.0000|0.0000|0.0000|0|322.01
锴威特|688693|-1.65|1193950|40095696.00|0.00|0.68|-1.95|33.30|33.86|34.09|33.20|1.19|33.86|1509878|51222068.00|1|0.0000|0.0000|0.0000|0|33.86
中创股份|688695|-0.65|534290|16294839.00|-0.49|0.65|-1.05|30.37|30.42|30.77|30.25|0.53|30.57|905961|27658188.00|1|0.0000|0.0000|0.0000|0|30.57
极米科技|688696|-1.65|899183|118092656.00|-1.27|-0.12|-4.24|131.50|132.00|133.54|128.03|0.90|133.70|781893|104992544.00|1|0.0000|0.0000|0.0000|0|133.70
纽威数控|688697|3.57|4699826|92305888.00|0.10|4.72|-0.79|19.73|19.07|19.95|18.90|4.70|19.05|3149893|60614016.00|1|0.0000|0.0000|0.0000|0|19.05
伟创电气|688698|0.51|2496763|133625696.00|-0.57|2.06|-0.66|53.28|52.71|54.10|52.66|2.50|53.01|2512486|133524896.00|1|0.0000|0.0000|0.0000|0|53.01
明微电子|688699|0.34|1016631|36061448.00|0.00|3.50|-0.14|34.97|34.85|36.07|34.80|1.02|34.85|1269140|43724120.00|1|0.0000|0.0000|0.0000|0|34.85
东威科技|688700|-4.47|4398496|166269440.00|-0.57|1.01|-4.55|36.98|38.49|39.10|36.95|4.40|38.71|3461369|135694144.00|1|0.0000|0.0000|0.0000|0|38.71
卓锦股份|688701|-0.96|1261438|7818986.00|0.16|1.13|-1.61|6.16|6.23|6.29|6.12|1.26|6.22|2268564|14262354.00|1|0.0000|0.0000|0.0000|0|6.22
盛科通信|688702|-0.65|1360324|87163040.00|-0.16|1.81|-1.59|63.80|64.12|65.38|63.20|1.36|64.22|1959708|127717408.00|1|0.0000|0.0000|0.0000|0|64.22
振华新材|688707|-0.25|4091084|48546752.00|-0.68|1.78|-1.10|11.80|11.75|12.04|11.70|4.09|11.83|4737977|56039532.00|1|0.0000|0.0000|0.0000|0|11.83
佳驰科技|688708|-1.38|1270299|72649872.00|0.05|0.17|-1.76|57.02|57.85|57.92|56.80|1.27|57.82|1477184|85095480.00|1|0.0000|0.0000|0.0000|0|57.82
成都华微|688709|-0.90|2802398|92837792.00|-0.21|1.05|-1.32|32.92|33.15|33.57|32.78|2.80|33.22|4224444|140951520.00|1|0.0000|0.0000|0.0000|0|33.22
益诺思|688710|0.46|1514996|59252684.00|-0.41|2.40|-1.19|38.95|38.61|39.70|38.31|1.51|38.77|2434803|94627096.00|1|0.0000|0.0000|0.0000|0|38.77
宏微科技|688711|0.24|2057001|34059640.00|-0.30|1.33|-0.55|16.55|16.46|16.73|16.42|2.06|16.51|2077242|34353388.00|1|0.0000|0.0000|0.0000|0|16.51
中研股份|688716|1.47|1628810|55363560.00|0.03|2.99|0.03|33.89|33.41|34.40|33.41|1.63|33.40|1792591|60204820.00|1|0.0000|0.0000|0.0000|0|33.40
艾罗能源|688717|0.54|4484825|252265328.00|-0.97|3.45|-1.39|55.69|54.85|57.30|54.62|4.48|55.39|6518821|356713024.00|1|0.0000|0.0000|0.0000|0|55.39
唯赛勃|688718|1.15|709491|8122621.50|1.41|2.12|-0.71|11.44|11.47|11.55|11.23|0.71|11.31|1374708|15589320.00|1|0.0000|0.0000|0.0000|0|11.31
爱科赛博|688719|-0.23|933380|28461246.00|0.33|1.25|-1.15|30.41|30.58|30.86|30.13|0.93|30.48|1918113|58457392.00|1|0.0000|0.0000|0.0000|0|30.48
艾森股份|688720|-1.42|993298|40223976.00|-0.69|0.17|-1.45|40.25|40.55|40.90|40.24|0.99|40.83|1359196|55499880.00|1|0.0000|0.0000|0.0000|0|40.83
龙图光罩|688721|-0.80|558766|28470274.00|-0.94|0.80|-0.94|50.67|50.60|51.49|50.60|0.56|51.08|727932|37334300.00|1|0.0000|0.0000|0.0000|0|51.08
同益中|688722|3.10|6340423|105539048.00|-0.25|4.83|-0.37|16.64|16.10|16.92|16.08|6.34|16.14|4236156|69133240.00|1|0.0000|0.0000|0.0000|0|16.14
拉普拉斯|688726|0.24|673747|30463202.00|-0.71|1.51|-0.71|45.03|44.60|45.60|44.60|0.67|44.92|1106018|49697308.00|1|0.0000|0.0000|0.0000|0|44.92
格科微|688728|0.33|5334869|80456640.00|0.00|1.20|-0.33|15.05|15.00|15.18|14.95|5.33|15.00|7452162|111824184.00|1|0.0000|0.0000|0.0000|0|15.00
壹石通|688733|0.11|984471|17659658.00|-0.06|1.56|-0.67|17.93|17.90|18.19|17.79|0.98|17.91|1232870|22196966.00|1|0.0000|0.0000|0.0000|0|17.91
中自科技|688737|0.91|1508846|28702342.00|0.00|3.10|-0.64|18.89|18.72|19.30|18.60|1.51|18.72|1496878|28107296.00|1|0.0000|0.0000|0.0000|0|18.72
成大生物|688739|-0.18|2178816|59880868.00|-0.18|0.62|-0.66|27.43|27.43|27.65|27.30|2.18|27.48|3971257|109444432.00|1|0.0000|0.0000|0.0000|0|27.48
金天钛业|688750|0.14|3155141|67897352.00|-0.09|1.59|-0.37|21.44|21.39|21.75|21.33|3.16|21.41|3653351|78307872.00|1|0.0000|0.0000|0.0000|0|21.41
胜科纳米|688757|-1.42|8499696|208419392.00|-1.75|1.87|-2.03|24.26|24.18|25.07|24.11|8.50|24.61|12359041|297489632.00|1|0.0000|0.0000|0.0000|0|24.61
赛分科技|688758|-1.44|2081116|35906596.00|-1.04|0.63|-1.73|17.13|17.20|17.49|17.08|2.08|17.38|3068281|53373724.00|1|0.0000|0.0000|0.0000|0|17.38
普冉股份|688766|-1.06|2376948|253130448.00|-0.36|0.89|-1.42|105.87|106.61|107.95|105.48|2.38|107.00|3345789|362837984.00|1|0.0000|0.0000|0.0000|0|107.00
博拓生物|688767|-0.58|678813|26791958.00|0.00|1.65|-1.70|39.27|39.50|40.15|38.83|0.68|39.50|840771|33309084.00|1|0.0000|0.0000|0.0000|0|39.50
容知日新|688768|4.37|1154456|60655340.00|2.01|4.89|-0.99|52.98|51.78|53.24|50.26|1.15|50.76|961939|49195288.00|1|0.0000|0.0000|0.0000|0|50.76
珠海冠宇|688772|0.06|6315634|102956048.00|0.06|0.24|-0.86|16.34|16.34|16.37|16.19|6.32|16.33|9128731|149565088.00|1|0.0000|0.0000|0.0000|0|16.33
国光电气|688776|-0.79|5226487|515517408.00|-0.30|2.94|-8.04|100.50|101.00|104.28|93.16|5.23|101.30|7491972|711839808.00|1|0.0000|0.0000|0.0000|0|101.30
中控技术|688777|1.98|9068684|484483968.00|0.02|3.09|-0.15|53.45|52.42|54.03|52.33|9.07|52.41|8403650|443427424.00|1|0.0000|0.0000|0.0000|0|52.41
厦钨新能|688778|3.08|3962054|195183744.00|-0.04|4.87|-0.46|49.15|47.66|50.00|47.46|3.96|47.68|2563844|121329960.00|1|0.0000|0.0000|0.0000|0|47.68
五矿新能|688779|0.59|9662182|49172508.00|-0.20|1.78|-0.79|5.08|5.04|5.14|5.01|9.66|5.05|10003525|50528372.00|1|0.0000|0.0000|0.0000|0|5.05
悦安新材|688786|1.28|889758|23225010.00|0.00|2.61|-0.62|26.04|25.71|26.38|25.55|0.89|25.71|594875|15270389.00|1|0.0000|0.0000|0.0000|0|25.71
海天瑞声|688787|1.27|1901492|188692720.00|-0.25|3.87|-1.22|99.45|97.95|102.00|97.00|1.90|98.20|1696375|164704480.00|1|0.0000|0.0000|0.0000|0|98.20
科思科技|688788|-0.44|1710379|140623696.00|-0.99|1.63|-1.77|82.10|81.64|83.80|81.00|1.71|82.46|3568504|287934048.00|1|0.0000|0.0000|0.0000|0|82.46
宏华数科|688789|0.05|1093818|87309056.00|-0.13|1.30|-0.75|80.00|79.86|81.00|79.36|1.09|79.96|2579188|202949776.00|1|0.0000|0.0000|0.0000|0|79.96
倍轻松|688793|-0.91|2529733|85589696.00|0.00|1.29|-2.14|33.86|34.17|34.61|33.44|2.53|34.17|3958156|136836064.00|1|0.0000|0.0000|0.0000|0|34.17
艾为电子|688798|0.41|1169962|85237768.00|0.79|1.33|-0.51|72.69|72.96|73.35|72.02|1.17|72.39|1987087|144573552.00|1|0.0000|0.0000|0.0000|0|72.39
华纳药厂|688799|0.00|1293301|53179572.00|-0.15|0.80|-0.87|41.16|41.10|41.49|40.80|1.29|41.16|2721884|111159880.00|1|0.0000|0.0000|0.0000|0|41.16
瑞可达|688800|1.59|3388598|167816320.00|-0.16|3.31|-0.16|49.35|48.50|50.19|48.50|3.39|48.58|3098983|152622960.00|1|0.0000|0.0000|0.0000|0|48.58
天能股份|688819|-0.11|1753795|48664784.00|0.32|0.65|-0.79|27.75|27.87|27.96|27.56|1.75|27.78|2115794|58832340.00|1|0.0000|0.0000|0.0000|0|27.78
中芯国际|688981|0.40|24056690|2082847488.00|-0.14|1.10|-0.90|86.85|86.38|87.45|85.72|24.06|86.50|41191328|3614591744.00|1|0.0000|0.0000|0.0000|0|86.50
九号公司|689009|-0.41|4106126|261805520.00|-0.13|0.94|-1.11|63.70|63.88|64.56|63.25|4.11|63.96|7313741|467128256.00|1|0.0000|0.0000|0.0000|0|63.96
安徽凤凰|920000|0.13|1294404|30183356.00|0.00|1.81|-0.43|23.20|23.17|23.59|23.07|1.29|23.17|1469563|34218040.00|1|0.0000|0.0000|0.0000|0|23.17
纬达光电|920001|2.16|3350530|77563160.00|-0.88|3.70|-0.88|23.19|22.50|23.54|22.50|3.35|22.70|4463172|103134920.00|1|0.0000|0.0000|0.0000|0|22.70
万达轴承|920002|-0.04|756757|139988944.00|-1.03|3.37|-1.03|181.80|180.00|188.00|180.00|0.76|181.87|841514|155104912.00|1|0.0000|0.0000|0.0000|0|181.87
晟楠科技|920006|-2.97|4092303|112282880.00|-2.06|2.75|-3.04|26.82|27.07|28.40|26.80|4.09|27.64|6111310|173726112.00|1|0.0000|0.0000|0.0000|0|27.64
成电光信|920008|-1.67|1716069|68209640.00|-0.52|0.85|-2.49|39.45|39.91|40.46|39.12|1.72|40.12|2091404|84367560.00|1|0.0000|0.0000|0.0000|0|40.12
凯添燃气|920010|-1.40|9971634|135926928.00|-1.33|2.95|-2.72|13.39|13.40|13.98|13.21|9.97|13.58|14115785|194096352.00|1|0.0000|0.0000|0.0000|0|13.58
特瑞斯|920014|0.16|836672|10498910.00|-0.16|1.68|-1.52|12.50|12.46|12.69|12.29|0.84|12.48|954998|11973927.00|1|0.0000|0.0000|0.0000|0|12.48
中草香料|920016|7.01|3135130|80252320.00|0.98|7.33|-0.81|26.26|24.78|26.34|24.34|3.14|24.54|1712437|42007624.00|1|0.0000|0.0000|0.0000|0|24.54
星昊医药|920017|3.19|9157127|163260384.00|-1.71|5.47|-2.85|18.10|17.24|18.50|17.04|9.16|17.54|10158066|176813376.00|1|0.0000|0.0000|0.0000|0|17.54
铜冠矿建|920019|-3.02|3273449|73290376.00|0.31|0.39|-3.67|22.18|22.94|22.96|22.03|3.27|22.87|3385242|78059480.00|1|0.0000|0.0000|0.0000|0|22.87
流金科技|920021|0.62|9551219|63049792.00|0.31|4.49|-0.15|6.50|6.48|6.75|6.45|9.55|6.46|9181772|60197544.00|1|0.0000|0.0000|0.0000|0|6.46
田野股份|920023|-1.11|5063631|27143660.00|-0.56|0.56|-1.67|5.33|5.36|5.42|5.30|5.06|5.39|7396443|39604592.00|1|0.0000|0.0000|0.0000|0|5.39
卓兆点胶|920026|0.92|957110|25260844.00|0.31|1.45|-0.65|26.46|26.30|26.60|26.05|0.96|26.22|1262359|33152260.00|1|0.0000|0.0000|0.0000|0|26.22
开发科技|920029|2.68|8181779|701285696.00|0.96|3.66|-1.89|87.07|85.61|87.90|83.20|8.18|84.80|11155100|928521856.00|1|0.0000|0.0000|0.0000|0|84.80
德众汽车|920030|-0.58|2025176|13994358.00|-1.01|0.87|-1.01|6.88|6.85|6.98|6.85|2.03|6.92|3796035|26350618.00|1|0.0000|0.0000|0.0000|0|6.92
康普化学|920033|-1.41|1368229|27966224.00|2.04|2.04|-2.33|20.29|21.00|21.00|20.10|1.37|20.58|1824654|37342884.00|1|0.0000|0.0000|0.0000|0|20.58
国义招标|920039|0.11|968810|9125021.00|-0.32|1.17|-0.64|9.41|9.37|9.51|9.34|0.97|9.40|1037311|9764206.00|1|0.0000|0.0000|0.0000|0|9.40
亿能电力|920046|-2.05|2463781|40380128.00|-0.06|1.51|-2.24|16.21|16.54|16.80|16.18|2.46|16.55|3463914|56930560.00|1|0.0000|0.0000|0.0000|0|16.55
诺思兰德|920047|-6.71|7894032|123702968.00|-1.83|-0.55|-6.96|15.29|16.09|16.30|15.25|7.89|16.39|10534065|171951008.00|1|0.0000|0.0000|0.0000|0|16.39
百甲科技|920057|-0.63|1884880|11985475.00|-0.47|1.10|-0.79|6.30|6.31|6.41|6.29|1.88|6.34|2436741|15654079.00|1|0.0000|0.0000|0.0000|0|6.34
华洋赛车|920058|1.25|609635|19433282.00|0.22|6.68|-0.39|31.52|31.20|33.21|31.01|0.61|31.13|523264|16468944.00|1|0.0000|0.0000|0.0000|0|31.13
万源通|920060|-1.98|2469662|84389280.00|-0.78|0.78|-2.73|33.72|34.13|34.67|33.46|2.47|34.40|3228245|112416064.00|1|0.0000|0.0000|0.0000|0|34.40
西磁科技|920061|0.22|3229658|116776624.00|-1.14|2.87|-1.92|36.02|35.53|36.97|35.25|3.23|35.94|3563771|126182232.00|1|0.0000|0.0000|0.0000|0|35.94
科润智控|920062|-4.09|6764126|61363932.00|-0.75|0.00|-7.22|8.90|9.21|9.28|8.61|6.76|9.28|5387528|49710352.00|1|0.0000|0.0000|0.0000|0|9.28
科拜尔|920066|-2.47|732215|30461376.00|-0.63|2.76|-2.47|40.24|41.00|42.40|40.24|0.73|41.26|1019549|41337920.00|1|0.0000|0.0000|0.0000|0|41.26
柏星龙|920075|-0.38|982745|28678502.00|0.31|2.24|-0.45|28.90|29.10|29.66|28.88|0.98|29.01|1427651|41784356.00|1|0.0000|0.0000|0.0000|0|29.01
吉林碳谷|920077|-1.80|3506110|44582128.00|-0.55|1.33|-2.11|12.54|12.70|12.94|12.50|3.51|12.77|3696493|47472024.00|1|0.0000|0.0000|0.0000|0|12.77
方正阀门|920082|-4.48|5397824|104241928.00|-0.40|0.05|-5.89|18.99|19.80|19.89|18.71|5.40|19.88|6944481|137516160.00|1|0.0000|0.0000|0.0000|0|19.88
秋乐种业|920087|3.50|5170935|62387472.00|1.79|4.95|-0.09|12.13|11.93|12.30|11.71|5.17|11.72|2908998|34139156.00|1|0.0000|0.0000|0.0000|0|11.72
科力股份|920088|-2.13|1591671|41717776.00|-2.69|-0.56|-2.84|26.16|26.01|26.58|25.97|1.59|26.73|2454926|66857664.00|1|0.0000|0.0000|0.0000|0|26.73
禾昌聚合|920089|-1.39|2137936|32308338.00|-0.99|1.12|-1.98|14.95|15.01|15.33|14.86|2.14|15.16|2561428|38815704.00|1|0.0000|0.0000|0.0000|0|15.16
同辉信息|920090|-1.86|3462850|22138098.00|-1.24|0.93|-2.17|6.33|6.37|6.51|6.31|3.46|6.45|5013428|32542456.00|1|0.0000|0.0000|0.0000|0|6.45
汉鑫科技|920092|-1.48|862069|36523400.00|-0.85|1.55|-1.88|41.91|42.18|43.20|41.74|0.86|42.54|1012040|43696860.00|1|0.0000|0.0000|0.0000|0|42.54
科隆新材|920098|-0.51|925528|29197816.00|-0.79|1.33|-1.14|31.40|31.31|31.98|31.20|0.93|31.56|1502816|47855200.00|1|0.0000|0.0000|0.0000|0|31.56
瑞华技术|920099|-2.39|1750116|57167648.00|-0.94|0.39|-3.77|32.33|32.81|33.25|31.87|1.75|33.12|1851148|61507284.00|1|0.0000|0.0000|0.0000|0|33.12
林泰新材|920106|7.41|1012692|82772992.00|-0.61|8.11|-1.03|83.21|77.00|83.75|76.67|1.01|77.47|484029|37307736.00|1|0.0000|0.0000|0.0000|0|77.47
宏海科技|920108|-2.32|2232395|53196344.00|-1.28|1.08|-2.73|23.60|23.85|24.42|23.50|2.23|24.16|4703544|112872640.00|1|0.0000|0.0000|0.0000|0|24.16
雷特科技|920110|0.90|539222|19986398.00|0.65|2.10|-0.71|36.99|36.90|37.43|36.40|0.54|36.66|860062|31636824.00|1|0.0000|0.0000|0.0000|0|36.66
聚星科技|920111|-2.73|1664342|48226508.00|-0.78|0.68|-2.80|28.50|29.07|29.50|28.48|1.66|29.30|2200579|64680676.00|1|0.0000|0.0000|0.0000|0|29.30
星图测控|920116|-3.56|2675131|239225312.00|-0.76|-0.11|-4.35|88.43|90.99|91.59|87.70|2.68|91.69|3836069|347140000.00|1|0.0000|0.0000|0.0000|0|91.69
太湖远大|920118|1.60|885048|25931180.00|1.42|3.47|-0.94|29.24|29.19|29.78|28.51|0.89|28.78|859856|24669826.00|1|0.0000|0.0000|0.0000|0|28.78
中纺标|920122|0.33|797762|38831232.00|1.80|1.80|-1.03|48.49|49.20|49.20|47.83|0.80|48.33|866954|42090868.00|1|0.0000|0.0000|0.0000|0|48.33
芭薇股份|920123|6.32|4063402|71987168.00|-0.58|6.32|-1.05|18.18|17.00|18.18|16.92|4.06|17.10|2281527|39531896.00|1|0.0000|0.0000|0.0000|0|17.10
胜业电气|920128|-3.18|1470019|49804144.00|-1.50|-0.14|-4.16|33.50|34.08|34.55|33.16|1.47|34.60|2306055|79692776.00|1|0.0000|0.0000|0.0000|0|34.60
立方控股|920130|-4.74|9988847|401785408.00|1.22|9.08|-4.87|37.54|39.89|42.99|37.49|9.99|39.41|10231961|391007200.00|1|0.0000|0.0000|0.0000|0|39.41
泰鹏智能|920132|1.48|2421990|38652596.00|0.77|5.20|-1.09|15.80|15.69|16.38|15.40|2.42|15.57|1629441|25525030.00|1|0.0000|0.0000|0.0000|0|15.57
华岭股份|920139|-2.46|4862634|117393768.00|-1.11|1.84|-3.44|23.80|24.13|24.85|23.56|4.86|24.40|3809408|94460088.00|1|0.0000|0.0000|0.0000|0|24.40
恒合股份|920145|0.20|1230081|24506188.00|-0.65|1.29|-1.94|20.13|19.96|20.35|19.70|1.23|20.09|1113243|22536990.00|1|0.0000|0.0000|0.0000|0|20.09
华阳变速|920146|-1.38|3171346|25280712.00|0.00|1.13|-1.63|7.88|7.99|8.08|7.86|3.17|7.99|4173221|33826476.00|1|0.0000|0.0000|0.0000|0|7.99
旭杰科技|920149|-2.11|2064151|25296246.00|0.16|1.21|-2.91|12.09|12.37|12.50|11.99|2.06|12.35|2481789|30756360.00|1|0.0000|0.0000|0.0000|0|12.35
昆工科技|920152|0.94|1503685|30900798.00|0.05|3.65|0.00|20.44|20.26|20.99|20.25|1.50|20.25|1823605|37608556.00|1|0.0000|0.0000|0.0000|0|20.25
方大新材|920163|0.56|757896|10835456.00|-0.64|2.33|-0.64|14.25|14.08|14.50|14.08|0.76|14.17|751483|10714387.00|1|0.0000|0.0000|0.0000|0|14.17
同享科技|920167|-0.98|1264796|26978804.00|-1.21|0.93|-1.54|21.22|21.17|21.63|21.10|1.26|21.43|1936835|41847624.00|1|0.0000|0.0000|0.0000|0|21.43
七丰精工|920169|-0.77|1802270|28304314.00|-0.19|3.13|-1.28|15.53|15.62|16.14|15.45|1.80|15.65|2686452|42384452.00|1|0.0000|0.0000|0.0000|0|15.65
志晟信息|920171|-4.17|8838033|248959744.00|-4.97|2.43|-5.80|27.60|27.37|29.50|27.13|8.84|28.80|13838095|439115744.00|1|0.0000|0.0000|0.0000|0|28.80
五新隧装|920174|0.92|708601|20261444.00|-0.32|1.27|-0.63|28.67|28.32|28.77|28.23|0.71|28.41|772479|22086410.00|1|0.0000|0.0000|0.0000|0|28.41
东方碳素|920175|-2.67|2805246|30058082.00|0.46|0.55|-3.22|10.58|10.92|10.93|10.52|2.81|10.87|3833231|42379008.00|1|0.0000|0.0000|0.0000|0|10.87
凯德石英|920179|-3.73|2650807|83060824.00|0.87|0.87|-5.07|30.94|32.42|32.42|30.51|2.65|32.14|2536928|80955648.00|1|0.0000|0.0000|0.0000|0|32.14
国源科技|920184|-0.14|1041179|14452585.00|-0.79|1.52|-0.79|13.82|13.73|14.05|13.73|1.04|13.84|1288520|17887406.00|1|0.0000|0.0000|0.0000|0|13.84
贝特瑞|920185|0.37|2660789|58475708.00|0.96|1.84|-0.14|21.87|22.00|22.19|21.76|2.66|21.79|2876132|63002016.00|1|0.0000|0.0000|0.0000|0|21.79
雷神科技|920190|-2.83|4310931|142427280.00|-1.94|1.01|-3.93|32.60|32.90|33.89|32.23|4.31|33.55|6837000|235055504.00|1|0.0000|0.0000|0.0000|0|33.55
三祥科技|920195|0.36|1304104|18499374.00|0.93|2.71|-0.36|14.07|14.15|14.40|13.97|1.30|14.02|1015625|14317109.00|1|0.0000|0.0000|0.0000|0|14.02
微创光电|920198|0.16|1915692|24763372.00|0.16|2.03|-0.47|12.84|12.84|13.08|12.76|1.92|12.82|2237351|29139940.00|1|0.0000|0.0000|0.0000|0|12.82
倍益康|920199|11.55|5922429|166543296.00|-1.61|19.76|-1.81|28.40|25.05|30.49|25.00|5.92|25.46|1940689|49958144.00|1|0.0000|0.0000|0.0000|0|25.46
沪江材料|920204|-1.80|1464573|29196782.00|-0.90|1.15|-1.95|19.61|19.79|20.20|19.58|1.46|19.97|1651909|33313442.00|1|0.0000|0.0000|0.0000|0|19.97
众诚科技|920207|0.66|2092152|54558116.00|-1.47|2.56|-1.47|26.00|25.45|26.49|25.45|2.09|25.83|2448064|64304444.00|1|0.0000|0.0000|0.0000|0|25.83
青矩技术|920208|0.32|608215|21109840.00|-0.20|1.50|-1.44|34.76|34.58|35.17|34.15|0.61|34.65|828687|28834900.00|1|0.0000|0.0000|0.0000|0|34.65
智新电子|920212|-1.18|2171183|38362104.00|0.00|0.73|-2.80|17.66|17.87|18.00|17.37|2.17|17.87|2279117|41054592.00|1|0.0000|0.0000|0.0000|0|17.87
易实精密|920221|1.85|2340760|43997380.00|-0.49|4.29|-0.65|18.74|18.31|19.19|18.28|2.34|18.40|1792467|33286366.00|1|0.0000|0.0000|0.0000|0|18.40
荣亿精密|920223|0.09|1317260|14200023.00|0.19|1.96|-0.56|10.74|10.75|10.94|10.67|1.32|10.73|2029549|22105842.00|1|0.0000|0.0000|0.0000|0|10.73
利通科技|920225|-1.52|2370517|37048036.00|-1.46|0.51|-2.41|15.53|15.54|15.85|15.39|2.37|15.77|4112056|63121704.00|1|0.0000|0.0000|0.0000|0|15.77
美登科技|920227|1.54|359901|21286894.00|-0.92|2.26|-0.92|59.35|57.91|59.77|57.91|0.36|58.45|288937|16976250.00|1|0.0000|0.0000|0.0000|0|58.45
欧康医药|920230|12.67|13788000|351025600.00|2.05|18.87|-4.22|27.47|24.88|28.98|23.35|13.79|24.38|9931042|232394592.00|1|0.0000|0.0000|0.0000|0|24.38
力佳科技|920237|2.30|1218650|38159420.00|-1.31|4.49|-1.31|31.18|30.08|31.85|30.08|1.22|30.48|860354|26297028.00|1|0.0000|0.0000|0.0000|0|30.48
长虹能源|920239|2.25|2547236|105288848.00|-1.09|3.68|-1.09|41.39|40.04|41.97|40.04|2.55|40.48|1877181|76189664.00|1|0.0000|0.0000|0.0000|0|40.48
建邦科技|920242|1.46|984063|32146432.00|-0.34|2.58|-0.34|32.70|32.12|33.06|32.12|0.98|32.23|1012138|32895814.00|1|0.0000|0.0000|0.0000|0|32.23
威博液压|920245|-1.56|1268292|42983484.00|1.12|1.12|-1.68|33.49|34.40|34.40|33.45|1.27|34.02|1723869|59643384.00|1|0.0000|0.0000|0.0000|0|34.02
华密新材|920247|3.75|2496732|57299356.00|-2.47|5.52|-2.60|23.50|22.09|23.90|22.06|2.50|22.65|1380340|31599164.00|1|0.0000|0.0000|0.0000|0|22.65
利尔达|920249|-0.70|5319064|76026336.00|0.07|2.39|-1.33|14.14|14.25|14.58|14.05|5.32|14.24|7144984|103091224.00|1|0.0000|0.0000|0.0000|0|14.24
天宏锂电|920252|1.79|1886282|32043424.00|0.06|2.75|-0.60|17.03|16.74|17.19|16.63|1.89|16.73|1752858|29744210.00|1|0.0000|0.0000|0.0000|0|16.73
中寰股份|920260|0.75|731303|8862840.00|-0.58|0.99|-0.58|12.17|12.01|12.20|12.01|0.73|12.08|1506550|18201464.00|1|0.0000|0.0000|0.0000|0|12.08
一诺威|920261|-0.99|2056995|24856176.00|0.99|1.66|-1.08|11.96|12.20|12.28|11.95|2.06|12.08|2564517|31104376.00|1|0.0000|0.0000|0.0000|0|12.08
太湖雪|920262|-0.71|673335|16155661.00|0.13|2.13|-1.38|23.82|24.02|24.50|23.66|0.67|23.99|1005315|23985146.00|1|0.0000|0.0000|0.0000|0|23.99
中航泰达|920263|3.84|6064084|76457632.00|0.08|5.40|-0.25|12.70|12.24|12.89|12.20|6.06|12.23|3378224|41329372.00|1|0.0000|0.0000|0.0000|0|12.23
生物谷|920266|-2.04|2184105|21283916.00|-1.63|1.02|-2.04|9.61|9.65|9.91|9.61|2.18|9.81|4629193|46106116.00|1|0.0000|0.0000|0.0000|0|9.81
鑫汇科|920267|-1.82|853052|22267612.00|-0.68|1.44|-3.42|25.83|26.13|26.69|25.41|0.85|26.31|958936|25154124.00|1|0.0000|0.0000|0.0000|0|26.31
天铭科技|920270|5.66|2527313|43474496.00|1.46|7.24|0.06|17.36|16.67|17.62|16.44|2.53|16.43|1149192|18939542.00|1|0.0000|0.0000|0.0000|0|16.43
邦德股份|920271|0.12|850633|14692212.00|-0.35|2.28|-0.35|17.13|17.05|17.50|17.05|0.85|17.11|1127344|19349512.00|1|0.0000|0.0000|0.0000|0|17.11
一致魔芋|920273|-4.01|4603851|180444224.00|-1.00|1.03|-4.44|38.30|39.50|40.31|38.13|4.60|39.90|6624521|250051024.00|1|0.0000|0.0000|0.0000|0|39.90
宏裕包材|920274|0.31|1469544|19389552.00|1.08|3.38|0.08|13.04|13.14|13.44|13.01|1.47|13.00|1486691|19497126.00|1|0.0000|0.0000|0.0000|0|13.00
驱动力|920275|-4.09|5602860|49542196.00|-0.88|0.88|-4.98|8.67|8.96|9.12|8.59|5.60|9.04|5936299|54477284.00|1|0.0000|0.0000|0.0000|0|9.04
鹿得医疗|920278|1.45|3178267|31190102.00|-2.70|4.05|-2.70|9.78|9.38|10.03|9.38|3.18|9.64|4179123|41075232.00|1|0.0000|0.0000|0.0000|0|9.64
灵鸽科技|920284|4.51|9699170|222705520.00|2.90|9.58|1.34|22.70|22.35|23.80|22.01|9.70|21.72|6890741|149892608.00|1|0.0000|0.0000|0.0000|0|21.72
灿能电力|920299|-1.60|4809432|83613600.00|-1.20|2.86|-2.91|17.22|17.29|18.00|16.99|4.81|17.50|6190342|106944720.00|1|0.0000|0.0000|0.0000|0|17.50
辰光医疗|920300|0.22|10369667|186236864.00|-2.60|0.22|-4.93|18.50|17.98|18.50|17.55|10.37|18.46|16063437|293677280.00|1|0.0000|0.0000|0.0000|0|18.46
迪尔化工|920304|-2.60|11846820|177020816.00|-1.76|0.07|-4.42|14.97|15.10|15.38|14.69|11.85|15.37|17587131|264675776.00|1|0.0000|0.0000|0.0000|0|15.37
*ST云创|920305|-1.29|2080188|63204136.00|-0.40|1.75|-1.65|29.93|30.20|30.85|29.82|2.08|30.32|2641995|81944184.00|1|0.0000|0.0000|0.0000|0|30.32
恒太照明|920339|-3.95|1159887|12929669.00|-0.70|0.97|-4.57|10.93|11.30|11.49|10.86|1.16|11.38|534658|6064189.50|1|0.0000|0.0000|0.0000|0|11.38
三元基因|920344|-0.96|4821003|121671432.00|-3.94|0.08|-5.44|25.66|24.89|25.93|24.50|4.82|25.91|8689751|225153264.00|1|0.0000|0.0000|0.0000|0|25.91
威贸电子|920346|-2.51|1428098|39231148.00|-2.08|-0.07|-2.69|27.20|27.32|27.88|27.15|1.43|27.90|3110032|84735408.00|1|0.0000|0.0000|0.0000|0|27.90
华光源海|920351|-1.08|1586534|20502672.00|0.08|1.08|-1.70|12.83|12.98|13.11|12.75|1.59|12.97|2050097|26815746.00|1|0.0000|0.0000|0.0000|0|12.97
雅葆轩|920357|-0.80|903169|20205088.00|-0.31|1.16|-1.61|22.22|22.33|22.66|22.04|0.90|22.40|1213134|27352576.00|1|0.0000|0.0000|0.0000|0|22.40
莱赛激光|920363|8.61|10255890|218815024.00|8.88|20.44|8.24|20.30|20.35|22.51|20.23|10.26|18.69|1775932|32778964.00|1|0.0000|0.0000|0.0000|0|18.69
新赣江|920367|-2.17|4235083|109183000.00|-3.37|-0.90|-5.99|26.14|25.82|26.48|25.12|4.24|26.72|6572963|181213056.00|1|0.0000|0.0000|0.0000|0|26.72
连城数控|920368|-0.98|2389443|72907528.00|-0.07|0.75|-1.27|30.30|30.58|30.83|30.21|2.39|30.60|2943959|91244880.00|1|0.0000|0.0000|0.0000|0|30.60
新安洁|920370|-2.18|6262158|25480450.00|-0.49|0.97|-2.91|4.03|4.10|4.16|4.00|6.26|4.12|5879302|24452016.00|1|0.0000|0.0000|0.0000|0|4.12
欧福蛋业|920371|-2.20|2826383|25274014.00|-0.88|0.00|-2.64|8.90|9.02|9.10|8.86|2.83|9.10|5062955|44954456.00|1|0.0000|0.0000|0.0000|0|9.10
云里物里|920374|-1.15|1382627|45867892.00|-1.33|2.32|-1.33|32.77|32.71|33.92|32.71|1.38|33.15|1684481|56964308.00|1|0.0000|0.0000|0.0000|0|33.15
派诺科技|920375|3.52|4022096|97151296.00|-1.95|5.09|-1.95|24.40|23.11|24.77|23.11|4.02|23.57|2942201|68803744.00|1|0.0000|0.0000|0.0000|0|23.57
泰德股份|920378|1.55|5134779|67818976.00|0.16|4.19|0.16|13.10|12.92|13.44|12.92|5.13|12.90|3785833|49075528.00|1|0.0000|0.0000|0.0000|0|12.90
佳合科技|920392|0.25|566590|11598237.00|1.13|2.22|-0.59|20.35|20.53|20.75|20.18|0.57|20.30|692955|14074713.00|1|0.0000|0.0000|0.0000|0|20.30
民士达|920394|-0.39|2098121|60110944.00|0.77|2.78|-1.41|28.35|28.68|29.25|28.06|2.10|28.46|2644589|75416872.00|1|0.0000|0.0000|0.0000|0|28.46
朗鸿科技|920395|1.10|1649308|29966062.00|-0.06|1.10|-1.87|18.35|18.14|18.35|17.81|1.65|18.15|2556157|46106916.00|1|0.0000|0.0000|0.0000|0|18.15
常辅股份|920396|-6.21|10921642|386915488.00|-7.68|-1.32|-10.84|35.64|35.08|37.50|33.88|10.92|38.00|14551148|511900448.00|1|0.0000|0.0000|0.0000|0|38.00
硅烷科技|920402|-0.53|3925535|37418280.00|-0.42|2.21|-1.58|9.46|9.47|9.72|9.36|3.93|9.51|4852613|46582540.00|1|0.0000|0.0000|0.0000|0|9.51
康农种业|920403|6.61|3435810|89980144.00|0.80|7.25|-0.88|26.76|25.30|26.92|24.88|3.44|25.10|1761049|44578848.00|1|0.0000|0.0000|0.0000|0|25.10
海希通讯|920405|4.03|3393489|67195896.00|0.58|5.97|-0.58|19.88|19.22|20.25|19.00|3.39|19.11|2264595|43603876.00|1|0.0000|0.0000|0.0000|0|19.11
驰诚股份|920407|-0.92|785163|18065872.00|2.14|2.14|-1.66|22.69|23.39|23.39|22.52|0.79|22.90|882191|20499116.00|1|0.0000|0.0000|0.0000|0|22.90
欧普泰|920414|0.47|1819674|23229328.00|-0.08|2.12|-1.18|12.77|12.70|12.98|12.56|1.82|12.71|2321358|29649792.00|1|0.0000|0.0000|0.0000|0|12.71
恒拓开源|920415|-1.72|2896383|48333560.00|-0.95|0.77|-3.02|16.60|16.73|17.02|16.38|2.90|16.89|4072451|69238496.00|1|0.0000|0.0000|0.0000|0|16.89
苏轴股份|920418|2.11|4399762|158227632.00|0.43|3.84|-0.09|35.89|35.30|36.50|35.12|4.40|35.15|5655582|202999792.00|1|0.0000|0.0000|0.0000|0|35.15
路斯股份|920419|-0.90|986736|17506814.00|0.73|1.80|-1.47|17.58|17.87|18.06|17.48|0.99|17.74|1765932|31138130.00|1|0.0000|0.0000|0.0000|0|17.74
润普食品|920422|-1.95|2210110|27005482.00|-0.65|1.46|-2.52|12.08|12.24|12.50|12.01|2.21|12.32|1968285|24389122.00|1|0.0000|0.0000|0.0000|0|12.32
乐创技术|920425|3.88|2561824|65036260.00|-0.20|4.97|-1.33|25.70|24.69|25.97|24.41|2.56|24.74|1786633|44353512.00|1|0.0000|0.0000|0.0000|0|24.74
华维设计|920427|0.29|1932139|26500044.00|0.29|2.80|-0.52|13.61|13.61|13.95|13.50|1.93|13.57|1926986|26280596.00|1|0.0000|0.0000|0.0000|0|13.57
康比特|920429|-1.02|1665269|30957410.00|-0.81|2.10|-1.89|18.37|18.41|18.95|18.21|1.67|18.56|2026248|37272008.00|1|0.0000|0.0000|0.0000|0|18.56
大唐药业|920433|-0.93|10589950|78672952.00|-2.80|2.14|-2.80|7.42|7.28|7.65|7.28|10.59|7.49|16994048|128825392.00|1|0.0000|0.0000|0.0000|0|7.49
大地电气|920436|0.05|2068018|39945432.00|-0.89|1.62|-0.89|19.20|19.02|19.50|19.02|2.07|19.19|2149650|41528296.00|1|0.0000|0.0000|0.0000|0|19.19
戈碧迦|920438|0.77|1947064|35957560.00|0.27|2.30|-0.16|18.39|18.30|18.67|18.22|1.95|18.25|2364007|43699804.00|1|0.0000|0.0000|0.0000|0|18.25
龙竹科技|920445|2.28|4599718|41313516.00|-0.57|4.33|-0.57|8.98|8.73|9.16|8.73|4.60|8.78|2878337|25364008.00|1|0.0000|0.0000|0.0000|0|8.78
同心传动|920454|0.83|2129739|31340686.00|0.97|3.18|0.35|14.58|14.60|14.92|14.51|2.13|14.46|2032585|29800150.00|1|0.0000|0.0000|0.0000|0|14.46
汇隆活塞|920455|0.59|1619280|16744749.00|0.00|3.22|-1.95|10.30|10.24|10.57|10.04|1.62|10.24|1378015|14024080.00|1|0.0000|0.0000|0.0000|0|10.24
富恒新材|920469|1.16|3265436|45358272.00|0.29|2.47|-1.02|13.90|13.78|14.08|13.60|3.27|13.74|3045980|41548560.00|1|0.0000|0.0000|0.0000|0|13.74
美邦科技|920471|0.00|2873453|46203900.00|-1.31|3.31|-1.81|16.01|15.80|16.54|15.72|2.87|16.01|3703934|59608604.00|1|0.0000|0.0000|0.0000|0|16.01
三友科技|920475|-0.36|1005304|19497638.00|-0.57|1.87|-0.57|19.22|19.18|19.65|19.18|1.01|19.29|962832|18649090.00|1|0.0000|0.0000|0.0000|0|19.29
海能技术|920476|-0.32|1829228|22733564.00|-0.40|1.53|-1.45|12.37|12.36|12.60|12.23|1.83|12.41|1972363|24803208.00|1|0.0000|0.0000|0.0000|0|12.41
峆一药业|920478|3.07|5606611|132670048.00|-2.34|4.01|-3.58|24.18|22.91|24.40|22.62|5.61|23.46|6228287|145067088.00|1|0.0000|0.0000|0.0000|0|23.46
佳先股份|920489|-4.81|10117278|236585280.00|0.08|2.37|-5.89|22.94|24.12|24.67|22.68|10.12|24.10|13049973|305908064.00|1|0.0000|0.0000|0.0000|0|24.10
奥迪威|920491|2.96|4838632|149135616.00|1.00|4.03|0.13|30.94|30.35|31.26|30.09|4.84|30.05|3829836|116689816.00|1|0.0000|0.0000|0.0000|0|30.05
并行科技|920493|-0.40|1830415|295942976.00|-0.51|2.39|-0.97|160.51|160.33|165.00|159.59|1.83|161.15|3351278|548324672.00|1|0.0000|0.0000|0.0000|0|161.15
许昌智能|920496|-0.86|3468431|40488112.00|-1.46|1.37|-1.46|11.58|11.51|11.84|11.51|3.47|11.68|4776298|55285728.00|1|0.0000|0.0000|0.0000|0|11.68
博迅生物|920504|-2.83|1553518|33570032.00|0.09|1.44|-6.39|21.60|22.25|22.55|20.81|1.55|22.23|1811860|40859916.00|1|0.0000|0.0000|0.0000|0|22.23
九菱科技|920505|-1.09|2307280|63681572.00|-0.73|2.96|-1.64|27.10|27.20|28.21|26.95|2.31|27.40|2692344|72666000.00|1|0.0000|0.0000|0.0000|0|27.40
殷图网联|920508|0.43|611460|19920240.00|-0.65|2.66|-0.65|32.43|32.08|33.15|32.08|0.61|32.29|698826|22849396.00|1|0.0000|0.0000|0.0000|0|32.29
同惠电子|920509|-4.62|17851803|553690752.00|-2.14|4.04|-8.81|31.19|32.00|34.02|29.82|17.85|32.70|20787620|637884992.00|1|0.0000|0.0000|0.0000|0|32.70
丰光精密|920510|6.35|6959457|155761168.00|-0.38|13.47|-0.87|22.10|20.70|23.58|20.60|6.96|20.78|3229991|68882552.00|1|0.0000|0.0000|0.0000|0|20.78
万德股份|920519|0.25|1605271|19050056.00|-0.34|2.12|-0.59|11.82|11.75|12.04|11.72|1.61|11.79|2117825|25220588.00|1|0.0000|0.0000|0.0000|0|11.79
纳科诺尔|920522|2.38|2794453|160799360.00|0.74|4.68|0.74|57.10|56.18|58.38|56.18|2.79|55.77|1885213|106244088.00|1|0.0000|0.0000|0.0000|0|55.77
德瑞锂电|920523|0.39|1416417|37044876.00|-0.15|1.93|-0.46|25.99|25.85|26.39|25.77|1.42|25.89|1332588|34638320.00|1|0.0000|0.0000|0.0000|0|25.89
凯华材料|920526|-2.63|1336369|39202368.00|-0.47|0.54|-2.83|28.86|29.50|29.80|28.80|1.34|29.64|1136635|33555900.00|1|0.0000|0.0000|0.0000|0|29.64
夜光明|920527|1.44|1877951|31042822.00|-0.69|7.25|-0.69|16.22|15.88|17.15|15.88|1.88|15.99|1114906|17791040.00|1|0.0000|0.0000|0.0000|0|15.99
骏创科技|920533|2.23|3007838|143969552.00|0.54|4.41|0.17|47.76|46.97|48.78|46.80|3.01|46.72|2332793|110566960.00|1|0.0000|0.0000|0.0000|0|46.72
铁大科技|920541|3.03|2743359|41242012.00|1.65|6.68|-0.62|14.96|14.76|15.49|14.43|2.74|14.52|1881451|27635764.00|1|0.0000|0.0000|0.0000|0|14.52
无锡晶海|920547|-0.14|2091904|43939424.00|-1.90|2.00|-2.28|21.00|20.63|21.45|20.55|2.09|21.03|3319114|70407272.00|1|0.0000|0.0000|0.0000|0|21.03
凯腾精工|920553|0.93|3457055|34060472.00|-0.51|3.60|-0.82|9.80|9.66|10.06|9.63|3.46|9.71|3783396|37145400.00|1|0.0000|0.0000|0.0000|0|9.71
雅达股份|920556|-2.74|3426938|35931356.00|-1.32|1.13|-3.50|10.29|10.44|10.70|10.21|3.43|10.58|4000109|42356024.00|1|0.0000|0.0000|0.0000|0|10.58
天润科技|920564|0.28|1230981|26056574.00|-0.76|1.79|-1.61|21.23|21.01|21.55|20.83|1.23|21.17|1265482|27079278.00|1|0.0000|0.0000|0.0000|0|21.17
梓橦宫|920566|1.37|6711126|78875272.00|-1.37|2.66|-2.06|11.82|11.50|11.97|11.42|6.71|11.66|8712799|102414616.00|1|0.0000|0.0000|0.0000|0|11.66
坤博精工|920570|0.10|1764161|72560480.00|-1.61|2.62|-1.98|40.95|40.25|41.98|40.10|1.76|40.91|2096224|86054000.00|1|0.0000|0.0000|0.0000|0|40.91
国航远洋|920571|-1.72|13922632|96998280.00|-0.29|2.29|-1.86|6.86|6.96|7.14|6.85|13.92|6.98|17191452|121525344.00|1|0.0000|0.0000|0.0000|0|6.98
康乐卫士|920575|-2.47|1738939|28966914.00|-0.94|-0.71|-2.89|16.55|16.81|16.85|16.48|1.74|16.97|2871729|48341176.00|1|0.0000|0.0000|0.0000|0|16.97
天力复合|920576|3.30|5094351|160507328.00|-0.32|4.82|-5.74|32.57|31.43|33.05|29.72|5.09|31.53|6619765|210476432.00|1|0.0000|0.0000|0.0000|0|31.53
巨能股份|920578|2.54|1654280|48486124.00|1.39|3.97|0.00|29.43|29.10|29.84|28.70|1.65|28.70|1910863|55857036.00|1|0.0000|0.0000|0.0000|0|28.70
机科股份|920579|7.02|7732385|226507040.00|1.03|13.09|0.85|29.11|27.48|30.76|27.43|7.73|27.20|3088819|84800736.00|1|0.0000|0.0000|0.0000|0|27.20
科创新材|920580|0.68|1350921|16104926.00|0.17|2.21|0.00|11.87|11.81|12.05|11.79|1.35|11.79|1832002|21552418.00|1|0.0000|0.0000|0.0000|0|11.79
华信永道|920592|-3.61|1318354|79616184.00|-3.20|0.78|-4.05|59.30|59.55|62.00|59.03|1.32|61.52|1947211|121917592.00|1|0.0000|0.0000|0.0000|0|61.52
鼎智科技|920593|3.43|3911291|188667024.00|0.19|5.01|-0.45|48.31|46.80|49.05|46.50|3.91|46.71|3235315|154014112.00|1|0.0000|0.0000|0.0000|0|46.71
同力股份|920599|3.94|8849365|165746400.00|0.22|4.32|-1.26|19.01|18.33|19.08|18.06|8.85|18.29|4315627|79109792.00|1|0.0000|0.0000|0.0000|0|18.29
丰安股份|920608|-1.60|1118512|19494364.00|0.00|1.14|-1.77|17.20|17.48|17.68|17.17|1.12|17.48|1683597|29465474.00|1|0.0000|0.0000|0.0000|0|17.48
力王股份|920627|1.90|2623648|72625320.00|0.45|5.95|-0.89|27.39|27.00|28.48|26.64|2.62|26.88|1623029|43885860.00|1|0.0000|0.0000|0.0000|0|26.88
新威凌|920634|0.36|3164341|89483544.00|-1.00|4.18|-2.25|28.06|27.68|29.13|27.33|3.16|27.96|3421956|96475176.00|1|0.0000|0.0000|0.0000|0|27.96
晨光电缆|920639|-4.98|18460920|168045984.00|0.00|0.11|-6.14|8.97|9.44|9.45|8.86|18.46|9.44|22427516|211214096.00|1|0.0000|0.0000|0.0000|0|9.44
富士达|920640|-2.97|2531020|71234008.00|-0.78|1.45|-2.97|27.48|28.10|28.73|27.48|2.53|28.32|4206626|120097040.00|1|0.0000|0.0000|0.0000|0|28.32
格利尔|920641|-0.21|883844|12690744.00|-0.35|2.24|-0.56|14.25|14.23|14.60|14.20|0.88|14.28|1175973|16912932.00|1|0.0000|0.0000|0.0000|0|14.28
通易航天|920642|-1.30|2050555|25124562.00|-0.08|1.63|-1.87|12.12|12.27|12.48|12.05|2.05|12.28|3055369|38176872.00|1|0.0000|0.0000|0.0000|0|12.28
天罡股份|920651|-0.07|840351|24513490.00|0.38|2.80|-0.73|28.86|28.99|29.69|28.67|0.84|28.88|1304608|37855776.00|1|0.0000|0.0000|0.0000|0|28.88
海昇药业|920656|3.12|5571112|120403408.00|-2.79|7.47|-5.20|21.80|20.55|22.72|20.04|5.57|21.14|5529641|114476720.00|1|0.0000|0.0000|0.0000|0|21.14
方盛股份|920662|-1.63|1173610|28005322.00|-0.54|1.55|-1.88|23.52|23.78|24.28|23.46|1.17|23.91|1773215|43491076.00|1|0.0000|0.0000|0.0000|0|23.91
明阳科技|920663|-0.67|1653216|42005260.00|0.12|2.69|-0.99|25.11|25.31|25.96|25.03|1.65|25.28|2313349|59345920.00|1|0.0000|0.0000|0.0000|0|25.28
科强股份|920665|2.17|1830170|23985574.00|0.39|3.64|-1.09|13.18|12.95|13.37|12.76|1.83|12.90|1398856|17963378.00|1|0.0000|0.0000|0.0000|0|12.90
数字人|920670|0.65|1806854|30640674.00|-1.18|2.54|-1.18|17.01|16.70|17.33|16.70|1.81|16.90|2845903|49018732.00|1|0.0000|0.0000|0.0000|0|16.90
秉扬科技|920675|-2.02|1621293|16656397.00|0.58|0.67|-2.60|10.17|10.44|10.45|10.11|1.62|10.38|1678334|17400336.00|1|0.0000|0.0000|0.0000|0|10.38
前进科技|920679|1.36|598107|11143761.00|1.42|3.28|-0.55|18.57|18.58|18.92|18.22|0.60|18.32|759004|14037589.00|1|0.0000|0.0000|0.0000|0|18.32
广道退|920680|-1.78|4527520|52854916.00|-0.85|0.68|-2.55|11.56|11.67|11.85|11.47|4.53|11.77|4971932|58461808.00|1|0.0000|0.0000|0.0000|0|11.77
球冠电缆|920682|-1.71|15197602|191051408.00|-2.17|0.00|-4.50|12.66|12.60|12.88|12.30|15.20|12.88|22608662|278233024.00|1|0.0000|0.0000|0.0000|0|12.88
新芝生物|920685|0.00|1379819|18086770.00|-1.45|1.91|-1.83|13.10|12.91|13.35|12.86|1.38|13.10|3201284|41975516.00|1|0.0000|0.0000|0.0000|0|13.10
克莱特|920689|-4.06|7667814|352145024.00|-1.18|2.63|-6.94|45.62|46.99|48.80|44.25|7.67|47.55|9282066|447129600.00|1|0.0000|0.0000|0.0000|0|47.55
捷众科技|920690|0.77|826206|19667050.00|0.94|3.76|-1.02|23.60|23.64|24.30|23.18|0.83|23.42|690700|16174274.00|1|0.0000|0.0000|0.0000|0|23.42
阿为特|920693|-3.62|2461956|115095400.00|-0.02|1.85|-4.60|46.27|48.00|48.90|45.80|2.46|48.01|3860773|181232832.00|1|0.0000|0.0000|0.0000|0|48.01
中裕科技|920694|-1.83|1187373|25040658.00|-0.09|0.94|-2.35|20.91|21.28|21.50|20.80|1.19|21.30|2464950|52025132.00|1|0.0000|0.0000|0.0000|0|21.30
海达尔|920699|1.07|575775|27087744.00|-0.77|2.49|-0.97|47.10|46.24|47.76|46.15|0.58|46.60|720085|34079132.00|1|0.0000|0.0000|0.0000|0|46.60
豪声电子|920701|-0.79|834333|26437652.00|0.00|1.26|-1.45|31.51|31.76|32.16|31.30|0.83|31.76|1114709|35373008.00|1|0.0000|0.0000|0.0000|0|31.76
广厦环能|920703|-1.74|1014591|25498010.00|-1.50|0.51|-1.74|24.90|24.96|25.47|24.90|1.01|25.34|1696718|42781752.00|1|0.0000|0.0000|0.0000|0|25.34
铁拓机械|920706|2.08|1816184|31208400.00|0.12|5.42|0.06|17.14|16.81|17.70|16.80|1.82|16.79|1278651|21701006.00|1|0.0000|0.0000|0.0000|0|16.79
瑞星股份|920717|0.48|901105|9482686.00|0.19|2.11|-0.86|10.48|10.45|10.65|10.34|0.90|10.43|1401064|14706073.00|1|0.0000|0.0000|0.0000|0|10.43
合肥高科|920718|0.36|723166|12183594.00|0.00|1.25|-0.30|16.82|16.76|16.97|16.71|0.72|16.76|1141805|19237086.00|1|0.0000|0.0000|0.0000|0|16.76
宁新新材|920719|-1.94|2301275|24720442.00|0.09|1.20|-2.22|10.59|10.81|10.93|10.56|2.30|10.80|2843650|30907586.00|1|0.0000|0.0000|0.0000|0|10.80
吉冈精密|920720|0.37|1955847|37703776.00|-0.31|1.94|-0.31|19.18|19.05|19.48|19.05|1.96|19.11|1917005|36924232.00|1|0.0000|0.0000|0.0000|0|19.11
惠丰钻石|920725|0.48|1363632|43124004.00|0.29|1.88|-1.15|31.51|31.45|31.95|31.00|1.36|31.36|1398021|44048712.00|1|0.0000|0.0000|0.0000|0|31.36
朱老六|920726|0.89|2500172|51952544.00|3.00|4.58|0.10|20.48|20.91|21.23|20.32|2.50|20.30|2097080|43049804.00|1|0.0000|0.0000|0.0000|0|20.30
永顺生物|920729|-3.78|3642515|30097982.00|-0.71|0.24|-5.20|8.14|8.40|8.48|8.02|3.64|8.46|5939336|49093260.00|1|0.0000|0.0000|0.0000|0|8.46
德源药业|920735|9.29|6976564|328939808.00|-0.98|11.59|-2.84|48.95|44.35|49.98|43.52|6.98|44.79|6486540|299602208.00|1|0.0000|0.0000|0.0000|0|44.79
路桥信息|920748|4.85|1970265|52022908.00|0.08|8.21|-0.75|26.58|25.37|27.43|25.16|1.97|25.35|775003|19800464.00|1|0.0000|0.0000|0.0000|0|25.35
惠同新材|920751|-0.34|1584403|23495578.00|-0.27|1.68|-1.48|14.81|14.82|15.11|14.64|1.58|14.86|2333546|35220820.00|1|0.0000|0.0000|0.0000|0|14.86
天纺标|920753|-0.31|846313|25255778.00|1.56|2.98|-0.64|29.41|29.96|30.38|29.31|0.85|29.50|659915|19506876.00|1|0.0000|0.0000|0.0000|0|29.50
美之高|920765|-0.05|916029|19588428.00|1.18|2.65|-0.05|21.13|21.39|21.70|21.13|0.92|21.14|859256|18345544.00|1|0.0000|0.0000|0.0000|0|21.14
拾比佰|920768|-0.34|1735833|15567459.00|0.45|2.24|-1.23|8.89|8.96|9.12|8.81|1.74|8.92|1972275|17736144.00|1|0.0000|0.0000|0.0000|0|8.92
艾能聚|920770|-2.56|4276316|77452808.00|-1.75|1.04|-3.27|17.86|18.01|18.52|17.73|4.28|18.33|6142444|113521088.00|1|0.0000|0.0000|0.0000|0|18.33
武汉蓝电|920779|2.38|1832899|100238624.00|1.63|6.32|1.23|54.12|53.72|56.20|53.51|1.83|52.86|1002983|53810340.00|1|0.0000|0.0000|0.0000|0|52.86
瑞奇智造|920781|3.80|13824276|160764480.00|-0.90|10.31|-2.08|11.48|10.96|12.20|10.83|13.82|11.06|10806821|118440120.00|1|0.0000|0.0000|0.0000|0|11.06
骑士乳业|920786|2.21|15628721|136648384.00|0.00|5.36|-2.21|8.78|8.59|9.05|8.40|15.63|8.59|12422982|107202856.00|1|0.0000|0.0000|0.0000|0|8.59
联迪信息|920790|-4.60|2548812|94035576.00|-1.88|1.74|-5.84|36.09|37.12|38.49|35.62|2.55|37.83|2490689|97619136.00|1|0.0000|0.0000|0.0000|0|37.83
东和新材|920792|-2.57|3220940|35989172.00|-1.15|1.95|-3.19|10.99|11.15|11.50|10.92|3.22|11.28|4929077|54657256.00|1|0.0000|0.0000|0.0000|0|11.28
艾融软件|920799|0.27|2692968|149355952.00|0.00|2.64|-0.25|55.15|55.00|56.45|54.86|2.69|55.00|4827816|271846976.00|1|0.0000|0.0000|0.0000|0|55.00
保丽洁|920802|-1.08|874280|17612812.00|-1.92|0.54|-2.07|20.10|19.93|20.43|19.90|0.87|20.32|1887869|38745716.00|1|0.0000|0.0000|0.0000|0|20.32
云星宇|920806|0.27|2853120|42098992.00|0.34|1.98|-0.34|14.69|14.70|14.94|14.60|2.85|14.65|3404046|50636680.00|1|0.0000|0.0000|0.0000|0|14.65
奔朗新材|920807|-1.46|2712781|27722296.00|-0.59|1.17|-1.66|10.09|10.18|10.36|10.07|2.71|10.24|3291037|33550864.00|1|0.0000|0.0000|0.0000|0|10.24
曙光数创|920808|0.24|1343645|79514472.00|0.10|0.88|-0.75|59.18|59.10|59.56|58.60|1.34|59.04|1684051|100216088.00|1|0.0000|0.0000|0.0000|0|59.04
安达科技|920809|-0.88|3693482|21052122.00|0.88|1.40|-1.40|5.65|5.75|5.78|5.62|3.69|5.70|4413393|25385738.00|1|0.0000|0.0000|0.0000|0|5.70
春光智能|920810|-3.06|3405116|60778444.00|-1.53|0.27|-3.66|17.74|18.02|18.35|17.63|3.41|18.30|4932314|89527352.00|1|0.0000|0.0000|0.0000|0|18.30
颖泰生物|920819|-1.65|6476440|23268806.00|0.55|0.83|-2.20|3.57|3.65|3.66|3.55|6.48|3.63|9361670|34241356.00|1|0.0000|0.0000|0.0000|0|3.63
则成电子|920821|-0.72|1167934|45522348.00|-0.80|1.13|-0.80|38.67|38.64|39.39|38.64|1.17|38.95|1447064|56846444.00|1|0.0000|0.0000|0.0000|0|38.95
盖世食品|920826|-0.54|3539890|39915244.00|0.89|2.77|-0.89|11.14|11.30|11.51|11.10|3.54|11.20|3855285|43225924.00|1|0.0000|0.0000|0.0000|0|11.20
齐鲁华信|920832|-1.49|1825867|13451279.00|-1.49|0.68|-1.62|7.29|7.29|7.45|7.28|1.83|7.40|1890731|14032288.00|1|0.0000|0.0000|0.0000|0|7.40
美心翼申|920833|1.65|5362739|105921992.00|0.00|4.99|-1.44|19.75|19.43|20.40|19.15|5.36|19.43|4441485|85338808.00|1|0.0000|0.0000|0.0000|0|19.43
三维装备|920834|1.01|7990017|87756496.00|-0.18|6.03|-3.29|11.05|10.92|11.60|10.58|7.99|10.94|7695272|83316536.00|1|0.0000|0.0000|0.0000|0|10.94
华原股份|920837|-2.02|2888655|48586064.00|-1.90|2.26|-2.73|16.48|16.50|17.20|16.36|2.89|16.82|4330813|73086792.00|1|0.0000|0.0000|0.0000|0|16.82
万通液压|920839|0.11|1459622|38582564.00|-1.25|1.60|-1.71|26.36|26.00|26.75|25.88|1.46|26.33|2626555|69819000.00|1|0.0000|0.0000|0.0000|0|26.33
浙江大农|920855|-1.69|741824|14009157.00|-0.47|0.84|-2.05|18.67|18.90|19.15|18.60|0.74|18.99|1351657|25394542.00|1|0.0000|0.0000|0.0000|0|18.99
浩淼科技|920856|0.63|1587811|32934442.00|0.05|1.94|-0.78|20.71|20.59|20.98|20.42|1.59|20.58|2657624|55891392.00|1|0.0000|0.0000|0.0000|0|20.58
泓禧科技|920857|-0.98|635914|11020401.00|-0.23|1.96|-1.33|17.15|17.28|17.66|17.09|0.64|17.32|498052|8615734.00|1|0.0000|0.0000|0.0000|0|17.32
绿亨科技|920866|0.00|3506777|29667954.00|-0.24|1.78|-1.30|8.45|8.43|8.60|8.34|3.51|8.45|3099013|26209546.00|1|0.0000|0.0000|0.0000|0|8.45
恒进感应|920870|1.72|6770482|139874992.00|-0.81|9.82|-2.13|20.09|19.59|21.69|19.33|6.77|19.75|6222400|125360032.00|1|0.0000|0.0000|0.0000|0|19.75
派特尔|920871|1.28|991046|15765727.00|0.00|3.26|-0.77|15.85|15.65|16.16|15.53|0.99|15.65|993157|15578688.00|1|0.0000|0.0000|0.0000|0|15.65
中设咨询|920873|-3.96|6083045|31627672.00|0.75|0.94|-5.09|5.09|5.34|5.35|5.03|6.08|5.30|4592683|24426036.00|1|0.0000|0.0000|0.0000|0|5.30
慧为智能|920876|-1.66|1187110|30634080.00|-1.04|2.20|-2.12|25.48|25.64|26.48|25.36|1.19|25.91|1910881|50768388.00|1|0.0000|0.0000|0.0000|0|25.91
基康技术|920879|-1.12|2077020|36489876.00|-1.12|1.07|-2.53|17.59|17.59|17.98|17.34|2.08|17.79|3708805|63970968.00|1|0.0000|0.0000|0.0000|0|17.79
星辰科技|920885|1.14|2544763|38652524.00|-1.80|3.41|-1.80|15.14|14.70|15.48|14.70|2.54|14.97|2552312|38123944.00|1|0.0000|0.0000|0.0000|0|14.97
广咨国际|920892|1.81|656118|8836631.00|-0.60|2.64|-0.68|13.51|13.19|13.62|13.18|0.66|13.27|725811|9701736.00|1|0.0000|0.0000|0.0000|0|13.27
花溪科技|920895|1.14|1116392|17693010.00|1.01|1.14|-1.20|15.99|15.97|15.99|15.62|1.12|15.81|1740716|27980420.00|1|0.0000|0.0000|0.0000|0|15.81
旺成科技|920896|0.71|1568697|29038264.00|-0.49|2.90|-0.93|18.40|18.18|18.80|18.10|1.57|18.27|1391428|25772498.00|1|0.0000|0.0000|0.0000|0|18.27
舜宇精工|920906|2.86|2006034|49654444.00|0.79|4.39|-0.17|24.83|24.33|25.20|24.10|2.01|24.14|1329169|32389506.00|1|0.0000|0.0000|0.0000|0|24.14
远航精密|920914|2.31|2035523|37787844.00|0.88|3.19|-0.49|18.63|18.37|18.79|18.12|2.04|18.21|1528374|27995476.00|1|0.0000|0.0000|0.0000|0|18.21
广脉科技|920924|-3.03|2727301|75723896.00|-0.61|2.17|-3.81|27.22|27.90|28.68|27.00|2.73|28.07|3164377|90810248.00|1|0.0000|0.0000|0.0000|0|28.07
锦好医疗|920925|0.14|2573682|36708932.00|-0.92|2.54|-2.11|14.22|14.07|14.56|13.90|2.57|14.20|3840898|54964408.00|1|0.0000|0.0000|0.0000|0|14.20
鸿智科技|920926|2.53|1290008|30955382.00|0.73|4.24|-0.56|23.92|23.50|24.32|23.20|1.29|23.33|949594|22257826.00|1|0.0000|0.0000|0.0000|0|23.33
无锡鼎邦|920931|-0.65|629060|8718423.00|-0.14|1.22|-1.87|13.83|13.90|14.09|13.66|0.63|13.92|1363065|18782468.00|1|0.0000|0.0000|0.0000|0|13.92
科达自控|920932|-2.06|1877666|55475304.00|0.91|2.06|-2.43|29.07|29.95|30.29|28.96|1.88|29.68|1843118|55240720.00|1|0.0000|0.0000|0.0000|0|29.68
恒立钻具|920942|0.59|827449|14171329.00|0.06|3.31|-0.06|17.00|16.91|17.46|16.89|0.83|16.90|977812|16582385.00|1|0.0000|0.0000|0.0000|0|16.90
优机股份|920943|-1.01|1233267|23030452.00|-0.11|1.12|-1.97|18.59|18.76|18.99|18.41|1.23|18.78|1580824|29721104.00|1|0.0000|0.0000|0.0000|0|18.78
森萱医药|920946|-1.90|5728516|59985468.00|-1.42|1.04|-2.94|10.35|10.40|10.66|10.24|5.73|10.55|10135957|107333176.00|1|0.0000|0.0000|0.0000|0|10.55
迅安科技|920950|1.10|640929|13516166.00|1.43|2.10|-0.24|21.18|21.25|21.39|20.90|0.64|20.95|567917|11945824.00|1|0.0000|0.0000|0.0000|0|20.95
国子软件|920953|0.86|1168182|53869424.00|1.23|2.53|-0.29|45.89|46.06|46.65|45.37|1.17|45.50|1416546|65820048.00|1|0.0000|0.0000|0.0000|0|45.50
汉维科技|920957|-5.08|3540855|50775216.00|0.20|0.80|-7.22|14.20|14.99|15.08|13.88|3.54|14.96|5033732|72024336.00|1|0.0000|0.0000|0.0000|0|14.96
创远信科|920961|0.28|3618704|66593476.00|-0.61|3.25|-0.61|18.18|18.02|18.72|18.02|3.62|18.13|3056107|55271536.00|1|0.0000|0.0000|0.0000|0|18.13
润农节水|920964|-2.65|5360571|39932028.00|-0.40|0.27|-2.65|7.34|7.51|7.56|7.34|5.36|7.54|7414301|56062920.00|1|0.0000|0.0000|0.0000|0|7.54
大禹生物|920970|-0.40|6926792|49752808.00|-2.41|-0.40|-5.61|7.45|7.30|7.45|7.06|6.93|7.48|9793372|73857496.00|1|0.0000|0.0000|0.0000|0|7.48
天马新材|920971|-2.07|1897736|59959492.00|0.00|0.78|-2.48|31.19|31.85|32.10|31.06|1.90|31.85|2048836|65575596.00|1|0.0000|0.0000|0.0000|0|31.85
凯大催化|920974|-1.05|2927813|22152224.00|-0.13|1.18|-2.11|7.52|7.59|7.69|7.44|2.93|7.60|4921891|37589440.00|1|0.0000|0.0000|0.0000|0|7.60
视声智能|920976|0.53|908428|22568708.00|1.26|1.62|-0.28|24.80|24.98|25.07|24.60|0.91|24.67|1221207|30415402.00|1|0.0000|0.0000|0.0000|0|24.67
开特股份|920978|0.64|1903679|41863588.00|0.37|1.78|-0.59|21.99|21.93|22.24|21.72|1.90|21.85|2568670|56669896.00|1|0.0000|0.0000|0.0000|0|21.85
晶赛科技|920981|-4.74|3286066|120926984.00|-0.82|0.18|-5.19|36.18|37.67|38.05|36.01|3.29|37.98|3705825|139185136.00|1|0.0000|0.0000|0.0000|0|37.98
锦波生物|920982|3.97|967424|310290368.00|1.51|4.92|-1.89|324.90|317.21|327.87|306.60|0.97|312.50|841614|260223856.00|1|0.0000|0.0000|0.0000|0|312.50
海泰新能|920985|-0.58|3631058|43634204.00|0.00|1.41|-1.25|11.96|12.03|12.20|11.88|3.63|12.03|5186896|62805764.00|1|0.0000|0.0000|0.0000|0|12.03
中科美菱|920992|-0.06|2106661|36928164.00|0.34|1.77|-1.66|17.48|17.55|17.80|17.20|2.11|17.49|2791511|49257552.00|1|0.0000|0.0000|0.0000|0|17.49
