平安银行|000001|-5.64|254556048|2751055360.00|-3.00|-2.56|-7.58|10.70|11.00|11.05|10.48|254.56|11.34|64391391|730375808.00|1|0.0000|0.0000|0.0000|0|11.34
万  科Ａ|000002|-7.56|196633480|1318713472.00|-3.92|-2.94|-9.52|6.60|6.86|6.93|6.46|196.63|7.14|91433005|653013888.00|1|0.0000|0.0000|0.0000|0|7.14
*ST国华|000004|-9.98|2455400|21882660.00|-5.09|-5.09|-9.98|8.84|9.32|9.32|8.84|2.46|9.82|3474900|34174048.00|1|0.0000|0.0000|0.0000|0|9.82
深振业Ａ|000006|-10.04|32274500|203606160.00|-7.03|-6.74|-10.04|6.27|6.48|6.50|6.27|32.27|6.97|39693104|277495328.00|1|0.0000|0.0000|0.0000|0|6.97
全新好|000007|-10.00|6963800|39393128.00|-1.94|-1.94|-10.00|5.58|6.08|6.08|5.58|6.96|6.20|3108999|19206392.00|1|0.0000|0.0000|0.0000|0|6.20
神州高铁|000008|-9.96|164799817|431606752.00|-5.34|-3.20|-9.96|2.53|2.66|2.72|2.53|164.80|2.81|143248677|396243008.00|1|0.0000|0.0000|0.0000|0|2.81
中国宝安|000009|-10.02|44044682|328855232.00|-4.28|-3.55|-10.02|7.36|7.83|7.89|7.36|44.04|8.18|8177440|66906492.00|1|0.0000|0.0000|0.0000|0|8.18
美丽生态|000010|-9.93|17970800|46275376.00|-4.26|-3.90|-9.93|2.54|2.70|2.71|2.54|17.97|2.82|15626500|43862640.00|1|0.0000|0.0000|0.0000|0|2.82
深物业A|000011|-9.96|7965851|62400816.00|-2.93|-2.81|-9.96|7.68|8.28|8.29|7.68|7.97|8.53|4248315|36114984.00|1|0.0000|0.0000|0.0000|0|8.53
南  玻Ａ|000012|-8.95|36331209|171055360.00|-2.98|-2.19|-9.74|4.58|4.88|4.92|4.54|36.33|5.03|12232121|61317908.00|1|0.0000|0.0000|0.0000|0|5.03
沙河股份|000014|-9.98|5370120|53281476.00|-7.42|-4.03|-9.98|9.83|10.11|10.48|9.83|5.37|10.92|4612300|50428440.00|1|0.0000|0.0000|0.0000|0|10.92
深康佳Ａ|000016|-9.89|37104500|153031024.00|-9.67|-5.93|-9.89|4.10|4.11|4.28|4.10|37.10|4.55|35959590|163742064.00|1|0.0000|0.0000|0.0000|0|4.55
深中华A|000017|-9.93|19055334|107839224.00|-9.61|-4.40|-9.93|5.53|5.55|5.87|5.53|19.06|6.14|19042700|117249568.00|1|0.0000|0.0000|0.0000|0|6.14
深粮控股|000019|3.01|41599667|282357376.00|-0.30|6.17|-2.56|6.85|6.63|7.06|6.48|41.60|6.65|8471588|55946060.00|1|0.0000|0.0000|0.0000|0|6.65
深华发Ａ|000020|-9.96|2009600|22291920.00|-2.96|-2.88|-9.96|10.94|11.79|11.80|10.94|2.01|12.15|1381100|16762737.00|1|0.0000|0.0000|0.0000|0|12.15
深科技|000021|-10.00|28390579|478428672.00|-7.57|-5.89|-10.00|16.65|17.10|17.41|16.65|28.39|18.50|16982743|315266624.00|1|0.0000|0.0000|0.0000|0|18.50
特  力Ａ|000025|-9.99|16064951|269444576.00|-7.81|-5.13|-9.99|16.48|16.88|17.37|16.48|16.06|18.31|31780558|583049408.00|1|0.0000|0.0000|0.0000|0|18.31
飞亚达|000026|-10.02|7650900|76742736.00|-5.46|-3.64|-10.02|9.88|10.38|10.58|9.88|7.65|10.98|3884000|42586132.00|1|0.0000|0.0000|0.0000|0|10.98
深圳能源|000027|-7.62|38558439|232754880.00|-2.33|-2.33|-9.95|5.94|6.28|6.28|5.79|38.56|6.43|11865990|76154576.00|1|0.0000|0.0000|0.0000|0|6.43
国药一致|000028|-6.97|8149537|198815296.00|-3.25|-2.32|-8.36|24.04|25.00|25.24|23.68|8.15|25.84|2596398|67055540.00|1|0.0000|0.0000|0.0000|0|25.84
深深房Ａ|000029|-10.00|5538704|76456944.00|-6.00|-1.53|-10.00|13.50|14.10|14.77|13.50|5.54|15.00|2786200|41723424.00|1|0.0000|0.0000|0.0000|0|15.00
富奥股份|000030|-10.07|12696500|66946300.00|-4.51|-4.17|-10.07|5.18|5.50|5.52|5.18|12.70|5.76|11558800|67079148.00|1|0.0000|0.0000|0.0000|0|5.76
大悦城|000031|-10.07|22282800|54711920.00|-2.61|-2.61|-10.07|2.41|2.61|2.61|2.41|22.28|2.68|12352111|32984674.00|1|0.0000|0.0000|0.0000|0|2.68
深桑达Ａ|000032|-10.00|10427900|220634432.00|-9.91|-6.05|-10.00|20.98|21.00|21.90|20.98|10.43|23.31|33975649|798197568.00|1|0.0000|0.0000|0.0000|0|23.31
神州数码|000034|-10.00|17729173|654868928.00|-6.34|-3.99|-10.00|36.35|37.83|38.78|36.35|17.73|40.39|27069394|1103564288.00|1|0.0000|0.0000|0.0000|0|40.39
中国天楹|000035|-9.92|54271350|239264400.00|-3.38|-3.38|-9.92|4.27|4.58|4.58|4.27|54.27|4.74|16297167|77395792.00|1|0.0000|0.0000|0.0000|0|4.74
华联控股|000036|-9.87|22298966|78177656.00|-5.97|-5.19|-9.87|3.47|3.62|3.65|3.47|22.30|3.85|17643961|67844416.00|1|0.0000|0.0000|0.0000|0|3.85
深南电A|000037|-10.00|10904200|84042896.00|-5.00|-3.45|-10.00|7.56|7.98|8.11|7.56|10.90|8.40|6884600|57498492.00|1|0.0000|0.0000|0.0000|0|8.40
中集集团|000039|-10.02|49742340|378123200.00|-8.11|-6.21|-10.02|7.54|7.70|7.86|7.54|49.74|8.38|46775936|395117600.00|1|0.0000|0.0000|0.0000|0|8.38
中洲控股|000042|-8.50|20742300|126470232.00|-1.70|-1.08|-9.12|5.92|6.36|6.40|5.88|20.74|6.47|15241200|96636672.00|1|0.0000|0.0000|0.0000|0|6.47
深纺织Ａ|000045|-9.98|6309900|64216000.00|-7.31|-6.86|-9.98|10.10|10.40|10.45|10.10|6.31|11.22|16500618|186602976.00|1|0.0000|0.0000|0.0000|0|11.22
京基智农|000048|-10.00|18199233|302222592.00|-1.40|-1.40|-10.00|16.02|17.55|17.55|16.02|18.20|17.80|18796707|333201888.00|1|0.0000|0.0000|0.0000|0|17.80
德赛电池|000049|-10.00|6554285|135849456.00|-9.12|-5.44|-10.00|20.52|20.72|21.56|20.52|6.55|22.80|4379939|99896856.00|1|0.0000|0.0000|0.0000|0|22.80
深天马Ａ|000050|-9.94|17630346|131251320.00|-5.15|-4.66|-9.94|7.34|7.73|7.77|7.34|17.63|8.15|9772393|79866512.00|1|0.0000|0.0000|0.0000|0|8.15
方大集团|000055|-9.93|11785600|44694576.00|-2.91|-2.91|-9.93|3.72|4.01|4.01|3.72|11.79|4.13|6453752|26437056.00|1|0.0000|0.0000|0.0000|0|4.13
皇庭国际|000056|-9.91|55882700|169828208.00|-8.41|-4.80|-9.91|3.00|3.05|3.17|3.00|55.88|3.33|66631700|221567408.00|1|0.0000|0.0000|0.0000|0|3.33
深 赛 格|000058|-9.96|11267802|85540056.00|-5.76|-4.56|-9.96|7.50|7.85|7.95|7.50|11.27|8.33|7240100|60017288.00|1|0.0000|0.0000|0.0000|0|8.33
华锦股份|000059|-9.92|29451726|136946032.00|-4.96|-3.37|-9.92|4.54|4.79|4.87|4.54|29.45|5.04|43467100|223923888.00|1|0.0000|0.0000|0.0000|0|5.04
中金岭南|000060|-10.04|84849039|380508576.00|-5.74|-4.51|-10.04|4.39|4.60|4.66|4.39|84.85|4.88|34913606|170449168.00|1|0.0000|0.0000|0.0000|0|4.88
农 产 品|000061|-2.27|40215232|270282624.00|1.06|5.75|-3.78|6.46|6.68|6.99|6.36|40.22|6.61|18719262|122672208.00|1|0.0000|0.0000|0.0000|0|6.61
深圳华强|000062|-10.02|19338400|419853920.00|-9.60|-5.93|-10.02|21.56|21.66|22.54|21.56|19.34|23.96|49320238|1176902784.00|1|0.0000|0.0000|0.0000|0|23.96
中兴通讯|000063|-10.01|124966582|3958713856.00|-6.79|-6.16|-10.01|31.28|32.40|32.62|31.28|124.97|34.76|69427051|2408579584.00|1|0.0000|0.0000|0.0000|0|34.76
北方国际|000065|-10.01|20277732|198873200.00|-3.65|-3.65|-10.01|9.62|10.30|10.30|9.62|20.28|10.69|19690625|208627232.00|1|0.0000|0.0000|0.0000|0|10.69
中国长城|000066|-3.61|192152917|2697616896.00|-3.68|5.23|-7.99|13.63|13.62|14.88|13.01|192.15|14.14|53146203|751838144.00|1|0.0000|0.0000|0.0000|0|14.14
华控赛格|000068|-10.11|19579200|64123284.00|-3.37|-3.09|-10.11|3.20|3.44|3.45|3.20|19.58|3.56|10385900|36737056.00|1|0.0000|0.0000|0.0000|0|3.56
华侨城Ａ|000069|-9.96|83467899|193941664.00|-3.19|-3.19|-9.96|2.26|2.43|2.43|2.26|83.47|2.51|54424673|135627456.00|1|0.0000|0.0000|0.0000|0|2.51
特发信息|000070|-4.94|2452900|13687182.00|-4.94|-4.94|-4.94|5.58|5.58|5.58|5.58|2.45|5.87|5333060|31356076.00|1|0.0000|0.0000|0.0000|0|5.87
海王生物|000078|-10.08|38376561|87757064.00|-3.63|-3.23|-10.08|2.23|2.39|2.40|2.23|38.38|2.48|20653500|50987692.00|1|0.0000|0.0000|0.0000|0|2.48
盐 田 港|000088|-9.92|28429296|128161800.00|-2.69|-2.48|-9.92|4.36|4.71|4.72|4.36|28.43|4.84|13785670|66500892.00|1|0.0000|0.0000|0.0000|0|4.84
深圳机场|000089|-9.36|30702130|196739232.00|-2.34|-1.61|-9.94|6.20|6.68|6.73|6.16|30.70|6.84|15052601|102477328.00|1|0.0000|0.0000|0.0000|0|6.84
天健集团|000090|-9.87|33235444|119336800.00|-2.60|-2.34|-9.87|3.47|3.75|3.76|3.47|33.24|3.85|15732634|60519480.00|1|0.0000|0.0000|0.0000|0|3.85
广聚能源|000096|-9.97|4593100|79145440.00|-9.76|-3.01|-9.97|17.06|17.10|18.38|17.06|4.59|18.95|6919300|130571352.00|1|0.0000|0.0000|0.0000|0|18.95
中信海直|000099|-10.00|18781728|396207296.00|-8.66|-5.39|-10.00|20.89|21.20|21.96|20.89|18.78|23.21|10580680|247062800.00|1|0.0000|0.0000|0.0000|0|23.21
TCL科技|000100|-10.02|347995441|1390148352.00|-6.83|-6.61|-10.02|3.95|4.09|4.10|3.95|348.00|4.39|256983644|1136142976.00|1|0.0000|0.0000|0.0000|0|4.39
中成股份|000151|-9.98|6397400|83096944.00|-9.98|-6.56|-9.98|12.90|12.90|13.39|12.90|6.40|14.33|4252920|60830992.00|1|0.0000|0.0000|0.0000|0|14.33
丰原药业|000153|-9.97|16235200|95651272.00|-3.58|-3.43|-9.97|5.78|6.19|6.20|5.78|16.24|6.42|13263500|84982672.00|1|0.0000|0.0000|0.0000|0|6.42
川能动力|000155|-10.03|36966401|386542912.00|-5.01|-3.25|-10.03|10.23|10.80|11.00|10.23|36.97|11.37|20657950|235203056.00|1|0.0000|0.0000|0.0000|0|11.37
华数传媒|000156|-10.04|23697633|179211376.00|-4.47|-3.51|-10.04|7.44|7.90|7.98|7.44|23.70|8.27|12436100|102916200.00|1|0.0000|0.0000|0.0000|0|8.27
中联重科|000157|-9.93|81836441|565926144.00|-4.64|-4.64|-9.93|6.80|7.20|7.20|6.80|81.84|7.55|41866854|317590272.00|1|0.0000|0.0000|0.0000|0|7.55
常山北明|000158|-9.98|31509628|611466880.00|-8.62|-4.78|-9.98|19.21|19.50|20.32|19.21|31.51|21.34|37845536|814814080.00|1|0.0000|0.0000|0.0000|0|21.34
国际实业|000159|-9.91|11131355|55284008.00|-5.14|-4.22|-9.91|4.91|5.17|5.22|4.91|11.13|5.45|6587502|35539932.00|1|0.0000|0.0000|0.0000|0|5.45
申万宏源|000166|-9.88|174430068|794767680.00|-3.23|-3.23|-10.08|4.47|4.80|4.80|4.46|174.43|4.96|69865769|346264512.00|1|0.0000|0.0000|0.0000|0|4.96
东方盛虹|000301|-8.68|30195134|229098656.00|-2.69|-2.69|-10.02|7.47|7.96|7.96|7.36|30.20|8.18|7707013|63272800.00|1|0.0000|0.0000|0.0000|0|8.18
美的集团|000333|-8.42|88089693|5986991616.00|-7.01|-5.30|-10.01|67.18|68.22|69.47|66.02|88.09|73.36|56598874|4179849984.00|1|0.0000|0.0000|0.0000|0|73.36
潍柴动力|000338|-7.61|131192314|1887529728.00|-6.39|-5.69|-9.97|14.45|14.64|14.75|14.08|131.19|15.64|43290246|680772032.00|1|0.0000|0.0000|0.0000|0|15.64
许继电气|000400|-5.99|26789489|628776192.00|-3.09|-0.37|-7.82|23.09|23.80|24.47|22.64|26.79|24.56|18033271|440821792.00|1|0.0000|0.0000|0.0000|0|24.56
金隅冀东|000401|-9.80|22945105|109014216.00|-2.55|-2.16|-10.00|4.60|4.97|4.99|4.59|22.95|5.10|15085623|76740280.00|1|0.0000|0.0000|0.0000|0|5.10
金 融 街|000402|-9.82|29014400|75739968.00|-4.91|-4.21|-9.82|2.57|2.71|2.73|2.57|29.01|2.85|23379100|66460632.00|1|0.0000|0.0000|0.0000|0|2.85
派林生物|000403|10.00|79853379|1909970560.00|4.97|10.00|4.61|24.10|23.00|24.10|22.92|79.85|21.91|7554135|164942176.00|1|0.0000|0.0000|0.0000|0|21.91
长虹华意|000404|-10.03|17949750|122269120.00|-5.08|-4.95|-10.03|6.73|7.10|7.11|6.73|17.95|7.48|21421847|161082240.00|1|0.0000|0.0000|0.0000|0|7.48
胜利股份|000407|-9.97|24785254|75432648.00|-2.72|-2.42|-9.97|2.98|3.22|3.23|2.98|24.79|3.31|13865742|45518488.00|1|0.0000|0.0000|0.0000|0|3.31
藏格矿业|000408|-9.99|18129300|590742976.00|-9.99|-8.80|-9.99|32.54|32.54|32.97|32.54|18.13|36.15|9226188|333485664.00|1|0.0000|0.0000|0.0000|0|36.15
云鼎科技|000409|-9.99|24994900|260948560.00|-8.51|-5.56|-9.99|10.36|10.53|10.87|10.36|24.99|11.51|28778798|332989024.00|1|0.0000|0.0000|0.0000|0|11.51
沈阳机床|000410|-10.03|28678906|192568240.00|-5.91|-4.12|-10.03|6.55|6.85|6.98|6.55|28.68|7.28|19640472|144250768.00|1|0.0000|0.0000|0.0000|0|7.28
英特集团|000411|-10.02|7485047|74337712.00|-4.45|-3.53|-10.02|9.70|10.30|10.40|9.70|7.49|10.78|3155600|33968284.00|1|0.0000|0.0000|0.0000|0|10.78
渤海租赁|000415|-9.90|143103600|409487104.00|-7.67|-4.15|-9.90|2.82|2.89|3.00|2.82|143.10|3.13|243135797|763904960.00|1|0.0000|0.0000|0.0000|0|3.13
合百集团|000417|-9.95|22273500|115067672.00|-3.73|-3.37|-9.95|5.07|5.42|5.44|5.07|22.27|5.63|16248763|91311432.00|1|0.0000|0.0000|0.0000|0|5.63
通程控股|000419|-10.00|12109200|64174840.00|-4.31|-3.28|-10.00|5.22|5.55|5.61|5.22|12.11|5.80|9244720|53184040.00|1|0.0000|0.0000|0.0000|0|5.80
吉林化纤|000420|-9.89|70023600|239905024.00|-6.15|-4.01|-9.89|3.37|3.51|3.59|3.37|70.02|3.74|44777900|167365536.00|1|0.0000|0.0000|0.0000|0|3.74
南京公用|000421|-10.03|15380500|85860704.00|-2.80|-2.80|-10.03|5.47|5.91|5.91|5.47|15.38|6.08|10566100|63855148.00|1|0.0000|0.0000|0.0000|0|6.08
湖北宜化|000422|-10.00|49666494|588461888.00|-7.23|-4.69|-10.00|11.70|12.06|12.39|11.70|49.67|13.00|97089816|1256993280.00|1|0.0000|0.0000|0.0000|0|13.00
东阿阿胶|000423|-2.59|13323485|815748992.00|-2.21|0.48|-7.05|60.96|61.20|62.88|58.17|13.32|62.58|6243499|387621600.00|1|0.0000|0.0000|0.0000|0|62.58
徐工机械|000425|-9.62|151829131|1198680576.00|-6.26|-4.75|-9.97|7.80|8.09|8.22|7.77|151.83|8.63|40689835|351804096.00|1|0.0000|0.0000|0.0000|0|8.63
兴业银锡|000426|-10.02|18137000|216737152.00|-10.02|-10.02|-10.02|11.95|11.95|11.95|11.95|18.14|13.28|56074349|754007616.00|1|0.0000|0.0000|0.0000|0|13.28
华天酒店|000428|-10.06|30996600|94863136.00|-3.05|-0.61|-10.06|2.95|3.18|3.26|2.95|31.00|3.28|25703110|84034280.00|1|0.0000|0.0000|0.0000|0|3.28
粤高速Ａ|000429|-3.20|19186955|256538128.00|-3.93|0.07|-6.69|13.31|13.21|13.76|12.83|19.19|13.75|12537126|171824912.00|1|0.0000|0.0000|0.0000|0|13.75
*ST张股|000430|-5.32|55345758|450274880.00|-4.96|1.89|-8.39|8.01|8.04|8.62|7.75|55.35|8.46|58782080|495750688.00|1|0.0000|0.0000|0.0000|0|8.46
ST晨鸣|000488|-4.74|37313500|67610472.00|-4.74|-3.68|-4.74|1.81|1.81|1.83|1.81|37.31|1.90|41863895|78809952.00|1|0.0000|0.0000|0.0000|0|1.90
山东路桥|000498|-10.03|26561334|148226784.00|-1.34|-1.17|-10.03|5.38|5.90|5.91|5.38|26.56|5.98|11002042|65785580.00|1|0.0000|0.0000|0.0000|0|5.98
武商集团|000501|-1.93|62065274|575278912.00|-3.42|4.28|-6.84|9.17|9.03|9.75|8.71|62.07|9.35|35036860|325399968.00|1|0.0000|0.0000|0.0000|0|9.35
国新健康|000503|-10.00|34979400|370241536.00|-6.29|-3.97|-10.00|10.44|10.87|11.14|10.44|34.98|11.60|49615550|593114880.00|1|0.0000|0.0000|0.0000|0|11.60
*ST生物|000504|-10.00|4911000|44990732.00|-4.60|-4.20|-10.00|9.00|9.54|9.58|9.00|4.91|10.00|5708751|56959808.00|1|0.0000|0.0000|0.0000|0|10.00
京粮控股|000505|3.24|47139424|299078400.00|0.49|9.40|-2.27|6.37|6.20|6.75|6.03|47.14|6.17|10542100|64330988.00|1|0.0000|0.0000|0.0000|0|6.17
招金黄金|000506|-4.92|6921100|37443152.00|-4.92|-4.92|-4.92|5.41|5.41|5.41|5.41|6.92|5.69|24760844|141102096.00|1|0.0000|0.0000|0.0000|0|5.69
珠海港|000507|-9.94|24060450|116854368.00|-5.16|-3.44|-9.94|4.71|4.96|5.05|4.71|24.06|5.23|19486950|101256848.00|1|0.0000|0.0000|0.0000|0|5.23
华塑控股|000509|-9.97|11391500|33301868.00|-4.36|-4.36|-9.97|2.89|3.07|3.07|2.89|11.39|3.21|7957500|25457322.00|1|0.0000|0.0000|0.0000|0|3.21
新金路|000510|-9.98|34520700|129802816.00|-5.84|-4.38|-9.98|3.70|3.87|3.93|3.70|34.52|4.11|15497600|63305792.00|1|0.0000|0.0000|0.0000|0|4.11
丽珠集团|000513|-6.60|11621808|399434688.00|-3.29|-2.07|-8.98|33.80|35.00|35.44|32.94|11.62|36.19|4566106|165142016.00|1|0.0000|0.0000|0.0000|0|36.19
渝 开 发|000514|-10.08|12606100|45728068.00|-2.77|-2.77|-10.08|3.57|3.86|3.86|3.57|12.61|3.97|11049201|44067736.00|1|0.0000|0.0000|0.0000|0|3.97
国际医学|000516|-10.00|45377404|233215664.00|-7.50|-3.75|-10.00|5.04|5.18|5.39|5.04|45.38|5.60|18978450|106335432.00|1|0.0000|0.0000|0.0000|0|5.60
荣安地产|000517|-10.15|39814500|72244656.00|-2.03|-1.52|-10.15|1.77|1.93|1.94|1.77|39.81|1.97|21002030|41099872.00|1|0.0000|0.0000|0.0000|0|1.97
*ST四环|000518|-10.00|11299600|26441064.00|-10.00|-10.00|-10.00|2.34|2.34|2.34|2.34|11.30|2.60|70414702|180422656.00|1|0.0000|0.0000|0.0000|0|2.60
中兵红箭|000519|-8.13|49205566|773067840.00|-5.40|-2.73|-10.02|15.49|15.95|16.40|15.17|49.21|16.86|27610727|468904480.00|1|0.0000|0.0000|0.0000|0|16.86
凤凰航运|000520|-9.93|18391500|76077792.00|-5.08|-4.64|-9.93|4.08|4.30|4.32|4.08|18.39|4.53|20131500|89771480.00|1|0.0000|0.0000|0.0000|0|4.53
长虹美菱|000521|-9.95|34774378|247701872.00|-5.61|-5.36|-9.95|7.06|7.40|7.42|7.06|34.77|7.84|51787088|409408192.00|1|0.0000|0.0000|0.0000|0|7.84
红棉股份|000523|-9.94|42038952|132392888.00|-5.56|-3.51|-9.94|3.08|3.23|3.30|3.08|42.04|3.42|24133320|82201544.00|1|0.0000|0.0000|0.0000|0|3.42
岭南控股|000524|-10.01|65696642|838247616.00|-3.55|0.00|-10.01|12.41|13.30|13.79|12.41|65.70|13.79|86011981|1147357696.00|1|0.0000|0.0000|0.0000|0|13.79
红太阳|000525|-5.03|8636100|53811468.00|-5.03|-4.57|-5.03|6.23|6.23|6.26|6.23|8.64|6.56|24007527|158558656.00|1|0.0000|0.0000|0.0000|0|6.56
学大教育|000526|-2.74|3417199|170683856.00|-3.53|3.53|-6.52|49.35|48.95|52.53|47.43|3.42|50.74|3141900|157078672.00|1|0.0000|0.0000|0.0000|0|50.74
柳    工|000528|-10.03|40287599|415582336.00|-6.74|-4.08|-10.03|10.14|10.51|10.81|10.14|40.29|11.27|25775454|293027488.00|1|0.0000|0.0000|0.0000|0|11.27
广弘控股|000529|-8.29|17841875|104036872.00|-2.28|-0.16|-9.76|5.64|6.01|6.14|5.55|17.84|6.15|13993775|85502720.00|1|0.0000|0.0000|0.0000|0|6.15
冰山冷热|000530|-9.91|19977300|100862816.00|-8.11|-5.59|-9.91|5.00|5.10|5.24|5.00|19.98|5.55|48297462|273255904.00|1|0.0000|0.0000|0.0000|0|5.55
穗恒运Ａ|000531|-9.98|12466501|72921744.00|-3.28|-2.81|-9.98|5.77|6.20|6.23|5.77|12.47|6.41|7130400|45467304.00|1|0.0000|0.0000|0.0000|0|6.41
华金资本|000532|-9.99|7085900|99229376.00|-5.06|-5.06|-9.99|13.88|14.64|14.64|13.88|7.09|15.42|7212100|111512184.00|1|0.0000|0.0000|0.0000|0|15.42
顺钠股份|000533|-9.94|17178500|97155144.00|-9.13|-6.25|-9.94|5.62|5.67|5.85|5.62|17.18|6.24|53467200|339508928.00|1|0.0000|0.0000|0.0000|0|6.24
万泽股份|000534|-10.00|9827594|138080160.00|-7.14|-2.60|-10.00|13.86|14.30|15.00|13.86|9.83|15.40|6422613|100180888.00|1|0.0000|0.0000|0.0000|0|15.40
华映科技|000536|-9.96|46107060|192625472.00|-9.96|-6.28|-9.96|4.16|4.16|4.33|4.16|46.11|4.62|47573819|220366368.00|1|0.0000|0.0000|0.0000|0|4.62
中绿电|000537|-9.81|29088631|237354000.00|-4.22|-3.08|-10.03|7.91|8.40|8.50|7.89|29.09|8.77|13189137|114975144.00|1|0.0000|0.0000|0.0000|0|8.77
云南白药|000538|-3.44|22133326|1220219776.00|-3.44|-1.39|-5.97|55.00|55.00|56.17|53.56|22.13|56.96|7664248|435956224.00|1|0.0000|0.0000|0.0000|0|56.96
粤电力Ａ|000539|-8.97|65835199|286954848.00|-4.49|-2.78|-10.04|4.26|4.47|4.55|4.21|65.84|4.68|60745319|282012576.00|1|0.0000|0.0000|0.0000|0|4.68
佛山照明|000541|-9.96|40468680|247610864.00|-7.58|-5.94|-9.96|6.06|6.22|6.33|6.06|40.47|6.73|63650782|430041664.00|1|0.0000|0.0000|0.0000|0|6.73
皖能电力|000543|-8.42|70066551|508229696.00|-4.02|-2.59|-9.97|7.07|7.41|7.52|6.95|70.07|7.72|43547269|334995328.00|1|0.0000|0.0000|0.0000|0|7.72
中原环保|000544|-10.02|13399749|107415832.00|-2.42|-2.42|-10.02|7.81|8.47|8.47|7.81|13.40|8.68|4333810|37555148.00|1|0.0000|0.0000|0.0000|0|8.68
金浦钛业|000545|-10.00|25100900|50243608.00|-4.55|-4.55|-10.00|1.98|2.10|2.10|1.98|25.10|2.20|24094360|52200012.00|1|0.0000|0.0000|0.0000|0|2.20
金圆股份|000546|-9.89|15565700|64668980.00|-4.62|-4.40|-9.89|4.10|4.34|4.35|4.10|15.57|4.55|10640209|48155156.00|1|0.0000|0.0000|0.0000|0|4.55
航天发展|000547|-10.03|32278700|216360912.00|-3.71|-3.02|-10.03|6.55|7.01|7.06|6.55|32.28|7.28|10491326|76440376.00|1|0.0000|0.0000|0.0000|0|7.28
湖南投资|000548|-10.08|14187811|68098496.00|-4.56|-4.56|-10.08|4.73|5.02|5.02|4.73|14.19|5.26|20050900|104711456.00|1|0.0000|0.0000|0.0000|0|5.26
江铃汽车|000550|-10.00|6366400|127856304.00|-9.91|-6.04|-10.00|19.98|20.00|20.86|19.98|6.37|22.20|6400995|143197168.00|1|0.0000|0.0000|0.0000|0|22.20
创元科技|000551|-9.98|5633400|63051456.00|-6.49|-5.92|-9.98|11.10|11.53|11.60|11.10|5.63|12.33|6287167|78075400.00|1|0.0000|0.0000|0.0000|0|12.33
甘肃能化|000552|-9.80|83584797|198541824.00|-2.35|-2.35|-9.80|2.30|2.49|2.49|2.30|83.58|2.55|26117016|66263952.00|1|0.0000|0.0000|0.0000|0|2.55
安道麦A|000553|-10.07|7721300|42249508.00|-2.68|-2.68|-10.07|5.36|5.80|5.80|5.36|7.72|5.96|3758301|22288576.00|1|0.0000|0.0000|0.0000|0|5.96
泰山石油|000554|-10.06|18488601|104354000.00|-5.36|-3.73|-10.06|5.54|5.83|5.93|5.54|18.49|6.16|10735800|66106496.00|1|0.0000|0.0000|0.0000|0|6.16
神州信息|000555|-9.99|20938900|217244752.00|-7.54|-5.52|-9.99|10.27|10.55|10.78|10.27|20.94|11.41|25160199|289479136.00|1|0.0000|0.0000|0.0000|0|11.41
西部创业|000557|-9.91|22106184|112190976.00|-6.67|-4.50|-9.91|5.00|5.18|5.30|5.00|22.11|5.55|12237025|67850672.00|1|0.0000|0.0000|0.0000|0|5.55
天府文旅|000558|-8.31|172943386|670036480.00|-5.13|0.73|-10.02|3.75|3.88|4.12|3.68|172.94|4.09|170079974|689227968.00|1|0.0000|0.0000|0.0000|0|4.09
万向钱潮|000559|-9.97|95429283|674204032.00|-7.38|-3.63|-9.97|6.95|7.15|7.44|6.95|95.43|7.72|236812700|1788818944.00|1|0.0000|0.0000|0.0000|0|7.72
我爱我家|000560|-10.00|141197585|403505088.00|-4.19|-3.23|-10.00|2.79|2.97|3.00|2.79|141.20|3.10|217806318|673473664.00|1|0.0000|0.0000|0.0000|0|3.10
烽火电子|000561|-9.99|11625600|83577712.00|-8.09|-3.92|-9.99|7.12|7.27|7.60|7.12|11.63|7.91|6855500|54267276.00|1|0.0000|0.0000|0.0000|0|7.91
陕国投Ａ|000563|-9.94|107256604|349081120.00|-3.98|-2.27|-9.94|3.17|3.38|3.44|3.17|107.26|3.52|63293518|222565888.00|1|0.0000|0.0000|0.0000|0|3.52
供销大集|000564|-6.50|582171903|1573428352.00|-3.25|4.69|-10.11|2.59|2.68|2.90|2.49|582.17|2.77|319280089|878402752.00|1|0.0000|0.0000|0.0000|0|2.77
渝三峡Ａ|000565|-10.00|7710400|38166204.00|-2.96|-2.96|-10.00|4.86|5.24|5.24|4.86|7.71|5.40|5341800|28566368.00|1|0.0000|0.0000|0.0000|0|5.40
海南海药|000566|-10.07|20576153|85598544.00|-4.60|-4.38|-10.07|4.11|4.36|4.37|4.11|20.58|4.57|9826000|45038080.00|1|0.0000|0.0000|0.0000|0|4.57
海德股份|000567|-10.07|15411205|82101048.00|-5.46|-4.44|-10.07|5.27|5.54|5.60|5.27|15.41|5.86|7847632|45988384.00|1|0.0000|0.0000|0.0000|0|5.86
泸州老窖|000568|-5.29|19007423|2399791360.00|-3.98|-2.19|-8.89|125.56|127.30|129.67|120.80|19.01|132.58|8646909|1139812224.00|1|0.0000|0.0000|0.0000|0|132.58
苏常柴Ａ|000570|-9.95|17788492|89993184.00|-6.33|-5.61|-9.95|4.98|5.18|5.22|4.98|17.79|5.53|18997153|104488416.00|1|0.0000|0.0000|0.0000|0|5.53
新大洲A|000571|-10.09|19898700|77039144.00|-8.69|-4.23|-10.09|3.83|3.89|4.08|3.83|19.90|4.26|17307437|74422816.00|1|0.0000|0.0000|0.0000|0|4.26
海马汽车|000572|-10.03|35324461|127744800.00|-5.76|-5.76|-10.03|3.59|3.76|3.76|3.59|35.32|3.99|26819481|107330496.00|1|0.0000|0.0000|0.0000|0|3.99
粤宏远Ａ|000573|-10.04|39697783|160932400.00|-7.81|-6.47|-10.04|4.03|4.13|4.19|4.03|39.70|4.48|49306771|222918304.00|1|0.0000|0.0000|0.0000|0|4.48
甘化科工|000576|-9.99|8434200|56572848.00|-3.97|-2.60|-9.99|6.58|7.02|7.12|6.58|8.43|7.31|4381300|32046672.00|1|0.0000|0.0000|0.0000|0|7.31
威孚高科|000581|-10.00|26650300|501537920.00|-6.71|-6.13|-10.00|18.64|19.32|19.44|18.64|26.65|20.71|16103000|335313920.00|1|0.0000|0.0000|0.0000|0|20.71
北部湾港|000582|-10.02|59904699|504093504.00|-5.29|-3.19|-10.02|8.17|8.60|8.79|8.17|59.90|9.08|56838449|507343744.00|1|0.0000|0.0000|0.0000|0|9.08
汇源通信|000586|-9.99|3825500|32278584.00|-4.94|-4.94|-9.99|8.38|8.85|8.85|8.38|3.83|9.31|4383300|40826940.00|1|0.0000|0.0000|0.0000|0|9.31
贵州轮胎|000589|-9.90|40591111|181225280.00|-3.71|-3.71|-9.90|4.37|4.67|4.67|4.37|40.59|4.85|19270810|93223400.00|1|0.0000|0.0000|0.0000|0|4.85
古汉医药|000590|-9.99|5805000|47456092.00|-4.04|-2.92|-9.99|8.02|8.55|8.65|8.02|5.80|8.91|3442200|30432256.00|1|0.0000|0.0000|0.0000|0|8.91
太阳能|000591|-8.20|77503421|327311968.00|-2.44|-2.44|-9.76|4.14|4.40|4.40|4.07|77.50|4.51|29917600|134696768.00|1|0.0000|0.0000|0.0000|0|4.51
平潭发展|000592|-10.13|191928574|547593920.00|-4.90|-1.63|-10.13|2.75|2.91|3.01|2.75|191.93|3.06|157101022|483432800.00|1|0.0000|0.0000|0.0000|0|3.06
德龙汇能|000593|-9.96|7453300|37641224.00|-3.08|-3.08|-9.96|4.97|5.35|5.35|4.97|7.45|5.52|7942100|43579708.00|1|0.0000|0.0000|0.0000|0|5.52
*ST宝实|000595|-9.95|20434800|102648544.00|-9.58|-4.52|-9.95|4.98|5.00|5.28|4.98|20.43|5.53|18564100|103547240.00|1|0.0000|0.0000|0.0000|0|5.53
古井贡酒|000596|-5.94|3122738|518821760.00|-1.99|-1.42|-9.50|164.10|171.00|172.00|157.90|3.12|174.47|1893702|328947712.00|1|0.0000|0.0000|0.0000|0|174.47
东北制药|000597|-9.97|65830766|344575744.00|-8.22|-4.72|-9.97|5.15|5.25|5.45|5.15|65.83|5.72|116288007|655785472.00|1|0.0000|0.0000|0.0000|0|5.72
兴蓉环境|000598|-5.49|55143185|375976672.00|-2.11|-1.13|-7.46|6.71|6.95|7.02|6.57|55.14|7.10|51494401|365308160.00|1|0.0000|0.0000|0.0000|0|7.10
青岛双星|000599|-1.25|121495481|599461952.00|4.17|10.00|-2.50|4.74|5.00|5.28|4.68|121.50|4.80|28079139|131177696.00|1|0.0000|0.0000|0.0000|0|4.80
建投能源|000600|-5.44|81686803|470106944.00|-5.27|-1.48|-10.05|5.74|5.75|5.98|5.46|81.69|6.07|65705208|397763616.00|1|0.0000|0.0000|0.0000|0|6.07
韶能股份|000601|-10.07|138674831|775461952.00|-9.23|-1.01|-10.07|5.36|5.41|5.90|5.36|138.67|5.96|158176561|943821888.00|1|0.0000|0.0000|0.0000|0|5.96
盛达资源|000603|-10.01|9874300|133385112.00|-10.01|-8.21|-10.01|13.48|13.48|13.75|13.48|9.87|14.98|9439500|142751552.00|1|0.0000|0.0000|0.0000|0|14.98
渤海股份|000605|-9.93|5966300|40538136.00|-4.70|-4.56|-9.93|6.71|7.10|7.11|6.71|5.97|7.45|6216730|45923776.00|1|0.0000|0.0000|0.0000|0|7.45
华媒控股|000607|-9.98|13112900|47866464.00|-2.74|-2.74|-9.98|3.61|3.90|3.90|3.61|13.11|4.01|7208201|28791956.00|1|0.0000|0.0000|0.0000|0|4.01
*ST阳光|000608|-10.06|19665300|30095160.00|-6.51|-5.92|-10.06|1.52|1.58|1.59|1.52|19.67|1.69|19107802|32307242.00|1|0.0000|0.0000|0.0000|0|1.69
ST中迪|000609|-5.04|1898600|4303235.00|-5.04|-1.26|-5.04|2.26|2.26|2.35|2.26|1.90|2.38|3148000|7509797.00|1|0.0000|0.0000|0.0000|0|2.38
西安旅游|000610|-10.01|24179494|310363552.00|-3.92|-1.38|-10.01|12.41|13.25|13.60|12.41|24.18|13.79|20234608|275272480.00|1|0.0000|0.0000|0.0000|0|13.79
焦作万方|000612|-10.00|33486440|226283776.00|-5.54|-5.41|-10.00|6.66|6.99|7.00|6.66|33.49|7.40|28505980|209450192.00|1|0.0000|0.0000|0.0000|0|7.40
*ST美谷|000615|-2.43|34886435|129375640.00|0.00|4.86|-4.86|3.61|3.70|3.88|3.52|34.89|3.70|10106902|37078940.00|1|0.0000|0.0000|0.0000|0|3.70
中油资本|000617|-9.98|144352800|875712384.00|-4.69|-3.33|-9.98|5.95|6.30|6.39|5.95|144.35|6.61|181563800|1194744576.00|1|0.0000|0.0000|0.0000|0|6.61
海螺新材|000619|-9.98|9238761|50407256.00|-7.99|-5.16|-9.98|5.41|5.53|5.70|5.41|9.24|6.01|6782861|40794912.00|1|0.0000|0.0000|0.0000|0|6.01
盈新发展|000620|-10.06|72877199|113228256.00|-4.73|-3.55|-10.06|1.52|1.61|1.63|1.52|72.88|1.69|42199651|71567608.00|1|0.0000|0.0000|0.0000|0|1.69
吉林敖东|000623|-9.98|25703992|399651712.00|-3.74|-3.74|-9.98|15.16|16.21|16.21|15.16|25.70|16.84|8842833|148718624.00|1|0.0000|0.0000|0.0000|0|16.84
长安汽车|000625|-10.02|157285869|1864704128.00|-5.90|-3.73|-10.02|11.59|12.12|12.40|11.59|157.29|12.88|48442735|624252672.00|1|0.0000|0.0000|0.0000|0|12.88
远大控股|000626|-9.96|4472600|22167406.00|-2.58|-2.58|-9.96|4.88|5.28|5.28|4.88|4.47|5.42|4319102|23138800.00|1|0.0000|0.0000|0.0000|0|5.42
高新发展|000628|-10.01|4807724|200843328.00|-8.39|-5.06|-10.01|41.28|42.02|43.55|41.28|4.81|45.87|3987200|183984416.00|1|0.0000|0.0000|0.0000|0|45.87
钒钛股份|000629|-9.82|121270176|317945056.00|-4.21|-3.86|-9.82|2.57|2.73|2.74|2.57|121.27|2.85|47162865|134637680.00|1|0.0000|0.0000|0.0000|0|2.85
铜陵有色|000630|-9.85|343257800|1043628224.00|-8.06|-6.87|-9.85|3.02|3.08|3.12|3.02|343.26|3.35|189264992|637182464.00|1|0.0000|0.0000|0.0000|0|3.35
顺发恒能|000631|-10.03|18987780|50510704.00|-2.42|-2.42|-10.03|2.60|2.82|2.82|2.60|18.99|2.89|7444559|21489178.00|1|0.0000|0.0000|0.0000|0|2.89
三木集团|000632|-9.85|9794500|29877432.00|-5.67|-5.67|-9.85|3.02|3.16|3.16|3.02|9.79|3.35|7959801|26501166.00|1|0.0000|0.0000|0.0000|0|3.35
合金投资|000633|-9.96|12449800|57372524.00|-5.78|-3.59|-9.96|4.52|4.73|4.84|4.52|12.45|5.02|31472824|156971728.00|1|0.0000|0.0000|0.0000|0|5.02
英 力 特|000635|-10.01|7874600|59152080.00|-3.42|-3.42|-10.01|7.37|7.91|7.91|7.37|7.87|8.19|4928720|39860288.00|1|0.0000|0.0000|0.0000|0|8.19
风华高科|000636|-10.00|18681266|242565968.00|-6.13|-4.93|-10.00|12.78|13.33|13.50|12.78|18.68|14.20|11526300|164820816.00|1|0.0000|0.0000|0.0000|0|14.20
茂化实华|000637|-10.06|13411600|42467084.00|-5.17|-5.17|-10.06|3.13|3.30|3.30|3.13|13.41|3.48|10004100|34800908.00|1|0.0000|0.0000|0.0000|0|3.48
*ST万方|000638|-10.02|19229613|89070200.00|-3.01|-2.00|-10.02|4.49|4.84|4.89|4.49|19.23|4.99|7178000|35491288.00|1|0.0000|0.0000|0.0000|0|4.99
西王食品|000639|-10.04|32849557|84104072.00|-3.94|-3.23|-10.04|2.51|2.68|2.70|2.51|32.85|2.79|28435400|78653008.00|1|0.0000|0.0000|0.0000|0|2.79
仁和药业|000650|-8.17|44023393|233876640.00|-2.13|-2.13|-9.41|5.17|5.51|5.51|5.10|44.02|5.63|18388225|103222688.00|1|0.0000|0.0000|0.0000|0|5.63
格力电器|000651|-4.52|92719776|4030308608.00|-4.74|-1.48|-6.95|43.30|43.20|44.68|42.20|92.72|45.35|40141606|1808260608.00|1|0.0000|0.0000|0.0000|0|45.35
泰达股份|000652|-10.00|26041390|93278536.00|-5.64|-4.62|-10.00|3.51|3.68|3.72|3.51|26.04|3.90|18067180|70933160.00|1|0.0000|0.0000|0.0000|0|3.90
金岭矿业|000655|-9.99|13333300|83077184.00|-3.82|-3.67|-9.99|6.13|6.55|6.56|6.13|13.33|6.81|5835390|39645408.00|1|0.0000|0.0000|0.0000|0|6.81
*ST金科|000656|-5.19|53022900|67909832.00|-5.19|-4.44|-5.19|1.28|1.28|1.29|1.28|53.02|1.35|69752064|93119984.00|1|0.0000|0.0000|0.0000|0|1.35
中钨高新|000657|-9.95|24195707|221582496.00|-4.52|-3.52|-9.95|8.96|9.50|9.60|8.96|24.20|9.95|17574249|175288800.00|1|0.0000|0.0000|0.0000|0|9.95
珠海中富|000659|-9.90|40891948|118581000.00|-3.83|-2.24|-9.90|2.82|3.01|3.06|2.82|40.89|3.13|32494771|100854648.00|1|0.0000|0.0000|0.0000|0|3.13
长春高新|000661|-6.99|10412498|999393728.00|-4.74|-2.34|-9.88|94.80|97.09|99.53|91.85|10.41|101.92|4213305|428220640.00|1|0.0000|0.0000|0.0000|0|101.92
永安林业|000663|-10.00|7720100|40542764.00|-2.46|-2.46|-10.00|5.13|5.56|5.56|5.13|7.72|5.70|4029250|22896110.00|1|0.0000|0.0000|0.0000|0|5.70
湖北广电|000665|-10.04|47610900|215382768.00|-6.22|-4.82|-10.04|4.48|4.67|4.74|4.48|47.61|4.98|46387099|230748736.00|1|0.0000|0.0000|0.0000|0|4.98
*ST荣控|000668|-9.94|3852294|17976216.00|-5.26|-3.31|-9.94|4.62|4.86|4.96|4.62|3.85|5.13|2745700|14033038.00|1|0.0000|0.0000|0.0000|0|5.13
ST金鸿|000669|-4.84|4257000|7548181.00|-4.30|-3.76|-4.84|1.77|1.78|1.79|1.77|4.26|1.86|3782300|6993214.00|1|0.0000|0.0000|0.0000|0|1.86
盈方微|000670|-9.94|16753844|95241944.00|-6.09|-5.13|-9.94|5.62|5.86|5.92|5.62|16.75|6.24|15125500|94621032.00|1|0.0000|0.0000|0.0000|0|6.24
上峰水泥|000672|-7.58|17316320|134831536.00|-3.18|-0.37|-9.41|7.56|7.92|8.15|7.41|17.32|8.18|19708631|160284608.00|1|0.0000|0.0000|0.0000|0|8.18
智度股份|000676|-10.01|24837403|182956096.00|-6.06|-5.07|-10.01|7.28|7.60|7.68|7.28|24.84|8.09|12472100|101275888.00|1|0.0000|0.0000|0.0000|0|8.09
恒天海龙|000677|-9.88|76008013|302598048.00|-5.18|-2.59|-9.88|3.83|4.03|4.14|3.83|76.01|4.25|55630171|233124528.00|1|0.0000|0.0000|0.0000|0|4.25
襄阳轴承|000678|-10.02|48581244|510518816.00|-6.33|-4.57|-10.02|10.24|10.66|10.86|10.24|48.58|11.38|63178897|722309248.00|1|0.0000|0.0000|0.0000|0|11.38
大连友谊|000679|-4.95|15480575|92996208.00|-2.56|2.72|-9.74|5.95|6.10|6.43|5.65|15.48|6.26|9363475|59420572.00|1|0.0000|0.0000|0.0000|0|6.26
山推股份|000680|-10.01|21864100|172684976.00|-7.13|-6.44|-10.01|7.82|8.07|8.13|7.82|21.86|8.69|24813773|216063936.00|1|0.0000|0.0000|0.0000|0|8.69
视觉中国|000681|-10.01|24222874|456219744.00|-10.01|-5.44|-10.01|18.70|18.70|19.65|18.70|24.22|20.78|20270199|424867968.00|1|0.0000|0.0000|0.0000|0|20.78
东方电子|000682|-10.04|31020929|282862432.00|-6.59|-4.16|-10.04|8.87|9.21|9.45|8.87|31.02|9.86|14602123|145120400.00|1|0.0000|0.0000|0.0000|0|9.86
博源化工|000683|-9.40|80930156|413401216.00|-3.25|-3.25|-9.95|5.01|5.35|5.35|4.98|80.93|5.53|24809472|137056432.00|1|0.0000|0.0000|0.0000|0|5.53
中山公用|000685|-8.46|42966322|362410080.00|-3.56|-2.56|-9.80|8.22|8.66|8.75|8.10|42.97|8.98|6826410|61252204.00|1|0.0000|0.0000|0.0000|0|8.98
东北证券|000686|-10.01|32275829|237244080.00|-6.13|-3.88|-10.01|7.19|7.50|7.68|7.19|32.28|7.99|14864300|119026944.00|1|0.0000|0.0000|0.0000|0|7.99
国城矿业|000688|-10.02|7091437|76381416.00|-5.77|-5.43|-10.02|10.60|11.10|11.14|10.60|7.09|11.78|3551362|41841524.00|1|0.0000|0.0000|0.0000|0|11.78
宝新能源|000690|-9.50|81850435|322226592.00|-2.38|-1.66|-9.98|3.81|4.11|4.14|3.79|81.85|4.21|42304343|177926288.00|1|0.0000|0.0000|0.0000|0|4.21
*ST亚太|000691|-9.93|8932525|23672500.00|-5.82|-5.82|-9.93|2.63|2.75|2.75|2.63|8.93|2.92|14443000|41931900.00|1|0.0000|0.0000|0.0000|0|2.92
惠天热电|000692|-10.09|13851300|42827484.00|-5.04|-5.04|-10.09|3.03|3.20|3.20|3.03|13.85|3.37|7577200|25340190.00|1|0.0000|0.0000|0.0000|0|3.37
滨海能源|000695|-10.02|5234800|47426580.00|-3.81|-3.71|-10.02|8.98|9.60|9.61|8.98|5.23|9.98|2412050|23786858.00|1|0.0000|0.0000|0.0000|0|9.98
ST炼石|000697|-10.04|11179894|82317104.00|-6.52|-2.26|-10.04|7.17|7.45|7.79|7.17|11.18|7.97|5556900|44339180.00|1|0.0000|0.0000|0.0000|0|7.97
ST沈化|000698|-9.94|18133800|56775188.00|-3.51|-3.51|-9.94|3.08|3.30|3.30|3.08|18.13|3.42|15026882|50784776.00|1|0.0000|0.0000|0.0000|0|3.42
模塑科技|000700|-10.01|21449700|147655520.00|-7.77|-6.06|-10.01|6.83|7.00|7.13|6.83|21.45|7.59|26974400|207160480.00|1|0.0000|0.0000|0.0000|0|7.59
厦门信达|000701|-10.02|13426800|58315680.00|-6.89|-5.64|-10.02|4.31|4.46|4.52|4.31|13.43|4.79|9724100|46428756.00|1|0.0000|0.0000|0.0000|0|4.79
正虹科技|000702|-9.96|15797568|101950592.00|-5.12|-0.44|-9.96|6.15|6.48|6.80|6.15|15.80|6.83|13055400|90846672.00|1|0.0000|0.0000|0.0000|0|6.83
恒逸石化|000703|-4.64|38525099|217415536.00|-3.65|-2.99|-9.62|5.75|5.81|5.85|5.45|38.53|6.03|9605192|57755216.00|1|0.0000|0.0000|0.0000|0|6.03
浙江震元|000705|-10.00|13898620|105385592.00|-3.78|-3.29|-10.00|7.38|7.89|7.93|7.38|13.90|8.20|8731262|71385728.00|1|0.0000|0.0000|0.0000|0|8.20
双环科技|000707|-10.06|12994400|84188192.00|-2.69|-2.69|-10.06|6.35|6.87|6.87|6.35|12.99|7.06|8394300|59030536.00|1|0.0000|0.0000|0.0000|0|7.06
中信特钢|000708|-6.98|31773867|371949600.00|-5.37|-2.81|-9.86|11.60|11.80|12.12|11.24|31.77|12.47|7699571|96050872.00|1|0.0000|0.0000|0.0000|0|12.47
河钢股份|000709|-9.78|146004588|304980704.00|-2.22|-2.22|-9.78|2.03|2.20|2.20|2.03|146.00|2.25|62630769|140592576.00|1|0.0000|0.0000|0.0000|0|2.25
贝瑞基因|000710|-10.02|10920500|136599728.00|-6.36|-3.29|-10.02|12.30|12.80|13.22|12.30|10.92|13.67|19012300|263364528.00|1|0.0000|0.0000|0.0000|0|13.67
ST京蓝|000711|-5.00|14890700|25519152.00|-4.44|-3.89|-5.00|1.71|1.72|1.73|1.71|14.89|1.80|20380760|36331764.00|1|0.0000|0.0000|0.0000|0|1.80
锦龙股份|000712|-10.02|18456659|212627792.00|-4.69|-3.10|-10.02|11.32|11.99|12.19|11.32|18.46|12.58|10040702|126240992.00|1|0.0000|0.0000|0.0000|0|12.58
国投丰乐|000713|9.95|140147870|1107769728.00|4.63|9.95|1.63|8.07|7.68|8.07|7.46|140.15|7.34|32530212|235394128.00|1|0.0000|0.0000|0.0000|0|7.34
中兴商业|000715|5.11|74515665|562871424.00|-3.87|9.94|-3.87|7.61|6.96|7.96|6.96|74.52|7.24|42136020|301759040.00|1|0.0000|0.0000|0.0000|0|7.24
黑芝麻|000716|-9.94|33621400|200824464.00|-4.04|-2.17|-9.94|5.80|6.18|6.30|5.80|33.62|6.44|23049300|148862768.00|1|0.0000|0.0000|0.0000|0|6.44
中南股份|000717|-10.04|36513933|89497848.00|-3.72|-3.72|-10.04|2.42|2.59|2.59|2.42|36.51|2.69|12229800|32927044.00|1|0.0000|0.0000|0.0000|0|2.69
苏宁环球|000718|-10.05|35462217|71935144.00|-2.74|-2.74|-10.05|1.97|2.13|2.13|1.97|35.46|2.19|26620067|58150972.00|1|0.0000|0.0000|0.0000|0|2.19
中原传媒|000719|-4.34|23104434|263748816.00|-3.49|0.85|-6.30|11.23|11.33|11.84|11.00|23.10|11.74|13278615|155647344.00|1|0.0000|0.0000|0.0000|0|11.74
新能泰山|000720|-10.03|11955600|31447652.00|-3.11|-3.11|-10.03|2.60|2.80|2.80|2.60|11.96|2.89|8101200|23347732.00|1|0.0000|0.0000|0.0000|0|2.89
西安饮食|000721|-10.02|26932618|229186928.00|-5.23|-2.18|-10.02|8.26|8.70|8.98|8.26|26.93|9.18|20612633|189033296.00|1|0.0000|0.0000|0.0000|0|9.18
湖南发展|000722|8.42|95947727|1302057472.00|-1.30|9.49|-6.12|14.17|12.90|14.31|12.27|95.95|13.07|58451503|762475008.00|1|0.0000|0.0000|0.0000|0|13.07
美锦能源|000723|-9.96|86888400|359664576.00|-6.19|-3.76|-9.96|4.07|4.24|4.35|4.07|86.89|4.52|28449344|128447208.00|1|0.0000|0.0000|0.0000|0|4.52
京东方Ａ|000725|-10.10|806022868|3058154240.00|-5.53|-5.53|-10.10|3.74|3.93|3.93|3.74|806.02|4.16|321169939|1336103552.00|1|0.0000|0.0000|0.0000|0|4.16
鲁  泰Ａ|000726|-10.02|11406100|64475848.00|-3.88|-3.88|-10.02|5.57|5.95|5.95|5.57|11.41|6.19|5745591|35539980.00|1|0.0000|0.0000|0.0000|0|6.19
冠捷科技|000727|-10.04|86060807|210903312.00|-7.81|-4.83|-10.04|2.42|2.48|2.56|2.42|86.06|2.69|54376478|146721040.00|1|0.0000|0.0000|0.0000|0|2.69
国元证券|000728|-9.95|86654071|629251392.00|-3.95|-3.57|-9.95|7.06|7.53|7.56|7.06|86.65|7.84|26313839|206584032.00|1|0.0000|0.0000|0.0000|0|7.84
燕京啤酒|000729|0.55|59590505|762576704.00|-3.13|4.53|-6.09|12.87|12.40|13.38|12.02|59.59|12.80|21290384|271163488.00|1|0.0000|0.0000|0.0000|0|12.80
四川美丰|000731|-9.71|20745847|140740288.00|-3.15|-2.19|-9.99|6.60|7.08|7.15|6.58|20.75|7.31|7225422|52423944.00|1|0.0000|0.0000|0.0000|0|7.31
振华科技|000733|-2.44|33101122|1887621760.00|-2.12|3.01|-6.52|56.71|56.90|59.88|54.34|33.10|58.13|19189132|1100195200.00|1|0.0000|0.0000|0.0000|0|58.13
罗 牛 山|000735|-4.53|100606265|624939328.00|-1.62|5.02|-7.44|5.90|6.08|6.49|5.72|100.61|6.18|25108143|154778304.00|1|0.0000|0.0000|0.0000|0|6.18
*ST中地|000736|-9.96|15298300|74182520.00|-6.02|-4.14|-9.96|4.79|5.00|5.10|4.79|15.30|5.32|15921886|84860168.00|1|0.0000|0.0000|0.0000|0|5.32
北方铜业|000737|-9.99|18536500|167013872.00|-9.99|-9.99|-9.99|9.01|9.01|9.01|9.01|18.54|10.01|83732284|841132992.00|1|0.0000|0.0000|0.0000|0|10.01
航发控制|000738|-9.15|23641880|407350240.00|-4.17|-3.09|-10.02|16.78|17.70|17.90|16.62|23.64|18.47|11370551|209917088.00|1|0.0000|0.0000|0.0000|0|18.47
普洛药业|000739|-10.01|18499285|262652896.00|-5.72|-3.44|-10.01|13.85|14.51|14.86|13.85|18.50|15.39|9764171|149734432.00|1|0.0000|0.0000|0.0000|0|15.39
国海证券|000750|-9.88|122551294|456602144.00|-4.44|-3.46|-9.88|3.65|3.87|3.91|3.65|122.55|4.05|50570009|205066336.00|1|0.0000|0.0000|0.0000|0|4.05
锌业股份|000751|-9.86|24407100|65702688.00|-3.74|-3.74|-9.86|2.65|2.83|2.83|2.65|24.41|2.94|12197398|35631684.00|1|0.0000|0.0000|0.0000|0|2.94
ST西发|000752|-4.98|2635200|20231220.00|-3.86|-2.62|-4.98|7.63|7.72|7.82|7.63|2.64|8.03|1276100|10195335.00|1|0.0000|0.0000|0.0000|0|8.03
漳州发展|000753|-9.96|86648361|435709056.00|-9.96|-4.71|-9.96|4.97|4.97|5.26|4.97|86.65|5.52|136906588|759608192.00|1|0.0000|0.0000|0.0000|0|5.52
山西高速|000755|-10.04|17254300|80035960.00|-2.41|-2.01|-10.04|4.48|4.86|4.88|4.48|17.25|4.98|15430601|76336736.00|1|0.0000|0.0000|0.0000|0|4.98
新华制药|000756|-10.01|17375675|243634880.00|-4.25|-3.60|-10.01|13.76|14.64|14.74|13.76|17.38|15.29|10627737|162543072.00|1|0.0000|0.0000|0.0000|0|15.29
浩物股份|000757|-10.10|15109700|53057968.00|-7.77|-3.63|-10.10|3.47|3.56|3.72|3.47|15.11|3.86|16258200|62568400.00|1|0.0000|0.0000|0.0000|0|3.86
中色股份|000758|-9.96|43983299|204182032.00|-4.18|-3.59|-9.96|4.52|4.81|4.84|4.52|43.98|5.02|18130940|91008376.00|1|0.0000|0.0000|0.0000|0|5.02
中百集团|000759|-10.04|67280068|486293504.00|-4.69|-0.26|-10.04|6.90|7.31|7.65|6.90|67.28|7.67|81174566|621304384.00|1|0.0000|0.0000|0.0000|0|7.67
本钢板材|000761|-10.05|18224200|63067644.00|-5.56|-4.23|-10.05|3.40|3.57|3.62|3.40|18.22|3.78|9356751|35250584.00|1|0.0000|0.0000|0.0000|0|3.78
西藏矿业|000762|-10.00|13441300|249914528.00|-4.43|-4.43|-10.00|18.27|19.40|19.40|18.27|13.44|20.30|7050102|143626128.00|1|0.0000|0.0000|0.0000|0|20.30
通化金马|000766|-8.00|43628081|733444608.00|-5.81|-3.95|-9.97|16.79|17.19|17.53|16.43|43.63|18.25|13794301|250941920.00|1|0.0000|0.0000|0.0000|0|18.25
晋控电力|000767|-9.93|44455500|112935824.00|-1.84|-1.84|-9.93|2.45|2.67|2.67|2.45|44.46|2.72|31464501|84906496.00|1|0.0000|0.0000|0.0000|0|2.72
中航西飞|000768|-7.07|44865036|991649472.00|-4.20|-1.50|-9.81|21.70|22.37|23.00|21.06|44.87|23.35|16274041|380776064.00|1|0.0000|0.0000|0.0000|0|23.35
广发证券|000776|-10.00|79509067|1188066816.00|-4.44|-3.77|-10.00|14.58|15.48|15.59|14.58|79.51|16.20|33022249|533918688.00|1|0.0000|0.0000|0.0000|0|16.20
中核科技|000777|-10.01|14776100|238316704.00|-4.72|-4.10|-10.01|15.82|16.75|16.86|15.82|14.78|17.58|11943902|213592192.00|1|0.0000|0.0000|0.0000|0|17.58
新兴铸管|000778|-9.69|60834821|198079840.00|-3.13|-2.85|-9.97|3.17|3.40|3.41|3.16|60.83|3.51|24916532|87144112.00|1|0.0000|0.0000|0.0000|0|3.51
甘咨询|000779|-10.03|16193600|134895600.00|-6.54|-5.67|-10.03|8.25|8.57|8.65|8.25|16.19|9.17|14620600|134466640.00|1|0.0000|0.0000|0.0000|0|9.17
恒申新材|000782|-10.00|16960500|79309432.00|-4.31|-4.31|-10.00|4.59|4.88|4.88|4.59|16.96|5.10|7992600|40489172.00|1|0.0000|0.0000|0.0000|0|5.10
长江证券|000783|-10.02|69752370|417389856.00|-3.85|-3.24|-10.02|5.84|6.24|6.28|5.84|69.75|6.49|26570640|172285392.00|1|0.0000|0.0000|0.0000|0|6.49
居然智家|000785|-10.07|70174047|265930992.00|-6.47|-4.80|-10.07|3.75|3.90|3.97|3.75|70.17|4.17|59705520|250663408.00|1|0.0000|0.0000|0.0000|0|4.17
北新建材|000786|-4.22|17486002|495390432.00|-5.04|-2.03|-7.54|28.34|28.10|28.99|27.36|17.49|29.59|11480937|341045696.00|1|0.0000|0.0000|0.0000|0|29.59
北大医药|000788|-10.03|20236700|112789584.00|-4.44|-3.13|-10.03|5.47|5.81|5.89|5.47|20.24|6.08|14811999|90053472.00|1|0.0000|0.0000|0.0000|0|6.08
万年青|000789|-10.00|11406888|57151680.00|-3.70|-2.59|-10.00|4.86|5.20|5.26|4.86|11.41|5.40|8543500|46184116.00|1|0.0000|0.0000|0.0000|0|5.40
华神科技|000790|-10.03|25103107|89869304.00|-3.08|-2.83|-10.03|3.50|3.77|3.78|3.50|25.10|3.89|14882177|57756588.00|1|0.0000|0.0000|0.0000|0|3.89
甘肃能源|000791|-6.54|82670724|542832832.00|-5.38|-1.16|-9.16|6.43|6.51|6.80|6.25|82.67|6.88|75514089|522149344.00|1|0.0000|0.0000|0.0000|0|6.88
盐湖股份|000792|-8.43|93575382|1434749056.00|-4.18|-3.27|-10.01|15.10|15.80|15.95|14.84|93.58|16.49|27982035|462141952.00|1|0.0000|0.0000|0.0000|0|16.49
ST华闻|000793|-4.94|22305200|51568640.00|-4.94|-3.70|-4.94|2.31|2.31|2.34|2.31|22.31|2.43|52426237|126036424.00|1|0.0000|0.0000|0.0000|0|2.43
英洛华|000795|-4.29|116938754|1327660032.00|0.80|6.97|-9.92|10.71|11.28|11.97|10.08|116.94|11.19|55256263|613558528.00|1|0.0000|0.0000|0.0000|0|11.19
凯撒旅业|000796|-10.08|71808078|263791712.00|-4.28|-2.27|-10.08|3.57|3.80|3.88|3.57|71.81|3.97|70066547|276898432.00|1|0.0000|0.0000|0.0000|0|3.97
中国武夷|000797|-10.00|40370788|107066776.00|-3.79|-3.79|-10.00|2.61|2.79|2.79|2.61|40.37|2.90|28126946|81146200.00|1|0.0000|0.0000|0.0000|0|2.90
中水渔业|000798|-9.99|13590600|90852504.00|-2.67|-0.42|-9.99|6.40|6.92|7.08|6.40|13.59|7.11|6704601|47239640.00|1|0.0000|0.0000|0.0000|0|7.11
酒鬼酒|000799|-9.59|13120817|581754880.00|-3.93|-2.19|-9.99|42.98|45.67|46.50|42.79|13.12|47.54|8710520|416083456.00|1|0.0000|0.0000|0.0000|0|47.54
一汽解放|000800|-9.97|26726829|195849456.00|-3.28|-3.28|-9.97|7.13|7.66|7.66|7.13|26.73|7.92|11741656|93131552.00|1|0.0000|0.0000|0.0000|0|7.92
四川九洲|000801|-10.01|24594800|347213056.00|-9.62|-5.64|-10.01|14.03|14.09|14.71|14.03|24.59|15.59|25347055|399680064.00|1|0.0000|0.0000|0.0000|0|15.59
北京文化|000802|-9.94|17170700|72246352.00|-3.67|-3.67|-9.94|4.17|4.46|4.46|4.17|17.17|4.63|9585802|44299468.00|1|0.0000|0.0000|0.0000|0|4.63
山高环能|000803|-9.98|10010524|49953764.00|-9.80|-5.63|-9.98|4.96|4.97|5.20|4.96|10.01|5.51|7307240|40305676.00|1|0.0000|0.0000|0.0000|0|5.51
云铝股份|000807|-9.97|24893000|377696320.00|-9.97|-9.02|-9.97|15.17|15.17|15.33|15.17|24.89|16.85|45361004|766698624.00|1|0.0000|0.0000|0.0000|0|16.85
和展能源|000809|-4.89|3779300|11766362.00|-4.89|-3.67|-4.89|3.11|3.11|3.15|3.11|3.78|3.27|15007200|49414056.00|1|0.0000|0.0000|0.0000|0|3.27
创维数字|000810|-9.98|17028900|197225376.00|-8.96|-5.34|-9.98|11.46|11.59|12.05|11.46|17.03|12.73|11823690|151013856.00|1|0.0000|0.0000|0.0000|0|12.73
冰轮环境|000811|-9.98|13637800|151264720.00|-6.63|-6.30|-9.98|11.00|11.41|11.45|11.00|13.64|12.22|10688678|130933232.00|1|0.0000|0.0000|0.0000|0|12.22
陕西金叶|000812|-9.89|24552026|102338408.00|-3.74|-3.74|-9.89|4.10|4.38|4.38|4.10|24.55|4.55|11105290|50227916.00|1|0.0000|0.0000|0.0000|0|4.55
德展健康|000813|-9.94|41561700|130175048.00|-4.97|-4.09|-9.94|3.08|3.25|3.28|3.08|41.56|3.42|37368690|127393904.00|1|0.0000|0.0000|0.0000|0|3.42
美利云|000815|-10.00|21590900|244901552.00|-8.16|-6.00|-10.00|11.25|11.48|11.75|11.25|21.59|12.50|33090000|415478400.00|1|0.0000|0.0000|0.0000|0|12.50
智慧农业|000816|-9.85|65392700|194530688.00|-2.77|-2.77|-9.85|2.93|3.16|3.16|2.93|65.39|3.25|37088500|120757040.00|1|0.0000|0.0000|0.0000|0|3.25
航锦科技|000818|-10.00|16930200|394880800.00|-8.79|-4.26|-10.00|23.03|23.34|24.50|23.03|16.93|25.59|26782443|689513216.00|1|0.0000|0.0000|0.0000|0|25.59
岳阳兴长|000819|-10.01|5583700|80221096.00|-4.82|-4.31|-10.01|14.20|15.02|15.10|14.20|5.58|15.78|6247175|97727448.00|1|0.0000|0.0000|0.0000|0|15.78
*ST节能|000820|-10.00|7273473|16548913.00|-5.60|-5.60|-10.00|2.25|2.36|2.36|2.25|7.27|2.50|7644200|19025678.00|1|0.0000|0.0000|0.0000|0|2.50
京山轻机|000821|-10.00|11971300|133519736.00|-9.35|-5.69|-10.00|11.07|11.15|11.60|11.07|11.97|12.30|6650914|81953656.00|1|0.0000|0.0000|0.0000|0|12.30
山东海化|000822|-9.76|86859075|508146240.00|-4.25|-1.10|-9.92|5.73|6.08|6.28|5.72|86.86|6.35|81275647|480750784.00|1|0.0000|0.0000|0.0000|0|6.35
超声电子|000823|-10.01|8459100|78872560.00|-7.00|-6.90|-10.01|9.26|9.57|9.58|9.26|8.46|10.29|17546433|182906416.00|1|0.0000|0.0000|0.0000|0|10.29
太钢不锈|000825|-9.92|51473456|167559968.00|-2.55|-2.55|-9.92|3.18|3.44|3.44|3.18|51.47|3.53|19811476|69633568.00|1|0.0000|0.0000|0.0000|0|3.53
启迪环境|000826|-9.89|34174931|56739860.00|-4.40|-4.40|-9.89|1.64|1.74|1.74|1.64|34.17|1.82|14764400|26751072.00|1|0.0000|0.0000|0.0000|0|1.82
东莞控股|000828|-9.97|17398626|166119648.00|-3.10|-2.23|-9.97|9.30|10.01|10.10|9.30|17.40|10.33|6811372|70009608.00|1|0.0000|0.0000|0.0000|0|10.33
天音控股|000829|-10.02|18318100|177652176.00|-8.52|-5.43|-10.02|9.61|9.77|10.10|9.61|18.32|10.68|14359400|154342688.00|1|0.0000|0.0000|0.0000|0|10.68
鲁西化工|000830|-9.98|33850098|377544288.00|-6.35|-4.62|-9.98|10.92|11.36|11.57|10.92|33.85|12.13|15776100|190151728.00|1|0.0000|0.0000|0.0000|0|12.13
中国稀土|000831|1.10|96015222|3239188480.00|3.43|9.75|-3.43|32.98|33.74|35.80|31.50|96.02|32.62|41608775|1367142144.00|1|0.0000|0.0000|0.0000|0|32.62
粤桂股份|000833|-10.02|15190840|159938576.00|-7.17|-5.70|-10.02|10.42|10.75|10.92|10.42|15.19|11.58|17331180|199769920.00|1|0.0000|0.0000|0.0000|0|11.58
秦川机床|000837|-9.96|48794100|619964416.00|-6.28|-4.12|-9.96|12.47|12.98|13.28|12.47|48.79|13.85|127590406|1794233600.00|1|0.0000|0.0000|0.0000|0|13.85
财信发展|000838|-9.96|18778600|41285884.00|-2.90|-2.90|-9.96|2.17|2.34|2.34|2.17|18.78|2.41|10651091|25497332.00|1|0.0000|0.0000|0.0000|0|2.41
国安股份|000839|-10.00|50653100|130290480.00|-3.93|-3.57|-10.00|2.52|2.69|2.70|2.52|50.65|2.80|27522965|76774624.00|1|0.0000|0.0000|0.0000|0|2.80
承德露露|000848|-7.30|17948835|149507248.00|-3.19|-1.03|-8.78|8.13|8.49|8.68|8.00|17.95|8.77|8709992|75998936.00|1|0.0000|0.0000|0.0000|0|8.77
华茂股份|000850|-10.07|14887100|57631400.00|-5.39|-4.92|-10.07|3.84|4.04|4.06|3.84|14.89|4.27|9839000|42084684.00|1|0.0000|0.0000|0.0000|0|4.27
石化机械|000852|-9.96|30766250|190361840.00|-8.05|-6.59|-9.96|6.15|6.28|6.38|6.15|30.77|6.83|46094953|318146112.00|1|0.0000|0.0000|0.0000|0|6.83
冀东装备|000856|-9.98|6231600|60996748.00|-5.88|-4.85|-9.98|9.65|10.09|10.20|9.65|6.23|10.72|6305700|67941184.00|1|0.0000|0.0000|0.0000|0|10.72
五 粮 液|000858|-3.95|46309272|5889479168.00|-2.65|-1.17|-6.21|126.78|128.50|130.45|123.80|46.31|132.00|16562264|2187566592.00|1|0.0000|0.0000|0.0000|0|132.00
国风新材|000859|-9.95|89450242|497217952.00|-6.24|-0.51|-9.95|5.34|5.56|5.90|5.34|89.45|5.93|136772190|829113152.00|1|0.0000|0.0000|0.0000|0|5.93
顺鑫农业|000860|-9.76|22395084|360220800.00|-3.80|-1.64|-9.99|15.44|16.46|16.83|15.40|22.40|17.11|9491440|162136896.00|1|0.0000|0.0000|0.0000|0|17.11
银星能源|000862|-10.04|64339675|338876864.00|-5.20|-1.43|-10.04|5.02|5.29|5.50|5.02|64.34|5.58|81040621|442236864.00|1|0.0000|0.0000|0.0000|0|5.58
三湘印象|000863|-10.05|23410200|79064480.00|-3.53|-2.72|-10.05|3.31|3.55|3.58|3.31|23.41|3.68|23245900|84980760.00|1|0.0000|0.0000|0.0000|0|3.68
安凯客车|000868|-9.94|19891400|112672576.00|-6.25|-6.25|-9.94|5.62|5.85|5.85|5.62|19.89|6.24|34395240|216193872.00|1|0.0000|0.0000|0.0000|0|6.24
张  裕Ａ|000869|-8.83|3306978|69482512.00|-1.70|-1.70|-9.95|20.34|21.93|21.93|20.09|3.31|22.31|1830698|40663964.00|1|0.0000|0.0000|0.0000|0|22.31
吉电股份|000875|-9.44|89538124|450880864.00|-5.19|-3.15|-10.00|4.89|5.12|5.23|4.86|89.54|5.40|39203165|211310640.00|1|0.0000|0.0000|0.0000|0|5.40
新 希 望|000876|4.83|218006514|2218300416.00|1.23|9.46|-0.82|10.20|9.85|10.65|9.65|218.01|9.73|80966743|780451008.00|1|0.0000|0.0000|0.0000|0|9.73
天山股份|000877|-9.31|22253516|120672336.00|-2.07|-1.90|-10.00|5.26|5.68|5.69|5.22|22.25|5.80|15469202|88693152.00|1|0.0000|0.0000|0.0000|0|5.80
云南铜业|000878|-9.98|47051700|539905664.00|-9.82|-9.11|-9.98|11.46|11.48|11.57|11.46|47.05|12.73|41044245|523507776.00|1|0.0000|0.0000|0.0000|0|12.73
潍柴重机|000880|1.36|59316513|2177783296.00|-1.91|5.72|-7.66|37.20|36.00|38.80|33.89|59.32|36.70|57290425|2025821952.00|1|0.0000|0.0000|0.0000|0|36.70
中广核技|000881|-10.01|15927444|104500080.00|-3.95|-2.54|-10.01|6.38|6.81|6.91|6.38|15.93|7.09|9911400|70415960.00|1|0.0000|0.0000|0.0000|0|7.09
华联股份|000882|-9.82|118717680|244041728.00|-4.02|-4.02|-9.82|2.02|2.15|2.15|2.02|118.72|2.24|148442700|333120800.00|1|0.0000|0.0000|0.0000|0|2.24
湖北能源|000883|-6.92|73308464|343210048.00|-2.04|-1.83|-8.76|4.57|4.81|4.82|4.48|73.31|4.91|30539882|149409088.00|1|0.0000|0.0000|0.0000|0|4.91
城发环境|000885|-9.65|9563511|117811208.00|-3.85|-3.02|-10.03|11.98|12.75|12.86|11.93|9.56|13.26|4822910|64035896.00|1|0.0000|0.0000|0.0000|0|13.26
海南高速|000886|-10.02|30702548|172917440.00|-4.85|-4.85|-10.02|5.57|5.89|5.89|5.57|30.70|6.19|21358108|131259440.00|1|0.0000|0.0000|0.0000|0|6.19
中鼎股份|000887|-10.02|18536900|309803776.00|-7.95|-6.54|-10.02|16.52|16.90|17.16|16.52|18.54|18.36|45305550|843436288.00|1|0.0000|0.0000|0.0000|0|18.36
峨眉山Ａ|000888|-8.00|47079836|656777024.00|-5.92|-0.67|-9.95|13.68|13.99|14.77|13.39|47.08|14.87|48850536|719212800.00|1|0.0000|0.0000|0.0000|0|14.87
中嘉博创|000889|-5.18|3606800|8584184.00|-5.18|-5.18|-5.18|2.38|2.38|2.38|2.38|3.61|2.51|17145200|43465132.00|1|0.0000|0.0000|0.0000|0|2.51
法尔胜|000890|-10.09|8670000|25683576.00|-5.20|-5.20|-10.09|2.94|3.10|3.10|2.94|8.67|3.27|9528586|31046960.00|1|0.0000|0.0000|0.0000|0|3.27
欢瑞世纪|000892|-10.00|23158400|75875288.00|-3.89|-3.61|-10.00|3.24|3.46|3.47|3.24|23.16|3.60|21487750|77220232.00|1|0.0000|0.0000|0.0000|0|3.60
亚钾国际|000893|-9.25|16718135|389080736.00|-5.85|-3.49|-10.02|22.65|23.50|24.09|22.46|16.72|24.96|7340600|182071824.00|1|0.0000|0.0000|0.0000|0|24.96
双汇发展|000895|-2.63|28273383|758776384.00|-2.48|0.44|-5.44|26.68|26.72|27.52|25.91|28.27|27.40|8999312|245419264.00|1|0.0000|0.0000|0.0000|0|27.40
津滨发展|000897|-9.87|53889042|116076712.00|-3.00|-3.00|-9.87|2.10|2.26|2.26|2.10|53.89|2.33|32706720|75808936.00|1|0.0000|0.0000|0.0000|0|2.33
鞍钢股份|000898|-9.80|56107300|127196688.00|-2.45|-2.45|-9.80|2.21|2.39|2.39|2.21|56.11|2.45|30029993|73038448.00|1|0.0000|0.0000|0.0000|0|2.45
赣能股份|000899|-7.02|63028056|565529088.00|-4.26|-0.21|-10.00|8.74|9.00|9.38|8.46|63.03|9.40|48586515|450415360.00|1|0.0000|0.0000|0.0000|0|9.40
现代投资|000900|-10.00|28164131|107401920.00|-2.20|-2.20|-10.00|3.69|4.01|4.01|3.69|28.16|4.10|27312363|111993584.00|1|0.0000|0.0000|0.0000|0|4.10
航天科技|000901|-10.02|19975547|199504432.00|-6.19|-5.56|-10.02|9.88|10.30|10.37|9.88|19.98|10.98|11701911|129492080.00|1|0.0000|0.0000|0.0000|0|10.98
新洋丰|000902|-7.55|14705048|180001056.00|-1.09|-0.39|-9.57|11.88|12.71|12.80|11.62|14.71|12.85|5982500|76560376.00|1|0.0000|0.0000|0.0000|0|12.85
ST云动|000903|-9.91|26633300|80350432.00|-6.91|-6.91|-9.91|3.00|3.10|3.10|3.00|26.63|3.33|49825946|166437776.00|1|0.0000|0.0000|0.0000|0|3.33
厦门港务|000905|-10.05|24520150|178146368.00|-7.54|-5.40|-10.05|7.16|7.36|7.53|7.16|24.52|7.96|33486349|265141216.00|1|0.0000|0.0000|0.0000|0|7.96
浙商中拓|000906|-10.03|11804611|66920956.00|-3.24|-3.24|-10.03|5.56|5.98|5.98|5.56|11.80|6.18|7271721|44554140.00|1|0.0000|0.0000|0.0000|0|6.18
*ST景峰|000908|-4.93|4009900|16240095.00|-4.93|-4.93|-4.93|4.05|4.05|4.05|4.05|4.01|4.26|26203900|114356064.00|1|0.0000|0.0000|0.0000|0|4.26
ST数源|000909|-5.01|1023300|5433911.00|-5.01|-3.76|-5.01|5.31|5.31|5.38|5.31|1.02|5.59|4493401|25148366.00|1|0.0000|0.0000|0.0000|0|5.59
大亚圣象|000910|-9.98|10189883|75310856.00|-7.11|-2.74|-9.98|7.22|7.45|7.80|7.22|10.19|8.02|4197400|33499660.00|1|0.0000|0.0000|0.0000|0|8.02
广农糖业|000911|-9.99|11464900|79209584.00|-3.37|-2.16|-9.99|6.67|7.16|7.25|6.67|11.46|7.41|6223600|45803620.00|1|0.0000|0.0000|0.0000|0|7.41
泸天化|000912|-10.08|20001000|88231272.00|-2.94|-1.89|-10.08|4.28|4.62|4.67|4.28|20.00|4.76|9685400|45761300.00|1|0.0000|0.0000|0.0000|0|4.76
钱江摩托|000913|-9.97|8145172|127144552.00|-5.54|-3.91|-9.97|15.44|16.20|16.48|15.44|8.15|17.15|8997934|155667952.00|1|0.0000|0.0000|0.0000|0|17.15
华特达因|000915|-4.36|13754696|384138848.00|-3.84|-0.10|-6.33|27.63|27.78|28.86|27.06|13.75|28.89|6192900|178448304.00|1|0.0000|0.0000|0.0000|0|28.89
电广传媒|000917|-10.00|45421557|320779136.00|-9.62|-6.67|-10.00|7.02|7.05|7.28|7.02|45.42|7.80|56666431|445792064.00|1|0.0000|0.0000|0.0000|0|7.80
金陵药业|000919|-9.94|17381300|109548472.00|-2.92|-2.92|-9.94|6.16|6.64|6.64|6.16|17.38|6.84|9191301|62664172.00|1|0.0000|0.0000|0.0000|0|6.84
沃顿科技|000920|-10.03|9930201|85406392.00|-4.31|-3.45|-10.03|8.34|8.87|8.95|8.34|9.93|9.27|4535900|42006824.00|1|0.0000|0.0000|0.0000|0|9.27
海信家电|000921|-9.02|20935903|532091840.00|-7.79|-5.80|-10.00|25.11|25.45|26.00|24.84|20.94|27.60|23261593|641058752.00|1|0.0000|0.0000|0.0000|0|27.60
佳电股份|000922|-9.96|14792300|153238224.00|-4.76|-4.41|-9.96|10.21|10.80|10.84|10.21|14.79|11.34|10360940|118770080.00|1|0.0000|0.0000|0.0000|0|11.34
河钢资源|000923|-9.99|30111610|414976928.00|-6.94|-4.83|-9.99|13.61|14.07|14.39|13.61|30.11|15.12|19170030|293202336.00|1|0.0000|0.0000|0.0000|0|15.12
众合科技|000925|-10.00|19139380|141427168.00|-6.79|-5.56|-10.00|7.29|7.55|7.65|7.29|19.14|8.10|15504640|126091672.00|1|0.0000|0.0000|0.0000|0|8.10
福星股份|000926|-9.87|32697540|70118976.00|-4.72|-3.86|-9.87|2.10|2.22|2.24|2.10|32.70|2.33|21855280|51109548.00|1|0.0000|0.0000|0.0000|0|2.33
中国铁物|000927|-10.16|112308933|267032064.00|-3.13|-2.34|-10.16|2.30|2.48|2.50|2.30|112.31|2.56|60756324|154711264.00|1|0.0000|0.0000|0.0000|0|2.56
中钢国际|000928|-9.94|26039482|154583712.00|-5.28|-3.57|-9.94|5.80|6.10|6.21|5.80|26.04|6.44|14528340|93813240.00|1|0.0000|0.0000|0.0000|0|6.44
*ST兰黄|000929|-10.06|5206000|31941384.00|-8.43|-5.03|-10.06|6.08|6.19|6.42|6.08|5.21|6.76|3303135|22181314.00|1|0.0000|0.0000|0.0000|0|6.76
中粮科技|000930|-3.23|58515270|325821024.00|-1.43|3.23|-5.73|5.40|5.50|5.76|5.26|58.52|5.58|13244901|73435968.00|1|0.0000|0.0000|0.0000|0|5.58
中 关 村|000931|-9.90|11610075|52829960.00|-2.83|-2.83|-9.90|4.46|4.81|4.81|4.46|11.61|4.95|9658796|47874360.00|1|0.0000|0.0000|0.0000|0|4.95
华菱钢铁|000932|-9.96|98230672|476284864.00|-4.41|-3.83|-9.96|4.70|4.99|5.02|4.70|98.23|5.22|81744985|421527424.00|1|0.0000|0.0000|0.0000|0|5.22
神火股份|000933|-9.97|39723024|664374016.00|-5.56|-5.56|-9.97|16.52|17.33|17.33|16.52|39.72|18.35|16972528|310103520.00|1|0.0000|0.0000|0.0000|0|18.35
四川双马|000935|-9.97|6900713|101848480.00|-3.43|-3.18|-9.97|14.45|15.50|15.54|14.45|6.90|16.05|2949037|47426980.00|1|0.0000|0.0000|0.0000|0|16.05
华西股份|000936|-10.00|19428300|125129424.00|-6.20|-6.20|-10.00|6.39|6.66|6.66|6.39|19.43|7.10|14080600|100027536.00|1|0.0000|0.0000|0.0000|0|7.10
冀中能源|000937|-6.86|32461272|184303696.00|-1.34|-1.34|-9.20|5.57|5.90|5.90|5.43|32.46|5.98|9049620|53931344.00|1|0.0000|0.0000|0.0000|0|5.98
紫光股份|000938|-10.00|71303960|1770388352.00|-7.21|-5.66|-10.00|24.47|25.23|25.65|24.47|71.30|27.19|52070895|1429032960.00|1|0.0000|0.0000|0.0000|0|27.19
南天信息|000948|-9.98|7167231|115071616.00|-6.35|-5.10|-9.98|15.88|16.52|16.74|15.88|7.17|17.64|7059800|124105936.00|1|0.0000|0.0000|0.0000|0|17.64
新乡化纤|000949|-10.00|53225100|209609248.00|-5.81|-4.42|-10.00|3.87|4.05|4.11|3.87|53.23|4.30|37752200|162595792.00|1|0.0000|0.0000|0.0000|0|4.30
重药控股|000950|-10.04|40042512|193199088.00|-3.86|-2.32|-10.04|4.66|4.98|5.06|4.66|40.04|5.18|19172679|98805720.00|1|0.0000|0.0000|0.0000|0|5.18
中国重汽|000951|-5.86|26899195|496283872.00|-8.90|-3.59|-10.01|18.62|18.02|19.07|17.80|26.90|19.78|18170928|362052736.00|1|0.0000|0.0000|0.0000|0|19.78
广济药业|000952|-9.97|6948000|36276696.00|-3.85|-2.97|-9.97|5.15|5.50|5.55|5.15|6.95|5.72|5550342|31725132.00|1|0.0000|0.0000|0.0000|0|5.72
河化股份|000953|-9.92|16796674|91176760.00|-7.06|-4.37|-9.92|5.36|5.53|5.69|5.36|16.80|5.95|86435327|514271776.00|1|0.0000|0.0000|0.0000|0|5.95
欣龙控股|000955|-10.05|11497800|43729880.00|-4.55|-4.31|-10.05|3.76|3.99|4.00|3.76|11.50|4.18|14611079|61093352.00|1|0.0000|0.0000|0.0000|0|4.18
中通客车|000957|-10.02|19343401|195707472.00|-7.40|-5.23|-10.02|9.97|10.26|10.50|9.97|19.34|11.08|17452242|193707280.00|1|0.0000|0.0000|0.0000|0|11.08
电投产融|000958|-5.22|354683063|2644277504.00|-7.18|4.31|-9.53|7.26|7.11|7.99|6.93|354.68|7.66|438562785|3376457216.00|1|0.0000|0.0000|0.0000|0|7.66
首钢股份|000959|-10.12|41825444|129737000.00|-2.08|-2.08|-10.12|3.02|3.29|3.29|3.02|41.83|3.36|28672128|95840056.00|1|0.0000|0.0000|0.0000|0|3.36
锡业股份|000960|-9.97|55283399|771941632.00|-6.91|-6.13|-9.97|13.81|14.28|14.40|13.81|55.28|15.34|70598259|1096760960.00|1|0.0000|0.0000|0.0000|0|15.34
东方钽业|000962|-9.97|13353900|190555984.00|-6.04|-6.04|-9.97|14.17|14.79|14.79|14.17|13.35|15.74|11938300|189570672.00|1|0.0000|0.0000|0.0000|0|15.74
华东医药|000963|-4.80|27342238|1017222400.00|-4.49|-0.95|-7.97|36.89|37.01|38.38|35.66|27.34|38.75|12151916|472451456.00|1|0.0000|0.0000|0.0000|0|38.75
天保基建|000965|-10.13|26508500|74930784.00|-2.61|-1.96|-10.13|2.75|2.98|3.00|2.75|26.51|3.06|21892600|66787332.00|1|0.0000|0.0000|0.0000|0|3.06
长源电力|000966|-6.60|70763999|330429952.00|-2.27|-0.21|-9.07|4.53|4.74|4.84|4.41|70.76|4.85|53099986|255275168.00|1|0.0000|0.0000|0.0000|0|4.85
盈峰环境|000967|-9.91|54640838|291037536.00|-7.69|-4.96|-9.91|5.27|5.40|5.56|5.27|54.64|5.85|36653962|215169696.00|1|0.0000|0.0000|0.0000|0|5.85
蓝焰控股|000968|-10.03|16128914|97824584.00|-5.02|-3.50|-10.03|5.92|6.25|6.35|5.92|16.13|6.58|5533161|36225104.00|1|0.0000|0.0000|0.0000|0|6.58
安泰科技|000969|-9.98|45365503|556083200.00|-4.35|-2.55|-9.98|12.00|12.75|12.99|12.00|45.37|13.33|52727721|711571456.00|1|0.0000|0.0000|0.0000|0|13.33
中科三环|000970|-10.03|29972739|355598848.00|-7.47|-2.80|-10.03|11.57|11.90|12.50|11.57|29.97|12.86|20164386|257404032.00|1|0.0000|0.0000|0.0000|0|12.86
*ST中基|000972|-5.08|18490554|51908112.00|-5.08|-3.05|-5.08|2.80|2.80|2.86|2.80|18.49|2.95|27177480|79608496.00|1|0.0000|0.0000|0.0000|0|2.95
佛塑科技|000973|-10.00|21420900|130088416.00|-8.66|-6.72|-10.00|6.03|6.12|6.25|6.03|21.42|6.70|17094587|114363472.00|1|0.0000|0.0000|0.0000|0|6.70
山金国际|000975|-1.97|50621502|902428096.00|-8.99|0.55|-8.99|17.88|16.60|18.34|16.60|50.62|18.24|30083181|557056064.00|1|0.0000|0.0000|0.0000|0|18.24
浪潮信息|000977|-10.00|46878514|2218855168.00|-8.77|-6.02|-10.00|46.98|47.62|49.06|46.98|46.88|52.20|29664752|1556437760.00|1|0.0000|0.0000|0.0000|0|52.20
桂林旅游|000978|-9.95|17733101|106726408.00|-4.90|-3.22|-9.95|5.88|6.21|6.32|5.88|17.73|6.53|11970988|77987504.00|1|0.0000|0.0000|0.0000|0|6.53
众泰汽车|000980|-9.91|78365400|158119232.00|-7.66|-5.86|-9.91|2.00|2.05|2.09|2.00|78.37|2.22|65253268|145313328.00|1|0.0000|0.0000|0.0000|0|2.22
山子高科|000981|-9.95|131926500|240840640.00|-6.47|-6.47|-9.95|1.81|1.88|1.88|1.81|131.93|2.01|127766146|256194544.00|1|0.0000|0.0000|0.0000|0|2.01
山西焦煤|000983|-8.38|72399815|474739744.00|-3.41|-3.27|-9.80|6.45|6.80|6.81|6.35|72.40|7.04|21380383|149816208.00|1|0.0000|0.0000|0.0000|0|7.04
大庆华科|000985|-10.02|2032607|31812624.00|-9.73|-5.10|-10.02|15.53|15.58|16.38|15.53|2.03|17.26|1337400|22990880.00|1|0.0000|0.0000|0.0000|0|17.26
越秀资本|000987|-9.98|42531450|255403408.00|-4.30|-3.53|-9.98|5.86|6.23|6.28|5.86|42.53|6.51|21608784|139872768.00|1|0.0000|0.0000|0.0000|0|6.51
华工科技|000988|-9.99|25592438|927602368.00|-8.38|-6.25|-9.99|35.86|36.50|37.35|35.86|25.59|39.84|27410525|1111775360.00|1|0.0000|0.0000|0.0000|0|39.84
九芝堂|000989|-5.05|11921800|94437856.00|-4.81|-3.49|-5.05|7.90|7.92|8.03|7.90|11.92|8.32|9847121|81823136.00|1|0.0000|0.0000|0.0000|0|8.32
诚志股份|000990|-10.01|27356776|191190160.00|-3.29|-3.29|-10.01|6.83|7.34|7.34|6.83|27.36|7.59|9318404|70375640.00|1|0.0000|0.0000|0.0000|0|7.59
闽东电力|000993|-7.23|33078615|295589824.00|-4.57|-0.64|-9.88|8.73|8.98|9.35|8.48|33.08|9.41|31654247|296189312.00|1|0.0000|0.0000|0.0000|0|9.41
皇台酒业|000995|-10.00|8140500|99729480.00|-5.30|-1.89|-10.00|11.88|12.50|12.95|11.88|8.14|13.20|8270311|108298080.00|1|0.0000|0.0000|0.0000|0|13.20
新 大 陆|000997|-9.99|18423640|476025920.00|-8.87|-6.63|-9.99|25.67|25.99|26.63|25.67|18.42|28.52|15435234|442120160.00|1|0.0000|0.0000|0.0000|0|28.52
隆平高科|000998|6.61|137006046|1483977472.00|2.04|9.82|2.04|10.97|10.50|11.30|10.50|137.01|10.29|18151764|185555824.00|1|0.0000|0.0000|0.0000|0|10.29
华润三九|000999|-3.72|20652103|892161216.00|-3.10|-0.63|-6.80|42.92|43.20|44.30|41.55|20.65|44.58|13399384|591567040.00|1|0.0000|0.0000|0.0000|0|44.58
东瑞股份|001201|-9.17|9433090|135517408.00|-1.13|1.46|-9.97|13.67|14.88|15.27|13.55|9.43|15.05|5271228|78909536.00|1|0.0000|0.0000|0.0000|0|15.05
炬申股份|001202|-10.01|7359149|107396592.00|-7.44|-5.19|-10.01|14.39|14.80|15.16|14.39|7.36|15.99|7215100|115222784.00|1|0.0000|0.0000|0.0000|0|15.99
大中矿业|001203|-10.05|11658121|93949488.00|-4.91|-3.42|-10.05|7.88|8.33|8.46|7.88|11.66|8.76|3393900|29681904.00|1|0.0000|0.0000|0.0000|0|8.76
盛航股份|001205|-9.97|6415600|106890280.00|-4.63|-4.63|-9.97|16.52|17.50|17.50|16.52|6.42|18.35|2058533|37653060.00|1|0.0000|0.0000|0.0000|0|18.35
依依股份|001206|-10.00|1363524|23247780.00|-10.00|-7.99|-10.00|17.01|17.01|17.39|17.01|1.36|18.90|3512356|66690888.00|1|0.0000|0.0000|0.0000|0|18.90
联科科技|001207|-10.00|3085649|56840936.00|-8.33|-8.33|-10.00|18.36|18.70|18.70|18.36|3.09|20.40|6835604|142229056.00|1|0.0000|0.0000|0.0000|0|20.40
华菱线缆|001208|-10.02|13190500|129940888.00|-5.38|-3.99|-10.02|9.70|10.20|10.35|9.70|13.19|10.78|13412500|145531744.00|1|0.0000|0.0000|0.0000|0|10.78
洪兴股份|001209|-9.99|2020800|29979058.00|-4.90|-4.66|-9.99|14.68|15.51|15.55|14.68|2.02|16.31|1756284|28674636.00|1|0.0000|0.0000|0.0000|0|16.31
金房能源|001210|-10.01|1797236|24093426.00|-2.65|-2.65|-10.01|13.22|14.30|14.30|13.22|1.80|14.69|1661536|24238948.00|1|0.0000|0.0000|0.0000|0|14.69
双枪科技|001211|-10.01|1045100|20946718.00|-6.14|-5.42|-10.01|19.77|20.62|20.78|19.77|1.05|21.97|861300|18633714.00|1|0.0000|0.0000|0.0000|0|21.97
中旗新材|001212|10.01|2945762|126255360.00|10.01|10.01|10.01|42.86|42.86|42.86|42.86|2.95|38.96|1362862|53097104.00|1|0.0000|0.0000|0.0000|0|38.96
中铁特货|001213|-6.83|40680157|158423120.00|-2.20|-1.22|-8.78|3.82|4.01|4.05|3.74|40.68|4.10|18589000|75892696.00|1|0.0000|0.0000|0.0000|0|4.10
千味央厨|001215|-10.00|3804064|99352208.00|-3.55|-2.48|-10.00|25.38|27.20|27.50|25.38|3.80|28.20|1586600|44575984.00|1|0.0000|0.0000|0.0000|0|28.20
华瓷股份|001216|-10.00|3179300|39009672.00|-7.85|-4.89|-10.00|12.15|12.44|12.84|12.15|3.18|13.50|4640238|63437960.00|1|0.0000|0.0000|0.0000|0|13.50
华尔泰|001217|-10.01|13974900|149322864.00|-8.57|-6.45|-10.01|10.61|10.78|11.03|10.61|13.97|11.79|29230700|348545344.00|1|0.0000|0.0000|0.0000|0|11.79
丽臣实业|001218|-10.00|2864600|44772744.00|-4.09|-4.09|-10.00|15.39|16.40|16.40|15.39|2.86|17.10|2986869|50235688.00|1|0.0000|0.0000|0.0000|0|17.10
青岛食品|001219|-7.16|9901686|127384144.00|-3.91|-0.44|-7.75|12.58|13.02|13.49|12.50|9.90|13.55|9316306|125020544.00|1|0.0000|0.0000|0.0000|0|13.55
源飞宠物|001222|-9.98|1644500|22499714.00|-6.32|-5.26|-9.98|13.53|14.08|14.24|13.53|1.64|15.03|4966780|74857120.00|1|0.0000|0.0000|0.0000|0|15.03
欧克科技|001223|-9.99|380400|18631896.00|-8.15|-0.69|-9.99|48.02|49.00|52.98|48.02|0.38|53.35|1107800|59161744.00|1|0.0000|0.0000|0.0000|0|53.35
和泰机电|001225|-9.97|692470|20672928.00|-1.54|-1.54|-10.00|29.26|32.00|32.00|29.25|0.69|32.50|693200|22586316.00|1|0.0000|0.0000|0.0000|0|32.50
拓山重工|001226|-6.03|2650300|68333400.00|-2.25|-2.25|-9.05|25.86|26.90|26.90|25.03|2.65|27.52|1192100|32435334.00|1|0.0000|0.0000|0.0000|0|27.52
兰州银行|001227|-8.44|130852401|294180480.00|-1.69|-1.69|-9.70|2.17|2.33|2.33|2.14|130.85|2.37|70811498|167102944.00|1|0.0000|0.0000|0.0000|0|2.37
永泰运|001228|-9.98|1485800|29882496.00|-4.72|-3.81|-9.98|19.84|21.00|21.20|19.84|1.49|22.04|2272800|49738560.00|1|0.0000|0.0000|0.0000|0|22.04
魅视科技|001229|-10.00|1244447|36485692.00|-6.04|-5.17|-10.00|29.07|30.35|30.63|29.07|1.24|32.30|1003100|32377446.00|1|0.0000|0.0000|0.0000|0|32.30
劲旅环境|001230|-9.99|2045931|35909100.00|-3.90|-3.85|-9.99|17.29|18.46|18.47|17.29|2.05|19.21|2404811|46452568.00|1|0.0000|0.0000|0.0000|0|19.21
农心科技|001231|-9.98|2257100|35829036.00|-4.67|-2.94|-9.98|15.61|16.53|16.83|15.61|2.26|17.34|1338600|23038556.00|1|0.0000|0.0000|0.0000|0|17.34
泰慕士|001234|-10.02|1641300|27371596.00|-3.08|-3.08|-10.02|16.34|17.60|17.60|16.34|1.64|18.16|1656800|30154138.00|1|0.0000|0.0000|0.0000|0|18.16
弘业期货|001236|-10.01|14671563|133670208.00|-8.71|-4.70|-10.01|8.99|9.12|9.52|8.99|14.67|9.99|29668859|299373344.00|1|0.0000|0.0000|0.0000|0|9.99
浙江正特|001238|-10.00|825400|23352928.00|-3.34|-3.34|-10.00|27.72|29.77|29.77|27.72|0.83|30.80|668700|20652788.00|1|0.0000|0.0000|0.0000|0|30.80
永达股份|001239|-9.97|6938200|94503928.00|-6.35|-4.21|-9.97|13.46|14.00|14.32|13.46|6.94|14.95|5017589|75295368.00|1|0.0000|0.0000|0.0000|0|14.95
博菲电气|001255|-10.00|819500|20417252.00|-2.12|-2.12|-10.00|24.58|26.73|26.73|24.58|0.82|27.31|648100|17596822.00|1|0.0000|0.0000|0.0000|0|27.31
炜冈科技|001256|-10.00|1263579|32528846.00|-8.98|-7.04|-10.00|25.56|25.85|26.40|25.56|1.26|28.40|2514799|71624080.00|1|0.0000|0.0000|0.0000|0|28.40
立新能源|001258|-6.83|112625691|944832064.00|-5.89|6.95|-7.54|7.91|7.99|9.08|7.85|112.63|8.49|85354131|695104320.00|1|0.0000|0.0000|0.0000|0|8.49
利仁科技|001259|-10.00|1358800|27316662.00|-2.68|-2.68|-10.00|19.79|21.40|21.40|19.79|1.36|21.99|804100|17582104.00|1|0.0000|0.0000|0.0000|0|21.99
坤泰股份|001260|-8.41|3329404|52690128.00|-6.38|-5.05|-9.98|15.79|16.14|16.37|15.52|3.33|17.24|1038904|17800560.00|1|0.0000|0.0000|0.0000|0|17.24
宏英智能|001266|-10.02|1153600|24731742.00|-5.33|-5.33|-10.02|21.29|22.40|22.40|21.29|1.15|23.66|1525800|36278580.00|1|0.0000|0.0000|0.0000|0|23.66
汇绿生态|001267|-10.01|13063460|111890808.00|-5.27|-3.77|-10.01|8.36|8.80|8.94|8.36|13.06|9.29|4525700|41996748.00|1|0.0000|0.0000|0.0000|0|9.29
联合精密|001268|-10.01|1412400|27519100.00|-6.97|-5.43|-10.01|19.23|19.88|20.21|19.23|1.41|21.37|3641100|78109576.00|1|0.0000|0.0000|0.0000|0|21.37
欧晶科技|001269|-10.00|1787204|40049788.00|-7.25|-5.75|-10.00|22.23|22.91|23.28|22.23|1.79|24.70|4982384|124476416.00|1|0.0000|0.0000|0.0000|0|24.70
*ST铖昌|001270|-10.00|4332526|117371704.00|-4.49|-1.94|-10.00|26.47|28.09|28.84|26.47|4.33|29.41|2496160|73818504.00|1|0.0000|0.0000|0.0000|0|29.41
速达股份|001277|-9.99|2071700|70893896.00|-4.19|-4.17|-9.99|33.71|35.88|35.89|33.71|2.07|37.45|2114088|77511872.00|1|0.0000|0.0000|0.0000|0|37.45
一彬科技|001278|-9.98|1790100|26742132.00|-4.01|-4.01|-9.98|14.80|15.78|15.78|14.80|1.79|16.44|1810400|29865768.00|1|0.0000|0.0000|0.0000|0|16.44
强邦新材|001279|-9.99|2396000|86254736.00|-3.60|-3.58|-9.99|35.48|38.00|38.01|35.48|2.40|39.42|1254658|49275904.00|1|0.0000|0.0000|0.0000|0|39.42
三联锻造|001282|-9.99|669800|16048408.00|-9.99|-9.99|-9.99|23.96|23.96|23.96|23.96|0.67|26.62|3869470|103967080.00|1|0.0000|0.0000|0.0000|0|26.62
豪鹏科技|001283|-10.00|351600|16978302.00|-9.33|-7.49|-10.00|48.16|48.52|49.50|48.16|0.35|53.51|1066600|57775940.00|1|0.0000|0.0000|0.0000|0|53.51
陕西能源|001286|-6.28|41979827|375048128.00|-2.88|-2.34|-8.95|8.80|9.12|9.17|8.55|41.98|9.39|12628341|118345360.00|1|0.0000|0.0000|0.0000|0|9.39
中电港|001287|-9.99|8709560|144055504.00|-5.58|-4.47|-9.99|16.30|17.10|17.30|16.30|8.71|18.11|5016786|91029776.00|1|0.0000|0.0000|0.0000|0|18.11
运机集团|001288|-9.99|2441567|66739800.00|-1.82|-1.82|-9.99|26.67|29.09|29.09|26.67|2.44|29.63|2163588|64152628.00|1|0.0000|0.0000|0.0000|0|29.63
龙源电力|001289|2.13|29633584|519522688.00|-2.35|6.26|-3.79|17.78|17.00|18.50|16.75|29.63|17.41|19583682|336560096.00|1|0.0000|0.0000|0.0000|0|17.41
长江材料|001296|-10.02|2548520|40734332.00|-4.38|-4.38|-10.02|15.81|16.80|16.80|15.81|2.55|17.57|1172780|20534494.00|1|0.0000|0.0000|0.0000|0|17.57
好上好|001298|-10.01|3380980|78166088.00|-10.01|-6.49|-10.01|23.02|23.02|23.92|23.02|3.38|25.58|3793320|97483528.00|1|0.0000|0.0000|0.0000|0|25.58
美能能源|001299|-9.19|9958227|135530832.00|-3.11|-1.38|-10.01|13.15|14.03|14.28|13.03|9.96|14.48|6556200|94592928.00|1|0.0000|0.0000|0.0000|0|14.48
三柏硕|001300|-9.98|1873300|20736540.00|-7.01|-5.03|-9.98|10.92|11.28|11.52|10.92|1.87|12.13|2899200|34706224.00|1|0.0000|0.0000|0.0000|0|12.13
尚太科技|001301|-10.01|3256800|171409264.00|-6.99|-6.13|-10.01|52.25|54.00|54.50|52.25|3.26|58.06|4542825|262495856.00|1|0.0000|0.0000|0.0000|0|58.06
夏厦精密|001306|-9.28|3407431|238483312.00|-6.40|0.65|-10.00|68.05|70.21|75.50|67.51|3.41|75.01|1129682|86117448.00|1|0.0000|0.0000|0.0000|0|75.01
康冠科技|001308|-10.00|3212476|65040180.00|-6.05|-5.83|-10.00|20.07|20.95|21.00|20.07|3.21|22.30|3402400|76270752.00|1|0.0000|0.0000|0.0000|0|22.30
德明利|001309|-10.00|2202090|253301152.00|-9.85|-6.84|-10.00|113.99|114.19|118.00|113.99|2.20|126.66|4053180|515816800.00|1|0.0000|0.0000|0.0000|0|126.66
多利科技|001311|-10.01|2153064|54573860.00|-5.42|-5.02|-10.01|25.09|26.37|26.48|25.09|2.15|27.88|2300889|64545304.00|1|0.0000|0.0000|0.0000|0|27.88
粤海饲料|001313|-9.97|6533800|53612596.00|-3.88|-3.88|-9.97|8.13|8.68|8.68|8.13|6.53|9.03|7359800|65277172.00|1|0.0000|0.0000|0.0000|0|9.03
亿道信息|001314|-10.00|1670800|70614952.00|-10.00|-6.43|-10.00|42.01|42.01|43.68|42.01|1.67|46.68|3457100|162159872.00|1|0.0000|0.0000|0.0000|0|46.68
润贝航科|001316|-10.00|1370400|39881448.00|-9.34|-1.56|-10.00|28.80|29.01|31.50|28.80|1.37|32.00|1914600|61622312.00|1|0.0000|0.0000|0.0000|0|32.00
三羊马|001317|-9.99|4125648|136529600.00|-4.73|-1.08|-9.99|31.81|33.67|34.96|31.81|4.13|35.34|7009453|247528928.00|1|0.0000|0.0000|0.0000|0|35.34
阳光乳业|001318|-6.44|17138926|213535440.00|-5.16|-0.53|-9.48|12.34|12.51|13.12|11.94|17.14|13.19|11560533|152562176.00|1|0.0000|0.0000|0.0000|0|13.19
铭科精技|001319|-10.00|1339700|31413776.00|-9.77|-7.77|-10.00|23.39|23.45|23.97|23.39|1.34|25.99|3422500|90029168.00|1|0.0000|0.0000|0.0000|0|25.99
箭牌家居|001322|-10.05|4567200|34107388.00|-2.94|-2.57|-10.05|7.34|7.92|7.95|7.34|4.57|8.16|2880700|23404002.00|1|0.0000|0.0000|0.0000|0|8.16
慕思股份|001323|-4.95|2142782|66092120.00|-2.02|-2.02|-7.93|30.56|31.50|31.50|29.60|2.14|32.15|1279500|41419368.00|1|0.0000|0.0000|0.0000|0|32.15
长青科技|001324|-9.99|2109300|35368460.00|-7.44|-3.37|-9.99|16.58|17.05|17.80|16.58|2.11|18.42|2454700|45250140.00|1|0.0000|0.0000|0.0000|0|18.42
联域股份|001326|-10.00|1008900|30054848.00|-2.94|-2.94|-10.00|29.35|31.65|31.65|29.35|1.01|32.61|547325|17842606.00|1|0.0000|0.0000|0.0000|0|32.61
登康口腔|001328|-10.00|2272213|90613848.00|-3.13|-0.31|-10.00|37.63|40.50|41.68|37.63|2.27|41.81|2554900|106971072.00|1|0.0000|0.0000|0.0000|0|41.81
博纳影业|001330|-9.91|16266400|67103520.00|-7.93|-5.51|-9.91|4.09|4.18|4.29|4.09|16.27|4.54|12538900|56999768.00|1|0.0000|0.0000|0.0000|0|4.54
胜通能源|001331|-8.49|4991344|60545716.00|-2.75|-0.77|-9.72|11.96|12.71|12.97|11.80|4.99|13.07|2612128|33873372.00|1|0.0000|0.0000|0.0000|0|13.07
锡装股份|001332|-10.00|3263405|126190568.00|-4.97|-3.21|-10.00|37.88|40.00|40.74|37.88|3.26|42.09|6345603|267473504.00|1|0.0000|0.0000|0.0000|0|42.09
光华股份|001333|-10.00|3516700|74540000.00|-10.00|-8.63|-10.00|21.16|21.16|21.48|21.16|3.52|23.51|13472289|319253856.00|1|0.0000|0.0000|0.0000|0|23.51
楚环科技|001336|-10.00|4178174|73715856.00|-5.93|-5.31|-10.00|17.46|18.25|18.37|17.46|4.18|19.40|8726945|172339776.00|1|0.0000|0.0000|0.0000|0|19.40
四川黄金|001337|-9.99|20263501|449233280.00|-9.91|-5.24|-9.99|21.80|21.82|22.95|21.80|20.26|24.22|30143805|717410112.00|1|0.0000|0.0000|0.0000|0|24.22
永顺泰|001338|-9.97|11841212|129294328.00|-3.75|-2.73|-9.97|10.57|11.30|11.42|10.57|11.84|11.74|8310600|97327736.00|1|0.0000|0.0000|0.0000|0|11.74
智微智能|001339|-10.00|1696300|75760216.00|-10.00|-7.84|-10.00|44.53|44.53|45.60|44.53|1.70|49.48|5179400|257645296.00|1|0.0000|0.0000|0.0000|0|49.48
富岭股份|001356|1.45|87155426|1647187072.00|-4.15|9.80|-8.51|18.84|17.80|20.39|16.99|87.16|18.57|42657928|772140992.00|1|0.0000|0.0000|0.0000|0|18.57
兴欣新材|001358|-10.01|1488120|31185448.00|-7.58|-3.68|-10.01|20.77|21.33|22.23|20.77|1.49|23.08|1208952|27834198.00|1|0.0000|0.0000|0.0000|0|23.08
平安电工|001359|-9.99|2271300|66702864.00|-8.97|-6.69|-9.99|29.19|29.52|30.26|29.19|2.27|32.43|7709726|256967664.00|1|0.0000|0.0000|0.0000|0|32.43
南矿集团|001360|-5.73|6202738|81888992.00|-1.81|-0.51|-8.85|13.00|13.54|13.72|12.57|6.20|13.79|1702622|23254076.00|1|0.0000|0.0000|0.0000|0|13.79
播恩集团|001366|-9.87|5046800|51795228.00|-3.08|-1.36|-9.96|9.95|10.70|10.89|9.94|5.05|11.04|2490900|27428364.00|1|0.0000|0.0000|0.0000|0|11.04
海森药业|001367|-9.98|2180184|58340384.00|-5.40|-3.27|-9.98|26.15|27.48|28.10|26.15|2.18|29.05|2117813|61547900.00|1|0.0000|0.0000|0.0000|0|29.05
通达创智|001368|-9.99|773400|15791238.00|-4.10|-4.10|-9.99|20.18|21.50|21.50|20.18|0.77|22.42|1483500|33137848.00|1|0.0000|0.0000|0.0000|0|22.42
翔腾新材|001373|-10.00|709100|18903612.00|-7.41|-4.44|-10.00|26.37|27.13|28.00|26.37|0.71|29.30|782800|22869620.00|1|0.0000|0.0000|0.0000|0|29.30
百通能源|001376|-10.01|9514429|120491232.00|-3.41|-3.41|-10.01|12.40|13.31|13.31|12.40|9.51|13.78|5320418|73381656.00|1|0.0000|0.0000|0.0000|0|13.78
德冠新材|001378|-10.00|2245100|45896744.00|-4.89|-3.10|-10.00|20.06|21.20|21.60|20.06|2.25|22.29|1516805|33946112.00|1|0.0000|0.0000|0.0000|0|22.29
腾达科技|001379|-10.00|2147500|40522176.00|-7.17|-6.20|-10.00|18.71|19.30|19.50|18.71|2.15|20.79|2498165|51940352.00|1|0.0000|0.0000|0.0000|0|20.79
华纬科技|001380|-9.99|1036884|29165514.00|-7.51|-6.83|-9.99|27.92|28.69|28.90|27.92|1.04|31.02|2060014|63787252.00|1|0.0000|0.0000|0.0000|0|31.02
新亚电缆|001382|-9.99|21412351|546287296.00|-7.08|-0.55|-9.99|24.42|25.21|26.98|24.42|21.41|27.13|33997466|863334976.00|1|0.0000|0.0000|0.0000|0|27.13
雪祺电气|001387|-10.01|2634990|32253858.00|-4.45|-4.45|-10.01|12.14|12.89|12.89|12.14|2.63|13.49|2634709|35601092.00|1|0.0000|0.0000|0.0000|0|13.49
广合科技|001389|-10.00|1975339|90487904.00|-10.00|-5.53|-10.00|45.54|45.54|47.80|45.54|1.98|50.60|5655233|291393568.00|1|0.0000|0.0000|0.0000|0|50.60
国货航|001391|-9.90|147313063|975645568.00|-5.09|-0.99|-10.04|6.37|6.71|7.00|6.36|147.31|7.07|150202514|1063230592.00|1|0.0000|0.0000|0.0000|0|7.07
亚联机械|001395|-10.00|5127971|216071920.00|-5.09|-1.11|-10.00|40.68|42.90|44.70|40.68|5.13|45.20|7777668|351129536.00|1|0.0000|0.0000|0.0000|0|45.20
宗申动力|001696|-9.99|21480905|413644032.00|-9.00|-6.03|-9.99|19.11|19.32|19.95|19.11|21.48|21.23|22591634|484463872.00|1|0.0000|0.0000|0.0000|0|21.23
招商港口|001872|-9.29|14875849|275440032.00|-5.02|-3.11|-9.99|18.07|18.92|19.30|17.93|14.88|19.92|11463790|227138736.00|1|0.0000|0.0000|0.0000|0|19.92
豫能控股|001896|-9.98|31943300|121675952.00|-2.68|-2.68|-9.98|3.70|4.00|4.00|3.70|31.94|4.11|30487836|124213216.00|1|0.0000|0.0000|0.0000|0|4.11
招商积余|001914|-7.48|17274046|198635024.00|-4.35|-2.05|-9.86|11.26|11.64|11.92|10.97|17.27|12.17|6252101|76217592.00|1|0.0000|0.0000|0.0000|0|12.17
招商公路|001965|-1.08|35692883|454626432.00|-3.56|-0.08|-4.10|12.79|12.47|12.92|12.40|35.69|12.93|44185599|560474048.00|1|0.0000|0.0000|0.0000|0|12.93
招商蛇口|001979|-5.40|101536927|926846336.00|-2.80|-1.45|-7.79|9.11|9.36|9.49|8.88|101.54|9.63|102161900|978245504.00|1|0.0000|0.0000|0.0000|0|9.63
新 和 成|002001|-9.87|42926513|856060352.00|-5.03|-4.79|-10.00|19.55|20.60|20.65|19.52|42.93|21.69|21573451|468335232.00|1|0.0000|0.0000|0.0000|0|21.69
伟星股份|002003|-9.99|16480138|183333696.00|-7.64|-3.27|-9.99|10.72|11.00|11.52|10.72|16.48|11.91|17621906|209301888.00|1|0.0000|0.0000|0.0000|0|11.91
华邦健康|002004|-9.13|64037205|248742128.00|-3.85|-2.64|-10.10|3.78|4.00|4.05|3.74|64.04|4.16|51794891|215003120.00|1|0.0000|0.0000|0.0000|0|4.16
ST德豪|002005|-4.92|4660300|8114490.00|-4.92|-3.83|-4.92|1.74|1.74|1.76|1.74|4.66|1.83|19575100|35840820.00|1|0.0000|0.0000|0.0000|0|1.83
精工科技|002006|-9.99|40831158|710758592.00|-9.99|-3.00|-9.99|17.12|17.12|18.45|17.12|40.83|19.02|69752013|1330040576.00|1|0.0000|0.0000|0.0000|0|19.02
华兰生物|002007|1.23|72746967|1224630656.00|3.08|7.08|-1.29|16.45|16.75|17.40|16.04|72.75|16.25|11136392|179633680.00|1|0.0000|0.0000|0.0000|0|16.25
大族激光|002008|-10.01|32364174|807552576.00|-5.99|-5.11|-10.01|24.64|25.74|25.98|24.64|32.36|27.38|30378396|831722112.00|1|0.0000|0.0000|0.0000|0|27.38
天奇股份|002009|-10.01|8987500|116330456.00|-8.82|-6.93|-10.01|12.85|13.02|13.29|12.85|8.99|14.28|12770800|184212480.00|1|0.0000|0.0000|0.0000|0|14.28
传化智联|002010|-9.96|56758279|282189376.00|-4.98|-4.06|-9.96|4.88|5.15|5.20|4.88|56.76|5.42|22117325|119108480.00|1|0.0000|0.0000|0.0000|0|5.42
盾安环境|002011|-9.97|15413000|169828688.00|-4.90|-4.40|-9.97|10.84|11.45|11.51|10.84|15.41|12.04|11705095|140492784.00|1|0.0000|0.0000|0.0000|0|12.04
凯恩股份|002012|-10.04|13559500|59145412.00|-3.97|-3.14|-10.04|4.30|4.59|4.63|4.30|13.56|4.78|9605420|45439588.00|1|0.0000|0.0000|0.0000|0|4.78
永新股份|002014|-5.82|11434140|127601560.00|-5.73|-1.45|-7.27|11.01|11.02|11.52|10.84|11.43|11.69|8085264|94952808.00|1|0.0000|0.0000|0.0000|0|11.69
协鑫能科|002015|-10.00|25859310|180257360.00|-5.26|-4.34|-10.00|6.84|7.20|7.27|6.84|25.86|7.60|14400500|109117864.00|1|0.0000|0.0000|0.0000|0|7.60
世荣兆业|002016|-9.92|14873108|81129072.00|-5.55|-2.52|-9.92|5.36|5.62|5.80|5.36|14.87|5.95|11041800|65896484.00|1|0.0000|0.0000|0.0000|0|5.95
东信和平|002017|-9.98|13606980|126312968.00|-6.16|-5.87|-9.98|9.20|9.59|9.62|9.20|13.61|10.22|13281958|136017008.00|1|0.0000|0.0000|0.0000|0|10.22
亿帆医药|002019|-10.03|17788700|193611136.00|-4.42|-3.14|-10.03|10.59|11.25|11.40|10.59|17.79|11.77|9260259|108883896.00|1|0.0000|0.0000|0.0000|0|11.77
京新药业|002020|-8.82|32560064|430666720.00|-4.87|-3.25|-10.02|12.92|13.48|13.71|12.75|32.56|14.17|27460507|389044704.00|1|0.0000|0.0000|0.0000|0|14.17
中捷资源|002021|-9.87|28587256|57937728.00|-7.62|-5.38|-9.87|2.01|2.06|2.11|2.01|28.59|2.23|17534501|39036556.00|1|0.0000|0.0000|0.0000|0|2.23
科华生物|002022|-10.00|10753300|58313856.00|-2.03|-2.03|-10.00|5.31|5.78|5.78|5.31|10.75|5.90|5017130|29788524.00|1|0.0000|0.0000|0.0000|0|5.90
海特高新|002023|-10.02|13436200|122647904.00|-6.31|-4.31|-10.02|8.98|9.35|9.55|8.98|13.44|9.98|7417143|74200360.00|1|0.0000|0.0000|0.0000|0|9.98
ST易购|002024|-4.76|40482123|73070352.00|-4.23|-3.17|-4.76|1.80|1.81|1.83|1.80|40.48|1.89|61786161|116779384.00|1|0.0000|0.0000|0.0000|0|1.89
航天电器|002025|-9.59|7743857|413468896.00|-4.83|0.49|-10.00|51.26|53.96|56.98|51.03|7.74|56.70|6230851|354349344.00|1|0.0000|0.0000|0.0000|0|56.70
山东威达|002026|-9.96|22006500|223799584.00|-6.58|-6.14|-9.96|10.12|10.50|10.55|10.12|22.01|11.24|20307056|231284432.00|1|0.0000|0.0000|0.0000|0|11.24
分众传媒|002027|-8.52|229065636|1511954688.00|-3.12|-2.98|-9.66|6.44|6.82|6.83|6.36|229.07|7.04|104393589|726369600.00|1|0.0000|0.0000|0.0000|0|7.04
思源电气|002028|-6.25|9241554|663912320.00|-4.45|-2.26|-9.89|71.25|72.62|74.28|68.48|9.24|76.00|3799640|286855776.00|1|0.0000|0.0000|0.0000|0|76.00
七 匹 狼|002029|-10.03|13089700|77544224.00|-5.40|-4.63|-10.03|5.83|6.13|6.18|5.83|13.09|6.48|7426200|48024664.00|1|0.0000|0.0000|0.0000|0|6.48
达安基因|002030|-9.95|24574942|136007408.00|-3.65|-3.32|-9.95|5.43|5.81|5.83|5.43|24.57|6.03|12101044|73216472.00|1|0.0000|0.0000|0.0000|0|6.03
巨轮智能|002031|-10.03|69184800|549804928.00|-10.03|-5.70|-10.03|7.89|7.89|8.27|7.89|69.18|8.77|191013886|1681746944.00|1|0.0000|0.0000|0.0000|0|8.77
苏 泊 尔|002032|-3.74|4211486|240361072.00|-2.28|-0.09|-7.23|56.55|57.41|58.70|54.50|4.21|58.75|2146562|126675552.00|1|0.0000|0.0000|0.0000|0|58.75
丽江股份|002033|-8.26|31853400|285371776.00|-4.08|-1.78|-9.94|8.77|9.17|9.39|8.61|31.85|9.56|18517637|177460352.00|1|0.0000|0.0000|0.0000|0|9.56
旺能环境|002034|-9.98|6172323|104665224.00|-5.48|-4.01|-9.98|16.60|17.43|17.70|16.60|6.17|18.44|5748122|105056344.00|1|0.0000|0.0000|0.0000|0|18.44
华帝股份|002035|-10.03|19894155|130703952.00|-5.29|-5.15|-10.03|6.46|6.80|6.81|6.46|19.89|7.18|14334002|103217120.00|1|0.0000|0.0000|0.0000|0|7.18
联创电子|002036|-9.95|28901629|287532672.00|-8.68|-6.12|-9.95|9.86|10.00|10.28|9.86|28.90|10.95|40236130|446646464.00|1|0.0000|0.0000|0.0000|0|10.95
保利联合|002037|-10.02|9588200|71127504.00|-4.21|-3.22|-10.02|7.27|7.74|7.82|7.27|9.59|8.08|8814400|71171256.00|1|0.0000|0.0000|0.0000|0|8.08
双鹭药业|002038|-10.04|23290807|148080336.00|-3.93|-2.33|-10.04|6.18|6.60|6.71|6.18|23.29|6.87|8922825|61217528.00|1|0.0000|0.0000|0.0000|0|6.87
黔源电力|002039|-6.67|23381527|352376512.00|-3.71|-2.08|-8.62|14.83|15.30|15.56|14.52|23.38|15.89|18159540|287148704.00|1|0.0000|0.0000|0.0000|0|15.89
南 京 港|002040|-9.93|11131895|69713384.00|-5.04|-3.26|-9.93|6.08|6.41|6.53|6.08|11.13|6.75|10192785|68275704.00|1|0.0000|0.0000|0.0000|0|6.75
登海种业|002041|9.89|76576321|844166464.00|4.75|9.89|3.01|11.33|10.80|11.33|10.62|76.58|10.31|11130935|114421720.00|1|0.0000|0.0000|0.0000|0|10.31
华孚时尚|002042|-10.06|18633200|104316496.00|-9.09|-5.03|-10.06|5.54|5.60|5.85|5.54|18.63|6.16|55492246|341028256.00|1|0.0000|0.0000|0.0000|0|6.16
兔 宝 宝|002043|-8.48|16246260|158789520.00|-2.76|-2.57|-10.01|9.60|10.20|10.22|9.44|16.25|10.49|7451426|78503648.00|1|0.0000|0.0000|0.0000|0|10.49
美年健康|002044|-10.02|91359167|473468352.00|-6.85|-5.10|-10.02|5.12|5.30|5.40|5.12|91.36|5.69|60785552|344656736.00|1|0.0000|0.0000|0.0000|0|5.69
国光电器|002045|-9.99|8993300|127341496.00|-9.99|-9.10|-9.99|14.15|14.15|14.29|14.15|8.99|15.72|42404923|678848768.00|1|0.0000|0.0000|0.0000|0|15.72
国机精工|002046|-10.01|12483800|174463296.00|-6.44|-5.85|-10.01|13.84|14.39|14.48|13.84|12.48|15.38|17674701|276003264.00|1|0.0000|0.0000|0.0000|0|15.38
*ST宝鹰|002047|-10.04|25373440|55576516.00|-5.02|-4.60|-10.04|2.15|2.27|2.28|2.15|25.37|2.39|22852800|54448348.00|1|0.0000|0.0000|0.0000|0|2.39
宁波华翔|002048|-9.98|18866821|254720624.00|-6.68|-5.39|-9.98|13.35|13.84|14.03|13.35|18.87|14.83|18455341|275751616.00|1|0.0000|0.0000|0.0000|0|14.83
紫光国微|002049|-7.00|39877436|2583453184.00|-4.95|-0.60|-10.01|63.11|64.50|67.45|61.07|39.88|67.86|18620883|1269024128.00|1|0.0000|0.0000|0.0000|0|67.86
三花智控|002050|-10.00|45478600|1151334656.00|-10.00|-8.10|-10.00|25.21|25.21|25.74|25.21|45.48|28.01|65663311|1858099840.00|1|0.0000|0.0000|0.0000|0|28.01
中工国际|002051|-9.94|19458000|148045536.00|-2.91|-2.91|-9.94|7.43|8.01|8.01|7.43|19.46|8.25|10001591|82444312.00|1|0.0000|0.0000|0.0000|0|8.25
同洲电子|002052|-4.98|13434972|85293880.00|-3.32|-0.45|-4.98|6.29|6.40|6.59|6.29|13.43|6.62|15071200|100289416.00|1|0.0000|0.0000|0.0000|0|6.62
云南能投|002053|-9.98|10592387|114669392.00|-4.13|-2.84|-9.98|10.46|11.14|11.29|10.46|10.59|11.62|6445235|74548808.00|1|0.0000|0.0000|0.0000|0|11.62
德美化工|002054|-9.94|16770300|95317040.00|-7.69|-3.85|-9.94|5.62|5.76|6.00|5.62|16.77|6.24|21513685|134237904.00|1|0.0000|0.0000|0.0000|0|6.24
得润电子|002055|-10.04|18938300|95773600.00|-8.42|-6.09|-10.04|5.02|5.11|5.24|5.02|18.94|5.58|14622300|80972392.00|1|0.0000|0.0000|0.0000|0|5.58
横店东磁|002056|-10.02|31511413|417918368.00|-5.32|-4.98|-10.02|13.02|13.70|13.75|13.02|31.51|14.47|35055540|509041920.00|1|0.0000|0.0000|0.0000|0|14.47
中钢天源|002057|-9.99|24179189|178765296.00|-7.40|-5.06|-9.99|7.30|7.51|7.70|7.30|24.18|8.11|21283087|172656304.00|1|0.0000|0.0000|0.0000|0|8.11
*ST威尔|002058|-9.98|2342100|25177832.00|-9.82|-7.89|-9.98|10.73|10.75|10.98|10.73|2.34|11.92|22446824|268543488.00|1|0.0000|0.0000|0.0000|0|11.92
云南旅游|002059|-9.86|29497332|156825232.00|-3.17|-1.58|-10.04|5.12|5.50|5.59|5.11|29.50|5.68|19051925|107786464.00|1|0.0000|0.0000|0.0000|0|5.68
广东建工|002060|-9.47|37056127|123861112.00|-2.51|-2.23|-10.03|3.25|3.50|3.51|3.23|37.06|3.59|18881600|67274760.00|1|0.0000|0.0000|0.0000|0|3.59
浙江交科|002061|-9.85|63587526|232571440.00|-3.79|-3.03|-10.10|3.57|3.81|3.84|3.56|63.59|3.96|26664020|105216368.00|1|0.0000|0.0000|0.0000|0|3.96
宏润建设|002062|-10.05|25090106|127805168.00|-5.03|-4.85|-10.05|5.01|5.29|5.30|5.01|25.09|5.57|38495301|215560688.00|1|0.0000|0.0000|0.0000|0|5.57
远光软件|002063|-10.03|54007616|305020992.00|-5.18|-4.37|-10.03|5.56|5.86|5.91|5.56|54.01|6.18|31085921|192334176.00|1|0.0000|0.0000|0.0000|0|6.18
华峰化学|002064|-9.99|34171892|236002784.00|-4.93|-3.73|-9.99|6.76|7.14|7.23|6.76|34.17|7.51|25363881|190454448.00|1|0.0000|0.0000|0.0000|0|7.51
东华软件|002065|-9.97|55340400|513368352.00|-9.19|-6.35|-9.97|9.21|9.29|9.58|9.21|55.34|10.23|63676689|655310144.00|1|0.0000|0.0000|0.0000|0|10.23
瑞泰科技|002066|-10.02|5957400|59607764.00|-10.02|-4.46|-10.02|9.88|9.88|10.49|9.88|5.96|10.98|6397580|71019456.00|1|0.0000|0.0000|0.0000|0|10.98
景兴纸业|002067|-10.00|47688600|166060416.00|-5.53|-5.00|-10.00|3.42|3.59|3.61|3.42|47.69|3.80|30711000|116994256.00|1|0.0000|0.0000|0.0000|0|3.80
黑猫股份|002068|-10.00|9284700|100787160.00|-6.72|-5.88|-10.00|10.71|11.10|11.20|10.71|9.28|11.90|23420848|282242816.00|1|0.0000|0.0000|0.0000|0|11.90
獐子岛|002069|-9.92|14039132|46975668.00|-3.31|-3.03|-9.92|3.27|3.51|3.52|3.27|14.04|3.63|6119400|22166982.00|1|0.0000|0.0000|0.0000|0|3.63
凯瑞德|002072|-9.93|4888300|18801640.00|-4.26|-1.65|-9.93|3.81|4.05|4.16|3.81|4.89|4.23|6929900|28947928.00|1|0.0000|0.0000|0.0000|0|4.23
软控股份|002073|-9.95|27452700|215027200.00|-7.41|-6.71|-9.95|7.78|8.00|8.06|7.78|27.45|8.64|52082275|457672416.00|1|0.0000|0.0000|0.0000|0|8.64
国轩高科|002074|-10.00|24547327|484330496.00|-7.96|-4.77|-10.00|19.44|19.88|20.57|19.44|24.55|21.60|8766001|189989776.00|1|0.0000|0.0000|0.0000|0|21.60
沙钢股份|002075|-10.03|48420213|264549536.00|-7.19|-3.85|-10.03|5.38|5.55|5.75|5.38|48.42|5.98|56204010|333385376.00|1|0.0000|0.0000|0.0000|0|5.98
*ST星光|002076|-9.88|25457400|74558480.00|-9.88|-7.41|-9.88|2.92|2.92|3.00|2.92|25.46|3.24|47158400|154875776.00|1|0.0000|0.0000|0.0000|0|3.24
大港股份|002077|-9.98|12915400|168896112.00|-6.54|-2.95|-9.98|12.81|13.30|13.81|12.81|12.92|14.23|7001800|99822048.00|1|0.0000|0.0000|0.0000|0|14.23
太阳纸业|002078|-6.44|26744681|370643968.00|-4.52|-0.75|-9.04|13.66|13.94|14.49|13.28|26.74|14.60|9276853|136003168.00|1|0.0000|0.0000|0.0000|0|14.60
苏州固锝|002079|-9.95|15075400|135519152.00|-4.57|-4.57|-9.95|8.87|9.40|9.40|8.87|15.08|9.85|9249116|91496592.00|1|0.0000|0.0000|0.0000|0|9.85
中材科技|002080|-10.02|21369478|289928288.00|-6.64|-5.21|-10.02|13.29|13.79|14.00|13.29|21.37|14.77|18098500|270332864.00|1|0.0000|0.0000|0.0000|0|14.77
金 螳 螂|002081|-9.97|44027672|139202240.00|-2.64|-2.64|-9.97|3.07|3.32|3.32|3.07|44.03|3.41|16693950|56786968.00|1|0.0000|0.0000|0.0000|0|3.41
万邦德|002082|-9.93|9468600|53402760.00|-5.21|-3.42|-9.93|5.53|5.82|5.93|5.53|9.47|6.14|6896702|42321568.00|1|0.0000|0.0000|0.0000|0|6.14
孚日股份|002083|-10.08|22621300|101553696.00|-8.06|-6.85|-10.08|4.46|4.56|4.62|4.46|22.62|4.96|13074439|64776972.00|1|0.0000|0.0000|0.0000|0|4.96
海鸥住工|002084|10.14|123291070|468418368.00|10.14|10.14|7.54|3.80|3.80|3.80|3.71|123.29|3.45|84221995|274685888.00|1|0.0000|0.0000|0.0000|0|3.45
万丰奥威|002085|-9.99|38417674|596115136.00|-9.18|-5.55|-9.99|15.40|15.54|16.16|15.40|38.42|17.11|38124282|657744256.00|1|0.0000|0.0000|0.0000|0|17.11
东方海洋|002086|-9.81|97718697|238591056.00|-5.66|-3.40|-9.81|2.39|2.50|2.56|2.39|97.72|2.65|71135655|190050080.00|1|0.0000|0.0000|0.0000|0|2.65
鲁阳节能|002088|-9.98|4918543|60990092.00|-3.25|-2.42|-9.98|11.91|12.80|12.91|11.91|4.92|13.23|3114392|41407496.00|1|0.0000|0.0000|0.0000|0|13.23
金智科技|002090|-10.02|13062700|116453968.00|-7.46|-4.70|-10.02|8.80|9.05|9.32|8.80|13.06|9.78|19747067|194616272.00|1|0.0000|0.0000|0.0000|0|9.78
江苏国泰|002091|-10.01|21854600|155676752.00|-7.19|-5.01|-10.01|7.01|7.23|7.40|7.01|21.85|7.79|13566510|105770072.00|1|0.0000|0.0000|0.0000|0|7.79
中泰化学|002092|-5.01|17410700|76168480.00|-5.01|-3.49|-5.01|4.36|4.36|4.43|4.36|17.41|4.59|11969400|54759388.00|1|0.0000|0.0000|0.0000|0|4.59
国脉科技|002093|-9.95|48904300|470309728.00|-6.16|-4.74|-9.95|9.50|9.90|10.05|9.50|48.90|10.55|74537143|798911488.00|1|0.0000|0.0000|0.0000|0|10.55
青岛金王|002094|-4.10|152484073|879881536.00|-1.88|4.10|-7.17|5.62|5.75|6.10|5.44|152.48|5.86|116271996|667381888.00|1|0.0000|0.0000|0.0000|0|5.86
生 意 宝|002095|-10.01|4029821|63217864.00|-7.52|-4.57|-10.01|15.56|15.99|16.50|15.56|4.03|17.29|3197700|55574616.00|1|0.0000|0.0000|0.0000|0|17.29
易普力|002096|-6.89|13689473|149625440.00|-4.22|-2.58|-9.91|10.81|11.12|11.31|10.46|13.69|11.61|9045303|105915936.00|1|0.0000|0.0000|0.0000|0|11.61
山河智能|002097|-10.01|15410200|104735352.00|-8.54|-5.87|-10.01|6.74|6.85|7.05|6.74|15.41|7.49|10122100|76022432.00|1|0.0000|0.0000|0.0000|0|7.49
浔兴股份|002098|-9.94|3474300|26100876.00|-7.03|-4.73|-9.94|7.43|7.67|7.86|7.43|3.47|8.25|2029400|16649237.00|1|0.0000|0.0000|0.0000|0|8.25
海翔药业|002099|-10.00|17464200|83738552.00|-2.69|-2.69|-10.00|4.68|5.06|5.06|4.68|17.46|5.20|11950600|62245496.00|1|0.0000|0.0000|0.0000|0|5.20
天康生物|002100|-3.45|94166707|594448704.00|-1.41|2.51|-4.86|6.16|6.29|6.54|6.07|94.17|6.38|33728777|214130144.00|1|0.0000|0.0000|0.0000|0|6.38
广东鸿图|002101|-10.02|11249600|134494272.00|-9.33|-6.07|-10.02|11.86|11.95|12.38|11.86|11.25|13.18|15348722|203601952.00|1|0.0000|0.0000|0.0000|0|13.18
能特科技|002102|-10.00|40184900|102275424.00|-7.86|-5.71|-10.00|2.52|2.58|2.64|2.52|40.18|2.80|102525655|296680800.00|1|0.0000|0.0000|0.0000|0|2.80
广博股份|002103|-10.04|6760600|57247832.00|-9.72|-7.05|-10.04|8.42|8.45|8.70|8.42|6.76|9.36|11637200|108959600.00|1|0.0000|0.0000|0.0000|0|9.36
恒宝股份|002104|-7.59|69968525|503957024.00|-5.76|-2.09|-9.95|7.06|7.20|7.48|6.88|69.97|7.64|79062555|596839168.00|1|0.0000|0.0000|0.0000|0|7.64
信隆健康|002105|-10.01|13049705|95669280.00|-6.51|-4.76|-10.01|7.19|7.47|7.61|7.19|13.05|7.99|46025492|374687552.00|1|0.0000|0.0000|0.0000|0|7.99
莱宝高科|002106|-9.95|11409500|110266800.00|-7.89|-6.76|-9.95|9.59|9.81|9.93|9.59|11.41|10.65|19032408|204213728.00|1|0.0000|0.0000|0.0000|0|10.65
沃华医药|002107|-10.08|16873810|75414376.00|-2.88|-2.88|-10.08|4.37|4.72|4.72|4.37|16.87|4.86|41909193|205639728.00|1|0.0000|0.0000|0.0000|0|4.86
沧州明珠|002108|-10.03|39135377|125825064.00|-3.72|-2.87|-10.03|3.14|3.36|3.39|3.14|39.14|3.49|21152884|73899904.00|1|0.0000|0.0000|0.0000|0|3.49
兴化股份|002109|-10.00|12097750|36562104.00|-4.85|-2.42|-10.00|2.97|3.14|3.22|2.97|12.10|3.30|7942050|26035548.00|1|0.0000|0.0000|0.0000|0|3.30
三钢闽光|002110|-9.87|21866100|79602432.00|-3.54|-2.78|-9.87|3.56|3.81|3.84|3.56|21.87|3.95|23992950|93836824.00|1|0.0000|0.0000|0.0000|0|3.95
威海广泰|002111|-9.96|13605320|134058608.00|-7.75|-5.81|-9.96|9.76|10.00|10.21|9.76|13.61|10.84|14711596|160993616.00|1|0.0000|0.0000|0.0000|0|10.84
三变科技|002112|-9.98|5394600|68550496.00|-9.76|-7.13|-9.98|12.63|12.66|13.03|12.63|5.39|14.03|11222913|158740064.00|1|0.0000|0.0000|0.0000|0|14.03
罗平锌电|002114|-9.98|12030300|71051808.00|-7.68|-6.30|-9.98|5.86|6.01|6.10|5.86|12.03|6.51|13254500|85666672.00|1|0.0000|0.0000|0.0000|0|6.51
三维通信|002115|-10.01|23203300|169563744.00|-10.01|-7.54|-10.01|7.28|7.28|7.48|7.28|23.20|8.09|122892197|1022910912.00|1|0.0000|0.0000|0.0000|0|8.09
中国海诚|002116|-9.99|7613700|71275272.00|-3.23|-3.23|-9.99|9.19|9.88|9.88|9.19|7.61|10.21|4442537|45332772.00|1|0.0000|0.0000|0.0000|0|10.21
东港股份|002117|-9.98|9534200|113001616.00|-9.98|-7.92|-9.98|11.82|11.82|12.09|11.82|9.53|13.13|37807800|505767776.00|1|0.0000|0.0000|0.0000|0|13.13
康强电子|002119|-10.02|11351800|165281856.00|-7.66|-7.53|-10.02|14.45|14.83|14.85|14.45|11.35|16.06|13760274|225160416.00|1|0.0000|0.0000|0.0000|0|16.06
韵达股份|002120|-8.25|62406397|411444352.00|-2.84|-2.42|-9.96|6.45|6.83|6.86|6.33|62.41|7.03|31315352|219340384.00|1|0.0000|0.0000|0.0000|0|7.03
科陆电子|002121|-10.00|24025200|93862048.00|-8.14|-5.12|-10.00|3.87|3.95|4.08|3.87|24.03|4.30|9882948|42412280.00|1|0.0000|0.0000|0.0000|0|4.30
ST汇洲|002122|-10.09|56512700|218050368.00|-9.39|-5.63|-10.09|3.83|3.86|4.02|3.83|56.51|4.26|55666900|238889584.00|1|0.0000|0.0000|0.0000|0|4.26
梦网科技|002123|-10.02|16381300|212332736.00|-9.18|-6.66|-10.02|12.84|12.96|13.32|12.84|16.38|14.27|25561700|368266752.00|1|0.0000|0.0000|0.0000|0|14.27
天邦食品|002124|-4.98|75874920|220512976.00|-2.33|-1.33|-4.98|2.86|2.94|2.97|2.86|75.87|3.01|31055603|93125808.00|1|0.0000|0.0000|0.0000|0|3.01
湘潭电化|002125|-10.01|13163300|128095152.00|-6.36|-5.52|-10.01|9.62|10.01|10.10|9.62|13.16|10.69|8206860|87427664.00|1|0.0000|0.0000|0.0000|0|10.69
银轮股份|002126|-10.01|12258150|297818912.00|-10.01|-8.00|-10.01|24.18|24.18|24.72|24.18|12.26|26.87|24327710|661593472.00|1|0.0000|0.0000|0.0000|0|26.87
南极电商|002127|-10.03|28743500|102354432.00|-4.37|-4.11|-10.03|3.50|3.72|3.73|3.50|28.74|3.89|26921656|105059016.00|1|0.0000|0.0000|0.0000|0|3.89
电投能源|002128|-9.78|19464052|345863136.00|-5.15|-3.54|-9.98|17.35|18.24|18.55|17.31|19.46|19.23|8075591|154969888.00|1|0.0000|0.0000|0.0000|0|19.23
TCL中环|002129|-10.00|77643692|628493440.00|-6.74|-5.28|-10.00|8.01|8.30|8.43|8.01|77.64|8.90|47468124|423969216.00|1|0.0000|0.0000|0.0000|0|8.90
沃尔核材|002130|-9.99|22773900|408559520.00|-9.94|-6.92|-9.99|17.83|17.84|18.44|17.83|22.77|19.81|36233336|723908800.00|1|0.0000|0.0000|0.0000|0|19.81
利欧股份|002131|-10.03|140847844|444687616.00|-10.03|-6.30|-10.03|3.14|3.14|3.27|3.14|140.85|3.49|203535795|715728512.00|1|0.0000|0.0000|0.0000|0|3.49
恒星科技|002132|-9.88|73552481|229819120.00|-9.59|-6.10|-9.88|3.10|3.11|3.23|3.10|73.55|3.44|185428838|658089216.00|1|0.0000|0.0000|0.0000|0|3.44
广宇集团|002133|-9.73|20800700|49250504.00|-3.11|-3.11|-10.12|2.32|2.49|2.49|2.31|20.80|2.57|9898400|25264380.00|1|0.0000|0.0000|0.0000|0|2.57
天津普林|002134|-10.02|2897400|49160072.00|-9.91|-6.77|-10.02|16.89|16.91|17.50|16.89|2.90|18.77|5345400|100556968.00|1|0.0000|0.0000|0.0000|0|18.77
东南网架|002135|-10.02|23218400|93980320.00|-3.87|-3.42|-10.02|3.95|4.22|4.24|3.95|23.22|4.39|18124498|79412896.00|1|0.0000|0.0000|0.0000|0|4.39
安 纳 达|002136|-10.03|5262300|48249412.00|-4.67|-3.87|-10.03|9.06|9.60|9.68|9.06|5.26|10.07|6247600|62435508.00|1|0.0000|0.0000|0.0000|0|10.07
实益达|002137|-10.00|9377127|65226840.00|-10.00|-7.27|-10.00|6.93|6.93|7.14|6.93|9.38|7.70|9670510|74631584.00|1|0.0000|0.0000|0.0000|0|7.70
顺络电子|002138|-9.99|15418382|385050368.00|-8.50|-7.44|-9.99|24.79|25.20|25.49|24.79|15.42|27.54|19106756|531944864.00|1|0.0000|0.0000|0.0000|0|27.54
拓邦股份|002139|-10.01|18423971|237186960.00|-10.01|-8.12|-10.01|12.85|12.85|13.12|12.85|18.42|14.28|49754971|723922816.00|1|0.0000|0.0000|0.0000|0|14.28
东华科技|002140|-10.03|16141600|161547248.00|-5.11|-3.06|-10.03|9.69|10.22|10.44|9.69|16.14|10.77|20820840|222648976.00|1|0.0000|0.0000|0.0000|0|10.77
贤丰控股|002141|-4.71|8171350|13285460.00|-4.12|-2.35|-4.71|1.62|1.63|1.66|1.62|8.17|1.70|10551950|17689154.00|1|0.0000|0.0000|0.0000|0|1.70
宁波银行|002142|-8.28|86361907|2020245760.00|-3.79|-3.79|-10.02|23.26|24.40|24.40|22.82|86.36|25.36|27576237|701492672.00|1|0.0000|0.0000|0.0000|0|25.36
宏达高科|002144|-10.04|5464543|55344592.00|-5.91|-5.11|-10.04|10.04|10.50|10.59|10.04|5.46|11.16|2608777|29042370.00|1|0.0000|0.0000|0.0000|0|11.16
钛能化学|002145|-9.93|74574265|303514656.00|-2.93|-2.93|-9.93|3.99|4.30|4.30|3.99|74.57|4.43|33500382|148315520.00|1|0.0000|0.0000|0.0000|0|4.43
荣盛发展|002146|-10.07|134616800|183562400.00|-4.03|-4.03|-10.07|1.34|1.43|1.43|1.34|134.62|1.49|94834045|141836848.00|1|0.0000|0.0000|0.0000|0|1.49
北纬科技|002148|-10.06|11553600|71753680.00|-8.16|-5.54|-10.06|6.17|6.30|6.48|6.17|11.55|6.86|8028280|55200168.00|1|0.0000|0.0000|0.0000|0|6.86
西部材料|002149|-10.01|21070750|392276128.00|-5.16|-1.98|-10.01|18.15|19.13|19.77|18.15|21.07|20.17|7954800|161220112.00|1|0.0000|0.0000|0.0000|0|20.17
通润装备|002150|-10.01|6618600|79811344.00|-6.62|-4.44|-10.01|11.96|12.41|12.70|11.96|6.62|13.29|5790000|77693704.00|1|0.0000|0.0000|0.0000|0|13.29
北斗星通|002151|-10.01|11013467|259000864.00|-3.81|-2.28|-10.01|22.92|24.50|24.89|22.92|11.01|25.47|3428763|87460840.00|1|0.0000|0.0000|0.0000|0|25.47
广电运通|002152|-10.01|35636127|421426048.00|-6.85|-5.62|-10.01|11.69|12.10|12.26|11.69|35.64|12.99|23562355|308124160.00|1|0.0000|0.0000|0.0000|0|12.99
石基信息|002153|-10.01|18332898|129945464.00|-8.47|-5.26|-10.01|7.01|7.13|7.38|7.01|18.33|7.79|13231309|103577672.00|1|0.0000|0.0000|0.0000|0|7.79
报 喜 鸟|002154|-10.07|41999669|161117424.00|-4.32|-4.08|-10.07|3.75|3.99|4.00|3.75|42.00|4.17|17504600|72715264.00|1|0.0000|0.0000|0.0000|0|4.17
湖南黄金|002155|-6.42|94813994|1917509760.00|-9.30|-2.84|-9.30|20.12|19.50|20.89|19.50|94.81|21.50|48513167|1060072576.00|1|0.0000|0.0000|0.0000|0|21.50
通富微电|002156|-9.98|33680411|814084096.00|-9.57|-5.12|-9.98|23.89|24.00|25.18|23.89|33.68|26.54|22067881|589280000.00|1|0.0000|0.0000|0.0000|0|26.54
正邦科技|002157|-4.95|203584253|568004224.00|-1.41|1.77|-6.36|2.69|2.79|2.88|2.65|203.58|2.83|69438663|195969104.00|1|0.0000|0.0000|0.0000|0|2.83
汉钟精机|002158|-9.98|10640102|187146336.00|-6.44|-4.78|-9.98|17.32|18.00|18.32|17.32|10.64|19.24|8372887|162245696.00|1|0.0000|0.0000|0.0000|0|19.24
三特索道|002159|-10.00|7159692|103610968.00|-4.84|-3.38|-10.00|14.13|14.94|15.17|14.13|7.16|15.70|8466080|132368608.00|1|0.0000|0.0000|0.0000|0|15.70
常铝股份|002160|-9.90|22100700|79378168.00|-4.82|-4.82|-9.90|3.55|3.75|3.75|3.55|22.10|3.94|19386300|76163568.00|1|0.0000|0.0000|0.0000|0|3.94
远 望 谷|002161|-9.91|12003200|63714816.00|-8.55|-6.15|-9.91|5.27|5.35|5.49|5.27|12.00|5.85|9072400|53104164.00|1|0.0000|0.0000|0.0000|0|5.85
悦心健康|002162|-9.93|22929828|84306776.00|-5.71|-4.47|-9.93|3.63|3.80|3.85|3.63|22.93|4.03|23028966|92834432.00|1|0.0000|0.0000|0.0000|0|4.03
海南发展|002163|-9.93|25104710|169620960.00|-4.76|-2.99|-9.93|6.62|7.00|7.13|6.62|25.10|7.35|31287740|232882304.00|1|0.0000|0.0000|0.0000|0|7.35
宁波东力|002164|-10.05|9727700|68329216.00|-9.28|-7.60|-10.05|6.98|7.04|7.17|6.98|9.73|7.76|30211050|236122352.00|1|0.0000|0.0000|0.0000|0|7.76
红 宝 丽|002165|-7.82|308931770|2210657792.00|3.27|7.97|-9.39|6.48|7.26|7.59|6.37|308.93|7.03|247622161|1658040960.00|1|0.0000|0.0000|0.0000|0|7.03
莱茵生物|002166|-10.04|31364586|237871296.00|-4.53|-2.08|-10.04|7.35|7.80|8.00|7.35|31.36|8.17|37651370|306975008.00|1|0.0000|0.0000|0.0000|0|8.17
东方锆业|002167|-10.04|29913100|246025904.00|-6.95|-5.74|-10.04|8.15|8.43|8.54|8.15|29.91|9.06|33994500|307695488.00|1|0.0000|0.0000|0.0000|0|9.06
*ST惠程|002168|-5.17|4521600|9952646.00|-5.17|-4.31|-5.17|2.20|2.20|2.22|2.20|4.52|2.32|7849793|18263292.00|1|0.0000|0.0000|0.0000|0|2.32
智光电气|002169|-9.95|12215400|65751180.00|-5.56|-5.56|-9.95|5.34|5.60|5.60|5.34|12.22|5.93|7084900|41883784.00|1|0.0000|0.0000|0.0000|0|5.93
芭田股份|002170|-10.02|34283206|335404512.00|-8.32|-3.02|-10.02|9.52|9.70|10.26|9.52|34.28|10.58|19543800|203893840.00|1|0.0000|0.0000|0.0000|0|10.58
楚江新材|002171|-10.03|22788602|188253040.00|-6.28|-5.29|-10.03|8.16|8.50|8.59|8.16|22.79|9.07|15350565|138519056.00|1|0.0000|0.0000|0.0000|0|9.07
澳洋健康|002172|-10.09|20298900|64038740.00|-5.48|-4.32|-10.09|3.12|3.28|3.32|3.12|20.30|3.47|13649000|47180464.00|1|0.0000|0.0000|0.0000|0|3.47
创新医疗|002173|-9.97|24633255|211604832.00|-6.47|-4.35|-9.97|8.49|8.82|9.02|8.49|24.63|9.43|35428100|336017728.00|1|0.0000|0.0000|0.0000|0|9.43
游族网络|002174|-9.96|20874961|179649872.00|-5.40|-5.19|-9.96|8.50|8.93|8.95|8.50|20.87|9.44|10118700|95752752.00|1|0.0000|0.0000|0.0000|0|9.44
东方智造|002175|-10.04|33004000|143757744.00|-6.49|-5.23|-10.04|4.30|4.47|4.53|4.30|33.00|4.78|34526441|165386416.00|1|0.0000|0.0000|0.0000|0|4.78
江特电机|002176|-10.05|37846693|257888464.00|-6.84|-4.29|-10.05|6.71|6.95|7.14|6.71|37.85|7.46|16955300|126813000.00|1|0.0000|0.0000|0.0000|0|7.46
御银股份|002177|-10.02|24481000|97756344.00|-4.78|-4.78|-10.02|3.95|4.18|4.18|3.95|24.48|4.39|13050658|57218188.00|1|0.0000|0.0000|0.0000|0|4.39
延华智能|002178|-10.05|16955700|94751488.00|-7.62|-6.00|-10.05|5.55|5.70|5.80|5.55|16.96|6.17|11805000|72777568.00|1|0.0000|0.0000|0.0000|0|6.17
中航光电|002179|-3.70|33812243|1355882368.00|-4.12|0.83|-6.34|39.52|39.35|41.38|38.44|33.81|41.04|10567794|434782368.00|1|0.0000|0.0000|0.0000|0|41.04
纳思达|002180|-9.99|23653023|529050432.00|-5.49|-3.43|-9.99|21.81|22.90|23.40|21.81|23.65|24.23|13720725|332366208.00|1|0.0000|0.0000|0.0000|0|24.23
粤 传 媒|002181|-10.00|34113360|179536000.00|-2.14|1.79|-10.00|5.04|5.48|5.70|5.04|34.11|5.60|28217340|156888480.00|1|0.0000|0.0000|0.0000|0|5.60
宝武镁业|002182|-10.02|27985800|331845568.00|-6.17|-4.01|-10.02|11.67|12.17|12.45|11.67|27.99|12.97|21100455|273889728.00|1|0.0000|0.0000|0.0000|0|12.97
怡 亚 通|002183|-9.96|54944601|232170368.00|-5.19|-3.25|-9.96|4.16|4.38|4.47|4.16|54.94|4.62|44126151|204635328.00|1|0.0000|0.0000|0.0000|0|4.62
海得控制|002184|-10.03|6950400|77992416.00|-9.30|-6.23|-10.03|11.12|11.21|11.59|11.12|6.95|12.36|13798205|172662832.00|1|0.0000|0.0000|0.0000|0|12.36
华天科技|002185|-9.96|49116255|467965408.00|-5.27|-5.27|-9.96|9.40|9.89|9.89|9.40|49.12|10.44|29722162|311679296.00|1|0.0000|0.0000|0.0000|0|10.44
全 聚 德|002186|-9.97|9067099|92106176.00|-4.26|-2.45|-9.97|9.93|10.56|10.76|9.93|9.07|11.03|9096090|100036864.00|1|0.0000|0.0000|0.0000|0|11.03
广百股份|002187|-9.99|24538200|156653440.00|-4.41|-1.17|-9.99|6.13|6.51|6.73|6.13|24.54|6.81|24201156|165312512.00|1|0.0000|0.0000|0.0000|0|6.81
中天服务|002188|-10.00|8761600|35810376.00|-4.44|-4.44|-10.00|4.05|4.30|4.30|4.05|8.76|4.50|9670300|43217544.00|1|0.0000|0.0000|0.0000|0|4.50
中光学|002189|-10.01|4170800|71515968.00|-5.88|-5.72|-10.01|16.99|17.77|17.80|16.99|4.17|18.88|2598518|49279800.00|1|0.0000|0.0000|0.0000|0|18.88
成飞集成|002190|-9.97|7535300|114106320.00|-6.04|-3.32|-9.97|14.90|15.55|16.00|14.90|7.54|16.55|3325300|55334020.00|1|0.0000|0.0000|0.0000|0|16.55
劲嘉股份|002191|-10.10|32709952|116363408.00|-4.15|-2.59|-10.10|3.47|3.70|3.76|3.47|32.71|3.86|22420671|86216056.00|1|0.0000|0.0000|0.0000|0|3.86
融捷股份|002192|-9.99|6431313|178437088.00|-5.05|-4.05|-9.99|27.11|28.60|28.90|27.11|6.43|30.12|2617648|78680824.00|1|0.0000|0.0000|0.0000|0|30.12
如意集团|002193|-10.00|4798700|23962128.00|-5.45|-5.45|-10.00|4.95|5.20|5.20|4.95|4.80|5.50|5380700|29480360.00|1|0.0000|0.0000|0.0000|0|5.50
武汉凡谷|002194|-10.01|13430420|140187360.00|-7.75|-5.22|-10.01|10.34|10.60|10.89|10.34|13.43|11.49|14154777|164097856.00|1|0.0000|0.0000|0.0000|0|11.49
岩山科技|002195|-10.07|236785959|1175176448.00|-7.33|-5.13|-10.07|4.91|5.06|5.18|4.91|236.79|5.46|307786076|1694834176.00|1|0.0000|0.0000|0.0000|0|5.46
方正电机|002196|-9.97|18505100|144888080.00|-9.73|-6.26|-9.97|7.77|7.79|8.09|7.77|18.51|8.63|47501770|415949024.00|1|0.0000|0.0000|0.0000|0|8.63
证通电子|002197|-5.04|2312100|11329290.00|-5.04|-5.04|-5.04|4.90|4.90|4.90|4.90|2.31|5.16|19394520|100444120.00|1|0.0000|0.0000|0.0000|0|5.16
嘉应制药|002198|-9.94|12437300|81438928.00|-2.94|-2.94|-9.94|6.43|6.93|6.93|6.43|12.44|7.14|5662967|40319340.00|1|0.0000|0.0000|0.0000|0|7.14
*ST东晶|002199|-4.95|2740200|13673598.00|-4.95|-4.95|-4.95|4.99|4.99|4.99|4.99|2.74|5.25|23020966|122250624.00|1|0.0000|0.0000|0.0000|0|5.25
*ST交投|002200|-4.93|1095700|5927633.00|-4.58|-3.17|-4.93|5.40|5.42|5.50|5.40|1.10|5.68|773300|4354596.00|1|0.0000|0.0000|0.0000|0|5.68
九鼎新材|002201|-2.96|55813405|322676320.00|-6.91|-0.16|-10.03|5.90|5.66|6.07|5.47|55.81|6.08|70243166|427276256.00|1|0.0000|0.0000|0.0000|0|6.08
金风科技|002202|-10.02|56264218|456266688.00|-4.73|-4.73|-10.02|7.99|8.46|8.46|7.99|56.26|8.88|34260584|304824096.00|1|0.0000|0.0000|0.0000|0|8.88
海亮股份|002203|-9.82|10517871|89958120.00|-5.02|-4.59|-10.03|8.45|8.90|8.94|8.43|10.52|9.37|4210014|39434044.00|1|0.0000|0.0000|0.0000|0|9.37
大连重工|002204|-10.05|121544954|659545280.00|-7.54|-5.86|-10.05|5.37|5.52|5.62|5.37|121.54|5.97|159749619|960007616.00|1|0.0000|0.0000|0.0000|0|5.97
国统股份|002205|-10.00|5324400|45593040.00|-6.06|-4.36|-10.00|8.46|8.83|8.99|8.46|5.32|9.40|7615280|71231464.00|1|0.0000|0.0000|0.0000|0|9.40
海 利 得|002206|-9.94|49188871|218018736.00|-7.04|-3.93|-9.94|4.35|4.49|4.64|4.35|49.19|4.83|85309820|419375360.00|1|0.0000|0.0000|0.0000|0|4.83
准油股份|002207|-10.07|8479200|43325856.00|-8.30|-6.36|-10.07|5.09|5.19|5.30|5.09|8.48|5.66|11584200|65203104.00|1|0.0000|0.0000|0.0000|0|5.66
合肥城建|002208|-9.92|12035782|72105560.00|-4.27|-4.27|-9.92|5.90|6.27|6.27|5.90|12.04|6.55|8414968|55075916.00|1|0.0000|0.0000|0.0000|0|6.55
达 意 隆|002209|-10.03|2957500|29887532.00|-6.00|-6.00|-10.03|10.05|10.50|10.50|10.05|2.96|11.17|4959600|55544976.00|1|0.0000|0.0000|0.0000|0|11.17
飞马国际|002210|-9.84|123475300|287407104.00|-3.94|-3.94|-9.84|2.29|2.44|2.44|2.29|123.48|2.54|143693217|368404512.00|1|0.0000|0.0000|0.0000|0|2.54
ST宏达|002211|-10.03|6901300|23077742.00|-5.69|-5.69|-10.03|3.32|3.48|3.48|3.32|6.90|3.69|7644902|27939452.00|1|0.0000|0.0000|0.0000|0|3.69
天融信|002212|-10.00|35524462|260971520.00|-7.41|-6.05|-10.00|7.29|7.50|7.61|7.29|35.52|8.10|29059242|236162928.00|1|0.0000|0.0000|0.0000|0|8.10
大为股份|002213|-9.99|6532300|86414424.00|-7.94|-6.64|-9.99|13.15|13.45|13.64|13.15|6.53|14.61|6062502|88790200.00|1|0.0000|0.0000|0.0000|0|14.61
*ST大立|002214|-10.02|8167013|74423912.00|-4.55|-1.92|-10.02|8.89|9.43|9.69|8.89|8.17|9.88|3885000|38544820.00|1|0.0000|0.0000|0.0000|0|9.88
诺 普 信|002215|-10.01|30157086|251255488.00|-5.39|-5.06|-10.01|8.18|8.60|8.63|8.18|30.16|9.09|14063600|128015128.00|1|0.0000|0.0000|0.0000|0|9.09
三全食品|002216|-8.26|10058440|108182992.00|-3.34|-1.14|-10.02|10.44|11.00|11.25|10.24|10.06|11.38|4027929|45549256.00|1|0.0000|0.0000|0.0000|0|11.38
合力泰|002217|-5.05|7106000|14709420.00|-5.05|-5.05|-5.05|2.07|2.07|2.07|2.07|7.11|2.18|18881300|40951216.00|1|0.0000|0.0000|0.0000|0|2.18
拓日新能|002218|-10.12|26140200|80143008.00|-4.46|-4.46|-10.12|3.02|3.21|3.21|3.02|26.14|3.36|12526412|42038956.00|1|0.0000|0.0000|0.0000|0|3.36
新里程|002219|-10.00|52313090|121135672.00|-2.80|-2.80|-10.00|2.25|2.43|2.43|2.25|52.31|2.50|32567700|81333664.00|1|0.0000|0.0000|0.0000|0|2.50
东华能源|002221|-9.95|21977000|203272528.00|-3.28|-3.08|-9.95|9.05|9.72|9.74|9.05|21.98|10.05|27186900|272893504.00|1|0.0000|0.0000|0.0000|0|10.05
福晶科技|002222|-10.00|16247512|516670080.00|-6.56|-4.89|-10.00|31.13|32.32|32.90|31.13|16.25|34.59|8739835|303326720.00|1|0.0000|0.0000|0.0000|0|34.59
鱼跃医疗|002223|-6.02|13528810|462405216.00|-3.54|-1.51|-9.56|33.70|34.59|35.32|32.43|13.53|35.86|7493146|267801760.00|1|0.0000|0.0000|0.0000|0|35.86
三 力 士|002224|-9.89|16553000|70654488.00|-4.95|-3.87|-9.89|4.19|4.42|4.47|4.19|16.55|4.65|14981011|69065728.00|1|0.0000|0.0000|0.0000|0|4.65
濮耐股份|002225|-10.04|16081670|80410496.00|-5.29|-3.65|-10.04|4.93|5.19|5.28|4.93|16.08|5.48|26218400|145461440.00|1|0.0000|0.0000|0.0000|0|5.48
江南化工|002226|-10.05|34741109|180483648.00|-4.41|-4.23|-10.05|5.10|5.42|5.43|5.10|34.74|5.67|23523559|133114272.00|1|0.0000|0.0000|0.0000|0|5.67
奥 特 迅|002227|-10.02|3907800|43429504.00|-8.63|-7.49|-10.02|11.05|11.22|11.36|11.05|3.91|12.28|9057400|112065080.00|1|0.0000|0.0000|0.0000|0|12.28
合兴包装|002228|-10.13|24947300|72666064.00|-4.43|-3.80|-10.13|2.84|3.02|3.04|2.84|24.95|3.16|15289972|48294596.00|1|0.0000|0.0000|0.0000|0|3.16
鸿博股份|002229|-9.96|9102900|97345552.00|-9.96|-7.76|-9.96|10.67|10.67|10.93|10.67|9.10|11.85|10052050|119574504.00|1|0.0000|0.0000|0.0000|0|11.85
科大讯飞|002230|-10.00|50661652|2236916736.00|-6.14|-5.00|-10.00|43.39|45.25|45.80|43.39|50.66|48.21|16168300|778357632.00|1|0.0000|0.0000|0.0000|0|48.21
*ST奥维|002231|-10.08|7186400|34335684.00|-3.23|-3.23|-10.08|4.73|5.09|5.09|4.73|7.19|5.26|6437210|33686408.00|1|0.0000|0.0000|0.0000|0|5.26
启明信息|002232|-10.01|5936100|98113800.00|-5.50|-5.17|-10.01|16.37|17.19|17.25|16.37|5.94|18.19|3762604|68877064.00|1|0.0000|0.0000|0.0000|0|18.19
塔牌集团|002233|-7.56|18203110|142621664.00|-1.83|-1.34|-9.15|7.58|8.05|8.09|7.45|18.20|8.20|8033953|66024448.00|1|0.0000|0.0000|0.0000|0|8.20
民和股份|002234|-0.75|35119273|335874944.00|-0.11|5.96|-3.51|9.32|9.38|9.95|9.06|35.12|9.39|13599002|127100848.00|1|0.0000|0.0000|0.0000|0|9.39
安妮股份|002235|-10.08|16754650|78816352.00|-5.04|-4.84|-10.08|4.64|4.90|4.91|4.64|16.75|5.16|9974600|51335152.00|1|0.0000|0.0000|0.0000|0|5.16
大华股份|002236|-10.02|89977033|1363295616.00|-5.28|-4.07|-10.02|14.82|15.60|15.80|14.82|89.98|16.47|54069598|896955712.00|1|0.0000|0.0000|0.0000|0|16.47
恒邦股份|002237|-10.04|35874647|357998144.00|-8.21|-7.39|-10.04|9.86|10.06|10.15|9.86|35.87|10.96|29244792|323315712.00|1|0.0000|0.0000|0.0000|0|10.96
天威视讯|002238|-9.95|9437900|72512992.00|-7.58|-4.50|-9.95|7.60|7.80|8.06|7.60|9.44|8.44|6614730|55972176.00|1|0.0000|0.0000|0.0000|0|8.44
奥特佳|002239|-9.83|86716156|233584848.00|-5.42|-5.08|-9.83|2.66|2.79|2.80|2.66|86.72|2.95|48718592|144203072.00|1|0.0000|0.0000|0.0000|0|2.95
盛新锂能|002240|-10.00|11536800|135161952.00|-4.84|-4.22|-10.00|11.52|12.18|12.26|11.52|11.54|12.80|5868821|75189488.00|1|0.0000|0.0000|0.0000|0|12.80
歌尔股份|002241|-10.00|16963400|357079584.00|-10.00|-10.00|-10.00|21.05|21.05|21.05|21.05|16.96|23.39|173411025|4132566784.00|1|0.0000|0.0000|0.0000|0|23.39
九阳股份|002242|-9.98|10125289|92058256.00|-3.73|-3.73|-9.98|8.93|9.55|9.55|8.93|10.13|9.92|6453200|64347416.00|1|0.0000|0.0000|0.0000|0|9.92
力合科创|002243|-10.03|14383473|114113400.00|-4.04|-4.04|-10.03|7.80|8.32|8.32|7.80|14.38|8.67|6929701|59884668.00|1|0.0000|0.0000|0.0000|0|8.67
滨江集团|002244|-10.01|45754527|434121888.00|-4.23|-3.75|-10.01|9.35|9.95|10.00|9.35|45.75|10.39|34756716|360818688.00|1|0.0000|0.0000|0.0000|0|10.39
蔚蓝锂芯|002245|-9.99|26933100|341763488.00|-8.77|-7.42|-9.99|12.62|12.79|12.98|12.62|26.93|14.02|36397900|513175968.00|1|0.0000|0.0000|0.0000|0|14.02
北化股份|002246|-10.01|10976300|105260576.00|-6.67|-1.91|-10.01|9.44|9.79|10.29|9.44|10.98|10.49|6470000|67378248.00|1|0.0000|0.0000|0.0000|0|10.49
聚力文化|002247|-9.80|14055000|31435904.00|-3.27|-3.27|-9.80|2.21|2.37|2.37|2.21|14.06|2.45|14008700|34125128.00|1|0.0000|0.0000|0.0000|0|2.45
华东数控|002248|-9.99|9936400|75797264.00|-9.63|-6.42|-9.99|7.57|7.60|7.87|7.57|9.94|8.41|25498335|219115056.00|1|0.0000|0.0000|0.0000|0|8.41
大洋电机|002249|-10.06|80461000|529137440.00|-7.71|-6.47|-10.06|6.53|6.70|6.79|6.53|80.46|7.26|199202414|1462931072.00|1|0.0000|0.0000|0.0000|0|7.26
联化科技|002250|-10.06|24230500|153895904.00|-6.47|-3.59|-10.06|6.26|6.51|6.71|6.26|24.23|6.96|15865874|110400560.00|1|0.0000|0.0000|0.0000|0|6.96
步步高|002251|-4.95|21057089|80994480.00|-4.95|-3.47|-4.95|3.84|3.84|3.90|3.84|21.06|4.04|24086114|96630952.00|1|0.0000|0.0000|0.0000|0|4.04
上海莱士|002252|-3.67|137193674|949841280.00|0.00|3.11|-6.50|6.82|7.08|7.30|6.62|137.19|7.08|32971347|232902560.00|1|0.0000|0.0000|0.0000|0|7.08
*ST智胜|002253|-10.00|9698050|95582296.00|-4.44|-4.44|-10.00|9.72|10.32|10.32|9.72|9.70|10.80|12122550|130250368.00|1|0.0000|0.0000|0.0000|0|10.80
泰和新材|002254|7.77|121672111|1310889344.00|1.20|9.96|0.00|10.82|10.16|11.04|10.04|121.67|10.04|8682719|87373208.00|1|0.0000|0.0000|0.0000|0|10.04
海陆重工|002255|-10.04|80392128|662205376.00|-10.04|-5.63|-10.04|8.15|8.15|8.55|8.15|80.39|9.06|198976153|1795758592.00|1|0.0000|0.0000|0.0000|0|9.06
兆新股份|002256|-9.91|39768274|84394264.00|-4.31|-4.31|-9.91|2.09|2.22|2.22|2.09|39.77|2.32|16560100|38481040.00|1|0.0000|0.0000|0.0000|0|2.32
利尔化学|002258|9.64|100257108|966913088.00|4.15|9.98|3.25|9.78|9.29|9.81|9.21|100.26|8.92|7384802|65472236.00|1|0.0000|0.0000|0.0000|0|8.92
升达林业|002259|-5.04|3217700|7289598.00|-4.62|-3.36|-5.04|2.26|2.27|2.30|2.26|3.22|2.38|5111100|12127878.00|1|0.0000|0.0000|0.0000|0|2.38
拓维信息|002261|-10.01|56413215|1443817216.00|-7.37|-3.88|-10.01|25.26|26.00|26.98|25.26|56.41|28.07|69264287|1953608064.00|1|0.0000|0.0000|0.0000|0|28.07
恩华药业|002262|-6.08|21277232|447521472.00|-4.33|-3.11|-8.25|20.84|21.23|21.50|20.36|21.28|22.19|8961600|200052336.00|1|0.0000|0.0000|0.0000|0|22.19
大东南|002263|-10.04|36100200|82186360.00|-3.61|-3.61|-10.04|2.24|2.40|2.40|2.24|36.10|2.49|23144302|57219892.00|1|0.0000|0.0000|0.0000|0|2.49
新 华 都|002264|-9.98|12810100|72832904.00|-5.15|-4.19|-9.98|5.59|5.89|5.95|5.59|12.81|6.21|13261300|81918128.00|1|0.0000|0.0000|0.0000|0|6.21
建设工业|002265|-10.00|6725100|127028304.00|-7.88|-5.32|-10.00|18.62|19.06|19.59|18.62|6.73|20.69|9755549|203578128.00|1|0.0000|0.0000|0.0000|0|20.69
浙富控股|002266|-9.97|52457800|160402640.00|-3.02|-2.72|-9.97|2.98|3.21|3.22|2.98|52.46|3.31|31714555|105525904.00|1|0.0000|0.0000|0.0000|0|3.31
陕天然气|002267|-7.66|17988565|145352768.00|-2.59|-0.94|-9.78|7.84|8.27|8.41|7.66|17.99|8.49|8950500|76036640.00|1|0.0000|0.0000|0.0000|0|8.49
电科网安|002268|-9.99|12907943|191763616.00|-5.67|-4.19|-9.99|14.60|15.30|15.54|14.60|12.91|16.22|5580900|90949392.00|1|0.0000|0.0000|0.0000|0|16.22
美邦服饰|002269|-9.89|80010000|132886928.00|-6.04|-4.95|-9.89|1.64|1.71|1.73|1.64|80.01|1.82|76496638|138958208.00|1|0.0000|0.0000|0.0000|0|1.82
华明装备|002270|-9.66|18665110|252226448.00|-4.12|-4.12|-10.00|13.37|14.19|14.19|13.32|18.67|14.80|6442381|95740032.00|1|0.0000|0.0000|0.0000|0|14.80
东方雨虹|002271|-7.98|48019168|542419712.00|-3.87|-3.37|-9.96|11.18|11.68|11.74|10.94|48.02|12.15|17408804|211182064.00|1|0.0000|0.0000|0.0000|0|12.15
川润股份|002272|-10.01|13686400|111318072.00|-6.23|-6.01|-10.01|8.09|8.43|8.45|8.09|13.69|8.99|15004600|134830320.00|1|0.0000|0.0000|0.0000|0|8.99
水晶光电|002273|-9.98|9282500|172561680.00|-9.98|-9.98|-9.98|18.59|18.59|18.59|18.59|9.28|20.65|94811083|2021553280.00|1|0.0000|0.0000|0.0000|0|20.65
华昌化工|002274|-10.01|25106600|182757232.00|-5.83|-3.42|-10.01|7.10|7.43|7.62|7.10|25.11|7.89|11082813|87071024.00|1|0.0000|0.0000|0.0000|0|7.89
桂林三金|002275|-8.58|5356085|71932008.00|-2.09|-1.95|-9.98|13.10|14.03|14.05|12.90|5.36|14.33|2096800|30038102.00|1|0.0000|0.0000|0.0000|0|14.33
万马股份|002276|-9.98|45677400|575680000.00|-6.22|-4.77|-9.98|12.45|12.97|13.17|12.45|45.68|13.83|88830939|1228663808.00|1|0.0000|0.0000|0.0000|0|13.83
友阿股份|002277|-9.96|44598700|212654416.00|-4.41|-4.41|-9.96|4.70|4.99|4.99|4.70|44.60|5.22|39276402|205338016.00|1|0.0000|0.0000|0.0000|0|5.22
神开股份|002278|-9.97|48297603|335186080.00|-6.43|-6.30|-9.97|6.86|7.13|7.14|6.86|48.30|7.62|64545110|498786624.00|1|0.0000|0.0000|0.0000|0|7.62
久其软件|002279|-9.94|20712030|121249888.00|-8.54|-5.75|-9.94|5.80|5.89|6.07|5.80|20.71|6.44|14434461|93536080.00|1|0.0000|0.0000|0.0000|0|6.44
光迅科技|002281|-10.00|15617971|677909184.00|-8.96|-6.68|-10.00|43.11|43.61|44.70|43.11|15.62|47.90|21221463|1013511488.00|1|0.0000|0.0000|0.0000|0|47.90
博深股份|002282|-10.04|8043100|57568960.00|-7.12|-4.07|-10.04|7.08|7.31|7.55|7.08|8.04|7.87|11574300|91705008.00|1|0.0000|0.0000|0.0000|0|7.87
天润工业|002283|-9.92|21849100|128287744.00|-7.91|-4.96|-9.92|5.81|5.94|6.13|5.81|21.85|6.45|30978015|201987968.00|1|0.0000|0.0000|0.0000|0|6.45
亚太股份|002284|-10.03|11826785|106491208.00|-9.83|-8.32|-10.03|8.97|8.99|9.14|8.97|11.83|9.97|43421544|444385216.00|1|0.0000|0.0000|0.0000|0|9.97
世联行|002285|-10.08|34496200|74942920.00|-3.78|-3.78|-10.08|2.14|2.29|2.29|2.14|34.50|2.38|36213900|85693376.00|1|0.0000|0.0000|0.0000|0|2.38
保龄宝|002286|-10.04|10347000|75808736.00|-3.89|-3.26|-10.04|7.17|7.66|7.71|7.17|10.35|7.97|6335200|50501880.00|1|0.0000|0.0000|0.0000|0|7.97
奇正藏药|002287|-10.02|2785745|59070492.00|-1.41|-1.41|-10.02|20.48|22.44|22.44|20.48|2.79|22.76|1261331|28748572.00|1|0.0000|0.0000|0.0000|0|22.76
*ST宇顺|002289|-5.06|2090100|10973025.00|-5.06|-5.06|-5.06|5.25|5.25|5.25|5.25|2.09|5.53|21547902|118275424.00|1|0.0000|0.0000|0.0000|0|5.53
禾盛新材|002290|-9.98|4436797|101947712.00|-9.94|-5.76|-9.98|22.81|22.82|23.88|22.81|4.44|25.34|4710283|120361888.00|1|0.0000|0.0000|0.0000|0|25.34
遥望科技|002291|-10.05|18568035|107294120.00|-9.73|-5.81|-10.05|5.73|5.75|6.00|5.73|18.57|6.37|16933243|107518848.00|1|0.0000|0.0000|0.0000|0|6.37
奥飞娱乐|002292|-10.02|25656200|218043296.00|-9.38|-6.72|-10.02|8.44|8.50|8.75|8.44|25.66|9.38|49047602|462956960.00|1|0.0000|0.0000|0.0000|0|9.38
罗莱生活|002293|-8.13|8567020|67582776.00|-4.31|-1.91|-9.93|7.68|8.00|8.20|7.53|8.57|8.36|3627883|30173870.00|1|0.0000|0.0000|0.0000|0|8.36
信立泰|002294|-7.31|13439417|427262592.00|-3.45|-1.43|-10.01|31.21|32.51|33.19|30.30|13.44|33.67|6160738|207861248.00|1|0.0000|0.0000|0.0000|0|33.67
精艺股份|002295|-9.96|2758300|18944794.00|-4.91|-4.91|-9.96|6.78|7.16|7.16|6.78|2.76|7.53|3019300|22580510.00|1|0.0000|0.0000|0.0000|0|7.53
辉煌科技|002296|-10.04|15644100|158563744.00|-6.63|-5.91|-10.04|10.04|10.42|10.50|10.04|15.64|11.16|14434700|162229888.00|1|0.0000|0.0000|0.0000|0|11.16
博云新材|002297|-10.06|15308056|92750024.00|-8.11|-4.80|-10.06|5.99|6.12|6.34|5.99|15.31|6.66|10688332|71348104.00|1|0.0000|0.0000|0.0000|0|6.66
中电鑫龙|002298|-9.93|19003900|92688000.00|-4.87|-4.68|-9.93|4.81|5.08|5.09|4.81|19.00|5.34|16807501|89980656.00|1|0.0000|0.0000|0.0000|0|5.34
圣农发展|002299|0.32|52802317|854128896.00|2.48|6.68|-2.73|15.78|16.12|16.78|15.30|52.80|15.73|16343100|255276720.00|1|0.0000|0.0000|0.0000|0|15.73
太阳电缆|002300|-9.93|36726087|202398416.00|-5.96|-4.64|-9.93|5.44|5.68|5.76|5.44|36.73|6.04|59753262|359241984.00|1|0.0000|0.0000|0.0000|0|6.04
齐心集团|002301|-10.03|9599413|62710508.00|-5.57|-4.04|-10.03|6.46|6.78|6.89|6.46|9.60|7.18|5338800|38460488.00|1|0.0000|0.0000|0.0000|0|7.18
西部建设|002302|-9.97|20489300|115677176.00|-3.76|-3.59|-9.97|5.51|5.89|5.90|5.51|20.49|6.12|18124200|110757808.00|1|0.0000|0.0000|0.0000|0|6.12
美盈森|002303|-9.97|29806600|95102352.00|-3.13|-3.13|-9.97|3.16|3.40|3.40|3.16|29.81|3.51|17234800|60350848.00|1|0.0000|0.0000|0.0000|0|3.51
洋河股份|002304|-4.36|13772355|1018725312.00|-2.08|-1.52|-5.93|73.40|75.15|75.58|72.20|13.77|76.75|3920138|300558208.00|1|0.0000|0.0000|0.0000|0|76.75
*ST南置|002305|-10.07|70723000|90151880.00|-3.60|-3.60|-10.07|1.25|1.34|1.34|1.25|70.72|1.39|31710100|44220412.00|1|0.0000|0.0000|0.0000|0|1.39
*ST云网|002306|-5.44|141715218|335278912.00|-2.51|6.69|-7.95|2.26|2.33|2.55|2.20|141.72|2.39|100130218|231731568.00|1|0.0000|0.0000|0.0000|0|2.39
北新路桥|002307|-9.90|28366060|99911096.00|-3.65|-3.65|-9.90|3.46|3.70|3.70|3.46|28.37|3.84|19097900|73078600.00|1|0.0000|0.0000|0.0000|0|3.84
中利集团|002309|-4.83|5201900|13337576.00|-4.83|-3.35|-4.83|2.56|2.56|2.60|2.56|5.20|2.69|7477441|20086562.00|1|0.0000|0.0000|0.0000|0|2.69
东方园林|002310|-4.83|42926276|84949616.00|-4.35|-2.42|-4.83|1.97|1.98|2.02|1.97|42.93|2.07|49175227|100809824.00|1|0.0000|0.0000|0.0000|0|2.07
海大集团|002311|-6.32|26738301|1332998912.00|-1.00|3.51|-8.65|48.00|50.73|53.04|46.81|26.74|51.24|13335805|682758080.00|1|0.0000|0.0000|0.0000|0|51.24
川发龙蟒|002312|-10.01|44782600|473824000.00|-5.44|-4.23|-10.01|10.43|10.96|11.10|10.43|44.78|11.59|32158498|374474336.00|1|0.0000|0.0000|0.0000|0|11.59
日海智能|002313|-9.99|6738400|57457816.00|-9.78|-5.42|-9.99|8.47|8.49|8.90|8.47|6.74|9.41|7933500|75327136.00|1|0.0000|0.0000|0.0000|0|9.41
南山控股|002314|-10.09|30211801|63391452.00|-3.07|-3.07|-10.09|2.05|2.21|2.21|2.05|30.21|2.28|20012720|45471316.00|1|0.0000|0.0000|0.0000|0|2.28
焦点科技|002315|-10.00|3742700|141147136.00|-9.89|-7.18|-10.00|37.60|37.65|38.78|37.60|3.74|41.78|10789830|461952128.00|1|0.0000|0.0000|0.0000|0|41.78
亚联发展|002316|-5.00|4096300|14009858.00|-5.00|-4.72|-5.00|3.42|3.42|3.43|3.42|4.10|3.60|6188004|21990078.00|1|0.0000|0.0000|0.0000|0|3.60
众生药业|002317|-9.99|39451955|427316384.00|-3.53|-1.81|-9.99|10.45|11.20|11.40|10.45|39.45|11.61|36484209|418563424.00|1|0.0000|0.0000|0.0000|0|11.61
久立特材|002318|-9.99|12294127|290491584.00|-6.64|-1.46|-9.99|22.79|23.64|24.95|22.79|12.29|25.32|6791125|173356848.00|1|0.0000|0.0000|0.0000|0|25.32
乐通股份|002319|-10.03|2506500|24110928.00|-4.26|-1.70|-10.03|9.51|10.12|10.39|9.51|2.51|10.57|2125300|22488382.00|1|0.0000|0.0000|0.0000|0|10.57
海峡股份|002320|-10.00|34890523|200780064.00|-4.35|-2.42|-10.00|5.58|5.93|6.05|5.58|34.89|6.20|23777911|146339488.00|1|0.0000|0.0000|0.0000|0|6.20
华英农业|002321|5.00|143858329|360250464.00|-1.67|9.58|-2.92|2.52|2.36|2.63|2.33|143.86|2.40|34181200|81898464.00|1|0.0000|0.0000|0.0000|0|2.40
理工能科|002322|-10.01|5694400|70434016.00|-4.93|-4.86|-10.01|12.22|12.91|12.92|12.22|5.69|13.58|3793000|51757940.00|1|0.0000|0.0000|0.0000|0|13.58
雅博股份|002323|-10.26|52120636|73927496.00|-3.85|-3.85|-10.26|1.40|1.50|1.50|1.40|52.12|1.56|33920231|53024000.00|1|0.0000|0.0000|0.0000|0|1.56
普利特|002324|-9.99|15410640|133613472.00|-8.20|-5.57|-9.99|8.56|8.73|8.98|8.56|15.41|9.51|8837300|84286024.00|1|0.0000|0.0000|0.0000|0|9.51
永太科技|002326|-9.98|19362439|182247872.00|-5.04|-4.17|-9.98|9.29|9.80|9.89|9.29|19.36|10.32|13134593|136469344.00|1|0.0000|0.0000|0.0000|0|10.32
富安娜|002327|-7.06|9139026|74087120.00|-3.53|-1.53|-9.18|7.90|8.20|8.37|7.72|9.14|8.50|4790000|40788632.00|1|0.0000|0.0000|0.0000|0|8.50
新朋股份|002328|-9.92|11048678|59593764.00|-6.05|-6.05|-9.92|5.36|5.59|5.59|5.36|11.05|5.95|9332345|55675876.00|1|0.0000|0.0000|0.0000|0|5.95
皇氏集团|002329|-9.97|29972270|85143720.00|-7.40|-5.47|-9.97|2.80|2.88|2.94|2.80|29.97|3.11|107210827|332135072.00|1|0.0000|0.0000|0.0000|0|3.11
得利斯|002330|-10.05|20319200|83409152.00|-1.83|0.00|-10.05|3.94|4.30|4.38|3.94|20.32|4.38|16377898|70886944.00|1|0.0000|0.0000|0.0000|0|4.38
皖通科技|002331|-10.00|8662000|60559640.00|-6.49|-5.19|-10.00|6.93|7.20|7.30|6.93|8.66|7.70|6277120|48353352.00|1|0.0000|0.0000|0.0000|0|7.70
仙琚制药|002332|-10.04|39238896|368088224.00|-3.74|-3.44|-10.04|9.14|9.78|9.81|9.14|39.24|10.16|21117601|214577040.00|1|0.0000|0.0000|0.0000|0|10.16
罗普斯金|002333|-9.95|12885900|65243056.00|-2.35|-2.35|-9.95|4.98|5.40|5.40|4.98|12.89|5.53|6437954|35401368.00|1|0.0000|0.0000|0.0000|0|5.53
英威腾|002334|-9.96|19999000|152704896.00|-9.02|-6.76|-9.96|7.59|7.67|7.86|7.59|20.00|8.43|18170300|154720992.00|1|0.0000|0.0000|0.0000|0|8.43
科华数据|002335|-9.99|10001632|388330368.00|-9.94|-5.93|-9.99|38.39|38.41|40.12|38.39|10.00|42.65|20666846|890158720.00|1|0.0000|0.0000|0.0000|0|42.65
赛象科技|002337|-10.07|13010600|67611824.00|-10.07|-8.16|-10.07|5.18|5.18|5.29|5.18|13.01|5.76|72441396|427350656.00|1|0.0000|0.0000|0.0000|0|5.76
奥普光电|002338|-6.86|21583141|836149952.00|-6.74|3.95|-9.15|37.45|37.50|41.80|36.53|21.58|40.21|15965500|652545024.00|1|0.0000|0.0000|0.0000|0|40.21
积成电子|002339|-10.00|16795770|108403232.00|-4.93|-4.93|-10.00|6.39|6.75|6.75|6.39|16.80|7.10|9335500|66192384.00|1|0.0000|0.0000|0.0000|0|7.10
格林美|002340|-10.00|117115334|698895232.00|-4.31|-4.15|-10.00|5.85|6.22|6.23|5.85|117.12|6.50|44854836|292092160.00|1|0.0000|0.0000|0.0000|0|6.50
巨力索具|002342|-9.96|39482386|165585296.00|-9.31|-6.93|-9.96|4.16|4.19|4.30|4.16|39.48|4.62|156803301|746088896.00|1|0.0000|0.0000|0.0000|0|4.62
慈文传媒|002343|-9.93|10453000|64298032.00|-5.19|-4.44|-9.93|6.08|6.40|6.45|6.08|10.45|6.75|9942860|67059392.00|1|0.0000|0.0000|0.0000|0|6.75
海宁皮城|002344|-9.98|19953700|77019920.00|-3.56|-3.56|-9.98|3.79|4.06|4.06|3.79|19.95|4.21|12228900|51247792.00|1|0.0000|0.0000|0.0000|0|4.21
潮宏基|002345|-9.99|19087499|152046752.00|-9.19|-7.26|-9.99|7.93|8.00|8.17|7.93|19.09|8.81|26959384|236976688.00|1|0.0000|0.0000|0.0000|0|8.81
柘中股份|002346|-10.03|9412200|100668144.00|-3.20|-2.07|-10.03|10.41|11.20|11.33|10.41|9.41|11.57|2786100|32330396.00|1|0.0000|0.0000|0.0000|0|11.57
泰尔股份|002347|-9.94|12465500|72682160.00|-9.94|-7.61|-9.94|5.80|5.80|5.95|5.80|12.47|6.44|76454714|487013536.00|1|0.0000|0.0000|0.0000|0|6.44
高乐股份|002348|-9.88|21402000|62912392.00|-7.41|-6.48|-9.88|2.92|3.00|3.03|2.92|21.40|3.24|17301100|56304336.00|1|0.0000|0.0000|0.0000|0|3.24
精华制药|002349|-10.05|22156522|153686064.00|-3.22|-2.68|-10.05|6.71|7.22|7.26|6.71|22.16|7.46|10938257|81371736.00|1|0.0000|0.0000|0.0000|0|7.46
北京科锐|002350|-10.03|7731000|45364664.00|-7.72|-5.40|-10.03|5.83|5.98|6.13|5.83|7.73|6.48|5981517|38690592.00|1|0.0000|0.0000|0.0000|0|6.48
漫步者|002351|-9.97|11445350|146546208.00|-8.06|-7.00|-9.97|12.73|13.00|13.15|12.73|11.45|14.14|14681550|209894384.00|1|0.0000|0.0000|0.0000|0|14.14
顺丰控股|002352|-7.72|46120600|1880020224.00|-4.51|-3.39|-9.53|40.07|41.46|41.95|39.28|46.12|43.42|17763115|767560064.00|1|0.0000|0.0000|0.0000|0|43.42
杰瑞股份|002353|-10.01|12586166|398135296.00|-8.55|-7.92|-10.01|31.47|31.98|32.20|31.47|12.59|34.97|12622173|445594112.00|1|0.0000|0.0000|0.0000|0|34.97
天娱数科|002354|-10.02|46561600|256668064.00|-10.02|-6.08|-10.02|5.48|5.48|5.72|5.48|46.56|6.09|56198347|344830880.00|1|0.0000|0.0000|0.0000|0|6.09
兴民智通|002355|-9.92|11949700|68731376.00|-7.56|-6.30|-9.92|5.72|5.87|5.95|5.72|11.95|6.35|11477800|72862040.00|1|0.0000|0.0000|0.0000|0|6.35
赫美集团|002356|-9.97|18496790|49420728.00|-1.72|-1.72|-9.97|2.62|2.86|2.86|2.62|18.50|2.91|9822100|28888852.00|1|0.0000|0.0000|0.0000|0|2.91
富临运业|002357|-9.97|11054700|76915968.00|-7.35|-3.41|-9.97|6.86|7.06|7.36|6.86|11.05|7.62|4835300|36669508.00|1|0.0000|0.0000|0.0000|0|7.62
森源电气|002358|-10.07|24540100|123515504.00|-8.09|-6.47|-10.07|5.00|5.11|5.20|5.00|24.54|5.56|25706900|142804992.00|1|0.0000|0.0000|0.0000|0|5.56
同德化工|002360|-9.98|7106300|32908850.00|-8.41|-7.24|-9.98|4.60|4.68|4.74|4.60|7.11|5.11|5256868|26741306.00|1|0.0000|0.0000|0.0000|0|5.11
神剑股份|002361|-10.00|52081602|311636512.00|-9.55|-6.36|-10.00|5.94|5.97|6.18|5.94|52.08|6.60|93949027|633537280.00|1|0.0000|0.0000|0.0000|0|6.60
汉王科技|002362|-9.99|3359500|66648972.00|-7.88|-5.59|-9.99|19.64|20.10|20.60|19.64|3.36|21.82|3666600|80461296.00|1|0.0000|0.0000|0.0000|0|21.82
隆基机械|002363|-10.01|6840000|45161548.00|-8.78|-6.86|-10.01|6.56|6.65|6.79|6.56|6.84|7.29|13200882|97260704.00|1|0.0000|0.0000|0.0000|0|7.29
中恒电气|002364|-9.98|15612900|218770512.00|-9.40|-5.44|-9.98|13.89|13.98|14.59|13.89|15.61|15.43|42403000|659857152.00|1|0.0000|0.0000|0.0000|0|15.43
永安药业|002365|4.04|56430152|533494112.00|5.62|10.00|-2.25|9.26|9.40|9.79|8.70|56.43|8.90|19884776|175779744.00|1|0.0000|0.0000|0.0000|0|8.90
融发核电|002366|-9.91|82038600|399497856.00|-6.17|-5.61|-9.91|4.82|5.02|5.05|4.82|82.04|5.35|133456766|722116032.00|1|0.0000|0.0000|0.0000|0|5.35
康力电梯|002367|-9.96|14029600|93873872.00|-5.05|-5.05|-9.96|6.60|6.96|6.96|6.60|14.03|7.33|16020800|118002992.00|1|0.0000|0.0000|0.0000|0|7.33
太极股份|002368|-10.00|20826176|483655680.00|-4.98|-3.59|-10.00|22.59|23.85|24.20|22.59|20.83|25.10|14478882|365541760.00|1|0.0000|0.0000|0.0000|0|25.10
卓翼科技|002369|-9.99|14203300|122586016.00|-9.88|-6.73|-9.99|8.56|8.57|8.87|8.56|14.20|9.51|32943200|316589024.00|1|0.0000|0.0000|0.0000|0|9.51
亚太药业|002370|-10.06|82011179|270552320.00|-8.38|-4.19|-10.06|3.22|3.28|3.43|3.22|82.01|3.58|151358519|554774400.00|1|0.0000|0.0000|0.0000|0|3.58
北方华创|002371|-1.63|12731727|5552454656.00|-1.13|2.62|-4.68|432.80|434.99|451.50|419.39|12.73|439.98|6538796|2884780800.00|1|0.0000|0.0000|0.0000|0|439.98
伟星新材|002372|-6.76|17163516|193569344.00|-2.84|-2.75|-9.51|11.18|11.65|11.66|10.85|17.16|11.99|6895154|83043712.00|1|0.0000|0.0000|0.0000|0|11.99
千方科技|002373|-10.00|23792783|199851808.00|-4.35|-4.24|-10.00|8.28|8.80|8.81|8.28|23.79|9.20|12093854|111785544.00|1|0.0000|0.0000|0.0000|0|9.20
中锐股份|002374|-9.96|15006526|34347716.00|-3.59|-3.59|-9.96|2.26|2.42|2.42|2.26|15.01|2.51|11269200|28056564.00|1|0.0000|0.0000|0.0000|0|2.51
亚厦股份|002375|-9.92|16592735|58324572.00|-4.18|-3.39|-9.92|3.45|3.67|3.70|3.45|16.59|3.83|12047585|46280408.00|1|0.0000|0.0000|0.0000|0|3.83
新北洋|002376|-10.06|16451900|101105080.00|-5.92|-5.62|-10.06|6.08|6.36|6.38|6.08|16.45|6.76|11657998|78990120.00|1|0.0000|0.0000|0.0000|0|6.76
国创高新|002377|-9.96|15879418|39079896.00|-4.80|-4.80|-9.96|2.44|2.58|2.58|2.44|15.88|2.71|8354900|22522584.00|1|0.0000|0.0000|0.0000|0|2.71
章源钨业|002378|-10.04|21979397|140171840.00|-4.59|-4.59|-10.04|6.27|6.65|6.65|6.27|21.98|6.97|21889654|153293680.00|1|0.0000|0.0000|0.0000|0|6.97
宏创控股|002379|-10.00|21409600|215892000.00|-9.91|-9.02|-10.00|10.08|10.09|10.19|10.08|21.41|11.20|24270635|271691168.00|1|0.0000|0.0000|0.0000|0|11.20
科远智慧|002380|-10.00|4680734|106037032.00|-7.39|-5.22|-10.00|22.41|23.06|23.60|22.41|4.68|24.90|4807934|119714872.00|1|0.0000|0.0000|0.0000|0|24.90
双箭股份|002381|-9.93|11565100|71586152.00|-4.89|-4.89|-9.93|6.08|6.42|6.42|6.08|11.57|6.75|10983753|74189368.00|1|0.0000|0.0000|0.0000|0|6.75
蓝帆医疗|002382|-9.90|16913103|78337576.00|-3.17|-3.17|-9.90|4.55|4.89|4.89|4.55|16.91|5.05|8353814|42322292.00|1|0.0000|0.0000|0.0000|0|5.05
合众思壮|002383|-9.96|18416200|129265712.00|-4.33|-3.41|-9.96|6.87|7.30|7.37|6.87|18.42|7.63|7749668|59087872.00|1|0.0000|0.0000|0.0000|0|7.63
东山精密|002384|-10.01|4380900|116926224.00|-10.01|-10.01|-10.01|26.69|26.69|26.69|26.69|4.38|29.66|77838116|2351528960.00|1|0.0000|0.0000|0.0000|0|29.66
大北农|002385|6.90|424733061|1806716672.00|1.72|9.61|-0.49|4.34|4.13|4.45|4.04|424.73|4.06|62378751|252202560.00|1|0.0000|0.0000|0.0000|0|4.06
天原股份|002386|-10.02|25253300|103607416.00|-4.01|-4.01|-10.02|4.04|4.31|4.31|4.04|25.25|4.49|9568402|42710152.00|1|0.0000|0.0000|0.0000|0|4.49
维信诺|002387|-10.04|21330900|177774624.00|-7.10|-4.91|-10.04|8.24|8.51|8.71|8.24|21.33|9.16|12389900|113565360.00|1|0.0000|0.0000|0.0000|0|9.16
ST新亚|002388|-5.04|5466400|17517636.00|-5.04|-3.56|-5.04|3.20|3.20|3.25|3.20|5.47|3.37|6531400|21830154.00|1|0.0000|0.0000|0.0000|0|3.37
航天彩虹|002389|-9.97|25903200|474473568.00|-4.33|-1.27|-9.97|17.69|18.80|19.40|17.69|25.90|19.65|13763400|272482240.00|1|0.0000|0.0000|0.0000|0|19.65
信邦制药|002390|-10.00|35266600|122898224.00|-3.95|-3.68|-10.00|3.42|3.65|3.66|3.42|35.27|3.80|15017150|57164176.00|1|0.0000|0.0000|0.0000|0|3.80
长青股份|002391|-9.98|14831000|70360848.00|-3.13|-2.94|-9.98|4.60|4.95|4.96|4.60|14.83|5.11|9057950|46027896.00|1|0.0000|0.0000|0.0000|0|5.11
北京利尔|002392|-9.98|18017000|82745736.00|-4.59|-4.19|-9.98|4.51|4.78|4.80|4.51|18.02|5.01|7827100|39073560.00|1|0.0000|0.0000|0.0000|0|5.01
力生制药|002393|-9.87|4391572|70212712.00|-2.15|-2.15|-9.99|15.52|16.85|16.85|15.50|4.39|17.22|2523097|43477296.00|1|0.0000|0.0000|0.0000|0|17.22
联发股份|002394|-9.99|7416600|52168584.00|-4.15|-4.15|-9.99|6.94|7.39|7.39|6.94|7.42|7.71|3642700|28056868.00|1|0.0000|0.0000|0.0000|0|7.71
双象股份|002395|-10.00|6320600|104591320.00|-6.08|-4.36|-10.00|16.29|17.00|17.31|16.29|6.32|18.10|7906477|143533344.00|1|0.0000|0.0000|0.0000|0|18.10
星网锐捷|002396|-9.99|13354000|242496400.00|-7.13|-5.37|-9.99|17.93|18.50|18.85|17.93|13.35|19.92|12403700|247288640.00|1|0.0000|0.0000|0.0000|0|19.92
梦洁股份|002397|-10.00|12428700|46046236.00|-6.10|-6.10|-10.00|3.69|3.85|3.85|3.69|12.43|4.10|19256310|78873128.00|1|0.0000|0.0000|0.0000|0|4.10
垒知集团|002398|-10.06|13159300|59597376.00|-6.04|-4.02|-10.06|4.47|4.67|4.77|4.47|13.16|4.97|13075958|64769052.00|1|0.0000|0.0000|0.0000|0|4.97
海普瑞|002399|-9.96|8823552|94290768.00|-3.03|-2.86|-9.96|10.40|11.20|11.22|10.40|8.82|11.55|4906700|56639524.00|1|0.0000|0.0000|0.0000|0|11.55
省广集团|002400|-10.03|53349988|382906080.00|-8.38|-4.31|-10.03|7.09|7.22|7.54|7.09|53.35|7.88|71372164|564074624.00|1|0.0000|0.0000|0.0000|0|7.88
中远海科|002401|-10.03|9227500|131306912.00|-7.41|-4.66|-10.03|14.09|14.50|14.93|14.09|9.23|15.66|10793400|170672752.00|1|0.0000|0.0000|0.0000|0|15.66
和而泰|002402|-9.98|18201250|319276096.00|-9.98|-8.13|-9.98|17.49|17.49|17.85|17.49|18.20|19.43|28206350|554116160.00|1|0.0000|0.0000|0.0000|0|19.43
爱仕达|002403|-10.00|3265300|43472820.00|-9.93|-6.53|-10.00|13.23|13.24|13.74|13.23|3.27|14.70|5084420|74905928.00|1|0.0000|0.0000|0.0000|0|14.70
嘉欣丝绸|002404|-9.92|10002200|56186460.00|-5.04|-5.04|-9.92|5.54|5.84|5.84|5.54|10.00|6.15|7292301|44837544.00|1|0.0000|0.0000|0.0000|0|6.15
四维图新|002405|-10.01|51553230|420490240.00|-5.51|-4.27|-10.01|8.00|8.40|8.51|8.00|51.55|8.89|48096461|426018336.00|1|0.0000|0.0000|0.0000|0|8.89
远东传动|002406|-10.01|21930300|147437280.00|-8.12|-6.36|-10.01|6.65|6.79|6.92|6.65|21.93|7.39|54229471|404389376.00|1|0.0000|0.0000|0.0000|0|7.39
多氟多|002407|-9.96|21811433|239969024.00|-4.27|-4.27|-9.96|10.76|11.44|11.44|10.76|21.81|11.95|6550140|78109080.00|1|0.0000|0.0000|0.0000|0|11.95
齐翔腾达|002408|-9.92|25926667|115041976.00|-3.72|-3.51|-9.92|4.36|4.66|4.67|4.36|25.93|4.84|14174277|68342376.00|1|0.0000|0.0000|0.0000|0|4.84
雅克科技|002409|-10.00|8181072|450815840.00|-6.54|-3.40|-10.00|53.93|56.00|57.88|53.93|8.18|59.92|8138619|490923744.00|1|0.0000|0.0000|0.0000|0|59.92
广联达|002410|-9.80|48626740|669591232.00|-6.80|-1.43|-10.00|13.26|13.70|14.49|13.23|48.63|14.70|28574849|421738528.00|1|0.0000|0.0000|0.0000|0|14.70
汉森制药|002412|-10.06|14245030|83469352.00|-4.40|-1.73|-10.06|5.72|6.08|6.25|5.72|14.25|6.36|7639900|48486440.00|1|0.0000|0.0000|0.0000|0|6.36
雷科防务|002413|-10.02|32701100|133690464.00|-6.46|-4.45|-10.02|4.04|4.20|4.29|4.04|32.70|4.49|15365200|69087488.00|1|0.0000|0.0000|0.0000|0|4.49
高德红外|002414|-10.01|48746991|354711616.00|-5.58|-3.93|-10.01|7.10|7.45|7.58|7.10|48.75|7.89|22838882|180993120.00|1|0.0000|0.0000|0.0000|0|7.89
海康威视|002415|-6.75|74091233|2080174848.00|-4.38|-3.74|-9.53|27.89|28.60|28.79|27.06|74.09|29.91|31997100|958766016.00|1|0.0000|0.0000|0.0000|0|29.91
爱施德|002416|-9.96|20770700|239441536.00|-7.98|-5.38|-9.96|11.39|11.64|11.97|11.39|20.77|12.65|23755917|298994976.00|1|0.0000|0.0000|0.0000|0|12.65
康盛股份|002418|-9.87|27878000|79497488.00|-7.01|-5.73|-9.87|2.83|2.92|2.96|2.83|27.88|3.14|31301903|99103656.00|1|0.0000|0.0000|0.0000|0|3.14
天虹股份|002419|-10.04|21144400|99816368.00|-3.35|-2.17|-10.04|4.57|4.91|4.97|4.57|21.14|5.08|16283763|82477072.00|1|0.0000|0.0000|0.0000|0|5.08
毅昌科技|002420|-9.92|11528100|65289492.00|-8.00|-7.04|-9.92|5.63|5.75|5.81|5.63|11.53|6.25|20894800|131846560.00|1|0.0000|0.0000|0.0000|0|6.25
达实智能|002421|-9.94|54677400|180974832.00|-4.42|-3.59|-9.94|3.26|3.46|3.49|3.26|54.68|3.62|35838600|130276256.00|1|0.0000|0.0000|0.0000|0|3.62
科伦药业|002422|-6.60|40905127|1411412224.00|-5.05|-3.09|-9.99|34.41|34.98|35.70|33.16|40.91|36.84|24861441|907831680.00|1|0.0000|0.0000|0.0000|0|36.84
中粮资本|002423|-10.02|35366700|408645664.00|-4.57|-4.50|-10.02|11.41|12.10|12.11|11.41|35.37|12.68|41876800|534144064.00|1|0.0000|0.0000|0.0000|0|12.68
ST百灵|002424|-4.94|14007600|56646760.00|-4.94|-3.76|-4.94|4.04|4.04|4.09|4.04|14.01|4.25|17914542|76115032.00|1|0.0000|0.0000|0.0000|0|4.25
凯撒文化|002425|-5.07|7964300|16453621.00|-4.61|-3.23|-5.07|2.06|2.07|2.10|2.06|7.96|2.17|8077100|17443408.00|1|0.0000|0.0000|0.0000|0|2.17
胜利精密|002426|-9.90|72618500|199921632.00|-8.58|-6.27|-9.90|2.73|2.77|2.84|2.73|72.62|3.03|93769552|284232704.00|1|0.0000|0.0000|0.0000|0|3.03
尤夫股份|002427|-5.58|101858533|494711360.00|-10.00|0.00|-10.00|4.91|4.68|5.20|4.68|101.86|5.20|153382758|811308864.00|1|0.0000|0.0000|0.0000|0|5.20
云南锗业|002428|-10.00|28762515|548158656.00|-8.45|-3.96|-10.00|18.63|18.95|19.88|18.63|28.76|20.70|31419486|645652480.00|1|0.0000|0.0000|0.0000|0|20.70
兆驰股份|002429|-9.92|56806800|264921792.00|-8.56|-6.23|-9.92|4.63|4.70|4.82|4.63|56.81|5.14|48473183|250032368.00|1|0.0000|0.0000|0.0000|0|5.14
杭氧股份|002430|-9.99|11345232|210541072.00|-4.55|-3.61|-9.99|18.20|19.30|19.49|18.20|11.35|20.22|6108921|123852744.00|1|0.0000|0.0000|0.0000|0|20.22
棕榈股份|002431|-9.85|33422800|63108928.00|-0.99|-0.99|-9.85|1.83|2.01|2.01|1.83|33.42|2.03|14906396|30217366.00|1|0.0000|0.0000|0.0000|0|2.03
九安医疗|002432|-10.00|11642916|442234560.00|-7.76|-5.56|-10.00|37.36|38.29|39.20|37.36|11.64|41.51|7891724|329851264.00|1|0.0000|0.0000|0.0000|0|41.51
万里扬|002434|-9.94|11561400|81392272.00|-8.90|-6.06|-9.94|6.98|7.06|7.28|6.98|11.56|7.75|24262884|190286624.00|1|0.0000|0.0000|0.0000|0|7.75
兴森科技|002436|-9.97|41911500|453768160.00|-7.80|-5.28|-9.97|10.74|11.00|11.30|10.74|41.91|11.93|35445113|427350944.00|1|0.0000|0.0000|0.0000|0|11.93
誉衡药业|002437|-10.15|147423800|365340768.00|-4.14|-1.50|-10.15|2.39|2.55|2.62|2.39|147.42|2.66|167931679|450089984.00|1|0.0000|0.0000|0.0000|0|2.66
江苏神通|002438|-10.02|14483600|154010512.00|-4.97|-4.54|-10.02|10.51|11.10|11.15|10.51|14.48|11.68|11723046|136882320.00|1|0.0000|0.0000|0.0000|0|11.68
启明星辰|002439|-9.98|22373263|334688096.00|-5.14|-4.72|-9.98|14.70|15.49|15.56|14.70|22.37|16.33|12475257|204817024.00|1|0.0000|0.0000|0.0000|0|16.33
闰土股份|002440|-10.04|10499250|66949200.00|-2.30|-2.30|-10.04|6.27|6.81|6.81|6.27|10.50|6.97|4957100|34338252.00|1|0.0000|0.0000|0.0000|0|6.97
众业达|002441|-10.01|11840400|92471096.00|-6.64|-5.01|-10.01|7.73|8.02|8.16|7.73|11.84|8.59|15293700|132637824.00|1|0.0000|0.0000|0.0000|0|8.59
龙星科技|002442|-10.02|11823700|67317968.00|-8.11|-5.88|-10.02|5.66|5.78|5.92|5.66|11.82|6.29|13092768|82461424.00|1|0.0000|0.0000|0.0000|0|6.29
金洲管道|002443|-9.85|14280711|80177960.00|-3.12|-3.12|-10.02|5.49|5.90|5.90|5.48|14.28|6.09|9399336|56665640.00|1|0.0000|0.0000|0.0000|0|6.09
巨星科技|002444|-9.98|4156700|102337952.00|-9.98|-9.98|-9.98|24.62|24.62|24.62|24.62|4.16|27.35|16307500|447324896.00|1|0.0000|0.0000|0.0000|0|27.35
中南文化|002445|-10.08|56133240|122764704.00|-3.36|-3.36|-10.08|2.14|2.30|2.30|2.14|56.13|2.38|30775670|72721176.00|1|0.0000|0.0000|0.0000|0|2.38
盛路通信|002446|-9.94|28163655|160729824.00|-5.45|-4.49|-9.94|5.62|5.90|5.96|5.62|28.16|6.24|14496744|90359648.00|1|0.0000|0.0000|0.0000|0|6.24
中原内配|002448|-9.96|12163800|86334824.00|-8.05|-6.77|-9.96|7.05|7.20|7.30|7.05|12.16|7.83|23460900|185513200.00|1|0.0000|0.0000|0.0000|0|7.83
国星光电|002449|-10.01|13825930|115396736.00|-6.86|-6.20|-10.01|8.27|8.56|8.62|8.27|13.83|9.19|15563440|143469488.00|1|0.0000|0.0000|0.0000|0|9.19
摩恩电气|002451|-9.96|9345500|57136944.00|-7.43|-5.35|-9.96|6.06|6.23|6.37|6.06|9.35|6.73|8424644|56594616.00|1|0.0000|0.0000|0.0000|0|6.73
长高电新|002452|-10.05|24879702|178066480.00|-4.64|-3.99|-10.05|6.98|7.40|7.45|6.98|24.88|7.76|21276200|164335296.00|1|0.0000|0.0000|0.0000|0|7.76
华软科技|002453|-10.00|25218100|129393224.00|-4.36|-0.91|-10.00|4.95|5.26|5.45|4.95|25.22|5.50|45911988|257301888.00|1|0.0000|0.0000|0.0000|0|5.50
松芝股份|002454|-10.06|10436200|64852400.00|-5.98|-5.39|-10.06|6.17|6.45|6.49|6.17|10.44|6.86|13034950|90245408.00|1|0.0000|0.0000|0.0000|0|6.86
百川股份|002455|-9.96|14690200|107111576.00|-5.98|-5.98|-9.96|7.23|7.55|7.55|7.23|14.69|8.03|18514900|147811376.00|1|0.0000|0.0000|0.0000|0|8.03
欧菲光|002456|-1.37|78290133|952365568.00|-0.97|-0.40|-2.98|12.23|12.28|12.35|12.03|78.29|12.40|59235400|739257664.00|0|0.0000|0.0000|0.0000|0|12.40
青龙管业|002457|-9.96|14112900|155066384.00|-5.64|-4.98|-9.96|10.85|11.37|11.45|10.85|14.11|12.05|10177400|122101952.00|1|0.0000|0.0000|0.0000|0|12.05
益生股份|002458|-1.98|55582899|539536320.00|0.42|4.59|-5.21|9.40|9.63|10.03|9.09|55.58|9.59|18617792|177571648.00|1|0.0000|0.0000|0.0000|0|9.59
晶澳科技|002459|-10.03|41295460|419132000.00|-6.00|-6.00|-10.03|10.05|10.50|10.50|10.05|41.30|11.17|39530901|445745568.00|1|0.0000|0.0000|0.0000|0|11.17
赣锋锂业|002460|-10.00|25912136|796296832.00|-9.32|-5.37|-10.00|30.33|30.56|31.89|30.33|25.91|33.70|9461022|319647744.00|1|0.0000|0.0000|0.0000|0|33.70
珠江啤酒|002461|-6.08|16976839|168890176.00|-3.19|-0.58|-8.78|9.73|10.03|10.30|9.45|16.98|10.36|7367592|76001056.00|1|0.0000|0.0000|0.0000|0|10.36
嘉事堂|002462|-10.00|6699800|80276496.00|-3.62|-2.92|-10.00|11.70|12.53|12.62|11.70|6.70|13.00|2859400|36999024.00|1|0.0000|0.0000|0.0000|0|13.00
沪电股份|002463|-10.00|21396870|592992512.00|-10.00|-9.58|-10.00|27.71|27.71|27.84|27.71|21.40|30.79|87143791|2753641216.00|1|0.0000|0.0000|0.0000|0|30.79
海格通信|002465|-10.03|36762542|380003008.00|-6.65|-4.70|-10.03|10.14|10.52|10.74|10.14|36.76|11.27|27973578|317882272.00|1|0.0000|0.0000|0.0000|0|11.27
天齐锂业|002466|-10.01|24040535|664144128.00|-7.47|-4.92|-10.01|27.23|28.00|28.77|27.23|24.04|30.26|8549101|259555616.00|1|0.0000|0.0000|0.0000|0|30.26
二六三|002467|-10.04|30976900|156943552.00|-7.17|-5.73|-10.04|5.02|5.18|5.26|5.02|30.98|5.58|23602723|132154880.00|1|0.0000|0.0000|0.0000|0|5.58
申通快递|002468|-10.00|21969600|242882352.00|-5.83|-4.17|-10.00|10.80|11.30|11.50|10.80|21.97|12.00|15635500|186672576.00|1|0.0000|0.0000|0.0000|0|12.00
三维化学|002469|-8.82|46173571|363739168.00|-5.88|-3.29|-10.00|7.75|8.00|8.22|7.65|46.17|8.50|35221400|297586208.00|1|0.0000|0.0000|0.0000|0|8.50
金正大|002470|-10.11|76197189|124901112.00|-3.37|-3.37|-10.11|1.60|1.72|1.72|1.60|76.20|1.78|34894150|62017380.00|1|0.0000|0.0000|0.0000|0|1.78
中超控股|002471|-3.59|331882724|1068432128.00|-9.88|5.99|-9.88|3.22|3.01|3.54|3.01|331.88|3.34|94956132|312287168.00|1|0.0000|0.0000|0.0000|0|3.34
双环传动|002472|-10.00|10756116|327372320.00|-8.42|-7.20|-10.00|30.24|30.77|31.18|30.24|10.76|33.60|13865514|469809504.00|1|0.0000|0.0000|0.0000|0|33.60
榕基软件|002474|-10.00|14291700|85663448.00|-7.42|-5.30|-10.00|5.94|6.11|6.25|5.94|14.29|6.60|10396200|68859520.00|1|0.0000|0.0000|0.0000|0|6.60
立讯精密|002475|-9.99|45487000|1450125568.00|-9.99|-9.99|-9.99|31.88|31.88|31.88|31.88|45.49|35.42|223302734|8003539968.00|1|0.0000|0.0000|0.0000|0|35.42
宝莫股份|002476|-9.98|14699919|60342608.00|-6.87|-4.43|-9.98|4.06|4.20|4.31|4.06|14.70|4.51|10660160|47758860.00|1|0.0000|0.0000|0.0000|0|4.51
常宝股份|002478|-9.95|30960882|166625936.00|-4.12|-3.95|-9.95|5.25|5.59|5.60|5.25|30.96|5.83|29406163|171019744.00|1|0.0000|0.0000|0.0000|0|5.83
富春环保|002479|-10.06|20032300|93252040.00|-4.14|-4.14|-10.06|4.56|4.86|4.86|4.56|20.03|5.07|12057510|60611764.00|1|0.0000|0.0000|0.0000|0|5.07
新筑股份|002480|-10.00|27649568|141431792.00|-4.18|-3.09|-10.00|4.95|5.27|5.33|4.95|27.65|5.50|25307617|141632528.00|1|0.0000|0.0000|0.0000|0|5.50
双塔食品|002481|-10.08|53297123|264149632.00|-2.85|-1.14|-10.08|4.73|5.11|5.20|4.73|53.30|5.26|30826929|160814096.00|1|0.0000|0.0000|0.0000|0|5.26
广田集团|002482|-9.73|47046709|79900912.00|-2.70|-2.70|-9.73|1.67|1.80|1.80|1.67|47.05|1.85|31149400|57180260.00|1|0.0000|0.0000|0.0000|0|1.85
润邦股份|002483|-9.93|20356500|124487000.00|-6.67|-6.22|-9.93|6.08|6.30|6.33|6.08|20.36|6.75|22067100|150151792.00|1|0.0000|0.0000|0.0000|0|6.75
江海股份|002484|-9.98|10575008|187930416.00|-9.98|-7.39|-9.98|17.67|17.67|18.18|17.67|10.58|19.63|24591700|487094496.00|1|0.0000|0.0000|0.0000|0|19.63
ST雪发|002485|-4.85|2491500|6362571.00|-4.10|-4.10|-4.85|2.55|2.57|2.57|2.55|2.49|2.68|4701000|12580757.00|1|0.0000|0.0000|0.0000|0|2.68
嘉麟杰|002486|-9.85|16483800|30531172.00|-4.93|-4.93|-9.85|1.83|1.93|1.93|1.83|16.48|2.03|17703100|35730848.00|1|0.0000|0.0000|0.0000|0|2.03
大金重工|002487|-8.15|15273250|331480576.00|-7.14|-0.83|-9.99|20.97|21.20|22.64|20.55|15.27|22.83|6674818|153938704.00|1|0.0000|0.0000|0.0000|0|22.83
金固股份|002488|-9.92|16484399|187215824.00|-4.56|-4.56|-10.00|11.26|11.93|11.93|11.25|16.48|12.50|8320750|104126608.00|1|0.0000|0.0000|0.0000|0|12.50
浙江永强|002489|-10.03|27080870|87640392.00|-10.03|-8.36|-10.03|3.23|3.23|3.29|3.23|27.08|3.59|85810465|312125536.00|1|0.0000|0.0000|0.0000|0|3.59
山东墨龙|002490|-4.90|4094300|14310136.00|-4.63|-3.27|-4.90|3.49|3.50|3.55|3.49|4.09|3.67|21279900|76826656.00|1|0.0000|0.0000|0.0000|0|3.67
通鼎互联|002491|-9.93|15241650|62767480.00|-6.40|-5.30|-9.93|4.08|4.24|4.29|4.08|15.24|4.53|9280750|42095528.00|1|0.0000|0.0000|0.0000|0|4.53
恒基达鑫|002492|-9.90|9166400|44132728.00|-4.76|-4.38|-9.90|4.73|5.00|5.02|4.73|9.17|5.25|8607859|44788196.00|1|0.0000|0.0000|0.0000|0|5.25
荣盛石化|002493|-10.02|51579891|408162400.00|-4.66|-4.20|-10.02|7.72|8.18|8.22|7.72|51.58|8.58|14728421|126405160.00|1|0.0000|0.0000|0.0000|0|8.58
华斯股份|002494|-9.91|8745100|33725444.00|-3.77|-3.77|-9.91|3.82|4.08|4.08|3.82|8.75|4.24|8081500|34078532.00|1|0.0000|0.0000|0.0000|0|4.24
佳隆股份|002495|-9.88|36904500|82160864.00|-3.70|-3.70|-9.88|2.19|2.34|2.34|2.19|36.90|2.43|38408320|92348264.00|1|0.0000|0.0000|0.0000|0|2.43
*ST辉丰|002496|-9.93|42634980|54836724.00|-2.84|-2.13|-9.93|1.27|1.37|1.38|1.27|42.63|1.41|21181840|29524842.00|1|0.0000|0.0000|0.0000|0|1.41
雅化集团|002497|-9.96|22541459|247140960.00|-6.36|-4.35|-9.96|10.76|11.19|11.43|10.76|22.54|11.95|9241827|110719280.00|1|0.0000|0.0000|0.0000|0|11.95
汉缆股份|002498|-9.97|49940800|164692320.00|-5.82|-4.71|-9.97|3.25|3.40|3.44|3.25|49.94|3.61|35925420|129654608.00|1|0.0000|0.0000|0.0000|0|3.61
山西证券|002500|-10.05|50202730|280456672.00|-3.46|-3.29|-10.05|5.46|5.86|5.87|5.46|50.20|6.07|20111523|122065952.00|1|0.0000|0.0000|0.0000|0|6.07
利源股份|002501|-9.86|55569400|107863056.00|-7.04|-6.10|-9.86|1.92|1.98|2.00|1.92|55.57|2.13|76591200|163753120.00|1|0.0000|0.0000|0.0000|0|2.13
协鑫集成|002506|-10.00|92051000|201815040.00|-4.58|-4.58|-10.00|2.16|2.29|2.29|2.16|92.05|2.40|48431600|116464976.00|1|0.0000|0.0000|0.0000|0|2.40
涪陵榨菜|002507|-6.73|32979426|422759360.00|-3.55|-1.55|-9.61|12.62|13.05|13.32|12.23|32.98|13.53|12451585|168259328.00|1|0.0000|0.0000|0.0000|0|13.53
老板电器|002508|-5.11|10068243|214663248.00|-2.40|-2.09|-8.71|21.34|21.95|22.02|20.53|10.07|22.49|4678100|105483408.00|1|0.0000|0.0000|0.0000|0|22.49
天汽模|002510|-10.00|34769022|174945584.00|-5.45|-5.09|-10.00|4.95|5.20|5.22|4.95|34.77|5.50|27826630|150869760.00|1|0.0000|0.0000|0.0000|0|5.50
中顺洁柔|002511|-8.19|24158639|150988416.00|-2.73|-1.97|-9.10|6.05|6.41|6.46|5.99|24.16|6.59|9037957|59414324.00|1|0.0000|0.0000|0.0000|0|6.59
达华智能|002512|-9.94|29267100|125558624.00|-7.40|-6.34|-9.94|4.26|4.38|4.43|4.26|29.27|4.73|22064400|103833488.00|1|0.0000|0.0000|0.0000|0|4.73
蓝丰生化|002513|-10.05|8049100|31292500.00|-6.54|-4.44|-10.05|3.85|4.00|4.09|3.85|8.05|4.28|5126900|21783162.00|1|0.0000|0.0000|0.0000|0|4.28
宝馨科技|002514|-10.03|8474600|48258328.00|-7.64|-7.64|-10.03|5.65|5.80|5.80|5.65|8.47|6.28|15025030|96185656.00|1|0.0000|0.0000|0.0000|0|6.28
金字火腿|002515|-9.96|46090497|237620480.00|-4.45|-4.27|-9.96|5.06|5.37|5.38|5.06|46.09|5.62|36410828|204012800.00|1|0.0000|0.0000|0.0000|0|5.62
旷达科技|002516|-10.02|19566200|90536152.00|-6.68|-6.09|-10.02|4.58|4.75|4.78|4.58|19.57|5.09|13729800|70236256.00|1|0.0000|0.0000|0.0000|0|5.09
恺英网络|002517|-9.97|46238688|707336832.00|-4.86|-2.92|-9.97|14.81|15.65|15.97|14.81|46.24|16.45|35156777|577727744.00|1|0.0000|0.0000|0.0000|0|16.45
科士达|002518|-9.98|11285455|254825536.00|-6.22|-4.77|-9.98|22.27|23.20|23.56|22.27|11.29|24.74|10468755|258555840.00|1|0.0000|0.0000|0.0000|0|24.74
银河电子|002519|-10.02|34752900|154966752.00|-5.93|-5.52|-10.02|4.40|4.60|4.62|4.40|34.75|4.89|19564010|95789544.00|1|0.0000|0.0000|0.0000|0|4.89
日发精机|002520|-10.06|19823800|113889008.00|-10.06|-6.76|-10.06|5.72|5.72|5.93|5.72|19.82|6.36|58802548|378764768.00|1|0.0000|0.0000|0.0000|0|6.36
齐峰新材|002521|-9.96|9327925|83063728.00|-4.25|-4.25|-9.96|8.68|9.23|9.23|8.68|9.33|9.64|3423236|32979140.00|1|0.0000|0.0000|0.0000|0|9.64
浙江众成|002522|-9.96|20229200|86737176.00|-8.26|-5.08|-9.96|4.25|4.33|4.48|4.25|20.23|4.72|18667400|87978936.00|1|0.0000|0.0000|0.0000|0|4.72
天桥起重|002523|-9.86|33480100|107630968.00|-9.86|-6.20|-9.86|3.20|3.20|3.33|3.20|33.48|3.55|40028614|143135168.00|1|0.0000|0.0000|0.0000|0|3.55
光正眼科|002524|-10.05|10367100|38472708.00|-4.17|-4.17|-10.05|3.67|3.91|3.91|3.67|10.37|4.08|8761300|35562224.00|1|0.0000|0.0000|0.0000|0|4.08
山东矿机|002526|-9.97|43754800|155179488.00|-7.93|-6.14|-9.97|3.52|3.60|3.67|3.52|43.75|3.91|45536184|178785504.00|1|0.0000|0.0000|0.0000|0|3.91
新时达|002527|-10.02|26685000|330533248.00|-8.56|-5.41|-10.02|12.30|12.50|12.93|12.30|26.68|13.67|23993300|333526080.00|1|0.0000|0.0000|0.0000|0|13.67
ST英飞拓|002528|-5.04|3050900|6899091.00|-5.04|-4.20|-5.04|2.26|2.26|2.28|2.26|3.05|2.38|6490008|15525483.00|1|0.0000|0.0000|0.0000|0|2.38
*ST海源|002529|-9.99|5392865|32680650.00|-8.94|-7.30|-9.99|6.04|6.11|6.22|6.04|5.39|6.71|28115501|192440448.00|1|0.0000|0.0000|0.0000|0|6.71
金财互联|002530|-9.97|17630800|157415360.00|-6.51|-5.49|-9.97|8.85|9.19|9.29|8.85|17.63|9.83|17832827|176213296.00|1|0.0000|0.0000|0.0000|0|9.83
天顺风能|002531|-9.93|28663906|193321376.00|-4.76|-4.49|-9.93|6.62|7.00|7.02|6.62|28.66|7.35|12163515|89448360.00|1|0.0000|0.0000|0.0000|0|7.35
天山铝业|002532|-9.98|50961000|391792608.00|-7.98|-7.98|-9.98|7.67|7.84|7.84|7.67|50.96|8.52|42063030|362705632.00|1|0.0000|0.0000|0.0000|0|8.52
金杯电工|002533|-9.97|19020400|180845008.00|-5.08|-4.99|-9.97|9.39|9.90|9.91|9.39|19.02|10.43|18032400|189617616.00|1|0.0000|0.0000|0.0000|0|10.43
西子洁能|002534|-9.97|7877431|89876416.00|-5.90|-5.42|-9.97|11.29|11.80|11.86|11.29|7.88|12.54|11209418|143152688.00|1|0.0000|0.0000|0.0000|0|12.54
林州重机|002535|-10.04|59356367|271701856.00|-6.63|-2.01|-10.04|4.48|4.65|4.88|4.48|59.36|4.98|89352764|442738976.00|1|0.0000|0.0000|0.0000|0|4.98
飞龙股份|002536|-9.97|7488700|98596808.00|-9.15|-7.36|-9.97|13.09|13.21|13.47|13.09|7.49|14.54|11577550|169058352.00|1|0.0000|0.0000|0.0000|0|14.54
海联金汇|002537|-9.98|21243400|113014288.00|-4.99|-3.61|-9.98|5.23|5.52|5.60|5.23|21.24|5.81|24982749|145180080.00|1|0.0000|0.0000|0.0000|0|5.81
司尔特|002538|-10.03|27026800|151322608.00|-3.78|-3.45|-10.03|5.47|5.85|5.87|5.47|27.03|6.08|13517600|81785832.00|1|0.0000|0.0000|0.0000|0|6.08
云图控股|002539|-8.83|26369360|192949888.00|-3.07|-2.94|-9.99|7.12|7.57|7.58|7.03|26.37|7.81|11332223|88324960.00|1|0.0000|0.0000|0.0000|0|7.81
亚太科技|002540|-10.02|19884800|116183752.00|-5.16|-5.16|-10.02|5.75|6.06|6.06|5.75|19.88|6.39|13517453|86133144.00|1|0.0000|0.0000|0.0000|0|6.39
鸿路钢构|002541|-10.00|14530425|285926240.00|-5.51|0.00|-10.00|18.62|19.55|20.69|18.62|14.53|20.69|13430154|282176256.00|1|0.0000|0.0000|0.0000|0|20.69
中化岩土|002542|-10.00|29479739|91097952.00|-4.71|-4.41|-10.00|3.06|3.24|3.25|3.06|29.48|3.40|27849450|94795200.00|1|0.0000|0.0000|0.0000|0|3.40
万和电气|002543|-9.99|6868555|67258240.00|-8.33|-7.12|-9.99|9.73|9.91|10.04|9.73|6.87|10.81|20528093|228559312.00|1|0.0000|0.0000|0.0000|0|10.81
普天科技|002544|-10.02|11692877|233885776.00|-9.42|-4.04|-10.02|19.58|19.71|20.88|19.58|11.69|21.76|6135461|134186872.00|1|0.0000|0.0000|0.0000|0|21.76
东方铁塔|002545|-9.97|23060115|162711584.00|-4.99|-3.81|-9.97|6.86|7.24|7.33|6.86|23.06|7.62|15178300|114875392.00|1|0.0000|0.0000|0.0000|0|7.62
新联电子|002546|-10.00|16251900|70891816.00|-5.00|-5.00|-10.00|4.32|4.56|4.56|4.32|16.25|4.80|16533400|79632904.00|1|0.0000|0.0000|0.0000|0|4.80
春兴精工|002547|-9.93|24027300|94189040.00|-9.93|-5.54|-9.93|3.90|3.90|4.09|3.90|24.03|4.33|32255022|140211840.00|1|0.0000|0.0000|0.0000|0|4.33
金新农|002548|-2.79|81801233|324248416.00|0.00|4.06|-3.55|3.83|3.94|4.10|3.80|81.80|3.94|36763358|143669824.00|1|0.0000|0.0000|0.0000|0|3.94
凯美特气|002549|9.99|223477830|2346086400.00|-9.99|9.99|-9.99|11.12|9.10|11.12|9.10|223.48|10.11|228721447|2375898368.00|1|0.0000|0.0000|0.0000|0|10.11
千红制药|002550|-8.63|43995559|254053120.00|-2.93|-2.44|-9.93|5.61|5.96|5.99|5.53|44.00|6.14|23876706|146142928.00|1|0.0000|0.0000|0.0000|0|6.14
尚荣医疗|002551|-9.86|21104952|66582932.00|-8.12|-5.80|-9.86|3.11|3.17|3.25|3.11|21.10|3.45|71122580|249691696.00|1|0.0000|0.0000|0.0000|0|3.45
宝鼎科技|002552|-9.97|5138300|67083584.00|-9.97|-6.64|-9.97|13.01|13.01|13.49|13.01|5.14|14.45|4974400|72804328.00|1|0.0000|0.0000|0.0000|0|14.45
南方精工|002553|-10.00|14701600|252273344.00|-10.00|-7.84|-10.00|17.10|17.10|17.51|17.10|14.70|19.00|74001088|1439471104.00|1|0.0000|0.0000|0.0000|0|19.00
惠博普|002554|-9.84|38657800|89827424.00|-3.54|-3.54|-9.84|2.29|2.45|2.45|2.29|38.66|2.54|26554400|67155944.00|1|0.0000|0.0000|0.0000|0|2.54
三七互娱|002555|-9.76|57863293|798958848.00|-5.35|-4.28|-10.03|13.50|14.16|14.32|13.46|57.86|14.96|19444289|290292768.00|1|0.0000|0.0000|0.0000|0|14.96
辉隆股份|002556|-10.05|31841255|163287424.00|-2.19|-0.91|-10.05|4.92|5.35|5.42|4.92|31.84|5.47|15288210|83358512.00|1|0.0000|0.0000|0.0000|0|5.47
洽洽食品|002557|-8.68|12444838|311393376.00|-3.87|-1.50|-10.00|24.29|25.57|26.20|23.94|12.44|26.60|5105380|135212576.00|1|0.0000|0.0000|0.0000|0|26.60
巨人网络|002558|-10.02|38679357|496124672.00|-3.44|-3.44|-10.02|12.57|13.49|13.49|12.57|38.68|13.97|26167455|363124128.00|1|0.0000|0.0000|0.0000|0|13.97
亚威股份|002559|-10.03|27290500|243979936.00|-7.90|-6.48|-10.03|8.88|9.09|9.23|8.88|27.29|9.87|40320100|402348832.00|1|0.0000|0.0000|0.0000|0|9.87
通达股份|002560|-9.97|15912871|92889048.00|-6.54|-4.98|-9.97|5.78|6.00|6.10|5.78|15.91|6.42|12133865|78166552.00|1|0.0000|0.0000|0.0000|0|6.42
徐家汇|002561|-10.04|19242202|145669360.00|-4.28|-0.73|-10.04|7.35|7.82|8.11|7.35|19.24|8.17|9999203|81194536.00|1|0.0000|0.0000|0.0000|0|8.17
兄弟科技|002562|-10.00|20168400|75485456.00|-4.39|-4.39|-10.00|3.69|3.92|3.92|3.69|20.17|4.10|26474282|108608632.00|1|0.0000|0.0000|0.0000|0|4.10
森马服饰|002563|-6.64|26551200|185278496.00|-5.28|-2.71|-8.13|6.89|6.99|7.18|6.78|26.55|7.38|24639116|181152208.00|1|0.0000|0.0000|0.0000|0|7.38
天沃科技|002564|-4.89|5983300|23300224.00|-4.89|-3.18|-4.89|3.89|3.89|3.96|3.89|5.98|4.09|8812100|36147540.00|1|0.0000|0.0000|0.0000|0|4.09
顺灏股份|002565|-9.88|65944100|201225376.00|-6.29|-3.59|-9.88|3.01|3.13|3.22|3.01|65.94|3.34|81208399|270396352.00|1|0.0000|0.0000|0.0000|0|3.34
益盛药业|002566|-9.99|6982200|47082724.00|-4.10|-3.28|-9.99|6.58|7.01|7.07|6.58|6.98|7.31|5035200|36529844.00|1|0.0000|0.0000|0.0000|0|7.31
唐人神|002567|-4.96|139126754|692007552.00|-1.19|1.59|-7.14|4.79|4.98|5.12|4.68|139.13|5.04|52143582|261026336.00|1|0.0000|0.0000|0.0000|0|5.04
百润股份|002568|-7.68|14042713|343098048.00|-5.07|-2.04|-9.99|24.03|24.71|25.50|23.43|14.04|26.03|5307401|139593584.00|1|0.0000|0.0000|0.0000|0|26.03
*ST步森|002569|-5.05|570200|3962890.00|-5.05|-5.05|-5.05|6.95|6.95|6.95|6.95|0.57|7.32|2340100|17197950.00|1|0.0000|0.0000|0.0000|0|7.32
贝因美|002570|-3.27|204783546|985824384.00|-4.08|3.06|-7.14|4.74|4.70|5.05|4.55|204.78|4.90|172528595|838742336.00|1|0.0000|0.0000|0.0000|0|4.90
德力股份|002571|-9.01|23290088|144189888.00|-6.46|-2.40|-10.06|6.06|6.23|6.50|5.99|23.29|6.66|30652700|200335520.00|1|0.0000|0.0000|0.0000|0|6.66
索菲亚|002572|-7.44|18575179|287991520.00|-2.44|-1.95|-9.70|15.18|16.00|16.08|14.81|18.58|16.40|9656400|157591248.00|1|0.0000|0.0000|0.0000|0|16.40
清新环境|002573|-9.97|15237204|54759196.00|-2.81|-2.81|-9.97|3.52|3.80|3.80|3.52|15.24|3.91|9389820|36594532.00|1|0.0000|0.0000|0.0000|0|3.91
明牌珠宝|002574|-10.02|8920300|52910608.00|-10.02|-8.95|-10.02|5.93|5.93|6.00|5.93|8.92|6.59|95218183|638865280.00|1|0.0000|0.0000|0.0000|0|6.59
群兴玩具|002575|-10.01|32867200|272554848.00|-9.24|-5.94|-10.01|8.18|8.25|8.55|8.18|32.87|9.09|17237748|156713152.00|1|0.0000|0.0000|0.0000|0|9.09
通达动力|002576|-9.97|3734400|50658328.00|-6.35|-6.35|-9.97|13.46|14.00|14.00|13.46|3.73|14.95|3990450|59771940.00|1|0.0000|0.0000|0.0000|0|14.95
雷柏科技|002577|-10.00|2548900|50124808.00|-8.43|-5.09|-10.00|19.44|19.78|20.50|19.44|2.55|21.60|4352427|94860456.00|1|0.0000|0.0000|0.0000|0|21.60
闽发铝业|002578|-10.09|21131500|62830208.00|-6.73|-5.81|-10.09|2.94|3.05|3.08|2.94|21.13|3.27|46680144|151737024.00|1|0.0000|0.0000|0.0000|0|3.27
中京电子|002579|-9.94|10061800|72636744.00|-5.91|-5.91|-9.94|7.16|7.48|7.48|7.16|10.06|7.95|13484460|107741424.00|1|0.0000|0.0000|0.0000|0|7.95
圣阳股份|002580|-10.03|17458600|204304592.00|-10.03|-6.64|-10.03|11.66|11.66|12.10|11.66|17.46|12.96|36078563|470825760.00|1|0.0000|0.0000|0.0000|0|12.96
ST未名|002581|-10.01|8125846|68085224.00|-9.68|-4.24|-10.01|8.27|8.30|8.80|8.27|8.13|9.19|7426545|67747984.00|1|0.0000|0.0000|0.0000|0|9.19
好想你|002582|-10.03|53343900|510231424.00|-6.52|-1.75|-10.03|9.24|9.60|10.09|9.24|53.34|10.27|85978063|876454144.00|1|0.0000|0.0000|0.0000|0|10.27
海能达|002583|-9.98|25068200|263338112.00|-5.90|-5.90|-9.98|10.37|10.84|10.84|10.37|25.07|11.52|34565214|400300448.00|1|0.0000|0.0000|0.0000|0|11.52
西陇科学|002584|-9.01|93872426|759779520.00|-5.85|-0.58|-9.94|7.78|8.05|8.50|7.70|93.87|8.55|94506126|798440896.00|1|0.0000|0.0000|0.0000|0|8.55
双星新材|002585|-10.00|20576944|95977520.00|-3.14|-2.94|-10.00|4.59|4.94|4.95|4.59|20.58|5.10|12000839|61435752.00|1|0.0000|0.0000|0.0000|0|5.10
ST围海|002586|-4.84|12684639|35133784.00|-4.84|-1.04|-4.84|2.75|2.75|2.86|2.75|12.68|2.89|10257100|28916640.00|1|0.0000|0.0000|0.0000|0|2.89
奥拓电子|002587|-9.93|13411600|71411872.00|-4.79|-4.11|-9.93|5.26|5.56|5.60|5.26|13.41|5.84|12562950|73401616.00|1|0.0000|0.0000|0.0000|0|5.84
史丹利|002588|-7.59|40708288|293940608.00|-2.53|-0.53|-9.59|6.94|7.32|7.47|6.79|40.71|7.51|14729960|109724752.00|1|0.0000|0.0000|0.0000|0|7.51
瑞康医药|002589|-10.13|57391600|167442320.00|-5.70|-2.22|-10.13|2.84|2.98|3.09|2.84|57.39|3.16|89199237|282448864.00|1|0.0000|0.0000|0.0000|0|3.16
万安科技|002590|-9.98|5422755|64152764.00|-7.68|-5.53|-9.98|11.72|12.02|12.30|11.72|5.42|13.02|7890602|103137472.00|1|0.0000|0.0000|0.0000|0|13.02
恒大高新|002591|-9.96|9006400|41957352.00|-5.86|-5.27|-9.96|4.61|4.82|4.85|4.61|9.01|5.12|8556000|43683668.00|1|0.0000|0.0000|0.0000|0|5.12
ST八菱|002592|-4.98|633000|3019410.00|-4.98|-4.98|-4.98|4.77|4.77|4.77|4.77|0.63|5.02|2173200|10922410.00|1|0.0000|0.0000|0.0000|0|5.02
日上集团|002593|-10.04|11683700|50836068.00|-7.32|-5.65|-10.04|4.30|4.43|4.51|4.30|11.68|4.78|16211300|77565368.00|1|0.0000|0.0000|0.0000|0|4.78
比亚迪|002594|-10.00|27349840|8911483904.00|-6.76|-5.54|-10.00|321.76|333.34|337.70|321.76|27.35|357.51|10102322|3618676992.00|1|0.0000|0.0000|0.0000|0|357.51
豪迈科技|002595|-8.97|7874052|412726560.00|-10.00|-4.32|-10.00|51.88|51.29|54.53|51.29|7.87|56.99|7858475|450968896.00|1|0.0000|0.0000|0.0000|0|56.99
海南瑞泽|002596|-10.09|30460700|96050704.00|-5.48|-5.48|-10.09|3.12|3.28|3.28|3.12|30.46|3.47|27188271|94218672.00|1|0.0000|0.0000|0.0000|0|3.47
金禾实业|002597|-10.01|11110158|250704400.00|-4.07|-4.03|-10.01|22.11|23.57|23.58|22.11|11.11|24.57|7228305|178359552.00|1|0.0000|0.0000|0.0000|0|24.57
山东章鼓|002598|-10.02|7244700|70816672.00|-6.77|-5.84|-10.02|9.70|10.05|10.15|9.70|7.24|10.78|15443404|165756912.00|1|0.0000|0.0000|0.0000|0|10.78
盛通股份|002599|-9.95|7689500|65364936.00|-8.02|-6.42|-9.95|8.42|8.60|8.75|8.42|7.69|9.35|16221003|153144848.00|1|0.0000|0.0000|0.0000|0|9.35
领益智造|002600|-9.95|38098500|289640096.00|-9.95|-9.48|-9.95|7.60|7.60|7.64|7.60|38.10|8.44|200640004|1724375168.00|1|0.0000|0.0000|0.0000|0|8.44
龙佰集团|002601|-5.99|32704445|536708576.00|-7.13|-4.45|-9.36|16.48|16.28|16.75|15.89|32.70|17.53|16705385|293978176.00|1|0.0000|0.0000|0.0000|0|17.53
世纪华通|002602|-5.01|15653800|100810472.00|-5.01|-5.01|-5.01|6.44|6.44|6.44|6.44|15.65|6.78|78813796|531487520.00|1|0.0000|0.0000|0.0000|0|6.78
以岭药业|002603|-10.02|32732988|431528896.00|-3.29|-3.29|-10.02|12.84|13.80|13.80|12.84|32.73|14.27|10238967|146055568.00|1|0.0000|0.0000|0.0000|0|14.27
姚记科技|002605|-9.99|9359345|243628720.00|-6.16|-4.04|-9.99|25.42|26.50|27.10|25.42|9.36|28.24|5099000|144261616.00|1|0.0000|0.0000|0.0000|0|28.24
大连电瓷|002606|-10.01|13876300|117904960.00|-4.74|-4.41|-10.01|8.36|8.85|8.88|8.36|13.88|9.29|9704500|91067016.00|1|0.0000|0.0000|0.0000|0|9.29
中公教育|002607|-9.94|222273280|654913088.00|-4.66|-4.35|-9.94|2.90|3.07|3.08|2.90|222.27|3.22|167381341|534231712.00|1|0.0000|0.0000|0.0000|0|3.22
江苏国信|002608|-9.97|34179303|248475024.00|-2.81|-2.81|-9.97|7.04|7.60|7.60|7.04|34.18|7.82|10606034|82772056.00|1|0.0000|0.0000|0.0000|0|7.82
捷顺科技|002609|-10.01|9489100|80394344.00|-5.38|-4.52|-10.01|8.36|8.79|8.87|8.36|9.49|9.29|13090736|121155680.00|1|0.0000|0.0000|0.0000|0|9.29
东方精工|002611|-10.01|24939000|259262976.00|-9.83|-7.31|-10.01|10.34|10.36|10.65|10.34|24.94|11.49|50168125|581558656.00|1|0.0000|0.0000|0.0000|0|11.49
朗姿股份|002612|-10.01|10804920|161065120.00|-5.13|-3.03|-10.01|14.56|15.35|15.69|14.56|10.80|16.18|17389909|280241024.00|1|0.0000|0.0000|0.0000|0|16.18
北玻股份|002613|-10.09|12104430|46944112.00|-7.28|-3.76|-10.09|3.83|3.95|4.10|3.83|12.10|4.26|9168250|38946592.00|1|0.0000|0.0000|0.0000|0|4.26
奥佳华|002614|-10.00|9896800|63529528.00|-9.72|-7.32|-10.00|6.39|6.41|6.58|6.39|9.90|7.10|33107712|239674864.00|1|0.0000|0.0000|0.0000|0|7.10
哈尔斯|002615|-10.04|6741750|47883032.00|-8.64|-7.88|-10.04|7.08|7.19|7.25|7.08|6.74|7.87|11362500|89570520.00|1|0.0000|0.0000|0.0000|0|7.87
长青集团|002616|-10.05|10577000|57531604.00|-8.71|-4.52|-10.05|5.37|5.45|5.70|5.37|10.58|5.97|15508500|93363984.00|1|0.0000|0.0000|0.0000|0|5.97
露笑科技|002617|-10.04|56476900|389201280.00|-8.72|-5.02|-10.04|6.81|6.91|7.19|6.81|56.48|7.57|57088572|438313216.00|1|0.0000|0.0000|0.0000|0|7.57
ST瑞和|002620|-10.03|12771800|42751996.00|-5.69|-5.15|-10.03|3.32|3.48|3.50|3.32|12.77|3.69|8972500|32753806.00|1|0.0000|0.0000|0.0000|0|3.69
皓宸医疗|002622|-10.07|18698900|47259960.00|-8.27|-3.24|-10.07|2.50|2.55|2.69|2.50|18.70|2.78|12196000|33896616.00|1|0.0000|0.0000|0.0000|0|2.78
亚玛顿|002623|-9.98|2914400|39421528.00|-4.32|-4.32|-9.98|13.35|14.19|14.19|13.35|2.91|14.83|1864714|27628148.00|1|0.0000|0.0000|0.0000|0|14.83
完美世界|002624|-9.96|29950800|327496544.00|-4.64|-4.22|-9.96|10.67|11.30|11.35|10.67|29.95|11.85|23796479|281515264.00|1|0.0000|0.0000|0.0000|0|11.85
光启技术|002625|-7.49|57382590|1991895936.00|-3.80|1.53|-10.00|33.85|35.20|37.15|32.93|57.38|36.59|32184925|1168789504.00|1|0.0000|0.0000|0.0000|0|36.59
金达威|002626|-9.98|9381700|130529240.00|-5.82|-3.77|-9.98|13.62|14.25|14.56|13.62|9.38|15.13|4609300|69814288.00|1|0.0000|0.0000|0.0000|0|15.13
三峡旅游|002627|-10.04|26757206|133401504.00|-3.72|-2.97|-10.04|4.84|5.18|5.22|4.84|26.76|5.38|22780124|122096680.00|1|0.0000|0.0000|0.0000|0|5.38
成都路桥|002628|-10.02|22719602|87220712.00|-4.53|-4.53|-10.02|3.77|4.00|4.00|3.77|22.72|4.19|12986000|54139736.00|1|0.0000|0.0000|0.0000|0|4.19
仁智股份|002629|-9.98|29626500|164549648.00|-8.65|-3.99|-9.98|5.41|5.49|5.77|5.41|29.63|6.01|24145515|144907584.00|1|0.0000|0.0000|0.0000|0|6.01
ST华西|002630|-10.04|35904596|149639248.00|-9.17|-4.80|-10.04|4.12|4.16|4.36|4.12|35.90|4.58|179878833|850720256.00|1|0.0000|0.0000|0.0000|0|4.58
德尔未来|002631|4.04|117082931|572008384.00|-4.47|10.00|-7.23|4.89|4.49|5.17|4.36|117.08|4.70|45459441|210226768.00|1|0.0000|0.0000|0.0000|0|4.70
道明光学|002632|-10.05|9722700|78255432.00|-5.42|-5.19|-10.05|7.97|8.38|8.40|7.97|9.72|8.86|7390500|65118288.00|1|0.0000|0.0000|0.0000|0|8.86
申科股份|002633|-9.99|3864700|39283520.00|-7.67|-4.64|-9.99|10.09|10.35|10.69|10.09|3.86|11.21|6577300|73006416.00|1|0.0000|0.0000|0.0000|0|11.21
棒杰股份|002634|-10.12|7755600|24302248.00|-4.05|-4.05|-10.12|3.11|3.32|3.32|3.11|7.76|3.46|16498500|55832144.00|1|0.0000|0.0000|0.0000|0|3.46
安洁科技|002635|-9.99|8627302|117947736.00|-6.53|-6.33|-9.99|13.51|14.03|14.06|13.51|8.63|15.01|12122802|183305424.00|1|0.0000|0.0000|0.0000|0|15.01
金安国纪|002636|-9.94|7494100|58149428.00|-7.84|-5.96|-9.94|7.70|7.88|8.04|7.70|7.49|8.55|7763700|66992132.00|1|0.0000|0.0000|0.0000|0|8.55
赞宇科技|002637|-9.90|6664400|56678912.00|-5.86|-5.43|-10.01|8.46|8.84|8.88|8.45|6.66|9.39|4879000|45784432.00|1|0.0000|0.0000|0.0000|0|9.39
勤上股份|002638|-9.81|23471450|45786164.00|-4.21|-4.21|-9.81|1.93|2.05|2.05|1.93|23.47|2.14|17692800|38106168.00|1|0.0000|0.0000|0.0000|0|2.14
雪人集团|002639|-9.99|36102000|289810816.00|-9.99|-7.86|-9.99|8.02|8.02|8.21|8.02|36.10|8.91|158682161|1451500928.00|1|0.0000|0.0000|0.0000|0|8.91
跨境通|002640|-10.10|136054298|377249472.00|-6.73|-2.36|-10.10|2.67|2.77|2.90|2.67|136.05|2.97|178611014|529829920.00|1|0.0000|0.0000|0.0000|0|2.97
公元股份|002641|-10.04|19083200|78096536.00|-3.79|-3.79|-10.04|4.03|4.31|4.31|4.03|19.08|4.48|9528418|42443756.00|1|0.0000|0.0000|0.0000|0|4.48
荣联科技|002642|-10.04|23308754|164375040.00|-8.62|-6.05|-10.04|6.99|7.10|7.30|6.99|23.31|7.77|25496950|198369008.00|1|0.0000|0.0000|0.0000|0|7.77
万润股份|002643|-10.01|17798169|178898496.00|-5.46|-4.09|-10.01|9.89|10.39|10.54|9.89|17.80|10.99|12262700|135118448.00|1|0.0000|0.0000|0.0000|0|10.99
佛慈制药|002644|-9.98|7638800|57439928.00|-2.83|-2.71|-9.98|7.31|7.89|7.90|7.31|7.64|8.12|4516202|36521856.00|1|0.0000|0.0000|0.0000|0|8.12
华宏科技|002645|-10.04|21797202|181745168.00|-9.83|-6.33|-10.04|8.24|8.26|8.58|8.24|21.80|9.16|37568428|343942240.00|1|0.0000|0.0000|0.0000|0|9.16
天佑德酒|002646|-9.96|8818282|76289104.00|-3.43|-1.93|-9.96|8.41|9.02|9.16|8.41|8.82|9.34|4440689|41407784.00|1|0.0000|0.0000|0.0000|0|9.34
*ST仁东|002647|-4.98|4596700|25477808.00|-4.98|-3.61|-4.98|5.53|5.53|5.61|5.53|4.60|5.82|7151500|41315712.00|1|0.0000|0.0000|0.0000|0|5.82
卫星化学|002648|-10.01|13345500|261571808.00|-10.01|-10.01|-10.01|19.60|19.60|19.60|19.60|13.35|21.78|44065186|953405760.00|1|0.0000|0.0000|0.0000|0|21.78
博彦科技|002649|-9.98|9838500|117561136.00|-7.08|-5.71|-9.98|11.82|12.20|12.38|11.82|9.84|13.13|8905233|117614488.00|1|0.0000|0.0000|0.0000|0|13.13
ST加加|002650|-5.04|8163380|38628180.00|-3.23|-3.23|-5.04|4.71|4.80|4.80|4.71|8.16|4.96|2678455|13212071.00|1|0.0000|0.0000|0.0000|0|4.96
利君股份|002651|-9.92|12645400|76680488.00|-3.01|-3.01|-9.92|5.99|6.45|6.45|5.99|12.65|6.65|7968244|53229724.00|1|0.0000|0.0000|0.0000|0|6.65
扬子新材|002652|-9.96|11406300|28186400.00|-4.06|-4.06|-9.96|2.44|2.60|2.60|2.44|11.41|2.71|12891620|34648112.00|1|0.0000|0.0000|0.0000|0|2.71
海思科|002653|-1.92|8076884|331159296.00|-6.81|-0.12|-9.60|41.90|39.81|42.67|38.62|8.08|42.72|5975470|251862416.00|1|0.0000|0.0000|0.0000|0|42.72
万润科技|002654|-9.98|27475130|319688512.00|-9.90|-4.21|-9.98|11.55|11.56|12.29|11.55|27.48|12.83|45488300|589627456.00|1|0.0000|0.0000|0.0000|0|12.83
共达电声|002655|-10.01|10408300|125432376.00|-10.01|-8.30|-10.01|12.04|12.04|12.27|12.04|10.41|13.38|82547702|1143768576.00|1|0.0000|0.0000|0.0000|0|13.38
*ST摩登|002656|-4.95|11036300|23440946.00|-4.50|-1.80|-4.95|2.11|2.12|2.18|2.11|11.04|2.22|7537656|16735093.00|1|0.0000|0.0000|0.0000|0|2.22
中科金财|002657|-9.99|12367101|221958688.00|-8.33|-6.51|-9.99|17.83|18.16|18.52|17.83|12.37|19.81|17904100|355701216.00|1|0.0000|0.0000|0.0000|0|19.81
雪迪龙|002658|-9.94|15036651|93613432.00|-7.75|-5.26|-9.94|6.16|6.31|6.48|6.16|15.04|6.84|18190190|125516144.00|1|0.0000|0.0000|0.0000|0|6.84
凯文教育|002659|-9.98|10243471|42285912.00|-3.55|-3.33|-9.98|4.06|4.35|4.36|4.06|10.24|4.51|6742200|30292852.00|1|0.0000|0.0000|0.0000|0|4.51
茂硕电源|002660|-10.04|5378600|47207008.00|-6.83|-6.42|-10.04|8.69|9.00|9.04|8.69|5.38|9.66|8534000|82402336.00|1|0.0000|0.0000|0.0000|0|9.66
克明食品|002661|-9.77|9961300|89456968.00|-2.29|-1.77|-9.98|8.68|9.40|9.45|8.66|9.96|9.62|2887366|27742118.00|1|0.0000|0.0000|0.0000|0|9.62
峰璟股份|002662|-10.05|20078800|68943200.00|-5.82|-4.76|-10.05|3.40|3.56|3.60|3.40|20.08|3.78|18450100|69785512.00|1|0.0000|0.0000|0.0000|0|3.78
普邦股份|002663|-10.00|31418658|48933808.00|-4.12|-3.53|-10.00|1.53|1.63|1.64|1.53|31.42|1.70|22964401|38554968.00|1|0.0000|0.0000|0.0000|0|1.70
信质集团|002664|-10.00|12395400|183048000.00|-8.64|-4.44|-10.00|14.58|14.80|15.48|14.58|12.40|16.20|11207499|183221056.00|1|0.0000|0.0000|0.0000|0|16.20
德联集团|002666|-10.02|13717800|61109892.00|-5.52|-4.09|-10.02|4.40|4.62|4.69|4.40|13.72|4.89|15274500|74338816.00|1|0.0000|0.0000|0.0000|0|4.89
威领股份|002667|-9.98|20352644|234208864.00|-6.68|-3.46|-9.98|11.19|11.60|12.00|11.19|20.35|12.43|20671811|260762368.00|1|0.0000|0.0000|0.0000|0|12.43
TCL智家|002668|-9.99|9511300|92388232.00|-9.62|-6.63|-9.99|9.64|9.68|10.00|9.64|9.51|10.71|23766863|257526368.00|1|0.0000|0.0000|0.0000|0|10.71
康达新材|002669|-10.00|8604000|73891136.00|-4.36|-4.36|-10.00|8.46|8.99|8.99|8.46|8.60|9.40|4135801|38882992.00|1|0.0000|0.0000|0.0000|0|9.40
国盛证券|002670|-10.02|33090400|396678720.00|-4.47|-2.54|-10.02|11.68|12.40|12.65|11.68|33.09|12.98|21187433|275766688.00|1|0.0000|0.0000|0.0000|0|12.98
龙泉股份|002671|-9.89|14249400|56762040.00|-4.37|-3.22|-9.89|3.92|4.16|4.21|3.92|14.25|4.35|9673500|41913168.00|1|0.0000|0.0000|0.0000|0|4.35
东江环保|002672|-10.07|9199600|34118056.00|-2.95|-2.70|-10.07|3.66|3.95|3.96|3.66|9.20|4.07|6644850|26923402.00|1|0.0000|0.0000|0.0000|0|4.07
西部证券|002673|-10.01|80363184|583593728.00|-4.94|-4.06|-10.01|7.10|7.50|7.57|7.10|80.36|7.89|24227852|190804096.00|1|0.0000|0.0000|0.0000|0|7.89
兴业科技|002674|-9.96|4824800|42494232.00|-6.43|-5.08|-9.96|8.68|9.02|9.15|8.68|4.82|9.64|2736300|26382492.00|1|0.0000|0.0000|0.0000|0|9.64
东诚药业|002675|-9.32|14835942|189877408.00|-5.33|-2.44|-9.69|12.26|12.80|13.19|12.21|14.84|13.52|4822000|65289336.00|1|0.0000|0.0000|0.0000|0|13.52
顺威股份|002676|-10.03|17444600|103276344.00|-5.86|-4.48|-10.03|5.83|6.10|6.19|5.83|17.44|6.48|19948680|128770576.00|1|0.0000|0.0000|0.0000|0|6.48
浙江美大|002677|-10.04|10538580|73791592.00|-3.65|-3.65|-10.04|6.90|7.39|7.39|6.90|10.54|7.67|6929700|53303988.00|1|0.0000|0.0000|0.0000|0|7.67
珠江钢琴|002678|-9.98|4877670|19652396.00|-2.95|-2.95|-9.98|3.97|4.28|4.28|3.97|4.88|4.41|2426745|10693642.00|1|0.0000|0.0000|0.0000|0|4.41
福建金森|002679|-9.98|4042100|32559020.00|-2.72|-2.72|-9.98|7.94|8.58|8.58|7.94|4.04|8.82|3509200|30812116.00|1|0.0000|0.0000|0.0000|0|8.82
奋达科技|002681|-9.96|40326600|264423264.00|-9.41|-6.64|-9.96|6.51|6.55|6.75|6.51|40.33|7.23|73925095|541346432.00|1|0.0000|0.0000|0.0000|0|7.23
龙洲股份|002682|-9.89|38753750|154114720.00|-6.21|-5.06|-9.89|3.92|4.08|4.13|3.92|38.75|4.35|52366907|229614400.00|1|0.0000|0.0000|0.0000|0|4.35
广东宏大|002683|-6.90|13022342|358004544.00|-8.41|-1.58|-9.62|27.11|26.67|28.66|26.32|13.02|29.12|3922500|114876592.00|1|0.0000|0.0000|0.0000|0|29.12
华东重机|002685|-9.95|20354500|113479952.00|-3.75|-3.75|-9.95|5.52|5.90|5.90|5.52|20.35|6.13|16109600|98748072.00|1|0.0000|0.0000|0.0000|0|6.13
亿利达|002686|-10.02|16319100|87292384.00|-7.47|-5.09|-10.02|5.30|5.45|5.59|5.30|16.32|5.89|23308091|137453728.00|1|0.0000|0.0000|0.0000|0|5.89
乔治白|002687|-10.04|11521761|47146560.00|-4.24|-4.02|-10.04|4.03|4.29|4.30|4.03|11.52|4.48|6286059|28016624.00|1|0.0000|0.0000|0.0000|0|4.48
金河生物|002688|9.93|26912255|175737024.00|9.93|9.93|9.93|6.53|6.53|6.53|6.53|26.91|5.94|25714580|152744608.00|1|0.0000|0.0000|0.0000|0|5.94
ST远智|002689|-9.97|16672100|56059148.00|-5.66|-5.39|-9.97|3.34|3.50|3.51|3.34|16.67|3.71|12722418|47300328.00|1|0.0000|0.0000|0.0000|0|3.71
美亚光电|002690|-10.00|15962079|253325936.00|-4.07|-4.07|-10.00|15.48|16.50|16.50|15.48|15.96|17.20|10846594|187148672.00|1|0.0000|0.0000|0.0000|0|17.20
冀凯股份|002691|-10.05|4005100|30781204.00|-7.21|-5.91|-10.05|7.61|7.85|7.96|7.61|4.01|8.46|5403220|45983756.00|1|0.0000|0.0000|0.0000|0|8.46
远程股份|002692|-9.98|11027200|52058984.00|-8.83|-6.33|-9.98|4.69|4.75|4.88|4.69|11.03|5.21|46100760|246393968.00|1|0.0000|0.0000|0.0000|0|5.21
*ST双成|002693|-10.00|7350300|56813712.00|-5.29|-5.29|-10.00|7.65|8.05|8.05|7.65|7.35|8.50|10862400|93043064.00|1|0.0000|0.0000|0.0000|0|8.50
顾地科技|002694|-10.02|9752507|39034204.00|-3.19|-3.19|-10.02|3.95|4.25|4.25|3.95|9.75|4.39|3645860|15876029.00|1|0.0000|0.0000|0.0000|0|4.39
煌上煌|002695|-10.01|10737800|102852224.00|-5.77|-2.31|-10.01|9.35|9.79|10.15|9.35|10.74|10.39|12942000|135907632.00|1|0.0000|0.0000|0.0000|0|10.39
百洋股份|002696|-10.08|12354370|59395708.00|-4.56|-3.04|-10.08|4.73|5.02|5.10|4.73|12.35|5.26|6667610|34875268.00|1|0.0000|0.0000|0.0000|0|5.26
红旗连锁|002697|-8.77|64752672|326160928.00|-4.85|-0.75|-10.07|4.89|5.10|5.32|4.82|64.75|5.36|39859162|214109600.00|1|0.0000|0.0000|0.0000|0|5.36
博实股份|002698|-10.00|17844488|281688640.00|-7.51|-5.14|-10.00|15.57|16.00|16.41|15.57|17.84|17.30|11732421|205194912.00|1|0.0000|0.0000|0.0000|0|17.30
万憬能源|002700|-10.00|7230500|61217376.00|-7.58|-2.75|-10.00|8.19|8.41|8.85|8.19|7.23|9.10|7266500|65995848.00|1|0.0000|0.0000|0.0000|0|9.10
奥瑞金|002701|-9.94|56040120|273263808.00|-4.21|-2.87|-9.94|4.71|5.01|5.08|4.71|56.04|5.23|18980301|98967368.00|1|0.0000|0.0000|0.0000|0|5.23
海欣食品|002702|-10.10|23021200|84025552.00|-4.04|-2.53|-10.10|3.56|3.80|3.86|3.56|23.02|3.96|17427900|68391960.00|1|0.0000|0.0000|0.0000|0|3.96
浙江世宝|002703|-10.03|12712200|135658944.00|-6.71|-6.54|-10.03|10.59|10.98|11.00|10.59|12.71|11.77|13419409|159037920.00|1|0.0000|0.0000|0.0000|0|11.77
新宝股份|002705|-10.02|9106665|123999168.00|-8.48|-5.08|-10.02|13.47|13.70|14.21|13.47|9.11|14.97|18502337|282304544.00|1|0.0000|0.0000|0.0000|0|14.97
良信股份|002706|-10.00|21298353|165151952.00|-6.82|-4.12|-10.00|7.65|7.92|8.15|7.65|21.30|8.50|28744100|247069760.00|1|0.0000|0.0000|0.0000|0|8.50
众信旅游|002707|-10.02|42069982|312999968.00|-5.94|-3.59|-10.02|7.27|7.60|7.79|7.27|42.07|8.08|40087138|325118432.00|1|0.0000|0.0000|0.0000|0|8.08
光洋股份|002708|-10.03|10356904|116365488.00|-10.03|-8.03|-10.03|11.21|11.21|11.46|11.21|10.36|12.46|38766700|490442656.00|1|0.0000|0.0000|0.0000|0|12.46
天赐材料|002709|-10.01|26123404|440132000.00|-8.77|-5.76|-10.01|16.72|16.95|17.51|16.72|26.12|18.58|11931918|222215264.00|1|0.0000|0.0000|0.0000|0|18.58
思美传媒|002712|-10.07|14265000|69553568.00|-5.78|-5.78|-10.07|4.82|5.05|5.05|4.82|14.27|5.36|12107000|65041936.00|1|0.0000|0.0000|0.0000|0|5.36
*ST东易|002713|-10.04|12388100|52517864.00|-6.84|-5.56|-10.04|4.21|4.36|4.42|4.21|12.39|4.68|18645500|87220504.00|1|0.0000|0.0000|0.0000|0|4.68
牧原股份|002714|-1.80|107445371|4187117568.00|-1.62|1.77|-4.96|38.78|38.85|40.19|37.53|107.45|39.49|36821985|1450500736.00|1|0.0000|0.0000|0.0000|0|39.49
登云股份|002715|-10.03|1391300|19854876.00|-7.80|-5.96|-10.03|14.18|14.53|14.82|14.18|1.39|15.76|5364750|86202776.00|1|0.0000|0.0000|0.0000|0|15.76
湖南白银|002716|-10.08|86080490|292775072.00|-10.08|-7.96|-10.08|3.39|3.39|3.47|3.39|86.08|3.77|85832988|324905376.00|1|0.0000|0.0000|0.0000|0|3.77
ST岭南|002717|-9.97|57164500|161990400.00|-5.79|-5.79|-9.97|2.80|2.93|2.93|2.80|57.16|3.11|70604453|219651440.00|1|0.0000|0.0000|0.0000|0|3.11
友邦吊顶|002718|-10.00|2683100|32729050.00|-5.45|-5.45|-10.00|12.06|12.67|12.67|12.06|2.68|13.40|1280000|16937352.00|1|0.0000|0.0000|0.0000|0|13.40
麦趣尔|002719|-9.97|7956620|51724868.00|-3.79|-3.79|-9.97|6.41|6.85|6.85|6.41|7.96|7.12|5481400|38896748.00|1|0.0000|0.0000|0.0000|0|7.12
金一文化|002721|-4.94|15561100|38946584.00|-4.94|-3.80|-4.94|2.50|2.50|2.53|2.50|15.56|2.63|14977236|39301884.00|1|0.0000|0.0000|0.0000|0|2.63
物产金轮|002722|-9.99|4456800|60005768.00|-6.14|-3.58|-9.99|13.33|13.90|14.28|13.33|4.46|14.81|3072500|45513944.00|1|0.0000|0.0000|0.0000|0|14.81
小崧股份|002723|-10.05|10568480|77559768.00|-9.55|-4.59|-10.05|7.25|7.29|7.69|7.25|10.57|8.06|13051960|105400832.00|1|0.0000|0.0000|0.0000|0|8.06
海洋王|002724|-10.05|24218000|133351616.00|-6.10|-4.61|-10.05|5.46|5.70|5.79|5.46|24.22|6.07|29752906|180290816.00|1|0.0000|0.0000|0.0000|0|6.07
跃岭股份|002725|-10.02|3832400|40827036.00|-6.76|-5.14|-10.02|10.51|10.89|11.08|10.51|3.83|11.68|6828300|80239408.00|1|0.0000|0.0000|0.0000|0|11.68
龙大美食|002726|-10.06|29886681|175061792.00|-2.08|-0.32|-10.06|5.63|6.13|6.24|5.63|29.89|6.26|10566084|65858028.00|1|0.0000|0.0000|0.0000|0|6.26
一心堂|002727|-9.98|10089700|123261152.00|-2.59|-2.59|-9.98|11.81|12.78|12.78|11.81|10.09|13.12|4663800|61176220.00|1|0.0000|0.0000|0.0000|0|13.12
特一药业|002728|-9.94|15821115|118408752.00|-2.94|-2.82|-9.94|7.34|7.91|7.92|7.34|15.82|8.15|7130780|58192716.00|1|0.0000|0.0000|0.0000|0|8.15
好利科技|002729|-10.00|3428400|41940532.00|-3.51|-3.43|-10.00|12.06|12.93|12.94|12.06|3.43|13.40|3224700|42994604.00|1|0.0000|0.0000|0.0000|0|13.40
电光科技|002730|-9.97|4496500|63342584.00|-9.97|-6.82|-9.97|14.00|14.00|14.49|14.00|4.50|15.55|8302490|130016720.00|1|0.0000|0.0000|0.0000|0|15.55
萃华珠宝|002731|-10.02|6228300|57370168.00|-7.86|-7.27|-10.02|9.16|9.38|9.44|9.16|6.23|10.18|10272300|105579024.00|1|0.0000|0.0000|0.0000|0|10.18
燕塘乳业|002732|-8.06|5607272|86329504.00|-5.31|-1.89|-9.96|15.05|15.50|16.06|14.74|5.61|16.37|3320200|53971096.00|1|0.0000|0.0000|0.0000|0|16.37
雄韬股份|002733|-10.02|6854100|101470776.00|-9.90|-6.84|-10.02|14.73|14.75|15.25|14.73|6.85|16.37|12930600|214285088.00|1|0.0000|0.0000|0.0000|0|16.37
利民股份|002734|-10.02|61326227|643609472.00|-7.18|-2.75|-10.02|10.15|10.47|10.97|10.15|61.33|11.28|58510116|670706496.00|1|0.0000|0.0000|0.0000|0|11.28
王子新材|002735|-10.00|7696600|71471928.00|-10.00|-7.77|-10.00|9.27|9.27|9.50|9.27|7.70|10.30|53475201|570328384.00|1|0.0000|0.0000|0.0000|0|10.30
国信证券|002736|-9.86|40331217|382920640.00|-4.35|-3.38|-9.95|9.33|9.90|10.00|9.32|40.33|10.35|10075142|104475728.00|1|0.0000|0.0000|0.0000|0|10.35
葵花药业|002737|-9.99|12111598|205048096.00|-2.65|-2.10|-9.99|16.30|17.63|17.73|16.30|12.11|18.11|4156787|75077360.00|1|0.0000|0.0000|0.0000|0|18.11
中矿资源|002738|-9.99|11214158|327139776.00|-7.63|-5.18|-9.99|28.65|29.40|30.18|28.65|11.21|31.83|5703414|182100000.00|1|0.0000|0.0000|0.0000|0|31.83
万达电影|002739|-9.97|41167501|440948832.00|-4.64|-4.13|-9.97|10.47|11.09|11.15|10.47|41.17|11.63|20471110|238173520.00|1|0.0000|0.0000|0.0000|0|11.63
光华科技|002741|-9.99|7778900|112900512.00|-8.61|-6.37|-9.99|14.42|14.64|15.00|14.42|7.78|16.02|5357700|85771880.00|1|0.0000|0.0000|0.0000|0|16.02
*ST三圣|002742|-5.09|4881000|17316668.00|-4.83|-2.95|-5.09|3.54|3.55|3.62|3.54|4.88|3.73|4152250|15358174.00|1|0.0000|0.0000|0.0000|0|3.73
富煌钢构|002743|-9.98|8290100|43030028.00|-5.60|-5.43|-9.98|5.14|5.39|5.40|5.14|8.29|5.71|5748000|32793296.00|1|0.0000|0.0000|0.0000|0|5.71
木林森|002745|-10.03|25256567|204020144.00|-6.76|-5.41|-10.03|7.98|8.27|8.39|7.98|25.26|8.87|27709189|248435216.00|1|0.0000|0.0000|0.0000|0|8.87
仙坛股份|002746|-3.91|63375637|389457440.00|-1.63|4.07|-5.70|5.90|6.04|6.39|5.79|63.38|6.14|21305640|130297912.00|1|0.0000|0.0000|0.0000|0|6.14
埃斯顿|002747|-10.00|17171790|325213152.00|-8.23|-6.46|-10.00|18.80|19.17|19.54|18.80|17.17|20.89|17267700|364360800.00|1|0.0000|0.0000|0.0000|0|20.89
世龙实业|002748|-5.06|1320600|9668991.00|-5.06|-3.37|-5.06|7.32|7.32|7.45|7.32|1.32|7.71|1219000|9354915.00|1|0.0000|0.0000|0.0000|0|7.71
国光股份|002749|-2.11|10902790|160026592.00|-2.31|1.78|-7.39|14.83|14.80|15.42|14.03|10.90|15.15|7775138|117581384.00|1|0.0000|0.0000|0.0000|0|15.15
昇兴股份|002752|-10.07|16621300|90191032.00|-6.04|-5.03|-10.07|5.36|5.60|5.66|5.36|16.62|5.96|13616150|81219016.00|1|0.0000|0.0000|0.0000|0|5.96
永东股份|002753|-9.92|11649693|71258816.00|-3.16|-3.01|-9.92|5.99|6.44|6.45|5.99|11.65|6.65|4978600|33030828.00|1|0.0000|0.0000|0.0000|0|6.65
奥赛康|002755|-10.01|10825570|187865680.00|-6.85|-2.19|-10.01|16.81|17.40|18.27|16.81|10.83|18.68|12229353|232279312.00|1|0.0000|0.0000|0.0000|0|18.68
永兴材料|002756|-10.01|10459381|315550496.00|-6.61|-5.13|-10.01|29.67|30.79|31.28|29.67|10.46|32.97|4669351|154326256.00|1|0.0000|0.0000|0.0000|0|32.97
南兴股份|002757|-9.99|5146000|93465376.00|-8.89|-6.14|-9.99|18.03|18.25|18.80|18.03|5.15|20.03|14195546|285302784.00|1|0.0000|0.0000|0.0000|0|20.03
浙农股份|002758|-9.91|9157813|75817256.00|-2.03|-1.46|-10.02|8.00|8.70|8.75|7.99|9.16|8.88|3058434|27047050.00|1|0.0000|0.0000|0.0000|0|8.88
天际股份|002759|-10.00|10314353|71150864.00|-7.37|-4.34|-10.00|6.84|7.04|7.27|6.84|10.31|7.60|5543700|42208052.00|1|0.0000|0.0000|0.0000|0|7.60
凤形股份|002760|-9.97|2878800|47653324.00|-9.53|-5.97|-9.97|16.43|16.51|17.16|16.43|2.88|18.25|3152300|57699568.00|1|0.0000|0.0000|0.0000|0|18.25
浙江建投|002761|-10.05|22231800|173104544.00|-5.32|-3.07|-10.05|7.61|8.01|8.20|7.61|22.23|8.46|9240404|78282576.00|1|0.0000|0.0000|0.0000|0|8.46
*ST金比|002762|-10.00|11995875|61021204.00|-6.96|-5.71|-10.00|5.04|5.21|5.28|5.04|12.00|5.60|8970174|50090272.00|1|0.0000|0.0000|0.0000|0|5.60
汇洁股份|002763|-9.97|7429000|46495216.00|-3.23|-3.08|-9.97|6.14|6.60|6.61|6.14|7.43|6.82|2871600|19463530.00|1|0.0000|0.0000|0.0000|0|6.82
蓝黛科技|002765|-9.98|21443200|291542432.00|-9.78|-6.92|-9.98|13.53|13.56|13.99|13.53|21.44|15.03|87590438|1308803968.00|1|0.0000|0.0000|0.0000|0|15.03
索菱股份|002766|-10.07|13923000|72755056.00|-9.03|-6.60|-10.07|5.18|5.24|5.38|5.18|13.92|5.76|12235626|70924864.00|1|0.0000|0.0000|0.0000|0|5.76
先锋电子|002767|-10.03|3680100|52889364.00|-5.90|-5.90|-10.03|14.18|14.83|14.83|14.18|3.68|15.76|12537427|199050496.00|1|0.0000|0.0000|0.0000|0|15.76
国恩股份|002768|-6.84|11804812|272621760.00|-5.96|-4.12|-10.00|23.29|23.51|23.97|22.50|11.80|25.00|3465730|85873208.00|1|0.0000|0.0000|0.0000|0|25.00
普路通|002769|-9.94|4793182|31158364.00|-6.30|-4.76|-9.94|6.43|6.69|6.80|6.43|4.79|7.14|4779098|33969392.00|1|0.0000|0.0000|0.0000|0|7.14
真视通|002771|-10.01|5481000|82618696.00|-6.75|-5.55|-10.01|14.93|15.47|15.67|14.93|5.48|16.59|4738300|79043184.00|1|0.0000|0.0000|0.0000|0|16.59
众兴菌业|002772|-3.48|28806453|214628272.00|-2.67|4.95|-5.48|7.22|7.28|7.85|7.07|28.81|7.48|6540439|48716872.00|1|0.0000|0.0000|0.0000|0|7.48
康弘药业|002773|-4.90|21907285|552760960.00|-6.59|-1.73|-8.48|25.24|24.79|26.08|24.29|21.91|26.54|17491973|468035488.00|1|0.0000|0.0000|0.0000|0|26.54
快意电梯|002774|-10.05|4840688|35494908.00|-4.96|-4.22|-10.05|7.25|7.66|7.72|7.25|4.84|8.06|5080500|41011256.00|1|0.0000|0.0000|0.0000|0|8.06
文科股份|002775|-10.00|8335300|25837448.00|-5.59|-2.94|-10.00|3.06|3.21|3.30|3.06|8.34|3.40|4184080|14140584.00|1|0.0000|0.0000|0.0000|0|3.40
久远银海|002777|-10.00|8713980|142172368.00|-6.09|-4.41|-10.00|16.11|16.81|17.11|16.11|8.71|17.90|7498700|134848096.00|1|0.0000|0.0000|0.0000|0|17.90
中晟高科|002778|-10.01|5690895|89603544.00|-8.04|-3.36|-10.01|15.55|15.89|16.70|15.55|5.69|17.28|1697000|29637764.00|1|0.0000|0.0000|0.0000|0|17.28
中坚科技|002779|-10.00|1064562|93452912.00|-10.00|-7.48|-10.00|87.44|87.44|89.89|87.44|1.06|97.16|3409950|339743072.00|1|0.0000|0.0000|0.0000|0|97.16
三夫户外|002780|-9.97|4058610|41009256.00|-5.57|-5.21|-9.97|10.02|10.51|10.55|10.02|4.06|11.13|4805290|53560680.00|1|0.0000|0.0000|0.0000|0|11.13
可立克|002782|-9.99|6051400|71718688.00|-8.09|-7.25|-9.99|11.80|12.05|12.16|11.80|6.05|13.11|8241351|109010336.00|1|0.0000|0.0000|0.0000|0|13.11
凯龙股份|002783|-10.02|18252470|138021072.00|-3.42|-3.18|-10.02|7.36|7.90|7.92|7.36|18.25|8.18|8402289|68141984.00|1|0.0000|0.0000|0.0000|0|8.18
万里石|002785|-10.01|4524700|118121760.00|-5.79|-5.44|-10.01|25.79|27.00|27.10|25.79|4.52|28.66|2899230|83121560.00|1|0.0000|0.0000|0.0000|0|28.66
银宝山新|002786|-10.01|9353718|76338904.00|-5.45|-5.45|-10.01|8.09|8.50|8.50|8.09|9.35|8.99|7102518|63792712.00|1|0.0000|0.0000|0.0000|0|8.99
华源控股|002787|-10.00|9399500|74834320.00|-6.82|-6.82|-10.00|7.92|8.20|8.20|7.92|9.40|8.80|9720213|86101344.00|1|0.0000|0.0000|0.0000|0|8.80
鹭燕医药|002788|-9.92|11417085|89724808.00|-4.25|-2.60|-10.04|7.63|8.11|8.25|7.62|11.42|8.47|4677073|39524532.00|1|0.0000|0.0000|0.0000|0|8.47
*ST建艺|002789|-9.97|2755800|19401248.00|-9.97|-9.59|-9.97|7.04|7.04|7.07|7.04|2.76|7.82|11061297|86460008.00|1|0.0000|0.0000|0.0000|0|7.82
瑞尔特|002790|-9.99|4661200|33725312.00|-3.92|-3.92|-9.99|7.12|7.60|7.60|7.12|4.66|7.91|4338000|34031308.00|1|0.0000|0.0000|0.0000|0|7.91
坚朗五金|002791|-4.95|19390662|465956736.00|-4.19|-0.44|-9.22|23.81|24.00|24.94|22.74|19.39|25.05|22448538|553485504.00|1|0.0000|0.0000|0.0000|0|25.05
通宇通讯|002792|-10.00|10068715|133425040.00|-6.85|-5.82|-10.00|13.14|13.60|13.75|13.14|10.07|14.60|11663030|170700128.00|1|0.0000|0.0000|0.0000|0|14.60
罗欣药业|002793|-10.02|25677030|96890816.00|-3.42|-3.18|-10.02|3.68|3.95|3.96|3.68|25.68|4.09|30790660|125136696.00|1|0.0000|0.0000|0.0000|0|4.09
永和智控|002795|-10.00|26088556|121533096.00|-5.00|-0.80|-10.00|4.50|4.75|4.96|4.50|26.09|5.00|23361420|118789600.00|1|0.0000|0.0000|0.0000|0|5.00
世嘉科技|002796|-9.98|3059900|32753576.00|-8.12|-7.19|-9.98|10.64|10.86|10.97|10.64|3.06|11.82|5520372|65387632.00|1|0.0000|0.0000|0.0000|0|11.82
第一创业|002797|-10.03|123523035|846413504.00|-5.21|-4.01|-10.03|6.73|7.09|7.18|6.73|123.52|7.48|55257833|414366848.00|1|0.0000|0.0000|0.0000|0|7.48
帝欧水华|002798|-10.08|9675700|34164792.00|-2.84|-2.84|-10.08|3.48|3.76|3.76|3.48|9.68|3.87|6936200|26630984.00|1|0.0000|0.0000|0.0000|0|3.87
环球印务|002799|-9.96|7446097|51308272.00|-4.38|-3.72|-9.96|6.78|7.20|7.25|6.78|7.45|7.53|3935488|29568554.00|1|0.0000|0.0000|0.0000|0|7.53
天顺股份|002800|-4.13|23840686|266769776.00|-4.13|4.49|-6.33|10.90|10.90|11.88|10.65|23.84|11.37|11239514|124162416.00|1|0.0000|0.0000|0.0000|0|11.37
微光股份|002801|-9.99|680600|21649886.00|-9.99|-9.99|-9.99|31.81|31.81|31.81|31.81|0.68|35.34|11235723|413481248.00|1|0.0000|0.0000|0.0000|0|35.34
洪汇新材|002802|-9.97|4827541|63974904.00|-6.37|-3.88|-9.97|13.00|13.52|13.88|13.00|4.83|14.44|2567999|36830988.00|1|0.0000|0.0000|0.0000|0|14.44
吉宏股份|002803|-9.98|6391002|73419688.00|-7.21|-4.28|-9.98|11.37|11.72|12.09|11.37|6.39|12.63|7150539|90545992.00|1|0.0000|0.0000|0.0000|0|12.63
丰元股份|002805|-10.00|5976060|65449084.00|-3.87|-3.70|-10.00|10.71|11.44|11.46|10.71|5.98|11.90|5229316|63065176.00|1|0.0000|0.0000|0.0000|0|11.90
华锋股份|002806|-10.01|7957700|82645800.00|-6.18|-6.18|-10.01|10.34|10.78|10.78|10.34|7.96|11.49|3262200|37575892.00|1|0.0000|0.0000|0.0000|0|11.49
江阴银行|002807|-7.95|85264201|365847008.00|-2.65|-0.88|-9.93|4.17|4.41|4.49|4.08|85.26|4.53|47419621|214704704.00|1|0.0000|0.0000|0.0000|0|4.53
*ST恒久|002808|-5.08|7623372|22958888.00|-5.08|-0.95|-5.08|2.99|2.99|3.12|2.99|7.62|3.15|10208415|32217496.00|1|0.0000|0.0000|0.0000|0|3.15
红墙股份|002809|-9.98|4142300|31362464.00|-6.01|-5.65|-9.98|7.49|7.82|7.85|7.49|4.14|8.32|4598980|38018456.00|1|0.0000|0.0000|0.0000|0|8.32
山东赫达|002810|-9.96|5552500|63160824.00|-5.94|-3.86|-9.96|11.21|11.71|11.97|11.21|5.55|12.45|3896900|48645976.00|1|0.0000|0.0000|0.0000|0|12.45
郑中设计|002811|-10.04|4456850|38897320.00|-5.65|-3.87|-10.04|8.60|9.02|9.19|8.60|4.46|9.56|2713419|25905202.00|1|0.0000|0.0000|0.0000|0|9.56
恩捷股份|002812|-10.00|13738667|392002112.00|-4.42|-4.10|-10.00|27.90|29.63|29.73|27.90|13.74|31.00|5333532|165736336.00|1|0.0000|0.0000|0.0000|0|31.00
路畅科技|002813|-10.02|1639200|33854704.00|-5.12|-3.80|-10.02|20.39|21.50|21.80|20.39|1.64|22.66|960000|21765378.00|1|0.0000|0.0000|0.0000|0|22.66
崇达技术|002815|-9.96|13030983|125925792.00|-7.05|-6.20|-9.96|9.58|9.89|9.98|9.58|13.03|10.64|12086122|129919024.00|1|0.0000|0.0000|0.0000|0|10.64
*ST和科|002816|-9.98|1600300|16981278.00|-9.73|-6.57|-9.98|10.55|10.58|10.95|10.55|1.60|11.72|2304800|27141972.00|1|0.0000|0.0000|0.0000|0|11.72
黄山胶囊|002817|-9.94|6341356|39670948.00|-4.53|-4.24|-9.94|6.16|6.53|6.55|6.16|6.34|6.84|5708900|38871376.00|1|0.0000|0.0000|0.0000|0|6.84
富森美|002818|-8.60|6513308|80458856.00|-5.28|-2.57|-9.96|12.11|12.55|12.91|11.93|6.51|13.25|3834146|50632428.00|1|0.0000|0.0000|0.0000|0|13.25
东方中科|002819|-10.01|3357977|79548536.00|-4.52|-4.52|-10.01|23.28|24.70|24.70|23.28|3.36|25.87|1984000|51297512.00|1|0.0000|0.0000|0.0000|0|25.87
桂发祥|002820|-9.95|8269760|80919728.00|-3.85|-3.47|-9.95|9.59|10.24|10.28|9.59|8.27|10.65|6230422|65815268.00|1|0.0000|0.0000|0.0000|0|10.65
凯莱英|002821|-10.00|3839200|271788032.00|-5.69|-5.69|-10.00|69.95|73.30|73.30|69.95|3.84|77.72|4611751|365142432.00|1|0.0000|0.0000|0.0000|0|77.72
*ST中装|002822|-5.01|3788500|12218334.00|-5.01|-2.06|-5.01|3.22|3.22|3.32|3.22|3.79|3.39|4305783|14651062.00|1|0.0000|0.0000|0.0000|0|3.39
凯中精密|002823|-9.97|6103200|79344384.00|-7.18|-6.13|-9.97|12.92|13.32|13.47|12.92|6.10|14.35|8450248|122730520.00|1|0.0000|0.0000|0.0000|0|14.35
和胜股份|002824|-10.01|4724626|69443184.00|-8.09|-4.94|-10.01|14.57|14.88|15.39|14.57|4.72|16.19|3784944|61349516.00|1|0.0000|0.0000|0.0000|0|16.19
纳尔股份|002825|-9.99|5200964|40393228.00|-5.64|-4.58|-9.99|7.66|8.03|8.12|7.66|5.20|8.51|4188180|35614564.00|1|0.0000|0.0000|0.0000|0|8.51
易明医药|002826|-9.96|4826900|48980856.00|-3.95|-3.95|-9.96|10.03|10.70|10.70|10.03|4.83|11.14|4289400|47988424.00|1|0.0000|0.0000|0.0000|0|11.14
高争民爆|002827|-10.02|8489370|203986400.00|-6.47|-2.07|-10.02|23.09|24.00|25.13|23.09|8.49|25.66|7417800|189790064.00|1|0.0000|0.0000|0.0000|0|25.66
贝肯能源|002828|-9.94|7241700|55688732.00|-5.33|-5.09|-9.94|7.61|8.00|8.02|7.61|7.24|8.45|6012900|50657616.00|1|0.0000|0.0000|0.0000|0|8.45
星网宇达|002829|-9.99|6311800|103082840.00|-8.55|-4.55|-9.99|16.21|16.47|17.19|16.21|6.31|18.01|4990340|90088016.00|1|0.0000|0.0000|0.0000|0|18.01
名雕股份|002830|-9.97|2519400|28994846.00|-6.20|-5.81|-9.97|11.47|11.95|12.00|11.47|2.52|12.74|1341100|16938428.00|1|0.0000|0.0000|0.0000|0|12.74
裕同科技|002831|-10.00|9835819|210850416.00|-5.11|-3.96|-10.00|21.14|22.29|22.56|21.14|9.84|23.49|13663029|324383424.00|1|0.0000|0.0000|0.0000|0|23.49
比音勒芬|002832|-9.99|14101345|243364688.00|-4.38|-4.38|-9.99|16.85|17.90|17.90|16.85|14.10|18.72|5674300|106495992.00|1|0.0000|0.0000|0.0000|0|18.72
弘亚数控|002833|-9.98|6129776|100085184.00|-5.85|-5.85|-9.98|16.15|16.89|16.89|16.15|6.13|17.94|6951280|126242880.00|1|0.0000|0.0000|0.0000|0|17.94
同为股份|002835|-10.00|2101800|35684440.00|-10.00|-5.32|-10.00|16.92|16.92|17.80|16.92|2.10|18.80|4056600|76943592.00|1|0.0000|0.0000|0.0000|0|18.80
新宏泽|002836|-9.94|4188700|31047510.00|-4.05|-3.07|-9.94|7.34|7.82|7.90|7.34|4.19|8.15|3201400|25821224.00|1|0.0000|0.0000|0.0000|0|8.15
英维克|002837|-10.00|11768262|397111040.00|-9.97|-7.78|-10.00|33.67|33.68|34.50|33.67|11.77|37.41|16641365|629545472.00|1|0.0000|0.0000|0.0000|0|37.41
道恩股份|002838|-9.98|6507820|91693992.00|-9.98|-8.25|-9.98|14.07|14.07|14.34|14.07|6.51|15.63|24580637|391754016.00|1|0.0000|0.0000|0.0000|0|15.63
张家港行|002839|-8.74|86979347|356238336.00|-2.30|-2.30|-9.66|3.97|4.25|4.25|3.93|86.98|4.35|33799460|147102352.00|1|0.0000|0.0000|0.0000|0|4.35
华统股份|002840|-10.03|34314880|374662560.00|-1.50|2.02|-10.03|10.23|11.20|11.60|10.23|34.31|11.37|14115840|159901904.00|1|0.0000|0.0000|0.0000|0|11.37
视源股份|002841|-9.99|5043000|172621872.00|-7.25|-5.54|-9.99|33.77|34.80|35.44|33.77|5.04|37.52|3292986|124688912.00|1|0.0000|0.0000|0.0000|0|37.52
翔鹭钨业|002842|-10.00|6558822|42961908.00|-5.83|-5.83|-10.00|6.48|6.78|6.78|6.48|6.56|7.20|11435700|82680672.00|1|0.0000|0.0000|0.0000|0|7.20
泰嘉股份|002843|-10.00|5066700|102256896.00|-9.96|-4.57|-10.00|20.07|20.08|21.28|20.07|5.07|22.30|7538500|169223168.00|1|0.0000|0.0000|0.0000|0|22.30
同兴达|002845|-8.68|14971024|204831552.00|-6.86|-4.24|-10.02|13.58|13.85|14.24|13.38|14.97|14.87|5183777|77162232.00|1|0.0000|0.0000|0.0000|0|14.87
英联股份|002846|-10.03|6928200|55295896.00|-5.36|-5.25|-10.03|7.89|8.30|8.31|7.89|6.93|8.77|6376700|56147004.00|1|0.0000|0.0000|0.0000|0|8.77
盐津铺子|002847|-3.82|7282572|506944768.00|-3.16|0.00|-10.00|70.02|70.50|72.80|65.52|7.28|72.80|5847470|411279456.00|1|0.0000|0.0000|0.0000|0|72.80
*ST高斯|002848|-10.00|7024700|35608168.00|-7.68|-6.25|-10.00|5.04|5.17|5.25|5.04|7.02|5.60|7012200|39128336.00|1|0.0000|0.0000|0.0000|0|5.60
威星智能|002849|-10.03|3077360|42513960.00|-9.50|-5.05|-10.03|13.73|13.81|14.49|13.73|3.08|15.26|3048200|46151116.00|1|0.0000|0.0000|0.0000|0|15.26
科达利|002850|-10.00|1717300|184270336.00|-9.30|-5.50|-10.00|106.19|107.02|111.50|106.19|1.72|117.99|2786684|333336672.00|1|0.0000|0.0000|0.0000|0|117.99
麦格米特|002851|-9.99|2512000|128312960.00|-9.99|-9.99|-9.99|51.08|51.08|51.08|51.08|2.51|56.75|35630726|2071258752.00|1|0.0000|0.0000|0.0000|0|56.75
道道全|002852|-10.01|13447100|115661008.00|-1.52|-0.44|-10.01|8.27|9.05|9.15|8.27|13.45|9.19|8031324|73384152.00|1|0.0000|0.0000|0.0000|0|9.19
皮阿诺|002853|-9.99|2357250|30268876.00|-5.17|-5.17|-9.99|12.71|13.39|13.39|12.71|2.36|14.12|3035500|42815392.00|1|0.0000|0.0000|0.0000|0|14.12
捷荣技术|002855|-9.97|2100800|34471736.00|-3.60|-3.60|-9.97|16.25|17.40|17.40|16.25|2.10|18.05|1835200|33207526.00|1|0.0000|0.0000|0.0000|0|18.05
美芝股份|002856|-10.05|4549700|34911976.00|-6.62|-5.44|-10.05|7.61|7.90|8.00|7.61|4.55|8.46|3479720|29279786.00|1|0.0000|0.0000|0.0000|0|8.46
三晖电气|002857|-10.01|5798741|81605472.00|-7.02|-0.07|-10.01|13.58|14.03|15.08|13.58|5.80|15.09|2753500|41519080.00|1|0.0000|0.0000|0.0000|0|15.09
力盛体育|002858|-9.97|7476301|78490136.00|-8.15|-4.68|-9.97|10.39|10.60|11.00|10.39|7.48|11.54|3436800|39620364.00|1|0.0000|0.0000|0.0000|0|11.54
洁美科技|002859|-9.97|4866179|87074152.00|-5.90|-5.09|-9.97|17.69|18.49|18.65|17.69|4.87|19.65|5440427|107833888.00|1|0.0000|0.0000|0.0000|0|19.65
星帅尔|002860|-9.98|14624677|136712496.00|-5.91|-5.23|-9.98|9.29|9.71|9.78|9.29|14.62|10.32|14879922|155279312.00|1|0.0000|0.0000|0.0000|0|10.32
瀛通通讯|002861|-9.99|3591000|42838776.00|-9.92|-7.65|-9.99|11.89|11.90|12.20|11.89|3.59|13.21|14632830|194668368.00|1|0.0000|0.0000|0.0000|0|13.21
实丰文化|002862|-10.00|877900|20929136.00|-10.00|-10.00|-10.00|23.84|23.84|23.84|23.84|0.88|26.49|8024309|216077760.00|1|0.0000|0.0000|0.0000|0|26.49
今飞凯达|002863|-10.02|9669000|46129948.00|-10.02|-7.75|-10.02|4.76|4.76|4.88|4.76|9.67|5.29|43489537|233659104.00|1|0.0000|0.0000|0.0000|0|5.29
盘龙药业|002864|-10.00|4872583|127159704.00|-4.56|-3.32|-10.00|25.47|27.01|27.36|25.47|4.87|28.30|3143899|88788832.00|1|0.0000|0.0000|0.0000|0|28.30
钧达股份|002865|-10.01|3129540|127338864.00|-7.77|-6.17|-10.01|40.28|41.28|42.00|40.28|3.13|44.76|6549504|294413472.00|1|0.0000|0.0000|0.0000|0|44.76
传艺科技|002866|-10.00|3833500|54957552.00|-8.73|-5.63|-10.00|14.22|14.42|14.91|14.22|3.83|15.80|3176000|50382252.00|1|0.0000|0.0000|0.0000|0|15.80
周大生|002867|-7.77|13598359|172326064.00|-3.74|-1.94|-9.42|12.34|12.88|13.12|12.12|13.60|13.38|8536954|114804848.00|1|0.0000|0.0000|0.0000|0|13.38
*ST绿康|002868|-9.99|4928030|75740624.00|-1.66|-1.66|-9.99|14.68|16.04|16.04|14.68|4.93|16.31|3090000|50173856.00|1|0.0000|0.0000|0.0000|0|16.31
金溢科技|002869|-10.01|2918300|70578976.00|-4.78|-4.67|-10.01|23.91|25.30|25.33|23.91|2.92|26.57|2888150|76957480.00|1|0.0000|0.0000|0.0000|0|26.57
香山股份|002870|-9.99|2195500|67107840.00|-5.72|-5.72|-9.99|30.36|31.80|31.80|30.36|2.20|33.73|2469000|84163296.00|1|0.0000|0.0000|0.0000|0|33.73
伟隆股份|002871|-10.02|2843500|25199656.00|-6.95|-5.01|-10.02|8.80|9.10|9.29|8.80|2.84|9.78|2198163|21400962.00|1|0.0000|0.0000|0.0000|0|9.78
ST天圣|002872|-5.07|777750|3063376.50|-4.11|-4.11|-5.07|3.93|3.97|3.97|3.93|0.78|4.14|810000|3359234.00|1|0.0000|0.0000|0.0000|0|4.14
新天药业|002873|-10.03|6068651|52535684.00|-3.06|-3.06|-10.03|8.52|9.18|9.18|8.52|6.07|9.47|5084870|48418648.00|1|0.0000|0.0000|0.0000|0|9.47
安奈儿|002875|-9.99|4536700|52557216.00|-5.59|-5.59|-9.99|11.44|12.00|12.00|11.44|4.54|12.71|6630025|84259920.00|1|0.0000|0.0000|0.0000|0|12.71
三利谱|002876|-9.98|3079110|73888848.00|-6.01|-6.01|-9.98|23.80|24.85|24.85|23.80|3.08|26.44|3444642|91003432.00|1|0.0000|0.0000|0.0000|0|26.44
智能自控|002877|-10.02|6689440|51306736.00|-7.43|-6.96|-10.02|7.63|7.85|7.89|7.63|6.69|8.48|8639372|73879304.00|1|0.0000|0.0000|0.0000|0|8.48
元隆雅图|002878|-9.99|4663200|61500692.00|-6.40|-5.99|-9.99|13.07|13.59|13.65|13.07|4.66|14.52|2959200|43150168.00|1|0.0000|0.0000|0.0000|0|14.52
长缆科技|002879|-10.01|3338000|51002704.00|-6.56|-5.60|-10.01|15.10|15.68|15.84|15.10|3.34|16.78|2251340|37728136.00|1|0.0000|0.0000|0.0000|0|16.78
卫光生物|002880|9.99|12568799|381742912.00|8.11|9.99|2.16|30.51|29.99|30.51|28.34|12.57|27.74|917960|25434628.00|1|0.0000|0.0000|0.0000|0|27.74
美格智能|002881|-9.99|4298036|175310976.00|-9.99|-6.73|-9.99|40.64|40.64|42.11|40.64|4.30|45.15|8900224|406435040.00|1|0.0000|0.0000|0.0000|0|45.15
金龙羽|002882|-10.01|6364500|101080392.00|-9.89|-7.90|-10.01|15.83|15.85|16.20|15.83|6.36|17.59|14903241|264434064.00|1|0.0000|0.0000|0.0000|0|17.59
中设股份|002883|-10.01|4320240|41343708.00|-4.39|-3.34|-10.01|9.44|10.03|10.14|9.44|4.32|10.49|2396200|25123472.00|1|0.0000|0.0000|0.0000|0|10.49
凌霄泵业|002884|-9.98|6432152|101995096.00|-7.11|-5.79|-9.98|15.70|16.20|16.43|15.70|6.43|17.44|8465165|148758944.00|1|0.0000|0.0000|0.0000|0|17.44
京泉华|002885|-10.01|7135320|87228800.00|-8.97|-6.00|-10.01|12.14|12.28|12.68|12.14|7.14|13.49|6044420|81682648.00|1|0.0000|0.0000|0.0000|0|13.49
沃特股份|002886|-9.99|6602115|110210000.00|-8.90|-6.13|-9.99|16.58|16.78|17.29|16.58|6.60|18.42|6490275|120837528.00|1|0.0000|0.0000|0.0000|0|18.42
绿茵生态|002887|-9.97|4784030|32033656.00|-3.83|-3.83|-9.97|6.59|7.04|7.04|6.59|4.78|7.32|3015000|22013106.00|1|0.0000|0.0000|0.0000|0|7.32
惠威科技|002888|-9.99|2306200|36180868.00|-6.82|-6.82|-9.99|15.58|16.13|16.13|15.58|2.31|17.31|1705389|29407680.00|1|0.0000|0.0000|0.0000|0|17.31
东方嘉盛|002889|-9.99|6454570|131241576.00|-4.93|-2.76|-9.99|19.91|21.03|21.51|19.91|6.45|22.12|13080396|287631424.00|1|0.0000|0.0000|0.0000|0|22.12
弘宇股份|002890|-9.97|2953050|29044286.00|-4.89|-3.97|-9.97|9.75|10.30|10.40|9.75|2.95|10.83|2099792|22728738.00|1|0.0000|0.0000|0.0000|0|10.83
中宠股份|002891|-10.00|8162199|317542048.00|-5.57|-0.90|-10.00|36.98|38.80|40.72|36.98|8.16|41.09|10119955|407928256.00|1|0.0000|0.0000|0.0000|0|41.09
科力尔|002892|-9.99|12867116|188384480.00|-7.13|-5.71|-9.99|14.51|14.97|15.20|14.51|12.87|16.12|15238793|248563376.00|1|0.0000|0.0000|0.0000|0|16.12
京能热力|002893|-9.96|6518429|60319112.00|-3.35|-3.35|-9.96|9.13|9.80|9.80|9.13|6.52|10.14|4616300|46694996.00|1|0.0000|0.0000|0.0000|0|10.14
川恒股份|002895|-8.42|10419694|237992928.00|-5.16|-1.53|-9.99|22.19|22.98|23.86|21.81|10.42|24.23|5459741|131842984.00|1|0.0000|0.0000|0.0000|0|24.23
中大力德|002896|-9.99|3126000|234797568.00|-9.99|-6.32|-9.99|74.75|74.75|77.80|74.75|3.13|83.05|9315743|786699072.00|1|0.0000|0.0000|0.0000|0|83.05
意华股份|002897|-10.00|4661700|173880304.00|-6.95|-5.37|-10.00|36.90|38.15|38.80|36.90|4.66|41.00|3856931|158728640.00|1|0.0000|0.0000|0.0000|0|41.00
*ST赛隆|002898|-9.99|4726850|34050380.00|-4.55|-4.55|-9.99|7.12|7.55|7.55|7.12|4.73|7.91|3379920|26730872.00|1|0.0000|0.0000|0.0000|0|7.91
英派斯|002899|-10.01|956800|18313152.00|-10.01|-10.01|-10.01|19.14|19.14|19.14|19.14|0.96|21.27|5496900|118694080.00|1|0.0000|0.0000|0.0000|0|21.27
哈三联|002900|2.32|63498041|912944448.00|4.71|10.01|0.07|13.70|14.02|14.73|13.40|63.50|13.39|8969490|120101472.00|1|0.0000|0.0000|0.0000|0|13.39
大博医疗|002901|-8.47|3423287|115866880.00|-6.04|-0.06|-10.01|32.74|33.61|35.75|32.19|3.42|35.77|2142194|76490056.00|1|0.0000|0.0000|0.0000|0|35.77
铭普光磁|002902|-9.99|4849593|82488520.00|-3.90|-3.90|-9.99|16.85|17.99|17.99|16.85|4.85|18.72|4250244|79771224.00|1|0.0000|0.0000|0.0000|0|18.72
宇环数控|002903|-9.98|15430496|303576032.00|-9.69|-0.57|-9.98|18.95|19.01|20.93|18.95|15.43|21.05|16899450|358546848.00|1|0.0000|0.0000|0.0000|0|21.05
金逸影视|002905|-9.99|9482400|66746280.00|-4.67|-4.67|-9.99|6.94|7.35|7.35|6.94|9.48|7.71|9923100|76238424.00|1|0.0000|0.0000|0.0000|0|7.71
华阳集团|002906|-10.00|6485680|190987200.00|-7.69|-7.63|-10.00|29.25|30.00|30.02|29.25|6.49|32.50|12005112|395882080.00|1|0.0000|0.0000|0.0000|0|32.50
华森制药|002907|-10.00|8396155|109715472.00|-5.67|-2.98|-10.00|12.69|13.30|13.68|12.69|8.40|14.10|6776933|95511840.00|1|0.0000|0.0000|0.0000|0|14.10
德生科技|002908|-10.03|8711444|71025512.00|-4.35|-4.35|-10.03|8.07|8.58|8.58|8.07|8.71|8.97|9154184|82370400.00|1|0.0000|0.0000|0.0000|0|8.97
集泰股份|002909|-10.07|8408700|44808896.00|-6.83|-4.95|-10.07|5.27|5.46|5.57|5.27|8.41|5.86|10410900|60487040.00|1|0.0000|0.0000|0.0000|0|5.86
庄园牧场|002910|-10.00|8925200|71136752.00|-2.87|-2.87|-10.00|7.83|8.45|8.45|7.83|8.93|8.70|5493300|47444692.00|1|0.0000|0.0000|0.0000|0|8.70
佛燃能源|002911|-7.96|9791310|103419664.00|-2.74|-2.48|-9.99|10.41|11.00|11.03|10.18|9.79|11.31|3087826|34809540.00|1|0.0000|0.0000|0.0000|0|11.31
中新赛克|002912|-9.99|2218700|53701900.00|-9.28|-6.14|-9.99|24.06|24.25|25.09|24.06|2.22|26.73|2781700|75080304.00|1|0.0000|0.0000|0.0000|0|26.73
奥士康|002913|-10.00|1834900|42616984.00|-6.25|-6.25|-10.00|23.04|24.00|24.00|23.04|1.83|25.60|3501617|90111144.00|1|0.0000|0.0000|0.0000|0|25.60
中欣氟材|002915|-10.00|6817113|79340008.00|-4.61|-4.45|-10.00|11.52|12.21|12.23|11.52|6.82|12.80|4708020|60569200.00|1|0.0000|0.0000|0.0000|0|12.80
深南电路|002916|-10.00|8017710|886745984.00|-9.71|-7.35|-10.00|109.65|110.00|112.88|109.65|8.02|121.83|9972677|1224617216.00|1|0.0000|0.0000|0.0000|0|121.83
金奥博|002917|-9.98|11516000|136205104.00|-6.37|-5.30|-9.98|11.72|12.19|12.33|11.72|11.52|13.02|15547200|203118352.00|1|0.0000|0.0000|0.0000|0|13.02
蒙娜丽莎|002918|-10.04|12877600|125325280.00|-5.53|-5.35|-10.04|9.59|10.07|10.09|9.59|12.88|10.66|21765899|228504656.00|1|0.0000|0.0000|0.0000|0|10.66
名臣健康|002919|-10.00|4257385|63658048.00|-6.65|-3.78|-10.00|14.76|15.31|15.78|14.76|4.26|16.40|4046426|66348880.00|1|0.0000|0.0000|0.0000|0|16.40
德赛西威|002920|-10.00|6507624|630146816.00|-9.98|-5.95|-10.00|95.70|95.72|100.00|95.70|6.51|106.33|6962898|747644160.00|1|0.0000|0.0000|0.0000|0|106.33
联诚精密|002921|-9.96|2160372|26748084.00|-5.05|-5.05|-9.96|12.29|12.96|12.96|12.29|2.16|13.65|3923518|53808968.00|1|0.0000|0.0000|0.0000|0|13.65
伊戈尔|002922|-10.01|11528300|182088336.00|-9.95|-5.61|-10.01|15.73|15.74|16.50|15.73|11.53|17.48|23423097|418022624.00|1|0.0000|0.0000|0.0000|0|17.48
润都股份|002923|-9.99|2489700|43519956.00|-9.99|-9.99|-9.99|17.48|17.48|17.48|17.48|2.49|19.42|60319055|1150414208.00|1|0.0000|0.0000|0.0000|0|19.42
盈趣科技|002925|-10.02|6030880|83341280.00|-9.63|-6.61|-10.02|13.74|13.80|14.26|13.74|6.03|15.27|7352602|113343352.00|1|0.0000|0.0000|0.0000|0|15.27
华西证券|002926|-9.94|44716400|364108576.00|-5.08|-3.62|-9.94|7.97|8.40|8.53|7.97|44.72|8.85|32608800|287435680.00|1|0.0000|0.0000|0.0000|0|8.85
泰永长征|002927|-10.00|7631963|98222032.00|-7.75|-6.20|-10.00|12.78|13.10|13.32|12.78|7.63|14.20|9152768|130941936.00|1|0.0000|0.0000|0.0000|0|14.20
华夏航空|002928|-6.93|25528525|180315536.00|-2.53|-0.67|-10.00|6.98|7.31|7.45|6.75|25.53|7.50|8939587|67092372.00|1|0.0000|0.0000|0.0000|0|7.50
润建股份|002929|-10.01|3304579|156309056.00|-9.99|-7.04|-10.01|47.03|47.04|48.58|47.03|3.30|52.26|10081737|529921184.00|1|0.0000|0.0000|0.0000|0|52.26
宏川智慧|002930|-9.98|11081063|111455248.00|-5.54|-3.45|-9.98|9.92|10.41|10.64|9.92|11.08|11.02|7875562|86754952.00|1|0.0000|0.0000|0.0000|0|11.02
锋龙股份|002931|-9.98|4155300|68132224.00|-9.98|-3.14|-9.98|16.32|16.32|17.56|16.32|4.16|18.13|4874258|87885016.00|1|0.0000|0.0000|0.0000|0|18.13
明德生物|002932|-10.01|3833206|66027656.00|-2.56|-2.56|-10.01|16.90|18.30|18.30|16.90|3.83|18.78|1383635|26005416.00|1|0.0000|0.0000|0.0000|0|18.78
新兴装备|002933|-10.01|4553439|141109344.00|-1.40|-1.40|-10.01|30.29|33.19|33.19|30.29|4.55|33.66|7804001|265445488.00|1|0.0000|0.0000|0.0000|0|33.66
天奥电子|002935|-10.02|9841914|130216568.00|-4.63|-4.42|-10.02|13.02|13.80|13.83|13.02|9.84|14.47|17793884|260703616.00|1|0.0000|0.0000|0.0000|0|14.47
郑州银行|002936|-8.72|173802159|318722400.00|-2.05|-1.54|-9.74|1.78|1.91|1.92|1.76|173.80|1.95|74471889|144900752.00|1|0.0000|0.0000|0.0000|0|1.95
兴瑞科技|002937|-10.00|2114200|36212848.00|-8.04|-5.98|-10.00|17.01|17.38|17.77|17.01|2.11|18.90|4085200|78187744.00|1|0.0000|0.0000|0.0000|0|18.90
鹏鼎控股|002938|-10.01|3908100|117399328.00|-10.01|-10.01|-10.01|30.04|30.04|30.04|30.04|3.91|33.38|38094476|1308527360.00|1|0.0000|0.0000|0.0000|0|33.38
长城证券|002939|-10.04|50109000|377340832.00|-3.92|-3.79|-10.04|7.35|7.85|7.86|7.35|50.11|8.17|20601222|168371792.00|1|0.0000|0.0000|0.0000|0|8.17
昂利康|002940|-10.01|4787463|62086600.00|-5.43|-3.52|-10.01|12.77|13.42|13.69|12.77|4.79|14.19|4633390|66027348.00|1|0.0000|0.0000|0.0000|0|14.19
新疆交建|002941|-10.00|12890732|131462896.00|-4.27|-2.64|-10.00|9.90|10.53|10.71|9.90|12.89|11.00|8072132|88618648.00|1|0.0000|0.0000|0.0000|0|11.00
新农股份|002942|-10.01|2283410|32913956.00|-5.48|-3.27|-10.01|14.30|15.02|15.37|14.30|2.28|15.89|1324810|20898888.00|1|0.0000|0.0000|0.0000|0|15.89
宇晶股份|002943|-10.00|11833296|271904288.00|-4.94|-1.90|-10.00|22.22|23.47|24.22|22.22|11.83|24.69|8301283|203655568.00|1|0.0000|0.0000|0.0000|0|24.69
华林证券|002945|-9.92|26460006|348593280.00|-5.66|-2.94|-9.99|12.89|13.50|13.89|12.88|26.46|14.31|17293241|248652256.00|1|0.0000|0.0000|0.0000|0|14.31
新乳业|002946|-4.31|11965600|174606592.00|-4.31|0.93|-7.62|14.44|14.44|15.23|13.94|11.97|15.09|7620900|114305848.00|1|0.0000|0.0000|0.0000|0|15.09
恒铭达|002947|-10.00|1382400|42660864.00|-10.00|-10.00|-10.00|30.86|30.86|30.86|30.86|1.38|34.29|16081725|567618688.00|1|0.0000|0.0000|0.0000|0|34.29
青岛银行|002948|-8.04|68242562|271627680.00|-3.07|-2.13|-9.93|3.89|4.10|4.14|3.81|68.24|4.23|24530865|103530320.00|1|0.0000|0.0000|0.0000|0|4.23
华阳国际|002949|-10.01|3260000|51011792.00|-3.65|-3.59|-10.01|15.28|16.36|16.37|15.28|3.26|16.98|1743800|29578552.00|1|0.0000|0.0000|0.0000|0|16.98
奥美医疗|002950|-10.04|7230900|61363712.00|-3.89|-3.89|-10.04|8.33|8.90|8.90|8.33|7.23|9.26|4755300|43927616.00|1|0.0000|0.0000|0.0000|0|9.26
金时科技|002951|-5.03|874100|5957733.00|-1.12|-1.12|-5.03|6.79|7.07|7.07|6.79|0.87|7.15|209100|1488306.00|1|0.0000|0.0000|0.0000|0|7.15
亚世光电|002952|-10.00|2608500|43747824.00|-8.11|-7.03|-10.00|16.65|17.00|17.20|16.65|2.61|18.50|2939300|54587952.00|1|0.0000|0.0000|0.0000|0|18.50
日丰股份|002953|-10.00|9904897|96034016.00|-8.88|-6.45|-10.00|9.63|9.75|10.01|9.63|9.90|10.70|7454782|79803496.00|1|0.0000|0.0000|0.0000|0|10.70
鸿合科技|002955|-10.01|2675540|58816792.00|-10.01|-7.47|-10.01|21.93|21.93|22.55|21.93|2.68|24.37|3795387|93249888.00|1|0.0000|0.0000|0.0000|0|24.37
西麦食品|002956|-10.00|5772924|91753360.00|-2.87|-1.64|-10.00|15.39|16.61|16.82|15.39|5.77|17.10|3636320|61999492.00|1|0.0000|0.0000|0.0000|0|17.10
科瑞技术|002957|-10.00|7966900|113790160.00|-5.22|-5.16|-10.00|14.13|14.88|14.89|14.13|7.97|15.70|4226800|66840504.00|1|0.0000|0.0000|0.0000|0|15.70
青农商行|002958|-7.26|125567084|377067392.00|-1.89|-1.89|-9.15|2.94|3.11|3.11|2.88|125.57|3.17|58410012|184747264.00|1|0.0000|0.0000|0.0000|0|3.17
小熊电器|002959|-9.99|2334769|92347032.00|-4.00|-3.65|-9.99|38.91|41.50|41.65|38.91|2.33|43.23|1378600|59883080.00|1|0.0000|0.0000|0.0000|0|43.23
青鸟消防|002960|-9.97|14038049|152260176.00|-6.45|-5.70|-9.97|10.75|11.17|11.26|10.75|14.04|11.94|7688372|92328592.00|1|0.0000|0.0000|0.0000|0|11.94
瑞达期货|002961|-10.01|14105020|220984960.00|-7.05|-3.44|-10.01|15.19|15.69|16.30|15.19|14.11|16.88|25503859|426960416.00|1|0.0000|0.0000|0.0000|0|16.88
五方光电|002962|-10.01|7165352|102248200.00|-7.84|-5.61|-10.01|14.11|14.45|14.80|14.11|7.17|15.68|5812180|91682336.00|1|0.0000|0.0000|0.0000|0|15.68
豪尔赛|002963|-9.99|2286900|23560520.00|-6.01|-5.39|-9.99|10.18|10.63|10.70|10.18|2.29|11.31|1841700|20785552.00|1|0.0000|0.0000|0.0000|0|11.31
祥鑫科技|002965|-9.99|2610100|117025240.00|-9.99|-8.66|-9.99|44.78|44.78|45.44|44.78|2.61|49.75|13138651|659243904.00|1|0.0000|0.0000|0.0000|0|49.75
苏州银行|002966|-5.15|80755388|632047360.00|-2.21|-1.60|-7.36|7.73|7.97|8.02|7.55|80.76|8.15|61862442|500923264.00|1|0.0000|0.0000|0.0000|0|8.15
广电计量|002967|-9.57|20386517|408113536.00|-5.68|-2.49|-9.99|19.28|20.11|20.79|19.19|20.39|21.32|14223278|303302880.00|1|0.0000|0.0000|0.0000|0|21.32
新大正|002968|-10.00|3723725|32515360.00|-3.47|-3.47|-10.00|8.55|9.17|9.17|8.55|3.72|9.50|2330380|22090734.00|1|0.0000|0.0000|0.0000|0|9.50
嘉美包装|002969|-10.09|23287040|73889472.00|-4.32|-3.46|-10.09|3.12|3.32|3.35|3.12|23.29|3.47|14143805|48624188.00|1|0.0000|0.0000|0.0000|0|3.47
锐明技术|002970|-10.01|1467400|68008800.00|-10.01|-8.86|-10.01|46.31|46.31|46.90|46.31|1.47|51.46|7284345|381622208.00|1|0.0000|0.0000|0.0000|0|51.46
和远气体|002971|-9.97|5191910|94934920.00|-7.46|-4.43|-9.97|17.87|18.37|18.97|17.87|5.19|19.85|8563820|168780608.00|1|0.0000|0.0000|0.0000|0|19.85
科安达|002972|-10.01|4576240|47970260.00|-5.57|-4.96|-10.01|10.34|10.85|10.92|10.34|4.58|11.49|10869014|125570872.00|1|0.0000|0.0000|0.0000|0|11.49
侨银股份|002973|-9.97|2887800|31153794.00|-5.41|-4.05|-9.97|10.66|11.20|11.36|10.66|2.89|11.84|2891298|34332948.00|1|0.0000|0.0000|0.0000|0|11.84
博杰股份|002975|-9.99|2095410|64179712.00|-8.51|-5.43|-9.99|30.36|30.86|31.90|30.36|2.10|33.73|4232276|145373216.00|1|0.0000|0.0000|0.0000|0|33.73
瑞玛精密|002976|-10.02|1546100|29288332.00|-5.90|-5.56|-10.02|18.77|19.63|19.70|18.77|1.55|20.86|1489300|31286420.00|1|0.0000|0.0000|0.0000|0|20.86
天箭科技|002977|-10.00|1864288|46337044.00|-4.80|-3.73|-10.00|24.39|25.80|26.09|24.39|1.86|27.10|825080|22290462.00|1|0.0000|0.0000|0.0000|0|27.10
安宁股份|002978|-10.01|4242785|128085464.00|-6.02|-5.17|-10.01|29.59|30.90|31.18|29.59|4.24|32.88|2323476|75788256.00|1|0.0000|0.0000|0.0000|0|32.88
雷赛智能|002979|-10.00|3521900|145566944.00|-10.00|-8.34|-10.00|41.23|41.23|41.99|41.23|3.52|45.81|13543500|633130624.00|1|0.0000|0.0000|0.0000|0|45.81
华盛昌|002980|-10.00|1667600|40379232.00|-8.24|-5.43|-10.00|24.04|24.51|25.26|24.04|1.67|26.71|2136200|57428452.00|1|0.0000|0.0000|0.0000|0|26.71
朝阳科技|002981|-10.00|1278200|25347640.00|-7.53|-5.21|-10.00|19.71|20.25|20.76|19.71|1.28|21.90|1402140|30773704.00|1|0.0000|0.0000|0.0000|0|21.90
湘佳股份|002982|9.99|25858401|589421888.00|4.45|9.99|1.64|23.46|22.28|23.46|21.68|25.86|21.33|11252494|235984256.00|1|0.0000|0.0000|0.0000|0|21.33
芯瑞达|002983|-10.02|1930816|30720688.00|-3.84|-3.84|-10.02|15.72|16.80|16.80|15.72|1.93|17.47|1154837|20191422.00|1|0.0000|0.0000|0.0000|0|17.47
森麒麟|002984|-9.98|14095916|291769664.00|-8.98|-6.83|-9.98|20.56|20.79|21.28|20.56|14.10|22.84|25153303|580662144.00|1|0.0000|0.0000|0.0000|0|22.84
北摩高科|002985|-9.98|5303145|120163008.00|-5.51|-1.03|-9.98|21.91|23.00|24.09|21.91|5.30|24.34|2483335|60737140.00|1|0.0000|0.0000|0.0000|0|24.34
宇新股份|002986|-9.95|6483916|65680276.00|-4.71|-4.71|-9.95|9.95|10.53|10.53|9.95|6.48|11.05|2745712|30226778.00|1|0.0000|0.0000|0.0000|0|11.05
京北方|002987|-10.01|11464959|193031536.00|-6.27|-4.27|-10.01|16.64|17.33|17.70|16.64|11.46|18.49|11229610|207945616.00|1|0.0000|0.0000|0.0000|0|18.49
豪美新材|002988|-10.00|5001017|109110536.00|-8.83|-6.10|-10.00|21.70|21.98|22.64|21.70|5.00|24.11|3707886|89221288.00|1|0.0000|0.0000|0.0000|0|24.11
中天精装|002989|-10.00|6704288|175854592.00|-6.43|-3.29|-10.00|25.46|26.47|27.36|25.46|6.70|28.29|10043386|279227328.00|1|0.0000|0.0000|0.0000|0|28.29
盛视科技|002990|-9.99|3511500|93829040.00|-5.92|-4.52|-9.99|26.31|27.50|27.91|26.31|3.51|29.23|3929789|115432688.00|1|0.0000|0.0000|0.0000|0|29.23
甘源食品|002991|-8.65|2285800|163949280.00|-5.23|-0.79|-9.99|69.74|72.35|75.74|68.71|2.29|76.34|2740610|208593536.00|1|0.0000|0.0000|0.0000|0|76.34
宝明科技|002992|-10.00|1690700|110115480.00|-10.00|-3.81|-10.00|64.73|64.73|69.18|64.73|1.69|71.92|1783100|127086784.00|1|0.0000|0.0000|0.0000|0|71.92
奥海科技|002993|-10.01|1874807|64397028.00|-9.71|-5.94|-10.01|34.09|34.20|35.63|34.09|1.87|37.88|5529831|213879152.00|1|0.0000|0.0000|0.0000|0|37.88
天地在线|002995|-9.98|2343500|39702936.00|-6.12|-5.31|-9.98|16.78|17.50|17.65|16.78|2.34|18.64|2238096|41990264.00|1|0.0000|0.0000|0.0000|0|18.64
顺博合金|002996|-10.00|15109400|90881096.00|-4.70|-3.48|-10.00|5.94|6.29|6.37|5.94|15.11|6.60|15040097|99764328.00|1|0.0000|0.0000|0.0000|0|6.60
瑞鹄模具|002997|-10.00|4768692|167513584.00|-9.72|-6.19|-10.00|34.92|35.03|36.40|34.92|4.77|38.80|5630992|222132480.00|1|0.0000|0.0000|0.0000|0|38.80
优彩资源|002998|-10.00|5365800|32742706.00|-5.82|-4.48|-10.00|6.03|6.31|6.40|6.03|5.37|6.70|3587300|23974956.00|1|0.0000|0.0000|0.0000|0|6.70
天禾股份|002999|-10.05|16848524|98290040.00|-3.99|-2.39|-10.05|5.64|6.02|6.12|5.64|16.85|6.27|5946700|36952280.00|1|0.0000|0.0000|0.0000|0|6.27
劲仔食品|003000|-5.11|26101221|327188864.00|-2.63|1.47|-8.67|12.26|12.58|13.11|11.80|26.10|12.92|23714000|301769408.00|1|0.0000|0.0000|0.0000|0|12.92
中岩大地|003001|-10.00|5133724|186190496.00|-3.62|1.04|-10.00|34.55|37.00|38.79|34.55|5.13|38.39|6273838|230590672.00|1|0.0000|0.0000|0.0000|0|38.39
壶化股份|003002|-10.02|2316400|50341332.00|-3.06|-3.06|-10.02|21.47|23.13|23.13|21.47|2.32|23.86|1373000|32744560.00|1|0.0000|0.0000|0.0000|0|23.86
天元股份|003003|-9.99|3434300|31287784.00|-5.00|-4.30|-9.99|9.01|9.51|9.58|9.01|3.43|10.01|3154300|31356824.00|1|0.0000|0.0000|0.0000|0|10.01
*ST声迅|003004|-9.99|1016100|20237448.00|-4.56|-4.56|-9.99|19.73|20.92|20.92|19.73|1.02|21.92|1211500|26622294.00|1|0.0000|0.0000|0.0000|0|21.92
竞业达|003005|-10.00|1384300|40601364.00|-9.07|-7.22|-10.00|29.17|29.47|30.07|29.17|1.38|32.41|1996000|64699100.00|1|0.0000|0.0000|0.0000|0|32.41
百亚股份|003006|-4.55|6977950|166379632.00|-3.82|-0.68|-9.86|23.72|23.90|24.68|22.40|6.98|24.85|3704624|92049000.00|1|0.0000|0.0000|0.0000|0|24.85
直真科技|003007|-10.01|1730300|49178800.00|-7.26|-6.72|-10.01|28.14|29.00|29.17|28.14|1.73|31.27|2471100|77551144.00|1|0.0000|0.0000|0.0000|0|31.27
开普检测|003008|-10.01|1617290|31202066.00|-5.53|-5.24|-10.01|19.05|20.00|20.06|19.05|1.62|21.17|1112517|23496688.00|1|0.0000|0.0000|0.0000|0|21.17
中天火箭|003009|-10.01|2519600|85739496.00|-3.21|-3.21|-10.01|33.36|35.88|35.88|33.36|2.52|37.07|955297|35466708.00|1|0.0000|0.0000|0.0000|0|37.07
若羽臣|003010|-10.00|2497140|103495144.00|-6.45|-3.42|-10.00|40.58|42.18|43.55|40.58|2.50|45.09|6880660|305025952.00|1|0.0000|0.0000|0.0000|0|45.09
海象新材|003011|-9.97|2171500|29783624.00|-2.86|-2.06|-9.97|13.55|14.62|14.74|13.55|2.17|15.05|3050440|45784332.00|1|0.0000|0.0000|0.0000|0|15.05
东鹏控股|003012|-7.96|13766117|84583480.00|-5.21|-3.22|-9.49|6.01|6.19|6.32|5.91|13.77|6.53|7106400|46117248.00|1|0.0000|0.0000|0.0000|0|6.53
地铁设计|003013|-10.02|4976200|73971864.00|-6.75|-4.33|-10.02|14.54|15.07|15.46|14.54|4.98|16.16|4140425|66946920.00|1|0.0000|0.0000|0.0000|0|16.16
日久光电|003015|-9.98|12565900|178766032.00|-9.92|-7.06|-9.98|14.16|14.17|14.62|14.16|12.57|15.73|44664087|700934144.00|1|0.0000|0.0000|0.0000|0|15.73
欣贺股份|003016|-10.01|4539400|29663716.00|-4.59|-4.59|-10.01|6.47|6.86|6.86|6.47|4.54|7.19|2626900|18896228.00|1|0.0000|0.0000|0.0000|0|7.19
大洋生物|003017|-9.98|2066300|41110444.00|-3.82|-3.82|-9.98|19.58|20.92|20.92|19.58|2.07|21.75|1344160|28982444.00|1|0.0000|0.0000|0.0000|0|21.75
金富科技|003018|-10.02|3839400|37445708.00|-4.49|-3.65|-10.02|9.61|10.20|10.29|9.61|3.84|10.68|1958400|20781440.00|1|0.0000|0.0000|0.0000|0|10.68
宸展光电|003019|-10.01|1791999|57688180.00|-8.99|-5.01|-10.01|31.64|32.00|33.40|31.64|1.79|35.16|6232710|223335808.00|1|0.0000|0.0000|0.0000|0|35.16
立方制药|003020|-8.08|3640624|66487608.00|-1.84|-1.84|-9.10|17.98|19.20|19.20|17.78|3.64|19.56|1447732|28185102.00|1|0.0000|0.0000|0.0000|0|19.56
兆威机电|003021|-10.00|684900|75325304.00|-10.00|-10.00|-10.00|109.98|109.98|109.98|109.98|0.68|122.20|4986376|617702784.00|1|0.0000|0.0000|0.0000|0|122.20
联泓新科|003022|-10.01|9199058|126377200.00|-4.54|-4.21|-10.01|13.48|14.30|14.35|13.48|9.20|14.98|4223075|63490580.00|1|0.0000|0.0000|0.0000|0|14.98
彩虹集团|003023|-10.02|3809160|67411888.00|-4.45|-1.64|-10.02|16.97|18.02|18.55|16.97|3.81|18.86|2128190|39806160.00|1|0.0000|0.0000|0.0000|0|18.86
思进智能|003025|-10.02|5961075|98534416.00|-9.64|-6.90|-10.02|16.43|16.50|17.00|16.43|5.96|18.26|12513957|229613856.00|1|0.0000|0.0000|0.0000|0|18.26
中晶科技|003026|-10.00|1640390|43802876.00|-3.41|-3.41|-10.00|26.38|28.31|28.31|26.38|1.64|29.31|1148110|33750688.00|1|0.0000|0.0000|0.0000|0|29.31
同兴科技|003027|-10.01|3048300|42635084.00|-3.27|-3.27|-10.01|13.76|14.79|14.79|13.76|3.05|15.29|1491700|22660538.00|1|0.0000|0.0000|0.0000|0|15.29
振邦智能|003028|-9.99|982700|41464328.00|-9.99|-8.39|-9.99|42.15|42.15|42.90|42.15|0.98|46.83|4828224|231762096.00|1|0.0000|0.0000|0.0000|0|46.83
吉大正元|003029|-9.98|3395400|68057624.00|-6.13|-5.17|-9.98|19.84|20.69|20.90|19.84|3.40|22.04|2280299|50317988.00|1|0.0000|0.0000|0.0000|0|22.04
祖名股份|003030|10.03|23066491|451995904.00|10.03|10.03|2.49|19.86|19.86|19.86|18.50|23.07|18.05|7592000|132271848.00|1|0.0000|0.0000|0.0000|0|18.05
中瓷电子|003031|-10.00|3007464|125692480.00|-6.43|-4.34|-10.00|40.87|42.49|43.44|40.87|3.01|45.41|1459445|66501744.00|1|0.0000|0.0000|0.0000|0|45.41
*ST传智|003032|-10.04|8920400|61543584.00|-4.23|-4.23|-10.04|6.81|7.25|7.25|6.81|8.92|7.57|5185200|39278988.00|1|0.0000|0.0000|0.0000|0|7.57
征和工业|003033|-10.00|1071588|41182156.00|-7.02|-4.80|-10.00|37.70|38.95|39.88|37.70|1.07|41.89|2876800|121277664.00|1|0.0000|0.0000|0.0000|0|41.89
南网能源|003035|-8.60|33250828|134375904.00|-1.63|-1.40|-10.00|3.93|4.23|4.24|3.87|33.25|4.30|10803505|46385900.00|1|0.0000|0.0000|0.0000|0|4.30
泰坦股份|003036|-9.99|4529500|51512368.00|-6.66|-5.52|-9.99|11.08|11.49|11.63|11.08|4.53|12.31|3064200|37707012.00|1|0.0000|0.0000|0.0000|0|12.31
三和管桩|003037|-10.02|9298500|52572552.00|-4.68|-3.72|-10.02|5.57|5.90|5.96|5.57|9.30|6.19|5355400|32923846.00|1|0.0000|0.0000|0.0000|0|6.19
鑫铂股份|003038|-10.00|2346160|44740296.00|-10.00|-6.64|-10.00|18.99|18.99|19.70|18.99|2.35|21.10|6580121|139740608.00|1|0.0000|0.0000|0.0000|0|21.10
顺控发展|003039|-10.00|11143800|146039536.00|-6.38|-2.34|-10.00|12.69|13.20|13.77|12.69|11.14|14.10|11110916|155400928.00|1|0.0000|0.0000|0.0000|0|14.10
楚天龙|003040|-9.96|7620355|88808632.00|-4.94|-3.53|-9.96|11.48|12.12|12.30|11.48|7.62|12.75|6359115|80764968.00|1|0.0000|0.0000|0.0000|0|12.75
真爱美家|003041|-9.99|3358852|90534296.00|-4.27|-2.88|-9.99|25.95|27.60|28.00|25.95|3.36|28.83|1172200|33765976.00|1|0.0000|0.0000|0.0000|0|28.83
中农联合|003042|-9.97|5200040|70772320.00|-3.21|-3.21|-9.97|13.19|14.18|14.18|13.19|5.20|14.65|2816100|40954520.00|1|0.0000|0.0000|0.0000|0|14.65
华亚智能|003043|-10.00|3540700|174294560.00|-3.59|-1.15|-10.00|47.61|51.00|52.29|47.61|3.54|52.90|2756580|144848272.00|1|0.0000|0.0000|0.0000|0|52.90
中国广核|003816|-7.59|331225812|1157237248.00|-2.17|-1.63|-9.76|3.41|3.61|3.63|3.33|331.23|3.69|183751143|674858176.00|1|0.0000|0.0000|0.0000|0|3.69
特锐德|300001|-14.06|40990918|919463360.00|-5.27|-4.48|-16.83|21.70|23.92|24.12|21.00|40.99|25.25|21105913|531166656.00|1|0.0000|0.0000|0.0000|0|25.25
神州泰岳|300002|-19.25|125085738|1361866624.00|-7.90|-6.18|-20.03|10.32|11.77|11.99|10.22|125.09|12.78|53520568|688610112.00|1|0.0000|0.0000|0.0000|0|12.78
乐普医疗|300003|-11.99|48546707|525034528.00|-3.46|-2.20|-14.61|10.42|11.43|11.58|10.11|48.55|11.84|17595233|209082528.00|1|0.0000|0.0000|0.0000|0|11.84
南风股份|300004|-20.05|51570333|353785248.00|-7.35|-6.10|-20.05|6.42|7.44|7.54|6.42|51.57|8.03|60449503|479097440.00|1|0.0000|0.0000|0.0000|0|8.03
探路者|300005|-8.32|157805532|1352814080.00|-10.53|-2.84|-15.68|8.71|8.50|9.23|8.01|157.81|9.50|198601651|1823900544.00|1|0.0000|0.0000|0.0000|0|9.50
莱美药业|300006|-15.32|38063900|121337024.00|-3.90|-3.06|-18.38|3.04|3.45|3.48|2.93|38.06|3.59|19085480|68223784.00|1|0.0000|0.0000|0.0000|0|3.59
汉威科技|300007|-20.01|30338280|931479552.00|-10.97|-8.19|-20.01|29.02|32.30|33.31|29.02|30.34|36.28|19350942|710367488.00|1|0.0000|0.0000|0.0000|0|36.28
天海防务|300008|-16.32|245839582|1224370176.00|-9.12|-4.74|-19.65|4.77|5.18|5.43|4.58|245.84|5.70|150647124|874953024.00|1|0.0000|0.0000|0.0000|0|5.70
安科生物|300009|-12.86|38681190|305943552.00|-5.17|-2.53|-15.27|7.59|8.26|8.49|7.38|38.68|8.71|15465083|135097104.00|1|0.0000|0.0000|0.0000|0|8.71
豆神教育|300010|-19.90|110733084|730481344.00|-8.01|-7.49|-20.03|6.20|7.12|7.16|6.19|110.73|7.74|39776884|306925024.00|1|0.0000|0.0000|0.0000|0|7.74
鼎汉技术|300011|-19.73|32274780|228461904.00|-8.23|-5.57|-19.98|6.63|7.58|7.80|6.61|32.27|8.26|26942083|224384896.00|1|0.0000|0.0000|0.0000|0|8.26
华测检测|300012|-13.42|68147498|795385024.00|-3.93|-3.08|-15.81|11.23|12.46|12.57|10.92|68.15|12.97|38473667|497418624.00|1|0.0000|0.0000|0.0000|0|12.97
新宁物流|300013|-10.08|22735350|79207536.00|-3.18|-3.18|-15.92|3.39|3.65|3.65|3.17|22.74|3.77|16840688|63575264.00|1|0.0000|0.0000|0.0000|0|3.77
亿纬锂能|300014|-13.92|43034662|1731797760.00|-6.55|-5.86|-18.48|39.40|42.77|43.09|37.31|43.03|45.77|13115875|603510592.00|1|0.0000|0.0000|0.0000|0|45.77
爱尔眼科|300015|-8.75|152445916|1893963648.00|-3.66|-2.39|-11.74|12.20|12.88|13.05|11.80|152.45|13.37|38012591|506358592.00|1|0.0000|0.0000|0.0000|0|13.37
北陆药业|300016|-17.91|20798549|129207168.00|-4.37|-3.53|-19.75|5.82|6.78|6.84|5.69|20.80|7.09|12683300|89849984.00|1|0.0000|0.0000|0.0000|0|7.09
网宿科技|300017|-20.03|169276389|1700749952.00|-9.38|-5.83|-20.03|9.46|10.72|11.14|9.46|169.28|11.83|62896367|747534400.00|1|0.0000|0.0000|0.0000|0|11.83
中元股份|300018|-19.52|27773340|170644000.00|-6.32|-5.48|-19.94|5.73|6.67|6.73|5.70|27.77|7.12|9343095|66521340.00|1|0.0000|0.0000|0.0000|0|7.12
硅宝科技|300019|-13.96|18774407|293776992.00|-6.16|-4.75|-16.73|15.22|16.60|16.85|14.73|18.77|17.69|11635451|205052640.00|1|0.0000|0.0000|0.0000|0|17.69
ST银江|300020|-12.39|42105038|130478864.00|-8.55|-3.54|-13.57|2.97|3.10|3.27|2.93|42.11|3.39|22341720|74977960.00|1|0.0000|0.0000|0.0000|0|3.39
大禹节水|300021|-9.68|38239176|157136272.00|-4.50|-3.60|-10.81|4.01|4.24|4.28|3.96|38.24|4.44|18807700|83968944.00|1|0.0000|0.0000|0.0000|0|4.44
吉峰科技|300022|-12.52|24584003|157429392.00|-6.12|-4.98|-13.51|6.15|6.60|6.68|6.08|24.58|7.03|15563548|107707296.00|1|0.0000|0.0000|0.0000|0|7.03
机器人|300024|-19.94|84286058|1276421632.00|-8.06|-6.37|-20.00|14.21|16.32|16.62|14.20|84.29|17.75|24040340|428703040.00|1|0.0000|0.0000|0.0000|0|17.75
华星创业|300025|-16.69|24968600|152906000.00|-9.48|-6.79|-18.95|5.89|6.40|6.59|5.73|24.97|7.07|12003025|85617216.00|1|0.0000|0.0000|0.0000|0|7.07
红日药业|300026|-12.98|91513475|302207680.00|-2.21|-2.21|-14.92|3.15|3.54|3.54|3.08|91.51|3.62|38837275|140889520.00|1|0.0000|0.0000|0.0000|0|3.62
华谊兄弟|300027|-16.47|156074183|338205472.00|-4.42|-4.42|-19.68|2.08|2.38|2.38|2.00|156.07|2.49|60876499|151288800.00|1|0.0000|0.0000|0.0000|0|2.49
*ST天龙|300029|-14.81|3421960|15239900.00|-5.48|-5.48|-15.01|4.20|4.66|4.66|4.19|3.42|4.93|1150400|5678624.00|1|0.0000|0.0000|0.0000|0|4.93
阳普医疗|300030|-19.49|11514000|58389268.00|-5.08|-4.58|-20.00|4.75|5.60|5.63|4.72|11.51|5.90|7384910|43512176.00|1|0.0000|0.0000|0.0000|0|5.90
宝通科技|300031|-20.02|34582500|775778560.00|-10.54|-8.38|-20.02|21.10|23.60|24.17|21.10|34.58|26.38|14268153|378289216.00|1|0.0000|0.0000|0.0000|0|26.38
金龙机电|300032|-19.50|35900975|134355600.00|-10.09|-6.19|-19.95|3.51|3.92|4.09|3.49|35.90|4.36|13534600|59204800.00|1|0.0000|0.0000|0.0000|0|4.36
同花顺|300033|-12.18|18602088|4690851840.00|-7.25|-4.04|-17.24|246.18|260.00|269.00|232.00|18.60|280.32|5782662|1623946496.00|1|0.0000|0.0000|0.0000|0|280.32
钢研高纳|300034|-10.60|29639572|440364160.00|-3.91|-2.05|-14.26|14.42|15.50|15.80|13.83|29.64|16.13|10120440|164519856.00|1|0.0000|0.0000|0.0000|0|16.13
中科电气|300035|-18.57|48121540|655002624.00|-8.53|-6.65|-20.01|12.98|14.58|14.88|12.75|48.12|15.94|20663300|331496224.00|1|0.0000|0.0000|0.0000|0|15.94
超图软件|300036|-17.37|20492790|283739328.00|-5.20|-4.06|-19.47|13.03|14.95|15.13|12.70|20.49|15.77|8442862|133606288.00|1|0.0000|0.0000|0.0000|0|15.77
新宙邦|300037|-14.97|18656741|540008192.00|-6.98|-5.03|-18.05|27.89|30.51|31.15|26.88|18.66|32.80|8870300|292433312.00|1|0.0000|0.0000|0.0000|0|32.80
上海凯宝|300039|-14.31|67868811|407793664.00|-5.12|-3.16|-16.72|5.69|6.30|6.43|5.53|67.87|6.64|41273469|276014560.00|1|0.0000|0.0000|0.0000|0|6.64
九洲集团|300040|-14.03|64006237|381697664.00|-7.46|-4.93|-17.76|5.76|6.20|6.37|5.51|64.01|6.70|40620530|273317568.00|1|0.0000|0.0000|0.0000|0|6.70
回天新材|300041|-14.93|34180495|273526880.00|-7.19|-5.09|-17.81|7.69|8.39|8.58|7.43|34.18|9.04|22872150|206697888.00|1|0.0000|0.0000|0.0000|0|9.04
朗科科技|300042|-19.99|17394600|407629184.00|-11.47|-6.82|-19.99|22.05|24.40|25.68|22.05|17.39|27.56|22945200|628891520.00|1|0.0000|0.0000|0.0000|0|27.56
星辉娱乐|300043|-20.00|62816320|198060656.00|-6.49|-6.49|-20.00|2.96|3.46|3.46|2.96|62.82|3.70|23487620|87309032.00|1|0.0000|0.0000|0.0000|0|3.70
ST赛为|300044|-19.17|70280835|391153088.00|-8.13|-5.06|-19.94|5.27|5.99|6.19|5.22|70.28|6.52|56603867|374100096.00|1|0.0000|0.0000|0.0000|0|6.52
华力创通|300045|-19.98|26687087|428480736.00|-7.01|-4.99|-19.98|15.06|17.50|17.88|15.06|26.69|18.82|7975081|150944000.00|1|0.0000|0.0000|0.0000|0|18.82
台基股份|300046|-19.99|13671900|349246208.00|-6.54|-4.64|-19.99|23.98|28.01|28.58|23.98|13.67|29.97|5852747|176277120.00|1|0.0000|0.0000|0.0000|0|29.97
天源迪科|300047|-19.97|48544642|527930208.00|-8.85|-5.64|-19.97|10.22|11.64|12.05|10.22|48.54|12.77|19466501|249715920.00|1|0.0000|0.0000|0.0000|0|12.77
合康新能|300048|-16.45|59631668|283797952.00|-7.76|-6.10|-18.85|4.52|4.99|5.08|4.39|59.63|5.41|22084760|119882536.00|1|0.0000|0.0000|0.0000|0|5.41
福瑞医科|300049|-16.50|10664014|309318368.00|-8.39|-4.44|-18.02|27.48|30.15|31.45|26.98|10.66|32.91|3158799|104340352.00|1|0.0000|0.0000|0.0000|0|32.91
世纪鼎利|300050|-19.47|27961800|126708312.00|-7.37|-6.43|-20.04|4.26|4.90|4.95|4.23|27.96|5.29|8374669|44521448.00|1|0.0000|0.0000|0.0000|0|5.29
琏升科技|300051|-0.64|6034853|37793672.00|-0.96|1.92|-1.12|6.22|6.20|6.38|6.19|6.03|6.26|3802359|23935438.00|0|0.0000|0.0000|0.0000|0|6.26
ST中青宝|300052|-19.98|23402495|215062096.00|-6.26|-5.23|-19.98|8.57|10.04|10.15|8.57|23.40|10.71|10571600|114449056.00|1|0.0000|0.0000|0.0000|0|10.71
航宇微|300053|-19.98|30993728|339618752.00|-6.74|-4.55|-19.98|10.21|11.90|12.18|10.21|30.99|12.76|8199000|104930336.00|1|0.0000|0.0000|0.0000|0|12.76
鼎龙股份|300054|-7.12|34104178|903484544.00|-5.26|-0.25|-12.42|25.96|26.48|27.88|24.48|34.10|27.95|15150048|427340992.00|1|0.0000|0.0000|0.0000|0|27.95
万邦达|300055|-16.41|21171754|98525680.00|-4.01|-3.44|-18.70|4.38|5.03|5.06|4.26|21.17|5.24|7534304|39517096.00|1|0.0000|0.0000|0.0000|0|5.24
中创环保|300056|-19.97|22935811|267925664.00|-5.05|-5.05|-19.97|11.10|13.17|13.17|11.10|22.94|13.87|6324347|87139672.00|1|0.0000|0.0000|0.0000|0|13.87
万顺新材|300057|-18.66|37523089|159476448.00|-5.68|-5.68|-19.88|4.01|4.65|4.65|3.95|37.52|4.93|11690405|57575168.00|1|0.0000|0.0000|0.0000|0|4.93
蓝色光标|300058|-20.02|213509163|1646960256.00|-8.91|-6.49|-20.02|7.27|8.28|8.50|7.27|213.51|9.09|69616767|635505984.00|1|0.0000|0.0000|0.0000|0|9.09
东方财富|300059|-13.90|846804585|16888038400.00|-6.46|-4.45|-19.02|19.33|21.00|21.45|18.18|846.80|22.45|194445587|4368318464.00|1|0.0000|0.0000|0.0000|0|22.45
旗天科技|300061|-20.02|27328190|279354464.00|-11.25|-6.37|-20.02|9.67|10.73|11.32|9.67|27.33|12.09|15802990|191921024.00|1|0.0000|0.0000|0.0000|0|12.09
中能电气|300062|-16.76|18202102|85430528.00|-5.96|-5.96|-19.55|4.47|5.05|5.05|4.32|18.20|5.37|7221280|38601432.00|1|0.0000|0.0000|0.0000|0|5.37
天龙集团|300063|-19.96|44943597|352507008.00|-9.60|-6.69|-19.96|7.42|8.38|8.65|7.42|44.94|9.27|28754600|269006368.00|1|0.0000|0.0000|0.0000|0|9.27
海兰信|300065|-19.86|122715558|1522761472.00|-7.82|-5.33|-20.00|11.58|13.32|13.68|11.56|122.72|14.45|88361205|1296261248.00|1|0.0000|0.0000|0.0000|0|14.45
三川智慧|300066|-17.07|27202258|99224616.00|-4.09|-4.09|-19.47|3.45|3.99|3.99|3.35|27.20|4.16|9620000|40107196.00|1|0.0000|0.0000|0.0000|0|4.16
安诺其|300067|-15.38|134332280|688267200.00|-7.01|-5.30|-19.15|4.95|5.44|5.54|4.73|134.33|5.85|126845253|739218688.00|1|0.0000|0.0000|0.0000|0|5.85
南都电源|300068|-20.01|68248431|959605888.00|-11.63|-6.75|-20.01|13.27|14.66|15.47|13.27|68.25|16.59|25996207|432341440.00|1|0.0000|0.0000|0.0000|0|16.59
金利华电|300069|-20.00|7425640|114420000.00|-7.21|-5.03|-20.00|14.32|16.61|17.00|14.32|7.43|17.90|7691272|134813504.00|1|0.0000|0.0000|0.0000|0|17.90
碧水源|300070|-13.74|76420862|326548480.00|-3.81|-3.17|-16.07|4.08|4.55|4.58|3.97|76.42|4.73|23949917|113035296.00|1|0.0000|0.0000|0.0000|0|4.73
福石控股|300071|-20.00|68202820|298477376.00|-7.77|-6.21|-20.00|4.12|4.75|4.83|4.12|68.20|5.15|23615100|121844088.00|1|0.0000|0.0000|0.0000|0|5.15
海新能科|300072|-16.14|51272339|142650016.00|-4.75|-4.43|-19.94|2.65|3.01|3.02|2.53|51.27|3.16|11883212|37399812.00|1|0.0000|0.0000|0.0000|0|3.16
当升科技|300073|-13.90|24432481|882427008.00|-6.01|-3.83|-17.21|34.81|38.00|38.88|33.47|24.43|40.43|8145610|331663936.00|1|0.0000|0.0000|0.0000|0|40.43
华平股份|300074|-18.44|26316718|101918784.00|-4.67|-4.67|-20.00|3.67|4.29|4.29|3.60|26.32|4.50|11539600|52123880.00|1|0.0000|0.0000|0.0000|0|4.50
数字政通|300075|-20.00|33470472|493911872.00|-7.65|-4.41|-20.00|13.80|15.93|16.49|13.80|33.47|17.25|12428598|216757840.00|1|0.0000|0.0000|0.0000|0|17.25
GQY视讯|300076|-15.64|31921336|224661616.00|-5.91|0.00|-19.05|6.42|7.16|7.61|6.16|31.92|7.61|24264916|183355648.00|1|0.0000|0.0000|0.0000|0|7.61
国民技术|300077|-20.00|46493420|924028352.00|-8.78|-4.84|-20.00|18.68|21.30|22.22|18.68|46.49|23.35|14190701|333112128.00|1|0.0000|0.0000|0.0000|0|23.35
思创医惠|300078|-20.06|75892640|222021760.00|-6.69|-6.69|-20.06|2.75|3.21|3.21|2.75|75.89|3.44|27657300|95647504.00|1|0.0000|0.0000|0.0000|0|3.44
数码视讯|300079|-19.70|63455137|294083040.00|-5.95|-5.02|-20.07|4.32|5.06|5.11|4.30|63.46|5.38|16584375|89441888.00|1|0.0000|0.0000|0.0000|0|5.38
易成新能|300080|-18.73|31092876|102231792.00|-5.54|-5.01|-19.79|3.08|3.58|3.60|3.04|31.09|3.79|9226200|35035320.00|1|0.0000|0.0000|0.0000|0|3.79
恒信东方|300081|-20.06|40633241|233074464.00|-8.41|-6.93|-20.06|5.42|6.21|6.31|5.42|40.63|6.78|15969944|108674016.00|1|0.0000|0.0000|0.0000|0|6.78
奥克股份|300082|-18.79|18437526|99567792.00|-5.25|-5.25|-20.06|5.10|5.95|5.95|5.02|18.44|6.28|8165762|51043884.00|1|0.0000|0.0000|0.0000|0|6.28
创世纪|300083|-20.05|143437835|1080059776.00|-10.65|-7.36|-20.05|7.06|7.89|8.18|7.06|143.44|8.83|77383500|688189952.00|1|0.0000|0.0000|0.0000|0|8.83
海默科技|300084|-20.03|65367169|390114176.00|-10.09|-7.10|-20.03|5.63|6.33|6.54|5.63|65.37|7.04|54862765|391283072.00|1|0.0000|0.0000|0.0000|0|7.04
银之杰|300085|-15.93|57885510|1767369600.00|-8.13|-3.36|-20.01|29.28|32.00|33.66|27.86|57.89|34.83|25050700|880622208.00|1|0.0000|0.0000|0.0000|0|34.83
康芝药业|300086|-18.22|28950012|129632304.00|-5.81|-4.26|-19.96|4.22|4.86|4.94|4.13|28.95|5.16|16473705|85121912.00|1|0.0000|0.0000|0.0000|0|5.16
荃银高科|300087|7.08|135375881|1412615040.00|3.69|12.82|-2.46|10.44|10.11|11.00|9.51|135.38|9.75|30222615|292550528.00|1|0.0000|0.0000|0.0000|0|9.75
长信科技|300088|-19.64|109354460|567262016.00|-6.27|-5.45|-19.97|4.87|5.68|5.73|4.85|109.35|6.06|35090817|213713456.00|1|0.0000|0.0000|0.0000|0|6.06
金通灵|300091|-10.98|97991580|244933120.00|-1.52|3.79|-17.42|2.35|2.60|2.74|2.18|97.99|2.64|93055453|238547744.00|1|0.0000|0.0000|0.0000|0|2.64
科新机电|300092|-19.11|24936747|276592576.00|-8.06|-5.68|-20.03|10.54|11.98|12.29|10.42|24.94|13.03|23910550|316815616.00|1|0.0000|0.0000|0.0000|0|13.03
*ST金刚|300093|-20.04|15306400|124007912.00|-4.28|-4.18|-20.04|7.66|9.17|9.18|7.66|15.31|9.58|10366600|99498248.00|1|0.0000|0.0000|0.0000|0|9.58
国联水产|300094|-14.04|85154682|276065184.00|-4.49|-2.53|-16.85|3.06|3.40|3.47|2.96|85.15|3.56|38147200|135471744.00|1|0.0000|0.0000|0.0000|0|3.56
华伍股份|300095|-16.98|16644954|99285304.00|-6.00|-4.83|-19.33|5.67|6.42|6.50|5.51|16.64|6.83|11904954|81682544.00|1|0.0000|0.0000|0.0000|0|6.83
ST易联众|300096|-19.49|23467800|88253904.00|-7.42|-5.80|-19.95|3.47|3.99|4.06|3.45|23.47|4.31|17685600|77147600.00|1|0.0000|0.0000|0.0000|0|4.31
ST智云|300097|-15.70|15340933|63497308.00|-6.45|-5.16|-17.42|3.92|4.35|4.41|3.84|15.34|4.65|6080000|28281626.00|1|0.0000|0.0000|0.0000|0|4.65
高新兴|300098|-20.08|89134983|391112960.00|-5.98|-5.98|-20.08|4.14|4.87|4.87|4.14|89.13|5.18|25285831|131333000.00|1|0.0000|0.0000|0.0000|0|5.18
尤洛卡|300099|-15.20|28851600|164361248.00|-7.00|-6.71|-19.97|5.69|6.24|6.26|5.37|28.85|6.71|10768150|72016848.00|1|0.0000|0.0000|0.0000|0|6.71
双林股份|300100|-6.93|51768075|3030931968.00|-9.36|-0.37|-14.30|58.17|56.65|62.27|53.56|51.77|62.50|38271112|2455313152.00|1|0.0000|0.0000|0.0000|0|62.50
振芯科技|300101|-19.99|30395617|474133056.00|-3.94|-2.61|-19.99|14.41|17.30|17.54|14.41|30.40|18.01|8365264|151346864.00|1|0.0000|0.0000|0.0000|0|18.01
乾照光电|300102|-20.02|42321902|417658464.00|-5.92|-5.31|-20.02|9.19|10.81|10.88|9.19|42.32|11.49|18782002|216010672.00|1|0.0000|0.0000|0.0000|0|11.49
达刚控股|300103|-20.03|10645150|54513900.00|-5.63|-4.97|-20.03|4.83|5.70|5.74|4.83|10.65|6.04|2888950|17347430.00|1|0.0000|0.0000|0.0000|0|6.04
龙源技术|300105|-16.83|23626196|144633312.00|-4.53|-4.53|-19.24|5.88|6.75|6.75|5.71|23.63|7.07|9334200|65796964.00|1|0.0000|0.0000|0.0000|0|7.07
西部牧业|300106|3.85|46255724|462110112.00|-4.05|9.15|-4.05|9.99|9.23|10.50|9.23|46.26|9.62|18386004|175520224.00|1|0.0000|0.0000|0.0000|0|9.62
建新股份|300107|-20.00|17141913|123255688.00|-8.24|-5.88|-20.00|6.80|7.80|8.00|6.80|17.14|8.50|4579100|38904564.00|1|0.0000|0.0000|0.0000|0|8.50
新开源|300109|-17.32|25876010|372665856.00|-7.48|-4.89|-19.73|13.70|15.33|15.76|13.30|25.88|16.57|13326900|222837360.00|1|0.0000|0.0000|0.0000|0|16.57
华仁药业|300110|-13.54|51520300|151175152.00|-3.38|-3.38|-16.62|2.81|3.14|3.14|2.71|51.52|3.25|27040980|87589904.00|1|0.0000|0.0000|0.0000|0|3.25
向日葵|300111|-19.74|41741782|109295984.00|-3.62|-3.62|-20.07|2.44|2.93|2.93|2.43|41.74|3.04|15931494|48448328.00|1|0.0000|0.0000|0.0000|0|3.04
万讯自控|300112|-19.98|14799800|109027856.00|-6.47|-5.77|-19.98|6.93|8.10|8.16|6.93|14.80|8.66|5203101|45239600.00|1|0.0000|0.0000|0.0000|0|8.66
顺网科技|300113|-20.01|37370314|613669696.00|-10.68|-7.15|-20.01|15.43|17.23|17.91|15.43|37.37|19.29|15948918|308705472.00|1|0.0000|0.0000|0.0000|0|19.29
长盈精密|300115|-19.99|116929938|2299819008.00|-14.24|-10.17|-19.99|18.65|19.99|20.94|18.65|116.93|23.31|104241799|2486187776.00|1|0.0000|0.0000|0.0000|0|23.31
东方日升|300118|-18.88|37719840|338666080.00|-3.95|-3.95|-20.04|8.42|9.97|9.97|8.30|37.72|10.38|11586363|120961312.00|1|0.0000|0.0000|0.0000|0|10.38
瑞普生物|300119|-9.44|24766897|443249984.00|-3.11|-0.11|-12.92|17.18|18.38|18.95|16.52|24.77|18.97|25396896|472747616.00|1|0.0000|0.0000|0.0000|0|18.97
经纬辉开|300120|-19.95|28099320|205494880.00|-6.77|-6.18|-19.95|6.86|7.99|8.04|6.86|28.10|8.57|7986100|68415664.00|1|0.0000|0.0000|0.0000|0|8.57
阳谷华泰|300121|-18.97|20213326|201363536.00|-10.00|-7.07|-19.83|9.40|10.44|10.78|9.30|20.21|11.60|7741795|89661416.00|1|0.0000|0.0000|0.0000|0|11.60
智飞生物|300122|-13.69|47277680|1067392000.00|-6.78|-4.09|-16.26|21.76|23.50|24.18|21.11|47.28|25.21|20158151|509260352.00|1|0.0000|0.0000|0.0000|0|25.21
亚光科技|300123|-17.41|48700901|245555264.00|-6.03|-3.45|-20.00|4.79|5.45|5.60|4.64|48.70|5.80|18036200|105491480.00|1|0.0000|0.0000|0.0000|0|5.80
汇川技术|300124|-11.17|57116973|3652621312.00|-7.59|-4.20|-13.61|62.00|64.50|66.87|60.30|57.12|69.80|30920122|2159072000.00|1|0.0000|0.0000|0.0000|0|69.80
*ST聆达|300125|-20.00|29919005|205845792.00|-9.94|-7.08|-20.00|6.44|7.25|7.48|6.44|29.92|8.05|26272738|223469056.00|1|0.0000|0.0000|0.0000|0|8.05
锐奇股份|300126|-20.03|11825400|65641912.00|-4.40|-4.40|-20.03|5.27|6.30|6.30|5.27|11.83|6.59|6053500|39757216.00|1|0.0000|0.0000|0.0000|0|6.59
银河磁体|300127|3.62|36107208|928458240.00|1.38|9.12|-4.93|25.45|24.90|26.80|23.35|36.11|24.56|18041660|445031840.00|1|0.0000|0.0000|0.0000|0|24.56
锦富技术|300128|-19.96|80054902|386860992.00|-8.06|-7.18|-19.96|4.57|5.25|5.30|4.57|80.05|5.71|35752873|202649648.00|1|0.0000|0.0000|0.0000|0|5.71
泰胜风能|300129|-14.81|33756280|210760544.00|-6.91|-4.09|-18.90|6.04|6.60|6.80|5.75|33.76|7.09|16423100|117276984.00|1|0.0000|0.0000|0.0000|0|7.09
新国都|300130|-20.02|27313186|484997184.00|-6.98|-3.85|-20.02|16.62|19.33|19.98|16.62|27.31|20.78|14929487|310538784.00|1|0.0000|0.0000|0.0000|0|20.78
英唐智控|300131|-19.95|62797510|414007712.00|-8.62|-7.34|-19.95|6.22|7.10|7.20|6.22|62.80|7.77|18340213|143517296.00|1|0.0000|0.0000|0.0000|0|7.77
青松股份|300132|-14.94|28718904|144176016.00|-4.01|-4.01|-16.58|4.67|5.27|5.27|4.58|28.72|5.49|9884900|54580020.00|1|0.0000|0.0000|0.0000|0|5.49
华策影视|300133|-18.12|121081030|771579584.00|-6.27|-5.18|-20.03|6.01|6.88|6.96|5.87|121.08|7.34|48277000|356128416.00|1|0.0000|0.0000|0.0000|0|7.34
大富科技|300134|-19.97|27303280|271254688.00|-8.83|-6.60|-19.97|9.34|10.64|10.90|9.34|27.30|11.67|13926500|163854016.00|1|0.0000|0.0000|0.0000|0|11.67
宝利国际|300135|-14.18|35523500|126178848.00|-9.20|-5.72|-17.16|3.45|3.65|3.79|3.33|35.52|4.02|9899400|39700212.00|1|0.0000|0.0000|0.0000|0|4.02
信维通信|300136|-19.99|45436927|874055808.00|-15.63|-10.04|-19.99|18.33|19.33|20.61|18.33|45.44|22.91|23859325|557462528.00|1|0.0000|0.0000|0.0000|0|22.91
先河环保|300137|-18.22|11619092|64510220.00|-3.43|-3.43|-19.94|5.25|6.20|6.20|5.14|11.62|6.42|1909100|12225228.00|1|0.0000|0.0000|0.0000|0|6.42
晨光生物|300138|-2.62|46620648|472559392.00|2.52|8.87|-7.36|9.66|10.17|10.80|9.19|46.62|9.92|14801296|147998048.00|1|0.0000|0.0000|0.0000|0|9.92
晓程科技|300139|-16.77|47634691|749261824.00|-17.04|-8.25|-19.68|15.14|15.09|16.69|14.61|47.63|18.19|59462252|1073689664.00|1|0.0000|0.0000|0.0000|0|18.19
节能环境|300140|-14.48|21442512|112143792.00|-4.26|-3.24|-17.89|5.02|5.62|5.68|4.82|21.44|5.87|7137931|41923740.00|1|0.0000|0.0000|0.0000|0|5.87
和顺电气|300141|-18.59|9297700|68922176.00|-7.04|-5.54|-19.86|7.05|8.05|8.18|6.94|9.30|8.66|3537200|30473156.00|1|0.0000|0.0000|0.0000|0|8.66
沃森生物|300142|-13.72|61677056|644909504.00|-4.23|-2.07|-16.31|10.00|11.10|11.35|9.70|61.68|11.59|22435514|260854032.00|1|0.0000|0.0000|0.0000|0|11.59
盈康生命|300143|-16.45|16684987|150327584.00|-4.11|-3.53|-18.71|8.53|9.79|9.85|8.30|16.68|10.21|7301600|75218504.00|1|0.0000|0.0000|0.0000|0|10.21
宋城演艺|300144|-6.95|85349181|768176000.00|-3.05|-1.16|-9.89|8.84|9.21|9.39|8.56|85.35|9.50|50527915|479970880.00|1|0.0000|0.0000|0.0000|0|9.50
南方泵业|300145|-17.41|111839593|364952512.00|-8.18|-5.28|-19.53|3.13|3.48|3.59|3.05|111.84|3.79|48299900|185357888.00|1|0.0000|0.0000|0.0000|0|3.79
汤臣倍健|300146|-9.66|34407476|373898048.00|-3.68|-2.74|-11.88|10.57|11.27|11.38|10.31|34.41|11.70|7745400|90759800.00|1|0.0000|0.0000|0.0000|0|11.70
ST香雪|300147|-17.77|41219158|223727200.00|-3.65|-1.50|-19.77|4.95|5.80|5.93|4.83|41.22|6.02|24702844|147677760.00|1|0.0000|0.0000|0.0000|0|6.02
天舟文化|300148|-19.41|69973476|263829024.00|-9.71|-6.77|-20.09|3.57|4.00|4.13|3.54|69.97|4.43|34431016|152696304.00|1|0.0000|0.0000|0.0000|0|4.43
睿智医药|300149|-20.00|30763101|179491344.00|-6.37|-4.44|-20.00|5.40|6.32|6.45|5.40|30.76|6.75|26979480|184276752.00|1|0.0000|0.0000|0.0000|0|6.75
世纪瑞尔|300150|-19.35|23058298|91150608.00|-6.45|-6.45|-20.00|3.75|4.35|4.35|3.72|23.06|4.65|7513200|34873952.00|1|0.0000|0.0000|0.0000|0|4.65
昌红科技|300151|-19.49|16020418|205280800.00|-5.58|-5.51|-20.03|11.98|14.05|14.06|11.90|16.02|14.88|5167044|77533496.00|1|0.0000|0.0000|0.0000|0|14.88
ST新动力|300152|-19.85|55521500|182099856.00|-8.25|-5.41|-20.10|3.11|3.56|3.67|3.10|55.52|3.88|17183494|66552488.00|1|0.0000|0.0000|0.0000|0|3.88
科泰电源|300153|-15.44|53930218|1776426624.00|-6.04|-2.90|-20.00|31.50|35.00|36.17|29.80|53.93|37.25|41512303|1573469056.00|1|0.0000|0.0000|0.0000|0|37.25
瑞凌股份|300154|-20.02|17491000|153450112.00|-11.88|-8.52|-20.02|8.35|9.20|9.55|8.35|17.49|10.44|12704900|135404048.00|1|0.0000|0.0000|0.0000|0|10.44
安居宝|300155|-18.46|15096600|58554024.00|-3.96|-3.96|-20.00|3.71|4.37|4.37|3.64|15.10|4.55|5810657|26385086.00|1|0.0000|0.0000|0.0000|0|4.55
新锦动力|300157|-19.87|45191322|117158992.00|-7.28|-6.62|-19.87|2.42|2.80|2.82|2.42|45.19|3.02|23178148|70128280.00|1|0.0000|0.0000|0.0000|0|3.02
振东制药|300158|-13.37|47327600|179284880.00|-3.34|-2.86|-15.51|3.63|4.05|4.07|3.54|47.33|4.19|31986654|133270992.00|1|0.0000|0.0000|0.0000|0|4.19
*ST新研|300159|-13.56|99022915|157539872.00|-6.78|-3.39|-16.95|1.53|1.65|1.71|1.47|99.02|1.77|40861504|71922208.00|1|0.0000|0.0000|0.0000|0|1.77
秀强股份|300160|-17.00|24807868|119723344.00|-6.33|-5.06|-18.99|4.59|5.18|5.25|4.48|24.81|5.53|9886561|54534352.00|1|0.0000|0.0000|0.0000|0|5.53
华中数控|300161|-15.60|9164620|232577808.00|-8.63|-3.38|-17.98|24.46|26.48|28.00|23.77|9.16|28.98|4402420|129612848.00|1|0.0000|0.0000|0.0000|0|28.98
雷曼光电|300162|-19.77|17807586|103828160.00|-5.52|-5.52|-20.06|5.52|6.50|6.50|5.50|17.81|6.88|6217000|42734824.00|1|0.0000|0.0000|0.0000|0|6.88
先锋新材|300163|-16.67|20844900|57332368.00|-4.81|-4.81|-17.95|2.60|2.97|2.97|2.56|20.84|3.12|10684200|33502040.00|1|0.0000|0.0000|0.0000|0|3.12
通源石油|300164|-18.20|73867156|278681312.00|-7.37|-6.91|-19.82|3.55|4.02|4.04|3.48|73.87|4.34|53904000|233090736.00|1|0.0000|0.0000|0.0000|0|4.34
ST天瑞|300165|-14.20|17002700|49998552.00|-6.17|-4.63|-20.06|2.78|3.04|3.09|2.59|17.00|3.24|9101700|29345360.00|1|0.0000|0.0000|0.0000|0|3.24
东方国信|300166|-20.02|68074627|620286912.00|-7.39|-5.14|-20.02|8.55|9.90|10.14|8.55|68.07|10.69|27026978|291345536.00|1|0.0000|0.0000|0.0000|0|10.69
ST迪威迅|300167|-18.90|27623500|90540048.00|-7.61|-5.25|-19.95|3.09|3.52|3.61|3.05|27.62|3.81|14528442|54907068.00|1|0.0000|0.0000|0.0000|0|3.81
万达信息|300168|-19.48|50622992|351655072.00|-7.15|-5.06|-19.98|6.53|7.53|7.70|6.49|50.62|8.11|14551398|118467920.00|1|0.0000|0.0000|0.0000|0|8.11
天晟新材|300169|-19.79|18545499|104550304.00|-8.70|-6.75|-19.94|5.35|6.09|6.22|5.34|18.55|6.67|7292500|48728276.00|1|0.0000|0.0000|0.0000|0|6.67
汉得信息|300170|-19.99|97702605|1523556224.00|-9.83|-7.93|-19.99|14.73|16.60|16.95|14.73|97.70|18.41|49770600|924737984.00|1|0.0000|0.0000|0.0000|0|18.41
东富龙|300171|-18.44|16057874|186823120.00|-5.70|-3.60|-20.01|10.88|12.58|12.86|10.67|16.06|13.34|6509000|87344104.00|1|0.0000|0.0000|0.0000|0|13.34
中电环保|300172|-13.45|40642780|190121712.00|-2.53|-1.95|-15.79|4.44|5.00|5.03|4.32|40.64|5.13|14269830|73070760.00|1|0.0000|0.0000|0.0000|0|5.13
ST福能|300173|-19.69|50716118|252606896.00|-7.53|-6.16|-20.03|4.69|5.40|5.48|4.67|50.72|5.84|16279511|95025472.00|1|0.0000|0.0000|0.0000|0|5.84
元力股份|300174|-15.60|16690798|227806480.00|-7.57|-5.78|-18.29|13.15|14.40|14.68|12.73|16.69|15.58|4729287|73899408.00|1|0.0000|0.0000|0.0000|0|15.58
ST朗源|300175|-8.96|19466391|85888000.00|-4.48|-0.85|-10.02|4.27|4.48|4.65|4.22|19.47|4.69|8982000|41830020.00|1|0.0000|0.0000|0.0000|0|4.69
鸿特科技|300176|-19.77|18585122|110492104.00|-7.79|-5.05|-20.06|5.56|6.39|6.58|5.54|18.59|6.93|8451261|58552760.00|1|0.0000|0.0000|0.0000|0|6.93
中海达|300177|-20.02|47793030|416746816.00|-9.08|-5.27|-20.02|8.19|9.31|9.70|8.19|47.79|10.24|18654944|192323568.00|1|0.0000|0.0000|0.0000|0|10.24
四方达|300179|-20.02|33873800|268056064.00|-8.67|-7.07|-20.02|7.47|8.53|8.68|7.47|33.87|9.34|19212342|180011712.00|1|0.0000|0.0000|0.0000|0|9.34
华峰超纤|300180|-14.79|167014196|1071265472.00|-7.17|0.73|-19.03|5.82|6.34|6.88|5.53|167.01|6.83|131412155|890493888.00|1|0.0000|0.0000|0.0000|0|6.83
佐力药业|300181|-5.59|32703441|520777888.00|-4.32|-0.48|-8.89|15.72|15.93|16.57|15.17|32.70|16.65|18664813|310362464.00|1|0.0000|0.0000|0.0000|0|16.65
捷成股份|300182|-19.33|145013459|701976320.00|-6.56|-5.50|-20.04|4.55|5.27|5.33|4.51|145.01|5.64|39028055|220780768.00|1|0.0000|0.0000|0.0000|0|5.64
东软载波|300183|-19.99|21019905|325703168.00|-8.04|-5.89|-19.99|14.53|16.70|17.09|14.53|21.02|18.16|10578134|194200032.00|1|0.0000|0.0000|0.0000|0|18.16
力源信息|300184|-20.02|84355870|701163392.00|-8.54|-5.79|-20.02|7.87|9.00|9.27|7.87|84.36|9.84|29603380|291454528.00|1|0.0000|0.0000|0.0000|0|9.84
通裕重工|300185|-16.60|158479700|355091616.00|-3.95|-3.95|-18.58|2.11|2.43|2.43|2.06|158.48|2.53|65117553|165212336.00|1|0.0000|0.0000|0.0000|0|2.53
永清环保|300187|-17.88|14394006|65716692.00|-3.85|-3.85|-19.42|4.27|5.00|5.00|4.19|14.39|5.20|5460700|28261804.00|1|0.0000|0.0000|0.0000|0|5.20
国投智能|300188|-16.80|28864454|354647680.00|-4.57|-4.57|-19.94|11.64|13.35|13.35|11.20|28.86|13.99|7969339|112305888.00|1|0.0000|0.0000|0.0000|0|13.99
神农种业|300189|20.06|391273158|1608907648.00|3.34|20.06|3.06|4.31|3.71|4.31|3.70|391.27|3.59|86735100|309677440.00|1|0.0000|0.0000|0.0000|0|3.59
维尔利|300190|-15.26|18775575|54049968.00|-3.12|-2.80|-16.20|2.72|3.11|3.12|2.69|18.78|3.21|6079360|19442148.00|1|0.0000|0.0000|0.0000|0|3.21
潜能恒信|300191|-19.93|14718900|209382448.00|-10.76|-7.98|-19.99|13.54|15.09|15.56|13.53|14.72|16.91|4938601|83561440.00|1|0.0000|0.0000|0.0000|0|16.91
科德教育|300192|-19.00|22326427|309774208.00|-7.28|-5.37|-19.99|13.13|15.03|15.34|12.97|22.33|16.21|8480500|137682864.00|1|0.0000|0.0000|0.0000|0|16.21
佳士科技|300193|-20.02|50867564|465049504.00|-11.74|-10.10|-20.02|8.79|9.70|9.88|8.79|50.87|10.99|55098840|613036672.00|1|0.0000|0.0000|0.0000|0|10.99
福安药业|300194|-13.58|82682657|346177120.00|-4.74|-2.37|-16.59|4.01|4.42|4.53|3.87|82.68|4.64|54257425|251405408.00|1|0.0000|0.0000|0.0000|0|4.64
长荣股份|300195|-19.97|23765200|129574848.00|-5.62|-5.15|-19.97|5.13|6.05|6.08|5.13|23.77|6.41|10404000|67150416.00|1|0.0000|0.0000|0.0000|0|6.41
长海股份|300196|-17.69|5793949|57246608.00|-6.67|-3.47|-18.93|9.26|10.50|10.86|9.12|5.79|11.25|1586800|17821304.00|1|0.0000|0.0000|0.0000|0|11.25
节能铁汉|300197|-17.16|94213345|167704112.00|-6.37|-5.88|-19.61|1.69|1.91|1.92|1.64|94.21|2.04|20907140|42670004.00|1|0.0000|0.0000|0.0000|0|2.04
ST纳川|300198|-4.81|115670330|298637600.00|-10.00|2.96|-10.00|2.57|2.43|2.78|2.43|115.67|2.70|90440700|245402432.00|1|0.0000|0.0000|0.0000|0|2.70
翰宇药业|300199|-20.00|108290852|1485485056.00|-5.00|-3.85|-20.00|12.48|14.82|15.00|12.48|108.29|15.60|80145100|1256131328.00|1|0.0000|0.0000|0.0000|0|15.60
高盟新材|300200|-3.98|66760798|657828352.00|-8.46|5.37|-10.75|9.65|9.20|10.59|8.97|66.76|10.05|47982518|492697696.00|1|0.0000|0.0000|0.0000|0|10.05
海伦哲|300201|-16.30|54840972|266615616.00|-6.16|-5.25|-18.84|4.62|5.18|5.23|4.48|54.84|5.52|19470691|106513800.00|1|0.0000|0.0000|0.0000|0|5.52
聚光科技|300203|2.31|47213666|845745024.00|2.95|8.21|-4.28|17.69|17.80|18.71|16.55|47.21|17.29|12872411|220967344.00|1|0.0000|0.0000|0.0000|0|17.29
舒泰神|300204|-16.84|13867092|92048448.00|-6.23|-3.18|-19.76|6.27|7.07|7.30|6.05|13.87|7.54|8139758|61856680.00|1|0.0000|0.0000|0.0000|0|7.54
*ST天喻|300205|-17.99|10725500|39318872.00|-7.19|-5.76|-19.66|3.42|3.87|3.93|3.35|10.73|4.17|3823200|15929883.00|1|0.0000|0.0000|0.0000|0|4.17
理邦仪器|300206|-17.55|14173900|151024576.00|-7.18|-5.39|-18.78|10.10|11.37|11.59|9.95|14.17|12.25|5805600|71659216.00|1|0.0000|0.0000|0.0000|0|12.25
欣旺达|300207|-20.02|77347448|1358138368.00|-8.81|-7.33|-20.02|16.70|19.04|19.35|16.70|77.35|20.88|43038977|912072320.00|1|0.0000|0.0000|0.0000|0|20.88
有棵树|300209|-19.03|14788100|64698120.00|-8.50|-3.44|-19.84|4.00|4.52|4.77|3.96|14.79|4.94|4584049|22513770.00|1|0.0000|0.0000|0.0000|0|4.94
森远股份|300210|-20.00|19332300|168623520.00|-7.77|-5.34|-20.00|8.24|9.50|9.75|8.24|19.33|10.30|7595179|79282528.00|1|0.0000|0.0000|0.0000|0|10.30
*ST亿通|300211|-19.98|17711421|149516032.00|-10.09|-7.09|-19.98|8.01|9.00|9.30|8.01|17.71|10.01|10527282|105844640.00|1|0.0000|0.0000|0.0000|0|10.01
易华录|300212|-19.88|27769410|582770816.00|-7.79|-4.92|-20.00|19.55|22.50|23.20|19.52|27.77|24.40|11864487|291507680.00|1|0.0000|0.0000|0.0000|0|24.40
佳讯飞鸿|300213|-19.58|54331154|394922272.00|-7.27|-6.45|-20.05|6.86|7.91|7.98|6.82|54.33|8.53|20948826|179599456.00|1|0.0000|0.0000|0.0000|0|8.53
日科化学|300214|-20.06|22251900|122252808.00|-4.48|-4.48|-20.06|5.18|6.19|6.19|5.18|22.25|6.48|7651300|49550240.00|1|0.0000|0.0000|0.0000|0|6.48
电科院|300215|-19.38|26242800|146810288.00|-6.15|-4.77|-20.00|5.24|6.10|6.19|5.20|26.24|6.50|14470000|94422456.00|1|0.0000|0.0000|0.0000|0|6.50
东方电热|300217|-19.19|59778226|253156544.00|-8.28|-6.46|-20.00|4.00|4.54|4.63|3.96|59.78|4.95|21962135|109120864.00|1|0.0000|0.0000|0.0000|0|4.95
安利股份|300218|-19.83|8712828|118746200.00|-13.30|-6.96|-20.01|12.90|13.95|14.97|12.87|8.71|16.09|5446925|87922056.00|1|0.0000|0.0000|0.0000|0|16.09
鸿利智汇|300219|-19.71|27786900|162748176.00|-6.57|-5.55|-20.00|5.50|6.40|6.47|5.48|27.79|6.85|11083904|75759512.00|1|0.0000|0.0000|0.0000|0|6.85
金运激光|300220|-20.03|9292660|118507752.00|-7.16|-6.96|-20.03|12.06|14.00|14.03|12.06|9.29|15.08|3499220|52897580.00|1|0.0000|0.0000|0.0000|0|15.08
银禧科技|300221|-19.43|63208486|465948928.00|-9.09|-6.82|-20.00|7.09|8.00|8.20|7.04|63.21|8.80|52670523|462007008.00|1|0.0000|0.0000|0.0000|0|8.80
科大智能|300222|-19.98|43403462|370720512.00|-8.05|-6.26|-19.98|8.05|9.25|9.43|8.05|43.40|10.06|19685365|200993664.00|1|0.0000|0.0000|0.0000|0|10.06
北京君正|300223|-14.45|23791249|1507395968.00|-6.42|-3.68|-19.33|60.40|66.07|68.00|56.95|23.79|70.60|8933008|631296960.00|1|0.0000|0.0000|0.0000|0|70.60
正海磁材|300224|-11.81|67659699|883471808.00|-4.06|5.02|-18.08|11.95|13.00|14.23|11.10|67.66|13.55|37104546|503079552.00|1|0.0000|0.0000|0.0000|0|13.55
*ST金泰|300225|-17.37|26941800|173599888.00|-5.02|-5.02|-18.32|6.09|7.00|7.00|6.02|26.94|7.37|16914900|124913992.00|1|0.0000|0.0000|0.0000|0|7.37
上海钢联|300226|-18.86|17152431|327965856.00|-8.82|-5.67|-19.98|18.03|20.26|20.96|17.78|17.15|22.22|7692502|171384192.00|1|0.0000|0.0000|0.0000|0|22.22
光韵达|300227|-17.17|21097769|153975904.00|-7.44|-4.68|-19.57|6.90|7.71|7.94|6.70|21.10|8.33|9951700|83440984.00|1|0.0000|0.0000|0.0000|0|8.33
富瑞特装|300228|-18.12|50729476|320774592.00|-6.95|-6.27|-19.89|6.01|6.83|6.88|5.88|50.73|7.34|28448348|210460304.00|1|0.0000|0.0000|0.0000|0|7.34
拓尔思|300229|-20.01|45476361|797846464.00|-8.17|-6.48|-20.01|16.55|19.00|19.35|16.55|45.48|20.69|16249535|337983712.00|1|0.0000|0.0000|0.0000|0|20.69
永利股份|300230|-19.96|72069594|313667232.00|-12.48|-9.79|-19.96|4.17|4.56|4.70|4.17|72.07|5.21|78475960|413799616.00|1|0.0000|0.0000|0.0000|0|5.21
银信科技|300231|-19.87|23534770|224967792.00|-6.18|-4.66|-19.96|8.95|10.48|10.65|8.94|23.53|11.17|7286130|81673016.00|1|0.0000|0.0000|0.0000|0|11.17
洲明科技|300232|-20.06|50611643|306578688.00|-8.13|-7.15|-20.06|5.70|6.55|6.62|5.70|50.61|7.13|21372900|153183440.00|1|0.0000|0.0000|0.0000|0|7.13
金城医药|300233|-20.01|47441602|820208576.00|-9.36|-8.40|-20.01|16.75|18.98|19.18|16.75|47.44|20.94|87756802|1905917696.00|1|0.0000|0.0000|0.0000|0|20.94
开尔新材|300234|-17.18|13730875|58944148.00|-4.29|-4.29|-18.00|4.05|4.68|4.68|4.01|13.73|4.89|4860100|23698062.00|1|0.0000|0.0000|0.0000|0|4.89
方直科技|300235|-20.04|11584196|106383984.00|-3.80|-3.80|-20.04|8.62|10.37|10.37|8.62|11.58|10.78|3486750|37484056.00|1|0.0000|0.0000|0.0000|0|10.78
上海新阳|300236|-13.52|8932240|288802560.00|-4.41|-2.45|-17.23|30.76|34.00|34.70|29.44|8.93|35.57|3337600|119127256.00|1|0.0000|0.0000|0.0000|0|35.57
ST美晨|300237|-14.93|159182792|190022784.00|-7.46|-4.48|-17.91|1.14|1.24|1.28|1.10|159.18|1.34|187026277|256238704.00|1|0.0000|0.0000|0.0000|0|1.34
冠昊生物|300238|-19.99|30556101|380063488.00|-10.57|-6.28|-19.99|11.73|13.11|13.74|11.73|30.56|14.66|33727444|500508960.00|1|0.0000|0.0000|0.0000|0|14.66
东宝生物|300239|-15.85|20299693|99252480.00|-5.10|-3.46|-18.03|4.62|5.21|5.30|4.50|20.30|5.49|12176300|67106572.00|1|0.0000|0.0000|0.0000|0|5.49
飞力达|300240|-3.33|114822171|892094336.00|0.00|10.27|-6.67|7.25|7.50|8.27|7.00|114.82|7.50|75517467|544080000.00|1|0.0000|0.0000|0.0000|0|7.50
瑞丰光电|300241|-20.04|35193924|157770800.00|-5.53|-5.53|-20.04|4.19|4.95|4.95|4.19|35.19|5.24|12489704|65354672.00|1|0.0000|0.0000|0.0000|0|5.24
佳云科技|300242|-19.53|42159200|152005040.00|-10.12|-7.29|-20.00|3.42|3.82|3.94|3.40|42.16|4.25|13349900|56969424.00|1|0.0000|0.0000|0.0000|0|4.25
瑞丰高材|300243|-17.42|8250150|69736552.00|-7.27|-5.94|-19.88|8.06|9.05|9.18|7.82|8.25|9.76|2859430|27809104.00|1|0.0000|0.0000|0.0000|0|9.76
迪安诊断|300244|-18.83|35861091|481105760.00|-8.42|-4.37|-19.99|12.63|14.25|14.88|12.45|35.86|15.56|12055900|188936896.00|1|0.0000|0.0000|0.0000|0|15.56
天玑科技|300245|-20.02|26283550|383228128.00|-7.72|-5.40|-20.02|13.78|15.90|16.30|13.78|26.28|17.23|16576250|288777024.00|1|0.0000|0.0000|0.0000|0|17.23
宝莱特|300246|-19.33|13630635|83413000.00|-4.06|-4.06|-20.03|5.76|6.85|6.85|5.71|13.63|7.14|5539200|39633080.00|1|0.0000|0.0000|0.0000|0|7.14
融捷健康|300247|-19.90|49275200|159982688.00|-6.54|-6.02|-19.90|3.06|3.57|3.59|3.06|49.28|3.82|19617900|74805248.00|1|0.0000|0.0000|0.0000|0|3.82
新开普|300248|-16.67|48404657|625535616.00|-10.73|-8.07|-19.93|12.50|13.39|13.79|12.01|48.40|15.00|27814712|419732384.00|1|0.0000|0.0000|0.0000|0|15.00
依米康|300249|-19.99|32026351|392863360.00|-9.13|-6.09|-19.99|11.57|13.14|13.58|11.57|32.03|14.46|17605200|256070432.00|1|0.0000|0.0000|0.0000|0|14.46
初灵信息|300250|-16.82|12223574|164126208.00|-6.86|-6.86|-19.66|12.86|14.40|14.40|12.42|12.22|15.46|4289200|66580528.00|1|0.0000|0.0000|0.0000|0|15.46
光线传媒|300251|-14.68|168518114|3173331968.00|-5.05|-3.73|-17.61|18.07|20.11|20.39|17.45|168.52|21.18|71452676|1510960128.00|1|0.0000|0.0000|0.0000|0|21.18
金信诺|300252|-20.04|51525560|459417920.00|-8.40|-6.30|-20.04|8.38|9.60|9.82|8.38|51.53|10.48|26981509|286601408.00|1|0.0000|0.0000|0.0000|0|10.48
卫宁健康|300253|-17.36|140480628|1284405120.00|-6.55|-4.27|-19.92|8.71|9.85|10.09|8.44|140.48|10.54|46365346|494751104.00|1|0.0000|0.0000|0.0000|0|10.54
仟源医药|300254|-16.13|27841834|245229936.00|-6.51|-3.41|-19.44|8.37|9.33|9.64|8.04|27.84|9.98|19515632|194212608.00|1|0.0000|0.0000|0.0000|0|9.98
常山药业|300255|-14.58|28876513|504185728.00|-5.32|-3.63|-16.93|16.70|18.51|18.84|16.24|28.88|19.55|10095780|197400640.00|1|0.0000|0.0000|0.0000|0|19.55
星星科技|300256|-19.96|119306469|458912448.00|-8.20|-5.76|-19.96|3.61|4.14|4.25|3.61|119.31|4.51|48713454|221284048.00|1|0.0000|0.0000|0.0000|0|4.51
开山股份|300257|-16.97|17398429|141132736.00|-5.08|-3.78|-19.35|7.68|8.78|8.90|7.46|17.40|9.25|5713700|52764184.00|1|0.0000|0.0000|0.0000|0|9.25
精锻科技|300258|-19.97|36367157|390785024.00|-11.08|-9.20|-19.97|10.26|11.40|11.64|10.26|36.37|12.82|26185275|342136064.00|1|0.0000|0.0000|0.0000|0|12.82
新天科技|300259|-16.15|26725182|83008568.00|-4.82|-4.25|-17.28|2.96|3.36|3.38|2.92|26.73|3.53|9820400|34657680.00|1|0.0000|0.0000|0.0000|0|3.53
新莱应材|300260|1.29|86471427|3144182784.00|-3.47|8.69|-5.02|35.30|33.64|37.88|33.10|86.47|34.85|67653809|2429102080.00|1|0.0000|0.0000|0.0000|0|34.85
雅本化学|300261|-18.40|41307587|236343680.00|-7.69|-5.13|-20.06|5.41|6.12|6.29|5.30|41.31|6.63|18334800|122349456.00|1|0.0000|0.0000|0.0000|0|6.63
隆华科技|300263|-18.47|44184250|286368928.00|-6.83|-6.02|-19.95|6.09|6.96|7.02|5.98|44.18|7.47|24270070|183846112.00|1|0.0000|0.0000|0.0000|0|7.47
佳创视讯|300264|-18.58|25237462|113760296.00|-4.98|-4.98|-19.92|4.25|4.96|4.96|4.18|25.24|5.22|7746000|40495680.00|1|0.0000|0.0000|0.0000|0|5.22
通光线缆|300265|-19.93|41595200|296283744.00|-8.95|-7.16|-20.05|6.71|7.63|7.78|6.70|41.60|8.38|27409148|230783216.00|1|0.0000|0.0000|0.0000|0|8.38
兴源环境|300266|-19.57|50027850|100851240.00|-6.38|-5.53|-20.00|1.89|2.20|2.22|1.88|50.03|2.35|17725350|41873396.00|1|0.0000|0.0000|0.0000|0|2.35
尔康制药|300267|-15.41|57197444|133749040.00|-3.38|-3.38|-18.05|2.25|2.57|2.57|2.18|57.20|2.66|22044386|58596388.00|1|0.0000|0.0000|0.0000|0|2.66
*ST佳沃|300268|-8.23|3496081|31220534.00|-6.67|-1.67|-13.96|8.81|8.96|9.44|8.26|3.50|9.60|2269406|21682678.00|1|0.0000|0.0000|0.0000|0|9.60
联建光电|300269|-17.89|28896500|91354264.00|-4.88|-4.88|-20.05|3.03|3.51|3.51|2.95|28.90|3.69|10145105|37316596.00|1|0.0000|0.0000|0.0000|0|3.69
中威电子|300270|-20.00|12973100|80462704.00|-6.48|-5.10|-20.00|5.80|6.78|6.88|5.80|12.97|7.25|5024800|36510716.00|1|0.0000|0.0000|0.0000|0|7.25
华宇软件|300271|-19.92|39186873|253122624.00|-6.60|-5.28|-20.05|6.07|7.08|7.18|6.06|39.19|7.58|9946100|75574208.00|1|0.0000|0.0000|0.0000|0|7.58
开能健康|300272|-19.97|23875092|129025848.00|-6.24|-6.24|-19.97|5.13|6.01|6.01|5.13|23.88|6.41|15336082|98558496.00|1|0.0000|0.0000|0.0000|0|6.41
阳光电源|300274|-17.11|96744935|5507313152.00|-10.71|-7.74|-20.00|55.70|60.00|62.00|53.76|96.74|67.20|81835826|5557831680.00|1|0.0000|0.0000|0.0000|0|67.20
梅安森|300275|-20.00|16774200|201434048.00|-5.99|-5.77|-20.00|11.36|13.35|13.38|11.36|16.77|14.20|7645880|109537080.00|1|0.0000|0.0000|0.0000|0|14.20
三丰智能|300276|-20.02|117704651|1288120320.00|-9.00|-5.59|-20.02|10.31|11.73|12.17|10.31|117.70|12.89|69353736|899732992.00|1|0.0000|0.0000|0.0000|0|12.89
海联讯|300277|-20.03|16219569|176460672.00|-6.81|-6.81|-20.03|10.22|11.91|11.91|10.22|16.22|12.78|9585900|121890688.00|1|0.0000|0.0000|0.0000|0|12.78
华昌达|300278|-19.94|71382351|374283712.00|-7.13|-5.19|-19.94|4.94|5.73|5.85|4.94|71.38|6.17|23470029|144156656.00|1|0.0000|0.0000|0.0000|0|6.17
和晶科技|300279|-19.62|21160473|114110280.00|-8.07|-6.65|-19.94|5.08|5.81|5.90|5.06|21.16|6.32|6459700|40848516.00|1|0.0000|0.0000|0.0000|0|6.32
金明精机|300281|-14.77|84290310|530048576.00|-10.23|-5.40|-15.77|6.00|6.32|6.66|5.93|84.29|7.04|99446488|710174528.00|1|0.0000|0.0000|0.0000|0|7.04
温州宏丰|300283|-18.76|19168058|95872824.00|-2.93|-2.93|-19.97|4.72|5.64|5.64|4.65|19.17|5.81|9178100|53366836.00|1|0.0000|0.0000|0.0000|0|5.81
苏交科|300284|-19.92|43551599|361091104.00|-7.02|-3.10|-20.02|7.76|9.01|9.39|7.75|43.55|9.69|9185326|88875968.00|1|0.0000|0.0000|0.0000|0|9.69
国瓷材料|300285|-9.10|26775211|437741984.00|-6.23|-4.10|-11.79|16.19|16.70|17.08|15.71|26.78|17.81|18609381|335719648.00|1|0.0000|0.0000|0.0000|0|17.81
安科瑞|300286|-15.31|6380704|129685080.00|-5.54|-5.54|-17.92|19.42|21.66|21.66|18.82|6.38|22.93|2517500|57496596.00|1|0.0000|0.0000|0.0000|0|22.93
飞利信|300287|-20.03|108687930|534741696.00|-13.01|-7.88|-20.03|4.67|5.08|5.38|4.67|108.69|5.84|42975200|252261552.00|1|0.0000|0.0000|0.0000|0|5.84
朗玛信息|300288|-19.99|15168620|193882560.00|-6.42|-5.55|-19.99|11.97|14.00|14.13|11.97|15.17|14.96|5100600|76580992.00|1|0.0000|0.0000|0.0000|0|14.96
利德曼|300289|-17.44|15741778|67411616.00|-4.67|-3.45|-19.47|4.07|4.70|4.76|3.97|15.74|4.93|11318083|56338132.00|1|0.0000|0.0000|0.0000|0|4.93
荣科科技|300290|-20.02|36439750|535399520.00|-7.14|-5.11|-20.02|13.78|16.00|16.35|13.78|36.44|17.23|15425154|265593520.00|1|0.0000|0.0000|0.0000|0|17.23
百纳千成|300291|-19.96|72805579|322235008.00|-7.56|-5.23|-19.96|4.13|4.77|4.89|4.13|72.81|5.16|62268594|323660064.00|1|0.0000|0.0000|0.0000|0|5.16
吴通控股|300292|-19.03|70670391|298170144.00|-5.26|-5.26|-20.04|4.00|4.68|4.68|3.95|70.67|4.94|23354400|115554960.00|1|0.0000|0.0000|0.0000|0|4.94
蓝英装备|300293|-17.26|17065340|337243744.00|-8.21|-5.56|-19.51|18.75|20.80|21.40|18.24|17.07|22.66|8500500|194388992.00|1|0.0000|0.0000|0.0000|0|22.66
博雅生物|300294|9.67|43430660|1288418304.00|5.92|13.05|5.92|29.84|28.82|30.76|28.82|43.43|27.21|3073950|83629344.00|1|0.0000|0.0000|0.0000|0|27.21
三六五网|300295|-20.03|9537817|122244984.00|-6.61|-5.62|-20.03|12.10|14.13|14.28|12.10|9.54|15.13|5732140|86767392.00|1|0.0000|0.0000|0.0000|0|15.13
利亚德|300296|-20.00|197621782|1077315712.00|-9.38|-6.41|-20.00|5.12|5.80|5.99|5.12|197.62|6.40|88903100|575941184.00|1|0.0000|0.0000|0.0000|0|6.40
三诺生物|300298|-16.67|10613794|225676976.00|-2.57|-2.03|-19.90|20.10|23.50|23.63|19.32|10.61|24.12|3479899|83891920.00|1|0.0000|0.0000|0.0000|0|24.12
富春股份|300299|-19.97|39444460|198806096.00|-5.58|-5.08|-19.97|4.73|5.58|5.61|4.73|39.44|5.91|20056331|118917632.00|1|0.0000|0.0000|0.0000|0|5.91
海峡创新|300300|-16.05|22475098|59302164.00|-4.68|-4.68|-19.73|2.51|2.85|2.85|2.40|22.48|2.99|9259500|27746422.00|1|0.0000|0.0000|0.0000|0|2.99
ST长方|300301|-14.07|28868521|51118704.00|-6.03|-4.52|-18.59|1.71|1.87|1.90|1.62|28.87|1.99|12801530|25436266.00|1|0.0000|0.0000|0.0000|0|1.99
同有科技|300302|-20.00|24507587|335825312.00|-6.83|-5.28|-20.00|12.88|15.00|15.25|12.88|24.51|16.10|10859311|176237136.00|1|0.0000|0.0000|0.0000|0|16.10
聚飞光电|300303|-18.98|62059032|335786208.00|-7.18|-4.31|-19.94|5.08|5.82|6.00|5.02|62.06|6.27|23918063|150411344.00|1|0.0000|0.0000|0.0000|0|6.27
云意电气|300304|-19.95|40615666|284204640.00|-8.71|-7.50|-19.95|6.62|7.55|7.65|6.62|40.62|8.27|20630600|173057568.00|1|0.0000|0.0000|0.0000|0|8.27
裕兴股份|300305|-14.55|11356299|54983480.00|-5.09|-4.73|-17.27|4.70|5.22|5.24|4.55|11.36|5.50|4147210|22620664.00|1|0.0000|0.0000|0.0000|0|5.50
远方信息|300306|-18.86|9004700|94927264.00|-6.34|-4.96|-20.00|9.98|11.52|11.69|9.84|9.00|12.30|3372100|41704972.00|1|0.0000|0.0000|0.0000|0|12.30
慈星股份|300307|-19.96|62062816|475244992.00|-9.98|-8.77|-19.96|7.30|8.21|8.32|7.30|62.06|9.12|32076908|297378944.00|1|0.0000|0.0000|0.0000|0|9.12
中际旭创|300308|-20.00|61630666|4754931712.00|-14.68|-12.12|-20.00|75.10|80.10|82.50|75.10|61.63|93.88|42498548|4056901376.00|1|0.0000|0.0000|0.0000|0|93.88
宜通世纪|300310|-20.06|41748690|238961824.00|-7.58|-6.24|-20.06|5.38|6.22|6.31|5.38|41.75|6.73|15690600|105721208.00|1|0.0000|0.0000|0.0000|0|6.73
ST任子行|300311|-20.03|40495539|210622032.00|-7.98|-6.84|-20.03|4.91|5.65|5.72|4.91|40.50|6.14|12743500|78568744.00|1|0.0000|0.0000|0.0000|0|6.14
*ST天山|300313|3.06|16748500|92353872.00|-2.49|10.13|-2.49|5.39|5.10|5.76|5.10|16.75|5.23|3994500|21115292.00|1|0.0000|0.0000|0.0000|0|5.23
戴维医疗|300314|-17.37|11928100|134189688.00|-6.65|-3.83|-18.39|10.56|11.93|12.29|10.43|11.93|12.78|7752212|99333544.00|1|0.0000|0.0000|0.0000|0|12.78
掌趣科技|300315|-18.69|139436776|646284096.00|-4.86|-4.86|-20.00|4.35|5.09|5.09|4.28|139.44|5.35|39117200|209803152.00|1|0.0000|0.0000|0.0000|0|5.35
晶盛机电|300316|-12.14|22020917|623713664.00|-6.13|-5.18|-16.25|27.80|29.70|30.00|26.50|22.02|31.64|7275408|231960416.00|1|0.0000|0.0000|0.0000|0|31.64
珈伟新能|300317|-19.53|56198366|184121008.00|-6.25|-5.73|-19.79|3.09|3.60|3.62|3.08|56.20|3.84|36703075|140160080.00|1|0.0000|0.0000|0.0000|0|3.84
博晖创新|300318|7.44|81328998|520865632.00|3.81|17.65|3.63|6.21|6.00|6.80|5.99|81.33|5.78|6687366|38775428.00|1|0.0000|0.0000|0.0000|0|5.78
麦捷科技|300319|-20.00|37364293|362804480.00|-8.33|-6.14|-20.00|9.12|10.45|10.70|9.12|37.36|11.40|15613231|180051344.00|1|0.0000|0.0000|0.0000|0|11.40
海达股份|300320|-19.81|26536883|243991200.00|-11.12|-7.29|-20.00|8.58|9.51|9.92|8.56|26.54|10.70|12354500|133278992.00|1|0.0000|0.0000|0.0000|0|10.70
同大股份|300321|-12.07|3653300|111173312.00|-5.02|-0.73|-14.26|28.92|31.24|32.65|28.20|3.65|32.89|2902700|94026096.00|1|0.0000|0.0000|0.0000|0|32.89
硕贝德|300322|-20.00|24434398|262646752.00|-9.06|-6.14|-20.00|10.16|11.55|11.92|10.16|24.43|12.70|9217351|117578448.00|1|0.0000|0.0000|0.0000|0|12.70
华灿光电|300323|-20.03|40976755|248089408.00|-9.45|-3.39|-20.03|5.67|6.42|6.85|5.67|40.98|7.09|13170800|93790472.00|1|0.0000|0.0000|0.0000|0|7.09
旋极信息|300324|-19.95|131454275|447410208.00|-8.23|-5.99|-19.95|3.21|3.68|3.77|3.21|131.45|4.01|51492521|207463984.00|1|0.0000|0.0000|0.0000|0|4.01
ST凯利|300326|-16.20|28412715|160318272.00|-4.36|-4.36|-18.85|5.38|6.14|6.14|5.21|28.41|6.42|9883400|63803024.00|1|0.0000|0.0000|0.0000|0|6.42
中颖电子|300327|-17.09|14580126|299509440.00|-6.02|-3.59|-19.99|19.41|22.00|22.57|18.73|14.58|23.41|7170270|170188432.00|1|0.0000|0.0000|0.0000|0|23.41
宜安科技|300328|-19.98|70727683|659311104.00|-10.89|-8.37|-19.98|8.89|9.90|10.18|8.89|70.73|11.11|74174926|836371648.00|1|0.0000|0.0000|0.0000|0|11.11
海伦钢琴|300329|-16.72|12675900|67844464.00|-4.38|-4.38|-19.97|5.13|5.89|5.89|4.93|12.68|6.16|3624100|22375952.00|1|0.0000|0.0000|0.0000|0|6.16
苏大维格|300331|-20.02|10418204|175389280.00|-9.78|-5.93|-20.02|15.78|17.80|18.56|15.78|10.42|19.73|3139700|62198284.00|1|0.0000|0.0000|0.0000|0|19.73
天壕能源|300332|-17.47|32531741|141805424.00|-3.82|-3.82|-19.68|4.11|4.79|4.79|4.00|32.53|4.98|13142700|65041752.00|1|0.0000|0.0000|0.0000|0|4.98
兆日科技|300333|-20.00|22870600|225446944.00|-6.92|-5.98|-20.00|9.36|10.89|11.00|9.36|22.87|11.70|9196800|108472560.00|1|0.0000|0.0000|0.0000|0|11.70
津膜科技|300334|-15.30|9198900|50920496.00|-3.06|-2.09|-17.23|5.26|6.02|6.08|5.14|9.20|6.21|4079000|25107000.00|1|0.0000|0.0000|0.0000|0|6.21
迪森股份|300335|-16.48|30602028|141899120.00|-6.06|-4.73|-18.37|4.41|4.96|5.03|4.31|30.60|5.28|21043900|111052616.00|1|0.0000|0.0000|0.0000|0|5.28
银邦股份|300337|-20.00|40948786|398394816.00|-10.00|-7.39|-20.00|9.20|10.35|10.65|9.20|40.95|11.50|15178190|174801040.00|1|0.0000|0.0000|0.0000|0|11.50
ST开元|300338|-15.07|20872684|87835216.00|-8.07|-4.03|-17.83|4.00|4.33|4.52|3.87|20.87|4.71|13084902|62460956.00|1|0.0000|0.0000|0.0000|0|4.71
润和软件|300339|-11.92|68666278|3199983872.00|-8.18|-3.28|-17.64|45.45|47.38|49.91|42.50|68.67|51.60|19011176|983794112.00|1|0.0000|0.0000|0.0000|0|51.60
科恒股份|300340|-18.84|10467920|88878216.00|-6.08|-6.08|-19.96|8.01|9.27|9.27|7.90|10.47|9.87|2993223|29466270.00|1|0.0000|0.0000|0.0000|0|9.87
麦克奥迪|300341|-20.02|11895713|164197536.00|-10.93|-6.82|-20.02|13.02|14.50|15.17|13.02|11.90|16.28|4691700|76776432.00|1|0.0000|0.0000|0.0000|0|16.28
天银机电|300342|-20.02|28076451|403043488.00|-7.61|-5.64|-20.02|13.46|15.55|15.88|13.46|28.08|16.83|12064209|204273664.00|1|0.0000|0.0000|0.0000|0|16.83
ST联创|300343|-11.59|50155754|179962912.00|-4.79|-4.79|-15.62|3.51|3.78|3.78|3.35|50.16|3.97|22997800|91478712.00|1|0.0000|0.0000|0.0000|0|3.97
*ST立方|300344|-15.96|90592150|700875776.00|-6.97|-6.07|-19.55|7.48|8.28|8.36|7.16|90.59|8.90|112244774|1040845184.00|1|0.0000|0.0000|0.0000|0|8.90
华民股份|300345|-18.50|13368189|60685964.00|-5.97|-3.85|-19.46|4.23|4.88|4.99|4.18|13.37|5.19|4976400|25776970.00|1|0.0000|0.0000|0.0000|0|5.19
南大光电|300346|-6.21|48091506|1768839552.00|-3.48|2.54|-10.67|35.06|36.08|38.33|33.39|48.09|37.38|15464614|575791552.00|1|0.0000|0.0000|0.0000|0|37.38
泰格医药|300347|-10.72|15833348|743172864.00|-5.65|-3.57|-14.44|45.80|48.40|49.47|43.89|15.83|51.30|6532180|335570944.00|1|0.0000|0.0000|0.0000|0|51.30
长亮科技|300348|-19.21|50619069|563493440.00|-6.66|-3.95|-19.98|10.43|12.05|12.40|10.33|50.62|12.91|20076512|260902720.00|1|0.0000|0.0000|0.0000|0|12.91
金卡智能|300349|-16.62|16869195|196358992.00|-5.04|-5.04|-19.25|11.09|12.63|12.63|10.74|16.87|13.30|5630100|74943504.00|1|0.0000|0.0000|0.0000|0|13.30
华鹏飞|300350|-13.61|59341058|316411104.00|-4.19|-1.05|-17.63|4.95|5.49|5.67|4.72|59.34|5.73|56509160|316136064.00|1|0.0000|0.0000|0.0000|0|5.73
永贵电器|300351|-19.98|20909647|308429568.00|-6.89|-6.89|-19.98|13.82|16.08|16.08|13.82|20.91|17.27|7526374|130372120.00|1|0.0000|0.0000|0.0000|0|17.27
北信源|300352|-19.60|70755241|307740128.00|-5.54|-4.75|-20.00|4.06|4.77|4.81|4.04|70.76|5.05|18855298|95540760.00|1|0.0000|0.0000|0.0000|0|5.05
东土科技|300353|-15.68|151117055|3022951424.00|-5.14|-2.94|-19.94|19.20|21.60|22.10|18.23|151.12|22.77|137976808|3216213248.00|1|0.0000|0.0000|0.0000|0|22.77
东华测试|300354|-20.01|7024434|257804528.00|-9.66|-5.79|-20.01|34.54|39.01|40.68|34.54|7.02|43.18|2762334|118706496.00|1|0.0000|0.0000|0.0000|0|43.18
蒙草生态|300355|-18.34|95404222|377095136.00|-6.55|-5.02|-19.65|3.74|4.28|4.35|3.68|95.40|4.58|21994580|101190424.00|1|0.0000|0.0000|0.0000|0|4.58
我武生物|300357|-13.31|16389580|334173344.00|-5.98|-2.28|-16.93|19.41|21.05|21.88|18.60|16.39|22.39|12839731|288498688.00|1|0.0000|0.0000|0.0000|0|22.39
楚天科技|300358|-17.97|31334144|216017680.00|-7.06|-3.21|-19.77|6.39|7.24|7.54|6.25|31.33|7.79|32244681|254649504.00|1|0.0000|0.0000|0.0000|0|7.79
全通教育|300359|-19.93|25639206|128936480.00|-6.25|-5.74|-19.93|4.74|5.55|5.58|4.74|25.64|5.92|7921440|46761512.00|1|0.0000|0.0000|0.0000|0|5.92
炬华科技|300360|-12.85|19653530|310025472.00|-7.28|-5.69|-15.58|15.33|16.31|16.59|14.85|19.65|17.59|14112030|250662944.00|1|0.0000|0.0000|0.0000|0|17.59
博腾股份|300363|-20.01|29492800|482332736.00|-6.85|-4.51|-20.01|15.07|17.55|17.99|15.07|29.49|18.84|24612025|469677248.00|1|0.0000|0.0000|0.0000|0|18.84
中文在线|300364|-20.01|38936833|761997248.00|-8.62|-5.67|-20.01|18.47|21.10|21.78|18.47|38.94|23.09|11788500|273380768.00|1|0.0000|0.0000|0.0000|0|23.09
恒华科技|300365|-19.87|21790100|114193328.00|-9.03|-5.25|-20.03|4.88|5.54|5.77|4.87|21.79|6.09|8144424|49598576.00|1|0.0000|0.0000|0.0000|0|6.09
ST创意|300366|-17.81|52598850|298167072.00|-4.87|-4.11|-19.94|5.40|6.25|6.30|5.26|52.60|6.57|39945706|265141808.00|1|0.0000|0.0000|0.0000|0|6.57
汇金股份|300368|-17.36|19859000|85004360.00|-7.02|-3.72|-19.83|4.00|4.50|4.66|3.88|19.86|4.84|6646600|32230614.00|1|0.0000|0.0000|0.0000|0|4.84
绿盟科技|300369|-18.45|31196698|197469968.00|-6.78|-5.83|-19.81|6.01|6.87|6.94|5.91|31.20|7.37|9238100|68300000.00|1|0.0000|0.0000|0.0000|0|7.37
安控科技|300370|-19.45|61940136|156647536.00|-4.44|-4.44|-19.80|2.36|2.80|2.80|2.35|61.94|2.93|18445600|54251320.00|1|0.0000|0.0000|0.0000|0|2.93
汇中股份|300371|-16.13|6076943|56985064.00|-5.84|-5.65|-20.02|9.05|10.16|10.18|8.63|6.08|10.79|2941006|31576082.00|1|0.0000|0.0000|0.0000|0|10.79
扬杰科技|300373|-14.97|19947812|825112768.00|-5.16|-3.57|-18.49|39.54|44.10|44.84|37.90|19.95|46.50|11616175|544960448.00|1|0.0000|0.0000|0.0000|0|46.50
中铁装配|300374|-15.21|11986270|177526640.00|-4.79|-2.99|-17.49|14.16|15.90|16.20|13.78|11.99|16.70|6688673|111754064.00|1|0.0000|0.0000|0.0000|0|16.70
鹏翎股份|300375|-19.17|53192784|217570320.00|-8.33|-5.83|-20.00|3.88|4.40|4.52|3.84|53.19|4.80|29541507|143181856.00|1|0.0000|0.0000|0.0000|0|4.80
ST易事特|300376|-13.45|34615753|104829960.00|-5.85|-5.26|-19.30|2.96|3.22|3.24|2.76|34.62|3.42|8089000|27531758.00|1|0.0000|0.0000|0.0000|0|3.42
赢时胜|300377|-17.84|75192998|1592115712.00|-9.12|-4.56|-20.02|19.99|22.11|23.22|19.46|75.19|24.33|37269862|913265600.00|1|0.0000|0.0000|0.0000|0|24.33
鼎捷数智|300378|-20.01|17072964|525764512.00|-11.24|-7.32|-20.01|29.18|32.38|33.81|29.18|17.07|36.48|10881101|399401184.00|1|0.0000|0.0000|0.0000|0|36.48
东通退|300379|-16.88|32670790|443596544.00|-6.77|-4.77|-19.97|12.90|14.47|14.78|12.42|32.67|15.52|11903580|184294704.00|1|0.0000|0.0000|0.0000|0|15.52
安硕信息|300380|1.74|27516064|1410969344.00|-5.87|5.77|-5.87|52.04|48.15|54.10|48.15|27.52|51.15|19314327|998561728.00|1|0.0000|0.0000|0.0000|0|51.15
溢多利|300381|-14.18|37583311|287859840.00|-3.00|-1.92|-16.35|7.14|8.07|8.16|6.96|37.58|8.32|43451572|358196864.00|1|0.0000|0.0000|0.0000|0|8.32
斯莱克|300382|-20.00|27634086|280225728.00|-10.58|-7.58|-20.00|9.60|10.73|11.09|9.60|27.63|12.00|15169316|183040304.00|1|0.0000|0.0000|0.0000|0|12.00
光环新网|300383|-18.65|105621728|1487291904.00|-8.84|-3.84|-19.99|13.35|14.96|15.78|13.13|105.62|16.41|45986097|761116352.00|1|0.0000|0.0000|0.0000|0|16.41
三联虹普|300384|-17.65|14498372|243357728.00|-7.36|-4.89|-19.87|16.00|18.00|18.48|15.57|14.50|19.43|5841600|114407168.00|1|0.0000|0.0000|0.0000|0|19.43
雪浪环境|300385|-17.83|8518500|34664792.00|-4.88|-4.46|-19.96|3.87|4.48|4.50|3.77|8.52|4.71|3234172|15129398.00|1|0.0000|0.0000|0.0000|0|4.71
飞天诚信|300386|-20.03|14407564|178423168.00|-8.30|-6.24|-20.03|11.66|13.37|13.67|11.66|14.41|14.58|6320429|92675792.00|1|0.0000|0.0000|0.0000|0|14.58
富邦科技|300387|-13.59|18345233|144257232.00|-6.00|-4.87|-15.74|7.63|8.30|8.40|7.44|18.35|8.83|8431200|74251512.00|1|0.0000|0.0000|0.0000|0|8.83
节能国祯|300388|-14.52|13547756|89070752.00|-6.78|-4.48|-16.28|6.30|6.87|7.04|6.17|13.55|7.37|4428335|32543506.00|1|0.0000|0.0000|0.0000|0|7.37
艾比森|300389|-20.00|8488002|79017344.00|-5.36|-5.36|-20.00|8.80|10.41|10.41|8.80|8.49|11.00|3673400|40343920.00|1|0.0000|0.0000|0.0000|0|11.00
天华新能|300390|-18.61|26362359|485272704.00|-8.67|-5.02|-20.02|17.36|19.48|20.26|17.06|26.36|21.33|5257962|112326000.00|1|0.0000|0.0000|0.0000|0|21.33
*ST长药|300391|-19.96|20196050|92529416.00|-9.51|-6.72|-19.96|4.29|4.85|5.00|4.29|20.20|5.36|14252050|76621512.00|1|0.0000|0.0000|0.0000|0|5.36
中来股份|300393|-18.17|36755294|184397856.00|-6.57|-5.02|-20.07|4.73|5.40|5.49|4.62|36.76|5.78|10444901|60487228.00|1|0.0000|0.0000|0.0000|0|5.78
天孚通信|300394|-20.00|24267646|1604323968.00|-11.92|-10.13|-20.00|63.56|69.98|71.40|63.56|24.27|79.45|22756648|1836563840.00|1|0.0000|0.0000|0.0000|0|79.45
菲利华|300395|-1.96|12598625|571507328.00|-2.45|1.00|-10.02|46.00|45.77|47.39|42.22|12.60|46.92|6705037|313569632.00|1|0.0000|0.0000|0.0000|0|46.92
迪瑞医疗|300396|-14.45|11377229|148878736.00|-5.45|-3.89|-16.29|12.55|13.87|14.10|12.28|11.38|14.67|6591219|97579056.00|1|0.0000|0.0000|0.0000|0|14.67
天和防务|300397|-16.95|42367099|439549504.00|-5.37|-4.45|-19.88|9.90|11.28|11.39|9.55|42.37|11.92|21595460|261620912.00|1|0.0000|0.0000|0.0000|0|11.92
飞凯材料|300398|-9.09|69253584|1219923456.00|-6.42|-0.27|-16.42|17.00|17.50|18.65|15.63|69.25|18.70|56438149|1043231360.00|1|0.0000|0.0000|0.0000|0|18.70
天利科技|300399|-19.98|10571960|186127408.00|-9.43|-5.76|-19.98|16.54|18.72|19.48|16.54|10.57|20.67|5086400|105736008.00|1|0.0000|0.0000|0.0000|0|20.67
劲拓股份|300400|-19.98|9863800|137117920.00|-6.25|-6.07|-19.98|13.06|15.30|15.33|13.06|9.86|16.32|3869800|63171956.00|1|0.0000|0.0000|0.0000|0|16.32
花园生物|300401|-15.00|25376150|320706784.00|-4.93|-3.80|-18.24|12.07|13.50|13.66|11.61|25.38|14.20|11798300|167422464.00|1|0.0000|0.0000|0.0000|0|14.20
宝色股份|300402|-18.79|23580819|358728544.00|-6.40|-4.47|-19.98|14.35|16.54|16.88|14.14|23.58|17.67|16489101|295318336.00|1|0.0000|0.0000|0.0000|0|17.67
汉宇集团|300403|-20.03|46153256|617914496.00|-10.23|-7.45|-20.03|12.66|14.21|14.65|12.66|46.15|15.83|31430988|504655872.00|1|0.0000|0.0000|0.0000|0|15.83
博济医药|300404|-19.47|31315775|280056480.00|-5.36|-3.02|-19.96|8.27|9.72|9.96|8.22|31.32|10.27|19025820|196406080.00|1|0.0000|0.0000|0.0000|0|10.27
科隆股份|300405|-14.90|15058190|61064396.00|-6.05|-6.05|-17.93|3.94|4.35|4.35|3.80|15.06|4.63|8352400|38279300.00|1|0.0000|0.0000|0.0000|0|4.63
九强生物|300406|-12.92|10575700|155438976.00|-7.75|-4.37|-15.62|14.16|15.00|15.55|13.72|10.58|16.26|4472393|73260008.00|1|0.0000|0.0000|0.0000|0|16.26
凯发电气|300407|-19.96|11905057|114452152.00|-5.19|-4.92|-19.96|8.94|10.59|10.62|8.94|11.91|11.17|7287500|80827960.00|1|0.0000|0.0000|0.0000|0|11.17
三环集团|300408|-7.56|25955507|928877952.00|-3.41|-2.84|-9.85|35.20|36.78|37.00|34.33|25.96|38.08|15287315|587471424.00|1|0.0000|0.0000|0.0000|0|38.08
道氏技术|300409|-17.59|62049299|817796992.00|-9.88|-7.59|-19.88|12.60|13.78|14.13|12.25|62.05|15.29|36475763|564075968.00|1|0.0000|0.0000|0.0000|0|15.29
正业科技|300410|-19.81|19606934|86809304.00|-4.85|-4.66|-20.00|4.13|4.90|4.91|4.12|19.61|5.15|12440707|64403292.00|1|0.0000|0.0000|0.0000|0|5.15
金盾股份|300411|-20.03|19090300|201641632.00|-8.85|-5.87|-20.03|9.94|11.33|11.70|9.94|19.09|12.43|7502260|93476048.00|1|0.0000|0.0000|0.0000|0|12.43
迦南科技|300412|-19.93|27441190|128664024.00|-6.95|-4.94|-19.93|4.38|5.09|5.20|4.38|27.44|5.47|14268210|78335096.00|1|0.0000|0.0000|0.0000|0|5.47
芒果超媒|300413|-8.60|18996796|509131136.00|-4.86|-1.59|-11.06|25.94|27.00|27.93|25.24|19.00|28.38|10015071|283865920.00|1|0.0000|0.0000|0.0000|0|28.38
中光防雷|300414|-19.69|10718300|70951504.00|-9.01|-4.76|-19.95|6.24|7.07|7.40|6.22|10.72|7.77|4295600|33410584.00|1|0.0000|0.0000|0.0000|0|7.77
伊之密|300415|-13.86|21267554|416463968.00|-7.84|-7.02|-16.58|19.02|20.35|20.53|18.42|21.27|22.08|14318164|320515360.00|1|0.0000|0.0000|0.0000|0|22.08
苏试试验|300416|-4.73|35170258|577006528.00|-9.58|-0.06|-9.99|16.31|15.48|17.11|15.41|35.17|17.12|28487887|482180960.00|1|0.0000|0.0000|0.0000|0|17.12
南华仪器|300417|-18.52|4784350|45969912.00|-6.08|-5.37|-19.95|9.11|10.50|10.58|8.95|4.78|11.18|1935273|21574894.00|1|0.0000|0.0000|0.0000|0|11.18
昆仑万维|300418|-20.01|52581269|1529067904.00|-6.35|-5.35|-20.01|27.23|31.88|32.22|27.23|52.58|34.04|15265174|519755392.00|1|0.0000|0.0000|0.0000|0|34.04
ST浩丰|300419|-18.35|24389900|115929472.00|-5.69|-4.95|-20.00|4.45|5.14|5.18|4.36|24.39|5.45|9291500|50409016.00|1|0.0000|0.0000|0.0000|0|5.45
五洋自控|300420|-18.77|55218178|139375744.00|-6.14|-5.46|-20.14|2.38|2.75|2.77|2.34|55.22|2.93|18463512|54228048.00|1|0.0000|0.0000|0.0000|0|2.93
力星股份|300421|-19.98|40467140|578742784.00|-11.14|-8.72|-19.98|13.58|15.08|15.49|13.58|40.47|16.97|48482506|856358784.00|1|0.0000|0.0000|0.0000|0|16.97
博世科|300422|-14.52|16303945|61109464.00|-5.24|-4.76|-15.95|3.59|3.98|4.00|3.53|16.30|4.20|7206840|30092984.00|1|0.0000|0.0000|0.0000|0|4.20
昇辉科技|300423|-19.95|20754200|149741248.00|-5.17|-3.12|-19.95|6.66|7.89|8.06|6.66|20.75|8.32|11910596|99378936.00|1|0.0000|0.0000|0.0000|0|8.32
航新科技|300424|-19.97|13406059|172022976.00|-5.88|-4.14|-19.97|11.98|14.09|14.35|11.98|13.41|14.97|2936200|44023180.00|1|0.0000|0.0000|0.0000|0|14.97
中建环能|300425|-14.31|29750459|136171888.00|-3.73|-3.53|-17.25|4.37|4.91|4.92|4.22|29.75|5.10|10886655|55500596.00|1|0.0000|0.0000|0.0000|0|5.10
华智数媒|300426|-15.78|23238941|231422656.00|-8.95|-4.43|-20.04|9.50|10.27|10.78|9.02|23.24|11.28|17343400|196565744.00|1|0.0000|0.0000|0.0000|0|11.28
红相股份|300427|-20.00|21770888|97806040.00|-5.33|-5.14|-20.00|4.20|4.97|4.98|4.20|21.77|5.25|6107751|32092558.00|1|0.0000|0.0000|0.0000|0|5.25
立中集团|300428|-17.95|16316024|252871696.00|-10.26|-6.35|-20.01|14.72|16.10|16.80|14.35|16.32|17.94|6224520|112413288.00|1|0.0000|0.0000|0.0000|0|17.94
强力新材|300429|-14.22|38920777|432573216.00|-9.29|-3.15|-18.17|10.62|11.23|11.99|10.13|38.92|12.38|25559455|322346912.00|1|0.0000|0.0000|0.0000|0|12.38
诚益通|300430|-18.49|22496570|358916320.00|-8.06|-5.91|-20.00|15.16|17.10|17.50|14.88|22.50|18.60|13522710|253869760.00|1|0.0000|0.0000|0.0000|0|18.60
富临精工|300432|-19.99|63110023|1018576768.00|-9.19|-7.83|-19.99|15.33|17.40|17.66|15.33|63.11|19.16|30758917|591203776.00|1|0.0000|0.0000|0.0000|0|19.16
蓝思科技|300433|-20.02|119952510|2223969280.00|-13.82|-12.09|-20.02|18.06|19.46|19.85|18.06|119.95|22.58|111753337|2589225472.00|1|0.0000|0.0000|0.0000|0|22.58
金石亚药|300434|-16.92|14975800|111781688.00|-4.43|-4.20|-19.02|7.12|8.19|8.21|6.94|14.98|8.57|7904900|67895632.00|1|0.0000|0.0000|0.0000|0|8.57
中泰股份|300435|-15.17|14666203|171156512.00|-5.41|-5.41|-19.14|11.30|12.60|12.60|10.77|14.67|13.32|6427600|86069816.00|1|0.0000|0.0000|0.0000|0|13.32
广生堂|300436|-20.00|6958661|190488080.00|-6.61|-4.90|-20.00|25.64|29.93|30.48|25.64|6.96|32.05|3873842|126178120.00|1|0.0000|0.0000|0.0000|0|32.05
清水源|300437|-17.83|10546235|71598384.00|-4.20|-4.20|-19.49|6.45|7.52|7.52|6.32|10.55|7.85|4516801|35463804.00|1|0.0000|0.0000|0.0000|0|7.85
鹏辉能源|300438|-20.00|18906167|433303904.00|-9.81|-5.36|-20.00|21.36|24.08|25.27|21.36|18.91|26.70|5330600|142496448.00|1|0.0000|0.0000|0.0000|0|26.70
美康生物|300439|-15.36|20383277|218783216.00|-4.64|-1.18|-18.14|10.03|11.30|11.71|9.70|20.38|11.85|17297160|206207504.00|1|0.0000|0.0000|0.0000|0|11.85
运达科技|300440|-14.11|26652286|208243856.00|-6.71|-5.12|-15.70|7.55|8.20|8.34|7.41|26.65|8.79|15876200|140567072.00|1|0.0000|0.0000|0.0000|0|8.79
鲍斯股份|300441|-16.77|35607735|297203936.00|-7.41|-7.00|-19.86|8.09|9.00|9.04|7.79|35.61|9.72|19043060|186677296.00|1|0.0000|0.0000|0.0000|0|9.72
润泽科技|300442|-10.38|39187889|1954929792.00|-9.03|-5.48|-17.95|50.24|51.00|52.99|46.00|39.19|56.06|13239727|743933120.00|1|0.0000|0.0000|0.0000|0|56.06
金雷股份|300443|-16.18|13788697|250739568.00|-6.43|-6.43|-19.40|17.46|19.49|19.49|16.79|13.79|20.83|9574900|202013344.00|1|0.0000|0.0000|0.0000|0|20.83
双杰电气|300444|-17.41|65885784|422875040.00|-8.50|-6.61|-19.43|6.12|6.78|6.92|5.97|65.89|7.41|33537666|249320416.00|1|0.0000|0.0000|0.0000|0|7.41
康斯特|300445|-19.98|10514960|180179712.00|-10.09|-5.84|-19.98|16.02|18.00|18.85|16.02|10.51|20.02|10067140|205305344.00|1|0.0000|0.0000|0.0000|0|20.02
航天智造|300446|-9.63|47201267|901336320.00|-7.55|-1.79|-14.47|18.68|19.11|20.30|17.68|47.20|20.67|35065820|723551616.00|1|0.0000|0.0000|0.0000|0|20.67
全信股份|300447|-18.32|11587650|136298544.00|-4.76|-4.10|-20.00|11.15|13.00|13.09|10.92|11.59|13.65|3521000|47973128.00|1|0.0000|0.0000|0.0000|0|13.65
浩云科技|300448|-20.06|26134939|151470608.00|-7.08|-6.64|-20.06|5.42|6.30|6.33|5.42|26.13|6.78|10943557|73903912.00|1|0.0000|0.0000|0.0000|0|6.78
汉邦高科|300449|-19.97|31101200|197739920.00|-7.01|-7.01|-19.97|6.05|7.03|7.03|6.05|31.10|7.56|19536783|148857152.00|1|0.0000|0.0000|0.0000|0|7.56
先导智能|300450|-16.63|48538451|873073664.00|-6.51|-6.51|-19.04|17.30|19.40|19.40|16.80|48.54|20.75|13090695|272704704.00|1|0.0000|0.0000|0.0000|0|20.75
创业慧康|300451|-20.00|116931430|623098112.00|-7.90|-4.19|-20.00|4.96|5.71|5.94|4.96|116.93|6.20|56764919|354183808.00|1|0.0000|0.0000|0.0000|0|6.20
山河药辅|300452|-11.31|10280876|117369544.00|-3.17|-1.22|-14.97|10.90|11.90|12.14|10.45|10.28|12.29|5571518|68155872.00|1|0.0000|0.0000|0.0000|0|12.29
三鑫医疗|300453|-10.62|16008790|120970680.00|-2.20|-2.20|-14.04|7.32|8.01|8.01|7.04|16.01|8.19|9679254|79124920.00|1|0.0000|0.0000|0.0000|0|8.19
深信服|300454|-13.17|13912165|1277385216.00|-6.64|-2.91|-16.45|88.36|95.00|98.80|85.02|13.91|101.76|4865620|498947424.00|1|0.0000|0.0000|0.0000|0|101.76
航天智装|300455|-16.78|22012576|256952608.00|-5.44|-4.08|-19.58|11.01|12.51|12.69|10.64|22.01|13.23|11099828|148496480.00|1|0.0000|0.0000|0.0000|0|13.23
赛微电子|300456|-17.88|24900096|366917888.00|-4.95|-3.04|-20.02|13.78|15.95|16.27|13.42|24.90|16.78|8215600|138592400.00|1|0.0000|0.0000|0.0000|0|16.78
赢合科技|300457|-20.02|24982180|409717536.00|-9.52|-7.54|-20.02|15.38|17.40|17.78|15.38|24.98|19.23|8639380|167420880.00|1|0.0000|0.0000|0.0000|0|19.23
全志科技|300458|-13.57|53203218|2341241088.00|-12.32|-5.98|-18.92|42.80|43.42|46.56|40.15|53.20|49.52|29440534|1486746112.00|1|0.0000|0.0000|0.0000|0|49.52
汤姆猫|300459|-19.96|283919268|1327750656.00|-9.07|-5.81|-19.96|4.41|5.01|5.19|4.41|283.92|5.51|121876194|672295488.00|1|0.0000|0.0000|0.0000|0|5.51
ST惠伦|300460|-19.49|11811962|120176912.00|-6.38|-5.53|-19.83|9.46|11.00|11.10|9.42|11.81|11.75|4361645|51663704.00|1|0.0000|0.0000|0.0000|0|11.75
田中精机|300461|-19.98|6534600|111853992.00|-7.21|-7.06|-19.98|16.10|18.67|18.70|16.10|6.53|20.12|4685440|94372368.00|1|0.0000|0.0000|0.0000|0|20.12
ST华铭|300462|-13.22|10203094|78438432.00|-7.34|-4.97|-19.32|7.68|8.20|8.41|7.14|10.20|8.85|5566800|48874692.00|1|0.0000|0.0000|0.0000|0|8.85
迈克生物|300463|-15.24|20924067|250669360.00|-3.21|-2.91|-18.60|11.35|12.96|13.00|10.90|20.92|13.39|6115700|81992024.00|1|0.0000|0.0000|0.0000|0|13.39
星徽股份|300464|-19.27|12875700|51411752.00|-8.78|-6.00|-19.91|3.77|4.26|4.39|3.74|12.88|4.67|5732900|26559008.00|1|0.0000|0.0000|0.0000|0|4.67
高伟达|300465|-19.99|28240418|354634272.00|-8.29|-4.83|-19.99|11.77|13.49|14.00|11.77|28.24|14.71|12457600|183890656.00|1|0.0000|0.0000|0.0000|0|14.71
赛摩智能|300466|-20.04|47605260|441812736.00|-12.22|-8.27|-20.04|8.70|9.55|9.98|8.70|47.61|10.88|64035600|715483264.00|1|0.0000|0.0000|0.0000|0|10.88
迅游科技|300467|-20.01|10908900|183831776.00|-7.80|-4.76|-20.01|15.79|18.20|18.80|15.79|10.91|19.74|7419400|147212496.00|1|0.0000|0.0000|0.0000|0|19.74
四方精创|300468|6.40|106838771|1863196544.00|-5.74|11.71|-6.40|17.62|15.61|18.50|15.50|106.84|16.56|40151939|655487424.00|1|0.0000|0.0000|0.0000|0|16.56
信息发展|300469|-15.94|20190392|537225216.00|-6.27|-3.73|-19.97|25.47|28.40|29.17|24.25|20.19|30.30|13044934|395037504.00|1|0.0000|0.0000|0.0000|0|30.30
中密控股|300470|-11.64|7547788|254731616.00|-7.28|-4.04|-15.70|33.03|34.66|35.87|31.51|7.55|37.38|3451999|129557136.00|1|0.0000|0.0000|0.0000|0|37.38
厚普股份|300471|-20.00|15161865|114481480.00|-5.39|-5.39|-20.00|7.12|8.42|8.42|7.12|15.16|8.90|4314300|38403492.00|1|0.0000|0.0000|0.0000|0|8.90
*ST新元|300472|-15.82|22288800|95596136.00|-5.07|-4.26|-19.68|4.15|4.68|4.72|3.96|22.29|4.93|19464500|96194224.00|1|0.0000|0.0000|0.0000|0|4.93
德尔股份|300473|-18.03|13128130|318269920.00|-8.94|-6.38|-19.49|23.01|25.56|26.28|22.60|13.13|28.07|7928876|223232656.00|1|0.0000|0.0000|0.0000|0|28.07
景嘉微|300474|-17.18|19954422|1361831296.00|-5.50|-4.06|-19.95|64.50|73.60|74.72|62.34|19.95|77.88|5329889|414557408.00|1|0.0000|0.0000|0.0000|0|77.88
香农芯创|300475|-19.99|38819696|1125511040.00|-10.69|-6.10|-19.99|27.17|30.33|31.89|27.17|38.82|33.96|31516449|1094567040.00|1|0.0000|0.0000|0.0000|0|33.96
胜宏科技|300476|-13.29|76641328|4869636608.00|-11.97|-8.77|-18.36|63.30|64.26|66.60|59.60|76.64|73.00|56758623|4253617152.00|1|0.0000|0.0000|0.0000|0|73.00
ST合纵|300477|-19.87|99429598|253387968.00|-6.62|-6.62|-19.87|2.42|2.82|2.82|2.42|99.43|3.02|56012404|170013360.00|1|0.0000|0.0000|0.0000|0|3.02
杭州高新|300478|-20.00|7550620|77033976.00|-9.92|-4.42|-20.00|9.60|10.81|11.47|9.60|7.55|12.00|3305200|39619960.00|1|0.0000|0.0000|0.0000|0|12.00
神思电子|300479|-17.87|12633762|227943664.00|-8.26|-5.96|-19.64|17.10|19.10|19.58|16.73|12.63|20.82|6102613|127416416.00|1|0.0000|0.0000|0.0000|0|20.82
光力科技|300480|-19.87|13787773|162706736.00|-4.93|-4.93|-20.01|11.05|13.11|13.11|11.03|13.79|13.79|6286742|87921080.00|1|0.0000|0.0000|0.0000|0|13.79
濮阳惠成|300481|-15.89|12458268|164386272.00|-5.05|-3.03|-18.45|12.49|14.10|14.40|12.11|12.46|14.85|5231602|77796128.00|1|0.0000|0.0000|0.0000|0|14.85
万孚生物|300482|-16.49|16266793|339804320.00|-5.38|-3.53|-18.97|19.85|22.49|22.93|19.26|16.27|23.77|5594130|133072224.00|1|0.0000|0.0000|0.0000|0|23.77
首华燃气|300483|-19.09|10184409|73499816.00|-4.53|-4.53|-19.93|6.78|8.00|8.00|6.71|10.18|8.38|5161849|43137464.00|1|0.0000|0.0000|0.0000|0|8.38
蓝海华腾|300484|-19.99|9891400|169385360.00|-9.10|-5.15|-19.99|16.17|18.37|19.17|16.17|9.89|20.21|4901400|98499728.00|1|0.0000|0.0000|0.0000|0|20.21
赛升药业|300485|-19.38|40638579|308285856.00|-5.93|-5.25|-19.84|7.07|8.25|8.31|7.03|40.64|8.77|50352204|447272128.00|1|0.0000|0.0000|0.0000|0|8.77
东杰智能|300486|-20.00|18198535|104546704.00|-6.87|-5.97|-20.00|5.36|6.24|6.30|5.36|18.20|6.70|7689100|51536184.00|1|0.0000|0.0000|0.0000|0|6.70
蓝晓科技|300487|-8.35|8661366|374755680.00|-4.98|-2.18|-11.58|42.50|44.06|45.36|41.00|8.66|46.37|2283983|105933480.00|1|0.0000|0.0000|0.0000|0|46.37
恒锋工具|300488|-20.01|3801248|117013072.00|-6.59|-6.11|-20.01|28.79|33.62|33.79|28.79|3.80|35.99|2381109|86774656.00|1|0.0000|0.0000|0.0000|0|35.99
光智科技|300489|-20.00|5351243|223586288.00|-8.46|-5.06|-20.00|39.05|44.68|46.34|39.05|5.35|48.81|2275450|112688128.00|1|0.0000|0.0000|0.0000|0|48.81
华自科技|300490|-19.05|19829838|136224032.00|-5.39|-5.39|-19.67|6.46|7.55|7.55|6.41|19.83|7.98|6388000|51295300.00|1|0.0000|0.0000|0.0000|0|7.98
通合科技|300491|-19.45|11402060|172750496.00|-6.73|-3.90|-19.95|14.25|16.50|17.00|14.16|11.40|17.69|5092900|90705384.00|1|0.0000|0.0000|0.0000|0|17.69
华图山鼎|300492|-12.99|2074355|158790240.00|-3.26|-2.64|-17.16|74.62|82.96|83.50|71.04|2.07|85.76|577500|50015256.00|1|0.0000|0.0000|0.0000|0|85.76
润欣科技|300493|-20.01|34588107|624905856.00|-9.68|-7.69|-20.01|17.27|19.50|19.93|17.27|34.59|21.59|22240475|485710848.00|1|0.0000|0.0000|0.0000|0|21.59
盛天网络|300494|-19.37|26343200|270763232.00|-5.24|-4.57|-20.03|9.70|11.40|11.48|9.62|26.34|12.03|14059426|169742864.00|1|0.0000|0.0000|0.0000|0|12.03
中科创达|300496|-20.00|24500702|1200345088.00|-8.73|-5.46|-20.00|45.57|51.99|53.85|45.57|24.50|56.96|7904381|453321536.00|1|0.0000|0.0000|0.0000|0|56.96
富祥药业|300497|-18.17|18640447|138360688.00|-7.03|-5.04|-19.23|6.98|7.93|8.10|6.89|18.64|8.53|10499251|89948088.00|1|0.0000|0.0000|0.0000|0|8.53
温氏股份|300498|-1.99|148095297|2506858240.00|-1.11|1.52|-3.99|16.72|16.87|17.32|16.38|148.10|17.06|60699842|1029250688.00|1|0.0000|0.0000|0.0000|0|17.06
高澜股份|300499|-20.00|23716159|394374496.00|-9.65|-5.56|-20.00|15.84|17.89|18.70|15.84|23.72|19.80|15632789|308829056.00|1|0.0000|0.0000|0.0000|0|19.80
启迪设计|300500|-17.44|6239646|59265436.00|-5.02|-5.02|-19.82|9.04|10.40|10.40|8.78|6.24|10.95|2637500|28789320.00|1|0.0000|0.0000|0.0000|0|10.95
海顺新材|300501|-18.07|9727108|131964400.00|-0.96|-0.96|-18.71|12.79|15.46|15.46|12.69|9.73|15.61|6629435|103752784.00|1|0.0000|0.0000|0.0000|0|15.61
新易盛|300502|-20.00|39917360|3028383488.00|-14.04|-13.90|-20.00|74.22|79.75|79.88|74.22|39.92|92.78|46570455|4341704704.00|1|0.0000|0.0000|0.0000|0|92.78
昊志机电|300503|-20.02|20231400|413451264.00|-13.14|-9.21|-20.02|19.54|21.22|22.18|19.54|20.23|24.43|10299200|253735424.00|1|0.0000|0.0000|0.0000|0|24.43
天邑股份|300504|-20.01|7708777|100738216.00|-5.54|-5.54|-20.01|12.27|14.49|14.49|12.27|7.71|15.34|2168000|33297924.00|1|0.0000|0.0000|0.0000|0|15.34
川金诺|300505|-12.62|29146364|421498592.00|-6.72|-3.67|-17.54|14.05|15.00|15.49|13.26|29.15|16.08|19619612|314621344.00|1|0.0000|0.0000|0.0000|0|16.08
*ST名家|300506|-17.51|14319420|42077228.00|-5.04|-5.04|-19.88|2.78|3.20|3.20|2.70|14.32|3.37|4410180|14883005.00|1|0.0000|0.0000|0.0000|0|3.37
苏奥传感|300507|-20.05|62237924|400143264.00|-7.65|-6.73|-20.05|6.06|7.00|7.07|6.06|62.24|7.58|29073500|222668160.00|1|0.0000|0.0000|0.0000|0|7.58
维宏股份|300508|-20.00|4640500|128725424.00|-10.15|-7.29|-20.00|26.32|29.56|30.50|26.32|4.64|32.90|4918752|165890384.00|1|0.0000|0.0000|0.0000|0|32.90
新美星|300509|-20.00|11981487|79708184.00|-6.37|-5.35|-20.00|6.28|7.35|7.43|6.28|11.98|7.85|5122492|39986236.00|1|0.0000|0.0000|0.0000|0|7.85
金冠股份|300510|-18.35|47095739|176757008.00|-8.26|-6.42|-19.72|3.56|4.00|4.08|3.50|47.10|4.36|27452581|120163488.00|1|0.0000|0.0000|0.0000|0|4.36
雪榕生物|300511|-4.90|81592237|374617408.00|-5.97|6.40|-11.09|4.46|4.41|4.99|4.17|81.59|4.69|32630757|152141888.00|1|0.0000|0.0000|0.0000|0|4.69
中亚股份|300512|-19.92|9279300|61520028.00|-8.05|-6.77|-20.05|6.27|7.20|7.30|6.26|9.28|7.83|3526283|27722308.00|1|0.0000|0.0000|0.0000|0|7.83
恒实科技|300513|-20.00|17549624|127158008.00|-7.74|-5.71|-20.00|6.72|7.75|7.92|6.72|17.55|8.40|17387437|148773888.00|1|0.0000|0.0000|0.0000|0|8.40
友讯达|300514|-17.04|12284087|166103472.00|-7.47|-6.57|-19.59|13.00|14.50|14.64|12.60|12.28|15.67|5368300|84346720.00|1|0.0000|0.0000|0.0000|0|15.67
三德科技|300515|-18.60|10982224|154642528.00|-8.27|-5.17|-20.00|13.39|15.09|15.60|13.16|10.98|16.45|4326100|71900664.00|1|0.0000|0.0000|0.0000|0|16.45
久之洋|300516|-19.28|5393700|157976368.00|-5.20|-3.20|-19.99|27.50|32.30|32.98|27.26|5.39|34.07|1683350|57464744.00|1|0.0000|0.0000|0.0000|0|34.07
海波重科|300517|-16.75|7661620|63935604.00|-5.52|-4.79|-19.15|8.00|9.08|9.15|7.77|7.66|9.61|4829400|45878228.00|1|0.0000|0.0000|0.0000|0|9.61
新迅达|300518|-19.96|5509044|46090544.00|-8.81|-3.75|-19.96|7.90|9.00|9.50|7.90|5.51|9.87|2684320|26440994.00|1|0.0000|0.0000|0.0000|0|9.87
新光药业|300519|-17.22|7801500|97530744.00|-5.00|-3.89|-20.00|11.92|13.68|13.84|11.52|7.80|14.40|4583340|66016916.00|1|0.0000|0.0000|0.0000|0|14.40
科大国创|300520|-19.99|23038061|477580608.00|-7.01|-5.40|-19.99|19.41|22.56|22.95|19.41|23.04|24.26|7491500|183406304.00|1|0.0000|0.0000|0.0000|0|24.26
爱司凯|300521|-19.69|7914684|153806944.00|-6.99|-6.99|-20.00|18.39|21.30|21.30|18.32|7.91|22.90|2377800|55510888.00|1|0.0000|0.0000|0.0000|0|22.90
世名科技|300522|-13.14|13338380|164505824.00|-7.30|-4.38|-15.99|11.90|12.70|13.10|11.51|13.34|13.70|9573728|131488112.00|1|0.0000|0.0000|0.0000|0|13.70
辰安科技|300523|-18.66|6855797|126092504.00|-5.70|-4.95|-19.89|17.26|20.01|20.17|17.00|6.86|21.22|5552400|117964472.00|1|0.0000|0.0000|0.0000|0|21.22
博思软件|300525|-17.57|36336193|524175360.00|-6.12|-3.69|-19.81|13.61|15.50|15.90|13.24|36.34|16.51|12608181|211208640.00|1|0.0000|0.0000|0.0000|0|16.51
ST应急|300527|-16.28|40049470|274306240.00|-4.83|-4.58|-19.47|6.58|7.48|7.50|6.33|40.05|7.86|11596970|91554344.00|1|0.0000|0.0000|0.0000|0|7.86
幸福蓝海|300528|-17.91|14652060|104911728.00|-4.81|-4.57|-19.95|6.83|7.92|7.94|6.66|14.65|8.32|6011300|50237236.00|1|0.0000|0.0000|0.0000|0|8.32
健帆生物|300529|-12.63|16396924|393883168.00|-2.69|-2.69|-16.15|23.04|25.66|25.66|22.11|16.40|26.37|6655899|175282976.00|1|0.0000|0.0000|0.0000|0|26.37
领湃科技|300530|-20.01|5630825|109138536.00|-6.98|-5.75|-20.01|18.23|21.20|21.48|18.23|5.63|22.79|3432175|77918656.00|1|0.0000|0.0000|0.0000|0|22.79
优博讯|300531|-19.99|8635000|99148032.00|-9.51|-6.17|-19.99|10.77|12.18|12.63|10.77|8.63|13.46|3308200|44609872.00|1|0.0000|0.0000|0.0000|0|13.46
今天国际|300532|-18.24|21093156|222345344.00|-7.17|-5.29|-19.87|10.04|11.40|11.63|9.84|21.09|12.28|6730625|83069816.00|1|0.0000|0.0000|0.0000|0|12.28
冰川网络|300533|-19.98|10411300|233478896.00|-4.29|-3.52|-19.98|20.90|25.00|25.20|20.90|10.41|26.12|7618575|198508304.00|1|0.0000|0.0000|0.0000|0|26.12
陇神戎发|300534|-13.97|42590650|377287168.00|-6.73|-4.59|-16.41|8.44|9.15|9.36|8.20|42.59|9.81|47724909|479169824.00|1|0.0000|0.0000|0.0000|0|9.81
达威股份|300535|-17.85|4410800|56656468.00|-5.84|-5.70|-19.33|12.24|14.03|14.05|12.02|4.41|14.90|2339906|34694420.00|1|0.0000|0.0000|0.0000|0|14.90
农尚环境|300536|-10.30|10186750|82160800.00|-7.29|-1.85|-11.11|7.75|8.01|8.48|7.68|10.19|8.64|6608400|56263524.00|1|0.0000|0.0000|0.0000|0|8.64
广信材料|300537|-16.20|15324277|245883040.00|-5.79|-4.46|-18.73|15.21|17.10|17.34|14.75|15.32|18.15|8875300|161409568.00|1|0.0000|0.0000|0.0000|0|18.15
同益股份|300538|-19.25|8164801|108057152.00|-6.42|-5.18|-19.90|12.46|14.44|14.63|12.36|8.16|15.43|7187286|111539040.00|1|0.0000|0.0000|0.0000|0|15.43
横河精密|300539|-20.03|11183660|131100392.00|-13.07|-7.61|-20.03|11.14|12.11|12.87|11.14|11.18|13.93|8014700|112800144.00|1|0.0000|0.0000|0.0000|0|13.93
蜀道装备|300540|-18.03|4889001|100052096.00|-3.93|-3.89|-19.69|19.19|22.49|22.50|18.80|4.89|23.41|2145100|50128176.00|1|0.0000|0.0000|0.0000|0|23.41
先进数通|300541|-17.75|41110325|456839680.00|-8.37|-5.24|-19.55|10.52|11.72|12.12|10.29|41.11|12.79|22902747|295128032.00|1|0.0000|0.0000|0.0000|0|12.79
新晨科技|300542|-19.68|14647954|218383664.00|-5.79|-4.69|-20.02|13.88|16.28|16.47|13.82|14.65|17.28|9816100|170111520.00|1|0.0000|0.0000|0.0000|0|17.28
朗科智能|300543|-19.98|19690899|185239360.00|-9.01|-6.33|-19.98|8.97|10.20|10.50|8.97|19.69|11.21|8669322|97863992.00|1|0.0000|0.0000|0.0000|0|11.21
联得装备|300545|-19.99|9763271|268958944.00|-9.94|-8.45|-19.99|25.85|29.10|29.58|25.85|9.76|32.31|10032900|329520000.00|1|0.0000|0.0000|0.0000|0|32.31
雄帝科技|300546|-20.01|8479320|128203040.00|-10.06|-7.36|-20.01|14.23|16.00|16.48|14.23|8.48|17.79|3546610|63421644.00|1|0.0000|0.0000|0.0000|0|17.79
川环科技|300547|-19.99|15092007|414558016.00|-12.41|-6.91|-19.99|26.17|28.65|30.45|26.17|15.09|32.71|9878225|327315776.00|1|0.0000|0.0000|0.0000|0|32.71
长芯博创|300548|-20.01|15043465|468220128.00|-14.90|-10.00|-20.01|29.91|31.82|33.65|29.91|15.04|37.39|13258274|499031072.00|1|0.0000|0.0000|0.0000|0|37.39
优德精密|300549|-19.98|9197900|155211792.00|-7.35|-7.25|-19.98|16.22|18.78|18.80|16.22|9.20|20.27|15036916|308905920.00|1|0.0000|0.0000|0.0000|0|20.27
和仁科技|300550|-19.77|5059541|57162788.00|-4.91|-4.08|-20.00|10.63|12.60|12.71|10.60|5.06|13.25|1974200|26194072.00|1|0.0000|0.0000|0.0000|0|13.25
古鳌科技|300551|-20.02|16920335|132356264.00|-7.51|-6.42|-20.02|7.35|8.50|8.60|7.35|16.92|9.19|5897950|54257724.00|1|0.0000|0.0000|0.0000|0|9.19
万集科技|300552|-20.00|7940480|198970944.00|-10.62|-8.77|-20.00|23.72|26.50|27.05|23.72|7.94|29.65|5397113|160850592.00|1|0.0000|0.0000|0.0000|0|29.65
集智股份|300553|-20.00|7252180|286974720.00|-9.85|-4.57|-20.00|36.80|41.47|43.90|36.80|7.25|46.00|5195740|239518496.00|1|0.0000|0.0000|0.0000|0|46.00
三超新材|300554|-19.83|4772600|83620072.00|-6.50|-4.45|-19.98|16.41|19.14|19.56|16.38|4.77|20.47|1729500|35520756.00|1|0.0000|0.0000|0.0000|0|20.47
ST路通|300555|-17.03|8708780|75224136.00|-5.08|-4.98|-20.02|8.33|9.53|9.54|8.03|8.71|10.04|2193950|21839916.00|1|0.0000|0.0000|0.0000|0|10.04
丝路视觉|300556|-19.05|8616447|138579392.00|-5.04|-5.04|-19.96|15.09|17.70|17.70|14.92|8.62|18.64|2709100|50677808.00|1|0.0000|0.0000|0.0000|0|18.64
理工光科|300557|-18.35|3231520|90314888.00|-7.46|-5.31|-19.80|26.47|30.00|30.70|26.00|3.23|32.42|1293720|41942176.00|1|0.0000|0.0000|0.0000|0|32.42
贝达药业|300558|-3.93|13364491|700419328.00|-5.80|-0.04|-6.82|52.38|51.36|54.50|50.80|13.36|54.52|6324800|344026976.00|1|0.0000|0.0000|0.0000|0|54.52
佳发教育|300559|-20.00|11958557|114401496.00|-5.54|-5.54|-20.00|8.96|10.58|10.58|8.96|11.96|11.20|3850900|43317436.00|1|0.0000|0.0000|0.0000|0|11.20
中富通|300560|-20.00|10043040|107770528.00|-5.16|-5.16|-20.00|10.08|11.95|11.95|10.08|10.04|12.60|4177600|52632328.00|1|0.0000|0.0000|0.0000|0|12.60
*ST汇科|300561|-19.99|43474487|787244608.00|-17.36|-13.25|-19.99|17.33|17.90|18.79|17.33|43.47|21.66|79324894|1618018816.00|1|0.0000|0.0000|0.0000|0|21.66
乐心医疗|300562|-19.98|18764018|249994400.00|-11.76|-6.66|-19.98|12.86|14.18|15.00|12.86|18.76|16.07|15168005|248058080.00|1|0.0000|0.0000|0.0000|0|16.07
神宇股份|300563|-19.99|8158676|264514832.00|-12.44|-7.55|-19.99|31.06|33.99|35.89|31.06|8.16|38.82|4563558|178169472.00|1|0.0000|0.0000|0.0000|0|38.82
筑博设计|300564|-16.90|6278680|66115100.00|-5.47|-3.59|-19.84|10.18|11.58|11.81|9.82|6.28|12.25|3293080|40094792.00|1|0.0000|0.0000|0.0000|0|12.25
科信技术|300565|-20.03|17750246|176620352.00|-7.93|-6.39|-20.03|9.38|10.80|10.98|9.38|17.75|11.73|9005000|106329680.00|1|0.0000|0.0000|0.0000|0|11.73
激智科技|300566|-19.99|15139713|252874576.00|-7.93|-6.41|-19.99|15.73|18.10|18.40|15.73|15.14|19.66|6944500|137938464.00|1|0.0000|0.0000|0.0000|0|19.66
精测电子|300567|-13.33|12802887|784080256.00|-5.45|-3.51|-16.62|58.71|64.05|65.36|56.48|12.80|67.74|7767051|527226944.00|1|0.0000|0.0000|0.0000|0|67.74
星源材质|300568|-19.23|68879631|600656320.00|-6.51|-5.52|-20.02|8.19|9.48|9.58|8.11|68.88|10.14|17880071|182481584.00|1|0.0000|0.0000|0.0000|0|10.14
天能重工|300569|-18.99|76890469|326803840.00|-7.47|-5.86|-19.80|4.01|4.58|4.66|3.97|76.89|4.95|40666994|202774592.00|1|0.0000|0.0000|0.0000|0|4.95
太辰光|300570|-20.01|14937070|969266432.00|-17.33|-11.85|-20.01|63.10|65.21|69.53|63.10|14.94|78.88|13774910|1098169472.00|1|0.0000|0.0000|0.0000|0|78.88
平治信息|300571|-15.67|9502950|242189440.00|-9.10|-6.06|-19.98|25.03|26.98|27.88|23.75|9.50|29.68|3318800|99072176.00|1|0.0000|0.0000|0.0000|0|29.68
安车检测|300572|-10.34|10226149|169127920.00|-7.61|-2.39|-11.82|15.78|16.26|17.18|15.52|10.23|17.60|2764700|48458648.00|1|0.0000|0.0000|0.0000|0|17.60
兴齐眼药|300573|-11.02|10396710|742604864.00|-5.32|-3.40|-14.52|69.55|74.00|75.50|66.81|10.40|78.16|4103125|322065984.00|1|0.0000|0.0000|0.0000|0|78.16
中旗股份|300575|-11.49|23195431|137944336.00|-5.12|-2.95|-14.29|5.70|6.11|6.25|5.52|23.20|6.44|15552131|100743168.00|1|0.0000|0.0000|0.0000|0|6.44
容大感光|300576|-12.60|13814343|556862720.00|-6.22|-0.27|-17.52|38.21|41.00|43.60|36.06|13.81|43.72|5750260|250882496.00|1|0.0000|0.0000|0.0000|0|43.72
开润股份|300577|-20.01|4995200|90663080.00|-10.61|-10.61|-20.01|17.71|19.79|19.79|17.71|5.00|22.14|9023300|203103184.00|1|0.0000|0.0000|0.0000|0|22.14
会畅科技|300578|-20.00|7065800|115154432.00|-9.69|-5.31|-20.00|15.36|17.34|18.18|15.36|7.07|19.20|2940900|56529672.00|1|0.0000|0.0000|0.0000|0|19.20
数字认证|300579|-15.46|9259857|230987680.00|-5.95|-4.90|-19.76|24.00|26.70|27.00|22.78|9.26|28.39|2826320|80450600.00|1|0.0000|0.0000|0.0000|0|28.39
贝斯特|300580|-20.00|25346522|606543488.00|-15.49|-9.19|-20.00|22.72|24.00|25.79|22.72|25.35|28.40|12936368|372237184.00|1|0.0000|0.0000|0.0000|0|28.40
晨曦航空|300581|-18.09|18854134|159304128.00|-4.42|-3.70|-19.94|7.97|9.30|9.37|7.79|18.85|9.73|6494086|63359940.00|1|0.0000|0.0000|0.0000|0|9.73
英飞特|300582|-20.00|11555719|127630752.00|-8.75|-5.63|-20.00|10.52|12.00|12.41|10.52|11.56|13.15|3863100|50398268.00|1|0.0000|0.0000|0.0000|0|13.15
赛托生物|300583|-19.98|4456740|93205008.00|-7.15|-6.02|-19.98|19.82|23.00|23.28|19.82|4.46|24.77|2390020|59248584.00|1|0.0000|0.0000|0.0000|0|24.77
海辰药业|300584|-19.99|6412850|112473776.00|-6.97|-4.83|-19.99|16.41|19.08|19.52|16.41|6.41|20.51|3343100|69197912.00|1|0.0000|0.0000|0.0000|0|20.51
奥联电子|300585|-20.00|6571300|80633432.00|-6.23|-6.23|-20.00|11.68|13.69|13.69|11.68|6.57|14.60|3976700|58135200.00|1|0.0000|0.0000|0.0000|0|14.60
美联新材|300586|-15.70|31041181|236664352.00|-7.28|-5.80|-18.32|7.41|8.15|8.28|7.18|31.04|8.79|9041630|79267536.00|1|0.0000|0.0000|0.0000|0|8.79
天铁科技|300587|-17.26|58846699|262325168.00|-5.75|-3.97|-19.25|4.17|4.75|4.84|4.07|58.85|5.04|55791735|280040800.00|1|0.0000|0.0000|0.0000|0|5.04
熙菱信息|300588|-20.00|7246281|76001656.00|-4.23|-3.50|-20.00|9.84|11.78|11.87|9.84|7.25|12.30|3019620|37191936.00|1|0.0000|0.0000|0.0000|0|12.30
江龙船艇|300589|-19.97|23075340|245699744.00|-11.25|-7.53|-19.97|10.10|11.20|11.67|10.10|23.08|12.62|14100452|179566976.00|1|0.0000|0.0000|0.0000|0|12.62
移为通信|300590|-19.96|18493710|212380432.00|-11.81|-7.56|-20.03|10.91|12.02|12.60|10.90|18.49|13.63|7302958|100483600.00|1|0.0000|0.0000|0.0000|0|13.63
万里马|300591|-18.91|37850404|149521216.00|-6.30|-6.09|-20.00|3.73|4.31|4.32|3.68|37.85|4.60|16629250|77223144.00|1|0.0000|0.0000|0.0000|0|4.60
华凯易佰|300592|-19.98|11327592|116958816.00|-6.96|-6.88|-19.98|9.77|11.36|11.37|9.77|11.33|12.21|3799130|46461072.00|1|0.0000|0.0000|0.0000|0|12.21
新雷能|300593|-12.83|19603645|252049056.00|-4.18|-2.13|-15.95|12.30|13.52|13.81|11.86|19.60|14.11|8753099|123995704.00|1|0.0000|0.0000|0.0000|0|14.11
朗进科技|300594|-17.60|3488600|49888800.00|-3.33|-3.33|-19.54|13.62|15.98|15.98|13.30|3.49|16.53|2058700|34048104.00|1|0.0000|0.0000|0.0000|0|16.53
欧普康视|300595|-13.95|23801127|346512736.00|-3.32|-2.07|-14.89|13.75|15.45|15.65|13.60|23.80|15.98|6469955|103690920.00|1|0.0000|0.0000|0.0000|0|15.98
利安隆|300596|-16.64|8473171|220357328.00|-8.07|-5.13|-18.43|24.69|27.23|28.10|24.16|8.47|29.62|3364802|100479848.00|1|0.0000|0.0000|0.0000|0|29.62
吉大通信|300597|-19.13|11828600|93737328.00|-4.26|-4.26|-20.00|7.40|8.76|8.76|7.32|11.83|9.15|4590400|41928200.00|1|0.0000|0.0000|0.0000|0|9.15
诚迈科技|300598|-14.38|12086867|505117184.00|-2.75|-1.60|-18.69|39.59|44.97|45.50|37.60|12.09|46.24|4004261|185090240.00|1|0.0000|0.0000|0.0000|0|46.24
雄塑科技|300599|-13.33|8732882|53709520.00|-9.71|-3.19|-17.39|5.98|6.23|6.68|5.70|8.73|6.90|3473601|24039086.00|1|0.0000|0.0000|0.0000|0|6.90
国瑞科技|300600|-16.04|6156933|45497484.00|-5.79|-5.31|-17.25|6.96|7.81|7.85|6.86|6.16|8.29|2188100|18010000.00|1|0.0000|0.0000|0.0000|0|8.29
康泰生物|300601|-13.09|29743104|420630240.00|-3.91|-2.76|-15.97|13.55|14.98|15.16|13.10|29.74|15.59|13305564|207520944.00|1|0.0000|0.0000|0.0000|0|15.59
飞荣达|300602|-20.01|16860361|297486912.00|-9.84|-5.86|-20.01|16.51|18.61|19.43|16.51|16.86|20.64|8853065|185301872.00|1|0.0000|0.0000|0.0000|0|20.64
立昂技术|300603|-19.97|32441453|325422592.00|-8.84|-6.71|-19.97|9.42|10.73|10.98|9.42|32.44|11.77|13059562|154530208.00|1|0.0000|0.0000|0.0000|0|11.77
长川科技|300604|-12.72|26926751|1038938432.00|-4.41|-1.82|-15.77|36.98|40.50|41.60|35.69|26.93|42.37|10849008|459795904.00|1|0.0000|0.0000|0.0000|0|42.37
恒锋信息|300605|-19.99|10074421|115003352.00|-6.25|-5.66|-19.99|10.89|12.76|12.84|10.89|10.07|13.61|4160600|56900620.00|1|0.0000|0.0000|0.0000|0|13.61
金太阳|300606|-20.02|5321521|83178872.00|-6.95|-5.63|-20.02|14.62|17.01|17.25|14.62|5.32|18.28|1926600|35338524.00|1|0.0000|0.0000|0.0000|0|18.28
拓斯达|300607|-20.00|31177660|762703040.00|-10.40|-6.97|-20.00|23.08|25.85|26.84|23.08|31.18|28.85|14087871|412016736.00|1|0.0000|0.0000|0.0000|0|28.85
思特奇|300608|-19.91|19815589|197742736.00|-6.44|-5.41|-20.00|9.33|10.90|11.02|9.32|19.82|11.65|10429892|122703544.00|1|0.0000|0.0000|0.0000|0|11.65
汇纳科技|300609|-20.00|6448002|161351808.00|-6.45|-3.90|-20.00|22.96|26.85|27.58|22.96|6.45|28.70|4332800|124022808.00|1|0.0000|0.0000|0.0000|0|28.70
晨化股份|300610|-19.34|13945160|126139384.00|-9.43|-6.79|-20.00|8.55|9.60|9.88|8.48|13.95|10.60|9344678|98793568.00|1|0.0000|0.0000|0.0000|0|10.60
美力科技|300611|-19.99|40609638|964291136.00|-14.83|-9.03|-19.99|22.34|23.78|25.40|22.34|40.61|27.92|35677384|1025480640.00|1|0.0000|0.0000|0.0000|0|27.92
宣亚国际|300612|-19.13|13082258|161125760.00|-6.33|-5.30|-20.03|11.75|13.61|13.76|11.62|13.08|14.53|3509200|50899416.00|1|0.0000|0.0000|0.0000|0|14.53
富瀚微|300613|-20.00|9317495|440132480.00|-6.63|-4.71|-20.00|43.83|51.16|52.21|43.83|9.32|54.79|3841933|212750768.00|1|0.0000|0.0000|0.0000|0|54.79
百川畅银|300614|-18.16|5838468|60439964.00|-6.08|-5.49|-20.02|9.69|11.12|11.19|9.47|5.84|11.84|3246616|38431172.00|1|0.0000|0.0000|0.0000|0|11.84
欣天科技|300615|-19.98|9143349|96086896.00|-4.33|-4.25|-19.98|9.97|11.92|11.93|9.97|9.14|12.46|3712800|46218988.00|1|0.0000|0.0000|0.0000|0|12.46
尚品宅配|300616|-16.31|7713920|83806568.00|-5.28|-4.64|-19.42|10.47|11.85|11.93|10.08|7.71|12.51|2270100|28468728.00|1|0.0000|0.0000|0.0000|0|12.51
安靠智电|300617|-17.32|3895747|100626424.00|-6.32|-5.35|-19.68|24.58|27.85|28.14|23.88|3.90|29.73|2108800|62736796.00|1|0.0000|0.0000|0.0000|0|29.73
寒锐钴业|300618|-19.99|15112160|459950944.00|-10.29|-6.25|-19.99|28.54|32.00|33.44|28.54|15.11|35.67|4373240|156465120.00|1|0.0000|0.0000|0.0000|0|35.67
金银河|300619|-20.01|5141584|119216128.00|-6.18|-6.18|-20.01|21.74|25.50|25.50|21.74|5.14|27.18|3209503|87646448.00|1|0.0000|0.0000|0.0000|0|27.18
光库科技|300620|-20.00|8726505|327143584.00|-9.73|-6.93|-20.00|35.44|39.99|41.23|35.44|8.73|44.30|5562283|249067024.00|1|0.0000|0.0000|0.0000|0|44.30
维业股份|300621|-19.98|9274550|69296192.00|-5.28|-5.28|-19.98|6.97|8.25|8.25|6.97|9.27|8.71|3178365|27582610.00|1|0.0000|0.0000|0.0000|0|8.71
博士眼镜|300622|-20.01|11300059|412413152.00|-9.97|-6.38|-20.01|34.50|38.83|40.38|34.50|11.30|43.13|6431079|281069760.00|1|0.0000|0.0000|0.0000|0|43.13
捷捷微电|300623|-18.56|31617978|846198016.00|-6.21|-3.69|-19.99|25.18|29.00|29.78|24.74|31.62|30.92|11982490|374294112.00|1|0.0000|0.0000|0.0000|0|30.92
万兴科技|300624|-20.00|10501864|546235648.00|-8.81|-6.40|-20.00|49.13|56.00|57.48|49.13|10.50|61.41|3714509|228538592.00|1|0.0000|0.0000|0.0000|0|61.41
三雄极光|300625|-15.36|3887700|39824732.00|-4.49|-4.49|-17.17|9.81|11.07|11.07|9.60|3.89|11.59|1251462|14452264.00|1|0.0000|0.0000|0.0000|0|11.59
华瑞股份|300626|-20.00|9796580|82656720.00|-8.28|-5.45|-20.00|7.92|9.08|9.36|7.92|9.80|9.90|5790000|57636240.00|1|0.0000|0.0000|0.0000|0|9.90
华测导航|300627|-9.08|10582532|395066208.00|-5.17|-2.99|-11.62|36.55|38.12|39.00|35.53|10.58|40.20|5915327|238220624.00|1|0.0000|0.0000|0.0000|0|40.20
亿联网络|300628|-7.93|20580216|703503936.00|-6.74|-6.19|-13.48|34.83|35.28|35.49|32.73|20.58|37.83|16985916|645358208.00|1|0.0000|0.0000|0.0000|0|37.83
新劲刚|300629|-15.70|14943932|258867312.00|-5.01|-4.46|-18.08|16.65|18.76|18.87|16.18|14.94|19.75|4697750|92860072.00|1|0.0000|0.0000|0.0000|0|19.75
久吾高科|300631|-19.10|4005500|74615624.00|-4.52|-4.24|-20.02|17.54|20.70|20.76|17.34|4.01|21.68|1347700|29210954.00|1|0.0000|0.0000|0.0000|0|21.68
光莆股份|300632|-19.98|11887212|126603848.00|-7.22|-7.14|-19.98|10.09|11.70|11.71|10.09|11.89|12.61|4344011|54998760.00|1|0.0000|0.0000|0.0000|0|12.61
开立医疗|300633|-10.75|8296466|232493232.00|-4.45|-2.44|-14.11|27.07|28.98|29.59|26.05|8.30|30.33|4856666|149043344.00|1|0.0000|0.0000|0.0000|0|30.33
彩讯股份|300634|-20.02|22512498|490955072.00|-9.25|-5.58|-20.02|20.50|23.26|24.20|20.50|22.51|25.63|8523374|220242096.00|1|0.0000|0.0000|0.0000|0|25.63
中达安|300635|-17.58|5967513|51777032.00|-6.79|-5.49|-19.98|8.25|9.33|9.46|8.01|5.97|10.01|2331888|23298164.00|1|0.0000|0.0000|0.0000|0|10.01
同和药业|300636|-17.62|20154014|141863312.00|-4.87|-3.50|-19.50|6.59|7.61|7.72|6.44|20.15|8.00|10373505|83074048.00|1|0.0000|0.0000|0.0000|0|8.00
扬帆新材|300637|-18.08|11601033|94427496.00|-4.86|-4.86|-19.98|7.75|9.00|9.00|7.57|11.60|9.46|5549300|52511212.00|1|0.0000|0.0000|0.0000|0|9.46
广和通|300638|-19.99|60084543|1481870720.00|-12.77|-7.85|-19.99|23.25|25.35|26.78|23.25|60.08|29.06|60293228|1804802048.00|1|0.0000|0.0000|0.0000|0|29.06
凯普生物|300639|-16.81|16261300|81741960.00|-5.20|-4.16|-19.58|4.80|5.47|5.53|4.64|16.26|5.77|6657175|38633532.00|1|0.0000|0.0000|0.0000|0|5.77
德艺文创|300640|-16.57|15674813|73257536.00|-6.08|-5.71|-20.07|4.53|5.10|5.12|4.34|15.67|5.43|7266350|39441212.00|1|0.0000|0.0000|0.0000|0|5.43
正丹股份|300641|-0.04|54851644|1380981760.00|-4.90|5.63|-19.35|27.33|26.00|28.88|22.05|54.85|27.34|42725523|1171968000.00|1|0.0000|0.0000|0.0000|0|27.34
透景生命|300642|-18.64|6641460|85061608.00|-3.77|-3.77|-19.99|12.09|14.30|14.30|11.89|6.64|14.86|2567500|38364644.00|1|0.0000|0.0000|0.0000|0|14.86
万通智控|300643|-16.38|16827039|230899360.00|-11.72|-9.07|-18.97|13.27|14.01|14.43|12.86|16.83|15.87|16473543|265197920.00|1|0.0000|0.0000|0.0000|0|15.87
南京聚隆|300644|-19.94|6440553|127789160.00|-11.03|-6.69|-19.98|18.43|20.48|21.48|18.42|6.44|23.02|3340200|77341064.00|1|0.0000|0.0000|0.0000|0|23.02
正元智慧|300645|-19.72|8460852|106602728.00|-5.96|-5.62|-19.99|11.85|13.88|13.93|11.81|8.46|14.76|2550000|37734060.00|1|0.0000|0.0000|0.0000|0|14.76
超频三|300647|-20.00|21189600|103922984.00|-7.30|-7.30|-20.00|4.60|5.33|5.33|4.60|21.19|5.75|7522100|43167184.00|1|0.0000|0.0000|0.0000|0|5.75
星云股份|300648|-15.53|6611700|145759552.00|-8.44|-5.41|-17.60|21.22|23.00|23.76|20.70|6.61|25.12|4072700|103186976.00|1|0.0000|0.0000|0.0000|0|25.12
杭州园林|300649|-18.41|5186014|49806000.00|-3.49|-3.49|-19.66|9.13|10.80|10.80|8.99|5.19|11.19|2016569|22518832.00|1|0.0000|0.0000|0.0000|0|11.19
太龙股份|300650|-20.01|14335060|168799824.00|-4.77|-4.77|-20.01|11.07|13.18|13.18|11.07|14.34|13.84|9573570|131185384.00|1|0.0000|0.0000|0.0000|0|13.84
金陵体育|300651|-16.07|5772700|68377456.00|-4.60|-3.94|-18.92|11.49|13.06|13.15|11.10|5.77|13.69|2439100|33336336.00|1|0.0000|0.0000|0.0000|0|13.69
雷迪克|300652|-20.00|8535998|322958496.00|-8.47|-6.00|-20.00|36.64|41.92|43.05|36.64|8.54|45.80|5548151|254203088.00|1|0.0000|0.0000|0.0000|0|45.80
正海生物|300653|-13.53|5519000|114399184.00|-3.33|-3.33|-17.34|20.00|22.36|22.36|19.12|5.52|23.13|2231640|51708712.00|1|0.0000|0.0000|0.0000|0|23.13
世纪天鸿|300654|-19.33|20274779|185620800.00|-6.97|-5.02|-19.98|8.68|10.01|10.22|8.61|20.27|10.76|8529127|92132840.00|1|0.0000|0.0000|0.0000|0|10.76
晶瑞电材|300655|-13.87|51088346|378466432.00|-4.87|-3.04|-17.76|7.08|7.82|7.97|6.76|51.09|8.22|26149698|216553312.00|1|0.0000|0.0000|0.0000|0|8.22
民德电子|300656|-18.31|3342666|66380704.00|-7.64|-4.19|-19.91|18.92|21.39|22.19|18.55|3.34|23.16|1047283|24356258.00|1|0.0000|0.0000|0.0000|0|23.16
弘信电子|300657|-19.99|52968213|1490648576.00|-10.06|-7.81|-19.99|26.33|29.60|30.34|26.33|52.97|32.91|39608925|1315613568.00|1|0.0000|0.0000|0.0000|0|32.91
延江股份|300658|-16.30|12637980|64615504.00|-4.07|-4.07|-18.51|4.93|5.65|5.65|4.80|12.64|5.89|6685260|39517268.00|1|0.0000|0.0000|0.0000|0|5.89
中孚信息|300659|-18.78|10104101|139035008.00|-9.48|-6.30|-20.02|13.02|14.51|15.02|12.82|10.10|16.03|4721556|76123208.00|1|0.0000|0.0000|0.0000|0|16.03
江苏雷利|300660|-20.00|11003834|492576256.00|-16.29|-7.30|-20.00|42.29|44.25|49.00|42.29|11.00|52.86|5763510|309375840.00|1|0.0000|0.0000|0.0000|0|52.86
圣邦股份|300661|-0.93|22740434|2119186688.00|-0.32|5.41|-6.71|91.00|91.56|96.82|85.69|22.74|91.85|12132332|1120955520.00|1|0.0000|0.0000|0.0000|0|91.85
科锐国际|300662|-16.36|8418148|233524048.00|-5.56|-5.34|-19.99|26.95|30.43|30.50|25.78|8.42|32.22|3953000|127797744.00|1|0.0000|0.0000|0.0000|0|32.22
科蓝软件|300663|-20.01|26014675|347817632.00|-8.51|-4.83|-20.01|12.59|14.40|14.98|12.59|26.01|15.74|8217806|129800128.00|1|0.0000|0.0000|0.0000|0|15.74
鹏鹞环保|300664|-14.04|25040460|117149128.00|-3.85|-3.46|-16.15|4.47|5.00|5.02|4.36|25.04|5.20|8603150|44540696.00|1|0.0000|0.0000|0.0000|0|5.20
飞鹿股份|300665|-17.37|9309952|53320684.00|-5.74|-5.74|-19.94|5.47|6.24|6.24|5.30|9.31|6.62|4390240|28935764.00|1|0.0000|0.0000|0.0000|0|6.62
江丰电子|300666|-9.07|11013724|755027072.00|-4.55|-1.31|-13.45|66.80|70.12|72.50|63.58|11.01|73.46|7449400|542712832.00|1|0.0000|0.0000|0.0000|0|73.46
必创科技|300667|-19.84|11612944|163266368.00|-6.80|-6.55|-20.02|13.21|15.36|15.40|13.18|11.61|16.48|6119643|100647832.00|1|0.0000|0.0000|0.0000|0|16.48
杰恩设计|300668|-20.02|2444636|37895296.00|-3.14|-3.08|-20.02|14.26|17.27|17.28|14.26|2.44|17.83|625200|11063229.00|1|0.0000|0.0000|0.0000|0|17.83
沪宁股份|300669|-11.73|3018460|57982592.00|-5.33|-3.83|-18.13|18.89|20.26|20.58|17.52|3.02|21.40|1526650|32040012.00|1|0.0000|0.0000|0.0000|0|21.40
大烨智能|300670|-20.06|12245770|65235912.00|-4.78|-4.78|-20.06|5.02|5.98|5.98|5.02|12.25|6.28|4587800|28743960.00|1|0.0000|0.0000|0.0000|0|6.28
富满微|300671|-16.43|9063566|217654640.00|-6.69|-4.49|-19.97|23.10|25.79|26.40|22.12|9.06|27.64|4406785|122575304.00|1|0.0000|0.0000|0.0000|0|27.64
国科微|300672|-15.92|9869371|589233280.00|-7.45|-4.23|-19.88|56.89|62.62|64.80|54.21|9.87|67.66|3501350|239210416.00|1|0.0000|0.0000|0.0000|0|67.66
佩蒂股份|300673|-16.67|15721135|212957120.00|-9.21|-5.90|-18.94|12.85|14.00|14.51|12.50|15.72|15.42|20720995|325765728.00|1|0.0000|0.0000|0.0000|0|15.42
宇信科技|300674|-19.98|36202275|731533184.00|-12.02|-6.45|-19.98|18.98|20.87|22.19|18.98|36.20|23.72|13094093|313565792.00|1|0.0000|0.0000|0.0000|0|23.72
建科院|300675|-16.97|6578100|83161440.00|-7.02|-6.13|-19.15|12.18|13.64|13.77|11.86|6.58|14.67|1698067|24770914.00|1|0.0000|0.0000|0.0000|0|14.67
华大基因|300676|-12.98|12015383|558710144.00|-7.59|-4.68|-16.70|45.18|47.98|49.49|43.25|12.02|51.92|4094499|214726848.00|1|0.0000|0.0000|0.0000|0|51.92
英科医疗|300677|-14.35|22934890|489089888.00|-6.16|-5.50|-17.16|20.71|22.69|22.85|20.03|22.93|24.18|11526274|279503168.00|1|0.0000|0.0000|0.0000|0|24.18
中科信息|300678|-20.01|13696365|382488416.00|-8.00|-3.68|-20.01|26.11|30.03|31.44|26.11|13.70|32.64|4131016|135986560.00|1|0.0000|0.0000|0.0000|0|32.64
电连技术|300679|-9.91|11313418|564255552.00|-11.17|-4.18|-13.06|48.70|48.02|51.80|47.00|11.31|54.06|8606189|462326784.00|1|0.0000|0.0000|0.0000|0|54.06
隆盛科技|300680|-20.00|14780786|485460256.00|-14.07|-6.42|-20.00|31.28|33.60|36.59|31.28|14.78|39.10|10236766|407397440.00|1|0.0000|0.0000|0.0000|0|39.10
英搏尔|300681|-19.99|14468995|399025312.00|-12.67|-8.36|-19.99|26.02|28.40|29.80|26.02|14.47|32.52|12115000|396515168.00|1|0.0000|0.0000|0.0000|0|32.52
朗新集团|300682|-17.23|22618726|258284768.00|-6.17|-4.88|-19.66|10.86|12.31|12.48|10.54|22.62|13.12|9871250|130978848.00|1|0.0000|0.0000|0.0000|0|13.12
海特生物|300683|-19.95|4459009|95932800.00|-7.08|-4.59|-19.99|19.90|23.10|23.72|19.89|4.46|24.86|5025222|125988928.00|1|0.0000|0.0000|0.0000|0|24.86
中石科技|300684|-19.99|13431416|303891072.00|-8.15|-6.68|-19.99|21.21|24.35|24.74|21.21|13.43|26.51|16169657|422460544.00|1|0.0000|0.0000|0.0000|0|26.51
艾德生物|300685|-12.10|12140914|251521584.00|-4.72|-3.01|-15.81|20.12|21.81|22.20|19.27|12.14|22.89|4359634|100467392.00|1|0.0000|0.0000|0.0000|0|22.89
智动力|300686|-19.71|9633900|67330248.00|-5.47|-5.47|-19.95|6.60|7.77|7.77|6.58|9.63|8.22|3938900|32387018.00|1|0.0000|0.0000|0.0000|0|8.22
赛意信息|300687|-20.00|36734161|933581120.00|-7.55|-4.73|-20.00|23.52|27.18|28.01|23.52|36.73|29.40|37687978|1128922240.00|1|0.0000|0.0000|0.0000|0|29.40
创业黑马|300688|-19.99|9298840|226675920.00|-9.12|-5.00|-19.99|22.89|26.00|27.18|22.89|9.30|28.61|2834201|81310432.00|1|0.0000|0.0000|0.0000|0|28.61
澄天伟业|300689|-20.00|1205329|33313530.00|-6.73|-4.59|-20.00|26.16|30.50|31.20|26.16|1.21|32.70|600100|19602894.00|1|0.0000|0.0000|0.0000|0|32.70
双一科技|300690|-20.02|5927000|108512352.00|-7.11|-7.11|-20.02|17.22|20.00|20.00|17.22|5.93|21.53|2382100|51681836.00|1|0.0000|0.0000|0.0000|0|21.53
联合光电|300691|-20.02|12010011|200026784.00|-6.31|-6.31|-20.02|15.58|18.25|18.25|15.58|12.01|19.48|6776392|132387832.00|1|0.0000|0.0000|0.0000|0|19.48
中环环保|300692|-19.29|15904750|88868496.00|-7.10|-4.32|-20.06|5.23|6.02|6.20|5.18|15.90|6.48|6200440|40116728.00|1|0.0000|0.0000|0.0000|0|6.48
盛弘股份|300693|-13.57|22267200|656365312.00|-8.67|-6.08|-17.52|28.41|30.02|30.87|27.11|22.27|32.87|19040673|640856320.00|1|0.0000|0.0000|0.0000|0|32.87
蠡湖股份|300694|-20.01|10057900|119123280.00|-8.05|-7.98|-20.01|11.23|12.91|12.92|11.23|10.06|14.04|3384788|47591812.00|1|0.0000|0.0000|0.0000|0|14.04
兆丰股份|300695|-20.00|1830900|104152952.00|-8.20|-4.86|-20.00|52.81|60.60|62.80|52.81|1.83|66.01|1562300|104677800.00|1|0.0000|0.0000|0.0000|0|66.01
爱乐达|300696|-15.99|8689845|121034840.00|-6.91|-2.88|-18.43|13.13|14.55|15.18|12.75|8.69|15.63|2401840|37694116.00|1|0.0000|0.0000|0.0000|0|15.63
电工合金|300697|-18.88|25046383|327380864.00|-9.28|-7.33|-19.99|12.50|13.98|14.28|12.33|25.05|15.41|16388872|253635216.00|1|0.0000|0.0000|0.0000|0|15.41
万马科技|300698|-18.23|4235300|137338416.00|-10.00|-5.33|-20.00|30.99|34.11|35.88|30.32|4.24|37.90|1893200|72118984.00|1|0.0000|0.0000|0.0000|0|37.90
光威复材|300699|-12.46|26923134|753970048.00|-4.53|-2.94|-16.31|27.05|29.50|29.99|25.86|26.92|30.90|6825482|211488864.00|1|0.0000|0.0000|0.0000|0|30.90
岱勒新材|300700|-20.04|21200061|170007712.00|-10.34|-6.33|-20.04|7.58|8.50|8.88|7.58|21.20|9.48|17704760|170382608.00|1|0.0000|0.0000|0.0000|0|9.48
森霸传感|300701|-20.02|10631117|94941312.00|-7.78|-5.50|-20.02|8.43|9.72|9.96|8.43|10.63|10.54|5625900|59347220.00|1|0.0000|0.0000|0.0000|0|10.54
天宇股份|300702|-14.01|7391883|131583448.00|-5.52|-4.57|-17.63|17.12|18.81|19.00|16.40|7.39|19.91|3945080|79070520.00|1|0.0000|0.0000|0.0000|0|19.91
创源股份|300703|-19.99|8697508|101237688.00|-8.62|-6.73|-19.99|11.05|12.62|12.88|11.05|8.70|13.81|4095500|56897896.00|1|0.0000|0.0000|0.0000|0|13.81
九典制药|300705|-10.38|42794093|740551424.00|-6.44|-2.77|-14.38|16.83|17.57|18.26|16.08|42.79|18.78|26684032|498960096.00|1|0.0000|0.0000|0.0000|0|18.78
阿石创|300706|-19.85|5643360|106153168.00|-6.93|-5.80|-19.98|17.69|20.54|20.79|17.66|5.64|22.07|2311500|51078716.00|1|0.0000|0.0000|0.0000|0|22.07
威唐工业|300707|-19.98|16469500|232322416.00|-12.26|-5.28|-19.98|13.18|14.45|15.60|13.18|16.47|16.47|19559960|317683136.00|1|0.0000|0.0000|0.0000|0|16.47
聚灿光电|300708|-19.98|33689939|353685472.00|-5.41|-3.60|-19.98|9.77|11.55|11.77|9.77|33.69|12.21|22816949|278349120.00|1|0.0000|0.0000|0.0000|0|12.21
精研科技|300709|-20.01|8693212|278886048.00|-8.95|-8.43|-20.01|30.75|35.00|35.20|30.75|8.69|38.44|4671640|181411536.00|1|0.0000|0.0000|0.0000|0|38.44
万隆光电|300710|-16.26|5598985|85691600.00|-4.82|-4.82|-19.84|14.94|16.98|16.98|14.30|5.60|17.84|2373420|42413112.00|1|0.0000|0.0000|0.0000|0|17.84
广哈通信|300711|-19.99|8080728|151774128.00|-7.73|-6.60|-19.99|17.69|20.40|20.65|17.69|8.08|22.11|2829988|62861040.00|1|0.0000|0.0000|0.0000|0|22.11
永福股份|300712|-19.15|4614952|96207600.00|-5.47|-5.47|-20.02|19.67|23.00|23.00|19.46|4.61|24.33|1643862|40139204.00|1|0.0000|0.0000|0.0000|0|24.33
英可瑞|300713|-20.00|9658941|126612992.00|-6.52|-4.77|-20.00|12.40|14.49|14.76|12.40|9.66|15.50|4408700|68485472.00|1|0.0000|0.0000|0.0000|0|15.50
凯伦股份|300715|-19.04|14824260|144094896.00|-13.00|-6.23|-19.95|8.97|9.64|10.39|8.87|14.82|11.08|20416754|241112432.00|1|0.0000|0.0000|0.0000|0|11.08
ST泉为|300716|-19.98|4973600|44575980.00|-4.00|-4.00|-19.98|8.41|10.09|10.09|8.41|4.97|10.51|2451850|25434594.00|1|0.0000|0.0000|0.0000|0|10.51
华信新材|300717|-17.50|3359360|45193656.00|-4.44|-4.44|-19.88|12.82|14.85|14.85|12.45|3.36|15.54|1763600|27241372.00|1|0.0000|0.0000|0.0000|0|15.54
长盛轴承|300718|-18.14|25435046|1752590336.00|-6.94|-5.24|-20.00|65.36|74.30|75.66|63.87|25.44|79.84|13273093|1077571968.00|1|0.0000|0.0000|0.0000|0|79.84
安达维尔|300719|-19.96|9123877|127122360.00|-3.98|-3.98|-20.02|13.07|15.68|15.68|13.06|9.12|16.33|2310900|37857664.00|1|0.0000|0.0000|0.0000|0|16.33
海川智能|300720|-17.30|8421020|146907680.00|-6.08|-6.08|-18.88|16.73|19.00|19.00|16.41|8.42|20.23|4239300|86651216.00|1|0.0000|0.0000|0.0000|0|20.23
怡达股份|300721|-3.31|31245664|444664320.00|-6.77|4.28|-8.70|14.00|13.50|15.10|13.22|31.25|14.48|24782640|354208992.00|1|0.0000|0.0000|0.0000|0|14.48
新余国科|300722|-14.34|9370731|231304016.00|-6.07|-3.11|-17.92|23.71|26.00|26.82|22.72|9.37|27.68|4846768|133907240.00|1|0.0000|0.0000|0.0000|0|27.68
一品红|300723|-8.62|18127469|503096320.00|-10.84|-2.53|-12.84|27.47|26.80|29.30|26.20|18.13|30.06|17193648|508112448.00|1|0.0000|0.0000|0.0000|0|30.06
捷佳伟创|300724|-17.19|13843702|730949120.00|-7.28|-5.63|-19.35|50.02|56.00|57.00|48.71|13.84|60.40|6186758|376578208.00|1|0.0000|0.0000|0.0000|0|60.40
药石科技|300725|-19.84|13159603|407393888.00|-8.13|-4.27|-20.01|28.89|33.11|34.50|28.83|13.16|36.04|6915017|253546224.00|1|0.0000|0.0000|0.0000|0|36.04
宏达电子|300726|-9.28|15464880|582959616.00|-6.18|-0.73|-12.98|36.28|37.52|39.70|34.80|15.46|39.99|10922700|442152832.00|1|0.0000|0.0000|0.0000|0|39.99
润禾材料|300727|-20.00|5966982|191709552.00|-11.30|-5.03|-20.00|30.24|33.53|35.90|30.24|5.97|37.80|4461820|171956528.00|1|0.0000|0.0000|0.0000|0|37.80
乐歌股份|300729|-19.97|13433855|166713776.00|-12.75|-9.48|-19.97|11.74|12.80|13.28|11.74|13.43|14.67|10362505|153206576.00|1|0.0000|0.0000|0.0000|0|14.67
科创信息|300730|-20.03|12349350|136859552.00|-6.57|-5.12|-20.03|10.46|12.22|12.41|10.46|12.35|13.08|3328200|43743856.00|1|0.0000|0.0000|0.0000|0|13.08
科创新源|300731|-20.00|11551640|245041072.00|-14.99|-7.83|-20.00|20.44|21.72|23.55|20.44|11.55|25.55|7169400|184646432.00|1|0.0000|0.0000|0.0000|0|25.55
设研院|300732|-15.70|11477895|66249072.00|-4.42|-4.12|-18.75|5.53|6.27|6.29|5.33|11.48|6.56|3925386|25613406.00|1|0.0000|0.0000|0.0000|0|6.56
西菱动力|300733|-20.02|12591980|176451216.00|-6.25|-6.25|-20.02|13.18|15.45|15.45|13.18|12.59|16.48|5999729|98093408.00|1|0.0000|0.0000|0.0000|0|16.48
光弘科技|300735|-20.01|25728491|584697536.00|-9.04|-6.56|-20.01|21.23|24.14|24.80|21.23|25.73|26.54|11094949|296668000.00|1|0.0000|0.0000|0.0000|0|26.54
百邦科技|300736|-18.56|10220999|75349528.00|-6.03|-5.45|-19.95|7.02|8.10|8.15|6.90|10.22|8.62|4150060|35651728.00|1|0.0000|0.0000|0.0000|0|8.62
科顺股份|300737|-14.03|24899666|110836064.00|-2.20|-2.20|-16.43|4.29|4.88|4.88|4.17|24.90|4.99|12258895|60904276.00|1|0.0000|0.0000|0.0000|0|4.99
奥飞数据|300738|-15.92|103332778|2164044032.00|-9.99|-5.01|-19.72|20.12|21.54|22.73|19.21|103.33|23.93|69034603|1648497024.00|1|0.0000|0.0000|0.0000|0|23.93
明阳电路|300739|-20.03|13458347|150451232.00|-5.56|-5.56|-20.03|10.50|12.40|12.40|10.50|13.46|13.13|6127934|80940688.00|1|0.0000|0.0000|0.0000|0|13.13
水羊股份|300740|-17.01|13643652|144033840.00|-5.06|-3.73|-18.84|10.00|11.44|11.60|9.78|13.64|12.05|5897500|70891240.00|1|0.0000|0.0000|0.0000|0|12.05
华宝股份|300741|-11.15|5112500|77445920.00|-3.70|-1.88|-14.18|14.66|15.89|16.19|14.16|5.11|16.50|4575400|76122352.00|1|0.0000|0.0000|0.0000|0|16.50
天地数码|300743|-19.85|6742605|90578776.00|-6.07|-6.07|-19.97|12.80|15.00|15.00|12.78|6.74|15.97|2961700|47361284.00|1|0.0000|0.0000|0.0000|0|15.97
欣锐科技|300745|-20.01|9252849|147356320.00|-6.78|-6.78|-20.01|15.11|17.61|17.61|15.11|9.25|18.89|2294496|43494832.00|1|0.0000|0.0000|0.0000|0|18.89
汉嘉设计|300746|-20.00|7816515|79507128.00|-6.45|-6.45|-20.00|9.68|11.32|11.32|9.68|7.82|12.10|3101400|37456944.00|1|0.0000|0.0000|0.0000|0|12.10
锐科激光|300747|-16.75|19303574|340988384.00|-5.28|-4.24|-19.94|16.70|19.00|19.21|16.06|19.30|20.06|9690000|195252160.00|1|0.0000|0.0000|0.0000|0|20.06
金力永磁|300748|-7.35|107741290|2272601600.00|2.55|8.36|-13.54|19.29|21.35|22.56|18.00|107.74|20.82|55142715|1141307008.00|1|0.0000|0.0000|0.0000|0|20.82
顶固集创|300749|-7.46|16733200|118730160.00|-4.13|-2.80|-8.79|6.95|7.20|7.30|6.85|16.73|7.51|9018560|67019488.00|1|0.0000|0.0000|0.0000|0|7.51
宁德时代|300750|-11.46|72364582|15811389440.00|-6.99|-5.38|-13.97|215.22|226.09|230.00|209.11|72.36|243.08|23281639|5693962752.00|1|0.0000|0.0000|0.0000|0|243.08
迈为股份|300751|-16.65|6291057|452459232.00|-5.20|-4.37|-17.99|68.41|77.81|78.49|67.31|6.29|82.08|1898143|155912336.00|1|0.0000|0.0000|0.0000|0|82.08
隆利科技|300752|-18.25|8990692|151802608.00|-13.26|-6.75|-19.86|16.22|17.21|18.50|15.90|8.99|19.84|4921600|98602928.00|1|0.0000|0.0000|0.0000|0|19.84
爱朋医疗|300753|-19.99|14915391|297153888.00|-9.17|-6.03|-19.99|18.85|21.40|22.14|18.85|14.92|23.56|12927492|311102976.00|1|0.0000|0.0000|0.0000|0|23.56
华致酒行|300755|-16.47|11070335|162397920.00|-5.13|-2.45|-19.99|14.00|15.90|16.35|13.41|11.07|16.76|4608199|77508560.00|1|0.0000|0.0000|0.0000|0|16.76
金马游乐|300756|-13.99|7230221|110792160.00|-5.36|-5.36|-16.44|14.75|16.23|16.23|14.33|7.23|17.15|3215774|55599968.00|1|0.0000|0.0000|0.0000|0|17.15
罗博特科|300757|-20.00|6874065|1047783168.00|-11.52|-7.20|-20.00|144.67|160.00|167.82|144.67|6.87|180.84|2308286|416701152.00|1|0.0000|0.0000|0.0000|0|180.84
七彩化学|300758|-3.92|46808059|629773056.00|-8.19|2.97|-8.19|13.25|12.66|14.20|12.66|46.81|13.79|31492400|432505216.00|1|0.0000|0.0000|0.0000|0|13.79
康龙化成|300759|-17.19|58176623|1366679168.00|-7.73|-6.21|-19.96|22.40|24.96|25.37|21.65|58.18|27.05|33670127|925997952.00|1|0.0000|0.0000|0.0000|0|27.05
迈瑞医疗|300760|-6.07|17462338|3778398720.00|-3.64|-1.45|-8.20|211.59|217.06|222.00|206.80|17.46|225.27|10704404|2428158976.00|1|0.0000|0.0000|0.0000|0|225.27
立华股份|300761|1.32|51196966|1037520384.00|0.25|9.73|-1.32|19.90|19.69|21.55|19.38|51.20|19.64|19314463|378389664.00|1|0.0000|0.0000|0.0000|0|19.64
上海瀚讯|300762|-19.99|35917082|683283520.00|-6.39|-3.29|-19.99|17.53|20.51|21.19|17.53|35.92|21.91|18995400|423091872.00|1|0.0000|0.0000|0.0000|0|21.91
锦浪科技|300763|-19.77|25582484|1275199744.00|-8.25|-5.00|-19.99|46.39|53.05|54.93|46.26|25.58|57.82|17052223|993130368.00|1|0.0000|0.0000|0.0000|0|57.82
新诺威|300765|-11.67|18262050|643401088.00|-10.26|-2.76|-15.38|34.52|35.07|38.00|33.07|18.26|39.08|8356707|329959136.00|1|0.0000|0.0000|0.0000|0|39.08
每日互动|300766|-20.01|58558299|1983354880.00|-6.28|-5.15|-20.01|31.71|37.15|37.60|31.71|58.56|39.64|31640800|1263108096.00|1|0.0000|0.0000|0.0000|0|39.64
震安科技|300767|-18.98|17558978|164935824.00|-7.04|-5.56|-19.63|8.75|10.04|10.20|8.68|17.56|10.80|14720512|156339424.00|1|0.0000|0.0000|0.0000|0|10.80
迪普科技|300768|-20.01|8735800|137984672.00|-5.40|-5.23|-20.01|14.67|17.35|17.38|14.67|8.74|18.34|3702000|68338936.00|1|0.0000|0.0000|0.0000|0|18.34
德方纳米|300769|-19.99|12189614|327501504.00|-8.02|-4.18|-19.99|25.05|28.80|30.00|25.05|12.19|31.31|3494420|109448912.00|1|0.0000|0.0000|0.0000|0|31.31
新媒股份|300770|-11.78|6388648|235926896.00|-2.91|-2.91|-13.82|35.43|38.99|38.99|34.61|6.39|40.16|2443800|97674712.00|1|0.0000|0.0000|0.0000|0|40.16
智莱科技|300771|-19.98|10978300|99077992.00|-7.13|-6.19|-19.98|8.53|9.90|10.00|8.53|10.98|10.66|4605376|48944636.00|1|0.0000|0.0000|0.0000|0|10.66
运达股份|300772|-17.79|28306346|291325472.00|-6.83|-6.07|-19.81|9.75|11.05|11.14|9.51|28.31|11.86|14856104|178050256.00|1|0.0000|0.0000|0.0000|0|11.86
拉卡拉|300773|-16.95|31384222|477205728.00|-8.10|-4.20|-19.83|14.45|15.99|16.67|13.95|31.38|17.40|12433400|215805584.00|1|0.0000|0.0000|0.0000|0|17.40
倍杰特|300774|-17.85|9552000|74731920.00|-3.25|-3.14|-19.64|7.32|8.62|8.63|7.16|9.55|8.91|3334800|29637438.00|1|0.0000|0.0000|0.0000|0|8.91
三角防务|300775|-13.34|23349626|507472576.00|-3.22|-0.25|-17.28|20.46|22.85|23.55|19.53|23.35|23.61|7681853|181385200.00|1|0.0000|0.0000|0.0000|0|23.61
帝尔激光|300776|-11.83|6095707|362234432.00|-3.96|-3.20|-15.43|57.84|63.00|63.50|55.48|6.10|65.60|3421477|228196800.00|1|0.0000|0.0000|0.0000|0|65.60
中简科技|300777|-10.17|19743454|628448640.00|-5.45|-2.41|-14.46|31.00|32.63|33.68|29.52|19.74|34.51|8798405|305346592.00|1|0.0000|0.0000|0.0000|0|34.51
新城市|300778|-19.06|9115638|85848912.00|-4.63|-4.63|-19.96|8.92|10.51|10.51|8.82|9.12|11.02|4071224|45035684.00|1|0.0000|0.0000|0.0000|0|11.02
惠城环保|300779|-20.00|7954777|977010752.00|-8.08|-4.17|-20.00|112.28|129.01|134.50|112.28|7.95|140.35|3138253|447084960.00|1|0.0000|0.0000|0.0000|0|140.35
德恩精工|300780|-19.99|9455300|124672568.00|-5.91|-5.91|-19.99|12.33|14.50|14.50|12.33|9.46|15.41|5716200|88672512.00|1|0.0000|0.0000|0.0000|0|15.41
因赛集团|300781|-20.00|4044000|186502064.00|-10.95|-6.96|-20.00|43.12|48.00|50.15|43.12|4.04|53.90|2222500|120082032.00|1|0.0000|0.0000|0.0000|0|53.90
卓胜微|300782|-11.15|14151734|1041587776.00|-6.28|-2.00|-14.71|71.26|75.16|78.60|68.40|14.15|80.20|4031597|324500480.00|1|0.0000|0.0000|0.0000|0|80.20
三只松鼠|300783|-9.59|21497323|545766592.00|-5.27|-1.79|-14.10|24.69|25.87|26.82|23.46|21.50|27.31|11326840|310212640.00|1|0.0000|0.0000|0.0000|0|27.31
利安科技|300784|-20.00|1250761|58789848.00|-4.38|-4.38|-20.00|43.80|52.35|52.35|43.80|1.25|54.75|483200|26463360.00|1|0.0000|0.0000|0.0000|0|54.75
值得买|300785|-20.01|7131450|189514880.00|-7.95|-6.52|-20.01|25.14|28.93|29.38|25.14|7.13|31.43|3190575|99883168.00|1|0.0000|0.0000|0.0000|0|31.43
国林科技|300786|-14.17|28008006|363736576.00|-8.12|-3.13|-18.40|12.36|13.23|13.95|11.75|28.01|14.40|24520309|360109632.00|1|0.0000|0.0000|0.0000|0|14.40
海能实业|300787|-20.03|7532636|84320112.00|-13.05|-8.63|-20.03|10.66|11.59|12.18|10.66|7.53|13.33|7164702|97119056.00|1|0.0000|0.0000|0.0000|0|13.33
中信出版|300788|-18.77|5990200|165861184.00|-4.90|-4.90|-19.71|25.88|30.30|30.30|25.58|5.99|31.86|3250703|104443680.00|1|0.0000|0.0000|0.0000|0|31.86
唐源电气|300789|-20.02|5858514|117026600.00|-10.62|-7.71|-20.02|18.98|21.21|21.90|18.98|5.86|23.73|4122786|97911496.00|1|0.0000|0.0000|0.0000|0|23.73
宇瞳光学|300790|-19.35|26478373|522588000.00|-10.10|-7.58|-19.99|18.84|21.00|21.59|18.69|26.48|23.36|13525660|319973184.00|1|0.0000|0.0000|0.0000|0|23.36
仙乐健康|300791|-18.88|4990243|119386976.00|-7.62|-5.13|-19.50|22.13|25.20|25.88|21.96|4.99|27.28|2412270|65754012.00|1|0.0000|0.0000|0.0000|0|27.28
壹网壹创|300792|-19.98|11808500|259108288.00|-10.71|-9.57|-19.98|21.06|23.50|23.80|21.06|11.81|26.32|8906251|230959152.00|1|0.0000|0.0000|0.0000|0|26.32
佳禾智能|300793|-20.00|19997382|289333984.00|-10.26|-8.23|-20.00|13.80|15.48|15.83|13.80|20.00|17.25|9749121|169475344.00|1|0.0000|0.0000|0.0000|0|17.25
米奥会展|300795|-17.17|6466839|115499040.00|-8.83|-5.45|-19.73|17.17|18.90|19.60|16.64|6.47|20.73|2604244|53891924.00|1|0.0000|0.0000|0.0000|0|20.73
贝斯美|300796|-16.25|12620884|112277672.00|-4.71|-4.31|-17.55|8.35|9.50|9.54|8.22|12.62|9.97|2641120|26300792.00|1|0.0000|0.0000|0.0000|0|9.97
钢研纳克|300797|-8.30|27378874|376594912.00|-4.25|1.95|-13.81|13.15|13.73|14.62|12.36|27.38|14.34|27956511|404542880.00|1|0.0000|0.0000|0.0000|0|14.34
锦鸡股份|300798|-20.03|39651773|262534400.00|-9.95|-7.11|-20.03|6.19|6.97|7.19|6.19|39.65|7.74|39174569|308652320.00|1|0.0000|0.0000|0.0000|0|7.74
力合科技|300800|-16.38|4851500|45216160.00|-3.90|-3.81|-17.81|8.78|10.09|10.10|8.63|4.85|10.50|1802750|18941940.00|1|0.0000|0.0000|0.0000|0|10.50
泰和科技|300801|-19.66|7381300|110949872.00|-5.79|-4.87|-20.00|14.02|16.44|16.60|13.96|7.38|17.45|4506500|78065032.00|1|0.0000|0.0000|0.0000|0|17.45
矩子科技|300802|-20.02|6762440|103496800.00|-8.42|-4.24|-20.02|14.34|16.42|17.17|14.34|6.76|17.93|2853240|51820708.00|1|0.0000|0.0000|0.0000|0|17.93
指南针|300803|-9.26|33904097|1821601536.00|-6.10|-3.50|-13.92|53.13|54.98|56.50|50.40|33.90|58.55|14752375|869267328.00|1|0.0000|0.0000|0.0000|0|58.55
广康生化|300804|-17.09|1944140|44278744.00|-3.42|-3.42|-18.04|21.10|24.58|24.58|20.86|1.94|25.45|1681650|42296724.00|1|0.0000|0.0000|0.0000|0|25.45
电声股份|300805|-17.19|14875420|133397400.00|-6.92|-4.84|-19.76|8.38|9.42|9.63|8.12|14.88|10.12|3960600|40103500.00|1|0.0000|0.0000|0.0000|0|10.12
斯迪克|300806|-17.86|17201614|248163856.00|-11.90|-7.80|-20.00|13.80|14.80|15.49|13.44|17.20|16.80|6468825|109385928.00|1|0.0000|0.0000|0.0000|0|16.80
天迈科技|300807|-15.88|3356900|103140736.00|-6.01|-4.80|-19.50|29.25|32.68|33.10|27.99|3.36|34.77|1493200|52272496.00|1|0.0000|0.0000|0.0000|0|34.77
久量股份|300808|-19.47|3394210|79125760.00|-6.76|-5.83|-19.99|21.67|25.09|25.34|21.53|3.39|26.91|1092200|29563138.00|1|0.0000|0.0000|0.0000|0|26.91
华辰装备|300809|-20.00|19068493|736264768.00|-10.32|-8.19|-20.00|36.13|40.50|41.46|36.13|19.07|45.16|27326656|1306109952.00|1|0.0000|0.0000|0.0000|0|45.16
中科海讯|300810|-19.99|10315205|294671264.00|-9.21|-7.83|-19.99|27.18|30.84|31.31|27.18|10.32|33.97|10385706|351155232.00|1|0.0000|0.0000|0.0000|0|33.97
铂科新材|300811|-16.27|9419410|378634688.00|-8.18|-4.68|-19.96|38.30|42.00|43.60|36.61|9.42|45.74|3700158|170689264.00|1|0.0000|0.0000|0.0000|0|45.74
易天股份|300812|-20.01|5841360|96885904.00|-6.41|-6.31|-20.01|15.47|18.10|18.12|15.47|5.84|19.34|3311140|64466632.00|1|0.0000|0.0000|0.0000|0|19.34
泰林生物|300813|-19.98|4094884|67662704.00|-6.73|-4.35|-19.98|15.46|18.02|18.48|15.46|4.09|19.32|1719863|33410878.00|1|0.0000|0.0000|0.0000|0|19.32
中富电路|300814|-20.01|6876302|176855040.00|-9.76|-7.22|-20.01|24.26|27.37|28.14|24.26|6.88|30.33|4209018|129037472.00|1|0.0000|0.0000|0.0000|0|30.33
玉禾田|300815|-16.56|10370384|153413072.00|-5.16|-4.75|-19.11|14.06|15.98|16.05|13.63|10.37|16.85|4404856|74546440.00|1|0.0000|0.0000|0.0000|0|16.85
艾可蓝|300816|-20.00|5075720|130671672.00|-13.11|-6.89|-20.00|24.40|26.50|28.40|24.40|5.08|30.50|4190600|128359184.00|1|0.0000|0.0000|0.0000|0|30.50
双飞集团|300817|-20.00|15387634|327399776.00|-13.73|-9.76|-20.00|20.16|21.74|22.74|20.16|15.39|25.20|14969400|382012480.00|1|0.0000|0.0000|0.0000|0|25.20
耐普矿机|300818|-19.99|8736375|165932128.00|-10.40|-8.52|-19.99|17.93|20.08|20.50|17.93|8.74|22.41|8551685|192698016.00|1|0.0000|0.0000|0.0000|0|22.41
聚杰微纤|300819|-19.99|7065001|159820160.00|-8.74|-5.47|-19.99|21.05|24.01|24.87|21.05|7.07|26.31|5837600|153969360.00|1|0.0000|0.0000|0.0000|0|26.31
英杰电气|300820|-19.95|5066667|216408560.00|-6.64|-4.08|-19.99|39.44|46.00|47.26|39.42|5.07|49.27|1740717|86108712.00|1|0.0000|0.0000|0.0000|0|49.27
东岳硅材|300821|-17.90|20665406|147994480.00|-3.78|-3.41|-19.00|6.74|7.90|7.93|6.65|20.67|8.21|6675976|54860528.00|1|0.0000|0.0000|0.0000|0|8.21
贝仕达克|300822|-20.02|6061814|100929472.00|-7.18|-6.97|-20.02|15.94|18.50|18.54|15.94|6.06|19.93|2745732|54935604.00|1|0.0000|0.0000|0.0000|0|19.93
建科智能|300823|-19.84|8311100|103256616.00|-6.34|-6.34|-19.97|11.88|13.88|13.88|11.86|8.31|14.82|5014540|73779224.00|1|0.0000|0.0000|0.0000|0|14.82
北鼎股份|300824|-15.38|13568800|122101960.00|-5.22|-3.58|-19.44|8.75|9.80|9.97|8.33|13.57|10.34|11130150|113711808.00|1|0.0000|0.0000|0.0000|0|10.34
阿尔特|300825|-20.00|26656247|250160432.00|-8.00|-6.36|-20.00|8.80|10.12|10.30|8.80|26.66|11.00|14504400|161398848.00|1|0.0000|0.0000|0.0000|0|11.00
测绘股份|300826|-18.58|7186980|100063912.00|-5.21|-3.95|-20.03|12.97|15.10|15.30|12.74|7.19|15.93|2470172|39325208.00|1|0.0000|0.0000|0.0000|0|15.93
上能电气|300827|-19.99|21529560|579475712.00|-12.28|-8.21|-19.99|25.54|28.00|29.30|25.54|21.53|31.92|21442991|694486400.00|1|0.0000|0.0000|0.0000|0|31.92
锐新科技|300828|-17.96|12811550|179658352.00|-11.42|-8.37|-19.49|13.43|14.50|15.00|13.18|12.81|16.37|14707278|245809824.00|1|0.0000|0.0000|0.0000|0|16.37
金丹科技|300829|-16.23|4405090|65295876.00|-4.88|-4.28|-17.72|14.09|16.00|16.10|13.84|4.41|16.82|1547882|26056338.00|1|0.0000|0.0000|0.0000|0|16.82
金现代|300830|-20.00|16431500|116271976.00|-7.59|-6.27|-20.00|6.64|7.67|7.78|6.64|16.43|8.30|5443200|45507040.00|1|0.0000|0.0000|0.0000|0|8.30
派瑞股份|300831|-18.61|13755992|178813824.00|-7.50|-4.48|-19.75|12.16|13.82|14.27|11.99|13.76|14.94|4726292|70762912.00|1|0.0000|0.0000|0.0000|0|14.94
新产业|300832|-5.58|9110655|503630528.00|-3.22|0.57|-9.58|54.30|55.66|57.84|52.00|9.11|57.51|4243207|248648928.00|1|0.0000|0.0000|0.0000|0|57.51
浩洋股份|300833|-19.39|2690805|87909976.00|-5.08|-5.05|-19.68|30.31|35.69|35.70|30.20|2.69|37.60|1982000|75556576.00|1|0.0000|0.0000|0.0000|0|37.60
星辉环材|300834|-17.06|3408394|64438184.00|-4.91|-4.91|-18.69|17.75|20.35|20.35|17.40|3.41|21.40|2250300|48222840.00|1|0.0000|0.0000|0.0000|0|21.40
龙磁科技|300835|-18.02|5650340|187170096.00|-5.63|-3.11|-19.99|30.88|35.55|36.50|30.14|5.65|37.67|2548910|96017472.00|1|0.0000|0.0000|0.0000|0|37.67
佰奥智能|300836|-19.55|1910690|79710768.00|-5.12|-5.12|-20.01|39.00|46.00|46.00|38.78|1.91|48.48|403610|19590254.00|1|0.0000|0.0000|0.0000|0|48.48
浙矿股份|300837|-15.80|2581477|50319036.00|-2.87|-2.87|-17.76|18.49|21.33|21.33|18.06|2.58|21.96|1004800|21864052.00|1|0.0000|0.0000|0.0000|0|21.96
浙江力诺|300838|-10.48|5024600|76640752.00|-4.19|-4.19|-14.13|14.95|16.00|16.00|14.34|5.02|16.70|2950009|48659348.00|1|0.0000|0.0000|0.0000|0|16.70
博汇股份|300839|-17.47|6855382|49669628.00|-3.08|-3.08|-18.70|6.71|7.88|7.88|6.61|6.86|8.13|3777010|30650892.00|1|0.0000|0.0000|0.0000|0|8.13
酷特智能|300840|-20.00|19639400|363806464.00|-14.41|-10.00|-20.00|17.76|19.00|19.98|17.76|19.64|22.20|12022008|268374720.00|1|0.0000|0.0000|0.0000|0|22.20
康华生物|300841|-17.07|8014113|456350656.00|-4.76|-2.59|-19.11|53.11|60.99|62.38|51.80|8.01|64.04|5097638|322991552.00|1|0.0000|0.0000|0.0000|0|64.04
帝科股份|300842|-20.00|11027380|413244544.00|-7.40|-5.90|-20.00|35.67|41.29|41.96|35.67|11.03|44.59|6483236|295700896.00|1|0.0000|0.0000|0.0000|0|44.59
胜蓝股份|300843|-19.99|6634698|165418848.00|-8.31|-5.06|-19.99|23.58|27.02|27.98|23.58|6.63|29.47|3016600|89832520.00|1|0.0000|0.0000|0.0000|0|29.47
山水比德|300844|-12.85|7714823|358115104.00|-9.77|-1.35|-16.74|45.23|46.83|51.20|43.21|7.71|51.90|7216624|383995712.00|1|0.0000|0.0000|0.0000|0|51.90
捷安高科|300845|-17.39|8251648|94441096.00|-4.63|-4.02|-19.89|10.88|12.56|12.64|10.55|8.25|13.17|3889452|50932120.00|1|0.0000|0.0000|0.0000|0|13.17
首都在线|300846|-18.16|72231483|1311162112.00|-7.74|-6.23|-20.00|17.35|19.56|19.88|16.96|72.23|21.20|45472833|970833856.00|1|0.0000|0.0000|0.0000|0|21.20
中船汉光|300847|-19.05|9242364|135575760.00|-6.21|-4.16|-19.99|13.81|16.00|16.35|13.65|9.24|17.06|2329350|39676916.00|1|0.0000|0.0000|0.0000|0|17.06
美瑞新材|300848|-14.36|9119579|159091792.00|-14.56|-2.62|-17.90|16.70|16.66|18.99|16.01|9.12|19.50|6612715|127134984.00|1|0.0000|0.0000|0.0000|0|19.50
锦盛新材|300849|-19.99|6672150|87504384.00|-8.75|-5.87|-19.99|12.53|14.29|14.74|12.53|6.67|15.66|4608744|73652912.00|1|0.0000|0.0000|0.0000|0|15.66
新强联|300850|-15.56|12987261|316670752.00|-6.03|-2.48|-18.55|23.12|25.73|26.70|22.30|12.99|27.38|5399690|147430256.00|1|0.0000|0.0000|0.0000|0|27.38
交大思诺|300851|-18.16|2502557|61019216.00|-10.35|-6.60|-19.16|22.94|25.13|26.18|22.66|2.50|28.03|2512300|70680152.00|1|0.0000|0.0000|0.0000|0|28.03
四会富仕|300852|-19.99|3510210|88984040.00|-8.63|-5.01|-19.99|23.82|27.20|28.28|23.82|3.51|29.77|2106594|63170828.00|1|0.0000|0.0000|0.0000|0|29.77
申昊科技|300853|-19.98|11201700|211686256.00|-11.60|-6.74|-19.98|17.94|19.82|20.91|17.94|11.20|22.42|6547100|149221200.00|1|0.0000|0.0000|0.0000|0|22.42
中兰环保|300854|-7.16|5177500|62319960.00|-4.34|-4.34|-11.35|12.19|12.56|12.56|11.64|5.18|13.13|1857600|24185588.00|1|0.0000|0.0000|0.0000|0|13.13
图南股份|300855|-12.12|11069159|230374528.00|-4.00|-2.55|-15.06|20.01|21.86|22.19|19.34|11.07|22.77|5642800|128611336.00|1|0.0000|0.0000|0.0000|0|22.77
科思股份|300856|-19.32|10017284|216032800.00|-4.43|-4.43|-20.01|19.84|23.50|23.50|19.67|10.02|24.59|2869436|70599608.00|1|0.0000|0.0000|0.0000|0|24.59
协创数据|300857|-20.00|12803059|1278210816.00|-9.23|-6.66|-20.00|92.54|105.00|107.97|92.54|12.80|115.68|7671121|885922624.00|1|0.0000|0.0000|0.0000|0|115.68
科拓生物|300858|-13.35|10734919|130415720.00|-2.38|-0.23|-15.35|11.29|12.72|13.00|11.03|10.73|13.03|6330178|82845792.00|1|0.0000|0.0000|0.0000|0|13.03
西域旅游|300859|-8.78|11301415|406075712.00|-5.68|-2.71|-12.48|35.02|36.21|37.35|33.60|11.30|38.39|10300300|394623520.00|1|0.0000|0.0000|0.0000|0|38.39
锋尚文化|300860|-17.62|6516641|154824832.00|-5.28|-4.62|-19.95|22.63|26.02|26.20|21.99|6.52|27.47|5151522|140535680.00|1|0.0000|0.0000|0.0000|0|27.47
美畅股份|300861|-13.24|7691206|132328200.00|-4.43|-4.38|-17.67|16.65|18.34|18.35|15.80|7.69|19.19|1929740|37100364.00|1|0.0000|0.0000|0.0000|0|19.19
蓝盾光电|300862|-20.01|5227240|114745864.00|-7.56|-7.56|-20.01|20.75|23.98|23.98|20.75|5.23|25.94|2246980|58115744.00|1|0.0000|0.0000|0.0000|0|25.94
卡倍亿|300863|-20.00|4952508|196336448.00|-7.90|-5.76|-20.00|37.35|43.00|44.00|37.35|4.95|46.69|2130580|99773672.00|1|0.0000|0.0000|0.0000|0|46.69
南大环境|300864|-15.31|3087728|58880336.00|-3.71|-3.43|-18.79|18.25|20.75|20.81|17.50|3.09|21.55|950817|20457902.00|1|0.0000|0.0000|0.0000|0|21.55
大宏立|300865|-19.98|3224200|62325952.00|-3.49|-3.49|-19.98|18.10|21.83|21.83|18.10|3.22|22.62|2516400|56946792.00|1|0.0000|0.0000|0.0000|0|22.62
安克创新|300866|-18.89|11520243|911472448.00|-19.99|-10.64|-20.00|76.24|75.21|84.00|75.20|11.52|94.00|10436177|990822976.00|1|0.0000|0.0000|0.0000|0|94.00
圣元环保|300867|-8.96|12335418|163317248.00|-1.11|6.15|-14.00|12.29|13.35|14.33|11.61|12.34|13.50|2632300|35393120.00|1|0.0000|0.0000|0.0000|0|13.50
杰美特|300868|-20.01|3857901|103879464.00|-7.91|-7.11|-20.01|25.19|29.00|29.25|25.19|3.86|31.49|3321302|103948664.00|1|0.0000|0.0000|0.0000|0|31.49
康泰医学|300869|-18.18|10936167|139801392.00|-3.98|-2.74|-19.96|11.93|14.00|14.18|11.67|10.94|14.58|7182516|106183568.00|1|0.0000|0.0000|0.0000|0|14.58
欧陆通|300870|-20.00|4010665|396530560.00|-10.25|-7.52|-20.00|93.59|105.00|108.19|93.59|4.01|116.99|2968515|351042560.00|1|0.0000|0.0000|0.0000|0|116.99
回盛生物|300871|-7.69|42087164|1500163072.00|0.00|11.15|-9.83|32.30|34.99|38.89|31.55|42.09|34.99|38058497|1229481984.00|1|0.0000|0.0000|0.0000|0|34.99
天阳科技|300872|-19.98|20408155|279689536.00|-6.30|-4.87|-19.98|12.82|15.01|15.24|12.82|20.41|16.02|6903740|110812312.00|1|0.0000|0.0000|0.0000|0|16.02
海晨股份|300873|-19.16|11342881|204249712.00|-7.28|-5.90|-20.02|17.00|19.50|19.79|16.82|11.34|21.03|4918915|103957016.00|1|0.0000|0.0000|0.0000|0|21.03
捷强装备|300875|-19.99|3668262|84833632.00|-5.40|-5.40|-19.99|21.65|25.60|25.60|21.65|3.67|27.06|1772400|48194992.00|1|0.0000|0.0000|0.0000|0|27.06
蒙泰高新|300876|-14.75|1550728|38649632.00|-7.90|-3.09|-17.44|23.75|25.66|27.00|23.00|1.55|27.86|736100|20356796.00|1|0.0000|0.0000|0.0000|0|27.86
金春股份|300877|-18.98|4848838|63179016.00|-5.84|-4.43|-19.45|12.08|14.04|14.25|12.01|4.85|14.91|3927550|58694576.00|1|0.0000|0.0000|0.0000|0|14.91
维康药业|300878|-19.32|6400037|96618656.00|-7.06|-5.03|-20.00|14.28|16.45|16.81|14.16|6.40|17.70|5974099|104626816.00|1|0.0000|0.0000|0.0000|0|17.70
大叶股份|300879|-20.00|10538300|160749632.00|-13.39|-6.34|-20.00|14.52|15.72|17.00|14.52|10.54|18.15|8570045|156470592.00|1|0.0000|0.0000|0.0000|0|18.15
迦南智能|300880|-17.31|8510332|175785232.00|-9.07|-5.52|-19.73|19.78|21.75|22.60|19.20|8.51|23.92|4188100|100220152.00|1|0.0000|0.0000|0.0000|0|23.92
盛德鑫泰|300881|-19.72|3937208|110817552.00|-5.50|-5.26|-19.97|26.25|30.90|30.98|26.17|3.94|32.70|1835410|60064980.00|1|0.0000|0.0000|0.0000|0|32.70
万胜智能|300882|-20.00|8958902|127465832.00|-3.61|-3.61|-20.00|13.28|16.00|16.00|13.28|8.96|16.60|5674540|93364768.00|1|0.0000|0.0000|0.0000|0|16.60
龙利得|300883|-19.58|18345757|89944176.00|-2.62|-2.62|-19.93|4.60|5.57|5.57|4.58|18.35|5.72|5166008|29415954.00|1|0.0000|0.0000|0.0000|0|5.72
狄耐克|300884|-20.04|9952503|94796832.00|-9.88|-5.61|-20.04|8.98|10.12|10.60|8.98|9.95|11.23|3846300|43254696.00|1|0.0000|0.0000|0.0000|0|11.23
海昌新材|300885|-20.03|15525257|177610480.00|-11.28|-8.16|-20.03|10.78|11.96|12.38|10.78|15.53|13.48|14797336|203245520.00|1|0.0000|0.0000|0.0000|0|13.48
华业香料|300886|-18.95|2846890|52351204.00|-6.36|-3.58|-19.94|17.19|19.86|20.45|16.98|2.85|21.21|2877500|61331588.00|1|0.0000|0.0000|0.0000|0|21.21
谱尼测试|300887|-17.90|17151655|118921944.00|-5.51|-5.51|-19.77|6.56|7.55|7.55|6.41|17.15|7.99|7547439|60347160.00|1|0.0000|0.0000|0.0000|0|7.99
稳健医疗|300888|-11.25|8087670|327903680.00|-3.42|-1.26|-14.08|38.65|42.06|43.00|37.42|8.09|43.55|3517561|153230928.00|1|0.0000|0.0000|0.0000|0|43.55
爱克股份|300889|-17.84|5616700|75402520.00|-9.01|-6.50|-20.03|12.76|14.13|14.52|12.42|5.62|15.53|2241700|34804360.00|1|0.0000|0.0000|0.0000|0|15.53
翔丰华|300890|-19.65|7185583|178382576.00|-6.61|-5.26|-19.99|23.23|27.00|27.39|23.13|7.19|28.91|3121700|90478216.00|1|0.0000|0.0000|0.0000|0|28.91
惠云钛业|300891|-20.02|15340700|117570920.00|-5.56|-4.45|-20.02|7.19|8.49|8.59|7.19|15.34|8.99|10354300|92107800.00|1|0.0000|0.0000|0.0000|0|8.99
品渥食品|300892|-9.28|5907352|154122224.00|-6.46|1.05|-12.35|25.13|25.91|27.99|24.28|5.91|27.70|4270800|117448720.00|1|0.0000|0.0000|0.0000|0|27.70
松原安全|300893|-13.26|2370616|70778984.00|-6.15|-6.15|-20.01|28.65|31.00|31.00|26.42|2.37|33.03|956225|31616132.00|1|0.0000|0.0000|0.0000|0|33.03
火星人|300894|-19.94|16716500|202777264.00|-5.94|-5.94|-20.01|11.32|13.30|13.30|11.31|16.72|14.14|6303302|89947440.00|1|0.0000|0.0000|0.0000|0|14.14
铜牛信息|300895|-20.00|16815804|729077952.00|-10.55|-5.55|-20.00|40.25|45.00|47.52|40.25|16.82|50.31|15833878|815298240.00|1|0.0000|0.0000|0.0000|0|50.31
爱美客|300896|-8.19|6114483|1035287424.00|-4.01|-1.23|-12.31|166.34|173.90|178.95|158.87|6.11|181.17|2886826|523806336.00|1|0.0000|0.0000|0.0000|0|181.17
山科智能|300897|-20.01|3152800|74927112.00|-4.49|-1.58|-20.01|21.74|25.96|26.75|21.74|3.15|27.18|3586599|96167992.00|1|0.0000|0.0000|0.0000|0|27.18
熊猫乳品|300898|5.16|20010074|608002176.00|-5.64|8.59|-5.64|30.97|27.79|31.98|27.79|20.01|29.45|10042846|293769632.00|1|0.0000|0.0000|0.0000|0|29.45
*ST凯鑫|300899|-17.55|2726300|52590824.00|-3.64|-3.64|-18.92|18.13|21.19|21.19|17.83|2.73|21.99|1041800|22824734.00|1|0.0000|0.0000|0.0000|0|21.99
广联航空|300900|-18.17|14384232|246967168.00|-7.50|-4.53|-19.98|16.26|18.38|18.97|15.90|14.38|19.87|5065432|101336712.00|1|0.0000|0.0000|0.0000|0|19.87
中胤时尚|300901|-19.98|7081400|80196360.00|-6.06|-5.07|-19.98|10.57|12.41|12.54|10.57|7.08|13.21|5964700|78119224.00|1|0.0000|0.0000|0.0000|0|13.21
国安达|300902|-20.00|7614140|127157480.00|-4.86|-4.86|-20.00|15.64|18.60|18.60|15.64|7.61|19.55|4247640|83730800.00|1|0.0000|0.0000|0.0000|0|19.55
科翔股份|300903|-20.00|20996263|138612752.00|-8.26|-7.35|-20.00|6.20|7.11|7.18|6.20|21.00|7.75|8335700|65057228.00|1|0.0000|0.0000|0.0000|0|7.75
威力传动|300904|-15.09|2383821|121557880.00|-8.04|-5.47|-20.01|49.40|53.50|55.00|46.54|2.38|58.18|1898550|109659688.00|1|0.0000|0.0000|0.0000|0|58.18
宝丽迪|300905|-19.98|7582900|171465344.00|-10.13|-5.85|-19.98|20.94|23.52|24.64|20.94|7.58|26.17|5539300|146301936.00|1|0.0000|0.0000|0.0000|0|26.17
日月明|300906|-18.93|3227896|71734432.00|-4.74|-4.39|-19.94|20.86|24.51|24.60|20.60|3.23|25.73|3494200|89911936.00|1|0.0000|0.0000|0.0000|0|25.73
康平科技|300907|-19.99|5276199|115494592.00|-8.63|-6.74|-19.99|20.77|23.72|24.21|20.77|5.28|25.96|3434286|88660592.00|1|0.0000|0.0000|0.0000|0|25.96
仲景食品|300908|-7.04|2283762|62624176.00|-2.95|-0.83|-9.39|26.82|28.00|28.61|26.14|2.28|28.85|1269803|36230084.00|1|0.0000|0.0000|0.0000|0|28.85
汇创达|300909|-20.00|4561950|103261888.00|-9.89|-7.28|-20.00|21.44|24.15|24.85|21.44|4.56|26.80|2579800|68971672.00|1|0.0000|0.0000|0.0000|0|26.80
瑞丰新材|300910|0.54|7408635|402275744.00|-1.51|4.26|-3.55|54.10|53.00|56.10|51.90|7.41|53.81|3602200|194434016.00|1|0.0000|0.0000|0.0000|0|53.81
亿田智能|300911|-20.00|5996818|228854064.00|-9.68|-8.32|-20.00|37.20|42.00|42.63|37.20|6.00|46.50|9802696|469947744.00|1|0.0000|0.0000|0.0000|0|46.50
凯龙高科|300912|-10.69|5349900|54085828.00|-5.39|-4.02|-20.02|10.44|11.06|11.22|9.35|5.35|11.69|2633300|30785702.00|1|0.0000|0.0000|0.0000|0|11.69
兆龙互连|300913|-20.00|5962994|238883520.00|-13.03|-6.00|-20.00|37.76|41.05|44.37|37.76|5.96|47.20|3015000|144107056.00|1|0.0000|0.0000|0.0000|0|47.20
海融科技|300915|-13.82|2202950|69422928.00|-4.63|-3.53|-15.08|30.00|33.20|33.58|29.56|2.20|34.81|1229750|42673412.00|1|0.0000|0.0000|0.0000|0|34.81
朗特智能|300916|-19.99|3340975|87111912.00|-5.27|-5.27|-19.99|24.61|29.14|29.14|24.61|3.34|30.76|1689204|51888448.00|1|0.0000|0.0000|0.0000|0|30.76
特发服务|300917|-15.29|8794902|354843968.00|-7.85|-4.34|-18.82|38.61|42.00|43.60|37.00|8.79|45.58|8912903|409533216.00|1|0.0000|0.0000|0.0000|0|45.58
南山智尚|300918|-19.99|18670244|263293792.00|-10.17|-8.02|-19.99|13.37|15.01|15.37|13.37|18.67|16.71|14380324|243486032.00|1|0.0000|0.0000|0.0000|0|16.71
中伟股份|300919|-13.30|13794662|439369824.00|-4.92|-4.92|-15.29|30.50|33.45|33.45|29.80|13.79|35.18|4751820|167658560.00|1|0.0000|0.0000|0.0000|0|35.18
润阳科技|300920|-20.00|5815100|111420880.00|-7.73|-7.73|-20.00|18.12|20.90|20.90|18.12|5.82|22.65|7285467|158754304.00|1|0.0000|0.0000|0.0000|0|22.65
南凌科技|300921|-20.00|4913920|113149096.00|-9.26|-6.00|-20.00|21.60|24.50|25.38|21.60|4.91|27.00|2480900|67281696.00|1|0.0000|0.0000|0.0000|0|27.00
天秦装备|300922|-12.53|10381879|168760016.00|-5.76|-4.10|-15.08|15.78|17.00|17.30|15.32|10.38|18.04|7863980|141470256.00|1|0.0000|0.0000|0.0000|0|18.04
研奥股份|300923|-19.93|4269300|79872096.00|-7.53|-4.01|-20.02|17.76|20.51|21.29|17.74|4.27|22.18|4775378|104806752.00|1|0.0000|0.0000|0.0000|0|22.18
法本信息|300925|-19.99|24253584|475130976.00|-9.32|-6.88|-19.99|18.37|20.82|21.38|18.37|24.25|22.96|7074830|163186720.00|1|0.0000|0.0000|0.0000|0|22.96
博俊科技|300926|-18.61|11676678|267307168.00|-9.58|-7.62|-19.99|21.91|24.34|24.87|21.54|11.68|26.92|6074742|165734016.00|1|0.0000|0.0000|0.0000|0|26.92
江天化学|300927|-16.19|16126421|386010432.00|-10.28|-4.71|-18.50|22.42|24.00|25.49|21.80|16.13|26.75|19783353|524359168.00|1|0.0000|0.0000|0.0000|0|26.75
华安鑫创|300928|-19.96|3016400|95693184.00|-6.41|-6.41|-19.99|29.47|34.46|34.46|29.46|3.02|36.82|1318300|48643876.00|1|0.0000|0.0000|0.0000|0|36.82
华骐环保|300929|-15.49|7189416|53882352.00|-3.99|-3.87|-16.55|7.20|8.18|8.19|7.11|7.19|8.52|2974380|25271724.00|1|0.0000|0.0000|0.0000|0|8.52
屹通新材|300930|-15.61|3302800|72852824.00|-6.89|-5.78|-19.45|21.30|23.50|23.78|20.33|3.30|25.24|1957500|49343700.00|1|0.0000|0.0000|0.0000|0|25.24
通用电梯|300931|-19.88|13845100|77416248.00|-5.20|-5.20|-20.03|5.24|6.20|6.20|5.23|13.85|6.54|10480586|68885704.00|1|0.0000|0.0000|0.0000|0|6.54
三友联众|300932|-14.07|7827594|105595920.00|-4.52|-4.33|-19.99|13.50|15.00|15.03|12.57|7.83|15.71|3832664|60149844.00|1|0.0000|0.0000|0.0000|0|15.71
中辰股份|300933|-17.77|28026963|175632784.00|-8.40|-5.37|-19.97|5.97|6.65|6.87|5.81|28.03|7.26|12650081|91774280.00|1|0.0000|0.0000|0.0000|0|7.26
盈建科|300935|-19.40|2628797|45468348.00|-4.99|-4.99|-19.99|16.49|19.44|19.44|16.37|2.63|20.46|955380|19532242.00|1|0.0000|0.0000|0.0000|0|20.46
中英科技|300936|-19.99|2948900|100201680.00|-5.41|-5.41|-19.99|31.97|37.80|37.80|31.97|2.95|39.96|1119821|44905236.00|1|0.0000|0.0000|0.0000|0|39.96
药易购|300937|-19.97|3719652|86421736.00|-5.41|-4.41|-20.01|21.76|25.72|25.99|21.75|3.72|27.19|1490454|40437584.00|1|0.0000|0.0000|0.0000|0|27.19
信测标准|300938|-20.01|10030628|302477696.00|-5.85|-4.27|-20.01|27.74|32.65|33.20|27.74|10.03|34.68|7989162|277923936.00|1|0.0000|0.0000|0.0000|0|34.68
秋田微|300939|-19.75|3492200|90225424.00|-4.93|-4.93|-19.99|24.09|28.54|28.54|24.02|3.49|30.02|1277100|38343336.00|1|0.0000|0.0000|0.0000|0|30.02
南极光|300940|-20.01|9953780|133057624.00|-10.13|-5.16|-20.01|12.55|14.10|14.88|12.55|9.95|15.69|11292080|182308880.00|1|0.0000|0.0000|0.0000|0|15.69
创识科技|300941|-20.00|6453450|119327600.00|-8.57|-6.18|-20.00|17.36|19.84|20.36|17.36|6.45|21.70|2501600|54438280.00|1|0.0000|0.0000|0.0000|0|21.70
易瑞生物|300942|-20.04|9912764|78051808.00|-7.63|-5.23|-20.04|7.34|8.48|8.70|7.34|9.91|9.18|6767999|62330816.00|1|0.0000|0.0000|0.0000|0|9.18
春晖智控|300943|-20.03|11097500|130533896.00|-7.52|-5.28|-20.03|11.06|12.79|13.10|11.06|11.10|13.83|6632150|92437560.00|1|0.0000|0.0000|0.0000|0|13.83
曼卡龙|300945|-14.38|19730400|216409648.00|-11.00|-7.39|-17.67|10.66|11.08|11.53|10.25|19.73|12.45|21314933|269756896.00|1|0.0000|0.0000|0.0000|0|12.45
恒而达|300946|-20.00|3860840|104477536.00|-9.50|-7.71|-20.00|25.52|28.87|29.44|25.52|3.86|31.90|4162000|136649744.00|1|0.0000|0.0000|0.0000|0|31.90
德必集团|300947|-19.22|6434554|96827192.00|-7.07|-4.68|-20.02|14.16|16.29|16.71|14.02|6.43|17.53|2584280|45568800.00|1|0.0000|0.0000|0.0000|0|17.53
冠中生态|300948|-16.37|5797487|47781348.00|-4.96|-4.86|-17.85|7.92|9.00|9.01|7.78|5.80|9.47|2677600|25364576.00|1|0.0000|0.0000|0.0000|0|9.47
奥雅股份|300949|-19.98|1734558|47452264.00|-4.23|-4.23|-20.01|25.72|30.78|30.78|25.71|1.73|32.14|621800|19987062.00|1|0.0000|0.0000|0.0000|0|32.14
德固特|300950|-19.99|7528800|115213872.00|-7.19|-5.60|-19.99|14.57|16.90|17.19|14.57|7.53|18.21|8286117|149429776.00|1|0.0000|0.0000|0.0000|0|18.21
博硕科技|300951|-17.59|3430483|90782608.00|-5.84|-5.84|-19.36|25.12|28.70|28.70|24.58|3.43|30.48|1673900|51588520.00|1|0.0000|0.0000|0.0000|0|30.48
恒辉安防|300952|-20.01|7004406|157052144.00|-16.88|-10.66|-20.01|21.47|22.31|23.98|21.47|7.00|26.84|7301283|200888688.00|1|0.0000|0.0000|0.0000|0|26.84
震裕科技|300953|-20.00|7061643|898947456.00|-11.17|-10.10|-20.00|122.80|136.35|138.00|122.80|7.06|153.50|6014604|946661696.00|1|0.0000|0.0000|0.0000|0|153.50
嘉亨家化|300955|-18.63|3299555|46092356.00|-5.53|-3.73|-20.00|13.10|15.21|15.50|12.88|3.30|16.10|2994300|48755192.00|1|0.0000|0.0000|0.0000|0|16.10
英力股份|300956|-20.00|9087022|197040880.00|-6.47|-6.47|-20.00|20.52|23.99|23.99|20.52|9.09|25.65|6562627|169279536.00|1|0.0000|0.0000|0.0000|0|25.65
贝泰妮|300957|-11.04|7430594|301191424.00|-6.60|-2.76|-15.29|39.34|41.30|43.00|37.46|7.43|44.22|2699508|119146752.00|1|0.0000|0.0000|0.0000|0|44.22
建工修复|300958|-15.32|5186200|54270764.00|-4.26|-4.26|-17.02|9.95|11.25|11.25|9.75|5.19|11.75|2507000|29379150.00|1|0.0000|0.0000|0.0000|0|11.75
线上线下|300959|-19.86|2651065|93825912.00|-7.89|-4.37|-20.01|33.00|37.93|39.38|32.94|2.65|41.18|769900|31807932.00|1|0.0000|0.0000|0.0000|0|41.18
通业科技|300960|-20.01|6339826|144579616.00|-7.57|-6.82|-20.01|21.46|24.80|25.00|21.46|6.34|26.83|8199560|217621392.00|1|0.0000|0.0000|0.0000|0|26.83
深水海纳|300961|-19.99|19662696|262761776.00|-6.54|-5.58|-19.99|12.61|14.73|14.88|12.61|19.66|15.76|14937900|237401904.00|1|0.0000|0.0000|0.0000|0|15.76
中金辐照|300962|-19.43|6270500|85296408.00|-4.08|-4.08|-20.00|12.65|15.06|15.06|12.56|6.27|15.70|2250800|35231092.00|1|0.0000|0.0000|0.0000|0|15.70
中洲特材|300963|-4.40|61334783|859167936.00|-12.10|7.22|-12.10|13.91|12.79|15.60|12.79|61.33|14.55|68331097|1014690560.00|1|0.0000|0.0000|0.0000|0|14.55
本川智能|300964|-19.99|3436160|115717480.00|-7.99|-6.98|-19.99|31.74|36.50|36.90|31.74|3.44|39.67|2199300|88000568.00|1|0.0000|0.0000|0.0000|0|39.67
恒宇信通|300965|-12.76|482905|17936118.00|-5.47|-2.99|-14.93|35.07|38.00|39.00|34.20|0.48|40.20|307105|12122189.00|1|0.0000|0.0000|0.0000|0|40.20
共同药业|300966|-19.55|4784600|70506048.00|-5.46|-4.52|-20.02|13.70|16.10|16.26|13.62|4.78|17.03|2461426|41803972.00|1|0.0000|0.0000|0.0000|0|17.03
晓鸣股份|300967|20.02|42150969|888293952.00|1.88|20.02|0.16|22.36|18.98|22.36|18.66|42.15|18.63|26887992|494144768.00|1|0.0000|0.0000|0.0000|0|18.63
格林精密|300968|-20.00|11069200|156509184.00|-8.66|-6.81|-20.00|13.40|15.30|15.61|13.40|11.07|16.75|4869200|82429528.00|1|0.0000|0.0000|0.0000|0|16.75
恒帅股份|300969|-17.73|1558600|110803520.00|-7.77|-6.85|-19.94|67.78|75.99|76.75|65.96|1.56|82.39|1167166|96069912.00|1|0.0000|0.0000|0.0000|0|82.39
华绿生物|300970|-2.82|14430854|180848192.00|-1.37|8.53|-6.92|12.08|12.26|13.49|11.57|14.43|12.43|5535000|68608368.00|1|0.0000|0.0000|0.0000|0|12.43
博亚精工|300971|-20.02|7423200|143980016.00|-8.33|-6.76|-20.02|18.34|21.02|21.38|18.34|7.42|22.93|5001800|116349840.00|1|0.0000|0.0000|0.0000|0|22.93
万辰集团|300972|-5.89|3434174|340590464.00|-5.11|5.04|-9.37|96.58|97.38|107.79|93.00|3.43|102.62|2190248|220026464.00|1|0.0000|0.0000|0.0000|0|102.62
立高食品|300973|-3.29|3466733|136337744.00|-6.50|-1.37|-12.53|40.30|38.96|41.10|36.45|3.47|41.67|1357000|56677352.00|1|0.0000|0.0000|0.0000|0|41.67
商络电子|300975|-19.96|25327400|239005696.00|-10.43|-7.01|-19.96|8.90|9.96|10.34|8.90|25.33|11.12|17051900|191171648.00|1|0.0000|0.0000|0.0000|0|11.12
达瑞电子|300976|-19.54|2721407|139720480.00|-10.46|-9.12|-20.00|48.60|54.08|54.89|48.32|2.72|60.40|3021392|188582896.00|1|0.0000|0.0000|0.0000|0|60.40
深圳瑞捷|300977|-19.98|2987691|44339848.00|-6.10|-4.15|-19.98|13.90|16.31|16.65|13.90|2.99|17.37|1214563|21077474.00|1|0.0000|0.0000|0.0000|0|17.37
东箭科技|300978|-19.98|9984172|95213992.00|-5.94|-5.94|-19.98|8.89|10.45|10.45|8.89|9.98|11.11|3708354|41375600.00|1|0.0000|0.0000|0.0000|0|11.11
华利集团|300979|-6.49|10295464|513886368.00|-6.69|-3.85|-10.58|50.01|49.90|51.42|47.82|10.30|53.48|13905446|727297792.00|1|0.0000|0.0000|0.0000|0|53.48
祥源新材|300980|-19.99|6274407|130428880.00|-7.71|-2.97|-19.99|19.93|22.99|24.17|19.93|6.27|24.91|2260492|56555488.00|1|0.0000|0.0000|0.0000|0|24.91
中红医疗|300981|-17.37|6968956|77151840.00|-4.88|-3.20|-18.65|10.32|11.88|12.09|10.16|6.97|12.49|3202584|40157928.00|1|0.0000|0.0000|0.0000|0|12.49
苏文电能|300982|-17.81|6803512|102648896.00|-4.68|-4.68|-19.98|14.40|16.70|16.70|14.02|6.80|17.52|1582924|27598820.00|1|0.0000|0.0000|0.0000|0|17.52
尤安设计|300983|-14.33|1460725|22691786.00|-2.03|-2.03|-15.72|14.77|16.89|16.89|14.53|1.46|17.24|476813|8216631.50|1|0.0000|0.0000|0.0000|0|17.24
金沃股份|300984|-20.00|2513922|139341168.00|-13.85|-7.97|-20.00|53.03|57.11|61.01|53.03|2.51|66.29|1971992|132022280.00|1|0.0000|0.0000|0.0000|0|66.29
致远新能|300985|-19.95|4808460|68325440.00|-6.33|-6.33|-20.01|13.40|15.68|15.68|13.39|4.81|16.74|1536328|25721890.00|1|0.0000|0.0000|0.0000|0|16.74
志特新材|300986|-19.99|10900563|173549264.00|-13.56|-2.00|-19.99|14.81|16.00|18.14|14.81|10.90|18.51|6051214|112798088.00|1|0.0000|0.0000|0.0000|0|18.51
川网传媒|300987|-20.00|17610360|252386160.00|-8.40|-6.04|-20.00|13.52|15.48|15.88|13.52|17.61|16.90|27662367|471692032.00|1|0.0000|0.0000|0.0000|0|16.90
津荣天宇|300988|-19.75|7190019|121775208.00|-9.32|-4.28|-20.00|15.93|18.00|19.00|15.88|7.19|19.85|3483580|69688592.00|1|0.0000|0.0000|0.0000|0|19.85
蕾奥规划|300989|-8.79|10340509|162975152.00|-3.93|-3.70|-15.61|15.78|16.62|16.66|14.60|10.34|17.30|12187643|207180576.00|1|0.0000|0.0000|0.0000|0|17.30
同飞股份|300990|-20.00|2777920|101177120.00|-6.29|-4.06|-20.00|34.09|39.93|40.88|34.09|2.78|42.61|1155780|49125056.00|1|0.0000|0.0000|0.0000|0|42.61
创益通|300991|-19.99|4673414|74893584.00|-10.10|-6.66|-19.99|15.13|17.00|17.65|15.13|4.67|18.91|2052680|38959912.00|1|0.0000|0.0000|0.0000|0|18.91
泰福泵业|300992|-19.01|2479689|45114740.00|-6.56|-4.20|-19.34|17.17|19.81|20.31|17.10|2.48|21.20|1494911|31646558.00|1|0.0000|0.0000|0.0000|0|21.20
玉马科技|300993|-18.26|16448360|152051696.00|-7.49|-5.62|-19.48|8.73|9.88|10.08|8.60|16.45|10.68|9030035|96892904.00|1|0.0000|0.0000|0.0000|0|10.68
久祺股份|300994|-20.00|10299899|127560160.00|-10.79|-5.07|-20.00|11.20|12.49|13.29|11.20|10.30|14.00|15863122|222582288.00|1|0.0000|0.0000|0.0000|0|14.00
奇德新材|300995|-19.97|7801530|161964896.00|-10.85|-6.74|-20.01|19.48|21.70|22.70|19.47|7.80|24.34|9088226|224391120.00|1|0.0000|0.0000|0.0000|0|24.34
普联软件|300996|-19.34|14552041|315443360.00|-6.06|-5.23|-20.02|20.35|23.70|23.91|20.18|14.55|25.23|11476283|286134112.00|1|0.0000|0.0000|0.0000|0|25.23
欢乐家|300997|-15.96|8291693|104249968.00|-4.31|-2.61|-18.79|11.90|13.55|13.79|11.50|8.29|14.16|3780269|53538580.00|1|0.0000|0.0000|0.0000|0|14.16
宁波方正|300998|-19.99|7978300|116486960.00|-3.62|-3.62|-19.99|13.93|16.78|16.78|13.93|7.98|17.41|2732900|48232344.00|1|0.0000|0.0000|0.0000|0|17.41
金龙鱼|300999|-6.69|20544453|625807552.00|-3.42|-1.87|-9.02|30.00|31.05|31.55|29.25|20.54|32.15|5675902|182072032.00|1|0.0000|0.0000|0.0000|0|32.15
肇民科技|301000|-20.01|15161009|533647264.00|-13.04|-10.91|-20.01|33.74|36.68|37.58|33.74|15.16|42.18|17480063|748712896.00|1|0.0000|0.0000|0.0000|0|42.18
凯淳股份|301001|-19.99|2741300|67338392.00|-5.87|-5.53|-19.99|23.29|27.40|27.50|23.29|2.74|29.11|1575900|45987256.00|1|0.0000|0.0000|0.0000|0|29.11
崧盛股份|301002|-19.84|2976410|41921096.00|-8.80|-5.52|-20.02|13.21|15.03|15.57|13.18|2.98|16.48|1116900|18371518.00|1|0.0000|0.0000|0.0000|0|16.48
江苏博云|301003|-18.48|3962670|94588704.00|-8.70|-6.17|-19.71|22.58|25.29|25.99|22.24|3.96|27.70|3962180|111053104.00|1|0.0000|0.0000|0.0000|0|27.70
嘉益股份|301004|-20.00|1738398|132437400.00|-12.77|-12.77|-20.00|75.20|82.00|82.00|75.20|1.74|94.00|2080854|202221600.00|1|0.0000|0.0000|0.0000|0|94.00
超捷股份|301005|-19.99|7017064|188160512.00|-7.97|-4.05|-19.99|25.10|28.87|30.10|25.10|7.02|31.37|4427530|140875264.00|1|0.0000|0.0000|0.0000|0|31.37
迈拓股份|301006|-18.27|2623300|32178304.00|-3.34|-3.34|-19.90|11.50|13.60|13.60|11.27|2.62|14.07|1167900|16425513.00|1|0.0000|0.0000|0.0000|0|14.07
德迈仕|301007|-20.00|12223600|210760064.00|-10.87|-10.87|-20.00|16.56|18.45|18.45|16.56|12.22|20.70|9312000|196277024.00|1|0.0000|0.0000|0.0000|0|20.70
宏昌科技|301008|-20.00|3744575|69992760.00|-8.96|-5.48|-20.00|17.68|20.12|20.89|17.68|3.74|22.10|2470229|55408516.00|1|0.0000|0.0000|0.0000|0|22.10
可靠股份|301009|-17.31|8743583|84131152.00|-5.32|-4.15|-19.30|9.17|10.50|10.63|8.95|8.74|11.09|4000200|44172168.00|1|0.0000|0.0000|0.0000|0|11.09
晶雪节能|301010|-20.02|7068800|108667072.00|-11.24|-10.65|-20.02|14.94|16.58|16.69|14.94|7.07|18.68|10691689|196342192.00|1|0.0000|0.0000|0.0000|0|18.68
华立科技|301011|-19.79|7347399|167890208.00|-7.17|-4.94|-20.01|21.60|25.00|25.60|21.54|7.35|26.93|7385520|201774432.00|1|0.0000|0.0000|0.0000|0|26.93
扬电科技|301012|-19.95|8585052|191552592.00|-8.08|-5.97|-19.99|20.90|24.00|24.55|20.89|8.59|26.11|4851786|128301584.00|1|0.0000|0.0000|0.0000|0|26.11
利和兴|301013|-20.00|25427000|344766944.00|-11.42|-7.65|-20.00|12.96|14.35|14.96|12.96|25.43|16.20|19443100|315551488.00|1|0.0000|0.0000|0.0000|0|16.20
百洋医药|301015|-15.63|9273800|175912768.00|-4.59|-4.12|-18.72|18.03|20.39|20.49|17.37|9.27|21.37|4295619|91960896.00|1|0.0000|0.0000|0.0000|0|21.37
雷尔伟|301016|-7.38|22619617|585321984.00|-1.99|1.44|-10.89|25.10|26.56|27.49|24.15|22.62|27.10|20566450|522826688.00|1|0.0000|0.0000|0.0000|0|27.10
漱玉平民|301017|-19.10|7440200|74830400.00|-8.35|-5.34|-19.97|9.40|10.65|11.00|9.30|7.44|11.62|2620225|30358504.00|1|0.0000|0.0000|0.0000|0|11.62
申菱环境|301018|-20.01|7614600|242864448.00|-9.79|-5.01|-20.01|30.15|34.00|35.80|30.15|7.61|37.69|3523136|134029624.00|1|0.0000|0.0000|0.0000|0|37.69
宁波色母|301019|-14.82|4254128|61224628.00|-3.91|-3.66|-17.54|13.74|15.50|15.54|13.30|4.25|16.13|2651014|42521040.00|1|0.0000|0.0000|0.0000|0|16.13
密封科技|301020|-19.98|3645700|65696488.00|-7.45|-5.08|-19.98|16.86|19.50|20.00|16.86|3.65|21.07|1816400|38366648.00|1|0.0000|0.0000|0.0000|0|21.07
英诺激光|301021|-20.01|7494098|198786336.00|-9.44|-6.41|-20.01|24.82|28.10|29.04|24.82|7.49|31.03|5787200|180667024.00|1|0.0000|0.0000|0.0000|0|31.03
海泰科|301022|-18.57|3653791|82217464.00|-8.68|-6.94|-20.00|21.58|24.20|24.66|21.20|3.65|26.50|1784414|47615924.00|1|0.0000|0.0000|0.0000|0|26.50
奕帆传动|301023|-20.00|3061722|167451168.00|-7.20|-2.71|-20.00|51.88|60.18|63.09|51.88|3.06|64.85|1942999|127257952.00|1|0.0000|0.0000|0.0000|0|64.85
霍普股份|301024|-18.85|1600100|34966036.00|-4.96|-4.96|-20.02|20.80|24.36|24.36|20.50|1.60|25.63|974500|25154532.00|1|0.0000|0.0000|0.0000|0|25.63
读客文化|301025|-19.96|31485133|291190016.00|-7.38|-5.65|-19.96|8.78|10.16|10.35|8.78|31.49|10.97|43063259|470273024.00|1|0.0000|0.0000|0.0000|0|10.97
浩通科技|301026|-15.92|4040500|111885368.00|-5.35|-3.79|-16.37|25.94|29.20|29.68|25.80|4.04|30.85|2703900|83016152.00|1|0.0000|0.0000|0.0000|0|30.85
华蓝集团|301027|-20.03|6212000|65567404.00|-6.65|-6.65|-20.03|10.10|11.79|11.79|10.10|6.21|12.63|2622824|33364118.00|1|0.0000|0.0000|0.0000|0|12.63
东亚机械|301028|-19.30|10302990|105832712.00|-7.69|-6.60|-19.97|9.66|11.05|11.18|9.58|10.30|11.97|5413081|65791632.00|1|0.0000|0.0000|0.0000|0|11.97
怡合达|301029|-19.95|10632763|230142800.00|-6.37|-3.03|-19.99|20.10|23.51|24.35|20.09|10.63|25.11|3312324|83552208.00|1|0.0000|0.0000|0.0000|0|25.11
仕净科技|301030|-19.33|9463080|170042768.00|-6.54|-6.54|-20.00|16.90|19.58|19.58|16.76|9.46|20.95|4473780|93422336.00|1|0.0000|0.0000|0.0000|0|20.95
中熔电气|301031|-16.26|1476200|156338976.00|-6.26|-5.70|-19.47|100.91|112.96|113.63|97.04|1.48|120.50|896232|108040864.00|1|0.0000|0.0000|0.0000|0|120.50
新柴股份|301032|-19.90|18124268|215723680.00|-9.59|-7.96|-19.97|11.27|12.72|12.95|11.26|18.12|14.07|21367900|296892832.00|1|0.0000|0.0000|0.0000|0|14.07
迈普医学|301033|-13.66|2259178|104031200.00|-5.21|-2.72|-16.72|42.92|47.12|48.36|41.40|2.26|49.71|952500|47633120.00|1|0.0000|0.0000|0.0000|0|49.71
润丰股份|301035|-7.42|1950186|105365712.00|-0.99|1.82|-7.69|51.51|55.09|56.65|51.36|1.95|55.64|582636|32528122.00|1|0.0000|0.0000|0.0000|0|55.64
双乐股份|301036|-15.72|5791600|201407232.00|-6.84|-4.29|-19.09|33.02|36.50|37.50|31.70|5.79|39.18|5083177|200261408.00|1|0.0000|0.0000|0.0000|0|39.18
保立佳|301037|-9.98|5470308|62906688.00|-3.59|-2.56|-13.66|11.27|12.07|12.20|10.81|5.47|12.52|4030214|50223028.00|1|0.0000|0.0000|0.0000|0|12.52
深水规院|301038|-20.00|7408400|118878000.00|-6.15|-5.62|-20.00|15.08|17.69|17.79|15.08|7.41|18.85|3991830|75456304.00|1|0.0000|0.0000|0.0000|0|18.85
中集车辆|301039|-7.05|44541916|379778656.00|-5.13|-3.53|-14.21|8.70|8.88|9.03|8.03|44.54|9.36|19815682|186064864.00|1|0.0000|0.0000|0.0000|0|9.36
中环海陆|301040|-19.98|5866400|82182800.00|-3.56|-3.56|-19.98|13.02|15.69|15.69|13.02|5.87|16.27|5105200|81943568.00|1|0.0000|0.0000|0.0000|0|16.27
金百泽|301041|-19.99|3332900|70304104.00|-7.24|-6.88|-19.99|19.89|23.06|23.15|19.89|3.33|24.86|1550600|38714520.00|1|0.0000|0.0000|0.0000|0|24.86
安联锐视|301042|-19.72|2348579|73949424.00|-7.26|-6.15|-19.99|29.51|34.09|34.50|29.41|2.35|36.76|1073500|39775256.00|1|0.0000|0.0000|0.0000|0|36.76
绿岛风|301043|-17.62|1197000|30834594.00|-4.01|-4.01|-19.52|24.26|28.27|28.27|23.70|1.20|29.45|611800|17911300.00|1|0.0000|0.0000|0.0000|0|29.45
天禄科技|301045|-19.98|3378840|63109688.00|-5.05|-5.05|-19.98|17.26|20.48|20.48|17.26|3.38|21.57|1056871|22815408.00|1|0.0000|0.0000|0.0000|0|21.57
能辉科技|301046|-20.00|4219500|75393376.00|-2.95|-2.91|-20.00|16.52|20.04|20.05|16.52|4.22|20.65|1188600|24548422.00|1|0.0000|0.0000|0.0000|0|20.65
义翘神州|301047|-11.57|2560372|155249952.00|-5.26|-3.42|-13.06|58.49|62.66|63.88|57.50|2.56|66.14|1377090|92043848.00|1|0.0000|0.0000|0.0000|0|66.14
金鹰重工|301048|-18.09|15879497|137448480.00|-5.49|-3.76|-20.02|8.06|9.30|9.47|7.87|15.88|9.84|18974659|185361360.00|1|0.0000|0.0000|0.0000|0|9.84
超越科技|301049|-19.99|1873223|36682352.00|-6.84|-6.31|-19.99|18.25|21.25|21.37|18.25|1.87|22.81|1310485|29926678.00|1|0.0000|0.0000|0.0000|0|22.81
雷电微力|301050|-16.78|13572361|621357952.00|-4.58|-2.76|-19.20|43.05|49.36|50.30|41.80|13.57|51.73|4363255|227300336.00|1|0.0000|0.0000|0.0000|0|51.73
信濠光电|301051|-20.01|3025546|61993788.00|-3.68|-3.68|-20.01|19.11|23.01|23.01|19.11|3.03|23.89|1002042|23902142.00|1|0.0000|0.0000|0.0000|0|23.89
果麦文化|301052|-11.43|19585722|592002560.00|-9.64|-7.65|-17.78|30.68|31.30|31.99|28.48|19.59|34.64|25017539|848475520.00|1|0.0000|0.0000|0.0000|0|34.64
远信工业|301053|-19.33|4282579|93654880.00|-8.39|-5.63|-19.99|20.78|23.60|24.31|20.61|4.28|25.76|2180466|56574100.00|1|0.0000|0.0000|0.0000|0|25.76
张小泉|301055|-15.28|6369204|86134656.00|-8.46|-5.57|-17.05|12.92|13.96|14.40|12.65|6.37|15.25|6542100|100549504.00|1|0.0000|0.0000|0.0000|0|15.25
森赫股份|301056|-18.97|7137645|53481228.00|-3.45|-3.45|-20.00|7.05|8.40|8.40|6.96|7.14|8.70|3494649|30366722.00|1|0.0000|0.0000|0.0000|0|8.70
汇隆新材|301057|-17.58|6647180|86869648.00|-7.05|-3.83|-19.13|12.28|13.85|14.33|12.05|6.65|14.90|6634980|97673576.00|1|0.0000|0.0000|0.0000|0|14.90
中粮科工|301058|-13.26|14571400|147002880.00|-3.49|-2.96|-15.50|9.68|10.77|10.83|9.43|14.57|11.16|4781500|53373024.00|1|0.0000|0.0000|0.0000|0|11.16
金三江|301059|-19.82|7430360|69891864.00|-5.36|-5.18|-20.00|8.98|10.60|10.62|8.96|7.43|11.20|3216880|35933304.00|1|0.0000|0.0000|0.0000|0|11.20
兰卫医学|301060|-19.96|11596282|99689648.00|-5.39|-4.49|-19.96|8.02|9.48|9.57|8.02|11.60|10.02|5002600|50404300.00|1|0.0000|0.0000|0.0000|0|10.02
匠心家居|301061|-20.01|3194354|164866192.00|-15.68|-13.43|-20.01|50.82|53.57|55.00|50.82|3.19|63.53|3804354|243696288.00|1|0.0000|0.0000|0.0000|0|63.53
上海艾录|301062|-18.79|18033673|138981600.00|-5.06|-4.61|-19.80|7.22|8.44|8.48|7.13|18.03|8.89|6772200|60524176.00|1|0.0000|0.0000|0.0000|0|8.89
海锅股份|301063|-14.23|10573800|226663520.00|-7.85|-5.86|-18.26|21.09|22.66|23.15|20.10|10.57|24.59|8171500|201491616.00|1|0.0000|0.0000|0.0000|0|24.59
本立科技|301065|-9.63|6473895|129341536.00|-6.98|-1.12|-13.49|19.43|20.00|21.26|18.60|6.47|21.50|6611550|140787136.00|1|0.0000|0.0000|0.0000|0|21.50
万事利|301066|-19.15|6291371|71797120.00|-6.51|-5.91|-19.97|10.81|12.50|12.58|10.70|6.29|13.37|1544080|20635982.00|1|0.0000|0.0000|0.0000|0|13.37
显盈科技|301067|-20.00|2844066|67965024.00|-12.72|-7.14|-20.00|22.64|24.70|26.28|22.64|2.84|28.30|2125720|60684324.00|1|0.0000|0.0000|0.0000|0|28.30
大地海洋|301068|-15.31|1137897|35530332.00|-4.56|-3.96|-16.62|29.70|33.47|33.68|29.24|1.14|35.07|983450|34279080.00|1|0.0000|0.0000|0.0000|0|35.07
凯盛新材|301069|-19.58|11851008|154977792.00|-6.99|-5.41|-19.97|12.20|14.11|14.35|12.14|11.85|15.17|7172700|110215488.00|1|0.0000|0.0000|0.0000|0|15.17
开勒股份|301070|-11.30|1921020|94436512.00|-4.74|-3.60|-17.34|49.21|52.85|53.48|45.86|1.92|55.48|2638420|146079792.00|1|0.0000|0.0000|0.0000|0|55.48
力量钻石|301071|-20.00|7880906|225084112.00|-6.52|-5.43|-20.00|26.52|30.99|31.35|26.52|7.88|33.15|4440881|145861472.00|1|0.0000|0.0000|0.0000|0|33.15
中捷精工|301072|-20.02|2652381|44806788.00|-5.48|-5.43|-20.02|15.90|18.79|18.80|15.90|2.65|19.88|1445600|29044316.00|1|0.0000|0.0000|0.0000|0|19.88
君亭酒店|301073|-13.95|12028107|245307456.00|-4.33|-1.81|-17.00|19.49|21.67|22.24|18.80|12.03|22.65|10982854|248328816.00|1|0.0000|0.0000|0.0000|0|22.65
多瑞医药|301075|-20.00|9375125|260295136.00|-9.09|-6.67|-20.00|26.40|30.00|30.80|26.40|9.38|33.00|16759642|535445856.00|1|0.0000|0.0000|0.0000|0|33.00
新瀚新材|301076|-20.01|5205770|115875600.00|-6.23|-5.04|-20.01|20.79|24.37|24.68|20.79|5.21|25.99|2206500|57965404.00|1|0.0000|0.0000|0.0000|0|25.99
星华新材|301077|0.00|12000433|393614048.00|-10.09|5.99|-10.15|33.20|29.85|35.19|29.83|12.00|33.20|11049676|354513888.00|1|0.0000|0.0000|0.0000|0|33.20
孩子王|301078|-18.06|95146810|1015269696.00|-9.96|-5.43|-20.00|10.12|11.12|11.68|9.88|95.15|12.35|41430699|517018880.00|1|0.0000|0.0000|0.0000|0|12.35
邵阳液压|301079|-20.00|14364908|323085568.00|-8.82|-5.70|-20.00|21.04|23.98|24.80|21.04|14.36|26.30|17738829|476025056.00|1|0.0000|0.0000|0.0000|0|26.30
百普赛斯|301080|-19.92|3988804|169822128.00|-6.57|-6.15|-20.00|40.09|46.77|46.98|40.05|3.99|50.06|3638049|185046416.00|1|0.0000|0.0000|0.0000|0|50.06
严牌股份|301081|-14.81|4338361|36476292.00|-4.28|-4.28|-15.54|8.17|9.18|9.18|8.10|4.34|9.59|2340242|22380088.00|1|0.0000|0.0000|0.0000|0|9.59
久盛电气|301082|-20.00|25062607|377019872.00|-11.36|-10.25|-20.00|14.44|16.00|16.20|14.44|25.06|18.05|30563423|563438016.00|1|0.0000|0.0000|0.0000|0|18.05
百胜智能|301083|-20.01|7294316|91967152.00|-7.68|-6.54|-20.01|11.87|13.70|13.87|11.87|7.29|14.84|3759900|56119528.00|1|0.0000|0.0000|0.0000|0|14.84
亚康股份|301085|-20.00|3158200|167127664.00|-8.02|-4.65|-20.00|49.67|57.11|59.20|49.67|3.16|62.09|1366300|85064144.00|1|0.0000|0.0000|0.0000|0|62.09
鸿富瀚|301086|-19.97|1944350|77913664.00|-6.45|-3.87|-20.00|37.22|43.51|44.71|37.21|1.94|46.51|859650|40359332.00|1|0.0000|0.0000|0.0000|0|46.51
可孚医疗|301087|-13.87|3004025|95987728.00|-2.97|-2.63|-17.58|30.48|34.34|34.46|29.17|3.00|35.39|1012930|35944576.00|1|0.0000|0.0000|0.0000|0|35.39
戎美股份|301088|-18.11|3598445|42163196.00|-3.59|-3.59|-19.16|10.94|12.88|12.88|10.80|3.60|13.36|1033700|13787059.00|1|0.0000|0.0000|0.0000|0|13.36
拓新药业|301089|-17.78|6371600|168445664.00|-4.20|-2.08|-19.63|24.46|28.50|29.13|23.91|6.37|29.75|5611867|168201024.00|1|0.0000|0.0000|0.0000|0|29.75
华润材料|301090|-14.21|13165600|86264504.00|-3.42|-3.42|-16.53|6.28|7.07|7.07|6.11|13.17|7.32|3606500|26393244.00|1|0.0000|0.0000|0.0000|0|7.32
深城交|301091|-18.34|11550676|357219808.00|-9.12|-5.87|-19.99|29.65|33.00|34.18|29.05|11.55|36.31|4158711|152097584.00|1|0.0000|0.0000|0.0000|0|36.31
争光股份|301092|-2.11|7021981|179796320.00|-4.29|1.69|-10.06|25.99|25.41|27.00|23.88|7.02|26.55|2863286|75921200.00|1|0.0000|0.0000|0.0000|0|26.55
华兰股份|301093|-18.75|3558900|85282376.00|-4.44|-2.93|-19.76|22.49|26.45|26.87|22.21|3.56|27.68|1464700|41002256.00|1|0.0000|0.0000|0.0000|0|27.68
广立微|301095|-14.31|6107360|289095808.00|-5.36|-1.93|-16.90|44.73|49.40|51.19|43.38|6.11|52.20|2831240|149209312.00|1|0.0000|0.0000|0.0000|0|52.20
百诚医药|301096|-14.88|5165800|176527552.00|-3.41|-2.28|-17.98|32.43|36.80|37.23|31.25|5.17|38.10|2982488|114174384.00|1|0.0000|0.0000|0.0000|0|38.10
天益医疗|301097|-18.14|1132900|36716680.00|-4.10|-4.10|-19.99|30.96|36.27|36.27|30.26|1.13|37.82|368400|13969722.00|1|0.0000|0.0000|0.0000|0|37.82
金埔园林|301098|-14.41|6595200|47984728.00|-3.45|-3.33|-15.27|6.95|7.84|7.85|6.88|6.60|8.12|3348136|27026326.00|1|0.0000|0.0000|0.0000|0|8.12
雅创电子|301099|-19.72|6401574|258861264.00|-7.64|-5.35|-20.01|38.68|44.50|45.60|38.54|6.40|48.18|3131657|151247952.00|1|0.0000|0.0000|0.0000|0|48.18
风光股份|301100|-19.28|3156900|44373272.00|-4.85|-3.13|-20.01|13.15|15.50|15.78|13.03|3.16|16.29|1026500|16668155.00|1|0.0000|0.0000|0.0000|0|16.29
明月镜片|301101|-15.94|9157300|428636448.00|-11.84|-6.21|-18.93|44.81|47.00|50.00|43.22|9.16|53.31|7048150|380692352.00|1|0.0000|0.0000|0.0000|0|53.31
兆讯传媒|301102|-20.04|8063324|74234024.00|-4.40|-3.75|-20.04|8.54|10.21|10.28|8.54|8.06|10.68|3376645|36082372.00|1|0.0000|0.0000|0.0000|0|10.68
何氏眼科|301103|-17.82|3219700|57889692.00|-3.32|-2.98|-19.92|16.83|19.80|19.87|16.40|3.22|20.48|877930|18040752.00|1|0.0000|0.0000|0.0000|0|20.48
鸿铭股份|301105|-20.00|1321300|39631836.00|-5.01|-4.02|-20.00|28.28|33.58|33.93|28.28|1.32|35.35|879904|31121104.00|1|0.0000|0.0000|0.0000|0|35.35
骏成科技|301106|-20.01|2210582|55041440.00|-3.89|-3.89|-20.01|23.46|28.19|28.19|23.46|2.21|29.33|873140|25613444.00|1|0.0000|0.0000|0.0000|0|29.33
瑜欣电子|301107|-20.01|2244700|61788896.00|-8.00|-1.66|-20.01|25.98|29.88|31.94|25.98|2.24|32.48|1586971|51628428.00|1|0.0000|0.0000|0.0000|0|32.48
洁雅股份|301108|-20.01|3731451|91572624.00|-8.36|-5.67|-20.01|23.15|26.52|27.30|23.15|3.73|28.94|4923310|140405296.00|1|0.0000|0.0000|0.0000|0|28.94
军信股份|301109|-13.70|9411850|169102720.00|-4.97|-3.06|-16.31|17.20|18.94|19.32|16.68|9.41|19.93|5521798|109995984.00|1|0.0000|0.0000|0.0000|0|19.93
青木科技|301110|-20.00|2928240|117631968.00|-7.77|-6.72|-20.00|37.99|43.80|44.30|37.99|2.93|47.49|1445040|69006976.00|1|0.0000|0.0000|0.0000|0|47.49
粤万年青|301111|-20.00|6251268|87580104.00|-5.72|-1.54|-20.00|13.00|15.32|16.00|13.00|6.25|16.25|3141000|51162524.00|1|0.0000|0.0000|0.0000|0|16.25
信邦智能|301112|-20.00|3645400|80109728.00|-7.12|-5.00|-20.00|20.80|24.15|24.70|20.80|3.65|26.00|1574000|41093084.00|1|0.0000|0.0000|0.0000|0|26.00
雅艺科技|301113|-18.63|1853300|39895720.00|-4.65|-4.65|-19.99|20.31|23.80|23.80|19.97|1.85|24.96|1047500|25833824.00|1|0.0000|0.0000|0.0000|0|24.96
联检科技|301115|-14.08|3894300|50251884.00|-4.23|-3.66|-15.07|12.20|13.60|13.68|12.06|3.89|14.20|1497614|21195122.00|1|0.0000|0.0000|0.0000|0|14.20
益客食品|301116|9.42|37459885|477543104.00|-3.20|16.48|-4.63|13.01|11.51|13.85|11.34|37.46|11.89|12813556|151170112.00|1|0.0000|0.0000|0.0000|0|11.89
佳缘科技|301117|-19.88|4408200|118388760.00|-6.00|-5.26|-20.01|25.11|29.46|29.69|25.07|4.41|31.34|1655056|51747460.00|1|0.0000|0.0000|0.0000|0|31.34
恒光股份|301118|-3.94|12323378|267391856.00|-5.63|1.08|-14.29|22.19|21.80|23.35|19.80|12.32|23.10|14751353|334632128.00|1|0.0000|0.0000|0.0000|0|23.10
正强股份|301119|-19.99|3342110|84328936.00|-8.86|-7.59|-19.99|23.94|27.27|27.65|23.94|3.34|29.92|1841940|55719356.00|1|0.0000|0.0000|0.0000|0|29.92
新特电气|301120|-19.96|19461200|160569296.00|-6.93|-5.38|-19.96|7.74|9.00|9.15|7.74|19.46|9.67|14189550|136981744.00|1|0.0000|0.0000|0.0000|0|9.67
紫建电子|301121|-20.00|3324199|158467248.00|-9.88|-8.29|-20.00|45.36|51.10|52.00|45.36|3.32|56.70|2482742|143203632.00|1|0.0000|0.0000|0.0000|0|56.70
采纳股份|301122|-19.99|3012820|57967928.00|-6.29|-3.88|-19.99|17.93|21.00|21.54|17.93|3.01|22.41|1151410|25886176.00|1|0.0000|0.0000|0.0000|0|22.41
奕东电子|301123|-20.00|5068600|91933664.00|-6.85|-5.59|-20.00|17.04|19.84|20.11|17.04|5.07|21.30|2017200|43053916.00|1|0.0000|0.0000|0.0000|0|21.30
腾亚精工|301125|-19.15|8013025|79700144.00|-5.51|-5.17|-20.00|9.54|11.15|11.19|9.44|8.01|11.80|3018759|35704764.00|1|0.0000|0.0000|0.0000|0|11.80
达嘉维康|301126|-18.85|10474806|103913480.00|-4.89|-3.49|-19.72|9.30|10.90|11.06|9.20|10.47|11.46|4303900|49368128.00|1|0.0000|0.0000|0.0000|0|11.46
武汉天源|301127|-19.44|21373010|301882272.00|-6.24|-4.00|-19.99|13.30|15.48|15.85|13.21|21.37|16.51|6506255|107725480.00|1|0.0000|0.0000|0.0000|0|16.51
强瑞技术|301128|-20.00|3315400|201224000.00|-9.00|-6.64|-20.00|57.07|64.92|66.60|57.07|3.32|71.34|2362601|171178080.00|1|0.0000|0.0000|0.0000|0|71.34
瑞纳智能|301129|-20.02|2659558|47759556.00|-5.41|-5.41|-20.02|16.86|19.94|19.94|16.86|2.66|21.08|1259120|26643632.00|1|0.0000|0.0000|0.0000|0|21.08
西点药业|301130|-12.48|2551376|66459380.00|-2.79|-1.84|-15.02|24.76|27.50|27.77|24.04|2.55|28.29|2057250|57788664.00|1|0.0000|0.0000|0.0000|0|28.29
聚赛龙|301131|-15.74|1909900|63947016.00|-4.24|-4.24|-17.75|32.38|36.80|36.80|31.61|1.91|38.43|1092600|41963548.00|1|0.0000|0.0000|0.0000|0|38.43
满坤科技|301132|-19.99|3246500|71453160.00|-6.90|-4.85|-19.99|20.77|24.17|24.70|20.77|3.25|25.96|1624200|42367536.00|1|0.0000|0.0000|0.0000|0|25.96
金钟股份|301133|-19.72|2793334|57438908.00|-3.89|-3.89|-20.02|19.01|22.76|22.76|18.94|2.79|23.68|1757600|41748124.00|1|0.0000|0.0000|0.0000|0|23.68
瑞德智能|301135|-19.99|3746600|79470296.00|-7.73|-4.98|-19.99|20.09|23.17|23.86|20.09|3.75|25.11|1726200|43607128.00|1|0.0000|0.0000|0.0000|0|25.11
招标股份|301136|-20.02|9770300|100421360.00|-6.20|-4.52|-20.02|9.55|11.20|11.40|9.55|9.77|11.94|6007500|71740112.00|1|0.0000|0.0000|0.0000|0|11.94
哈焊华通|301137|-16.83|17245704|340884032.00|-10.21|-6.23|-18.02|18.97|20.48|21.39|18.70|17.25|22.81|19432570|469726432.00|1|0.0000|0.0000|0.0000|0|22.81
华研精机|301138|-19.71|2973796|72361240.00|-7.39|-2.49|-19.99|22.94|26.46|27.86|22.86|2.97|28.57|1454800|41900740.00|1|0.0000|0.0000|0.0000|0|28.57
元道通信|301139|-18.38|16920888|489860736.00|-11.18|-7.41|-20.00|27.75|30.20|31.48|27.20|16.92|34.00|14724600|497591392.00|1|0.0000|0.0000|0.0000|0|34.00
中科磁业|301141|-3.24|7671906|298783136.00|-2.40|6.97|-5.92|37.08|37.40|40.99|36.05|7.67|38.32|4763280|181651488.00|1|0.0000|0.0000|0.0000|0|38.32
嘉戎技术|301148|-16.81|2904640|49046576.00|-5.76|-5.25|-19.77|16.33|18.50|18.60|15.75|2.90|19.63|1299000|25371816.00|1|0.0000|0.0000|0.0000|0|19.63
隆华新材|301149|-19.58|11720453|111194336.00|-3.54|-3.45|-20.04|8.87|10.64|10.65|8.82|11.72|11.03|3128000|34480908.00|1|0.0000|0.0000|0.0000|0|11.03
中一科技|301150|-19.25|4210586|72904832.00|-5.09|-5.09|-19.95|16.19|19.03|19.03|16.05|4.21|20.05|1544949|31029302.00|1|0.0000|0.0000|0.0000|0|20.05
冠龙节能|301151|-19.18|4893993|65089912.00|-5.12|-5.12|-20.03|12.47|14.64|14.64|12.34|4.89|15.43|1544007|23764578.00|1|0.0000|0.0000|0.0000|0|15.43
天力锂能|301152|-19.99|4653757|97308024.00|-9.79|-5.63|-19.99|19.61|22.11|23.13|19.61|4.65|24.51|3583707|89250088.00|1|0.0000|0.0000|0.0000|0|24.51
中科江南|301153|-17.52|7937268|184232336.00|-11.39|-1.91|-19.99|22.08|23.72|26.26|21.42|7.94|26.77|3719632|100011840.00|1|0.0000|0.0000|0.0000|0|26.77
海力风电|301155|-9.27|3742557|215378192.00|-7.32|-1.13|-12.06|55.30|56.49|60.26|53.60|3.74|60.95|1495376|92019248.00|1|0.0000|0.0000|0.0000|0|60.95
美农生物|301156|20.01|13670314|305804928.00|20.01|20.01|20.01|22.37|22.37|22.37|22.37|13.67|18.64|12827940|226724112.00|1|0.0000|0.0000|0.0000|0|18.64
华塑科技|301157|-20.00|2123800|88774416.00|-7.55|-7.55|-20.00|39.85|46.05|46.05|39.85|2.12|49.81|868500|43143504.00|1|0.0000|0.0000|0.0000|0|49.81
德石股份|301158|-20.00|13003858|185786816.00|-7.19|-5.99|-20.00|13.36|15.50|15.70|13.36|13.00|16.70|11171900|186994688.00|1|0.0000|0.0000|0.0000|0|16.70
三维天地|301159|-20.00|2613900|67801616.00|-8.08|-4.27|-20.00|24.16|27.76|28.91|24.16|2.61|30.20|1211000|36641052.00|1|0.0000|0.0000|0.0000|0|30.20
翔楼新材|301160|-20.00|5179461|385928608.00|-11.72|-7.37|-20.00|71.67|79.09|82.99|71.67|5.18|89.59|2374600|216168080.00|1|0.0000|0.0000|0.0000|0|89.59
唯万密封|301161|-19.93|6723066|124760168.00|-8.17|-5.97|-20.02|17.44|20.00|20.48|17.42|6.72|21.78|3542400|77074640.00|1|0.0000|0.0000|0.0000|0|21.78
国能日新|301162|-7.22|4503920|219701552.00|-9.07|-1.54|-10.21|48.06|47.10|51.00|46.51|4.50|51.80|3798383|195583904.00|1|0.0000|0.0000|0.0000|0|51.80
宏德股份|301163|-20.02|2773900|54238156.00|-5.33|-5.33|-20.02|18.46|21.85|21.85|18.46|2.77|23.08|1948800|45251424.00|1|0.0000|0.0000|0.0000|0|23.08
锐捷网络|301165|-17.27|8594129|527330240.00|-10.09|-5.59|-20.01|58.89|64.00|67.20|56.94|8.59|71.18|8478785|600549504.00|1|0.0000|0.0000|0.0000|0|71.18
优宁维|301166|-14.77|2286000|62633316.00|-6.84|-4.53|-16.29|25.80|28.20|28.90|25.34|2.29|30.27|828000|25201072.00|1|0.0000|0.0000|0.0000|0|30.27
建研设计|301167|-13.84|3739120|44638072.00|-3.12|-3.12|-16.96|11.58|13.02|13.02|11.16|3.74|13.44|1931180|25828108.00|1|0.0000|0.0000|0.0000|0|13.44
通灵股份|301168|-19.99|3621600|90551328.00|-4.20|-4.20|-19.99|23.22|27.80|27.80|23.22|3.62|29.02|1738621|50899404.00|1|0.0000|0.0000|0.0000|0|29.02
零点有数|301169|-14.44|3236000|111722592.00|-10.85|0.13|-16.53|32.34|33.70|37.85|31.55|3.24|37.80|995300|37735864.00|1|0.0000|0.0000|0.0000|0|37.80
锡南科技|301170|-19.08|3282000|69514496.00|-5.95|-5.95|-19.93|20.14|23.41|23.41|19.93|3.28|24.89|1786750|44569684.00|1|0.0000|0.0000|0.0000|0|24.89
易点天下|301171|-19.99|23908134|518405472.00|-10.89|-8.56|-19.99|20.65|23.00|23.60|20.65|23.91|25.81|12204645|318515808.00|1|0.0000|0.0000|0.0000|0|25.81
君逸数码|301172|-19.41|3651474|85787232.00|-6.06|-3.60|-20.00|21.96|25.60|26.27|21.80|3.65|27.25|1207187|32898478.00|1|0.0000|0.0000|0.0000|0|27.25
毓恬冠佳|301173|-19.97|2752799|134571584.00|-4.95|-4.15|-20.00|45.09|53.55|54.00|45.07|2.75|56.34|2015261|112458912.00|1|0.0000|0.0000|0.0000|0|56.34
中科环保|301175|-10.73|91995070|497646592.00|-4.84|-0.69|-14.36|5.16|5.50|5.74|4.95|92.00|5.78|71749949|416554624.00|1|0.0000|0.0000|0.0000|0|5.78
逸豪新材|301176|-19.98|3773800|56318592.00|-9.29|-6.53|-19.98|14.22|16.12|16.61|14.22|3.77|17.77|2658182|47340188.00|1|0.0000|0.0000|0.0000|0|17.77
迪阿股份|301177|-17.88|3115266|76892656.00|-3.85|-3.85|-19.69|23.06|27.00|27.00|22.55|3.12|28.08|1585800|45031836.00|1|0.0000|0.0000|0.0000|0|28.08
天亿马|301178|-20.01|4743700|138205024.00|-5.98|-5.63|-20.01|27.14|31.90|32.02|27.14|4.74|33.93|1713200|58256336.00|1|0.0000|0.0000|0.0000|0|33.93
泽宇智能|301179|-19.90|7639104|117000392.00|-5.20|-4.92|-20.01|14.33|16.96|17.01|14.31|7.64|17.89|2248620|40204560.00|1|0.0000|0.0000|0.0000|0|17.89
万祥科技|301180|-19.97|6008200|67782832.00|-4.80|-4.80|-19.97|10.66|12.68|12.68|10.66|6.01|13.32|2835568|37704832.00|1|0.0000|0.0000|0.0000|0|13.32
标榜股份|301181|-19.30|3100100|62670400.00|-5.85|-5.85|-20.02|19.19|22.39|22.39|19.02|3.10|23.78|1718330|41262364.00|1|0.0000|0.0000|0.0000|0|23.78
凯旺科技|301182|-19.99|2844309|82184520.00|-8.49|-6.82|-19.99|27.33|31.26|31.83|27.33|2.84|34.16|1435309|49686640.00|1|0.0000|0.0000|0.0000|0|34.16
东田微|301183|-20.00|2789400|115162096.00|-6.57|-6.57|-20.00|38.96|45.50|45.50|38.96|2.79|48.70|1278200|62675756.00|1|0.0000|0.0000|0.0000|0|48.70
鸥玛软件|301185|-17.46|6263167|98574208.00|-4.91|-4.35|-19.13|14.80|17.05|17.15|14.50|6.26|17.93|2069200|37075100.00|1|0.0000|0.0000|0.0000|0|17.93
超达装备|301186|-18.58|2222222|76572512.00|-3.23|-3.23|-20.01|32.48|38.60|38.60|31.91|2.22|39.89|593492|23781706.00|1|0.0000|0.0000|0.0000|0|39.89
欧圣电气|301187|-19.99|7792276|223649968.00|-8.62|-6.51|-19.99|26.53|30.30|31.00|26.53|7.79|33.16|8870150|297849664.00|1|0.0000|0.0000|0.0000|0|33.16
力诺药包|301188|-11.00|7161525|119401280.00|-5.83|-3.74|-14.19|16.18|17.12|17.50|15.60|7.16|18.18|4294200|78517984.00|1|0.0000|0.0000|0.0000|0|18.18
奥尼电子|301189|-19.97|3308400|68995264.00|-6.08|-6.08|-20.01|19.60|23.00|23.00|19.59|3.31|24.49|1729800|42727096.00|1|0.0000|0.0000|0.0000|0|24.49
善水科技|301190|-17.57|8175933|156580064.00|-6.44|-2.33|-19.99|18.06|20.50|21.40|17.53|8.18|21.91|9185351|193844080.00|1|0.0000|0.0000|0.0000|0|21.91
菲菱科思|301191|-20.00|2493987|215665520.00|-8.62|-6.44|-20.00|81.22|92.77|94.98|81.22|2.49|101.52|1365060|140336240.00|1|0.0000|0.0000|0.0000|0|101.52
泰祥股份|301192|-16.77|2796300|44408884.00|-5.66|-5.66|-20.02|15.88|18.00|18.00|15.26|2.80|19.08|1605100|30205868.00|1|0.0000|0.0000|0.0000|0|19.08
家联科技|301193|-15.11|2176060|31427612.00|-4.38|-4.38|-18.38|13.76|15.50|15.50|13.23|2.18|16.21|877300|14198915.00|1|0.0000|0.0000|0.0000|0|16.21
北路智控|301195|-18.39|2975400|86119960.00|-6.85|-4.76|-20.00|27.42|31.30|32.00|26.88|2.98|33.60|1084150|36578268.00|1|0.0000|0.0000|0.0000|0|33.60
唯科科技|301196|-20.00|3898300|171276592.00|-11.14|-6.69|-20.00|41.59|46.20|48.51|41.59|3.90|51.99|2533100|133369568.00|1|0.0000|0.0000|0.0000|0|51.99
工大科雅|301197|-18.19|4369500|57372928.00|-4.33|-3.80|-18.65|12.28|14.36|14.44|12.21|4.37|15.01|1645400|24634932.00|1|0.0000|0.0000|0.0000|0|15.01
喜悦智行|301198|-19.96|5701825|50196828.00|-5.04|-5.04|-19.96|8.26|9.80|9.80|8.26|5.70|10.32|2547200|26256938.00|1|0.0000|0.0000|0.0000|0|10.32
迈赫股份|301199|-20.00|4264500|119258424.00|-9.75|-8.07|-20.00|26.68|30.10|30.66|26.68|4.26|33.35|3627600|123136568.00|1|0.0000|0.0000|0.0000|0|33.35
大族数控|301200|-16.54|2444646|84083080.00|-7.17|-4.10|-19.03|32.59|36.25|37.45|31.62|2.44|39.05|1227000|48176752.00|1|0.0000|0.0000|0.0000|0|39.05
诚达药业|301201|-10.27|12851471|280487200.00|-4.97|-3.23|-14.62|21.67|22.95|23.37|20.62|12.85|24.15|17399098|422705312.00|1|0.0000|0.0000|0.0000|0|24.15
朗威股份|301202|-20.00|3663694|130660880.00|-11.90|-7.14|-20.00|33.60|37.00|39.00|33.60|3.66|42.00|2668054|113631536.00|1|0.0000|0.0000|0.0000|0|42.00
国泰环保|301203|-14.40|1240300|34294936.00|-2.93|-2.90|-17.46|26.28|29.80|29.81|25.34|1.24|30.70|355585|10862233.00|1|0.0000|0.0000|0.0000|0|30.70
联特科技|301205|-20.00|3440620|194343104.00|-10.54|-7.55|-20.00|53.65|59.99|62.00|53.65|3.44|67.06|2312172|156154560.00|1|0.0000|0.0000|0.0000|0|67.06
三元生物|301206|-10.88|3819009|94018408.00|-4.31|-3.49|-14.78|24.00|25.77|25.99|22.95|3.82|26.93|3717535|100311952.00|1|0.0000|0.0000|0.0000|0|26.93
华兰疫苗|301207|-13.58|6465760|101610600.00|-4.49|-2.19|-16.86|15.02|16.60|17.00|14.45|6.47|17.38|2712142|47246384.00|1|0.0000|0.0000|0.0000|0|17.38
中亦科技|301208|-20.01|5045760|162807472.00|-3.29|-3.29|-20.01|30.19|36.50|36.50|30.19|5.05|37.74|2169940|82344920.00|1|0.0000|0.0000|0.0000|0|37.74
联合化学|301209|-9.53|2667493|93052272.00|-7.64|-2.87|-15.46|34.00|34.71|36.50|31.77|2.67|37.58|1403500|52295080.00|1|0.0000|0.0000|0.0000|0|37.58
金杨精密|301210|-20.00|4174712|177292688.00|-9.82|-6.57|-20.00|40.81|46.00|47.66|40.81|4.17|51.01|2569740|133751440.00|1|0.0000|0.0000|0.0000|0|51.01
亨迪药业|301211|-20.00|10482125|164471632.00|-7.86|-5.53|-20.00|14.76|17.00|17.43|14.76|10.48|18.45|8490040|158109936.00|1|0.0000|0.0000|0.0000|0|18.45
联盛化学|301212|-20.02|3858651|78285440.00|-7.29|-4.76|-20.02|18.98|22.00|22.60|18.98|3.86|23.73|4446551|105814328.00|1|0.0000|0.0000|0.0000|0|23.73
观想科技|301213|-14.05|2044600|89116632.00|-3.19|-3.19|-16.76|41.54|46.79|46.79|40.23|2.04|48.33|749700|36340052.00|1|0.0000|0.0000|0.0000|0|48.33
中汽股份|301215|-15.90|25624099|131838288.00|-5.13|-4.10|-18.80|4.92|5.55|5.61|4.75|25.62|5.85|6676400|39059600.00|1|0.0000|0.0000|0.0000|0|5.85
万凯新材|301216|-18.64|13733521|160355872.00|-3.82|-2.84|-19.99|10.87|12.85|12.98|10.69|13.73|13.36|5221691|69177192.00|1|0.0000|0.0000|0.0000|0|13.36
铜冠铜箔|301217|-17.98|13602136|125520600.00|-5.30|-4.92|-19.68|8.67|10.01|10.05|8.49|13.60|10.57|4298772|45477660.00|1|0.0000|0.0000|0.0000|0|10.57
华是科技|301218|-20.02|5156250|91832080.00|-8.65|-5.64|-20.02|16.74|19.12|19.75|16.74|5.16|20.93|1695500|35378820.00|1|0.0000|0.0000|0.0000|0|20.93
腾远钴业|301219|-18.32|10108496|454171104.00|-7.52|-5.82|-19.88|42.28|47.87|48.75|41.47|10.11|51.76|4377436|228143456.00|1|0.0000|0.0000|0.0000|0|51.76
亚香股份|301220|-10.54|5821420|419359744.00|-5.53|0.00|-12.91|67.90|71.70|75.90|66.10|5.82|75.90|7474503|569328192.00|1|0.0000|0.0000|0.0000|0|75.90
光庭信息|301221|-19.99|3333700|137037408.00|-9.85|-5.88|-19.99|38.26|43.11|45.01|38.26|3.33|47.82|1227530|58763656.00|1|0.0000|0.0000|0.0000|0|47.82
浙江恒威|301222|-19.13|2105760|50091732.00|-6.13|-5.45|-19.99|22.41|26.01|26.20|22.17|2.11|27.71|999340|27689236.00|1|0.0000|0.0000|0.0000|0|27.71
中荣股份|301223|-12.96|2380625|36730700.00|-2.00|-2.00|-14.96|14.78|16.64|16.64|14.44|2.38|16.98|1025110|17326560.00|1|0.0000|0.0000|0.0000|0|16.98
恒勃股份|301225|-19.99|4120158|134488096.00|-12.51|-6.40|-19.99|30.77|33.65|36.00|30.77|4.12|38.46|2748875|106908744.00|1|0.0000|0.0000|0.0000|0|38.46
祥明智能|301226|-19.99|3866959|91375208.00|-11.19|-7.99|-19.99|22.53|25.01|25.91|22.53|3.87|28.16|3135400|89140408.00|1|0.0000|0.0000|0.0000|0|28.16
森鹰窗业|301227|-13.14|2736812|42130344.00|-3.81|-1.47|-14.96|14.81|16.40|16.80|14.50|2.74|17.05|1261500|21315196.00|1|0.0000|0.0000|0.0000|0|17.05
实朴检测|301228|-13.68|7568467|142713392.00|-7.11|-2.32|-15.52|17.85|19.21|20.20|17.47|7.57|20.68|6016780|125585448.00|1|0.0000|0.0000|0.0000|0|20.68
纽泰格|301229|-20.02|5139822|105596336.00|-6.76|-4.77|-20.02|19.30|22.50|22.98|19.30|5.14|24.13|2296297|55878572.00|1|0.0000|0.0000|0.0000|0|24.13
泓博医药|301230|-19.99|5744094|154708768.00|-6.85|-3.87|-19.99|25.22|29.36|30.30|25.22|5.74|31.52|4035190|129473808.00|1|0.0000|0.0000|0.0000|0|31.52
荣信文化|301231|-18.99|7414998|155448240.00|-5.28|-2.53|-19.98|19.50|22.80|23.46|19.26|7.41|24.07|4168398|100383120.00|1|0.0000|0.0000|0.0000|0|24.07
飞沃科技|301232|-18.03|2351453|52144340.00|-5.50|-4.84|-19.44|21.00|24.21|24.38|20.64|2.35|25.62|988800|25382262.00|1|0.0000|0.0000|0.0000|0|25.62
盛帮股份|301233|-16.54|1888200|76867136.00|-8.04|-5.81|-17.86|38.61|42.54|43.57|38.00|1.89|46.26|949603|44120584.00|1|0.0000|0.0000|0.0000|0|46.26
五洲医疗|301234|-12.59|1746500|42810852.00|-5.59|-4.06|-16.36|24.09|26.02|26.44|23.05|1.75|27.56|800200|22039430.00|1|0.0000|0.0000|0.0000|0|27.56
华康洁净|301235|-12.17|4213700|77381656.00|-3.04|-2.99|-17.87|18.19|20.08|20.09|17.01|4.21|20.71|1763606|36600376.00|1|0.0000|0.0000|0.0000|0|20.71
软通动力|301236|-15.66|48779656|2429060864.00|-7.71|-5.89|-19.75|48.00|52.52|53.56|45.67|48.78|56.91|14681143|839933248.00|1|0.0000|0.0000|0.0000|0|56.91
和顺科技|301237|-14.93|1795609|38937000.00|-2.59|-0.38|-16.63|20.00|22.90|23.42|19.60|1.80|23.51|599400|14071009.00|1|0.0000|0.0000|0.0000|0|23.51
瑞泰新材|301238|-18.96|17493257|270108032.00|-8.54|-5.82|-20.01|14.62|16.50|16.99|14.43|17.49|18.04|6332024|114619408.00|1|0.0000|0.0000|0.0000|0|18.04
普瑞眼科|301239|-11.84|4249600|170007808.00|-5.68|-1.18|-15.25|38.78|41.49|43.47|37.28|4.25|43.99|4589900|198766512.00|1|0.0000|0.0000|0.0000|0|43.99
宏源药业|301246|-16.96|8512935|108636632.00|-3.99|-3.08|-18.50|11.85|13.70|13.83|11.63|8.51|14.27|4044100|57639948.00|1|0.0000|0.0000|0.0000|0|14.27
杰创智能|301248|-19.99|8532435|152810576.00|-8.92|-5.68|-19.99|16.77|19.09|19.77|16.77|8.53|20.96|11288450|235218656.00|1|0.0000|0.0000|0.0000|0|20.96
威尔高|301251|-20.01|5956754|171208816.00|-10.65|-6.79|-20.01|27.35|30.55|31.87|27.35|5.96|34.19|4972160|172735712.00|1|0.0000|0.0000|0.0000|0|34.19
同星科技|301252|-19.99|2726000|78407136.00|-8.06|-6.24|-19.99|27.30|31.37|31.99|27.30|2.73|34.12|1226283|42105340.00|1|0.0000|0.0000|0.0000|0|34.12
通力科技|301255|-20.00|4323400|154012800.00|-7.60|-5.20|-20.00|33.36|38.53|39.53|33.36|4.32|41.70|2408300|101701144.00|1|0.0000|0.0000|0.0000|0|41.70
华融化学|301256|3.90|69001350|858433216.00|-7.01|7.40|-11.78|13.05|11.68|13.49|11.08|69.00|12.56|73044533|901444864.00|1|0.0000|0.0000|0.0000|0|12.56
普蕊斯|301257|-18.75|4764210|134601376.00|-6.47|-3.08|-20.01|26.39|30.38|31.48|25.98|4.76|32.48|3367270|110994216.00|1|0.0000|0.0000|0.0000|0|32.48
富士莱|301258|-17.30|4452745|102023840.00|-6.57|-4.92|-19.77|22.04|24.90|25.34|21.38|4.45|26.65|5216187|139750688.00|1|0.0000|0.0000|0.0000|0|26.65
艾布鲁|301259|-19.99|4407240|145434544.00|-8.90|-6.85|-19.99|31.18|35.50|36.30|31.18|4.41|38.97|2775240|109326800.00|1|0.0000|0.0000|0.0000|0|38.97
格力博|301260|-20.00|8141700|101164304.00|-5.41|-5.41|-20.00|11.68|13.81|13.81|11.68|8.14|14.60|3721800|54110952.00|1|0.0000|0.0000|0.0000|0|14.60
恒工精密|301261|-20.00|6359500|476550880.00|-8.29|-3.82|-20.00|69.62|79.81|83.70|69.62|6.36|87.02|4430800|393299808.00|1|0.0000|0.0000|0.0000|0|87.02
海看股份|301262|-18.90|4030666|85607184.00|-6.46|-4.67|-19.67|19.95|23.01|23.45|19.76|4.03|24.60|1298248|31908498.00|1|0.0000|0.0000|0.0000|0|24.60
泰恩康|301263|-14.29|11003911|199055344.00|-7.07|-2.89|-16.68|17.21|18.66|19.50|16.73|11.00|20.08|4015612|80456904.00|1|0.0000|0.0000|0.0000|0|20.08
华新环保|301265|-16.77|5298782|43256860.00|-3.44|-3.33|-19.35|7.74|8.98|8.99|7.50|5.30|9.30|1765500|16344569.00|1|0.0000|0.0000|0.0000|0|9.30
宇邦新材|301266|-20.00|4286900|128561136.00|-7.33|-4.83|-20.00|28.16|32.62|33.50|28.16|4.29|35.20|1945071|69313608.00|1|0.0000|0.0000|0.0000|0|35.20
华厦眼科|301267|-11.26|10969446|202270048.00|-4.25|-3.06|-13.74|17.96|19.38|19.62|17.46|10.97|20.24|5038970|101580784.00|1|0.0000|0.0000|0.0000|0|20.24
铭利达|301268|-20.01|4799690|75005744.00|-9.48|-4.50|-20.01|14.59|16.51|17.42|14.59|4.80|18.24|2304800|42269272.00|1|0.0000|0.0000|0.0000|0|18.24
华大九天|301269|-4.20|10350949|1161053952.00|-2.86|5.29|-5.27|107.00|108.50|117.60|105.80|10.35|111.69|6014524|678036864.00|1|0.0000|0.0000|0.0000|0|111.69
汉仪股份|301270|-20.01|3792859|112029552.00|-7.60|-5.69|-20.01|27.98|32.32|32.99|27.98|3.79|34.98|1399900|49467936.00|1|0.0000|0.0000|0.0000|0|34.98
英华特|301272|-20.00|4575170|163778144.00|-9.88|-8.00|-20.00|34.00|38.30|39.10|34.00|4.58|42.50|6076519|250829856.00|1|0.0000|0.0000|0.0000|0|42.50
瑞晨环保|301273|-20.01|1724100|32357596.00|-3.67|-3.67|-20.01|17.67|21.28|21.28|17.67|1.72|22.09|807000|17903756.00|1|0.0000|0.0000|0.0000|0|22.09
汉朔科技|301275|-19.99|5401263|305990400.00|-11.58|-9.82|-19.99|54.02|59.70|60.89|54.02|5.40|67.52|3768025|254253728.00|1|0.0000|0.0000|0.0000|0|67.52
嘉曼服饰|301276|-9.60|3043745|60163216.00|-4.87|-4.50|-12.64|19.67|20.70|20.78|19.01|3.04|21.76|1781600|38709912.00|1|0.0000|0.0000|0.0000|0|21.76
新天地|301277|-12.19|19368855|313444992.00|-7.38|-3.47|-15.32|15.71|16.57|17.27|15.15|19.37|17.89|15777002|283459648.00|1|0.0000|0.0000|0.0000|0|17.89
快可电子|301278|-19.68|2527030|73853800.00|-6.30|-3.40|-20.00|27.43|32.00|32.99|27.32|2.53|34.15|874530|29965430.00|1|0.0000|0.0000|0.0000|0|34.15
金道科技|301279|-19.99|4473700|93907040.00|-11.40|-10.53|-19.99|20.29|22.47|22.69|20.29|4.47|25.36|5139900|130859312.00|1|0.0000|0.0000|0.0000|0|25.36
珠城科技|301280|-20.01|2930866|143061344.00|-8.58|-5.61|-20.01|45.50|52.00|53.69|45.50|2.93|56.88|2296875|132234840.00|1|0.0000|0.0000|0.0000|0|56.88
科源制药|301281|-19.96|3423428|93696392.00|-5.96|-5.80|-19.99|25.66|30.15|30.20|25.65|3.42|32.06|1982211|64317768.00|1|0.0000|0.0000|0.0000|0|32.06
金禄电子|301282|-20.00|6288167|117888616.00|-8.14|-7.15|-20.00|17.68|20.30|20.52|17.68|6.29|22.10|3121769|69451248.00|1|0.0000|0.0000|0.0000|0|22.10
聚胶股份|301283|-18.84|2111833|49451704.00|-4.87|-4.87|-19.99|22.01|25.80|25.80|21.70|2.11|27.12|735800|19910602.00|1|0.0000|0.0000|0.0000|0|27.12
鸿日达|301285|-6.71|7755674|204888048.00|-6.71|-1.10|-12.05|26.40|26.40|27.99|24.89|7.76|28.30|2230427|63834080.00|1|0.0000|0.0000|0.0000|0|28.30
侨源股份|301286|-16.29|2038900|52591528.00|-3.10|-3.10|-17.44|24.05|27.84|27.84|23.72|2.04|28.73|1570100|45333988.00|1|0.0000|0.0000|0.0000|0|28.73
康力源|301287|-18.92|1655250|44620600.00|-6.67|-4.59|-20.01|25.28|29.10|29.75|24.94|1.66|31.18|515200|15985982.00|1|0.0000|0.0000|0.0000|0|31.18
*ST清研|301288|-18.60|3148202|34049728.00|-6.50|-6.50|-19.97|10.15|11.66|11.66|9.98|3.15|12.47|1656315|20613502.00|1|0.0000|0.0000|0.0000|0|12.47
国缆检测|301289|-18.06|3229438|137628352.00|-8.28|-5.41|-19.08|40.10|44.89|46.29|39.60|3.23|48.94|2400397|118927352.00|1|0.0000|0.0000|0.0000|0|48.94
东星医疗|301290|-13.59|2772178|60195760.00|-2.22|-2.22|-18.29|20.98|23.74|23.74|19.84|2.77|24.28|1081782|26150930.00|1|0.0000|0.0000|0.0000|0|24.28
明阳电气|301291|-14.79|4440159|174948368.00|-10.24|-5.18|-18.21|38.19|40.23|42.50|36.66|4.44|44.82|2762175|123683704.00|1|0.0000|0.0000|0.0000|0|44.82
海科新源|301292|-20.03|3708300|45630024.00|-6.98|-5.44|-20.03|11.46|13.33|13.55|11.46|3.71|14.33|1821564|25963950.00|1|0.0000|0.0000|0.0000|0|14.33
三博脑科|301293|-16.52|14103337|604246720.00|-6.17|-4.12|-19.75|40.57|45.60|46.60|39.00|14.10|48.60|6401040|312487392.00|1|0.0000|0.0000|0.0000|0|48.60
美硕科技|301295|-19.75|2413560|45490256.00|-7.73|-5.78|-20.02|17.76|20.42|20.85|17.70|2.41|22.13|1086420|23933468.00|1|0.0000|0.0000|0.0000|0|22.13
新巨丰|301296|-15.10|8258271|69742056.00|-5.27|-5.27|-19.34|8.21|9.16|9.16|7.80|8.26|9.67|3132600|30422544.00|1|0.0000|0.0000|0.0000|0|9.67
富乐德|301297|-19.05|13028977|467111296.00|-9.49|-4.42|-20.00|33.36|37.30|39.39|32.97|13.03|41.21|9919177|411484704.00|1|0.0000|0.0000|0.0000|0|41.21
东利机械|301298|-20.01|12347108|164146752.00|-9.09|-7.26|-20.01|12.67|14.40|14.69|12.67|12.35|15.84|7608622|120690968.00|1|0.0000|0.0000|0.0000|0|15.84
卓创资讯|301299|-19.37|2870300|149786144.00|-10.50|-6.26|-20.00|49.59|55.04|57.65|49.20|2.87|61.50|1198300|74330352.00|1|0.0000|0.0000|0.0000|0|61.50
远翔新材|301300|-16.66|4174265|120511312.00|-7.97|-6.34|-19.13|27.62|30.50|31.04|26.80|4.17|33.14|5160615|171085936.00|1|0.0000|0.0000|0.0000|0|33.14
川宁生物|301301|-13.77|54548488|656811968.00|-4.51|-2.63|-16.85|11.46|12.69|12.94|11.05|54.55|13.29|43960279|585255424.00|1|0.0000|0.0000|0.0000|0|13.29
华如科技|301302|-19.99|6769742|129381672.00|-4.83|-4.33|-19.99|17.73|21.09|21.20|17.73|6.77|22.16|1991124|44443316.00|1|0.0000|0.0000|0.0000|0|22.16
真兰仪表|301303|-17.25|4797560|58133284.00|-3.04|-3.04|-19.06|11.42|13.38|13.38|11.17|4.80|13.80|1195259|16510808.00|1|0.0000|0.0000|0.0000|0|13.80
朗坤科技|301305|-17.84|4458453|68684600.00|-2.97|-2.97|-19.55|14.37|16.97|16.97|14.07|4.46|17.49|1206300|21146248.00|1|0.0000|0.0000|0.0000|0|17.49
西测测试|301306|-19.19|3373730|111040064.00|-4.50|-4.19|-20.00|30.87|36.48|36.60|30.56|3.37|38.20|1133943|43725792.00|1|0.0000|0.0000|0.0000|0|38.20
美利信|301307|-19.21|12894700|257648960.00|-0.99|-0.99|-19.98|18.72|22.94|22.94|18.54|12.89|23.17|7617100|178518016.00|1|0.0000|0.0000|0.0000|0|23.17
江波龙|301308|-20.00|10693548|830498816.00|-6.18|-5.14|-20.00|72.48|85.00|85.94|72.48|10.69|90.60|5053467|458575072.00|1|0.0000|0.0000|0.0000|0|90.60
万得凯|301309|-20.01|2421259|55098764.00|-6.76|-6.76|-20.01|21.43|24.98|24.98|21.43|2.42|26.79|1155239|30932670.00|1|0.0000|0.0000|0.0000|0|26.79
鑫宏业|301310|-19.99|4139755|111334152.00|-5.77|-4.93|-19.99|24.97|29.41|29.67|24.97|4.14|31.21|2202860|69591272.00|1|0.0000|0.0000|0.0000|0|31.21
昆船智能|301311|-19.30|7140432|110034384.00|-7.49|-4.98|-20.02|14.43|16.54|16.99|14.30|7.14|17.88|2897400|51720636.00|1|0.0000|0.0000|0.0000|0|17.88
智立方|301312|-20.00|2884380|102368200.00|-10.66|-8.89|-20.00|33.84|37.79|38.54|33.84|2.88|42.30|1617381|68973632.00|1|0.0000|0.0000|0.0000|0|42.30
凡拓数创|301313|-19.99|4329300|86307568.00|-8.38|-5.46|-19.99|18.61|21.31|21.99|18.61|4.33|23.26|1569660|36548492.00|1|0.0000|0.0000|0.0000|0|23.26
科瑞思|301314|-19.57|1399980|42451048.00|-5.01|-5.01|-19.99|28.40|33.54|33.54|28.25|1.40|35.31|526000|18539868.00|1|0.0000|0.0000|0.0000|0|35.31
威士顿|301315|-19.99|3494740|149483232.00|-8.31|-5.15|-20.01|40.23|46.10|47.69|40.22|3.49|50.28|1853800|94908224.00|1|0.0000|0.0000|0.0000|0|50.28
慧博云通|301316|-20.00|17549450|356099072.00|-10.00|-8.54|-20.00|19.20|21.60|21.95|19.20|17.55|24.00|10830250|263797200.00|1|0.0000|0.0000|0.0000|0|24.00
鑫磊股份|301317|-19.60|2750036|49776176.00|-3.21|-3.21|-19.99|16.53|19.90|19.90|16.45|2.75|20.56|1426036|29376916.00|1|0.0000|0.0000|0.0000|0|20.56
维海德|301318|-20.01|2925400|73450384.00|-7.32|-5.57|-20.01|23.71|27.47|27.99|23.71|2.93|29.64|1143100|34142964.00|1|0.0000|0.0000|0.0000|0|29.64
唯特偶|301319|-20.01|6172873|199105344.00|-10.03|-6.45|-20.01|30.38|34.17|35.53|30.38|6.17|37.98|8787755|329133472.00|1|0.0000|0.0000|0.0000|0|37.98
豪江智能|301320|-20.00|7242700|103499720.00|-7.72|-6.23|-20.00|13.48|15.55|15.80|13.48|7.24|16.85|3892300|66250976.00|1|0.0000|0.0000|0.0000|0|16.85
翰博高新|301321|-20.03|7791711|94324608.00|-15.47|-8.29|-20.03|11.58|12.24|13.28|11.58|7.79|14.48|8764208|129436216.00|1|0.0000|0.0000|0.0000|0|14.48
绿通科技|301322|-18.26|3493623|75608936.00|-8.91|-7.14|-19.34|20.37|22.70|23.14|20.10|3.49|24.92|2520567|63402804.00|1|0.0000|0.0000|0.0000|0|24.92
新莱福|301323|-19.63|3062489|104541488.00|-7.99|-5.40|-20.00|32.31|36.99|38.03|32.16|3.06|40.20|2226012|91230032.00|1|0.0000|0.0000|0.0000|0|40.20
曼恩斯特|301325|-20.00|5781920|287953408.00|-13.13|-7.38|-20.00|46.97|51.00|54.38|46.97|5.78|58.71|4669896|277932864.00|1|0.0000|0.0000|0.0000|0|58.71
捷邦科技|301326|-20.00|1258606|66098040.00|-8.30|-7.10|-20.00|50.29|57.64|58.40|50.29|1.26|62.86|709161|44623220.00|1|0.0000|0.0000|0.0000|0|62.86
华宝新能|301327|-20.00|2610635|156906816.00|-11.44|-9.72|-20.00|57.60|63.76|65.00|57.60|2.61|72.00|3683941|272471872.00|1|0.0000|0.0000|0.0000|0|72.00
维峰电子|301328|-20.00|3830350|130922240.00|-8.84|-7.46|-20.00|32.47|37.00|37.56|32.47|3.83|40.59|1775200|72689720.00|1|0.0000|0.0000|0.0000|0|40.59
信音电子|301329|-19.98|4869426|81890816.00|-6.59|-5.59|-19.98|15.90|18.56|18.76|15.90|4.87|19.87|2047500|40676184.00|1|0.0000|0.0000|0.0000|0|19.87
熵基科技|301330|-19.98|4521726|106216992.00|-5.68|-5.68|-20.01|21.99|25.92|25.92|21.98|4.52|27.48|2152540|59334388.00|1|0.0000|0.0000|0.0000|0|27.48
恩威医药|301331|-14.44|4825044|116930640.00|-7.66|-3.83|-18.57|23.22|25.06|26.10|22.10|4.83|27.14|5298379|141969920.00|1|0.0000|0.0000|0.0000|0|27.14
德尔玛|301332|-19.96|10436600|97621176.00|-5.29|-5.29|-19.96|8.78|10.39|10.39|8.78|10.44|10.97|5097500|55750120.00|1|0.0000|0.0000|0.0000|0|10.97
诺思格|301333|-20.00|3987581|188870160.00|-8.86|-5.88|-20.00|44.77|51.00|52.67|44.77|3.99|55.96|5062031|282868672.00|1|0.0000|0.0000|0.0000|0|55.96
天元宠物|301335|-18.74|4614307|91301712.00|-6.19|-5.89|-19.74|18.77|21.67|21.74|18.54|4.61|23.10|2479663|57443292.00|1|0.0000|0.0000|0.0000|0|23.10
趣睡科技|301336|-20.00|2959900|204212304.00|-14.28|-8.34|-20.00|64.58|69.20|74.00|64.58|2.96|80.73|2597500|211865568.00|1|0.0000|0.0000|0.0000|0|80.73
亚华电子|301337|-20.01|3116400|77156384.00|-5.83|-4.93|-20.01|23.19|27.30|27.56|23.19|3.12|28.99|1170500|33746500.00|1|0.0000|0.0000|0.0000|0|28.99
凯格精机|301338|-20.01|3834808|117155304.00|-3.06|-3.06|-20.01|27.95|33.87|33.87|27.95|3.83|34.94|2799400|95574992.00|1|0.0000|0.0000|0.0000|0|34.94
通行宝|301339|-15.95|13570050|287058080.00|-5.27|-2.59|-19.57|19.76|22.27|22.90|18.91|13.57|23.51|9991500|234277360.00|1|0.0000|0.0000|0.0000|0|23.51
涛涛车业|301345|-17.23|2478747|141031888.00|-6.30|-6.13|-18.91|53.89|61.01|61.12|52.80|2.48|65.11|4622697|306310720.00|1|0.0000|0.0000|0.0000|0|65.11
蓝箭电子|301348|-14.81|11941005|277166912.00|-7.12|-4.83|-19.68|22.38|24.40|25.00|21.10|11.94|26.27|7612682|201957200.00|1|0.0000|0.0000|0.0000|0|26.27
信德新材|301349|-15.54|2460777|77140224.00|-7.74|-5.29|-16.41|30.32|33.12|34.00|30.01|2.46|35.90|1169650|41877152.00|1|0.0000|0.0000|0.0000|0|35.90
普莱得|301353|-18.95|1580500|39641584.00|-5.23|-5.23|-20.01|23.69|27.70|27.70|23.38|1.58|29.23|760300|22345816.00|1|0.0000|0.0000|0.0000|0|29.23
南王科技|301355|-17.69|5647700|56888196.00|-4.51|-4.51|-19.95|9.49|11.01|11.01|9.23|5.65|11.53|1530200|17594588.00|1|0.0000|0.0000|0.0000|0|11.53
天振股份|301356|-19.75|3591788|46869836.00|-6.91|-2.66|-20.01|12.07|14.00|14.64|12.03|3.59|15.04|3440841|52393056.00|1|0.0000|0.0000|0.0000|0|15.04
北方长龙|301357|-17.15|3221237|93111480.00|-7.71|-3.21|-19.99|27.39|30.51|32.00|26.45|3.22|33.06|2000780|66599548.00|1|0.0000|0.0000|0.0000|0|33.06
湖南裕能|301358|-18.63|19896650|580315200.00|-7.00|-7.00|-19.99|28.00|32.00|32.00|27.53|19.90|34.41|6555277|226016736.00|1|0.0000|0.0000|0.0000|0|34.41
东南电子|301359|-17.92|2241962|47024232.00|-7.82|-6.01|-19.89|20.06|22.53|22.97|19.58|2.24|24.44|1147800|27983306.00|1|0.0000|0.0000|0.0000|0|24.44
荣旗科技|301360|-20.00|1684400|71624544.00|-7.57|-5.60|-20.00|39.83|46.02|47.00|39.83|1.68|49.79|860200|42912224.00|1|0.0000|0.0000|0.0000|0|49.79
众智科技|301361|-20.01|3332600|97087680.00|-6.00|-5.86|-20.01|27.18|31.94|31.99|27.18|3.33|33.98|3808671|128231088.00|1|0.0000|0.0000|0.0000|0|33.98
民爆光电|301362|-14.32|1998164|66392128.00|-8.49|-6.32|-18.51|33.10|35.35|36.19|31.48|2.00|38.63|1129854|43899316.00|1|0.0000|0.0000|0.0000|0|38.63
美好医疗|301363|-19.25|9137664|216056832.00|-11.19|-6.29|-20.00|22.73|25.00|26.38|22.52|9.14|28.15|5343076|152104000.00|1|0.0000|0.0000|0.0000|0|28.15
矩阵股份|301365|-20.01|9641200|156551136.00|-6.46|-6.20|-20.01|15.35|17.95|18.00|15.35|9.64|19.19|8890028|171389952.00|1|0.0000|0.0000|0.0000|0|19.19
一博科技|301366|-19.99|4535645|199583904.00|-9.25|-6.52|-19.99|41.26|46.80|48.21|41.26|4.54|51.57|2415375|125702544.00|1|0.0000|0.0000|0.0000|0|51.57
瑞迈特|301367|-16.60|3174688|214588624.00|-8.70|-3.48|-19.39|63.94|70.00|74.00|61.80|3.17|76.67|3106972|235630992.00|1|0.0000|0.0000|0.0000|0|76.67
丰立智能|301368|-19.99|7448366|447291264.00|-10.64|-6.90|-19.99|56.70|63.33|65.98|56.70|7.45|70.87|4507191|324971584.00|1|0.0000|0.0000|0.0000|0|70.87
联动科技|301369|-20.01|2285950|105615128.00|-5.03|-4.60|-20.01|43.10|51.17|51.40|43.10|2.29|53.88|714800|38750812.00|1|0.0000|0.0000|0.0000|0|53.88
国科恒泰|301370|-16.55|9422405|94081648.00|-5.31|-3.89|-18.23|9.43|10.70|10.86|9.24|9.42|11.30|3361100|37969112.00|1|0.0000|0.0000|0.0000|0|11.30
敷尔佳|301371|-15.61|3025800|93921448.00|-4.33|-2.69|-18.36|29.46|33.40|33.97|28.50|3.03|34.91|790004|27697840.00|1|0.0000|0.0000|0.0000|0|34.91
科净源|301372|-20.00|3970700|65850264.00|-15.83|-12.26|-20.00|16.12|16.96|17.68|16.12|3.97|20.15|1149300|23125824.00|1|0.0000|0.0000|0.0000|0|20.15
凌玮科技|301373|-11.83|2157725|58309496.00|-4.07|-4.07|-14.31|26.01|28.30|28.30|25.28|2.16|29.50|800500|23621220.00|1|0.0000|0.0000|0.0000|0|29.50
致欧科技|301376|-19.99|5675437|90633480.00|-4.27|-4.27|-19.99|15.17|18.15|18.15|15.17|5.68|18.96|2351993|45347920.00|1|0.0000|0.0000|0.0000|0|18.96
鼎泰高科|301377|-20.01|6881199|158703264.00|-8.86|-5.72|-20.01|21.94|25.00|25.86|21.94|6.88|27.43|4587482|126682944.00|1|0.0000|0.0000|0.0000|0|27.43
通达海|301378|-19.98|2916600|68409336.00|-5.18|-5.18|-20.01|22.07|26.15|26.15|22.06|2.92|27.58|1357150|37502776.00|1|0.0000|0.0000|0.0000|0|27.58
天山电子|301379|-19.99|5999400|138287024.00|-9.78|-6.28|-19.99|22.18|25.01|25.98|22.18|6.00|27.72|3119360|86773400.00|1|0.0000|0.0000|0.0000|0|27.72
挖金客|301380|-19.99|2328300|90655312.00|-8.60|-6.53|-19.99|36.66|41.88|42.83|36.66|2.33|45.82|847300|39064532.00|1|0.0000|0.0000|0.0000|0|45.82
赛维时代|301381|-20.00|6457471|120821504.00|-6.31|-5.99|-20.00|17.76|20.80|20.87|17.76|6.46|22.20|1930052|43101848.00|1|0.0000|0.0000|0.0000|0|22.20
蜂助手|301382|-20.01|13961744|467372864.00|-7.66|-5.53|-20.01|31.22|36.04|36.87|31.22|13.96|39.03|7255140|284977440.00|1|0.0000|0.0000|0.0000|0|39.03
天键股份|301383|-20.00|5388732|198567856.00|-14.09|-8.93|-20.00|35.49|38.11|40.40|35.49|5.39|44.36|6838737|313886432.00|1|0.0000|0.0000|0.0000|0|44.36
未来电器|301386|-14.72|5096619|108032032.00|-5.74|-1.60|-19.25|19.76|21.84|22.80|18.71|5.10|23.17|6650026|152389104.00|1|0.0000|0.0000|0.0000|0|23.17
光大同创|301387|-20.01|4193540|128578664.00|-15.05|-7.81|-20.01|29.19|31.00|33.64|29.19|4.19|36.49|6043499|223045712.00|1|0.0000|0.0000|0.0000|0|36.49
欣灵电气|301388|-20.00|2419900|48387576.00|-5.78|-2.01|-20.00|18.68|22.00|22.88|18.68|2.42|23.35|1286400|29926632.00|1|0.0000|0.0000|0.0000|0|23.35
隆扬电子|301389|-20.01|9073501|155539536.00|-9.35|-8.91|-20.01|16.51|18.71|18.80|16.51|9.07|20.64|7127000|149590864.00|1|0.0000|0.0000|0.0000|0|20.64
经纬股份|301390|-15.24|1964554|60835688.00|-7.87|-5.64|-15.33|30.03|32.64|33.43|30.00|1.96|35.43|1076467|38008384.00|1|0.0000|0.0000|0.0000|0|35.43
卡莱特|301391|-18.64|2008308|65751912.00|-6.00|-4.11|-19.95|30.51|35.25|35.96|30.02|2.01|37.50|733500|27443086.00|1|0.0000|0.0000|0.0000|0|37.50
汇成真空|301392|0.48|2329477|208783520.00|-6.49|3.08|-8.56|91.34|85.00|93.70|83.12|2.33|90.90|2043550|185797552.00|1|0.0000|0.0000|0.0000|0|90.90
昊帆生物|301393|-19.39|4093764|166416512.00|-7.20|-5.08|-20.00|38.05|43.80|44.80|37.76|4.09|47.20|3473152|164230976.00|1|0.0000|0.0000|0.0000|0|47.20
仁信新材|301395|-19.19|7518550|82812872.00|-5.08|-4.36|-19.90|10.19|11.97|12.06|10.10|7.52|12.61|4611060|58013368.00|1|0.0000|0.0000|0.0000|0|12.61
宏景科技|301396|-13.42|17690332|1456459776.00|-10.02|-5.89|-15.58|80.00|83.14|86.96|78.00|17.69|92.40|16179820|1522310656.00|1|0.0000|0.0000|0.0000|0|92.40
溯联股份|301397|-20.00|3410514|99253936.00|-8.35|-6.84|-20.00|27.60|31.62|32.14|27.60|3.41|34.50|1422000|49255756.00|1|0.0000|0.0000|0.0000|0|34.50
星源卓镁|301398|-17.64|2736740|123746248.00|-13.14|-5.11|-19.48|43.00|45.35|49.54|42.04|2.74|52.21|2101765|112785328.00|1|0.0000|0.0000|0.0000|0|52.21
英特科技|301399|-19.98|2493275|51588964.00|-6.17|-6.17|-19.98|19.58|22.96|22.96|19.58|2.49|24.47|1074137|26346314.00|1|0.0000|0.0000|0.0000|0|24.47
华人健康|301408|-17.48|12806888|138582320.00|-3.72|-3.07|-19.98|10.20|11.90|11.98|9.89|12.81|12.36|12484000|153914944.00|1|0.0000|0.0000|0.0000|0|12.36
安培龙|301413|-20.00|2857920|210096992.00|-9.99|-7.71|-20.00|69.29|77.96|79.93|69.29|2.86|86.61|1751533|154833728.00|1|0.0000|0.0000|0.0000|0|86.61
协昌科技|301418|-18.35|1615058|47907148.00|-7.58|-5.49|-19.17|27.68|31.33|32.04|27.40|1.62|33.90|655000|22110140.00|1|0.0000|0.0000|0.0000|0|33.90
阿莱德|301419|-20.00|2642899|68869952.00|-8.50|-5.88|-20.00|24.48|28.00|28.80|24.48|2.64|30.60|1373800|42273428.00|1|0.0000|0.0000|0.0000|0|30.60
波长光电|301421|-18.93|6660137|314675872.00|-5.96|-2.48|-19.14|43.13|50.03|51.88|43.02|6.66|53.20|5440000|285738496.00|1|0.0000|0.0000|0.0000|0|53.20
世纪恒通|301428|-20.01|5182700|179316864.00|-10.00|-6.45|-20.01|32.38|36.43|37.87|32.38|5.18|40.48|2778500|112842488.00|1|0.0000|0.0000|0.0000|0|40.48
森泰股份|301429|-15.82|2392400|35759244.00|-2.85|-2.85|-17.39|14.47|16.70|16.70|14.20|2.39|17.19|1250191|21491878.00|1|0.0000|0.0000|0.0000|0|17.19
泓淋电力|301439|-20.01|9942859|130294912.00|-7.82|-6.98|-20.01|12.27|14.14|14.27|12.27|9.94|15.34|5063607|78515648.00|1|0.0000|0.0000|0.0000|0|15.34
福事特|301446|-19.45|2642800|49159564.00|-9.07|-6.62|-19.99|17.77|20.06|20.60|17.65|2.64|22.06|1051750|23195756.00|1|0.0000|0.0000|0.0000|0|22.06
开创电气|301448|-19.97|3746270|69515104.00|-6.17|-6.17|-20.02|17.91|21.00|21.00|17.90|3.75|22.38|1404390|31568356.00|1|0.0000|0.0000|0.0000|0|22.38
盘古智能|301456|-19.72|3861615|80715912.00|-4.04|-4.04|-20.01|19.66|23.50|23.50|19.59|3.86|24.49|1382182|34102776.00|1|0.0000|0.0000|0.0000|0|24.49
钧崴电子|301458|-20.00|8156482|245855088.00|-8.08|-5.93|-20.00|28.72|33.00|33.77|28.72|8.16|35.90|3579416|128231416.00|1|0.0000|0.0000|0.0000|0|35.90
丰茂股份|301459|-19.99|2383493|109048080.00|-14.04|-4.77|-20.00|44.24|47.53|52.65|44.23|2.38|55.29|1089600|60533812.00|1|0.0000|0.0000|0.0000|0|55.29
博盈特焊|301468|-14.75|2819509|57283108.00|-6.98|-5.80|-16.14|19.54|21.32|21.59|19.22|2.82|22.92|1511148|34765640.00|1|0.0000|0.0000|0.0000|0|22.92
恒达新材|301469|-17.25|1572000|34723188.00|-2.75|-2.75|-19.40|20.73|24.36|24.36|20.19|1.57|25.05|708107|17710064.00|1|0.0000|0.0000|0.0000|0|25.05
弘景光电|301479|-19.82|3912395|421542016.00|-9.19|-6.92|-20.00|98.89|112.00|114.80|98.66|3.91|123.33|3337812|410538016.00|1|0.0000|0.0000|0.0000|0|123.33
致尚科技|301486|-20.00|6931400|291691968.00|-9.19|-6.39|-20.00|40.04|45.45|46.85|40.04|6.93|50.05|5232650|266799664.00|1|0.0000|0.0000|0.0000|0|50.05
盟固利|301487|-20.02|17072885|299560416.00|-7.19|-5.39|-20.02|16.46|19.10|19.47|16.46|17.07|20.58|8086400|165970352.00|1|0.0000|0.0000|0.0000|0|20.58
豪恩汽电|301488|-20.00|2326510|128077600.00|-8.60|-3.97|-20.00|51.64|59.00|61.99|51.64|2.33|64.55|1062764|69444048.00|1|0.0000|0.0000|0.0000|0|64.55
思泉新材|301489|-20.01|3839300|215762208.00|-8.26|-6.13|-20.01|53.10|60.90|62.31|53.10|3.84|66.38|3262551|219362928.00|1|0.0000|0.0000|0.0000|0|66.38
乖宝宠物|301498|-5.48|3052816|264382352.00|-7.59|-2.14|-11.98|87.00|85.05|90.07|81.01|3.05|92.04|1712431|154251376.00|1|0.0000|0.0000|0.0000|0|92.04
维科精密|301499|-19.98|3226347|69255256.00|-5.31|-5.31|-19.98|20.18|23.88|23.88|20.18|3.23|25.22|2272200|57753368.00|1|0.0000|0.0000|0.0000|0|25.22
飞南资源|301500|-17.75|6715922|119432728.00|-8.39|-7.02|-19.89|16.87|18.79|19.07|16.43|6.72|20.51|3284058|67532928.00|1|0.0000|0.0000|0.0000|0|20.51
恒鑫生活|301501|-19.86|6521859|313999520.00|-9.22|-5.88|-20.00|44.32|50.20|52.05|44.24|6.52|55.30|6993217|381653024.00|1|0.0000|0.0000|0.0000|0|55.30
华阳智能|301502|-19.99|2142500|72103440.00|-5.82|-5.80|-19.99|31.61|37.21|37.22|31.61|2.14|39.51|809715|32031214.00|1|0.0000|0.0000|0.0000|0|39.51
智迪科技|301503|-19.99|1726400|58135100.00|-9.46|-8.23|-19.99|31.90|36.10|36.59|31.90|1.73|39.87|1024305|40764752.00|1|0.0000|0.0000|0.0000|0|39.87
苏州规划|301505|-18.65|2996768|59774320.00|-3.68|-3.68|-19.88|18.58|22.00|22.00|18.30|3.00|22.84|1246000|28301274.00|1|0.0000|0.0000|0.0000|0|22.84
民生健康|301507|-17.94|9963417|116965608.00|-7.37|-3.95|-19.81|11.02|12.44|12.90|10.77|9.96|13.43|3648280|48919424.00|1|0.0000|0.0000|0.0000|0|13.43
中机认检|301508|-17.93|5122155|146617872.00|-4.48|-3.39|-19.70|26.91|31.32|31.68|26.33|5.12|32.79|1083950|35548544.00|1|0.0000|0.0000|0.0000|0|32.79
金凯生科|301509|-20.01|5443470|132243792.00|-5.54|-2.05|-20.01|22.23|26.25|27.22|22.23|5.44|27.79|3887908|109418392.00|1|0.0000|0.0000|0.0000|0|27.79
固高科技|301510|-19.99|11134490|331918848.00|-6.83|-5.28|-19.99|28.34|33.00|33.55|28.34|11.13|35.42|4489800|160750960.00|1|0.0000|0.0000|0.0000|0|35.42
德福科技|301511|-17.27|18476950|224539200.00|-3.83|-3.54|-19.87|11.45|13.31|13.35|11.09|18.48|13.84|5219985|72583528.00|1|0.0000|0.0000|0.0000|0|13.84
智信精密|301512|-20.01|1591094|54318944.00|-9.26|-6.17|-20.01|32.14|36.46|37.70|32.14|1.59|40.18|681100|27248508.00|1|0.0000|0.0000|0.0000|0|40.18
港通医疗|301515|-13.88|2748732|48154052.00|-4.08|-2.24|-17.76|16.88|18.80|19.16|16.12|2.75|19.60|1542700|30288132.00|1|0.0000|0.0000|0.0000|0|19.60
中远通|301516|-19.91|6598027|90649040.00|-9.68|-5.71|-19.98|12.91|14.56|15.20|12.90|6.60|16.12|1907576|30925434.00|1|0.0000|0.0000|0.0000|0|16.12
陕西华达|301517|-19.94|5215785|232253040.00|-5.21|-5.15|-20.00|41.64|49.30|49.33|41.61|5.22|52.01|2803750|146997744.00|1|0.0000|0.0000|0.0000|0|52.01
长华化学|301518|2.31|15365046|285615328.00|-5.27|4.41|-6.51|19.01|17.60|19.40|17.37|15.37|18.58|9874720|180470048.00|1|0.0000|0.0000|0.0000|0|18.58
舜禹股份|301519|-18.02|4716100|54836180.00|-5.03|-3.90|-19.97|10.92|12.65|12.80|10.66|4.72|13.32|2135700|28404592.00|1|0.0000|0.0000|0.0000|0|13.32
万邦医药|301520|-16.19|2421698|90890976.00|-6.91|-2.85|-18.74|35.56|39.50|41.22|34.48|2.42|42.43|1353100|57769416.00|1|0.0000|0.0000|0.0000|0|42.43
上大股份|301522|-19.05|7155863|234123728.00|-4.09|-4.09|-19.85|30.30|35.90|35.90|30.00|7.16|37.43|3191800|119733416.00|1|0.0000|0.0000|0.0000|0|37.43
儒竞科技|301525|-19.29|2259400|150087264.00|-10.24|-5.71|-20.01|62.05|69.01|72.49|61.50|2.26|76.88|2773200|216569856.00|1|0.0000|0.0000|0.0000|0|76.88
国际复材|301526|-12.92|52973593|170895552.00|-3.09|-3.09|-16.57|3.10|3.45|3.45|2.97|52.97|3.56|41726813|148987376.00|1|0.0000|0.0000|0.0000|0|3.56
多浦乐|301528|-17.65|1516055|59400220.00|-5.36|-5.36|-18.72|36.87|42.37|42.37|36.39|1.52|44.77|978884|43494356.00|1|0.0000|0.0000|0.0000|0|44.77
福赛科技|301529|-20.01|2176041|54580904.00|-3.19|-3.19|-20.01|23.58|28.54|28.54|23.58|2.18|29.48|801900|23578048.00|1|0.0000|0.0000|0.0000|0|29.48
威马农机|301533|-20.01|4826700|132879984.00|-4.75|-3.54|-20.01|25.78|30.70|31.09|25.78|4.83|32.23|2560979|82295712.00|1|0.0000|0.0000|0.0000|0|32.23
浙江华远|301535|-20.00|22286027|444153536.00|-8.15|-7.01|-20.00|18.84|21.63|21.90|18.84|22.29|23.55|32084866|742098752.00|1|0.0000|0.0000|0.0000|0|23.55
星宸科技|301536|-17.28|5596793|281303488.00|-8.63|-5.24|-20.01|48.00|53.02|54.99|46.42|5.60|58.03|3018481|176703056.00|1|0.0000|0.0000|0.0000|0|58.03
骏鼎达|301538|-17.88|1333474|81272872.00|-9.38|-7.12|-19.81|57.86|63.85|65.44|56.50|1.33|70.46|1243265|88651976.00|1|0.0000|0.0000|0.0000|0|70.46
宏鑫科技|301539|-19.40|5555052|92968912.00|-9.32|-6.95|-20.00|16.00|18.00|18.47|15.88|5.56|19.85|5890171|120097224.00|1|0.0000|0.0000|0.0000|0|19.85
崇德科技|301548|-20.00|2389075|97999832.00|-10.16|-6.54|-20.00|38.52|43.26|45.00|38.52|2.39|48.15|1573857|76937880.00|1|0.0000|0.0000|0.0000|0|48.15
斯菱智驱|301550|-20.00|3040619|264515856.00|-11.65|-6.91|-20.00|82.40|91.00|95.88|82.40|3.04|103.00|2440400|255810816.00|1|0.0000|0.0000|0.0000|0|103.00
无线传媒|301551|-19.60|3371518|144896464.00|-4.54|-4.54|-20.00|40.40|47.97|47.97|40.20|3.37|50.25|1226857|61529316.00|1|0.0000|0.0000|0.0000|0|50.25
科力装备|301552|-20.01|1964141|88077384.00|-9.82|-7.75|-20.01|42.62|48.05|49.15|42.62|1.96|53.28|727058|39041516.00|1|0.0000|0.0000|0.0000|0|53.28
惠柏新材|301555|-18.53|2547521|54406580.00|-4.88|-2.36|-19.77|19.70|23.00|23.61|19.40|2.55|24.18|820417|19915204.00|1|0.0000|0.0000|0.0000|0|24.18
托普云农|301556|-2.49|3965937|356423456.00|-3.88|7.69|-5.15|87.24|86.00|96.35|84.86|3.97|89.47|1702260|151786240.00|1|0.0000|0.0000|0.0000|0|89.47
常友科技|301557|-15.71|1999547|142386160.00|-6.38|-3.78|-19.45|68.02|75.55|77.65|65.00|2.00|80.70|1172700|94291320.00|1|0.0000|0.0000|0.0000|0|80.70
三态股份|301558|-19.93|17126463|119435928.00|-6.52|-4.67|-20.05|6.51|7.60|7.75|6.50|17.13|8.13|4431600|36083868.00|1|0.0000|0.0000|0.0000|0|8.13
中集环科|301559|-12.07|8280727|126375112.00|-3.90|-2.82|-15.26|14.64|16.00|16.18|14.11|8.28|16.65|3294220|54678852.00|1|0.0000|0.0000|0.0000|0|16.65
中仑新材|301565|-20.00|8919318|177947760.00|-8.67|-5.79|-20.00|18.64|21.28|21.95|18.64|8.92|23.30|7656914|178940144.00|1|0.0000|0.0000|0.0000|0|23.30
达利凯普|301566|-20.02|15750732|216429280.00|-6.43|-6.43|-20.02|12.82|15.00|15.00|12.82|15.75|16.03|6631600|107036056.00|1|0.0000|0.0000|0.0000|0|16.03
贝隆精密|301567|-20.01|1488991|51886048.00|-7.25|-5.93|-20.01|32.78|38.01|38.55|32.78|1.49|40.98|473300|19394892.00|1|0.0000|0.0000|0.0000|0|40.98
思泰克|301568|-20.01|4191423|131440240.00|-12.67|-8.12|-20.01|29.86|32.60|34.30|29.86|4.19|37.33|1624433|61110104.00|1|0.0000|0.0000|0.0000|0|37.33
国科天成|301571|-18.08|2762392|100670272.00|-3.53|-3.53|-20.01|34.31|40.40|40.40|33.50|2.76|41.88|795989|33392990.00|1|0.0000|0.0000|0.0000|0|41.88
美信科技|301577|-20.00|1176290|54841028.00|-9.11|-6.04|-20.00|44.01|50.00|51.69|44.01|1.18|55.01|583300|32123888.00|1|0.0000|0.0000|0.0000|0|55.01
辰奕智能|301578|-20.01|1283190|51362576.00|-8.28|-3.99|-20.01|37.86|43.41|45.44|37.86|1.28|47.33|543683|25857816.00|1|0.0000|0.0000|0.0000|0|47.33
爱迪特|301580|-19.71|2382234|114894200.00|-6.13|-4.13|-20.00|44.92|52.52|53.64|44.76|2.38|55.95|728691|40890276.00|1|0.0000|0.0000|0.0000|0|55.95
黄山谷捷|301581|-20.00|2908038|137993744.00|-6.31|-6.22|-20.00|44.36|51.95|52.00|44.36|2.91|55.45|1537000|85051720.00|1|0.0000|0.0000|0.0000|0|55.45
蓝宇股份|301585|-18.47|2711964|118140264.00|-9.78|-4.04|-19.82|41.18|45.57|48.47|40.50|2.71|50.51|1032642|52297896.00|1|0.0000|0.0000|0.0000|0|50.51
佳力奇|301586|-19.48|2027436|89410000.00|-4.72|-4.35|-19.99|41.24|48.80|48.99|40.98|2.03|51.22|587390|30246274.00|1|0.0000|0.0000|0.0000|0|51.22
中瑞股份|301587|-19.79|2788552|56013888.00|-4.79|-1.75|-20.00|18.77|22.28|22.99|18.72|2.79|23.40|711806|16622431.00|1|0.0000|0.0000|0.0000|0|23.40
美新科技|301588|-20.01|2535973|40842096.00|-4.35|-4.35|-20.01|14.91|17.83|17.83|14.91|2.54|18.64|865600|16200620.00|1|0.0000|0.0000|0.0000|0|18.64
诺瓦星云|301589|-17.21|992618|142185648.00|-5.06|-4.44|-18.09|133.41|153.00|153.99|132.00|0.99|161.15|329361|53313908.00|1|0.0000|0.0000|0.0000|0|161.15
肯特股份|301591|-20.01|3348618|107256616.00|-7.67|-5.66|-20.01|29.95|34.57|35.32|29.95|3.35|37.44|1547000|58239856.00|1|0.0000|0.0000|0.0000|0|37.44
六九一二|301592|-15.67|1670324|207736976.00|-5.44|-0.78|-20.00|115.96|130.03|136.44|110.01|1.67|137.51|987000|135320368.00|1|0.0000|0.0000|0.0000|0|137.51
瑞迪智驱|301596|-20.00|1752700|189800352.00|-11.78|-5.56|-20.00|100.80|111.16|119.00|100.80|1.75|126.00|1313439|169307712.00|1|0.0000|0.0000|0.0000|0|126.00
博科测试|301598|-19.99|1989254|112675096.00|-5.73|-5.15|-19.99|52.62|62.00|62.38|52.62|1.99|65.77|924300|60651264.00|1|0.0000|0.0000|0.0000|0|65.77
慧翰股份|301600|-20.00|2606050|361611968.00|-10.08|-8.01|-20.00|131.67|148.00|151.40|131.67|2.61|164.59|1837100|307954080.00|1|0.0000|0.0000|0.0000|0|164.59
惠通科技|301601|-7.97|8839201|313768384.00|-8.13|-0.03|-13.43|35.08|35.02|38.11|33.00|8.84|38.12|8694587|330015744.00|1|0.0000|0.0000|0.0000|0|38.12
超研股份|301602|-19.96|10573252|245519072.00|-7.51|-5.41|-20.00|21.73|25.11|25.68|21.72|10.57|27.15|9404744|253571296.00|1|0.0000|0.0000|0.0000|0|27.15
乔锋智能|301603|-20.00|3880124|161606848.00|-8.54|-5.59|-20.00|39.36|45.00|46.45|39.36|3.88|49.20|1490042|73742648.00|1|0.0000|0.0000|0.0000|0|49.20
绿联科技|301606|-20.00|3249396|108160376.00|-10.51|-7.63|-20.00|31.44|35.17|36.30|31.44|3.25|39.30|1566767|62434908.00|1|0.0000|0.0000|0.0000|0|39.30
富特科技|301607|-19.99|3287185|129750232.00|-7.35|-4.05|-19.99|36.34|42.08|43.58|36.34|3.29|45.42|2594308|118043608.00|1|0.0000|0.0000|0.0000|0|45.42
博实结|301608|-20.01|2609999|174811904.00|-7.92|-5.69|-20.01|63.42|73.00|74.77|63.42|2.61|79.28|1799729|144191872.00|1|0.0000|0.0000|0.0000|0|79.28
珂玛科技|301611|-17.27|5520693|275842560.00|-8.30|-4.65|-20.01|47.72|52.89|55.00|46.14|5.52|57.68|1725308|99296744.00|1|0.0000|0.0000|0.0000|0|57.68
新铝时代|301613|-14.04|5787361|369133120.00|-14.38|-7.60|-19.82|63.25|63.00|67.99|59.00|5.79|73.58|6086174|454247008.00|1|0.0000|0.0000|0.0000|0|73.58
浙江华业|301616|-20.00|9408160|485670528.00|-11.06|-5.73|-20.00|47.44|52.74|55.90|47.44|9.41|59.30|12829885|741611456.00|1|0.0000|0.0000|0.0000|0|59.30
博苑股份|301617|-15.95|2545865|115561656.00|-4.44|-4.44|-17.61|43.00|48.89|48.89|42.15|2.55|51.16|1260500|64072328.00|1|0.0000|0.0000|0.0000|0|51.16
长联科技|301618|-20.00|1277200|87527248.00|-5.31|-5.31|-20.00|64.21|76.00|76.00|64.21|1.28|80.26|456000|36399684.00|1|0.0000|0.0000|0.0000|0|80.26
英思特|301622|-14.95|4732462|316816416.00|-5.34|-0.14|-19.18|62.09|69.10|72.90|59.00|4.73|73.00|3834569|277125664.00|1|0.0000|0.0000|0.0000|0|73.00
苏州天脉|301626|-20.00|1422333|102220800.00|-8.09|-6.63|-20.00|67.90|78.00|79.24|67.90|1.42|84.87|537314|45603568.00|1|0.0000|0.0000|0.0000|0|84.87
强达电路|301628|-20.00|2279478|168173856.00|-7.38|-7.38|-20.00|69.36|80.30|80.30|69.36|2.28|86.70|1024400|89910064.00|1|0.0000|0.0000|0.0000|0|86.70
矽电股份|301629|0.14|5120773|925876672.00|-3.58|4.25|-5.23|181.75|175.00|189.22|172.00|5.12|181.50|4255469|771097536.00|1|0.0000|0.0000|0.0000|0|181.50
壹连科技|301631|-19.75|1495504|155470144.00|-6.38|-5.63|-20.00|96.86|113.00|113.90|96.56|1.50|120.70|523255|63181600.00|1|0.0000|0.0000|0.0000|0|120.70
港迪技术|301633|-19.41|1235300|90346344.00|-6.70|-5.76|-19.98|67.39|78.02|78.80|66.91|1.24|83.62|474610|39723500.00|1|0.0000|0.0000|0.0000|0|83.62
首航新能|301658|0.91|25496321|1153235072.00|-3.60|15.80|-4.62|43.44|41.50|49.85|41.06|25.50|43.05|27958472|1206635008.00|1|0.0000|0.0000|0.0000|0|43.05
中航成飞|302132|-13.68|14423402|781893760.00|-4.23|-1.83|-15.32|51.38|57.00|58.43|50.40|14.42|59.52|3462775|206805264.00|1|0.0000|0.0000|0.0000|0|59.52
浦发银行|600000|-7.92|142399646|1395103360.00|-2.00|-1.91|-9.73|9.65|10.27|10.28|9.46|142.40|10.48|36919313|384886880.00|1|0.0000|0.0000|0.0000|0|10.48
白云机场|600004|-7.14|45689786|395611712.00|-2.20|-1.21|-8.35|8.45|8.90|8.99|8.34|45.69|9.10|14997309|136423776.00|1|0.0000|0.0000|0.0000|0|9.10
东风股份|600006|-9.97|48830822|334201760.00|-6.38|-6.25|-9.97|6.77|7.04|7.05|6.77|48.83|7.52|56331105|427906656.00|1|0.0000|0.0000|0.0000|0|7.52
中国国贸|600007|-7.43|4252138|92290144.00|-2.78|-1.91|-9.30|21.30|22.37|22.57|20.87|4.25|23.01|2531671|57840708.00|1|0.0000|0.0000|0.0000|0|23.01
首创环保|600008|-7.52|208730317|631274944.00|-1.88|-1.57|-9.09|2.95|3.13|3.14|2.90|208.73|3.19|115540286|367229632.00|1|0.0000|0.0000|0.0000|0|3.19
上海机场|600009|-5.31|24883305|760422400.00|-3.34|-2.16|-8.34|30.66|31.30|31.68|29.68|24.88|32.38|6672767|216314336.00|1|0.0000|0.0000|0.0000|0|32.38
包钢股份|600010|-8.33|792821766|1333607808.00|-1.11|-0.56|-10.00|1.65|1.78|1.79|1.62|792.82|1.80|193430729|348004320.00|1|0.0000|0.0000|0.0000|0|1.80
华能国际|600011|-4.37|126038128|857364736.00|-2.54|-1.69|-7.75|6.79|6.92|6.98|6.55|126.04|7.10|57476422|406598496.00|1|0.0000|0.0000|0.0000|0|7.10
皖通高速|600012|-4.92|7667943|130527016.00|-1.32|2.63|-7.26|16.63|17.26|17.95|16.22|7.67|17.49|3644272|63161708.00|1|0.0000|0.0000|0.0000|0|17.49
华夏银行|600015|-6.56|112950376|844816640.00|-3.53|-2.27|-8.83|7.41|7.65|7.75|7.23|112.95|7.93|29946645|236774880.00|1|0.0000|0.0000|0.0000|0|7.93
民生银行|600016|-4.76|414485320|1580808576.00|-2.76|-2.26|-7.02|3.80|3.88|3.90|3.71|414.49|3.99|130665716|521380288.00|1|0.0000|0.0000|0.0000|0|3.99
日照港|600017|-9.94|93158284|278706272.00|-4.04|-3.11|-9.94|2.90|3.09|3.12|2.90|93.16|3.22|128665609|409309184.00|1|0.0000|0.0000|0.0000|0|3.22
上港集团|600018|-5.38|79598744|435822528.00|-3.12|-1.91|-7.99|5.45|5.58|5.65|5.30|79.60|5.76|45269535|258835568.00|1|0.0000|0.0000|0.0000|0|5.76
宝钢股份|600019|-7.85|158354652|1076440064.00|-2.20|-2.07|-10.06|6.69|7.10|7.11|6.53|158.35|7.26|34460170|250025136.00|1|0.0000|0.0000|0.0000|0|7.26
中原高速|600020|-8.22|46140060|193743744.00|-3.56|-0.89|-10.00|4.13|4.34|4.46|4.05|46.14|4.50|13471147|60725724.00|1|0.0000|0.0000|0.0000|0|4.50
上海电力|600021|-9.51|92043682|793683072.00|-2.70|-2.70|-9.95|8.37|9.00|9.00|8.33|92.04|9.25|36733827|338289504.00|1|0.0000|0.0000|0.0000|0|9.25
山东钢铁|600022|-9.56|124300082|157901200.00|-2.94|-2.21|-10.29|1.23|1.32|1.33|1.22|124.30|1.36|37842023|51073236.00|1|0.0000|0.0000|0.0000|0|1.36
浙能电力|600023|-4.15|123544986|684609024.00|-3.28|-1.73|-7.43|5.55|5.60|5.69|5.36|123.54|5.79|70187118|406142112.00|1|0.0000|0.0000|0.0000|0|5.79
华能水电|600025|-3.10|90727058|828107456.00|-1.82|0.53|-5.77|9.07|9.19|9.41|8.82|90.73|9.36|47700358|444064800.00|1|0.0000|0.0000|0.0000|0|9.36
中远海能|600026|-10.01|35480000|354262912.00|-8.10|-6.10|-10.01|9.89|10.10|10.32|9.89|35.48|10.99|29941822|329889440.00|1|0.0000|0.0000|0.0000|0|10.99
华电国际|600027|-5.70|161924556|855493056.00|-5.35|-3.03|-9.27|5.29|5.31|5.44|5.09|161.92|5.61|101480171|567500032.00|1|0.0000|0.0000|0.0000|0|5.61
中国石化|600028|-6.92|388042554|2097409536.00|-2.60|-2.60|-9.17|5.38|5.63|5.63|5.25|388.04|5.78|111757087|643880640.00|1|0.0000|0.0000|0.0000|0|5.78
南方航空|600029|-6.22|116187960|640484032.00|-2.59|-2.42|-7.60|5.43|5.64|5.65|5.35|116.19|5.79|60754655|348588448.00|1|0.0000|0.0000|0.0000|0|5.79
中信证券|600030|-9.15|227729985|5537982464.00|-5.45|-4.80|-9.98|24.02|25.00|25.17|23.80|227.73|26.44|55867758|1479533312.00|1|0.0000|0.0000|0.0000|0|26.44
三一重工|600031|-5.76|121163753|2174458624.00|-4.97|-3.40|-8.43|18.00|18.15|18.45|17.49|121.16|19.10|41131369|786068096.00|1|0.0000|0.0000|0.0000|0|19.10
浙江新能|600032|5.06|105578446|928102272.00|-4.24|9.41|-5.41|8.93|8.14|9.30|8.04|105.58|8.50|58330274|481275264.00|1|0.0000|0.0000|0.0000|0|8.50
福建高速|600033|-7.23|47422352|180194192.00|-2.49|-1.25|-9.23|3.72|3.91|3.96|3.64|47.42|4.01|20223806|81034384.00|1|0.0000|0.0000|0.0000|0|4.01
楚天高速|600035|-7.78|32013871|135742032.00|-2.44|-1.78|-9.56|4.15|4.39|4.42|4.07|32.01|4.50|18558692|83116016.00|1|0.0000|0.0000|0.0000|0|4.50
招商银行|600036|-4.27|181563292|7360169472.00|-4.01|-1.52|-7.64|40.83|40.94|42.00|39.39|181.56|42.65|46416550|1977833088.00|1|0.0000|0.0000|0.0000|0|42.65
歌华有线|600037|-10.01|25660401|174967840.00|-3.92|-3.25|-10.01|6.65|7.10|7.15|6.65|25.66|7.39|10705117|78947488.00|1|0.0000|0.0000|0.0000|0|7.39
中直股份|600038|-8.73|13972149|485583488.00|-3.64|-1.97|-10.00|33.86|35.75|36.37|33.39|13.97|37.10|5203200|192598560.00|1|0.0000|0.0000|0.0000|0|37.10
四川路桥|600039|-2.11|71124178|596094656.00|-2.70|1.52|-5.98|8.35|8.30|8.66|8.02|71.12|8.53|49792396|425268576.00|1|0.0000|0.0000|0.0000|0|8.53
保利发展|600048|-5.48|193665728|1539066240.00|-2.98|-2.26|-8.22|7.93|8.14|8.20|7.70|193.67|8.39|138055075|1165729792.00|1|0.0000|0.0000|0.0000|0|8.39
中国联通|600050|-6.98|654881597|3412855552.00|-3.76|-3.40|-10.02|5.20|5.38|5.40|5.03|654.88|5.59|271696716|1520933248.00|1|0.0000|0.0000|0.0000|0|5.59
宁波联合|600051|-10.00|5145700|31889872.00|-4.41|-4.41|-10.00|6.12|6.50|6.50|6.12|5.15|6.80|3511400|23769996.00|1|0.0000|0.0000|0.0000|0|6.80
东望时代|600052|-10.05|7901762|31581128.00|-3.88|-2.05|-10.05|3.94|4.21|4.29|3.94|7.90|4.38|4340901|18930858.00|1|0.0000|0.0000|0.0000|0|4.38
九鼎投资|600053|-10.01|5477200|66891464.00|-8.45|-4.19|-10.01|12.04|12.25|12.82|12.04|5.48|13.38|3979201|53073264.00|1|0.0000|0.0000|0.0000|0|13.38
黄山旅游|600054|-7.77|18126361|208831152.00|-3.76|-2.21|-9.90|11.27|11.76|11.95|11.01|18.13|12.22|13154189|161143872.00|1|0.0000|0.0000|0.0000|0|12.22
万东医疗|600055|-10.01|14217846|228528768.00|-3.03|-2.56|-10.01|15.47|16.67|16.75|15.47|14.22|17.19|4974300|85663792.00|1|0.0000|0.0000|0.0000|0|17.19
中国医药|600056|-9.96|30895938|304045536.00|-3.10|-2.91|-9.96|9.58|10.31|10.33|9.58|30.90|10.64|7375125|78549720.00|1|0.0000|0.0000|0.0000|0|10.64
厦门象屿|600057|-6.52|32311360|181739600.00|-3.18|-2.68|-8.19|5.59|5.79|5.82|5.49|32.31|5.98|9239453|55002856.00|1|0.0000|0.0000|0.0000|0|5.98
五矿发展|600058|-10.01|11777690|80068496.00|-3.38|-3.38|-10.01|6.65|7.14|7.14|6.65|11.78|7.39|4717985|34730520.00|1|0.0000|0.0000|0.0000|0|7.39
古越龙山|600059|-6.35|37015163|316713408.00|-2.49|1.25|-8.28|8.26|8.60|8.93|8.09|37.02|8.82|31708787|281043968.00|1|0.0000|0.0000|0.0000|0|8.82
海信视像|600060|-5.28|24420055|567539776.00|-9.82|-2.03|-9.98|23.34|22.22|24.14|22.18|24.42|24.64|19390115|477439648.00|1|0.0000|0.0000|0.0000|0|24.64
国投资本|600061|-9.83|57503230|376917760.00|-4.35|-3.79|-9.97|6.42|6.81|6.85|6.41|57.50|7.12|23796766|169481024.00|1|0.0000|0.0000|0.0000|0|7.12
华润双鹤|600062|-9.96|27487422|500388512.00|-3.98|-3.01|-10.01|17.63|18.80|18.99|17.62|27.49|19.58|15587992|303915136.00|1|0.0000|0.0000|0.0000|0|19.58
皖维高新|600063|-9.76|67638086|290020256.00|-6.07|-3.69|-9.98|4.16|4.33|4.44|4.15|67.64|4.61|33839700|156521088.00|1|0.0000|0.0000|0.0000|0|4.61
南京高科|600064|-9.65|35972768|246311968.00|-2.58|-2.58|-10.05|6.65|7.17|7.17|6.62|35.97|7.36|11674412|85899704.00|1|0.0000|0.0000|0.0000|0|7.36
宇通客车|600066|-6.33|33168929|826704448.00|-2.08|-0.95|-9.62|24.73|25.85|26.15|23.86|33.17|26.40|22423334|595899712.00|1|0.0000|0.0000|0.0000|0|26.40
冠城新材|600067|-10.00|17277200|38048444.00|-4.58|-4.58|-10.00|2.16|2.29|2.29|2.16|17.28|2.40|11655301|27902822.00|1|0.0000|0.0000|0.0000|0|2.40
凤凰光学|600071|-10.01|3828300|70314592.00|-4.36|-4.36|-10.01|18.15|19.29|19.29|18.15|3.83|20.17|2760700|55642284.00|1|0.0000|0.0000|0.0000|0|20.17
中船科技|600072|-9.96|30775589|353531648.00|-4.58|-3.37|-9.96|11.21|11.88|12.03|11.21|30.78|12.45|13250664|165471152.00|1|0.0000|0.0000|0.0000|0|12.45
光明肉业|600073|-4.59|60567426|470191040.00|-0.89|4.33|-6.75|7.49|7.78|8.19|7.32|60.57|7.85|36711319|284627936.00|1|0.0000|0.0000|0.0000|0|7.85
新疆天业|600075|-10.02|21108648|85779560.00|-3.19|-2.96|-10.02|3.95|4.25|4.26|3.95|21.11|4.39|8778399|38356056.00|1|0.0000|0.0000|0.0000|0|4.39
康欣新材|600076|-9.91|20998800|40589520.00|-5.66|-5.19|-9.91|1.91|2.00|2.01|1.91|21.00|2.12|12227100|25856504.00|1|0.0000|0.0000|0.0000|0|2.12
澄星股份|600078|-10.04|10722700|53231704.00|-8.76|-6.57|-10.04|4.93|5.00|5.12|4.93|10.72|5.48|12877300|71113288.00|1|0.0000|0.0000|0.0000|0|5.48
ST人福|600079|-7.90|29745936|608658112.00|-5.55|-1.85|-9.89|19.93|20.44|21.24|19.50|29.75|21.64|16763101|363011520.00|1|0.0000|0.0000|0.0000|0|21.64
金花股份|600080|-9.97|10082224|72980248.00|-4.15|-1.94|-9.97|6.95|7.40|7.57|6.95|10.08|7.72|3580200|27550244.00|1|0.0000|0.0000|0.0000|0|7.72
东风科技|600081|-10.00|5598930|71212808.00|-7.50|-6.43|-10.00|12.60|12.95|13.10|12.60|5.60|14.00|40512531|578435776.00|1|0.0000|0.0000|0.0000|0|14.00
海泰发展|600082|-9.83|10125700|27390792.00|-3.39|-3.39|-9.83|2.66|2.85|2.85|2.66|10.13|2.95|7590100|22181302.00|1|0.0000|0.0000|0.0000|0|2.95
中信尼雅|600084|-10.05|7113700|36440760.00|-3.59|-3.41|-10.05|5.01|5.37|5.38|5.01|7.11|5.57|3016038|16735525.00|1|0.0000|0.0000|0.0000|0|5.57
同仁堂|600085|-5.67|22582941|782407424.00|-4.99|-2.96|-9.71|34.79|35.04|35.79|33.30|22.58|36.88|7697433|283312704.00|1|0.0000|0.0000|0.0000|0|36.88
中视传媒|600088|-10.01|5599501|88224552.00|-4.54|-4.54|-10.01|15.46|16.40|16.40|15.46|5.60|17.18|4914840|84108080.00|1|0.0000|0.0000|0.0000|0|17.18
特变电工|600089|-7.71|98909276|1105150720.00|-5.47|-3.40|-10.03|11.13|11.40|11.65|10.85|98.91|12.06|25528150|307266560.00|1|0.0000|0.0000|0.0000|0|12.06
大名城|600094|-10.00|30562979|90480360.00|-3.13|-2.81|-10.00|2.88|3.10|3.11|2.88|30.56|3.20|22527306|72703368.00|1|0.0000|0.0000|0.0000|0|3.20
湘财股份|600095|7.87|310162833|2661121792.00|-6.08|10.01|-6.08|9.05|7.88|9.23|7.88|310.16|8.39|233734192|1998363136.00|1|0.0000|0.0000|0.0000|0|8.39
云天化|600096|-6.48|49107228|1053423424.00|-3.48|-3.13|-8.33|21.22|21.90|21.98|20.80|49.11|22.69|19339104|439213216.00|1|0.0000|0.0000|0.0000|0|22.69
开创国际|600097|-9.97|12172900|109594768.00|-4.83|-3.29|-9.97|8.76|9.26|9.41|8.76|12.17|9.73|7751100|75058448.00|1|0.0000|0.0000|0.0000|0|9.73
广州发展|600098|-7.37|38593641|236241088.00|-2.76|-2.30|-9.68|6.03|6.33|6.36|5.88|38.59|6.51|13967007|90704592.00|1|0.0000|0.0000|0.0000|0|6.51
林海股份|600099|-9.99|4396300|39110700.00|-7.95|-4.99|-9.99|8.83|9.03|9.32|8.83|4.40|9.81|5062800|49549556.00|1|0.0000|0.0000|0.0000|0|9.81
同方股份|600100|-10.01|59562602|415914272.00|-8.97|-6.50|-10.01|6.92|7.00|7.19|6.92|59.56|7.69|31880750|245701616.00|1|0.0000|0.0000|0.0000|0|7.69
明星电力|600101|-2.94|143954633|1725405952.00|-6.04|4.98|-9.39|11.89|11.51|12.86|11.10|143.95|12.25|132332299|1615507200.00|1|0.0000|0.0000|0.0000|0|12.25
青山纸业|600103|-9.87|58240390|120093112.00|-3.14|-3.14|-9.87|2.01|2.16|2.16|2.01|58.24|2.23|26880143|59747760.00|1|0.0000|0.0000|0.0000|0|2.23
上汽集团|600104|-10.02|90024367|1273515648.00|-5.62|-4.65|-10.02|13.92|14.60|14.75|13.92|90.02|15.47|32234912|500002400.00|1|0.0000|0.0000|0.0000|0|15.47
永鼎股份|600105|-9.92|35559800|200845424.00|-9.76|-8.00|-9.92|5.63|5.64|5.75|5.63|35.56|6.25|160742262|1026473344.00|1|0.0000|0.0000|0.0000|0|6.25
重庆路桥|600106|-10.02|25979441|130244472.00|-5.10|-4.19|-10.02|4.94|5.21|5.26|4.94|25.98|5.49|23389445|128413056.00|1|0.0000|0.0000|0.0000|0|5.49
ST尔雅|600107|-9.90|7638900|36701464.00|-4.76|-4.76|-9.90|4.73|5.00|5.00|4.73|7.64|5.25|9911300|51621800.00|1|0.0000|0.0000|0.0000|0|5.25
亚盛集团|600108|3.51|181817583|538293952.00|1.05|7.72|0.00|2.95|2.88|3.07|2.85|181.82|2.85|42245550|119467064.00|1|0.0000|0.0000|0.0000|0|2.85
国金证券|600109|-10.02|61962111|484381376.00|-5.19|-3.07|-10.02|7.63|8.04|8.22|7.63|61.96|8.48|15067034|127962208.00|1|0.0000|0.0000|0.0000|0|8.48
诺德股份|600110|-9.89|25746438|87703096.00|-5.61|-5.35|-9.89|3.37|3.53|3.54|3.37|25.75|3.74|13707799|51388880.00|1|0.0000|0.0000|0.0000|0|3.74
北方稀土|600111|-0.52|172711378|4035518720.00|0.26|9.22|-7.38|22.77|22.95|25.00|21.20|172.71|22.89|31069460|711855232.00|1|0.0000|0.0000|0.0000|0|22.89
浙江东日|600113|-10.02|10201750|135415216.00|-5.79|-2.40|-10.02|12.75|13.35|13.83|12.75|10.20|14.17|5079900|71705488.00|1|0.0000|0.0000|0.0000|0|14.17
东睦股份|600114|-9.98|21869652|398505312.00|-9.98|-7.00|-9.98|18.14|18.14|18.74|18.14|21.87|20.15|23781563|481371936.00|1|0.0000|0.0000|0.0000|0|20.15
中国东航|600115|-5.57|145278528|521310176.00|-1.86|-1.86|-7.96|3.56|3.70|3.70|3.47|145.28|3.77|87879847|328367648.00|1|0.0000|0.0000|0.0000|0|3.77
三峡水利|600116|-7.24|30566620|200632528.00|-1.59|-1.59|-9.41|6.41|6.80|6.80|6.26|30.57|6.91|13075357|90088152.00|1|0.0000|0.0000|0.0000|0|6.91
西宁特钢|600117|-10.18|30587900|63382088.00|-4.42|-4.42|-10.18|2.03|2.16|2.16|2.03|30.59|2.26|21877900|49115988.00|1|0.0000|0.0000|0.0000|0|2.26
中国卫星|600118|-9.99|20051121|490669824.00|-3.47|-2.71|-9.99|23.87|25.60|25.80|23.87|20.05|26.52|7133453|189075968.00|1|0.0000|0.0000|0.0000|0|26.52
长江投资|600119|-9.96|7647400|52133328.00|-4.44|-4.44|-9.96|6.69|7.10|7.10|6.69|7.65|7.43|5503000|40023456.00|1|0.0000|0.0000|0.0000|0|7.43
浙江东方|600120|-10.05|56283305|320089920.00|-8.77|-6.22|-10.05|5.64|5.72|5.88|5.64|56.28|6.27|48225810|303650816.00|1|0.0000|0.0000|0.0000|0|6.27
郑州煤电|600121|-9.90|31928574|117704160.00|-5.45|-4.46|-9.90|3.64|3.82|3.86|3.64|31.93|4.04|21293600|86017256.00|1|0.0000|0.0000|0.0000|0|4.04
兰花科创|600123|-10.01|23403551|168057264.00|-2.73|-2.73|-10.01|6.92|7.48|7.48|6.92|23.40|7.69|7118060|54502416.00|1|0.0000|0.0000|0.0000|0|7.69
铁龙物流|600125|-8.75|36727651|201821152.00|-2.23|-0.86|-9.95|5.32|5.70|5.78|5.25|36.73|5.83|21103897|122526920.00|1|0.0000|0.0000|0.0000|0|5.83
杭钢股份|600126|-10.00|333815412|3766786304.00|-5.74|-1.80|-10.00|10.98|11.50|11.98|10.98|333.82|12.20|425889866|5049333248.00|1|0.0000|0.0000|0.0000|0|12.20
金健米业|600127|4.04|91254541|632202240.00|-1.05|9.13|-1.05|6.95|6.61|7.29|6.61|91.25|6.68|33788375|224375728.00|1|0.0000|0.0000|0.0000|0|6.68
苏豪弘业|600128|-9.95|5459100|52987776.00|-9.95|-7.53|-9.95|9.68|9.68|9.94|9.68|5.46|10.75|34316675|366867456.00|1|0.0000|0.0000|0.0000|0|10.75
太极集团|600129|-9.89|21940530|455072512.00|-4.97|-0.68|-9.98|19.96|21.05|22.00|19.94|21.94|22.15|19459809|431020160.00|1|0.0000|0.0000|0.0000|0|22.15
*ST波导|600130|-9.94|20233100|57415192.00|-2.88|-2.88|-9.94|2.81|3.03|3.03|2.81|20.23|3.12|14738100|46128952.00|1|0.0000|0.0000|0.0000|0|3.12
国网信通|600131|-10.00|12927586|224713776.00|-4.81|-4.39|-10.00|17.01|17.99|18.07|17.01|12.93|18.90|6595016|124346816.00|1|0.0000|0.0000|0.0000|0|18.90
重庆啤酒|600132|-5.55|8880778|502376352.00|-4.71|-1.62|-9.73|56.50|57.00|58.85|54.00|8.88|59.82|5030336|298537856.00|1|0.0000|0.0000|0.0000|0|59.82
东湖高新|600133|-10.02|24721867|223006672.00|-5.87|-5.87|-10.02|8.89|9.30|9.30|8.89|24.72|9.88|14566740|144047840.00|1|0.0000|0.0000|0.0000|0|9.88
乐凯胶片|600135|-10.01|12214101|78099320.00|-5.44|-3.58|-10.01|6.29|6.61|6.74|6.29|12.21|6.99|7768200|53999976.00|1|0.0000|0.0000|0.0000|0|6.99
ST明诚|600136|-4.88|4591000|8976219.00|-4.39|-3.41|-4.88|1.95|1.96|1.98|1.95|4.59|2.05|8172200|16656846.00|1|0.0000|0.0000|0.0000|0|2.05
浪莎股份|600137|-10.02|3143500|42973032.00|-2.47|-2.47|-10.02|13.47|14.60|14.60|13.47|3.14|14.97|1031200|15358811.00|1|0.0000|0.0000|0.0000|0|14.97
中青旅|600138|-9.96|44567226|427461728.00|-4.35|-2.80|-9.96|9.31|9.89|10.05|9.31|44.57|10.34|25266563|264335776.00|1|0.0000|0.0000|0.0000|0|10.34
兴发集团|600141|-10.00|22236695|445009184.00|-5.49|-4.15|-10.00|19.52|20.50|20.79|19.52|22.24|21.69|11191600|243172848.00|1|0.0000|0.0000|0.0000|0|21.69
金发科技|600143|-9.95|47786760|471248256.00|-7.37|-6.08|-9.95|9.77|10.05|10.19|9.77|47.79|10.85|27519321|300079808.00|1|0.0000|0.0000|0.0000|0|10.85
长春一东|600148|-9.97|2940200|48327032.00|-2.63|-2.63|-9.97|16.07|17.38|17.38|16.07|2.94|17.85|1342200|23793736.00|1|0.0000|0.0000|0.0000|0|17.85
廊坊发展|600149|-9.95|9850900|38886100.00|-4.86|-3.47|-9.95|3.89|4.11|4.17|3.89|9.85|4.32|8726701|37418056.00|1|0.0000|0.0000|0.0000|0|4.32
中国船舶|600150|-9.98|74301638|2067085440.00|-4.45|-4.45|-9.98|27.32|29.00|29.00|27.32|74.30|30.35|25212658|767740992.00|1|0.0000|0.0000|0.0000|0|30.35
航天机电|600151|-9.99|18806900|117105408.00|-4.85|-4.85|-9.99|6.13|6.48|6.48|6.13|18.81|6.81|9010101|61635836.00|1|0.0000|0.0000|0.0000|0|6.81
维科技术|600152|-9.92|10691200|58807684.00|-4.13|-4.13|-9.92|5.45|5.80|5.80|5.45|10.69|6.05|9681600|58673376.00|1|0.0000|0.0000|0.0000|0|6.05
建发股份|600153|-6.57|36926781|367794176.00|-3.05|-1.05|-9.33|9.81|10.18|10.39|9.52|36.93|10.50|32116783|336792992.00|1|0.0000|0.0000|0.0000|0|10.50
华创云信|600155|-10.03|40003901|267727152.00|-5.22|-3.30|-10.03|6.55|6.90|7.04|6.55|40.00|7.28|19679956|143572128.00|1|0.0000|0.0000|0.0000|0|7.28
华升股份|600156|-10.05|10859600|54019476.00|-7.50|-6.58|-10.05|4.92|5.06|5.11|4.92|10.86|5.47|17345422|94364856.00|1|0.0000|0.0000|0.0000|0|5.47
永泰能源|600157|-10.27|858032115|1153696640.00|-4.11|-3.42|-10.27|1.31|1.40|1.41|1.31|858.03|1.46|259493525|376607584.00|1|0.0000|0.0000|0.0000|0|1.46
中体产业|600158|-10.04|37385431|288176384.00|-4.11|-3.51|-10.04|7.44|7.93|7.98|7.44|37.39|8.27|16376645|135129648.00|1|0.0000|0.0000|0.0000|0|8.27
大龙地产|600159|-10.13|20216900|44069380.00|-2.53|-2.53|-10.13|2.13|2.31|2.31|2.13|20.22|2.37|11683500|27630492.00|1|0.0000|0.0000|0.0000|0|2.37
巨化股份|600160|-8.03|50550956|1122536320.00|-9.80|-6.56|-10.00|22.44|22.01|22.80|21.96|50.55|24.40|24833512|611770688.00|1|0.0000|0.0000|0.0000|0|24.40
天坛生物|600161|6.43|138943822|3098977024.00|5.36|9.96|2.71|22.02|21.80|22.75|21.25|138.94|20.69|13866714|285368192.00|1|0.0000|0.0000|0.0000|0|20.69
香江控股|600162|-10.17|37821672|61756868.00|-2.26|-1.69|-10.17|1.59|1.73|1.74|1.59|37.82|1.77|28574420|50342736.00|1|0.0000|0.0000|0.0000|0|1.77
中闽能源|600163|-10.06|24699500|123250432.00|-5.59|-3.35|-10.06|4.83|5.07|5.19|4.83|24.70|5.37|20938055|111059152.00|1|0.0000|0.0000|0.0000|0|5.37
*ST宁科|600165|-5.02|9371100|42635008.00|-5.02|-3.77|-5.02|4.54|4.54|4.60|4.54|9.37|4.78|26977100|126773776.00|1|0.0000|0.0000|0.0000|0|4.78
福田汽车|600166|-9.84|210796369|497490432.00|-2.76|-2.76|-9.84|2.29|2.47|2.47|2.29|210.80|2.54|124534984|314236992.00|1|0.0000|0.0000|0.0000|0|2.54
联美控股|600167|-10.07|11480281|62709448.00|-2.22|-1.54|-10.07|5.27|5.73|5.77|5.27|11.48|5.86|6717475|39341916.00|1|0.0000|0.0000|0.0000|0|5.86
武汉控股|600168|-9.92|15771940|70618704.00|-3.51|-1.65|-9.92|4.36|4.67|4.76|4.36|15.77|4.84|7264864|35055276.00|1|0.0000|0.0000|0.0000|0|4.84
ST太重|600169|-9.84|55639050|124814968.00|-3.69|-3.69|-9.84|2.20|2.35|2.35|2.20|55.64|2.44|29341934|71860280.00|1|0.0000|0.0000|0.0000|0|2.44
上海建工|600170|-8.99|321042053|802073664.00|-2.62|-1.87|-10.11|2.43|2.60|2.62|2.40|321.04|2.67|190821243|506636032.00|1|0.0000|0.0000|0.0000|0|2.67
上海贝岭|600171|-10.00|19936000|609763840.00|-6.03|-3.94|-10.00|30.16|31.49|32.19|30.16|19.94|33.51|13316165|448211232.00|1|0.0000|0.0000|0.0000|0|33.51
黄河旋风|600172|-9.93|41105012|154637680.00|-5.08|-4.84|-9.93|3.72|3.92|3.93|3.72|41.11|4.13|40421186|165636176.00|1|0.0000|0.0000|0.0000|0|4.13
卧龙新能|600173|-10.00|44652868|310938112.00|-5.41|0.27|-10.00|6.66|7.00|7.42|6.66|44.65|7.40|42461706|308920672.00|1|0.0000|0.0000|0.0000|0|7.40
中国巨石|600176|-6.34|57632361|689218752.00|-4.93|-2.97|-9.86|11.97|12.15|12.40|11.52|57.63|12.78|14890954|190059392.00|1|0.0000|0.0000|0.0000|0|12.78
雅戈尔|600177|-6.67|69724729|532194464.00|-3.09|-2.35|-10.01|7.55|7.84|7.90|7.28|69.72|8.09|33966908|275220288.00|1|0.0000|0.0000|0.0000|0|8.09
东安动力|600178|-10.01|16065715|165219712.00|-10.01|-6.41|-10.01|10.25|10.25|10.66|10.25|16.07|11.39|23591899|272351968.00|1|0.0000|0.0000|0.0000|0|11.39
安通控股|600179|-9.97|61745600|165950768.00|-4.47|-3.09|-9.97|2.62|2.78|2.82|2.62|61.75|2.91|32413263|94180632.00|1|0.0000|0.0000|0.0000|0|2.91
瑞茂通|600180|-2.59|29370822|118339544.00|-3.76|-1.18|-8.94|4.14|4.09|4.20|3.87|29.37|4.25|10272700|43361004.00|1|0.0000|0.0000|0.0000|0|4.25
S佳通|600182|-4.97|880800|12965376.00|-4.97|-4.97|-4.97|14.72|14.72|14.72|14.72|0.88|15.49|1674700|25866708.00|1|0.0000|0.0000|0.0000|0|15.49
生益科技|600183|-9.98|14546200|344689856.00|-9.98|-8.38|-9.98|23.63|23.63|24.05|23.63|14.55|26.25|37514404|989070400.00|1|0.0000|0.0000|0.0000|0|26.25
光电股份|600184|-10.02|10116506|116092880.00|-4.09|-3.85|-10.02|11.23|11.97|12.00|11.23|10.12|12.48|5817600|72660840.00|1|0.0000|0.0000|0.0000|0|12.48
珠免集团|600185|-9.98|38801396|214965808.00|-5.66|-3.16|-9.98|5.41|5.67|5.82|5.41|38.80|6.01|18549303|111179432.00|1|0.0000|0.0000|0.0000|0|6.01
莲花控股|600186|0.64|290697749|1884630400.00|2.72|9.60|0.00|6.29|6.42|6.85|6.25|290.70|6.25|97861340|606007104.00|1|0.0000|0.0000|0.0000|0|6.25
国中水务|600187|-9.88|39588300|124508768.00|-5.52|-5.52|-9.88|3.10|3.25|3.25|3.10|39.59|3.44|24572552|83764792.00|1|0.0000|0.0000|0.0000|0|3.44
兖矿能源|600188|-8.48|59617898|736691968.00|-2.27|-1.97|-9.92|12.09|12.91|12.95|11.90|59.62|13.21|18343253|242764048.00|1|0.0000|0.0000|0.0000|0|13.21
泉阳泉|600189|-10.03|15837160|100800712.00|-3.34|-2.91|-10.03|6.19|6.65|6.68|6.19|15.84|6.88|6022991|41260788.00|1|0.0000|0.0000|0.0000|0|6.88
华资实业|600191|-6.64|15535804|107715496.00|-5.12|0.83|-9.96|6.75|6.86|7.29|6.51|15.54|7.23|6107108|43826644.00|1|0.0000|0.0000|0.0000|0|7.23
长城电工|600192|-10.02|6539500|39318700.00|-6.37|-4.70|-10.02|5.93|6.17|6.28|5.93|6.54|6.59|4604613|30120930.00|1|0.0000|0.0000|0.0000|0|6.59
*ST创兴|600193|-9.84|14341600|40303284.00|-2.30|-1.97|-9.84|2.75|2.98|2.99|2.75|14.34|3.05|8046320|24628672.00|1|0.0000|0.0000|0.0000|0|3.05
中牧股份|600195|-6.52|46612064|313068800.00|-3.04|2.03|-7.83|6.45|6.69|7.04|6.36|46.61|6.90|28889818|199881040.00|1|0.0000|0.0000|0.0000|0|6.90
复星医药|600196|-9.06|40018858|949087872.00|-4.82|-2.82|-10.00|23.20|24.28|24.79|22.96|40.02|25.51|16689601|425833728.00|1|0.0000|0.0000|0.0000|0|25.51
伊力特|600197|-9.88|10286872|149104816.00|-3.14|-2.12|-10.01|14.05|15.10|15.26|14.03|10.29|15.59|4443161|69172048.00|1|0.0000|0.0000|0.0000|0|15.59
大唐电信|600198|-9.98|18374500|138654272.00|-5.41|-5.41|-9.98|7.49|7.87|7.87|7.49|18.37|8.32|10713137|89012496.00|1|0.0000|0.0000|0.0000|0|8.32
金种子酒|600199|-9.96|14321110|148640016.00|-3.11|-2.84|-9.96|10.13|10.90|10.93|10.13|14.32|11.25|5135690|57764428.00|1|0.0000|0.0000|0.0000|0|11.25
生物股份|600201|-10.00|40075550|273019392.00|-3.56|-1.51|-10.00|6.57|7.04|7.19|6.57|40.08|7.30|23743908|174429408.00|1|0.0000|0.0000|0.0000|0|7.30
哈空调|600202|-10.02|17048000|83270616.00|-6.86|-5.38|-10.02|4.85|5.02|5.10|4.85|17.05|5.39|51719694|284055200.00|1|0.0000|0.0000|0.0000|0|5.39
福日电子|600203|-10.00|15165900|125039928.00|-8.68|-6.59|-10.00|8.19|8.31|8.50|8.19|15.17|9.10|19302500|176140576.00|1|0.0000|0.0000|0.0000|0|9.10
有研新材|600206|-10.02|31701100|474678912.00|-6.11|-4.34|-10.02|14.73|15.37|15.66|14.73|31.70|16.37|17990152|295650560.00|1|0.0000|0.0000|0.0000|0|16.37
安彩高科|600207|-10.02|16285501|62148220.00|-4.30|-4.30|-10.02|3.77|4.01|4.01|3.77|16.29|4.19|7826706|32547400.00|1|0.0000|0.0000|0.0000|0|4.19
衢州发展|600208|-10.00|189311651|503807104.00|-5.17|-4.83|-10.00|2.61|2.75|2.76|2.61|189.31|2.90|87712464|255212784.00|1|0.0000|0.0000|0.0000|0|2.90
紫江企业|600210|-10.06|49030811|311009184.00|-8.05|-5.46|-10.06|6.26|6.40|6.58|6.26|49.03|6.96|42845901|300675616.00|1|0.0000|0.0000|0.0000|0|6.96
西藏药业|600211|-8.60|10774098|392386560.00|-3.62|-2.07|-10.00|35.37|37.30|37.90|34.83|10.77|38.70|4475973|173127120.00|1|0.0000|0.0000|0.0000|0|38.70
绿能慧充|600212|-9.99|8474100|70261472.00|-9.99|-9.34|-9.99|8.29|8.29|8.35|8.29|8.47|9.21|43319629|412986816.00|1|0.0000|0.0000|0.0000|0|9.21
派斯林|600215|-3.30|87584900|884630080.00|-4.28|4.28|-8.84|9.95|9.85|10.73|9.38|87.58|10.29|78976812|797272640.00|1|0.0000|0.0000|0.0000|0|10.29
浙江医药|600216|-9.99|27671500|341793888.00|-4.77|-4.32|-9.99|12.08|12.78|12.84|12.08|27.67|13.42|13950000|187182880.00|1|0.0000|0.0000|0.0000|0|13.42
中再资环|600217|-9.98|39202900|180712896.00|-4.59|-3.39|-9.98|4.51|4.78|4.84|4.51|39.20|5.01|16263243|80820464.00|1|0.0000|0.0000|0.0000|0|5.01
全柴动力|600218|-9.95|8613500|67469440.00|-7.64|-3.82|-9.95|7.78|7.98|8.31|7.78|8.61|8.64|8379113|72268624.00|1|0.0000|0.0000|0.0000|0|8.64
南山铝业|600219|-10.00|172559340|583538304.00|-6.22|-5.95|-10.00|3.33|3.47|3.48|3.33|172.56|3.70|165897756|617127552.00|1|0.0000|0.0000|0.0000|0|3.70
海航控股|600221|-9.72|489861464|654861824.00|-2.08|-2.08|-9.72|1.30|1.41|1.41|1.30|489.86|1.44|192073675|274390528.00|1|0.0000|0.0000|0.0000|0|1.44
太龙药业|600222|-9.93|28474000|145973664.00|-3.25|-3.25|-9.93|4.99|5.36|5.36|4.99|28.47|5.54|22374700|122971048.00|1|0.0000|0.0000|0.0000|0|5.54
福瑞达|600223|-9.99|27478423|202583296.00|-5.69|-2.02|-9.99|7.12|7.46|7.75|7.12|27.48|7.91|29531180|230858672.00|1|0.0000|0.0000|0.0000|0|7.91
亨通股份|600226|-10.14|56770430|150540048.00|-2.10|-2.10|-10.14|2.57|2.80|2.80|2.57|56.77|2.86|36544074|104748456.00|1|0.0000|0.0000|0.0000|0|2.86
赤天化|600227|-9.91|34667300|72694032.00|-9.91|-6.90|-9.91|2.09|2.09|2.16|2.09|34.67|2.32|31206878|72461072.00|1|0.0000|0.0000|0.0000|0|2.32
*ST返利|600228|-9.96|14887800|69386344.00|-6.05|-4.69|-9.96|4.61|4.81|4.88|4.61|14.89|5.12|16482200|83316656.00|1|0.0000|0.0000|0.0000|0|5.12
城市传媒|600229|-9.99|11545931|73066608.00|-4.05|-3.76|-9.99|6.22|6.63|6.65|6.22|11.55|6.91|7221800|49963476.00|1|0.0000|0.0000|0.0000|0|6.91
沧州大化|600230|-9.95|7471182|70498656.00|-4.00|-4.00|-9.95|9.23|9.84|9.84|9.23|7.47|10.25|3044980|31049314.00|1|0.0000|0.0000|0.0000|0|10.25
凌钢股份|600231|-9.88|18865300|29952936.00|-2.91|-2.91|-9.88|1.55|1.67|1.67|1.55|18.87|1.72|12771234|21812846.00|1|0.0000|0.0000|0.0000|0|1.72
金鹰股份|600232|-9.91|6445200|33811900.00|-3.30|-3.30|-9.91|5.18|5.56|5.56|5.18|6.45|5.75|6962701|39995360.00|1|0.0000|0.0000|0.0000|0|5.75
圆通速递|600233|-4.49|37720910|464457728.00|-3.25|-2.63|-7.35|12.34|12.50|12.58|11.97|37.72|12.92|14856805|191253216.00|1|0.0000|0.0000|0.0000|0|12.92
科新发展|600234|-5.06|655800|3827425.00|-4.57|-2.28|-5.06|5.82|5.85|5.99|5.82|0.66|6.13|419300|2568307.00|1|0.0000|0.0000|0.0000|0|6.13
民丰特纸|600235|-9.97|8598300|46965756.00|-2.36|-2.36|-9.97|5.33|5.78|5.78|5.33|8.60|5.92|5587100|32827748.00|1|0.0000|0.0000|0.0000|0|5.92
桂冠电力|600236|-7.01|29641723|184164816.00|-2.44|-1.52|-10.06|6.10|6.40|6.46|5.90|29.64|6.56|13256482|86554520.00|1|0.0000|0.0000|0.0000|0|6.56
铜峰电子|600237|-9.93|22822500|141432000.00|-6.42|-6.28|-9.93|6.17|6.41|6.42|6.17|22.82|6.85|17022700|117222384.00|1|0.0000|0.0000|0.0000|0|6.85
*ST椰岛|600238|-9.95|15060689|83170000.00|-5.47|-4.64|-9.95|5.43|5.70|5.75|5.43|15.06|6.03|9789501|59302128.00|1|0.0000|0.0000|0.0000|0|6.03
云南城投|600239|-9.96|55508200|132246360.00|-6.51|-4.98|-9.96|2.35|2.44|2.48|2.35|55.51|2.61|71293195|187296336.00|1|0.0000|0.0000|0.0000|0|2.61
时代万恒|600241|-9.94|3667500|23199764.00|-2.31|-2.31|-9.94|6.25|6.78|6.78|6.25|3.67|6.94|2912900|20037876.00|1|0.0000|0.0000|0.0000|0|6.94
*ST海华|600243|-9.81|28689600|69133000.00|-5.28|-4.91|-9.81|2.39|2.51|2.52|2.39|28.69|2.65|19730958|52425328.00|1|0.0000|0.0000|0.0000|0|2.65
万通发展|600246|-10.00|29718493|151109712.00|-10.00|-5.89|-10.00|5.04|5.04|5.27|5.04|29.72|5.60|28595330|160627488.00|1|0.0000|0.0000|0.0000|0|5.60
陕建股份|600248|-9.72|55616985|223343120.00|-2.78|-2.55|-9.95|3.90|4.20|4.21|3.89|55.62|4.32|20840000|89970592.00|1|0.0000|0.0000|0.0000|0|4.32
两面针|600249|-10.04|12960400|63625148.00|-4.28|-4.28|-10.04|4.84|5.15|5.15|4.84|12.96|5.38|10977601|58656240.00|1|0.0000|0.0000|0.0000|0|5.38
南京商旅|600250|-10.03|15158100|130727256.00|-5.17|-5.17|-10.03|8.52|8.98|8.98|8.52|15.16|9.47|21072101|197314128.00|1|0.0000|0.0000|0.0000|0|9.47
冠农股份|600251|-3.48|32600397|235412352.00|-1.95|5.01|-4.03|6.94|7.05|7.55|6.90|32.60|7.19|9304764|66240868.00|1|0.0000|0.0000|0.0000|0|7.19
中恒集团|600252|-10.08|78517039|180769536.00|-2.82|-2.82|-10.08|2.23|2.41|2.41|2.23|78.52|2.48|44008200|108757720.00|1|0.0000|0.0000|0.0000|0|2.48
鑫科材料|600255|-10.09|56069400|171209600.00|-6.53|-6.53|-10.09|3.03|3.15|3.15|3.03|56.07|3.37|46914600|158497712.00|1|0.0000|0.0000|0.0000|0|3.37
广汇能源|600256|-10.07|121561821|677727104.00|-4.13|-3.96|-10.07|5.45|5.81|5.82|5.45|121.56|6.06|59722925|362082944.00|1|0.0000|0.0000|0.0000|0|6.06
大湖股份|600257|-7.55|26700661|120814728.00|-2.73|-1.26|-9.22|4.41|4.64|4.71|4.33|26.70|4.77|7993100|38137764.00|1|0.0000|0.0000|0.0000|0|4.77
首旅酒店|600258|-3.01|40850532|587075776.00|-4.11|1.23|-5.27|14.16|14.00|14.78|13.83|40.85|14.60|28596634|415535840.00|1|0.0000|0.0000|0.0000|0|14.60
广晟有色|600259|-5.53|29885597|1075192320.00|2.79|7.74|-9.89|34.19|37.20|38.99|32.61|29.89|36.19|17859719|637137728.00|1|0.0000|0.0000|0.0000|0|36.19
阳光照明|600261|-10.09|21104000|64675140.00|-5.04|-5.04|-10.09|3.03|3.20|3.20|3.03|21.10|3.37|12358400|41382172.00|1|0.0000|0.0000|0.0000|0|3.37
北方股份|600262|-9.98|3646300|60690556.00|-5.16|-4.88|-9.98|16.23|17.10|17.15|16.23|3.65|18.03|1895819|33945060.00|1|0.0000|0.0000|0.0000|0|18.03
ST景谷|600265|-3.07|3811323|63608940.00|-4.40|0.41|-7.30|16.73|16.50|17.33|16.00|3.81|17.26|3620800|61659772.00|1|0.0000|0.0000|0.0000|0|17.26
城建发展|600266|-9.29|36033714|155018816.00|-4.32|-3.24|-9.94|4.20|4.43|4.48|4.17|36.03|4.63|28395306|132236944.00|1|0.0000|0.0000|0.0000|0|4.63
海正药业|600267|-10.00|38134997|330581664.00|-4.84|-2.37|-10.00|8.37|8.85|9.08|8.37|38.13|9.30|25318898|236098384.00|1|0.0000|0.0000|0.0000|0|9.30
国电南自|600268|-10.03|22428556|150236096.00|-3.98|-3.98|-10.03|6.55|6.99|6.99|6.55|22.43|7.28|11065812|80531224.00|1|0.0000|0.0000|0.0000|0|7.28
赣粤高速|600269|-9.79|41790460|203788112.00|-2.50|-1.73|-9.98|4.70|5.08|5.12|4.69|41.79|5.21|20789098|107683040.00|1|0.0000|0.0000|0.0000|0|5.21
航天信息|600271|-10.00|26806380|218856944.00|-4.49|-3.82|-10.00|8.01|8.50|8.56|8.01|26.81|8.90|7629904|67782000.00|1|0.0000|0.0000|0.0000|0|8.90
开开实业|600272|-9.98|7246104|92490608.00|-9.62|-4.99|-9.98|12.63|12.68|13.33|12.63|7.25|14.03|3475819|48813716.00|1|0.0000|0.0000|0.0000|0|14.03
嘉化能源|600273|-8.37|41760077|317301888.00|-4.56|-3.20|-9.85|7.44|7.75|7.86|7.32|41.76|8.12|13495501|109231464.00|1|0.0000|0.0000|0.0000|0|8.12
恒瑞医药|600276|-4.58|115503305|5580749312.00|-4.39|-2.33|-8.39|48.70|48.80|49.85|46.76|115.50|51.04|51785846|2643033088.00|1|0.0000|0.0000|0.0000|0|51.04
东方创业|600278|-10.00|8084153|48921564.00|-3.48|-3.48|-10.00|5.94|6.37|6.37|5.94|8.08|6.60|6197813|40623256.00|1|0.0000|0.0000|0.0000|0|6.60
重庆港|600279|-10.04|17661450|84183960.00|-3.09|-3.09|-10.04|4.66|5.02|5.02|4.66|17.66|5.18|11574362|59501668.00|1|0.0000|0.0000|0.0000|0|5.18
中央商场|600280|-10.12|35786300|115325776.00|-3.47|-0.87|-10.12|3.11|3.34|3.43|3.11|35.79|3.46|21160000|72958856.00|1|0.0000|0.0000|0.0000|0|3.46
华阳新材|600281|-10.00|9769800|32055900.00|-3.89|-3.89|-10.00|3.24|3.46|3.46|3.24|9.77|3.60|8762700|31279372.00|1|0.0000|0.0000|0.0000|0|3.60
南钢股份|600282|-8.30|51908804|230491408.00|-2.34|-1.70|-9.57|4.31|4.59|4.62|4.25|51.91|4.70|19382873|90647296.00|1|0.0000|0.0000|0.0000|0|4.70
钱江水利|600283|-10.02|15144805|141769520.00|-3.47|-3.08|-10.02|9.07|9.73|9.77|9.07|15.14|10.08|10309740|103054920.00|1|0.0000|0.0000|0.0000|0|10.08
浦东建设|600284|-9.87|26942076|172672272.00|-2.76|-1.31|-10.01|6.21|6.70|6.80|6.20|26.94|6.89|18700603|128921128.00|1|0.0000|0.0000|0.0000|0|6.89
羚锐制药|600285|-5.09|16617504|363752640.00|-2.70|0.75|-7.96|21.45|21.99|22.77|20.80|16.62|22.60|10106207|226408816.00|1|0.0000|0.0000|0.0000|0|22.60
苏豪时尚|600287|-5.00|2133900|9333774.00|-4.57|-4.13|-5.00|4.37|4.39|4.41|4.37|2.13|4.60|1530400|7051606.00|1|0.0000|0.0000|0.0000|0|4.60
大恒科技|600288|-9.96|10185692|83907552.00|-5.97|-5.64|-9.96|8.14|8.50|8.53|8.14|10.19|9.04|6793932|61433364.00|1|0.0000|0.0000|0.0000|0|9.04
ST信通|600289|-5.02|951400|5946250.00|-5.02|-5.02|-5.02|6.25|6.25|6.25|6.25|0.95|6.58|26429016|174243072.00|1|0.0000|0.0000|0.0000|0|6.58
远达环保|600292|5.74|152547357|2151003392.00|-0.66|8.17|-4.34|14.37|13.50|14.70|13.00|152.55|13.59|66512790|890158336.00|1|0.0000|0.0000|0.0000|0|13.59
三峡新材|600293|-9.83|18822300|50875956.00|-3.39|-3.39|-9.83|2.66|2.85|2.85|2.66|18.82|2.95|10343200|30402352.00|1|0.0000|0.0000|0.0000|0|2.95
鄂尔多斯|600295|-9.68|17086751|149760064.00|-3.62|-3.40|-10.00|8.49|9.06|9.08|8.46|17.09|9.40|7021436|65711340.00|1|0.0000|0.0000|0.0000|0|9.40
安琪酵母|600298|-5.36|11825916|389968576.00|-2.72|-0.98|-7.56|32.67|33.58|34.18|31.91|11.83|34.52|4180556|144523440.00|1|0.0000|0.0000|0.0000|0|34.52
安迪苏|600299|-10.02|13409367|128293616.00|-5.15|-4.77|-10.02|9.43|9.94|9.98|9.43|13.41|10.48|7803150|81683008.00|1|0.0000|0.0000|0.0000|0|10.48
维维股份|600300|-3.17|145157064|495870784.00|-3.17|2.59|-6.34|3.36|3.36|3.56|3.25|145.16|3.47|70580638|243241792.00|1|0.0000|0.0000|0.0000|0|3.47
华锡有色|600301|-10.01|14755837|290056608.00|-10.01|-6.38|-10.01|19.59|19.59|20.38|19.59|14.76|21.77|14698000|323892480.00|1|0.0000|0.0000|0.0000|0|21.77
标准股份|600302|-9.90|9905900|47165016.00|-8.38|-5.90|-9.90|4.73|4.81|4.94|4.73|9.91|5.25|23753700|124234496.00|1|0.0000|0.0000|0.0000|0|5.25
曙光股份|600303|-5.01|8021400|25839268.00|-5.01|-3.83|-5.01|3.22|3.22|3.26|3.22|8.02|3.39|14987700|50892728.00|1|0.0000|0.0000|0.0000|0|3.39
恒顺醋业|600305|-7.11|24466927|178188576.00|-1.71|-0.26|-9.08|7.06|7.47|7.58|6.91|24.47|7.60|10809147|81789936.00|1|0.0000|0.0000|0.0000|0|7.60
酒钢宏兴|600307|-9.86|64238300|84246176.00|-2.82|-2.82|-9.86|1.28|1.38|1.38|1.28|64.24|1.42|23902800|33929560.00|1|0.0000|0.0000|0.0000|0|1.42
华泰股份|600308|-9.83|21913043|70522552.00|-3.18|-2.89|-10.12|3.12|3.35|3.36|3.11|21.91|3.46|7467181|25767944.00|1|0.0000|0.0000|0.0000|0|3.46
万华化学|600309|-9.99|44923037|2690489600.00|-4.47|-4.47|-9.99|59.17|62.80|62.80|59.17|44.92|65.74|19527941|1282027392.00|1|0.0000|0.0000|0.0000|0|65.74
广西能源|600310|-9.84|72509512|300416640.00|-3.80|-2.46|-10.07|4.03|4.30|4.36|4.02|72.51|4.47|40675012|181789008.00|1|0.0000|0.0000|0.0000|0|4.47
平高电气|600312|-2.23|39298542|673075072.00|-4.24|0.74|-5.10|17.07|16.72|17.59|16.57|39.30|17.46|16816257|295558656.00|1|0.0000|0.0000|0.0000|0|17.46
农发种业|600313|8.03|127465444|859933888.00|3.62|9.92|2.36|6.86|6.58|6.98|6.50|127.47|6.35|18274906|115751256.00|1|0.0000|0.0000|0.0000|0|6.35
上海家化|600315|-5.54|12204103|235836688.00|-3.58|-1.91|-8.73|19.25|19.65|19.99|18.60|12.20|20.38|6089848|124183152.00|1|0.0000|0.0000|0.0000|0|20.38
洪都航空|600316|-5.55|17808788|596846144.00|-5.27|1.60|-8.39|33.00|33.10|35.50|32.01|17.81|34.94|7523200|264298080.00|1|0.0000|0.0000|0.0000|0|34.94
新力金融|600318|-9.95|92775083|877884672.00|-4.43|-2.27|-9.95|9.14|9.70|9.92|9.14|92.78|10.15|122975911|1232970752.00|1|0.0000|0.0000|0.0000|0|10.15
亚星化学|600319|-9.98|7105800|35432488.00|-9.07|-6.72|-9.98|4.96|5.01|5.14|4.96|7.11|5.51|11655747|63794556.00|1|0.0000|0.0000|0.0000|0|5.51
振华重工|600320|-9.88|126657327|493355392.00|-5.41|-4.47|-9.88|3.83|4.02|4.06|3.83|126.66|4.25|112295342|480663552.00|1|0.0000|0.0000|0.0000|0|4.25
津投城开|600322|-10.00|29447970|62177592.00|-3.48|-3.48|-10.00|2.07|2.22|2.22|2.07|29.45|2.30|12615340|29077436.00|1|0.0000|0.0000|0.0000|0|2.30
瀚蓝环境|600323|-5.55|22172216|523094496.00|-4.27|0.66|-6.37|22.99|23.30|24.50|22.79|22.17|24.34|13920510|341783552.00|1|0.0000|0.0000|0.0000|0|24.34
华发股份|600325|-9.70|55399509|276464768.00|-3.36|-3.17|-10.07|4.84|5.18|5.19|4.82|55.40|5.36|26377107|141826160.00|1|0.0000|0.0000|0.0000|0|5.36
西藏天路|600326|-9.94|49317550|302792672.00|-7.38|-3.61|-9.94|5.98|6.15|6.40|5.98|49.32|6.64|48061533|315796864.00|1|0.0000|0.0000|0.0000|0|6.64
大东方|600327|-9.96|28128980|127812584.00|-3.46|-3.46|-9.96|4.43|4.75|4.75|4.43|28.13|4.92|15974380|78548096.00|1|0.0000|0.0000|0.0000|0|4.92
中盐化工|600328|-9.80|37091387|258267296.00|-3.09|-2.15|-9.93|6.72|7.22|7.29|6.71|37.09|7.45|13191773|97750696.00|1|0.0000|0.0000|0.0000|0|7.45
达仁堂|600329|-6.42|11594616|346252768.00|-4.58|-1.91|-9.26|29.42|30.00|30.84|28.53|11.59|31.44|3995434|125521728.00|1|0.0000|0.0000|0.0000|0|31.44
天通股份|600330|-9.94|27150860|175403104.00|-5.54|-4.12|-9.94|6.34|6.65|6.75|6.34|27.15|7.04|13429076|94597424.00|1|0.0000|0.0000|0.0000|0|7.04
宏达股份|600331|-9.94|34001170|219471280.00|-2.56|-2.56|-9.94|6.34|6.86|6.86|6.34|34.00|7.04|17792506|125444840.00|1|0.0000|0.0000|0.0000|0|7.04
白云山|600332|-6.10|18549369|472368704.00|-2.23|-1.86|-8.63|25.24|26.28|26.38|24.56|18.55|26.88|5296363|142326288.00|1|0.0000|0.0000|0.0000|0|26.88
长春燃气|600333|-9.96|16346200|69588408.00|-2.16|-1.95|-9.96|4.16|4.52|4.53|4.16|16.35|4.62|8044700|36913424.00|1|0.0000|0.0000|0.0000|0|4.62
国机汽车|600335|-9.94|22219296|136364768.00|-7.27|-5.04|-9.94|6.07|6.25|6.40|6.07|22.22|6.74|31489361|214204320.00|1|0.0000|0.0000|0.0000|0|6.74
澳柯玛|600336|-9.92|11975100|71182592.00|-7.63|-5.34|-9.92|5.90|6.05|6.20|5.90|11.98|6.55|8574500|56015352.00|1|0.0000|0.0000|0.0000|0|6.55
美克家居|600337|-10.06|23138900|37744260.00|-3.91|-3.91|-10.06|1.61|1.72|1.72|1.61|23.14|1.79|27184500|48169196.00|1|0.0000|0.0000|0.0000|0|1.79
西藏珠峰|600338|-10.03|24278600|222369808.00|-6.65|-5.76|-10.03|9.06|9.40|9.49|9.06|24.28|10.07|11654230|117242344.00|1|0.0000|0.0000|0.0000|0|10.07
中油工程|600339|-10.00|48334100|149719856.00|-8.53|-5.88|-10.00|3.06|3.11|3.20|3.06|48.33|3.40|24948757|84301592.00|1|0.0000|0.0000|0.0000|0|3.40
华夏幸福|600340|-9.78|66191260|135848912.00|-4.89|-4.89|-9.78|2.03|2.14|2.14|2.03|66.19|2.25|46870580|105606056.00|1|0.0000|0.0000|0.0000|0|2.25
航天动力|600343|-10.00|15147695|156662736.00|-4.64|-3.57|-10.00|10.08|10.68|10.80|10.08|15.15|11.20|7604100|85504000.00|1|0.0000|0.0000|0.0000|0|11.20
长江通信|600345|-9.98|4075300|89404328.00|-9.98|-5.86|-9.98|21.82|21.82|22.82|21.82|4.08|24.24|7622200|186656624.00|1|0.0000|0.0000|0.0000|0|24.24
恒力石化|600346|-4.27|34731177|511185888.00|-2.91|-1.55|-7.44|14.80|15.01|15.22|14.31|34.73|15.46|8369514|130020440.00|1|0.0000|0.0000|0.0000|0|15.46
华阳股份|600348|-10.01|69244930|441683040.00|-4.64|-3.63|-10.01|6.20|6.57|6.64|6.20|69.24|6.89|27663761|189410560.00|1|0.0000|0.0000|0.0000|0|6.89
山东高速|600350|-1.15|24854190|258605168.00|-0.19|3.27|-4.51|10.29|10.39|10.75|9.94|24.85|10.41|15105390|154801568.00|1|0.0000|0.0000|0.0000|0|10.41
亚宝药业|600351|-10.00|31745200|185493568.00|-2.38|-2.38|-10.00|5.67|6.15|6.15|5.67|31.75|6.30|15691895|98595808.00|1|0.0000|0.0000|0.0000|0|6.30
浙江龙盛|600352|-6.91|51141033|459630848.00|-3.25|-2.51|-8.69|8.89|9.24|9.31|8.72|51.14|9.55|21505065|204507760.00|1|0.0000|0.0000|0.0000|0|9.55
旭光电子|600353|-10.00|21436660|188050704.00|-9.79|-7.22|-10.00|8.73|8.75|9.00|8.73|21.44|9.70|112344305|1076180608.00|1|0.0000|0.0000|0.0000|0|9.70
敦煌种业|600354|10.05|141972294|880684800.00|3.81|10.05|1.39|6.35|5.99|6.35|5.85|141.97|5.77|30898522|177863824.00|1|0.0000|0.0000|0.0000|0|5.77
*ST精伦|600355|-9.84|40030500|111371360.00|-3.28|-3.28|-9.84|2.75|2.95|2.95|2.75|40.03|3.05|22661200|69142360.00|1|0.0000|0.0000|0.0000|0|3.05
恒丰纸业|600356|-10.00|7640400|55094504.00|-2.69|-2.69|-10.00|7.02|7.59|7.59|7.02|7.64|7.80|3855733|29929496.00|1|0.0000|0.0000|0.0000|0|7.80
ST联合|600358|-4.92|5404000|21947184.00|-4.92|-3.51|-4.92|4.06|4.06|4.12|4.06|5.40|4.27|16073133|68437024.00|1|0.0000|0.0000|0.0000|0|4.27
新农开发|600359|8.99|68806624|502813120.00|3.04|10.00|-0.58|7.52|7.11|7.59|6.86|68.81|6.90|12623882|86292976.00|1|0.0000|0.0000|0.0000|0|6.90
*ST华微|600360|-4.93|10270900|69387368.00|-4.93|-4.23|-4.93|6.75|6.75|6.80|6.75|10.27|7.10|26775836|187409808.00|1|0.0000|0.0000|0.0000|0|7.10
创新新材|600361|-9.90|67692423|259407648.00|-7.73|-3.14|-9.90|3.73|3.82|4.01|3.73|67.69|4.14|41493631|171754400.00|1|0.0000|0.0000|0.0000|0|4.14
江西铜业|600362|-9.98|41992300|846609920.00|-9.98|-8.28|-9.98|20.11|20.11|20.49|20.11|41.99|22.34|28939074|649546368.00|1|0.0000|0.0000|0.0000|0|22.34
联创光电|600363|-10.00|16204763|918583936.00|-9.36|-5.47|-10.00|55.98|56.38|58.80|55.98|16.20|62.20|13087035|825855168.00|1|0.0000|0.0000|0.0000|0|62.20
ST通葡|600365|-4.91|3942400|9957480.00|-4.53|-3.40|-4.91|2.52|2.53|2.56|2.52|3.94|2.65|2640702|6959693.50|1|0.0000|0.0000|0.0000|0|2.65
宁波韵升|600366|-10.04|22836992|171930416.00|-6.00|-4.16|-10.04|7.35|7.68|7.83|7.35|22.84|8.17|12477910|101648840.00|1|0.0000|0.0000|0.0000|0|8.17
红星发展|600367|-10.01|6688400|88623232.00|-9.40|-7.97|-10.01|13.21|13.30|13.51|13.21|6.69|14.68|15214300|223154848.00|1|0.0000|0.0000|0.0000|0|14.68
五洲交通|600368|-4.33|202090128|1019018624.00|-1.57|4.92|-7.28|4.86|5.00|5.33|4.71|202.09|5.08|124994957|612660672.00|1|0.0000|0.0000|0.0000|0|5.08
XD西南证|600369|-9.89|73942400|297034208.00|-3.45|-3.45|-9.89|3.92|4.20|4.20|3.92|73.94|4.35|33516079|146065776.00|1|0.0000|0.0000|0.0000|0|4.35
三房巷|600370|-10.05|35568307|64085868.00|-7.54|-4.52|-10.05|1.79|1.84|1.90|1.79|35.57|1.99|73133810|146981504.00|1|0.0000|0.0000|0.0000|0|1.99
万向德农|600371|10.01|40828799|389185024.00|5.23|10.01|3.07|9.67|9.25|9.67|9.06|40.83|8.79|8872350|77418112.00|1|0.0000|0.0000|0.0000|0|8.79
中航机载|600372|-8.30|65987224|682750144.00|-4.51|-2.71|-10.01|10.17|10.59|10.79|9.98|65.99|11.09|20799785|230176512.00|1|0.0000|0.0000|0.0000|0|11.09
中文传媒|600373|-7.23|27781412|292071008.00|-3.12|-2.50|-10.00|10.39|10.85|10.92|10.08|27.78|11.20|10988414|122465960.00|1|0.0000|0.0000|0.0000|0|11.20
汉马科技|600375|-5.00|5672876|33501666.00|-4.68|-3.55|-5.00|5.89|5.91|5.98|5.89|5.67|6.20|4919755|30403288.00|1|0.0000|0.0000|0.0000|0|6.20
首开股份|600376|-9.96|25838500|59240264.00|-3.19|-3.19|-9.96|2.26|2.43|2.43|2.26|25.84|2.51|15079500|37951356.00|1|0.0000|0.0000|0.0000|0|2.51
宁沪高速|600377|-0.32|15469160|234771072.00|-1.82|0.91|-4.22|15.34|15.11|15.53|14.74|15.47|15.39|10012981|151864384.00|1|0.0000|0.0000|0.0000|0|15.39
昊华科技|600378|-7.64|4783973|120225568.00|-4.20|-2.74|-9.33|24.65|25.57|25.96|24.20|4.78|26.69|2478482|66454292.00|1|0.0000|0.0000|0.0000|0|26.69
宝光股份|600379|-9.97|5852900|52464664.00|-5.49|-4.68|-9.97|8.85|9.29|9.37|8.85|5.85|9.83|3495060|34185604.00|1|0.0000|0.0000|0.0000|0|9.83
健康元|600380|-9.93|35989081|396220576.00|-4.07|-2.46|-10.02|10.61|11.30|11.49|10.60|35.99|11.78|19640831|231488848.00|1|0.0000|0.0000|0.0000|0|11.78
*ST春天|600381|-5.07|3424300|15385403.00|-4.86|-4.65|-5.07|4.49|4.50|4.51|4.49|3.42|4.73|7537102|35622080.00|1|0.0000|0.0000|0.0000|0|4.73
广东明珠|600382|-9.89|10349214|44302944.00|-3.44|-3.44|-9.89|4.19|4.49|4.49|4.19|10.35|4.65|4706225|21775044.00|1|0.0000|0.0000|0.0000|0|4.65
金地集团|600383|-8.78|150697611|655845184.00|-3.21|-1.28|-10.06|4.26|4.52|4.61|4.20|150.70|4.67|143171882|676423488.00|1|0.0000|0.0000|0.0000|0|4.67
北巴传媒|600386|-9.98|17816200|73223832.00|-6.21|-3.99|-9.98|4.06|4.23|4.33|4.06|17.82|4.51|11830000|53093992.00|1|0.0000|0.0000|0.0000|0|4.51
龙净环保|600388|-9.99|14776012|173123680.00|-4.84|-2.70|-9.99|11.35|12.00|12.27|11.35|14.78|12.61|7736310|97894328.00|1|0.0000|0.0000|0.0000|0|12.61
江山股份|600389|-5.27|13196654|188269280.00|-3.54|-0.80|-8.41|14.20|14.46|14.87|13.73|13.20|14.99|4541987|67531688.00|1|0.0000|0.0000|0.0000|0|14.99
五矿资本|600390|-9.98|73081702|381585312.00|-5.08|-3.85|-9.98|5.14|5.42|5.49|5.14|73.08|5.71|50110316|285231840.00|1|0.0000|0.0000|0.0000|0|5.71
航发科技|600391|-3.82|31175732|649115328.00|-3.87|2.08|-6.51|20.39|20.38|21.64|19.82|31.18|21.20|11028461|232333920.00|1|0.0000|0.0000|0.0000|0|21.20
盛和资源|600392|-7.10|84397175|919805312.00|-1.36|6.01|-9.92|10.21|10.84|11.65|9.90|84.40|10.99|21526510|236464256.00|1|0.0000|0.0000|0.0000|0|10.99
盘江股份|600395|-7.35|39777709|182240688.00|-2.04|-2.04|-10.00|4.54|4.80|4.80|4.41|39.78|4.90|9243900|45257556.00|1|0.0000|0.0000|0.0000|0|4.90
华电辽能|600396|-9.96|32671800|82092984.00|-2.58|-2.58|-9.96|2.44|2.64|2.64|2.44|32.67|2.71|24923100|66815624.00|1|0.0000|0.0000|0.0000|0|2.71
江钨装备|600397|-10.00|5780800|30696048.00|-10.00|-10.00|-10.00|5.31|5.31|5.31|5.31|5.78|5.90|90574453|551357184.00|1|0.0000|0.0000|0.0000|0|5.90
海澜之家|600398|-7.73|39349859|302019776.00|-4.54|-1.72|-9.94|7.52|7.78|8.01|7.34|39.35|8.15|13958158|113302456.00|1|0.0000|0.0000|0.0000|0|8.15
抚顺特钢|600399|-9.95|70995510|375525376.00|-5.06|-3.14|-9.95|5.16|5.44|5.55|5.16|71.00|5.73|39874694|229026896.00|1|0.0000|0.0000|0.0000|0|5.73
红豆股份|600400|-9.87|31734894|67615792.00|-5.58|-4.72|-9.87|2.10|2.20|2.22|2.10|31.73|2.33|14885838|34565284.00|1|0.0000|0.0000|0.0000|0|2.33
大有能源|600403|-10.00|17521900|60953688.00|-5.79|-4.74|-10.00|3.42|3.58|3.62|3.42|17.52|3.80|47280018|179476224.00|1|0.0000|0.0000|0.0000|0|3.80
动力源|600405|-10.06|14842966|65432348.00|-6.57|-5.95|-10.06|4.38|4.55|4.58|4.38|14.84|4.87|13181220|64303836.00|1|0.0000|0.0000|0.0000|0|4.87
国电南瑞|600406|-2.10|88717354|1945818368.00|-2.82|0.45|-4.57|21.86|21.70|22.43|21.31|88.72|22.33|41989439|931835776.00|1|0.0000|0.0000|0.0000|0|22.33
安泰集团|600408|-9.94|25807000|42565396.00|-8.84|-4.42|-9.94|1.63|1.65|1.73|1.63|25.81|1.81|16103902|28976028.00|1|0.0000|0.0000|0.0000|0|1.81
三友化工|600409|-9.91|43658633|219488960.00|-8.62|-3.67|-9.91|4.91|4.98|5.25|4.91|43.66|5.45|18807599|102524176.00|1|0.0000|0.0000|0.0000|0|5.45
华胜天成|600410|-9.94|22903920|169594816.00|-7.36|-6.75|-9.94|7.34|7.55|7.60|7.34|22.90|8.15|30924041|253583328.00|1|0.0000|0.0000|0.0000|0|8.15
小商品城|600415|-10.00|18804600|248784864.00|-10.00|-10.00|-10.00|13.23|13.23|13.23|13.23|18.80|14.70|93328543|1378408704.00|1|0.0000|0.0000|0.0000|0|14.70
湘电股份|600416|-10.01|29178142|289851776.00|-4.45|-4.17|-10.01|9.71|10.31|10.34|9.71|29.18|10.79|13111434|142799888.00|1|0.0000|0.0000|0.0000|0|10.79
江淮汽车|600418|-10.01|66692402|2153232128.00|-4.99|-4.99|-10.01|31.92|33.70|33.70|31.92|66.69|35.47|43459856|1545247488.00|1|0.0000|0.0000|0.0000|0|35.47
天润乳业|600419|-5.20|18610829|185144192.00|-4.91|2.26|-6.97|9.66|9.69|10.42|9.48|18.61|10.19|9663660|97218680.00|1|0.0000|0.0000|0.0000|0|10.19
国药现代|600420|-8.64|35351046|354274752.00|-4.36|-2.97|-10.03|9.84|10.30|10.45|9.69|35.35|10.77|14460971|155403472.00|1|0.0000|0.0000|0.0000|0|10.77
*ST华嵘|600421|-9.92|4590800|26325908.00|-9.61|-7.72|-9.92|5.72|5.74|5.86|5.72|4.59|6.35|7041000|44961824.00|1|0.0000|0.0000|0.0000|0|6.35
昆药集团|600422|-9.97|20019700|327261984.00|-3.13|-2.91|-9.97|15.80|17.00|17.04|15.80|20.02|17.55|9687212|168855728.00|1|0.0000|0.0000|0.0000|0|17.55
柳化股份|600423|-10.09|25253000|75432000.00|-4.89|-3.98|-10.09|2.94|3.11|3.14|2.94|25.25|3.27|24286200|78825936.00|1|0.0000|0.0000|0.0000|0|3.27
青松建化|600425|-8.46|49031752|184711568.00|-2.74|-2.24|-9.95|3.68|3.91|3.93|3.62|49.03|4.02|22991404|91696656.00|1|0.0000|0.0000|0.0000|0|4.02
华鲁恒升|600426|-7.27|33325670|690144000.00|-5.15|-2.71|-9.76|20.53|21.00|21.54|19.98|33.33|22.14|15222947|339609440.00|1|0.0000|0.0000|0.0000|0|22.14
中远海特|600428|-9.95|43682621|259607072.00|-9.49|-6.13|-9.95|5.88|5.91|6.13|5.88|43.68|6.53|42237789|277788064.00|1|0.0000|0.0000|0.0000|0|6.53
三元股份|600429|-9.84|26817311|109036632.00|-2.75|-1.83|-10.07|3.94|4.25|4.29|3.93|26.82|4.37|11012500|47737092.00|1|0.0000|0.0000|0.0000|0|4.37
冠豪高新|600433|-9.91|21088569|66259240.00|-6.71|-4.37|-9.91|3.09|3.20|3.28|3.09|21.09|3.43|13129405|44873632.00|1|0.0000|0.0000|0.0000|0|3.43
北方导航|600435|-9.96|25603076|266238672.00|-4.04|-2.24|-9.96|10.04|10.70|10.90|10.04|25.60|11.15|17990428|200719344.00|1|0.0000|0.0000|0.0000|0|11.15
片仔癀|600436|-1.58|6053726|1194877312.00|-2.33|-0.47|-4.72|199.51|198.00|201.77|193.16|6.05|202.72|1355028|274995968.00|1|0.0000|0.0000|0.0000|0|202.72
通威股份|600438|-9.99|60650744|1028927232.00|-5.32|-4.83|-9.99|16.76|17.63|17.72|16.76|60.65|18.62|29590998|556132800.00|1|0.0000|0.0000|0.0000|0|18.62
瑞贝卡|600439|-10.06|16854600|54452872.00|-10.06|-6.98|-10.06|3.22|3.22|3.33|3.22|16.85|3.58|16111100|57782472.00|1|0.0000|0.0000|0.0000|0|3.58
国机通用|600444|-9.97|4013600|57820568.00|-4.57|-2.86|-9.97|14.18|15.03|15.30|14.18|4.01|15.75|2777500|43479416.00|1|0.0000|0.0000|0.0000|0|15.75
金证股份|600446|-10.01|28218900|421947104.00|-8.74|-6.01|-10.01|14.83|15.04|15.49|14.83|28.22|16.48|16051250|266632256.00|1|0.0000|0.0000|0.0000|0|16.48
华纺股份|600448|-10.00|15342600|38907304.00|-4.29|-4.29|-10.00|2.52|2.68|2.68|2.52|15.34|2.80|9160728|25533514.00|1|0.0000|0.0000|0.0000|0|2.80
宁夏建材|600449|-9.98|9433200|125927320.00|-6.49|-5.13|-9.98|13.17|13.68|13.88|13.17|9.43|14.63|7053085|103014512.00|1|0.0000|0.0000|0.0000|0|14.63
涪陵电力|600452|-9.20|51412573|475044832.00|-3.44|-2.43|-10.01|8.98|9.55|9.65|8.90|51.41|9.89|35112421|346830528.00|1|0.0000|0.0000|0.0000|0|9.89
博通股份|600455|-10.00|2034200|44012940.00|-7.95|-6.61|-10.00|21.51|22.00|22.32|21.51|2.03|23.90|1758900|41846696.00|1|0.0000|0.0000|0.0000|0|23.90
宝钛股份|600456|-9.99|18078941|526845568.00|-6.07|-5.13|-9.99|28.75|30.00|30.30|28.75|18.08|31.94|12125532|388243328.00|1|0.0000|0.0000|0.0000|0|31.94
时代新材|600458|-9.97|9490944|112679360.00|-3.94|-3.17|-9.97|11.65|12.43|12.53|11.65|9.49|12.94|5514600|71845080.00|1|0.0000|0.0000|0.0000|0|12.94
贵研铂业|600459|-10.01|16734132|213184384.00|-5.33|-4.83|-10.01|12.49|13.14|13.21|12.49|16.73|13.88|6685493|92466952.00|1|0.0000|0.0000|0.0000|0|13.88
士兰微|600460|-10.00|28160100|615457600.00|-6.82|-3.93|-10.00|21.50|22.26|22.95|21.50|28.16|23.89|13613105|324998848.00|1|0.0000|0.0000|0.0000|0|23.89
洪城环境|600461|-2.66|42551119|406391488.00|-2.76|0.31|-4.81|9.51|9.50|9.80|9.30|42.55|9.77|37706359|366466368.00|1|0.0000|0.0000|0.0000|0|9.77
空港股份|600463|-9.97|2626700|22455336.00|-2.36|-2.36|-9.97|8.40|9.11|9.11|8.40|2.63|9.33|2194800|20408932.00|1|0.0000|0.0000|0.0000|0|9.33
好当家|600467|-4.80|162718597|371845568.00|-1.75|4.80|-9.17|2.18|2.25|2.40|2.08|162.72|2.29|46625200|105882328.00|1|0.0000|0.0000|0.0000|0|2.29
百利电气|600468|-9.96|41336500|181150800.00|-6.85|-4.77|-9.96|4.34|4.49|4.59|4.34|41.34|4.82|57705280|280912128.00|1|0.0000|0.0000|0.0000|0|4.82
风神股份|600469|-9.91|7854700|41846916.00|-5.98|-5.13|-9.91|5.27|5.50|5.55|5.27|7.85|5.85|5815300|33897256.00|1|0.0000|0.0000|0.0000|0|5.85
六国化工|600470|-9.93|22520100|117349840.00|-7.14|-6.10|-9.93|5.17|5.33|5.39|5.17|22.52|5.74|34622200|197882896.00|1|0.0000|0.0000|0.0000|0|5.74
华光环能|600475|-10.03|15691828|133456376.00|-3.99|-3.56|-10.03|8.34|8.90|8.94|8.34|15.69|9.27|4467528|41358736.00|1|0.0000|0.0000|0.0000|0|9.27
湘邮科技|600476|-9.97|4968400|70116720.00|-9.65|-5.66|-9.97|14.00|14.05|14.67|14.00|4.97|15.55|2792800|43560040.00|1|0.0000|0.0000|0.0000|0|15.55
杭萧钢构|600477|-10.04|45484900|117264072.00|-3.58|-2.51|-10.04|2.51|2.69|2.72|2.51|45.48|2.79|17857729|49476552.00|1|0.0000|0.0000|0.0000|0|2.79
科力远|600478|-9.92|29648251|136167616.00|-6.94|-5.56|-9.92|4.54|4.69|4.76|4.54|29.65|5.04|28179021|141850112.00|1|0.0000|0.0000|0.0000|0|5.04
千金药业|600479|-8.25|13587167|133347728.00|-2.68|-2.68|-9.68|9.57|10.15|10.15|9.42|13.59|10.43|4505667|46881284.00|1|0.0000|0.0000|0.0000|0|10.43
凌云股份|600480|-10.02|7556200|108585304.00|-10.02|-9.83|-10.02|14.37|14.37|14.40|14.37|7.56|15.97|50253923|841921088.00|1|0.0000|0.0000|0.0000|0|15.97
双良节能|600481|-9.90|25767700|122925408.00|-6.67|-5.71|-9.90|4.73|4.90|4.95|4.73|25.77|5.25|19003008|100274504.00|1|0.0000|0.0000|0.0000|0|5.25
中国动力|600482|-9.99|23017600|456370976.00|-5.96|-5.68|-9.99|19.64|20.52|20.58|19.64|23.02|21.82|8033355|175110608.00|1|0.0000|0.0000|0.0000|0|21.82
福能股份|600483|-4.21|39616232|359461088.00|-3.89|-2.21|-7.58|9.10|9.13|9.29|8.78|39.62|9.50|30285055|285161984.00|1|0.0000|0.0000|0.0000|0|9.50
扬农化工|600486|-7.46|3581290|176745200.00|-3.88|-2.11|-9.93|48.63|50.51|51.44|47.33|3.58|52.55|2159339|113315264.00|1|0.0000|0.0000|0.0000|0|52.55
亨通光电|600487|-10.01|69122740|1016366912.00|-6.84|-4.91|-10.01|14.48|14.99|15.30|14.48|69.12|16.09|53128957|860631360.00|1|0.0000|0.0000|0.0000|0|16.09
津药药业|600488|-9.72|14076400|55948020.00|-3.01|-3.01|-9.95|3.90|4.19|4.19|3.89|14.08|4.32|7471950|32207796.00|1|0.0000|0.0000|0.0000|0|4.32
中金黄金|600489|-7.61|132103492|1659409792.00|-9.76|-4.14|-9.90|12.50|12.21|12.97|12.19|132.10|13.53|80602129|1105527424.00|1|0.0000|0.0000|0.0000|0|13.53
鹏欣资源|600490|-9.97|50629500|170449584.00|-8.89|-6.20|-9.97|3.34|3.38|3.48|3.34|50.63|3.71|62484002|231734960.00|1|0.0000|0.0000|0.0000|0|3.71
龙元建设|600491|-9.97|28000100|99853592.00|-4.35|-4.35|-9.97|3.52|3.74|3.74|3.52|28.00|3.91|11260200|43755636.00|1|0.0000|0.0000|0.0000|0|3.91
凤竹纺织|600493|-10.06|7288400|34965416.00|-4.93|-4.93|-10.06|4.74|5.01|5.01|4.74|7.29|5.27|6161602|32193842.00|1|0.0000|0.0000|0.0000|0|5.27
晋西车轴|600495|-9.90|37688548|136665696.00|-7.11|-3.81|-9.90|3.55|3.66|3.79|3.55|37.69|3.94|16380646|64556900.00|1|0.0000|0.0000|0.0000|0|3.94
精工钢构|600496|-9.70|47632865|147442240.00|-2.12|-2.12|-9.70|2.98|3.23|3.23|2.98|47.63|3.30|29767504|97784168.00|1|0.0000|0.0000|0.0000|0|3.30
驰宏锌锗|600497|-9.94|127678956|639036736.00|-5.52|-4.79|-9.94|4.89|5.13|5.17|4.89|127.68|5.43|56546903|306626976.00|1|0.0000|0.0000|0.0000|0|5.43
烽火通信|600498|-9.98|20291567|423257376.00|-8.19|-5.58|-9.98|20.66|21.07|21.67|20.66|20.29|22.95|34510522|792452480.00|1|0.0000|0.0000|0.0000|0|22.95
科达制造|600499|-9.95|27873702|221819360.00|-4.98|-3.82|-9.95|7.78|8.21|8.31|7.78|27.87|8.64|17712482|152195936.00|1|0.0000|0.0000|0.0000|0|8.64
中化国际|600500|-9.82|44362220|158918864.00|-5.17|-2.58|-10.08|3.49|3.67|3.77|3.48|44.36|3.87|19117780|73522584.00|1|0.0000|0.0000|0.0000|0|3.87
航天晨光|600501|-10.02|11965600|202211376.00|-4.71|-3.09|-10.02|16.62|17.60|17.90|16.62|11.97|18.47|16185400|304498880.00|1|0.0000|0.0000|0.0000|0|18.47
安徽建工|600502|-7.07|52371719|240041376.00|-2.29|-1.66|-8.52|4.47|4.70|4.73|4.40|52.37|4.81|24403694|117763776.00|1|0.0000|0.0000|0.0000|0|4.81
华丽家族|600503|-9.96|34853805|79756232.00|-4.38|-4.38|-9.96|2.26|2.40|2.40|2.26|34.85|2.51|21147037|53011588.00|1|0.0000|0.0000|0.0000|0|2.51
西昌电力|600505|-8.94|36087495|408444800.00|-6.43|0.00|-10.03|10.90|11.20|11.97|10.77|36.09|11.97|32837906|388386208.00|1|0.0000|0.0000|0.0000|0|11.97
统一股份|600506|-10.01|11502600|216235408.00|-9.05|-7.36|-10.01|18.70|18.90|19.25|18.70|11.50|20.78|19289291|406132672.00|1|0.0000|0.0000|0.0000|0|20.78
方大特钢|600507|-9.51|48166349|194658768.00|-2.55|-2.09|-9.98|3.90|4.20|4.22|3.88|48.17|4.31|14113945|60612660.00|1|0.0000|0.0000|0.0000|0|4.31
上海能源|600508|-9.96|8591620|96743136.00|-2.88|-2.88|-9.96|10.94|11.80|11.80|10.94|8.59|12.15|2513002|30512056.00|1|0.0000|0.0000|0.0000|0|12.15
天富能源|600509|-10.03|42715200|258883936.00|-4.26|-4.26|-10.03|5.92|6.30|6.30|5.92|42.72|6.58|23307801|153002128.00|1|0.0000|0.0000|0.0000|0|6.58
黑牡丹|600510|-10.04|11215100|53153440.00|-3.47|-3.47|-10.04|4.66|5.00|5.00|4.66|11.22|5.18|7277266|37671272.00|1|0.0000|0.0000|0.0000|0|5.18
国药股份|600511|-4.81|11671777|334856416.00|-2.97|-1.91|-9.10|28.87|29.43|29.75|27.57|11.67|30.33|4454489|134979920.00|1|0.0000|0.0000|0.0000|0|30.33
腾达建设|600512|-9.87|36658800|78998800.00|-2.15|-2.15|-9.87|2.10|2.28|2.28|2.10|36.66|2.33|22744600|52787652.00|1|0.0000|0.0000|0.0000|0|2.33
联环药业|600513|-10.03|16771352|162133408.00|-4.87|-2.58|-10.03|9.42|9.96|10.20|9.42|16.77|10.47|16309178|171026000.00|1|0.0000|0.0000|0.0000|0|10.47
海南机场|600515|-9.62|131999903|444204352.00|-2.20|-2.20|-9.89|3.29|3.56|3.56|3.28|132.00|3.64|59635649|217076288.00|1|0.0000|0.0000|0.0000|0|3.64
方大炭素|600516|-9.94|56958142|266063920.00|-3.18|-3.18|-9.94|4.53|4.87|4.87|4.53|56.96|5.03|11997469|60310368.00|1|0.0000|0.0000|0.0000|0|5.03
国网英大|600517|-10.02|33298290|155153648.00|-7.27|-3.34|-10.02|4.58|4.72|4.92|4.58|33.30|5.09|15298861|77890288.00|1|0.0000|0.0000|0.0000|0|5.09
康美药业|600518|-9.95|422409619|824016576.00|-3.79|-3.32|-9.95|1.90|2.03|2.04|1.90|422.41|2.11|129385369|273294080.00|1|0.0000|0.0000|0.0000|0|2.11
贵州茅台|600519|-4.39|10195267|15314738176.00|-3.11|-2.04|-6.81|1500.00|1520.01|1536.85|1462.00|10.20|1568.88|3548050|5557442048.00|1|0.0000|0.0000|0.0000|0|1568.88
三佳科技|600520|-9.99|4662300|130829728.00|-7.88|-5.94|-9.99|27.75|28.40|29.00|27.75|4.66|30.83|3155101|97611216.00|1|0.0000|0.0000|0.0000|0|30.83
华海药业|600521|-9.97|29855300|447416800.00|-5.05|-4.25|-9.97|14.63|15.43|15.56|14.63|29.86|16.25|19811756|323012672.00|1|0.0000|0.0000|0.0000|0|16.25
中天科技|600522|-9.96|90057474|1167001984.00|-6.01|-5.02|-9.96|12.74|13.30|13.44|12.74|90.06|14.15|54759343|776817792.00|1|0.0000|0.0000|0.0000|0|14.15
贵航股份|600523|-9.98|5303440|59611560.00|-7.33|-7.33|-9.98|11.18|11.51|11.51|11.18|5.30|12.42|4100700|51179772.00|1|0.0000|0.0000|0.0000|0|12.42
ST长园|600525|-9.90|31648600|115328832.00|-3.05|-2.28|-9.90|3.55|3.82|3.85|3.55|31.65|3.94|14889620|58987348.00|1|0.0000|0.0000|0.0000|0|3.94
菲达环保|600526|-10.08|13277700|60408716.00|-5.44|-4.84|-10.08|4.46|4.69|4.72|4.46|13.28|4.96|9609420|47639032.00|1|0.0000|0.0000|0.0000|0|4.96
江南高纤|600527|-9.77|53305680|104907824.00|-3.26|-3.26|-9.77|1.94|2.08|2.08|1.94|53.31|2.15|23422740|50034192.00|1|0.0000|0.0000|0.0000|0|2.15
中铁工业|600528|-7.81|36198034|283141472.00|-3.12|-2.04|-9.86|7.67|8.06|8.15|7.50|36.20|8.32|15428743|128233864.00|1|0.0000|0.0000|0.0000|0|8.32
山东药玻|600529|-9.04|21275203|466987104.00|-3.18|-2.59|-9.98|21.42|22.80|22.94|21.20|21.28|23.55|6316604|148737872.00|1|0.0000|0.0000|0.0000|0|23.55
交大昂立|600530|-9.98|7886350|35405896.00|-8.35|-3.46|-9.98|4.42|4.50|4.74|4.42|7.89|4.91|5234799|25533584.00|1|0.0000|0.0000|0.0000|0|4.91
豫光金铅|600531|-9.97|40717195|262578368.00|-8.29|-6.46|-9.97|6.41|6.53|6.66|6.41|40.72|7.12|26170600|187930144.00|1|0.0000|0.0000|0.0000|0|7.12
栖霞建设|600533|-10.00|21023301|42434436.00|-4.09|-4.09|-10.00|1.98|2.11|2.11|1.98|21.02|2.20|18775200|41292032.00|1|0.0000|0.0000|0.0000|0|2.20
天士力|600535|-7.37|33161597|493335200.00|-3.85|-2.05|-9.42|14.45|15.00|15.28|14.13|33.16|15.60|13741427|213521600.00|1|0.0000|0.0000|0.0000|0|15.60
中国软件|600536|1.50|75503041|3469388800.00|-2.36|7.50|-3.57|45.23|43.51|47.90|42.97|75.50|44.56|31527914|1411333376.00|1|0.0000|0.0000|0.0000|0|44.56
亿晶光电|600537|-10.00|49917600|145474176.00|-6.88|-5.63|-10.00|2.88|2.98|3.02|2.88|49.92|3.20|49063300|156360464.00|1|0.0000|0.0000|0.0000|0|3.20
国发股份|600538|-10.02|13443800|66147928.00|-5.94|-3.90|-10.02|4.85|5.07|5.18|4.85|13.44|5.39|8534200|46239720.00|1|0.0000|0.0000|0.0000|0|5.39
狮头股份|600539|-10.04|3202600|31056594.00|-9.94|-8.09|-10.04|9.68|9.69|9.89|9.68|3.20|10.76|4283500|45946312.00|1|0.0000|0.0000|0.0000|0|10.76
新赛股份|600540|10.09|29783408|139684176.00|10.09|10.09|10.09|4.69|4.69|4.69|4.69|29.78|4.26|29122162|121458704.00|1|0.0000|0.0000|0.0000|0|4.26
莫高股份|600543|-10.08|10075000|43824088.00|-3.57|-3.57|-10.08|4.28|4.59|4.59|4.28|10.08|4.76|3818600|18125470.00|1|0.0000|0.0000|0.0000|0|4.76
卓郎智能|600545|-10.09|22566500|46934108.00|-5.70|-4.82|-10.09|2.05|2.15|2.17|2.05|22.57|2.28|20921900|47698168.00|1|0.0000|0.0000|0.0000|0|2.28
山煤国际|600546|-9.92|32351882|326762624.00|-4.96|-4.41|-10.01|9.81|10.35|10.41|9.80|32.35|10.89|8672300|94153720.00|1|0.0000|0.0000|0.0000|0|10.89
山东黄金|600547|-3.17|70485557|1771663360.00|-8.36|-1.49|-8.36|25.36|24.00|25.80|24.00|70.49|26.19|42803846|1128927232.00|1|0.0000|0.0000|0.0000|0|26.19
深高速|600548|-5.33|13851951|151209648.00|-2.04|0.27|-7.55|10.66|11.03|11.29|10.41|13.85|11.26|6578400|73725520.00|1|0.0000|0.0000|0.0000|0|11.26
厦门钨业|600549|-8.66|41913353|776286272.00|-2.77|0.77|-9.99|17.82|18.97|19.66|17.56|41.91|19.51|15956051|310975840.00|1|0.0000|0.0000|0.0000|0|19.51
保变电气|600550|-9.97|46633415|371277728.00|-6.19|-4.70|-9.97|7.86|8.19|8.32|7.86|46.63|8.73|61166815|536462528.00|1|0.0000|0.0000|0.0000|0|8.73
时代出版|600551|-8.53|8656661|68523032.00|-3.55|-3.20|-9.83|7.72|8.14|8.17|7.61|8.66|8.44|4581479|38567908.00|1|0.0000|0.0000|0.0000|0|8.44
凯盛科技|600552|-9.99|25493600|268836608.00|-6.72|-5.68|-9.99|10.45|10.83|10.95|10.45|25.49|11.61|15869200|184805024.00|1|0.0000|0.0000|0.0000|0|11.61
天下秀|600556|-10.04|32062900|148064576.00|-6.50|-6.30|-10.04|4.57|4.75|4.76|4.57|32.06|5.08|34944318|176765984.00|1|0.0000|0.0000|0.0000|0|5.08
康缘药业|600557|-10.02|14294500|183643296.00|-3.89|-3.68|-10.02|12.48|13.33|13.36|12.48|14.29|13.87|20654655|287037408.00|1|0.0000|0.0000|0.0000|0|13.87
大西洋|600558|-10.06|36146078|163746496.00|-6.84|-5.03|-10.06|4.47|4.63|4.72|4.47|36.15|4.97|55311713|277774848.00|1|0.0000|0.0000|0.0000|0|4.97
老白干酒|600559|-8.87|33465581|584555968.00|-2.69|-1.61|-9.95|16.95|18.10|18.30|16.75|33.47|18.60|13190290|245515360.00|1|0.0000|0.0000|0.0000|0|18.60
金自天正|600560|-10.01|5307600|77524712.00|-6.03|-4.91|-10.01|14.47|15.11|15.29|14.47|5.31|16.08|4193700|67698624.00|1|0.0000|0.0000|0.0000|0|16.08
江西长运|600561|-10.00|4642900|24277960.00|-6.14|-3.51|-10.00|5.13|5.35|5.50|5.13|4.64|5.70|3920299|22233154.00|1|0.0000|0.0000|0.0000|0|5.70
国睿科技|600562|-7.50|15332365|291571936.00|-8.59|-1.34|-9.99|18.62|18.40|19.86|18.12|15.33|20.13|4849224|98150704.00|1|0.0000|0.0000|0.0000|0|20.13
法拉电子|600563|-10.00|3049336|292867680.00|-6.67|-6.21|-10.00|94.50|98.00|98.48|94.50|3.05|105.00|2577475|273576256.00|1|0.0000|0.0000|0.0000|0|105.00
济川药业|600566|-6.65|11094261|290954336.00|-3.74|-3.20|-8.41|25.99|26.80|26.95|25.50|11.09|27.84|5188076|145047824.00|1|0.0000|0.0000|0.0000|0|27.84
山鹰国际|600567|-10.06|174478232|287302464.00|-3.91|-3.91|-10.06|1.61|1.72|1.72|1.61|174.48|1.79|106364759|190509712.00|1|0.0000|0.0000|0.0000|0|1.79
ST中珠|600568|-5.07|8304600|10903005.00|-5.07|-3.62|-5.07|1.31|1.31|1.33|1.31|8.30|1.38|11918840|16137276.00|1|0.0000|0.0000|0.0000|0|1.38
安阳钢铁|600569|-9.78|36574950|61841888.00|-5.43|-3.80|-9.78|1.66|1.74|1.77|1.66|36.57|1.84|13088561|23910850.00|1|0.0000|0.0000|0.0000|0|1.84
恒生电子|600570|-10.01|47150747|1183080832.00|-8.20|-4.46|-10.01|24.80|25.30|26.33|24.80|47.15|27.56|19331026|535818944.00|1|0.0000|0.0000|0.0000|0|27.56
信雅达|600571|-10.02|12965783|206576848.00|-10.02|-7.64|-10.02|15.90|15.90|16.32|15.90|12.97|17.67|119328927|2099172096.00|1|0.0000|0.0000|0.0000|0|17.67
康恩贝|600572|-8.48|61445891|266775760.00|-1.74|-1.52|-9.57|4.21|4.52|4.53|4.16|61.45|4.60|21032686|96650440.00|1|0.0000|0.0000|0.0000|0|4.60
惠泉啤酒|600573|-5.88|8809914|97574296.00|-1.73|-1.47|-7.69|10.89|11.37|11.40|10.68|8.81|11.57|4805531|55085044.00|1|0.0000|0.0000|0.0000|0|11.57
淮河能源|600575|-6.27|142829899|488063840.00|-3.42|2.28|-9.69|3.29|3.39|3.59|3.17|142.83|3.51|98008700|340363872.00|1|0.0000|0.0000|0.0000|0|3.51
祥源文旅|600576|-4.08|19824905|172261264.00|-4.08|1.88|-9.71|8.69|8.69|9.23|8.18|19.82|9.06|9417992|86319272.00|1|0.0000|0.0000|0.0000|0|9.06
精达股份|600577|-10.04|75777084|501546464.00|-6.88|-5.78|-10.04|6.54|6.77|6.85|6.54|75.78|7.27|68563182|499038848.00|1|0.0000|0.0000|0.0000|0|7.27
京能电力|600578|-7.63|56513652|195015872.00|-3.00|-1.91|-9.81|3.39|3.56|3.60|3.31|56.51|3.67|26676826|97417848.00|1|0.0000|0.0000|0.0000|0|3.67
中化装备|600579|-9.95|8000200|54078032.00|-7.66|-6.05|-9.95|6.70|6.87|6.99|6.70|8.00|7.44|18281800|135968048.00|1|0.0000|0.0000|0.0000|0|7.44
卧龙电驱|600580|-9.98|33109900|770493184.00|-9.98|-6.92|-9.98|23.17|23.17|23.96|23.17|33.11|25.74|81427190|2119640832.00|1|0.0000|0.0000|0.0000|0|25.74
八一钢铁|600581|-9.94|39540332|124972520.00|-3.80|-2.63|-9.94|3.08|3.29|3.33|3.08|39.54|3.42|35198810|119851584.00|1|0.0000|0.0000|0.0000|0|3.42
天地科技|600582|-9.98|70249316|415978272.00|-3.90|-3.90|-9.98|5.77|6.16|6.16|5.77|70.25|6.41|36160620|231353024.00|1|0.0000|0.0000|0.0000|0|6.41
海油工程|600583|-9.98|89439863|458851296.00|-6.06|-5.53|-9.98|5.05|5.27|5.30|5.05|89.44|5.61|46587647|261319392.00|1|0.0000|0.0000|0.0000|0|5.61
长电科技|600584|-10.01|41439780|1293597696.00|-8.90|-5.73|-10.01|30.93|31.31|32.40|30.93|41.44|34.37|27634501|958376832.00|1|0.0000|0.0000|0.0000|0|34.37
海螺水泥|600585|-2.11|43286378|1016490048.00|-3.15|-0.91|-5.17|23.65|23.40|23.94|22.91|43.29|24.16|23339250|567510912.00|1|0.0000|0.0000|0.0000|0|24.16
金晶科技|600586|-10.00|30623110|143266928.00|-4.31|-3.14|-10.00|4.59|4.88|4.94|4.59|30.62|5.10|13395000|68142328.00|1|0.0000|0.0000|0.0000|0|5.10
新华医疗|600587|-9.93|18973433|291928640.00|-2.50|-0.98|-9.99|14.78|16.00|16.25|14.77|18.97|16.41|6620952|108990696.00|1|0.0000|0.0000|0.0000|0|16.41
用友网络|600588|-9.99|51625087|697300160.00|-6.14|-4.66|-9.99|13.33|13.90|14.12|13.33|51.63|14.81|37531435|560125120.00|1|0.0000|0.0000|0.0000|0|14.81
大位科技|600589|-10.01|79562400|517307168.00|-9.60|-6.12|-10.01|6.47|6.50|6.75|6.47|79.56|7.19|219208600|1564299904.00|1|0.0000|0.0000|0.0000|0|7.19
泰豪科技|600590|-4.60|71324483|689814080.00|-1.60|-0.70|-5.59|9.55|9.85|9.94|9.45|71.32|10.01|97531960|997511552.00|0|0.0000|0.0000|0.0000|0|10.01
龙溪股份|600592|-10.02|9840500|167346624.00|-8.05|-6.29|-10.02|16.88|17.25|17.58|16.88|9.84|18.76|55739500|1057486720.00|1|0.0000|0.0000|0.0000|0|18.76
大连圣亚|600593|1.81|24376900|826759808.00|-3.73|3.79|-7.88|34.90|33.00|35.58|31.58|24.38|34.28|16625681|548734464.00|1|0.0000|0.0000|0.0000|0|34.28
益佰制药|600594|-10.08|21994700|72146208.00|-3.36|-2.24|-10.08|3.21|3.45|3.49|3.21|21.99|3.57|12481600|44705136.00|1|0.0000|0.0000|0.0000|0|3.57
中孚实业|600595|-9.97|30199600|106904104.00|-9.46|-5.88|-9.97|3.52|3.54|3.68|3.52|30.20|3.91|56555481|222396000.00|1|0.0000|0.0000|0.0000|0|3.91
新安股份|600596|-9.94|23188800|179942560.00|-3.47|-2.28|-9.94|7.52|8.06|8.16|7.52|23.19|8.35|7290249|60699032.00|1|0.0000|0.0000|0.0000|0|8.35
光明乳业|600597|-6.87|29258619|233609600.00|-3.44|-1.18|-9.24|7.86|8.15|8.34|7.66|29.26|8.44|12021913|101053936.00|1|0.0000|0.0000|0.0000|0|8.44
北大荒|600598|10.04|168922774|2616652544.00|10.04|10.04|4.00|15.68|15.68|15.68|14.82|168.92|14.25|36061494|512048800.00|1|0.0000|0.0000|0.0000|0|14.25
*ST熊猫|600599|-4.98|718900|6868998.00|-4.98|-2.39|-4.98|9.55|9.55|9.81|9.55|0.72|10.05|702902|7041631.00|1|0.0000|0.0000|0.0000|0|10.05
青岛啤酒|600600|-1.92|14700491|1149547520.00|-1.76|0.33|-5.46|78.19|78.32|79.98|75.37|14.70|79.72|5939352|471094656.00|1|0.0000|0.0000|0.0000|0|79.72
方正科技|600601|-10.04|83618662|362461856.00|-8.37|-5.86|-10.04|4.30|4.38|4.50|4.30|83.62|4.78|64459135|309984960.00|1|0.0000|0.0000|0.0000|0|4.78
云赛智联|600602|-10.00|38245521|811922752.00|-7.69|-5.11|-10.00|20.96|21.50|22.10|20.96|38.25|23.29|49961725|1158221568.00|1|0.0000|0.0000|0.0000|0|23.29
广汇物流|600603|-5.04|1826700|12385621.00|-5.04|-4.76|-5.04|6.78|6.78|6.80|6.78|1.83|7.14|4683900|33471512.00|1|0.0000|0.0000|0.0000|0|7.14
市北高新|600604|-9.98|17166720|74065192.00|-4.67|-3.82|-9.98|4.24|4.49|4.53|4.24|17.17|4.71|7858597|37072572.00|1|0.0000|0.0000|0.0000|0|4.71
汇通能源|600605|-10.01|1842100|57081176.00|-6.38|-6.38|-10.01|30.76|32.00|32.00|30.76|1.84|34.18|2647633|91864128.00|1|0.0000|0.0000|0.0000|0|34.18
绿地控股|600606|-9.89|92451272|155098928.00|-4.40|-3.30|-9.89|1.64|1.74|1.76|1.64|92.45|1.82|53993372|98240328.00|1|0.0000|0.0000|0.0000|0|1.82
*ST沪科|600608|-4.92|522400|1614216.00|-4.92|-4.92|-4.92|3.09|3.09|3.09|3.09|0.52|3.25|1859892|6038759.00|1|0.0000|0.0000|0.0000|0|3.25
金杯汽车|600609|-10.07|8969900|46640432.00|-9.72|-7.29|-10.07|5.18|5.20|5.34|5.18|8.97|5.76|46377686|269135424.00|1|0.0000|0.0000|0.0000|0|5.76
中毅达|600610|-9.98|76210744|658681984.00|-9.98|-2.90|-9.98|8.39|8.39|9.05|8.39|76.21|9.32|140906942|1251541248.00|1|0.0000|0.0000|0.0000|0|9.32
大众交通|600611|-9.92|33524800|190042128.00|-9.12|-6.08|-9.92|5.63|5.68|5.87|5.63|33.52|6.25|23815083|149095104.00|1|0.0000|0.0000|0.0000|0|6.25
老凤祥|600612|-8.87|3285020|158149088.00|-4.14|-1.82|-10.00|46.94|49.38|50.57|46.36|3.29|51.51|1171400|60210352.00|1|0.0000|0.0000|0.0000|0|51.51
神奇制药|600613|-9.97|11823000|70719008.00|-3.53|-3.53|-9.97|5.87|6.29|6.29|5.87|11.82|6.52|6856200|44626672.00|1|0.0000|0.0000|0.0000|0|6.52
鑫源智造|600615|-9.98|3826159|42279044.00|-9.98|-7.03|-9.98|11.01|11.01|11.37|11.01|3.83|12.23|1986244|24284774.00|1|0.0000|0.0000|0.0000|0|12.23
金枫酒业|600616|-9.91|24005891|124219416.00|-2.52|-1.08|-9.91|5.00|5.41|5.49|5.00|24.01|5.55|17843101|99010336.00|1|0.0000|0.0000|0.0000|0|5.55
国新能源|600617|-10.00|26405060|60653924.00|-2.40|-2.00|-10.00|2.25|2.44|2.45|2.25|26.41|2.50|14875739|37053388.00|1|0.0000|0.0000|0.0000|0|2.50
氯碱化工|600618|-9.96|10956800|98654544.00|-5.49|-4.57|-9.96|8.86|9.30|9.39|8.86|10.96|9.84|9918484|97015960.00|1|0.0000|0.0000|0.0000|0|9.84
海立股份|600619|-10.03|29655684|348591520.00|-9.10|-5.86|-10.03|11.66|11.78|12.20|11.66|29.66|12.96|66142964|873991936.00|1|0.0000|0.0000|0.0000|0|12.96
天宸股份|600620|-9.98|5837461|27196108.00|-2.54|-2.54|-9.98|4.60|4.98|4.98|4.60|5.84|5.11|4506427|23018824.00|1|0.0000|0.0000|0.0000|0|5.11
华鑫股份|600621|-9.99|21675000|281299520.00|-5.59|-3.97|-9.99|12.71|13.33|13.56|12.71|21.68|14.12|9949727|140823008.00|1|0.0000|0.0000|0.0000|0|14.12
光大嘉宝|600622|-9.93|38050242|101572552.00|-4.45|-3.42|-9.93|2.63|2.79|2.82|2.63|38.05|2.92|48001069|140746336.00|1|0.0000|0.0000|0.0000|0|2.92
华谊集团|600623|-10.06|31143029|208910464.00|-4.82|-3.86|-10.06|6.53|6.91|6.98|6.53|31.14|7.26|11817561|85757840.00|1|0.0000|0.0000|0.0000|0|7.26
ST复华|600624|-9.97|10982000|70960784.00|-6.46|-6.04|-9.97|6.41|6.66|6.69|6.41|10.98|7.12|12961385|92858072.00|1|0.0000|0.0000|0.0000|0|7.12
申达股份|600626|-10.00|13314300|44763036.00|-8.38|-5.41|-10.00|3.33|3.39|3.50|3.33|13.31|3.70|8719000|32184576.00|1|0.0000|0.0000|0.0000|0|3.70
新世界|600628|-10.01|15173100|105037496.00|-3.20|-3.20|-10.01|6.74|7.25|7.25|6.74|15.17|7.49|8375420|62433556.00|1|0.0000|0.0000|0.0000|0|7.49
华建集团|600629|-9.97|16148200|116016016.00|-7.45|-5.81|-9.97|7.13|7.33|7.46|7.13|16.15|7.92|10647528|84549976.00|1|0.0000|0.0000|0.0000|0|7.92
龙头股份|600630|-10.01|8851900|69571800.00|-10.01|-7.02|-10.01|7.82|7.82|8.08|7.82|8.85|8.69|6767108|58828344.00|1|0.0000|0.0000|0.0000|0|8.69
浙数文化|600633|-10.03|17387100|210960176.00|-8.61|-6.44|-10.03|12.02|12.21|12.50|12.02|17.39|13.36|19106753|256269520.00|1|0.0000|0.0000|0.0000|0|13.36
大众公用|600635|-10.00|51171350|178272368.00|-5.26|-3.16|-10.00|3.42|3.60|3.68|3.42|51.17|3.80|19927232|75519544.00|1|0.0000|0.0000|0.0000|0|3.80
*ST国化|600636|-10.04|7393937|46307276.00|-3.93|-3.93|-10.04|6.18|6.60|6.60|6.18|7.39|6.87|4665200|31996982.00|1|0.0000|0.0000|0.0000|0|6.87
东方明珠|600637|-10.03|48767403|350453792.00|-3.60|-3.47|-10.03|7.00|7.50|7.51|7.00|48.77|7.78|15865589|123311720.00|1|0.0000|0.0000|0.0000|0|7.78
新黄浦|600638|-9.59|9861021|46109640.00|-5.28|-3.72|-9.98|4.62|4.84|4.92|4.60|9.86|5.11|5289200|26963972.00|1|0.0000|0.0000|0.0000|0|5.11
浦东金桥|600639|-10.04|11421469|120393336.00|-3.17|-2.99|-10.04|10.22|11.00|11.02|10.22|11.42|11.36|6422508|72602432.00|1|0.0000|0.0000|0.0000|0|11.36
国脉文化|600640|-10.03|9127100|100565208.00|-6.38|-3.07|-10.03|10.85|11.29|11.69|10.85|9.13|12.06|5702876|69047032.00|1|0.0000|0.0000|0.0000|0|12.06
先导基电|600641|-9.98|23513396|329548384.00|-6.28|-2.97|-9.98|13.62|14.18|14.68|13.62|23.51|15.13|15258539|230639088.00|1|0.0000|0.0000|0.0000|0|15.13
申能股份|600642|-3.35|48917265|440621440.00|-2.81|-0.22|-5.51|8.95|9.00|9.24|8.75|48.92|9.26|19093096|176014816.00|1|0.0000|0.0000|0.0000|0|9.26
爱建集团|600643|-9.96|26441272|122449960.00|-3.39|-2.79|-9.96|4.52|4.85|4.88|4.52|26.44|5.02|16340683|81832480.00|1|0.0000|0.0000|0.0000|0|5.02
乐山电力|600644|-9.62|33050586|221341328.00|-4.10|-1.41|-10.04|6.39|6.78|6.97|6.36|33.05|7.07|27855802|194537808.00|1|0.0000|0.0000|0.0000|0|7.07
中源协和|600645|-10.00|20484200|447226560.00|-6.96|-3.25|-10.00|21.33|22.05|22.93|21.33|20.48|23.70|20436514|497307552.00|1|0.0000|0.0000|0.0000|0|23.70
外高桥|600648|-9.99|9133691|101836480.00|-2.66|-2.66|-9.99|10.81|11.69|11.69|10.81|9.13|12.01|4641352|55747040.00|1|0.0000|0.0000|0.0000|0|12.01
城投控股|600649|-9.89|50533127|208835424.00|-3.37|-2.25|-9.89|4.01|4.30|4.35|4.01|50.53|4.45|38764859|174624000.00|1|0.0000|0.0000|0.0000|0|4.45
锦江在线|600650|-9.97|5610900|70674736.00|-5.13|-5.13|-9.97|12.46|13.13|13.13|12.46|5.61|13.84|3108318|43089080.00|1|0.0000|0.0000|0.0000|0|13.84
飞乐音响|600651|-10.05|22419100|85690344.00|-5.74|-5.26|-10.05|3.76|3.94|3.96|3.76|22.42|4.18|15224396|63955320.00|1|0.0000|0.0000|0.0000|0|4.18
申华控股|600653|-9.95|46617252|85718600.00|-2.99|-2.99|-9.95|1.81|1.95|1.95|1.81|46.62|2.01|24984120|50039828.00|1|0.0000|0.0000|0.0000|0|2.01
中安科|600654|-10.00|37702000|109779040.00|-5.00|-5.00|-10.00|2.88|3.04|3.04|2.88|37.70|3.20|18644305|59489624.00|1|0.0000|0.0000|0.0000|0|3.20
豫园股份|600655|-10.07|24456843|128442392.00|-1.77|-1.77|-10.07|5.09|5.56|5.56|5.09|24.46|5.66|10326615|58496236.00|1|0.0000|0.0000|0.0000|0|5.66
信达地产|600657|-10.05|24892919|97838992.00|-6.31|-3.97|-10.05|3.85|4.01|4.11|3.85|24.89|4.28|16487229|70717376.00|1|0.0000|0.0000|0.0000|0|4.28
电子城|600658|-9.98|12540948|47134576.00|-4.14|-4.14|-9.98|3.70|3.94|3.94|3.70|12.54|4.11|6863000|28180618.00|1|0.0000|0.0000|0.0000|0|4.11
福耀玻璃|600660|-5.66|31574083|1674781696.00|-5.11|-3.78|-9.14|53.68|53.99|54.75|51.70|31.57|56.90|11134282|633683136.00|1|0.0000|0.0000|0.0000|0|56.90
昂立教育|600661|-10.04|6643601|62595180.00|-7.24|-5.89|-10.04|9.32|9.61|9.75|9.32|6.64|10.36|4545107|46709724.00|1|0.0000|0.0000|0.0000|0|10.36
外服控股|600662|-10.07|14678527|73495944.00|-4.58|-2.93|-10.07|4.91|5.21|5.30|4.91|14.68|5.46|10510327|57367980.00|1|0.0000|0.0000|0.0000|0|5.46
陆家嘴|600663|-9.80|13630708|114291144.00|-2.00|-2.00|-10.02|8.10|8.80|8.80|8.08|13.63|8.98|8515999|76356808.00|1|0.0000|0.0000|0.0000|0|8.98
哈药股份|600664|-9.95|77549738|264875600.00|-4.30|-4.03|-9.95|3.35|3.56|3.57|3.35|77.55|3.72|54112570|201898512.00|1|0.0000|0.0000|0.0000|0|3.72
天地源|600665|-10.00|12105000|32094274.00|-3.45|-3.45|-10.00|2.61|2.80|2.80|2.61|12.11|2.90|9123332|26337664.00|1|0.0000|0.0000|0.0000|0|2.90
奥瑞德|600666|-9.89|60908740|156602352.00|-8.48|-4.95|-9.89|2.55|2.59|2.69|2.55|60.91|2.83|43235380|122855944.00|1|0.0000|0.0000|0.0000|0|2.83
太极实业|600667|-9.97|33932952|211010960.00|-8.65|-4.69|-9.97|6.14|6.23|6.50|6.14|33.93|6.82|14864198|101504936.00|1|0.0000|0.0000|0.0000|0|6.82
尖峰集团|600668|-8.73|9912951|100728944.00|-3.49|-3.31|-10.02|9.93|10.50|10.52|9.79|9.91|10.88|5468600|59101288.00|1|0.0000|0.0000|0.0000|0|10.88
天目药业|600671|-5.01|3148701|35551292.00|-4.67|-1.61|-5.01|11.18|11.22|11.58|11.18|3.15|11.77|4360382|50640780.00|1|0.0000|0.0000|0.0000|0|11.77
东阳光|600673|-9.98|33172945|297751296.00|-8.25|-4.58|-9.98|8.84|9.01|9.37|8.84|33.17|9.82|21746785|215278944.00|1|0.0000|0.0000|0.0000|0|9.82
川投能源|600674|-0.66|76700348|1264901760.00|-2.40|1.74|-4.73|16.59|16.30|16.99|15.91|76.70|16.70|38451678|636624640.00|1|0.0000|0.0000|0.0000|0|16.70
中华企业|600675|-9.45|35034396|89792224.00|-2.18|-1.45|-9.82|2.49|2.69|2.71|2.48|35.03|2.75|22394539|61276728.00|1|0.0000|0.0000|0.0000|0|2.75
交运股份|600676|-10.10|15585300|57505120.00|-5.91|-2.46|-10.10|3.65|3.82|3.96|3.65|15.59|4.06|8771118|35662468.00|1|0.0000|0.0000|0.0000|0|4.06
四川金顶|600678|-9.97|11060400|71528544.00|-4.07|-4.07|-9.97|6.41|6.83|6.83|6.41|11.06|7.12|8029751|56990656.00|1|0.0000|0.0000|0.0000|0|7.12
上海凤凰|600679|-9.98|7761100|87368008.00|-5.23|-5.15|-9.98|11.18|11.77|11.78|11.18|7.76|12.42|4665100|58006940.00|1|0.0000|0.0000|0.0000|0|12.42
百川能源|600681|-7.89|26729992|86000216.00|-1.75|-1.75|-9.06|3.15|3.36|3.36|3.11|26.73|3.42|12925702|44112572.00|1|0.0000|0.0000|0.0000|0|3.42
南京新百|600682|-10.06|19773183|118973616.00|-3.81|-3.81|-10.06|5.90|6.31|6.31|5.90|19.77|6.56|11119000|72835280.00|1|0.0000|0.0000|0.0000|0|6.56
京投发展|600683|-9.97|16405500|57561096.00|-3.41|-3.41|-9.97|3.43|3.68|3.68|3.43|16.41|3.81|8667800|32884842.00|1|0.0000|0.0000|0.0000|0|3.81
珠江股份|600684|-10.03|19144240|61005508.00|-6.88|-4.87|-10.03|3.14|3.25|3.32|3.14|19.14|3.49|15278124|53424800.00|1|0.0000|0.0000|0.0000|0|3.49
中船防务|600685|-9.98|13018934|275143936.00|-4.56|-4.51|-9.98|20.75|22.00|22.01|20.75|13.02|23.05|5800281|133624944.00|1|0.0000|0.0000|0.0000|0|23.05
金龙汽车|600686|-9.96|10430795|123576392.00|-8.81|-6.67|-9.96|11.75|11.90|12.18|11.75|10.43|13.05|32430800|430607008.00|1|0.0000|0.0000|0.0000|0|13.05
上海石化|600688|-9.76|51527665|161552112.00|-2.66|-2.66|-10.06|3.05|3.29|3.29|3.04|51.53|3.38|20135466|67834456.00|1|0.0000|0.0000|0.0000|0|3.38
上海三毛|600689|-9.98|2507600|26696612.00|-7.17|-6.06|-9.98|10.55|10.88|11.01|10.55|2.51|11.72|5560610|64806704.00|1|0.0000|0.0000|0.0000|0|11.72
海尔智家|600690|-10.00|100756311|2408824320.00|-6.56|-5.08|-10.00|23.58|24.48|24.87|23.58|100.76|26.20|67828093|1783119360.00|1|0.0000|0.0000|0.0000|0|26.20
潞化科技|600691|-9.95|24683100|47666708.00|-4.27|-3.79|-9.95|1.90|2.02|2.03|1.90|24.68|2.11|14636376|30635114.00|1|0.0000|0.0000|0.0000|0|2.11
亚通股份|600692|-9.96|6851200|49331968.00|-5.42|-4.79|-9.96|7.14|7.50|7.55|7.14|6.85|7.93|6205000|48748884.00|1|0.0000|0.0000|0.0000|0|7.93
东百集团|600693|-7.80|85286524|508081888.00|-4.23|2.76|-9.92|5.67|5.89|6.32|5.54|85.29|6.15|77914200|478959136.00|1|0.0000|0.0000|0.0000|0|6.15
大商股份|600694|-8.35|5253377|122291328.00|-4.03|-2.54|-10.00|22.73|23.80|24.17|22.32|5.25|24.80|2223364|55099840.00|1|0.0000|0.0000|0.0000|0|24.80
*ST岩石|600696|-10.00|11647601|96608024.00|-3.30|-3.30|-10.00|8.19|8.80|8.80|8.19|11.65|9.10|10861401|99692608.00|1|0.0000|0.0000|0.0000|0|9.10
欧亚集团|600697|-10.03|5561500|57093656.00|-4.39|-4.21|-10.03|10.05|10.68|10.70|10.05|5.56|11.17|2295600|25565028.00|1|0.0000|0.0000|0.0000|0|11.17
湖南天雁|600698|-9.97|17302800|94264632.00|-9.80|-6.15|-9.97|5.42|5.43|5.65|5.42|17.30|6.02|20082465|121298904.00|1|0.0000|0.0000|0.0000|0|6.02
均胜电子|600699|-10.01|18015863|282089504.00|-7.46|-7.46|-10.01|15.56|16.00|16.00|15.56|18.02|17.29|22267995|387671296.00|1|0.0000|0.0000|0.0000|0|17.29
舍得酒业|600702|-3.37|20544483|1176900480.00|-3.52|1.48|-8.25|56.84|56.75|59.69|53.97|20.54|58.82|17811730|1045553792.00|1|0.0000|0.0000|0.0000|0|58.82
三安光电|600703|-9.98|53142504|576502208.00|-6.94|-4.48|-9.98|10.64|11.00|11.29|10.64|53.14|11.82|22547549|267310432.00|1|0.0000|0.0000|0.0000|0|11.82
物产中大|600704|-10.08|106934047|507742016.00|-5.04|-3.88|-10.08|4.64|4.90|4.96|4.64|106.93|5.16|33483362|172294944.00|1|0.0000|0.0000|0.0000|0|5.16
曲江文旅|600706|-10.03|12681100|119437664.00|-4.09|-3.31|-10.03|9.24|9.85|9.93|9.24|12.68|10.27|10528900|107678728.00|1|0.0000|0.0000|0.0000|0|10.27
彩虹股份|600707|-10.05|14416500|98076152.00|-6.17|-6.17|-10.05|6.71|7.00|7.00|6.71|14.42|7.46|21639306|162145104.00|1|0.0000|0.0000|0.0000|0|7.46
光明地产|600708|-9.85|25295300|74980192.00|-6.46|-4.00|-9.85|2.93|3.04|3.12|2.93|25.30|3.25|13819114|45105192.00|1|0.0000|0.0000|0.0000|0|3.25
苏美达|600710|-9.95|12448200|112347952.00|-8.94|-5.83|-9.95|8.96|9.06|9.37|8.96|12.45|9.95|13375576|133704584.00|1|0.0000|0.0000|0.0000|0|9.95
盛屯矿业|600711|-5.00|9191700|50646268.00|-5.00|-5.00|-5.00|5.51|5.51|5.51|5.51|9.19|5.80|55142188|318096576.00|1|0.0000|0.0000|0.0000|0|5.80
南宁百货|600712|-10.06|16345700|79253480.00|-4.93|-3.80|-10.06|4.74|5.01|5.07|4.74|16.35|5.27|12022300|63118920.00|1|0.0000|0.0000|0.0000|0|5.27
南京医药|600713|-9.94|22790680|108558224.00|-3.51|-3.12|-9.94|4.62|4.95|4.97|4.62|22.79|5.13|11732413|59964724.00|1|0.0000|0.0000|0.0000|0|5.13
金瑞矿业|600714|-10.04|5970600|59682132.00|-7.78|-6.60|-10.04|9.95|10.20|10.33|9.95|5.97|11.06|6669800|73201704.00|1|0.0000|0.0000|0.0000|0|11.06
文投控股|600715|-5.12|21589800|44091180.00|-5.12|-3.72|-5.12|2.04|2.04|2.07|2.04|21.59|2.15|18298230|39014096.00|1|0.0000|0.0000|0.0000|0|2.15
凤凰股份|600716|-10.12|19500101|59940748.00|-4.46|-4.17|-10.12|3.02|3.21|3.22|3.02|19.50|3.36|11838330|39467240.00|1|0.0000|0.0000|0.0000|0|3.36
天津港|600717|-10.00|42230966|188011680.00|-2.50|-2.50|-10.00|4.32|4.68|4.68|4.32|42.23|4.80|24659594|117787232.00|1|0.0000|0.0000|0.0000|0|4.80
东软集团|600718|-10.00|34725883|353797056.00|-8.21|-5.62|-10.00|10.08|10.28|10.57|10.08|34.73|11.20|20907200|236095456.00|1|0.0000|0.0000|0.0000|0|11.20
大连热电|600719|-9.96|19281000|118630048.00|-5.79|-4.61|-9.96|6.06|6.34|6.42|6.06|19.28|6.73|13312100|89328864.00|1|0.0000|0.0000|0.0000|0|6.73
中交设计|600720|-10.02|15139485|118606760.00|-3.30|-3.07|-10.02|7.63|8.20|8.22|7.63|15.14|8.48|4939903|41906292.00|1|0.0000|0.0000|0.0000|0|8.48
百花医药|600721|-10.03|56351851|390631840.00|-5.01|-2.44|-10.03|6.64|7.01|7.20|6.64|56.35|7.38|54452502|398844064.00|1|0.0000|0.0000|0.0000|0|7.38
金牛化工|600722|-9.98|15706001|74490136.00|-4.61|-4.61|-9.98|4.69|4.97|4.97|4.69|15.71|5.21|12211700|63516588.00|1|0.0000|0.0000|0.0000|0|5.21
宁波富达|600724|-10.04|10201200|44439348.00|-4.18|-3.97|-10.04|4.30|4.58|4.59|4.30|10.20|4.78|7546400|36050360.00|1|0.0000|0.0000|0.0000|0|4.78
云维股份|600725|-10.12|41301300|122852280.00|-5.21|-5.21|-10.12|2.93|3.09|3.09|2.93|41.30|3.26|25025090|80963832.00|1|0.0000|0.0000|0.0000|0|3.26
华电能源|600726|-9.96|51038800|109547656.00|-3.46|-2.60|-9.96|2.08|2.23|2.25|2.08|51.04|2.31|28587899|65685008.00|1|0.0000|0.0000|0.0000|0|2.31
鲁北化工|600727|-10.00|50098300|396387200.00|-6.24|-2.94|-10.00|7.65|7.97|8.25|7.65|50.10|8.50|77429082|635416320.00|1|0.0000|0.0000|0.0000|0|8.50
佳都科技|600728|-9.90|47087200|216948448.00|-8.32|-4.36|-9.90|4.55|4.63|4.83|4.55|47.09|5.05|26641800|135010320.00|1|0.0000|0.0000|0.0000|0|5.05
重庆百货|600729|-7.30|7394829|215841744.00|-5.76|-1.90|-9.03|28.33|28.80|29.98|27.80|7.39|30.56|3843984|117534400.00|1|0.0000|0.0000|0.0000|0|30.56
中国高科|600730|-9.98|11838519|71364888.00|-3.48|-3.48|-9.98|5.95|6.38|6.38|5.95|11.84|6.61|10597400|69641336.00|1|0.0000|0.0000|0.0000|0|6.61
湖南海利|600731|-9.94|17239251|106662608.00|-4.67|-2.41|-9.94|5.98|6.33|6.48|5.98|17.24|6.64|16644350|109845024.00|1|0.0000|0.0000|0.0000|0|6.64
爱旭股份|600732|-9.96|24817325|269011072.00|-7.11|-5.27|-9.96|10.76|11.10|11.32|10.76|24.82|11.95|24718382|298123872.00|1|0.0000|0.0000|0.0000|0|11.95
北汽蓝谷|600733|-10.02|131305418|1012544960.00|-9.20|-6.13|-10.02|7.63|7.70|7.96|7.63|131.31|8.48|143846921|1232366848.00|1|0.0000|0.0000|0.0000|0|8.48
实达集团|600734|-10.09|66106908|275828384.00|-6.36|-4.39|-10.09|4.10|4.27|4.36|4.10|66.11|4.56|44248100|202922992.00|1|0.0000|0.0000|0.0000|0|4.56
ST新华锦|600735|-10.02|10439700|52801960.00|-8.77|-6.62|-10.02|5.03|5.10|5.22|5.03|10.44|5.59|23271801|129724672.00|1|0.0000|0.0000|0.0000|0|5.59
苏州高新|600736|-9.91|20405347|105023216.00|-6.02|-5.31|-9.91|5.09|5.31|5.35|5.09|20.41|5.65|7315702|41360364.00|1|0.0000|0.0000|0.0000|0|5.65
中粮糖业|600737|-5.92|44502205|417549888.00|-2.04|-1.02|-8.27|9.22|9.60|9.70|8.99|44.50|9.80|18173404|177331376.00|1|0.0000|0.0000|0.0000|0|9.80
丽尚国潮|600738|-7.99|26383500|118636992.00|-0.82|-0.82|-10.04|4.49|4.84|4.84|4.39|26.38|4.88|11618090|56618812.00|1|0.0000|0.0000|0.0000|0|4.88
辽宁成大|600739|-10.00|23191650|225455712.00|-5.28|-4.72|-10.00|9.54|10.04|10.10|9.54|23.19|10.60|7949217|84305120.00|1|0.0000|0.0000|0.0000|0|10.60
山西焦化|600740|-9.92|30194039|107356896.00|-4.18|-2.35|-9.92|3.45|3.67|3.74|3.45|30.19|3.83|11803838|45035672.00|1|0.0000|0.0000|0.0000|0|3.83
华域汽车|600741|-5.53|32596114|551487424.00|-4.23|-1.92|-7.34|16.74|16.97|17.38|16.42|32.60|17.72|13251040|234567040.00|1|0.0000|0.0000|0.0000|0|17.72
富维股份|600742|-10.01|10151228|84637752.00|-3.63|-3.63|-10.01|8.18|8.76|8.76|8.18|10.15|9.09|4351952|39532312.00|1|0.0000|0.0000|0.0000|0|9.09
华远控股|600743|-10.17|28038434|45398768.00|-3.39|-3.39|-10.17|1.59|1.71|1.71|1.59|28.04|1.77|17140750|30507424.00|1|0.0000|0.0000|0.0000|0|1.77
华银电力|600744|-9.91|77300100|247494512.00|-3.79|-2.62|-9.91|3.09|3.30|3.34|3.09|77.30|3.43|66052761|224171056.00|1|0.0000|0.0000|0.0000|0|3.43
闻泰科技|600745|-10.00|21497438|632681600.00|-4.94|-3.37|-10.00|28.80|30.42|30.92|28.80|21.50|32.00|10007721|322531712.00|1|0.0000|0.0000|0.0000|0|32.00
江苏索普|600746|3.77|74207355|637461248.00|-5.42|7.77|-7.30|8.81|8.03|9.15|7.87|74.21|8.49|36694185|305030528.00|1|0.0000|0.0000|0.0000|0|8.49
上实发展|600748|-10.03|16802300|50618656.00|-2.74|-2.43|-10.03|2.96|3.20|3.21|2.96|16.80|3.29|8939150|29284098.00|1|0.0000|0.0000|0.0000|0|3.29
西藏旅游|600749|-9.87|11226300|121693800.00|-3.86|-3.52|-9.96|10.50|11.20|11.24|10.49|11.23|11.65|6932860|80505160.00|1|0.0000|0.0000|0.0000|0|11.65
江中药业|600750|-3.51|13750475|307396704.00|-2.43|0.00|-6.63|22.28|22.53|23.09|21.56|13.75|23.09|7680005|176800800.00|1|0.0000|0.0000|0.0000|0|23.09
海航科技|600751|-9.96|45102700|115919904.00|-3.91|-3.91|-9.96|2.53|2.70|2.70|2.53|45.10|2.81|31207092|87776440.00|1|0.0000|0.0000|0.0000|0|2.81
*ST海钦|600753|-9.95|7690500|39575852.00|-3.91|-2.66|-9.95|5.07|5.41|5.48|5.07|7.69|5.63|8800510|49338060.00|1|0.0000|0.0000|0.0000|0|5.63
锦江酒店|600754|-8.39|12709134|314842528.00|-6.56|-2.17|-9.53|24.02|24.50|25.65|23.72|12.71|26.22|6998415|184407936.00|1|0.0000|0.0000|0.0000|0|26.22
厦门国贸|600755|-9.47|34341139|206305264.00|-3.11|-2.48|-9.94|5.83|6.24|6.28|5.80|34.34|6.44|9328620|60009088.00|1|0.0000|0.0000|0.0000|0|6.44
浪潮软件|600756|-9.99|6208968|87543592.00|-9.99|-7.23|-9.99|14.06|14.06|14.49|14.06|6.21|15.62|5717300|89660872.00|1|0.0000|0.0000|0.0000|0|15.62
长江传媒|600757|-2.97|38227320|338539168.00|-2.97|-0.11|-5.49|8.83|8.83|9.09|8.60|38.23|9.10|21465240|194327312.00|1|0.0000|0.0000|0.0000|0|9.10
辽宁能源|600758|-9.95|32861700|111909376.00|-5.11|-4.57|-9.95|3.35|3.53|3.55|3.35|32.86|3.72|20349900|75588296.00|1|0.0000|0.0000|0.0000|0|3.72
洲际油气|600759|-9.96|183777869|388979648.00|-8.23|-5.63|-9.96|2.08|2.12|2.18|2.08|183.78|2.31|121117200|278705696.00|1|0.0000|0.0000|0.0000|0|2.31
中航沈飞|600760|-3.96|34652243|1428184448.00|-2.93|-0.72|-9.04|41.24|41.68|42.63|39.06|34.65|42.94|13632008|584860608.00|1|0.0000|0.0000|0.0000|0|42.94
安徽合力|600761|-10.01|11572200|190988608.00|-8.26|-8.10|-10.01|16.45|16.77|16.80|16.45|11.57|18.28|36172835|664132864.00|1|0.0000|0.0000|0.0000|0|18.28
通策医疗|600763|-10.00|8814420|375544960.00|-3.70|-3.39|-10.00|41.40|44.30|44.44|41.40|8.81|46.00|3337708|152560832.00|1|0.0000|0.0000|0.0000|0|46.00
中国海防|600764|-10.01|10360899|273717312.00|-5.37|-2.81|-10.01|25.63|26.95|27.68|25.63|10.36|28.48|9794522|277016992.00|1|0.0000|0.0000|0.0000|0|28.48
中航重机|600765|-8.28|40339168|603489408.00|-4.77|-2.32|-9.97|14.62|15.18|15.57|14.35|40.34|15.94|26355523|418950304.00|1|0.0000|0.0000|0.0000|0|15.94
宁波富邦|600768|-10.03|2455000|20962784.00|-5.34|-4.27|-10.03|8.43|8.87|8.97|8.43|2.46|9.37|2150500|20089868.00|1|0.0000|0.0000|0.0000|0|9.37
祥龙电业|600769|-9.81|21081700|211573488.00|-7.22|-2.31|-10.00|9.74|10.02|10.55|9.72|21.08|10.80|26546579|284283104.00|1|0.0000|0.0000|0.0000|0|10.80
综艺股份|600770|-9.91|14657025|56626572.00|-6.13|-4.48|-9.91|3.82|3.98|4.05|3.82|14.66|4.24|6233603|26512106.00|1|0.0000|0.0000|0.0000|0|4.24
广誉远|600771|-9.49|14172021|238899648.00|-4.50|-1.94|-9.99|16.30|17.20|17.66|16.21|14.17|18.01|5358461|96278344.00|1|0.0000|0.0000|0.0000|0|18.01
西藏城投|600773|-9.95|12843100|119062760.00|-1.49|-1.49|-9.95|9.05|9.90|9.90|9.05|12.84|10.05|4394600|44134008.00|1|0.0000|0.0000|0.0000|0|10.05
汉商集团|600774|-10.00|6578800|48110248.00|-7.87|-4.37|-10.00|7.20|7.37|7.65|7.20|6.58|8.00|8901600|71020384.00|1|0.0000|0.0000|0.0000|0|8.00
南京熊猫|600775|-10.00|16788400|147673600.00|-9.28|-6.08|-10.00|8.73|8.80|9.11|8.73|16.79|9.70|11594700|113319528.00|1|0.0000|0.0000|0.0000|0|9.70
东方通信|600776|-10.04|13736100|137230912.00|-5.66|-5.29|-10.04|9.86|10.34|10.38|9.86|13.74|10.96|6488600|71362232.00|1|0.0000|0.0000|0.0000|0|10.96
*ST新潮|600777|5.08|282122059|758344576.00|5.08|5.08|3.52|2.69|2.69|2.69|2.65|282.12|2.56|6886569|17629616.00|1|0.0000|0.0000|0.0000|0|2.56
友好集团|600778|-10.06|18654600|106426472.00|-4.22|-1.79|-10.06|5.54|5.90|6.05|5.54|18.65|6.16|25503800|155006144.00|1|0.0000|0.0000|0.0000|0|6.16
水井坊|600779|-8.32|9210221|423391232.00|-4.57|-2.82|-9.99|45.15|47.00|47.86|44.33|9.21|49.25|6824568|337886656.00|1|0.0000|0.0000|0.0000|0|49.25
通宝能源|600780|-9.88|19768240|107887072.00|-2.73|-2.73|-10.05|5.29|5.71|5.71|5.28|19.77|5.87|12330147|71982480.00|1|0.0000|0.0000|0.0000|0|5.87
新钢股份|600782|-9.91|52515511|205951632.00|-4.01|-3.30|-9.91|3.82|4.07|4.10|3.82|52.52|4.24|36568380|154259152.00|1|0.0000|0.0000|0.0000|0|4.24
鲁信创投|600783|-10.03|7060300|79130512.00|-5.63|-3.51|-10.03|11.03|11.57|11.83|11.03|7.06|12.26|3683400|45231968.00|1|0.0000|0.0000|0.0000|0|12.26
鲁银投资|600784|-10.06|14790000|84422056.00|-4.95|-3.51|-10.06|5.63|5.95|6.04|5.63|14.79|6.26|17798673|110778520.00|1|0.0000|0.0000|0.0000|0|6.26
新华百货|600785|-7.53|15476072|171030384.00|-4.45|-0.43|-8.56|10.80|11.16|11.63|10.68|15.48|11.68|9302169|107838744.00|1|0.0000|0.0000|0.0000|0|11.68
中储股份|600787|-9.45|104740082|608231040.00|-2.16|2.32|-9.95|5.46|5.90|6.17|5.43|104.74|6.03|73759014|440168800.00|1|0.0000|0.0000|0.0000|0|6.03
鲁抗医药|600789|-9.97|135617012|1421894656.00|-3.97|-2.91|-9.97|10.20|10.88|11.00|10.20|135.62|11.33|232891924|2697364480.00|1|0.0000|0.0000|0.0000|0|11.33
轻纺城|600790|-9.97|25411967|84947016.00|-4.71|-2.77|-9.97|3.25|3.44|3.51|3.25|25.41|3.61|13256801|47475200.00|1|0.0000|0.0000|0.0000|0|3.61
京能置业|600791|-9.90|8118100|30846582.00|-7.97|-1.21|-9.90|3.73|3.81|4.09|3.73|8.12|4.14|5260073|21802672.00|1|0.0000|0.0000|0.0000|0|4.14
云煤能源|600792|-9.32|22975679|68094432.00|-2.80|-2.80|-9.94|2.92|3.13|3.13|2.90|22.98|3.22|9541900|30618738.00|1|0.0000|0.0000|0.0000|0|3.22
宜宾纸业|600793|-9.90|17434630|285146976.00|-2.99|9.53|-10.02|14.75|15.88|17.93|14.73|17.43|16.37|5145080|84572128.00|1|0.0000|0.0000|0.0000|0|16.37
保税科技|600794|-10.03|27042790|87507960.00|-2.29|-2.01|-10.03|3.14|3.41|3.42|3.14|27.04|3.49|18548800|64258724.00|1|0.0000|0.0000|0.0000|0|3.49
国电电力|600795|-4.81|399353683|1745321728.00|-3.72|-1.53|-7.88|4.35|4.40|4.50|4.21|399.35|4.57|176198185|803390976.00|1|0.0000|0.0000|0.0000|0|4.57
钱江生化|600796|-9.97|8073800|42222668.00|-5.07|-5.07|-9.97|5.15|5.43|5.43|5.15|8.07|5.72|5923700|33777560.00|1|0.0000|0.0000|0.0000|0|5.72
浙大网新|600797|-10.01|35170900|333681696.00|-9.91|-7.05|-10.01|9.44|9.45|9.75|9.44|35.17|10.49|103794041|1095072640.00|1|0.0000|0.0000|0.0000|0|10.49
宁波海运|600798|-9.84|23990260|67737184.00|-2.30|-2.30|-9.84|2.75|2.98|2.98|2.75|23.99|3.05|12187444|36950344.00|1|0.0000|0.0000|0.0000|0|3.05
渤海化学|600800|-9.97|18223200|48201856.00|-5.84|-5.84|-9.97|2.62|2.74|2.74|2.62|18.22|2.91|26535663|76939040.00|1|0.0000|0.0000|0.0000|0|2.91
华新建材|600801|-5.30|19136690|260948016.00|-4.53|-0.57|-7.28|13.39|13.50|14.06|13.11|19.14|14.14|19881548|278531648.00|1|0.0000|0.0000|0.0000|0|14.14
福建水泥|600802|-9.91|11141320|43793108.00|-9.68|-5.53|-9.91|3.91|3.92|4.10|3.91|11.14|4.34|9062560|38980780.00|1|0.0000|0.0000|0.0000|0|4.34
新奥股份|600803|-2.57|23452929|448184320.00|-3.42|-2.01|-6.84|19.36|19.19|19.47|18.51|23.45|19.87|12915349|253416592.00|1|0.0000|0.0000|0.0000|0|19.87
悦达投资|600805|-9.91|12917952|55047912.00|-5.17|-2.80|-9.91|4.18|4.40|4.51|4.18|12.92|4.64|7629300|35369588.00|1|0.0000|0.0000|0.0000|0|4.64
济高发展|600807|-9.96|19367182|47786364.00|-3.69|-3.69|-9.96|2.44|2.61|2.61|2.44|19.37|2.71|10272200|27718476.00|1|0.0000|0.0000|0.0000|0|2.71
马钢股份|600808|-10.09|76002180|220682480.00|-5.05|-3.79|-10.09|2.85|3.01|3.05|2.85|76.00|3.17|49737068|155828432.00|1|0.0000|0.0000|0.0000|0|3.17
山西汾酒|600809|-0.76|9447972|2011018112.00|-3.74|-0.53|-5.78|216.50|210.00|217.00|205.54|9.45|218.15|5398164|1171283968.00|1|0.0000|0.0000|0.0000|0|218.15
神马股份|600810|-9.94|16559670|121261976.00|-5.66|-4.28|-9.94|7.16|7.50|7.61|7.16|16.56|7.95|17664894|142794304.00|1|0.0000|0.0000|0.0000|0|7.95
华北制药|600812|-10.02|32866900|191956752.00|-3.18|-2.70|-10.02|5.66|6.09|6.12|5.66|32.87|6.29|30141300|190923680.00|1|0.0000|0.0000|0.0000|0|6.29
杭州解百|600814|-9.95|14073700|101463480.00|-7.91|-2.55|-9.95|7.06|7.22|7.64|7.06|14.07|7.84|7917664|62163500.00|1|0.0000|0.0000|0.0000|0|7.84
厦工股份|600815|-9.82|21027000|52931192.00|-6.55|-5.09|-9.82|2.48|2.57|2.61|2.48|21.03|2.75|10234340|28098922.00|1|0.0000|0.0000|0.0000|0|2.75
建元信托|600816|-10.00|60704100|161878640.00|-3.45|-3.10|-10.00|2.61|2.80|2.81|2.61|60.70|2.90|31159107|90352880.00|1|0.0000|0.0000|0.0000|0|2.90
宇通重工|600817|-10.02|5501800|60768528.00|-2.32|-2.32|-10.02|10.87|11.80|11.80|10.87|5.50|12.08|2916100|35201844.00|1|0.0000|0.0000|0.0000|0|12.08
中路股份|600818|-10.03|6249200|67092156.00|-3.99|-3.99|-10.03|10.59|11.30|11.30|10.59|6.25|11.77|4055701|47166844.00|1|0.0000|0.0000|0.0000|0|11.77
耀皮玻璃|600819|-10.02|9952805|48205928.00|-2.84|-2.84|-10.02|4.76|5.14|5.14|4.76|9.95|5.29|6466200|34027580.00|1|0.0000|0.0000|0.0000|0|5.29
隧道股份|600820|-8.04|51032394|304252608.00|-3.00|-2.84|-9.78|5.83|6.15|6.16|5.72|51.03|6.34|16465008|104320416.00|1|0.0000|0.0000|0.0000|0|6.34
金开新能|600821|-10.02|53394800|296964096.00|-6.34|-3.17|-10.02|5.39|5.61|5.80|5.39|53.39|5.99|26871600|160974304.00|1|0.0000|0.0000|0.0000|0|5.99
上海物贸|600822|-9.99|8336300|72081344.00|-5.36|-4.00|-9.99|8.56|9.00|9.13|8.56|8.34|9.51|4922401|46472388.00|1|0.0000|0.0000|0.0000|0|9.51
益民集团|600824|-10.05|44479596|171500656.00|-4.55|-4.31|-10.05|3.76|3.99|4.00|3.76|44.48|4.18|25267687|105581864.00|1|0.0000|0.0000|0.0000|0|4.18
新华传媒|600825|-9.97|17260400|102338232.00|-7.82|-5.67|-9.97|5.87|6.01|6.15|5.87|17.26|6.52|15023062|97986432.00|1|0.0000|0.0000|0.0000|0|6.52
兰生股份|600826|-9.94|9614916|68916328.00|-6.11|-4.33|-9.94|7.07|7.37|7.51|7.07|9.61|7.85|4010340|31394624.00|1|0.0000|0.0000|0.0000|0|7.85
百联股份|600827|-9.90|22223889|194987536.00|-3.83|-2.24|-10.01|8.46|9.03|9.18|8.45|22.22|9.39|13105660|122634024.00|1|0.0000|0.0000|0.0000|0|9.39
茂业商业|600828|-9.84|13257500|38768460.00|-2.22|-2.22|-9.84|2.84|3.08|3.08|2.84|13.26|3.15|11937900|37449592.00|1|0.0000|0.0000|0.0000|0|3.15
人民同泰|600829|-9.99|8229400|61655036.00|-4.99|-4.26|-9.99|7.39|7.80|7.86|7.39|8.23|8.21|6984200|57136328.00|1|0.0000|0.0000|0.0000|0|8.21
香溢融通|600830|-10.04|11456700|96608864.00|-4.64|-4.54|-10.04|8.33|8.83|8.84|8.33|11.46|9.26|11829900|109853856.00|1|0.0000|0.0000|0.0000|0|9.26
广电网络|600831|-5.04|2814700|7442456.00|-5.04|-3.24|-5.04|2.64|2.64|2.69|2.64|2.81|2.78|4186460|11577404.00|1|0.0000|0.0000|0.0000|0|2.78
第一医药|600833|-10.02|5887100|68495552.00|-5.95|-2.74|-10.02|11.49|12.01|12.42|11.49|5.89|12.77|2380600|30364864.00|1|0.0000|0.0000|0.0000|0|12.77
申通地铁|600834|-9.96|6704957|50330376.00|-2.83|-2.71|-9.96|7.32|7.90|7.91|7.32|6.70|8.13|2727300|22099214.00|1|0.0000|0.0000|0.0000|0|8.13
上海机电|600835|-9.99|10653473|212340256.00|-9.94|-5.43|-9.99|19.74|19.75|20.74|19.74|10.65|21.93|19603772|431685056.00|1|0.0000|0.0000|0.0000|0|21.93
上海九百|600838|-10.02|10827893|80818864.00|-4.65|-2.69|-10.02|7.36|7.80|7.96|7.36|10.83|8.18|5070701|41417464.00|1|0.0000|0.0000|0.0000|0|8.18
四川长虹|600839|-10.00|160330839|1456860032.00|-7.00|-6.50|-10.00|9.00|9.30|9.35|9.00|160.33|10.00|107314070|1078683264.00|1|0.0000|0.0000|0.0000|0|10.00
动力新科|600841|-9.95|15108300|77289776.00|-9.77|-4.44|-9.95|5.07|5.08|5.38|5.07|15.11|5.63|19587800|109845688.00|1|0.0000|0.0000|0.0000|0|5.63
上工申贝|600843|-10.03|10747200|115325360.00|-9.35|-7.67|-10.03|10.68|10.76|10.96|10.68|10.75|11.87|13460845|161090032.00|1|0.0000|0.0000|0.0000|0|11.87
金煤科技|600844|-9.84|69260101|194922560.00|-5.57|-1.64|-9.84|2.75|2.88|3.00|2.75|69.26|3.05|90714905|274096608.00|1|0.0000|0.0000|0.0000|0|3.05
宝信软件|600845|-8.50|29879692|786873216.00|-5.83|-3.48|-10.01|26.04|26.80|27.47|25.61|29.88|28.46|11765118|335383968.00|1|0.0000|0.0000|0.0000|0|28.46
同济科技|600846|-10.04|10717500|88328904.00|-5.08|-5.08|-10.04|8.15|8.60|8.60|8.15|10.72|9.06|3066073|27824440.00|1|0.0000|0.0000|0.0000|0|9.06
万里股份|600847|-9.97|1440900|12261344.00|-3.54|-3.54|-9.97|8.40|9.00|9.00|8.40|1.44|9.33|1844988|17136996.00|1|0.0000|0.0000|0.0000|0|9.33
上海临港|600848|-10.03|17353245|156282448.00|-2.38|-2.38|-10.03|8.70|9.44|9.44|8.70|17.35|9.67|7173400|69067296.00|1|0.0000|0.0000|0.0000|0|9.67
电科数字|600850|-10.02|13936147|311187648.00|-5.75|-5.05|-10.02|21.92|22.96|23.13|21.92|13.94|24.36|5177517|126472648.00|1|0.0000|0.0000|0.0000|0|24.36
海欣股份|600851|-10.04|19526805|129405888.00|-6.46|-4.54|-10.04|6.54|6.80|6.94|6.54|19.53|7.27|51608039|367376832.00|1|0.0000|0.0000|0.0000|0|7.27
龙建股份|600853|-9.95|31738396|111093360.00|-3.93|-3.66|-9.95|3.44|3.67|3.68|3.44|31.74|3.82|25212568|95572336.00|1|0.0000|0.0000|0.0000|0|3.82
春兰股份|600854|-10.00|11902700|51224084.00|-4.26|-3.83|-10.00|4.23|4.50|4.52|4.23|11.90|4.70|6982300|32750772.00|1|0.0000|0.0000|0.0000|0|4.70
航天长峰|600855|-9.99|10208745|100925800.00|-5.64|-3.89|-9.99|9.73|10.20|10.39|9.73|10.21|10.81|5142188|55721472.00|1|0.0000|0.0000|0.0000|0|10.81
宁波中百|600857|-9.99|11391000|97991976.00|-4.28|-0.55|-9.99|8.20|8.72|9.06|8.20|11.39|9.11|9027919|82258720.00|1|0.0000|0.0000|0.0000|0|9.11
银座股份|600858|-9.90|13181800|60610508.00|-3.03|-2.42|-9.90|4.46|4.80|4.83|4.46|13.18|4.95|9726100|47940372.00|1|0.0000|0.0000|0.0000|0|4.95
王府井|600859|-9.21|34947201|447257376.00|-2.78|-1.83|-10.01|12.42|13.30|13.43|12.31|34.95|13.68|13627184|186173616.00|1|0.0000|0.0000|0.0000|0|13.68
京城股份|600860|-10.00|6103800|69179840.00|-6.96|-6.96|-10.00|11.25|11.63|11.63|11.25|6.10|12.50|10668300|134305680.00|1|0.0000|0.0000|0.0000|0|12.50
北京人力|600861|-6.75|5288252|107250352.00|-5.71|-0.94|-9.43|19.77|19.99|21.00|19.20|5.29|21.20|2667001|56148692.00|1|0.0000|0.0000|0.0000|0|21.20
中航高科|600862|-9.32|20664172|455788960.00|-5.49|-3.84|-10.00|21.49|22.40|22.79|21.33|20.66|23.70|10880148|258594592.00|1|0.0000|0.0000|0.0000|0|23.70
内蒙华电|600863|-4.68|146676026|568276160.00|-2.46|-2.22|-7.39|3.87|3.96|3.97|3.76|146.68|4.06|57821838|233992880.00|1|0.0000|0.0000|0.0000|0|4.06
哈投股份|600864|-10.03|48249530|279605216.00|-3.82|-3.03|-10.03|5.65|6.04|6.09|5.65|48.25|6.28|29727794|185872208.00|1|0.0000|0.0000|0.0000|0|6.28
百大集团|600865|-10.00|7202200|57995560.00|-5.80|-4.77|-10.00|7.92|8.29|8.38|7.92|7.20|8.80|4722700|41340988.00|1|0.0000|0.0000|0.0000|0|8.80
星湖科技|600866|-8.22|49100180|306854592.00|-5.02|1.37|-10.05|6.03|6.24|6.66|5.91|49.10|6.57|15977827|104477072.00|1|0.0000|0.0000|0.0000|0|6.57
通化东宝|600867|-9.25|32584392|237738576.00|-2.31|-1.67|-10.03|7.06|7.60|7.65|7.00|32.58|7.78|11383408|88575864.00|1|0.0000|0.0000|0.0000|0|7.78
梅雁吉祥|600868|-10.00|73035910|207956384.00|-5.48|-4.19|-10.00|2.79|2.93|2.97|2.79|73.04|3.10|54428838|167863616.00|1|0.0000|0.0000|0.0000|0|3.10
远东股份|600869|-10.00|29178626|127759184.00|-8.33|-4.58|-10.00|4.32|4.40|4.58|4.32|29.18|4.80|25090004|121312456.00|1|0.0000|0.0000|0.0000|0|4.80
石化油服|600871|-9.90|156208000|277118944.00|-3.65|-3.65|-9.90|1.73|1.85|1.85|1.73|156.21|1.92|70025716|134168408.00|1|0.0000|0.0000|0.0000|0|1.92
中炬高新|600872|-10.02|18915084|369538528.00|-6.97|-3.72|-10.02|18.86|19.50|20.18|18.86|18.92|20.96|6606381|138151392.00|1|0.0000|0.0000|0.0000|0|20.96
梅花生物|600873|-1.43|67682981|707908288.00|-1.91|2.86|-3.53|10.33|10.28|10.78|10.11|67.68|10.48|16475015|172304416.00|1|0.0000|0.0000|0.0000|0|10.48
创业环保|600874|-9.81|23258291|128214328.00|-2.03|-1.86|-9.98|5.33|5.79|5.80|5.32|23.26|5.91|7937704|46779528.00|1|0.0000|0.0000|0.0000|0|5.91
东方电气|600875|-9.74|50718411|733360320.00|-3.91|-3.21|-10.00|14.08|14.99|15.10|14.04|50.72|15.60|28834382|451730336.00|1|0.0000|0.0000|0.0000|0|15.60
凯盛新能|600876|-9.98|5140700|45288076.00|-5.41|-4.26|-9.98|8.66|9.10|9.21|8.66|5.14|9.62|2568100|24587092.00|1|0.0000|0.0000|0.0000|0|9.62
电科芯片|600877|-10.01|14488308|166609904.00|-3.04|-3.04|-10.01|11.24|12.11|12.11|11.24|14.49|12.49|5592700|70002968.00|1|0.0000|0.0000|0.0000|0|12.49
航天电子|600879|-9.96|54326440|456127552.00|-4.87|-2.77|-9.96|8.14|8.60|8.79|8.14|54.33|9.04|22677100|205036336.00|1|0.0000|0.0000|0.0000|0|9.04
博瑞传播|600880|-10.00|23618100|99233824.00|-4.78|-4.13|-10.00|4.14|4.38|4.41|4.14|23.62|4.60|13176500|60353000.00|1|0.0000|0.0000|0.0000|0|4.60
亚泰集团|600881|-10.12|105174400|160914000.00|-5.36|-5.36|-10.12|1.51|1.59|1.59|1.51|105.17|1.68|36363700|61244944.00|1|0.0000|0.0000|0.0000|0|1.68
妙可蓝多|600882|-3.56|26957029|646141184.00|-6.34|3.89|-7.77|23.58|22.90|25.40|22.55|26.96|24.45|19110342|460833472.00|1|0.0000|0.0000|0.0000|0|24.45
博闻科技|600883|-9.77|10654464|69157752.00|-6.09|-3.68|-10.06|6.37|6.63|6.80|6.35|10.65|7.06|6704700|47255688.00|1|0.0000|0.0000|0.0000|0|7.06
杉杉股份|600884|-10.00|48816550|313217760.00|-6.57|-4.43|-10.00|6.30|6.54|6.69|6.30|48.82|7.00|22841800|160041920.00|1|0.0000|0.0000|0.0000|0|7.00
宏发股份|600885|-9.99|14364810|460417120.00|-7.79|-5.37|-9.99|31.53|32.30|33.15|31.53|14.36|35.03|8908490|313441472.00|1|0.0000|0.0000|0.0000|0|35.03
国投电力|600886|-3.16|94214671|1354429440.00|-3.30|-0.54|-6.46|14.39|14.37|14.78|13.90|94.21|14.86|49060167|724229312.00|1|0.0000|0.0000|0.0000|0|14.86
伊利股份|600887|-2.47|111579948|3074727680.00|-2.76|1.03|-5.80|27.59|27.51|28.58|26.65|111.58|28.29|43331553|1220247552.00|1|0.0000|0.0000|0.0000|0|28.29
新疆众和|600888|-9.82|33054086|220334208.00|-5.12|-4.84|-9.96|6.52|6.86|6.88|6.51|33.05|7.23|10694152|77179960.00|1|0.0000|0.0000|0.0000|0|7.23
南京化纤|600889|-9.98|6451600|96300440.00|-8.45|-4.74|-9.98|14.80|15.05|15.66|14.80|6.45|16.44|6989100|115367016.00|1|0.0000|0.0000|0.0000|0|16.44
*ST大晟|600892|-10.13|20801100|57811848.00|-5.23|-3.27|-10.13|2.75|2.90|2.96|2.75|20.80|3.06|34873320|106741688.00|1|0.0000|0.0000|0.0000|0|3.06
航发动力|600893|-3.03|48277884|1532441088.00|-4.41|0.55|-8.23|31.70|31.25|32.87|30.00|48.28|32.69|33830389|1106997376.00|1|0.0000|0.0000|0.0000|0|32.69
广日股份|600894|-10.02|11061729|122281912.00|-2.86|-2.86|-10.02|10.69|11.54|11.54|10.69|11.06|11.88|3849701|45733952.00|1|0.0000|0.0000|0.0000|0|11.88
张江高科|600895|-9.98|26008849|589641984.00|-6.67|-4.73|-9.98|22.28|23.10|23.58|22.28|26.01|24.75|12684224|314959104.00|1|0.0000|0.0000|0.0000|0|24.75
厦门空港|600897|-8.74|6322620|87404672.00|-4.44|-2.56|-10.02|13.57|14.21|14.49|13.38|6.32|14.87|1741180|25868542.00|1|0.0000|0.0000|0.0000|0|14.87
长江电力|600900|-0.25|325872228|9247372288.00|-1.27|1.62|-2.22|28.33|28.04|28.86|27.77|325.87|28.40|143798229|4054692608.00|1|0.0000|0.0000|0.0000|0|28.40
江苏金租|600901|-5.25|83997755|428408000.00|-2.81|-1.50|-6.94|5.05|5.18|5.25|4.96|84.00|5.33|29399721|156578720.00|1|0.0000|0.0000|0.0000|0|5.33
贵州燃气|600903|0.45|9912220|66028728.00|0.00|2.11|-0.60|6.68|6.65|6.79|6.61|9.91|6.65|8554036|57171980.00|0|0.0000|0.0000|0.0000|0|6.65
三峡能源|600905|-3.70|328814125|1377258624.00|-1.39|-1.15|-6.47|4.17|4.27|4.28|4.05|328.81|4.33|152657881|657344512.00|1|0.0000|0.0000|0.0000|0|4.33
财达证券|600906|-10.01|43180754|270761024.00|-3.68|-2.06|-10.01|6.11|6.54|6.65|6.11|43.18|6.79|23350089|159284928.00|1|0.0000|0.0000|0.0000|0|6.79
无锡银行|600908|-8.45|49424953|270828736.00|-2.59|-1.90|-10.00|5.31|5.65|5.69|5.22|49.42|5.80|21368727|123576144.00|1|0.0000|0.0000|0.0000|0|5.80
华安证券|600909|-9.95|59837243|310232928.00|-3.91|-3.91|-9.95|5.07|5.41|5.41|5.07|59.84|5.63|23376251|131678664.00|1|0.0000|0.0000|0.0000|0|5.63
中国黄金|600916|-9.79|55454206|451482880.00|-4.33|-4.21|-10.02|7.92|8.40|8.41|7.90|55.45|8.78|25263292|222222864.00|1|0.0000|0.0000|0.0000|0|8.78
重庆燃气|600917|-9.57|12599700|68688736.00|-1.20|-1.20|-9.91|5.29|5.78|5.78|5.27|12.60|5.85|4023610|23495912.00|1|0.0000|0.0000|0.0000|0|5.85
中泰证券|600918|-9.92|58471500|347803616.00|-3.41|-3.41|-9.92|5.81|6.23|6.23|5.81|58.47|6.45|19198074|123761528.00|1|0.0000|0.0000|0.0000|0|6.45
江苏银行|600919|-4.41|263135153|2449386496.00|-3.08|-2.46|-6.78|9.31|9.44|9.50|9.08|263.14|9.74|75660181|737016000.00|1|0.0000|0.0000|0.0000|0|9.74
苏能股份|600925|-5.93|20712400|103483256.00|-1.53|-1.15|-7.84|4.92|5.15|5.17|4.82|20.71|5.23|5847667|30562548.00|1|0.0000|0.0000|0.0000|0|5.23
杭州银行|600926|-5.05|100647619|1406315520.00|-2.73|-2.39|-7.24|13.90|14.24|14.29|13.58|100.65|14.64|52582849|768142464.00|1|0.0000|0.0000|0.0000|0|14.64
永安期货|600927|-10.01|8005099|98303080.00|-3.61|-3.09|-10.01|11.96|12.81|12.88|11.96|8.01|13.29|3107502|41219712.00|1|0.0000|0.0000|0.0000|0|13.29
西安银行|600928|-8.96|47206588|157463872.00|-1.96|-1.40|-10.08|3.25|3.50|3.52|3.21|47.21|3.57|17439974|62211104.00|1|0.0000|0.0000|0.0000|0|3.57
雪天盐业|600929|-9.40|25576667|127912048.00|-1.50|-1.50|-9.96|4.82|5.24|5.24|4.79|25.58|5.32|12169132|64563064.00|1|0.0000|0.0000|0.0000|0|5.32
爱柯迪|600933|-9.97|9047300|131129888.00|-8.60|-6.54|-9.97|14.45|14.67|15.00|14.45|9.05|16.05|17623492|288340192.00|1|0.0000|0.0000|0.0000|0|16.05
华塑股份|600935|-10.13|25820600|56628604.00|-2.53|-2.53|-10.13|2.13|2.31|2.31|2.13|25.82|2.37|11763600|27753962.00|1|0.0000|0.0000|0.0000|0|2.37
广西广电|600936|-9.86|21998300|71471192.00|-4.79|-4.79|-9.86|3.20|3.38|3.38|3.20|22.00|3.55|8936600|31720048.00|1|0.0000|0.0000|0.0000|0|3.55
中国海油|600938|-9.54|105193284|2456603904.00|-10.01|-7.13|-10.01|23.23|23.11|23.85|23.11|105.19|25.68|37238497|954447616.00|1|0.0000|0.0000|0.0000|0|25.68
重庆建工|600939|-9.81|17719800|43251908.00|-4.15|-3.77|-9.81|2.39|2.54|2.55|2.39|17.72|2.65|9182237|24310184.00|1|0.0000|0.0000|0.0000|0|2.65
中国移动|600941|-0.50|36828474|3965124096.00|-2.28|0.19|-4.03|108.45|106.50|109.20|104.60|36.83|108.99|17070515|1855977600.00|1|0.0000|0.0000|0.0000|0|108.99
维远股份|600955|-9.97|4754600|65891176.00|-8.57|-3.65|-9.97|13.55|13.76|14.50|13.55|4.75|15.05|1728294|25879230.00|1|0.0000|0.0000|0.0000|0|15.05
新天绿能|600956|-6.34|15103670|104246016.00|-3.58|-1.24|-8.13|6.80|7.00|7.17|6.67|15.10|7.26|4254124|30730844.00|1|0.0000|0.0000|0.0000|0|7.26
东方证券|600958|-9.71|88687691|764819904.00|-3.95|-3.95|-10.03|8.46|9.00|9.00|8.43|88.69|9.37|27095440|253722352.00|1|0.0000|0.0000|0.0000|0|9.37
江苏有线|600959|-9.85|69806380|215083040.00|-3.28|-3.28|-9.85|3.02|3.24|3.24|3.02|69.81|3.35|32002656|106936784.00|1|0.0000|0.0000|0.0000|0|3.35
渤海汽车|600960|-10.06|24479600|77564808.00|-4.60|-4.60|-10.06|3.13|3.32|3.32|3.13|24.48|3.48|19310700|67404400.00|1|0.0000|0.0000|0.0000|0|3.48
株冶集团|600961|-10.02|25195725|217152528.00|-5.59|-5.59|-10.02|8.53|8.95|8.95|8.53|25.20|9.48|23201847|217996064.00|1|0.0000|0.0000|0.0000|0|9.48
国投中鲁|600962|-10.03|3417401|40484048.00|-4.17|-3.63|-10.03|11.66|12.42|12.49|11.66|3.42|12.96|2655800|34243088.00|1|0.0000|0.0000|0.0000|0|12.96
岳阳林纸|600963|-9.98|26504342|114448104.00|-4.46|-3.18|-9.98|4.24|4.50|4.56|4.24|26.50|4.71|17139223|80626328.00|1|0.0000|0.0000|0.0000|0|4.71
福成股份|600965|10.00|78808215|466128576.00|5.56|10.00|5.19|5.94|5.70|5.94|5.68|78.81|5.40|35455882|190732816.00|1|0.0000|0.0000|0.0000|0|5.40
博汇纸业|600966|-10.04|17244512|72789352.00|-3.06|-2.84|-10.04|4.12|4.44|4.45|4.12|17.24|4.58|6061102|27756112.00|1|0.0000|0.0000|0.0000|0|4.58
内蒙一机|600967|-10.04|26715300|270652288.00|-6.20|-2.55|-10.04|9.86|10.28|10.68|9.86|26.72|10.96|20650872|224535072.00|1|0.0000|0.0000|0.0000|0|10.96
海油发展|600968|-10.00|88213400|313617920.00|-4.36|-4.10|-10.00|3.51|3.73|3.74|3.51|88.21|3.90|30654703|119972664.00|1|0.0000|0.0000|0.0000|0|3.90
郴电国际|600969|-10.06|12494280|78679256.00|-4.96|-4.23|-10.06|6.17|6.52|6.57|6.17|12.49|6.86|11488900|78392712.00|1|0.0000|0.0000|0.0000|0|6.86
中材国际|600970|-10.01|35080850|306248128.00|-4.11|-4.00|-10.01|8.54|9.10|9.11|8.54|35.08|9.49|16560996|157865936.00|1|0.0000|0.0000|0.0000|0|9.49
恒源煤电|600971|-8.60|17348346|135102112.00|-3.15|-2.54|-9.93|7.55|8.00|8.05|7.44|17.35|8.26|5290406|43688448.00|1|0.0000|0.0000|0.0000|0|8.26
宝胜股份|600973|-10.02|38933259|186686864.00|-7.37|-6.43|-10.02|4.76|4.90|4.95|4.76|38.93|5.29|81310308|435121920.00|1|0.0000|0.0000|0.0000|0|5.29
新五丰|600975|-1.66|84465187|515797728.00|-1.49|3.81|-3.15|5.94|5.95|6.27|5.85|84.47|6.04|22220820|133838360.00|1|0.0000|0.0000|0.0000|0|6.04
健民集团|600976|-5.70|3994706|182407216.00|-3.16|1.32|-7.15|44.21|45.40|47.50|43.53|3.99|46.88|1962659|90985720.00|1|0.0000|0.0000|0.0000|0|46.88
中国电影|600977|-8.51|25432623|256881360.00|-3.33|-3.05|-9.62|9.89|10.45|10.48|9.77|25.43|10.81|6907357|74610504.00|1|0.0000|0.0000|0.0000|0|10.81
广安爱众|600979|-10.05|164032296|942393216.00|-5.02|-1.13|-10.05|5.55|5.86|6.10|5.55|164.03|6.17|181436119|1098076544.00|1|0.0000|0.0000|0.0000|0|6.17
北矿科技|600980|-9.99|5173200|81301256.00|-6.08|-3.57|-9.99|15.40|16.07|16.50|15.40|5.17|17.11|3767751|64648864.00|1|0.0000|0.0000|0.0000|0|17.11
苏豪汇鸿|600981|-9.88|21832200|50616100.00|-5.14|-4.74|-9.88|2.28|2.40|2.41|2.28|21.83|2.53|10999648|27632806.00|1|0.0000|0.0000|0.0000|0|2.53
宁波能源|600982|-9.98|59681792|263833904.00|-5.61|-4.16|-9.98|4.33|4.54|4.61|4.33|59.68|4.81|54990659|263028768.00|1|0.0000|0.0000|0.0000|0|4.81
惠而浦|600983|-10.02|5091500|44911332.00|-4.13|-2.58|-10.02|8.71|9.28|9.43|8.71|5.09|9.68|3658700|35294568.00|1|0.0000|0.0000|0.0000|0|9.68
建设机械|600984|-10.03|19524402|62410768.00|-5.44|-4.58|-10.03|3.14|3.30|3.33|3.14|19.52|3.49|10493440|36756948.00|1|0.0000|0.0000|0.0000|0|3.49
淮北矿业|600985|-9.05|31796742|392707328.00|-3.47|-3.47|-10.03|12.06|12.80|12.80|11.93|31.80|13.26|10045408|132845560.00|1|0.0000|0.0000|0.0000|0|13.26
浙文互联|600986|-10.01|30068100|227874784.00|-10.01|-7.15|-10.01|7.55|7.55|7.79|7.55|30.07|8.39|55557377|469048352.00|1|0.0000|0.0000|0.0000|0|8.39
航民股份|600987|-6.49|20626266|140199280.00|-4.42|-3.31|-8.01|6.77|6.92|7.00|6.66|20.63|7.24|6912650|49799680.00|1|0.0000|0.0000|0.0000|0|7.24
赤峰黄金|600988|-4.89|104617307|2229473792.00|-9.83|-1.30|-9.83|21.20|20.10|22.00|20.10|104.62|22.29|84829529|1912676224.00|1|0.0000|0.0000|0.0000|0|22.29
宝丰能源|600989|-7.08|70541404|1005371904.00|-6.95|-4.09|-10.01|14.30|14.32|14.76|13.85|70.54|15.39|55244448|854076032.00|1|0.0000|0.0000|0.0000|0|15.39
四创电子|600990|-10.00|4842471|90133848.00|-4.66|-4.61|-10.00|18.35|19.44|19.45|18.35|4.84|20.39|3374619|69258808.00|1|0.0000|0.0000|0.0000|0|20.39
贵绳股份|600992|-10.01|7989478|103503936.00|-8.39|-3.03|-10.01|12.77|13.00|13.76|12.77|7.99|14.19|3406801|48274948.00|1|0.0000|0.0000|0.0000|0|14.19
马应龙|600993|-5.51|21012060|529895648.00|-4.10|-0.19|-7.94|24.88|25.25|26.28|24.24|21.01|26.33|20453380|536232928.00|1|0.0000|0.0000|0.0000|0|26.33
南网储能|600995|-9.45|23775723|216088928.00|-2.98|-1.95|-9.96|8.82|9.45|9.55|8.77|23.78|9.74|11008198|106516232.00|1|0.0000|0.0000|0.0000|0|9.74
贵广网络|600996|-9.98|16296118|143003376.00|-6.44|-4.37|-9.98|8.66|9.00|9.20|8.66|16.30|9.62|11879091|114584752.00|1|0.0000|0.0000|0.0000|0|9.62
开滦股份|600997|-10.06|17740051|116295016.00|-2.30|-0.86|-10.06|6.26|6.80|6.90|6.26|17.74|6.96|5753720|39887352.00|1|0.0000|0.0000|0.0000|0|6.96
九州通|600998|-9.84|54964964|258472912.00|-3.94|-2.56|-10.04|4.58|4.88|4.95|4.57|54.96|5.08|20587214|104770344.00|1|0.0000|0.0000|0.0000|0|5.08
招商证券|600999|-7.54|52781598|883507328.00|-4.05|-3.22|-9.98|16.67|17.30|17.45|16.23|52.78|18.03|11715517|211529312.00|1|0.0000|0.0000|0.0000|0|18.03
唐山港|601000|-5.73|93145012|405591584.00|-3.08|-0.88|-7.49|4.28|4.40|4.50|4.20|93.15|4.54|113247830|514307968.00|1|0.0000|0.0000|0.0000|0|4.54
晋控煤业|601001|-10.00|29066707|325222848.00|-3.88|-3.80|-10.00|10.89|11.63|11.64|10.89|29.07|12.10|8377738|101006816.00|1|0.0000|0.0000|0.0000|0|12.10
晋亿实业|601002|-10.02|13381900|55814340.00|-6.10|-5.66|-10.02|4.13|4.31|4.33|4.13|13.38|4.59|16479601|76707000.00|1|0.0000|0.0000|0.0000|0|4.59
柳钢股份|601003|-10.03|18903000|53681080.00|-2.91|-2.91|-10.03|2.78|3.00|3.00|2.78|18.90|3.09|9634780|29502084.00|1|0.0000|0.0000|0.0000|0|3.09
重庆钢铁|601005|-9.77|131748850|162373680.00|-3.01|-2.26|-9.77|1.20|1.29|1.30|1.20|131.75|1.33|45056701|59482096.00|1|0.0000|0.0000|0.0000|0|1.33
大秦铁路|601006|-2.41|183971840|1187358080.00|-1.96|-1.21|-4.98|6.47|6.50|6.55|6.30|183.97|6.63|70885818|468227584.00|1|0.0000|0.0000|0.0000|0|6.63
金陵饭店|601007|-9.54|15984360|103972544.00|-2.71|-2.28|-9.97|6.35|6.83|6.86|6.32|15.98|7.02|8678240|60644108.00|1|0.0000|0.0000|0.0000|0|7.02
连云港|601008|10.12|173184782|792189568.00|4.47|10.12|1.41|4.68|4.44|4.68|4.31|173.18|4.25|85863823|357549248.00|1|0.0000|0.0000|0.0000|0|4.25
南京银行|601009|-3.24|75827141|768847616.00|-1.81|-1.14|-5.62|10.16|10.31|10.38|9.91|75.83|10.50|30076744|315033088.00|1|0.0000|0.0000|0.0000|0|10.50
文峰股份|601010|-9.90|34419400|92367944.00|-5.46|-5.12|-9.90|2.64|2.77|2.78|2.64|34.42|2.93|21317200|62479460.00|1|0.0000|0.0000|0.0000|0|2.93
宝泰隆|601011|-9.84|42787900|99328712.00|-3.54|-3.54|-9.84|2.29|2.45|2.45|2.29|42.79|2.54|20372000|51412584.00|1|0.0000|0.0000|0.0000|0|2.54
隆基绿能|601012|-10.03|153699632|2208421120.00|-4.82|-4.82|-10.03|14.18|15.00|15.00|14.18|153.70|15.76|51242757|811316032.00|1|0.0000|0.0000|0.0000|0|15.76
陕西黑猫|601015|-9.94|33596305|96471312.00|-3.85|-3.85|-9.94|2.81|3.00|3.00|2.81|33.60|3.12|14219861|44118124.00|1|0.0000|0.0000|0.0000|0|3.12
节能风电|601016|-9.36|139932383|390696640.00|-2.34|-2.34|-10.03|2.71|2.92|2.92|2.69|139.93|2.99|64829413|192355648.00|1|0.0000|0.0000|0.0000|0|2.99
宁波港|601018|-8.02|60313617|211944112.00|-2.41|-2.41|-9.63|3.44|3.65|3.65|3.38|60.31|3.74|32479331|120854472.00|1|0.0000|0.0000|0.0000|0|3.74
山东出版|601019|-8.67|18612368|180856272.00|-2.34|-0.19|-10.04|9.37|10.02|10.24|9.23|18.61|10.26|14990574|151633392.00|1|0.0000|0.0000|0.0000|0|10.26
华钰矿业|601020|-9.98|72493277|1253063296.00|-7.11|-4.67|-9.98|16.96|17.50|17.96|16.96|72.49|18.84|55816754|1066590336.00|1|0.0000|0.0000|0.0000|0|18.84
春秋航空|601021|-4.75|9704219|481915680.00|-3.05|-1.72|-6.88|49.30|50.18|50.87|48.20|9.70|51.76|4205227|217322896.00|1|0.0000|0.0000|0.0000|0|51.76
宁波远洋|601022|-10.02|14257833|106841744.00|-3.42|-3.42|-10.02|7.36|7.90|7.90|7.36|14.26|8.18|6789211|55255560.00|1|0.0000|0.0000|0.0000|0|8.18
永兴股份|601033|-6.15|21414455|335069696.00|-3.38|0.62|-9.42|15.25|15.70|16.35|14.72|21.41|16.25|16701960|270508960.00|1|0.0000|0.0000|0.0000|0|16.25
一拖股份|601038|-9.48|11097000|142157120.00|-4.01|-3.06|-9.99|12.42|13.17|13.30|12.35|11.10|13.72|6469848|87699944.00|1|0.0000|0.0000|0.0000|0|13.72
赛轮轮胎|601058|-6.83|97989931|1170776576.00|-8.74|-6.06|-9.97|12.15|11.90|12.25|11.74|97.99|13.04|101316442|1325791488.00|1|0.0000|0.0000|0.0000|0|13.04
信达证券|601059|-9.99|47780127|691611520.00|-6.35|-4.65|-9.99|14.32|14.90|15.17|14.32|47.78|15.91|20367324|324298688.00|1|0.0000|0.0000|0.0000|0|15.91
中信金属|601061|-10.05|31971001|222596256.00|-6.66|-5.87|-10.05|6.89|7.15|7.21|6.89|31.97|7.66|10592967|80947816.00|1|0.0000|0.0000|0.0000|0|7.66
江盐集团|601065|-7.96|14817913|122436264.00|-2.16|-2.16|-8.87|8.09|8.60|8.60|8.01|14.82|8.79|4877918|42725780.00|1|0.0000|0.0000|0.0000|0|8.79
中信建投|601066|-5.22|38685023|899346560.00|-2.87|-2.31|-9.83|23.43|24.01|24.15|22.29|38.69|24.72|9975045|246724816.00|1|0.0000|0.0000|0.0000|0|24.72
中铝国际|601068|-9.89|26169900|112530040.00|-3.87|-2.80|-9.89|4.19|4.47|4.52|4.19|26.17|4.65|15530626|72164688.00|1|0.0000|0.0000|0.0000|0|4.65
西部黄金|601069|-9.97|57324458|888524608.00|-9.97|-5.34|-9.97|15.35|15.35|16.14|15.35|57.32|17.05|91581392|1517360512.00|1|0.0000|0.0000|0.0000|0|17.05
渝农商行|601077|-6.49|82931466|485394336.00|-2.60|-2.11|-8.93|5.76|6.00|6.03|5.61|82.93|6.16|30004065|183880016.00|1|0.0000|0.0000|0.0000|0|6.16
锦江航运|601083|-9.40|16632605|152307888.00|-3.98|-2.55|-10.01|8.87|9.40|9.54|8.81|16.63|9.79|10722980|104179760.00|1|0.0000|0.0000|0.0000|0|9.79
国芳集团|601086|9.92|62846500|357586688.00|9.92|9.92|2.10|5.76|5.76|5.76|5.35|62.85|5.24|20135200|104855080.00|1|0.0000|0.0000|0.0000|0|5.24
中国神华|601088|-4.16|71366078|2684872960.00|-2.41|-1.23|-5.54|37.34|38.02|38.48|36.80|71.37|38.96|24685855|957488768.00|1|0.0000|0.0000|0.0000|0|38.96
福元医药|601089|-9.50|6358716|94042792.00|-3.14|-3.14|-10.00|14.39|15.40|15.40|14.31|6.36|15.90|3367400|53708368.00|1|0.0000|0.0000|0.0000|0|15.90
宏盛华源|601096|-10.02|30179400|119801088.00|-2.56|-2.56|-10.02|3.86|4.18|4.18|3.86|30.18|4.29|12066643|51779524.00|1|0.0000|0.0000|0.0000|0|4.29
中南传媒|601098|-1.79|31677471|453117120.00|-3.23|-0.41|-3.98|14.30|14.09|14.50|13.98|31.68|14.56|15023250|217644384.00|1|0.0000|0.0000|0.0000|0|14.56
太平洋|601099|-10.10|235763715|836105152.00|-5.44|-3.37|-10.10|3.47|3.65|3.73|3.47|235.76|3.86|87606379|339432448.00|1|0.0000|0.0000|0.0000|0|3.86
恒立液压|601100|-10.00|11260125|798108736.00|-10.00|-7.46|-10.00|70.83|70.83|72.83|70.83|11.26|78.70|6368263|502176480.00|1|0.0000|0.0000|0.0000|0|78.70
昊华能源|601101|-9.91|18949891|128901152.00|-5.16|-3.39|-10.04|6.64|6.99|7.12|6.63|18.95|7.37|5596440|41083088.00|1|0.0000|0.0000|0.0000|0|7.37
中国一重|601106|-10.04|79172400|202939296.00|-5.38|-3.23|-10.04|2.51|2.64|2.70|2.51|79.17|2.79|56114666|157820112.00|1|0.0000|0.0000|0.0000|0|2.79
四川成渝|601107|-5.48|40719676|213183488.00|-2.01|0.18|-8.23|5.17|5.36|5.48|5.02|40.72|5.47|30624010|166635328.00|1|0.0000|0.0000|0.0000|0|5.47
财通证券|601108|-10.05|86284908|625596096.00|-4.58|-3.94|-10.05|7.07|7.50|7.55|7.07|86.28|7.86|20934734|164519552.00|1|0.0000|0.0000|0.0000|0|7.86
中国国航|601111|-3.89|131384246|905471168.00|-2.64|-1.81|-6.81|6.92|7.01|7.07|6.71|131.38|7.20|58203673|416980896.00|1|0.0000|0.0000|0.0000|0|7.20
华鼎股份|601113|-10.05|28958000|113376088.00|-6.78|-3.04|-10.05|3.85|3.99|4.15|3.85|28.96|4.28|13580700|58109788.00|1|0.0000|0.0000|0.0000|0|4.28
三江购物|601116|-9.98|12770433|135555456.00|-3.99|-2.78|-9.98|10.37|11.06|11.20|10.37|12.77|11.52|12942184|149002976.00|1|0.0000|0.0000|0.0000|0|11.52
中国化学|601117|-7.02|102923923|702193664.00|-2.89|-2.34|-9.63|6.76|7.06|7.10|6.57|102.92|7.27|33962041|247977504.00|1|0.0000|0.0000|0.0000|0|7.27
海南橡胶|601118|-9.94|69031300|317636832.00|-9.34|-4.77|-9.94|4.53|4.56|4.79|4.53|69.03|5.03|76426663|386524032.00|1|0.0000|0.0000|0.0000|0|5.03
宝地矿业|601121|-10.07|10793832|60122264.00|-6.27|-5.12|-10.07|5.45|5.68|5.75|5.45|10.79|6.06|5143690|31094990.00|1|0.0000|0.0000|0.0000|0|6.06
四方股份|601126|-8.82|25641852|404555776.00|-5.88|-3.00|-10.00|15.50|16.00|16.49|15.30|25.64|17.00|12761939|218691856.00|1|0.0000|0.0000|0.0000|0|17.00
赛力斯|601127|-8.67|46300966|5371513344.00|-4.23|-2.69|-10.00|113.80|119.33|121.25|112.14|46.30|124.60|11398468|1423169920.00|1|0.0000|0.0000|0.0000|0|124.60
常熟银行|601128|-4.67|103859598|705968000.00|-2.97|-2.12|-6.23|6.73|6.85|6.91|6.62|103.86|7.06|26471763|186366928.00|1|0.0000|0.0000|0.0000|0|7.06
柏诚股份|601133|-10.03|5276400|56178420.00|-5.74|-3.26|-10.03|10.50|11.00|11.29|10.50|5.28|11.67|3658100|42647968.00|1|0.0000|0.0000|0.0000|0|11.67
首创证券|601136|-9.39|37718718|741163648.00|-6.85|-3.80|-10.00|19.30|19.84|20.49|19.17|37.72|21.30|14701932|313859456.00|1|0.0000|0.0000|0.0000|0|21.30
博威合金|601137|-10.02|15662450|273774624.00|-8.93|-5.81|-10.02|17.34|17.55|18.15|17.34|15.66|19.27|17464236|341149952.00|1|0.0000|0.0000|0.0000|0|19.27
工业富联|601138|-9.97|33166200|568800320.00|-9.97|-9.97|-9.97|17.15|17.15|17.15|17.15|33.17|19.05|127476448|2469083136.00|1|0.0000|0.0000|0.0000|0|19.05
深圳燃气|601139|-7.09|33981253|217450032.00|-2.51|-2.07|-9.16|6.29|6.60|6.63|6.15|33.98|6.77|9152768|61790356.00|1|0.0000|0.0000|0.0000|0|6.77
新城控股|601155|-9.96|26052541|297504800.00|-5.14|-3.61|-9.96|11.21|11.81|12.00|11.21|26.05|12.45|13492209|169276560.00|1|0.0000|0.0000|0.0000|0|12.45
东航物流|601156|-10.01|26160300|330167872.00|-6.41|-6.41|-10.01|12.50|13.00|13.00|12.50|26.16|13.89|29844178|413070976.00|1|0.0000|0.0000|0.0000|0|13.89
重庆水务|601158|-5.07|26019104|124048976.00|-1.83|-0.41|-6.49|4.68|4.84|4.91|4.61|26.02|4.93|10834873|53253128.00|1|0.0000|0.0000|0.0000|0|4.93
天风证券|601162|-10.02|247592531|953546304.00|-7.40|-3.34|-10.02|3.77|3.88|4.05|3.77|247.59|4.19|124344101|523225728.00|1|0.0000|0.0000|0.0000|0|4.19
三角轮胎|601163|-9.98|9713585|134392400.00|-6.52|-3.53|-9.98|13.53|14.05|14.50|13.53|9.71|15.03|6108048|92146752.00|1|0.0000|0.0000|0.0000|0|15.03
兴业银行|601166|-4.96|174139850|3514105856.00|-4.15|-2.03|-7.13|20.13|20.30|20.75|19.67|174.14|21.18|39603084|838600000.00|1|0.0000|0.0000|0.0000|0|21.18
西部矿业|601168|-9.98|43902378|657852864.00|-9.98|-9.19|-9.98|14.98|14.98|15.11|14.98|43.90|16.64|34580719|575191296.00|1|0.0000|0.0000|0.0000|0|16.64
北京银行|601169|-5.90|226975078|1356073216.00|-2.55|-1.75|-7.66|5.90|6.11|6.16|5.79|226.98|6.27|73351629|457684128.00|1|0.0000|0.0000|0.0000|0|6.27
杭齿前进|601177|-9.99|6608400|101433360.00|-9.28|-6.97|-9.99|15.23|15.35|15.74|15.23|6.61|16.92|18349763|313599456.00|1|0.0000|0.0000|0.0000|0|16.92
中国西电|601179|-10.00|75793979|475489856.00|-3.68|-3.09|-10.00|6.12|6.55|6.59|6.12|75.79|6.80|47135924|320248800.00|1|0.0000|0.0000|0.0000|0|6.80
中国铁建|601186|-6.17|98078522|744976576.00|-3.09|-2.72|-10.00|7.60|7.85|7.88|7.29|98.08|8.10|30240903|244861600.00|1|0.0000|0.0000|0.0000|0|8.10
厦门银行|601187|-6.44|39434443|227274768.00|-2.48|-1.49|-8.91|5.67|5.91|5.97|5.52|39.43|6.06|16107310|96987776.00|1|0.0000|0.0000|0.0000|0|6.06
龙江交通|601188|-7.91|68944458|233127984.00|-3.95|-1.13|-9.89|3.26|3.40|3.50|3.19|68.94|3.54|56178114|197034768.00|1|0.0000|0.0000|0.0000|0|3.54
东兴证券|601198|-10.03|55727307|587079104.00|-5.71|-4.84|-10.03|10.40|10.90|11.00|10.40|55.73|11.56|26325258|304795392.00|1|0.0000|0.0000|0.0000|0|11.56
江南水务|601199|-9.94|15423000|78205600.00|-2.95|-2.03|-9.94|4.89|5.27|5.32|4.89|15.42|5.43|8915600|48239776.00|1|0.0000|0.0000|0.0000|0|5.43
上海环境|601200|-9.89|22770097|172716592.00|-4.76|-3.79|-10.01|7.38|7.80|7.88|7.37|22.77|8.19|9226775|75381648.00|1|0.0000|0.0000|0.0000|0|8.19
东材科技|601208|-9.97|12338200|102995784.00|-9.97|-7.37|-9.97|8.31|8.31|8.55|8.31|12.34|9.23|13795010|127857008.00|1|0.0000|0.0000|0.0000|0|9.23
国泰海通|601211|-9.87|141853245|2240748800.00|-5.43|-3.79|-9.98|15.44|16.20|16.48|15.42|141.85|17.13|29854244|512972160.00|1|0.0000|0.0000|0.0000|0|17.13
白银有色|601212|-9.97|100395500|266905136.00|-6.53|-4.81|-9.97|2.62|2.72|2.77|2.62|100.40|2.91|73257398|213997792.00|1|0.0000|0.0000|0.0000|0|2.91
君正集团|601216|-9.98|84735119|426835200.00|-5.63|-5.26|-9.98|4.96|5.20|5.22|4.96|84.74|5.51|35141746|193353424.00|1|0.0000|0.0000|0.0000|0|5.51
吉鑫科技|601218|-10.12|28429900|84810120.00|-3.99|-3.99|-10.12|2.93|3.13|3.13|2.93|28.43|3.26|20162400|65706356.00|1|0.0000|0.0000|0.0000|0|3.26
林洋能源|601222|-9.94|44630878|273926624.00|-3.46|-3.31|-9.94|5.98|6.41|6.42|5.98|44.63|6.64|16013103|106264464.00|1|0.0000|0.0000|0.0000|0|6.64
陕西煤业|601225|-5.13|82294574|1570031360.00|-4.24|-2.39|-7.28|19.03|19.21|19.58|18.60|82.29|20.06|31502140|629871936.00|1|0.0000|0.0000|0.0000|0|20.06
华电科工|601226|-10.02|19747382|114930296.00|-6.10|-4.23|-10.02|5.75|6.00|6.12|5.75|19.75|6.39|14229650|91256736.00|1|0.0000|0.0000|0.0000|0|6.39
广州港|601228|-8.46|73327300|227331136.00|-3.02|-1.81|-9.67|3.03|3.21|3.25|2.99|73.33|3.31|51415400|169465904.00|1|0.0000|0.0000|0.0000|0|3.31
上海银行|601229|-1.96|121012661|1203987456.00|-2.65|-0.69|-4.91|9.98|9.91|10.11|9.68|121.01|10.18|46157999|468157632.00|1|0.0000|0.0000|0.0000|0|10.18
环旭电子|601231|-9.97|10954177|153809904.00|-7.71|-6.48|-9.97|13.90|14.25|14.44|13.90|10.95|15.44|36327477|566641536.00|1|0.0000|0.0000|0.0000|0|15.44
桐昆股份|601233|-10.00|29550500|312387808.00|-8.19|-5.52|-10.00|10.44|10.65|10.96|10.44|29.55|11.60|25371126|295811040.00|1|0.0000|0.0000|0.0000|0|11.60
红塔证券|601236|-9.44|43794770|316769600.00|-4.59|-3.70|-9.95|7.10|7.48|7.55|7.06|43.79|7.84|17713827|138869632.00|1|0.0000|0.0000|0.0000|0|7.84
广汽集团|601238|-9.87|48119879|366117856.00|-4.33|-4.33|-9.99|7.49|7.95|7.95|7.48|48.12|8.31|21006542|174974720.00|1|0.0000|0.0000|0.0000|0|8.31
英利汽车|601279|-9.89|12793500|42441916.00|-3.57|-3.57|-9.89|3.28|3.51|3.51|3.28|12.79|3.64|11133400|40281512.00|1|0.0000|0.0000|0.0000|0|3.64
农业银行|601288|-3.64|1099362749|5559714304.00|-1.15|-0.96|-5.75|5.03|5.16|5.17|4.92|1099.36|5.22|500442189|2597099776.00|1|0.0000|0.0000|0.0000|0|5.22
青岛港|601298|-9.98|29646974|276980928.00|-7.19|-3.79|-9.98|9.02|9.30|9.64|9.02|29.65|10.02|46015696|465727968.00|1|0.0000|0.0000|0.0000|0|10.02
骆驼股份|601311|-9.95|21581300|162309360.00|-4.73|-4.61|-9.95|7.42|7.85|7.86|7.42|21.58|8.24|20193367|166941872.00|1|0.0000|0.0000|0.0000|0|8.24
中国平安|601318|-5.67|172755841|8362219520.00|-4.23|-3.32|-8.70|48.56|49.30|49.77|47.00|172.76|51.48|37334782|1927750528.00|1|0.0000|0.0000|0.0000|0|51.48
中国人保|601319|-8.10|121910600|803518656.00|-3.12|-0.99|-9.94|6.47|6.82|6.97|6.34|121.91|7.04|46998413|328908608.00|1|0.0000|0.0000|0.0000|0|7.04
秦港股份|601326|-9.65|43367152|139448576.00|-3.51|-1.46|-9.94|3.09|3.30|3.37|3.08|43.37|3.42|30221178|102703984.00|1|0.0000|0.0000|0.0000|0|3.42
交通银行|601328|-4.95|424856449|3121283072.00|-3.39|-0.52|-7.04|7.29|7.41|7.63|7.13|424.86|7.67|131902287|1005777664.00|1|0.0000|0.0000|0.0000|0|7.67
绿色动力|601330|-2.15|43963827|302237440.00|-3.86|2.29|-8.58|6.84|6.72|7.15|6.39|43.96|6.99|35923520|252233232.00|1|0.0000|0.0000|0.0000|0|6.99
广深铁路|601333|-6.48|101242207|282147552.00|-2.05|-1.71|-8.87|2.74|2.87|2.88|2.67|101.24|2.93|48922786|142586464.00|1|0.0000|0.0000|0.0000|0|2.93
新华保险|601336|-8.10|40570676|1920837632.00|-6.80|-5.48|-10.00|47.33|48.00|48.68|46.35|40.57|51.50|25106755|1306440064.00|1|0.0000|0.0000|0.0000|0|51.50
百隆东方|601339|-9.96|7851300|38919816.00|-4.06|-4.06|-9.96|4.88|5.20|5.20|4.88|7.85|5.42|8970200|48508660.00|1|0.0000|0.0000|0.0000|0|5.42
三六零|601360|-10.03|105105908|992071168.00|-5.50|-5.30|-10.03|9.33|9.80|9.82|9.33|105.11|10.37|41129260|428550368.00|1|0.0000|0.0000|0.0000|0|10.37
利群股份|601366|-9.01|12806200|56262160.00|-3.56|-3.35|-10.06|4.34|4.60|4.61|4.29|12.81|4.77|7428000|35222120.00|1|0.0000|0.0000|0.0000|0|4.77
绿城水务|601368|-7.82|16487600|75370480.00|-2.67|-1.44|-9.67|4.48|4.73|4.79|4.39|16.49|4.86|6208300|30024748.00|1|0.0000|0.0000|0.0000|0|4.86
陕鼓动力|601369|-8.30|24137186|200402752.00|-2.50|-1.82|-8.86|8.07|8.58|8.64|8.02|24.14|8.80|10050165|88450640.00|1|0.0000|0.0000|0.0000|0|8.80
中原证券|601375|-9.93|80770300|308073504.00|-3.63|-3.15|-9.93|3.72|3.98|4.00|3.72|80.77|4.13|33774010|139116496.00|1|0.0000|0.0000|0.0000|0|4.13
兴业证券|601377|-8.56|128036570|705409792.00|-4.36|-2.68|-10.07|5.45|5.70|5.80|5.36|128.04|5.96|30595810|181772752.00|1|0.0000|0.0000|0.0000|0|5.96
怡球资源|601388|-9.85|96601820|239151168.00|-4.17|-2.65|-9.85|2.38|2.53|2.57|2.38|96.60|2.64|119620520|310024928.00|1|0.0000|0.0000|0.0000|0|2.64
中国中铁|601390|-4.98|179583143|953670720.00|-2.14|-2.14|-8.19|5.34|5.50|5.50|5.16|179.58|5.62|66892476|375462656.00|1|0.0000|0.0000|0.0000|0|5.62
工商银行|601398|-1.89|849156726|5702039040.00|-1.31|-1.02|-4.21|6.76|6.80|6.82|6.60|849.16|6.89|306166881|2102242304.00|1|0.0000|0.0000|0.0000|0|6.89
国机重装|601399|-10.03|154429332|460052928.00|-4.39|-2.19|-10.03|2.87|3.05|3.12|2.87|154.43|3.19|181834496|586616832.00|1|0.0000|0.0000|0.0000|0|3.19
国联民生|601456|-9.99|45404984|429116224.00|-5.14|-3.98|-9.99|9.28|9.78|9.90|9.28|45.40|10.31|14115900|145866416.00|1|0.0000|0.0000|0.0000|0|10.31
通用股份|601500|-10.06|52641276|251319728.00|-9.87|-7.02|-10.06|4.74|4.75|4.90|4.74|52.64|5.27|97605491|523720064.00|1|0.0000|0.0000|0.0000|0|5.27
中新集团|601512|-8.92|6323100|44632004.00|-2.76|-2.76|-9.97|6.94|7.41|7.41|6.86|6.32|7.62|2564600|19528692.00|1|0.0000|0.0000|0.0000|0|7.62
衢州东峰|601515|-10.03|43131212|127613480.00|-3.76|-3.45|-10.03|2.87|3.07|3.08|2.87|43.13|3.19|27415377|88127216.00|1|0.0000|0.0000|0.0000|0|3.19
吉林高速|601518|-8.39|33764207|90757600.00|-2.45|-2.45|-9.79|2.62|2.79|2.79|2.58|33.76|2.86|15986946|45393160.00|1|0.0000|0.0000|0.0000|0|2.86
大智慧|601519|-2.86|189015611|1726652416.00|-4.76|4.66|-9.84|9.18|9.00|9.89|8.52|189.02|9.45|122142358|1176387584.00|1|0.0000|0.0000|0.0000|0|9.45
瑞丰银行|601528|-8.58|42228054|211682352.00|-2.99|-1.68|-9.89|4.90|5.20|5.27|4.83|42.23|5.36|13654954|73228392.00|1|0.0000|0.0000|0.0000|0|5.36
东吴证券|601555|-9.50|102473203|742275584.00|-4.11|-3.21|-10.01|7.05|7.47|7.54|7.01|102.47|7.79|28199210|220278768.00|1|0.0000|0.0000|0.0000|0|7.79
九牧王|601566|-10.01|4284300|34349856.00|-3.30|-3.30|-10.01|7.91|8.50|8.50|7.91|4.28|8.79|3584200|31480536.00|1|0.0000|0.0000|0.0000|0|8.79
三星医疗|601567|-10.00|14058064|371952320.00|-7.61|-1.86|-10.00|25.66|26.34|27.98|25.66|14.06|28.51|10171140|292306912.00|1|0.0000|0.0000|0.0000|0|28.51
北元集团|601568|-8.89|34291964|129658848.00|-2.22|-2.22|-9.88|3.69|3.96|3.96|3.65|34.29|4.05|13226928|53459396.00|1|0.0000|0.0000|0.0000|0|4.05
长沙银行|601577|-5.91|44644508|401908480.00|-3.06|-2.22|-8.45|8.91|9.18|9.26|8.67|44.64|9.47|18760778|176864544.00|1|0.0000|0.0000|0.0000|0|9.47
会稽山|601579|0.82|42801763|523558304.00|-3.77|5.98|-4.59|12.30|11.74|12.93|11.64|42.80|12.20|36524473|447133760.00|1|0.0000|0.0000|0.0000|0|12.20
北辰实业|601588|-9.83|35196100|55978984.00|-2.31|-1.73|-9.83|1.56|1.69|1.70|1.56|35.20|1.73|15879501|27524736.00|1|0.0000|0.0000|0.0000|0|1.73
上海电影|601595|-10.00|6206826|179969184.00|-6.98|-3.68|-10.00|28.35|29.30|30.34|28.35|6.21|31.50|8235522|260301264.00|1|0.0000|0.0000|0.0000|0|31.50
中国外运|601598|-9.90|35284210|168385584.00|-2.91|-2.91|-9.90|4.64|5.00|5.00|4.64|35.28|5.15|20791859|106742184.00|1|0.0000|0.0000|0.0000|0|5.15
浙文影业|601599|-10.11|19895301|66799004.00|-4.37|-4.10|-10.11|3.29|3.50|3.51|3.29|19.90|3.66|8477020|30923072.00|1|0.0000|0.0000|0.0000|0|3.66
中国铝业|601600|-10.04|176584500|1143802496.00|-9.34|-7.95|-10.04|6.45|6.50|6.60|6.45|176.58|7.17|205172086|1485656448.00|1|0.0000|0.0000|0.0000|0|7.17
中国太保|601601|-9.80|81891766|2427836928.00|-4.59|-4.03|-9.98|29.09|30.77|30.95|29.03|81.89|32.25|30906468|999011904.00|1|0.0000|0.0000|0.0000|0|32.25
长城军工|601606|-10.01|14940800|165165056.00|-4.42|-4.17|-10.01|10.79|11.46|11.49|10.79|14.94|11.99|7600900|91510032.00|1|0.0000|0.0000|0.0000|0|11.99
上海医药|601607|-6.02|24087519|429789824.00|-2.27|-2.22|-8.76|17.80|18.51|18.52|17.28|24.09|18.94|8026086|152021472.00|1|0.0000|0.0000|0.0000|0|18.94
中信重工|601608|-10.02|107965073|449088864.00|-8.93|-6.54|-10.02|4.13|4.18|4.29|4.13|107.97|4.59|164796699|766519296.00|1|0.0000|0.0000|0.0000|0|4.59
金田股份|601609|-10.05|18885715|107681528.00|-5.90|-5.90|-10.05|5.64|5.90|5.90|5.64|18.89|6.27|12407218|77894912.00|1|0.0000|0.0000|0.0000|0|6.27
中国核建|601611|-9.97|66680944|566429440.00|-4.82|-3.07|-9.97|8.22|8.69|8.85|8.22|66.68|9.13|71256712|655623616.00|1|0.0000|0.0000|0.0000|0|9.13
明阳智能|601615|-10.04|37590273|371900128.00|-5.99|-4.97|-10.04|9.77|10.21|10.32|9.77|37.59|10.86|19281334|210729136.00|1|0.0000|0.0000|0.0000|0|10.86
广电电气|601616|-9.91|21834400|87799712.00|-7.66|-6.53|-9.91|4.00|4.10|4.15|4.00|21.83|4.44|18835000|83622312.00|1|0.0000|0.0000|0.0000|0|4.44
中国中冶|601618|-8.82|207703286|589588288.00|-1.96|-1.63|-10.13|2.79|3.00|3.01|2.75|207.70|3.06|101561817|309899680.00|1|0.0000|0.0000|0.0000|0|3.06
嘉泽新能|601619|-6.17|123233291|444416928.00|-4.29|1.61|-9.65|3.50|3.57|3.79|3.37|123.23|3.73|79814867|293245248.00|1|0.0000|0.0000|0.0000|0|3.73
中国人寿|601628|-6.72|31926570|1109364992.00|-2.79|-2.79|-9.99|34.83|36.30|36.30|33.61|31.93|37.34|11629154|433910816.00|1|0.0000|0.0000|0.0000|0|37.34
长城汽车|601633|-9.99|30482345|697003904.00|-4.12|-4.12|-9.99|22.52|23.99|23.99|22.52|30.48|25.02|17646631|443461344.00|1|0.0000|0.0000|0.0000|0|25.02
旗滨集团|601636|-8.30|34787288|186844496.00|-3.29|-2.94|-10.03|5.30|5.59|5.61|5.20|34.79|5.78|9060023|52300936.00|1|0.0000|0.0000|0.0000|0|5.78
邮储银行|601658|-2.87|480821560|2435527424.00|-1.72|-1.15|-5.36|5.07|5.13|5.16|4.94|480.82|5.22|174088287|904773120.00|1|0.0000|0.0000|0.0000|0|5.22
齐鲁银行|601665|-5.98|60069601|350569472.00|-2.42|-2.26|-9.21|5.82|6.04|6.05|5.62|60.07|6.19|22978954|141565312.00|1|0.0000|0.0000|0.0000|0|6.19
平煤股份|601666|-7.22|37803404|312087136.00|-2.06|-2.06|-8.59|8.10|8.55|8.55|7.98|37.80|8.73|10159020|88543192.00|1|0.0000|0.0000|0.0000|0|8.73
中国建筑|601668|-4.33|507343176|2572821504.00|-2.07|-2.07|-6.59|5.08|5.20|5.20|4.96|507.34|5.31|201048374|1068249728.00|1|0.0000|0.0000|0.0000|0|5.31
中国电建|601669|-6.58|212421435|965768832.00|-2.26|-2.26|-9.88|4.54|4.75|4.75|4.38|212.42|4.86|77816355|377264352.00|1|0.0000|0.0000|0.0000|0|4.86
明泰铝业|601677|-9.98|34619695|399320608.00|-5.31|-4.91|-9.98|11.36|11.95|12.00|11.36|34.62|12.62|15418048|194779760.00|1|0.0000|0.0000|0.0000|0|12.62
滨化股份|601678|-9.75|77237746|286272608.00|-4.25|-3.25|-10.00|3.61|3.83|3.87|3.60|77.24|4.00|49014349|194284480.00|1|0.0000|0.0000|0.0000|0|4.00
友发集团|601686|-7.96|8439780|43124356.00|-2.35|-2.35|-9.95|5.09|5.40|5.40|4.98|8.44|5.53|1993700|10963900.00|1|0.0000|0.0000|0.0000|0|5.53
华泰证券|601688|-9.35|156983622|2335898368.00|-5.60|-4.86|-10.02|14.74|15.35|15.47|14.63|156.98|16.26|67389669|1095602176.00|1|0.0000|0.0000|0.0000|0|16.26
拓普集团|601689|-10.00|12793500|652512576.00|-9.91|-8.11|-10.00|50.95|51.00|52.02|50.95|12.79|56.61|26110607|1504883200.00|1|0.0000|0.0000|0.0000|0|56.61
中银证券|601696|-9.98|43151000|418442304.00|-4.56|-3.33|-9.98|9.47|10.04|10.17|9.47|43.15|10.52|10166166|107161240.00|1|0.0000|0.0000|0.0000|0|10.52
中国卫通|601698|-10.01|43502629|795014656.00|-4.30|-2.58|-10.01|17.80|18.93|19.27|17.80|43.50|19.78|27353618|539369728.00|1|0.0000|0.0000|0.0000|0|19.78
潞安环能|601699|-9.13|33722006|384842496.00|-2.53|-2.53|-10.02|11.15|11.96|11.96|11.04|33.72|12.27|7057713|86177296.00|1|0.0000|0.0000|0.0000|0|12.27
风范股份|601700|-9.89|17612520|73449920.00|-3.96|-3.96|-9.89|4.10|4.37|4.37|4.10|17.61|4.55|8686900|39451508.00|1|0.0000|0.0000|0.0000|0|4.55
华峰铝业|601702|-10.02|6009200|105422232.00|-6.09|-3.20|-10.02|17.15|17.90|18.45|17.15|6.01|19.06|5715109|108981752.00|1|0.0000|0.0000|0.0000|0|19.06
中创智领|601717|-8.95|69794442|983518464.00|-5.88|-5.42|-10.00|13.93|14.40|14.47|13.77|69.79|15.30|34691051|531752992.00|1|0.0000|0.0000|0.0000|0|15.30
际华集团|601718|-9.74|80466535|198524832.00|-3.00|-2.62|-10.11|2.41|2.59|2.60|2.40|80.47|2.67|33021046|87875024.00|1|0.0000|0.0000|0.0000|0|2.67
上海电气|601727|-9.95|170730386|1193371008.00|-7.07|-5.37|-9.95|6.88|7.10|7.23|6.88|170.73|7.64|70007515|535900800.00|1|0.0000|0.0000|0.0000|0|7.64
中国电信|601728|-1.99|255495936|1993771264.00|-2.62|-0.12|-5.35|7.87|7.82|8.02|7.60|255.50|8.03|118706727|947320064.00|1|0.0000|0.0000|0.0000|0|8.03
中国中车|601766|-7.67|235474545|1521748096.00|-2.75|-2.60|-9.41|6.38|6.72|6.73|6.26|235.47|6.91|81502128|563104192.00|1|0.0000|0.0000|0.0000|0|6.91
千里科技|601777|-9.96|61689301|470778944.00|-9.84|-4.20|-9.96|7.50|7.51|7.98|7.50|61.69|8.33|44310100|371523584.00|1|0.0000|0.0000|0.0000|0|8.33
晶科科技|601778|-9.86|82198100|216800288.00|-2.82|-2.46|-9.86|2.56|2.76|2.77|2.56|82.20|2.84|48800869|137782800.00|1|0.0000|0.0000|0.0000|0|2.84
光大证券|601788|-9.29|54434498|859785856.00|-5.32|-3.80|-9.99|15.52|16.20|16.46|15.40|54.43|17.11|14270458|244241632.00|1|0.0000|0.0000|0.0000|0|17.11
宁波建工|601789|-10.02|46768779|233665664.00|-6.19|-4.92|-10.02|4.94|5.15|5.22|4.94|46.77|5.49|39775100|218566400.00|1|0.0000|0.0000|0.0000|0|5.49
蓝科高新|601798|-10.02|10482100|61825544.00|-5.86|-4.47|-10.02|5.84|6.11|6.20|5.84|10.48|6.49|11186800|72592112.00|1|0.0000|0.0000|0.0000|0|6.49
星宇股份|601799|-9.99|2449589|296089632.00|-4.92|-3.48|-10.00|118.39|125.06|126.95|118.38|2.45|131.53|1093762|143782704.00|1|0.0000|0.0000|0.0000|0|131.53
中国交建|601800|-6.77|80490805|701475840.00|-2.36|-2.26|-9.88|8.68|9.09|9.10|8.39|80.49|9.31|27200400|252944224.00|1|0.0000|0.0000|0.0000|0|9.31
皖新传媒|601801|-7.69|32243799|212393216.00|-3.42|-2.85|-9.97|6.48|6.78|6.82|6.32|32.24|7.02|17179029|119796600.00|1|0.0000|0.0000|0.0000|0|7.02
中海油服|601808|-9.97|26222991|335197440.00|-7.05|-4.42|-9.97|12.64|13.05|13.42|12.64|26.22|14.04|11420268|160142112.00|1|0.0000|0.0000|0.0000|0|14.04
新华文轩|601811|-3.49|13021559|197679264.00|-1.87|1.68|-6.33|14.94|15.19|15.74|14.50|13.02|15.48|6424321|99771072.00|1|0.0000|0.0000|0.0000|0|15.48
京沪高铁|601816|-2.45|318766123|1766130048.00|-1.93|-0.53|-5.43|5.57|5.60|5.68|5.40|318.77|5.71|126184311|717126336.00|1|0.0000|0.0000|0.0000|0|5.71
光大银行|601818|-6.02|344035545|1248404096.00|-1.83|-1.57|-8.12|3.59|3.75|3.76|3.51|344.04|3.82|112041579|426992768.00|1|0.0000|0.0000|0.0000|0|3.82
沪农商行|601825|-3.25|39950765|332797056.00|-2.67|-1.51|-5.92|8.33|8.38|8.48|8.10|39.95|8.61|20487470|175238624.00|1|0.0000|0.0000|0.0000|0|8.61
三峰环境|601827|-8.83|12433100|98771008.00|-2.47|-2.00|-9.89|7.74|8.28|8.32|7.65|12.43|8.49|3859800|32702812.00|1|0.0000|0.0000|0.0000|0|8.49
美凯龙|601828|-10.06|28693165|81213696.00|-5.19|-3.25|-10.06|2.77|2.92|2.98|2.77|28.69|3.08|25775980|79452216.00|1|0.0000|0.0000|0.0000|0|3.08
成都银行|601838|-3.58|47076458|783809920.00|-2.77|-2.14|-6.70|16.70|16.84|16.95|16.16|47.08|17.32|14320995|247536640.00|1|0.0000|0.0000|0.0000|0|17.32
中国石油|601857|-9.83|395567456|2938412800.00|-7.37|-5.90|-9.95|7.34|7.54|7.66|7.33|395.57|8.14|119507942|968689472.00|1|0.0000|0.0000|0.0000|0|8.14
中国科传|601858|-9.99|4310500|78427280.00|-3.82|-3.82|-9.99|17.92|19.15|19.15|17.92|4.31|19.91|2926036|58151160.00|1|0.0000|0.0000|0.0000|0|19.91
紫金银行|601860|-7.42|109238098|292718944.00|-1.77|-1.41|-9.19|2.62|2.78|2.79|2.57|109.24|2.83|46046213|129909064.00|1|0.0000|0.0000|0.0000|0|2.83
福莱特|601865|-10.00|12417234|196341904.00|-5.83|-5.83|-10.00|15.75|16.48|16.48|15.75|12.42|17.50|10432293|184371248.00|1|0.0000|0.0000|0.0000|0|17.50
中远海发|601866|-9.79|111497371|241958384.00|-2.55|-2.55|-9.79|2.12|2.29|2.29|2.12|111.50|2.35|57511479|134849776.00|1|0.0000|0.0000|0.0000|0|2.35
中国能建|601868|-5.65|581213112|1273864960.00|-1.74|-1.30|-7.39|2.17|2.26|2.27|2.13|581.21|2.30|249881703|574089920.00|1|0.0000|0.0000|0.0000|0|2.30
长飞光纤|601869|-10.00|6044800|190237024.00|-5.88|-3.26|-10.00|30.60|32.00|32.89|30.60|6.04|34.00|3617400|123027488.00|1|0.0000|0.0000|0.0000|0|34.00
招商轮船|601872|-9.92|97186187|572512640.00|-4.50|-4.50|-9.92|5.81|6.16|6.16|5.81|97.19|6.45|49015014|315859264.00|1|0.0000|0.0000|0.0000|0|6.45
正泰电器|601877|-9.99|22346100|482468864.00|-6.46|-4.38|-9.99|21.17|22.00|22.49|21.17|22.35|23.52|7825829|184809392.00|1|0.0000|0.0000|0.0000|0|23.52
浙商证券|601878|-9.99|98681680|1035264704.00|-4.82|-3.77|-9.99|10.27|10.86|10.98|10.27|98.68|11.41|32343481|369176672.00|1|0.0000|0.0000|0.0000|0|11.41
辽港股份|601880|-9.74|167536126|240763056.00|-3.25|-2.60|-9.74|1.39|1.49|1.50|1.39|167.54|1.54|106444876|161624608.00|1|0.0000|0.0000|0.0000|0|1.54
中国银河|601881|-9.98|124169248|1870504576.00|-5.36|-4.08|-9.98|14.79|15.55|15.76|14.79|124.17|16.43|51126093|841702144.00|1|0.0000|0.0000|0.0000|0|16.43
海天精工|601882|-10.00|4956500|96072992.00|-6.38|-5.26|-10.00|19.18|19.95|20.19|19.18|4.96|21.31|5310000|115339584.00|1|0.0000|0.0000|0.0000|0|21.31
江河集团|601886|-10.00|25423589|146008096.00|-3.23|-3.06|-10.00|5.58|6.00|6.01|5.58|25.42|6.20|12948800|79881800.00|1|0.0000|0.0000|0.0000|0|6.20
中国中免|601888|-6.65|31385364|1784184576.00|-2.64|-2.64|-9.65|56.57|59.00|59.00|54.75|31.39|60.60|9364542|566519232.00|1|0.0000|0.0000|0.0000|0|60.60
亚星锚链|601890|-10.03|64745915|525825728.00|-6.43|-4.28|-10.03|7.98|8.30|8.49|7.98|64.75|8.87|94170906|838239168.00|1|0.0000|0.0000|0.0000|0|8.87
中煤能源|601898|-6.44|58108602|566666112.00|-3.65|-3.08|-9.42|9.73|10.02|10.08|9.42|58.11|10.40|28793594|297982080.00|1|0.0000|0.0000|0.0000|0|10.40
紫金矿业|601899|-9.94|488035941|7566671872.00|-9.99|-7.36|-9.99|15.41|15.40|15.85|15.40|488.04|17.11|216426825|3702083072.00|1|0.0000|0.0000|0.0000|0|17.11
南方传媒|601900|-8.83|15612655|243855152.00|-3.23|-0.67|-9.98|14.98|15.90|16.32|14.79|15.61|16.43|11503569|186915984.00|1|0.0000|0.0000|0.0000|0|16.43
方正证券|601901|-9.97|101813811|729454656.00|-6.65|-4.73|-9.97|7.04|7.30|7.45|7.04|101.81|7.82|30002880|234556176.00|1|0.0000|0.0000|0.0000|0|7.82
京运通|601908|-9.81|42755800|104432992.00|-4.53|-2.26|-9.81|2.39|2.53|2.59|2.39|42.76|2.65|24844500|65609472.00|1|0.0000|0.0000|0.0000|0|2.65
浙商银行|601916|-4.36|378095586|1081447296.00|-2.01|-1.34|-6.71|2.85|2.92|2.94|2.78|378.10|2.98|194008777|575912256.00|1|0.0000|0.0000|0.0000|0|2.98
新集能源|601918|-8.16|45751640|290840384.00|-4.08|-4.08|-9.91|6.30|6.58|6.58|6.18|45.75|6.86|20631644|141233872.00|1|0.0000|0.0000|0.0000|0|6.86
中远海控|601919|-10.03|221371899|2846381824.00|-8.33|-6.78|-10.03|12.74|12.98|13.20|12.74|221.37|14.16|122293171|1736069632.00|1|0.0000|0.0000|0.0000|0|14.16
浙版传媒|601921|-7.57|36626594|273116416.00|-3.15|-3.15|-8.70|7.33|7.68|7.68|7.24|36.63|7.93|12588800|99546992.00|1|0.0000|0.0000|0.0000|0|7.93
凤凰传媒|601928|-1.82|51135886|578892736.00|-3.55|0.26|-4.07|11.33|11.13|11.57|11.07|51.14|11.54|25081734|286956576.00|1|0.0000|0.0000|0.0000|0|11.54
吉视传媒|601929|-9.73|99914610|168847232.00|-5.41|-5.41|-9.73|1.67|1.75|1.75|1.67|99.91|1.85|56768710|105425000.00|1|0.0000|0.0000|0.0000|0|1.85
永辉超市|601933|1.57|867427487|4485031936.00|-0.98|6.27|-4.71|5.18|5.05|5.42|4.86|867.43|5.10|556107818|2779952384.00|1|0.0000|0.0000|0.0000|0|5.10
建设银行|601939|-0.45|253628365|2228281344.00|-1.01|0.78|-3.48|8.88|8.83|8.99|8.61|253.63|8.92|135155542|1197318144.00|1|0.0000|0.0000|0.0000|0|8.92
中国出版|601949|-9.97|29710800|192078592.00|-3.13|-3.13|-9.97|6.32|6.80|6.80|6.32|29.71|7.02|32278338|224993744.00|1|0.0000|0.0000|0.0000|0|7.02
苏垦农发|601952|6.13|80381775|827295232.00|4.91|9.20|1.23|10.38|10.26|10.68|9.90|80.38|9.78|21154332|205935776.00|1|0.0000|0.0000|0.0000|0|9.78
东贝集团|601956|-9.91|9980100|48445168.00|-7.85|-6.54|-9.91|4.82|4.93|5.00|4.82|9.98|5.35|8577360|45899868.00|1|0.0000|0.0000|0.0000|0|5.35
金钼股份|601958|-10.03|43650792|415867840.00|-4.73|-4.15|-10.03|9.33|9.88|9.94|9.33|43.65|10.37|26609175|277417824.00|1|0.0000|0.0000|0.0000|0|10.37
重庆银行|601963|-5.76|18144181|170466896.00|-2.67|1.34|-8.44|9.16|9.46|9.85|8.90|18.14|9.72|10364166|99721784.00|1|0.0000|0.0000|0.0000|0|9.72
中国汽研|601965|-8.31|12203001|215363232.00|-5.96|-4.39|-9.98|17.55|18.00|18.30|17.23|12.20|19.14|8375769|160640112.00|1|0.0000|0.0000|0.0000|0|19.14
玲珑轮胎|601966|-10.01|23206959|358382688.00|-5.51|-5.45|-10.01|15.20|15.96|15.97|15.20|23.21|16.89|27932899|478425184.00|1|0.0000|0.0000|0.0000|0|16.89
宝钢包装|601968|-10.06|11554900|50620820.00|-2.94|-2.94|-10.06|4.29|4.63|4.63|4.29|11.55|4.77|5325748|25233164.00|1|0.0000|0.0000|0.0000|0|4.77
海南矿业|601969|-9.68|38022094|263351840.00|-4.15|0.00|-9.96|6.53|6.93|7.23|6.51|38.02|7.23|12049138|87086648.00|1|0.0000|0.0000|0.0000|0|7.23
招商南油|601975|-10.07|158878866|436827872.00|-3.36|-3.02|-10.07|2.68|2.88|2.89|2.68|158.88|2.98|55428579|164830160.00|1|0.0000|0.0000|0.0000|0|2.98
中国核电|601985|-4.16|226698392|2036111232.00|-2.13|-0.96|-7.68|8.99|9.18|9.29|8.66|226.70|9.38|107575541|1004508352.00|1|0.0000|0.0000|0.0000|0|9.38
中国银行|601988|-3.89|458647782|2506689536.00|-1.41|-0.53|-6.54|5.44|5.58|5.63|5.29|458.65|5.66|168446174|947149952.00|1|0.0000|0.0000|0.0000|0|5.66
南京证券|601990|-10.00|51553622|396589216.00|-2.65|-2.65|-10.00|7.47|8.08|8.08|7.47|51.55|8.30|12575442|104232248.00|1|0.0000|0.0000|0.0000|0|8.30
大唐发电|601991|-7.72|195047235|547608256.00|-3.36|-2.35|-9.73|2.75|2.88|2.91|2.69|195.05|2.98|83052708|246919424.00|1|0.0000|0.0000|0.0000|0|2.98
金隅集团|601992|-9.76|73895304|112620000.00|-1.83|-1.83|-9.76|1.48|1.61|1.61|1.48|73.90|1.64|39459969|64609248.00|1|0.0000|0.0000|0.0000|0|1.64
中金公司|601995|-8.56|38412366|1225787392.00|-4.66|-3.27|-10.01|31.61|32.96|33.44|31.11|38.41|34.57|11528830|399350464.00|1|0.0000|0.0000|0.0000|0|34.57
丰林集团|601996|-10.10|29317200|55586704.00|-2.88|-2.88|-10.10|1.87|2.02|2.02|1.87|29.32|2.08|23141300|48072832.00|1|0.0000|0.0000|0.0000|0|2.08
贵阳银行|601997|-6.68|86117209|489511520.00|-1.84|-1.84|-8.51|5.59|5.88|5.88|5.48|86.12|5.99|32244817|192525168.00|1|0.0000|0.0000|0.0000|0|5.99
中信银行|601998|-4.57|117523529|806006784.00|-2.35|-1.39|-8.31|6.89|7.05|7.12|6.62|117.52|7.22|43513885|313067680.00|1|0.0000|0.0000|0.0000|0|7.22
出版传媒|601999|-10.02|12870800|76032056.00|-2.97|-2.97|-10.02|5.75|6.20|6.20|5.75|12.87|6.39|7776900|49666424.00|1|0.0000|0.0000|0.0000|0|6.39
人民网|603000|-9.99|18958091|365513312.00|-5.35|-4.92|-9.99|19.02|20.00|20.09|19.02|18.96|21.13|8579148|181552800.00|1|0.0000|0.0000|0.0000|0|21.13
奥康国际|603001|-10.04|7385600|36517272.00|-7.06|-4.46|-10.04|4.84|5.00|5.14|4.84|7.39|5.38|3881800|20976660.00|1|0.0000|0.0000|0.0000|0|5.38
宏昌电子|603002|-9.98|20253100|105215024.00|-7.01|-5.25|-9.98|5.14|5.31|5.41|5.14|20.25|5.71|18968450|108519304.00|1|0.0000|0.0000|0.0000|0|5.71
鼎龙科技|603004|-9.99|2534500|48133960.00|-5.40|-5.40|-9.99|18.84|19.80|19.80|18.84|2.53|20.93|2476148|52064020.00|1|0.0000|0.0000|0.0000|0|20.93
晶方科技|603005|-10.00|23284954|632028992.00|-9.37|-5.72|-10.00|26.90|27.09|28.18|26.90|23.28|29.89|17619032|527653280.00|1|0.0000|0.0000|0.0000|0|29.89
联明股份|603006|-10.02|3650500|40709696.00|-7.33|-4.81|-10.02|11.04|11.37|11.68|11.04|3.65|12.27|8255218|101142712.00|1|0.0000|0.0000|0.0000|0|12.27
*ST花王|603007|-5.02|849400|4017662.00|-5.02|-5.02|-5.02|4.73|4.73|4.73|4.73|0.85|4.98|16329395|81969144.00|1|0.0000|0.0000|0.0000|0|4.98
喜临门|603008|-9.97|6651098|103981304.00|-4.22|-4.22|-9.97|15.35|16.33|16.33|15.35|6.65|17.05|4908000|83867368.00|1|0.0000|0.0000|0.0000|0|17.05
北特科技|603009|-10.00|3806900|151012528.00|-10.00|-7.27|-10.00|39.60|39.60|40.80|39.60|3.81|44.00|8909972|393087520.00|1|0.0000|0.0000|0.0000|0|44.00
万盛股份|603010|-9.96|7360740|68986512.00|-5.86|-3.91|-9.96|9.22|9.64|9.84|9.22|7.36|10.24|3571361|36404824.00|1|0.0000|0.0000|0.0000|0|10.24
合锻智能|603011|-9.97|3523800|39466560.00|-9.97|-9.97|-9.97|11.20|11.20|11.20|11.20|3.52|12.44|149112032|1976901888.00|1|0.0000|0.0000|0.0000|0|12.44
创力集团|603012|-9.95|13255000|70298008.00|-5.49|-5.32|-9.95|5.25|5.51|5.52|5.25|13.26|5.83|9695900|56711464.00|1|0.0000|0.0000|0.0000|0|5.83
亚普股份|603013|-10.02|5269449|77389384.00|-7.54|-6.31|-10.02|14.55|14.95|15.15|14.55|5.27|16.17|8869900|145611856.00|1|0.0000|0.0000|0.0000|0|16.17
弘讯科技|603015|-10.02|7432200|96262344.00|-10.02|-8.28|-10.02|12.93|12.93|13.18|12.93|7.43|14.37|35348628|512714976.00|1|0.0000|0.0000|0.0000|0|14.37
新宏泰|603016|-10.01|928800|24267116.00|-7.75|-4.20|-10.01|25.90|26.55|27.57|25.90|0.93|28.78|1328400|38457804.00|1|0.0000|0.0000|0.0000|0|28.78
中衡设计|603017|-9.95|4602000|36017164.00|-4.33|-3.75|-9.95|7.69|8.17|8.22|7.69|4.60|8.54|2185400|18562308.00|1|0.0000|0.0000|0.0000|0|8.54
华设集团|603018|-9.94|22383570|168470576.00|-3.15|-3.15|-9.94|7.43|7.99|7.99|7.43|22.38|8.25|5613250|46120712.00|1|0.0000|0.0000|0.0000|0|8.25
中科曙光|603019|-8.92|65996064|3979161600.00|-6.52|-3.66|-10.00|59.40|60.97|62.83|58.70|66.00|65.22|17991083|1174702464.00|1|0.0000|0.0000|0.0000|0|65.22
爱普股份|603020|-9.98|11649100|95272152.00|-5.04|-3.59|-9.98|8.03|8.47|8.60|8.03|11.65|8.92|4935900|44124832.00|1|0.0000|0.0000|0.0000|0|8.92
ST华鹏|603021|-10.03|7355300|26083112.00|-3.08|-2.83|-10.03|3.50|3.77|3.78|3.50|7.36|3.89|11224295|43349496.00|1|0.0000|0.0000|0.0000|0|3.89
新通联|603022|-10.01|4595600|35427932.00|-6.83|-4.36|-10.01|7.64|7.91|8.12|7.64|4.60|8.49|2910500|24531924.00|1|0.0000|0.0000|0.0000|0|8.49
威帝股份|603023|-5.14|2407300|7105134.00|-5.14|-4.50|-5.14|2.95|2.95|2.97|2.95|2.41|3.11|2928739|9050140.00|1|0.0000|0.0000|0.0000|0|3.11
大豪科技|603025|-10.02|9342064|117664392.00|-6.83|-4.65|-10.02|12.39|12.83|13.13|12.39|9.34|13.77|5474252|75667360.00|1|0.0000|0.0000|0.0000|0|13.77
石大胜华|603026|-10.00|4265275|140055472.00|-5.50|-3.94|-10.00|32.23|33.84|34.40|32.23|4.27|35.81|1979500|70516152.00|1|0.0000|0.0000|0.0000|0|35.81
千禾味业|603027|-9.01|25480988|272771936.00|-3.67|-1.75|-9.97|10.40|11.01|11.23|10.29|25.48|11.43|8448910|96331144.00|1|0.0000|0.0000|0.0000|0|11.43
赛福天|603028|-10.06|14885850|83596496.00|-5.03|-3.41|-10.06|5.54|5.85|5.95|5.54|14.89|6.16|12063820|74154048.00|1|0.0000|0.0000|0.0000|0|6.16
天鹅股份|603029|-9.99|3924300|62237560.00|-3.49|-3.49|-9.99|15.49|16.61|16.61|15.49|3.92|17.21|3513099|60130592.00|1|0.0000|0.0000|0.0000|0|17.21
全筑股份|603030|-10.00|16957100|38645248.00|-6.00|-4.40|-10.00|2.25|2.35|2.39|2.25|16.96|2.50|10262000|25326264.00|1|0.0000|0.0000|0.0000|0|2.50
安孚科技|603031|-10.00|3888790|103457776.00|-7.51|-2.73|-10.00|26.37|27.10|28.50|26.37|3.89|29.30|1966470|57211596.00|1|0.0000|0.0000|0.0000|0|29.30
德新科技|603032|-10.02|4715820|58884932.00|-5.59|-5.59|-10.02|12.39|13.00|13.00|12.39|4.72|13.77|2880400|39844756.00|1|0.0000|0.0000|0.0000|0|13.77
三维股份|603033|-10.01|4821038|50863672.00|-4.00|-3.48|-10.01|10.34|11.03|11.09|10.34|4.82|11.49|2024225|23176494.00|1|0.0000|0.0000|0.0000|0|11.49
常熟汽饰|603035|-9.97|10212000|133924856.00|-6.57|-6.51|-9.97|13.01|13.50|13.51|13.01|10.21|14.45|7115300|103315552.00|1|0.0000|0.0000|0.0000|0|14.45
如通股份|603036|-10.01|3538300|47044448.00|-4.36|-3.68|-10.01|13.22|14.05|14.15|13.22|3.54|14.69|1994500|29104504.00|1|0.0000|0.0000|0.0000|0|14.69
凯众股份|603037|-10.01|6679111|96769376.00|-8.64|-6.32|-10.01|14.38|14.60|14.97|14.38|6.68|15.98|8033191|129404352.00|1|0.0000|0.0000|0.0000|0|15.98
华立股份|603038|-10.01|4709927|64285596.00|-9.15|-7.43|-10.01|13.57|13.70|13.96|13.57|4.71|15.08|25712288|387472544.00|1|0.0000|0.0000|0.0000|0|15.08
泛微网络|603039|-10.00|2216941|134811440.00|-7.58|-2.62|-10.00|59.38|60.98|64.25|59.38|2.22|65.98|1658600|109181640.00|1|0.0000|0.0000|0.0000|0|65.98
新坐标|603040|-10.01|1394000|35102336.00|-8.36|-6.68|-10.01|25.07|25.53|26.00|25.07|1.39|27.86|2602200|73297360.00|1|0.0000|0.0000|0.0000|0|27.86
美思德|603041|-9.97|4111260|44600276.00|-4.14|-2.20|-9.97|10.65|11.34|11.57|10.65|4.11|11.83|3282420|38397304.00|1|0.0000|0.0000|0.0000|0|11.83
华脉科技|603042|-9.96|5757700|67601032.00|-7.34|-4.71|-9.96|11.66|12.00|12.34|11.66|5.76|12.95|5574656|72521232.00|1|0.0000|0.0000|0.0000|0|12.95
广州酒家|603043|-8.80|7148721|107067648.00|-4.12|-2.00|-9.99|14.61|15.36|15.70|14.42|7.15|16.02|2673328|42789304.00|1|0.0000|0.0000|0.0000|0|16.02
福达合金|603045|-10.01|3267700|50614636.00|-6.71|-5.30|-10.01|15.28|15.84|16.08|15.28|3.27|16.98|11298297|191485024.00|1|0.0000|0.0000|0.0000|0|16.98
浙江黎明|603048|-9.99|1492500|23379628.00|-9.93|-5.95|-9.99|15.59|15.60|16.29|15.59|1.49|17.32|2085100|36202968.00|1|0.0000|0.0000|0.0000|0|17.32
科林电气|603050|-10.01|4140087|56977736.00|-0.94|-0.94|-10.01|13.39|14.74|14.74|13.39|4.14|14.88|1501040|22247686.00|1|0.0000|0.0000|0.0000|0|14.88
鹿山新材|603051|-9.99|2303579|52513296.00|-4.27|-4.27|-9.99|22.53|23.96|23.96|22.53|2.30|25.03|1391900|34838828.00|1|0.0000|0.0000|0.0000|0|25.03
可川科技|603052|-9.99|776700|25458492.00|-6.22|-6.22|-9.99|32.44|33.80|33.80|32.44|0.78|36.04|960976|34648948.00|1|0.0000|0.0000|0.0000|0|36.04
成都燃气|603053|-7.55|7272621|66374428.00|-2.79|-1.96|-9.72|8.94|9.40|9.48|8.73|7.27|9.67|3410400|32850974.00|1|0.0000|0.0000|0.0000|0|9.67
台华新材|603055|-9.98|8685625|88341208.00|-9.54|-5.97|-9.98|10.10|10.15|10.55|10.10|8.69|11.22|10046840|114012912.00|1|0.0000|0.0000|0.0000|0|11.22
德邦股份|603056|-10.03|9234550|123701312.00|-3.39|-2.56|-10.03|13.01|13.97|14.09|13.01|9.23|14.46|4902918|71044800.00|1|0.0000|0.0000|0.0000|0|14.46
紫燕食品|603057|-4.45|4304482|82097480.00|-1.00|-0.05|-8.55|19.12|19.81|20.00|18.30|4.30|20.01|1180100|23500368.00|1|0.0000|0.0000|0.0000|0|20.01
永吉股份|603058|-10.02|8830600|65646788.00|-5.01|-5.01|-10.02|7.36|7.77|7.77|7.36|8.83|8.18|6469100|52959208.00|1|0.0000|0.0000|0.0000|0|8.18
倍加洁|603059|-10.00|586200|12544710.00|-5.55|-5.55|-10.00|21.25|22.30|22.30|21.25|0.59|23.61|802300|19107036.00|1|0.0000|0.0000|0.0000|0|23.61
国检集团|603060|-10.04|6130466|39261872.00|-3.87|-3.30|-10.04|6.27|6.70|6.74|6.27|6.13|6.97|2302891|16039774.00|1|0.0000|0.0000|0.0000|0|6.97
金海通|603061|-10.00|940400|68303288.00|-9.57|-3.55|-10.00|71.85|72.19|77.00|71.85|0.94|79.83|594700|47625108.00|1|0.0000|0.0000|0.0000|0|79.83
麦加芯彩|603062|-10.01|2571195|130483568.00|-8.88|-5.52|-10.01|50.37|51.00|52.88|50.37|2.57|55.97|6196596|327047776.00|1|0.0000|0.0000|0.0000|0|55.97
禾望电气|603063|-10.00|2346700|66740148.00|-10.00|-10.00|-10.00|28.44|28.44|28.44|28.44|2.35|31.60|41520273|1357447424.00|1|0.0000|0.0000|0.0000|0|31.60
宿迁联盛|603065|-10.00|4088081|28911208.00|-2.47|-2.47|-10.00|6.93|7.51|7.51|6.93|4.09|7.70|2256400|17344842.00|1|0.0000|0.0000|0.0000|0|7.70
音飞储存|603066|-9.98|6263900|64915504.00|-7.44|-5.69|-9.98|10.28|10.57|10.77|10.28|6.26|11.42|10589800|120748976.00|1|0.0000|0.0000|0.0000|0|11.42
振华股份|603067|-9.25|18035386|285920864.00|-5.82|-4.19|-10.01|15.60|16.19|16.47|15.47|18.04|17.19|10443418|179796912.00|1|0.0000|0.0000|0.0000|0|17.19
博通集成|603068|-9.99|2398300|76004336.00|-6.26|-6.11|-9.99|31.36|32.66|32.71|31.36|2.40|34.84|5762900|203424160.00|1|0.0000|0.0000|0.0000|0|34.84
海汽集团|603069|-9.99|5556893|88605848.00|-4.71|-4.25|-9.99|15.68|16.60|16.68|15.68|5.56|17.42|3899900|67731248.00|1|0.0000|0.0000|0.0000|0|17.42
万控智造|603070|-10.03|3654900|44382144.00|-5.39|-5.39|-10.03|12.02|12.64|12.64|12.02|3.65|13.36|2768000|37331096.00|1|0.0000|0.0000|0.0000|0|13.36
物产环能|603071|-9.89|4115800|49185068.00|-5.26|-4.40|-9.97|11.66|12.26|12.37|11.65|4.12|12.94|1746500|22501748.00|1|0.0000|0.0000|0.0000|0|12.94
天和磁材|603072|1.24|39439538|2198846208.00|9.97|9.99|-4.81|53.90|58.55|58.56|50.68|39.44|53.24|30634864|1546906880.00|1|0.0000|0.0000|0.0000|0|53.24
彩蝶实业|603073|-10.02|1848000|27103332.00|-7.43|-5.94|-10.02|14.54|14.96|15.20|14.54|1.85|16.16|3150798|50903340.00|1|0.0000|0.0000|0.0000|0|16.16
热威股份|603075|-10.01|2653600|48912952.00|-9.72|-6.38|-10.01|18.34|18.40|19.08|18.34|2.65|20.38|3143413|64234896.00|1|0.0000|0.0000|0.0000|0|20.38
乐惠国际|603076|-10.02|3169940|65550564.00|-3.85|-3.31|-10.02|20.12|21.50|21.62|20.12|3.17|22.36|2907843|66433136.00|1|0.0000|0.0000|0.0000|0|22.36
和邦生物|603077|-9.84|136315033|230345824.00|-2.73|-2.73|-9.84|1.65|1.78|1.78|1.65|136.32|1.83|45021055|82311624.00|1|0.0000|0.0000|0.0000|0|1.83
江化微|603078|-10.01|25580883|451995232.00|-6.64|-4.67|-10.01|17.35|18.00|18.38|17.35|25.58|19.28|33070903|627552704.00|1|0.0000|0.0000|0.0000|0|19.28
圣达生物|603079|-1.91|29855368|458346848.00|-1.25|7.99|-7.39|14.86|14.96|16.36|14.03|29.86|15.15|21909143|332412768.00|1|0.0000|0.0000|0.0000|0|15.15
新疆火炬|603080|-9.99|3856500|58777856.00|-2.91|-2.91|-9.99|14.87|16.04|16.04|14.87|3.86|16.52|2341200|38349464.00|1|0.0000|0.0000|0.0000|0|16.52
大丰实业|603081|-10.03|12178527|121252760.00|-6.84|-5.38|-10.03|9.87|10.22|10.38|9.87|12.18|10.97|17118706|189082992.00|1|0.0000|0.0000|0.0000|0|10.97
北自科技|603082|-10.00|2016220|70614064.00|-8.81|-5.88|-10.00|34.74|35.20|36.33|34.74|2.02|38.60|1565640|60892964.00|1|0.0000|0.0000|0.0000|0|38.60
剑桥科技|603083|-9.99|5273600|175943568.00|-9.02|-7.14|-9.99|33.14|33.50|34.19|33.14|5.27|36.82|6886638|255323072.00|1|0.0000|0.0000|0.0000|0|36.82
天成自控|603085|-10.03|5295000|52082736.00|-8.65|-6.35|-10.03|9.78|9.93|10.18|9.78|5.29|10.87|7534000|82299784.00|1|0.0000|0.0000|0.0000|0|10.87
先达股份|603086|-9.95|9680120|48817064.00|-5.79|-4.34|-9.95|4.98|5.21|5.29|4.98|9.68|5.53|17607360|97546992.00|1|0.0000|0.0000|0.0000|0|5.53
甘李药业|603087|-10.00|16960348|726846144.00|-3.69|-2.99|-10.00|41.50|44.41|44.73|41.50|16.96|46.11|5703735|263921680.00|1|0.0000|0.0000|0.0000|0|46.11
宁波精达|603088|-10.03|8265900|91376288.00|-10.03|-7.91|-10.03|11.03|11.03|11.29|11.03|8.27|12.26|35129748|436230784.00|1|0.0000|0.0000|0.0000|0|12.26
正裕工业|603089|-10.00|1588700|14398948.00|-7.20|-7.10|-10.00|9.00|9.28|9.29|9.00|1.59|10.00|4005900|39917232.00|1|0.0000|0.0000|0.0000|0|10.00
宏盛股份|603090|-9.98|1350600|26903516.00|-9.93|-6.53|-9.98|19.85|19.86|20.61|19.85|1.35|22.05|3696900|82416032.00|1|0.0000|0.0000|0.0000|0|22.05
众鑫股份|603091|-10.00|1892806|78510648.00|-8.27|-4.35|-10.00|40.93|41.72|43.50|40.93|1.89|45.48|1843078|83406824.00|1|0.0000|0.0000|0.0000|0|45.48
南华期货|603093|-9.98|8532600|104615904.00|-6.85|-4.47|-9.98|12.09|12.51|12.83|12.09|8.53|13.43|10999500|148923728.00|1|0.0000|0.0000|0.0000|0|13.43
越剑智能|603095|-10.01|1951100|42222512.00|-6.21|-4.94|-10.01|21.31|22.21|22.51|21.31|1.95|23.68|1622940|38613660.00|1|0.0000|0.0000|0.0000|0|23.68
新经典|603096|-9.97|3005400|54320464.00|-4.25|-4.10|-9.97|17.78|18.91|18.94|17.78|3.01|19.75|2130500|41760452.00|1|0.0000|0.0000|0.0000|0|19.75
江苏华辰|603097|-9.99|2517800|51070468.00|-5.87|-2.87|-9.99|20.09|21.01|21.68|20.09|2.52|22.32|1341100|29805252.00|1|0.0000|0.0000|0.0000|0|22.32
森特股份|603098|-10.00|8765300|83327288.00|-9.05|-6.67|-10.00|9.45|9.55|9.80|9.45|8.77|10.50|12394400|128760192.00|1|0.0000|0.0000|0.0000|0|10.50
长白山|603099|-8.67|20778099|684654848.00|-3.58|-1.03|-9.99|31.92|33.70|34.59|31.46|20.78|34.95|21364514|728650240.00|1|0.0000|0.0000|0.0000|0|34.95
川仪股份|603100|-4.96|19499634|417269184.00|-4.59|1.68|-9.00|20.90|20.98|22.36|20.01|19.50|21.99|7241239|160350896.00|1|0.0000|0.0000|0.0000|0|21.99
汇嘉时代|603101|-9.96|6661489|43291516.00|-3.41|-1.71|-9.96|6.33|6.79|6.91|6.33|6.66|7.03|3723241|26149794.00|1|0.0000|0.0000|0.0000|0|7.03
百合股份|603102|-10.01|2282900|87165312.00|-7.02|-3.43|-10.01|36.78|38.00|39.47|36.78|2.28|40.87|3119043|127437304.00|1|0.0000|0.0000|0.0000|0|40.87
横店影视|603103|-9.99|6371264|83945288.00|-3.98|-3.98|-9.99|12.89|13.75|13.75|12.89|6.37|14.32|12421217|175788064.00|1|0.0000|0.0000|0.0000|0|14.32
芯能科技|603105|-10.01|16188400|133590600.00|-5.34|-4.34|-10.01|8.09|8.51|8.60|8.09|16.19|8.99|8229076|74239600.00|1|0.0000|0.0000|0.0000|0|8.99
恒银科技|603106|-9.96|6583250|49588968.00|-9.96|-6.36|-9.96|7.50|7.50|7.80|7.50|6.58|8.33|5683782|47461320.00|1|0.0000|0.0000|0.0000|0|8.33
上海汽配|603107|-9.98|4961800|74163248.00|-4.96|-4.96|-9.98|14.71|15.53|15.53|14.71|4.96|16.34|2174340|35497608.00|1|0.0000|0.0000|0.0000|0|16.34
润达医疗|603108|-9.97|9090716|164046160.00|-8.72|-5.79|-9.97|17.87|18.12|18.70|17.87|9.09|19.85|14201300|283763936.00|1|0.0000|0.0000|0.0000|0|19.85
神驰机电|603109|-10.02|1272900|24923382.00|-10.02|-10.02|-10.02|19.58|19.58|19.58|19.58|1.27|21.76|15021540|330535488.00|1|0.0000|0.0000|0.0000|0|21.76
东方材料|603110|-9.99|2941600|43264964.00|-6.91|-6.91|-9.99|14.60|15.10|15.10|14.60|2.94|16.22|3785000|61562836.00|1|0.0000|0.0000|0.0000|0|16.22
康尼机电|603111|-9.94|14571500|91357864.00|-6.43|-4.97|-9.94|6.16|6.40|6.50|6.16|14.57|6.84|11742100|80875680.00|1|0.0000|0.0000|0.0000|0|6.84
华翔股份|603112|-7.19|23209240|318414176.00|-7.53|-1.71|-10.00|13.55|13.50|14.35|13.14|23.21|14.60|18011760|264565712.00|1|0.0000|0.0000|0.0000|0|14.60
金能科技|603113|-9.93|9619776|51396516.00|-4.11|-4.11|-9.93|5.26|5.60|5.60|5.26|9.62|5.84|5383200|31216798.00|1|0.0000|0.0000|0.0000|0|5.84
海星股份|603115|-9.99|1899071|25258586.00|-4.79|-4.79|-9.99|13.16|13.92|13.92|13.16|1.90|14.62|1967900|28783028.00|1|0.0000|0.0000|0.0000|0|14.62
红蜻蜓|603116|-9.91|3841900|19079864.00|-3.49|-3.49|-9.91|4.91|5.26|5.26|4.91|3.84|5.45|5065626|27653724.00|1|0.0000|0.0000|0.0000|0|5.45
万林物流|603117|-10.07|28897897|164675072.00|-7.10|-1.98|-10.07|5.45|5.63|5.94|5.45|28.90|6.06|31260140|182212144.00|1|0.0000|0.0000|0.0000|0|6.06
共进股份|603118|-9.98|8847400|79204408.00|-9.98|-7.96|-9.98|8.93|8.93|9.13|8.93|8.85|9.92|16716602|167353056.00|1|0.0000|0.0000|0.0000|0|9.92
浙江荣泰|603119|-10.01|1596500|56005220.00|-10.01|-10.01|-10.01|35.08|35.08|35.08|35.08|1.60|38.98|21626515|869999872.00|1|0.0000|0.0000|0.0000|0|38.98
华培动力|603121|-10.00|11416606|215084768.00|-7.13|-5.03|-10.00|18.44|19.03|19.46|18.44|11.42|20.49|10353844|211723504.00|1|0.0000|0.0000|0.0000|0|20.49
合富中国|603122|-9.93|6559600|41624232.00|-4.17|-4.17|-9.93|6.26|6.66|6.66|6.26|6.56|6.95|4854150|33853388.00|1|0.0000|0.0000|0.0000|0|6.95
翠微股份|603123|-9.95|10512300|76286408.00|-4.53|-4.28|-9.95|7.15|7.58|7.60|7.15|10.51|7.94|6986740|55284756.00|1|0.0000|0.0000|0.0000|0|7.94
江南新材|603124|-10.00|4252458|182480480.00|-6.76|-6.12|-10.00|42.47|44.00|44.30|42.47|4.25|47.19|7631119|358958176.00|1|0.0000|0.0000|0.0000|0|47.19
常青科技|603125|-10.00|5976086|117503384.00|-6.12|-3.74|-10.00|19.26|20.09|20.60|19.26|5.98|21.40|7598816|160730384.00|1|0.0000|0.0000|0.0000|0|21.40
中材节能|603126|-9.92|11325400|65772948.00|-4.72|-3.78|-9.92|5.72|6.05|6.11|5.72|11.33|6.35|8083501|51230800.00|1|0.0000|0.0000|0.0000|0|6.35
昭衍新药|603127|-10.00|8177852|147038688.00|-8.08|-5.10|-10.00|17.82|18.20|18.79|17.82|8.18|19.80|14795324|298127520.00|1|0.0000|0.0000|0.0000|0|19.80
华贸物流|603128|-9.95|39554114|217943504.00|-3.20|-3.20|-9.95|5.34|5.74|5.74|5.34|39.55|5.93|41576249|244738032.00|1|0.0000|0.0000|0.0000|0|5.93
春风动力|603129|-10.00|520600|80666968.00|-10.00|-10.00|-10.00|154.95|154.95|154.95|154.95|0.52|172.17|3528703|610460288.00|1|0.0000|0.0000|0.0000|0|172.17
云中马|603130|-10.00|2838200|64664660.00|-6.12|-4.76|-10.00|22.49|23.46|23.80|22.49|2.84|24.99|2112700|53015692.00|1|0.0000|0.0000|0.0000|0|24.99
上海沪工|603131|-10.02|7188900|114145160.00|-5.50|-4.58|-10.02|15.72|16.51|16.67|15.72|7.19|17.47|5547760|97998680.00|1|0.0000|0.0000|0.0000|0|17.47
金徽股份|603132|-9.98|5703000|61522616.00|-3.75|-3.67|-9.98|10.55|11.28|11.29|10.55|5.70|11.72|2967930|34933064.00|1|0.0000|0.0000|0.0000|0|11.72
中重科技|603135|-9.95|4585400|42104592.00|-5.47|-5.37|-9.95|9.05|9.50|9.51|9.05|4.59|10.05|3356540|33683068.00|1|0.0000|0.0000|0.0000|0|10.05
天目湖|603136|-9.81|8659720|98270104.00|-5.56|-3.68|-9.98|11.03|11.55|11.78|11.01|8.66|12.23|6826771|83434104.00|1|0.0000|0.0000|0.0000|0|12.23
恒尚节能|603137|-7.30|3395400|37570816.00|-3.69|-2.27|-9.98|11.05|11.48|11.65|10.73|3.40|11.92|1826080|21695988.00|1|0.0000|0.0000|0.0000|0|11.92
海量数据|603138|-9.97|4872200|64603548.00|-3.85|-3.85|-9.97|13.10|13.99|13.99|13.10|4.87|14.55|5170034|75006592.00|1|0.0000|0.0000|0.0000|0|14.55
康惠股份|603139|-10.01|2835700|48452896.00|-8.42|-5.77|-10.01|17.00|17.30|17.80|17.00|2.84|18.89|4376650|82772672.00|1|0.0000|0.0000|0.0000|0|18.89
万朗磁塑|603150|-9.99|710600|21179168.00|-8.81|-7.20|-9.99|29.64|30.03|30.56|29.64|0.71|32.93|1338200|44296128.00|1|0.0000|0.0000|0.0000|0|32.93
邦基科技|603151|-9.98|7794145|97093728.00|-1.16|2.86|-9.98|11.64|12.78|13.30|11.64|7.79|12.93|4317900|55057760.00|1|0.0000|0.0000|0.0000|0|12.93
上海建科|603153|-9.99|4397850|72726192.00|-4.91|-4.30|-9.99|16.31|17.23|17.34|16.31|4.40|18.12|3280200|59130908.00|1|0.0000|0.0000|0.0000|0|18.12
新亚强|603155|-9.98|4759117|62922920.00|-3.67|-3.67|-9.98|12.99|13.90|13.90|12.99|4.76|14.43|5606661|79449544.00|1|0.0000|0.0000|0.0000|0|14.43
养元饮品|603156|-2.34|6782374|154831696.00|-5.27|0.81|-5.44|22.97|22.28|23.71|22.24|6.78|23.52|2952631|69019424.00|1|0.0000|0.0000|0.0000|0|23.52
腾龙股份|603158|-10.01|8212300|68325056.00|-9.47|-7.29|-10.01|8.27|8.32|8.52|8.27|8.21|9.19|15400100|142834080.00|1|0.0000|0.0000|0.0000|0|9.19
上海亚虹|603159|-10.02|1202000|15828840.00|-3.46|-3.46|-10.02|13.02|13.97|13.97|13.02|1.20|14.47|1640200|23542468.00|1|0.0000|0.0000|0.0000|0|14.47
汇顶科技|603160|-10.00|5444164|367643328.00|-7.68|-4.99|-10.00|66.31|68.02|70.00|66.31|5.44|73.68|2913149|215479984.00|1|0.0000|0.0000|0.0000|0|73.68
科华控股|603161|-9.98|3995352|42080084.00|-4.56|-4.56|-9.98|10.46|11.09|11.09|10.46|4.00|11.62|3832766|44604788.00|1|0.0000|0.0000|0.0000|0|11.62
海通发展|603162|-10.01|13058066|106308960.00|-4.16|-3.82|-10.01|8.00|8.52|8.55|8.00|13.06|8.89|6213243|54804476.00|1|0.0000|0.0000|0.0000|0|8.89
圣晖集成|603163|-9.98|1304025|30079466.00|-3.49|-3.49|-9.98|22.73|24.37|24.37|22.73|1.30|25.25|790300|19896192.00|1|0.0000|0.0000|0.0000|0|25.25
荣晟环保|603165|-9.98|6773376|77680448.00|-3.70|-3.70|-9.98|11.18|11.96|11.96|11.18|6.77|12.42|2608052|32419274.00|1|0.0000|0.0000|0.0000|0|12.42
福达股份|603166|-10.01|8055500|99987088.00|-10.01|-8.71|-10.01|12.40|12.40|12.58|12.40|8.06|13.78|36679206|510823360.00|1|0.0000|0.0000|0.0000|0|13.78
渤海轮渡|603167|-8.93|29422965|239906800.00|-3.78|-2.86|-9.97|7.95|8.40|8.48|7.86|29.42|8.73|24675239|215582224.00|1|0.0000|0.0000|0.0000|0|8.73
莎普爱思|603168|-9.99|9244230|59247280.00|-3.57|-3.57|-9.99|6.31|6.76|6.76|6.31|9.24|7.01|5182000|36158792.00|1|0.0000|0.0000|0.0000|0|7.01
兰石重装|603169|-7.95|250701440|2352380416.00|-2.72|5.02|-9.10|8.80|9.30|10.04|8.69|250.70|9.56|243618810|2285751808.00|1|0.0000|0.0000|0.0000|0|9.56
宝立食品|603170|-9.71|4458742|55810644.00|-2.02|-1.94|-10.01|12.09|13.12|13.13|12.05|4.46|13.39|1857400|24649264.00|1|0.0000|0.0000|0.0000|0|13.39
税友股份|603171|-9.99|2857600|115578056.00|-6.72|-2.39|-9.99|39.92|41.37|43.29|39.92|2.86|44.35|2386100|106280424.00|1|0.0000|0.0000|0.0000|0|44.35
万丰股份|603172|-10.03|2017800|26559514.00|-6.43|-4.98|-10.03|13.01|13.53|13.74|13.01|2.02|14.46|1681000|24230740.00|1|0.0000|0.0000|0.0000|0|14.46
福斯达|603173|-10.02|2511800|59192164.00|-4.93|-2.97|-10.02|23.00|24.30|24.80|23.00|2.51|25.56|2301800|59303940.00|1|0.0000|0.0000|0.0000|0|25.56
汇通集团|603176|-9.90|4108300|18232500.00|-1.86|-1.86|-9.90|4.37|4.76|4.76|4.37|4.11|4.85|5120300|24677196.00|1|0.0000|0.0000|0.0000|0|4.85
德创环保|603177|-10.04|8649585|63110456.00|-5.82|-5.82|-10.04|7.26|7.60|7.60|7.26|8.65|8.07|17522300|141058608.00|1|0.0000|0.0000|0.0000|0|8.07
圣龙股份|603178|-9.98|6562000|119330624.00|-6.77|-4.62|-9.98|17.94|18.58|19.01|17.94|6.56|19.93|20117195|403236640.00|1|0.0000|0.0000|0.0000|0|19.93
新泉股份|603179|-10.01|3193200|132926584.00|-8.23|-7.12|-10.01|41.10|41.91|42.42|41.10|3.19|45.67|3597768|165973312.00|1|0.0000|0.0000|0.0000|0|45.67
金牌家居|603180|-9.49|2982798|51893320.00|-1.96|-0.32|-10.02|17.07|18.49|18.80|16.97|2.98|18.86|1787120|33595284.00|1|0.0000|0.0000|0.0000|0|18.86
皇马科技|603181|-10.02|8413038|93484072.00|-6.81|-5.99|-10.02|10.96|11.35|11.45|10.96|8.41|12.18|11836088|146279808.00|1|0.0000|0.0000|0.0000|0|12.18
嘉华股份|603182|-9.12|4216800|49576400.00|-3.18|-0.16|-10.02|11.16|11.89|12.26|11.05|4.22|12.28|1898000|23194452.00|1|0.0000|0.0000|0.0000|0|12.28
建研院|603183|-9.90|16668100|63293016.00|-3.38|-3.38|-9.90|3.73|4.00|4.00|3.73|16.67|4.14|9500520|39225236.00|1|0.0000|0.0000|0.0000|0|4.14
弘元绿能|603185|-9.98|8090945|108354968.00|-4.03|-3.49|-9.98|13.17|14.04|14.12|13.17|8.09|14.63|4308177|63218656.00|1|0.0000|0.0000|0.0000|0|14.63
华正新材|603186|-10.01|2698800|61256016.00|-7.09|-6.08|-10.01|22.48|23.21|23.46|22.48|2.70|24.98|5558901|138923072.00|1|0.0000|0.0000|0.0000|0|24.98
海容冷链|603187|-10.01|9528932|99303168.00|-6.94|-5.27|-10.01|10.25|10.60|10.79|10.25|9.53|11.39|3345512|38177256.00|1|0.0000|0.0000|0.0000|0|11.39
亚邦股份|603188|-10.02|13783800|52121048.00|-9.79|-7.40|-10.02|3.77|3.78|3.88|3.77|13.78|4.19|99182131|418141920.00|1|0.0000|0.0000|0.0000|0|4.19
网达软件|603189|-9.97|7660700|121030544.00|-9.97|-6.88|-9.97|15.71|15.71|16.25|15.71|7.66|17.45|10532900|185561568.00|1|0.0000|0.0000|0.0000|0|17.45
亚通精工|603190|-9.98|1620100|32946000.00|-3.36|-3.36|-9.98|20.12|21.60|21.60|20.12|1.62|22.35|1450900|32568784.00|1|0.0000|0.0000|0.0000|0|22.35
望变电气|603191|-10.02|5985900|73353744.00|-4.64|-4.64|-10.02|12.03|12.75|12.75|12.03|5.99|13.37|4108600|54747528.00|1|0.0000|0.0000|0.0000|0|13.37
汇得科技|603192|-9.99|3575480|61141412.00|-9.57|-5.95|-9.99|16.93|17.01|17.69|16.93|3.58|18.81|9374136|169900704.00|1|0.0000|0.0000|0.0000|0|18.81
润本股份|603193|-7.81|4179771|140333760.00|-2.87|-1.06|-10.01|33.06|34.83|35.48|32.27|4.18|35.86|4144609|149530480.00|1|0.0000|0.0000|0.0000|0|35.86
中力股份|603194|-9.99|3541752|117517520.00|-6.64|-3.90|-9.99|32.78|34.00|35.00|32.78|3.54|36.42|4270573|156546048.00|1|0.0000|0.0000|0.0000|0|36.42
公牛集团|603195|-3.98|4361486|295283200.00|-3.18|-1.74|-8.32|67.98|68.55|69.57|64.91|4.36|70.80|1706574|121449256.00|1|0.0000|0.0000|0.0000|0|70.80
日播时尚|603196|-10.01|3137800|40899624.00|-5.01|-4.87|-10.01|12.94|13.66|13.68|12.94|3.14|14.38|2370680|34475432.00|1|0.0000|0.0000|0.0000|0|14.38
保隆科技|603197|-10.01|3597490|136403312.00|-7.81|-6.66|-10.01|37.58|38.50|38.98|37.58|3.60|41.76|5599600|237845024.00|1|0.0000|0.0000|0.0000|0|41.76
迎驾贡酒|603198|-5.60|7212200|374809600.00|-2.51|-0.50|-8.77|51.22|52.90|53.99|49.50|7.21|54.26|6026113|327217408.00|1|0.0000|0.0000|0.0000|0|54.26
九华旅游|603199|-0.89|8868020|330683904.00|-2.53|4.98|-3.77|36.80|36.19|38.98|35.73|8.87|37.13|4454596|165301008.00|1|0.0000|0.0000|0.0000|0|37.13
上海洗霸|603200|-10.00|10673093|343953728.00|-9.41|-5.92|-10.00|31.77|31.98|33.21|31.77|10.67|35.30|9548734|331610816.00|1|0.0000|0.0000|0.0000|0|35.30
常润股份|603201|-10.02|1169700|18560730.00|-9.79|-6.60|-10.02|15.81|15.85|16.41|15.81|1.17|17.57|2160220|38346708.00|1|0.0000|0.0000|0.0000|0|17.57
快克智能|603203|-10.00|2568244|56073008.00|-5.86|-5.02|-10.00|21.51|22.50|22.70|21.51|2.57|23.90|2269368|54703648.00|1|0.0000|0.0000|0.0000|0|23.90
健尔康|603205|-9.99|2389910|84452952.00|-2.58|-2.58|-9.99|34.51|37.35|37.35|34.51|2.39|38.34|1890250|72144544.00|1|0.0000|0.0000|0.0000|0|38.34
嘉环科技|603206|-10.02|6334400|103702712.00|-6.12|-5.62|-10.02|16.16|16.86|16.95|16.16|6.33|17.96|5643400|101836512.00|1|0.0000|0.0000|0.0000|0|17.96
小方制药|603207|-9.98|4494861|118959960.00|-4.53|-4.53|-9.98|26.06|27.64|27.64|26.06|4.49|28.95|4862578|141295216.00|1|0.0000|0.0000|0.0000|0|28.95
江山欧派|603208|-10.02|2905931|41281664.00|-3.10|-3.10|-10.02|13.92|14.99|14.99|13.92|2.91|15.47|2956705|45505120.00|1|0.0000|0.0000|0.0000|0|15.47
兴通股份|603209|-10.02|5869680|84499088.00|-4.59|-4.59|-10.02|14.10|14.95|14.95|14.10|5.87|15.67|3401660|53355840.00|1|0.0000|0.0000|0.0000|0|15.67
晋拓股份|603211|-9.99|3131800|49601184.00|-8.96|-7.08|-9.99|15.77|15.95|16.28|15.77|3.13|17.52|7121000|124981672.00|1|0.0000|0.0000|0.0000|0|17.52
赛伍技术|603212|-9.95|8866800|85335456.00|-6.26|-4.55|-9.95|9.50|9.89|10.07|9.50|8.87|10.55|9161700|97402304.00|1|0.0000|0.0000|0.0000|0|10.55
镇洋发展|603213|-9.97|6343900|57308080.00|-6.34|-4.53|-9.97|8.94|9.30|9.48|8.94|6.34|9.93|9960700|97605480.00|1|0.0000|0.0000|0.0000|0|9.93
爱婴室|603214|-5.87|9689400|192110928.00|-4.33|-0.67|-8.37|19.58|19.90|20.66|19.06|9.69|20.80|9965926|206268640.00|1|0.0000|0.0000|0.0000|0|20.80
比依股份|603215|-10.02|2306600|34484556.00|-9.78|-8.03|-10.02|14.91|14.95|15.24|14.91|2.31|16.57|5374500|89897040.00|1|0.0000|0.0000|0.0000|0|16.57
梦天家居|603216|-9.98|2093900|22482556.00|-4.44|-3.07|-9.98|10.55|11.20|11.36|10.55|2.09|11.72|2167000|25209544.00|1|0.0000|0.0000|0.0000|0|11.72
元利科技|603217|-10.02|5736440|94917888.00|-8.69|-4.93|-10.02|16.26|16.50|17.18|16.26|5.74|18.07|4653200|83695280.00|1|0.0000|0.0000|0.0000|0|18.07
日月股份|603218|-10.00|12770677|149694912.00|-6.17|-3.13|-10.00|11.52|12.01|12.40|11.52|12.77|12.80|6450019|83001224.00|1|0.0000|0.0000|0.0000|0|12.80
富佳股份|603219|-10.00|2351500|33618112.00|-10.00|-7.15|-10.00|14.22|14.22|14.67|14.22|2.35|15.80|5337700|85294992.00|1|0.0000|0.0000|0.0000|0|15.80
中贝通信|603220|-9.99|17702262|428039552.00|-6.13|-4.24|-9.99|23.78|24.80|25.30|23.78|17.70|26.42|28227719|731604928.00|1|0.0000|0.0000|0.0000|0|26.42
爱丽家居|603221|10.02|7969350|91886608.00|10.02|10.02|10.02|11.53|11.53|11.53|11.53|7.97|10.48|6956900|71903264.00|1|0.0000|0.0000|0.0000|0|10.48
济民健康|603222|-9.98|16985840|98371920.00|-3.01|-3.01|-9.98|5.68|6.12|6.12|5.68|16.99|6.31|7623400|48345960.00|1|0.0000|0.0000|0.0000|0|6.31
恒通股份|603223|-9.94|5272884|43852676.00|-3.87|-3.76|-9.94|8.15|8.70|8.71|8.15|5.27|9.05|6210122|56174416.00|1|0.0000|0.0000|0.0000|0|9.05
新凤鸣|603225|-9.97|13434800|143029376.00|-8.34|-4.56|-9.97|10.47|10.66|11.10|10.47|13.43|11.63|18147713|212141888.00|1|0.0000|0.0000|0.0000|0|11.63
菲林格尔|603226|-10.01|4924890|29918846.00|-5.08|-5.08|-10.01|6.02|6.35|6.35|6.02|4.92|6.69|3716240|24843142.00|1|0.0000|0.0000|0.0000|0|6.69
雪峰科技|603227|-4.27|47093471|425599712.00|-4.70|4.05|-9.85|8.75|8.71|9.51|8.24|47.09|9.14|21747600|198833936.00|1|0.0000|0.0000|0.0000|0|9.14
景旺电子|603228|-10.01|7025600|198503136.00|-10.01|-8.99|-10.01|28.24|28.24|28.56|28.24|7.03|31.38|32912182|1059897408.00|1|0.0000|0.0000|0.0000|0|31.38
奥翔药业|603229|-9.94|14818200|116398944.00|-4.09|-2.92|-9.94|7.70|8.20|8.30|7.70|14.82|8.55|9896004|85060096.00|1|0.0000|0.0000|0.0000|0|8.55
内蒙新华|603230|-9.27|8003207|90734208.00|-3.50|-2.85|-10.00|11.16|11.87|11.95|11.07|8.00|12.30|2986541|36602564.00|1|0.0000|0.0000|0.0000|0|12.30
索宝蛋白|603231|-9.33|4128709|60877116.00|-2.10|-1.27|-9.97|14.28|15.42|15.55|14.18|4.13|15.75|1328520|20795812.00|1|0.0000|0.0000|0.0000|0|15.75
格尔软件|603232|-10.03|5808642|73194192.00|-8.51|-4.91|-10.03|12.47|12.68|13.18|12.47|5.81|13.86|3555400|49256504.00|1|0.0000|0.0000|0.0000|0|13.86
大参林|603233|-5.43|13244635|210978976.00|-4.18|-1.73|-10.02|15.85|16.06|16.47|15.08|13.24|16.76|4235956|70928976.00|1|0.0000|0.0000|0.0000|0|16.76
天新药业|603235|-4.27|3228200|85324472.00|-1.59|-1.59|-5.93|26.46|27.20|27.20|26.00|3.23|27.64|1448514|39830932.00|1|0.0000|0.0000|0.0000|0|27.64
移远通信|603236|-10.00|3606000|243867424.00|-10.00|-9.89|-10.00|67.62|67.62|67.70|67.62|3.61|75.13|21672958|1689920640.00|1|0.0000|0.0000|0.0000|0|75.13
五芳斋|603237|-8.65|4095838|72911648.00|-3.13|-1.91|-9.97|17.22|18.26|18.49|16.97|4.10|18.85|2633085|49299540.00|1|0.0000|0.0000|0.0000|0|18.85
诺邦股份|603238|-9.98|2655600|41355148.00|-9.98|-8.24|-9.98|15.52|15.52|15.82|15.52|2.66|17.24|26238189|454099456.00|1|0.0000|0.0000|0.0000|0|17.24
浙江仙通|603239|-10.03|6090300|75852112.00|-6.66|-4.98|-10.03|12.29|12.75|12.98|12.29|6.09|13.66|2679300|36573940.00|1|0.0000|0.0000|0.0000|0|13.66
鼎际得|603255|-7.60|1257400|36306232.00|-1.19|-1.19|-9.98|28.80|30.80|30.80|28.06|1.26|31.17|746000|23021438.00|1|0.0000|0.0000|0.0000|0|31.17
宏和科技|603256|-9.95|4132100|32554948.00|-5.09|-4.98|-9.95|7.78|8.20|8.21|7.78|4.13|8.64|2764400|23885256.00|1|0.0000|0.0000|0.0000|0|8.64
电魂网络|603258|-10.01|3749423|75365536.00|-9.02|-5.37|-10.01|19.96|20.18|20.99|19.96|3.75|22.18|4543900|101265040.00|1|0.0000|0.0000|0.0000|0|22.18
药明康德|603259|-10.00|42101088|2413603072.00|-8.99|-8.09|-10.00|57.17|57.81|58.38|57.17|42.10|63.52|50284049|3241373952.00|1|0.0000|0.0000|0.0000|0|63.52
合盛硅业|603260|-4.79|4557685|233625728.00|-2.07|-1.18|-9.32|51.50|52.97|53.45|49.05|4.56|54.09|1539490|83042408.00|1|0.0000|0.0000|0.0000|0|54.09
*ST立航|603261|-9.97|1361700|23435480.00|-6.44|-6.44|-9.97|17.06|17.73|17.73|17.06|1.36|18.95|1554500|29438812.00|1|0.0000|0.0000|0.0000|0|18.95
天龙股份|603266|-4.72|19866404|358439936.00|-5.57|-0.74|-9.71|17.96|17.80|18.71|17.02|19.87|18.85|21015688|394583040.00|1|0.0000|0.0000|0.0000|0|18.85
鸿远电子|603267|-7.33|12991407|690952192.00|-5.03|-0.02|-10.00|51.72|53.00|55.80|50.23|12.99|55.81|9288633|525505344.00|1|0.0000|0.0000|0.0000|0|55.81
*ST松发|603268|-10.00|1363300|44174576.00|-4.25|-4.14|-10.00|31.96|34.00|34.04|31.96|1.36|35.51|955000|33342928.00|1|0.0000|0.0000|0.0000|0|35.51
海鸥股份|603269|-10.01|6450420|65689600.00|-5.72|-5.54|-10.01|10.07|10.55|10.57|10.07|6.45|11.19|6259800|70299632.00|1|0.0000|0.0000|0.0000|0|11.19
金帝股份|603270|-10.00|1939900|42310028.00|-8.30|-5.79|-10.00|21.59|22.00|22.60|21.59|1.94|23.99|7531765|185426240.00|1|0.0000|0.0000|0.0000|0|23.99
永杰新材|603271|-10.00|4261245|155006848.00|-3.50|-3.45|-10.00|35.73|38.31|38.33|35.73|4.26|39.70|4922593|192984944.00|1|0.0000|0.0000|0.0000|0|39.70
联翔股份|603272|-10.00|2018500|29416700.00|-5.66|-5.35|-10.00|14.31|15.00|15.05|14.31|2.02|15.90|1766600|28244928.00|1|0.0000|0.0000|0.0000|0|15.90
天元智能|603273|-10.01|2788000|42782904.00|-2.84|-2.84|-10.01|15.19|16.40|16.40|15.19|2.79|16.88|2620200|44551564.00|1|0.0000|0.0000|0.0000|0|16.88
众辰科技|603275|-9.99|1131500|40443720.00|-5.63|-3.39|-9.99|35.31|37.02|37.90|35.31|1.13|39.23|914900|36181232.00|1|0.0000|0.0000|0.0000|0|39.23
恒兴新材|603276|-10.00|6289292|77611024.00|-5.93|-5.48|-10.00|12.15|12.70|12.76|12.15|6.29|13.50|8926192|121053592.00|1|0.0000|0.0000|0.0000|0|13.50
银都股份|603277|-10.02|1871600|38883168.00|-9.80|-7.85|-10.02|20.75|20.80|21.25|20.75|1.87|23.06|5450495|127623896.00|1|0.0000|0.0000|0.0000|0|23.06
大业股份|603278|-10.03|10213500|84698096.00|-7.42|-6.22|-10.03|8.25|8.49|8.60|8.25|10.21|9.17|15191200|140065456.00|1|0.0000|0.0000|0.0000|0|9.17
景津装备|603279|-10.02|7502764|119371320.00|-3.32|-3.32|-10.02|15.45|16.60|16.60|15.45|7.50|17.17|2080240|35797480.00|1|0.0000|0.0000|0.0000|0|17.17
南方路机|603280|-9.99|3074200|65605096.00|-6.46|-5.53|-9.99|21.17|22.00|22.22|21.17|3.07|23.52|3060416|72156608.00|1|0.0000|0.0000|0.0000|0|23.52
江瀚新材|603281|-10.00|2928440|67465656.00|-5.65|-3.23|-10.00|22.32|23.40|24.00|22.32|2.93|24.80|1098400|27223788.00|1|0.0000|0.0000|0.0000|0|24.80
亚光股份|603282|-10.03|1934400|28133816.00|-3.55|-2.98|-10.03|14.18|15.20|15.29|14.18|1.93|15.76|2267400|35399176.00|1|0.0000|0.0000|0.0000|0|15.76
赛腾股份|603283|-9.99|2205325|111489272.00|-9.99|-9.14|-9.99|50.52|50.52|51.00|50.52|2.21|56.13|11052345|636608000.00|1|0.0000|0.0000|0.0000|0|56.13
键邦股份|603285|-10.02|5478663|116986664.00|-6.39|-5.80|-10.02|21.11|21.96|22.10|21.11|5.48|23.46|7273667|169263552.00|1|0.0000|0.0000|0.0000|0|23.46
日盈电子|603286|-10.01|4816600|132481528.00|-8.46|-7.05|-10.01|27.43|27.90|28.33|27.43|4.82|30.48|9206985|289036000.00|1|0.0000|0.0000|0.0000|0|30.48
海天味业|603288|-3.37|32467484|1280961536.00|-3.37|-0.91|-6.29|39.30|39.30|40.30|38.11|32.47|40.67|11662967|472588064.00|1|0.0000|0.0000|0.0000|0|40.67
泰瑞机器|603289|-9.97|7398300|59398220.00|-6.46|-4.87|-9.97|7.95|8.26|8.40|7.95|7.40|8.83|9142840|81126736.00|1|0.0000|0.0000|0.0000|0|8.83
斯达半导|603290|-10.00|3727500|303106816.00|-7.34|-4.52|-10.00|79.66|82.01|84.51|79.66|3.73|88.51|1882280|167297104.00|1|0.0000|0.0000|0.0000|0|88.51
联合水务|603291|-9.99|3712600|44708264.00|-2.33|-2.33|-9.99|11.98|13.00|13.00|11.98|3.71|13.31|3266000|43115568.00|1|0.0000|0.0000|0.0000|0|13.31
华勤技术|603296|-10.00|5440680|352881376.00|-9.74|-8.21|-10.00|64.69|64.88|65.98|64.69|5.44|71.88|14982749|1094696192.00|1|0.0000|0.0000|0.0000|0|71.88
永新光学|603297|-10.00|1299900|100463952.00|-10.00|-6.41|-10.00|76.77|76.77|79.83|76.77|1.30|85.30|1605701|138129568.00|1|0.0000|0.0000|0.0000|0|85.30
杭叉集团|603298|-9.98|5491500|97094968.00|-9.98|-9.42|-9.98|17.68|17.68|17.79|17.68|5.49|19.64|16311270|328003008.00|1|0.0000|0.0000|0.0000|0|19.64
苏盐井神|603299|-9.95|18532153|190007168.00|-2.44|-2.35|-9.95|9.95|10.78|10.79|9.95|18.53|11.05|7296500|80381304.00|1|0.0000|0.0000|0.0000|0|11.05
海南华铁|603300|-10.00|199420771|2007076864.00|-8.11|-6.31|-10.00|9.99|10.20|10.40|9.99|199.42|11.10|413488716|4603691008.00|1|0.0000|0.0000|0.0000|0|11.10
振德医疗|603301|-10.00|4842200|98915392.00|-3.21|-3.17|-10.00|19.90|21.40|21.41|19.90|4.84|22.11|3554614|78826160.00|1|0.0000|0.0000|0.0000|0|22.11
得邦照明|603303|-10.02|2887120|33722656.00|-6.23|-3.79|-10.02|11.41|11.89|12.20|11.41|2.89|12.68|2539200|32488324.00|1|0.0000|0.0000|0.0000|0|12.68
旭升集团|603305|-10.01|10919668|133737864.00|-7.78|-5.93|-10.01|12.14|12.44|12.69|12.14|10.92|13.49|13207628|180168752.00|1|0.0000|0.0000|0.0000|0|13.49
华懋科技|603306|-10.00|7131178|230390512.00|-9.60|-3.16|-10.00|31.86|32.00|34.28|31.86|7.13|35.40|4983970|178523888.00|1|0.0000|0.0000|0.0000|0|35.40
扬州金泉|603307|-8.71|1562274|53424508.00|-4.81|-3.60|-10.01|33.75|35.19|35.64|33.27|1.56|36.97|2453492|90113952.00|1|0.0000|0.0000|0.0000|0|36.97
应流股份|603308|-10.01|15940050|284563296.00|-5.53|-2.82|-10.01|17.26|18.12|18.64|17.26|15.94|19.18|17329140|332162912.00|1|0.0000|0.0000|0.0000|0|19.18
维力医疗|603309|-10.03|5558637|62290004.00|-3.67|-3.34|-10.03|11.03|11.81|11.85|11.03|5.56|12.26|5445332|66439196.00|1|0.0000|0.0000|0.0000|0|12.26
巍华新材|603310|-9.99|3587600|62106228.00|-4.57|-4.52|-9.99|17.12|18.15|18.16|17.12|3.59|19.02|4164006|78856416.00|1|0.0000|0.0000|0.0000|0|19.02
金海高科|603311|-9.99|2809200|26125314.00|-4.02|-3.92|-9.99|9.19|9.80|9.81|9.19|2.81|10.21|1889200|19220812.00|1|0.0000|0.0000|0.0000|0|10.21
西典新能|603312|-10.00|4783533|170945328.00|-7.93|-4.99|-10.00|35.19|36.00|37.15|35.19|4.78|39.10|3963551|157335328.00|1|0.0000|0.0000|0.0000|0|39.10
梦百合|603313|-0.59|62736675|441595072.00|2.34|9.96|-3.81|6.79|6.99|7.51|6.57|62.74|6.83|30293146|205410224.00|1|0.0000|0.0000|0.0000|0|6.83
福鞍股份|603315|-9.96|6481532|77144048.00|-9.89|-7.30|-9.96|11.84|11.85|12.19|11.84|6.48|13.15|11275100|149030864.00|1|0.0000|0.0000|0.0000|0|13.15
诚邦股份|603316|-10.00|3374100|17507864.00|-5.96|-2.46|-10.00|5.13|5.36|5.56|5.13|3.37|5.70|4719930|26843396.00|1|0.0000|0.0000|0.0000|0|5.70
天味食品|603317|-6.63|18136178|253989936.00|-3.93|0.55|-9.87|13.53|13.92|14.57|13.06|18.14|14.49|9082782|130375648.00|1|0.0000|0.0000|0.0000|0|14.49
水发燃气|603318|-10.06|10790600|64712572.00|-3.66|-3.66|-10.06|5.90|6.32|6.32|5.90|10.79|6.56|5639200|36841736.00|1|0.0000|0.0000|0.0000|0|6.56
美湖股份|603319|-10.01|1796200|53311216.00|-10.01|-10.01|-10.01|29.68|29.68|29.68|29.68|1.80|32.98|17003062|569087424.00|1|0.0000|0.0000|0.0000|0|32.98
迪贝电气|603320|-10.02|2681100|42351508.00|-9.39|-6.07|-10.02|15.71|15.82|16.40|15.71|2.68|17.46|3723229|65389396.00|1|0.0000|0.0000|0.0000|0|17.46
梅轮电梯|603321|-9.96|6277300|44886540.00|-4.21|-3.96|-9.96|7.05|7.50|7.52|7.05|6.28|7.83|10189023|80252208.00|1|0.0000|0.0000|0.0000|0|7.83
超讯通信|603322|-10.00|4532120|195140336.00|-7.70|-5.91|-10.00|42.65|43.74|44.59|42.65|4.53|47.39|5379796|255374352.00|1|0.0000|0.0000|0.0000|0|47.39
苏农银行|603323|-8.07|76686768|386150432.00|-2.44|-2.06|-9.19|4.90|5.20|5.22|4.84|76.69|5.33|31246591|166604176.00|1|0.0000|0.0000|0.0000|0|5.33
盛剑科技|603324|-9.98|2642100|63936664.00|-6.53|-5.11|-9.98|23.98|24.90|25.28|23.98|2.64|26.64|3196400|85169016.00|1|0.0000|0.0000|0.0000|0|26.64
博隆技术|603325|-7.98|1368423|120173232.00|-2.87|-2.87|-10.00|86.50|91.30|91.30|84.60|1.37|94.00|383620|35820904.00|1|0.0000|0.0000|0.0000|0|94.00
我乐家居|603326|-9.96|18349469|137580320.00|-5.35|-2.62|-9.96|7.23|7.60|7.82|7.23|18.35|8.03|29559883|237165680.00|1|0.0000|0.0000|0.0000|0|8.03
福蓉科技|603327|-9.98|6370994|70083392.00|-5.61|-5.61|-9.98|10.91|11.44|11.44|10.91|6.37|12.12|4697813|57133388.00|1|0.0000|0.0000|0.0000|0|12.12
依顿电子|603328|-10.02|12232500|105304144.00|-7.28|-7.28|-10.02|8.53|8.79|8.79|8.53|12.23|9.48|23806956|230327520.00|1|0.0000|0.0000|0.0000|0|9.48
上海雅仕|603329|-9.99|8292700|115590336.00|-7.11|-2.82|-9.99|13.42|13.85|14.49|13.42|8.29|14.91|11905655|173453904.00|1|0.0000|0.0000|0.0000|0|14.91
天洋新材|603330|-6.53|55243036|444627328.00|-2.98|-2.63|-9.97|8.16|8.47|8.50|7.86|55.24|8.73|64307204|576984512.00|0|0.0000|0.0000|0.0000|0|8.73
百达精工|603331|-10.02|4568000|39737868.00|-7.31|-5.53|-10.02|8.62|8.88|9.05|8.62|4.57|9.58|3392100|32541412.00|1|0.0000|0.0000|0.0000|0|9.58
苏州龙杰|603332|-9.98|4773900|41166508.00|-8.40|-6.20|-9.98|8.57|8.72|8.93|8.57|4.77|9.52|6674600|63317272.00|1|0.0000|0.0000|0.0000|0|9.52
尚纬股份|603333|-9.94|19719200|97492472.00|-5.07|-3.56|-9.94|4.80|5.06|5.14|4.80|19.72|5.33|11594300|61869184.00|1|0.0000|0.0000|0.0000|0|5.33
迪生力|603335|-10.04|22621740|92521456.00|-0.89|-0.89|-10.04|4.03|4.44|4.44|4.03|22.62|4.48|24881540|108375696.00|1|0.0000|0.0000|0.0000|0|4.48
宏辉果蔬|603336|9.92|90160686|504840096.00|2.10|9.92|2.10|5.76|5.35|5.76|5.35|90.16|5.24|77001586|401387680.00|1|0.0000|0.0000|0.0000|0|5.24
杰克科技|603337|-10.01|2612400|70512440.00|-9.64|-6.33|-10.01|26.88|26.99|27.98|26.88|2.61|29.87|7631633|231170784.00|1|0.0000|0.0000|0.0000|0|29.87
浙江鼎力|603338|-10.00|3130400|155192656.00|-9.09|-9.09|-10.00|49.50|50.00|50.00|49.50|3.13|55.00|10919955|602199616.00|1|0.0000|0.0000|0.0000|0|55.00
四方科技|603339|-10.01|3527080|38877412.00|-9.93|-5.91|-10.01|10.97|10.98|11.47|10.97|3.53|12.19|2520645|30939236.00|1|0.0000|0.0000|0.0000|0|12.19
龙旗科技|603341|-10.00|1749400|67296536.00|-8.04|-6.88|-10.00|38.18|39.01|39.50|38.18|1.75|42.42|2433300|103811120.00|1|0.0000|0.0000|0.0000|0|42.42
星德胜|603344|-10.00|2669900|60398004.00|-7.60|-7.60|-10.00|22.50|23.10|23.10|22.50|2.67|25.00|4375834|109924312.00|1|0.0000|0.0000|0.0000|0|25.00
安井食品|603345|-7.02|5807946|435904128.00|-5.73|-1.79|-9.89|73.78|74.80|77.93|71.50|5.81|79.35|2509456|199702624.00|1|0.0000|0.0000|0.0000|0|79.35
文灿股份|603348|-10.00|7184868|151830128.00|-5.43|-5.43|-10.00|20.89|21.95|21.95|20.89|7.18|23.21|4910550|113937584.00|1|0.0000|0.0000|0.0000|0|23.21
安乃达|603350|-10.01|1167400|37419668.00|-5.05|-5.05|-10.01|31.75|33.50|33.50|31.75|1.17|35.28|1455812|51750416.00|1|0.0000|0.0000|0.0000|0|35.28
威尔药业|603351|-9.98|972000|22944360.00|-5.42|-3.32|-9.98|23.08|24.25|24.79|23.08|0.97|25.64|1693240|44166224.00|1|0.0000|0.0000|0.0000|0|25.64
XD和顺石|603353|-9.98|2536000|38915424.00|-9.98|-8.92|-9.98|15.34|15.34|15.52|15.34|2.54|17.04|14952860|256583680.00|1|0.0000|0.0000|0.0000|0|17.04
莱克电气|603355|-9.99|2339200|51346784.00|-9.17|-7.18|-9.99|21.80|22.00|22.48|21.80|2.34|24.22|6641541|165696016.00|1|0.0000|0.0000|0.0000|0|24.22
华菱精工|603356|-10.01|5371100|63319976.00|-9.93|-1.46|-10.01|11.69|11.70|12.80|11.69|5.37|12.99|1403100|18129448.00|1|0.0000|0.0000|0.0000|0|12.99
设计总院|603357|-9.96|22774676|208560608.00|-4.98|-3.46|-9.96|8.86|9.35|9.50|8.86|22.77|9.84|13176068|129641720.00|1|0.0000|0.0000|0.0000|0|9.84
华达科技|603358|-9.96|3634400|120237744.00|-3.71|-3.69|-9.99|32.72|34.99|35.00|32.71|3.63|36.34|4502802|164626768.00|1|0.0000|0.0000|0.0000|0|36.34
东珠生态|603359|-9.94|15074418|71602192.00|-6.69|-5.54|-9.94|4.71|4.88|4.94|4.71|15.07|5.23|27909206|147005456.00|1|0.0000|0.0000|0.0000|0|5.23
百傲化学|603360|-10.00|10394991|277470848.00|-7.62|-4.04|-10.00|26.09|26.78|27.82|26.09|10.39|28.99|9874548|287567936.00|1|0.0000|0.0000|0.0000|0|28.99
傲农生物|603363|-4.94|19003350|63227728.00|-4.07|1.16|-4.94|3.27|3.30|3.48|3.27|19.00|3.44|5790290|19973976.00|1|0.0000|0.0000|0.0000|0|3.44
水星家纺|603365|-6.07|2573346|37529196.00|-4.66|-3.58|-10.03|14.71|14.93|15.10|14.09|2.57|15.66|1160300|17938936.00|1|0.0000|0.0000|0.0000|0|15.66
日出东方|603366|-10.03|16576910|150651440.00|-9.93|-7.75|-10.03|9.06|9.07|9.29|9.06|16.58|10.07|39792848|405936704.00|1|0.0000|0.0000|0.0000|0|10.07
辰欣药业|603367|-9.73|9124679|120608920.00|-3.15|-3.15|-10.01|12.90|13.84|13.84|12.86|9.12|14.29|4874900|69845592.00|1|0.0000|0.0000|0.0000|0|14.29
柳药集团|603368|-9.93|19178291|316761440.00|-3.95|-3.27|-9.98|15.97|17.03|17.15|15.96|19.18|17.73|6248700|110903840.00|1|0.0000|0.0000|0.0000|0|17.73
今世缘|603369|-2.30|8659147|442758112.00|-3.12|-0.08|-6.17|51.31|50.88|52.48|49.28|8.66|52.52|4388201|230317664.00|1|0.0000|0.0000|0.0000|0|52.52
安邦护卫|603373|-10.00|1716323|48083520.00|-4.98|-2.33|-10.00|27.09|28.60|29.40|27.09|1.72|30.10|545100|16406244.00|1|0.0000|0.0000|0.0000|0|30.10
盛景微|603375|-9.99|2135200|67804568.00|-5.53|-5.01|-9.99|31.44|33.00|33.18|31.44|2.14|34.93|1594302|55710212.00|1|0.0000|0.0000|0.0000|0|34.93
ST东时|603377|-5.11|2218700|6589539.00|-5.11|-5.11|-5.11|2.97|2.97|2.97|2.97|2.22|3.13|10191477|31962284.00|1|0.0000|0.0000|0.0000|0|3.13
亚士创能|603378|-10.06|4318275|26275008.00|-4.50|-3.90|-10.06|5.99|6.36|6.40|5.99|4.32|6.66|5674064|37803288.00|1|0.0000|0.0000|0.0000|0|6.66
三美股份|603379|-9.03|8505809|315597312.00|-9.94|-5.04|-10.01|37.17|36.80|38.80|36.77|8.51|40.86|5857118|238243760.00|1|0.0000|0.0000|0.0000|0|40.86
易德龙|603380|-10.00|800500|17210816.00|-10.00|-9.50|-10.00|21.50|21.50|21.62|21.50|0.80|23.89|2387298|57401672.00|1|0.0000|0.0000|0.0000|0|23.89
永臻股份|603381|-10.01|3022362|59646304.00|-8.17|-6.32|-10.01|19.50|19.90|20.30|19.50|3.02|21.67|1826600|39413680.00|1|0.0000|0.0000|0.0000|0|21.67
顶点软件|603383|-10.00|10140420|373211360.00|-6.38|-4.47|-10.00|36.27|37.73|38.50|36.27|10.14|40.30|9223212|371870304.00|1|0.0000|0.0000|0.0000|0|40.30
惠达卫浴|603385|-10.04|3884634|23667116.00|-4.80|-4.35|-10.04|6.00|6.35|6.38|6.00|3.88|6.67|4114640|27147436.00|1|0.0000|0.0000|0.0000|0|6.67
骏亚科技|603386|-10.03|6129900|61562572.00|-6.59|-5.87|-10.03|9.96|10.34|10.42|9.96|6.13|11.07|5847854|64509048.00|1|0.0000|0.0000|0.0000|0|11.07
基蛋生物|603387|-10.03|9210832|73374424.00|-3.11|-3.00|-10.03|7.80|8.40|8.41|7.80|9.21|8.67|4454260|38798812.00|1|0.0000|0.0000|0.0000|0|8.67
*ST亚振|603389|-10.02|6590840|31141826.00|-4.43|-4.05|-10.02|4.67|4.96|4.98|4.67|6.59|5.19|7866600|40860704.00|1|0.0000|0.0000|0.0000|0|5.19
通达电气|603390|-10.02|8367500|76265864.00|-8.23|-5.75|-10.02|9.07|9.25|9.50|9.07|8.37|10.08|5060100|51078688.00|1|0.0000|0.0000|0.0000|0|10.08
力聚热能|603391|-9.72|2779802|115788344.00|-4.58|-0.59|-10.00|39.83|42.10|43.86|39.71|2.78|44.12|1388205|60961244.00|1|0.0000|0.0000|0.0000|0|44.12
万泰生物|603392|-2.62|6262858|391474976.00|-1.54|-1.54|-7.34|63.30|64.00|64.00|60.23|6.26|65.00|1390424|90280552.00|1|0.0000|0.0000|0.0000|0|65.00
新天然气|603393|-9.58|10082997|271573312.00|-3.26|-1.46|-9.99|26.06|27.88|28.40|25.94|10.08|28.82|2931854|84822264.00|1|0.0000|0.0000|0.0000|0|28.82
红四方|603395|-9.99|4311100|183364848.00|-3.68|-3.64|-9.99|41.53|44.44|44.46|41.53|4.31|46.14|3316700|152759520.00|1|0.0000|0.0000|0.0000|0|46.14
金辰股份|603396|-9.98|2484500|59265176.00|-7.19|-4.21|-9.98|23.53|24.26|25.04|23.53|2.48|26.14|1700187|44532304.00|1|0.0000|0.0000|0.0000|0|26.14
*ST沐邦|603398|-10.03|5126300|58495772.00|-4.62|-4.62|-10.03|11.30|11.98|11.98|11.30|5.13|12.56|12272980|153024048.00|1|0.0000|0.0000|0.0000|0|12.56
永杉锂业|603399|-10.02|8953300|73757664.00|-5.29|-5.29|-10.02|8.17|8.60|8.60|8.17|8.95|9.08|4916400|44531772.00|1|0.0000|0.0000|0.0000|0|9.08
建霖家居|603408|-10.00|2789800|32702226.00|-8.29|-5.43|-10.00|11.61|11.83|12.20|11.61|2.79|12.90|4982200|64909156.00|1|0.0000|0.0000|0.0000|0|12.90
汇通控股|603409|-10.01|3755307|136396864.00|-5.47|-4.71|-10.01|35.70|37.50|37.80|35.70|3.76|39.67|4997565|194940192.00|1|0.0000|0.0000|0.0000|0|39.67
信捷电气|603416|-9.99|1752400|95691488.00|-9.97|-4.34|-9.99|53.69|53.70|57.06|53.69|1.75|59.65|2828220|170074160.00|1|0.0000|0.0000|0.0000|0|59.65
鼎信通讯|603421|-9.93|7674000|47174080.00|-5.19|-5.19|-9.93|6.08|6.40|6.40|6.08|7.67|6.75|8659272|58006068.00|1|0.0000|0.0000|0.0000|0|6.75
集友股份|603429|-10.02|14967780|118166752.00|-6.64|-4.43|-10.02|7.72|8.01|8.20|7.72|14.97|8.58|10773420|92456192.00|1|0.0000|0.0000|0.0000|0|8.58
三力制药|603439|-10.00|9353871|115010608.00|-4.62|-3.18|-10.00|11.88|12.59|12.78|11.88|9.35|13.20|3531571|46604248.00|1|0.0000|0.0000|0.0000|0|13.20
吉比特|603444|-9.88|1572046|327079744.00|-6.26|-4.08|-10.00|202.00|210.10|215.00|201.73|1.57|224.14|1408915|314813408.00|1|0.0000|0.0000|0.0000|0|224.14
九洲药业|603456|-9.97|31827570|423101024.00|-4.57|-3.25|-9.97|13.00|13.78|13.97|13.00|31.83|14.44|20215180|293242016.00|1|0.0000|0.0000|0.0000|0|14.44
勘设股份|603458|-9.94|9103034|53440228.00|-4.81|-4.81|-9.94|5.80|6.13|6.13|5.80|9.10|6.44|8461160|54605684.00|1|0.0000|0.0000|0.0000|0|6.44
风语筑|603466|-9.98|8780220|78447952.00|-6.31|-5.91|-9.98|8.84|9.20|9.24|8.84|8.78|9.82|12585678|123970368.00|1|0.0000|0.0000|0.0000|0|9.82
巨星农牧|603477|2.34|53770423|1130533504.00|-3.51|7.41|-4.24|21.00|19.80|22.04|19.65|53.77|20.52|21918018|451550944.00|1|0.0000|0.0000|0.0000|0|20.52
科沃斯|603486|-10.00|3237600|160861760.00|-7.97|-6.78|-10.00|49.24|50.35|51.00|49.24|3.24|54.71|8019452|447803232.00|1|0.0000|0.0000|0.0000|0|54.71
展鹏科技|603488|-9.97|4426500|30371698.00|-3.59|-3.59|-9.97|6.77|7.25|7.25|6.77|4.43|7.52|2934800|21901692.00|1|0.0000|0.0000|0.0000|0|7.52
八方股份|603489|-10.00|2792957|68099336.00|-7.84|-3.73|-10.00|24.12|24.70|25.80|24.12|2.79|26.80|2931756|78981752.00|1|0.0000|0.0000|0.0000|0|26.80
恒为科技|603496|-9.99|10248200|257585616.00|-9.48|-4.62|-9.99|24.96|25.10|26.45|24.96|10.25|27.73|11850700|330609216.00|1|0.0000|0.0000|0.0000|0|27.73
翔港科技|603499|-10.00|2327400|55997736.00|-10.00|-6.71|-10.00|24.02|24.02|24.90|24.02|2.33|26.69|19584087|520428320.00|1|0.0000|0.0000|0.0000|0|26.69
祥和实业|603500|-10.00|8875820|61390504.00|-6.18|-3.95|-10.00|6.84|7.13|7.30|6.84|8.88|7.60|4689440|35731512.00|1|0.0000|0.0000|0.0000|0|7.60
豪威集团|603501|-10.00|23228491|2763355904.00|-8.21|-5.28|-10.00|117.17|119.50|123.31|117.17|23.23|130.19|13581384|1783559040.00|1|0.0000|0.0000|0.0000|0|130.19
金石资源|603505|-10.00|6951043|157954464.00|-3.89|-2.95|-10.00|21.96|23.45|23.68|21.96|6.95|24.40|2101892|51248280.00|1|0.0000|0.0000|0.0000|0|24.40
南都物业|603506|-9.98|5767540|58380344.00|-6.08|-6.08|-9.98|9.92|10.35|10.35|9.92|5.77|11.02|3578600|39130348.00|1|0.0000|0.0000|0.0000|0|11.02
振江股份|603507|-9.99|2513800|65936976.00|-9.99|-9.99|-9.99|26.23|26.23|26.23|26.23|2.51|29.14|68009602|1960543616.00|1|0.0000|0.0000|0.0000|0|29.14
思维列控|603508|-10.02|5848492|126253344.00|-4.49|-4.49|-10.02|21.02|22.31|22.31|21.02|5.85|23.36|2946032|69197624.00|1|0.0000|0.0000|0.0000|0|23.36
爱慕股份|603511|-10.01|2385800|30080600.00|-5.55|-5.55|-10.01|12.49|13.11|13.11|12.49|2.39|13.88|1655200|22890888.00|1|0.0000|0.0000|0.0000|0|13.88
欧普照明|603515|-9.81|3924438|60338248.00|-2.97|-2.97|-9.99|14.90|16.03|16.03|14.87|3.92|16.52|1431240|23692926.00|1|0.0000|0.0000|0.0000|0|16.52
淳中科技|603516|-10.00|2612250|100969712.00|-10.00|-7.91|-10.00|38.59|38.59|39.49|38.59|2.61|42.88|9991550|436766272.00|1|0.0000|0.0000|0.0000|0|42.88
ST绝味|603517|-9.74|28308751|425065088.00|-4.40|-2.17|-9.99|14.55|15.41|15.77|14.51|28.31|16.12|30242833|487855392.00|1|0.0000|0.0000|0.0000|0|16.12
锦泓集团|603518|-9.97|8894300|76341896.00|-4.56|-4.56|-9.97|8.49|9.00|9.00|8.49|8.89|9.43|10070226|94708136.00|1|0.0000|0.0000|0.0000|0|9.43
立霸股份|603519|-10.02|2779752|31259642.00|-4.07|-3.91|-10.02|11.05|11.78|11.80|11.05|2.78|12.28|1954125|23912484.00|1|0.0000|0.0000|0.0000|0|12.28
司太立|603520|-10.01|16296049|134473200.00|-4.95|-3.26|-10.01|8.00|8.45|8.60|8.00|16.30|8.89|8164900|72549512.00|1|0.0000|0.0000|0.0000|0|8.89
众源新材|603527|-9.98|5814900|51319888.00|-7.20|-6.07|-9.98|8.75|9.02|9.13|8.75|5.81|9.72|11221020|109477760.00|1|0.0000|0.0000|0.0000|0|9.72
多伦科技|603528|-9.99|9266054|69874984.00|-4.93|-4.81|-9.99|7.48|7.90|7.91|7.48|9.27|8.31|7142700|59166792.00|1|0.0000|0.0000|0.0000|0|8.31
爱玛科技|603529|-7.81|8014791|349811168.00|-5.09|-2.01|-9.60|42.73|43.99|45.42|41.90|8.01|46.35|7805650|358557056.00|1|0.0000|0.0000|0.0000|0|46.35
神马电力|603530|-10.00|3737317|90294376.00|-10.00|-4.98|-10.00|23.67|23.67|24.99|23.67|3.74|26.30|6153768|165151152.00|1|0.0000|0.0000|0.0000|0|26.30
掌阅科技|603533|-9.99|7020700|120114912.00|-6.75|-5.21|-9.99|16.94|17.55|17.84|16.94|7.02|18.82|5606200|105648272.00|1|0.0000|0.0000|0.0000|0|18.82
嘉诚国际|603535|-10.02|5570861|44234988.00|-8.99|-4.61|-10.02|7.81|7.90|8.28|7.81|5.57|8.68|6253545|53589372.00|1|0.0000|0.0000|0.0000|0|8.68
惠发食品|603536|-9.99|8522380|71236632.00|-3.95|-3.29|-9.99|8.20|8.75|8.81|8.20|8.52|9.11|7033240|63907468.00|1|0.0000|0.0000|0.0000|0|9.11
美诺华|603538|-9.98|10959367|152186448.00|-4.89|-2.34|-9.98|13.44|14.20|14.58|13.44|10.96|14.93|12061035|181007536.00|1|0.0000|0.0000|0.0000|0|14.93
奥普科技|603551|-7.91|5258100|51889800.00|-6.98|-5.12|-9.95|9.90|10.00|10.20|9.68|5.26|10.75|2604900|28053800.00|1|0.0000|0.0000|0.0000|0|10.75
海兴电力|603556|-10.01|5646584|177647056.00|-8.39|-3.63|-10.01|30.47|31.02|32.63|30.47|5.65|33.86|4754200|160126784.00|1|0.0000|0.0000|0.0000|0|33.86
ST起步|603557|-5.00|3786300|7952757.50|-3.64|-2.73|-5.00|2.09|2.12|2.14|2.09|3.79|2.20|2484300|5466450.00|1|0.0000|0.0000|0.0000|0|2.20
健盛集团|603558|-9.96|7673800|64623516.00|-7.47|-5.84|-9.96|8.32|8.55|8.70|8.32|7.67|9.24|17247400|161331200.00|1|0.0000|0.0000|0.0000|0|9.24
ST通脉|603559|-4.99|1588200|11542461.00|-4.99|-1.45|-4.99|7.23|7.23|7.50|7.23|1.59|7.61|1741913|13117393.00|1|0.0000|0.0000|0.0000|0|7.61
中谷物流|603565|-8.68|42457312|428516448.00|-3.17|-1.59|-9.98|9.79|10.38|10.55|9.65|42.46|10.72|25525034|273680640.00|1|0.0000|0.0000|0.0000|0|10.72
普莱柯|603566|-6.20|16613903|210194160.00|-0.92|1.45|-8.12|12.25|12.94|13.25|12.00|16.61|13.06|19861337|258592544.00|1|0.0000|0.0000|0.0000|0|13.06
珍宝岛|603567|-10.01|11294600|118849104.00|-2.13|-2.13|-10.01|10.16|11.05|11.05|10.16|11.29|11.29|3912788|44073480.00|1|0.0000|0.0000|0.0000|0|11.29
伟明环保|603568|-9.98|13834044|262910608.00|-7.12|-4.36|-9.98|18.59|19.18|19.75|18.59|13.83|20.65|7954424|165965248.00|1|0.0000|0.0000|0.0000|0|20.65
长久物流|603569|0.89|58221331|459275616.00|-4.33|4.97|-4.33|7.92|7.51|8.24|7.51|58.22|7.85|33310713|256898144.00|1|0.0000|0.0000|0.0000|0|7.85
汇金通|603577|-10.01|5808800|47136616.00|-3.60|-3.60|-10.01|8.00|8.57|8.57|8.00|5.81|8.89|4997200|44675652.00|1|0.0000|0.0000|0.0000|0|8.89
三星新材|603578|-9.97|5088978|72771880.00|-9.72|-8.01|-9.97|14.27|14.31|14.58|14.27|5.09|15.85|5310218|84166952.00|1|0.0000|0.0000|0.0000|0|15.85
荣泰健康|603579|-9.98|3504000|74753560.00|-9.98|-8.67|-9.98|21.29|21.29|21.60|21.29|3.50|23.65|30952834|697293568.00|1|0.0000|0.0000|0.0000|0|23.65
*ST艾艾|603580|-9.99|2387660|38960340.00|-9.49|-4.08|-9.99|16.12|16.21|17.18|16.12|2.39|17.91|2679100|47229528.00|1|0.0000|0.0000|0.0000|0|17.91
捷昌驱动|603583|-10.00|3733590|130693384.00|-10.00|-7.24|-10.00|34.83|34.83|35.90|34.83|3.73|38.70|12247520|483612928.00|1|0.0000|0.0000|0.0000|0|38.70
苏利股份|603585|-9.99|4972400|71085576.00|-5.25|-4.04|-9.99|14.05|14.79|14.98|14.05|4.97|15.61|10284270|157506208.00|1|0.0000|0.0000|0.0000|0|15.61
金麒麟|603586|-9.99|2714400|36179408.00|-8.42|-6.73|-9.99|13.25|13.48|13.73|13.25|2.71|14.72|2039300|30043228.00|1|0.0000|0.0000|0.0000|0|14.72
地素时尚|603587|-10.03|5773260|65858656.00|-5.94|-4.25|-10.03|11.21|11.72|11.93|11.21|5.77|12.46|1538200|19129122.00|1|0.0000|0.0000|0.0000|0|12.46
高能环境|603588|-9.93|49329664|255051232.00|-5.67|-4.43|-9.93|5.08|5.32|5.39|5.08|49.33|5.64|28483148|160953808.00|1|0.0000|0.0000|0.0000|0|5.64
口子窖|603589|-7.76|11393141|394824416.00|-1.99|-1.66|-9.81|33.86|35.98|36.10|33.11|11.39|36.71|5449885|199039808.00|1|0.0000|0.0000|0.0000|0|36.71
康辰药业|603590|-10.00|5736889|145804880.00|-5.44|-2.13|-10.00|24.49|25.73|26.63|24.49|5.74|27.21|4721921|128047176.00|1|0.0000|0.0000|0.0000|0|27.21
ST东尼|603595|-10.02|1062000|19169100.00|-10.02|-10.02|-10.02|18.05|18.05|18.05|18.05|1.06|20.06|3084990|62412856.00|1|0.0000|0.0000|0.0000|0|20.06
伯特利|603596|-10.00|4314720|233696912.00|-7.11|-6.47|-10.00|53.56|55.28|55.66|53.56|4.31|59.51|4395359|263863232.00|1|0.0000|0.0000|0.0000|0|59.51
引力传媒|603598|-9.97|4340300|71292288.00|-9.09|-6.72|-9.97|16.34|16.50|16.93|16.34|4.34|18.15|10196783|186426224.00|1|0.0000|0.0000|0.0000|0|18.15
广信股份|603599|-8.59|18942026|208660912.00|-3.29|-3.29|-10.03|10.85|11.48|11.48|10.68|18.94|11.87|3381303|40046944.00|1|0.0000|0.0000|0.0000|0|11.87
永艺股份|603600|-10.03|3669000|35370716.00|-9.00|-7.87|-10.03|9.60|9.71|9.83|9.60|3.67|10.67|14629300|158001168.00|1|0.0000|0.0000|0.0000|0|10.67
再升科技|603601|-9.97|20880340|68819112.00|-5.26|-4.43|-9.97|3.25|3.42|3.45|3.25|20.88|3.61|13421896|48374672.00|1|0.0000|0.0000|0.0000|0|3.61
纵横通信|603602|-10.01|8936998|133853504.00|-3.99|-3.99|-10.01|14.65|15.63|15.63|14.65|8.94|16.28|5544100|90076000.00|1|0.0000|0.0000|0.0000|0|16.28
珀莱雅|603605|-8.01|7709880|595725632.00|-5.15|-3.61|-10.00|76.25|78.62|79.90|74.60|7.71|82.89|1803003|149331024.00|1|0.0000|0.0000|0.0000|0|82.89
东方电缆|603606|-7.75|11473898|542425344.00|-6.39|-1.99|-9.38|46.32|47.00|49.21|45.50|11.47|50.21|7789495|391250432.00|1|0.0000|0.0000|0.0000|0|50.21
京华激光|603607|-10.01|5100181|85400048.00|-6.64|-4.84|-10.01|16.54|17.16|17.49|16.54|5.10|18.38|9003116|163228720.00|1|0.0000|0.0000|0.0000|0|18.38
天创时尚|603608|-4.95|1865200|8247821.00|-4.95|-3.87|-4.95|4.42|4.42|4.47|4.42|1.87|4.65|2294580|10695459.00|1|0.0000|0.0000|0.0000|0|4.65
禾丰股份|603609|2.61|20440735|166428400.00|-0.50|4.98|-2.49|8.25|8.00|8.44|7.84|20.44|8.04|5035097|40451000.00|1|0.0000|0.0000|0.0000|0|8.04
麒盛科技|603610|-9.96|2301100|23528072.00|-9.96|-7.41|-9.96|10.21|10.21|10.50|10.21|2.30|11.34|7886750|90324264.00|1|0.0000|0.0000|0.0000|0|11.34
诺力股份|603611|-9.99|6973900|113669976.00|-8.27|-6.38|-9.99|16.22|16.53|16.87|16.22|6.97|18.02|6832900|123857744.00|1|0.0000|0.0000|0.0000|0|18.02
索通发展|603612|-10.02|14029860|219486080.00|-7.86|-5.18|-10.02|15.45|15.82|16.28|15.45|14.03|17.17|13572300|235788832.00|1|0.0000|0.0000|0.0000|0|17.17
国联股份|603613|-9.99|10788534|255838528.00|-8.27|-5.09|-9.99|23.52|23.97|24.80|23.52|10.79|26.13|6765852|177592224.00|1|0.0000|0.0000|0.0000|0|26.13
茶花股份|603615|-10.00|2796300|64208516.00|-6.51|-4.64|-10.00|22.67|23.55|24.02|22.67|2.80|25.19|3224800|81588456.00|1|0.0000|0.0000|0.0000|0|25.19
韩建河山|603616|-10.09|10152600|31211600.00|-4.75|-4.15|-10.09|3.03|3.21|3.23|3.03|10.15|3.37|7890400|26419372.00|1|0.0000|0.0000|0.0000|0|3.37
君禾股份|603617|-9.97|5615400|37251196.00|-8.61|-7.10|-9.97|6.59|6.69|6.80|6.59|5.62|7.32|9453340|69421512.00|1|0.0000|0.0000|0.0000|0|7.32
杭电股份|603618|-9.96|17842700|110705952.00|-9.08|-5.56|-9.96|6.15|6.21|6.45|6.15|17.84|6.83|19509868|133847320.00|1|0.0000|0.0000|0.0000|0|6.83
中曼石油|603619|-9.99|7128600|115072192.00|-9.99|-8.71|-9.99|16.13|16.13|16.36|16.13|7.13|17.92|9869649|176569024.00|1|0.0000|0.0000|0.0000|0|17.92
科森科技|603626|-9.95|12427800|88301432.00|-7.78|-6.63|-9.95|7.06|7.23|7.32|7.06|12.43|7.84|13019918|102737680.00|1|0.0000|0.0000|0.0000|0|7.84
清源股份|603628|-9.97|11706115|137822128.00|-3.89|-3.89|-9.97|11.56|12.34|12.34|11.56|11.71|12.84|8064800|103329640.00|1|0.0000|0.0000|0.0000|0|12.84
利通电子|603629|-9.99|4250800|104872048.00|-9.29|-6.79|-9.99|24.52|24.71|25.39|24.52|4.25|27.24|12336400|336713152.00|1|0.0000|0.0000|0.0000|0|27.24
拉芳家化|603630|-9.97|18145880|305801056.00|-5.35|1.13|-9.97|15.98|16.80|17.95|15.98|18.15|17.75|30404760|536331520.00|1|0.0000|0.0000|0.0000|0|17.75
徕木股份|603633|-10.02|10241484|75198912.00|-7.67|-5.82|-10.02|7.27|7.46|7.61|7.27|10.24|8.08|13851897|113616304.00|1|0.0000|0.0000|0.0000|0|8.08
南威软件|603636|-10.00|9587005|112081536.00|-9.84|-5.58|-10.00|11.61|11.63|12.18|11.61|9.59|12.90|7623256|98747432.00|1|0.0000|0.0000|0.0000|0|12.90
镇海股份|603637|-10.03|4674300|40875664.00|-5.22|-4.60|-10.03|8.61|9.07|9.13|8.61|4.67|9.57|4046884|38666488.00|1|0.0000|0.0000|0.0000|0|9.57
艾迪精密|603638|-9.99|8343100|154878064.00|-9.29|-3.61|-9.99|18.21|18.35|19.50|18.21|8.34|20.23|13468764|283297696.00|1|0.0000|0.0000|0.0000|0|20.23
海利尔|603639|-10.01|3752314|42164104.00|-5.74|-3.77|-10.01|10.97|11.49|11.73|10.97|3.75|12.19|1827464|22140658.00|1|0.0000|0.0000|0.0000|0|12.19
畅联股份|603648|-9.97|6453500|57484324.00|-3.39|-3.39|-9.97|8.76|9.40|9.40|8.76|6.45|9.73|6095400|58661596.00|1|0.0000|0.0000|0.0000|0|9.73
彤程新材|603650|-9.90|9092500|271277056.00|-4.46|-1.65|-9.99|28.86|30.60|31.50|28.83|9.09|32.03|4130860|131835928.00|1|0.0000|0.0000|0.0000|0|32.03
朗博科技|603655|-10.00|2539300|56038424.00|-4.38|-4.38|-10.00|21.77|23.13|23.13|21.77|2.54|24.19|1442700|34764776.00|1|0.0000|0.0000|0.0000|0|24.19
泰禾智能|603656|-10.02|5295200|88369064.00|-5.07|-5.01|-10.02|16.52|17.43|17.44|16.52|5.30|18.36|1650600|30365752.00|1|0.0000|0.0000|0.0000|0|18.36
春光科技|603657|-9.98|1600900|26421634.00|-9.98|-8.18|-9.98|16.50|16.50|16.83|16.50|1.60|18.33|20035786|364759872.00|1|0.0000|0.0000|0.0000|0|18.33
安图生物|603658|-6.39|5427893|221658064.00|-3.74|-0.73|-9.40|40.02|41.15|42.44|38.73|5.43|42.75|2436817|104148960.00|1|0.0000|0.0000|0.0000|0|42.75
璞泰来|603659|-10.02|12972620|211346864.00|-6.49|-6.49|-10.02|16.07|16.70|16.70|16.07|12.97|17.86|20913495|375368864.00|1|0.0000|0.0000|0.0000|0|17.86
苏州科达|603660|-9.93|9498400|60911632.00|-6.24|-5.53|-9.93|6.35|6.61|6.66|6.35|9.50|7.05|8326687|58807284.00|1|0.0000|0.0000|0.0000|0|7.05
恒林股份|603661|-9.99|1073940|28769230.00|-4.50|-4.47|-9.99|26.39|28.00|28.01|26.39|1.07|29.32|1079700|31732412.00|1|0.0000|0.0000|0.0000|0|29.32
柯力传感|603662|-10.00|5564451|317149920.00|-9.39|-4.78|-10.00|56.62|57.00|59.90|56.62|5.56|62.91|5652806|359320352.00|1|0.0000|0.0000|0.0000|0|62.91
三祥新材|603663|-10.00|9182145|193234640.00|-9.87|-6.09|-10.00|20.98|21.01|21.89|20.98|9.18|23.31|10882864|252057040.00|1|0.0000|0.0000|0.0000|0|23.31
康隆达|603665|-9.98|1248500|19120832.00|-6.08|-6.08|-9.98|15.24|15.90|15.90|15.24|1.25|16.93|5817630|98082736.00|1|0.0000|0.0000|0.0000|0|16.93
亿嘉和|603666|-10.00|4713000|149827760.00|-9.08|-6.08|-10.00|31.51|31.83|32.88|31.51|4.71|35.01|11979200|421958496.00|1|0.0000|0.0000|0.0000|0|35.01
五洲新春|603667|-9.99|3328500|113968768.00|-9.99|-9.28|-9.99|34.23|34.23|34.50|34.23|3.33|38.03|11179668|428495840.00|1|0.0000|0.0000|0.0000|0|38.03
天马科技|603668|-9.96|8606304|99626960.00|-3.61|-2.25|-9.96|11.21|12.00|12.17|11.21|8.61|12.45|3793730|47116380.00|1|0.0000|0.0000|0.0000|0|12.45
灵康药业|603669|-9.98|6699600|27610278.00|-4.21|-3.77|-9.98|4.06|4.32|4.34|4.06|6.70|4.51|7525554|33734528.00|1|0.0000|0.0000|0.0000|0|4.51
卫信康|603676|-9.96|3940100|36964904.00|-4.30|-4.00|-9.96|9.22|9.80|9.83|9.22|3.94|10.24|3504300|35765760.00|1|0.0000|0.0000|0.0000|0|10.24
奇精机械|603677|-9.98|2707318|49376368.00|-9.98|-8.89|-9.98|18.23|18.23|18.45|18.23|2.71|20.25|17047064|351933120.00|1|0.0000|0.0000|0.0000|0|20.25
火炬电子|603678|-7.90|15969393|607332160.00|-4.68|-0.97|-10.00|37.20|38.50|40.00|36.35|15.97|40.39|9763946|398095072.00|1|0.0000|0.0000|0.0000|0|40.39
华体科技|603679|-9.98|3252000|37250932.00|-6.73|-6.57|-9.98|11.37|11.78|11.80|11.37|3.25|12.63|5547600|69934568.00|1|0.0000|0.0000|0.0000|0|12.63
今创集团|603680|-9.96|3885304|29582958.00|-5.28|-3.00|-9.96|7.50|7.89|8.08|7.50|3.89|8.33|2491978|20777736.00|1|0.0000|0.0000|0.0000|0|8.33
永冠新材|603681|-9.98|2929800|37522972.00|-6.49|-4.49|-9.98|12.63|13.12|13.40|12.63|2.93|14.03|2545300|35877456.00|1|0.0000|0.0000|0.0000|0|14.03
锦和商管|603682|-10.06|8627100|41427036.00|-4.93|-0.95|-10.06|4.74|5.01|5.22|4.74|8.63|5.27|6264900|33059836.00|1|0.0000|0.0000|0.0000|0|5.27
晶华新材|603683|-10.02|14939980|159420496.00|-6.62|-5.69|-10.02|10.60|11.00|11.11|10.60|14.94|11.78|14637868|169179424.00|1|0.0000|0.0000|0.0000|0|11.78
晨丰科技|603685|-9.99|2288300|25354090.00|-3.39|-3.39|-9.99|10.90|11.70|11.70|10.90|2.29|12.11|2210000|26609854.00|1|0.0000|0.0000|0.0000|0|12.11
福龙马|603686|-10.00|20223700|237713744.00|-10.00|-6.69|-10.00|11.70|11.70|12.13|11.70|20.22|13.00|76869905|1046432320.00|1|0.0000|0.0000|0.0000|0|13.00
大胜达|603687|-9.93|10391804|66904796.00|-6.38|-4.96|-9.93|6.35|6.60|6.70|6.35|10.39|7.05|6169100|43288060.00|1|0.0000|0.0000|0.0000|0|7.05
石英股份|603688|5.39|44938818|1395237504.00|-5.09|7.77|-5.59|31.46|28.33|32.17|28.18|44.94|29.85|12613500|377942880.00|1|0.0000|0.0000|0.0000|0|29.85
皖天然气|603689|-9.17|8428561|69016240.00|-1.95|-1.83|-9.52|7.92|8.55|8.56|7.89|8.43|8.72|2779540|24166812.00|1|0.0000|0.0000|0.0000|0|8.72
至纯科技|603690|-3.02|79889903|2310792448.00|-5.50|4.40|-7.73|28.22|27.50|30.38|26.85|79.89|29.10|66423316|1995580416.00|1|0.0000|0.0000|0.0000|0|29.10
江苏新能|603693|2.02|71525726|1078279040.00|-5.72|10.03|-7.88|15.15|14.00|16.34|13.68|71.53|14.85|59011863|837826496.00|1|0.0000|0.0000|0.0000|0|14.85
安记食品|603696|-9.97|8630916|70005048.00|-5.45|-0.70|-9.97|7.77|8.16|8.57|7.77|8.63|8.63|3724780|31931416.00|1|0.0000|0.0000|0.0000|0|8.63
有友食品|603697|-4.86|10884227|107239784.00|-6.22|0.19|-7.97|9.79|9.65|10.31|9.47|10.88|10.29|10071791|102948792.00|1|0.0000|0.0000|0.0000|0|10.29
航天工程|603698|-9.98|6755602|106157272.00|-8.63|-3.79|-9.98|15.43|15.66|16.49|15.43|6.76|17.14|1893080|32510708.00|1|0.0000|0.0000|0.0000|0|17.14
纽威股份|603699|-10.00|3776400|90567672.00|-9.13|-7.50|-10.00|23.77|24.00|24.43|23.77|3.78|26.41|9002092|240625344.00|1|0.0000|0.0000|0.0000|0|26.41
宁水集团|603700|-9.98|5515190|58521956.00|-4.56|-4.48|-9.98|10.46|11.09|11.10|10.46|5.52|11.62|3198800|37143552.00|1|0.0000|0.0000|0.0000|0|11.62
德宏股份|603701|-10.00|3190765|44986108.00|-4.84|-4.84|-10.00|13.95|14.75|14.75|13.95|3.19|15.50|1942600|30285236.00|1|0.0000|0.0000|0.0000|0|15.50
盛洋科技|603703|-10.03|4933640|50019152.00|-5.10|-5.10|-10.03|10.05|10.60|10.60|10.05|4.93|11.17|2830860|31711040.00|1|0.0000|0.0000|0.0000|0|11.17
东方环宇|603706|-10.01|2107800|36409324.00|-4.61|-3.12|-10.01|17.00|18.02|18.30|17.00|2.11|18.89|1368800|25915640.00|1|0.0000|0.0000|0.0000|0|18.89
健友股份|603707|-10.00|16175926|203738816.00|-5.47|-4.23|-10.00|12.33|12.95|13.12|12.33|16.18|13.70|42760333|573503808.00|1|0.0000|0.0000|0.0000|0|13.70
家家悦|603708|-10.02|9675560|93329736.00|-1.56|-1.56|-10.02|9.25|10.12|10.12|9.25|9.68|10.28|6999569|71401576.00|1|0.0000|0.0000|0.0000|0|10.28
中源家居|603709|-3.83|4816056|45870552.00|-6.22|0.00|-9.95|10.05|9.80|10.45|9.41|4.82|10.45|2634800|27242944.00|1|0.0000|0.0000|0.0000|0|10.45
香飘飘|603711|-10.01|6523200|83802784.00|-4.61|-2.81|-10.01|12.50|13.25|13.50|12.50|6.52|13.89|3507800|48584684.00|1|0.0000|0.0000|0.0000|0|13.89
七一二|603712|-7.28|18924580|343046464.00|-3.28|-1.40|-9.98|17.83|18.60|18.96|17.31|18.92|19.23|10499330|200482992.00|1|0.0000|0.0000|0.0000|0|19.23
密尔克卫|603713|-10.00|2234244|104662448.00|-5.71|-2.42|-10.00|45.72|47.90|49.57|45.72|2.23|50.80|1565121|78949136.00|1|0.0000|0.0000|0.0000|0|50.80
塞力医疗|603716|-9.95|7157500|69109424.00|-9.77|-6.20|-9.95|9.59|9.61|9.99|9.59|7.16|10.65|23815192|258170304.00|1|0.0000|0.0000|0.0000|0|10.65
天域生物|603717|-10.04|16784040|118418160.00|-6.13|-2.35|-10.04|6.90|7.20|7.49|6.90|16.78|7.67|13804900|104885200.00|1|0.0000|0.0000|0.0000|0|7.67
海利生物|603718|-3.87|59248514|450764160.00|-2.58|2.84|-6.83|7.46|7.56|7.98|7.23|59.25|7.76|26721530|203411920.00|1|0.0000|0.0000|0.0000|0|7.76
良品铺子|603719|-10.02|9579949|108945424.00|-4.89|-2.44|-10.02|11.04|11.67|11.97|11.04|9.58|12.27|4632201|56741520.00|1|0.0000|0.0000|0.0000|0|12.27
*ST天择|603721|-10.00|2793300|62901832.00|-9.31|-5.32|-10.00|22.33|22.50|23.49|22.33|2.79|24.81|1817000|45430696.00|1|0.0000|0.0000|0.0000|0|24.81
阿科力|603722|-9.99|1136300|42907552.00|-6.20|-4.03|-9.99|37.31|38.88|39.78|37.31|1.14|41.45|846500|35142908.00|1|0.0000|0.0000|0.0000|0|41.45
天安新材|603725|-10.06|8538964|54578004.00|-3.88|-3.88|-10.06|6.26|6.69|6.69|6.26|8.54|6.96|6614816|45716168.00|1|0.0000|0.0000|0.0000|0|6.96
朗迪集团|603726|-10.02|2285400|33286340.00|-7.22|-5.85|-10.02|14.45|14.90|15.12|14.45|2.29|16.06|2147976|34482460.00|1|0.0000|0.0000|0.0000|0|16.06
博迈科|603727|-10.01|5380033|69807232.00|-6.72|-6.72|-10.01|12.86|13.33|13.33|12.86|5.38|14.29|3404700|48512024.00|1|0.0000|0.0000|0.0000|0|14.29
鸣志电器|603728|-10.00|2525400|151598528.00|-8.37|-6.10|-10.00|59.43|60.50|62.00|59.43|2.53|66.03|5277889|354220896.00|1|0.0000|0.0000|0.0000|0|66.03
龙韵股份|603729|-9.98|2650700|37232580.00|-4.73|-4.73|-9.98|13.89|14.70|14.70|13.89|2.65|15.43|2865700|43858728.00|1|0.0000|0.0000|0.0000|0|15.43
岱美股份|603730|-9.94|7461940|57193724.00|-3.95|-3.95|-9.94|7.52|8.02|8.02|7.52|7.46|8.35|8811327|73788848.00|1|0.0000|0.0000|0.0000|0|8.35
仙鹤股份|603733|-9.99|6939288|142375872.00|-4.97|-2.80|-9.99|19.91|21.02|21.50|19.91|6.94|22.12|2196200|48527088.00|1|0.0000|0.0000|0.0000|0|22.12
三棵树|603737|-5.20|3820444|183577024.00|-3.09|-1.40|-9.24|47.93|49.00|49.85|45.89|3.82|50.56|1518660|76694776.00|1|0.0000|0.0000|0.0000|0|50.56
泰晶科技|603738|-10.02|9785596|136588016.00|-5.66|-5.66|-10.02|13.83|14.50|14.50|13.83|9.79|15.37|8814424|137101312.00|1|0.0000|0.0000|0.0000|0|15.37
蔚蓝生物|603739|6.93|56175629|876616768.00|-1.06|10.03|-5.67|16.21|15.00|16.68|14.30|56.18|15.16|29856302|436661664.00|1|0.0000|0.0000|0.0000|0|15.16
日辰股份|603755|-10.01|1246200|31858512.00|-2.10|-2.10|-10.01|24.91|27.10|27.10|24.91|1.25|27.68|799900|22011252.00|1|0.0000|0.0000|0.0000|0|27.68
大元泵业|603757|-9.98|2546700|50996268.00|-5.74|-5.74|-9.98|19.93|20.87|20.87|19.93|2.55|22.14|3846488|86574672.00|1|0.0000|0.0000|0.0000|0|22.14
秦安股份|603758|-9.97|2977700|32816560.00|-7.39|-5.07|-9.97|10.84|11.15|11.43|10.84|2.98|12.04|8930947|109066432.00|1|0.0000|0.0000|0.0000|0|12.04
海天股份|603759|-9.98|8565536|67126752.00|-6.10|-3.40|-9.98|7.67|8.00|8.23|7.67|8.57|8.52|6322972|53791272.00|1|0.0000|0.0000|0.0000|0|8.52
隆鑫通用|603766|-9.03|59719970|607699328.00|-6.48|-3.74|-10.04|9.97|10.25|10.55|9.86|59.72|10.96|44802350|498903680.00|1|0.0000|0.0000|0.0000|0|10.96
中马传动|603767|-9.99|9780300|130315032.00|-7.53|-4.59|-9.99|13.15|13.51|13.94|13.15|9.78|14.61|18491301|276458304.00|1|0.0000|0.0000|0.0000|0|14.61
常青股份|603768|-10.00|2691500|30794594.00|-5.40|-5.40|-10.00|11.34|11.92|11.92|11.34|2.69|12.60|3007900|37975316.00|1|0.0000|0.0000|0.0000|0|12.60
沃格光电|603773|-9.99|5868097|133796328.00|-8.44|-7.29|-9.99|22.61|23.00|23.29|22.61|5.87|25.12|5337080|134405856.00|1|0.0000|0.0000|0.0000|0|25.12
永安行|603776|-9.97|16228504|253604016.00|-6.10|-3.87|-9.97|15.35|16.01|16.39|15.35|16.23|17.05|6705689|114220016.00|1|0.0000|0.0000|0.0000|0|17.05
来伊份|603777|-9.99|9553339|117780752.00|-6.07|-3.62|-9.99|12.17|12.70|13.03|12.17|9.55|13.52|10086258|136431088.00|1|0.0000|0.0000|0.0000|0|13.52
国晟科技|603778|-9.84|13128800|36498284.00|-4.92|-4.59|-9.84|2.75|2.90|2.91|2.75|13.13|3.05|14636074|44216444.00|1|0.0000|0.0000|0.0000|0|3.05
威龙股份|603779|-10.01|10918300|76634504.00|-3.12|-3.12|-10.01|6.92|7.45|7.45|6.92|10.92|7.69|5662400|43376136.00|1|0.0000|0.0000|0.0000|0|7.69
科博达|603786|-10.01|1295642|70298544.00|-7.18|-5.66|-10.01|53.42|55.10|56.00|53.42|1.30|59.36|1289441|76985256.00|1|0.0000|0.0000|0.0000|0|59.36
新日股份|603787|-10.01|4404000|42843108.00|-4.86|-4.86|-10.01|9.62|10.17|10.17|9.62|4.40|10.69|2923700|31205626.00|1|0.0000|0.0000|0.0000|0|10.69
宁波高发|603788|-9.97|5459739|79024816.00|-6.02|-5.52|-9.97|14.36|14.99|15.07|14.36|5.46|15.95|5213485|83599608.00|1|0.0000|0.0000|0.0000|0|15.95
*ST星农|603789|-4.81|18441021|116059304.00|-7.75|6.82|-9.92|6.14|5.95|6.89|5.81|18.44|6.45|10207977|65957208.00|1|0.0000|0.0000|0.0000|0|6.45
雅运股份|603790|-9.97|3663760|53048796.00|-4.89|-4.89|-9.97|14.18|14.98|14.98|14.18|3.66|15.75|4280420|68433872.00|1|0.0000|0.0000|0.0000|0|15.75
联泰环保|603797|-10.02|10447440|39621236.00|-3.18|-2.93|-10.02|3.68|3.96|3.97|3.68|10.45|4.09|5246320|21359252.00|1|0.0000|0.0000|0.0000|0|4.09
康普顿|603798|-10.02|5657200|46150000.00|-5.01|-3.67|-10.02|8.08|8.53|8.65|8.08|5.66|8.98|2428830|21733622.00|1|0.0000|0.0000|0.0000|0|8.98
华友钴业|603799|-9.99|40168816|1208075648.00|-9.72|-5.72|-9.99|29.91|30.00|31.33|29.91|40.17|33.23|24125484|807255808.00|1|0.0000|0.0000|0.0000|0|33.23
洪田股份|603800|-10.00|2999600|86650368.00|-10.00|-7.22|-10.00|28.81|28.81|29.70|28.81|3.00|32.01|7550115|240981152.00|1|0.0000|0.0000|0.0000|0|32.01
志邦家居|603801|-10.01|7381583|78031056.00|-5.57|-4.26|-10.01|10.34|10.85|11.00|10.34|7.38|11.49|6215072|71729784.00|1|0.0000|0.0000|0.0000|0|11.49
瑞斯康达|603803|-9.99|3682000|33106152.00|-8.27|-7.06|-9.99|8.92|9.09|9.21|8.92|3.68|9.91|7475200|74250424.00|1|0.0000|0.0000|0.0000|0|9.91
福斯特|603806|-10.01|30639286|389230560.00|-5.73|-4.64|-10.01|12.41|13.00|13.15|12.41|30.64|13.79|11680370|160372304.00|1|0.0000|0.0000|0.0000|0|13.79
歌力思|603808|-9.99|5752500|36755876.00|-3.42|-3.42|-9.99|6.31|6.77|6.77|6.31|5.75|7.01|2190600|15281978.00|1|0.0000|0.0000|0.0000|0|7.01
豪能股份|603809|-10.01|13330668|200089664.00|-8.20|-5.31|-10.01|14.92|15.22|15.70|14.92|13.33|16.58|24638350|413358496.00|1|0.0000|0.0000|0.0000|0|16.58
丰山集团|603810|-10.03|3955595|45691508.00|-8.61|-5.29|-10.03|11.39|11.57|11.99|11.39|3.96|12.66|2715900|34518928.00|1|0.0000|0.0000|0.0000|0|12.66
诚意药业|603811|-10.01|10132860|82874456.00|-4.27|-3.37|-10.01|8.00|8.51|8.59|8.00|10.13|8.89|8491526|75549664.00|1|0.0000|0.0000|0.0000|0|8.89
*ST原尚|603813|-10.01|1520400|19586876.00|-6.98|-3.52|-10.01|12.77|13.20|13.69|12.77|1.52|14.19|1499362|21146556.00|1|0.0000|0.0000|0.0000|0|14.19
交建股份|603815|-9.97|25346921|183618400.00|-3.50|-1.94|-9.97|6.95|7.45|7.57|6.95|25.35|7.72|12096600|93188488.00|1|0.0000|0.0000|0.0000|0|7.72
顾家家居|603816|-8.58|11408827|261978720.00|-5.67|-3.72|-9.72|22.58|23.30|23.78|22.30|11.41|24.70|8265386|206205280.00|1|0.0000|0.0000|0.0000|0|24.70
海峡环保|603817|-9.57|22973507|124024152.00|-2.48|2.66|-9.93|5.10|5.50|5.79|5.08|22.97|5.64|9619062|54044928.00|1|0.0000|0.0000|0.0000|0|5.64
曲美家居|603818|-10.03|13865900|36480144.00|-4.15|-4.15|-10.03|2.60|2.77|2.77|2.60|13.87|2.89|13368499|38486044.00|1|0.0000|0.0000|0.0000|0|2.89
神力股份|603819|-9.97|4289300|61232112.00|-5.41|-3.65|-9.97|13.81|14.51|14.78|13.81|4.29|15.34|4725534|72358088.00|1|0.0000|0.0000|0.0000|0|15.34
ST嘉澳|603822|-10.00|1459274|78209728.00|-9.95|-5.66|-10.00|52.99|53.02|55.55|52.99|1.46|58.88|891200|52366892.00|1|0.0000|0.0000|0.0000|0|58.88
百合花|603823|-10.03|9340700|91425312.00|-5.53|-4.22|-10.03|9.60|10.08|10.22|9.60|9.34|10.67|18873054|201234208.00|1|0.0000|0.0000|0.0000|0|10.67
ST华扬|603825|-9.99|5469400|60814940.00|-9.99|-6.74|-9.99|11.08|11.08|11.48|11.08|5.47|12.31|3671797|45405284.00|1|0.0000|0.0000|0.0000|0|12.31
坤彩科技|603826|-10.01|6477447|121079832.00|-4.22|-3.78|-10.01|18.33|19.51|19.60|18.33|6.48|20.37|3439440|69906496.00|1|0.0000|0.0000|0.0000|0|20.37
ST柯利达|603828|-4.90|11808484|55462172.00|-4.90|-0.41|-4.90|4.66|4.66|4.88|4.66|11.81|4.90|19271535|93855504.00|1|0.0000|0.0000|0.0000|0|4.90
洛凯股份|603829|-10.01|3084150|42516640.00|-3.20|-3.20|-10.01|13.48|14.50|14.50|13.48|3.08|14.98|2220800|32976880.00|1|0.0000|0.0000|0.0000|0|14.98
欧派家居|603833|-4.23|3217843|197866208.00|-2.05|0.00|-7.77|60.62|62.00|63.30|58.38|3.22|63.30|2536301|161031936.00|1|0.0000|0.0000|0.0000|0|63.30
海程邦达|603836|-2.37|22003972|310511328.00|2.66|6.91|-3.09|13.57|14.27|14.86|13.47|22.00|13.90|16945349|230563552.00|1|0.0000|0.0000|0.0000|0|13.90
*ST四通|603838|-10.00|2644800|12035932.00|-2.40|-2.40|-10.00|4.50|4.88|4.88|4.50|2.64|5.00|2250800|11142647.00|1|0.0000|0.0000|0.0000|0|5.00
安正时尚|603839|-9.93|2820200|14177071.00|-5.78|-5.78|-9.93|4.99|5.22|5.22|4.99|2.82|5.54|2971540|16367375.00|1|0.0000|0.0000|0.0000|0|5.54
*ST正平|603843|-10.11|17376500|57650560.00|-5.74|-5.74|-10.11|3.29|3.45|3.45|3.29|17.38|3.66|26453860|96082136.00|1|0.0000|0.0000|0.0000|0|3.66
好太太|603848|-7.33|3678649|48430216.00|-4.98|-2.63|-10.03|13.03|13.36|13.69|12.65|3.68|14.06|1257700|17632460.00|1|0.0000|0.0000|0.0000|0|14.06
华荣股份|603855|-10.00|6032800|111725464.00|-6.81|-5.00|-10.00|18.37|19.02|19.39|18.37|6.03|20.41|6486067|133335192.00|1|0.0000|0.0000|0.0000|0|20.41
东宏股份|603856|-8.52|4837150|50704532.00|-3.42|-3.42|-10.01|10.42|11.00|11.00|10.25|4.84|11.39|1582099|17925548.00|1|0.0000|0.0000|0.0000|0|11.39
步长制药|603858|-8.98|14182619|203205504.00|-2.41|-2.41|-10.02|13.99|15.00|15.00|13.83|14.18|15.37|3484819|53403852.00|1|0.0000|0.0000|0.0000|0|15.37
能科科技|603859|-10.00|3484900|100236392.00|-9.53|-6.70|-10.00|28.61|28.76|29.66|28.61|3.48|31.79|4547496|145741440.00|1|0.0000|0.0000|0.0000|0|31.79
中公高科|603860|-10.00|1593600|43549036.00|-4.09|-3.72|-10.00|26.82|28.58|28.69|26.82|1.59|29.80|901700|26875514.00|1|0.0000|0.0000|0.0000|0|29.80
白云电器|603861|-10.04|8443700|73666280.00|-5.33|-4.60|-10.04|8.60|9.05|9.12|8.60|8.44|9.56|5840556|55681576.00|1|0.0000|0.0000|0.0000|0|9.56
松炀资源|603863|-10.03|4541800|54081184.00|-6.53|-6.53|-10.03|11.84|12.30|12.30|11.84|4.54|13.16|4394200|57884124.00|1|0.0000|0.0000|0.0000|0|13.16
桃李面包|603866|-9.91|39304328|214469584.00|-3.42|-2.05|-9.91|5.27|5.65|5.73|5.27|39.30|5.85|19325910|112138216.00|1|0.0000|0.0000|0.0000|0|5.85
新化股份|603867|-9.99|6475005|152483936.00|-7.40|-3.25|-9.99|22.98|23.64|24.70|22.98|6.48|25.53|1852265|47369068.00|1|0.0000|0.0000|0.0000|0|25.53
飞科电器|603868|-9.99|2125750|71945832.00|-3.40|-3.40|-9.99|33.08|35.50|35.50|33.08|2.13|36.75|582300|21425232.00|1|0.0000|0.0000|0.0000|0|36.75
ST智知|603869|-4.96|2172400|12083857.00|-4.62|-3.93|-4.96|5.56|5.58|5.62|5.56|2.17|5.85|1015610|5910870.50|1|0.0000|0.0000|0.0000|0|5.85
嘉友国际|603871|-10.01|14937846|205792704.00|-6.54|-5.54|-10.01|13.48|14.00|14.15|13.48|14.94|14.98|11248238|169210464.00|1|0.0000|0.0000|0.0000|0|14.98
鼎胜新材|603876|-9.97|18926313|153252272.00|-5.66|-4.76|-9.97|7.95|8.33|8.41|7.95|18.93|8.83|13689090|121038560.00|1|0.0000|0.0000|0.0000|0|8.83
太平鸟|603877|-3.91|5747771|89802688.00|-3.29|0.81|-6.45|15.50|15.60|16.26|15.09|5.75|16.13|2534500|41095116.00|1|0.0000|0.0000|0.0000|0|16.13
武进不锈|603878|-9.93|14408734|75444784.00|-3.72|-3.72|-9.93|5.08|5.43|5.43|5.08|14.41|5.64|5174876|29038050.00|1|0.0000|0.0000|0.0000|0|5.64
永悦科技|603879|-4.81|28459322|123837608.00|-0.23|5.03|-5.03|4.16|4.36|4.59|4.15|28.46|4.37|1779196|7775086.50|1|0.0000|0.0000|0.0000|0|4.37
南卫股份|603880|-10.02|2806680|13622769.00|-5.29|-3.21|-10.02|4.76|5.01|5.12|4.76|2.81|5.29|2749500|14503113.00|1|0.0000|0.0000|0.0000|0|5.29
数据港|603881|-10.00|18826926|567577536.00|-9.91|-6.85|-10.00|29.97|30.00|31.02|29.97|18.83|33.30|37856470|1257605888.00|1|0.0000|0.0000|0.0000|0|33.30
金域医学|603882|-10.00|8302770|240112064.00|-5.71|-5.05|-10.00|28.53|29.89|30.10|28.53|8.30|31.70|5222470|165689728.00|1|0.0000|0.0000|0.0000|0|31.70
老百姓|603883|-9.56|36658555|647998208.00|-5.88|-3.15|-9.98|17.22|17.92|18.44|17.14|36.66|19.04|11984060|227238224.00|1|0.0000|0.0000|0.0000|0|19.04
吉祥航空|603885|-7.87|25200681|310437472.00|-2.42|-2.42|-9.84|12.17|12.89|12.89|11.91|25.20|13.21|9863945|130429808.00|1|0.0000|0.0000|0.0000|0|13.21
元祖股份|603886|-8.20|7049443|95667352.00|-3.54|-2.50|-9.52|13.21|13.88|14.03|13.02|7.05|14.39|2973263|42521556.00|1|0.0000|0.0000|0.0000|0|14.39
城地香江|603887|-10.02|31030874|551910912.00|-8.47|-4.44|-10.02|17.42|17.72|18.50|17.42|31.03|19.36|34567459|674437056.00|1|0.0000|0.0000|0.0000|0|19.36
新华网|603888|-9.99|10198500|215882080.00|-4.97|-4.23|-9.99|20.64|21.79|21.96|20.64|10.20|22.93|3886978|89227416.00|1|0.0000|0.0000|0.0000|0|22.93
新澳股份|603889|-9.97|6872900|40893512.00|-4.45|-3.68|-9.97|5.87|6.23|6.28|5.87|6.87|6.52|7540960|49131056.00|1|0.0000|0.0000|0.0000|0|6.52
春秋电子|603890|-10.03|4455500|46867528.00|-9.94|-8.65|-10.03|10.50|10.51|10.66|10.50|4.46|11.67|12485800|147867808.00|1|0.0000|0.0000|0.0000|0|11.67
瑞芯微|603893|-10.00|7784095|1162735360.00|-8.11|-4.54|-10.00|147.02|150.11|155.95|147.02|7.78|163.36|9111242|1494177152.00|1|0.0000|0.0000|0.0000|0|163.36
天永智能|603895|-10.00|1368700|31739588.00|-4.19|-3.56|-10.00|22.77|24.24|24.40|22.77|1.37|25.30|1092100|27832472.00|1|0.0000|0.0000|0.0000|0|25.30
寿仙谷|603896|-9.88|5910761|113006136.00|-4.02|-2.08|-9.98|18.60|19.81|20.21|18.58|5.91|20.64|2050170|42082504.00|1|0.0000|0.0000|0.0000|0|20.64
长城科技|603897|-9.99|5220500|116668200.00|-3.96|-3.96|-9.99|22.07|23.55|23.55|22.07|5.22|24.52|6006289|147987920.00|1|0.0000|0.0000|0.0000|0|24.52
好莱客|603898|-9.98|2890880|26693710.00|-3.59|-2.69|-9.98|9.02|9.66|9.75|9.02|2.89|10.02|1440200|14433433.00|1|0.0000|0.0000|0.0000|0|10.02
晨光股份|603899|-10.00|12469335|367055680.00|-6.65|-3.64|-10.00|28.44|29.50|30.45|28.44|12.47|31.60|7364562|234037952.00|1|0.0000|0.0000|0.0000|0|31.60
莱绅通灵|603900|-9.94|5000100|29919756.00|-9.94|-7.98|-9.94|5.98|5.98|6.11|5.98|5.00|6.64|36174030|240406416.00|1|0.0000|0.0000|0.0000|0|6.64
永创智能|603901|-10.02|7458800|63887484.00|-8.33|-7.59|-10.02|8.53|8.69|8.76|8.53|7.46|9.48|18654500|180065728.00|1|0.0000|0.0000|0.0000|0|9.48
中持股份|603903|-10.00|5286188|33218882.00|-4.49|-4.49|-10.00|6.21|6.59|6.59|6.21|5.29|6.90|2812432|19235102.00|1|0.0000|0.0000|0.0000|0|6.90
龙蟠科技|603906|-10.04|8768014|84062400.00|-5.59|-5.59|-10.04|9.50|9.97|9.97|9.50|8.77|10.56|7333056|77889056.00|1|0.0000|0.0000|0.0000|0|10.56
牧高笛|603908|-10.00|1691000|42415320.00|-7.04|-7.04|-10.00|24.93|25.75|25.75|24.93|1.69|27.70|6277580|170969008.00|1|0.0000|0.0000|0.0000|0|27.70
建发合诚|603909|-9.96|3344980|27182578.00|-4.36|-3.80|-9.96|8.05|8.55|8.60|8.05|3.34|8.94|1688777|15030716.00|1|0.0000|0.0000|0.0000|0|8.94
佳力图|603912|-9.97|12369916|101339336.00|-8.08|-5.09|-9.97|8.13|8.30|8.57|8.13|12.37|9.03|16004784|145042432.00|1|0.0000|0.0000|0.0000|0|9.03
国茂股份|603915|-9.98|6601000|98303072.00|-7.84|-5.21|-9.98|14.70|15.05|15.48|14.70|6.60|16.33|11844800|196322272.00|1|0.0000|0.0000|0.0000|0|16.33
苏博特|603916|-10.04|9602691|69644728.00|-3.68|-2.29|-10.04|7.08|7.58|7.69|7.08|9.60|7.87|4033500|31560680.00|1|0.0000|0.0000|0.0000|0|7.87
合力科技|603917|-10.02|4933100|56423088.00|-6.12|-5.01|-10.02|11.32|11.81|11.95|11.32|4.93|12.58|6887744|87615560.00|1|0.0000|0.0000|0.0000|0|12.58
金桥信息|603918|-10.02|13895238|195439536.00|-8.02|-5.75|-10.02|13.92|14.23|14.58|13.92|13.90|15.47|9823000|152900944.00|1|0.0000|0.0000|0.0000|0|15.47
金徽酒|603919|-4.76|8436229|158149616.00|-2.79|0.10|-7.39|18.42|18.80|19.36|17.91|8.44|19.34|3842420|74236912.00|1|0.0000|0.0000|0.0000|0|19.34
世运电路|603920|-10.00|2935800|75802352.00|-10.00|-10.00|-10.00|25.82|25.82|25.82|25.82|2.94|28.69|35483091|1039094784.00|1|0.0000|0.0000|0.0000|0|28.69
金鸿顺|603922|-10.00|2907789|64401460.00|-9.80|-3.57|-10.00|21.68|21.73|23.23|21.68|2.91|24.09|2530520|61253568.00|1|0.0000|0.0000|0.0000|0|24.09
铁流股份|603926|-10.01|2354420|21799414.00|-4.81|-4.81|-10.01|9.17|9.70|9.70|9.17|2.35|10.19|2453445|25177394.00|1|0.0000|0.0000|0.0000|0|10.19
中科软|603927|-10.00|13194000|256180784.00|-5.57|-4.62|-10.00|19.08|20.02|20.22|19.08|13.19|21.20|5947264|126346496.00|1|0.0000|0.0000|0.0000|0|21.20
兴业股份|603928|-9.97|5174990|53392568.00|-9.97|-8.14|-9.97|10.29|10.29|10.50|10.29|5.17|11.43|16671435|187921776.00|1|0.0000|0.0000|0.0000|0|11.43
亚翔集成|603929|-10.01|4074800|124772672.00|-7.61|-6.90|-10.01|30.40|31.21|31.45|30.40|4.07|33.78|9445189|318435296.00|1|0.0000|0.0000|0.0000|0|33.78
格林达|603931|-9.99|3798847|95272360.00|-5.94|-3.06|-9.99|24.69|25.80|26.59|24.69|3.80|27.43|3010621|83142584.00|1|0.0000|0.0000|0.0000|0|27.43
睿能科技|603933|-9.97|2681800|38226748.00|-8.89|-6.79|-9.97|14.18|14.35|14.68|14.18|2.68|15.75|2958100|46830564.00|1|0.0000|0.0000|0.0000|0|15.75
博敏电子|603936|-9.97|14815100|106396320.00|-6.82|-5.93|-9.97|7.13|7.38|7.45|7.13|14.82|7.92|9430860|74907680.00|1|0.0000|0.0000|0.0000|0|7.92
丽岛新材|603937|-9.97|2750400|22525712.00|-8.19|-6.53|-9.97|8.13|8.29|8.44|8.13|2.75|9.03|2205000|19841046.00|1|0.0000|0.0000|0.0000|0|9.03
三孚股份|603938|-9.97|19113105|278922080.00|-6.73|-2.22|-9.97|14.17|14.68|15.39|14.17|19.11|15.74|28842265|432503712.00|1|0.0000|0.0000|0.0000|0|15.74
益丰药房|603939|-2.47|11673593|297927552.00|-2.43|1.37|-6.91|25.69|25.70|26.70|24.52|11.67|26.34|6485431|170004384.00|1|0.0000|0.0000|0.0000|0|26.34
建业股份|603948|-10.02|1696600|28509820.00|-2.60|-2.60|-10.02|16.62|17.99|17.99|16.62|1.70|18.47|985000|18236456.00|1|0.0000|0.0000|0.0000|0|18.47
雪龙集团|603949|-10.02|6217600|118377776.00|-8.21|-7.12|-10.02|18.95|19.33|19.56|18.95|6.22|21.06|22286700|476872768.00|1|0.0000|0.0000|0.0000|0|21.06
长源东谷|603950|-9.98|4525234|103363728.00|-9.47|-6.57|-9.98|22.73|22.86|23.59|22.73|4.53|25.25|7488520|190497584.00|1|0.0000|0.0000|0.0000|0|25.25
大千生态|603955|-10.00|2803200|48996552.00|-5.31|-5.21|-10.00|17.28|18.18|18.20|17.28|2.80|19.20|2528300|48463612.00|1|0.0000|0.0000|0.0000|0|19.20
威派格|603956|-9.96|18811310|114588928.00|-8.47|-5.79|-9.96|6.06|6.16|6.34|6.06|18.81|6.73|12618774|85005648.00|1|0.0000|0.0000|0.0000|0|6.73
哈森股份|603958|-10.01|7547000|132564032.00|-8.01|-3.88|-10.01|17.18|17.56|18.35|17.18|7.55|19.09|13364749|255926960.00|1|0.0000|0.0000|0.0000|0|19.09
百利科技|603959|-5.12|3065200|10805765.00|-3.50|-2.96|-5.12|3.52|3.58|3.60|3.52|3.07|3.71|2934000|10883899.00|1|0.0000|0.0000|0.0000|0|3.71
克来机电|603960|-10.02|8098300|141784864.00|-9.81|-6.25|-10.02|17.43|17.47|18.16|17.43|8.10|19.37|7583100|148168752.00|1|0.0000|0.0000|0.0000|0|19.37
法兰泰克|603966|-9.98|4078600|33269858.00|-9.98|-7.98|-9.98|8.12|8.12|8.30|8.12|4.08|9.02|12353096|111202800.00|1|0.0000|0.0000|0.0000|0|9.02
中创物流|603967|9.99|42955360|575347328.00|9.99|9.99|5.08|13.43|13.43|13.43|12.83|42.96|12.21|19615748|228948880.00|1|0.0000|0.0000|0.0000|0|12.21
醋化股份|603968|-9.98|2855800|28250624.00|-4.99|-3.42|-9.98|9.74|10.28|10.45|9.74|2.86|10.82|3030800|32779712.00|1|0.0000|0.0000|0.0000|0|10.82
银龙股份|603969|-10.02|31473841|179734992.00|-5.25|-5.09|-10.02|5.66|5.96|5.97|5.66|31.47|6.29|14602734|90837712.00|1|0.0000|0.0000|0.0000|0|6.29
中农立华|603970|-9.96|4845400|61534968.00|-2.71|-2.56|-9.96|12.29|13.28|13.30|12.29|4.85|13.65|2203710|29912566.00|1|0.0000|0.0000|0.0000|0|13.65
正川股份|603976|-10.00|2050100|33695128.00|-3.02|-2.91|-10.00|16.11|17.36|17.38|16.11|2.05|17.90|1343600|23909540.00|1|0.0000|0.0000|0.0000|0|17.90
国泰集团|603977|-5.61|24577734|320578944.00|-4.94|1.92|-8.49|12.79|12.88|13.81|12.40|24.58|13.55|15918705|217440416.00|1|0.0000|0.0000|0.0000|0|13.55
深圳新星|603978|-9.99|2817600|34333036.00|-4.55|-4.55|-9.99|12.08|12.81|12.81|12.08|2.82|13.42|2138800|28648396.00|1|0.0000|0.0000|0.0000|0|13.42
金诚信|603979|-10.01|7333400|261162560.00|-10.01|-9.93|-10.01|35.61|35.61|35.64|35.61|7.33|39.57|8412512|334447872.00|1|0.0000|0.0000|0.0000|0|39.57
吉华集团|603980|-10.00|10480400|43879396.00|-4.35|-4.35|-10.00|4.14|4.40|4.40|4.14|10.48|4.60|7394116|33997140.00|1|0.0000|0.0000|0.0000|0|4.60
泉峰汽车|603982|-9.96|5959733|44707140.00|-5.10|-3.04|-9.96|7.41|7.81|7.98|7.41|5.96|8.23|4836601|40029320.00|1|0.0000|0.0000|0.0000|0|8.23
丸美生物|603983|-8.57|2492800|85858464.00|-5.43|-2.73|-10.00|33.84|35.00|36.00|33.31|2.49|37.01|1382300|51218572.00|1|0.0000|0.0000|0.0000|0|37.01
恒润股份|603985|-10.00|7706900|115177344.00|-10.00|-9.04|-10.00|14.94|14.94|15.10|14.94|7.71|16.60|85512595|1407425152.00|1|0.0000|0.0000|0.0000|0|16.60
兆易创新|603986|-9.98|25454171|2710485248.00|-9.29|-3.25|-10.00|104.20|105.00|111.99|104.18|25.45|115.75|9981755|1161711488.00|1|0.0000|0.0000|0.0000|0|115.75
康德莱|603987|-9.93|10312001|72192848.00|-3.79|-3.66|-9.93|6.89|7.36|7.37|6.89|10.31|7.65|5929740|45234156.00|1|0.0000|0.0000|0.0000|0|7.65
中电电机|603988|-10.02|4695252|83734816.00|-9.96|-5.19|-10.02|17.70|17.71|18.65|17.70|4.70|19.67|2400600|47233808.00|1|0.0000|0.0000|0.0000|0|19.67
艾华集团|603989|-10.00|6239196|88162896.00|-5.71|-5.26|-10.00|13.86|14.52|14.59|13.86|6.24|15.40|3879651|59990784.00|1|0.0000|0.0000|0.0000|0|15.40
麦迪科技|603990|-10.02|6569085|78403752.00|-8.88|-5.85|-10.02|11.85|12.00|12.40|11.85|6.57|13.17|8177025|107791712.00|1|0.0000|0.0000|0.0000|0|13.17
至正股份|603991|-9.99|1046300|49547504.00|-8.12|-5.44|-9.99|47.02|48.00|49.40|47.02|1.05|52.24|958300|50041188.00|1|0.0000|0.0000|0.0000|0|52.24
松霖科技|603992|-10.00|2637276|52690744.00|-9.00|-5.75|-10.00|19.89|20.11|20.83|19.89|2.64|22.10|3032691|67135312.00|1|0.0000|0.0000|0.0000|0|22.10
洛阳钼业|603993|-9.96|251079218|1635430528.00|-9.96|-8.99|-9.96|6.51|6.51|6.58|6.51|251.08|7.23|260176749|1892012928.00|1|0.0000|0.0000|0.0000|0|7.23
甬金股份|603995|-10.00|4933800|91311776.00|-6.40|-4.83|-10.00|18.27|19.00|19.32|18.27|4.93|20.30|2360200|47807136.00|1|0.0000|0.0000|0.0000|0|20.30
继峰股份|603997|-9.99|10210100|102515064.00|-3.09|-3.09|-9.99|9.91|10.67|10.67|9.91|10.21|11.01|7689942|84727528.00|1|0.0000|0.0000|0.0000|0|11.01
方盛制药|603998|-10.01|19817900|186865392.00|-4.02|-3.04|-10.01|9.17|9.78|9.88|9.17|19.82|10.19|11264772|114893632.00|1|0.0000|0.0000|0.0000|0|10.19
读者传媒|603999|-9.93|14866804|98587080.00|-7.31|-5.93|-9.93|6.53|6.72|6.82|6.53|14.87|7.25|90081052|659987200.00|1|0.0000|0.0000|0.0000|0|7.25
威奥股份|605001|-10.06|8843000|55013688.00|-4.37|-4.37|-10.06|6.17|6.56|6.56|6.17|8.84|6.86|11836560|81120400.00|1|0.0000|0.0000|0.0000|0|6.86
众望布艺|605003|-9.98|1811975|31636762.00|-2.80|-2.80|-9.98|17.05|18.41|18.41|17.05|1.81|18.94|753600|14192708.00|1|0.0000|0.0000|0.0000|0|18.94
合兴股份|605005|-10.00|5894900|88107200.00|-4.85|-4.85|-10.00|14.67|15.51|15.51|14.67|5.89|16.30|9062300|147017264.00|1|0.0000|0.0000|0.0000|0|16.30
山东玻纤|605006|-9.97|5675900|32161228.00|-4.50|-4.50|-9.97|5.60|5.94|5.94|5.60|5.68|6.22|5290140|32659404.00|1|0.0000|0.0000|0.0000|0|6.22
五洲特纸|605007|-10.01|3969700|46788476.00|-4.65|-2.99|-10.01|11.42|12.10|12.31|11.42|3.97|12.69|2342900|29654324.00|1|0.0000|0.0000|0.0000|0|12.69
长鸿高科|605008|-10.00|2354000|33542174.00|-5.13|-3.97|-10.00|14.04|14.80|14.98|14.04|2.35|15.60|2487100|38768988.00|1|0.0000|0.0000|0.0000|0|15.60
豪悦护理|605009|-1.96|5342989|247295824.00|-4.19|3.58|-5.68|46.05|45.00|48.65|44.30|5.34|46.97|2379422|110814024.00|1|0.0000|0.0000|0.0000|0|46.97
杭州热电|605011|-9.98|11222700|276987776.00|-3.43|-3.43|-9.98|23.90|25.64|25.64|23.90|11.22|26.55|12128195|318879136.00|1|0.0000|0.0000|0.0000|0|26.55
百龙创园|605016|-9.99|4772953|82299480.00|-9.99|-6.91|-9.99|17.20|17.20|17.79|17.20|4.77|19.11|8995557|175242992.00|1|0.0000|0.0000|0.0000|0|19.11
长华集团|605018|-10.02|3043500|30661252.00|-5.23|-5.23|-10.02|9.97|10.50|10.50|9.97|3.04|11.08|4230600|47117888.00|1|0.0000|0.0000|0.0000|0|11.08
永和股份|605020|-10.00|5069006|104351152.00|-5.71|-5.31|-10.00|20.34|21.31|21.40|20.34|5.07|22.60|6403992|146110608.00|1|0.0000|0.0000|0.0000|0|22.60
世茂能源|605028|-9.99|2448300|38882784.00|-4.54|-3.68|-9.99|15.67|16.62|16.77|15.67|2.45|17.41|2024301|35143792.00|1|0.0000|0.0000|0.0000|0|17.41
美邦股份|605033|-10.02|1987300|32272432.00|-6.99|-4.92|-10.02|16.08|16.62|16.99|16.08|1.99|17.87|2028700|35947176.00|1|0.0000|0.0000|0.0000|0|17.87
福然德|605050|-10.04|5809000|58001464.00|-4.09|-3.07|-10.04|9.68|10.32|10.43|9.68|5.81|10.76|3629200|38469724.00|1|0.0000|0.0000|0.0000|0|10.76
迎丰股份|605055|-10.05|4170100|20781328.00|-5.30|-5.30|-10.05|4.92|5.18|5.18|4.92|4.17|5.47|3430000|18697320.00|1|0.0000|0.0000|0.0000|0|5.47
咸亨国际|605056|-9.97|3857400|49327832.00|-6.27|-4.34|-9.97|12.64|13.16|13.43|12.64|3.86|14.04|6211609|87877488.00|1|0.0000|0.0000|0.0000|0|14.04
澳弘电子|605058|-10.01|3402199|72149352.00|-7.83|-5.90|-10.01|21.04|21.55|22.00|21.04|3.40|23.38|4626825|109730864.00|1|0.0000|0.0000|0.0000|0|23.38
联德股份|605060|-10.02|2111200|35862088.00|-8.90|-3.59|-10.02|16.79|17.00|17.99|16.79|2.11|18.66|4761500|90084592.00|1|0.0000|0.0000|0.0000|0|18.66
天正电气|605066|-10.01|21319400|147465376.00|-5.67|-5.01|-10.01|6.83|7.16|7.21|6.83|21.32|7.59|10760100|81826560.00|1|0.0000|0.0000|0.0000|0|7.59
明新旭腾|605068|-10.03|2211500|31440058.00|-9.96|-6.09|-10.03|14.18|14.19|14.80|14.18|2.21|15.76|6338500|97499792.00|1|0.0000|0.0000|0.0000|0|15.76
正和生态|605069|-10.03|5239660|42071264.00|-9.81|-6.88|-10.03|7.98|8.00|8.26|7.98|5.24|8.87|16564290|148647632.00|1|0.0000|0.0000|0.0000|0|8.87
华康股份|605077|-9.99|5680476|79315824.00|-3.85|-3.85|-9.99|13.78|14.72|14.72|13.78|5.68|15.31|2763288|42322976.00|1|0.0000|0.0000|0.0000|0|15.31
浙江自然|605080|-9.98|265000|6572000.00|-9.98|-9.98|-9.98|24.80|24.80|24.80|24.80|0.27|27.55|2885520|79801480.00|1|0.0000|0.0000|0.0000|0|27.55
*ST太和|605081|-6.88|8742260|87485512.00|0.67|0.67|-8.12|9.75|10.54|10.54|9.62|8.74|10.47|8342086|89126816.00|0|0.0000|0.0000|0.0000|0|10.47
龙高股份|605086|-10.00|1596960|40722504.00|-8.67|-4.01|-10.00|25.11|25.48|26.78|25.11|1.60|27.90|1975630|54826172.00|1|0.0000|0.0000|0.0000|0|27.90
冠盛股份|605088|-10.00|2131798|66245724.00|-9.74|-5.77|-10.00|30.87|30.96|32.32|30.87|2.13|34.30|8932903|316601408.00|1|0.0000|0.0000|0.0000|0|34.30
味知香|605089|-10.01|1159788|25677754.00|-9.02|0.87|-10.01|21.66|21.90|24.28|21.66|1.16|24.07|562356|13497492.00|1|0.0000|0.0000|0.0000|0|24.07
九丰能源|605090|-7.33|8176946|194978768.00|-3.39|-2.64|-9.70|23.50|24.50|24.69|22.90|8.18|25.36|2891980|73532640.00|1|0.0000|0.0000|0.0000|0|25.36
行动教育|605098|-9.62|2547400|91571888.00|-4.49|-4.39|-10.01|35.59|37.61|37.65|35.44|2.55|39.38|848240|33387672.00|1|0.0000|0.0000|0.0000|0|39.38
共创草坪|605099|-9.99|1539400|27820788.00|-8.72|-3.70|-9.99|17.75|18.00|18.99|17.75|1.54|19.72|2793200|55568588.00|1|0.0000|0.0000|0.0000|0|19.72
华丰股份|605100|-7.08|15589430|318181664.00|-8.04|-3.54|-9.99|20.46|20.25|21.24|19.82|15.59|22.02|8429496|186345488.00|1|0.0000|0.0000|0.0000|0|22.02
同庆楼|605108|-9.99|5340629|104181072.00|-4.40|-2.15|-9.99|18.84|20.01|20.48|18.84|5.34|20.93|4495949|93867424.00|1|0.0000|0.0000|0.0000|0|20.93
新洁能|605111|-10.00|12227173|379670912.00|-7.05|-4.01|-10.00|30.52|31.52|32.55|30.52|12.23|33.91|10236309|349463776.00|1|0.0000|0.0000|0.0000|0|33.91
奥锐特|605116|-9.99|3750700|75220968.00|-4.28|-2.46|-9.99|19.37|20.60|20.99|19.37|3.75|21.52|1473100|31946234.00|1|0.0000|0.0000|0.0000|0|21.52
德业股份|605117|-10.00|6040916|505439968.00|-9.24|-5.00|-10.00|82.80|83.50|87.40|82.80|6.04|92.00|4691682|432077120.00|1|0.0000|0.0000|0.0000|0|92.00
力鼎光电|605118|-10.01|1989900|35781116.00|-9.96|-5.73|-10.01|17.89|17.90|18.74|17.89|1.99|19.88|4118500|82527776.00|1|0.0000|0.0000|0.0000|0|19.88
四方新材|605122|-9.95|2506700|24283312.00|-3.85|-2.91|-9.95|9.59|10.24|10.34|9.59|2.51|10.65|1519220|16058873.00|1|0.0000|0.0000|0.0000|0|10.65
派克新材|605123|-10.01|3331224|173980928.00|-3.66|-3.13|-10.01|50.63|54.20|54.50|50.63|3.33|56.26|1469222|83163192.00|1|0.0000|0.0000|0.0000|0|56.26
上海沿浦|605128|-10.00|2472462|93583288.00|-7.23|-4.02|-10.00|37.35|38.50|39.83|37.35|2.47|41.50|1444373|60127840.00|1|0.0000|0.0000|0.0000|0|41.50
嵘泰股份|605133|-10.00|2429551|69599728.00|-9.94|-6.94|-10.00|28.53|28.55|29.50|28.53|2.43|31.70|6353803|199857424.00|1|0.0000|0.0000|0.0000|0|31.70
丽人丽妆|605136|-10.00|7426700|48762984.00|-8.33|-4.44|-10.00|6.48|6.60|6.88|6.48|7.43|7.20|5987900|43255496.00|1|0.0000|0.0000|0.0000|0|7.20
盛泰集团|605138|-9.95|2081000|11508142.00|-2.49|-2.49|-9.95|5.43|5.88|5.88|5.43|2.08|6.03|2479900|14856576.00|1|0.0000|0.0000|0.0000|0|6.03
西上海|605151|-10.01|1656200|26355600.00|-4.52|-3.95|-10.01|15.74|16.70|16.80|15.74|1.66|17.49|2814700|49040124.00|1|0.0000|0.0000|0.0000|0|17.49
西大门|605155|-10.02|5455663|60486612.00|-7.21|-5.05|-10.02|10.86|11.20|11.46|10.86|5.46|12.07|3550696|42919860.00|1|0.0000|0.0000|0.0000|0|12.07
华达新材|605158|-9.99|3380100|26769216.00|-7.46|-4.94|-9.99|7.84|8.06|8.28|7.84|3.38|8.71|1912820|16614242.00|1|0.0000|0.0000|0.0000|0|8.71
新中港|605162|-9.99|6510300|46515712.00|-7.68|-3.97|-9.99|7.03|7.21|7.50|7.03|6.51|7.81|4800400|37375584.00|1|0.0000|0.0000|0.0000|0|7.81
聚合顺|605166|-9.98|4357200|49597648.00|-5.83|-5.83|-9.98|11.28|11.80|11.80|11.28|4.36|12.53|9573200|121555880.00|1|0.0000|0.0000|0.0000|0|12.53
利柏特|605167|-10.03|11107300|102702384.00|-4.67|-3.97|-10.03|9.06|9.60|9.67|9.06|11.11|10.07|10946700|110658688.00|1|0.0000|0.0000|0.0000|0|10.07
三人行|605168|-10.01|2921207|76677720.00|-8.21|-4.78|-10.01|25.98|26.50|27.49|25.98|2.92|28.87|1553823|44856924.00|1|0.0000|0.0000|0.0000|0|28.87
洪通燃气|605169|-10.01|2949300|27499600.00|-5.00|-3.83|-10.01|9.17|9.68|9.80|9.17|2.95|10.19|1306760|13264792.00|1|0.0000|0.0000|0.0000|0|10.19
东亚药业|605177|-10.00|4024000|67164368.00|-5.68|-4.04|-10.00|16.47|17.26|17.56|16.47|4.02|18.30|5782645|106378400.00|1|0.0000|0.0000|0.0000|0|18.30
时空科技|605178|-9.97|1296800|19767664.00|-9.97|-5.76|-9.97|15.17|15.17|15.88|15.17|1.30|16.85|1036200|17388484.00|1|0.0000|0.0000|0.0000|0|16.85
一鸣食品|605179|-8.10|15556000|299592032.00|-4.74|4.43|-9.93|18.04|18.70|20.50|17.68|15.56|19.63|8682000|170867936.00|1|0.0000|0.0000|0.0000|0|19.63
华生科技|605180|-10.00|1594400|19923786.00|-5.18|-5.18|-10.00|12.33|12.99|12.99|12.33|1.59|13.70|1841906|25361992.00|1|0.0000|0.0000|0.0000|0|13.70
确成股份|605183|-10.00|3363700|51015448.00|-9.52|-7.14|-10.00|15.12|15.20|15.60|15.12|3.36|16.80|7951800|137458176.00|1|0.0000|0.0000|0.0000|0|16.80
健麾信息|605186|-9.99|1959000|36638384.00|-5.16|-3.46|-9.99|18.48|19.47|19.82|18.48|1.96|20.53|1757400|36293504.00|1|0.0000|0.0000|0.0000|0|20.53
国光连锁|605188|-7.76|7789300|54019636.00|-4.87|-3.82|-10.00|7.01|7.23|7.31|6.84|7.79|7.60|4890700|37573248.00|1|0.0000|0.0000|0.0000|0|7.60
富春染织|605189|-9.98|2043200|24876816.00|-6.08|-5.26|-9.98|11.99|12.51|12.62|11.99|2.04|13.32|1456000|19246120.00|1|0.0000|0.0000|0.0000|0|13.32
华通线缆|605196|-10.00|25825200|314483616.00|-10.00|-5.45|-10.00|12.06|12.06|12.67|12.06|25.83|13.40|17320764|232514224.00|1|0.0000|0.0000|0.0000|0|13.40
安德利|605198|-9.85|3026200|108766592.00|-3.49|-0.34|-10.01|34.60|37.04|38.25|34.54|3.03|38.38|1427200|54342112.00|1|0.0000|0.0000|0.0000|0|38.38
ST葫芦娃|605199|-9.97|7559700|103960336.00|-3.65|-3.65|-9.97|13.55|14.50|14.50|13.55|7.56|15.05|6186400|92681072.00|1|0.0000|0.0000|0.0000|0|15.05
永茂泰|605208|-10.03|4076100|42869484.00|-10.03|-8.83|-10.03|10.50|10.50|10.64|10.50|4.08|11.67|58431838|689180096.00|1|0.0000|0.0000|0.0000|0|11.67
伟时电子|605218|-10.01|1932600|37079748.00|-6.00|-6.00|-10.01|19.05|19.90|19.90|19.05|1.93|21.17|2345800|49780228.00|1|0.0000|0.0000|0.0000|0|21.17
起帆电缆|605222|-10.01|6188255|88846696.00|-5.36|-3.36|-10.01|13.94|14.66|14.97|13.94|6.19|15.49|2359400|36409544.00|1|0.0000|0.0000|0.0000|0|15.49
神通科技|605228|-10.00|7246500|71437088.00|-9.08|-6.42|-10.00|9.81|9.91|10.20|9.81|7.25|10.90|22208810|244581792.00|1|0.0000|0.0000|0.0000|0|10.90
天普股份|605255|-9.99|3464000|52585584.00|-9.39|-7.25|-9.99|15.14|15.24|15.60|15.14|3.46|16.82|8451183|140308592.00|1|0.0000|0.0000|0.0000|0|16.82
协和电子|605258|-10.00|1282300|35195504.00|-7.56|-5.78|-10.00|27.26|28.00|28.54|27.26|1.28|30.29|1466971|44590444.00|1|0.0000|0.0000|0.0000|0|30.29
绿田机械|605259|-10.00|2080076|30819608.00|-4.66|-4.66|-10.00|14.67|15.54|15.54|14.67|2.08|16.30|2610124|42687968.00|1|0.0000|0.0000|0.0000|0|16.30
健之佳|605266|-9.98|3697456|72563304.00|-3.50|-3.03|-9.98|19.31|20.70|20.80|19.31|3.70|21.45|1782800|38198816.00|1|0.0000|0.0000|0.0000|0|21.45
王力安防|605268|-10.01|3359000|26135988.00|-3.65|-3.42|-10.01|7.64|8.18|8.20|7.64|3.36|8.49|1548068|13126109.00|1|0.0000|0.0000|0.0000|0|8.49
新亚电子|605277|-10.01|6584552|98609496.00|-10.01|-6.63|-10.01|14.92|14.92|15.48|14.92|6.58|16.58|12970368|219094304.00|1|0.0000|0.0000|0.0000|0|16.58
同力天启|605286|-10.01|1864900|67744168.00|-7.95|-5.44|-10.01|35.89|36.71|37.71|35.89|1.86|39.88|2230600|89746536.00|1|0.0000|0.0000|0.0000|0|39.88
德才股份|605287|-9.96|2485600|29709908.00|-4.87|-3.95|-9.96|11.84|12.51|12.63|11.84|2.49|13.15|2142499|27996114.00|1|0.0000|0.0000|0.0000|0|13.15
凯迪股份|605288|-10.00|1526500|54521272.00|-6.41|-5.36|-10.00|35.10|36.50|36.91|35.10|1.53|39.00|763660|29935588.00|1|0.0000|0.0000|0.0000|0|39.00
罗曼股份|605289|-9.98|1628400|35694276.00|-6.02|-3.30|-9.98|21.55|22.50|23.15|21.55|1.63|23.94|1047150|24918418.00|1|0.0000|0.0000|0.0000|0|23.94
神农集团|605296|-0.54|10066485|298887744.00|-2.90|3.44|-4.86|29.50|28.80|30.68|28.22|10.07|29.66|4760495|141334448.00|1|0.0000|0.0000|0.0000|0|29.66
必得科技|605298|-9.96|1214100|15327841.00|-7.03|-5.95|-9.96|12.56|12.97|13.12|12.56|1.21|13.95|2617728|36898020.00|1|0.0000|0.0000|0.0000|0|13.95
舒华体育|605299|-9.98|5044800|39558480.00|-6.26|-5.45|-9.98|7.76|8.08|8.15|7.76|5.04|8.62|3294100|28281280.00|1|0.0000|0.0000|0.0000|0|8.62
佳禾食品|605300|-9.99|4872784|62772752.00|-5.06|-3.07|-9.99|12.62|13.31|13.59|12.62|4.87|14.02|2988946|41866252.00|1|0.0000|0.0000|0.0000|0|14.02
园林股份|605303|-10.03|3934400|33221284.00|-4.42|-4.42|-10.03|8.34|8.86|8.86|8.34|3.93|9.27|2253063|20896348.00|1|0.0000|0.0000|0.0000|0|9.27
中际联合|605305|-9.99|5150300|128230264.00|-4.87|-4.87|-9.99|24.59|25.99|25.99|24.59|5.15|27.32|11182074|310162368.00|1|0.0000|0.0000|0.0000|0|27.32
法狮龙|605318|-7.09|2406500|66990556.00|-10.01|-2.25|-10.01|27.66|26.79|29.10|26.79|2.41|29.77|1798700|52708952.00|1|0.0000|0.0000|0.0000|0|29.77
无锡振华|605319|-10.01|5286400|140619088.00|-7.15|-5.55|-10.01|26.43|27.27|27.74|26.43|5.29|29.37|6369502|188450032.00|1|0.0000|0.0000|0.0000|0|29.37
沪光股份|605333|-10.00|3160880|89195088.00|-9.68|-7.08|-10.00|28.08|28.18|28.99|28.08|3.16|31.20|4735595|147831120.00|1|0.0000|0.0000|0.0000|0|31.20
帅丰电器|605336|-9.98|4116030|74261376.00|-4.26|-4.21|-9.98|17.76|18.89|18.90|17.76|4.12|19.73|2466105|48600176.00|1|0.0000|0.0000|0.0000|0|19.73
李子园|605337|-9.98|18422836|209468784.00|-3.47|-0.99|-9.98|10.91|11.70|12.00|10.91|18.42|12.12|13600248|163910784.00|1|0.0000|0.0000|0.0000|0|12.12
巴比食品|605338|-9.98|7038200|120836112.00|-3.94|-2.81|-9.98|16.68|17.80|18.01|16.68|7.04|18.53|3239452|59528708.00|1|0.0000|0.0000|0.0000|0|18.53
南侨食品|605339|-10.01|1867000|29109048.00|-2.70|-1.98|-10.01|15.02|16.24|16.36|15.02|1.87|16.69|909400|15134923.00|1|0.0000|0.0000|0.0000|0|16.69
立昂微|605358|-10.01|8286710|178056032.00|-6.30|-4.17|-10.01|21.13|22.00|22.50|21.13|8.29|23.48|4085433|96398024.00|1|0.0000|0.0000|0.0000|0|23.48
立达信|605365|-10.00|2048000|28215088.00|-4.30|-4.30|-10.00|13.59|14.45|14.45|13.59|2.05|15.10|2123700|32252428.00|1|0.0000|0.0000|0.0000|0|15.10
宏柏新材|605366|-9.97|6239900|33724320.00|-5.41|-4.56|-9.97|5.33|5.60|5.65|5.33|6.24|5.92|5776666|34016928.00|1|0.0000|0.0000|0.0000|0|5.92
蓝天燃气|605368|-5.16|11863190|126379472.00|-1.36|-1.27|-6.34|10.47|10.89|10.90|10.34|11.86|11.04|7865064|86291664.00|1|0.0000|0.0000|0.0000|0|11.04
拱东医疗|605369|-10.00|1499851|38475060.00|-2.56|-2.56|-10.00|25.30|27.39|27.39|25.30|1.50|28.11|1098850|30978486.00|1|0.0000|0.0000|0.0000|0|28.11
博迁新材|605376|-10.00|2100600|69483976.00|-6.39|-4.97|-10.00|32.40|33.70|34.21|32.40|2.10|36.00|2333000|84815424.00|1|0.0000|0.0000|0.0000|0|36.00
华旺科技|605377|-9.49|4839417|55183960.00|-3.46|-3.06|-9.98|11.25|12.00|12.05|11.19|4.84|12.43|1917080|23769496.00|1|0.0000|0.0000|0.0000|0|12.43
野马电池|605378|-9.98|2387540|48634168.00|-9.53|-5.70|-9.98|20.21|20.31|21.17|20.21|2.39|22.45|6038284|139028432.00|1|0.0000|0.0000|0.0000|0|22.45
均瑶健康|605388|-10.03|9276700|54887460.00|-4.70|-2.35|-10.03|5.74|6.08|6.23|5.74|9.28|6.38|5990237|38223432.00|1|0.0000|0.0000|0.0000|0|6.38
长龄液压|605389|-10.01|1453640|42081964.00|-10.01|-5.00|-10.01|28.41|28.41|29.99|28.41|1.45|31.57|1254160|39380140.00|1|0.0000|0.0000|0.0000|0|31.57
新炬网络|605398|-10.00|2145000|61945604.00|-5.00|-4.84|-10.00|28.27|29.84|29.89|28.27|2.15|31.41|3913640|124091376.00|1|0.0000|0.0000|0.0000|0|31.41
晨光新材|605399|-10.00|3574399|40389180.00|-6.29|-4.03|-10.00|11.16|11.62|11.90|11.16|3.57|12.40|4894298|61034700.00|1|0.0000|0.0000|0.0000|0|12.40
福莱新材|605488|-9.99|1817968|70444072.00|-9.99|-5.78|-9.99|38.48|38.48|40.28|38.48|1.82|42.75|5248409|226770384.00|1|0.0000|0.0000|0.0000|0|42.75
东鹏饮料|605499|-1.58|4343485|1109555712.00|-3.51|2.81|-4.63|255.00|250.00|266.39|247.10|4.34|259.10|2173628|560744512.00|1|0.0000|0.0000|0.0000|0|259.10
森林包装|605500|-9.94|4003169|26195888.00|-2.52|-2.52|-9.94|6.43|6.96|6.96|6.43|4.00|7.14|2128330|15109471.00|1|0.0000|0.0000|0.0000|0|7.14
国邦医药|605507|-9.98|10337133|206719328.00|-3.93|-1.69|-9.98|19.22|20.51|20.99|19.22|10.34|21.35|5636161|119922608.00|1|0.0000|0.0000|0.0000|0|21.35
德昌股份|605555|-10.02|2161020|43701528.00|-10.02|-9.04|-10.02|20.21|20.21|20.43|20.21|2.16|22.46|10454768|238715728.00|1|0.0000|0.0000|0.0000|0|22.46
福莱蒽特|605566|-9.99|1443100|23629218.00|-2.34|-2.34|-9.99|16.13|17.50|17.50|16.13|1.44|17.92|707607|12635561.00|1|0.0000|0.0000|0.0000|0|17.92
春雪食品|605567|-7.65|10949829|90964328.00|-1.94|-1.83|-8.79|8.09|8.59|8.60|7.99|10.95|8.76|4982700|43228436.00|1|0.0000|0.0000|0.0000|0|8.76
龙版传媒|605577|-10.03|5924300|75365808.00|-6.88|-4.80|-10.03|12.56|13.00|13.29|12.56|5.92|13.96|8122800|112840128.00|1|0.0000|0.0000|0.0000|0|13.96
恒盛能源|605580|-9.96|4097560|41896172.00|-6.58|-5.25|-9.96|10.12|10.50|10.65|10.12|4.10|11.24|4700640|53049888.00|1|0.0000|0.0000|0.0000|0|11.24
冠石科技|605588|-10.00|7971700|364207712.00|-10.00|-0.02|-10.00|43.84|43.84|48.70|43.84|7.97|48.71|9767815|487627392.00|1|0.0000|0.0000|0.0000|0|48.71
圣泉集团|605589|-10.01|22548965|562401920.00|-8.29|-5.47|-10.01|24.53|25.00|25.77|24.53|22.55|27.26|16217637|449733824.00|1|0.0000|0.0000|0.0000|0|27.26
上海港湾|605598|-10.00|1897683|35480944.00|-8.00|-4.83|-10.00|18.44|18.85|19.50|18.44|1.90|20.49|1920920|39403540.00|1|0.0000|0.0000|0.0000|0|20.49
菜百股份|605599|-7.02|10404434|118933576.00|-5.04|-2.15|-9.91|11.26|11.50|11.85|10.91|10.40|12.11|5441100|65890872.00|1|0.0000|0.0000|0.0000|0|12.11
华兴源创|688001|-20.01|6741712|164507520.00|-5.55|-5.55|-20.01|22.79|26.91|26.91|22.79|6.74|28.49|3147805|91100168.00|1|0.0000|0.0000|0.0000|0|28.49
睿创微纳|688002|-6.84|11368924|620109824.00|-9.83|-3.42|-12.00|54.50|52.75|56.50|51.48|11.37|58.50|7505961|449147072.00|1|0.0000|0.0000|0.0000|0|58.50
天准科技|688003|-18.26|6977979|300045408.00|-6.70|-4.74|-20.00|41.00|46.80|47.78|40.13|6.98|50.16|4336426|218192992.00|1|0.0000|0.0000|0.0000|0|50.16
博汇科技|688004|-19.79|2399307|33968644.00|-4.44|-4.44|-19.98|13.01|15.50|15.50|12.98|2.40|16.22|1223409|19796952.00|1|0.0000|0.0000|0.0000|0|16.22
容百科技|688005|-20.00|21346807|415020704.00|-7.08|-5.53|-20.00|18.08|21.00|21.35|18.08|21.35|22.60|8244988|188728912.00|1|0.0000|0.0000|0.0000|0|22.60
杭可科技|688006|-13.85|7862502|125129608.00|-6.09|-4.16|-16.73|15.55|16.95|17.30|15.03|7.86|18.05|1889529|34130320.00|1|0.0000|0.0000|0.0000|0|18.05
光峰科技|688007|-17.71|16073392|230495872.00|-8.64|-3.96|-20.02|13.52|15.01|15.78|13.14|16.07|16.43|5421832|89873440.00|1|0.0000|0.0000|0.0000|0|16.43
澜起科技|688008|-12.42|55171909|3644560384.00|-9.08|-7.07|-17.10|65.50|68.00|69.50|62.00|55.17|74.79|22723313|1708336768.00|1|0.0000|0.0000|0.0000|0|74.79
中国通号|688009|-10.59|65412497|335972672.00|-2.87|-2.15|-12.93|4.98|5.41|5.45|4.85|65.41|5.57|29551903|164539952.00|1|0.0000|0.0000|0.0000|0|5.57
福光股份|688010|-12.51|3815256|137150112.00|-10.06|-3.47|-12.74|33.99|34.94|37.50|33.90|3.82|38.85|2667781|103780832.00|1|0.0000|0.0000|0.0000|0|38.85
新光光电|688011|-16.24|1518084|22112164.00|-2.09|-1.91|-17.10|13.62|15.92|15.95|13.48|1.52|16.26|670309|10944191.00|1|0.0000|0.0000|0.0000|0|16.26
中微公司|688012|-5.68|13913568|2486137856.00|-4.34|0.75|-10.69|176.00|178.50|188.00|166.66|13.91|186.60|5715451|1069035968.00|1|0.0000|0.0000|0.0000|0|186.60
天臣医疗|688013|-11.45|1650026|29952486.00|-5.90|-2.80|-15.11|17.40|18.49|19.10|16.68|1.65|19.65|733767|14475713.00|1|0.0000|0.0000|0.0000|0|19.65
交控科技|688015|-16.79|2850105|51743144.00|-6.43|-5.18|-18.47|17.34|19.50|19.76|16.99|2.85|20.84|1485315|31254492.00|1|0.0000|0.0000|0.0000|0|20.84
心脉医疗|688016|-7.67|5943937|555775168.00|-3.61|0.37|-12.78|90.04|94.00|97.88|85.06|5.94|97.52|3383272|331209824.00|1|0.0000|0.0000|0.0000|0|97.52
绿的谐波|688017|-19.67|8033316|1005960320.00|-7.35|-6.38|-20.00|117.20|135.17|136.59|116.72|8.03|145.90|2472862|364194624.00|1|0.0000|0.0000|0.0000|0|145.90
乐鑫科技|688018|-17.54|5761222|1027051712.00|-12.82|-7.97|-20.00|170.25|180.00|190.00|165.17|5.76|206.46|4368001|920187584.00|1|0.0000|0.0000|0.0000|0|206.46
安集科技|688019|-5.88|5071017|790579712.00|-9.53|0.31|-9.53|152.00|146.11|162.00|146.11|5.07|161.50|3309240|533390208.00|1|0.0000|0.0000|0.0000|0|161.50
方邦股份|688020|-17.73|1726327|50798824.00|-6.42|-6.42|-19.81|27.70|31.51|31.51|27.00|1.73|33.67|1004291|33917908.00|1|0.0000|0.0000|0.0000|0|33.67
奥福科技|688021|-17.26|1801169|18421886.00|-2.07|-2.07|-18.03|9.59|11.35|11.35|9.50|1.80|11.59|806038|9382921.00|1|0.0000|0.0000|0.0000|0|11.59
瀚川智能|688022|-20.00|7199147|87599768.00|-12.28|-7.09|-20.00|11.40|12.50|13.24|11.40|7.20|14.25|4271836|61302164.00|1|0.0000|0.0000|0.0000|0|14.25
安恒信息|688023|-17.65|5371591|241710288.00|-7.17|-5.37|-20.00|42.50|47.91|48.84|41.29|5.37|51.61|1762830|91794896.00|1|0.0000|0.0000|0.0000|0|51.61
杰普特|688025|-20.00|4851717|207977648.00|-9.32|-9.14|-20.00|41.47|47.01|47.10|41.47|4.85|51.84|4445012|236840672.00|1|0.0000|0.0000|0.0000|0|51.84
洁特生物|688026|-19.87|5522657|72617616.00|-4.39|-4.26|-20.00|12.22|14.58|14.60|12.20|5.52|15.25|2735176|42091288.00|1|0.0000|0.0000|0.0000|0|15.25
国盾量子|688027|-15.64|3098508|720837568.00|-6.88|-6.12|-19.79|221.95|245.00|247.00|211.03|3.10|263.11|876802|230796384.00|1|0.0000|0.0000|0.0000|0|263.11
沃尔德|688028|-19.98|9269802|193400752.00|-9.91|-7.07|-19.98|19.70|22.18|22.88|19.70|9.27|24.62|7845213|198104640.00|1|0.0000|0.0000|0.0000|0|24.62
南微医学|688029|-15.32|6188747|370028448.00|-4.89|-3.70|-18.90|56.98|64.00|64.80|54.57|6.19|67.29|3756833|256471552.00|1|0.0000|0.0000|0.0000|0|67.29
山石网科|688030|-18.97|2857956|41586312.00|-4.99|-4.99|-19.98|13.63|15.98|15.98|13.46|2.86|16.82|1117857|18850458.00|1|0.0000|0.0000|0.0000|0|16.82
星环科技|688031|-20.01|4832088|211732672.00|-7.21|-5.22|-20.01|41.06|47.63|48.65|41.06|4.83|51.33|2003119|103769320.00|1|0.0000|0.0000|0.0000|0|51.33
禾迈股份|688032|-15.69|2376171|232361168.00|-9.03|-6.05|-19.49|93.60|101.00|104.30|89.38|2.38|111.02|1289063|144352448.00|1|0.0000|0.0000|0.0000|0|111.02
天宜新材|688033|-14.47|16611945|82772128.00|-5.61|-3.44|-15.55|4.73|5.22|5.34|4.67|16.61|5.53|5867805|32622092.00|1|0.0000|0.0000|0.0000|0|5.53
德邦科技|688035|-15.22|3954337|139550000.00|-4.61|-3.36|-19.11|33.31|37.48|37.97|31.78|3.95|39.29|1453308|57363056.00|1|0.0000|0.0000|0.0000|0|39.29
传音控股|688036|-8.93|14113814|1145591424.00|-10.06|-3.15|-15.47|81.02|80.01|86.16|75.20|14.11|88.96|6073970|535301536.00|1|0.0000|0.0000|0.0000|0|88.96
芯源微|688037|-7.91|9244840|842646144.00|-6.08|0.74|-12.92|88.26|90.01|96.55|83.46|9.24|95.84|5662726|547179520.00|1|0.0000|0.0000|0.0000|0|95.84
中科通达|688038|-19.93|4695064|58461720.00|-4.38|-4.32|-20.00|11.69|13.96|13.97|11.68|4.70|14.60|1563722|23034980.00|1|0.0000|0.0000|0.0000|0|14.60
当虹科技|688039|-19.99|4224940|118676384.00|-5.80|-5.80|-19.99|26.33|31.00|31.00|26.33|4.22|32.91|1761917|58615728.00|1|0.0000|0.0000|0.0000|0|32.91
海光信息|688041|-3.91|37756549|5125057024.00|-4.56|-1.27|-9.82|136.46|135.55|140.22|128.07|37.76|142.02|14092663|2017350144.00|1|0.0000|0.0000|0.0000|0|142.02
必易微|688045|-15.79|2132140|64346428.00|-2.37|-2.37|-19.41|28.42|32.95|32.95|27.20|2.13|33.75|2169373|74454592.00|1|0.0000|0.0000|0.0000|0|33.75
药康生物|688046|-20.01|8648737|104077984.00|-3.82|-3.54|-20.01|11.31|13.60|13.64|11.31|8.65|14.14|2848518|40978772.00|1|0.0000|0.0000|0.0000|0|14.14
龙芯中科|688047|-5.88|6333601|812666304.00|-2.27|3.28|-9.72|122.12|126.80|134.00|117.14|6.33|129.75|2448682|315350240.00|1|0.0000|0.0000|0.0000|0|129.75
长光华芯|688048|-20.00|7659103|349938528.00|-10.43|-6.70|-20.00|42.87|48.00|50.00|42.87|7.66|53.59|4141102|222182752.00|1|0.0000|0.0000|0.0000|0|53.59
炬芯科技|688049|-19.99|7587284|293482304.00|-9.60|-6.75|-19.99|36.50|41.24|42.54|36.50|7.59|45.62|6307817|291902976.00|1|0.0000|0.0000|0.0000|0|45.62
爱博医疗|688050|1.21|5963513|581104896.00|-3.26|4.52|-11.02|101.68|97.18|105.00|89.39|5.96|100.46|1402207|141027952.00|1|0.0000|0.0000|0.0000|0|100.46
佳华科技|688051|-17.53|1115233|23233274.00|-2.75|-2.75|-17.83|19.47|22.96|22.96|19.40|1.12|23.61|686507|16246669.00|1|0.0000|0.0000|0.0000|0|23.61
纳芯微|688052|1.41|5898425|924274368.00|-5.00|6.21|-7.08|157.03|147.11|164.46|143.88|5.90|154.85|3117016|483576256.00|1|0.0000|0.0000|0.0000|0|154.85
ST思科瑞|688053|-19.76|2090994|51247356.00|-3.16|-3.16|-20.01|22.33|26.95|26.95|22.26|2.09|27.83|1217771|34001316.00|1|0.0000|0.0000|0.0000|0|27.83
龙腾光电|688055|-16.71|17374232|53162764.00|-3.75|-3.75|-18.44|2.89|3.34|3.34|2.83|17.37|3.47|8005151|27908458.00|1|0.0000|0.0000|0.0000|0|3.47
莱伯泰科|688056|-16.44|1580496|47080436.00|-7.02|-5.15|-18.67|27.75|30.88|31.50|27.01|1.58|33.21|786916|26330138.00|1|0.0000|0.0000|0.0000|0|33.21
金达莱|688057|-16.32|5233743|52086476.00|-6.08|-3.91|-18.40|9.64|10.82|11.07|9.40|5.23|11.52|748902|8618213.00|1|0.0000|0.0000|0.0000|0|11.52
宝兰德|688058|-20.00|2110347|53128244.00|-6.93|-5.51|-20.00|23.68|27.55|27.97|23.68|2.11|29.60|789300|23486436.00|1|0.0000|0.0000|0.0000|0|29.60
华锐精密|688059|-18.65|2442329|133463312.00|-3.42|-3.42|-19.78|51.21|60.80|60.80|50.50|2.44|62.95|792958|49334388.00|1|0.0000|0.0000|0.0000|0|62.95
云涌科技|688060|-11.96|563989|17275614.00|-3.00|-3.00|-15.17|29.95|33.00|33.00|28.86|0.56|34.02|260344|8851609.00|1|0.0000|0.0000|0.0000|0|34.02
灿瑞科技|688061|-15.75|1342706|34931160.00|-4.58|-4.58|-17.20|24.45|27.69|27.69|24.03|1.34|29.02|612096|17827826.00|1|0.0000|0.0000|0.0000|0|29.02
迈威生物|688062|-16.76|13091814|264747872.00|-8.34|-4.28|-19.99|19.07|21.00|21.93|18.33|13.09|22.91|12002297|275954464.00|1|0.0000|0.0000|0.0000|0|22.91
派能科技|688063|-16.70|7715965|276267968.00|-6.98|-5.02|-18.97|34.03|38.00|38.80|33.10|7.72|40.85|2949633|121462208.00|1|0.0000|0.0000|0.0000|0|40.85
凯赛生物|688065|-8.59|8018024|362138272.00|-7.94|-4.10|-12.12|44.80|45.12|47.00|43.07|8.02|49.01|3210739|158942544.00|1|0.0000|0.0000|0.0000|0|49.01
航天宏图|688066|-17.53|11191299|178359024.00|-5.48|-2.98|-20.02|15.20|17.42|17.88|14.74|11.19|18.43|4264265|79690048.00|1|0.0000|0.0000|0.0000|0|18.43
爱威科技|688067|-15.80|1324906|22315124.00|-4.51|-2.85|-16.55|15.67|17.77|18.08|15.53|1.32|18.61|640787|11954360.00|1|0.0000|0.0000|0.0000|0|18.61
热景生物|688068|-10.51|3658540|345775552.00|-11.45|-8.74|-15.93|96.00|95.00|97.90|90.19|3.66|107.28|2606931|280898080.00|1|0.0000|0.0000|0.0000|0|107.28
德林海|688069|-13.52|1269018|17009466.00|-1.49|-1.49|-16.43|12.79|14.57|14.57|12.36|1.27|14.79|531588|7851433.00|1|0.0000|0.0000|0.0000|0|14.79
纵横股份|688070|-17.09|1676983|62386224.00|-3.91|-2.72|-18.89|35.03|40.60|41.10|34.27|1.68|42.25|981021|41315260.00|1|0.0000|0.0000|0.0000|0|42.25
华依科技|688071|-19.99|1969717|58645596.00|-12.58|-5.21|-19.99|27.93|30.52|33.09|27.93|1.97|34.91|1121048|39465640.00|1|0.0000|0.0000|0.0000|0|34.91
拓荆科技|688072|-5.86|5359358|849938048.00|-2.25|1.36|-9.52|154.00|159.90|165.80|148.00|5.36|163.58|3013466|498390592.00|1|0.0000|0.0000|0.0000|0|163.58
毕得医药|688073|-19.91|2255821|91339896.00|-6.82|-5.74|-20.00|37.81|43.99|44.50|37.77|2.26|47.21|1630831|78581576.00|1|0.0000|0.0000|0.0000|0|47.21
安旭生物|688075|-14.27|1324842|47786092.00|-4.61|-4.58|-18.41|34.78|38.70|38.71|33.10|1.32|40.57|474775|19365088.00|1|0.0000|0.0000|0.0000|0|40.57
ST诺泰|688076|-16.22|10732576|538183808.00|-9.09|-6.33|-19.95|47.92|52.00|53.58|45.79|10.73|57.20|5732429|333978976.00|1|0.0000|0.0000|0.0000|0|57.20
大地熊|688077|-11.37|6544484|155483952.00|-0.97|3.20|-17.56|21.90|24.47|25.50|20.37|6.54|24.71|4811297|118360624.00|1|0.0000|0.0000|0.0000|0|24.71
龙软科技|688078|-18.08|1774505|50042656.00|-7.65|-6.34|-20.00|26.87|30.29|30.72|26.24|1.77|32.80|774053|25584714.00|1|0.0000|0.0000|0.0000|0|32.80
美迪凯|688079|-17.86|6409076|51791212.00|-4.68|-4.68|-17.86|7.54|8.75|8.75|7.54|6.41|9.18|3054339|28621022.00|1|0.0000|0.0000|0.0000|0|9.18
映翰通|688080|-18.31|4026362|157491216.00|-8.06|-8.06|-20.00|37.20|41.87|41.87|36.43|4.03|45.54|2286917|105410072.00|1|0.0000|0.0000|0.0000|0|45.54
兴图新科|688081|-16.40|1944711|35407984.00|-3.37|-3.37|-17.18|17.13|19.80|19.80|16.97|1.94|20.49|1036333|21171510.00|1|0.0000|0.0000|0.0000|0|20.49
盛美上海|688082|-10.51|2791777|266922640.00|-4.61|-1.90|-13.02|92.60|98.70|101.50|90.00|2.79|103.47|1411218|147317792.00|1|0.0000|0.0000|0.0000|0|103.47
中望软件|688083|-9.76|2625928|229103888.00|-3.54|0.77|-14.31|83.26|89.00|92.98|79.07|2.63|92.27|2500132|227666160.00|1|0.0000|0.0000|0.0000|0|92.27
晶品特装|688084|-14.06|1802540|97787240.00|-4.65|-3.16|-19.60|53.37|59.21|60.14|49.93|1.80|62.10|581478|36639332.00|1|0.0000|0.0000|0.0000|0|62.10
三友医疗|688085|-11.76|3708926|63152540.00|-3.02|-3.02|-16.05|16.66|18.31|18.31|15.85|3.71|18.88|1617185|30759876.00|1|0.0000|0.0000|0.0000|0|18.88
英科再生|688087|-19.59|7359285|154053376.00|-7.48|-6.76|-19.99|19.99|23.00|23.18|19.89|7.36|24.86|7463231|192517520.00|1|0.0000|0.0000|0.0000|0|24.86
虹软科技|688088|-20.00|10722163|423942752.00|-9.19|-4.79|-20.00|36.55|41.49|43.50|36.55|10.72|45.69|5272640|242538864.00|1|0.0000|0.0000|0.0000|0|45.69
嘉必优|688089|-19.99|6451569|136675760.00|-7.73|-6.92|-19.99|19.77|22.80|23.00|19.77|6.45|24.71|2922312|72451120.00|1|0.0000|0.0000|0.0000|0|24.71
瑞松科技|688090|-19.99|3519379|112949968.00|-16.33|-10.14|-19.99|30.77|32.18|34.56|30.77|3.52|38.46|1792634|69215640.00|1|0.0000|0.0000|0.0000|0|38.46
上海谊众|688091|-10.44|4337203|173260672.00|-4.89|-1.23|-14.96|38.44|40.82|42.39|36.50|4.34|42.92|1726560|73786120.00|1|0.0000|0.0000|0.0000|0|42.92
爱科科技|688092|-17.06|2114231|40449820.00|-5.89|-5.34|-18.02|18.18|20.63|20.75|17.97|2.11|21.92|1030836|22633122.00|1|0.0000|0.0000|0.0000|0|21.92
世华科技|688093|-16.70|4263082|87231920.00|-7.08|-6.91|-18.42|19.40|21.64|21.68|19.00|4.26|23.29|4869780|113739576.00|1|0.0000|0.0000|0.0000|0|23.29
福昕软件|688095|-19.95|2915475|155535856.00|-5.31|-5.31|-20.00|49.88|59.00|59.00|49.85|2.92|62.31|963982|60570988.00|1|0.0000|0.0000|0.0000|0|62.31
京源环保|688096|-19.45|15268659|237252704.00|-9.86|-4.77|-20.00|14.70|16.45|17.38|14.60|15.27|18.25|9009799|163706832.00|1|0.0000|0.0000|0.0000|0|18.25
博众精工|688097|-20.00|12012885|279300640.00|-11.11|-8.01|-20.00|21.96|24.40|25.25|21.96|12.01|27.45|11844150|337276704.00|1|0.0000|0.0000|0.0000|0|27.45
申联生物|688098|-15.00|6895681|37198796.00|-4.17|-0.17|-17.17|5.10|5.75|5.99|4.97|6.90|6.00|5996842|35801432.00|1|0.0000|0.0000|0.0000|0|6.00
晶晨股份|688099|-14.20|18777663|1226434432.00|-9.47|-7.09|-17.84|63.49|66.99|68.75|60.80|18.78|74.00|19715607|1485601664.00|1|0.0000|0.0000|0.0000|0|74.00
威胜信息|688100|-10.82|4338193|147838432.00|-8.97|-3.69|-17.41|33.80|34.50|36.50|31.30|4.34|37.90|2768186|105297768.00|1|0.0000|0.0000|0.0000|0|37.90
三达膜|688101|-12.47|4121151|51182584.00|-3.28|-3.28|-14.59|12.00|13.26|13.26|11.71|4.12|13.71|1662284|22810012.00|1|0.0000|0.0000|0.0000|0|13.71
斯瑞新材|688102|4.15|54317690|582035904.00|2.67|15.53|-0.10|10.53|10.38|11.68|10.10|54.32|10.11|19750247|205263504.00|1|0.0000|0.0000|0.0000|0|10.11
国力电子|688103|-7.53|4176194|192275856.00|-0.50|0.56|-10.78|44.60|47.99|48.50|43.03|4.18|48.23|2099441|102891720.00|1|0.0000|0.0000|0.0000|0|48.23
诺唯赞|688105|-13.94|4153007|92296552.00|-3.92|-3.92|-16.35|21.05|23.50|23.50|20.46|4.15|24.46|2177196|53849700.00|1|0.0000|0.0000|0.0000|0|24.46
金宏气体|688106|-12.95|9268364|153924320.00|-4.81|-3.33|-16.23|15.93|17.42|17.69|15.33|9.27|18.30|4363028|79515256.00|1|0.0000|0.0000|0.0000|0|18.30
安路科技|688107|-13.91|6332758|167622992.00|-5.13|-3.54|-16.90|25.32|27.90|28.37|24.44|6.33|29.41|2648692|78503416.00|1|0.0000|0.0000|0.0000|0|29.41
赛诺医疗|688108|-17.33|18365151|173044896.00|-7.78|-4.54|-19.83|8.92|9.95|10.30|8.65|18.37|10.79|8958334|97432680.00|1|0.0000|0.0000|0.0000|0|10.79
品茗科技|688109|-19.27|1493059|35171924.00|-7.57|-4.27|-19.64|21.75|24.90|25.79|21.65|1.49|26.94|591412|15972773.00|1|0.0000|0.0000|0.0000|0|26.94
东芯股份|688110|-17.44|19659408|504809536.00|-3.93|-3.93|-20.00|24.15|28.10|28.10|23.40|19.66|29.25|7414714|219549600.00|1|0.0000|0.0000|0.0000|0|29.25
金山办公|688111|-7.70|8581504|2461968640.00|-4.76|-1.14|-12.45|281.03|290.00|301.00|266.58|8.58|304.48|5024779|1524552320.00|1|0.0000|0.0000|0.0000|0|304.48
鼎阳科技|688112|-13.21|2131856|55405236.00|-8.55|-4.45|-14.74|24.97|26.31|27.49|24.53|2.13|28.77|1342999|39016072.00|1|0.0000|0.0000|0.0000|0|28.77
联测科技|688113|-14.27|699756|19050670.00|-2.52|-2.52|-16.43|25.83|29.37|29.37|25.18|0.70|30.13|342703|10370398.00|1|0.0000|0.0000|0.0000|0|30.13
华大智造|688114|-2.20|8733805|675247296.00|-7.46|6.48|-7.71|76.09|72.00|82.84|71.80|8.73|77.80|3481495|272357504.00|1|0.0000|0.0000|0.0000|0|77.80
思林杰|688115|-19.64|1021269|32491848.00|-1.29|-1.29|-20.01|29.96|36.80|36.80|29.82|1.02|37.28|366260|13670431.00|1|0.0000|0.0000|0.0000|0|37.28
天奈科技|688116|-17.58|19664395|726439040.00|-11.18|-6.48|-19.97|35.08|37.80|39.80|34.06|19.66|42.56|6950628|299281856.00|1|0.0000|0.0000|0.0000|0|42.56
圣诺生物|688117|-6.47|14329081|388534016.00|-6.27|-3.98|-13.07|27.76|27.82|28.50|25.80|14.33|29.68|13046684|394044256.00|1|0.0000|0.0000|0.0000|0|29.68
普元信息|688118|-20.01|4629874|106775800.00|-5.67|-3.12|-20.01|21.31|25.13|25.81|21.31|4.63|26.64|4609187|123780496.00|1|0.0000|0.0000|0.0000|0|26.64
中钢洛耐|688119|-13.98|9863336|32919242.00|-2.42|-2.42|-15.32|3.20|3.63|3.63|3.15|9.86|3.72|5255609|19491948.00|1|0.0000|0.0000|0.0000|0|3.72
华海清科|688120|-7.81|5555603|903052864.00|-3.39|-0.05|-11.52|156.49|164.00|169.66|150.20|5.56|169.75|4017906|692807168.00|1|0.0000|0.0000|0.0000|0|169.75
卓然股份|688121|-14.52|4792508|48599524.00|-2.78|-2.78|-17.13|9.83|11.18|11.18|9.53|4.79|11.50|1936486|22255892.00|1|0.0000|0.0000|0.0000|0|11.50
西部超导|688122|-9.81|17423769|769599168.00|-5.84|-3.58|-13.80|43.12|45.02|46.10|41.21|17.42|47.81|8315377|401614464.00|1|0.0000|0.0000|0.0000|0|47.81
聚辰股份|688123|-19.95|8313379|534422368.00|-8.53|-4.40|-20.00|59.87|68.41|71.50|59.83|8.31|74.79|6046553|460516736.00|1|0.0000|0.0000|0.0000|0|74.79
安达智能|688125|-19.68|887822|27773794.00|-7.75|-4.42|-20.01|29.42|33.79|35.01|29.30|0.89|36.63|397549|14625335.00|1|0.0000|0.0000|0.0000|0|36.63
沪硅产业|688126|-10.91|38561756|659234176.00|-7.88|-0.27|-13.66|16.50|17.06|18.47|15.99|38.56|18.52|11408617|211025184.00|1|0.0000|0.0000|0.0000|0|18.52
蓝特光学|688127|-18.95|16411902|356149568.00|-10.51|-10.27|-20.00|20.83|23.00|23.06|20.56|16.41|25.70|16887643|442815328.00|1|0.0000|0.0000|0.0000|0|25.70
中国电研|688128|-15.87|5802471|112480512.00|-5.00|-5.00|-18.83|18.50|20.89|20.89|17.85|5.80|21.99|2673489|59256032.00|1|0.0000|0.0000|0.0000|0|21.99
东来技术|688129|-9.89|1861933|32706360.00|-13.27|-5.25|-13.27|17.32|16.67|18.21|16.67|1.86|19.22|1180733|22695418.00|1|0.0000|0.0000|0.0000|0|19.22
晶华微|688130|-18.59|1879017|43546312.00|-8.59|-5.17|-19.97|21.89|24.58|25.50|21.52|1.88|26.89|1096523|29787716.00|1|0.0000|0.0000|0.0000|0|26.89
皓元医药|688131|-16.93|5747250|205105648.00|-8.01|-8.01|-19.36|34.55|38.26|38.26|33.54|5.75|41.59|5062849|211650608.00|1|0.0000|0.0000|0.0000|0|41.59
邦彦技术|688132|-15.41|4232853|79651328.00|-4.04|0.94|-17.28|17.18|19.49|20.50|16.80|4.23|20.31|1603701|33252160.00|1|0.0000|0.0000|0.0000|0|20.31
泰坦科技|688133|-16.41|8072368|159130384.00|-5.79|-4.11|-19.95|18.90|21.30|21.68|18.10|8.07|22.61|3040162|69937520.00|1|0.0000|0.0000|0.0000|0|22.61
利扬芯片|688135|-19.69|6200040|93036120.00|-7.82|-3.37|-19.98|14.07|16.15|16.93|14.02|6.20|17.52|2819979|49661404.00|1|0.0000|0.0000|0.0000|0|17.52
科兴制药|688136|-16.02|8508241|202162256.00|-7.95|-4.27|-19.40|22.81|25.00|26.00|21.89|8.51|27.16|6343309|177867696.00|1|0.0000|0.0000|0.0000|0|27.16
近岸蛋白|688137|-13.54|894728|27524524.00|-2.70|-2.70|-15.71|29.50|33.20|33.20|28.76|0.89|34.12|401315|13836919.00|1|0.0000|0.0000|0.0000|0|34.12
清溢光电|688138|-13.72|5235440|121698760.00|-7.86|-4.43|-16.58|22.38|23.90|24.79|21.64|5.24|25.94|2446171|64105800.00|1|0.0000|0.0000|0.0000|0|25.94
海尔生物|688139|-8.54|7783059|252297232.00|-5.29|-2.24|-9.01|31.48|32.60|33.65|31.32|7.78|34.42|3570745|123949744.00|1|0.0000|0.0000|0.0000|0|34.42
杰华特|688141|-11.90|18782184|502928192.00|-6.55|1.00|-17.07|25.55|27.10|29.29|24.05|18.78|29.00|9425214|278042560.00|1|0.0000|0.0000|0.0000|0|29.00
长盈通|688143|-15.42|6256735|173791808.00|-8.80|-4.81|-18.73|27.09|29.21|30.49|26.03|6.26|32.03|1644690|52600564.00|1|0.0000|0.0000|0.0000|0|32.03
中船特气|688146|-13.12|5182168|137072480.00|-4.10|-2.34|-16.42|25.24|27.86|28.37|24.28|5.18|29.05|2766156|80178056.00|1|0.0000|0.0000|0.0000|0|29.05
微导纳米|688147|-13.98|5795840|155825408.00|-6.10|-3.15|-16.83|25.66|28.01|28.89|24.81|5.80|29.83|3495122|105452984.00|1|0.0000|0.0000|0.0000|0|29.83
芳源股份|688148|-19.87|13830508|54182116.00|-5.83|-4.97|-20.09|3.71|4.36|4.40|3.70|13.83|4.63|4659094|21500702.00|1|0.0000|0.0000|0.0000|0|4.63
莱特光电|688150|-15.25|6985069|134364096.00|-5.79|-2.21|-18.02|18.01|20.02|20.78|17.42|6.99|21.25|3433534|73510544.00|1|0.0000|0.0000|0.0000|0|21.25
华强科技|688151|-15.48|3851579|61551272.00|-9.93|-3.72|-17.20|15.23|16.23|17.35|14.92|3.85|18.02|1301376|23422552.00|1|0.0000|0.0000|0.0000|0|18.02
麒麟信安|688152|-12.76|2994021|170520816.00|-5.01|-0.62|-15.33|53.27|58.00|60.68|51.70|2.99|61.06|1996258|120708560.00|1|0.0000|0.0000|0.0000|0|61.06
唯捷创芯|688153|-15.23|4016134|117390288.00|-8.87|-4.63|-18.53|28.00|30.10|31.50|26.91|4.02|33.03|1648454|54839844.00|1|0.0000|0.0000|0.0000|0|33.03
先惠技术|688155|-18.96|5029496|190306560.00|-6.74|-6.54|-20.00|35.70|41.08|41.17|35.24|5.03|44.05|1953301|85936816.00|1|0.0000|0.0000|0.0000|0|44.05
路德科技|688156|-4.23|5566937|73173768.00|3.43|10.22|-5.91|11.99|12.95|13.80|11.78|5.57|12.52|996550|12402163.00|1|0.0000|0.0000|0.0000|0|12.52
松井股份|688157|-10.09|1411008|56043392.00|-3.14|-1.23|-14.79|38.12|41.07|41.88|36.13|1.41|42.40|692140|29277320.00|1|0.0000|0.0000|0.0000|0|42.40
优刻得|688158|-20.01|30434739|631085568.00|-9.43|-7.62|-20.01|19.43|22.00|22.44|19.43|30.43|24.29|20657612|507594208.00|1|0.0000|0.0000|0.0000|0|24.29
有方科技|688159|-20.01|5980779|183662224.00|-9.40|-6.83|-20.01|29.03|32.88|33.81|29.03|5.98|36.29|4068145|149678992.00|1|0.0000|0.0000|0.0000|0|36.29
步科股份|688160|-20.00|2084673|170099040.00|-9.67|-5.63|-20.00|76.46|86.34|90.20|76.46|2.08|95.58|1667016|161780480.00|1|0.0000|0.0000|0.0000|0|95.58
威高骨科|688161|-13.30|3056045|85211192.00|-3.63|-1.03|-15.33|26.01|28.91|29.69|25.40|3.06|30.00|1485259|44760052.00|1|0.0000|0.0000|0.0000|0|30.00
巨一科技|688162|-20.02|2869504|62243228.00|-7.22|-6.55|-20.02|20.26|23.50|23.67|20.26|2.87|25.33|1440744|36986700.00|1|0.0000|0.0000|0.0000|0|25.33
赛伦生物|688163|-15.58|2369305|38301304.00|-0.95|-0.95|-19.31|15.17|17.80|17.80|14.50|2.37|17.97|1112839|19913036.00|1|0.0000|0.0000|0.0000|0|17.97
埃夫特|688165|-19.99|18984080|408154592.00|-13.70|-7.87|-19.99|20.33|21.93|23.41|20.33|18.98|25.41|8479781|218569632.00|1|0.0000|0.0000|0.0000|0|25.41
博瑞医药|688166|-13.72|13265692|492278752.00|-11.74|-4.03|-18.76|35.78|36.60|39.80|33.69|13.27|41.47|8427825|351811840.00|1|0.0000|0.0000|0.0000|0|41.47
炬光科技|688167|-19.09|4760785|303805472.00|-7.23|-5.16|-19.99|59.73|68.48|70.01|59.06|4.76|73.82|2279324|169757056.00|1|0.0000|0.0000|0.0000|0|73.82
安博通|688168|-20.00|2287329|129653808.00|-8.81|-5.00|-20.00|52.64|60.00|62.51|52.64|2.29|65.80|2755834|184776544.00|1|0.0000|0.0000|0.0000|0|65.80
石头科技|688169|-16.79|6976177|1350908032.00|-10.77|-6.36|-20.00|188.07|201.69|211.66|180.82|6.98|226.03|7054648|1602812416.00|1|0.0000|0.0000|0.0000|0|226.03
德龙激光|688170|-17.27|2202669|42672224.00|-5.06|-5.06|-19.03|18.30|21.00|21.00|17.91|2.20|22.12|1107380|24588652.00|1|0.0000|0.0000|0.0000|0|22.12
纬德信息|688171|-17.31|1276026|21334056.00|-3.11|-3.05|-17.90|15.43|18.08|18.09|15.32|1.28|18.66|893055|16616550.00|1|0.0000|0.0000|0.0000|0|18.66
燕东微|688172|-17.76|8575288|147179424.00|-7.81|-3.98|-20.01|16.11|18.06|18.81|15.67|8.58|19.59|2680474|52429432.00|1|0.0000|0.0000|0.0000|0|19.59
希荻微|688173|-12.36|10606208|115605992.00|-4.31|-4.31|-20.02|10.99|12.00|12.00|10.03|10.61|12.54|5797596|73381744.00|1|0.0000|0.0000|0.0000|0|12.54
高凌信息|688175|-16.64|1765044|26221776.00|-11.19|-4.68|-19.42|14.08|15.00|16.10|13.61|1.77|16.89|682423|11545191.00|1|0.0000|0.0000|0.0000|0|16.89
亚虹医药|688176|-14.56|12248933|92545456.00|-5.33|-3.55|-17.75|7.22|8.00|8.15|6.95|12.25|8.45|6347995|53678664.00|1|0.0000|0.0000|0.0000|0|8.45
百奥泰|688177|-13.15|5657669|118133008.00|-5.16|-0.79|-15.71|19.68|21.49|22.48|19.10|5.66|22.66|4224148|96499160.00|1|0.0000|0.0000|0.0000|0|22.66
万德斯|688178|-8.87|3799688|74848496.00|-9.06|-2.10|-11.87|19.12|19.08|20.54|18.49|3.80|20.98|4004374|83950728.00|1|0.0000|0.0000|0.0000|0|20.98
阿拉丁|688179|-13.96|8286287|112857888.00|-8.69|-4.54|-17.97|13.07|13.87|14.50|12.46|8.29|15.19|4330973|66969036.00|1|0.0000|0.0000|0.0000|0|15.19
君实生物|688180|-14.79|16796084|475023104.00|-5.40|-2.22|-18.73|26.84|29.80|30.80|25.60|16.80|31.50|9338479|297120448.00|1|0.0000|0.0000|0.0000|0|31.50
八亿时空|688181|-20.00|4231360|102751008.00|-4.92|-4.92|-20.00|22.76|27.05|27.05|22.76|4.23|28.45|2740451|79738000.00|1|0.0000|0.0000|0.0000|0|28.45
灿勤科技|688182|-19.98|11626786|259005696.00|-11.49|-4.96|-19.98|20.82|23.03|24.73|20.82|11.63|26.02|6888170|182497136.00|1|0.0000|0.0000|0.0000|0|26.02
生益电子|688183|-19.99|20351141|457488448.00|-19.66|-10.69|-19.99|21.77|21.86|24.30|21.77|20.35|27.21|17235405|479216896.00|1|0.0000|0.0000|0.0000|0|27.21
ST帕瓦|688184|-15.19|1240331|13826656.00|-4.04|-3.39|-16.80|10.50|11.88|11.96|10.30|1.24|12.38|394340|4864234.50|1|0.0000|0.0000|0.0000|0|12.38
康希诺|688185|-18.30|3382326|180041344.00|-5.13|-4.31|-19.98|49.52|57.50|58.00|48.50|3.38|60.61|1697932|104307040.00|1|0.0000|0.0000|0.0000|0|60.61
广大特材|688186|-9.59|9655974|219199376.00|-6.12|-2.53|-13.22|22.15|23.00|23.88|21.26|9.66|24.50|6036420|147284816.00|1|0.0000|0.0000|0.0000|0|24.50
时代电气|688187|-10.97|11824771|501631104.00|-4.53|-4.13|-14.71|41.65|44.66|44.85|39.90|11.82|46.78|5861354|274885632.00|1|0.0000|0.0000|0.0000|0|46.78
柏楚电子|688188|-10.09|1495533|248676432.00|-6.00|-3.33|-13.88|161.83|169.20|174.00|155.01|1.50|180.00|1081045|193967088.00|1|0.0000|0.0000|0.0000|0|180.00
南新制药|688189|-14.45|11257257|67580752.00|-2.65|-2.65|-16.67|5.80|6.60|6.60|5.65|11.26|6.78|6551344|44361952.00|1|0.0000|0.0000|0.0000|0|6.78
云路股份|688190|-10.88|1611390|143414672.00|-7.02|-3.05|-16.12|88.18|92.00|95.93|83.00|1.61|98.95|891500|87593976.00|1|0.0000|0.0000|0.0000|0|98.95
智洋创新|688191|-14.78|7157752|151398880.00|-7.87|-2.05|-20.02|20.35|22.00|23.39|19.10|7.16|23.88|4141417|101934552.00|1|0.0000|0.0000|0.0000|0|23.88
迪哲医药|688192|-13.63|8429525|397552256.00|-7.34|-2.04|-18.51|44.94|48.21|50.97|42.40|8.43|52.03|5345973|280870656.00|1|0.0000|0.0000|0.0000|0|52.03
仁度生物|688193|-14.98|496175|17326222.00|-2.06|-2.06|-17.04|32.68|37.65|37.65|31.89|0.50|38.44|245376|9400229.00|1|0.0000|0.0000|0.0000|0|38.44
腾景科技|688195|-20.00|6570765|216117120.00|-6.75|-6.68|-20.00|30.80|35.90|35.93|30.80|6.57|38.50|2190220|85439376.00|1|0.0000|0.0000|0.0000|0|38.50
卓越新能|688196|-18.04|2527097|95439776.00|-10.38|-6.25|-19.82|35.94|39.30|41.11|35.16|2.53|43.85|1621208|71808624.00|1|0.0000|0.0000|0.0000|0|43.85
首药控股|688197|-16.85|2747350|77670864.00|-8.32|-5.35|-18.04|27.20|29.99|30.96|26.81|2.75|32.71|2047085|67655600.00|1|0.0000|0.0000|0.0000|0|32.71
佰仁医疗|688198|-9.64|645319|65139624.00|-2.17|-2.17|-12.15|98.00|106.11|106.11|95.28|0.65|108.46|238756|26021974.00|1|0.0000|0.0000|0.0000|0|108.46
久日新材|688199|-16.50|7104645|104593208.00|-4.99|-4.99|-19.17|14.07|16.01|16.01|13.62|7.10|16.85|2658228|44834572.00|1|0.0000|0.0000|0.0000|0|16.85
华峰测控|688200|-3.43|4052265|558347456.00|-8.37|3.20|-8.37|135.00|128.10|144.28|128.10|4.05|139.80|1367497|193218944.00|1|0.0000|0.0000|0.0000|0|139.80
信安世纪|688201|-16.59|9138058|71243712.00|-6.43|-4.74|-18.06|7.39|8.29|8.44|7.26|9.14|8.86|3106087|27587920.00|1|0.0000|0.0000|0.0000|0|8.86
美迪西|688202|-19.95|6035640|172553264.00|-6.88|-4.21|-20.01|26.65|31.00|31.89|26.63|6.04|33.29|3466734|117152576.00|1|0.0000|0.0000|0.0000|0|33.29
海正生材|688203|-12.51|2405758|22646542.00|-3.42|-2.83|-13.20|8.95|9.88|9.94|8.88|2.41|10.23|1038937|10581105.00|1|0.0000|0.0000|0.0000|0|10.23
德科立|688205|-20.00|7208794|347329504.00|-6.77|-6.71|-20.00|45.28|52.77|52.80|45.28|7.21|56.60|3724995|213399200.00|1|0.0000|0.0000|0.0000|0|56.60
概伦电子|688206|0.51|3686869|87712976.00|0.21|2.50|-1.40|23.75|23.68|24.22|23.30|3.69|23.63|4621526|109010976.00|0|0.0000|0.0000|0.0000|0|23.63
格灵深瞳|688207|-20.03|10997844|141161344.00|-6.54|-5.74|-20.03|11.98|14.00|14.12|11.98|11.00|14.98|4003462|60637880.00|1|0.0000|0.0000|0.0000|0|14.98
道通科技|688208|-16.54|28590992|908979968.00|-9.94|-7.01|-19.99|30.47|32.88|33.95|29.21|28.59|36.51|36195201|1374180864.00|1|0.0000|0.0000|0.0000|0|36.51
英集芯|688209|-15.75|9515704|154858816.00|-8.58|-3.97|-19.93|15.51|16.83|17.68|14.74|9.52|18.41|4147818|77223928.00|1|0.0000|0.0000|0.0000|0|18.41
统联精密|688210|-20.02|8097990|139695408.00|-11.65|-8.57|-20.02|16.62|18.36|19.00|16.62|8.10|20.78|5200948|109884976.00|1|0.0000|0.0000|0.0000|0|20.78
中科微至|688211|-13.21|993785|26060638.00|-3.59|-3.59|-15.75|25.35|28.16|28.16|24.61|0.99|29.21|291262|8483354.00|1|0.0000|0.0000|0.0000|0|29.21
澳华内镜|688212|-8.64|1833981|76808216.00|-4.94|-1.32|-11.49|40.72|42.37|43.98|39.45|1.83|44.57|1025850|45493476.00|1|0.0000|0.0000|0.0000|0|44.57
思特威|688213|-13.36|8974134|767398080.00|-7.18|-3.06|-16.64|82.05|87.90|91.80|78.94|8.97|94.70|3327266|318926560.00|1|0.0000|0.0000|0.0000|0|94.70
瑞晟智能|688215|-16.50|1071054|23341160.00|-3.81|-3.81|-17.85|20.40|23.50|23.50|20.07|1.07|24.43|394247|9679552.00|1|0.0000|0.0000|0.0000|0|24.43
气派科技|688216|-19.57|3128214|50731544.00|-8.05|0.00|-19.99|15.29|17.48|19.01|15.21|3.13|19.01|1212044|23054832.00|1|0.0000|0.0000|0.0000|0|19.01
睿昂基因|688217|-14.55|1337342|26074216.00|-7.64|-3.37|-17.69|18.79|20.31|21.25|18.10|1.34|21.99|769521|17102738.00|1|0.0000|0.0000|0.0000|0|21.99
江苏北人|688218|-20.02|8115198|158646640.00|-7.81|-5.88|-20.02|18.22|21.00|21.44|18.22|8.12|22.78|4949578|113980808.00|1|0.0000|0.0000|0.0000|0|22.78
会通股份|688219|-18.78|16651238|170113136.00|-7.54|-4.69|-20.03|9.69|11.03|11.37|9.54|16.65|11.93|6143072|73720384.00|1|0.0000|0.0000|0.0000|0|11.93
翱捷科技|688220|-15.73|17965532|1485510784.00|-8.76|-5.00|-20.00|79.43|86.00|89.55|75.41|17.97|94.26|10424470|992446016.00|1|0.0000|0.0000|0.0000|0|94.26
前沿生物|688221|-19.71|8322469|69639912.00|-4.23|-2.99|-20.02|7.78|9.28|9.40|7.75|8.32|9.69|3240041|31723894.00|1|0.0000|0.0000|0.0000|0|9.69
成都先导|688222|-19.98|18608247|250743888.00|-12.61|-6.43|-19.98|12.82|14.00|14.99|12.82|18.61|16.02|17782861|291994304.00|1|0.0000|0.0000|0.0000|0|16.02
晶科能源|688223|-14.31|114338204|638495936.00|-5.66|-5.66|-19.34|5.45|6.00|6.00|5.13|114.34|6.36|41090082|263284256.00|1|0.0000|0.0000|0.0000|0|6.36
亚信安全|688225|-20.00|4195118|82935328.00|-8.30|-5.00|-20.00|18.40|21.09|21.85|18.40|4.20|23.00|1686092|38969852.00|1|0.0000|0.0000|0.0000|0|23.00
威腾电气|688226|-20.00|5890929|193090944.00|-13.89|-6.19|-20.00|30.64|32.98|35.93|30.64|5.89|38.30|3672438|139476128.00|1|0.0000|0.0000|0.0000|0|38.30
品高股份|688227|-20.01|2466166|71643952.00|-5.43|-5.43|-20.01|26.98|31.90|31.90|26.98|2.47|33.73|1843925|63623440.00|1|0.0000|0.0000|0.0000|0|33.73
开普云|688228|-19.99|3535585|202016848.00|-7.24|-3.11|-20.01|52.79|61.20|63.93|52.78|3.54|65.98|2197584|146477504.00|1|0.0000|0.0000|0.0000|0|65.98
博睿数据|688229|-19.89|1340047|55983184.00|-8.50|-3.07|-19.99|38.83|44.35|46.98|38.78|1.34|48.47|528907|25976578.00|1|0.0000|0.0000|0.0000|0|48.47
芯导科技|688230|-18.76|1354415|52252252.00|-13.90|-4.55|-20.01|36.42|38.60|42.79|35.86|1.35|44.83|438607|19882424.00|1|0.0000|0.0000|0.0000|0|44.83
隆达股份|688231|-13.71|3650894|52169864.00|-2.73|-2.73|-15.30|13.59|15.32|15.32|13.34|3.65|15.75|1352970|21402834.00|1|0.0000|0.0000|0.0000|0|15.75
新点软件|688232|-11.75|4437612|129590240.00|-10.82|-2.00|-16.27|28.70|29.00|31.87|27.23|4.44|32.52|1876506|61252396.00|1|0.0000|0.0000|0.0000|0|32.52
神工股份|688233|-18.60|5364213|109733088.00|-7.13|-4.60|-19.99|19.30|22.02|22.62|18.97|5.36|23.71|2836848|68127440.00|1|0.0000|0.0000|0.0000|0|23.71
天岳先进|688234|-15.97|11979162|641880064.00|-7.11|-6.45|-20.00|51.56|57.00|57.40|49.09|11.98|61.36|5333338|330567712.00|1|0.0000|0.0000|0.0000|0|61.36
百济神州|688235|-16.66|5369329|1162308992.00|-11.48|-7.17|-19.97|209.00|222.00|232.80|200.70|5.37|250.78|2775557|692923904.00|1|0.0000|0.0000|0.0000|0|250.78
春立医疗|688236|-16.60|6296386|83239176.00|-5.44|-3.81|-18.78|12.26|13.90|14.14|11.94|6.30|14.70|5165195|77345480.00|1|0.0000|0.0000|0.0000|0|14.70
超卓航科|688237|-16.99|939163|20387204.00|-5.50|-1.41|-19.97|20.08|22.86|23.85|19.36|0.94|24.19|463668|11289349.00|1|0.0000|0.0000|0.0000|0|24.19
和元生物|688238|-16.05|45263932|237677888.00|-6.69|-2.51|-19.90|5.02|5.58|5.83|4.79|45.26|5.98|36360761|222648736.00|1|0.0000|0.0000|0.0000|0|5.98
航宇科技|688239|-11.77|4228993|164918064.00|-8.03|-4.14|-16.92|37.70|39.30|40.96|35.50|4.23|42.73|2857597|122123232.00|1|0.0000|0.0000|0.0000|0|42.73
永信至诚|688244|-19.67|2629447|95522328.00|-9.09|-6.90|-20.00|34.46|39.00|39.94|34.32|2.63|42.90|1423672|62259076.00|1|0.0000|0.0000|0.0000|0|42.90
嘉和美康|688246|-14.49|4871335|136396672.00|-3.66|-3.66|-20.00|27.79|31.31|31.31|26.00|4.87|32.50|1279094|41976332.00|1|0.0000|0.0000|0.0000|0|32.50
宣泰医药|688247|-18.74|10250930|98996656.00|-6.28|-5.11|-20.00|9.06|10.45|10.58|8.92|10.25|11.15|5829063|65141164.00|1|0.0000|0.0000|0.0000|0|11.15
南网科技|688248|-15.62|4457679|123252256.00|-9.24|-2.22|-17.91|26.20|28.18|30.36|25.49|4.46|31.05|1451833|45117752.00|1|0.0000|0.0000|0.0000|0|31.05
晶合集成|688249|-14.74|26886181|523595360.00|-5.29|-4.70|-18.76|18.68|20.75|20.88|17.80|26.89|21.91|7796243|172004928.00|1|0.0000|0.0000|0.0000|0|21.91
井松智能|688251|-19.69|2572446|43420412.00|-13.06|-8.15|-19.99|15.87|17.18|18.15|15.81|2.57|19.76|1169348|23138406.00|1|0.0000|0.0000|0.0000|0|19.76
天德钰|688252|-20.02|9909829|210429200.00|-11.91|-4.57|-20.02|20.14|22.18|24.03|20.14|9.91|25.18|7727475|197386256.00|1|0.0000|0.0000|0.0000|0|25.18
英诺特|688253|-19.81|5968830|184433600.00|-9.26|-6.08|-20.01|29.02|32.84|33.99|28.95|5.97|36.19|2525924|91686512.00|1|0.0000|0.0000|0.0000|0|36.19
凯尔达|688255|-20.01|4407602|132767280.00|-12.00|-5.40|-20.01|28.27|31.10|33.43|28.27|4.41|35.34|2428266|86771480.00|1|0.0000|0.0000|0.0000|0|35.34
寒武纪|688256|-11.42|12378667|7160071680.00|-5.96|-3.61|-16.57|565.16|599.97|615.00|532.29|12.38|638.00|6038431|3854330112.00|1|0.0000|0.0000|0.0000|0|638.00
新锐股份|688257|-9.40|3956493|76749144.00|-3.66|-3.33|-12.39|18.80|19.99|20.06|18.18|3.96|20.75|2527621|52345892.00|1|0.0000|0.0000|0.0000|0|20.75
卓易信息|688258|-17.76|6308454|212290832.00|-7.34|-6.10|-20.00|31.95|36.00|36.48|31.08|6.31|38.85|5139557|204900752.00|1|0.0000|0.0000|0.0000|0|38.85
创耀科技|688259|-20.00|6679581|247089296.00|-14.08|-8.96|-20.00|34.99|37.58|39.82|34.99|6.68|43.74|5421797|243072736.00|1|0.0000|0.0000|0.0000|0|43.74
昀冢科技|688260|-20.00|5613893|67989432.00|-7.91|-5.11|-20.00|11.12|12.80|13.19|11.12|5.61|13.90|2168737|30236568.00|1|0.0000|0.0000|0.0000|0|13.90
东微半导|688261|-18.86|4254942|149937840.00|-6.58|-4.67|-20.00|33.18|38.20|38.98|32.71|4.25|40.89|1374921|56863112.00|1|0.0000|0.0000|0.0000|0|40.89
国芯科技|688262|-18.49|12999723|314865184.00|-7.25|-5.24|-19.99|22.71|25.84|26.40|22.29|13.00|27.86|5789712|163903856.00|1|0.0000|0.0000|0.0000|0|27.86
南模生物|688265|-16.40|763406|18775574.00|-5.86|-4.09|-16.76|23.10|26.01|26.50|23.00|0.76|27.63|446201|12355552.00|1|0.0000|0.0000|0.0000|0|27.63
泽璟制药|688266|-10.08|8083194|814634752.00|-8.26|-0.22|-12.84|98.01|100.00|108.76|95.00|8.08|109.00|3817684|410934304.00|1|0.0000|0.0000|0.0000|0|109.00
中触媒|688267|-13.64|2971257|67110784.00|-1.46|-1.46|-17.00|21.85|24.93|24.93|21.00|2.97|25.30|1484853|37669452.00|1|0.0000|0.0000|0.0000|0|25.30
华特气体|688268|-4.80|6957513|341431680.00|-5.91|2.06|-7.73|48.04|47.48|51.50|46.56|6.96|50.46|4907304|248300704.00|1|0.0000|0.0000|0.0000|0|50.46
凯立新材|688269|-9.52|2868084|73198976.00|-4.76|-2.89|-12.09|24.70|26.00|26.51|24.00|2.87|27.30|1501841|41026968.00|1|0.0000|0.0000|0.0000|0|27.30
臻镭科技|688270|-11.79|9433816|347507296.00|-4.80|-1.53|-15.56|35.10|37.88|39.18|33.60|9.43|39.79|5580712|223529248.00|1|0.0000|0.0000|0.0000|0|39.79
联影医疗|688271|1.20|13016738|1646356224.00|-1.29|4.92|-5.94|126.00|122.90|130.62|117.10|13.02|124.50|2125481|264527040.00|1|0.0000|0.0000|0.0000|0|124.50
富吉瑞|688272|-17.77|2235265|49422712.00|-3.58|-3.58|-19.98|21.15|24.80|24.80|20.58|2.24|25.72|1086495|28175186.00|1|0.0000|0.0000|0.0000|0|25.72
麦澜德|688273|-18.42|3151110|79986248.00|-5.81|-3.89|-18.59|23.30|26.90|27.45|23.25|3.15|28.56|1909223|55494064.00|1|0.0000|0.0000|0.0000|0|28.56
万润新能|688275|-18.64|2521806|89309552.00|-4.36|-4.36|-19.98|33.60|39.50|39.50|33.05|2.52|41.30|839019|34753188.00|1|0.0000|0.0000|0.0000|0|41.30
百克生物|688276|-9.73|9794249|225719296.00|-4.57|-0.04|-12.01|21.72|22.96|24.05|21.17|9.79|24.06|6293876|150124784.00|1|0.0000|0.0000|0.0000|0|24.06
天智航|688277|-18.73|11857596|130298800.00|-5.27|-4.01|-19.98|10.33|12.04|12.20|10.17|11.86|12.71|4418974|57270152.00|1|0.0000|0.0000|0.0000|0|12.71
特宝生物|688278|-7.54|4584282|336385664.00|-5.82|-3.45|-9.67|72.44|73.79|75.65|70.77|4.58|78.35|2043526|159527536.00|1|0.0000|0.0000|0.0000|0|78.35
峰岹科技|688279|-20.00|2475449|479371744.00|-5.04|-5.04|-20.00|179.45|213.00|213.00|179.44|2.48|224.30|929948|212325664.00|1|0.0000|0.0000|0.0000|0|224.30
精进电动|688280|-19.85|15486715|69595504.00|-5.48|-5.48|-20.04|4.24|5.00|5.00|4.23|15.49|5.29|6621705|35387184.00|1|0.0000|0.0000|0.0000|0|5.29
华秦科技|688281|-14.62|3490408|258256528.00|-2.72|-2.66|-18.92|71.00|80.90|80.95|67.43|3.49|83.16|1025679|85183248.00|1|0.0000|0.0000|0.0000|0|83.16
理工导航|688282|-14.67|1805624|71411272.00|-4.50|-3.77|-17.53|37.53|42.00|42.32|36.27|1.81|43.98|402373|17778918.00|1|0.0000|0.0000|0.0000|0|43.98
坤恒顺维|688283|-9.88|730784|16084456.00|-3.28|-2.30|-15.57|21.99|23.60|23.84|20.60|0.73|24.40|304080|7499172.50|1|0.0000|0.0000|0.0000|0|24.40
高铁电气|688285|-12.48|3902934|27964592.00|-4.84|-2.17|-14.65|6.87|7.47|7.68|6.70|3.90|7.85|1903023|14869569.00|1|0.0000|0.0000|0.0000|0|7.85
敏芯股份|688286|-20.00|2218593|131501312.00|-10.72|-7.24|-20.00|55.83|62.31|64.74|55.83|2.22|69.79|1329145|94167688.00|1|0.0000|0.0000|0.0000|0|69.79
*ST观典|688287|-17.20|5712607|26773700.00|-4.16|-4.16|-18.71|4.38|5.07|5.07|4.30|5.71|5.29|2543420|13566613.00|1|0.0000|0.0000|0.0000|0|5.29
鸿泉技术|688288|-18.73|8232579|228909136.00|-8.95|-8.83|-20.00|26.78|30.00|30.04|26.36|8.23|32.95|8580819|293991648.00|1|0.0000|0.0000|0.0000|0|32.95
圣湘生物|688289|-15.69|15339130|300818528.00|-4.50|-4.05|-18.10|18.54|21.00|21.10|18.01|15.34|21.99|5676224|125629688.00|1|0.0000|0.0000|0.0000|0|21.99
景业智能|688290|-20.00|2625488|118948800.00|-5.86|-5.86|-20.00|42.47|49.98|49.98|42.47|2.63|53.09|1326390|71480520.00|1|0.0000|0.0000|0.0000|0|53.09
金橙子|688291|-17.38|1754017|31608022.00|-5.48|-3.62|-17.92|16.87|19.30|19.68|16.76|1.75|20.42|804954|16591095.00|1|0.0000|0.0000|0.0000|0|20.42
浩瀚深度|688292|-16.40|4463564|84932256.00|-3.27|-3.27|-17.99|17.89|20.70|20.70|17.55|4.46|21.40|1268741|27267630.00|1|0.0000|0.0000|0.0000|0|21.40
奥浦迈|688293|-10.52|1371086|48327300.00|-3.61|-1.61|-11.33|33.42|36.00|36.75|33.12|1.37|37.35|594009|22522090.00|1|0.0000|0.0000|0.0000|0|37.35
中复神鹰|688295|-15.11|5177525|95338600.00|-3.72|-2.99|-18.92|17.59|19.95|20.10|16.80|5.18|20.72|1824567|37786420.00|1|0.0000|0.0000|0.0000|0|20.72
和达科技|688296|-15.68|3397152|37280900.00|-6.78|-5.44|-18.75|10.70|11.83|12.00|10.31|3.40|12.69|1582087|20085250.00|1|0.0000|0.0000|0.0000|0|12.69
中无人机|688297|-15.83|11566479|406515360.00|-7.83|-3.01|-19.83|33.23|36.39|38.29|31.65|11.57|39.48|3890868|153922576.00|1|0.0000|0.0000|0.0000|0|39.48
东方生物|688298|-15.06|6529403|146420544.00|-9.69|-6.56|-18.38|22.00|23.39|24.20|21.14|6.53|25.90|2819061|73191360.00|1|0.0000|0.0000|0.0000|0|25.90
长阳科技|688299|-17.33|20455681|313387456.00|-5.81|-1.86|-19.13|14.22|16.20|16.88|13.91|20.46|17.20|12607595|220715792.00|1|0.0000|0.0000|0.0000|0|17.20
联瑞新材|688300|-14.93|4270743|212554336.00|-8.33|-5.91|-16.19|47.91|51.63|52.99|47.20|4.27|56.32|1402677|80025160.00|1|0.0000|0.0000|0.0000|0|56.32
奕瑞科技|688301|4.43|7811834|937733248.00|-4.35|11.97|-4.35|117.05|107.20|125.50|107.20|7.81|112.08|1841114|210347872.00|1|0.0000|0.0000|0.0000|0|112.08
海创药业|688302|-20.00|6074674|219388096.00|-12.46|-5.83|-20.00|33.76|36.94|39.74|33.76|6.07|42.20|7241182|301197952.00|1|0.0000|0.0000|0.0000|0|42.20
大全能源|688303|-7.00|15898226|277665600.00|-4.77|-3.93|-11.14|17.53|17.95|18.11|16.75|15.90|18.85|6140364|115788624.00|1|0.0000|0.0000|0.0000|0|18.85
科德数控|688305|-7.03|2962109|211026608.00|-4.51|-1.88|-9.81|70.10|72.00|73.98|68.00|2.96|75.40|2265482|172043120.00|1|0.0000|0.0000|0.0000|0|75.40
均普智能|688306|-20.02|34035255|321395616.00|-9.17|-8.02|-20.02|9.07|10.30|10.43|9.07|34.04|11.34|27172548|305180768.00|1|0.0000|0.0000|0.0000|0|11.34
中润光学|688307|-18.16|2724883|62237108.00|-13.87|-6.77|-19.85|21.77|22.91|24.80|21.32|2.72|26.60|1370552|36622528.00|1|0.0000|0.0000|0.0000|0|26.60
欧科亿|688308|-16.12|3210242|52983452.00|-6.16|-6.16|-18.48|15.66|17.52|17.52|15.22|3.21|18.67|1349166|25490788.00|1|0.0000|0.0000|0.0000|0|18.67
恒誉环保|688309|-13.69|967475|13388766.00|-3.55|-1.38|-14.75|13.11|14.65|14.98|12.95|0.97|15.19|623368|9431862.00|1|0.0000|0.0000|0.0000|0|15.19
迈得医疗|688310|-16.35|2746718|28234814.00|-4.60|-4.60|-19.68|9.82|11.20|11.20|9.43|2.75|11.74|1045671|12208554.00|1|0.0000|0.0000|0.0000|0|11.74
盟升电子|688311|-15.68|3985530|132190320.00|-3.82|-2.52|-17.66|31.14|35.52|36.00|30.41|3.99|36.93|2481915|92113240.00|1|0.0000|0.0000|0.0000|0|36.93
燕麦科技|688312|-20.00|3828215|95164768.00|-3.11|-3.11|-20.00|23.12|28.00|28.00|23.12|3.83|28.90|1807302|53167784.00|1|0.0000|0.0000|0.0000|0|28.90
仕佳光子|688313|-19.30|19477558|284718144.00|-9.36|-7.13|-20.00|13.80|15.50|15.88|13.68|19.48|17.10|9743437|167557680.00|1|0.0000|0.0000|0.0000|0|17.10
康拓医疗|688314|-8.04|1671587|43482360.00|-3.84|-3.84|-10.23|25.61|26.78|26.78|25.00|1.67|27.85|1765725|49610728.00|1|0.0000|0.0000|0.0000|0|27.85
诺禾致源|688315|-18.70|9865884|129993640.00|-5.33|-5.33|-20.01|12.35|14.38|14.38|12.15|9.87|15.19|3968027|60915268.00|1|0.0000|0.0000|0.0000|0|15.19
青云科技|688316|-20.00|3089993|168164944.00|-7.75|-7.75|-20.00|51.60|59.50|59.50|51.60|3.09|64.50|1700583|109975752.00|1|0.0000|0.0000|0.0000|0|64.50
之江生物|688317|-12.60|4232293|67330432.00|-3.15|-3.04|-13.06|15.26|16.91|16.93|15.18|4.23|17.46|1366134|23987530.00|1|0.0000|0.0000|0.0000|0|17.46
财富趋势|688318|-14.29|4682565|609685568.00|-6.39|-3.02|-19.62|125.05|136.57|141.49|117.27|4.68|145.90|1970338|291338176.00|1|0.0000|0.0000|0.0000|0|145.90
欧林生物|688319|-17.54|9955807|134077456.00|-6.32|-5.16|-19.73|12.79|14.53|14.71|12.45|9.96|15.51|7470312|117551456.00|1|0.0000|0.0000|0.0000|0|15.51
禾川科技|688320|-20.00|7218302|234375552.00|-8.74|-8.24|-20.00|30.68|35.00|35.19|30.68|7.22|38.35|3833573|149219104.00|1|0.0000|0.0000|0.0000|0|38.35
微芯生物|688321|-18.75|11850534|195196096.00|-6.41|-2.94|-19.76|15.21|17.52|18.17|15.02|11.85|18.72|4636958|87729456.00|1|0.0000|0.0000|0.0000|0|18.72
奥比中光|688322|-19.99|13685686|632954944.00|-9.43|-6.00|-19.99|43.18|48.88|50.73|43.18|13.69|53.97|6080298|332129536.00|1|0.0000|0.0000|0.0000|0|53.97
瑞华泰|688323|-15.05|5163538|64216320.00|-2.98|-1.09|-17.02|11.68|13.34|13.60|11.41|5.16|13.75|1479234|20476452.00|1|0.0000|0.0000|0.0000|0|13.75
赛微微电|688325|-16.78|1258752|50928840.00|-6.15|-4.71|-18.59|38.13|43.00|43.66|37.30|1.26|45.82|627368|28912650.00|1|0.0000|0.0000|0.0000|0|45.82
经纬恒润|688326|-16.27|2225997|159499856.00|-7.40|-3.69|-19.13|67.81|75.00|78.00|65.50|2.23|80.99|797725|64825184.00|1|0.0000|0.0000|0.0000|0|80.99
云从科技|688327|-20.00|50769302|647560256.00|-10.30|-5.51|-20.00|12.04|13.50|14.22|12.04|50.77|15.05|18861659|285183328.00|1|0.0000|0.0000|0.0000|0|15.05
深科达|688328|-17.49|3364389|45770028.00|-7.11|-6.28|-19.03|12.88|14.50|14.63|12.64|3.36|15.61|1445971|22724578.00|1|0.0000|0.0000|0.0000|0|15.61
艾隆科技|688329|-15.89|1994716|28069520.00|-5.36|-3.97|-17.59|13.34|15.01|15.23|13.07|1.99|15.86|1053212|16879686.00|1|0.0000|0.0000|0.0000|0|15.86
宏力达|688330|-12.68|2094324|54098472.00|-3.27|-3.27|-14.58|24.80|27.47|27.47|24.26|2.09|28.40|861245|24587830.00|1|0.0000|0.0000|0.0000|0|28.40
荣昌生物|688331|-6.35|8022681|321640832.00|-12.36|-4.13|-13.39|41.00|38.37|41.97|37.92|8.02|43.78|6086776|270220192.00|1|0.0000|0.0000|0.0000|0|43.78
中科蓝讯|688332|-20.00|4801212|490272448.00|-13.84|-10.69|-20.00|99.52|107.18|111.10|99.52|4.80|124.40|5735073|720344512.00|1|0.0000|0.0000|0.0000|0|124.40
铂力特|688333|-17.87|14094690|799019136.00|-9.92|-6.92|-20.00|54.71|60.00|62.00|53.29|14.09|66.61|5323887|361812736.00|1|0.0000|0.0000|0.0000|0|66.61
西高院|688334|-12.57|4617069|72777904.00|-3.30|-2.90|-14.88|15.10|16.70|16.77|14.70|4.62|17.27|1309852|22572160.00|1|0.0000|0.0000|0.0000|0|17.27
复洁科技|688335|-19.48|2270534|19584996.00|-3.61|-3.31|-19.98|8.02|9.60|9.63|7.97|2.27|9.96|1059671|10592708.00|1|0.0000|0.0000|0.0000|0|9.96
三生国健|688336|-10.45|7020978|176704704.00|-8.59|-3.00|-13.38|24.50|25.01|26.54|23.70|7.02|27.36|5073211|141941152.00|1|0.0000|0.0000|0.0000|0|27.36
普源精电|688337|-6.23|6564536|215736368.00|-8.35|4.36|-10.01|31.00|30.30|34.50|29.75|6.56|33.06|1629408|53882068.00|1|0.0000|0.0000|0.0000|0|33.06
赛科希德|688338|-14.14|2058684|47922232.00|-2.60|-2.60|-15.42|22.11|25.08|25.08|21.78|2.06|25.75|1055860|27255744.00|1|0.0000|0.0000|0.0000|0|25.75
亿华通|688339|-15.38|6827629|138855760.00|-4.44|-4.44|-17.30|19.42|21.93|21.93|18.98|6.83|22.95|3513590|80269504.00|1|0.0000|0.0000|0.0000|0|22.95
云天励飞|688343|-20.00|17457815|871053760.00|-9.71|-6.41|-20.00|46.07|52.00|53.90|46.07|17.46|57.59|11727321|684685760.00|1|0.0000|0.0000|0.0000|0|57.59
博力威|688345|-18.13|1188554|20330012.00|-2.55|-2.55|-19.82|16.03|19.08|19.08|15.70|1.19|19.58|614975|12156050.00|1|0.0000|0.0000|0.0000|0|19.58
华虹公司|688347|-12.66|23511025|994586560.00|-5.51|-2.76|-18.98|40.76|44.10|45.38|37.81|23.51|46.67|9401616|443547744.00|1|0.0000|0.0000|0.0000|0|46.67
昱能科技|688348|-20.01|4591667|193059808.00|-6.47|-5.86|-20.01|39.34|46.00|46.30|39.34|4.59|49.18|2375294|117609792.00|1|0.0000|0.0000|0.0000|0|49.18
三一重能|688349|-9.53|4649857|111652440.00|-3.37|-3.21|-14.54|23.64|25.25|25.29|22.33|4.65|26.13|2949296|77616592.00|1|0.0000|0.0000|0.0000|0|26.13
富淼科技|688350|-12.01|1714456|20758326.00|-2.46|-2.46|-15.22|11.79|13.07|13.07|11.36|1.71|13.40|856029|11456796.00|1|0.0000|0.0000|0.0000|0|13.40
微电生理|688351|-7.16|8860541|173463792.00|-5.02|2.19|-11.79|19.05|19.49|20.97|18.10|8.86|20.52|4271807|89054656.00|1|0.0000|0.0000|0.0000|0|20.52
颀中科技|688352|-16.93|16503175|178294256.00|-6.66|-3.45|-19.39|10.11|11.36|11.75|9.81|16.50|12.17|6675870|81549840.00|1|0.0000|0.0000|0.0000|0|12.17
华盛锂电|688353|-18.05|1960598|38081712.00|-4.76|-4.76|-19.71|18.25|21.21|21.21|17.88|1.96|22.27|408022|9078625.00|1|0.0000|0.0000|0.0000|0|22.27
明志科技|688355|-18.06|2134423|33286918.00|-5.50|-4.11|-19.89|14.75|17.01|17.26|14.42|2.13|18.00|1189814|21448658.00|1|0.0000|0.0000|0.0000|0|18.00
键凯科技|688356|-18.09|1628069|92259520.00|-6.85|-3.60|-20.00|52.76|60.00|62.09|51.53|1.63|64.41|1575766|102628368.00|1|0.0000|0.0000|0.0000|0|64.41
建龙微纳|688357|-15.00|2173964|50520100.00|-5.12|-3.10|-15.74|21.93|24.48|25.00|21.74|2.17|25.80|785570|20305720.00|1|0.0000|0.0000|0.0000|0|25.80
祥生医疗|688358|-16.87|2436185|66567516.00|-7.34|-5.65|-19.20|26.06|29.05|29.58|25.33|2.44|31.35|1160886|36981228.00|1|0.0000|0.0000|0.0000|0|31.35
三孚新科|688359|-19.46|3809269|167281744.00|-8.48|-7.51|-20.00|41.80|47.50|48.00|41.52|3.81|51.90|1666994|88223048.00|1|0.0000|0.0000|0.0000|0|51.90
德马科技|688360|-20.00|7444331|132239120.00|-7.88|-6.54|-20.00|16.76|19.30|19.58|16.76|7.44|20.95|4121598|86341608.00|1|0.0000|0.0000|0.0000|0|20.95
中科飞测|688361|-3.42|10220725|851139584.00|-4.20|4.28|-7.64|80.53|79.88|86.95|77.01|10.22|83.38|3873735|324518816.00|1|0.0000|0.0000|0.0000|0|83.38
甬矽电子|688362|-19.10|14566281|372374560.00|-7.53|-6.56|-20.01|24.06|27.50|27.79|23.79|14.57|29.74|6012001|179874976.00|1|0.0000|0.0000|0.0000|0|29.74
华熙生物|688363|-11.98|5699266|259517632.00|-5.00|-2.35|-14.59|43.81|47.28|48.60|42.51|5.70|49.77|1682188|83754016.00|1|0.0000|0.0000|0.0000|0|49.77
光云科技|688365|-19.98|12223285|131171520.00|-7.19|-5.29|-19.98|10.13|11.75|11.99|10.13|12.22|12.66|5181466|66286656.00|1|0.0000|0.0000|0.0000|0|12.66
昊海生科|688366|-8.64|1757975|94483832.00|-3.43|-3.41|-18.37|54.90|58.03|58.04|49.05|1.76|60.09|463036|27792520.00|1|0.0000|0.0000|0.0000|0|60.09
工大高科|688367|-15.55|2199104|31136006.00|-5.06|-5.06|-16.93|13.52|15.20|15.20|13.30|2.20|16.01|897039|14311233.00|1|0.0000|0.0000|0.0000|0|16.01
晶丰明源|688368|-13.87|1800118|151862832.00|-10.00|-2.31|-17.96|80.84|84.47|91.69|77.00|1.80|93.86|559332|53163288.00|1|0.0000|0.0000|0.0000|0|93.86
致远互联|688369|-20.00|5099514|154400624.00|-11.87|-4.41|-20.00|27.76|30.58|33.17|27.76|5.10|34.70|1824582|64096268.00|1|0.0000|0.0000|0.0000|0|34.70
丛麟科技|688370|-9.52|1358735|24324500.00|-1.35|-1.35|-12.64|17.40|18.97|18.97|16.80|1.36|19.23|905445|17408312.00|1|0.0000|0.0000|0.0000|0|19.23
菲沃泰|688371|-19.38|4815190|71426344.00|-5.06|-5.06|-20.02|13.69|16.12|16.12|13.58|4.82|16.98|2683674|45905472.00|1|0.0000|0.0000|0.0000|0|16.98
伟测科技|688372|-9.86|5230750|387434304.00|-6.11|-1.77|-13.62|72.00|75.00|78.47|69.00|5.23|79.88|2619774|207656640.00|1|0.0000|0.0000|0.0000|0|79.88
盟科药业|688373|-14.80|22134453|116633432.00|-3.78|-2.47|-19.41|5.18|5.85|5.93|4.90|22.13|6.08|8656188|53122876.00|1|0.0000|0.0000|0.0000|0|6.08
国博电子|688375|-11.80|2122559|105069584.00|-3.22|0.47|-16.60|47.38|51.99|53.97|44.80|2.12|53.72|871788|47617568.00|1|0.0000|0.0000|0.0000|0|53.72
美埃科技|688376|-10.86|1728899|58282960.00|-3.27|-3.27|-16.24|32.99|35.80|35.80|31.00|1.73|37.01|801190|29864096.00|1|0.0000|0.0000|0.0000|0|37.01
迪威尔|688377|-19.98|4503861|74055832.00|-5.43|-5.43|-19.98|15.62|18.46|18.46|15.62|4.50|19.52|2817811|56319772.00|1|0.0000|0.0000|0.0000|0|19.52
奥来德|688378|-13.92|9309573|171709952.00|-4.74|-3.01|-18.46|17.44|19.30|19.65|16.52|9.31|20.26|2853859|58132044.00|1|0.0000|0.0000|0.0000|0|20.26
华光新材|688379|-19.96|3239105|66695664.00|-5.28|-5.28|-20.00|19.41|22.97|22.97|19.40|3.24|24.25|3068239|75874712.00|1|0.0000|0.0000|0.0000|0|24.25
中微半导|688380|-19.96|12479982|312326176.00|-9.36|-4.48|-19.99|23.42|26.52|27.95|23.41|12.48|29.26|5079297|149282144.00|1|0.0000|0.0000|0.0000|0|29.26
帝奥微|688381|-18.55|7126550|131978784.00|-6.96|-4.73|-19.78|17.21|19.66|20.13|16.95|7.13|21.13|4449949|95503136.00|1|0.0000|0.0000|0.0000|0|21.13
益方生物|688382|-20.00|18585697|313798016.00|-7.50|-5.31|-20.00|15.68|18.13|18.56|15.68|18.59|19.60|16076141|318288064.00|1|0.0000|0.0000|0.0000|0|19.60
新益昌|688383|-17.27|1141366|45962700.00|-5.40|-4.95|-19.73|37.40|42.77|42.97|36.29|1.14|45.21|712218|32595560.00|1|0.0000|0.0000|0.0000|0|45.21
复旦微电|688385|-6.65|17269920|801613952.00|-4.55|1.12|-12.67|45.18|46.20|48.94|42.27|17.27|48.40|8629146|418813792.00|1|0.0000|0.0000|0.0000|0|48.40
泛亚微透|688386|-6.76|3062032|122635968.00|-5.62|-1.57|-8.66|39.30|39.78|41.49|38.50|3.06|42.15|931646|39748180.00|1|0.0000|0.0000|0.0000|0|42.15
信科移动|688387|-13.17|39328359|199172176.00|-4.45|-3.38|-15.30|4.88|5.37|5.43|4.76|39.33|5.62|11685637|65697120.00|1|0.0000|0.0000|0.0000|0|5.62
嘉元科技|688388|-20.00|12743590|212976656.00|-16.84|-5.61|-20.00|15.68|16.30|18.50|15.68|12.74|19.60|6733834|131662376.00|1|0.0000|0.0000|0.0000|0|19.60
普门科技|688389|-14.43|16182622|224783376.00|-4.60|-3.11|-16.63|13.22|14.74|14.97|12.88|16.18|15.45|6970128|108385400.00|1|0.0000|0.0000|0.0000|0|15.45
固德威|688390|-19.24|10602801|431458528.00|-7.72|-4.54|-20.00|38.07|43.50|45.00|37.71|10.60|47.14|7423854|350256064.00|1|0.0000|0.0000|0.0000|0|47.14
钜泉科技|688391|-18.98|2561239|69002088.00|-6.07|-3.99|-20.01|24.98|28.96|29.60|24.66|2.56|30.83|832625|25888548.00|1|0.0000|0.0000|0.0000|0|30.83
骄成超声|688392|-13.57|2510203|106918656.00|-9.50|-7.32|-19.31|42.02|44.00|45.06|39.23|2.51|48.62|1189119|58300336.00|1|0.0000|0.0000|0.0000|0|48.62
安必平|688393|-15.62|7223294|226029904.00|-8.31|-2.69|-18.34|29.45|32.00|33.96|28.50|7.22|34.90|3878380|137756992.00|1|0.0000|0.0000|0.0000|0|34.90
正弦电气|688395|-20.02|4150501|74737544.00|-6.55|-6.55|-20.02|17.10|19.98|19.98|17.10|4.15|21.38|1632071|35109912.00|1|0.0000|0.0000|0.0000|0|21.38
华润微|688396|-13.19|11615820|472529792.00|-5.24|-3.03|-18.42|39.30|42.90|43.90|36.93|11.62|45.27|2580463|116843112.00|1|0.0000|0.0000|0.0000|0|45.27
赛特新材|688398|-17.29|2998159|45278520.00|-4.76|-2.71|-19.35|14.06|16.19|16.54|13.71|3.00|17.00|1771112|29926872.00|1|0.0000|0.0000|0.0000|0|17.00
硕世生物|688399|-14.14|1091914|69021640.00|-4.76|-2.94|-17.47|60.40|67.00|68.28|58.06|1.09|70.35|437914|30871724.00|1|0.0000|0.0000|0.0000|0|70.35
凌云光|688400|-20.01|14238523|343173984.00|-7.77|-6.95|-20.01|22.55|26.00|26.23|22.55|14.24|28.19|5218966|148458032.00|1|0.0000|0.0000|0.0000|0|28.19
路维光电|688401|-7.84|11298164|364751840.00|-7.11|-2.53|-14.25|31.75|32.00|33.58|29.54|11.30|34.45|5999856|207465568.00|1|0.0000|0.0000|0.0000|0|34.45
汇成股份|688403|-20.04|29642749|244788864.00|-9.81|-5.01|-20.04|7.66|8.64|9.10|7.66|29.64|9.58|12207164|117266488.00|1|0.0000|0.0000|0.0000|0|9.58
中信博|688408|-16.20|6979441|323314496.00|-6.45|-6.08|-19.99|45.06|50.30|50.50|43.02|6.98|53.77|3765394|203583968.00|1|0.0000|0.0000|0.0000|0|53.77
富创精密|688409|-14.33|9308397|465767840.00|-7.94|-2.74|-17.98|47.46|51.00|53.88|45.44|9.31|55.40|7332601|407579712.00|1|0.0000|0.0000|0.0000|0|55.40
山外山|688410|-12.71|5900913|62397608.00|-4.75|-2.42|-13.40|10.10|11.02|11.29|10.02|5.90|11.57|3925135|45981084.00|1|0.0000|0.0000|0.0000|0|11.57
海博思创|688411|-13.11|3896471|263492112.00|-6.90|-4.27|-17.20|65.33|70.00|71.98|62.26|3.90|75.19|2158982|161907648.00|1|0.0000|0.0000|0.0000|0|75.19
恒烁股份|688416|-19.68|3491859|119617768.00|-7.22|-6.02|-20.01|32.03|37.00|37.48|31.90|3.49|39.88|1090335|43794056.00|1|0.0000|0.0000|0.0000|0|39.88
震有科技|688418|-19.99|11718993|328284832.00|-7.36|-5.46|-19.99|26.21|30.35|30.97|26.21|11.72|32.76|6314158|206142272.00|1|0.0000|0.0000|0.0000|0|32.76
耐科装备|688419|-16.69|1159698|32588114.00|-5.87|-5.37|-18.85|26.70|30.17|30.33|26.01|1.16|32.05|559412|18096536.00|1|0.0000|0.0000|0.0000|0|32.05
美腾科技|688420|-12.80|933855|19088612.00|-3.11|-3.11|-13.71|19.34|21.49|21.49|19.14|0.93|22.18|774884|17347058.00|1|0.0000|0.0000|0.0000|0|22.18
铁建重工|688425|-10.62|62259178|248116336.00|-4.16|-3.46|-12.01|3.87|4.15|4.18|3.81|62.26|4.33|27584468|119880584.00|1|0.0000|0.0000|0.0000|0|4.33
康为世纪|688426|-16.81|1380852|23265554.00|-3.61|-3.61|-19.37|15.89|18.41|18.41|15.40|1.38|19.10|958751|18520344.00|1|0.0000|0.0000|0.0000|0|19.10
诺诚健华|688428|-7.20|11504322|193769248.00|-8.44|-5.57|-13.42|17.15|16.92|17.45|16.00|11.50|18.48|5690902|106185696.00|1|0.0000|0.0000|0.0000|0|18.48
时创能源|688429|-16.78|2935099|36256248.00|-2.65|-2.65|-19.99|11.95|13.98|13.98|11.49|2.94|14.36|1049360|15205135.00|1|0.0000|0.0000|0.0000|0|14.36
有研硅|688432|-17.72|12573396|130295936.00|-7.17|-3.97|-19.83|9.75|11.00|11.38|9.50|12.57|11.85|4108087|48728048.00|1|0.0000|0.0000|0.0000|0|11.85
华曙高科|688433|-20.00|4904048|169372624.00|-7.96|-5.63|-20.00|32.96|37.92|38.88|32.96|4.90|41.20|3448671|147459328.00|1|0.0000|0.0000|0.0000|0|41.20
英方软件|688435|-19.53|2504738|69933608.00|-10.66|-6.31|-19.99|26.28|29.18|30.60|26.13|2.50|32.66|673306|22129402.00|1|0.0000|0.0000|0.0000|0|32.66
振华风光|688439|-7.69|3638698|225438128.00|-4.15|0.77|-11.42|60.00|62.30|65.50|57.58|3.64|65.00|1972314|128323176.00|1|0.0000|0.0000|0.0000|0|65.00
智翔金泰|688443|-12.98|4395329|112937856.00|-11.30|-2.84|-16.98|24.80|25.28|27.69|23.66|4.40|28.50|1876043|53792000.00|1|0.0000|0.0000|0.0000|0|28.50
磁谷科技|688448|-18.59|1322805|33543112.00|-3.73|-3.73|-20.01|23.56|27.86|27.86|23.15|1.32|28.94|564860|16469641.00|1|0.0000|0.0000|0.0000|0|28.94
联芸科技|688449|-15.80|6843008|275967680.00|-9.60|-6.58|-18.95|38.75|41.60|42.99|37.30|6.84|46.02|2024377|93720976.00|1|0.0000|0.0000|0.0000|0|46.02
光格科技|688450|-19.94|1198887|26013474.00|-5.57|-3.55|-20.02|19.84|23.40|23.90|19.82|1.20|24.78|1438140|35289012.00|1|0.0000|0.0000|0.0000|0|24.78
科捷智能|688455|-12.51|1785783|18326144.00|-3.41|-3.32|-15.31|10.00|11.04|11.05|9.68|1.79|11.43|1071645|12179054.00|1|0.0000|0.0000|0.0000|0|11.43
有研粉材|688456|-13.24|3969979|127056032.00|-4.56|-4.56|-15.09|30.81|33.89|33.89|30.15|3.97|35.51|1167197|41847116.00|1|0.0000|0.0000|0.0000|0|35.51
美芯晟|688458|-17.16|2710606|86904528.00|-5.28|-3.78|-18.60|30.46|34.83|35.38|29.93|2.71|36.77|1045690|38376736.00|1|0.0000|0.0000|0.0000|0|36.77
哈铁科技|688459|-7.31|5665438|53481792.00|-2.67|-2.67|-10.67|9.38|9.85|9.85|9.04|5.67|10.12|3367271|33875016.00|1|0.0000|0.0000|0.0000|0|10.12
金科环境|688466|-13.78|1302270|19177220.00|-3.26|-3.26|-15.30|14.26|16.00|16.00|14.01|1.30|16.54|523600|8612871.00|1|0.0000|0.0000|0.0000|0|16.54
科美诊断|688468|-16.25|12186161|82700064.00|-3.67|-3.01|-18.48|6.39|7.35|7.40|6.22|12.19|7.63|4946532|38124024.00|1|0.0000|0.0000|0.0000|0|7.63
芯联集成|688469|-13.49|121156783|523700256.00|-4.36|-3.32|-16.80|4.17|4.61|4.66|4.01|121.16|4.82|34051273|164658800.00|1|0.0000|0.0000|0.0000|0|4.82
阿特斯|688472|-12.16|44709593|393777664.00|-6.13|-6.13|-14.81|8.60|9.19|9.19|8.34|44.71|9.79|13773059|135175120.00|1|0.0000|0.0000|0.0000|0|9.79
萤石网络|688475|-10.27|6566545|234142656.00|-7.60|-1.53|-13.94|33.99|35.00|37.30|32.60|6.57|37.88|3611616|139149888.00|1|0.0000|0.0000|0.0000|0|37.88
晶升股份|688478|-19.99|3519637|95709136.00|-5.30|-4.61|-19.99|25.34|29.99|30.21|25.34|3.52|31.67|1898753|59228724.00|1|0.0000|0.0000|0.0000|0|31.67
友车科技|688479|-13.49|1366024|24221390.00|-5.08|-3.69|-15.55|16.86|18.50|18.77|16.46|1.37|19.49|745131|14507368.00|1|0.0000|0.0000|0.0000|0|19.49
赛恩斯|688480|-13.58|1932887|59337884.00|-4.83|-2.95|-17.38|29.33|32.30|32.94|28.04|1.93|33.94|813667|27464094.00|1|0.0000|0.0000|0.0000|0|33.94
南芯科技|688484|-12.29|11876976|355837568.00|-8.32|-5.41|-16.17|29.19|30.51|31.48|27.90|11.88|33.28|9837631|334165408.00|1|0.0000|0.0000|0.0000|0|33.28
九州一轨|688485|-14.16|2813078|25744140.00|-3.47|-2.18|-14.46|8.67|9.75|9.88|8.64|2.81|10.10|1118112|11307589.00|1|0.0000|0.0000|0.0000|0|10.10
龙迅股份|688486|-11.72|2099764|195612096.00|-4.56|-4.45|-17.92|92.50|100.00|100.12|86.00|2.10|104.78|1095755|115652136.00|1|0.0000|0.0000|0.0000|0|104.78
艾迪药业|688488|-15.24|16443151|163794080.00|-8.11|-4.63|-18.00|9.51|10.31|10.70|9.20|16.44|11.22|13790029|154975280.00|1|0.0000|0.0000|0.0000|0|11.22
三未信安|688489|-17.57|1544918|49093632.00|-5.53|-4.24|-19.97|29.97|34.35|34.82|29.10|1.54|36.36|851064|31337698.00|1|0.0000|0.0000|0.0000|0|36.36
清越科技|688496|-19.28|7916836|54901492.00|-2.99|-2.99|-20.02|6.49|7.80|7.80|6.43|7.92|8.04|3694047|29907082.00|1|0.0000|0.0000|0.0000|0|8.04
源杰科技|688498|-20.00|3664569|362447424.00|-8.78|-4.36|-20.00|92.01|104.91|110.00|92.01|3.66|115.01|2105002|243879504.00|1|0.0000|0.0000|0.0000|0|115.01
利元亨|688499|-19.85|8818867|196760736.00|-7.01|-5.70|-20.00|20.80|24.13|24.47|20.76|8.82|25.95|3397092|88947064.00|1|0.0000|0.0000|0.0000|0|25.95
慧辰股份|688500|-19.76|2203575|51973384.00|-5.73|-4.02|-20.01|22.13|26.00|26.47|22.06|2.20|27.58|849727|23471284.00|1|0.0000|0.0000|0.0000|0|27.58
青达环保|688501|-8.24|7723856|142024560.00|-6.87|-2.78|-12.23|18.16|18.43|19.24|17.37|7.72|19.79|5780255|113060584.00|1|0.0000|0.0000|0.0000|0|19.79
茂莱光学|688502|-11.36|1263999|328254720.00|-5.13|2.56|-13.91|242.00|259.00|279.98|235.02|1.26|273.00|860005|235958848.00|1|0.0000|0.0000|0.0000|0|273.00
聚和材料|688503|-20.00|7849465|251958272.00|-7.48|-5.63|-20.00|29.84|34.51|35.20|29.84|7.85|37.30|4309444|162850880.00|1|0.0000|0.0000|0.0000|0|37.30
复旦张江|688505|-15.82|9979179|73513504.00|-2.05|-2.05|-18.72|6.97|8.11|8.11|6.73|9.98|8.28|3843703|31972846.00|1|0.0000|0.0000|0.0000|0|8.28
百利天恒|688506|-11.16|2058892|468157024.00|-8.49|-2.09|-16.08|222.31|229.00|245.02|210.00|2.06|250.25|1135072|280541344.00|1|0.0000|0.0000|0.0000|0|250.25
索辰科技|688507|-14.47|3259854|236300704.00|-6.98|-3.45|-18.07|69.88|76.00|78.88|66.94|3.26|81.70|2311511|191925600.00|1|0.0000|0.0000|0.0000|0|81.70
芯朋微|688508|-15.44|6381279|275748448.00|-7.57|-6.18|-18.47|41.90|45.80|46.49|40.40|6.38|49.55|2908445|145122160.00|1|0.0000|0.0000|0.0000|0|49.55
正元地信|688509|-15.78|16946460|55863864.00|-5.08|-4.28|-18.98|3.15|3.55|3.58|3.03|16.95|3.74|6914837|25939306.00|1|0.0000|0.0000|0.0000|0|3.74
航亚科技|688510|-14.65|9681862|150411904.00|-4.00|-3.55|-16.99|14.92|16.78|16.86|14.51|9.68|17.48|4408736|77498440.00|1|0.0000|0.0000|0.0000|0|17.48
*ST天微|688511|-13.94|2561519|30467930.00|-4.90|-3.99|-15.67|11.42|12.62|12.74|11.19|2.56|13.27|896782|11935623.00|1|0.0000|0.0000|0.0000|0|13.27
慧智微|688512|-19.94|13925388|114786280.00|-8.26|-6.10|-20.04|7.75|8.88|9.09|7.74|13.93|9.68|5355924|52204700.00|1|0.0000|0.0000|0.0000|0|9.68
苑东生物|688513|-8.99|8277480|279613120.00|-4.05|-2.07|-13.49|33.00|34.79|35.51|31.37|8.28|36.26|7697576|273832928.00|1|0.0000|0.0000|0.0000|0|36.26
裕太微|688515|-11.67|1899249|172347520.00|-5.07|-3.52|-14.78|87.07|93.57|95.10|84.00|1.90|98.57|776508|77151512.00|1|0.0000|0.0000|0.0000|0|98.57
奥特维|688516|-17.29|7234708|254381200.00|-5.33|-5.18|-18.61|33.20|38.00|38.06|32.67|7.23|40.14|2357086|94949000.00|1|0.0000|0.0000|0.0000|0|40.14
金冠电气|688517|-17.35|4818695|59573664.00|-4.18|-4.18|-19.26|11.67|13.53|13.53|11.40|4.82|14.12|1754261|24815982.00|1|0.0000|0.0000|0.0000|0|14.12
联赢激光|688518|-13.00|17723960|255452240.00|-9.03|-5.54|-17.46|14.45|15.11|15.69|13.71|17.72|16.61|12539208|211283008.00|1|0.0000|0.0000|0.0000|0|16.61
南亚新材|688519|-20.00|7374345|212712224.00|-9.56|-3.59|-20.00|26.52|29.98|31.96|26.52|7.37|33.15|7488892|263723872.00|1|0.0000|0.0000|0.0000|0|33.15
神州细胞|688520|-13.07|5030996|189666048.00|-6.13|-1.49|-16.39|36.18|39.07|41.00|34.80|5.03|41.62|3191869|133960328.00|1|0.0000|0.0000|0.0000|0|41.62
芯原股份|688521|-11.45|21190626|1895941504.00|-5.63|-2.26|-18.37|86.80|92.50|95.80|80.01|21.19|98.02|11713936|1160534272.00|1|0.0000|0.0000|0.0000|0|98.02
纳睿雷达|688522|-9.39|5325031|342572256.00|-7.51|-2.21|-13.25|62.70|64.00|67.67|60.03|5.33|69.20|2944843|209156256.00|1|0.0000|0.0000|0.0000|0|69.20
航天环宇|688523|-14.52|3369868|62984156.00|-3.10|-1.03|-16.89|17.36|19.68|20.10|16.88|3.37|20.31|1447043|29813572.00|1|0.0000|0.0000|0.0000|0|20.31
佰维存储|688525|-15.29|25943063|1532400768.00|-7.86|-4.95|-18.71|57.00|62.00|63.96|54.70|25.94|67.29|12068089|825282304.00|1|0.0000|0.0000|0.0000|0|67.29
科前生物|688526|-7.95|7678756|117322744.00|-3.11|-1.49|-10.62|14.82|15.60|15.86|14.39|7.68|16.10|4135480|67007768.00|1|0.0000|0.0000|0.0000|0|16.10
秦川物联|688528|-16.46|1689024|13651563.00|-4.09|-4.09|-17.13|7.56|8.68|8.68|7.50|1.69|9.05|707749|6411257.50|1|0.0000|0.0000|0.0000|0|9.05
豪森智能|688529|-20.01|6812656|106058016.00|-8.89|-7.59|-20.01|14.75|16.80|17.04|14.75|6.81|18.44|3558086|66427788.00|1|0.0000|0.0000|0.0000|0|18.44
欧莱新材|688530|-19.59|1902942|28755662.00|-8.03|-5.69|-19.99|14.12|16.15|16.56|14.05|1.90|17.56|756257|13362511.00|1|0.0000|0.0000|0.0000|0|17.56
日联科技|688531|-15.47|3985757|213879840.00|-5.63|-4.51|-18.71|51.37|57.35|58.03|49.40|3.99|60.77|2487241|153011424.00|1|0.0000|0.0000|0.0000|0|60.77
上声电子|688533|-20.00|3046310|82460248.00|-11.44|-8.68|-20.00|25.24|27.94|28.81|25.24|3.05|31.55|900625|28597046.00|1|0.0000|0.0000|0.0000|0|31.55
华海诚科|688535|-17.78|3810267|270596160.00|-5.59|-2.99|-19.42|66.10|75.90|77.99|64.78|3.81|80.39|3065686|241871120.00|1|0.0000|0.0000|0.0000|0|80.39
思瑞浦|688536|-1.82|7187284|917051264.00|-4.98|5.24|-5.94|124.00|120.01|132.92|118.80|7.19|126.30|2960084|379276960.00|1|0.0000|0.0000|0.0000|0|126.30
和辉光电|688538|-10.86|122758372|250634176.00|-1.81|-1.81|-11.76|1.97|2.17|2.17|1.95|122.76|2.21|35207950|77901832.00|1|0.0000|0.0000|0.0000|0|2.21
高华科技|688539|-15.01|2944806|67398224.00|-5.26|-4.48|-17.35|21.80|24.30|24.50|21.20|2.94|25.65|834800|21567340.00|1|0.0000|0.0000|0.0000|0|25.65
国科军工|688543|-11.97|7158709|330076128.00|-1.76|-1.22|-15.14|43.89|48.98|49.25|42.31|7.16|49.86|2443953|122151808.00|1|0.0000|0.0000|0.0000|0|49.86
兴福电子|688545|-9.00|8711281|221911488.00|-5.61|-4.26|-11.84|24.98|25.91|26.28|24.20|8.71|27.45|5176974|142280512.00|1|0.0000|0.0000|0.0000|0|27.45
广钢气体|688548|-5.83|15235230|167762672.00|-5.04|-0.87|-9.30|10.83|10.92|11.40|10.43|15.24|11.50|9509449|109478952.00|1|0.0000|0.0000|0.0000|0|11.50
中巨芯|688549|-17.34|23842810|161083696.00|-4.27|-3.36|-20.05|6.39|7.40|7.47|6.18|23.84|7.73|7465276|57925540.00|1|0.0000|0.0000|0.0000|0|7.73
瑞联新材|688550|-12.27|5187980|182747136.00|-13.24|-6.30|-13.75|34.38|34.00|36.72|33.80|5.19|39.19|3003203|117796168.00|1|0.0000|0.0000|0.0000|0|39.19
科威尔|688551|-14.21|1578044|39425220.00|-4.20|-3.88|-17.78|24.08|26.89|26.98|23.08|1.58|28.07|485337|13654379.00|1|0.0000|0.0000|0.0000|0|28.07
航天南湖|688552|-13.04|3117218|56960476.00|-2.60|-2.60|-14.69|17.41|19.50|19.50|17.08|3.12|20.02|1051168|21016456.00|1|0.0000|0.0000|0.0000|0|20.02
汇宇制药|688553|-16.60|10841950|158428048.00|-5.17|-2.86|-19.94|13.72|15.60|15.98|13.17|10.84|16.45|9137878|152685808.00|1|0.0000|0.0000|0.0000|0|16.45
高测股份|688556|-19.73|23103671|203594928.00|-6.77|-6.77|-20.02|8.30|9.64|9.64|8.27|23.10|10.34|9803720|102521256.00|1|0.0000|0.0000|0.0000|0|10.34
兰剑智能|688557|-19.46|4012484|79638608.00|-5.50|-5.50|-20.02|18.75|22.00|22.00|18.62|4.01|23.28|1327410|31087054.00|1|0.0000|0.0000|0.0000|0|23.28
国盛智科|688558|-16.74|2293329|47996580.00|-7.95|-6.28|-19.25|19.90|22.00|22.40|19.30|2.29|23.90|1560980|37942124.00|1|0.0000|0.0000|0.0000|0|23.90
海目星|688559|-19.16|8825145|234869632.00|-7.09|-4.63|-20.00|24.98|28.71|29.47|24.72|8.83|30.90|2984566|92734608.00|1|0.0000|0.0000|0.0000|0|30.90
明冠新材|688560|-18.77|5813123|71299320.00|-4.35|-4.21|-19.84|11.38|13.40|13.42|11.23|5.81|14.01|2941586|41218620.00|1|0.0000|0.0000|0.0000|0|14.01
奇安信|688561|-16.22|12686965|377303072.00|-5.37|-3.67|-19.44|28.10|31.74|32.31|27.02|12.69|33.54|3689078|124472392.00|1|0.0000|0.0000|0.0000|0|33.54
航天软件|688562|-15.55|5713787|78668720.00|-5.82|-4.16|-19.39|13.20|14.72|14.98|12.60|5.71|15.63|1935012|30418978.00|1|0.0000|0.0000|0.0000|0|15.63
航材股份|688563|-8.39|3627422|178196272.00|-3.13|-1.11|-11.79|47.70|50.44|51.49|45.93|3.63|52.07|1100692|57343484.00|1|0.0000|0.0000|0.0000|0|52.07
力源科技|688565|-14.66|3288548|20050618.00|-6.82|-5.95|-17.71|5.88|6.42|6.48|5.67|3.29|6.89|2149753|14730763.00|1|0.0000|0.0000|0.0000|0|6.89
吉贝尔|688566|-13.65|4650195|106250152.00|-3.34|-2.79|-16.95|21.70|24.29|24.43|20.87|4.65|25.13|2970107|74344976.00|1|0.0000|0.0000|0.0000|0|25.13
孚能科技|688567|-17.02|29509130|354873792.00|-9.45|-6.11|-19.42|11.41|12.45|12.91|11.08|29.51|13.75|14227421|196586688.00|1|0.0000|0.0000|0.0000|0|13.75
中科星图|688568|-12.65|13192809|640692480.00|-6.56|-3.79|-15.92|46.75|50.01|51.49|45.00|13.19|53.52|4166983|224383632.00|1|0.0000|0.0000|0.0000|0|53.52
铁科轨道|688569|-14.77|3576590|76315472.00|-6.96|-2.77|-17.62|20.32|22.18|23.18|19.64|3.58|23.84|3999085|93805880.00|1|0.0000|0.0000|0.0000|0|23.84
天玛智控|688570|-17.76|3218916|58062140.00|-4.16|-4.16|-19.41|16.99|19.80|19.80|16.65|3.22|20.66|863464|17839830.00|1|0.0000|0.0000|0.0000|0|20.66
杭华股份|688571|-14.29|8969561|58844172.00|-4.90|-4.63|-16.73|6.30|6.99|7.01|6.12|8.97|7.35|3784377|27972764.00|1|0.0000|0.0000|0.0000|0|7.35
信宇人|688573|-20.00|3144950|48178412.00|-11.65|-5.32|-20.00|14.28|15.77|16.90|14.28|3.14|17.85|1205482|21619138.00|1|0.0000|0.0000|0.0000|0|17.85
亚辉龙|688575|-12.05|10101032|153338992.00|-3.09|-2.00|-15.51|14.52|16.00|16.18|13.95|10.10|16.51|2940213|48687388.00|1|0.0000|0.0000|0.0000|0|16.51
西山科技|688576|-10.30|825367|51485364.00|-3.57|-2.99|-12.38|60.01|64.51|64.90|58.62|0.83|66.90|456034|30815652.00|1|0.0000|0.0000|0.0000|0|66.90
浙海德曼|688577|-15.93|2298457|117975480.00|-9.95|-3.50|-19.95|48.09|51.51|55.20|45.79|2.30|57.20|1533980|89656776.00|1|0.0000|0.0000|0.0000|0|57.20
艾力斯|688578|-6.48|10497417|885044544.00|-5.44|-1.75|-11.58|83.57|84.50|87.80|79.01|10.50|89.36|4420809|396407904.00|1|0.0000|0.0000|0.0000|0|89.36
山大地纬|688579|-16.86|11120123|99122176.00|-5.33|-5.33|-19.13|8.43|9.60|9.60|8.20|11.12|10.14|4159066|42305492.00|1|0.0000|0.0000|0.0000|0|10.14
伟思医疗|688580|-15.18|9579765|367828864.00|-10.98|-9.42|-20.00|38.00|39.88|40.58|35.84|9.58|44.80|12568425|565846400.00|1|0.0000|0.0000|0.0000|0|44.80
安杰思|688581|-15.76|1522160|92586424.00|-7.04|-7.04|-19.62|58.79|64.88|64.88|56.10|1.52|69.79|990302|69944928.00|1|0.0000|0.0000|0.0000|0|69.79
芯动联科|688582|-16.56|10162560|561776448.00|-10.00|-6.15|-18.65|52.47|56.59|59.01|51.15|10.16|62.88|4516376|285056416.00|1|0.0000|0.0000|0.0000|0|62.88
思看科技|688583|-13.11|1870403|188097888.00|-6.73|-5.04|-16.30|96.88|104.00|105.88|93.33|1.87|111.50|1285438|141987456.00|1|0.0000|0.0000|0.0000|0|111.50
上海合晶|688584|-19.23|6202130|90390504.00|-5.55|-4.25|-20.00|13.69|16.01|16.23|13.56|6.20|16.95|1887208|32198450.00|1|0.0000|0.0000|0.0000|0|16.95
上纬新材|688585|-18.29|4201338|27440324.00|-7.89|-6.58|-19.47|6.21|7.00|7.10|6.12|4.20|7.60|2239496|17162832.00|1|0.0000|0.0000|0.0000|0|7.60
江航装备|688586|-10.75|18417883|168585264.00|-2.17|-1.03|-13.75|8.63|9.46|9.57|8.34|18.42|9.67|5673977|54967684.00|1|0.0000|0.0000|0.0000|0|9.67
凌志软件|688588|-19.21|10315554|116987488.00|-4.73|-4.73|-19.97|10.60|12.50|12.50|10.50|10.32|13.12|3763200|49653896.00|1|0.0000|0.0000|0.0000|0|13.12
力合微|688589|-18.63|7140544|175262640.00|-6.16|-5.46|-19.99|23.24|26.80|27.00|22.85|7.14|28.56|5411106|156734304.00|1|0.0000|0.0000|0.0000|0|28.56
新致软件|688590|-17.95|10500479|185700736.00|-10.02|-7.68|-19.99|16.87|18.50|18.98|16.45|10.50|20.56|7417380|154923104.00|1|0.0000|0.0000|0.0000|0|20.56
泰凌微|688591|-20.01|18384586|631528256.00|-10.50|-7.89|-20.01|32.54|36.41|37.47|32.54|18.38|40.68|16830035|707117312.00|1|0.0000|0.0000|0.0000|0|40.68
司南导航|688592|-11.75|1358245|50188160.00|-2.74|-2.74|-12.49|35.39|39.00|39.00|35.09|1.36|40.10|534261|21640874.00|1|0.0000|0.0000|0.0000|0|40.10
新相微|688593|-20.01|4858339|76575912.00|-12.05|-4.85|-20.01|14.67|16.13|17.45|14.67|4.86|18.34|2236530|41384300.00|1|0.0000|0.0000|0.0000|0|18.34
芯海科技|688595|-19.99|6965067|224630688.00|-13.55|-4.82|-19.99|29.70|32.09|35.33|29.70|6.97|37.12|2599233|97181208.00|1|0.0000|0.0000|0.0000|0|37.12
正帆科技|688596|-4.96|12398035|461835072.00|-6.40|0.44|-9.00|36.98|36.42|39.08|35.41|12.40|38.91|5948293|234470784.00|1|0.0000|0.0000|0.0000|0|38.91
煜邦电力|688597|-16.88|10807806|111057176.00|-5.31|-4.11|-18.59|9.70|11.05|11.19|9.50|10.81|11.67|6513552|75534456.00|1|0.0000|0.0000|0.0000|0|11.67
金博股份|688598|-14.20|13072123|304577696.00|-8.91|-4.19|-19.94|22.72|24.12|25.37|21.20|13.07|26.48|5671084|151909296.00|1|0.0000|0.0000|0.0000|0|26.48
天合光能|688599|-17.72|49120211|677688704.00|-6.55|-6.55|-20.02|13.19|14.98|14.98|12.82|49.12|16.03|25965216|420783360.00|1|0.0000|0.0000|0.0000|0|16.03
皖仪科技|688600|-11.82|3306499|52246236.00|-3.78|-0.95|-13.89|14.92|16.28|16.76|14.57|3.31|16.92|1522971|25442790.00|1|0.0000|0.0000|0.0000|0|16.92
力芯微|688601|-17.02|4562925|158631952.00|-6.71|-5.77|-19.34|32.91|37.00|37.37|31.99|4.56|39.66|1862869|74393952.00|1|0.0000|0.0000|0.0000|0|39.66
康鹏科技|688602|-16.20|6478950|39153948.00|-3.09|-3.09|-18.56|5.69|6.58|6.58|5.53|6.48|6.79|2240772|15212453.00|1|0.0000|0.0000|0.0000|0|6.79
天承科技|688603|-20.00|1562993|95283280.00|-7.03|-4.83|-20.00|56.79|66.00|67.56|56.79|1.56|70.99|658529|46455660.00|1|0.0000|0.0000|0.0000|0|70.99
先锋精科|688605|-16.50|4843212|327295008.00|-3.76|-1.55|-18.79|62.00|71.46|73.10|60.30|4.84|74.25|2127714|158790720.00|1|0.0000|0.0000|0.0000|0|74.25
奥泰生物|688606|-14.97|1131071|75542880.00|-8.18|-4.99|-16.77|63.90|69.00|71.40|62.55|1.13|75.15|666758|50521208.00|1|0.0000|0.0000|0.0000|0|75.15
康众医疗|688607|-17.13|3545593|56897152.00|-2.97|-1.96|-18.14|14.80|17.33|17.51|14.62|3.55|17.86|1843018|32455632.00|1|0.0000|0.0000|0.0000|0|17.86
恒玄科技|688608|-12.58|4324776|1410843648.00|-11.47|-6.47|-15.71|319.49|323.52|341.80|308.03|4.32|365.45|2595531|962742848.00|1|0.0000|0.0000|0.0000|0|365.45
九联科技|688609|-18.90|21782098|189064784.00|-4.50|-4.50|-20.00|8.11|9.55|9.55|8.00|21.78|10.00|6610666|66303384.00|1|0.0000|0.0000|0.0000|0|10.00
埃科光电|688610|-15.94|659102|21540626.00|-8.74|-4.74|-17.19|30.86|33.50|34.97|30.40|0.66|36.71|264880|9722815.00|1|0.0000|0.0000|0.0000|0|36.71
杭州柯林|688611|-16.87|3275087|130170104.00|-8.80|-5.78|-18.20|37.40|41.03|42.39|36.80|3.28|44.99|2276022|105370960.00|1|0.0000|0.0000|0.0000|0|44.99
威迈斯|688612|-14.27|5529487|126423880.00|-6.65|-2.84|-18.32|22.04|24.00|24.98|21.00|5.53|25.71|2183952|56506968.00|1|0.0000|0.0000|0.0000|0|25.71
奥精医疗|688613|-16.08|3122794|44287580.00|-5.30|-3.49|-17.71|13.46|15.19|15.48|13.20|3.12|16.04|937781|15115710.00|1|0.0000|0.0000|0.0000|0|16.04
合合信息|688615|-14.55|1507173|288208480.00|-6.27|-4.57|-17.23|185.01|202.94|206.62|179.20|1.51|216.51|1156759|252094800.00|1|0.0000|0.0000|0.0000|0|216.51
西力科技|688616|-13.34|3339937|33965216.00|-3.71|-3.71|-15.99|9.81|10.90|10.90|9.51|3.34|11.32|1637928|18522992.00|1|0.0000|0.0000|0.0000|0|11.32
惠泰医疗|688617|-2.89|1428792|585246016.00|-2.87|2.45|-7.79|402.92|403.00|425.05|382.59|1.43|414.90|486792|201013872.00|1|0.0000|0.0000|0.0000|0|414.90
三旺通信|688618|-19.94|2803374|54618896.00|-6.63|-5.04|-19.98|18.11|21.12|21.48|18.10|2.80|22.62|2651857|61251292.00|1|0.0000|0.0000|0.0000|0|22.62
罗普特|688619|-17.35|3613380|28064688.00|-4.45|-4.45|-18.95|7.24|8.37|8.37|7.10|3.61|8.76|1309630|11376509.00|1|0.0000|0.0000|0.0000|0|8.76
安凯微|688620|-19.92|17648357|198274352.00|-9.28|-4.94|-20.00|10.53|11.93|12.50|10.52|17.65|13.15|16247504|217442448.00|1|0.0000|0.0000|0.0000|0|13.15
阳光诺和|688621|-20.00|6359518|254163744.00|-4.34|-4.34|-20.00|37.05|44.30|44.30|37.05|6.36|46.31|4869435|226378640.00|1|0.0000|0.0000|0.0000|0|46.31
禾信仪器|688622|-20.00|1769064|147987088.00|-5.66|-5.66|-20.00|78.02|92.00|92.00|78.02|1.77|97.52|683899|66957356.00|1|0.0000|0.0000|0.0000|0|97.52
双元科技|688623|-7.93|1057286|59197160.00|-2.75|-2.62|-13.05|55.59|58.72|58.80|52.50|1.06|60.38|908192|54191384.00|1|0.0000|0.0000|0.0000|0|60.38
呈和科技|688625|5.46|5685137|254828896.00|7.82|19.38|2.36|43.27|44.24|48.98|42.00|5.69|41.03|1610549|66106588.00|1|0.0000|0.0000|0.0000|0|41.03
翔宇医疗|688626|-19.98|3260772|110860880.00|-8.87|-7.50|-20.01|31.59|35.98|36.52|31.58|3.26|39.48|4168495|169571360.00|1|0.0000|0.0000|0.0000|0|39.48
精智达|688627|-10.06|1625695|106401528.00|-6.62|-4.68|-18.99|65.50|68.01|69.42|59.00|1.63|72.83|736488|54583700.00|1|0.0000|0.0000|0.0000|0|72.83
优利德|688628|-9.75|1888820|63463220.00|-9.89|-3.12|-11.89|32.95|32.90|35.37|32.17|1.89|36.51|3299599|122986744.00|1|0.0000|0.0000|0.0000|0|36.51
华丰科技|688629|-16.83|17986564|781627456.00|-7.96|-4.81|-20.00|41.46|45.88|47.45|39.88|17.99|49.85|8853825|444790496.00|1|0.0000|0.0000|0.0000|0|49.85
芯碁微装|688630|-20.01|9130032|566178752.00|-13.44|-8.35|-20.01|58.22|63.00|66.70|58.22|9.13|72.78|9541445|703111488.00|1|0.0000|0.0000|0.0000|0|72.78
莱斯信息|688631|-20.00|4201182|317212288.00|-6.26|-6.10|-20.00|70.41|82.50|82.64|70.41|4.20|88.01|1493426|132388024.00|1|0.0000|0.0000|0.0000|0|88.01
星球石墨|688633|-18.39|2056776|48372252.00|-2.37|-2.37|-19.63|21.70|25.96|25.96|21.37|2.06|26.59|845590|22456894.00|1|0.0000|0.0000|0.0000|0|26.59
智明达|688636|-6.00|4720027|181600768.00|1.27|1.27|-10.06|37.11|39.98|39.98|35.51|4.72|39.48|4037193|160524016.00|1|0.0000|0.0000|0.0000|0|39.48
誉辰智能|688638|-13.30|355023|9559913.00|-3.64|-3.64|-13.94|25.69|28.55|28.55|25.50|0.36|29.63|116011|3445234.75|1|0.0000|0.0000|0.0000|0|29.63
华恒生物|688639|-12.88|5828528|164869296.00|-5.37|-2.13|-16.12|26.59|28.88|29.87|25.60|5.83|30.52|2195681|66587004.00|1|0.0000|0.0000|0.0000|0|30.52
ST逸飞|688646|-19.91|4750472|155541888.00|-10.92|-8.64|-20.01|31.62|35.17|36.07|31.58|4.75|39.48|2637734|106970936.00|1|0.0000|0.0000|0.0000|0|39.48
中邮科技|688648|-13.84|2630477|54496716.00|-4.74|-4.74|-19.48|20.35|22.50|22.50|19.02|2.63|23.62|708811|16648035.00|1|0.0000|0.0000|0.0000|0|23.62
盛邦安全|688651|-16.55|1874189|58456368.00|-8.81|-7.24|-20.01|30.20|33.00|33.57|28.95|1.87|36.19|931310|33893516.00|1|0.0000|0.0000|0.0000|0|36.19
京仪装备|688652|-11.23|2391917|144306032.00|-7.21|-1.02|-14.04|57.40|60.00|64.00|55.58|2.39|64.66|1554108|100162496.00|1|0.0000|0.0000|0.0000|0|64.66
康希通信|688653|-19.63|7315192|78993616.00|-8.57|-5.21|-19.87|10.03|11.41|11.83|10.00|7.32|12.48|2751580|34629440.00|1|0.0000|0.0000|0.0000|0|12.48
迅捷兴|688655|6.54|10451480|149073968.00|3.20|11.08|0.59|14.33|13.88|14.94|13.53|10.45|13.45|5423699|72996456.00|0|0.0000|0.0000|0.0000|0|13.45
浩欧博|688656|-20.00|1206654|101197744.00|-6.24|-2.39|-20.00|77.04|90.29|94.00|77.04|1.21|96.30|745804|72609176.00|1|0.0000|0.0000|0.0000|0|96.30
浩辰软件|688657|-19.41|1774693|70755472.00|-5.86|-5.08|-19.95|37.25|43.51|43.87|37.00|1.77|46.22|1427506|66162580.00|1|0.0000|0.0000|0.0000|0|46.22
悦康药业|688658|-16.72|18053583|235609776.00|-4.45|-3.10|-19.35|12.35|14.17|14.37|11.96|18.05|14.83|7464097|110721632.00|1|0.0000|0.0000|0.0000|0|14.83
元琛科技|688659|-18.52|4666948|29051062.00|-2.37|-2.37|-20.06|5.85|7.01|7.01|5.74|4.67|7.18|3392712|24511044.00|1|0.0000|0.0000|0.0000|0|7.18
电气风电|688660|-20.05|32686896|206843632.00|-10.36|-8.61|-20.05|5.94|6.66|6.79|5.94|32.69|7.43|12949210|96056536.00|1|0.0000|0.0000|0.0000|0|7.43
和林微纳|688661|-20.00|6916099|263172768.00|-10.42|-7.74|-20.00|35.55|39.81|41.00|35.55|6.92|44.44|7920079|370150464.00|1|0.0000|0.0000|0.0000|0|44.44
富信科技|688662|-19.99|2813135|92767168.00|-6.45|-6.30|-19.99|30.74|35.94|36.00|30.74|2.81|38.42|1447647|55515124.00|1|0.0000|0.0000|0.0000|0|38.42
新风光|688663|-14.58|5238576|115528128.00|-4.35|-4.35|-18.18|21.61|24.20|24.20|20.70|5.24|25.30|2624609|66490580.00|1|0.0000|0.0000|0.0000|0|25.30
四方光电|688665|-18.95|2126136|69487184.00|-6.57|-2.70|-19.99|30.36|35.00|36.45|29.97|2.13|37.46|1079628|40013420.00|1|0.0000|0.0000|0.0000|0|37.46
菱电电控|688667|-16.67|866177|39085176.00|-4.18|-3.23|-17.33|41.83|48.10|48.58|41.50|0.87|50.20|368893|18310634.00|1|0.0000|0.0000|0.0000|0|50.20
鼎通科技|688668|-20.00|6236249|234935072.00|-7.34|-5.31|-20.00|35.40|41.00|41.90|35.40|6.24|44.25|2926126|129329696.00|1|0.0000|0.0000|0.0000|0|44.25
聚石化学|688669|-20.01|5514618|80003056.00|-4.76|-2.89|-20.01|13.27|15.80|16.11|13.27|5.51|16.59|2990442|49678504.00|1|0.0000|0.0000|0.0000|0|16.59
金迪克|688670|-9.93|2859648|31709448.00|-5.54|-2.73|-12.16|10.89|11.42|11.76|10.62|2.86|12.09|1446038|17586376.00|1|0.0000|0.0000|0.0000|0|12.09
碧兴物联|688671|-19.61|1028074|16391987.00|-4.96|-4.96|-19.99|14.76|17.45|17.45|14.69|1.03|18.36|452957|8299031.50|1|0.0000|0.0000|0.0000|0|18.36
金盘科技|688676|-20.00|17705460|567729344.00|-10.85|-9.59|-20.00|30.52|34.01|34.49|30.52|17.71|38.15|13095860|508286656.00|1|0.0000|0.0000|0.0000|0|38.15
海泰新光|688677|-17.55|2586302|80058112.00|-9.28|-4.68|-19.99|29.40|32.35|33.99|28.53|2.59|35.66|2663947|96942832.00|1|0.0000|0.0000|0.0000|0|35.66
福立旺|688678|-20.02|10905115|206717440.00|-7.94|-6.75|-20.02|18.14|20.88|21.15|18.14|10.91|22.68|7830318|181441968.00|1|0.0000|0.0000|0.0000|0|22.68
通源环境|688679|-20.00|2166526|19734140.00|-6.45|-5.50|-20.00|8.44|9.87|9.97|8.44|2.17|10.55|1016942|10735787.00|1|0.0000|0.0000|0.0000|0|10.55
海优新材|688680|-19.99|2295994|78442856.00|-9.66|-4.40|-19.99|31.97|36.10|38.20|31.97|2.30|39.96|1806076|73580144.00|1|0.0000|0.0000|0.0000|0|39.96
科汇股份|688681|-13.33|3526801|39718804.00|-8.73|-3.49|-16.19|10.92|11.50|12.16|10.56|3.53|12.60|1328418|16766374.00|1|0.0000|0.0000|0.0000|0|12.60
霍莱沃|688682|-17.89|1464858|42036176.00|-5.95|-3.41|-19.98|26.76|30.65|31.48|26.08|1.46|32.59|751216|24557772.00|1|0.0000|0.0000|0.0000|0|32.59
莱尔科技|688683|-12.44|1729385|34171380.00|-5.24|-5.24|-17.49|19.22|20.80|20.80|18.11|1.73|21.95|611258|13564366.00|1|0.0000|0.0000|0.0000|0|21.95
迈信林|688685|-15.39|7026825|319947488.00|-7.44|-3.63|-18.88|43.88|48.00|49.98|42.07|7.03|51.86|2773893|145230768.00|1|0.0000|0.0000|0.0000|0|51.86
奥普特|688686|-19.35|2817739|193039664.00|-7.73|-6.54|-20.00|64.76|74.09|75.05|64.24|2.82|80.30|1408191|114329880.00|1|0.0000|0.0000|0.0000|0|80.30
凯因科技|688687|-11.07|10758710|269803520.00|-6.45|-2.97|-13.90|24.25|25.51|26.46|23.48|10.76|27.27|7980794|219149008.00|1|0.0000|0.0000|0.0000|0|27.27
银河微电|688689|-18.80|2391240|49024720.00|-5.00|-3.42|-20.00|19.00|22.23|22.60|18.72|2.39|23.40|1299555|30614756.00|1|0.0000|0.0000|0.0000|0|23.40
纳微科技|688690|-15.00|10602503|209380704.00|-4.21|0.05|-18.32|18.19|20.50|21.41|17.48|10.60|21.40|3286756|71065472.00|1|0.0000|0.0000|0.0000|0|21.40
灿芯股份|688691|-20.00|2160070|129448088.00|-9.78|-4.25|-20.00|55.96|63.11|66.98|55.96|2.16|69.95|964622|68074928.00|1|0.0000|0.0000|0.0000|0|69.95
达梦数据|688692|0.04|2054010|722131328.00|-4.04|7.33|-4.34|344.01|330.00|369.10|328.97|2.05|343.88|1410571|493332256.00|1|0.0000|0.0000|0.0000|0|343.88
锴威特|688693|-20.01|2900838|81461328.00|-6.32|-6.32|-20.01|26.47|31.00|31.00|26.47|2.90|33.09|1716896|57554048.00|1|0.0000|0.0000|0.0000|0|33.09
中创股份|688695|-17.88|1467672|38510104.00|-5.04|-4.51|-20.00|24.76|28.63|28.79|24.12|1.47|30.15|426789|12896971.00|1|0.0000|0.0000|0.0000|0|30.15
极米科技|688696|-9.86|1989868|229125520.00|-4.47|-4.47|-17.58|117.00|124.00|124.00|106.98|1.99|129.80|646888|83742104.00|1|0.0000|0.0000|0.0000|0|129.80
纽威数控|688697|-16.73|6691321|110183992.00|-8.73|-7.47|-19.94|15.83|17.35|17.59|15.22|6.69|19.01|4225934|81601520.00|1|0.0000|0.0000|0.0000|0|19.01
伟创电气|688698|-20.00|6043258|264237872.00|-7.30|-7.14|-20.00|41.12|47.65|47.73|41.12|6.04|51.40|2654656|138474368.00|1|0.0000|0.0000|0.0000|0|51.40
明微电子|688699|-18.67|1822064|53904236.00|-3.00|-3.00|-19.99|27.67|33.00|33.00|27.22|1.82|34.02|824501|28382330.00|1|0.0000|0.0000|0.0000|0|34.02
东威科技|688700|-19.99|8102854|258123920.00|-16.13|-5.45|-19.99|28.77|30.16|34.00|28.77|8.10|35.96|5511465|200265776.00|1|0.0000|0.0000|0.0000|0|35.96
卓锦股份|688701|-16.53|2965217|16152507.00|-2.76|-2.76|-19.61|5.15|6.00|6.00|4.96|2.97|6.17|1274725|7814656.50|1|0.0000|0.0000|0.0000|0|6.17
盛科通信|688702|-10.85|3170231|184840736.00|-8.43|-2.89|-13.94|56.46|57.99|61.50|54.50|3.17|63.33|1150111|73348712.00|1|0.0000|0.0000|0.0000|0|63.33
振华新材|688707|-15.19|10367091|107524264.00|-5.75|-5.49|-17.68|9.88|10.98|11.01|9.59|10.37|11.65|4241798|49583844.00|1|0.0000|0.0000|0.0000|0|11.65
佳驰科技|688708|-15.30|4386940|227234320.00|-3.05|-0.66|-20.01|48.94|56.02|57.40|46.22|4.39|57.78|1884909|109346696.00|1|0.0000|0.0000|0.0000|0|57.78
成都华微|688709|-17.09|8185364|238260416.00|-8.18|-2.94|-19.67|27.36|30.30|32.03|26.51|8.19|33.00|2757952|90911792.00|1|0.0000|0.0000|0.0000|0|33.00
益诺思|688710|-15.99|2750685|92288832.00|-4.16|-3.56|-17.87|32.11|36.63|36.86|31.39|2.75|38.22|1542227|59589604.00|1|0.0000|0.0000|0.0000|0|38.22
宏微科技|688711|-19.88|7576123|105420176.00|-4.62|-4.62|-20.00|13.02|15.50|15.50|13.00|7.58|16.25|2221692|36447212.00|1|0.0000|0.0000|0.0000|0|16.25
中研股份|688716|-19.64|5285952|147664800.00|-10.02|-7.77|-20.00|26.48|29.65|30.39|26.36|5.29|32.95|1825010|60551492.00|1|0.0000|0.0000|0.0000|0|32.95
艾罗能源|688717|-19.54|5073337|227343360.00|-9.72|-7.65|-20.00|42.69|47.90|49.00|42.45|5.07|53.06|3187784|171441280.00|1|0.0000|0.0000|0.0000|0|53.06
唯赛勃|688718|-15.53|1619395|16394182.00|-2.82|-2.74|-16.15|9.57|11.01|11.02|9.50|1.62|11.33|680478|7740896.00|1|0.0000|0.0000|0.0000|0|11.33
爱科赛博|688719|-16.55|2669739|69941840.00|-6.27|-3.51|-18.51|24.75|27.80|28.62|24.17|2.67|29.66|1622759|48722256.00|1|0.0000|0.0000|0.0000|0|29.66
艾森股份|688720|-19.73|2053277|71274728.00|-3.96|-3.96|-20.00|32.27|38.61|38.61|32.16|2.05|40.20|838978|33789472.00|1|0.0000|0.0000|0.0000|0|40.20
龙图光罩|688721|-19.97|1817173|77733952.00|-8.88|-4.87|-20.01|39.76|45.27|47.26|39.74|1.82|49.68|650222|32647546.00|1|0.0000|0.0000|0.0000|0|49.68
同益中|688722|-10.98|12552763|192214880.00|-5.37|0.37|-13.11|14.60|15.52|16.46|14.25|12.55|16.40|5812211|94698664.00|1|0.0000|0.0000|0.0000|0|16.40
拉普拉斯|688726|-19.99|2251476|84523872.00|-5.68|-5.68|-19.99|34.78|41.00|41.00|34.78|2.25|43.47|1692561|74463232.00|1|0.0000|0.0000|0.0000|0|43.47
格科微|688728|-14.57|19150800|251940256.00|-6.31|-4.63|-18.80|12.72|13.95|14.20|12.09|19.15|14.89|6004583|89792400.00|1|0.0000|0.0000|0.0000|0|14.89
壹石通|688733|-18.26|3587333|55285732.00|-5.50|-5.28|-19.97|14.41|16.66|16.70|14.11|3.59|17.63|1637235|28764956.00|1|0.0000|0.0000|0.0000|0|17.63
中自科技|688737|-19.98|3233936|51122152.00|-6.57|-5.65|-19.98|14.74|17.21|17.38|14.74|3.23|18.42|1616537|29863686.00|1|0.0000|0.0000|0.0000|0|18.42
成大生物|688739|0.55|2627845|72363128.00|0.18|1.31|-0.36|27.58|27.48|27.79|27.33|2.63|27.43|2178816|59880868.00|0|0.0000|0.0000|0.0000|0|27.43
金天钛业|688750|-17.52|9432964|180589664.00|-3.79|-3.79|-19.51|17.84|20.81|20.81|17.41|9.43|21.63|5456113|118309208.00|1|0.0000|0.0000|0.0000|0|21.63
胜科纳米|688757|-18.53|10181538|223495808.00|-6.78|-6.62|-20.01|20.44|23.39|23.43|20.07|10.18|25.09|9377755|233956816.00|1|0.0000|0.0000|0.0000|0|25.09
赛分科技|688758|-18.01|6331720|98297296.00|-3.41|-2.39|-19.26|14.43|17.00|17.18|14.21|6.33|17.60|4343902|75792440.00|1|0.0000|0.0000|0.0000|0|17.60
普冉股份|688766|-15.33|5605688|507585792.00|-10.52|-5.41|-18.04|87.06|92.00|97.26|84.27|5.61|102.82|3468853|360723520.00|1|0.0000|0.0000|0.0000|0|102.82
博拓生物|688767|-16.02|1654743|56781072.00|-4.90|-2.66|-17.90|32.23|36.50|37.36|31.51|1.65|38.38|651870|25045212.00|1|0.0000|0.0000|0.0000|0|38.38
容知日新|688768|-14.74|1717445|80971056.00|-4.59|-3.76|-14.93|45.10|50.47|50.91|45.00|1.72|52.90|821734|43554144.00|1|0.0000|0.0000|0.0000|0|52.90
珠海冠宇|688772|-19.93|27426557|351247488.00|-8.78|-6.07|-20.00|12.13|13.82|14.23|12.12|27.43|15.15|20573820|319767552.00|1|0.0000|0.0000|0.0000|0|15.15
国光电气|688776|-20.00|6217644|493885344.00|-11.71|-7.00|-20.00|74.03|81.70|86.06|74.03|6.22|92.54|5189089|497665184.00|1|0.0000|0.0000|0.0000|0|92.54
中控技术|688777|-14.80|25509415|1175778560.00|-6.70|-5.82|-18.86|44.63|48.87|49.33|42.50|25.51|52.38|8808626|465989440.00|1|0.0000|0.0000|0.0000|0|52.38
厦钨新能|688778|-15.31|5209215|221990864.00|-6.28|-5.44|-19.57|41.11|45.49|45.90|39.04|5.21|48.54|2382121|115279360.00|1|0.0000|0.0000|0.0000|0|48.54
五矿新能|688779|-15.08|39892661|179753648.00|-4.76|-3.37|-17.06|4.28|4.80|4.87|4.18|39.89|5.04|11203773|56643260.00|1|0.0000|0.0000|0.0000|0|5.04
悦安新材|688786|-16.34|2043468|46637660.00|-6.26|-5.95|-17.74|21.51|24.10|24.18|21.15|2.04|25.71|688009|17672042.00|1|0.0000|0.0000|0.0000|0|25.71
海天瑞声|688787|-20.00|2612074|206416016.00|-11.28|-6.72|-20.00|75.17|83.36|87.65|75.17|2.61|93.96|2119737|202636960.00|1|0.0000|0.0000|0.0000|0|93.96
科思科技|688788|-17.85|3543847|249304144.00|-8.30|-3.28|-20.00|65.40|73.00|77.00|63.69|3.54|79.61|1554243|124611248.00|1|0.0000|0.0000|0.0000|0|79.61
宏华数科|688789|-9.10|4489703|292560544.00|-7.19|-6.67|-11.42|65.14|66.51|66.88|63.48|4.49|71.66|6120251|445073568.00|1|0.0000|0.0000|0.0000|0|71.66
倍轻松|688793|-20.01|4560225|126411712.00|-6.22|-4.51|-20.01|26.10|30.60|31.16|26.10|4.56|32.63|2406580|78621856.00|1|0.0000|0.0000|0.0000|0|32.63
艾为电子|688798|-15.46|3842696|253101104.00|-7.27|-2.18|-19.38|61.99|68.00|71.73|59.12|3.84|73.33|2073069|151055744.00|1|0.0000|0.0000|0.0000|0|73.33
华纳药厂|688799|-16.40|3767508|135664544.00|-2.81|-2.81|-19.29|34.16|39.71|39.71|32.98|3.77|40.86|1123275|46043972.00|1|0.0000|0.0000|0.0000|0|40.86
瑞可达|688800|-20.00|7879845|311729600.00|-11.71|-6.16|-20.00|37.16|41.01|43.59|37.16|7.88|46.45|5552159|262263008.00|1|0.0000|0.0000|0.0000|0|46.45
天能股份|688819|-16.03|6181963|149001584.00|-3.76|-3.76|-18.55|23.00|26.36|26.36|22.31|6.18|27.39|1706407|46871912.00|1|0.0000|0.0000|0.0000|0|27.39
中芯国际|688981|-4.64|85368449|7116307968.00|-4.08|-1.37|-11.68|84.00|84.50|86.88|77.80|85.37|88.09|30277366|2662731008.00|1|0.0000|0.0000|0.0000|0|88.09
九号公司|689009|-15.41|18499622|1006334016.00|-8.71|-6.48|-19.70|53.29|57.51|58.92|50.59|18.50|63.00|18367190|1100406272.00|1|0.0000|0.0000|0.0000|0|63.00
安徽凤凰|920000|-27.03|3733249|68969464.00|-15.59|-4.80|-29.34|16.71|19.33|21.80|16.18|3.73|22.90|1307304|29870986.00|1|0.0000|0.0000|0.0000|0|22.90
纬达光电|920001|-27.21|5786322|103464504.00|-6.77|-6.77|-29.99|16.24|20.80|20.80|15.62|5.79|22.31|3565862|80268512.00|1|0.0000|0.0000|0.0000|0|22.31
万达轴承|920002|-22.63|1235974|186723088.00|-6.21|-4.53|-24.86|136.95|166.00|168.99|133.00|1.24|177.00|624750|111056840.00|1|0.0000|0.0000|0.0000|0|177.00
晟楠科技|920006|-13.01|6189655|159228688.00|-7.37|0.72|-16.91|24.08|25.64|27.88|23.00|6.19|27.68|3281093|88042456.00|1|0.0000|0.0000|0.0000|0|27.68
成电光信|920008|-19.82|3363853|116934912.00|-4.76|-3.78|-23.68|31.99|38.00|38.39|30.45|3.36|39.90|1785708|69932192.00|1|0.0000|0.0000|0.0000|0|39.90
凯添燃气|920010|-23.65|16258903|190824608.00|-8.76|-4.45|-26.28|10.46|12.50|13.09|10.10|16.26|13.70|12122942|165162144.00|1|0.0000|0.0000|0.0000|0|13.70
特瑞斯|920014|-17.98|2441728|26858024.00|-7.57|-4.73|-22.08|10.40|11.72|12.08|9.88|2.44|12.68|1112285|14001532.00|1|0.0000|0.0000|0.0000|0|12.68
中草香料|920016|-21.16|3473016|78162032.00|-5.33|-4.10|-23.34|20.57|24.70|25.02|20.00|3.47|26.09|3322874|87571624.00|1|0.0000|0.0000|0.0000|0|26.09
星昊医药|920017|-12.12|10570602|183875440.00|-6.72|-1.80|-14.24|16.60|17.62|18.55|16.20|10.57|18.89|12257530|235026912.00|1|0.0000|0.0000|0.0000|0|18.89
铜冠矿建|920019|-22.31|6200196|116713128.00|-8.65|-4.92|-29.09|17.52|20.60|21.44|15.99|6.20|22.55|2903618|64726820.00|1|0.0000|0.0000|0.0000|0|22.55
流金科技|920021|-20.00|19908398|111216488.00|-6.87|-6.41|-24.73|5.24|6.10|6.13|4.93|19.91|6.55|10226027|66636120.00|1|0.0000|0.0000|0.0000|0|6.55
田野股份|920023|0.91|47435057|269206368.00|-4.00|12.36|-7.27|5.55|5.28|6.18|5.10|47.44|5.50|12297814|67342848.00|1|0.0000|0.0000|0.0000|0|5.50
卓兆点胶|920026|-25.02|2513850|54384568.00|-8.76|-5.23|-29.83|19.78|24.07|25.00|18.51|2.51|26.38|833510|21938406.00|1|0.0000|0.0000|0.0000|0|26.38
开发科技|920029|-9.40|11915746|1043004800.00|-7.18|-1.25|-16.70|86.06|88.17|93.80|79.13|11.92|94.99|10772614|996179072.00|1|0.0000|0.0000|0.0000|0|94.99
德众汽车|920030|-17.61|8522362|52149068.00|-6.39|-6.39|-21.88|5.80|6.59|6.59|5.50|8.52|7.04|4490750|31492916.00|1|0.0000|0.0000|0.0000|0|7.04
康普化学|920033|-19.19|2513804|43319668.00|-6.00|-5.80|-26.52|16.30|18.96|19.00|14.82|2.51|20.17|1559995|31245922.00|1|0.0000|0.0000|0.0000|0|20.17
国义招标|920039|-18.00|2582798|21899236.00|-6.79|-4.32|-21.81|7.97|9.06|9.30|7.60|2.58|9.72|1592801|15359788.00|1|0.0000|0.0000|0.0000|0|9.72
亿能电力|920046|-21.16|5886994|83282952.00|-6.16|-5.14|-27.79|13.19|15.70|15.87|12.08|5.89|16.73|3504122|57871732.00|1|0.0000|0.0000|0.0000|0|16.73
诺思兰德|920047|-9.63|8522704|118800064.00|-6.42|0.80|-12.57|13.52|14.00|15.08|13.08|8.52|14.96|4688750|71686704.00|1|0.0000|0.0000|0.0000|0|14.96
百甲科技|920057|-15.66|4889817|27914862.00|-4.34|-4.34|-21.86|5.44|6.17|6.17|5.04|4.89|6.45|2848126|18214548.00|1|0.0000|0.0000|0.0000|0|6.45
华洋赛车|920058|-22.22|1324406|33855408.00|-8.30|-8.30|-27.00|23.91|28.19|28.19|22.44|1.32|30.74|790149|24452894.00|1|0.0000|0.0000|0.0000|0|30.74
万源通|920060|-24.04|5966081|168390384.00|-7.41|-7.41|-28.23|25.43|31.00|31.00|24.03|5.97|33.48|2284992|76061136.00|1|0.0000|0.0000|0.0000|0|33.48
西磁科技|920061|-5.71|9656006|383108896.00|4.74|11.97|-13.16|35.83|39.80|42.55|33.00|9.66|38.00|7386222|285013152.00|1|0.0000|0.0000|0.0000|0|38.00
科润智控|920062|-17.68|10633601|83187824.00|-7.29|-6.08|-23.20|7.45|8.39|8.50|6.95|10.63|9.05|5027218|44919568.00|1|0.0000|0.0000|0.0000|0|9.05
科拜尔|920066|-16.66|1075713|37905132.00|-8.87|-4.95|-23.64|34.02|37.20|38.80|31.17|1.08|40.82|477675|19446712.00|1|0.0000|0.0000|0.0000|0|40.82
柏星龙|920075|-26.24|3505244|80993568.00|-7.49|-6.27|-29.41|21.17|26.55|26.90|20.26|3.51|28.70|1300106|37366800.00|1|0.0000|0.0000|0.0000|0|28.70
吉林碳谷|920077|-15.94|9412181|100367160.00|-8.21|-3.78|-26.73|10.44|11.40|11.95|9.10|9.41|12.42|4026214|49926088.00|1|0.0000|0.0000|0.0000|0|12.42
方正阀门|920082|-21.05|6726757|107395208.00|-8.14|-7.09|-26.09|15.04|17.50|17.70|14.08|6.73|19.05|3757347|70912672.00|1|0.0000|0.0000|0.0000|0|19.05
秋乐种业|920087|29.98|36120459|561728000.00|9.15|29.98|8.22|16.91|14.20|16.91|14.08|36.12|13.01|12668703|162380448.00|1|0.0000|0.0000|0.0000|0|13.01
科力股份|920088|-21.63|2674388|60259220.00|-7.90|-5.67|-26.65|20.44|24.02|24.60|19.13|2.67|26.08|1117422|29006632.00|1|0.0000|0.0000|0.0000|0|26.08
禾昌聚合|920089|-19.79|6361774|82253392.00|-6.71|-6.64|-24.63|12.08|14.05|14.06|11.35|6.36|15.06|2489567|37198544.00|1|0.0000|0.0000|0.0000|0|15.06
同辉信息|920090|-22.15|11929013|63807528.00|-6.65|-6.65|-25.79|4.92|5.90|5.90|4.69|11.93|6.32|3217604|20375412.00|1|0.0000|0.0000|0.0000|0|6.32
汉鑫科技|920092|-23.12|1814930|62293940.00|-23.26|-6.95|-27.60|32.06|32.00|38.80|30.19|1.81|41.70|652544|27255082.00|1|0.0000|0.0000|0.0000|0|41.70
科隆新材|920098|-19.87|2854080|75147256.00|-9.03|-7.12|-25.47|24.76|28.11|28.70|23.03|2.85|30.90|882333|27449440.00|1|0.0000|0.0000|0.0000|0|30.90
瑞华技术|920099|-15.78|2625712|74905256.00|-5.46|-5.46|-19.09|27.17|30.50|30.50|26.10|2.63|32.26|1443782|46448428.00|1|0.0000|0.0000|0.0000|0|32.26
林泰新材|920106|-6.18|1130419|86875592.00|-5.59|-0.10|-14.17|76.52|77.00|81.48|70.00|1.13|81.56|681533|56516752.00|1|0.0000|0.0000|0.0000|0|81.56
宏海科技|920108|-20.12|3995193|83947984.00|-5.33|-1.64|-27.46|19.49|23.10|24.00|17.70|4.00|24.40|2643767|63845692.00|1|0.0000|0.0000|0.0000|0|24.40
雷特科技|920110|-26.18|1591514|47710280.00|-8.87|-7.36|-29.66|27.30|33.70|34.26|26.01|1.59|36.98|529881|19582874.00|1|0.0000|0.0000|0.0000|0|36.98
聚星科技|920111|-20.28|4631403|111024760.00|-7.94|-5.57|-26.53|22.60|26.10|26.77|20.83|4.63|28.35|1580572|44795188.00|1|0.0000|0.0000|0.0000|0|28.35
星图测控|920116|-16.93|5027943|391921984.00|-4.78|-4.78|-22.15|74.16|85.00|85.00|69.50|5.03|89.27|2602085|232399488.00|1|0.0000|0.0000|0.0000|0|89.27
太湖远大|920118|-20.79|1528354|38546068.00|-5.09|-5.09|-24.75|23.20|27.80|27.80|22.04|1.53|29.29|605669|17688010.00|1|0.0000|0.0000|0.0000|0|29.29
中纺标|920122|-22.72|1507499|61126596.00|-8.11|-5.77|-25.82|37.63|44.74|45.88|36.12|1.51|48.69|786241|38496956.00|1|0.0000|0.0000|0.0000|0|48.69
芭薇股份|920123|-7.37|6277444|110106136.00|-8.79|0.89|-16.53|17.60|17.33|19.17|15.86|6.28|19.00|6648233|125308128.00|1|0.0000|0.0000|0.0000|0|19.00
胜业电气|920128|-21.28|2452755|68372176.00|-10.07|-7.10|-29.25|26.27|30.01|31.00|23.61|2.45|33.37|860517|28681166.00|1|0.0000|0.0000|0.0000|0|33.37
立方控股|920130|-24.88|8207277|238508928.00|-12.79|-9.95|-29.79|26.96|31.30|32.32|25.20|8.21|35.89|6997870|250340976.00|1|0.0000|0.0000|0.0000|0|35.89
泰鹏智能|920132|-18.92|2988879|40499268.00|-6.41|-5.41|-27.53|12.90|14.89|15.05|11.53|2.99|15.91|2349060|36818000.00|1|0.0000|0.0000|0.0000|0|15.91
华岭股份|920139|-21.86|10720820|213597392.00|-9.20|-4.81|-29.54|18.52|21.52|22.56|16.70|10.72|23.70|3573930|84685168.00|1|0.0000|0.0000|0.0000|0|23.70
恒合股份|920145|-10.70|2217932|38578908.00|-6.16|-6.16|-23.81|17.70|18.60|18.60|15.10|2.22|19.82|1334080|26990194.00|1|0.0000|0.0000|0.0000|0|19.82
华阳变速|920146|-23.85|8624446|57753832.00|-10.81|-3.35|-25.71|6.13|7.18|7.78|5.98|8.62|8.05|3966237|31754358.00|1|0.0000|0.0000|0.0000|0|8.05
旭杰科技|920149|-18.30|4538800|48341340.00|-7.69|-5.43|-21.46|10.09|11.40|11.68|9.70|4.54|12.35|1680686|20429844.00|1|0.0000|0.0000|0.0000|0|12.35
昆工科技|920152|-20.10|3802383|66435500.00|-8.68|-2.23|-25.56|16.10|18.40|19.70|15.00|3.80|20.15|1282790|26012596.00|1|0.0000|0.0000|0.0000|0|20.15
方大新材|920163|-26.38|3166097|39303296.00|-13.78|-7.22|-29.75|11.11|13.01|14.00|10.60|3.17|15.09|2816041|41998984.00|1|0.0000|0.0000|0.0000|0|15.09
同享科技|920167|-23.97|3594416|63247792.00|-5.44|-5.44|-27.23|16.08|20.00|20.00|15.39|3.59|21.15|1955524|40899580.00|1|0.0000|0.0000|0.0000|0|21.15
七丰精工|920169|-25.03|4152208|53954920.00|-6.35|-6.29|-29.06|11.92|14.89|14.90|11.28|4.15|15.90|2195008|34602196.00|1|0.0000|0.0000|0.0000|0|15.90
志晟信息|920171|-0.21|11479308|306237984.00|-6.52|1.78|-17.36|28.00|26.23|28.56|23.19|11.48|28.06|6659971|187493152.00|1|0.0000|0.0000|0.0000|0|28.06
五新隧装|920174|-14.23|3008935|80995568.00|-4.57|-4.17|-15.81|25.50|28.37|28.49|25.03|3.01|29.73|2354026|70631072.00|1|0.0000|0.0000|0.0000|0|29.73
东方碳素|920175|-8.32|7474152|77789760.00|-7.02|8.13|-13.12|9.92|10.06|11.70|9.40|7.47|10.82|2645226|28284300.00|1|0.0000|0.0000|0.0000|0|10.82
凯德石英|920179|-16.81|3639356|97627312.00|-9.66|-3.75|-20.62|25.05|27.20|28.98|23.90|3.64|30.11|2040402|61890012.00|1|0.0000|0.0000|0.0000|0|30.11
国源科技|920184|-21.78|4618853|55366856.00|-4.46|-4.46|-25.74|10.88|13.29|13.29|10.33|4.62|13.91|1703210|23645426.00|1|0.0000|0.0000|0.0000|0|13.91
贝特瑞|920185|-20.81|10858077|199860976.00|-6.27|-6.27|-23.87|17.05|20.18|20.18|16.39|10.86|21.53|3048043|65703968.00|1|0.0000|0.0000|0.0000|0|21.53
雷神科技|920190|-25.20|6974485|175503744.00|-9.66|-8.29|-27.71|23.00|27.78|28.20|22.23|6.97|30.75|5895308|183302912.00|1|0.0000|0.0000|0.0000|0|30.75
三祥科技|920195|-21.71|4475323|56417932.00|-7.26|-5.98|-24.87|11.65|13.80|13.99|11.18|4.48|14.88|4088308|60388860.00|1|0.0000|0.0000|0.0000|0|14.88
微创光电|920198|-24.01|5903371|62142748.00|-6.55|-6.55|-29.93|9.75|11.99|11.99|8.99|5.90|12.83|2077979|26602544.00|1|0.0000|0.0000|0.0000|0|12.83
倍益康|920199|-27.59|5474305|125661152.00|-15.52|-14.03|-29.72|21.00|24.50|24.93|20.38|5.47|29.00|6598381|198448512.00|1|0.0000|0.0000|0.0000|0|29.00
沪江材料|920204|-25.06|3416452|55600732.00|-11.57|-5.00|-28.80|14.83|17.50|18.80|14.09|3.42|19.79|1428953|27937548.00|1|0.0000|0.0000|0.0000|0|19.79
众诚科技|920207|-26.68|4749911|99605736.00|-7.87|-4.99|-29.52|19.10|24.00|24.75|18.36|4.75|26.05|1904131|49532936.00|1|0.0000|0.0000|0.0000|0|26.05
青矩技术|920208|-17.35|2322503|71685368.00|-7.70|-3.76|-20.75|29.20|32.61|34.00|28.00|2.32|35.33|946188|33290160.00|1|0.0000|0.0000|0.0000|0|35.33
智新电子|920212|-26.41|4909548|65680028.00|-8.88|-8.16|-28.81|12.26|15.18|15.30|11.86|4.91|16.66|4507984|75978944.00|1|0.0000|0.0000|0.0000|0|16.66
易实精密|920221|-22.54|4235346|65962812.00|-9.13|-8.65|-26.66|14.50|17.01|17.10|13.73|4.24|18.72|1890057|35136540.00|1|0.0000|0.0000|0.0000|0|18.72
荣亿精密|920223|-24.68|4886010|43701940.00|-16.57|-6.08|-27.35|8.18|9.06|10.20|7.89|4.89|10.86|1818067|19610074.00|1|0.0000|0.0000|0.0000|0|10.86
利通科技|920225|-19.31|6004289|83482488.00|-7.26|-6.06|-24.16|12.79|14.70|14.89|12.02|6.00|15.85|3586643|57080568.00|1|0.0000|0.0000|0.0000|0|15.85
美登科技|920227|-24.85|984604|47715064.00|-10.58|-6.52|-25.97|43.70|52.00|54.36|43.05|0.98|58.15|336149|19801102.00|1|0.0000|0.0000|0.0000|0|58.15
欧康医药|920230|-28.57|9920297|232899712.00|-14.21|-7.14|-29.46|20.00|24.02|26.00|19.75|9.92|28.00|12434682|350865184.00|1|0.0000|0.0000|0.0000|0|28.00
力佳科技|920237|-22.78|2095100|55090564.00|-9.16|-8.78|-27.46|24.44|28.75|28.87|22.96|2.10|31.65|1033041|32062792.00|1|0.0000|0.0000|0.0000|0|31.65
长虹能源|920239|-21.98|5169145|173876320.00|-8.02|-7.29|-27.02|31.70|37.37|37.67|29.65|5.17|40.63|2125290|86264912.00|1|0.0000|0.0000|0.0000|0|40.63
建邦科技|920242|-25.67|2453581|64130052.00|-8.19|-7.97|-28.12|23.97|29.61|29.68|23.18|2.45|32.25|1416739|45553300.00|1|0.0000|0.0000|0.0000|0|32.25
威博液压|920245|-27.53|2879483|79596360.00|-6.05|-6.05|-28.77|24.66|31.97|31.97|24.24|2.88|34.03|1417277|47500760.00|1|0.0000|0.0000|0.0000|0|34.03
华密新材|920247|-26.37|3123236|58569912.00|-11.82|-2.26|-28.89|16.95|20.30|22.50|16.37|3.12|23.02|1835206|42510060.00|1|0.0000|0.0000|0.0000|0|23.02
利尔达|920249|-26.07|14865115|168889232.00|-8.86|-5.86|-29.29|10.35|12.76|13.18|9.90|14.87|14.00|5581160|78178128.00|1|0.0000|0.0000|0.0000|0|14.00
天宏锂电|920252|-25.16|4450466|62515988.00|-6.02|-6.02|-27.29|12.67|15.91|15.91|12.31|4.45|16.93|1525498|25893740.00|1|0.0000|0.0000|0.0000|0|16.93
中寰股份|920260|-16.79|2385217|26052354.00|-7.31|-5.30|-21.29|10.36|11.54|11.79|9.80|2.39|12.45|1580969|19443762.00|1|0.0000|0.0000|0.0000|0|12.45
一诺威|920261|-16.68|5368113|55715704.00|-6.34|-5.00|-22.44|9.99|11.23|11.39|9.30|5.37|11.99|2265749|26925508.00|1|0.0000|0.0000|0.0000|0|11.99
太湖雪|920262|-22.70|1947781|39402708.00|-13.47|-6.26|-29.42|18.76|21.00|22.75|17.13|1.95|24.27|1118340|27073316.00|1|0.0000|0.0000|0.0000|0|24.27
中航泰达|920263|-24.77|6859756|73245984.00|-8.90|-8.28|-29.10|9.72|11.77|11.85|9.16|6.86|12.92|5357200|69151936.00|1|0.0000|0.0000|0.0000|0|12.92
生物谷|920266|-12.29|5303162|48325940.00|-4.60|-2.30|-18.78|8.78|9.55|9.78|8.13|5.30|10.01|3344852|33145100.00|1|0.0000|0.0000|0.0000|0|10.01
鑫汇科|920267|-23.91|1864085|40446060.00|-6.70|-4.99|-29.89|19.98|24.50|24.95|18.41|1.86|26.26|1188962|30067584.00|1|0.0000|0.0000|0.0000|0|26.26
天铭科技|920270|-22.06|3364684|49443160.00|-6.84|-4.13|-27.15|13.78|16.47|16.95|12.88|3.36|17.68|2285626|39630860.00|1|0.0000|0.0000|0.0000|0|17.68
邦德股份|920271|-23.50|3154818|45382436.00|-7.68|-5.96|-27.34|13.35|16.11|16.41|12.68|3.15|17.45|1466222|25257480.00|1|0.0000|0.0000|0.0000|0|17.45
一致魔芋|920273|1.51|6621707|258904016.00|-7.56|9.01|-7.76|39.09|35.60|41.98|35.52|6.62|38.51|4254771|167230400.00|1|0.0000|0.0000|0.0000|0|38.51
宏裕包材|920274|-13.71|2774629|32632704.00|-6.11|-3.20|-21.39|11.58|12.60|12.99|10.55|2.77|13.42|1491493|19621344.00|1|0.0000|0.0000|0.0000|0|13.42
驱动力|920275|6.23|23849389|266625312.00|-6.04|29.24|-7.38|11.08|9.80|13.48|9.66|23.85|10.43|15726808|156433184.00|1|0.0000|0.0000|0.0000|0|10.43
鹿得医疗|920278|-17.91|5307104|46419644.00|-9.45|-2.49|-24.08|8.25|9.10|9.80|7.63|5.31|10.05|4783787|47895024.00|1|0.0000|0.0000|0.0000|0|10.05
灵鸽科技|920284|-23.18|8545073|154277056.00|-10.39|-5.54|-28.44|16.64|19.41|20.46|15.50|8.55|21.66|6631265|143128688.00|1|0.0000|0.0000|0.0000|0|21.66
灿能电力|920299|-19.86|7085610|110364160.00|-8.84|-3.84|-27.53|14.41|16.39|17.29|13.03|7.09|17.98|6110164|107666488.00|1|0.0000|0.0000|0.0000|0|17.98
辰光医疗|920300|-1.66|13076910|229246208.00|-7.20|4.98|-14.45|17.76|16.76|18.96|15.45|13.08|18.06|10895313|204137248.00|1|0.0000|0.0000|0.0000|0|18.06
迪尔化工|920304|-21.59|14645735|192892096.00|-8.27|-5.05|-26.18|11.95|13.98|14.47|11.25|14.65|15.24|13562601|203493904.00|1|0.0000|0.0000|0.0000|0|15.24
*ST云创|920305|-25.09|6713250|158716544.00|-8.69|-7.71|-30.00|22.15|27.00|27.29|20.70|6.71|29.57|1936346|57712496.00|1|0.0000|0.0000|0.0000|0|29.57
恒太照明|920339|-15.71|2098091|20633114.00|-8.49|-3.20|-23.11|9.23|10.02|10.60|8.42|2.10|10.95|1325927|14211720.00|1|0.0000|0.0000|0.0000|0|10.95
三元基因|920344|-18.65|4899690|103303152.00|-8.89|-5.86|-24.18|19.85|22.23|22.97|18.50|4.90|24.40|4983249|126506176.00|1|0.0000|0.0000|0.0000|0|24.40
威贸电子|920346|-27.63|4022984|83746184.00|-11.11|-9.40|-29.98|19.09|23.45|23.90|18.47|4.02|26.38|1391894|37170312.00|1|0.0000|0.0000|0.0000|0|26.38
华光源海|920351|3.12|19981823|347191104.00|-2.70|13.62|-2.94|17.19|16.22|18.94|16.18|19.98|16.67|16322826|253155696.00|1|0.0000|0.0000|0.0000|0|16.67
雅葆轩|920357|-25.67|2361510|43136948.00|-8.48|-6.58|-26.35|16.39|20.18|20.60|16.24|2.36|22.05|1228538|27092506.00|1|0.0000|0.0000|0.0000|0|22.05
莱赛激光|920363|-25.79|6079190|95417960.00|-12.66|-4.86|-28.68|14.36|16.90|18.41|13.80|6.08|19.35|6566360|126730440.00|1|0.0000|0.0000|0.0000|0|19.35
新赣江|920367|-23.74|3957719|88331912.00|-6.79|-5.66|-26.34|20.21|24.70|25.00|19.52|3.96|26.50|3542049|93918904.00|1|0.0000|0.0000|0.0000|0|26.50
连城数控|920368|-22.87|6347263|160383040.00|-8.36|-6.79|-28.43|23.17|27.53|28.00|21.50|6.35|30.04|2307340|69409456.00|1|0.0000|0.0000|0.0000|0|30.04
新安洁|920370|-18.99|12876016|46297028.00|-4.33|-4.33|-24.28|3.37|3.98|3.98|3.15|12.88|4.16|6403124|26246512.00|1|0.0000|0.0000|0.0000|0|4.16
欧福蛋业|920371|29.97|38990588|466552192.00|-4.84|29.97|-4.84|12.88|9.43|12.88|9.43|38.99|9.91|10190812|96770184.00|1|0.0000|0.0000|0.0000|0|9.91
云里物里|920374|-27.94|3450821|89790344.00|-8.62|-6.86|-29.98|23.65|29.99|30.57|22.98|3.45|32.82|1021043|33482042.00|1|0.0000|0.0000|0.0000|0|32.82
派诺科技|920375|-27.24|6048486|114969320.00|-10.86|-9.66|-29.98|17.55|21.50|21.79|16.89|6.05|24.12|3227076|78199160.00|1|0.0000|0.0000|0.0000|0|24.12
泰德股份|920378|-25.11|7805358|87154440.00|-12.56|-4.93|-27.43|10.02|11.70|12.72|9.71|7.81|13.38|4644249|61538876.00|1|0.0000|0.0000|0.0000|0|13.38
佳合科技|920392|-22.45|1625831|28247708.00|-10.87|-7.74|-27.50|16.13|18.54|19.19|15.08|1.63|20.80|591918|12101282.00|1|0.0000|0.0000|0.0000|0|20.80
民士达|920394|3.44|15216874|487540384.00|20.17|20.17|-3.57|30.10|34.97|34.97|28.06|15.22|29.10|2864148|82801224.00|1|0.0000|0.0000|0.0000|0|29.10
朗鸿科技|920395|-19.91|3562318|52620596.00|-12.44|-7.42|-28.61|14.36|15.70|16.60|12.80|3.56|17.93|1233447|22264638.00|1|0.0000|0.0000|0.0000|0|17.93
常辅股份|920396|-12.96|10541792|326847360.00|-18.59|-4.23|-21.32|30.90|28.90|34.00|27.93|10.54|35.50|11134079|421650336.00|1|0.0000|0.0000|0.0000|0|35.50
硅烷科技|920402|-18.39|10296255|84915360.00|-6.34|-4.33|-20.93|7.72|8.86|9.05|7.48|10.30|9.46|4027605|37820832.00|1|0.0000|0.0000|0.0000|0|9.46
康农种业|920403|24.50|14010447|440729312.00|4.36|26.14|4.03|34.00|28.50|34.45|28.41|14.01|27.31|5453424|150767296.00|1|0.0000|0.0000|0.0000|0|27.31
海希通讯|920405|-25.98|4736031|78544176.00|-9.29|-4.70|-28.79|14.50|17.77|18.67|13.95|4.74|19.59|2454780|48182284.00|1|0.0000|0.0000|0.0000|0|19.59
驰诚股份|920407|-26.35|1949562|36319532.00|-4.51|-4.51|-28.25|16.66|21.60|21.60|16.23|1.95|22.62|852535|19441980.00|1|0.0000|0.0000|0.0000|0|22.62
欧普泰|920414|-19.58|3787341|41422960.00|-8.46|-4.46|-22.40|10.27|11.69|12.20|9.91|3.79|12.77|1545839|19715088.00|1|0.0000|0.0000|0.0000|0|12.77
恒拓开源|920415|-25.78|6276137|84365208.00|-9.48|-6.57|-28.27|12.21|14.89|15.37|11.80|6.28|16.45|2619692|42960880.00|1|0.0000|0.0000|0.0000|0|16.45
苏轴股份|920418|-22.01|7265068|217717568.00|-8.08|-7.58|-29.22|28.00|33.00|33.18|25.41|7.27|35.90|3570548|127843784.00|1|0.0000|0.0000|0.0000|0|35.90
路斯股份|920419|-12.87|4682902|75159896.00|-6.18|-0.51|-18.82|15.23|16.40|17.39|14.19|4.68|17.48|2446820|43031416.00|1|0.0000|0.0000|0.0000|0|17.48
润普食品|920422|-4.53|8280504|103881480.00|-5.56|6.35|-10.88|12.02|11.89|13.39|11.22|8.28|12.59|3473168|43463448.00|1|0.0000|0.0000|0.0000|0|12.59
乐创技术|920425|-25.16|3518865|75941432.00|-7.62|-6.46|-25.63|19.45|24.01|24.31|19.33|3.52|25.99|2360989|61157220.00|1|0.0000|0.0000|0.0000|0|25.99
华维设计|920427|-24.03|3886991|42965148.00|-8.56|-4.54|-27.08|10.21|12.29|12.83|9.80|3.89|13.44|2253070|30389540.00|1|0.0000|0.0000|0.0000|0|13.44
康比特|920429|-3.90|7242750|136560016.00|-6.34|6.86|-10.91|18.50|18.03|20.57|17.15|7.24|19.25|3026112|57412572.00|1|0.0000|0.0000|0.0000|0|19.25
大唐药业|920433|-15.01|13626780|95529584.00|-4.66|-1.16|-19.79|6.57|7.37|7.64|6.20|13.63|7.73|12750522|97489104.00|1|0.0000|0.0000|0.0000|0|7.73
大地电气|920436|-23.64|3285072|51228308.00|-10.05|-0.53|-28.19|14.44|17.01|18.81|13.58|3.29|18.91|1880311|35475260.00|1|0.0000|0.0000|0.0000|0|18.91
戈碧迦|920438|-18.91|5812204|92861992.00|-5.72|-4.69|-19.51|14.88|17.30|17.49|14.77|5.81|18.35|1952100|35649288.00|1|0.0000|0.0000|0.0000|0|18.35
龙竹科技|920445|-22.69|6705857|52848612.00|-6.17|-4.52|-23.90|7.02|8.52|8.67|6.91|6.71|9.08|3252372|29323862.00|1|0.0000|0.0000|0.0000|0|9.08
同心传动|920454|-24.40|4918161|58248820.00|-8.84|-6.10|-29.06|11.03|13.30|13.70|10.35|4.92|14.59|1815377|26463824.00|1|0.0000|0.0000|0.0000|0|14.59
汇隆活塞|920455|-21.62|3591493|31640550.00|-4.76|-4.76|-27.62|8.23|10.00|10.00|7.60|3.59|10.50|1757303|18362376.00|1|0.0000|0.0000|0.0000|0|10.50
富恒新材|920469|-24.24|7535348|86335224.00|-10.53|-6.35|-27.71|10.50|12.40|12.98|10.02|7.54|13.86|3037148|41895696.00|1|0.0000|0.0000|0.0000|0|13.86
美邦科技|920471|-24.23|4763810|65851848.00|-8.66|-6.79|-29.65|12.60|15.19|15.50|11.70|4.76|16.63|3611973|59351792.00|1|0.0000|0.0000|0.0000|0|16.63
三友科技|920475|-27.61|2903567|45670800.00|-5.01|-4.85|-29.93|14.03|18.41|18.44|13.58|2.90|19.38|872051|16818652.00|1|0.0000|0.0000|0.0000|0|19.38
海能技术|920476|-5.59|7186366|87069608.00|-4.01|1.97|-10.70|12.00|12.20|12.96|11.35|7.19|12.71|2142848|26820622.00|1|0.0000|0.0000|0.0000|0|12.71
峆一药业|920478|-16.41|5665382|121822360.00|-7.25|-4.86|-18.34|20.28|22.50|23.08|19.81|5.67|24.26|4852962|119115224.00|1|0.0000|0.0000|0.0000|0|24.26
佳先股份|920489|-8.67|14370880|316405024.00|-7.26|3.50|-17.04|20.64|20.96|23.39|18.75|14.37|22.60|8413320|190391968.00|1|0.0000|0.0000|0.0000|0|22.60
奥迪威|920491|-23.38|10018853|247525808.00|-10.12|-7.89|-27.63|23.10|27.10|27.77|21.82|10.02|30.15|4519255|136980272.00|1|0.0000|0.0000|0.0000|0|30.15
并行科技|920493|-22.86|4640715|620781248.00|-7.06|-5.22|-29.36|124.50|150.00|152.97|114.00|4.64|161.39|1930000|310577216.00|1|0.0000|0.0000|0.0000|0|161.39
许昌智能|920496|-22.76|9876288|96036896.00|-7.93|-5.88|-27.11|9.06|10.80|11.04|8.55|9.88|11.73|4121987|48126316.00|1|0.0000|0.0000|0.0000|0|11.73
博迅生物|920504|-14.88|2162698|42517060.00|-6.86|-4.83|-21.57|19.22|21.03|21.49|17.71|2.16|22.58|1516483|33843628.00|1|0.0000|0.0000|0.0000|0|22.58
九菱科技|920505|3.45|9620830|324213248.00|6.42|20.51|-2.39|32.08|33.00|37.37|30.27|9.62|31.01|7509125|223971360.00|1|0.0000|0.0000|0.0000|0|31.01
殷图网联|920508|-26.27|1817723|47939400.00|-6.35|-6.35|-29.99|24.39|30.98|30.98|23.16|1.82|33.08|961861|31674994.00|1|0.0000|0.0000|0.0000|0|33.08
同惠电子|920509|-7.73|17734907|491103072.00|-9.31|4.99|-18.35|26.25|25.80|29.87|23.23|17.73|28.45|16036212|478452736.00|1|0.0000|0.0000|0.0000|0|28.45
丰光精密|920510|-24.28|6600582|124421864.00|-11.70|-6.62|-28.39|17.15|20.00|21.15|16.22|6.60|22.65|5428285|121875904.00|1|0.0000|0.0000|0.0000|0|22.65
万德股份|920519|-17.79|3824836|40605924.00|-5.90|-5.66|-21.72|10.03|11.48|11.51|9.55|3.82|12.20|1670156|20050766.00|1|0.0000|0.0000|0.0000|0|12.20
纳科诺尔|920522|-20.60|5404519|262607648.00|-7.64|-5.86|-22.90|44.70|52.00|53.00|43.41|5.40|56.30|2286016|127833576.00|1|0.0000|0.0000|0.0000|0|56.30
德瑞锂电|920523|-20.88|4223499|91652856.00|-4.78|-4.78|-26.01|20.35|24.49|24.49|19.03|4.22|25.72|1360147|34993292.00|1|0.0000|0.0000|0.0000|0|25.72
凯华材料|920526|-22.26|2247499|53088152.00|-8.62|-4.20|-26.64|21.83|25.66|26.90|20.60|2.25|28.08|1158128|32881718.00|1|0.0000|0.0000|0.0000|0|28.08
夜光明|920527|-18.77|2457441|35185220.00|-6.86|-4.93|-22.98|13.50|15.48|15.80|12.80|2.46|16.62|1729733|28334254.00|1|0.0000|0.0000|0.0000|0|16.62
骏创科技|920533|-26.07|5135040|193214272.00|-8.23|-7.12|-29.49|34.60|42.95|43.47|33.00|5.14|46.80|2403030|113936992.00|1|0.0000|0.0000|0.0000|0|46.80
铁大科技|920541|-25.77|12526660|175983568.00|-10.06|-7.10|-29.38|12.76|15.46|15.97|12.14|12.53|17.19|15895912|265410384.00|1|0.0000|0.0000|0.0000|0|17.19
无锡晶海|920547|-19.27|3342677|61147780.00|-6.78|-6.78|-23.08|17.14|19.79|19.79|16.33|3.34|21.23|2535593|54499560.00|1|0.0000|0.0000|0.0000|0|21.23
凯腾精工|920553|-22.29|5744735|48963564.00|-9.45|-6.57|-25.67|7.81|9.10|9.39|7.47|5.74|10.05|3825422|37864456.00|1|0.0000|0.0000|0.0000|0|10.05
雅达股份|920556|-22.36|8567980|74101336.00|-6.74|-6.74|-26.66|7.95|9.55|9.55|7.51|8.57|10.24|3775072|38800812.00|1|0.0000|0.0000|0.0000|0|10.24
天润科技|920564|-25.44|3241982|57353312.00|-5.93|-5.93|-28.68|16.09|20.30|20.30|15.39|3.24|21.58|2142200|45769948.00|1|0.0000|0.0000|0.0000|0|21.58
梓橦宫|920566|-14.52|9767768|104463320.00|-5.48|-5.39|-18.67|10.30|11.39|11.40|9.80|9.77|12.05|7900889|94871032.00|1|0.0000|0.0000|0.0000|0|12.05
坤博精工|920570|-25.84|2679928|87544944.00|-9.77|-5.17|-29.29|29.67|36.10|37.94|28.29|2.68|40.01|1624587|65292388.00|1|0.0000|0.0000|0.0000|0|40.01
国航远洋|920571|-21.64|36209476|225243408.00|-8.46|-4.72|-25.38|5.65|6.60|6.87|5.38|36.21|7.21|38884630|279255584.00|1|0.0000|0.0000|0.0000|0|7.21
康乐卫士|920575|-12.86|3783377|57864508.00|-3.91|-2.28|-16.47|14.50|15.99|16.26|13.90|3.78|16.64|1599341|26499384.00|1|0.0000|0.0000|0.0000|0|16.64
天力复合|920576|-4.63|6404771|211473200.00|-7.69|6.62|-13.92|32.13|31.10|35.92|29.00|6.40|33.69|5768461|198233488.00|1|0.0000|0.0000|0.0000|0|33.69
巨能股份|920578|-25.76|3127155|71651392.00|-8.99|-8.65|-29.93|21.38|26.21|26.31|20.18|3.13|28.80|1134099|32898740.00|1|0.0000|0.0000|0.0000|0|28.80
机科股份|920579|-23.83|6395008|150938880.00|-7.79|-5.23|-29.03|21.70|26.27|27.00|20.22|6.40|28.49|4331197|122780776.00|1|0.0000|0.0000|0.0000|0|28.49
科创新材|920580|-20.49|2984236|31105594.00|-5.00|-4.92|-26.23|9.70|11.59|11.60|9.00|2.98|12.20|1571475|18918966.00|1|0.0000|0.0000|0.0000|0|12.20
华信永道|920592|-15.18|2503018|129932984.00|-7.63|-1.24|-25.76|50.50|55.00|58.80|44.20|2.50|59.54|1018765|61082828.00|1|0.0000|0.0000|0.0000|0|59.54
鼎智科技|920593|-21.69|5987098|231865888.00|-8.72|-8.72|-27.83|36.89|43.00|43.00|34.00|5.99|47.11|2712183|128949496.00|1|0.0000|0.0000|0.0000|0|47.11
同力股份|920599|-12.94|13148492|230664272.00|-5.11|-4.28|-15.13|16.69|18.19|18.35|16.27|13.15|19.17|6961478|131952568.00|1|0.0000|0.0000|0.0000|0|19.17
丰安股份|920608|-9.06|2618046|42179388.00|-4.27|-1.60|-16.24|15.96|16.80|17.27|14.70|2.62|17.55|1381318|23993030.00|1|0.0000|0.0000|0.0000|0|17.55
力王股份|920627|-24.64|3670303|80959024.00|-8.67|-5.63|-28.83|20.34|24.65|25.47|19.21|3.67|26.99|1858271|49943440.00|1|0.0000|0.0000|0.0000|0|26.99
新威凌|920634|-26.90|4353312|102226488.00|-7.45|-7.38|-29.71|21.01|26.60|26.62|20.20|4.35|28.74|4026897|114685816.00|1|0.0000|0.0000|0.0000|0|28.74
晨光电缆|920639|-20.75|21349303|159281632.00|-9.07|-9.07|-26.08|6.99|8.02|8.02|6.52|21.35|8.82|14824448|130639360.00|1|0.0000|0.0000|0.0000|0|8.82
富士达|920640|-20.68|5207900|120847352.00|-8.08|-6.41|-26.61|21.40|24.80|25.25|19.80|5.21|26.98|2618617|71056392.00|1|0.0000|0.0000|0.0000|0|26.98
格利尔|920641|-25.77|2619805|31546422.00|-7.31|-6.06|-27.86|10.66|13.31|13.49|10.36|2.62|14.36|1079249|15429549.00|1|0.0000|0.0000|0.0000|0|14.36
通易航天|920642|-18.15|4566580|49560792.00|-4.21|-2.03|-22.53|10.10|11.82|12.09|9.56|4.57|12.34|2016180|24574242.00|1|0.0000|0.0000|0.0000|0|12.34
天罡股份|920651|-19.75|2076253|51857016.00|-5.15|-5.15|-25.10|23.69|28.00|28.00|22.11|2.08|29.52|1146799|33513288.00|1|0.0000|0.0000|0.0000|0|29.52
海昇药业|920656|-12.56|7800575|176991424.00|-6.62|5.60|-19.27|20.60|22.00|24.88|19.02|7.80|23.56|7508313|177094064.00|1|0.0000|0.0000|0.0000|0|23.56
方盛股份|920662|-23.32|2780053|52683364.00|-6.44|-6.44|-27.98|17.62|21.50|21.50|16.55|2.78|22.98|1411798|32703582.00|1|0.0000|0.0000|0.0000|0|22.98
明阳科技|920663|-24.52|3362967|67412672.00|-11.85|-8.53|-29.36|18.41|21.50|22.31|17.23|3.36|24.39|1921530|47028104.00|1|0.0000|0.0000|0.0000|0|24.39
科强股份|920665|-17.01|2258501|26673608.00|-5.57|-5.57|-23.70|11.03|12.55|12.55|10.14|2.26|13.29|1617445|21235940.00|1|0.0000|0.0000|0.0000|0|13.29
数字人|920670|-24.75|5440389|76025680.00|-5.21|-4.97|-27.95|12.71|16.01|16.05|12.17|5.44|16.89|1608386|27240408.00|1|0.0000|0.0000|0.0000|0|16.89
秉扬科技|920675|-15.98|3247628|29816550.00|-5.80|-5.04|-20.36|8.83|9.90|9.98|8.37|3.25|10.51|1846069|19055014.00|1|0.0000|0.0000|0.0000|0|10.51
前进科技|920679|-20.49|1299675|21171856.00|-5.02|-5.02|-23.13|15.06|17.99|17.99|14.56|1.30|18.94|828579|15525442.00|1|0.0000|0.0000|0.0000|0|18.94
广道退|920680|-17.89|7117028|73694032.00|-5.77|-5.69|-26.55|9.96|11.43|11.44|8.91|7.12|12.13|5612248|66304748.00|1|0.0000|0.0000|0.0000|0|12.13
球冠电缆|920682|-21.49|19521716|217042864.00|-7.60|-6.52|-24.94|10.23|12.04|12.18|9.78|19.52|13.03|16405583|210963280.00|1|0.0000|0.0000|0.0000|0|13.03
新芝生物|920685|-13.23|4195597|51680652.00|-4.53|-3.51|-16.67|11.87|13.06|13.20|11.40|4.20|13.68|3332959|45762976.00|1|0.0000|0.0000|0.0000|0|13.68
克莱特|920689|-26.21|7979335|275688192.00|-10.32|-7.17|-29.17|31.47|38.25|39.59|30.21|7.98|42.65|6691758|295261568.00|1|0.0000|0.0000|0.0000|0|42.65
捷众科技|920690|-21.93|1958890|38885096.00|-11.64|-2.34|-23.42|18.37|20.79|22.98|18.02|1.96|23.53|647352|15185811.00|1|0.0000|0.0000|0.0000|0|23.53
阿为特|920693|-20.99|2544114|98668120.00|-6.18|-2.48|-26.06|35.65|42.33|44.00|33.36|2.54|45.12|1471590|66575408.00|1|0.0000|0.0000|0.0000|0|45.12
中裕科技|920694|-23.28|3103454|53158568.00|-7.90|-7.86|-27.64|15.82|18.99|19.00|14.92|3.10|20.62|1569080|32421752.00|1|0.0000|0.0000|0.0000|0|20.62
海达尔|920699|-20.12|1284469|51475268.00|-8.93|-7.11|-25.05|37.41|42.65|43.50|35.10|1.28|46.83|498422|23386520.00|1|0.0000|0.0000|0.0000|0|46.83
豪声电子|920701|-25.24|2846216|71139056.00|-7.35|-6.89|-28.57|22.90|28.38|28.52|21.88|2.85|30.63|1126826|34877280.00|1|0.0000|0.0000|0.0000|0|30.63
广厦环能|920703|-15.35|3135842|69817080.00|-4.21|-4.21|-22.95|21.50|24.33|24.33|19.57|3.14|25.40|1338098|33897168.00|1|0.0000|0.0000|0.0000|0|25.40
铁拓机械|920706|-23.78|3526990|51494884.00|-8.94|-5.16|-27.91|13.30|15.89|16.55|12.58|3.53|17.45|2717821|47580344.00|1|0.0000|0.0000|0.0000|0|17.45
瑞星股份|920717|-20.05|2804977|26955102.00|-5.15|-4.25|-25.47|8.85|10.50|10.60|8.25|2.80|11.07|2534782|27749858.00|1|0.0000|0.0000|0.0000|0|11.07
合肥高科|920718|-17.61|2583161|38370452.00|-4.39|-4.10|-23.17|14.08|16.34|16.39|13.13|2.58|17.09|936299|15898250.00|1|0.0000|0.0000|0.0000|0|17.09
宁新新材|920719|-13.52|7142062|71120816.00|-6.48|7.04|-17.59|9.34|10.10|11.56|8.90|7.14|10.80|2624340|27961770.00|1|0.0000|0.0000|0.0000|0|10.80
吉冈精密|920720|-24.01|5870624|90724200.00|-10.80|-8.02|-29.95|14.21|16.68|17.20|13.10|5.87|18.70|2213412|41914228.00|1|0.0000|0.0000|0.0000|0|18.70
惠丰钻石|920725|-25.58|3506781|93720632.00|-11.66|-4.57|-28.50|23.94|28.42|30.70|23.00|3.51|32.17|2385335|76318512.00|1|0.0000|0.0000|0.0000|0|32.17
朱老六|920726|-0.51|8671376|190587680.00|-3.93|10.51|-6.54|21.29|20.56|23.65|20.00|8.67|21.40|4003612|84781376.00|1|0.0000|0.0000|0.0000|0|21.40
永顺生物|920729|12.19|36270506|453875904.00|16.26|29.49|7.56|11.87|12.30|13.70|11.38|36.27|10.58|20196207|207864128.00|1|0.0000|0.0000|0.0000|0|10.58
德源药业|920735|-10.31|5524110|238399328.00|-5.84|-3.32|-14.98|42.20|44.30|45.49|40.00|5.52|47.05|5046458|242481392.00|1|0.0000|0.0000|0.0000|0|47.05
路桥信息|920748|-23.89|2066419|45164660.00|-12.04|-8.85|-27.46|20.04|23.16|24.00|19.10|2.07|26.33|1415539|37524144.00|1|0.0000|0.0000|0.0000|0|26.33
惠同新材|920751|-17.79|4257093|55481992.00|-7.69|-4.68|-21.54|12.29|13.80|14.25|11.73|4.26|14.95|2152009|31926466.00|1|0.0000|0.0000|0.0000|0|14.95
天纺标|920753|-22.98|2215601|55553832.00|-6.20|-3.85|-28.38|22.99|28.00|28.70|21.38|2.22|29.85|1542057|46284228.00|1|0.0000|0.0000|0.0000|0|29.85
美之高|920765|-26.76|2763523|48056820.00|-5.17|-5.17|-29.84|15.71|20.34|20.34|15.05|2.76|21.45|1022930|21769702.00|1|0.0000|0.0000|0.0000|0|21.45
拾比佰|920768|-19.06|4351575|34452284.00|-7.45|-5.81|-22.45|7.39|8.45|8.60|7.08|4.35|9.13|2221892|20114356.00|1|0.0000|0.0000|0.0000|0|9.13
艾能聚|920770|-26.67|8250651|116683960.00|-9.66|-6.78|-30.00|12.98|15.99|16.50|12.39|8.25|17.70|3567082|63000256.00|1|0.0000|0.0000|0.0000|0|17.70
武汉蓝电|920779|-18.47|2134164|98134736.00|-7.73|-5.68|-23.09|43.05|48.72|49.80|40.61|2.13|52.80|1247468|66069148.00|1|0.0000|0.0000|0.0000|0|52.80
瑞奇智造|920781|-14.68|12363622|129712104.00|-11.39|-3.21|-18.40|10.11|10.50|11.47|9.67|12.36|11.85|12425840|147355104.00|1|0.0000|0.0000|0.0000|0|11.85
骑士乳业|920786|4.46|40756393|395768992.00|-2.07|15.34|-3.26|9.60|9.00|10.60|8.89|40.76|9.19|19997680|181589584.00|1|0.0000|0.0000|0.0000|0|9.19
联迪信息|920790|-11.81|3820703|125811136.00|-7.21|-3.72|-24.01|33.17|34.90|36.21|28.58|3.82|37.61|3154073|117983512.00|1|0.0000|0.0000|0.0000|0|37.61
东和新材|920792|-18.72|5093204|49408760.00|-7.10|-6.83|-20.94|9.16|10.47|10.50|8.91|5.09|11.27|3000136|33296822.00|1|0.0000|0.0000|0.0000|0|11.27
艾融软件|920799|-15.08|7739758|377353056.00|-6.54|-4.56|-27.81|47.64|52.43|53.54|40.50|7.74|56.10|4325109|241208112.00|1|0.0000|0.0000|0.0000|0|56.10
保丽洁|920802|-21.03|1875901|32694220.00|-7.09|-5.67|-24.65|16.15|19.00|19.29|15.41|1.88|20.45|927186|18723196.00|1|0.0000|0.0000|0.0000|0|20.45
云星宇|920806|-17.54|8815370|111547144.00|-4.89|-4.83|-26.10|12.13|13.99|14.00|10.87|8.82|14.71|2670427|39038552.00|1|0.0000|0.0000|0.0000|0|14.71
奔朗新材|920807|-8.16|18347354|202943376.00|0.19|9.00|-15.49|9.90|10.80|11.75|9.11|18.35|10.78|9515523|101435816.00|1|0.0000|0.0000|0.0000|0|10.78
曙光数创|920808|-21.82|4345819|212589456.00|-9.60|-5.76|-25.90|46.01|53.20|55.46|43.61|4.35|58.85|1681587|99631624.00|1|0.0000|0.0000|0.0000|0|58.85
安达科技|920809|-19.12|14555521|70272128.00|-5.49|-5.31|-25.13|4.57|5.34|5.35|4.23|14.56|5.65|4116082|23142588.00|1|0.0000|0.0000|0.0000|0|5.65
春光智能|920810|-24.63|5035071|68961392.00|-11.14|-8.93|-27.14|12.58|14.83|15.20|12.16|5.04|16.69|3669850|62708128.00|1|0.0000|0.0000|0.0000|0|16.69
颖泰生物|920819|-3.50|29904532|110456568.00|-5.12|9.70|-10.51|3.58|3.52|4.07|3.32|29.90|3.71|12959101|47550704.00|1|0.0000|0.0000|0.0000|0|3.71
则成电子|920821|-27.96|4677363|135230080.00|-10.74|-7.04|-30.00|26.49|32.82|34.18|25.74|4.68|36.77|2189660|81925048.00|1|0.0000|0.0000|0.0000|0|36.77
盖世食品|920826|2.21|17564191|209797168.00|-5.34|8.31|-7.55|12.05|11.16|12.77|10.90|17.56|11.79|7988613|92163352.00|1|0.0000|0.0000|0.0000|0|11.79
齐鲁华信|920832|-14.55|5749709|38541692.00|-5.47|-4.94|-19.49|6.40|7.08|7.12|6.03|5.75|7.49|2447378|18284076.00|1|0.0000|0.0000|0.0000|0|7.49
美心翼申|920833|-23.44|8195600|139389808.00|-11.39|-9.09|-28.85|16.00|18.52|19.00|14.87|8.20|20.90|9643725|199820976.00|1|0.0000|0.0000|0.0000|0|20.90
三维装备|920834|-20.70|6869071|66987452.00|-7.25|-4.02|-27.07|9.08|10.62|10.99|8.35|6.87|11.45|7827160|87621440.00|1|0.0000|0.0000|0.0000|0|11.45
华原股份|920837|-23.15|6244263|84623816.00|-6.56|-5.10|-29.34|12.65|15.38|15.62|11.63|6.24|16.46|4046605|66527260.00|1|0.0000|0.0000|0.0000|0|16.46
万通液压|920839|-17.92|3377579|81089744.00|-7.23|-5.36|-22.27|22.81|25.78|26.30|21.60|3.38|27.79|2722324|73466576.00|1|0.0000|0.0000|0.0000|0|27.79
浙江大农|920855|-17.74|2953505|49941032.00|-3.92|-2.12|-19.33|15.53|18.14|18.48|15.23|2.95|18.88|1640543|31080456.00|1|0.0000|0.0000|0.0000|0|18.88
浩淼科技|920856|-25.85|4971746|84216104.00|-6.83|-5.85|-28.78|15.20|19.10|19.30|14.60|4.97|20.50|1920940|39606492.00|1|0.0000|0.0000|0.0000|0|20.50
泓禧科技|920857|-20.21|1368449|20040676.00|-6.27|-6.27|-23.84|13.62|16.00|16.00|13.00|1.37|17.07|335683|5763732.00|1|0.0000|0.0000|0.0000|0|17.07
绿亨科技|920866|7.39|20612377|195209184.00|2.39|16.95|-5.01|9.44|9.00|10.28|8.35|20.61|8.79|7076332|61905628.00|1|0.0000|0.0000|0.0000|0|8.79
恒进感应|920870|-26.52|6563674|100755272.00|-8.61|-7.61|-28.31|13.91|17.30|17.49|13.57|6.56|18.93|6390480|122837224.00|1|0.0000|0.0000|0.0000|0|18.93
派特尔|920871|-6.31|2930421|43600724.00|-5.21|-2.08|-16.11|15.30|15.48|15.99|13.70|2.93|16.33|1908249|30865836.00|1|0.0000|0.0000|0.0000|0|16.33
中设咨询|920873|-16.70|12862440|59990808.00|-8.16|-5.75|-24.30|4.49|4.95|5.08|4.08|12.86|5.39|8307036|43596580.00|1|0.0000|0.0000|0.0000|0|5.39
慧为智能|920876|-26.21|3259007|66179936.00|-8.66|-6.43|-29.98|18.58|23.00|23.56|17.63|3.26|25.18|1201278|30378304.00|1|0.0000|0.0000|0.0000|0|25.18
基康技术|920879|-15.19|3910640|64379948.00|-5.77|-3.16|-19.27|15.58|17.31|17.79|14.83|3.91|18.37|3637150|65908764.00|1|0.0000|0.0000|0.0000|0|18.37
星辰科技|920885|-25.64|6892890|86923408.00|-6.07|-6.00|-28.25|11.40|14.40|14.41|11.00|6.89|15.33|3102144|47346992.00|1|0.0000|0.0000|0.0000|0|15.33
广咨国际|920892|-8.07|2590408|34389412.00|-4.87|5.31|-8.79|12.65|13.09|14.49|12.55|2.59|13.76|876764|11935453.00|1|0.0000|0.0000|0.0000|0|13.76
花溪科技|920895|-10.14|2554309|37679084.00|-5.16|-0.06|-18.03|14.45|15.25|16.07|13.18|2.55|16.08|979053|15692015.00|1|0.0000|0.0000|0.0000|0|16.08
旺成科技|920896|-25.80|4166693|60319352.00|-7.26|-7.26|-29.37|13.49|16.86|16.86|12.84|4.17|18.18|1177680|21495756.00|1|0.0000|0.0000|0.0000|0|18.18
舜宇精工|920906|-25.50|3299589|65636968.00|-6.75|-6.75|-29.59|18.20|22.78|22.78|17.20|3.30|24.43|1428752|35145176.00|1|0.0000|0.0000|0.0000|0|24.43
远航精密|920914|-19.83|4296553|71260288.00|-6.30|-5.47|-21.03|15.40|18.00|18.16|15.17|4.30|19.21|2746496|51705792.00|1|0.0000|0.0000|0.0000|0|19.21
广脉科技|920924|-26.26|4714784|105488424.00|-10.49|-5.39|-29.56|20.11|24.41|25.80|19.21|4.71|27.27|2028995|54984452.00|1|0.0000|0.0000|0.0000|0|27.27
锦好医疗|920925|-16.57|4321936|52845272.00|-6.77|-6.70|-27.28|12.08|13.50|13.51|10.53|4.32|14.48|2924245|42350108.00|1|0.0000|0.0000|0.0000|0|14.48
鸿智科技|920926|-26.74|2262765|43758812.00|-9.93|-7.48|-28.90|17.34|21.32|21.90|16.83|2.26|23.67|901360|21359292.00|1|0.0000|0.0000|0.0000|0|23.67
无锡鼎邦|920931|-19.26|2119708|26148440.00|-4.53|-4.53|-27.27|11.40|13.48|13.48|10.27|2.12|14.12|1076188|14940712.00|1|0.0000|0.0000|0.0000|0|14.12
科达自控|920932|-24.14|4082523|93898232.00|-6.07|-6.07|-29.50|21.50|26.62|26.62|19.98|4.08|28.34|1639456|47184332.00|1|0.0000|0.0000|0.0000|0|28.34
恒立钻具|920942|-14.93|1884569|28982692.00|-6.65|-4.49|-20.58|14.59|16.01|16.38|13.62|1.88|17.15|889826|15216649.00|1|0.0000|0.0000|0.0000|0|17.15
优机股份|920943|-23.30|2702924|42203532.00|-10.12|-6.35|-26.00|14.25|16.70|17.40|13.75|2.70|18.58|1256860|23272034.00|1|0.0000|0.0000|0.0000|0|18.58
森萱医药|920946|-14.68|11907973|118680904.00|-6.56|-1.28|-20.24|9.36|10.25|10.83|8.75|11.91|10.97|10490304|112690688.00|1|0.0000|0.0000|0.0000|0|10.97
迅安科技|920950|-19.22|1359310|24453630.00|-9.96|-1.32|-25.17|17.11|19.07|20.90|15.85|1.36|21.18|490661|10377668.00|1|0.0000|0.0000|0.0000|0|21.18
国子软件|920953|-20.47|3422375|132987280.00|-8.17|-5.83|-27.67|36.99|42.71|43.80|33.64|3.42|46.51|1376393|63773576.00|1|0.0000|0.0000|0.0000|0|46.51
汉维科技|920957|-21.72|4201975|49997428.00|-8.00|-7.59|-29.72|11.35|13.34|13.40|10.19|4.20|14.50|3430680|48774536.00|1|0.0000|0.0000|0.0000|0|14.50
创远信科|920961|-23.61|7906231|117913432.00|-8.67|-5.51|-29.44|14.01|16.75|17.33|12.94|7.91|18.34|3526229|64139656.00|1|0.0000|0.0000|0.0000|0|18.34
润农节水|920964|-3.49|19047904|140618768.00|-3.36|7.11|-11.14|7.19|7.20|7.98|6.62|19.05|7.45|6755502|50338104.00|1|0.0000|0.0000|0.0000|0|7.45
大禹生物|920970|8.04|23175254|208813872.00|-2.56|25.46|-3.90|8.87|8.00|10.30|7.89|23.18|8.21|15032551|121635128.00|1|0.0000|0.0000|0.0000|0|8.21
天马新材|920971|-24.97|3826899|96394848.00|-9.43|-6.51|-26.96|22.60|27.28|28.16|22.00|3.83|30.12|2038643|62365268.00|1|0.0000|0.0000|0.0000|0|30.12
凯大催化|920974|-12.47|6004062|41334700.00|-5.38|-3.67|-14.57|6.67|7.21|7.34|6.51|6.00|7.62|2935631|22160280.00|1|0.0000|0.0000|0.0000|0|7.62
视声智能|920976|-24.38|2660606|53584860.00|-6.47|-6.43|-27.31|18.58|22.98|22.99|17.86|2.66|24.57|1093613|26780462.00|1|0.0000|0.0000|0.0000|0|24.57
开特股份|920978|-20.48|5561598|101095016.00|-7.25|-7.25|-24.62|17.12|19.97|19.97|16.23|5.56|21.53|1762998|38181404.00|1|0.0000|0.0000|0.0000|0|21.53
晶赛科技|920981|-22.41|4028604|123845552.00|-9.38|-5.22|-27.43|27.81|32.48|33.97|26.01|4.03|35.84|2454384|88471288.00|1|0.0000|0.0000|0.0000|0|35.84
锦波生物|920982|-4.36|1513699|434515488.00|-6.99|1.67|-8.99|286.90|279.00|304.99|273.00|1.51|299.98|1797833|582107136.00|1|0.0000|0.0000|0.0000|0|299.98
海泰新能|920985|-21.28|12323945|123678344.00|-6.90|-5.74|-27.93|9.47|11.20|11.34|8.67|12.32|12.03|4624059|55352088.00|1|0.0000|0.0000|0.0000|0|12.03
中科美菱|920992|-19.82|4541220|70183136.00|-4.60|-4.60|-22.07|14.28|16.99|16.99|13.88|4.54|17.81|2227893|39522840.00|1|0.0000|0.0000|0.0000|0|17.81
